ISO-10303-21;
HEADER;
FILE_DESCRIPTION (( 'STEP AP214' ),
    '1' );
FILE_NAME ('120mm wA.STEP',
    '2026-08-16T17:27:00',
    ( '' ),
    ( '' ),
    'SwSTEP 2.0',
    'SolidWorks 2025',
    '' );
FILE_SCHEMA (( 'AUTOMOTIVE_DESIGN' ));
ENDSEC;

DATA;
#1 = CARTESIAN_POINT ( 'NONE',  ( 7.804203982253969940, -38.72136878008539895, 3.000000000000000000 ) ) ;
#2 = CARTESIAN_POINT ( 'NONE',  ( 36.48983320230415472, -14.91616816974195991, -3.000000000000000000 ) ) ;
#3 = ORIENTED_EDGE ( 'NONE', *, *, #1780, .T. ) ;
#4 = EDGE_LOOP ( 'NONE', ( #328, #587 ) ) ;
#5 = LINE ( 'NONE', #2272, #1242 ) ;
#6 = EDGE_CURVE ( 'NONE', #2001, #631, #1753, .T. ) ;
#7 = ORIENTED_EDGE ( 'NONE', *, *, #741, .F. ) ;
#8 = CARTESIAN_POINT ( 'NONE',  ( -37.73824456428634733, -29.23738868650724854, -3.000000000000000000 ) ) ;
#9 = CYLINDRICAL_SURFACE ( 'NONE', #865, 2.499999999999998668 ) ;
#10 = ORIENTED_EDGE ( 'NONE', *, *, #885, .T. ) ;
#11 = AXIS2_PLACEMENT_3D ( 'NONE', #651, #2726, #665 ) ;
#12 = CARTESIAN_POINT ( 'NONE',  ( -44.18944362497725109, -18.06358414365019982, 3.000000000000000000 ) ) ;
#13 = DIRECTION ( 'NONE',  ( 1.000000000000000000, 0.000000000000000000, 0.000000000000000000 ) ) ;
#14 = VECTOR ( 'NONE', #2570, 1000.000000000000000 ) ;
#15 = ORIENTED_EDGE ( 'NONE', *, *, #2187, .T. ) ;
#16 = ORIENTED_EDGE ( 'NONE', *, *, #1948, .F. ) ;
#17 = VECTOR ( 'NONE', #2655, 1000.000000000000000 ) ;
#18 = ORIENTED_EDGE ( 'NONE', *, *, #1366, .F. ) ;
#19 = DIRECTION ( 'NONE',  ( 0.000000000000000000, 0.000000000000000000, -1.000000000000000000 ) ) ;
#20 = EDGE_CURVE ( 'NONE', #1018, #391, #2274, .T. ) ;
#21 = EDGE_CURVE ( 'NONE', #2471, #718, #2669, .T. ) ;
#22 = ORIENTED_EDGE ( 'NONE', *, *, #2288, .F. ) ;
#23 = VECTOR ( 'NONE', #1149, 1000.000000000000227 ) ;
#24 = ADVANCED_BREP_SHAPE_REPRESENTATION ( '120mm wA', ( #2614, #444 ), #1722 ) ;
#25 = CARTESIAN_POINT ( 'NONE',  ( 8.076818583829997067, -50.35637994895656533, 0.000000000000000000 ) ) ;
#26 = CARTESIAN_POINT ( 'NONE',  ( 0.000000000000000000, 36.50000000000000000, 3.000000000000000000 ) ) ;
#27 = AXIS2_PLACEMENT_3D ( 'NONE', #1938, #368, #1054 ) ;
#28 = DIRECTION ( 'NONE',  ( 1.000000000000000000, 0.000000000000000000, 0.000000000000000000 ) ) ;
#29 = DIRECTION ( 'NONE',  ( 0.000000000000000000, 0.000000000000000000, -1.000000000000000000 ) ) ;
#30 = CARTESIAN_POINT ( 'NONE',  ( 38.97114317029976149, 22.49999999999997158, 10.00100000000001010 ) ) ;
#31 = EDGE_CURVE ( 'NONE', #1109, #1398, #840, .T. ) ;
#32 = CARTESIAN_POINT ( 'NONE',  ( -35.06643716170890457, 11.80444766958290082, 12.50000000000000000 ) ) ;
#33 = EDGE_LOOP ( 'NONE', ( #1418, #2561, #1535, #2916 ) ) ;
#34 = VERTEX_POINT ( 'NONE', #1924 ) ;
#35 = ORIENTED_EDGE ( 'NONE', *, *, #1887, .F. ) ;
#36 = DIRECTION ( 'NONE',  ( 0.000000000000000000, 0.000000000000000000, 1.000000000000000000 ) ) ;
#37 = DIRECTION ( 'NONE',  ( 0.000000000000000000, 0.000000000000000000, -1.000000000000000000 ) ) ;
#38 = DIRECTION ( 'NONE',  ( -0.000000000000000000, -0.000000000000000000, -1.000000000000000000 ) ) ;
#39 = UNCERTAINTY_MEASURE_WITH_UNIT (LENGTH_MEASURE( 1.000000000000000082E-05 ), #2153, 'distance_accuracy_value', 'NONE');
#40 = EDGE_CURVE ( 'NONE', #845, #1563, #2516, .T. ) ;
#41 = ORIENTED_EDGE ( 'NONE', *, *, #2572, .T. ) ;
#42 = CARTESIAN_POINT ( 'NONE',  ( 33.70992723813180447, 18.25000000000034817, -3.000000000000000000 ) ) ;
#43 = AXIS2_PLACEMENT_3D ( 'NONE', #623, #1986, #2896 ) ;
#44 = EDGE_CURVE ( 'NONE', #2063, #2271, #619, .T. ) ;
#45 = DIRECTION ( 'NONE',  ( -1.000000000000000000, 0.000000000000000000, 0.000000000000000000 ) ) ;
#46 = CARTESIAN_POINT ( 'NONE',  ( -11.40533494713033846, 46.62529715447999479, 3.000000000000000000 ) ) ;
#47 = AXIS2_PLACEMENT_3D ( 'NONE', #1619, #1590, #2082 ) ;
#48 = ORIENTED_EDGE ( 'NONE', *, *, #54, .T. ) ;
#49 = DIRECTION ( 'NONE',  ( -1.000000000000000000, 0.000000000000000000, 0.000000000000000000 ) ) ;
#50 = DIRECTION ( 'NONE',  ( -1.000000000000000000, 0.000000000000000000, 0.000000000000000000 ) ) ;
#51 = EDGE_CURVE ( 'NONE', #927, #2528, #1699, .T. ) ;
#52 = EDGE_LOOP ( 'NONE', ( #1545, #684 ) ) ;
#53 = EDGE_LOOP ( 'NONE', ( #1201, #2727 ) ) ;
#54 = EDGE_CURVE ( 'NONE', #1336, #86, #2856, .T. ) ;
#55 = DIRECTION ( 'NONE',  ( 0.9908271772877492722, 0.1351351351351350594, 0.000000000000000000 ) ) ;
#56 = VERTEX_POINT ( 'NONE', #2672 ) ;
#57 = DIRECTION ( 'NONE',  ( -0.000000000000000000, -0.000000000000000000, -1.000000000000000000 ) ) ;
#58 = DIRECTION ( 'NONE',  ( 0.000000000000000000, 0.000000000000000000, -1.000000000000000000 ) ) ;
#59 = DIRECTION ( 'NONE',  ( 0.000000000000000000, 0.000000000000000000, -1.000000000000000000 ) ) ;
#60 = DIRECTION ( 'NONE',  ( 0.000000000000000000, 0.000000000000000000, 1.000000000000000000 ) ) ;
#61 = AXIS2_PLACEMENT_3D ( 'NONE', #2534, #2786, #489 ) ;
#62 = DIRECTION ( 'NONE',  ( 0.000000000000000000, 0.000000000000000000, -1.000000000000000000 ) ) ;
#63 = ORIENTED_EDGE ( 'NONE', *, *, #2212, .T. ) ;
#64 = CARTESIAN_POINT ( 'NONE',  ( 2.625560384890439783E-15, 6.422980715756109732E-15, 3.000000000000000000 ) ) ;
#65 = CARTESIAN_POINT ( 'NONE',  ( -39.57149498650275632, -32.17292004983325882, 0.000000000000000000 ) ) ;
#66 = EDGE_LOOP ( 'NONE', ( #1041, #788 ) ) ;
#67 = ORIENTED_EDGE ( 'NONE', *, *, #293, .F. ) ;
#68 = DIRECTION ( 'NONE',  ( -1.000000000000000000, 0.000000000000000000, 0.000000000000000000 ) ) ;
#69 = CIRCLE ( 'NONE', #167, 5.000000000000000888 ) ;
#70 = PRODUCT_DEFINITION_CONTEXT ( 'detailed design', #2039, 'design' ) ;
#71 = CIRCLE ( 'NONE', #869, 2.500000000000002220 ) ;
#72 = VECTOR ( 'NONE', #1561, 1000.000000000000000 ) ;
#73 = VERTEX_POINT ( 'NONE', #2919 ) ;
#74 = FACE_BOUND ( 'NONE', #476, .T. ) ;
#75 = CARTESIAN_POINT ( 'NONE',  ( 2.625560384890439783E-15, 6.422980715756109732E-15, 12.50000000000000000 ) ) ;
#76 = ADVANCED_FACE ( 'NONE', ( #1981 ), #1732, .F. ) ;
#77 = AXIS2_PLACEMENT_3D ( 'NONE', #233, #2714, #903 ) ;
#78 = LINE ( 'NONE', #2816, #538 ) ;
#79 = LINE ( 'NONE', #575, #547 ) ;
#80 = VERTEX_POINT ( 'NONE', #1477 ) ;
#81 = DIRECTION ( 'NONE',  ( 1.000000000000000000, 1.387778780781445873E-15, 0.000000000000000000 ) ) ;
#82 = CARTESIAN_POINT ( 'NONE',  ( 37.43579102398600611, 12.60204548509680045, -3.000000000000000000 ) ) ;
#83 = EDGE_LOOP ( 'NONE', ( #1769, #2735, #2746, #1169 ) ) ;
#84 = ORIENTED_EDGE ( 'NONE', *, *, #1701, .F. ) ;
#85 = DIRECTION ( 'NONE',  ( 1.000000000000000000, 0.000000000000000000, 0.000000000000000000 ) ) ;
#86 = VERTEX_POINT ( 'NONE', #1072 ) ;
#87 = CARTESIAN_POINT ( 'NONE',  ( 0.000000000000000000, 0.000000000000000000, 3.000000000000000000 ) ) ;
#88 = FACE_OUTER_BOUND ( 'NONE', #393, .T. ) ;
#89 = VERTEX_POINT ( 'NONE', #121 ) ;
#90 = DIRECTION ( 'NONE',  ( 0.000000000000000000, 0.000000000000000000, -1.000000000000000000 ) ) ;
#91 = ADVANCED_FACE ( 'NONE', ( #822 ), #136, .F. ) ;
#92 = DIRECTION ( 'NONE',  ( 0.000000000000000000, 0.000000000000000000, 1.000000000000000000 ) ) ;
#93 = DIRECTION ( 'NONE',  ( 1.000000000000000000, 0.000000000000000000, 0.000000000000000000 ) ) ;
#94 = CARTESIAN_POINT ( 'NONE',  ( 29.50992723813214980, -18.24999999999970157, 12.50000000000000000 ) ) ;
#95 = EDGE_LOOP ( 'NONE', ( #1191, #544, #836, #1977 ) ) ;
#96 = DIRECTION ( 'NONE',  ( -1.000000000000000000, 0.000000000000000000, 0.000000000000000000 ) ) ;
#97 = VECTOR ( 'NONE', #2131, 1000.000000000000000 ) ;
#98 = LINE ( 'NONE', #361, #2248 ) ;
#99 = ORIENTED_EDGE ( 'NONE', *, *, #2086, .T. ) ;
#100 = VECTOR ( 'NONE', #1828, 1000.000000000000000 ) ;
#101 = DIRECTION ( 'NONE',  ( -1.000000000000000000, 0.000000000000000000, 0.000000000000000000 ) ) ;
#102 = EDGE_LOOP ( 'NONE', ( #352, #2125, #1830, #948 ) ) ;
#103 = FACE_BOUND ( 'NONE', #481, .T. ) ;
#104 = EDGE_CURVE ( 'NONE', #2590, #1324, #1690, .T. ) ;
#105 = EDGE_CURVE ( 'NONE', #2063, #2618, #2379, .T. ) ;
#106 = DIRECTION ( 'NONE',  ( 0.000000000000000000, 0.000000000000000000, -1.000000000000000000 ) ) ;
#107 = CARTESIAN_POINT ( 'NONE',  ( 5.304203982253969940, -38.72136878008539895, -3.000000000000000000 ) ) ;
#108 = ORIENTED_EDGE ( 'NONE', *, *, #234, .T. ) ;
#109 = FACE_OUTER_BOUND ( 'NONE', #2826, .T. ) ;
#110 = LINE ( 'NONE', #981, #2800 ) ;
#111 = EDGE_CURVE ( 'NONE', #935, #2391, #2062, .T. ) ;
#112 = ORIENTED_EDGE ( 'NONE', *, *, #571, .F. ) ;
#113 = VECTOR ( 'NONE', #947, 1000.000000000000000 ) ;
#114 = VECTOR ( 'NONE', #1822, 1000.000000000000000 ) ;
#115 = ADVANCED_FACE ( 'NONE', ( #1037 ), #1256, .F. ) ;
#116 = CARTESIAN_POINT ( 'NONE',  ( 2.207341090538165308E-12, 0.000000000000000000, -3.000000000000000000 ) ) ;
#117 = STYLED_ITEM ( 'NONE', ( #2372 ), #2614 ) ;
#118 = ORIENTED_EDGE ( 'NONE', *, *, #2115, .T. ) ;
#119 = AXIS2_PLACEMENT_3D ( 'NONE', #2571, #1229, #2122 ) ;
#120 = EDGE_LOOP ( 'NONE', ( #1361, #1826, #270, #1550 ) ) ;
#121 = CARTESIAN_POINT ( 'NONE',  ( -7.310267021350310479, -36.27064923704229926, 3.000000000000000000 ) ) ;
#122 = EDGE_CURVE ( 'NONE', #2021, #1741, #1174, .T. ) ;
#123 = AXIS2_PLACEMENT_3D ( 'NONE', #2719, #1100, #1338 ) ;
#124 = CIRCLE ( 'NONE', #320, 5.000000000000000888 ) ;
#125 = DIRECTION ( 'NONE',  ( -1.000000000000000000, 0.000000000000000000, 0.000000000000000000 ) ) ;
#126 = ORIENTED_EDGE ( 'NONE', *, *, #888, .T. ) ;
#127 = DIRECTION ( 'NONE',  ( 0.000000000000000000, 0.000000000000000000, 1.000000000000000000 ) ) ;
#128 = CIRCLE ( 'NONE', #1825, 2.499999999999999556 ) ;
#129 = DIRECTION ( 'NONE',  ( 0.000000000000000000, 0.000000000000000000, 1.000000000000000000 ) ) ;
#130 = AXIS2_PLACEMENT_3D ( 'NONE', #598, #1514, #2417 ) ;
#131 = EDGE_CURVE ( 'NONE', #617, #1263, #2130, .T. ) ;
#132 = FACE_OUTER_BOUND ( 'NONE', #2753, .T. ) ;
#133 = ADVANCED_FACE ( 'NONE', ( #1715 ), #2393, .F. ) ;
#134 = ORIENTED_EDGE ( 'NONE', *, *, #497, .F. ) ;
#135 = DIRECTION ( 'NONE',  ( 1.000000000000000000, 0.000000000000000000, 0.000000000000000000 ) ) ;
#136 = PLANE ( 'NONE',  #883 ) ;
#137 = ORIENTED_EDGE ( 'NONE', *, *, #1122, .F. ) ;
#138 = EDGE_CURVE ( 'NONE', #1005, #1127, #383, .T. ) ;
#139 = CARTESIAN_POINT ( 'NONE',  ( -39.57149498650275632, -32.17292004983325882, -3.000000000000000000 ) ) ;
#140 = ORIENTED_EDGE ( 'NONE', *, *, #1675, .F. ) ;
#141 = DIRECTION ( 'NONE',  ( -0.7905139387236482795, -0.6124440486147481044, 0.000000000000000000 ) ) ;
#142 = CARTESIAN_POINT ( 'NONE',  ( -29.50992723813195084, -18.25000000000000000, -3.000000000000000000 ) ) ;
#143 = ORIENTED_EDGE ( 'NONE', *, *, #2326, .T. ) ;
#144 = CIRCLE ( 'NONE', #521, 2.499999999999999556 ) ;
#145 = DIRECTION ( 'NONE',  ( 0.000000000000000000, -1.000000000000000000, 0.000000000000000000 ) ) ;
#146 = EDGE_CURVE ( 'NONE', #2716, #1353, #609, .T. ) ;
#147 = CARTESIAN_POINT ( 'NONE',  ( 34.67602432121234557, 33.18995838012570232, 3.000000000000000000 ) ) ;
#148 = EDGE_CURVE ( 'NONE', #179, #1140, #2275, .T. ) ;
#149 = ORIENTED_EDGE ( 'NONE', *, *, #456, .T. ) ;
#150 = ORIENTED_EDGE ( 'NONE', *, *, #1253, .T. ) ;
#151 = DIRECTION ( 'NONE',  ( 1.000000000000000000, 3.469446951953611033E-15, 0.000000000000000000 ) ) ;
#152 = DIRECTION ( 'NONE',  ( -0.000000000000000000, -0.000000000000000000, -1.000000000000000000 ) ) ;
#153 = ADVANCED_FACE ( 'NONE', ( #1385 ), #260, .F. ) ;
#154 = DIRECTION ( 'NONE',  ( 0.000000000000000000, 0.000000000000000000, -1.000000000000000000 ) ) ;
#155 = ORIENTED_EDGE ( 'NONE', *, *, #232, .F. ) ;
#156 = AXIS2_PLACEMENT_3D ( 'NONE', #1813, #1151, #2044 ) ;
#157 = DIRECTION ( 'NONE',  ( 0.000000000000000000, 0.000000000000000000, -1.000000000000000000 ) ) ;
#158 = DIRECTION ( 'NONE',  ( 0.000000000000000000, 0.000000000000000000, 1.000000000000000000 ) ) ;
#159 = DIRECTION ( 'NONE',  ( 0.000000000000000000, 0.000000000000000000, -1.000000000000000000 ) ) ;
#160 = CARTESIAN_POINT ( 'NONE',  ( -31.16269716326954864, -24.14303844818115152, 12.50000000000000000 ) ) ;
#161 = EDGE_CURVE ( 'NONE', #2285, #617, #1423, .T. ) ;
#162 = DIRECTION ( 'NONE',  ( 0.000000000000000000, 0.000000000000000000, -1.000000000000000000 ) ) ;
#163 = ORIENTED_EDGE ( 'NONE', *, *, #1948, .T. ) ;
#164 = ORIENTED_EDGE ( 'NONE', *, *, #31, .F. ) ;
#165 = CARTESIAN_POINT ( 'NONE',  ( 31.60992723813219740, -18.24999999999970157, 12.50000000000000000 ) ) ;
#166 = CARTESIAN_POINT ( 'NONE',  ( 46.08135926834319918, -13.43533877435421964, -3.000000000000000000 ) ) ;
#167 = AXIS2_PLACEMENT_3D ( 'NONE', #259, #1666, #93 ) ;
#168 = ORIENTED_EDGE ( 'NONE', *, *, #789, .F. ) ;
#169 = ADVANCED_FACE ( 'NONE', ( #1230 ), #2396, .T. ) ;
#170 = AXIS2_PLACEMENT_3D ( 'NONE', #2469, #1313, #2687 ) ;
#171 = CARTESIAN_POINT ( 'NONE',  ( -1.336375680847296063E-12, 1.822631760231464983E-13, -3.000000000000000000 ) ) ;
#172 = CIRCLE ( 'NONE', #916, 1.650000000000005684 ) ;
#173 = LINE ( 'NONE', #1748, #1939 ) ;
#174 = DIRECTION ( 'NONE',  ( -0.000000000000000000, -0.000000000000000000, 1.000000000000000000 ) ) ;
#175 = ORIENTED_EDGE ( 'NONE', *, *, #2696, .F. ) ;
#176 = CIRCLE ( 'NONE', #2455, 2.099999999999997868 ) ;
#177 = DIRECTION ( 'NONE',  ( 1.000000000000000000, 0.000000000000000000, 0.000000000000000000 ) ) ;
#178 = CARTESIAN_POINT ( 'NONE',  ( 0.000000000000000000, 0.000000000000000000, 3.000000000000002665 ) ) ;
#179 = VERTEX_POINT ( 'NONE', #807 ) ;
#180 = EDGE_CURVE ( 'NONE', #2808, #333, #369, .T. ) ;
#181 = VERTEX_POINT ( 'NONE', #1900 ) ;
#182 = DIRECTION ( 'NONE',  ( 0.000000000000000000, 0.000000000000000000, -1.000000000000000000 ) ) ;
#183 = ORIENTED_EDGE ( 'NONE', *, *, #1663, .T. ) ;
#184 = CARTESIAN_POINT ( 'NONE',  ( -7.310267021351569916, 36.27064923704205057, 12.50000000000000000 ) ) ;
#185 = EDGE_CURVE ( 'NONE', #2447, #2618, #1677, .T. ) ;
#186 = CARTESIAN_POINT ( 'NONE',  ( 37.43579102398665270, -12.60204548509500100, -3.000000000000000000 ) ) ;
#187 = CARTESIAN_POINT ( 'NONE',  ( 38.97114317029974018, -22.50000000000002487, 10.00100000000001010 ) ) ;
#188 = CARTESIAN_POINT ( 'NONE',  ( 44.18944362497715872, 18.06358414365049825, -3.000000000000000000 ) ) ;
#189 = CARTESIAN_POINT ( 'NONE',  ( 31.60992723813219740, -18.24999999999970157, -3.000000000000000000 ) ) ;
#190 = EDGE_CURVE ( 'NONE', #1258, #631, #311, .T. ) ;
#191 = CARTESIAN_POINT ( 'NONE',  ( -54.99999999999779021, 0.000000000000000000, 14.00000000000000711 ) ) ;
#192 = AXIS2_PLACEMENT_3D ( 'NONE', #202, #913, #230 ) ;
#193 = ORIENTED_EDGE ( 'NONE', *, *, #1059, .F. ) ;
#194 = ORIENTED_EDGE ( 'NONE', *, *, #888, .F. ) ;
#195 = DIRECTION ( 'NONE',  ( 0.000000000000000000, 0.000000000000000000, -1.000000000000000000 ) ) ;
#196 = AXIS2_PLACEMENT_3D ( 'NONE', #1518, #2226, #482 ) ;
#197 = ADVANCED_FACE ( 'NONE', ( #1388 ), #324, .T. ) ;
#198 = ORIENTED_EDGE ( 'NONE', *, *, #2542, .T. ) ;
#199 = AXIS2_PLACEMENT_3D ( 'NONE', #2185, #158, #1959 ) ;
#200 = DIRECTION ( 'NONE',  ( 0.000000000000000000, 0.000000000000000000, 1.000000000000000000 ) ) ;
#201 = EDGE_CURVE ( 'NONE', #2211, #2363, #2294, .T. ) ;
#202 = CARTESIAN_POINT ( 'NONE',  ( 5.146098354386220629E-13, -1.258904220288160150E-12, 12.50000000000000000 ) ) ;
#203 = LINE ( 'NONE', #2430, #1861 ) ;
#204 = CARTESIAN_POINT ( 'NONE',  ( -5.327136039032960291, -39.05920661792340098, 3.000000000000000000 ) ) ;
#205 = EDGE_CURVE ( 'NONE', #1263, #333, #78, .T. ) ;
#206 = LINE ( 'NONE', #641, #218 ) ;
#207 = ORIENTED_EDGE ( 'NONE', *, *, #2188, .T. ) ;
#208 = VERTEX_POINT ( 'NONE', #1676 ) ;
#209 = ORIENTED_EDGE ( 'NONE', *, *, #1282, .T. ) ;
#210 = CYLINDRICAL_SURFACE ( 'NONE', #1453, 2.100000000000000089 ) ;
#211 = ORIENTED_EDGE ( 'NONE', *, *, #390, .F. ) ;
#212 = CARTESIAN_POINT ( 'NONE',  ( 29.50992723813180163, 18.25000000000034817, 12.50000000000000000 ) ) ;
#213 = CARTESIAN_POINT ( 'NONE',  ( -1.650000000000005240, -45.00000000000000711, 3.000000000000000000 ) ) ;
#214 = VECTOR ( 'NONE', #1496, 1000.000000000000000 ) ;
#215 = FACE_OUTER_BOUND ( 'NONE', #365, .T. ) ;
#216 = CARTESIAN_POINT ( 'NONE',  ( 0.000000000000000000, 0.000000000000000000, -3.000000000000002665 ) ) ;
#217 = CARTESIAN_POINT ( 'NONE',  ( 2.548781377355489747E-13, -36.50000000000000000, 12.50000000000000000 ) ) ;
#218 = VECTOR ( 'NONE', #654, 1000.000000000000000 ) ;
#219 = DIRECTION ( 'NONE',  ( 0.000000000000000000, 0.000000000000000000, -1.000000000000000000 ) ) ;
#220 = AXIS2_PLACEMENT_3D ( 'NONE', #187, #1062, #2416 ) ;
#221 = DIRECTION ( 'NONE',  ( -1.000000000000000000, 1.387778780781446464E-15, 0.000000000000000000 ) ) ;
#222 = ORIENTED_EDGE ( 'NONE', *, *, #2908, .F. ) ;
#223 = ORIENTED_EDGE ( 'NONE', *, *, #1306, .T. ) ;
#224 = EDGE_CURVE ( 'NONE', #425, #1965, #1239, .T. ) ;
#225 = ORIENTED_EDGE ( 'NONE', *, *, #2169, .T. ) ;
#226 = LINE ( 'NONE', #1129, #1044 ) ;
#227 = EDGE_CURVE ( 'NONE', #845, #2453, #2815, .T. ) ;
#228 = ORIENTED_EDGE ( 'NONE', *, *, #1250, .F. ) ;
#229 = DIRECTION ( 'NONE',  ( 1.000000000000000000, 0.000000000000000000, 0.000000000000000000 ) ) ;
#230 = DIRECTION ( 'NONE',  ( 0.000000000000000000, 0.000000000000000000, -1.000000000000000000 ) ) ;
#231 = FACE_OUTER_BOUND ( 'NONE', #2166, .T. ) ;
#232 = EDGE_CURVE ( 'NONE', #1832, #415, #672, .T. ) ;
#233 = CARTESIAN_POINT ( 'NONE',  ( 7.804203982252090555, 38.72136878008575422, -3.000000000000000000 ) ) ;
#234 = EDGE_CURVE ( 'NONE', #1563, #2775, #1448, .T. ) ;
#235 = FACE_OUTER_BOUND ( 'NONE', #748, .T. ) ;
#236 = ORIENTED_EDGE ( 'NONE', *, *, #2602, .T. ) ;
#237 = ORIENTED_EDGE ( 'NONE', *, *, #1159, .T. ) ;
#238 = DIRECTION ( 'NONE',  ( 0.000000000000000000, 0.000000000000000000, -1.000000000000000000 ) ) ;
#239 = VECTOR ( 'NONE', #1992, 1000.000000000000000 ) ;
#240 = ORIENTED_EDGE ( 'NONE', *, *, #2585, .F. ) ;
#241 = AXIS2_PLACEMENT_3D ( 'NONE', #466, #1833, #2760 ) ;
#242 = DIRECTION ( 'NONE',  ( 0.000000000000000000, 0.000000000000000000, 1.000000000000000000 ) ) ;
#243 = VECTOR ( 'NONE', #407, 999.9999999999998863 ) ;
#244 = DIRECTION ( 'NONE',  ( -1.000000000000000000, 0.000000000000000000, 0.000000000000000000 ) ) ;
#245 = CARTESIAN_POINT ( 'NONE',  ( 0.000000000000000000, 0.000000000000000000, 12.50000000000000000 ) ) ;
#246 = ORIENTED_EDGE ( 'NONE', *, *, #1728, .T. ) ;
#247 = DIRECTION ( 'NONE',  ( 0.1351351351351350316, -0.9908271772877491612, 0.000000000000000000 ) ) ;
#248 = DIRECTION ( 'NONE',  ( 0.000000000000000000, 0.000000000000000000, -1.000000000000000000 ) ) ;
#249 = EDGE_CURVE ( 'NONE', #1085, #208, #2351, .T. ) ;
#250 = CARTESIAN_POINT ( 'NONE',  ( 0.000000000000000000, 45.00000000000000711, 3.000000000000000000 ) ) ;
#251 = ORIENTED_EDGE ( 'NONE', *, *, #856, .F. ) ;
#252 = EDGE_LOOP ( 'NONE', ( #597, #2094, #2804, #1320 ) ) ;
#253 = EDGE_LOOP ( 'NONE', ( #2435, #657, #1729, #2236 ) ) ;
#254 = EDGE_CURVE ( 'NONE', #969, #34, #2348, .T. ) ;
#255 = CARTESIAN_POINT ( 'NONE',  ( -33.70992723813195369, -18.25000000000000000, -3.000000000000000000 ) ) ;
#256 = ORIENTED_EDGE ( 'NONE', *, *, #111, .F. ) ;
#257 = AXIS2_PLACEMENT_3D ( 'NONE', #2883, #411, #573 ) ;
#258 = CARTESIAN_POINT ( 'NONE',  ( -6.938893903907228378E-15, -45.00000000000000711, 10.00100000000001010 ) ) ;
#259 = CARTESIAN_POINT ( 'NONE',  ( -34.67602432121394429, 33.18995838012405386, 3.000000000000000000 ) ) ;
#260 = CYLINDRICAL_SURFACE ( 'NONE', #61, 31.50000000000000000 ) ;
#261 = ORIENTED_EDGE ( 'NONE', *, *, #1194, .T. ) ;
#262 = CIRCLE ( 'NONE', #2302, 54.99999999999779021 ) ;
#263 = DIRECTION ( 'NONE',  ( 0.9908271772877594863, -0.1351351351350600638, 0.000000000000000000 ) ) ;
#264 = CARTESIAN_POINT ( 'NONE',  ( 5.327136039032691173, 39.05920661792340098, -3.000000000000000000 ) ) ;
#265 = FACE_OUTER_BOUND ( 'NONE', #673, .T. ) ;
#266 = LINE ( 'NONE', #32, #2633 ) ;
#267 = AXIS2_PLACEMENT_3D ( 'NONE', #2587, #507, #151 ) ;
#268 = VERTEX_POINT ( 'NONE', #2134 ) ;
#269 = ORIENTED_EDGE ( 'NONE', *, *, #2810, .F. ) ;
#270 = ORIENTED_EDGE ( 'NONE', *, *, #2937, .F. ) ;
#271 = DIRECTION ( 'NONE',  ( 0.000000000000000000, 0.000000000000000000, 1.000000000000000000 ) ) ;
#272 = CARTESIAN_POINT ( 'NONE',  ( -46.08135926834260232, -13.43533877435639923, -3.000000000000000000 ) ) ;
#273 = EDGE_LOOP ( 'NONE', ( #989, #406, #2730, #2487 ) ) ;
#274 = VECTOR ( 'NONE', #2591, 1000.000000000000114 ) ;
#275 = FACE_OUTER_BOUND ( 'NONE', #2549, .T. ) ;
#276 = CARTESIAN_POINT ( 'NONE',  ( -39.57149498650405661, 32.17292004983165299, 3.000000000000000000 ) ) ;
#277 = DIRECTION ( 'NONE',  ( -1.000000000000000000, 0.000000000000000000, 0.000000000000000000 ) ) ;
#278 = AXIS2_PLACEMENT_3D ( 'NONE', #1534, #589, #2659 ) ;
#279 = EDGE_CURVE ( 'NONE', #2662, #1661, #484, .T. ) ;
#280 = VERTEX_POINT ( 'NONE', #1399 ) ;
#281 = CARTESIAN_POINT ( 'NONE',  ( 27.75617014035820063, -24.46620156745805019, 3.000000000000000000 ) ) ;
#282 = DIRECTION ( 'NONE',  ( -1.000000000000000000, 0.000000000000000000, 0.000000000000000000 ) ) ;
#283 = VERTEX_POINT ( 'NONE', #2071 ) ;
#284 = ORIENTED_EDGE ( 'NONE', *, *, #516, .T. ) ;
#285 = VERTEX_POINT ( 'NONE', #753 ) ;
#286 = CARTESIAN_POINT ( 'NONE',  ( -39.57149498650275632, -32.17292004983325882, 3.000000000000000000 ) ) ;
#287 = UNCERTAINTY_MEASURE_WITH_UNIT (LENGTH_MEASURE( 1.000000000000000082E-05 ), #1008, 'distance_accuracy_value', 'NONE');
#288 = ORIENTED_EDGE ( 'NONE', *, *, #847, .T. ) ;
#289 = DIRECTION ( 'NONE',  ( 0.1351351351351420260, -0.9908271772877481620, 0.000000000000000000 ) ) ;
#290 = ADVANCED_FACE ( 'NONE', ( #1419 ), #739, .F. ) ;
#291 = AXIS2_PLACEMENT_3D ( 'NONE', #2219, #580, #2460 ) ;
#292 = DIRECTION ( 'NONE',  ( 0.000000000000000000, 0.000000000000000000, -1.000000000000000000 ) ) ;
#293 = EDGE_CURVE ( 'NONE', #2120, #208, #958, .T. ) ;
#294 = DIRECTION ( 'NONE',  ( 1.000000000000000000, 0.000000000000000000, 0.000000000000000000 ) ) ;
#295 = CIRCLE ( 'NONE', #1196, 2.500000000000002220 ) ;
#296 = DIRECTION ( 'NONE',  ( 1.000000000000000000, 0.000000000000000000, 0.000000000000000000 ) ) ;
#297 = ORIENTED_EDGE ( 'NONE', *, *, #397, .T. ) ;
#298 = EDGE_CURVE ( 'NONE', #884, #2483, #307, .T. ) ;
#299 = EDGE_CURVE ( 'NONE', #594, #1855, #2146, .T. ) ;
#300 = DIRECTION ( 'NONE',  ( -0.000000000000000000, -0.000000000000000000, -1.000000000000000000 ) ) ;
#301 = DIRECTION ( 'NONE',  ( 0.000000000000000000, 0.000000000000000000, 1.000000000000000000 ) ) ;
#302 = ORIENTED_EDGE ( 'NONE', *, *, #44, .F. ) ;
#303 = ORIENTED_EDGE ( 'NONE', *, *, #1589, .F. ) ;
#304 = DIRECTION ( 'NONE',  ( 0.000000000000000000, 0.000000000000000000, 1.000000000000000000 ) ) ;
#305 = AXIS2_PLACEMENT_3D ( 'NONE', #1380, #467, #2734 ) ;
#306 = VERTEX_POINT ( 'NONE', #1464 ) ;
#307 = LINE ( 'NONE', #322, #2790 ) ;
#308 = LINE ( 'NONE', #1177, #1750 ) ;
#309 = CARTESIAN_POINT ( 'NONE',  ( 7.804203982252090555, 38.72136878008575422, 3.000000000000000000 ) ) ;
#310 = DIRECTION ( 'NONE',  ( -1.000000000000000000, 0.000000000000000000, 0.000000000000000000 ) ) ;
#311 = CIRCLE ( 'NONE', #2200, 54.99999999999779021 ) ;
#312 = ORIENTED_EDGE ( 'NONE', *, *, #1301, .T. ) ;
#313 = CARTESIAN_POINT ( 'NONE',  ( -6.451199060689649656, -47.30097283015570042, 12.50000000000000000 ) ) ;
#314 = SURFACE_SIDE_STYLE ('',( #1440 ) ) ;
#315 = EDGE_LOOP ( 'NONE', ( #228, #2135, #2009, #1289 ) ) ;
#316 = ORIENTED_EDGE ( 'NONE', *, *, #1896, .F. ) ;
#317 = CARTESIAN_POINT ( 'NONE',  ( 39.57149498650429820, -32.17292004983135456, 0.000000000000000000 ) ) ;
#318 = AXIS2_PLACEMENT_3D ( 'NONE', #26, #488, #1368 ) ;
#319 = AXIS2_PLACEMENT_3D ( 'NONE', #1756, #2256, #2905 ) ;
#320 = AXIS2_PLACEMENT_3D ( 'NONE', #2481, #1150, #668 ) ;
#321 = VERTEX_POINT ( 'NONE', #1432 ) ;
#322 = CARTESIAN_POINT ( 'NONE',  ( -1.650000000000005240, -45.00000000000000711, 10.00100000000001010 ) ) ;
#323 = AXIS2_PLACEMENT_3D ( 'NONE', #949, #1643, #511 ) ;
#324 = CYLINDRICAL_SURFACE ( 'NONE', #2595, 37.00000000000000000 ) ;
#325 = CARTESIAN_POINT ( 'NONE',  ( 6.451199060689320142, 47.30097283015579990, 3.000000000000000000 ) ) ;
#326 = ADVANCED_FACE ( 'NONE', ( #2337, #779, #2307, #1210, #767, #2099, #535, #103, #1227, #2118, #74, #974, #1877, #275 ), #2084, .T. ) ;
#327 = DIRECTION ( 'NONE',  ( -1.000000000000000000, 0.000000000000000000, 0.000000000000000000 ) ) ;
#328 = ORIENTED_EDGE ( 'NONE', *, *, #2952, .F. ) ;
#329 = DIRECTION ( 'NONE',  ( 0.000000000000000000, 0.000000000000000000, -1.000000000000000000 ) ) ;
#330 = CARTESIAN_POINT ( 'NONE',  ( 37.32114317029975581, 22.49999999999997158, -3.000000000000000000 ) ) ;
#331 = VERTEX_POINT ( 'NONE', #2830 ) ;
#332 = DIRECTION ( 'NONE',  ( -0.000000000000000000, -0.000000000000000000, -1.000000000000000000 ) ) ;
#333 = VERTEX_POINT ( 'NONE', #2366 ) ;
#334 = CARTESIAN_POINT ( 'NONE',  ( -34.67602432121260136, -33.18995838012545363, -3.000000000000000000 ) ) ;
#335 = VERTEX_POINT ( 'NONE', #42 ) ;
#336 = CARTESIAN_POINT ( 'NONE',  ( 11.40533494712811802, 46.62529715448049927, 3.000000000000000000 ) ) ;
#337 = ORIENTED_EDGE ( 'NONE', *, *, #2937, .T. ) ;
#338 = EDGE_CURVE ( 'NONE', #1656, #549, #2297, .T. ) ;
#339 = VECTOR ( 'NONE', #2338, 1000.000000000000000 ) ;
#340 = CARTESIAN_POINT ( 'NONE',  ( 44.18944362497825296, -18.06358414364819964, -3.000000000000000000 ) ) ;
#341 = EDGE_LOOP ( 'NONE', ( #2079, #303, #2917, #7 ) ) ;
#342 = CARTESIAN_POINT ( 'NONE',  ( 37.43579102398600611, 12.60204548509680045, 3.000000000000000000 ) ) ;
#343 = DIRECTION ( 'NONE',  ( 0.000000000000000000, 0.000000000000000000, -1.000000000000000000 ) ) ;
#344 = CARTESIAN_POINT ( 'NONE',  ( 46.08135926834249574, 13.43533877435671897, 3.000000000000000000 ) ) ;
#345 = FACE_OUTER_BOUND ( 'NONE', #765, .T. ) ;
#346 = EDGE_LOOP ( 'NONE', ( #155, #862, #510, #803 ) ) ;
#347 = DIRECTION ( 'NONE',  ( -1.000000000000000000, 0.000000000000000000, 0.000000000000000000 ) ) ;
#348 = CIRCLE ( 'NONE', #629, 1.649999999999991696 ) ;
#349 = CIRCLE ( 'NONE', #1261, 4.999999999999997335 ) ;
#350 = CYLINDRICAL_SURFACE ( 'NONE', #2674, 1.649999999999999689 ) ;
#351 = CIRCLE ( 'NONE', #970, 2.500000000000002220 ) ;
#352 = ORIENTED_EDGE ( 'NONE', *, *, #1560, .T. ) ;
#353 = ORIENTED_EDGE ( 'NONE', *, *, #254, .T. ) ;
#354 = DIRECTION ( 'NONE',  ( -0.000000000000000000, -0.000000000000000000, -1.000000000000000000 ) ) ;
#355 = DIRECTION ( 'NONE',  ( 0.000000000000000000, 0.000000000000000000, -1.000000000000000000 ) ) ;
#356 = AXIS2_PLACEMENT_3D ( 'NONE', #250, #713, #1124 ) ;
#357 = MECHANICAL_DESIGN_GEOMETRIC_PRESENTATION_REPRESENTATION (  '', ( #117 ), #2403 ) ;
#358 = DIRECTION ( 'NONE',  ( -0.3783831286730664489, 0.9256490738587608291, 0.000000000000000000 ) ) ;
#359 = EDGE_LOOP ( 'NONE', ( #2022, #1617, #2758, #211 ) ) ;
#360 = CARTESIAN_POINT ( 'NONE',  ( 0.000000000000000000, 0.000000000000000000, 3.000000000000000000 ) ) ;
#361 = CARTESIAN_POINT ( 'NONE',  ( 27.75617014035820063, -24.46620156745805019, 12.50000000000000000 ) ) ;
#362 = AXIS2_PLACEMENT_3D ( 'NONE', #562, #702, #582 ) ;
#363 = FACE_BOUND ( 'NONE', #1137, .T. ) ;
#364 = CARTESIAN_POINT ( 'NONE',  ( 38.97114317029976149, 22.49999999999997158, 3.000000000000000000 ) ) ;
#365 = EDGE_LOOP ( 'NONE', ( #222, #790, #1709, #907 ) ) ;
#366 = ORIENTED_EDGE ( 'NONE', *, *, #1055, .F. ) ;
#367 = DIRECTION ( 'NONE',  ( -0.1351351351351420260, 0.9908271772877482730, 0.000000000000000000 ) ) ;
#368 = DIRECTION ( 'NONE',  ( 0.000000000000000000, 0.000000000000000000, 1.000000000000000000 ) ) ;
#369 = LINE ( 'NONE', #537, #1586 ) ;
#370 = CARTESIAN_POINT ( 'NONE',  ( -6.938893903907228378E-15, -45.00000000000000711, 3.000000000000000000 ) ) ;
#371 = ORIENTED_EDGE ( 'NONE', *, *, #234, .F. ) ;
#372 = ADVANCED_FACE ( 'NONE', ( #1144 ), #2232, .F. ) ;
#373 = CYLINDRICAL_SURFACE ( 'NONE', #1330, 5.000000000000000888 ) ;
#374 = FACE_BOUND ( 'NONE', #2944, .T. ) ;
#375 = DIRECTION ( 'NONE',  ( -1.000000000000000000, 0.000000000000000000, 0.000000000000000000 ) ) ;
#376 = CLOSED_SHELL ( 'NONE', ( #2170, #2482, #2488, #1594, #1083, #1972, #1511, #736, #851, #1593, #2971, #2320, #1808, #648, #1431, #290, #443, #625, #401, #1871, #1851, #986, #326, #2419, #868, #2304, #2228, #133, #689, #459, #1155, #76, #850, #2844, #1706, #2479, #2560, #2555, #197, #520, #817, #917, #2611, #2069, #2834, #1117, #91, #2849, #1648, #2066, #1582, #1327, #1804, #529, #1016, #987, #2339, #1915, #2893, #2630, #153, #2467, #951, #542, #2813, #1880, #1878, #2434, #169, #372, #1846, #115, #2835, #515, #509, #723, #751, #2889, #2660, #1506, #1257 ) ) ;
#377 = FACE_BOUND ( 'NONE', #1858, .T. ) ;
#378 = CYLINDRICAL_SURFACE ( 'NONE', #1441, 1.649999999999991696 ) ;
#379 = DIRECTION ( 'NONE',  ( 0.000000000000000000, 0.000000000000000000, -1.000000000000000000 ) ) ;
#380 = ORIENTED_EDGE ( 'NONE', *, *, #2261, .T. ) ;
#381 = EDGE_LOOP ( 'NONE', ( #1235, #316 ) ) ;
#382 = CARTESIAN_POINT ( 'NONE',  ( 8.076818583827273912, 50.35637994895699876, 3.000000000000000000 ) ) ;
#383 = LINE ( 'NONE', #2197, #1241 ) ;
#384 = VERTEX_POINT ( 'NONE', #1775 ) ;
#385 = CARTESIAN_POINT ( 'NONE',  ( -54.99999999999779021, 0.000000000000000000, -5.000000000000000000 ) ) ;
#386 = DIRECTION ( 'NONE',  ( 0.000000000000000000, 0.000000000000000000, -1.000000000000000000 ) ) ;
#387 = CARTESIAN_POINT ( 'NONE',  ( 0.000000000000000000, 0.000000000000000000, 3.000000000000002665 ) ) ;
#388 = FACE_BOUND ( 'NONE', #1565, .T. ) ;
#389 = CARTESIAN_POINT ( 'NONE',  ( -8.076818583827643394, -50.35637994895693481, -3.000000000000000000 ) ) ;
#390 = EDGE_CURVE ( 'NONE', #530, #601, #2957, .T. ) ;
#391 = VERTEX_POINT ( 'NONE', #2217 ) ;
#392 = AXIS2_PLACEMENT_3D ( 'NONE', #2149, #2384, #593 ) ;
#393 = EDGE_LOOP ( 'NONE', ( #1247, #2081, #2948, #2113 ) ) ;
#394 = CARTESIAN_POINT ( 'NONE',  ( -50.99999999999779732, 0.000000000000000000, -5.000000000000000000 ) ) ;
#395 = CARTESIAN_POINT ( 'NONE',  ( 11.40533494713065998, -46.62529715447989531, -3.000000000000000000 ) ) ;
#396 = EDGE_CURVE ( 'NONE', #749, #2447, #1908, .T. ) ;
#397 = EDGE_CURVE ( 'NONE', #2070, #617, #1540, .T. ) ;
#398 = AXIS2_PLACEMENT_3D ( 'NONE', #2383, #1652, #2090 ) ;
#399 = VERTEX_POINT ( 'NONE', #1996 ) ;
#400 = CYLINDRICAL_SURFACE ( 'NONE', #768, 37.00000000000000000 ) ;
#401 = ADVANCED_FACE ( 'NONE', ( #1608 ), #2968, .F. ) ;
#402 = CIRCLE ( 'NONE', #2399, 5.000000000000000888 ) ;
#403 = DIRECTION ( 'NONE',  ( 0.000000000000000000, 0.000000000000000000, -1.000000000000000000 ) ) ;
#404 = CARTESIAN_POINT ( 'NONE',  ( 0.000000000000000000, 0.000000000000000000, 159.9066376115418393 ) ) ;
#405 = CARTESIAN_POINT ( 'NONE',  ( 39.57149498650429820, -32.17292004983135456, -3.000000000000000000 ) ) ;
#406 = ORIENTED_EDGE ( 'NONE', *, *, #591, .F. ) ;
#407 = DIRECTION ( 'NONE',  ( 0.7905139387236944648, -0.6124440486146885965, 0.000000000000000000 ) ) ;
#408 = VECTOR ( 'NONE', #2770, 1000.000000000000000 ) ;
#409 = CYLINDRICAL_SURFACE ( 'NONE', #878, 1.649999999999991696 ) ;
#410 = CARTESIAN_POINT ( 'NONE',  ( 5.146098354386220629E-13, -1.258904220288160150E-12, 3.000000000000000000 ) ) ;
#411 = DIRECTION ( 'NONE',  ( 0.000000000000000000, 0.000000000000000000, 1.000000000000000000 ) ) ;
#412 = ORIENTED_EDGE ( 'NONE', *, *, #1475, .T. ) ;
#413 = ORIENTED_EDGE ( 'NONE', *, *, #714, .T. ) ;
#414 = CARTESIAN_POINT ( 'NONE',  ( 37.32114317029974870, -22.50000000000002487, -3.000000000000000000 ) ) ;
#415 = VERTEX_POINT ( 'NONE', #2515 ) ;
#416 = DIRECTION ( 'NONE',  ( 0.000000000000000000, 0.000000000000000000, -1.000000000000000000 ) ) ;
#417 = FACE_OUTER_BOUND ( 'NONE', #2024, .T. ) ;
#418 = EDGE_CURVE ( 'NONE', #1398, #1109, #1763, .T. ) ;
#419 = DIRECTION ( 'NONE',  ( -1.000000000000000000, 0.000000000000000000, 0.000000000000000000 ) ) ;
#420 = CYLINDRICAL_SURFACE ( 'NONE', #1641, 2.099999999999997868 ) ;
#421 = DIRECTION ( 'NONE',  ( 0.000000000000000000, 0.000000000000000000, 1.000000000000000000 ) ) ;
#422 = CARTESIAN_POINT ( 'NONE',  ( -31.60992723813205174, 18.25000000000000000, -3.000000000000000000 ) ) ;
#423 = ORIENTED_EDGE ( 'NONE', *, *, #516, .F. ) ;
#424 = VECTOR ( 'NONE', #386, 1000.000000000000000 ) ;
#425 = VERTEX_POINT ( 'NONE', #2025 ) ;
#426 = ORIENTED_EDGE ( 'NONE', *, *, #1126, .T. ) ;
#427 = FACE_OUTER_BOUND ( 'NONE', #1154, .T. ) ;
#428 = CIRCLE ( 'NONE', #1522, 1.649999999999998357 ) ;
#429 = EDGE_CURVE ( 'NONE', #2759, #1410, #649, .T. ) ;
#430 = ORIENTED_EDGE ( 'NONE', *, *, #1935, .F. ) ;
#431 = DIRECTION ( 'NONE',  ( 0.000000000000000000, 0.000000000000000000, -1.000000000000000000 ) ) ;
#432 = FACE_OUTER_BOUND ( 'NONE', #83, .T. ) ;
#433 = EDGE_CURVE ( 'NONE', #2045, #923, #1759, .T. ) ;
#434 = CIRCLE ( 'NONE', #305, 4.999999999999997335 ) ;
#435 = CARTESIAN_POINT ( 'NONE',  ( 29.63158704173250158, 26.11932329499044769, 12.50000000000000000 ) ) ;
#436 = CARTESIAN_POINT ( 'NONE',  ( 2.207341090538165308E-12, 0.000000000000000000, 12.50000000000000000 ) ) ;
#437 = EDGE_LOOP ( 'NONE', ( #194, #1557, #2640, #1222 ) ) ;
#438 = ORIENTED_EDGE ( 'NONE', *, *, #1688, .F. ) ;
#439 = ORIENTED_EDGE ( 'NONE', *, *, #1099, .F. ) ;
#440 = CARTESIAN_POINT ( 'NONE',  ( 7.310267021350060013, 36.27064923704234900, 3.000000000000000000 ) ) ;
#441 = VECTOR ( 'NONE', #2103, 1000.000000000000000 ) ;
#442 = ORIENTED_EDGE ( 'NONE', *, *, #2707, .F. ) ;
#443 = ADVANCED_FACE ( 'NONE', ( #417 ), #1950, .F. ) ;
#444 = AXIS2_PLACEMENT_3D ( 'NONE', #508, #1422, #1867 ) ;
#445 = CARTESIAN_POINT ( 'NONE',  ( -36.48983320230405525, 14.91616816974221926, 12.50000000000000000 ) ) ;
#446 = CARTESIAN_POINT ( 'NONE',  ( 34.93579102398599900, 12.60204548509680045, 12.50000000000000000 ) ) ;
#447 = AXIS2_PLACEMENT_3D ( 'NONE', #2088, #59, #2392 ) ;
#448 = CARTESIAN_POINT ( 'NONE',  ( -11.40533494713033846, 46.62529715447999479, 3.000000000000000000 ) ) ;
#449 = EDGE_CURVE ( 'NONE', #570, #1326, #349, .T. ) ;
#450 = PLANE ( 'NONE',  #2706 ) ;
#451 = CYLINDRICAL_SURFACE ( 'NONE', #548, 4.999999999999997335 ) ;
#452 = ORIENTED_EDGE ( 'NONE', *, *, #2858, .T. ) ;
#453 = ORIENTED_EDGE ( 'NONE', *, *, #2476, .T. ) ;
#454 = CARTESIAN_POINT ( 'NONE',  ( -8.244387494308440556E-13, -1.064146715970525910E-12, -3.000000000000000000 ) ) ;
#455 = ORIENTED_EDGE ( 'NONE', *, *, #1459, .F. ) ;
#456 = EDGE_CURVE ( 'NONE', #1069, #1007, #1110, .T. ) ;
#457 = CARTESIAN_POINT ( 'NONE',  ( 7.804203982252090555, 38.72136878008575422, 3.000000000000000000 ) ) ;
#458 = DIRECTION ( 'NONE',  ( 0.000000000000000000, 0.000000000000000000, -1.000000000000000000 ) ) ;
#459 = ADVANCED_FACE ( 'NONE', ( #2124 ), #1883, .F. ) ;
#460 = EDGE_LOOP ( 'NONE', ( #175, #1644, #983, #1487 ) ) ;
#461 = CARTESIAN_POINT ( 'NONE',  ( 1.333797464099682063E-12, -1.819115428861154812E-13, 3.000000000000000000 ) ) ;
#462 = DIRECTION ( 'NONE',  ( 1.000000000000000000, 0.000000000000000000, 0.000000000000000000 ) ) ;
#463 = EDGE_LOOP ( 'NONE', ( #2239, #901, #558, #1834 ) ) ;
#464 = EDGE_LOOP ( 'NONE', ( #968, #1412, #2400, #1988 ) ) ;
#465 = ORIENTED_EDGE ( 'NONE', *, *, #571, .T. ) ;
#466 = CARTESIAN_POINT ( 'NONE',  ( -29.63158704173359936, 26.11932329498920069, 3.000000000000000000 ) ) ;
#467 = DIRECTION ( 'NONE',  ( 0.000000000000000000, 0.000000000000000000, -1.000000000000000000 ) ) ;
#468 = EDGE_CURVE ( 'NONE', #2787, #2610, #1838, .T. ) ;
#469 = AXIS2_PLACEMENT_3D ( 'NONE', #395, #2906, #679 ) ;
#470 = ORIENTED_EDGE ( 'NONE', *, *, #1471, .T. ) ;
#471 = VECTOR ( 'NONE', #1252, 1000.000000000000000 ) ;
#472 = DIRECTION ( 'NONE',  ( -1.000000000000000000, -1.387778780781444492E-15, 0.000000000000000000 ) ) ;
#473 = CARTESIAN_POINT ( 'NONE',  ( 50.99999999999779732, 6.245698675651231443E-15, -5.000000000000000000 ) ) ;
#474 = CYLINDRICAL_SURFACE ( 'NONE', #2643, 2.099999999999997868 ) ;
#475 = DIRECTION ( 'NONE',  ( 0.000000000000000000, 0.000000000000000000, -1.000000000000000000 ) ) ;
#476 = EDGE_LOOP ( 'NONE', ( #1970, #2181 ) ) ;
#477 = CARTESIAN_POINT ( 'NONE',  ( -33.70992723813205316, 18.25000000000000000, -3.000000000000000000 ) ) ;
#478 = CARTESIAN_POINT ( 'NONE',  ( 34.67602432121419298, -33.18995838012380517, -3.000000000000000000 ) ) ;
#479 = ORIENTED_EDGE ( 'NONE', *, *, #1306, .F. ) ;
#480 = ORIENTED_EDGE ( 'NONE', *, *, #2264, .F. ) ;
#481 = EDGE_LOOP ( 'NONE', ( #1175, #164 ) ) ;
#482 = DIRECTION ( 'NONE',  ( -1.000000000000000000, 0.000000000000000000, 0.000000000000000000 ) ) ;
#483 = ORIENTED_EDGE ( 'NONE', *, *, #1780, .F. ) ;
#484 = LINE ( 'NONE', #505, #2885 ) ;
#485 = AXIS2_PLACEMENT_3D ( 'NONE', #2710, #1579, #229 ) ;
#486 = DIRECTION ( 'NONE',  ( -1.000000000000000000, 0.000000000000000000, 0.000000000000000000 ) ) ;
#487 = AXIS2_PLACEMENT_3D ( 'NONE', #1045, #1513, #2205 ) ;
#488 = DIRECTION ( 'NONE',  ( 0.000000000000000000, 0.000000000000000000, 1.000000000000000000 ) ) ;
#489 = DIRECTION ( 'NONE',  ( -1.000000000000000000, 0.000000000000000000, 0.000000000000000000 ) ) ;
#490 = ORIENTED_EDGE ( 'NONE', *, *, #2030, .T. ) ;
#491 = AXIS2_PLACEMENT_3D ( 'NONE', #217, #872, #1121 ) ;
#492 = DIRECTION ( 'NONE',  ( -0.000000000000000000, -0.000000000000000000, -1.000000000000000000 ) ) ;
#493 = CYLINDRICAL_SURFACE ( 'NONE', #2449, 2.500000000000002220 ) ;
#494 = CIRCLE ( 'NONE', #677, 31.50000000000000000 ) ;
#495 = EDGE_LOOP ( 'NONE', ( #566, #1307, #2199, #63 ) ) ;
#496 = ORIENTED_EDGE ( 'NONE', *, *, #1764, .F. ) ;
#497 = EDGE_CURVE ( 'NONE', #1007, #1133, #2768, .T. ) ;
#498 = CIRCLE ( 'NONE', #2601, 50.99999999999779732 ) ;
#499 = ORIENTED_EDGE ( 'NONE', *, *, #299, .T. ) ;
#500 = CARTESIAN_POINT ( 'NONE',  ( 31.60992723813219740, -18.24999999999970157, -3.000000000000000000 ) ) ;
#501 = DIRECTION ( 'NONE',  ( -1.000000000000000000, 0.000000000000000000, 0.000000000000000000 ) ) ;
#502 = EDGE_CURVE ( 'NONE', #2001, #384, #1674, .T. ) ;
#503 = ORIENTED_EDGE ( 'NONE', *, *, #2542, .F. ) ;
#504 = AXIS2_PLACEMENT_3D ( 'NONE', #785, #2371, #555 ) ;
#505 = CARTESIAN_POINT ( 'NONE',  ( -1.718811165076890080E-15, -2.344220913482294915E-16, 3.000000000000000000 ) ) ;
#506 = DIRECTION ( 'NONE',  ( -0.000000000000000000, -0.000000000000000000, -1.000000000000000000 ) ) ;
#507 = DIRECTION ( 'NONE',  ( 0.000000000000000000, 0.000000000000000000, -1.000000000000000000 ) ) ;
#508 = CARTESIAN_POINT ( 'NONE',  ( 0.000000000000000000, 0.000000000000000000, 0.000000000000000000 ) ) ;
#509 = ADVANCED_FACE ( 'NONE', ( #2820, #758 ), #578, .T. ) ;
#510 = ORIENTED_EDGE ( 'NONE', *, *, #1524, .T. ) ;
#511 = DIRECTION ( 'NONE',  ( -1.000000000000000000, -3.469446951953611033E-15, 0.000000000000000000 ) ) ;
#512 = EDGE_LOOP ( 'NONE', ( #1270, #809 ) ) ;
#513 = ORIENTED_EDGE ( 'NONE', *, *, #1409, .F. ) ;
#514 = LINE ( 'NONE', #2286, #797 ) ;
#515 = ADVANCED_FACE ( 'NONE', ( #1971, #1492 ), #622, .T. ) ;
#516 = EDGE_CURVE ( 'NONE', #1005, #1493, #2137, .T. ) ;
#517 = ORIENTED_EDGE ( 'NONE', *, *, #2291, .T. ) ;
#518 = DIRECTION ( 'NONE',  ( 0.000000000000000000, 0.000000000000000000, -1.000000000000000000 ) ) ;
#519 = CARTESIAN_POINT ( 'NONE',  ( -7.804203982253699934, 38.72136878008545580, 12.50000000000000000 ) ) ;
#520 = ADVANCED_FACE ( 'NONE', ( #2398 ), #2617, .T. ) ;
#521 = AXIS2_PLACEMENT_3D ( 'NONE', #457, #431, #1795 ) ;
#522 = FACE_OUTER_BOUND ( 'NONE', #2502, .T. ) ;
#523 = CARTESIAN_POINT ( 'NONE',  ( 36.48983320230415472, -14.91616816974195991, 12.50000000000000000 ) ) ;
#524 = DIRECTION ( 'NONE',  ( 0.000000000000000000, 0.000000000000000000, -1.000000000000000000 ) ) ;
#525 = ORIENTED_EDGE ( 'NONE', *, *, #2382, .F. ) ;
#526 = EDGE_CURVE ( 'NONE', #696, #2632, #2043, .T. ) ;
#527 = DIRECTION ( 'NONE',  ( 0.000000000000000000, 0.000000000000000000, -1.000000000000000000 ) ) ;
#528 = DIRECTION ( 'NONE',  ( 0.6124440486146941476, 0.7905139387236902460, 0.000000000000000000 ) ) ;
#529 = ADVANCED_FACE ( 'NONE', ( #1942 ), #400, .T. ) ;
#530 = VERTEX_POINT ( 'NONE', #1692 ) ;
#531 = VERTEX_POINT ( 'NONE', #107 ) ;
#532 = DIRECTION ( 'NONE',  ( -0.000000000000000000, -0.000000000000000000, 1.000000000000000000 ) ) ;
#533 = CIRCLE ( 'NONE', #2089, 1.649999999999991696 ) ;
#534 = ORIENTED_EDGE ( 'NONE', *, *, #2967, .T. ) ;
#535 = FACE_BOUND ( 'NONE', #2280, .T. ) ;
#536 = CARTESIAN_POINT ( 'NONE',  ( -38.97114317029974018, 22.50000000000001421, -3.000000000000000000 ) ) ;
#537 = CARTESIAN_POINT ( 'NONE',  ( -5.146098354386139850E-13, 1.258904220288161968E-12, -3.000000000000000000 ) ) ;
#538 = VECTOR ( 'NONE', #90, 1000.000000000000000 ) ;
#539 = ORIENTED_EDGE ( 'NONE', *, *, #1105, .T. ) ;
#540 = CARTESIAN_POINT ( 'NONE',  ( -36.48983320230345129, -14.91616816974343962, 3.000000000000000000 ) ) ;
#541 = DIRECTION ( 'NONE',  ( 0.000000000000000000, 0.000000000000000000, -1.000000000000000000 ) ) ;
#542 = ADVANCED_FACE ( 'NONE', ( #345 ), #1028, .F. ) ;
#543 = CIRCLE ( 'NONE', #2442, 54.99999999999779021 ) ;
#544 = ORIENTED_EDGE ( 'NONE', *, *, #2621, .T. ) ;
#545 = ORIENTED_EDGE ( 'NONE', *, *, #984, .F. ) ;
#546 = DIRECTION ( 'NONE',  ( 0.000000000000000000, 0.000000000000000000, -1.000000000000000000 ) ) ;
#547 = VECTOR ( 'NONE', #1036, 1000.000000000000000 ) ;
#548 = AXIS2_PLACEMENT_3D ( 'NONE', #2741, #1346, #2523 ) ;
#549 = VERTEX_POINT ( 'NONE', #139 ) ;
#550 = DIRECTION ( 'NONE',  ( 0.000000000000000000, 0.000000000000000000, -1.000000000000000000 ) ) ;
#551 = CIRCLE ( 'NONE', #2653, 2.100000000000000089 ) ;
#552 = ORIENTED_EDGE ( 'NONE', *, *, #1417, .F. ) ;
#553 = PRODUCT_CONTEXT ( 'NONE', #2661, 'mechanical' ) ;
#554 = EDGE_LOOP ( 'NONE', ( #1923, #2216, #426, #1052 ) ) ;
#555 = DIRECTION ( 'NONE',  ( -1.000000000000000000, 0.000000000000000000, 0.000000000000000000 ) ) ;
#556 = LINE ( 'NONE', #65, #735 ) ;
#557 = EDGE_CURVE ( 'NONE', #2095, #745, #1011, .T. ) ;
#558 = ORIENTED_EDGE ( 'NONE', *, *, #180, .F. ) ;
#559 = DIRECTION ( 'NONE',  ( 1.000000000000000000, 0.000000000000000000, 0.000000000000000000 ) ) ;
#560 = ORIENTED_EDGE ( 'NONE', *, *, #2058, .T. ) ;
#561 = DIRECTION ( 'NONE',  ( -1.000000000000000000, 0.000000000000000000, 0.000000000000000000 ) ) ;
#562 = CARTESIAN_POINT ( 'NONE',  ( 38.97114317029974018, -22.50000000000002487, -3.000000000000000000 ) ) ;
#563 = LINE ( 'NONE', #727, #2202 ) ;
#564 = CIRCLE ( 'NONE', #43, 37.00000000000000000 ) ;
#565 = DIRECTION ( 'NONE',  ( -1.000000000000000000, 0.000000000000000000, 0.000000000000000000 ) ) ;
#566 = ORIENTED_EDGE ( 'NONE', *, *, #2187, .F. ) ;
#567 = LINE ( 'NONE', #2821, #1552 ) ;
#568 = AXIS2_PLACEMENT_3D ( 'NONE', #737, #1414, #2023 ) ;
#569 = LINE ( 'NONE', #1266, #726 ) ;
#570 = VERTEX_POINT ( 'NONE', #2875 ) ;
#571 = EDGE_CURVE ( 'NONE', #2949, #425, #348, .T. ) ;
#572 = DIRECTION ( 'NONE',  ( 0.000000000000000000, 0.000000000000000000, -1.000000000000000000 ) ) ;
#573 = DIRECTION ( 'NONE',  ( 1.000000000000000000, 0.000000000000000000, 0.000000000000000000 ) ) ;
#574 = ORIENTED_EDGE ( 'NONE', *, *, #2704, .F. ) ;
#575 = CARTESIAN_POINT ( 'NONE',  ( -37.00000000000000000, 0.000000000000000000, 12.50000000000000000 ) ) ;
#576 = DIRECTION ( 'NONE',  ( 1.000000000000000000, -4.163336342344333082E-15, 0.000000000000000000 ) ) ;
#577 = EDGE_CURVE ( 'NONE', #884, #927, #860, .T. ) ;
#578 = PLANE ( 'NONE',  #1397 ) ;
#579 = EDGE_LOOP ( 'NONE', ( #2527, #2814 ) ) ;
#580 = DIRECTION ( 'NONE',  ( -0.000000000000000000, -0.000000000000000000, -1.000000000000000000 ) ) ;
#581 = DIRECTION ( 'NONE',  ( 1.000000000000000000, 6.938893903907222461E-16, 0.000000000000000000 ) ) ;
#582 = DIRECTION ( 'NONE',  ( -1.000000000000000000, 0.000000000000000000, 0.000000000000000000 ) ) ;
#583 = DIRECTION ( 'NONE',  ( 0.000000000000000000, 0.000000000000000000, -1.000000000000000000 ) ) ;
#584 = PRESENTATION_LAYER_ASSIGNMENT (  '', '', ( #117 ) ) ;
#585 = ORIENTED_EDGE ( 'NONE', *, *, #698, .F. ) ;
#586 = AXIS2_PLACEMENT_3D ( 'NONE', #387, #637, #1556 ) ;
#587 = ORIENTED_EDGE ( 'NONE', *, *, #799, .F. ) ;
#588 = DIRECTION ( 'NONE',  ( 0.000000000000000000, 0.000000000000000000, -1.000000000000000000 ) ) ;
#589 = DIRECTION ( 'NONE',  ( 0.000000000000000000, 0.000000000000000000, 1.000000000000000000 ) ) ;
#590 = AXIS2_PLACEMENT_3D ( 'NONE', #116, #985, #101 ) ;
#591 = EDGE_CURVE ( 'NONE', #733, #2898, #1509, .T. ) ;
#592 = VECTOR ( 'NONE', #159, 1000.000000000000000 ) ;
#593 = DIRECTION ( 'NONE',  ( 1.000000000000000000, 0.000000000000000000, 0.000000000000000000 ) ) ;
#594 = VERTEX_POINT ( 'NONE', #2862 ) ;
#595 = CARTESIAN_POINT ( 'NONE',  ( -6.451199060691600096, 47.30097283015560095, -3.000000000000000000 ) ) ;
#596 = DIRECTION ( 'NONE',  ( 0.000000000000000000, 0.000000000000000000, -1.000000000000000000 ) ) ;
#597 = ORIENTED_EDGE ( 'NONE', *, *, #131, .F. ) ;
#598 = CARTESIAN_POINT ( 'NONE',  ( 0.000000000000000000, 36.50000000000000000, 12.50000000000000000 ) ) ;
#599 = CARTESIAN_POINT ( 'NONE',  ( -6.938893903907228378E-15, -45.00000000000000711, 3.000000000000000000 ) ) ;
#600 = ORIENTED_EDGE ( 'NONE', *, *, #1373, .F. ) ;
#601 = VERTEX_POINT ( 'NONE', #2201 ) ;
#602 = FACE_OUTER_BOUND ( 'NONE', #2569, .T. ) ;
#603 = CARTESIAN_POINT ( 'NONE',  ( -11.40533494712843954, -46.62529715448039980, 3.000000000000000000 ) ) ;
#604 = ORIENTED_EDGE ( 'NONE', *, *, #2413, .F. ) ;
#605 = DIRECTION ( 'NONE',  ( 0.000000000000000000, 0.000000000000000000, 1.000000000000000000 ) ) ;
#606 = DIRECTION ( 'NONE',  ( 1.000000000000000000, 0.000000000000000000, 0.000000000000000000 ) ) ;
#607 = DIRECTION ( 'NONE',  ( -0.000000000000000000, -0.000000000000000000, 1.000000000000000000 ) ) ;
#608 = AXIS2_PLACEMENT_3D ( 'NONE', #615, #628, #2451 ) ;
#609 = CIRCLE ( 'NONE', #469, 5.000000000000000000 ) ;
#610 = CIRCLE ( 'NONE', #2424, 2.500000000000002220 ) ;
#611 = AXIS2_PLACEMENT_3D ( 'NONE', #1671, #1460, #2839 ) ;
#612 = CARTESIAN_POINT ( 'NONE',  ( 0.000000000000000000, 0.000000000000000000, -3.000000000000000000 ) ) ;
#613 = CYLINDRICAL_SURFACE ( 'NONE', #2052, 2.500000000000002220 ) ;
#614 = EDGE_CURVE ( 'NONE', #911, #399, #2411, .T. ) ;
#615 = CARTESIAN_POINT ( 'NONE',  ( 0.000000000000000000, 0.000000000000000000, -3.000000000000002665 ) ) ;
#616 = AXIS2_PLACEMENT_3D ( 'NONE', #404, #1061, #1291 ) ;
#617 = VERTEX_POINT ( 'NONE', #2678 ) ;
#618 = CYLINDRICAL_SURFACE ( 'NONE', #1680, 2.100000000000000977 ) ;
#619 = LINE ( 'NONE', #1314, #1658 ) ;
#620 = EDGE_CURVE ( 'NONE', #1410, #321, #1633, .T. ) ;
#621 = EDGE_LOOP ( 'NONE', ( #2566, #2731, #1413, #2006 ) ) ;
#622 = PLANE ( 'NONE',  #392 ) ;
#623 = CARTESIAN_POINT ( 'NONE',  ( 0.000000000000000000, 0.000000000000000000, 3.000000000000000000 ) ) ;
#624 = CARTESIAN_POINT ( 'NONE',  ( 31.50000000000219913, 3.857637417314165055E-15, 12.50000000000000000 ) ) ;
#625 = ADVANCED_FACE ( 'NONE', ( #2892 ), #824, .F. ) ;
#626 = CARTESIAN_POINT ( 'NONE',  ( -2.100000000000000089, 36.50000000000000000, -3.000000000000000000 ) ) ;
#627 = LINE ( 'NONE', #410, #2699 ) ;
#628 = DIRECTION ( 'NONE',  ( 0.000000000000000000, 0.000000000000000000, -1.000000000000000000 ) ) ;
#629 = AXIS2_PLACEMENT_3D ( 'NONE', #2663, #1040, #1927 ) ;
#630 = AXIS2_PLACEMENT_3D ( 'NONE', #87, #990, #1895 ) ;
#631 = VERTEX_POINT ( 'NONE', #385 ) ;
#632 = DIRECTION ( 'NONE',  ( 0.000000000000000000, 0.000000000000000000, 1.000000000000000000 ) ) ;
#633 = VECTOR ( 'NONE', #997, 1000.000000000000000 ) ;
#634 = ORIENTED_EDGE ( 'NONE', *, *, #1701, .T. ) ;
#635 = AXIS2_PLACEMENT_3D ( 'NONE', #2315, #1187, #50 ) ;
#636 = CARTESIAN_POINT ( 'NONE',  ( 38.97114317029976149, 22.49999999999997158, -3.000000000000000000 ) ) ;
#637 = DIRECTION ( 'NONE',  ( 0.000000000000000000, 0.000000000000000000, 1.000000000000000000 ) ) ;
#638 = EDGE_CURVE ( 'NONE', #2287, #2021, #1303, .T. ) ;
#639 = AXIS2_PLACEMENT_3D ( 'NONE', #1870, #1454, #81 ) ;
#640 = PLANE ( 'NONE',  #1555 ) ;
#641 = CARTESIAN_POINT ( 'NONE',  ( -33.70992723813205316, 18.25000000000000000, 12.50000000000000000 ) ) ;
#642 = EDGE_CURVE ( 'NONE', #1832, #699, #2784, .T. ) ;
#643 = VECTOR ( 'NONE', #421, 1000.000000000000000 ) ;
#644 = ORIENTED_EDGE ( 'NONE', *, *, #2261, .F. ) ;
#645 = ORIENTED_EDGE ( 'NONE', *, *, #1933, .F. ) ;
#646 = DIRECTION ( 'NONE',  ( 0.000000000000000000, 0.000000000000000000, -1.000000000000000000 ) ) ;
#647 = ORIENTED_EDGE ( 'NONE', *, *, #1433, .F. ) ;
#648 = ADVANCED_FACE ( 'NONE', ( #2105 ), #2818, .F. ) ;
#649 = LINE ( 'NONE', #184, #2838 ) ;
#650 = CARTESIAN_POINT ( 'NONE',  ( -1.718811165076890080E-15, -2.344220913482294915E-16, -3.000000000000000000 ) ) ;
#651 = CARTESIAN_POINT ( 'NONE',  ( 31.60992723813180305, 18.25000000000034817, -3.000000000000000000 ) ) ;
#652 = CARTESIAN_POINT ( 'NONE',  ( 8.499368550834360984E-15, -1.097058470072635947E-14, 3.000000000000000000 ) ) ;
#653 = CARTESIAN_POINT ( 'NONE',  ( 2.100000000000000089, 36.50000000000000000, 12.50000000000000000 ) ) ;
#654 = DIRECTION ( 'NONE',  ( 0.000000000000000000, 0.000000000000000000, -1.000000000000000000 ) ) ;
#655 = EDGE_LOOP ( 'NONE', ( #670, #545, #2406, #302 ) ) ;
#656 = VERTEX_POINT ( 'NONE', #325 ) ;
#657 = ORIENTED_EDGE ( 'NONE', *, *, #2473, .F. ) ;
#658 = FACE_OUTER_BOUND ( 'NONE', #1603, .T. ) ;
#659 = CARTESIAN_POINT ( 'NONE',  ( -37.43579102398655323, 12.60204548509524081, -3.000000000000000000 ) ) ;
#660 = CIRCLE ( 'NONE', #611, 4.999999999999997335 ) ;
#661 = ORIENTED_EDGE ( 'NONE', *, *, #2155, .T. ) ;
#662 = DIRECTION ( 'NONE',  ( 1.000000000000000000, 0.000000000000000000, 0.000000000000000000 ) ) ;
#663 = CARTESIAN_POINT ( 'NONE',  ( 0.000000000000000000, 0.000000000000000000, 12.50000000000000000 ) ) ;
#664 = DIRECTION ( 'NONE',  ( -1.000000000000000000, 0.000000000000000000, 0.000000000000000000 ) ) ;
#665 = DIRECTION ( 'NONE',  ( -1.000000000000000000, 0.000000000000000000, 0.000000000000000000 ) ) ;
#666 = CIRCLE ( 'NONE', #900, 2.500000000000002220 ) ;
#667 = CARTESIAN_POINT ( 'NONE',  ( 2.548781377355489747E-13, -36.50000000000000000, 3.000000000000000000 ) ) ;
#668 = DIRECTION ( 'NONE',  ( -1.000000000000000000, 0.000000000000000000, 0.000000000000000000 ) ) ;
#669 = ORIENTED_EDGE ( 'NONE', *, *, #1355, .T. ) ;
#670 = ORIENTED_EDGE ( 'NONE', *, *, #2115, .F. ) ;
#671 = LINE ( 'NONE', #1631, #756 ) ;
#672 = CIRCLE ( 'NONE', #2096, 50.99999999999779732 ) ;
#673 = EDGE_LOOP ( 'NONE', ( #112, #763, #1167, #1312 ) ) ;
#674 = CARTESIAN_POINT ( 'NONE',  ( -11.40533494712843954, -46.62529715448039980, 3.000000000000000000 ) ) ;
#675 = CIRCLE ( 'NONE', #2352, 37.00000000000000000 ) ;
#676 = DIRECTION ( 'NONE',  ( -0.000000000000000000, -0.000000000000000000, -1.000000000000000000 ) ) ;
#677 = AXIS2_PLACEMENT_3D ( 'NONE', #2241, #1086, #2437 ) ;
#678 = CARTESIAN_POINT ( 'NONE',  ( 31.16269716326939943, 24.14303844818135047, 3.000000000000000000 ) ) ;
#679 = DIRECTION ( 'NONE',  ( -1.000000000000000000, 0.000000000000000000, 0.000000000000000000 ) ) ;
#680 = AXIS2_PLACEMENT_3D ( 'NONE', #2537, #2771, #1842 ) ;
#681 = EDGE_LOOP ( 'NONE', ( #795, #2871, #600, #1697 ) ) ;
#682 = CARTESIAN_POINT ( 'NONE',  ( -8.594055825384459277E-16, -1.172110456741086074E-16, -3.000000000000000000 ) ) ;
#683 = CARTESIAN_POINT ( 'NONE',  ( -1.312780192445198000E-15, -3.211490357878065121E-15, 3.000000000000000000 ) ) ;
#684 = ORIENTED_EDGE ( 'NONE', *, *, #2881, .F. ) ;
#685 = VECTOR ( 'NONE', #2740, 1000.000000000000000 ) ;
#686 = ORIENTED_EDGE ( 'NONE', *, *, #1531, .F. ) ;
#687 = CARTESIAN_POINT ( 'NONE',  ( 37.43579102398600611, 12.60204548509680045, -3.000000000000000000 ) ) ;
#688 = EDGE_LOOP ( 'NONE', ( #168, #150, #711, #1003 ) ) ;
#689 = ADVANCED_FACE ( 'NONE', ( #1228 ), #1836, .F. ) ;
#690 = DIRECTION ( 'NONE',  ( -1.000000000000000000, 0.000000000000000000, 0.000000000000000000 ) ) ;
#691 = LINE ( 'NONE', #1610, #1578 ) ;
#692 = DIRECTION ( 'NONE',  ( -1.000000000000000000, 0.000000000000000000, 0.000000000000000000 ) ) ;
#693 = ORIENTED_EDGE ( 'NONE', *, *, #1505, .T. ) ;
#694 = CARTESIAN_POINT ( 'NONE',  ( 7.804203982253969940, -38.72136878008539895, -3.000000000000000000 ) ) ;
#695 = CARTESIAN_POINT ( 'NONE',  ( -1.650000000000005240, -45.00000000000000711, -3.000000000000000000 ) ) ;
#696 = VERTEX_POINT ( 'NONE', #2751 ) ;
#697 = ORIENTED_EDGE ( 'NONE', *, *, #2169, .F. ) ;
#698 = EDGE_CURVE ( 'NONE', #2064, #1283, #691, .T. ) ;
#699 = VERTEX_POINT ( 'NONE', #473 ) ;
#700 = CARTESIAN_POINT ( 'NONE',  ( 2.100000000000000089, 36.50000000000000000, -3.000000000000000000 ) ) ;
#701 = VECTOR ( 'NONE', #157, 1000.000000000000000 ) ;
#702 = DIRECTION ( 'NONE',  ( 0.000000000000000000, 0.000000000000000000, -1.000000000000000000 ) ) ;
#703 = ORIENTED_EDGE ( 'NONE', *, *, #1675, .T. ) ;
#704 = AXIS2_PLACEMENT_3D ( 'NONE', #2812, #583, #787 ) ;
#705 = AXIS2_PLACEMENT_3D ( 'NONE', #75, #2551, #2491 ) ;
#706 = DIRECTION ( 'NONE',  ( -0.9908271772877482730, -0.1351351351351420260, 0.000000000000000000 ) ) ;
#707 = DIRECTION ( 'NONE',  ( 1.000000000000000000, 0.000000000000000000, 0.000000000000000000 ) ) ;
#708 = DIRECTION ( 'NONE',  ( 0.000000000000000000, 0.000000000000000000, -1.000000000000000000 ) ) ;
#709 = EDGE_CURVE ( 'NONE', #859, #2808, #2588, .T. ) ;
#710 = DIRECTION ( 'NONE',  ( 0.000000000000000000, 0.000000000000000000, 1.000000000000000000 ) ) ;
#711 = ORIENTED_EDGE ( 'NONE', *, *, #1372, .T. ) ;
#712 = CARTESIAN_POINT ( 'NONE',  ( -8.076818583829634690, 50.35637994895661507, 3.000000000000000000 ) ) ;
#713 = DIRECTION ( 'NONE',  ( -0.000000000000000000, -0.000000000000000000, -1.000000000000000000 ) ) ;
#714 = EDGE_CURVE ( 'NONE', #2955, #1283, #666, .T. ) ;
#715 = EDGE_CURVE ( 'NONE', #268, #1730, #434, .T. ) ;
#716 = ORIENTED_EDGE ( 'NONE', *, *, #891, .F. ) ;
#717 = ORIENTED_EDGE ( 'NONE', *, *, #1244, .F. ) ;
#718 = VERTEX_POINT ( 'NONE', #1415 ) ;
#719 = DIRECTION ( 'NONE',  ( 0.000000000000000000, 0.000000000000000000, -1.000000000000000000 ) ) ;
#720 = ORIENTED_EDGE ( 'NONE', *, *, #51, .F. ) ;
#721 = DIRECTION ( 'NONE',  ( 1.000000000000000000, 0.000000000000000000, 0.000000000000000000 ) ) ;
#722 = AXIS2_PLACEMENT_3D ( 'NONE', #1197, #2583, #1850 ) ;
#723 = ADVANCED_FACE ( 'NONE', ( #1791 ), #1172, .F. ) ;
#724 = CARTESIAN_POINT ( 'NONE',  ( 27.75617014035820063, -24.46620156745805019, -3.000000000000000000 ) ) ;
#725 = DIRECTION ( 'NONE',  ( 0.000000000000000000, 0.000000000000000000, -1.000000000000000000 ) ) ;
#726 = VECTOR ( 'NONE', #2852, 1000.000000000000000 ) ;
#727 = CARTESIAN_POINT ( 'NONE',  ( 35.06643716170899694, -11.80444766958263969, 12.50000000000000000 ) ) ;
#728 = ORIENTED_EDGE ( 'NONE', *, *, #2247, .F. ) ;
#729 = CIRCLE ( 'NONE', #2252, 37.00000000000000000 ) ;
#730 = CARTESIAN_POINT ( 'NONE',  ( 29.63158704173250158, 26.11932329499044769, 3.000000000000000000 ) ) ;
#731 = CARTESIAN_POINT ( 'NONE',  ( 29.63158704173250158, 26.11932329499044769, -3.000000000000000000 ) ) ;
#732 = AXIS2_PLACEMENT_3D ( 'NONE', #422, #1529, #2223 ) ;
#733 = VERTEX_POINT ( 'NONE', #1632 ) ;
#734 = ORIENTED_EDGE ( 'NONE', *, *, #2072, .T. ) ;
#735 = VECTOR ( 'NONE', #1249, 1000.000000000000000 ) ;
#736 = ADVANCED_FACE ( 'NONE', ( #1348, #1335, #1391, #2004 ), #2019, .F. ) ;
#737 = CARTESIAN_POINT ( 'NONE',  ( 0.000000000000000000, 0.000000000000000000, -3.000000000000000000 ) ) ;
#738 = ORIENTED_EDGE ( 'NONE', *, *, #2624, .F. ) ;
#739 = CYLINDRICAL_SURFACE ( 'NONE', #2639, 4.999999999999997335 ) ;
#740 = AXIS2_PLACEMENT_3D ( 'NONE', #2927, #2189, #177 ) ;
#741 = EDGE_CURVE ( 'NONE', #924, #2955, #266, .T. ) ;
#742 = CARTESIAN_POINT ( 'NONE',  ( -31.60992723813194871, -18.25000000000000000, -3.000000000000000000 ) ) ;
#743 = LINE ( 'NONE', #961, #2049 ) ;
#744 = DIRECTION ( 'NONE',  ( 0.000000000000000000, 0.000000000000000000, 1.000000000000000000 ) ) ;
#745 = VERTEX_POINT ( 'NONE', #1562 ) ;
#746 = CARTESIAN_POINT ( 'NONE',  ( 31.60992723813180305, 18.25000000000034817, -3.000000000000000000 ) ) ;
#747 = CARTESIAN_POINT ( 'NONE',  ( -37.32114317029973449, 22.50000000000001421, 3.000000000000000000 ) ) ;
#748 = EDGE_LOOP ( 'NONE', ( #697, #2356, #728, #2312 ) ) ;
#749 = VERTEX_POINT ( 'NONE', #2464 ) ;
#750 = CARTESIAN_POINT ( 'NONE',  ( -40.62114317029974586, -22.49999999999999645, 10.00100000000001010 ) ) ;
#751 = ADVANCED_FACE ( 'NONE', ( #1188 ), #378, .F. ) ;
#752 = ORIENTED_EDGE ( 'NONE', *, *, #1599, .F. ) ;
#753 = CARTESIAN_POINT ( 'NONE',  ( -31.16269716326954864, -24.14303844818115152, -3.000000000000000000 ) ) ;
#754 = VECTOR ( 'NONE', #152, 1000.000000000000000 ) ;
#755 = CIRCLE ( 'NONE', #2077, 1.649999999999991696 ) ;
#756 = VECTOR ( 'NONE', #2544, 1000.000000000000000 ) ;
#757 = DIRECTION ( 'NONE',  ( 0.000000000000000000, 0.000000000000000000, -1.000000000000000000 ) ) ;
#758 = FACE_OUTER_BOUND ( 'NONE', #53, .T. ) ;
#759 = ORIENTED_EDGE ( 'NONE', *, *, #1982, .F. ) ;
#760 = CARTESIAN_POINT ( 'NONE',  ( -8.076818583827643394, -50.35637994895693481, 3.000000000000000000 ) ) ;
#761 = CARTESIAN_POINT ( 'NONE',  ( -1.336375680847296063E-12, 1.822631760231464983E-13, 12.50000000000000000 ) ) ;
#762 = ORIENTED_EDGE ( 'NONE', *, *, #1194, .F. ) ;
#763 = ORIENTED_EDGE ( 'NONE', *, *, #1887, .T. ) ;
#764 = LINE ( 'NONE', #1920, #2845 ) ;
#765 = EDGE_LOOP ( 'NONE', ( #1527, #1392, #237, #480 ) ) ;
#766 = VERTEX_POINT ( 'NONE', #1420 ) ;
#767 = FACE_BOUND ( 'NONE', #66, .T. ) ;
#768 = AXIS2_PLACEMENT_3D ( 'NONE', #783, #1483, #125 ) ;
#769 = CARTESIAN_POINT ( 'NONE',  ( 46.08135926834319918, -13.43533877435421964, 3.000000000000000000 ) ) ;
#770 = ORIENTED_EDGE ( 'NONE', *, *, #2909, .F. ) ;
#771 = DIRECTION ( 'NONE',  ( -1.000000000000000000, 0.000000000000000000, 0.000000000000000000 ) ) ;
#772 = CARTESIAN_POINT ( 'NONE',  ( 8.201890651554349791E-13, 1.058661423620156179E-12, 12.50000000000000000 ) ) ;
#773 = AXIS2_PLACEMENT_3D ( 'NONE', #1404, #708, #1180 ) ;
#774 = ORIENTED_EDGE ( 'NONE', *, *, #2218, .T. ) ;
#775 = ORIENTED_EDGE ( 'NONE', *, *, #2691, .T. ) ;
#776 = DIRECTION ( 'NONE',  ( -1.000000000000000000, 1.387778780781445478E-15, 0.000000000000000000 ) ) ;
#777 = CIRCLE ( 'NONE', #1352, 37.00000000000000000 ) ;
#778 = ORIENTED_EDGE ( 'NONE', *, *, #2953, .T. ) ;
#779 = FACE_BOUND ( 'NONE', #2863, .T. ) ;
#780 = AXIS2_PLACEMENT_3D ( 'NONE', #730, #2788, #1856 ) ;
#781 = ORIENTED_EDGE ( 'NONE', *, *, #1435, .F. ) ;
#782 = CARTESIAN_POINT ( 'NONE',  ( -47.64831357033190784, -18.18345989912535288, 3.000000000000000000 ) ) ;
#783 = CARTESIAN_POINT ( 'NONE',  ( 0.000000000000000000, 0.000000000000000000, 12.50000000000000000 ) ) ;
#784 = ORIENTED_EDGE ( 'NONE', *, *, #396, .T. ) ;
#785 = CARTESIAN_POINT ( 'NONE',  ( 0.000000000000000000, 45.00000000000000711, 10.00100000000001010 ) ) ;
#786 = DIRECTION ( 'NONE',  ( 0.000000000000000000, 0.000000000000000000, 1.000000000000000000 ) ) ;
#787 = DIRECTION ( 'NONE',  ( -1.000000000000000000, 0.000000000000000000, 0.000000000000000000 ) ) ;
#788 = ORIENTED_EDGE ( 'NONE', *, *, #789, .T. ) ;
#789 = EDGE_CURVE ( 'NONE', #2632, #696, #533, .T. ) ;
#790 = ORIENTED_EDGE ( 'NONE', *, *, #1200, .T. ) ;
#791 = DIRECTION ( 'NONE',  ( 0.000000000000000000, 0.000000000000000000, -1.000000000000000000 ) ) ;
#792 = ORIENTED_EDGE ( 'NONE', *, *, #1524, .F. ) ;
#793 = AXIS2_PLACEMENT_3D ( 'NONE', #810, #1512, #347 ) ;
#794 = DIRECTION ( 'NONE',  ( 0.000000000000000000, 0.000000000000000000, 1.000000000000000000 ) ) ;
#795 = ORIENTED_EDGE ( 'NONE', *, *, #2218, .F. ) ;
#796 = CARTESIAN_POINT ( 'NONE',  ( 0.000000000000000000, 0.000000000000000000, -3.000000000000000000 ) ) ;
#797 = VECTOR ( 'NONE', #719, 1000.000000000000000 ) ;
#798 = CARTESIAN_POINT ( 'NONE',  ( 38.97114317029974018, -22.50000000000002487, 3.000000000000000000 ) ) ;
#799 = EDGE_CURVE ( 'NONE', #2117, #1080, #1246, .T. ) ;
#800 = FACE_BOUND ( 'NONE', #1484, .T. ) ;
#801 = DIRECTION ( 'NONE',  ( -0.000000000000000000, -0.000000000000000000, -1.000000000000000000 ) ) ;
#802 = ORIENTED_EDGE ( 'NONE', *, *, #2648, .F. ) ;
#803 = ORIENTED_EDGE ( 'NONE', *, *, #2208, .F. ) ;
#804 = CARTESIAN_POINT ( 'NONE',  ( -37.43579102398655323, 12.60204548509524081, 12.50000000000000000 ) ) ;
#805 = CARTESIAN_POINT ( 'NONE',  ( -37.43579102398609848, -12.60204548509654110, 3.000000000000000000 ) ) ;
#806 = AXIS2_PLACEMENT_3D ( 'NONE', #46, #92, #707 ) ;
#807 = CARTESIAN_POINT ( 'NONE',  ( -37.32114317029973449, 22.50000000000001421, -3.000000000000000000 ) ) ;
#808 = CARTESIAN_POINT ( 'NONE',  ( 44.18944362497715872, 18.06358414365049825, 12.50000000000000000 ) ) ;
#809 = ORIENTED_EDGE ( 'NONE', *, *, #2801, .F. ) ;
#810 = CARTESIAN_POINT ( 'NONE',  ( 0.000000000000000000, 0.000000000000000000, -3.000000000000000000 ) ) ;
#811 = CARTESIAN_POINT ( 'NONE',  ( 39.57149498650250763, 32.17292004983355014, 0.000000000000000000 ) ) ;
#812 = AXIS2_PLACEMENT_3D ( 'NONE', #1863, #518, #956 ) ;
#813 = ORIENTED_EDGE ( 'NONE', *, *, #1126, .F. ) ;
#814 = CARTESIAN_POINT ( 'NONE',  ( 27.75617014035699981, 24.46620156745940022, -3.000000000000000000 ) ) ;
#815 = DIRECTION ( 'NONE',  ( -1.000000000000000000, 0.000000000000000000, 0.000000000000000000 ) ) ;
#816 = ORIENTED_EDGE ( 'NONE', *, *, #298, .T. ) ;
#817 = ADVANCED_FACE ( 'NONE', ( #88 ), #957, .F. ) ;
#818 = CIRCLE ( 'NONE', #2693, 37.00000000000000000 ) ;
#819 = ORIENTED_EDGE ( 'NONE', *, *, #54, .F. ) ;
#820 = AXIS2_PLACEMENT_3D ( 'NONE', #1742, #2010, #1771 ) ;
#821 = CYLINDRICAL_SURFACE ( 'NONE', #196, 1.650000000000005684 ) ;
#822 = FACE_OUTER_BOUND ( 'NONE', #554, .T. ) ;
#823 = CIRCLE ( 'NONE', #1026, 5.000000000000000888 ) ;
#824 = CYLINDRICAL_SURFACE ( 'NONE', #2193, 5.000000000000000888 ) ;
#825 = ORIENTED_EDGE ( 'NONE', *, *, #2476, .F. ) ;
#826 = DIRECTION ( 'NONE',  ( -0.9256490738587607181, -0.3783831286730663934, 0.000000000000000000 ) ) ;
#827 = CARTESIAN_POINT ( 'NONE',  ( 0.000000000000000000, 0.000000000000000000, 3.000000000000000000 ) ) ;
#828 = CARTESIAN_POINT ( 'NONE',  ( 35.06643716170840008, 11.80444766958433966, 12.50000000000000000 ) ) ;
#829 = CARTESIAN_POINT ( 'NONE',  ( 31.16269716327050077, -24.14303844817980149, 3.000000000000000000 ) ) ;
#830 = EDGE_CURVE ( 'NONE', #1324, #2367, #2584, .T. ) ;
#831 = ORIENTED_EDGE ( 'NONE', *, *, #1254, .T. ) ;
#832 = VERTEX_POINT ( 'NONE', #2245 ) ;
#833 = CARTESIAN_POINT ( 'NONE',  ( 37.43579102398600611, 12.60204548509680045, 12.50000000000000000 ) ) ;
#834 = DIRECTION ( 'NONE',  ( -0.7905139387236905790, 0.6124440486146935925, 0.000000000000000000 ) ) ;
#835 = EDGE_CURVE ( 'NONE', #306, #749, #2772, .T. ) ;
#836 = ORIENTED_EDGE ( 'NONE', *, *, #2165, .F. ) ;
#837 = DIRECTION ( 'NONE',  ( 0.000000000000000000, 0.000000000000000000, 1.000000000000000000 ) ) ;
#838 = LINE ( 'NONE', #1735, #1841 ) ;
#839 = CARTESIAN_POINT ( 'NONE',  ( 5.327136039034600756, -39.05920661792325177, 3.000000000000000000 ) ) ;
#840 = CIRCLE ( 'NONE', #2573, 2.100000000000000977 ) ;
#841 = EDGE_LOOP ( 'NONE', ( #644, #1048, #99, #1183 ) ) ;
#842 = AXIS2_PLACEMENT_3D ( 'NONE', #1395, #1848, #1427 ) ;
#843 = CARTESIAN_POINT ( 'NONE',  ( 29.63158704173374858, -26.11932329498899819, 3.000000000000000000 ) ) ;
#844 = DIRECTION ( 'NONE',  ( 0.000000000000000000, 0.000000000000000000, -1.000000000000000000 ) ) ;
#845 = VERTEX_POINT ( 'NONE', #2323 ) ;
#846 = AXIS2_PLACEMENT_3D ( 'NONE', #1034, #988, #2761 ) ;
#847 = EDGE_CURVE ( 'NONE', #2391, #1517, #2568, .T. ) ;
#848 = ORIENTED_EDGE ( 'NONE', *, *, #2030, .F. ) ;
#849 = CARTESIAN_POINT ( 'NONE',  ( 2.548781377355489747E-13, -36.50000000000000000, 12.50000000000000000 ) ) ;
#850 = ADVANCED_FACE ( 'NONE', ( #1400 ), #1864, .F. ) ;
#851 = ADVANCED_FACE ( 'NONE', ( #2172, #1043, #2415, #374 ), #1305, .F. ) ;
#852 = ORIENTED_EDGE ( 'NONE', *, *, #715, .T. ) ;
#853 = DIRECTION ( 'NONE',  ( 0.000000000000000000, 0.000000000000000000, -1.000000000000000000 ) ) ;
#854 = DIRECTION ( 'NONE',  ( 1.000000000000000000, 0.000000000000000000, 0.000000000000000000 ) ) ;
#855 = EDGE_CURVE ( 'NONE', #391, #1803, #1482, .T. ) ;
#856 = EDGE_CURVE ( 'NONE', #2287, #1705, #2204, .T. ) ;
#857 = CARTESIAN_POINT ( 'NONE',  ( 40.62114317029973165, -22.50000000000002487, -3.000000000000000000 ) ) ;
#858 = DIRECTION ( 'NONE',  ( -0.000000000000000000, -0.000000000000000000, -1.000000000000000000 ) ) ;
#859 = VERTEX_POINT ( 'NONE', #1783 ) ;
#860 = CIRCLE ( 'NONE', #2296, 1.649999999999998357 ) ;
#861 = AXIS2_PLACEMENT_3D ( 'NONE', #334, #942, #886 ) ;
#862 = ORIENTED_EDGE ( 'NONE', *, *, #642, .T. ) ;
#863 = VECTOR ( 'NONE', #174, 1000.000000000000000 ) ;
#864 = DIRECTION ( 'NONE',  ( 0.000000000000000000, 0.000000000000000000, 1.000000000000000000 ) ) ;
#865 = AXIS2_PLACEMENT_3D ( 'NONE', #2015, #2713, #2941 ) ;
#866 = EDGE_LOOP ( 'NONE', ( #940, #256, #1605, #2273 ) ) ;
#867 = PRODUCT_DEFINITION_FORMATION_WITH_SPECIFIED_SOURCE ( 'å¯', '', #1013, .NOT_KNOWN. ) ;
#868 = ADVANCED_FACE ( 'NONE', ( #2972 ), #1810, .F. ) ;
#869 = AXIS2_PLACEMENT_3D ( 'NONE', #2233, #1103, #472 ) ;
#870 = VECTOR ( 'NONE', #1976, 1000.000000000000000 ) ;
#871 = DIRECTION ( 'NONE',  ( -1.000000000000000000, 0.000000000000000000, 0.000000000000000000 ) ) ;
#872 = DIRECTION ( 'NONE',  ( 0.000000000000000000, 0.000000000000000000, -1.000000000000000000 ) ) ;
#873 = ORIENTED_EDGE ( 'NONE', *, *, #2361, .F. ) ;
#874 = CIRCLE ( 'NONE', #1774, 2.099999999999997868 ) ;
#875 = LINE ( 'NONE', #682, #2160 ) ;
#876 = LINE ( 'NONE', #653, #1897 ) ;
#877 = CARTESIAN_POINT ( 'NONE',  ( -35.06643716170849956, -11.80444766958409986, -3.000000000000000000 ) ) ;
#878 = AXIS2_PLACEMENT_3D ( 'NONE', #932, #492, #2480 ) ;
#879 = ORIENTED_EDGE ( 'NONE', *, *, #2763, .F. ) ;
#880 = ORIENTED_EDGE ( 'NONE', *, *, #2058, .F. ) ;
#881 = DIRECTION ( 'NONE',  ( 0.000000000000000000, 0.000000000000000000, 1.000000000000000000 ) ) ;
#882 = DIRECTION ( 'NONE',  ( -1.000000000000000000, 0.000000000000000000, 0.000000000000000000 ) ) ;
#883 = AXIS2_PLACEMENT_3D ( 'NONE', #2888, #2874, #355 ) ;
#884 = VERTEX_POINT ( 'NONE', #213 ) ;
#885 = EDGE_CURVE ( 'NONE', #2923, #2966, #2724, .T. ) ;
#886 = DIRECTION ( 'NONE',  ( -1.000000000000000000, -4.163336342344339393E-15, 0.000000000000000000 ) ) ;
#887 = CARTESIAN_POINT ( 'NONE',  ( 0.000000000000000000, 0.000000000000000000, -5.000000000000000000 ) ) ;
#888 = EDGE_CURVE ( 'NONE', #34, #2117, #876, .T. ) ;
#889 = DIRECTION ( 'NONE',  ( -1.000000000000000000, 0.000000000000000000, 0.000000000000000000 ) ) ;
#890 = LINE ( 'NONE', #1134, #685 ) ;
#891 = EDGE_CURVE ( 'NONE', #549, #859, #2677, .T. ) ;
#892 = DIRECTION ( 'NONE',  ( 0.000000000000000000, 0.000000000000000000, 1.000000000000000000 ) ) ;
#893 = EDGE_LOOP ( 'NONE', ( #2385, #1442 ) ) ;
#894 = VECTOR ( 'NONE', #2013, 1000.000000000000000 ) ;
#895 = ORIENTED_EDGE ( 'NONE', *, *, #709, .F. ) ;
#896 = CARTESIAN_POINT ( 'NONE',  ( 1.649999999999999689, 45.00000000000000711, 3.000000000000000000 ) ) ;
#897 = ORIENTED_EDGE ( 'NONE', *, *, #2165, .T. ) ;
#898 = CYLINDRICAL_SURFACE ( 'NONE', #1039, 54.99999999999779021 ) ;
#899 = CARTESIAN_POINT ( 'NONE',  ( 0.000000000000000000, 0.000000000000000000, -3.000000000000000000 ) ) ;
#900 = AXIS2_PLACEMENT_3D ( 'NONE', #659, #2303, #2513 ) ;
#901 = ORIENTED_EDGE ( 'NONE', *, *, #205, .T. ) ;
#902 = CARTESIAN_POINT ( 'NONE',  ( 2.100000000000254996, -36.50000000000000000, 12.50000000000000000 ) ) ;
#903 = DIRECTION ( 'NONE',  ( -1.000000000000000000, -2.775557561562891745E-15, 0.000000000000000000 ) ) ;
#904 = CARTESIAN_POINT ( 'NONE',  ( -37.73824456428744867, 29.23738868650560363, -3.000000000000000000 ) ) ;
#905 = ORIENTED_EDGE ( 'NONE', *, *, #1531, .T. ) ;
#906 = EDGE_LOOP ( 'NONE', ( #2498, #1781, #784, #337, #412, #198, #1115, #439, #1653, #1635, #2776, #1936, #2580, #2436, #1564, #2343, #2757, #1217, #2884, #1993, #1153, #2681, #1820, #1463, #669, #1251, #1375, #2162, #108, #2083, #734, #2221, #1221, #539, #1649, #140, #1130, #1919, #982, #1816, #453, #246, #183, #738, #2484, #2259, #2040, #1889, #1831, #1502, #831, #413, #585 ) ) ;
#907 = ORIENTED_EDGE ( 'NONE', *, *, #6, .F. ) ;
#908 = CARTESIAN_POINT ( 'NONE',  ( 31.16269716327050077, -24.14303844817980149, -3.000000000000000000 ) ) ;
#909 = EDGE_CURVE ( 'NONE', #56, #1719, #308, .T. ) ;
#910 = VECTOR ( 'NONE', #1006, 1000.000000000000000 ) ;
#911 = VERTEX_POINT ( 'NONE', #2087 ) ;
#912 = VECTOR ( 'NONE', #2355, 1000.000000000000000 ) ;
#913 = DIRECTION ( 'NONE',  ( 0.3783831286730730548, -0.9256490738587581646, 0.000000000000000000 ) ) ;
#914 = CIRCLE ( 'NONE', #2548, 1.650000000000005684 ) ;
#915 = CARTESIAN_POINT ( 'NONE',  ( -40.62114317029974586, 22.50000000000001421, 3.000000000000000000 ) ) ;
#916 = AXIS2_PLACEMENT_3D ( 'NONE', #364, #858, #2238 ) ;
#917 = ADVANCED_FACE ( 'NONE', ( #2129 ), #1047, .T. ) ;
#918 = EDGE_LOOP ( 'NONE', ( #1393, #2225, #2059, #2177 ) ) ;
#919 = DIRECTION ( 'NONE',  ( -1.000000000000000000, 0.000000000000000000, 0.000000000000000000 ) ) ;
#920 = FACE_OUTER_BOUND ( 'NONE', #102, .T. ) ;
#921 = ORIENTED_EDGE ( 'NONE', *, *, #943, .T. ) ;
#922 = VECTOR ( 'NONE', #2728, 1000.000000000000000 ) ;
#923 = VERTEX_POINT ( 'NONE', #2390 ) ;
#924 = VERTEX_POINT ( 'NONE', #2161 ) ;
#925 = EDGE_CURVE ( 'NONE', #2367, #2095, #2922, .T. ) ;
#926 = CARTESIAN_POINT ( 'NONE',  ( 0.000000000000000000, 0.000000000000000000, 10.00000000000000888 ) ) ;
#927 = VERTEX_POINT ( 'NONE', #2547 ) ;
#928 = DIRECTION ( 'NONE',  ( 0.000000000000000000, 0.000000000000000000, 1.000000000000000000 ) ) ;
#929 = CYLINDRICAL_SURFACE ( 'NONE', #491, 2.100000000000000089 ) ;
#930 = CARTESIAN_POINT ( 'NONE',  ( 31.60992723813219740, -18.24999999999970157, 3.000000000000000000 ) ) ;
#931 = EDGE_LOOP ( 'NONE', ( #1859, #792 ) ) ;
#932 = CARTESIAN_POINT ( 'NONE',  ( -38.97114317029975439, -22.49999999999999645, 10.00100000000001010 ) ) ;
#933 = DIRECTION ( 'NONE',  ( -0.000000000000000000, -0.000000000000000000, -1.000000000000000000 ) ) ;
#934 = ORIENTED_EDGE ( 'NONE', *, *, #1355, .F. ) ;
#935 = VERTEX_POINT ( 'NONE', #939 ) ;
#936 = ORIENTED_EDGE ( 'NONE', *, *, #6, .T. ) ;
#937 = DIRECTION ( 'NONE',  ( 0.000000000000000000, 0.000000000000000000, -1.000000000000000000 ) ) ;
#938 = VECTOR ( 'NONE', #1042, 1000.000000000000000 ) ;
#939 = CARTESIAN_POINT ( 'NONE',  ( 35.06643716170840008, 11.80444766958433966, 3.000000000000000000 ) ) ;
#940 = ORIENTED_EDGE ( 'NONE', *, *, #847, .F. ) ;
#941 = CIRCLE ( 'NONE', #1891, 5.000000000000000888 ) ;
#942 = DIRECTION ( 'NONE',  ( 0.000000000000000000, 0.000000000000000000, 1.000000000000000000 ) ) ;
#943 = EDGE_CURVE ( 'NONE', #1583, #2120, #2016, .T. ) ;
#944 = CARTESIAN_POINT ( 'NONE',  ( 37.73824456428764762, -29.23738868650535139, 3.000000000000000000 ) ) ;
#945 = CARTESIAN_POINT ( 'NONE',  ( 40.62114317029973165, -22.50000000000002487, 3.000000000000000000 ) ) ;
#946 = EDGE_CURVE ( 'NONE', #1029, #1965, #1647, .T. ) ;
#947 = DIRECTION ( 'NONE',  ( 0.000000000000000000, 0.000000000000000000, -1.000000000000000000 ) ) ;
#948 = ORIENTED_EDGE ( 'NONE', *, *, #614, .F. ) ;
#949 = CARTESIAN_POINT ( 'NONE',  ( 37.43579102398665270, -12.60204548509500100, -3.000000000000000000 ) ) ;
#950 = LINE ( 'NONE', #683, #1918 ) ;
#951 = ADVANCED_FACE ( 'NONE', ( #2404 ), #1765, .F. ) ;
#952 = VERTEX_POINT ( 'NONE', #814 ) ;
#953 = ORIENTED_EDGE ( 'NONE', *, *, #2565, .F. ) ;
#954 = LINE ( 'NONE', #454, #2474 ) ;
#955 = ORIENTED_EDGE ( 'NONE', *, *, #855, .F. ) ;
#956 = DIRECTION ( 'NONE',  ( -1.000000000000000000, 0.000000000000000000, 0.000000000000000000 ) ) ;
#957 = PLANE ( 'NONE',  #705 ) ;
#958 = CIRCLE ( 'NONE', #2690, 2.100000000000000089 ) ;
#959 = CYLINDRICAL_SURFACE ( 'NONE', #2305, 2.500000000000002220 ) ;
#960 = CIRCLE ( 'NONE', #1264, 50.99999999999779732 ) ;
#961 = CARTESIAN_POINT ( 'NONE',  ( 8.201890651554349791E-13, 1.058661423620156179E-12, -3.000000000000000000 ) ) ;
#962 = CARTESIAN_POINT ( 'NONE',  ( 0.000000000000000000, 0.000000000000000000, 10.00000000000000000 ) ) ;
#963 = CIRCLE ( 'NONE', #318, 2.100000000000000089 ) ;
#964 = VECTOR ( 'NONE', #1640, 1000.000000000000227 ) ;
#965 = DIRECTION ( 'NONE',  ( 0.000000000000000000, 0.000000000000000000, -1.000000000000000000 ) ) ;
#966 = LINE ( 'NONE', #2127, #2651 ) ;
#967 = CIRCLE ( 'NONE', #1116, 50.99999999999779732 ) ;
#968 = ORIENTED_EDGE ( 'NONE', *, *, #1099, .T. ) ;
#969 = VERTEX_POINT ( 'NONE', #2666 ) ;
#970 = AXIS2_PLACEMENT_3D ( 'NONE', #82, #2833, #1886 ) ;
#971 = DIRECTION ( 'NONE',  ( 0.000000000000000000, 0.000000000000000000, -1.000000000000000000 ) ) ;
#972 = AXIS2_PLACEMENT_3D ( 'NONE', #1165, #29, #1248 ) ;
#973 = VERTEX_POINT ( 'NONE', #204 ) ;
#974 = FACE_BOUND ( 'NONE', #2328, .T. ) ;
#975 = EDGE_CURVE ( 'NONE', #280, #911, #2853, .T. ) ;
#976 = DIRECTION ( 'NONE',  ( -0.1351351351351420260, 0.9908271772877481620, 0.000000000000000000 ) ) ;
#977 = CYLINDRICAL_SURFACE ( 'NONE', #2796, 4.999999999999997335 ) ;
#978 = ORIENTED_EDGE ( 'NONE', *, *, #122, .F. ) ;
#979 = CARTESIAN_POINT ( 'NONE',  ( 27.75617014035699981, 24.46620156745940022, 12.50000000000000000 ) ) ;
#980 = DIRECTION ( 'NONE',  ( 0.000000000000000000, 0.000000000000000000, -1.000000000000000000 ) ) ;
#981 = CARTESIAN_POINT ( 'NONE',  ( 6.451199060691930498, -47.30097283015560095, -3.000000000000000000 ) ) ;
#982 = ORIENTED_EDGE ( 'NONE', *, *, #925, .T. ) ;
#983 = ORIENTED_EDGE ( 'NONE', *, *, #1698, .F. ) ;
#984 = EDGE_CURVE ( 'NONE', #2762, #2183, #1333, .T. ) ;
#985 = DIRECTION ( 'NONE',  ( 0.000000000000000000, 0.000000000000000000, -1.000000000000000000 ) ) ;
#986 = ADVANCED_FACE ( 'NONE', ( #2880, #1710, #1321, #363, #388, #1308, #2237, #2174, #2698, #800, #377, #2207, #1081, #1989 ), #640, .T. ) ;
#987 = ADVANCED_FACE ( 'NONE', ( #1528 ), #2222, .F. ) ;
#988 = DIRECTION ( 'NONE',  ( 0.000000000000000000, 0.000000000000000000, 1.000000000000000000 ) ) ;
#989 = ORIENTED_EDGE ( 'NONE', *, *, #1273, .F. ) ;
#990 = DIRECTION ( 'NONE',  ( 0.000000000000000000, 0.000000000000000000, 1.000000000000000000 ) ) ;
#991 = AXIS2_PLACEMENT_3D ( 'NONE', #2684, #2930, #1767 ) ;
#992 = AXIS2_PLACEMENT_3D ( 'NONE', #1624, #475, #1181 ) ;
#993 = CIRCLE ( 'NONE', #2721, 50.99999999999779732 ) ;
#994 = VECTOR ( 'NONE', #801, 1000.000000000000000 ) ;
#995 = ORIENTED_EDGE ( 'NONE', *, *, #577, .T. ) ;
#996 = DIRECTION ( 'NONE',  ( -1.000000000000000000, 0.000000000000000000, 0.000000000000000000 ) ) ;
#997 = DIRECTION ( 'NONE',  ( -0.000000000000000000, -0.000000000000000000, -1.000000000000000000 ) ) ;
#998 = AXIS2_PLACEMENT_3D ( 'NONE', #1184, #2575, #2357 ) ;
#999 = ORIENTED_EDGE ( 'NONE', *, *, #2332, .F. ) ;
#1000 = CARTESIAN_POINT ( 'NONE',  ( 2.548781377355489747E-13, -36.50000000000000000, -3.000000000000000000 ) ) ;
#1001 = DIRECTION ( 'NONE',  ( -1.000000000000000000, 0.000000000000000000, 0.000000000000000000 ) ) ;
#1002 = DIRECTION ( 'NONE',  ( 0.000000000000000000, 0.000000000000000000, 1.000000000000000000 ) ) ;
#1003 = ORIENTED_EDGE ( 'NONE', *, *, #2188, .F. ) ;
#1004 = CARTESIAN_POINT ( 'NONE',  ( -6.451199060691600096, 47.30097283015560095, -3.000000000000000000 ) ) ;
#1005 = VERTEX_POINT ( 'NONE', #188 ) ;
#1006 = DIRECTION ( 'NONE',  ( -0.000000000000000000, -0.000000000000000000, -1.000000000000000000 ) ) ;
#1007 = VERTEX_POINT ( 'NONE', #2914 ) ;
#1008 =( LENGTH_UNIT ( ) NAMED_UNIT ( * ) SI_UNIT ( .MILLI., .METRE. ) );
#1009 = AXIS2_PLACEMENT_3D ( 'NONE', #1262, #1276, #2167 ) ;
#1010 = AXIS2_PLACEMENT_3D ( 'NONE', #1553, #2723, #1089 ) ;
#1011 = LINE ( 'NONE', #171, #2145 ) ;
#1012 = EDGE_LOOP ( 'NONE', ( #645, #1035, #873, #2594 ) ) ;
#1013 = PRODUCT ( '120mm wA', '120mm wA', '', ( #553 ) ) ;
#1014 = PLANE ( 'NONE',  #2311 ) ;
#1015 = DIRECTION ( 'NONE',  ( 1.000000000000000000, 0.000000000000000000, 0.000000000000000000 ) ) ;
#1016 = ADVANCED_FACE ( 'NONE', ( #1725 ), #2654, .F. ) ;
#1017 = AXIS2_PLACEMENT_3D ( 'NONE', #1079, #1721, #581 ) ;
#1018 = VERTEX_POINT ( 'NONE', #1294 ) ;
#1019 = CARTESIAN_POINT ( 'NONE',  ( -8.076818583829632914, 50.35637994895660796, 0.000000000000000000 ) ) ;
#1020 = AXIS2_PLACEMENT_3D ( 'NONE', #2196, #646, #1967 ) ;
#1021 = ORIENTED_EDGE ( 'NONE', *, *, #1435, .T. ) ;
#1022 = AXIS2_PLACEMENT_3D ( 'NONE', #1474, #2388, #2349 ) ;
#1023 = DIRECTION ( 'NONE',  ( 0.000000000000000000, 0.000000000000000000, -1.000000000000000000 ) ) ;
#1024 = EDGE_LOOP ( 'NONE', ( #1574, #634, #1952, #1378 ) ) ;
#1025 = DIRECTION ( 'NONE',  ( -1.000000000000000000, 0.000000000000000000, 0.000000000000000000 ) ) ;
#1026 = AXIS2_PLACEMENT_3D ( 'NONE', #336, #965, #1469 ) ;
#1027 = EDGE_CURVE ( 'NONE', #1583, #1085, #1922, .T. ) ;
#1028 = CYLINDRICAL_SURFACE ( 'NONE', #2689, 2.099999999999997868 ) ;
#1029 = VERTEX_POINT ( 'NONE', #857 ) ;
#1030 = CARTESIAN_POINT ( 'NONE',  ( -38.97114317029975439, -22.49999999999999645, -3.000000000000000000 ) ) ;
#1031 = DIRECTION ( 'NONE',  ( 1.000000000000000000, 0.000000000000000000, 0.000000000000000000 ) ) ;
#1032 = CARTESIAN_POINT ( 'NONE',  ( 34.93579102398659586, -12.60204548509500100, 3.000000000000000000 ) ) ;
#1033 = ORIENTED_EDGE ( 'NONE', *, *, #2791, .T. ) ;
#1034 = CARTESIAN_POINT ( 'NONE',  ( -11.40533494712843954, -46.62529715448039980, -3.000000000000000000 ) ) ;
#1035 = ORIENTED_EDGE ( 'NONE', *, *, #2943, .F. ) ;
#1036 = DIRECTION ( 'NONE',  ( 0.000000000000000000, 0.000000000000000000, -1.000000000000000000 ) ) ;
#1037 = FACE_OUTER_BOUND ( 'NONE', #1101, .T. ) ;
#1038 = ORIENTED_EDGE ( 'NONE', *, *, #1892, .T. ) ;
#1039 = AXIS2_PLACEMENT_3D ( 'NONE', #1997, #676, #419 ) ;
#1040 = DIRECTION ( 'NONE',  ( -0.000000000000000000, -0.000000000000000000, -1.000000000000000000 ) ) ;
#1041 = ORIENTED_EDGE ( 'NONE', *, *, #526, .T. ) ;
#1042 = DIRECTION ( 'NONE',  ( -0.000000000000000000, -0.000000000000000000, -1.000000000000000000 ) ) ;
#1043 = FACE_BOUND ( 'NONE', #1445, .T. ) ;
#1044 = VECTOR ( 'NONE', #632, 1000.000000000000000 ) ;
#1045 = CARTESIAN_POINT ( 'NONE',  ( 37.43579102398600611, 12.60204548509680045, 3.000000000000000000 ) ) ;
#1046 = ORIENTED_EDGE ( 'NONE', *, *, #1216, .T. ) ;
#1047 = CYLINDRICAL_SURFACE ( 'NONE', #2524, 37.00000000000000000 ) ;
#1048 = ORIENTED_EDGE ( 'NONE', *, *, #51, .T. ) ;
#1049 = CARTESIAN_POINT ( 'NONE',  ( -27.75617014035805141, 24.46620156745824914, 12.50000000000000000 ) ) ;
#1050 = DIRECTION ( 'NONE',  ( 0.000000000000000000, 0.000000000000000000, 1.000000000000000000 ) ) ;
#1051 = ORIENTED_EDGE ( 'NONE', *, *, #1737, .F. ) ;
#1052 = ORIENTED_EDGE ( 'NONE', *, *, #1698, .T. ) ;
#1053 = DIRECTION ( 'NONE',  ( 0.000000000000000000, 0.000000000000000000, 1.000000000000000000 ) ) ;
#1054 = DIRECTION ( 'NONE',  ( 1.000000000000000000, 0.000000000000000000, 0.000000000000000000 ) ) ;
#1055 = EDGE_CURVE ( 'NONE', #285, #2471, #1975, .T. ) ;
#1056 = VERTEX_POINT ( 'NONE', #2432 ) ;
#1057 = DIRECTION ( 'NONE',  ( 0.000000000000000000, 0.000000000000000000, 1.000000000000000000 ) ) ;
#1058 = ORIENTED_EDGE ( 'NONE', *, *, #161, .T. ) ;
#1059 = EDGE_CURVE ( 'NONE', #1297, #2287, #2313, .T. ) ;
#1060 = CARTESIAN_POINT ( 'NONE',  ( -1.649999999999999689, 45.00000000000000711, 10.00100000000001010 ) ) ;
#1061 = DIRECTION ( 'NONE',  ( 0.000000000000000000, 0.000000000000000000, -1.000000000000000000 ) ) ;
#1062 = DIRECTION ( 'NONE',  ( -0.000000000000000000, -0.000000000000000000, -1.000000000000000000 ) ) ;
#1063 = DIRECTION ( 'NONE',  ( 0.000000000000000000, 0.000000000000000000, -1.000000000000000000 ) ) ;
#1064 = EDGE_CURVE ( 'NONE', #832, #935, #2900, .T. ) ;
#1065 = CARTESIAN_POINT ( 'NONE',  ( 34.67602432121234557, 33.18995838012570232, 3.000000000000000000 ) ) ;
#1066 = AXIS2_PLACEMENT_3D ( 'NONE', #2027, #1824, #1357 ) ;
#1067 = ORIENTED_EDGE ( 'NONE', *, *, #2472, .F. ) ;
#1068 = AXIS2_PLACEMENT_3D ( 'NONE', #245, #458, #2055 ) ;
#1069 = VERTEX_POINT ( 'NONE', #2682 ) ;
#1070 = AXIS2_PLACEMENT_3D ( 'NONE', #2422, #881, #2486 ) ;
#1071 = DIRECTION ( 'NONE',  ( -0.000000000000000000, -0.000000000000000000, -1.000000000000000000 ) ) ;
#1072 = CARTESIAN_POINT ( 'NONE',  ( 39.57149498650251473, 32.17292004983355724, 3.000000000000000000 ) ) ;
#1073 = AXIS2_PLACEMENT_3D ( 'NONE', #30, #933, #2756 ) ;
#1074 = EDGE_LOOP ( 'NONE', ( #371, #1773, #686, #225 ) ) ;
#1075 = DIRECTION ( 'NONE',  ( -1.000000000000000000, 0.000000000000000000, 0.000000000000000000 ) ) ;
#1076 = VECTOR ( 'NONE', #127, 1000.000000000000000 ) ;
#1077 = CARTESIAN_POINT ( 'NONE',  ( -31.60992723813194871, -18.25000000000000000, 12.50000000000000000 ) ) ;
#1078 = DIRECTION ( 'NONE',  ( -1.000000000000000000, 0.000000000000000000, 0.000000000000000000 ) ) ;
#1079 = CARTESIAN_POINT ( 'NONE',  ( 37.43579102398665270, -12.60204548509500100, 3.000000000000000000 ) ) ;
#1080 = VERTEX_POINT ( 'NONE', #626 ) ;
#1081 = FACE_BOUND ( 'NONE', #4, .T. ) ;
#1082 = DIRECTION ( 'NONE',  ( 0.000000000000000000, 0.000000000000000000, 1.000000000000000000 ) ) ;
#1083 = ADVANCED_FACE ( 'NONE', ( #1541 ), #409, .F. ) ;
#1084 = ORIENTED_EDGE ( 'NONE', *, *, #1372, .F. ) ;
#1085 = VERTEX_POINT ( 'NONE', #1407 ) ;
#1086 = DIRECTION ( 'NONE',  ( 0.000000000000000000, 0.000000000000000000, -1.000000000000000000 ) ) ;
#1087 = DIRECTION ( 'NONE',  ( 1.000000000000000000, 0.000000000000000000, 0.000000000000000000 ) ) ;
#1088 = ORIENTED_EDGE ( 'NONE', *, *, #2675, .F. ) ;
#1089 = DIRECTION ( 'NONE',  ( -1.000000000000000000, 0.000000000000000000, 0.000000000000000000 ) ) ;
#1090 = FACE_OUTER_BOUND ( 'NONE', #495, .T. ) ;
#1091 = CARTESIAN_POINT ( 'NONE',  ( 31.60992723813219740, -18.24999999999970157, 3.000000000000000000 ) ) ;
#1092 = VECTOR ( 'NONE', #1707, 1000.000000000000000 ) ;
#1093 = AXIS2_PLACEMENT_3D ( 'NONE', #1444, #2157, #68 ) ;
#1094 = DIRECTION ( 'NONE',  ( 0.000000000000000000, 0.000000000000000000, -1.000000000000000000 ) ) ;
#1095 = CARTESIAN_POINT ( 'NONE',  ( -47.64831357033190784, -18.18345989912534932, 0.000000000000000000 ) ) ;
#1096 = VERTEX_POINT ( 'NONE', #712 ) ;
#1097 = AXIS2_PLACEMENT_3D ( 'NONE', #216, #1120, #664 ) ;
#1098 = VERTEX_POINT ( 'NONE', #12 ) ;
#1099 = EDGE_CURVE ( 'NONE', #2168, #321, #875, .T. ) ;
#1100 = DIRECTION ( 'NONE',  ( 0.000000000000000000, 0.000000000000000000, 1.000000000000000000 ) ) ;
#1101 = EDGE_LOOP ( 'NONE', ( #1716, #470, #934, #770 ) ) ;
#1102 = EDGE_CURVE ( 'NONE', #2774, #1005, #2558, .T. ) ;
#1103 = DIRECTION ( 'NONE',  ( 0.000000000000000000, 0.000000000000000000, 1.000000000000000000 ) ) ;
#1104 = FACE_OUTER_BOUND ( 'NONE', #2668, .T. ) ;
#1105 = EDGE_CURVE ( 'NONE', #2610, #531, #2954, .T. ) ;
#1106 = DIRECTION ( 'NONE',  ( 0.000000000000000000, 0.000000000000000000, 1.000000000000000000 ) ) ;
#1107 = FACE_OUTER_BOUND ( 'NONE', #460, .T. ) ;
#1108 = EDGE_CURVE ( 'NONE', #2808, #1098, #2493, .T. ) ;
#1109 = VERTEX_POINT ( 'NONE', #1798 ) ;
#1110 = CIRCLE ( 'NONE', #1158, 2.099999999999997868 ) ;
#1111 = ORIENTED_EDGE ( 'NONE', *, *, #1933, .T. ) ;
#1112 = AXIS2_PLACEMENT_3D ( 'NONE', #772, #528, #1486 ) ;
#1113 = CYLINDRICAL_SURFACE ( 'NONE', #123, 4.999999999999999112 ) ;
#1114 = VECTOR ( 'NONE', #2136, 1000.000000000000000 ) ;
#1115 = ORIENTED_EDGE ( 'NONE', *, *, #620, .T. ) ;
#1116 = AXIS2_PLACEMENT_3D ( 'NONE', #2042, #892, #13 ) ;
#1117 = ADVANCED_FACE ( 'NONE', ( #2002 ), #450, .T. ) ;
#1118 = VECTOR ( 'NONE', #129, 1000.000000000000000 ) ;
#1119 = DIRECTION ( 'NONE',  ( 1.000000000000000000, 0.000000000000000000, 0.000000000000000000 ) ) ;
#1120 = DIRECTION ( 'NONE',  ( 0.000000000000000000, 0.000000000000000000, -1.000000000000000000 ) ) ;
#1121 = DIRECTION ( 'NONE',  ( -1.000000000000000000, 0.000000000000000000, 0.000000000000000000 ) ) ;
#1122 = EDGE_CURVE ( 'NONE', #1873, #2787, #1274, .T. ) ;
#1123 = DIRECTION ( 'NONE',  ( 1.000000000000000000, -2.775557561562890957E-15, 0.000000000000000000 ) ) ;
#1124 = DIRECTION ( 'NONE',  ( 1.000000000000000000, 0.000000000000000000, 0.000000000000000000 ) ) ;
#1125 = VECTOR ( 'NONE', #1559, 1000.000000000000000 ) ;
#1126 = EDGE_CURVE ( 'NONE', #2898, #2316, #1359, .T. ) ;
#1127 = VERTEX_POINT ( 'NONE', #1370 ) ;
#1128 = ORIENTED_EDGE ( 'NONE', *, *, #2939, .F. ) ;
#1129 = CARTESIAN_POINT ( 'NONE',  ( 7.310267021350060013, 36.27064923704239163, 12.50000000000000000 ) ) ;
#1130 = ORIENTED_EDGE ( 'NONE', *, *, #146, .T. ) ;
#1131 = CYLINDRICAL_SURFACE ( 'NONE', #1521, 37.00000000000000000 ) ;
#1132 = CARTESIAN_POINT ( 'NONE',  ( -33.70992723813195369, -18.25000000000000000, 3.000000000000000000 ) ) ;
#1133 = VERTEX_POINT ( 'NONE', #2267 ) ;
#1134 = CARTESIAN_POINT ( 'NONE',  ( -2.100000000000000089, 36.50000000000000000, 12.50000000000000000 ) ) ;
#1135 = EDGE_CURVE ( 'NONE', #56, #2759, #128, .T. ) ;
#1136 = CARTESIAN_POINT ( 'NONE',  ( -31.16269716326954864, -24.14303844818115152, 3.000000000000000000 ) ) ;
#1137 = EDGE_LOOP ( 'NONE', ( #752, #1142 ) ) ;
#1138 = AXIS2_PLACEMENT_3D ( 'NONE', #360, #2443, #1304 ) ;
#1139 = VECTOR ( 'NONE', #19, 1000.000000000000000 ) ;
#1140 = VERTEX_POINT ( 'NONE', #1571 ) ;
#1141 = DIRECTION ( 'NONE',  ( -0.000000000000000000, -0.000000000000000000, -1.000000000000000000 ) ) ;
#1142 = ORIENTED_EDGE ( 'NONE', *, *, #2086, .F. ) ;
#1143 = EDGE_CURVE ( 'NONE', #2363, #2966, #1317, .T. ) ;
#1144 = FACE_OUTER_BOUND ( 'NONE', #1670, .T. ) ;
#1145 = CARTESIAN_POINT ( 'NONE',  ( 5.304203982252089666, 38.72136878008575422, 12.50000000000000000 ) ) ;
#1146 = LINE ( 'NONE', #25, #2764 ) ;
#1147 = DIRECTION ( 'NONE',  ( 0.000000000000000000, 0.000000000000000000, 1.000000000000000000 ) ) ;
#1148 = EDGE_LOOP ( 'NONE', ( #2138, #366, #2859, #880 ) ) ;
#1149 = DIRECTION ( 'NONE',  ( 0.1351351351350599250, 0.9908271772877593753, 0.000000000000000000 ) ) ;
#1150 = DIRECTION ( 'NONE',  ( 0.000000000000000000, 0.000000000000000000, 1.000000000000000000 ) ) ;
#1151 = DIRECTION ( 'NONE',  ( 0.000000000000000000, 0.000000000000000000, -1.000000000000000000 ) ) ;
#1152 = DIRECTION ( 'NONE',  ( 0.000000000000000000, 0.000000000000000000, -1.000000000000000000 ) ) ;
#1153 = ORIENTED_EDGE ( 'NONE', *, *, #138, .T. ) ;
#1154 = EDGE_LOOP ( 'NONE', ( #1457, #1689, #2579, #209 ) ) ;
#1155 = ADVANCED_FACE ( 'NONE', ( #1811 ), #1613, .F. ) ;
#1156 = ORIENTED_EDGE ( 'NONE', *, *, #1704, .T. ) ;
#1157 = PLANE ( 'NONE',  #2425 ) ;
#1158 = AXIS2_PLACEMENT_3D ( 'NONE', #930, #710, #28 ) ;
#1159 = EDGE_CURVE ( 'NONE', #2709, #2051, #874, .T. ) ;
#1160 = ORIENTED_EDGE ( 'NONE', *, *, #2244, .F. ) ;
#1161 = AXIS2_PLACEMENT_3D ( 'NONE', #2327, #2803, #327 ) ;
#1162 = CARTESIAN_POINT ( 'NONE',  ( 33.70992723813220238, -18.24999999999970157, -3.000000000000000000 ) ) ;
#1163 = DIRECTION ( 'NONE',  ( 1.000000000000000000, 0.000000000000000000, 0.000000000000000000 ) ) ;
#1164 = VERTEX_POINT ( 'NONE', #2960 ) ;
#1165 = CARTESIAN_POINT ( 'NONE',  ( -34.67602432121260136, -33.18995838012545363, 3.000000000000000000 ) ) ;
#1166 = DIRECTION ( 'NONE',  ( 0.9256490738587895839, -0.3783831286729957832, 0.000000000000000000 ) ) ;
#1167 = ORIENTED_EDGE ( 'NONE', *, *, #946, .T. ) ;
#1168 = VECTOR ( 'NONE', #2314, 1000.000000000000000 ) ;
#1169 = ORIENTED_EDGE ( 'NONE', *, *, #1793, .T. ) ;
#1170 = ORIENTED_EDGE ( 'NONE', *, *, #2565, .T. ) ;
#1171 = DIRECTION ( 'NONE',  ( 0.000000000000000000, 0.000000000000000000, 1.000000000000000000 ) ) ;
#1172 = CYLINDRICAL_SURFACE ( 'NONE', #2341, 1.650000000000005684 ) ;
#1173 = AXIS2_PLACEMENT_3D ( 'NONE', #1738, #2867, #2636 ) ;
#1174 = CIRCLE ( 'NONE', #278, 2.499999999999998668 ) ;
#1175 = ORIENTED_EDGE ( 'NONE', *, *, #418, .F. ) ;
#1176 = CARTESIAN_POINT ( 'NONE',  ( 37.32114317029974870, -22.50000000000002487, 10.00100000000001010 ) ) ;
#1177 = CARTESIAN_POINT ( 'NONE',  ( -8.594055825384459277E-16, -1.172110456741086074E-16, 3.000000000000000000 ) ) ;
#1178 = CARTESIAN_POINT ( 'NONE',  ( 7.804203982252090555, 38.72136878008575422, -3.000000000000000000 ) ) ;
#1179 = DIRECTION ( 'NONE',  ( 0.9256490738587871414, -0.3783831286730020560, 0.000000000000000000 ) ) ;
#1180 = DIRECTION ( 'NONE',  ( -1.000000000000000000, 0.000000000000000000, 0.000000000000000000 ) ) ;
#1181 = DIRECTION ( 'NONE',  ( -1.000000000000000000, 0.000000000000000000, 0.000000000000000000 ) ) ;
#1182 = CARTESIAN_POINT ( 'NONE',  ( 37.43579102398600611, 12.60204548509680045, 12.50000000000000000 ) ) ;
#1183 = ORIENTED_EDGE ( 'NONE', *, *, #298, .F. ) ;
#1184 = CARTESIAN_POINT ( 'NONE',  ( 7.804203982253969940, -38.72136878008539895, 12.50000000000000000 ) ) ;
#1185 = DIRECTION ( 'NONE',  ( -0.1351351351350667529, -0.9908271772877585981, 0.000000000000000000 ) ) ;
#1186 = EDGE_CURVE ( 'NONE', #969, #1080, #890, .T. ) ;
#1187 = DIRECTION ( 'NONE',  ( 0.000000000000000000, 0.000000000000000000, -1.000000000000000000 ) ) ;
#1188 = FACE_OUTER_BOUND ( 'NONE', #2456, .T. ) ;
#1189 = PRODUCT_DEFINITION ( 'æ™', '', #867, #70 ) ;
#1190 = VERTEX_POINT ( 'NONE', #477 ) ;
#1191 = ORIENTED_EDGE ( 'NONE', *, *, #1462, .F. ) ;
#1192 = PLANE ( 'NONE',  #47 ) ;
#1193 = CIRCLE ( 'NONE', #1138, 37.00000000000000000 ) ;
#1194 = EDGE_CURVE ( 'NONE', #2211, #656, #1601, .T. ) ;
#1195 = ORIENTED_EDGE ( 'NONE', *, *, #975, .F. ) ;
#1196 = AXIS2_PLACEMENT_3D ( 'NONE', #687, #1171, #1606 ) ;
#1197 = CARTESIAN_POINT ( 'NONE',  ( 38.97114317029976149, 22.49999999999997158, 3.000000000000000000 ) ) ;
#1198 = EDGE_CURVE ( 'NONE', #1085, #1583, #2503, .T. ) ;
#1199 = CARTESIAN_POINT ( 'NONE',  ( -38.97114317029974018, 22.50000000000001421, 3.000000000000000000 ) ) ;
#1200 = EDGE_CURVE ( 'NONE', #384, #1258, #2041, .T. ) ;
#1201 = ORIENTED_EDGE ( 'NONE', *, *, #2712, .T. ) ;
#1202 = CARTESIAN_POINT ( 'NONE',  ( -36.48983320230405525, 14.91616816974221926, -3.000000000000000000 ) ) ;
#1203 = PLANE ( 'NONE',  #2000 ) ;
#1204 = VECTOR ( 'NONE', #725, 1000.000000000000000 ) ;
#1205 = ORIENTED_EDGE ( 'NONE', *, *, #830, .F. ) ;
#1206 = ORIENTED_EDGE ( 'NONE', *, *, #1560, .F. ) ;
#1207 = LINE ( 'NONE', #1267, #471 ) ;
#1208 = VERTEX_POINT ( 'NONE', #2293 ) ;
#1209 = ORIENTED_EDGE ( 'NONE', *, *, #2431, .F. ) ;
#1210 = FACE_BOUND ( 'NONE', #1745, .T. ) ;
#1211 = VECTOR ( 'NONE', #1508, 1000.000000000000000 ) ;
#1212 = EDGE_CURVE ( 'NONE', #2065, #73, #2851, .T. ) ;
#1213 = CYLINDRICAL_SURFACE ( 'NONE', #2496, 2.500000000000002220 ) ;
#1214 = CARTESIAN_POINT ( 'NONE',  ( 50.99999999999779732, 6.245698675651231443E-15, 159.9066376115418393 ) ) ;
#1215 = CARTESIAN_POINT ( 'NONE',  ( -29.50992723813205032, 18.25000000000000000, 12.50000000000000000 ) ) ;
#1216 = EDGE_CURVE ( 'NONE', #1901, #699, #1686, .T. ) ;
#1217 = ORIENTED_EDGE ( 'NONE', *, *, #2128, .T. ) ;
#1218 = CIRCLE ( 'NONE', #2101, 2.099999999999997868 ) ;
#1219 = DIRECTION ( 'NONE',  ( 0.000000000000000000, 0.000000000000000000, -1.000000000000000000 ) ) ;
#1220 = DIRECTION ( 'NONE',  ( -1.000000000000000000, 0.000000000000000000, 0.000000000000000000 ) ) ;
#1221 = ORIENTED_EDGE ( 'NONE', *, *, #1462, .T. ) ;
#1222 = ORIENTED_EDGE ( 'NONE', *, *, #2952, .T. ) ;
#1223 = FACE_OUTER_BOUND ( 'NONE', #1629, .T. ) ;
#1224 = CIRCLE ( 'NONE', #780, 2.500000000000002220 ) ;
#1225 = ORIENTED_EDGE ( 'NONE', *, *, #397, .F. ) ;
#1226 = ORIENTED_EDGE ( 'NONE', *, *, #2413, .T. ) ;
#1227 = FACE_BOUND ( 'NONE', #381, .T. ) ;
#1228 = FACE_OUTER_BOUND ( 'NONE', #2963, .T. ) ;
#1229 = DIRECTION ( 'NONE',  ( 0.000000000000000000, 0.000000000000000000, -1.000000000000000000 ) ) ;
#1230 = FACE_OUTER_BOUND ( 'NONE', #2299, .T. ) ;
#1231 = DIRECTION ( 'NONE',  ( 0.000000000000000000, 0.000000000000000000, -1.000000000000000000 ) ) ;
#1232 = ORIENTED_EDGE ( 'NONE', *, *, #2208, .T. ) ;
#1233 = CARTESIAN_POINT ( 'NONE',  ( 0.000000000000000000, 0.000000000000000000, -5.000000000000000000 ) ) ;
#1234 = CARTESIAN_POINT ( 'NONE',  ( 31.60992723813180305, 18.25000000000034817, 3.000000000000000000 ) ) ;
#1235 = ORIENTED_EDGE ( 'NONE', *, *, #2053, .F. ) ;
#1236 = ORIENTED_EDGE ( 'NONE', *, *, #148, .T. ) ;
#1237 = CARTESIAN_POINT ( 'NONE',  ( -27.75617014035805141, 24.46620156745824914, 3.000000000000000000 ) ) ;
#1238 = VERTEX_POINT ( 'NONE', #2092 ) ;
#1239 = LINE ( 'NONE', #1176, #910 ) ;
#1240 = AXIS2_PLACEMENT_3D ( 'NONE', #166, #2144, #1025 ) ;
#1241 = VECTOR ( 'NONE', #1968, 1000.000000000000114 ) ;
#1242 = VECTOR ( 'NONE', #271, 1000.000000000000000 ) ;
#1243 = ORIENTED_EDGE ( 'NONE', *, *, #2192, .F. ) ;
#1244 = EDGE_CURVE ( 'NONE', #1679, #1190, #176, .T. ) ;
#1245 = LINE ( 'NONE', #1481, #633 ) ;
#1246 = CIRCLE ( 'NONE', #1620, 2.100000000000000089 ) ;
#1247 = ORIENTED_EDGE ( 'NONE', *, *, #698, .T. ) ;
#1248 = DIRECTION ( 'NONE',  ( 1.000000000000000000, 0.000000000000000000, 0.000000000000000000 ) ) ;
#1249 = DIRECTION ( 'NONE',  ( -0.000000000000000000, -0.000000000000000000, 1.000000000000000000 ) ) ;
#1250 = EDGE_CURVE ( 'NONE', #1684, #749, #1668, .T. ) ;
#1251 = ORIENTED_EDGE ( 'NONE', *, *, #1433, .T. ) ;
#1252 = DIRECTION ( 'NONE',  ( 0.000000000000000000, 0.000000000000000000, -1.000000000000000000 ) ) ;
#1253 = EDGE_CURVE ( 'NONE', #2632, #1208, #567, .T. ) ;
#1254 = EDGE_CURVE ( 'NONE', #1815, #2955, #2605, .T. ) ;
#1255 = ORIENTED_EDGE ( 'NONE', *, *, #2929, .F. ) ;
#1256 = CYLINDRICAL_SURFACE ( 'NONE', #1558, 2.500000000000002220 ) ;
#1257 = ADVANCED_FACE ( 'NONE', ( #2576 ), #2850, .F. ) ;
#1258 = VERTEX_POINT ( 'NONE', #2126 ) ;
#1259 = DIRECTION ( 'NONE',  ( 0.000000000000000000, 0.000000000000000000, -1.000000000000000000 ) ) ;
#1260 = VECTOR ( 'NONE', #154, 1000.000000000000000 ) ;
#1261 = AXIS2_PLACEMENT_3D ( 'NONE', #769, #524, #296 ) ;
#1262 = CARTESIAN_POINT ( 'NONE',  ( -38.97114317029975439, -22.49999999999999645, 3.000000000000000000 ) ) ;
#1263 = VERTEX_POINT ( 'NONE', #540 ) ;
#1264 = AXIS2_PLACEMENT_3D ( 'NONE', #1455, #2807, #1031 ) ;
#1265 = CARTESIAN_POINT ( 'NONE',  ( -5.146098354386129753E-13, 1.258904220288161968E-12, 3.000000000000000000 ) ) ;
#1266 = CARTESIAN_POINT ( 'NONE',  ( 33.70992723813180447, 18.25000000000034817, 12.50000000000000000 ) ) ;
#1267 = CARTESIAN_POINT ( 'NONE',  ( -37.73824456428634733, -29.23738868650724854, -3.000000000000000000 ) ) ;
#1268 = CIRCLE ( 'NONE', #447, 1.649999999999991696 ) ;
#1269 = VECTOR ( 'NONE', #162, 1000.000000000000000 ) ;
#1270 = ORIENTED_EDGE ( 'NONE', *, *, #254, .F. ) ;
#1271 = CARTESIAN_POINT ( 'NONE',  ( -29.50992723813205032, 18.25000000000000000, -3.000000000000000000 ) ) ;
#1272 = DIRECTION ( 'NONE',  ( 1.000000000000000000, 0.000000000000000000, 0.000000000000000000 ) ) ;
#1273 = EDGE_CURVE ( 'NONE', #2898, #766, #1224, .T. ) ;
#1274 = CIRCLE ( 'NONE', #1411, 2.500000000000000444 ) ;
#1275 = AXIS2_PLACEMENT_3D ( 'NONE', #2754, #2945, #919 ) ;
#1276 = DIRECTION ( 'NONE',  ( -0.000000000000000000, -0.000000000000000000, -1.000000000000000000 ) ) ;
#1277 = ORIENTED_EDGE ( 'NONE', *, *, #1549, .T. ) ;
#1278 = AXIS2_PLACEMENT_3D ( 'NONE', #2423, #2613, #561 ) ;
#1279 = CARTESIAN_POINT ( 'NONE',  ( -33.70992723813205316, 18.25000000000000000, 3.000000000000000000 ) ) ;
#1280 = DIRECTION ( 'NONE',  ( 0.000000000000000000, 0.000000000000000000, -1.000000000000000000 ) ) ;
#1281 = CARTESIAN_POINT ( 'NONE',  ( -33.70992723813195369, -18.25000000000000000, 12.50000000000000000 ) ) ;
#1282 = EDGE_CURVE ( 'NONE', #208, #2120, #551, .T. ) ;
#1283 = VERTEX_POINT ( 'NONE', #1202 ) ;
#1284 = ORIENTED_EDGE ( 'NONE', *, *, #40, .F. ) ;
#1285 = CYLINDRICAL_SURFACE ( 'NONE', #2891, 5.000000000000000888 ) ;
#1286 = CARTESIAN_POINT ( 'NONE',  ( 29.63158704173374858, -26.11932329498899819, 12.50000000000000000 ) ) ;
#1287 = EDGE_CURVE ( 'NONE', #1238, #1730, #1681, .T. ) ;
#1288 = CARTESIAN_POINT ( 'NONE',  ( -31.49999999999780087, 0.000000000000000000, 12.50000000000000000 ) ) ;
#1289 = ORIENTED_EDGE ( 'NONE', *, *, #396, .F. ) ;
#1290 = DIRECTION ( 'NONE',  ( 1.000000000000000000, 0.000000000000000000, 0.000000000000000000 ) ) ;
#1291 = DIRECTION ( 'NONE',  ( -1.000000000000000000, 0.000000000000000000, 0.000000000000000000 ) ) ;
#1292 = DIRECTION ( 'NONE',  ( 1.000000000000000000, 0.000000000000000000, 0.000000000000000000 ) ) ;
#1293 = EDGE_CURVE ( 'NONE', #1792, #1661, #1921, .T. ) ;
#1294 = CARTESIAN_POINT ( 'NONE',  ( -8.076818583829631137, 50.35637994895660796, -3.000000000000000000 ) ) ;
#1295 = CARTESIAN_POINT ( 'NONE',  ( -38.97114317029975439, -22.49999999999999645, 10.00100000000001010 ) ) ;
#1296 = LINE ( 'NONE', #1095, #17 ) ;
#1297 = VERTEX_POINT ( 'NONE', #281 ) ;
#1298 = EDGE_LOOP ( 'NONE', ( #22, #717 ) ) ;
#1299 = DIRECTION ( 'NONE',  ( -0.000000000000000000, -0.000000000000000000, 1.000000000000000000 ) ) ;
#1300 = DIRECTION ( 'NONE',  ( 0.000000000000000000, 0.000000000000000000, -1.000000000000000000 ) ) ;
#1301 = EDGE_CURVE ( 'NONE', #766, #952, #2806, .T. ) ;
#1302 = ORIENTED_EDGE ( 'NONE', *, *, #299, .F. ) ;
#1303 = LINE ( 'NONE', #1747, #2877 ) ;
#1304 = DIRECTION ( 'NONE',  ( 1.000000000000000000, 0.000000000000000000, 0.000000000000000000 ) ) ;
#1305 = CYLINDRICAL_SURFACE ( 'NONE', #616, 50.99999999999779732 ) ;
#1306 = EDGE_CURVE ( 'NONE', #656, #1962, #823, .T. ) ;
#1307 = ORIENTED_EDGE ( 'NONE', *, *, #2324, .F. ) ;
#1308 = FACE_BOUND ( 'NONE', #1628, .T. ) ;
#1309 = CARTESIAN_POINT ( 'NONE',  ( 34.93579102398599900, 12.60204548509680045, 3.000000000000000000 ) ) ;
#1310 = CIRCLE ( 'NONE', #398, 2.100000000000000089 ) ;
#1311 = ORIENTED_EDGE ( 'NONE', *, *, #638, .F. ) ;
#1312 = ORIENTED_EDGE ( 'NONE', *, *, #224, .F. ) ;
#1313 = DIRECTION ( 'NONE',  ( 0.000000000000000000, 0.000000000000000000, -1.000000000000000000 ) ) ;
#1314 = CARTESIAN_POINT ( 'NONE',  ( -31.16269716327035155, 24.14303844818000044, -3.000000000000000000 ) ) ;
#1315 = CIRCLE ( 'NONE', #590, 31.50000000000000000 ) ;
#1316 = ORIENTED_EDGE ( 'NONE', *, *, #1135, .T. ) ;
#1317 = CIRCLE ( 'NONE', #77, 2.499999999999999556 ) ;
#1318 = CARTESIAN_POINT ( 'NONE',  ( 44.18944362497715872, 18.06358414365049825, 3.000000000000000000 ) ) ;
#1319 = CARTESIAN_POINT ( 'NONE',  ( 36.48983320230335181, 14.91616816974370074, -3.000000000000000000 ) ) ;
#1320 = ORIENTED_EDGE ( 'NONE', *, *, #205, .F. ) ;
#1321 = FACE_BOUND ( 'NONE', #2378, .T. ) ;
#1322 = DIRECTION ( 'NONE',  ( -1.000000000000000000, 0.000000000000000000, 0.000000000000000000 ) ) ;
#1323 = EDGE_LOOP ( 'NONE', ( #2793, #921, #1983, #1713 ) ) ;
#1324 = VERTEX_POINT ( 'NONE', #760 ) ;
#1325 = DIRECTION ( 'NONE',  ( 0.000000000000000000, 0.000000000000000000, -1.000000000000000000 ) ) ;
#1326 = VERTEX_POINT ( 'NONE', #2139 ) ;
#1327 = ADVANCED_FACE ( 'NONE', ( #109 ), #1014, .T. ) ;
#1328 = DIRECTION ( 'NONE',  ( -0.000000000000000000, -0.000000000000000000, -1.000000000000000000 ) ) ;
#1329 = DIRECTION ( 'NONE',  ( 0.000000000000000000, 0.000000000000000000, -1.000000000000000000 ) ) ;
#1330 = AXIS2_PLACEMENT_3D ( 'NONE', #1958, #1929, #606 ) ;
#1331 = EDGE_LOOP ( 'NONE', ( #525, #149, #2249, #490 ) ) ;
#1332 = CIRCLE ( 'NONE', #568, 37.00000000000000000 ) ;
#1333 = LINE ( 'NONE', #1049, #1125 ) ;
#1334 = CARTESIAN_POINT ( 'NONE',  ( -29.63158704173270053, -26.11932329499024874, 12.50000000000000000 ) ) ;
#1335 = FACE_BOUND ( 'NONE', #1845, .T. ) ;
#1336 = VERTEX_POINT ( 'NONE', #1916 ) ;
#1337 = ORIENTED_EDGE ( 'NONE', *, *, #2288, .T. ) ;
#1338 = DIRECTION ( 'NONE',  ( 1.000000000000000000, 0.000000000000000000, 0.000000000000000000 ) ) ;
#1339 = EDGE_CURVE ( 'NONE', #973, #2590, #1694, .T. ) ;
#1340 = ORIENTED_EDGE ( 'NONE', *, *, #2198, .F. ) ;
#1341 = AXIS2_PLACEMENT_3D ( 'NONE', #2631, #1057, #1956 ) ;
#1342 = CARTESIAN_POINT ( 'NONE',  ( 2.207341090538165308E-12, 0.000000000000000000, 3.000000000000000000 ) ) ;
#1343 = CARTESIAN_POINT ( 'NONE',  ( 0.000000000000000000, 36.50000000000000000, -3.000000000000000000 ) ) ;
#1344 = CARTESIAN_POINT ( 'NONE',  ( -31.60992723813194871, -18.25000000000000000, 12.50000000000000000 ) ) ;
#1345 = DIRECTION ( 'NONE',  ( 0.000000000000000000, 0.000000000000000000, -1.000000000000000000 ) ) ;
#1346 = DIRECTION ( 'NONE',  ( 0.000000000000000000, 0.000000000000000000, 1.000000000000000000 ) ) ;
#1347 = EDGE_CURVE ( 'NONE', #601, #335, #2159, .T. ) ;
#1348 = FACE_BOUND ( 'NONE', #2686, .T. ) ;
#1349 = EDGE_LOOP ( 'NONE', ( #2722, #2798, #1758, #534 ) ) ;
#1350 = ORIENTED_EDGE ( 'NONE', *, *, #1143, .F. ) ;
#1351 = CARTESIAN_POINT ( 'NONE',  ( 36.48983320230415472, -14.91616816974197945, 3.000000000000000000 ) ) ;
#1352 = AXIS2_PLACEMENT_3D ( 'NONE', #2340, #2783, #2532 ) ;
#1353 = VERTEX_POINT ( 'NONE', #1439 ) ;
#1354 = AXIS2_PLACEMENT_3D ( 'NONE', #599, #2683, #2210 ) ;
#1355 = EDGE_CURVE ( 'NONE', #2114, #331, #1598, .T. ) ;
#1356 = DIRECTION ( 'NONE',  ( -0.000000000000000000, -0.000000000000000000, -1.000000000000000000 ) ) ;
#1357 = DIRECTION ( 'NONE',  ( -1.000000000000000000, 0.000000000000000000, 0.000000000000000000 ) ) ;
#1358 = VECTOR ( 'NONE', #2109, 1000.000000000000000 ) ;
#1359 = LINE ( 'NONE', #652, #922 ) ;
#1360 = DIRECTION ( 'NONE',  ( 0.000000000000000000, 0.000000000000000000, 1.000000000000000000 ) ) ;
#1361 = ORIENTED_EDGE ( 'NONE', *, *, #105, .F. ) ;
#1362 = EDGE_CURVE ( 'NONE', #2095, #2590, #2329, .T. ) ;
#1363 = ORIENTED_EDGE ( 'NONE', *, *, #2553, .F. ) ;
#1364 = DIRECTION ( 'NONE',  ( 1.000000000000000000, 0.000000000000000000, 0.000000000000000000 ) ) ;
#1365 = ORIENTED_EDGE ( 'NONE', *, *, #2354, .T. ) ;
#1366 = EDGE_CURVE ( 'NONE', #2841, #530, #1969, .T. ) ;
#1367 = CYLINDRICAL_SURFACE ( 'NONE', #2375, 1.649999999999998357 ) ;
#1368 = DIRECTION ( 'NONE',  ( 1.000000000000000000, 0.000000000000000000, 0.000000000000000000 ) ) ;
#1369 = ORIENTED_EDGE ( 'NONE', *, *, #2869, .F. ) ;
#1370 = CARTESIAN_POINT ( 'NONE',  ( 36.48983320230335181, 14.91616816974370074, -3.000000000000000000 ) ) ;
#1371 = CARTESIAN_POINT ( 'NONE',  ( -37.73824456428744867, 29.23738868650560363, 12.50000000000000000 ) ) ;
#1372 = EDGE_CURVE ( 'NONE', #1208, #1476, #755, .T. ) ;
#1373 = EDGE_CURVE ( 'NONE', #1719, #2168, #2664, .T. ) ;
#1374 = CARTESIAN_POINT ( 'NONE',  ( 39.57149498650251473, 32.17292004983355014, -3.000000000000000000 ) ) ;
#1375 = ORIENTED_EDGE ( 'NONE', *, *, #227, .F. ) ;
#1376 = VECTOR ( 'NONE', #2405, 1000.000000000000000 ) ;
#1377 = EDGE_CURVE ( 'NONE', #2471, #73, #838, .T. ) ;
#1378 = ORIENTED_EDGE ( 'NONE', *, *, #1362, .T. ) ;
#1379 = FACE_OUTER_BOUND ( 'NONE', #918, .T. ) ;
#1380 = CARTESIAN_POINT ( 'NONE',  ( -46.08135926834309970, 13.43533877435453938, 3.000000000000000000 ) ) ;
#1381 = AXIS2_PLACEMENT_3D ( 'NONE', #1551, #416, #1075 ) ;
#1382 = ORIENTED_EDGE ( 'NONE', *, *, #1991, .T. ) ;
#1383 = LINE ( 'NONE', #2725, #1428 ) ;
#1384 = DIRECTION ( 'NONE',  ( 0.000000000000000000, 0.000000000000000000, -1.000000000000000000 ) ) ;
#1385 = FACE_OUTER_BOUND ( 'NONE', #1789, .T. ) ;
#1386 = VERTEX_POINT ( 'NONE', #1495 ) ;
#1387 = CARTESIAN_POINT ( 'NONE',  ( 54.99999999999779021, 6.735557395310172824E-15, 14.00000000000000711 ) ) ;
#1388 = FACE_OUTER_BOUND ( 'NONE', #1430, .T. ) ;
#1389 = EDGE_CURVE ( 'NONE', #2759, #2183, #564, .T. ) ;
#1390 = CARTESIAN_POINT ( 'NONE',  ( 36.48983320230335181, 14.91616816974370074, 3.000000000000000000 ) ) ;
#1391 = FACE_BOUND ( 'NONE', #1074, .T. ) ;
#1392 = ORIENTED_EDGE ( 'NONE', *, *, #2008, .T. ) ;
#1393 = ORIENTED_EDGE ( 'NONE', *, *, #227, .T. ) ;
#1394 = VERTEX_POINT ( 'NONE', #1760 ) ;
#1395 = CARTESIAN_POINT ( 'NONE',  ( 0.000000000000000000, 0.000000000000000000, 3.000000000000000000 ) ) ;
#1396 = DIRECTION ( 'NONE',  ( 0.000000000000000000, 0.000000000000000000, 1.000000000000000000 ) ) ;
#1397 = AXIS2_PLACEMENT_3D ( 'NONE', #2182, #1536, #2847 ) ;
#1398 = VERTEX_POINT ( 'NONE', #1279 ) ;
#1399 = CARTESIAN_POINT ( 'NONE',  ( 31.50000000000219913, 3.857637417314165055E-15, 3.000000000000000000 ) ) ;
#1400 = FACE_OUTER_BOUND ( 'NONE', #2459, .T. ) ;
#1401 = CIRCLE ( 'NONE', #119, 1.649999999999999689 ) ;
#1402 = DIRECTION ( 'NONE',  ( 1.000000000000000000, 0.000000000000000000, 0.000000000000000000 ) ) ;
#1403 = DIRECTION ( 'NONE',  ( 0.000000000000000000, 0.000000000000000000, -1.000000000000000000 ) ) ;
#1404 = CARTESIAN_POINT ( 'NONE',  ( 7.804203982253969940, -38.72136878008539895, 12.50000000000000000 ) ) ;
#1405 = AXIS2_PLACEMENT_3D ( 'NONE', #2507, #1614, #1799 ) ;
#1406 = ORIENTED_EDGE ( 'NONE', *, *, #1389, .T. ) ;
#1407 = CARTESIAN_POINT ( 'NONE',  ( -2.099999999999744738, -36.50000000000000000, 3.000000000000000000 ) ) ;
#1408 = CYLINDRICAL_SURFACE ( 'NONE', #680, 1.649999999999991696 ) ;
#1409 = EDGE_CURVE ( 'NONE', #1164, #283, #2386, .T. ) ;
#1410 = VERTEX_POINT ( 'NONE', #1537 ) ;
#1411 = AXIS2_PLACEMENT_3D ( 'NONE', #1, #2536, #1123 ) ;
#1412 = ORIENTED_EDGE ( 'NONE', *, *, #1507, .T. ) ;
#1413 = ORIENTED_EDGE ( 'NONE', *, *, #390, .T. ) ;
#1414 = DIRECTION ( 'NONE',  ( 0.000000000000000000, 0.000000000000000000, -1.000000000000000000 ) ) ;
#1415 = CARTESIAN_POINT ( 'NONE',  ( -27.75617014035720231, -24.46620156745920127, 3.000000000000000000 ) ) ;
#1416 = AXIS2_PLACEMENT_3D ( 'NONE', #1946, #1094, #2462 ) ;
#1417 = EDGE_CURVE ( 'NONE', #2285, #1815, #2330, .T. ) ;
#1418 = ORIENTED_EDGE ( 'NONE', *, *, #2057, .F. ) ;
#1419 = FACE_OUTER_BOUND ( 'NONE', #1012, .T. ) ;
#1420 = CARTESIAN_POINT ( 'NONE',  ( 27.75617014035699981, 24.46620156745940022, 3.000000000000000000 ) ) ;
#1421 = LINE ( 'NONE', #1879, #964 ) ;
#1422 = DIRECTION ( 'NONE',  ( 0.000000000000000000, 0.000000000000000000, 1.000000000000000000 ) ) ;
#1423 = LINE ( 'NONE', #1911, #1211 ) ;
#1424 = ORIENTED_EDGE ( 'NONE', *, *, #1926, .F. ) ;
#1425 = DIRECTION ( 'NONE',  ( -0.7905139387236945758, 0.6124440486146884854, 0.000000000000000000 ) ) ;
#1426 = ORIENTED_EDGE ( 'NONE', *, *, #279, .F. ) ;
#1427 = DIRECTION ( 'NONE',  ( 1.000000000000000000, 0.000000000000000000, 0.000000000000000000 ) ) ;
#1428 = VECTOR ( 'NONE', #2737, 1000.000000000000000 ) ;
#1429 = EDGE_CURVE ( 'NONE', #1263, #1098, #2414, .T. ) ;
#1430 = EDGE_LOOP ( 'NONE', ( #1884, #163, #2904, #560 ) ) ;
#1431 = ADVANCED_FACE ( 'NONE', ( #1525 ), #373, .F. ) ;
#1432 = CARTESIAN_POINT ( 'NONE',  ( -5.327136039034329862, 39.05920661792330151, -3.000000000000000000 ) ) ;
#1433 = EDGE_CURVE ( 'NONE', #331, #2453, #610, .T. ) ;
#1434 = DIRECTION ( 'NONE',  ( 1.000000000000000000, 0.000000000000000000, 0.000000000000000000 ) ) ;
#1435 = EDGE_CURVE ( 'NONE', #2685, #2603, #2622, .T. ) ;
#1436 = APPLICATION_PROTOCOL_DEFINITION ( 'draft international standard', 'automotive_design', 1998, #2661 ) ;
#1437 = CARTESIAN_POINT ( 'NONE',  ( 7.310267021351820382, -36.27064923704200083, 12.50000000000000000 ) ) ;
#1438 = EDGE_LOOP ( 'NONE', ( #1612, #2647, #2035, #2143 ) ) ;
#1439 = CARTESIAN_POINT ( 'NONE',  ( 8.076818583830002396, -50.35637994895655822, -3.000000000000000000 ) ) ;
#1440 = SURFACE_STYLE_FILL_AREA ( #1903 ) ;
#1441 = AXIS2_PLACEMENT_3D ( 'NONE', #1295, #2190, #2119 ) ;
#1442 = ORIENTED_EDGE ( 'NONE', *, *, #1764, .T. ) ;
#1443 = ORIENTED_EDGE ( 'NONE', *, *, #2074, .T. ) ;
#1444 = CARTESIAN_POINT ( 'NONE',  ( 7.804203982253969940, -38.72136878008539895, -3.000000000000000000 ) ) ;
#1445 = EDGE_LOOP ( 'NONE', ( #2253, #1111, #1510, #1909 ) ) ;
#1446 = CARTESIAN_POINT ( 'NONE',  ( -46.08135926834309970, 13.43533877435453938, 3.000000000000000000 ) ) ;
#1447 = CARTESIAN_POINT ( 'NONE',  ( -8.076818583827643394, -50.35637994895693481, 0.000000000000000000 ) ) ;
#1448 = CIRCLE ( 'NONE', #812, 50.99999999999779732 ) ;
#1449 = ORIENTED_EDGE ( 'NONE', *, *, #642, .F. ) ;
#1450 = LINE ( 'NONE', #1215, #912 ) ;
#1451 = AXIS2_PLACEMENT_3D ( 'NONE', #2970, #2519, #2246 ) ;
#1452 = ORIENTED_EDGE ( 'NONE', *, *, #449, .T. ) ;
#1453 = AXIS2_PLACEMENT_3D ( 'NONE', #849, #195, #1566 ) ;
#1454 = DIRECTION ( 'NONE',  ( 0.000000000000000000, 0.000000000000000000, -1.000000000000000000 ) ) ;
#1455 = CARTESIAN_POINT ( 'NONE',  ( 0.000000000000000000, 0.000000000000000000, 3.000000000000002665 ) ) ;
#1456 = CIRCLE ( 'NONE', #1772, 1.650000000000005684 ) ;
#1457 = ORIENTED_EDGE ( 'NONE', *, *, #943, .F. ) ;
#1458 = EDGE_LOOP ( 'NONE', ( #1302, #15, #1021, #455 ) ) ;
#1459 = EDGE_CURVE ( 'NONE', #1855, #2603, #2171, .T. ) ;
#1460 = DIRECTION ( 'NONE',  ( 0.000000000000000000, 0.000000000000000000, -1.000000000000000000 ) ) ;
#1461 = AXIS2_PLACEMENT_3D ( 'NONE', #1720, #2694, #1290 ) ;
#1462 = EDGE_CURVE ( 'NONE', #1741, #2610, #1700, .T. ) ;
#1463 = ORIENTED_EDGE ( 'NONE', *, *, #2057, .T. ) ;
#1464 = CARTESIAN_POINT ( 'NONE',  ( -47.64831357033264680, 18.18345989912341309, -3.000000000000000000 ) ) ;
#1465 = ORIENTED_EDGE ( 'NONE', *, *, #105, .T. ) ;
#1466 = APPLICATION_PROTOCOL_DEFINITION ( 'draft international standard', 'automotive_design', 1998, #2039 ) ;
#1467 = DIRECTION ( 'NONE',  ( -1.000000000000000000, 0.000000000000000000, 0.000000000000000000 ) ) ;
#1468 = ORIENTED_EDGE ( 'NONE', *, *, #2621, .F. ) ;
#1469 = DIRECTION ( 'NONE',  ( 1.000000000000000000, 1.387778780781445478E-15, 0.000000000000000000 ) ) ;
#1470 = CARTESIAN_POINT ( 'NONE',  ( -6.451199060689649656, -47.30097283015579990, 3.000000000000000000 ) ) ;
#1471 = EDGE_CURVE ( 'NONE', #2230, #331, #2429, .T. ) ;
#1472 = EDGE_CURVE ( 'NONE', #924, #2070, #1193, .T. ) ;
#1473 = ORIENTED_EDGE ( 'NONE', *, *, #2720, .T. ) ;
#1474 = CARTESIAN_POINT ( 'NONE',  ( -7.804203982252360561, -38.72136878008570449, 12.50000000000000000 ) ) ;
#1475 = EDGE_CURVE ( 'NONE', #2271, #2762, #2866, .T. ) ;
#1476 = VERTEX_POINT ( 'NONE', #2184 ) ;
#1477 = CARTESIAN_POINT ( 'NONE',  ( 37.73824456428764762, -29.23738868650535139, -3.000000000000000000 ) ) ;
#1478 = CIRCLE ( 'NONE', #2673, 1.649999999999998357 ) ;
#1479 = CIRCLE ( 'NONE', #842, 37.00000000000000000 ) ;
#1480 = DIRECTION ( 'NONE',  ( 0.000000000000000000, 0.000000000000000000, 1.000000000000000000 ) ) ;
#1481 = CARTESIAN_POINT ( 'NONE',  ( -37.32114317029973449, 22.50000000000001421, 10.00100000000001010 ) ) ;
#1482 = CIRCLE ( 'NONE', #199, 5.000000000000000000 ) ;
#1483 = DIRECTION ( 'NONE',  ( 0.000000000000000000, 0.000000000000000000, -1.000000000000000000 ) ) ;
#1484 = EDGE_LOOP ( 'NONE', ( #2638, #67 ) ) ;
#1485 = CARTESIAN_POINT ( 'NONE',  ( -8.244387494308440556E-13, -1.064146715970525910E-12, 12.50000000000000000 ) ) ;
#1486 = DIRECTION ( 'NONE',  ( 0.000000000000000000, 0.000000000000000000, -1.000000000000000000 ) ) ;
#1487 = ORIENTED_EDGE ( 'NONE', *, *, #2389, .F. ) ;
#1488 = LINE ( 'NONE', #1019, #2920 ) ;
#1489 = ORIENTED_EDGE ( 'NONE', *, *, #2624, .T. ) ;
#1490 = DIRECTION ( 'NONE',  ( 1.000000000000000000, 0.000000000000000000, 0.000000000000000000 ) ) ;
#1491 = DIRECTION ( 'NONE',  ( -1.000000000000000000, 0.000000000000000000, 0.000000000000000000 ) ) ;
#1492 = FACE_BOUND ( 'NONE', #2732, .T. ) ;
#1493 = VERTEX_POINT ( 'NONE', #1318 ) ;
#1494 = PRODUCT_RELATED_PRODUCT_CATEGORY ( 'part', '', ( #1013 ) ) ;
#1495 = CARTESIAN_POINT ( 'NONE',  ( 31.50000000000219913, 3.857637417314165055E-15, -3.000000000000000000 ) ) ;
#1496 = DIRECTION ( 'NONE',  ( 0.000000000000000000, 0.000000000000000000, -1.000000000000000000 ) ) ;
#1497 = CIRCLE ( 'NONE', #2100, 1.649999999999999689 ) ;
#1498 = CARTESIAN_POINT ( 'NONE',  ( 2.207341090538165308E-12, 0.000000000000000000, 3.000000000000000000 ) ) ;
#1499 = CIRCLE ( 'NONE', #1354, 1.649999999999998357 ) ;
#1500 = LINE ( 'NONE', #2116, #994 ) ;
#1501 = ORIENTED_EDGE ( 'NONE', *, *, #1757, .T. ) ;
#1502 = ORIENTED_EDGE ( 'NONE', *, *, #1417, .T. ) ;
#1503 = FACE_OUTER_BOUND ( 'NONE', #2497, .T. ) ;
#1504 = DIRECTION ( 'NONE',  ( 0.000000000000000000, 0.000000000000000000, -1.000000000000000000 ) ) ;
#1505 = EDGE_CURVE ( 'NONE', #1336, #2774, #173, .T. ) ;
#1506 = ADVANCED_FACE ( 'NONE', ( #1090 ), #2912, .F. ) ;
#1507 = EDGE_CURVE ( 'NONE', #321, #56, #1383, .T. ) ;
#1508 = DIRECTION ( 'NONE',  ( 0.000000000000000000, 0.000000000000000000, 1.000000000000000000 ) ) ;
#1509 = LINE ( 'NONE', #2428, #2538 ) ;
#1510 = ORIENTED_EDGE ( 'NONE', *, *, #2778, .F. ) ;
#1511 = ADVANCED_FACE ( 'NONE', ( #215 ), #898, .T. ) ;
#1512 = DIRECTION ( 'NONE',  ( 0.000000000000000000, 0.000000000000000000, -1.000000000000000000 ) ) ;
#1513 = DIRECTION ( 'NONE',  ( 0.000000000000000000, 0.000000000000000000, -1.000000000000000000 ) ) ;
#1514 = DIRECTION ( 'NONE',  ( 0.000000000000000000, 0.000000000000000000, -1.000000000000000000 ) ) ;
#1515 = FACE_OUTER_BOUND ( 'NONE', #1148, .T. ) ;
#1516 = ORIENTED_EDGE ( 'NONE', *, *, #279, .T. ) ;
#1517 = VERTEX_POINT ( 'NONE', #2958 ) ;
#1518 = CARTESIAN_POINT ( 'NONE',  ( -38.97114317029974018, 22.50000000000001421, 10.00100000000001010 ) ) ;
#1519 = DIRECTION ( 'NONE',  ( -1.000000000000000000, 0.000000000000000000, 0.000000000000000000 ) ) ;
#1520 = ORIENTED_EDGE ( 'NONE', *, *, #1505, .F. ) ;
#1521 = AXIS2_PLACEMENT_3D ( 'NONE', #663, #1806, #871 ) ;
#1522 = AXIS2_PLACEMENT_3D ( 'NONE', #2034, #1860, #2795 ) ;
#1523 = DIRECTION ( 'NONE',  ( 1.000000000000000000, 0.000000000000000000, 0.000000000000000000 ) ) ;
#1524 = EDGE_CURVE ( 'NONE', #699, #1901, #993, .T. ) ;
#1525 = FACE_OUTER_BOUND ( 'NONE', #315, .T. ) ;
#1526 = DIRECTION ( 'NONE',  ( 1.000000000000000000, 0.000000000000000000, 0.000000000000000000 ) ) ;
#1527 = ORIENTED_EDGE ( 'NONE', *, *, #2053, .T. ) ;
#1528 = FACE_OUTER_BOUND ( 'NONE', #621, .T. ) ;
#1529 = DIRECTION ( 'NONE',  ( 0.000000000000000000, 0.000000000000000000, -1.000000000000000000 ) ) ;
#1530 = ORIENTED_EDGE ( 'NONE', *, *, #148, .F. ) ;
#1531 = EDGE_CURVE ( 'NONE', #1394, #570, #2577, .T. ) ;
#1532 = ORIENTED_EDGE ( 'NONE', *, *, #502, .T. ) ;
#1533 = CARTESIAN_POINT ( 'NONE',  ( 40.62114317029973165, -22.50000000000002487, 10.00100000000001010 ) ) ;
#1534 = CARTESIAN_POINT ( 'NONE',  ( 29.63158704173374858, -26.11932329498899819, -3.000000000000000000 ) ) ;
#1535 = ORIENTED_EDGE ( 'NONE', *, *, #2811, .F. ) ;
#1536 = DIRECTION ( 'NONE',  ( 0.000000000000000000, 0.000000000000000000, -1.000000000000000000 ) ) ;
#1537 = CARTESIAN_POINT ( 'NONE',  ( -7.310267021351569916, 36.27064923704205057, -3.000000000000000000 ) ) ;
#1538 = LINE ( 'NONE', #1761, #1912 ) ;
#1539 = VECTOR ( 'NONE', #794, 1000.000000000000000 ) ;
#1540 = CIRCLE ( 'NONE', #2539, 37.00000000000000000 ) ;
#1541 = FACE_OUTER_BOUND ( 'NONE', #688, .T. ) ;
#1542 = DIRECTION ( 'NONE',  ( 0.000000000000000000, 0.000000000000000000, -1.000000000000000000 ) ) ;
#1543 = CIRCLE ( 'NONE', #2742, 5.000000000000000000 ) ;
#1544 = ORIENTED_EDGE ( 'NONE', *, *, #1757, .F. ) ;
#1545 = ORIENTED_EDGE ( 'NONE', *, *, #1347, .F. ) ;
#1546 = CIRCLE ( 'NONE', #2600, 1.649999999999999689 ) ;
#1547 = LINE ( 'NONE', #2454, #2767 ) ;
#1548 = AXIS2_PLACEMENT_3D ( 'NONE', #1065, #1766, #2667 ) ;
#1549 = EDGE_CURVE ( 'NONE', #2923, #2211, #144, .T. ) ;
#1550 = ORIENTED_EDGE ( 'NONE', *, *, #185, .T. ) ;
#1551 = CARTESIAN_POINT ( 'NONE',  ( 0.000000000000000000, 0.000000000000000000, -3.000000000000002665 ) ) ;
#1552 = VECTOR ( 'NONE', #300, 1000.000000000000000 ) ;
#1553 = CARTESIAN_POINT ( 'NONE',  ( 7.804203982252090555, 38.72136878008575422, 12.50000000000000000 ) ) ;
#1554 = FACE_OUTER_BOUND ( 'NONE', #2317, .T. ) ;
#1555 = AXIS2_PLACEMENT_3D ( 'NONE', #612, #1280, #145 ) ;
#1556 = DIRECTION ( 'NONE',  ( 1.000000000000000000, 0.000000000000000000, 0.000000000000000000 ) ) ;
#1557 = ORIENTED_EDGE ( 'NONE', *, *, #2801, .T. ) ;
#1558 = AXIS2_PLACEMENT_3D ( 'NONE', #2179, #791, #1491 ) ;
#1559 = DIRECTION ( 'NONE',  ( 0.000000000000000000, 0.000000000000000000, 1.000000000000000000 ) ) ;
#1560 = EDGE_CURVE ( 'NONE', #911, #280, #1660, .T. ) ;
#1561 = DIRECTION ( 'NONE',  ( 0.000000000000000000, 0.000000000000000000, -1.000000000000000000 ) ) ;
#1562 = CARTESIAN_POINT ( 'NONE',  ( -5.327136039032960291, -39.05920661792340098, -3.000000000000000000 ) ) ;
#1563 = VERTEX_POINT ( 'NONE', #1568 ) ;
#1564 = ORIENTED_EDGE ( 'NONE', *, *, #2869, .T. ) ;
#1565 = EDGE_LOOP ( 'NONE', ( #1575, #1084 ) ) ;
#1566 = DIRECTION ( 'NONE',  ( -1.000000000000000000, 0.000000000000000000, 0.000000000000000000 ) ) ;
#1567 = ORIENTED_EDGE ( 'NONE', *, *, #190, .F. ) ;
#1568 = CARTESIAN_POINT ( 'NONE',  ( 47.64831357033277470, -18.18345989912308625, -3.000000000000000000 ) ) ;
#1569 = CYLINDRICAL_SURFACE ( 'NONE', #2397, 1.649999999999998357 ) ;
#1570 = AXIS2_PLACEMENT_3D ( 'NONE', #500, #937, #2335 ) ;
#1571 = CARTESIAN_POINT ( 'NONE',  ( -40.62114317029974586, 22.50000000000001421, -3.000000000000000000 ) ) ;
#1572 = LINE ( 'NONE', #1281, #72 ) ;
#1573 = EDGE_CURVE ( 'NONE', #1874, #733, #2504, .T. ) ;
#1574 = ORIENTED_EDGE ( 'NONE', *, *, #1339, .F. ) ;
#1575 = ORIENTED_EDGE ( 'NONE', *, *, #2158, .F. ) ;
#1576 = LINE ( 'NONE', #1790, #2050 ) ;
#1577 = ORIENTED_EDGE ( 'NONE', *, *, #2902, .T. ) ;
#1578 = VECTOR ( 'NONE', #1179, 1000.000000000000114 ) ;
#1579 = DIRECTION ( 'NONE',  ( 0.000000000000000000, 0.000000000000000000, 1.000000000000000000 ) ) ;
#1580 = CARTESIAN_POINT ( 'NONE',  ( 2.100000000000254996, -36.50000000000000000, 3.000000000000000000 ) ) ;
#1581 = FACE_OUTER_BOUND ( 'NONE', #1888, .T. ) ;
#1582 = ADVANCED_FACE ( 'NONE', ( #2054 ), #1131, .T. ) ;
#1583 = VERTEX_POINT ( 'NONE', #1580 ) ;
#1584 = DIRECTION ( 'NONE',  ( 0.000000000000000000, 0.000000000000000000, 1.000000000000000000 ) ) ;
#1585 = CARTESIAN_POINT ( 'NONE',  ( -37.43579102398609848, -12.60204548509654110, 12.50000000000000000 ) ) ;
#1586 = VECTOR ( 'NONE', #2123, 1000.000000000000227 ) ;
#1587 = ORIENTED_EDGE ( 'NONE', *, *, #1135, .F. ) ;
#1588 = ORIENTED_EDGE ( 'NONE', *, *, #1108, .F. ) ;
#1589 = EDGE_CURVE ( 'NONE', #1283, #1238, #2490, .T. ) ;
#1590 = DIRECTION ( 'NONE',  ( -0.3783831286729958387, -0.9256490738587896949, 0.000000000000000000 ) ) ;
#1591 = CIRCLE ( 'NONE', #319, 2.500000000000002220 ) ;
#1592 = EDGE_LOOP ( 'NONE', ( #1489, #2033, #1979, #2895 ) ) ;
#1593 = ADVANCED_FACE ( 'NONE', ( #1554 ), #2940, .T. ) ;
#1594 = ADVANCED_FACE ( 'NONE', ( #2969 ), #1367, .F. ) ;
#1595 = CIRCLE ( 'NONE', #2942, 50.99999999999779732 ) ;
#1596 = DIRECTION ( 'NONE',  ( 0.000000000000000000, 0.000000000000000000, 1.000000000000000000 ) ) ;
#1597 = DIRECTION ( 'NONE',  ( 0.000000000000000000, 0.000000000000000000, -1.000000000000000000 ) ) ;
#1598 = CIRCLE ( 'NONE', #323, 2.500000000000002220 ) ;
#1599 = EDGE_CURVE ( 'NONE', #2483, #2528, #1478, .T. ) ;
#1600 = ORIENTED_EDGE ( 'NONE', *, *, #1793, .F. ) ;
#1601 = LINE ( 'NONE', #461, #23 ) ;
#1602 = DIRECTION ( 'NONE',  ( -0.000000000000000000, -0.000000000000000000, -1.000000000000000000 ) ) ;
#1603 = EDGE_LOOP ( 'NONE', ( #775, #2374, #1365, #134 ) ) ;
#1604 = VERTEX_POINT ( 'NONE', #1162 ) ;
#1605 = ORIENTED_EDGE ( 'NONE', *, *, #1064, .F. ) ;
#1606 = DIRECTION ( 'NONE',  ( -1.000000000000000000, 0.000000000000000000, 0.000000000000000000 ) ) ;
#1607 = ORIENTED_EDGE ( 'NONE', *, *, #2431, .T. ) ;
#1608 = FACE_OUTER_BOUND ( 'NONE', #2133, .T. ) ;
#1609 = CARTESIAN_POINT ( 'NONE',  ( 0.000000000000000000, 0.000000000000000000, 3.000000000000002665 ) ) ;
#1610 = CARTESIAN_POINT ( 'NONE',  ( 2.625560384890439783E-15, 6.422980715756109732E-15, -3.000000000000000000 ) ) ;
#1611 = CARTESIAN_POINT ( 'NONE',  ( -44.18944362497730083, -18.06358414365019982, -3.000000000000000000 ) ) ;
#1612 = ORIENTED_EDGE ( 'NONE', *, *, #1637, .F. ) ;
#1613 = CYLINDRICAL_SURFACE ( 'NONE', #2951, 2.499999999999998668 ) ;
#1614 = DIRECTION ( 'NONE',  ( 0.000000000000000000, 0.000000000000000000, -1.000000000000000000 ) ) ;
#1615 = ORIENTED_EDGE ( 'NONE', *, *, #2585, .T. ) ;
#1616 = CIRCLE ( 'NONE', #1093, 2.500000000000000444 ) ;
#1617 = ORIENTED_EDGE ( 'NONE', *, *, #2593, .T. ) ;
#1618 = ORIENTED_EDGE ( 'NONE', *, *, #1200, .F. ) ;
#1619 = CARTESIAN_POINT ( 'NONE',  ( -1.312780192445198000E-15, -3.211490357878065121E-15, 12.50000000000000000 ) ) ;
#1620 = AXIS2_PLACEMENT_3D ( 'NONE', #1343, #58, #2781 ) ;
#1621 = ORIENTED_EDGE ( 'NONE', *, *, #104, .T. ) ;
#1622 = CARTESIAN_POINT ( 'NONE',  ( 50.99999999999779732, 6.245698675651231443E-15, 10.00000000000000888 ) ) ;
#1623 = FACE_OUTER_BOUND ( 'NONE', #2670, .T. ) ;
#1624 = CARTESIAN_POINT ( 'NONE',  ( -38.97114317029974018, 22.50000000000001421, -3.000000000000000000 ) ) ;
#1625 = DIRECTION ( 'NONE',  ( 1.000000000000000000, 0.000000000000000000, 0.000000000000000000 ) ) ;
#1626 = DIRECTION ( 'NONE',  ( -1.000000000000000000, -2.775557561562890957E-15, 0.000000000000000000 ) ) ;
#1627 = CARTESIAN_POINT ( 'NONE',  ( -38.97114317029974018, 22.50000000000001421, 3.000000000000000000 ) ) ;
#1628 = EDGE_LOOP ( 'NONE', ( #1255, #1530 ) ) ;
#1629 = EDGE_LOOP ( 'NONE', ( #1209, #1898, #1033, #513 ) ) ;
#1630 = ORIENTED_EDGE ( 'NONE', *, *, #2072, .F. ) ;
#1631 = CARTESIAN_POINT ( 'NONE',  ( -29.50992723813195084, -18.25000000000000000, 12.50000000000000000 ) ) ;
#1632 = CARTESIAN_POINT ( 'NONE',  ( 31.16269716326939943, 24.14303844818135047, -3.000000000000000000 ) ) ;
#1633 = CIRCLE ( 'NONE', #1341, 2.499999999999999556 ) ;
#1634 = AXIS2_PLACEMENT_3D ( 'NONE', #1234, #301, #1015 ) ;
#1635 = ORIENTED_EDGE ( 'NONE', *, *, #20, .T. ) ;
#1636 = DIRECTION ( 'NONE',  ( -0.000000000000000000, -0.000000000000000000, -1.000000000000000000 ) ) ;
#1637 = EDGE_CURVE ( 'NONE', #1353, #1792, #1146, .T. ) ;
#1638 = CIRCLE ( 'NONE', #586, 50.99999999999779732 ) ;
#1639 = AXIS2_PLACEMENT_3D ( 'NONE', #2418, #1542, #1322 ) ;
#1640 = DIRECTION ( 'NONE',  ( -0.1351351351350599250, -0.9908271772877593753, 0.000000000000000000 ) ) ;
#1641 = AXIS2_PLACEMENT_3D ( 'NONE', #2220, #2650, #2695 ) ;
#1642 = ORIENTED_EDGE ( 'NONE', *, *, #2907, .F. ) ;
#1643 = DIRECTION ( 'NONE',  ( 0.000000000000000000, 0.000000000000000000, 1.000000000000000000 ) ) ;
#1644 = ORIENTED_EDGE ( 'NONE', *, *, #2128, .F. ) ;
#1645 = ORIENTED_EDGE ( 'NONE', *, *, #925, .F. ) ;
#1646 = DIRECTION ( 'NONE',  ( -0.7905139387236944648, 0.6124440486146885965, 0.000000000000000000 ) ) ;
#1647 = CIRCLE ( 'NONE', #362, 1.649999999999991696 ) ;
#1648 = ADVANCED_FACE ( 'NONE', ( #1776 ), #2037, .T. ) ;
#1649 = ORIENTED_EDGE ( 'NONE', *, *, #2227, .T. ) ;
#1650 = CARTESIAN_POINT ( 'NONE',  ( 2.548781377355489747E-13, -36.50000000000000000, -3.000000000000000000 ) ) ;
#1651 = PLANE ( 'NONE',  #1819 ) ;
#1652 = DIRECTION ( 'NONE',  ( 0.000000000000000000, 0.000000000000000000, -1.000000000000000000 ) ) ;
#1653 = ORIENTED_EDGE ( 'NONE', *, *, #2452, .T. ) ;
#1654 = CARTESIAN_POINT ( 'NONE',  ( 0.000000000000000000, 0.000000000000000000, -3.000000000000000000 ) ) ;
#1655 = CARTESIAN_POINT ( 'NONE',  ( 0.000000000000000000, 0.000000000000000000, -3.000000000000000000 ) ) ;
#1656 = VERTEX_POINT ( 'NONE', #8 ) ;
#1657 = ORIENTED_EDGE ( 'NONE', *, *, #1122, .T. ) ;
#1658 = VECTOR ( 'NONE', #1504, 1000.000000000000000 ) ;
#1659 = CARTESIAN_POINT ( 'NONE',  ( 5.327136039032691173, 39.05920661792340098, 3.000000000000000000 ) ) ;
#1660 = CIRCLE ( 'NONE', #1797, 31.50000000000000000 ) ;
#1661 = VERTEX_POINT ( 'NONE', #1823 ) ;
#1662 = DIRECTION ( 'NONE',  ( 1.000000000000000000, 0.000000000000000000, 0.000000000000000000 ) ) ;
#1663 = EDGE_CURVE ( 'NONE', #2857, #285, #71, .T. ) ;
#1664 = DIRECTION ( 'NONE',  ( -1.000000000000000000, 0.000000000000000000, 0.000000000000000000 ) ) ;
#1665 = DIRECTION ( 'NONE',  ( 0.000000000000000000, 0.000000000000000000, 1.000000000000000000 ) ) ;
#1666 = DIRECTION ( 'NONE',  ( 0.000000000000000000, 0.000000000000000000, -1.000000000000000000 ) ) ;
#1667 = ORIENTED_EDGE ( 'NONE', *, *, #1287, .F. ) ;
#1668 = LINE ( 'NONE', #1902, #1358 ) ;
#1669 = DIRECTION ( 'NONE',  ( -0.9908271772877585981, 0.1351351351350667529, 0.000000000000000000 ) ) ;
#1670 = EDGE_LOOP ( 'NONE', ( #1904, #10, #1350, #2156 ) ) ;
#1671 = CARTESIAN_POINT ( 'NONE',  ( -46.08135926834260232, -13.43533877435639923, 3.000000000000000000 ) ) ;
#1672 = ORIENTED_EDGE ( 'NONE', *, *, #2525, .F. ) ;
#1673 = DIRECTION ( 'NONE',  ( 1.000000000000000000, 0.000000000000000000, 0.000000000000000000 ) ) ;
#1674 = CIRCLE ( 'NONE', #2837, 54.99999999999779021 ) ;
#1675 = EDGE_CURVE ( 'NONE', #2716, #1056, #2711, .T. ) ;
#1676 = CARTESIAN_POINT ( 'NONE',  ( -2.099999999999744738, -36.50000000000000000, -3.000000000000000000 ) ) ;
#1677 = LINE ( 'NONE', #1371, #1717 ) ;
#1678 = AXIS2_PLACEMENT_3D ( 'NONE', #536, #2819, #310 ) ;
#1679 = VERTEX_POINT ( 'NONE', #1271 ) ;
#1680 = AXIS2_PLACEMENT_3D ( 'NONE', #165, #1325, #2658 ) ;
#1681 = LINE ( 'NONE', #64, #274 ) ;
#1682 = CARTESIAN_POINT ( 'NONE',  ( -2.124842137708570130E-15, 2.742646175181604856E-15, 12.50000000000000000 ) ) ;
#1683 = AXIS2_PLACEMENT_3D ( 'NONE', #731, #2789, #221 ) ;
#1684 = VERTEX_POINT ( 'NONE', #276 ) ;
#1685 = LINE ( 'NONE', #317, #1940 ) ;
#1686 = CIRCLE ( 'NONE', #2359, 50.99999999999779732 ) ;
#1687 = ORIENTED_EDGE ( 'NONE', *, *, #1926, .T. ) ;
#1688 = EDGE_CURVE ( 'NONE', #1803, #2363, #1421, .T. ) ;
#1689 = ORIENTED_EDGE ( 'NONE', *, *, #1027, .T. ) ;
#1690 = CIRCLE ( 'NONE', #2956, 5.000000000000000000 ) ;
#1691 = CARTESIAN_POINT ( 'NONE',  ( -35.06643716170890457, 11.80444766958290082, -3.000000000000000000 ) ) ;
#1692 = CARTESIAN_POINT ( 'NONE',  ( 29.50992723813180163, 18.25000000000034817, 3.000000000000000000 ) ) ;
#1693 = ORIENTED_EDGE ( 'NONE', *, *, #1429, .T. ) ;
#1694 = LINE ( 'NONE', #2344, #2899 ) ;
#1695 = DIRECTION ( 'NONE',  ( 0.000000000000000000, 0.000000000000000000, -1.000000000000000000 ) ) ;
#1696 = CARTESIAN_POINT ( 'NONE',  ( -50.99999999999779732, 0.000000000000000000, 159.9066376115418393 ) ) ;
#1697 = ORIENTED_EDGE ( 'NONE', *, *, #2858, .F. ) ;
#1698 = EDGE_CURVE ( 'NONE', #2316, #1874, #2873, .T. ) ;
#1699 = LINE ( 'NONE', #2860, #754 ) ;
#1700 = CIRCLE ( 'NONE', #2470, 37.00000000000000000 ) ;
#1701 = EDGE_CURVE ( 'NONE', #973, #745, #2554, .T. ) ;
#1702 = AXIS2_PLACEMENT_3D ( 'NONE', #926, #1141, #1364 ) ;
#1703 = DIRECTION ( 'NONE',  ( 1.000000000000000000, 0.000000000000000000, 0.000000000000000000 ) ) ;
#1704 = EDGE_CURVE ( 'NONE', #1934, #2923, #2843, .T. ) ;
#1705 = VERTEX_POINT ( 'NONE', #944 ) ;
#1706 = ADVANCED_FACE ( 'NONE', ( #2104 ), #959, .F. ) ;
#1707 = DIRECTION ( 'NONE',  ( -0.000000000000000000, -0.000000000000000000, -1.000000000000000000 ) ) ;
#1708 = DIRECTION ( 'NONE',  ( -0.000000000000000000, -0.000000000000000000, -1.000000000000000000 ) ) ;
#1709 = ORIENTED_EDGE ( 'NONE', *, *, #2712, .F. ) ;
#1710 = FACE_BOUND ( 'NONE', #1876, .T. ) ;
#1711 = LINE ( 'NONE', #340, #97 ) ;
#1712 = EDGE_LOOP ( 'NONE', ( #1520, #1424, #423, #1809 ) ) ;
#1713 = ORIENTED_EDGE ( 'NONE', *, *, #249, .F. ) ;
#1714 = CARTESIAN_POINT ( 'NONE',  ( 37.73824456428614837, 29.23738868650750078, -3.000000000000000000 ) ) ;
#1715 = FACE_OUTER_BOUND ( 'NONE', #1957, .T. ) ;
#1716 = ORIENTED_EDGE ( 'NONE', *, *, #1744, .F. ) ;
#1717 = VECTOR ( 'NONE', #1480, 1000.000000000000000 ) ;
#1718 = DIRECTION ( 'NONE',  ( -0.000000000000000000, -0.000000000000000000, -1.000000000000000000 ) ) ;
#1719 = VERTEX_POINT ( 'NONE', #1852 ) ;
#1720 = CARTESIAN_POINT ( 'NONE',  ( 31.60992723813180305, 18.25000000000034817, 3.000000000000000000 ) ) ;
#1721 = DIRECTION ( 'NONE',  ( 0.000000000000000000, 0.000000000000000000, -1.000000000000000000 ) ) ;
#1722 =( GEOMETRIC_REPRESENTATION_CONTEXT ( 3 ) GLOBAL_UNCERTAINTY_ASSIGNED_CONTEXT ( ( #287 ) ) GLOBAL_UNIT_ASSIGNED_CONTEXT ( ( #1008, #1882, #2107 ) ) REPRESENTATION_CONTEXT ( 'NONE', 'WORKASPACE' ) );
#1723 = CIRCLE ( 'NONE', #267, 2.500000000000002220 ) ;
#1724 = ORIENTED_EDGE ( 'NONE', *, *, #1212, .F. ) ;
#1725 = FACE_OUTER_BOUND ( 'NONE', #437, .T. ) ;
#1726 = CIRCLE ( 'NONE', #2552, 4.999999999999997335 ) ;
#1727 = LINE ( 'NONE', #2700, #870 ) ;
#1728 = EDGE_CURVE ( 'NONE', #2535, #2857, #777, .T. ) ;
#1729 = ORIENTED_EDGE ( 'NONE', *, *, #2258, .T. ) ;
#1730 = VERTEX_POINT ( 'NONE', #2163 ) ;
#1731 = DIRECTION ( 'NONE',  ( -1.000000000000000000, 0.000000000000000000, 0.000000000000000000 ) ) ;
#1732 = CYLINDRICAL_SURFACE ( 'NONE', #1278, 2.499999999999999556 ) ;
#1733 = AXIS2_PLACEMENT_3D ( 'NONE', #694, #1106, #1626 ) ;
#1734 = CARTESIAN_POINT ( 'NONE',  ( -34.67602432121260136, -33.18995838012545363, 3.000000000000000000 ) ) ;
#1735 = CARTESIAN_POINT ( 'NONE',  ( -2.124842137708570130E-15, 2.742646175181604856E-15, 3.000000000000000000 ) ) ;
#1736 = CARTESIAN_POINT ( 'NONE',  ( -7.310267021351569916, 36.27064923704205057, 3.000000000000000000 ) ) ;
#1737 = EDGE_CURVE ( 'NONE', #2966, #2141, #2446, .T. ) ;
#1738 = CARTESIAN_POINT ( 'NONE',  ( -31.60992723813205174, 18.25000000000000000, 12.50000000000000000 ) ) ;
#1739 = CARTESIAN_POINT ( 'NONE',  ( 34.67602432121419298, -33.18995838012380517, 3.000000000000000000 ) ) ;
#1740 = ORIENTED_EDGE ( 'NONE', *, *, #2648, .T. ) ;
#1741 = VERTEX_POINT ( 'NONE', #724 ) ;
#1742 = CARTESIAN_POINT ( 'NONE',  ( 46.08135926834319918, -13.43533877435421964, 3.000000000000000000 ) ) ;
#1743 = DIRECTION ( 'NONE',  ( 0.000000000000000000, 0.000000000000000000, 1.000000000000000000 ) ) ;
#1744 = EDGE_CURVE ( 'NONE', #2230, #181, #1723, .T. ) ;
#1745 = EDGE_LOOP ( 'NONE', ( #995, #380 ) ) ;
#1746 = AXIS2_PLACEMENT_3D ( 'NONE', #1286, #1954, #1519 ) ;
#1747 = CARTESIAN_POINT ( 'NONE',  ( 31.16269716327050077, -24.14303844817980149, -3.000000000000000000 ) ) ;
#1748 = CARTESIAN_POINT ( 'NONE',  ( 47.64831357033177994, 18.18345989912568328, 0.000000000000000000 ) ) ;
#1749 = LINE ( 'NONE', #1319, #592 ) ;
#1750 = VECTOR ( 'NONE', #2782, 1000.000000000000114 ) ;
#1751 = DIRECTION ( 'NONE',  ( 0.000000000000000000, 0.000000000000000000, 1.000000000000000000 ) ) ;
#1752 = CYLINDRICAL_SURFACE ( 'NONE', #1865, 4.999999999999997335 ) ;
#1753 = LINE ( 'NONE', #191, #239 ) ;
#1754 = ORIENTED_EDGE ( 'NONE', *, *, #984, .T. ) ;
#1755 = ORIENTED_EDGE ( 'NONE', *, *, #1212, .T. ) ;
#1756 = CARTESIAN_POINT ( 'NONE',  ( -37.43579102398655323, 12.60204548509524081, 3.000000000000000000 ) ) ;
#1757 = EDGE_CURVE ( 'NONE', #2070, #1815, #79, .T. ) ;
#1758 = ORIENTED_EDGE ( 'NONE', *, *, #1409, .T. ) ;
#1759 = LINE ( 'NONE', #2692, #2394 ) ;
#1760 = CARTESIAN_POINT ( 'NONE',  ( 39.57149498650429820, -32.17292004983135456, 3.000000000000000000 ) ) ;
#1761 = CARTESIAN_POINT ( 'NONE',  ( 47.64831357033276760, -18.18345989912308269, 0.000000000000000000 ) ) ;
#1762 = AXIS2_PLACEMENT_3D ( 'NONE', #1182, #1231, #2369 ) ;
#1763 = CIRCLE ( 'NONE', #485, 2.100000000000000977 ) ;
#1764 = EDGE_CURVE ( 'NONE', #2541, #2876, #914, .T. ) ;
#1765 = CYLINDRICAL_SURFACE ( 'NONE', #1173, 2.099999999999997868 ) ;
#1766 = DIRECTION ( 'NONE',  ( 0.000000000000000000, 0.000000000000000000, -1.000000000000000000 ) ) ;
#1767 = DIRECTION ( 'NONE',  ( 1.000000000000000000, 0.000000000000000000, 0.000000000000000000 ) ) ;
#1768 = ORIENTED_EDGE ( 'NONE', *, *, #2354, .F. ) ;
#1769 = ORIENTED_EDGE ( 'NONE', *, *, #2008, .F. ) ;
#1770 = VECTOR ( 'NONE', #1071, 1000.000000000000000 ) ;
#1771 = DIRECTION ( 'NONE',  ( 1.000000000000000000, 0.000000000000000000, 0.000000000000000000 ) ) ;
#1772 = AXIS2_PLACEMENT_3D ( 'NONE', #1627, #1602, #2295 ) ;
#1773 = ORIENTED_EDGE ( 'NONE', *, *, #2763, .T. ) ;
#1774 = AXIS2_PLACEMENT_3D ( 'NONE', #2060, #219, #2522 ) ;
#1775 = CARTESIAN_POINT ( 'NONE',  ( 54.99999999999779021, 6.735557395310172824E-15, 10.00000000000000000 ) ) ;
#1776 = FACE_OUTER_BOUND ( 'NONE', #2903, .T. ) ;
#1777 = VECTOR ( 'NONE', #1751, 1000.000000000000000 ) ;
#1778 = DIRECTION ( 'NONE',  ( 0.000000000000000000, 0.000000000000000000, -1.000000000000000000 ) ) ;
#1779 = FACE_OUTER_BOUND ( 'NONE', #2240, .T. ) ;
#1780 = EDGE_CURVE ( 'NONE', #1965, #1029, #1268, .T. ) ;
#1781 = ORIENTED_EDGE ( 'NONE', *, *, #835, .T. ) ;
#1782 = VECTOR ( 'NONE', #834, 1000.000000000000114 ) ;
#1783 = CARTESIAN_POINT ( 'NONE',  ( -47.64831357033190784, -18.18345989912535643, -3.000000000000000000 ) ) ;
#1784 = CARTESIAN_POINT ( 'NONE',  ( -7.804203982253699934, 38.72136878008545580, 3.000000000000000000 ) ) ;
#1785 = DIRECTION ( 'NONE',  ( 1.000000000000000000, -1.387778780781446464E-15, 0.000000000000000000 ) ) ;
#1786 = ORIENTED_EDGE ( 'NONE', *, *, #2106, .T. ) ;
#1787 = ORIENTED_EDGE ( 'NONE', *, *, #2704, .T. ) ;
#1788 = EDGE_CURVE ( 'NONE', #1164, #2045, #1546, .T. ) ;
#1789 = EDGE_LOOP ( 'NONE', ( #2933, #2362, #2910, #1038 ) ) ;
#1790 = CARTESIAN_POINT ( 'NONE',  ( -47.64831357033264680, 18.18345989912341309, 0.000000000000000000 ) ) ;
#1791 = FACE_OUTER_BOUND ( 'NONE', #253, .T. ) ;
#1792 = VERTEX_POINT ( 'NONE', #1937 ) ;
#1793 = EDGE_CURVE ( 'NONE', #2051, #2709, #1218, .T. ) ;
#1794 = PRODUCT_DEFINITION_SHAPE ( 'NONE', 'NONE',  #1189 ) ;
#1795 = DIRECTION ( 'NONE',  ( 1.000000000000000000, 0.000000000000000000, 0.000000000000000000 ) ) ;
#1796 = CARTESIAN_POINT ( 'NONE',  ( 0.000000000000000000, 0.000000000000000000, 3.000000000000000000 ) ) ;
#1797 = AXIS2_PLACEMENT_3D ( 'NONE', #1342, #928, #2243 ) ;
#1798 = CARTESIAN_POINT ( 'NONE',  ( -29.50992723813205032, 18.25000000000000000, 3.000000000000000000 ) ) ;
#1799 = DIRECTION ( 'NONE',  ( -1.000000000000000000, 0.000000000000000000, 0.000000000000000000 ) ) ;
#1800 = EDGE_LOOP ( 'NONE', ( #1532, #2612 ) ) ;
#1801 = EDGE_LOOP ( 'NONE', ( #1544, #2195, #2091, #1906 ) ) ;
#1802 = CARTESIAN_POINT ( 'NONE',  ( -44.18944362497815348, 18.06358414364850162, -3.000000000000000000 ) ) ;
#1803 = VERTEX_POINT ( 'NONE', #2802 ) ;
#1804 = ADVANCED_FACE ( 'NONE', ( #1503 ), #1651, .F. ) ;
#1805 = AXIS2_PLACEMENT_3D ( 'NONE', #2121, #1403, #996 ) ;
#1806 = DIRECTION ( 'NONE',  ( 0.000000000000000000, 0.000000000000000000, -1.000000000000000000 ) ) ;
#1807 = DIRECTION ( 'NONE',  ( 1.000000000000000000, 0.000000000000000000, 0.000000000000000000 ) ) ;
#1808 = ADVANCED_FACE ( 'NONE', ( #522 ), #1285, .F. ) ;
#1809 = ORIENTED_EDGE ( 'NONE', *, *, #1102, .F. ) ;
#1810 = CYLINDRICAL_SURFACE ( 'NONE', #998, 2.500000000000000444 ) ;
#1811 = FACE_OUTER_BOUND ( 'NONE', #273, .T. ) ;
#1812 = CARTESIAN_POINT ( 'NONE',  ( -7.804203982252360561, -38.72136878008570449, -3.000000000000000000 ) ) ;
#1813 = CARTESIAN_POINT ( 'NONE',  ( 0.000000000000000000, 0.000000000000000000, 159.9066376115418393 ) ) ;
#1814 = AXIS2_PLACEMENT_3D ( 'NONE', #1941, #1259, #1467 ) ;
#1815 = VERTEX_POINT ( 'NONE', #1953 ) ;
#1816 = ORIENTED_EDGE ( 'NONE', *, *, #557, .T. ) ;
#1817 = CARTESIAN_POINT ( 'NONE',  ( -31.16269716327035155, 24.14303844818000044, 3.000000000000000000 ) ) ;
#1818 = CIRCLE ( 'NONE', #1451, 2.500000000000002220 ) ;
#1819 = AXIS2_PLACEMENT_3D ( 'NONE', #2409, #706, #367 ) ;
#1820 = ORIENTED_EDGE ( 'NONE', *, *, #2112, .T. ) ;
#1821 = AXIS2_PLACEMENT_3D ( 'NONE', #189, #2882, #815 ) ;
#1822 = DIRECTION ( 'NONE',  ( 0.000000000000000000, 0.000000000000000000, -1.000000000000000000 ) ) ;
#1823 = CARTESIAN_POINT ( 'NONE',  ( 6.451199060691930498, -47.30097283015560095, 3.000000000000000000 ) ) ;
#1824 = DIRECTION ( 'NONE',  ( 0.000000000000000000, 0.000000000000000000, -1.000000000000000000 ) ) ;
#1825 = AXIS2_PLACEMENT_3D ( 'NONE', #1784, #2029, #2250 ) ;
#1826 = ORIENTED_EDGE ( 'NONE', *, *, #44, .T. ) ;
#1827 = DIRECTION ( 'NONE',  ( 0.000000000000000000, 0.000000000000000000, -1.000000000000000000 ) ) ;
#1828 = DIRECTION ( 'NONE',  ( 0.000000000000000000, 0.000000000000000000, -1.000000000000000000 ) ) ;
#1829 = FACE_OUTER_BOUND ( 'NONE', #252, .T. ) ;
#1830 = ORIENTED_EDGE ( 'NONE', *, *, #2244, .T. ) ;
#1831 = ORIENTED_EDGE ( 'NONE', *, *, #2890, .T. ) ;
#1832 = VERTEX_POINT ( 'NONE', #1622 ) ;
#1833 = DIRECTION ( 'NONE',  ( 0.000000000000000000, 0.000000000000000000, -1.000000000000000000 ) ) ;
#1834 = ORIENTED_EDGE ( 'NONE', *, *, #1108, .T. ) ;
#1835 = DIRECTION ( 'NONE',  ( -1.000000000000000000, 0.000000000000000000, 0.000000000000000000 ) ) ;
#1836 = CYLINDRICAL_SURFACE ( 'NONE', #1805, 2.500000000000002220 ) ;
#1837 = FACE_OUTER_BOUND ( 'NONE', #1323, .T. ) ;
#1838 = LINE ( 'NONE', #1437, #113 ) ;
#1839 = ORIENTED_EDGE ( 'NONE', *, *, #20, .F. ) ;
#1840 = DIRECTION ( 'NONE',  ( -1.000000000000000000, 0.000000000000000000, 0.000000000000000000 ) ) ;
#1841 = VECTOR ( 'NONE', #141, 1000.000000000000114 ) ;
#1842 = DIRECTION ( 'NONE',  ( -1.000000000000000000, 0.000000000000000000, 0.000000000000000000 ) ) ;
#1843 = ORIENTED_EDGE ( 'NONE', *, *, #526, .F. ) ;
#1844 = CIRCLE ( 'NONE', #2231, 2.100000000000000977 ) ;
#1845 = EDGE_LOOP ( 'NONE', ( #2508, #2514, #604, #2046 ) ) ;
#1846 = ADVANCED_FACE ( 'NONE', ( #2309 ), #1213, .F. ) ;
#1847 = ORIENTED_EDGE ( 'NONE', *, *, #224, .T. ) ;
#1848 = DIRECTION ( 'NONE',  ( 0.000000000000000000, 0.000000000000000000, 1.000000000000000000 ) ) ;
#1849 = VERTEX_POINT ( 'NONE', #1351 ) ;
#1850 = DIRECTION ( 'NONE',  ( 1.000000000000000000, 0.000000000000000000, 0.000000000000000000 ) ) ;
#1851 = ADVANCED_FACE ( 'NONE', ( #602 ), #2214, .F. ) ;
#1852 = CARTESIAN_POINT ( 'NONE',  ( -6.451199060691600096, 47.30097283015560095, 3.000000000000000000 ) ) ;
#1853 = DIRECTION ( 'NONE',  ( 0.000000000000000000, 0.000000000000000000, 1.000000000000000000 ) ) ;
#1854 = EDGE_CURVE ( 'NONE', #1238, #924, #1591, .T. ) ;
#1855 = VERTEX_POINT ( 'NONE', #2950 ) ;
#1856 = DIRECTION ( 'NONE',  ( 1.000000000000000000, 1.387778780781444492E-15, 0.000000000000000000 ) ) ;
#1857 = DIRECTION ( 'NONE',  ( -1.000000000000000000, 0.000000000000000000, 0.000000000000000000 ) ) ;
#1858 = EDGE_LOOP ( 'NONE', ( #848, #1768 ) ) ;
#1859 = ORIENTED_EDGE ( 'NONE', *, *, #1216, .F. ) ;
#1860 = DIRECTION ( 'NONE',  ( 0.000000000000000000, 0.000000000000000000, -1.000000000000000000 ) ) ;
#1861 = VECTOR ( 'NONE', #2913, 1000.000000000000114 ) ;
#1862 = EDGE_LOOP ( 'NONE', ( #1449, #2242, #1232, #1046 ) ) ;
#1863 = CARTESIAN_POINT ( 'NONE',  ( 0.000000000000000000, 0.000000000000000000, -3.000000000000002665 ) ) ;
#1864 = CYLINDRICAL_SURFACE ( 'NONE', #2380, 2.499999999999999556 ) ;
#1865 = AXIS2_PLACEMENT_3D ( 'NONE', #147, #1050, #2003 ) ;
#1866 = DIRECTION ( 'NONE',  ( 0.000000000000000000, 0.000000000000000000, -1.000000000000000000 ) ) ;
#1867 = DIRECTION ( 'NONE',  ( 1.000000000000000000, 0.000000000000000000, 0.000000000000000000 ) ) ;
#1868 = CIRCLE ( 'NONE', #2936, 37.00000000000000000 ) ;
#1869 = ORIENTED_EDGE ( 'NONE', *, *, #1186, .F. ) ;
#1870 = CARTESIAN_POINT ( 'NONE',  ( 11.40533494713065998, -46.62529715447989531, 3.000000000000000000 ) ) ;
#1871 = ADVANCED_FACE ( 'NONE', ( #1980 ), #1113, .F. ) ;
#1872 = PLANE ( 'NONE',  #1112 ) ;
#1873 = VERTEX_POINT ( 'NONE', #2705 ) ;
#1874 = VERTEX_POINT ( 'NONE', #2671 ) ;
#1875 = DIRECTION ( 'NONE',  ( 0.000000000000000000, 0.000000000000000000, -1.000000000000000000 ) ) ;
#1876 = EDGE_LOOP ( 'NONE', ( #2511, #781 ) ) ;
#1877 = FACE_BOUND ( 'NONE', #512, .T. ) ;
#1878 = ADVANCED_FACE ( 'NONE', ( #1994 ), #2932, .F. ) ;
#1879 = CARTESIAN_POINT ( 'NONE',  ( 1.333797464099682063E-12, -1.819115428861154812E-13, -3.000000000000000000 ) ) ;
#1880 = ADVANCED_FACE ( 'NONE', ( #658 ), #618, .F. ) ;
#1881 = DIRECTION ( 'NONE',  ( 0.000000000000000000, 0.000000000000000000, -1.000000000000000000 ) ) ;
#1882 =( NAMED_UNIT ( * ) PLANE_ANGLE_UNIT ( ) SI_UNIT ( $, .RADIAN. ) );
#1883 = CYLINDRICAL_SURFACE ( 'NONE', #1762, 2.500000000000002220 ) ;
#1884 = ORIENTED_EDGE ( 'NONE', *, *, #1728, .F. ) ;
#1885 = DIRECTION ( 'NONE',  ( -0.6124440486146884854, -0.7905139387236945758, 0.000000000000000000 ) ) ;
#1886 = DIRECTION ( 'NONE',  ( -1.000000000000000000, 6.938893903907222461E-16, 0.000000000000000000 ) ) ;
#1887 = EDGE_CURVE ( 'NONE', #2949, #1029, #2918, .T. ) ;
#1888 = EDGE_LOOP ( 'NONE', ( #720, #2032, #816, #2373 ) ) ;
#1889 = ORIENTED_EDGE ( 'NONE', *, *, #180, .T. ) ;
#1890 = DIRECTION ( 'NONE',  ( 0.000000000000000000, 0.000000000000000000, 1.000000000000000000 ) ) ;
#1891 = AXIS2_PLACEMENT_3D ( 'NONE', #2529, #36, #776 ) ;
#1892 = EDGE_CURVE ( 'NONE', #399, #1386, #494, .T. ) ;
#1893 = ORIENTED_EDGE ( 'NONE', *, *, #2247, .T. ) ;
#1894 = ORIENTED_EDGE ( 'NONE', *, *, #1744, .T. ) ;
#1895 = DIRECTION ( 'NONE',  ( 1.000000000000000000, 0.000000000000000000, 0.000000000000000000 ) ) ;
#1896 = EDGE_CURVE ( 'NONE', #2150, #2848, #2353, .T. ) ;
#1897 = VECTOR ( 'NONE', #980, 1000.000000000000000 ) ;
#1898 = ORIENTED_EDGE ( 'NONE', *, *, #433, .T. ) ;
#1899 = CARTESIAN_POINT ( 'NONE',  ( 5.304203982252089666, 38.72136878008575422, 3.000000000000000000 ) ) ;
#1900 = CARTESIAN_POINT ( 'NONE',  ( 35.06643716170894720, -11.80444766958263969, 3.000000000000000000 ) ) ;
#1901 = VERTEX_POINT ( 'NONE', #394 ) ;
#1902 = CARTESIAN_POINT ( 'NONE',  ( -39.57149498650405661, 32.17292004983165299, 0.000000000000000000 ) ) ;
#1903 = FILL_AREA_STYLE ('',( #2387 ) ) ;
#1904 = ORIENTED_EDGE ( 'NONE', *, *, #1549, .F. ) ;
#1905 = LINE ( 'NONE', #2376, #2209 ) ;
#1906 = ORIENTED_EDGE ( 'NONE', *, *, #1254, .F. ) ;
#1907 = CARTESIAN_POINT ( 'NONE',  ( -2.099999999999744738, -36.50000000000000000, 12.50000000000000000 ) ) ;
#1908 = CIRCLE ( 'NONE', #2935, 4.999999999999997335 ) ;
#1909 = ORIENTED_EDGE ( 'NONE', *, *, #1250, .T. ) ;
#1910 = DIRECTION ( 'NONE',  ( 0.7905139387236903570, -0.6124440486146940366, 0.000000000000000000 ) ) ;
#1911 = CARTESIAN_POINT ( 'NONE',  ( -35.06643716170849956, -11.80444766958409986, 12.50000000000000000 ) ) ;
#1912 = VECTOR ( 'NONE', #607, 1000.000000000000000 ) ;
#1913 = DIRECTION ( 'NONE',  ( 0.1351351351350667529, 0.9908271772877585981, 0.000000000000000000 ) ) ;
#1914 = ORIENTED_EDGE ( 'NONE', *, *, #1389, .F. ) ;
#1915 = ADVANCED_FACE ( 'NONE', ( #427 ), #210, .F. ) ;
#1916 = CARTESIAN_POINT ( 'NONE',  ( 47.64831357033177994, 18.18345989912568328, 3.000000000000000000 ) ) ;
#1917 = FACE_OUTER_BOUND ( 'NONE', #1592, .T. ) ;
#1918 = VECTOR ( 'NONE', #1166, 1000.000000000000227 ) ;
#1919 = ORIENTED_EDGE ( 'NONE', *, *, #2510, .T. ) ;
#1920 = CARTESIAN_POINT ( 'NONE',  ( -40.62114317029974586, 22.50000000000001421, 10.00100000000001010 ) ) ;
#1921 = CIRCLE ( 'NONE', #639, 4.999999999999999112 ) ;
#1922 = CIRCLE ( 'NONE', #740, 2.100000000000000089 ) ;
#1923 = ORIENTED_EDGE ( 'NONE', *, *, #1573, .T. ) ;
#1924 = CARTESIAN_POINT ( 'NONE',  ( 2.100000000000000089, 36.50000000000000000, 3.000000000000000000 ) ) ;
#1925 = AXIS2_PLACEMENT_3D ( 'NONE', #342, #2164, #576 ) ;
#1926 = EDGE_CURVE ( 'NONE', #1493, #1336, #2743, .T. ) ;
#1927 = DIRECTION ( 'NONE',  ( 1.000000000000000000, 0.000000000000000000, 0.000000000000000000 ) ) ;
#1928 = ORIENTED_EDGE ( 'NONE', *, *, #2720, .F. ) ;
#1929 = DIRECTION ( 'NONE',  ( 0.000000000000000000, 0.000000000000000000, 1.000000000000000000 ) ) ;
#1930 = LINE ( 'NONE', #2620, #1118 ) ;
#1931 = DIRECTION ( 'NONE',  ( 0.000000000000000000, 0.000000000000000000, 1.000000000000000000 ) ) ;
#1932 = CYLINDRICAL_SURFACE ( 'NONE', #1022, 2.500000000000000444 ) ;
#1933 = EDGE_CURVE ( 'NONE', #306, #268, #1576, .T. ) ;
#1934 = VERTEX_POINT ( 'NONE', #440 ) ;
#1935 = EDGE_CURVE ( 'NONE', #2141, #1934, #226, .T. ) ;
#1936 = ORIENTED_EDGE ( 'NONE', *, *, #1688, .T. ) ;
#1937 = CARTESIAN_POINT ( 'NONE',  ( 8.076818583829995291, -50.35637994895655112, 3.000000000000000000 ) ) ;
#1938 = CARTESIAN_POINT ( 'NONE',  ( 0.000000000000000000, 0.000000000000000000, 3.000000000000002665 ) ) ;
#1939 = VECTOR ( 'NONE', #403, 1000.000000000000000 ) ;
#1940 = VECTOR ( 'NONE', #971, 1000.000000000000000 ) ;
#1941 = CARTESIAN_POINT ( 'NONE',  ( 0.000000000000000000, 0.000000000000000000, 12.50000000000000000 ) ) ;
#1942 = FACE_OUTER_BOUND ( 'NONE', #95, .T. ) ;
#1943 = ORIENTED_EDGE ( 'NONE', *, *, #2696, .T. ) ;
#1944 = CARTESIAN_POINT ( 'NONE',  ( -29.63158704173359936, 26.11932329498920069, -3.000000000000000000 ) ) ;
#1945 = FACE_OUTER_BOUND ( 'NONE', #2318, .T. ) ;
#1946 = CARTESIAN_POINT ( 'NONE',  ( 31.60992723813180305, 18.25000000000034817, 12.50000000000000000 ) ) ;
#1947 = CYLINDRICAL_SURFACE ( 'NONE', #1639, 2.100000000000000977 ) ;
#1948 = EDGE_CURVE ( 'NONE', #2535, #89, #1547, .T. ) ;
#1949 = AXIS2_PLACEMENT_3D ( 'NONE', #272, #1396, #882 ) ;
#1950 = CYLINDRICAL_SURFACE ( 'NONE', #257, 4.999999999999997335 ) ;
#1951 = EDGE_LOOP ( 'NONE', ( #1600, #2872 ) ) ;
#1952 = ORIENTED_EDGE ( 'NONE', *, *, #557, .F. ) ;
#1953 = CARTESIAN_POINT ( 'NONE',  ( -37.00000000000000000, 0.000000000000000000, -3.000000000000000000 ) ) ;
#1954 = DIRECTION ( 'NONE',  ( 0.000000000000000000, 0.000000000000000000, -1.000000000000000000 ) ) ;
#1955 = VECTOR ( 'NONE', #2780, 1000.000000000000227 ) ;
#1956 = DIRECTION ( 'NONE',  ( -1.000000000000000000, 0.000000000000000000, 0.000000000000000000 ) ) ;
#1957 = EDGE_LOOP ( 'NONE', ( #193, #1468, #978, #1311 ) ) ;
#1958 = CARTESIAN_POINT ( 'NONE',  ( -34.67602432121394429, 33.18995838012405386, 3.000000000000000000 ) ) ;
#1959 = DIRECTION ( 'NONE',  ( -1.000000000000000000, -1.387778780781445676E-15, 0.000000000000000000 ) ) ;
#1960 = DIRECTION ( 'NONE',  ( 0.000000000000000000, 0.000000000000000000, 1.000000000000000000 ) ) ;
#1961 = AXIS2_PLACEMENT_3D ( 'NONE', #2277, #1597, #1163 ) ;
#1962 = VERTEX_POINT ( 'NONE', #382 ) ;
#1963 = DIRECTION ( 'NONE',  ( 1.000000000000000000, 0.000000000000000000, 0.000000000000000000 ) ) ;
#1964 = DIRECTION ( 'NONE',  ( 0.000000000000000000, 0.000000000000000000, -1.000000000000000000 ) ) ;
#1965 = VERTEX_POINT ( 'NONE', #414 ) ;
#1966 = ORIENTED_EDGE ( 'NONE', *, *, #418, .T. ) ;
#1967 = DIRECTION ( 'NONE',  ( -1.000000000000000000, 0.000000000000000000, 0.000000000000000000 ) ) ;
#1968 = DIRECTION ( 'NONE',  ( -0.9256490738587582756, -0.3783831286730726662, 0.000000000000000000 ) ) ;
#1969 = CIRCLE ( 'NONE', #1461, 2.099999999999997868 ) ;
#1970 = ORIENTED_EDGE ( 'NONE', *, *, #2691, .F. ) ;
#1971 = FACE_OUTER_BOUND ( 'NONE', #1800, .T. ) ;
#1972 = ADVANCED_FACE ( 'NONE', ( #2887 ), #821, .F. ) ;
#1973 = DIRECTION ( 'NONE',  ( 0.000000000000000000, 0.000000000000000000, -1.000000000000000000 ) ) ;
#1974 = CYLINDRICAL_SURFACE ( 'NONE', #220, 1.649999999999991696 ) ;
#1975 = LINE ( 'NONE', #160, #643 ) ;
#1976 = DIRECTION ( 'NONE',  ( 0.000000000000000000, 0.000000000000000000, -1.000000000000000000 ) ) ;
#1977 = ORIENTED_EDGE ( 'NONE', *, *, #468, .T. ) ;
#1978 = CARTESIAN_POINT ( 'NONE',  ( 0.000000000000000000, 0.000000000000000000, 12.50000000000000000 ) ) ;
#1979 = ORIENTED_EDGE ( 'NONE', *, *, #1377, .T. ) ;
#1980 = FACE_OUTER_BOUND ( 'NONE', #1438, .T. ) ;
#1981 = FACE_OUTER_BOUND ( 'NONE', #2926, .T. ) ;
#1982 = EDGE_CURVE ( 'NONE', #1962, #391, #514, .T. ) ;
#1983 = ORIENTED_EDGE ( 'NONE', *, *, #293, .T. ) ;
#1984 = AXIS2_PLACEMENT_3D ( 'NONE', #798, #1708, #1526 ) ;
#1985 = DIRECTION ( 'NONE',  ( 0.000000000000000000, 0.000000000000000000, -1.000000000000000000 ) ) ;
#1986 = DIRECTION ( 'NONE',  ( 0.000000000000000000, 0.000000000000000000, 1.000000000000000000 ) ) ;
#1987 = VECTOR ( 'NONE', #1778, 1000.000000000000000 ) ;
#1988 = ORIENTED_EDGE ( 'NONE', *, *, #1373, .T. ) ;
#1989 = FACE_OUTER_BOUND ( 'NONE', #906, .T. ) ;
#1990 = LINE ( 'NONE', #2928, #1269 ) ;
#1991 = EDGE_CURVE ( 'NONE', #718, #89, #1479, .T. ) ;
#1992 = DIRECTION ( 'NONE',  ( -0.000000000000000000, -0.000000000000000000, -1.000000000000000000 ) ) ;
#1993 = ORIENTED_EDGE ( 'NONE', *, *, #1102, .T. ) ;
#1994 = FACE_OUTER_BOUND ( 'NONE', #359, .T. ) ;
#1995 = ORIENTED_EDGE ( 'NONE', *, *, #2675, .T. ) ;
#1996 = CARTESIAN_POINT ( 'NONE',  ( -31.49999999999780087, 0.000000000000000000, -3.000000000000000000 ) ) ;
#1997 = CARTESIAN_POINT ( 'NONE',  ( 0.000000000000000000, 0.000000000000000000, 14.00000000000000711 ) ) ;
#1998 = CARTESIAN_POINT ( 'NONE',  ( -37.32114317029976291, -22.49999999999999645, 3.000000000000000000 ) ) ;
#1999 = AXIS2_PLACEMENT_3D ( 'NONE', #674, #200, #2938 ) ;
#2000 = AXIS2_PLACEMENT_3D ( 'NONE', #1682, #2093, #1002 ) ;
#2001 = VERTEX_POINT ( 'NONE', #2964 ) ;
#2002 = FACE_OUTER_BOUND ( 'NONE', #2075, .T. ) ;
#2003 = DIRECTION ( 'NONE',  ( 1.000000000000000000, 0.000000000000000000, 0.000000000000000000 ) ) ;
#2004 = FACE_OUTER_BOUND ( 'NONE', #346, .T. ) ;
#2005 = ORIENTED_EDGE ( 'NONE', *, *, #620, .F. ) ;
#2006 = ORIENTED_EDGE ( 'NONE', *, *, #1347, .T. ) ;
#2007 = CIRCLE ( 'NONE', #1548, 4.999999999999997335 ) ;
#2008 = EDGE_CURVE ( 'NONE', #2150, #2709, #671, .T. ) ;
#2009 = ORIENTED_EDGE ( 'NONE', *, *, #185, .F. ) ;
#2010 = DIRECTION ( 'NONE',  ( 0.000000000000000000, 0.000000000000000000, 1.000000000000000000 ) ) ;
#2011 = AXIS2_PLACEMENT_3D ( 'NONE', #761, #1669, #786 ) ;
#2012 = EDGE_LOOP ( 'NONE', ( #953, #2854, #1340, #1724 ) ) ;
#2013 = DIRECTION ( 'NONE',  ( -0.7905139387236438386, -0.6124440486147538776, 0.000000000000000000 ) ) ;
#2014 = DIRECTION ( 'NONE',  ( 1.000000000000000000, 0.000000000000000000, 0.000000000000000000 ) ) ;
#2015 = CARTESIAN_POINT ( 'NONE',  ( -29.63158704173359936, 26.11932329498920069, 12.50000000000000000 ) ) ;
#2016 = LINE ( 'NONE', #902, #2805 ) ;
#2017 = CARTESIAN_POINT ( 'NONE',  ( 1.333797464099682063E-12, -1.819115428861154812E-13, 12.50000000000000000 ) ) ;
#2018 = FACE_OUTER_BOUND ( 'NONE', #2334, .T. ) ;
#2019 = CYLINDRICAL_SURFACE ( 'NONE', #156, 50.99999999999779732 ) ;
#2020 = ORIENTED_EDGE ( 'NONE', *, *, #1244, .T. ) ;
#2021 = VERTEX_POINT ( 'NONE', #908 ) ;
#2022 = ORIENTED_EDGE ( 'NONE', *, *, #2525, .T. ) ;
#2023 = DIRECTION ( 'NONE',  ( -1.000000000000000000, 0.000000000000000000, 0.000000000000000000 ) ) ;
#2024 = EDGE_LOOP ( 'NONE', ( #2831, #2657, #1588, #895 ) ) ;
#2025 = CARTESIAN_POINT ( 'NONE',  ( 37.32114317029974870, -22.50000000000002487, 3.000000000000000000 ) ) ;
#2026 = CARTESIAN_POINT ( 'NONE',  ( 0.000000000000000000, 0.000000000000000000, 14.00000000000000711 ) ) ;
#2027 = CARTESIAN_POINT ( 'NONE',  ( 0.000000000000000000, 0.000000000000000000, 12.50000000000000000 ) ) ;
#2028 = VECTOR ( 'NONE', #2289, 1000.000000000000000 ) ;
#2029 = DIRECTION ( 'NONE',  ( 0.000000000000000000, 0.000000000000000000, -1.000000000000000000 ) ) ;
#2030 = EDGE_CURVE ( 'NONE', #1133, #1604, #2377, .T. ) ;
#2031 = FACE_OUTER_BOUND ( 'NONE', #1458, .T. ) ;
#2032 = ORIENTED_EDGE ( 'NONE', *, *, #577, .F. ) ;
#2033 = ORIENTED_EDGE ( 'NONE', *, *, #1055, .T. ) ;
#2034 = CARTESIAN_POINT ( 'NONE',  ( -6.938893903907228378E-15, -45.00000000000000711, -3.000000000000000000 ) ) ;
#2035 = ORIENTED_EDGE ( 'NONE', *, *, #2564, .F. ) ;
#2036 = DIRECTION ( 'NONE',  ( -1.000000000000000000, 4.163336342344339393E-15, 0.000000000000000000 ) ) ;
#2037 = PLANE ( 'NONE',  #192 ) ;
#2038 = FACE_OUTER_BOUND ( 'NONE', #655, .T. ) ;
#2039 = APPLICATION_CONTEXT ( 'automotive_design' ) ;
#2040 = ORIENTED_EDGE ( 'NONE', *, *, #709, .T. ) ;
#2041 = LINE ( 'NONE', #1387, #408 ) ;
#2042 = CARTESIAN_POINT ( 'NONE',  ( 0.000000000000000000, 0.000000000000000000, 3.000000000000002665 ) ) ;
#2043 = CIRCLE ( 'NONE', #1009, 1.649999999999991696 ) ;
#2044 = DIRECTION ( 'NONE',  ( -1.000000000000000000, 0.000000000000000000, 0.000000000000000000 ) ) ;
#2045 = VERTEX_POINT ( 'NONE', #896 ) ;
#2046 = ORIENTED_EDGE ( 'NONE', *, *, #830, .T. ) ;
#2047 = ORIENTED_EDGE ( 'NONE', *, *, #1982, .T. ) ;
#2048 = CARTESIAN_POINT ( 'NONE',  ( -8.594055825384459277E-16, -1.172110456741086074E-16, 12.50000000000000000 ) ) ;
#2049 = VECTOR ( 'NONE', #1910, 999.9999999999998863 ) ;
#2050 = VECTOR ( 'NONE', #1299, 1000.000000000000000 ) ;
#2051 = VERTEX_POINT ( 'NONE', #255 ) ;
#2052 = AXIS2_PLACEMENT_3D ( 'NONE', #1334, #1964, #2450 ) ;
#2053 = EDGE_CURVE ( 'NONE', #2848, #2150, #1844, .T. ) ;
#2054 = FACE_OUTER_BOUND ( 'NONE', #33, .T. ) ;
#2055 = DIRECTION ( 'NONE',  ( -1.000000000000000000, 0.000000000000000000, 0.000000000000000000 ) ) ;
#2056 = AXIS2_PLACEMENT_3D ( 'NONE', #1654, #329, #2619 ) ;
#2057 = EDGE_CURVE ( 'NONE', #832, #2114, #1332, .T. ) ;
#2058 = EDGE_CURVE ( 'NONE', #718, #2857, #2301, .T. ) ;
#2059 = ORIENTED_EDGE ( 'NONE', *, *, #2472, .T. ) ;
#2060 = CARTESIAN_POINT ( 'NONE',  ( -31.60992723813194871, -18.25000000000000000, -3.000000000000000000 ) ) ;
#2061 = CYLINDRICAL_SURFACE ( 'NONE', #2646, 31.50000000000000000 ) ;
#2062 = CIRCLE ( 'NONE', #1925, 2.500000000000002220 ) ;
#2063 = VERTEX_POINT ( 'NONE', #1817 ) ;
#2064 = VERTEX_POINT ( 'NONE', #1802 ) ;
#2065 = VERTEX_POINT ( 'NONE', #286 ) ;
#2066 = ADVANCED_FACE ( 'NONE', ( #1379 ), #1192, .F. ) ;
#2067 = CARTESIAN_POINT ( 'NONE',  ( 2.100000000000254996, -36.50000000000000000, -3.000000000000000000 ) ) ;
#2068 = CARTESIAN_POINT ( 'NONE',  ( -38.97114317029974018, 22.50000000000001421, 10.00100000000001010 ) ) ;
#2069 = ADVANCED_FACE ( 'NONE', ( #2501 ), #1157, .F. ) ;
#2070 = VERTEX_POINT ( 'NONE', #2747 ) ;
#2071 = CARTESIAN_POINT ( 'NONE',  ( -1.649999999999999689, 45.00000000000000711, -3.000000000000000000 ) ) ;
#2072 = EDGE_CURVE ( 'NONE', #80, #2021, #954, .T. ) ;
#2073 = CARTESIAN_POINT ( 'NONE',  ( 0.000000000000000000, 45.00000000000000711, 3.000000000000000000 ) ) ;
#2074 = EDGE_CURVE ( 'NONE', #415, #1832, #2823, .T. ) ;
#2075 = EDGE_LOOP ( 'NONE', ( #762, #2336, #438, #1786 ) ) ;
#2076 = DIRECTION ( 'NONE',  ( 0.000000000000000000, 0.000000000000000000, -1.000000000000000000 ) ) ;
#2077 = AXIS2_PLACEMENT_3D ( 'NONE', #1030, #853, #1078 ) ;
#2078 = DIRECTION ( 'NONE',  ( 0.000000000000000000, 0.000000000000000000, -1.000000000000000000 ) ) ;
#2079 = ORIENTED_EDGE ( 'NONE', *, *, #1854, .F. ) ;
#2080 = CIRCLE ( 'NONE', #241, 2.499999999999998668 ) ;
#2081 = ORIENTED_EDGE ( 'NONE', *, *, #1589, .T. ) ;
#2082 = DIRECTION ( 'NONE',  ( -0.9256490738587896949, 0.3783831286729958387, 0.000000000000000000 ) ) ;
#2083 = ORIENTED_EDGE ( 'NONE', *, *, #2445, .T. ) ;
#2084 = PLANE ( 'NONE',  #630 ) ;
#2085 = CARTESIAN_POINT ( 'NONE',  ( -38.97114317029975439, -22.49999999999999645, 3.000000000000000000 ) ) ;
#2086 = EDGE_CURVE ( 'NONE', #2528, #2483, #428, .T. ) ;
#2087 = CARTESIAN_POINT ( 'NONE',  ( -31.49999999999780087, 0.000000000000000000, 3.000000000000000000 ) ) ;
#2088 = CARTESIAN_POINT ( 'NONE',  ( 38.97114317029974018, -22.50000000000002487, -3.000000000000000000 ) ) ;
#2089 = AXIS2_PLACEMENT_3D ( 'NONE', #2085, #506, #2014 ) ;
#2090 = DIRECTION ( 'NONE',  ( -1.000000000000000000, 0.000000000000000000, 0.000000000000000000 ) ) ;
#2091 = ORIENTED_EDGE ( 'NONE', *, *, #741, .T. ) ;
#2092 = CARTESIAN_POINT ( 'NONE',  ( -36.48983320230405525, 14.91616816974221926, 3.000000000000000000 ) ) ;
#2093 = DIRECTION ( 'NONE',  ( -0.6124440486147488816, 0.7905139387236478354, 0.000000000000000000 ) ) ;
#2094 = ORIENTED_EDGE ( 'NONE', *, *, #161, .F. ) ;
#2095 = VERTEX_POINT ( 'NONE', #2563 ) ;
#2096 = AXIS2_PLACEMENT_3D ( 'NONE', #2567, #1636, #1673 ) ;
#2097 = CARTESIAN_POINT ( 'NONE',  ( 38.97114317029976149, 22.49999999999997158, -3.000000000000000000 ) ) ;
#2098 = ORIENTED_EDGE ( 'NONE', *, *, #2939, .T. ) ;
#2099 = FACE_BOUND ( 'NONE', #893, .T. ) ;
#2100 = AXIS2_PLACEMENT_3D ( 'NONE', #2234, #1329, #889 ) ;
#2101 = AXIS2_PLACEMENT_3D ( 'NONE', #742, #588, #45 ) ;
#2102 = CIRCLE ( 'NONE', #1821, 2.100000000000000977 ) ;
#2103 = DIRECTION ( 'NONE',  ( 0.000000000000000000, 0.000000000000000000, -1.000000000000000000 ) ) ;
#2104 = FACE_OUTER_BOUND ( 'NONE', #341, .T. ) ;
#2105 = FACE_OUTER_BOUND ( 'NONE', #681, .T. ) ;
#2106 = EDGE_CURVE ( 'NONE', #1803, #656, #5, .T. ) ;
#2107 =( NAMED_UNIT ( * ) SI_UNIT ( $, .STERADIAN. ) SOLID_ANGLE_UNIT ( ) );
#2108 = ORIENTED_EDGE ( 'NONE', *, *, #2967, .F. ) ;
#2109 = DIRECTION ( 'NONE',  ( 0.000000000000000000, 0.000000000000000000, -1.000000000000000000 ) ) ;
#2110 = VECTOR ( 'NONE', #527, 1000.000000000000000 ) ;
#2111 = PLANE ( 'NONE',  #2011 ) ;
#2112 = EDGE_CURVE ( 'NONE', #1517, #832, #295, .T. ) ;
#2113 = ORIENTED_EDGE ( 'NONE', *, *, #2361, .T. ) ;
#2114 = VERTEX_POINT ( 'NONE', #2512 ) ;
#2115 = EDGE_CURVE ( 'NONE', #2183, #2063, #2080, .T. ) ;
#2116 = CARTESIAN_POINT ( 'NONE',  ( 40.62114317029976718, 22.49999999999997158, 10.00100000000001010 ) ) ;
#2117 = VERTEX_POINT ( 'NONE', #700 ) ;
#2118 = FACE_BOUND ( 'NONE', #579, .T. ) ;
#2119 = DIRECTION ( 'NONE',  ( -1.000000000000000000, 0.000000000000000000, 0.000000000000000000 ) ) ;
#2120 = VERTEX_POINT ( 'NONE', #2067 ) ;
#2121 = CARTESIAN_POINT ( 'NONE',  ( 37.43579102398665270, -12.60204548509500100, 12.50000000000000000 ) ) ;
#2122 = DIRECTION ( 'NONE',  ( -1.000000000000000000, 0.000000000000000000, 0.000000000000000000 ) ) ;
#2123 = DIRECTION ( 'NONE',  ( 0.9256490738587607181, 0.3783831286730663934, 0.000000000000000000 ) ) ;
#2124 = FACE_OUTER_BOUND ( 'NONE', #866, .T. ) ;
#2125 = ORIENTED_EDGE ( 'NONE', *, *, #2717, .T. ) ;
#2126 = CARTESIAN_POINT ( 'NONE',  ( 54.99999999999779021, 6.735557395310172824E-15, -5.000000000000000000 ) ) ;
#2127 = CARTESIAN_POINT ( 'NONE',  ( 5.304203982253969940, -38.72136878008539895, 12.50000000000000000 ) ) ;
#2128 = EDGE_CURVE ( 'NONE', #1874, #2426, #941, .T. ) ;
#2129 = FACE_OUTER_BOUND ( 'NONE', #1801, .T. ) ;
#2130 = CIRCLE ( 'NONE', #2517, 2.500000000000002220 ) ;
#2131 = DIRECTION ( 'NONE',  ( 0.000000000000000000, 0.000000000000000000, -1.000000000000000000 ) ) ;
#2132 = CIRCLE ( 'NONE', #2520, 1.650000000000005684 ) ;
#2133 = EDGE_LOOP ( 'NONE', ( #1205, #2270, #2836, #1645 ) ) ;
#2134 = CARTESIAN_POINT ( 'NONE',  ( -47.64831357033264680, 18.18345989912341309, 3.000000000000000000 ) ) ;
#2135 = ORIENTED_EDGE ( 'NONE', *, *, #2902, .F. ) ;
#2136 = DIRECTION ( 'NONE',  ( 0.000000000000000000, 0.000000000000000000, 1.000000000000000000 ) ) ;
#2137 = LINE ( 'NONE', #808, #1539 ) ;
#2138 = ORIENTED_EDGE ( 'NONE', *, *, #21, .F. ) ;
#2139 = CARTESIAN_POINT ( 'NONE',  ( 44.18944362497825296, -18.06358414364819964, 3.000000000000000000 ) ) ;
#2140 = DIRECTION ( 'NONE',  ( 0.000000000000000000, 0.000000000000000000, -1.000000000000000000 ) ) ;
#2141 = VERTEX_POINT ( 'NONE', #2637 ) ;
#2142 = LINE ( 'NONE', #1696, #2625 ) ;
#2143 = ORIENTED_EDGE ( 'NONE', *, *, #1293, .F. ) ;
#2144 = DIRECTION ( 'NONE',  ( 0.000000000000000000, 0.000000000000000000, 1.000000000000000000 ) ) ;
#2145 = VECTOR ( 'NONE', #1913, 1000.000000000000000 ) ;
#2146 = CIRCLE ( 'NONE', #722, 1.650000000000005684 ) ;
#2147 = AXIS2_PLACEMENT_3D ( 'NONE', #1091, #2173, #854 ) ;
#2148 = CIRCLE ( 'NONE', #11, 2.100000000000000977 ) ;
#2149 = CARTESIAN_POINT ( 'NONE',  ( 2.207341090538165308E-12, 0.000000000000000000, 10.00000000000000000 ) ) ;
#2150 = VERTEX_POINT ( 'NONE', #2855 ) ;
#2151 = VECTOR ( 'NONE', #757, 1000.000000000000000 ) ;
#2152 = DIRECTION ( 'NONE',  ( 0.000000000000000000, 0.000000000000000000, 1.000000000000000000 ) ) ;
#2153 =( LENGTH_UNIT ( ) NAMED_UNIT ( * ) SI_UNIT ( .MILLI., .METRE. ) );
#2154 = CIRCLE ( 'NONE', #2499, 2.500000000000000444 ) ;
#2155 = EDGE_CURVE ( 'NONE', #1098, #2921, #660, .T. ) ;
#2156 = ORIENTED_EDGE ( 'NONE', *, *, #201, .F. ) ;
#2157 = DIRECTION ( 'NONE',  ( 0.000000000000000000, 0.000000000000000000, 1.000000000000000000 ) ) ;
#2158 = EDGE_CURVE ( 'NONE', #1476, #1208, #2333, .T. ) ;
#2159 = CIRCLE ( 'NONE', #2215, 2.100000000000000977 ) ;
#2160 = VECTOR ( 'NONE', #247, 1000.000000000000114 ) ;
#2161 = CARTESIAN_POINT ( 'NONE',  ( -35.06643716170890457, 11.80444766958290082, 3.000000000000000000 ) ) ;
#2162 = ORIENTED_EDGE ( 'NONE', *, *, #40, .T. ) ;
#2163 = CARTESIAN_POINT ( 'NONE',  ( -44.18944362497815348, 18.06358414364850162, 3.000000000000000000 ) ) ;
#2164 = DIRECTION ( 'NONE',  ( 0.000000000000000000, 0.000000000000000000, -1.000000000000000000 ) ) ;
#2165 = EDGE_CURVE ( 'NONE', #2787, #1297, #2870, .T. ) ;
#2166 = EDGE_LOOP ( 'NONE', ( #137, #236, #2748, #2688 ) ) ;
#2167 = DIRECTION ( 'NONE',  ( 1.000000000000000000, 0.000000000000000000, 0.000000000000000000 ) ) ;
#2168 = VERTEX_POINT ( 'NONE', #1004 ) ;
#2169 = EDGE_CURVE ( 'NONE', #1394, #2775, #1685, .T. ) ;
#2170 = ADVANCED_FACE ( 'NONE', ( #1223 ), #350, .F. ) ;
#2171 = LINE ( 'NONE', #2679, #1092 ) ;
#2172 = FACE_OUTER_BOUND ( 'NONE', #1862, .T. ) ;
#2173 = DIRECTION ( 'NONE',  ( 0.000000000000000000, 0.000000000000000000, 1.000000000000000000 ) ) ;
#2174 = FACE_BOUND ( 'NONE', #1298, .T. ) ;
#2175 = FACE_OUTER_BOUND ( 'NONE', #1331, .T. ) ;
#2176 = ORIENTED_EDGE ( 'NONE', *, *, #1854, .T. ) ;
#2177 = ORIENTED_EDGE ( 'NONE', *, *, #2192, .T. ) ;
#2178 = CARTESIAN_POINT ( 'NONE',  ( 11.40533494712811802, 46.62529715448049927, 3.000000000000000000 ) ) ;
#2179 = CARTESIAN_POINT ( 'NONE',  ( 37.43579102398665270, -12.60204548509500100, 12.50000000000000000 ) ) ;
#2180 = VECTOR ( 'NONE', #826, 1000.000000000000227 ) ;
#2181 = ORIENTED_EDGE ( 'NONE', *, *, #456, .F. ) ;
#2182 = CARTESIAN_POINT ( 'NONE',  ( 0.000000000000000000, 0.000000000000000000, -5.000000000000000000 ) ) ;
#2183 = VERTEX_POINT ( 'NONE', #1237 ) ;
#2184 = CARTESIAN_POINT ( 'NONE',  ( -40.62114317029974586, -22.49999999999999645, -3.000000000000000000 ) ) ;
#2185 = CARTESIAN_POINT ( 'NONE',  ( 11.40533494712811802, 46.62529715448049927, -3.000000000000000000 ) ) ;
#2186 = LINE ( 'NONE', #624, #214 ) ;
#2187 = EDGE_CURVE ( 'NONE', #594, #2685, #1500, .T. ) ;
#2188 = EDGE_CURVE ( 'NONE', #696, #1476, #2868, .T. ) ;
#2189 = DIRECTION ( 'NONE',  ( 0.000000000000000000, 0.000000000000000000, 1.000000000000000000 ) ) ;
#2190 = DIRECTION ( 'NONE',  ( -0.000000000000000000, -0.000000000000000000, -1.000000000000000000 ) ) ;
#2191 = CARTESIAN_POINT ( 'NONE',  ( -31.16269716327035155, 24.14303844818000044, -3.000000000000000000 ) ) ;
#2192 = EDGE_CURVE ( 'NONE', #1326, #845, #1711, .T. ) ;
#2193 = AXIS2_PLACEMENT_3D ( 'NONE', #1734, #605, #1523 ) ;
#2194 = ORIENTED_EDGE ( 'NONE', *, *, #2235, .T. ) ;
#2195 = ORIENTED_EDGE ( 'NONE', *, *, #1472, .F. ) ;
#2196 = CARTESIAN_POINT ( 'NONE',  ( 31.60992723813180305, 18.25000000000034817, 12.50000000000000000 ) ) ;
#2197 = CARTESIAN_POINT ( 'NONE',  ( 5.146098354386220629E-13, -1.258904220288160150E-12, -3.000000000000000000 ) ) ;
#2198 = EDGE_CURVE ( 'NONE', #73, #1656, #1207, .T. ) ;
#2199 = ORIENTED_EDGE ( 'NONE', *, *, #1459, .T. ) ;
#2200 = AXIS2_PLACEMENT_3D ( 'NONE', #2282, #343, #1664 ) ;
#2201 = CARTESIAN_POINT ( 'NONE',  ( 29.50992723813180163, 18.25000000000034817, -3.000000000000000000 ) ) ;
#2202 = VECTOR ( 'NONE', #106, 1000.000000000000000 ) ;
#2203 = DIRECTION ( 'NONE',  ( 0.000000000000000000, 0.000000000000000000, 1.000000000000000000 ) ) ;
#2204 = LINE ( 'NONE', #2266, #243 ) ;
#2205 = DIRECTION ( 'NONE',  ( 1.000000000000000000, 2.081668171172166541E-15, 0.000000000000000000 ) ) ;
#2206 = AXIS2_PLACEMENT_3D ( 'NONE', #1178, #1665, #486 ) ;
#2207 = FACE_BOUND ( 'NONE', #52, .T. ) ;
#2208 = EDGE_CURVE ( 'NONE', #415, #1901, #2142, .T. ) ;
#2209 = VECTOR ( 'NONE', #1890, 1000.000000000000000 ) ;
#2210 = DIRECTION ( 'NONE',  ( 1.000000000000000000, 0.000000000000000000, 0.000000000000000000 ) ) ;
#2211 = VERTEX_POINT ( 'NONE', #1659 ) ;
#2212 = EDGE_CURVE ( 'NONE', #2603, #2685, #2132, .T. ) ;
#2213 = EDGE_LOOP ( 'NONE', ( #1966, #2098, #2020, #2574 ) ) ;
#2214 = CYLINDRICAL_SURFACE ( 'NONE', #820, 4.999999999999997335 ) ;
#2215 = AXIS2_PLACEMENT_3D ( 'NONE', #746, #2076, #49 ) ;
#2216 = ORIENTED_EDGE ( 'NONE', *, *, #591, .T. ) ;
#2217 = CARTESIAN_POINT ( 'NONE',  ( 8.076818583827270359, 50.35637994895699165, -3.000000000000000000 ) ) ;
#2218 = EDGE_CURVE ( 'NONE', #1018, #1096, #1488, .T. ) ;
#2219 = CARTESIAN_POINT ( 'NONE',  ( 38.97114317029976149, 22.49999999999997158, 10.00100000000001010 ) ) ;
#2220 = CARTESIAN_POINT ( 'NONE',  ( -31.60992723813205174, 18.25000000000000000, 12.50000000000000000 ) ) ;
#2221 = ORIENTED_EDGE ( 'NONE', *, *, #122, .T. ) ;
#2222 = CYLINDRICAL_SURFACE ( 'NONE', #1416, 2.100000000000000977 ) ;
#2223 = DIRECTION ( 'NONE',  ( -1.000000000000000000, 0.000000000000000000, 0.000000000000000000 ) ) ;
#2224 = ORIENTED_EDGE ( 'NONE', *, *, #111, .T. ) ;
#2225 = ORIENTED_EDGE ( 'NONE', *, *, #2907, .T. ) ;
#2226 = DIRECTION ( 'NONE',  ( -0.000000000000000000, -0.000000000000000000, -1.000000000000000000 ) ) ;
#2227 = EDGE_CURVE ( 'NONE', #531, #1056, #1616, .T. ) ;
#2228 = ADVANCED_FACE ( 'NONE', ( #132 ), #1932, .F. ) ;
#2229 = AXIS2_PLACEMENT_3D ( 'NONE', #1944, #2203, #2878 ) ;
#2230 = VERTEX_POINT ( 'NONE', #1032 ) ;
#2231 = AXIS2_PLACEMENT_3D ( 'NONE', #2777, #304, #2733 ) ;
#2232 = CYLINDRICAL_SURFACE ( 'NONE', #1010, 2.499999999999999556 ) ;
#2233 = CARTESIAN_POINT ( 'NONE',  ( -29.63158704173270053, -26.11932329499024874, -3.000000000000000000 ) ) ;
#2234 = CARTESIAN_POINT ( 'NONE',  ( 0.000000000000000000, 45.00000000000000711, -3.000000000000000000 ) ) ;
#2235 = EDGE_CURVE ( 'NONE', #89, #973, #2154, .T. ) ;
#2236 = ORIENTED_EDGE ( 'NONE', *, *, #2929, .T. ) ;
#2237 = FACE_BOUND ( 'NONE', #2701, .T. ) ;
#2238 = DIRECTION ( 'NONE',  ( 1.000000000000000000, 0.000000000000000000, 0.000000000000000000 ) ) ;
#2239 = ORIENTED_EDGE ( 'NONE', *, *, #1429, .F. ) ;
#2240 = EDGE_LOOP ( 'NONE', ( #503, #1754, #1914, #2466 ) ) ;
#2241 = CARTESIAN_POINT ( 'NONE',  ( 2.207341090538165308E-12, 0.000000000000000000, -3.000000000000000000 ) ) ;
#2242 = ORIENTED_EDGE ( 'NONE', *, *, #2074, .F. ) ;
#2243 = DIRECTION ( 'NONE',  ( 1.000000000000000000, 0.000000000000000000, 0.000000000000000000 ) ) ;
#2244 = EDGE_CURVE ( 'NONE', #1386, #399, #1315, .T. ) ;
#2245 = CARTESIAN_POINT ( 'NONE',  ( 35.06643716170840008, 11.80444766958433966, -3.000000000000000000 ) ) ;
#2246 = DIRECTION ( 'NONE',  ( -1.000000000000000000, 0.000000000000000000, 0.000000000000000000 ) ) ;
#2247 = EDGE_CURVE ( 'NONE', #80, #1705, #1905, .T. ) ;
#2248 = VECTOR ( 'NONE', #1960, 1000.000000000000000 ) ;
#2249 = ORIENTED_EDGE ( 'NONE', *, *, #497, .T. ) ;
#2250 = DIRECTION ( 'NONE',  ( 1.000000000000000000, -2.775557561562891745E-15, 0.000000000000000000 ) ) ;
#2251 = DIRECTION ( 'NONE',  ( -1.000000000000000000, 0.000000000000000000, 0.000000000000000000 ) ) ;
#2252 = AXIS2_PLACEMENT_3D ( 'NONE', #899, #2738, #277 ) ;
#2253 = ORIENTED_EDGE ( 'NONE', *, *, #835, .F. ) ;
#2254 = CIRCLE ( 'NONE', #732, 2.099999999999997868 ) ;
#2255 = ORIENTED_EDGE ( 'NONE', *, *, #946, .F. ) ;
#2256 = DIRECTION ( 'NONE',  ( 0.000000000000000000, 0.000000000000000000, -1.000000000000000000 ) ) ;
#2257 = CIRCLE ( 'NONE', #2147, 2.099999999999997868 ) ;
#2258 = EDGE_CURVE ( 'NONE', #2876, #1140, #764, .T. ) ;
#2259 = ORIENTED_EDGE ( 'NONE', *, *, #891, .T. ) ;
#2260 = DIRECTION ( 'NONE',  ( 0.000000000000000000, 0.000000000000000000, 1.000000000000000000 ) ) ;
#2261 = EDGE_CURVE ( 'NONE', #927, #884, #1499, .T. ) ;
#2262 = DIRECTION ( 'NONE',  ( 0.000000000000000000, 0.000000000000000000, -1.000000000000000000 ) ) ;
#2263 = DIRECTION ( 'NONE',  ( -1.000000000000000000, 0.000000000000000000, 0.000000000000000000 ) ) ;
#2264 = EDGE_CURVE ( 'NONE', #2848, #2051, #1572, .T. ) ;
#2265 = ORIENTED_EDGE ( 'NONE', *, *, #131, .T. ) ;
#2266 = CARTESIAN_POINT ( 'NONE',  ( -8.244387494308440556E-13, -1.064146715970525910E-12, 3.000000000000000000 ) ) ;
#2267 = CARTESIAN_POINT ( 'NONE',  ( 29.50992723813214980, -18.24999999999970157, -3.000000000000000000 ) ) ;
#2268 = DIRECTION ( 'NONE',  ( 0.000000000000000000, 0.000000000000000000, -1.000000000000000000 ) ) ;
#2269 = EDGE_CURVE ( 'NONE', #2426, #2774, #1595, .T. ) ;
#2270 = ORIENTED_EDGE ( 'NONE', *, *, #104, .F. ) ;
#2271 = VERTEX_POINT ( 'NONE', #2191 ) ;
#2272 = CARTESIAN_POINT ( 'NONE',  ( 6.451199060689320142, 47.30097283015579990, 12.50000000000000000 ) ) ;
#2273 = ORIENTED_EDGE ( 'NONE', *, *, #2112, .F. ) ;
#2274 = CIRCLE ( 'NONE', #608, 50.99999999999779732 ) ;
#2275 = CIRCLE ( 'NONE', #992, 1.650000000000005684 ) ;
#2276 = CARTESIAN_POINT ( 'NONE',  ( -6.938893903907228378E-15, -45.00000000000000711, -3.000000000000000000 ) ) ;
#2277 = CARTESIAN_POINT ( 'NONE',  ( 7.804203982253969940, -38.72136878008539895, 3.000000000000000000 ) ) ;
#2278 = AXIS2_PLACEMENT_3D ( 'NONE', #2026, #1356, #1835 ) ;
#2279 = AXIS2_PLACEMENT_3D ( 'NONE', #2364, #2828, #559 ) ;
#2280 = EDGE_LOOP ( 'NONE', ( #1206, #1195 ) ) ;
#2281 = DIRECTION ( 'NONE',  ( 1.000000000000000000, 0.000000000000000000, 0.000000000000000000 ) ) ;
#2282 = CARTESIAN_POINT ( 'NONE',  ( 0.000000000000000000, 0.000000000000000000, -5.000000000000000000 ) ) ;
#2283 = DIRECTION ( 'NONE',  ( -1.000000000000000000, -1.387778780781445478E-15, 0.000000000000000000 ) ) ;
#2284 = ORIENTED_EDGE ( 'NONE', *, *, #2106, .F. ) ;
#2285 = VERTEX_POINT ( 'NONE', #877 ) ;
#2286 = CARTESIAN_POINT ( 'NONE',  ( 8.076818583827272136, 50.35637994895699165, 0.000000000000000000 ) ) ;
#2287 = VERTEX_POINT ( 'NONE', #829 ) ;
#2288 = EDGE_CURVE ( 'NONE', #1190, #1679, #2254, .T. ) ;
#2289 = DIRECTION ( 'NONE',  ( 0.000000000000000000, 0.000000000000000000, 1.000000000000000000 ) ) ;
#2290 = CARTESIAN_POINT ( 'NONE',  ( 33.70992723813180447, 18.25000000000034817, 3.000000000000000000 ) ) ;
#2291 = EDGE_CURVE ( 'NONE', #1705, #1394, #1726, .T. ) ;
#2292 = ORIENTED_EDGE ( 'NONE', *, *, #2227, .F. ) ;
#2293 = CARTESIAN_POINT ( 'NONE',  ( -37.32114317029976291, -22.49999999999999645, -3.000000000000000000 ) ) ;
#2294 = LINE ( 'NONE', #264, #441 ) ;
#2295 = DIRECTION ( 'NONE',  ( 1.000000000000000000, 0.000000000000000000, 0.000000000000000000 ) ) ;
#2296 = AXIS2_PLACEMENT_3D ( 'NONE', #370, #1718, #1703 ) ;
#2297 = CIRCLE ( 'NONE', #861, 4.999999999999997335 ) ;
#2298 = ORIENTED_EDGE ( 'NONE', *, *, #638, .T. ) ;
#2299 = EDGE_LOOP ( 'NONE', ( #1225, #1501, #552, #1058 ) ) ;
#2300 = ORIENTED_EDGE ( 'NONE', *, *, #2707, .T. ) ;
#2301 = LINE ( 'NONE', #2319, #1139 ) ;
#2303 = DIRECTION ( 'NONE',  ( 0.000000000000000000, 0.000000000000000000, 1.000000000000000000 ) ) ;
#2302 = AXIS2_PLACEMENT_3D ( 'NONE', #2879, #596, #375 ) ;
#2304 = ADVANCED_FACE ( 'NONE', ( #1515 ), #613, .F. ) ;
#2305 = AXIS2_PLACEMENT_3D ( 'NONE', #804, #292, #2817 ) ;
#2306 = EDGE_LOOP ( 'NONE', ( #802, #288, #1363, #1088 ) ) ;
#2307 = FACE_BOUND ( 'NONE', #2702, .T. ) ;
#2308 = CIRCLE ( 'NONE', #1683, 2.499999999999998668 ) ;
#2309 = FACE_OUTER_BOUND ( 'NONE', #2306, .T. ) ;
#2310 = DIRECTION ( 'NONE',  ( 1.000000000000000000, 1.387778780781445676E-15, 0.000000000000000000 ) ) ;
#2311 = AXIS2_PLACEMENT_3D ( 'NONE', #1485, #1885, #1425 ) ;
#2312 = ORIENTED_EDGE ( 'NONE', *, *, #2445, .F. ) ;
#2313 = CIRCLE ( 'NONE', #2708, 2.500000000000002220 ) ;
#2314 = DIRECTION ( 'NONE',  ( 0.000000000000000000, 0.000000000000000000, 1.000000000000000000 ) ) ;
#2315 = CARTESIAN_POINT ( 'NONE',  ( 0.000000000000000000, 0.000000000000000000, -3.000000000000002665 ) ) ;
#2316 = VERTEX_POINT ( 'NONE', #2947 ) ;
#2317 = EDGE_LOOP ( 'NONE', ( #1618, #2365, #936, #1567 ) ) ;
#2318 = EDGE_LOOP ( 'NONE', ( #35, #574, #1847, #3 ) ) ;
#2319 = CARTESIAN_POINT ( 'NONE',  ( -27.75617014035720231, -24.46620156745920127, 12.50000000000000000 ) ) ;
#2320 = ADVANCED_FACE ( 'NONE', ( #1107 ), #1752, .F. ) ;
#2321 = ORIENTED_EDGE ( 'NONE', *, *, #1293, .T. ) ;
#2322 = DIRECTION ( 'NONE',  ( 0.000000000000000000, 0.000000000000000000, -1.000000000000000000 ) ) ;
#2323 = CARTESIAN_POINT ( 'NONE',  ( 44.18944362497825296, -18.06358414364819964, -3.000000000000000000 ) ) ;
#2324 = EDGE_CURVE ( 'NONE', #1855, #594, #172, .T. ) ;
#2325 = CARTESIAN_POINT ( 'NONE',  ( -5.327136039032960291, -39.05920661792340098, -3.000000000000000000 ) ) ;
#2326 = EDGE_CURVE ( 'NONE', #1398, #1190, #206, .T. ) ;
#2327 = CARTESIAN_POINT ( 'NONE',  ( -46.08135926834309970, 13.43533877435453938, -3.000000000000000000 ) ) ;
#2328 = EDGE_LOOP ( 'NONE', ( #1672, #18 ) ) ;
#2329 = LINE ( 'NONE', #313, #1076 ) ;
#2330 = CIRCLE ( 'NONE', #793, 37.00000000000000000 ) ;
#2331 =( NAMED_UNIT ( * ) SI_UNIT ( $, .STERADIAN. ) SOLID_ANGLE_UNIT ( ) );
#2332 = EDGE_CURVE ( 'NONE', #2439, #1493, #627, .T. ) ;
#2333 = CIRCLE ( 'NONE', #704, 1.649999999999991696 ) ;
#2334 = EDGE_LOOP ( 'NONE', ( #353, #126, #2615, #1869 ) ) ;
#2335 = DIRECTION ( 'NONE',  ( -1.000000000000000000, 0.000000000000000000, 0.000000000000000000 ) ) ;
#2336 = ORIENTED_EDGE ( 'NONE', *, *, #201, .T. ) ;
#2337 = FACE_BOUND ( 'NONE', #2718, .T. ) ;
#2338 = DIRECTION ( 'NONE',  ( 0.000000000000000000, 0.000000000000000000, -1.000000000000000000 ) ) ;
#2339 = ADVANCED_FACE ( 'NONE', ( #2175 ), #1947, .F. ) ;
#2340 = CARTESIAN_POINT ( 'NONE',  ( 0.000000000000000000, 0.000000000000000000, -3.000000000000000000 ) ) ;
#2341 = AXIS2_PLACEMENT_3D ( 'NONE', #2068, #38, #501 ) ;
#2342 = LINE ( 'NONE', #523, #1114 ) ;
#2343 = ORIENTED_EDGE ( 'NONE', *, *, #2427, .T. ) ;
#2344 = CARTESIAN_POINT ( 'NONE',  ( -1.336375680847296063E-12, 1.822631760231464983E-13, 3.000000000000000000 ) ) ;
#2345 =( NAMED_UNIT ( * ) PLANE_ANGLE_UNIT ( ) SI_UNIT ( $, .RADIAN. ) );
#2346 = ORIENTED_EDGE ( 'NONE', *, *, #2324, .T. ) ;
#2347 = ORIENTED_EDGE ( 'NONE', *, *, #2332, .T. ) ;
#2348 = CIRCLE ( 'NONE', #2489, 2.100000000000000089 ) ;
#2349 = DIRECTION ( 'NONE',  ( -1.000000000000000000, 0.000000000000000000, 0.000000000000000000 ) ) ;
#2350 = ORIENTED_EDGE ( 'NONE', *, *, #1507, .F. ) ;
#2351 = LINE ( 'NONE', #1907, #2736 ) ;
#2352 = AXIS2_PLACEMENT_3D ( 'NONE', #827, #2402, #1292 ) ;
#2353 = CIRCLE ( 'NONE', #1070, 2.100000000000000977 ) ;
#2354 = EDGE_CURVE ( 'NONE', #1604, #1133, #2102, .T. ) ;
#2355 = DIRECTION ( 'NONE',  ( 0.000000000000000000, 0.000000000000000000, -1.000000000000000000 ) ) ;
#2356 = ORIENTED_EDGE ( 'NONE', *, *, #2291, .F. ) ;
#2357 = DIRECTION ( 'NONE',  ( -1.000000000000000000, 0.000000000000000000, 0.000000000000000000 ) ) ;
#2358 = DIRECTION ( 'NONE',  ( 0.000000000000000000, 0.000000000000000000, -1.000000000000000000 ) ) ;
#2359 = AXIS2_PLACEMENT_3D ( 'NONE', #1233, #2358, #771 ) ;
#2360 = CARTESIAN_POINT ( 'NONE',  ( -7.310267021350310479, -36.27064923704229926, -3.000000000000000000 ) ) ;
#2361 = EDGE_CURVE ( 'NONE', #1730, #2064, #1727, .T. ) ;
#2362 = ORIENTED_EDGE ( 'NONE', *, *, #975, .T. ) ;
#2363 = VERTEX_POINT ( 'NONE', #2901 ) ;
#2364 = CARTESIAN_POINT ( 'NONE',  ( 0.000000000000000000, 0.000000000000000000, 3.000000000000000000 ) ) ;
#2365 = ORIENTED_EDGE ( 'NONE', *, *, #502, .F. ) ;
#2366 = CARTESIAN_POINT ( 'NONE',  ( -36.48983320230345129, -14.91616816974343962, -3.000000000000000000 ) ) ;
#2367 = VERTEX_POINT ( 'NONE', #389 ) ;
#2368 = SHAPE_DEFINITION_REPRESENTATION ( #1794, #24 ) ;
#2369 = DIRECTION ( 'NONE',  ( -1.000000000000000000, 0.000000000000000000, 0.000000000000000000 ) ) ;
#2370 = ORIENTED_EDGE ( 'NONE', *, *, #2810, .T. ) ;
#2371 = DIRECTION ( 'NONE',  ( -0.000000000000000000, -0.000000000000000000, -1.000000000000000000 ) ) ;
#2372 = PRESENTATION_STYLE_ASSIGNMENT (( #2606 ) ) ;
#2373 = ORIENTED_EDGE ( 'NONE', *, *, #1599, .T. ) ;
#2374 = ORIENTED_EDGE ( 'NONE', *, *, #2382, .T. ) ;
#2375 = AXIS2_PLACEMENT_3D ( 'NONE', #258, #1328, #2765 ) ;
#2376 = CARTESIAN_POINT ( 'NONE',  ( 37.73824456428764762, -29.23738868650535139, 12.50000000000000000 ) ) ;
#2377 = CIRCLE ( 'NONE', #1570, 2.100000000000000977 ) ;
#2378 = EDGE_LOOP ( 'NONE', ( #483, #2255 ) ) ;
#2379 = LINE ( 'NONE', #2438, #1782 ) ;
#2380 = AXIS2_PLACEMENT_3D ( 'NONE', #519, #1152, #1001 ) ;
#2381 = EDGE_CURVE ( 'NONE', #2921, #859, #1296, .T. ) ;
#2382 = EDGE_CURVE ( 'NONE', #1069, #1604, #1990, .T. ) ;
#2383 = CARTESIAN_POINT ( 'NONE',  ( 0.000000000000000000, 36.50000000000000000, -3.000000000000000000 ) ) ;
#2384 = DIRECTION ( 'NONE',  ( 0.000000000000000000, 0.000000000000000000, 1.000000000000000000 ) ) ;
#2385 = ORIENTED_EDGE ( 'NONE', *, *, #2473, .T. ) ;
#2386 = LINE ( 'NONE', #1060, #938 ) ;
#2387 = FILL_AREA_STYLE_COLOUR ( '', #2792 ) ;
#2388 = DIRECTION ( 'NONE',  ( 0.000000000000000000, 0.000000000000000000, -1.000000000000000000 ) ) ;
#2389 = EDGE_CURVE ( 'NONE', #86, #2316, #2007, .T. ) ;
#2390 = CARTESIAN_POINT ( 'NONE',  ( 1.649999999999999689, 45.00000000000000711, -3.000000000000000000 ) ) ;
#2391 = VERTEX_POINT ( 'NONE', #1309 ) ;
#2392 = DIRECTION ( 'NONE',  ( -1.000000000000000000, 0.000000000000000000, 0.000000000000000000 ) ) ;
#2393 = CYLINDRICAL_SURFACE ( 'NONE', #1746, 2.499999999999998668 ) ;
#2394 = VECTOR ( 'NONE', #2458, 1000.000000000000000 ) ;
#2395 = CIRCLE ( 'NONE', #1634, 2.099999999999997868 ) ;
#2396 = CYLINDRICAL_SURFACE ( 'NONE', #1814, 37.00000000000000000 ) ;
#2397 = AXIS2_PLACEMENT_3D ( 'NONE', #2478, #2492, #692 ) ;
#2398 = FACE_OUTER_BOUND ( 'NONE', #463, .T. ) ;
#2399 = AXIS2_PLACEMENT_3D ( 'NONE', #478, #2494, #2283 ) ;
#2400 = ORIENTED_EDGE ( 'NONE', *, *, #909, .T. ) ;
#2401 = DIRECTION ( 'NONE',  ( -1.000000000000000000, 0.000000000000000000, 0.000000000000000000 ) ) ;
#2402 = DIRECTION ( 'NONE',  ( 0.000000000000000000, 0.000000000000000000, 1.000000000000000000 ) ) ;
#2403 =( GEOMETRIC_REPRESENTATION_CONTEXT ( 3 ) GLOBAL_UNCERTAINTY_ASSIGNED_CONTEXT ( ( #39 ) ) GLOBAL_UNIT_ASSIGNED_CONTEXT ( ( #2153, #2345, #2331 ) ) REPRESENTATION_CONTEXT ( 'NONE', 'WORKASPACE' ) );
#2404 = FACE_OUTER_BOUND ( 'NONE', #2213, .T. ) ;
#2405 = DIRECTION ( 'NONE',  ( -0.000000000000000000, -0.000000000000000000, -1.000000000000000000 ) ) ;
#2406 = ORIENTED_EDGE ( 'NONE', *, *, #1475, .F. ) ;
#2407 = AXIS2_PLACEMENT_3D ( 'NONE', #1498, #1931, #2448 ) ;
#2408 = ORIENTED_EDGE ( 'NONE', *, *, #2381, .T. ) ;
#2409 = CARTESIAN_POINT ( 'NONE',  ( -1.718811165076890080E-15, -2.344220913482294915E-16, 12.50000000000000000 ) ) ;
#2410 = DIRECTION ( 'NONE',  ( 1.000000000000000000, 0.000000000000000000, 0.000000000000000000 ) ) ;
#2411 = LINE ( 'NONE', #1288, #1260 ) ;
#2412 = ORIENTED_EDGE ( 'NONE', *, *, #2778, .T. ) ;
#2413 = EDGE_CURVE ( 'NONE', #1324, #1792, #498, .T. ) ;
#2414 = LINE ( 'NONE', #1265, #2180 ) ;
#2415 = FACE_BOUND ( 'NONE', #2468, .T. ) ;
#2416 = DIRECTION ( 'NONE',  ( -1.000000000000000000, 0.000000000000000000, 0.000000000000000000 ) ) ;
#2417 = DIRECTION ( 'NONE',  ( -1.000000000000000000, 0.000000000000000000, 0.000000000000000000 ) ) ;
#2418 = CARTESIAN_POINT ( 'NONE',  ( 31.60992723813219740, -18.24999999999970157, 12.50000000000000000 ) ) ;
#2419 = ADVANCED_FACE ( 'NONE', ( #235 ), #451, .F. ) ;
#2420 = ORIENTED_EDGE ( 'NONE', *, *, #2457, .T. ) ;
#2421 = ORIENTED_EDGE ( 'NONE', *, *, #1059, .T. ) ;
#2422 = CARTESIAN_POINT ( 'NONE',  ( -31.60992723813194871, -18.25000000000000000, 3.000000000000000000 ) ) ;
#2423 = CARTESIAN_POINT ( 'NONE',  ( 7.804203982252090555, 38.72136878008575422, 12.50000000000000000 ) ) ;
#2424 = AXIS2_PLACEMENT_3D ( 'NONE', #186, #2152, #2864 ) ;
#2425 = AXIS2_PLACEMENT_3D ( 'NONE', #2048, #55, #238 ) ;
#2426 = VERTEX_POINT ( 'NONE', #1374 ) ;
#2427 = EDGE_CURVE ( 'NONE', #952, #733, #2308, .T. ) ;
#2428 = CARTESIAN_POINT ( 'NONE',  ( 31.16269716326939943, 24.14303844818135047, 12.50000000000000000 ) ) ;
#2429 = LINE ( 'NONE', #2649, #424 ) ;
#2430 = CARTESIAN_POINT ( 'NONE',  ( -2.124842137708570130E-15, 2.742646175181604856E-15, -3.000000000000000000 ) ) ;
#2431 = EDGE_CURVE ( 'NONE', #2045, #1164, #2546, .T. ) ;
#2432 = CARTESIAN_POINT ( 'NONE',  ( 5.327136039034600756, -39.05920661792325177, -3.000000000000000000 ) ) ;
#2433 = DIRECTION ( 'NONE',  ( -0.000000000000000000, -0.000000000000000000, -1.000000000000000000 ) ) ;
#2434 = ADVANCED_FACE ( 'NONE', ( #2018 ), #2961, .F. ) ;
#2435 = ORIENTED_EDGE ( 'NONE', *, *, #2953, .F. ) ;
#2436 = ORIENTED_EDGE ( 'NONE', *, *, #1737, .T. ) ;
#2437 = DIRECTION ( 'NONE',  ( -1.000000000000000000, 0.000000000000000000, 0.000000000000000000 ) ) ;
#2438 = CARTESIAN_POINT ( 'NONE',  ( 8.201890651554349791E-13, 1.058661423620156179E-12, 3.000000000000000000 ) ) ;
#2439 = VERTEX_POINT ( 'NONE', #1390 ) ;
#2440 = AXIS2_PLACEMENT_3D ( 'NONE', #2645, #358, #2441 ) ;
#2441 = DIRECTION ( 'NONE',  ( 0.000000000000000000, 0.000000000000000000, 1.000000000000000000 ) ) ;
#2442 = AXIS2_PLACEMENT_3D ( 'NONE', #2589, #1853, #2785 ) ;
#2443 = DIRECTION ( 'NONE',  ( 0.000000000000000000, 0.000000000000000000, 1.000000000000000000 ) ) ;
#2444 = CARTESIAN_POINT ( 'NONE',  ( 47.64831357033177994, 18.18345989912568328, -3.000000000000000000 ) ) ;
#2445 = EDGE_CURVE ( 'NONE', #2775, #80, #402, .T. ) ;
#2446 = CIRCLE ( 'NONE', #2206, 2.499999999999999556 ) ;
#2447 = VERTEX_POINT ( 'NONE', #904 ) ;
#2448 = DIRECTION ( 'NONE',  ( 1.000000000000000000, 0.000000000000000000, 0.000000000000000000 ) ) ;
#2449 = AXIS2_PLACEMENT_3D ( 'NONE', #1585, #2268, #2251 ) ;
#2450 = DIRECTION ( 'NONE',  ( -1.000000000000000000, 0.000000000000000000, 0.000000000000000000 ) ) ;
#2451 = DIRECTION ( 'NONE',  ( -1.000000000000000000, 0.000000000000000000, 0.000000000000000000 ) ) ;
#2452 = EDGE_CURVE ( 'NONE', #2168, #1018, #124, .T. ) ;
#2453 = VERTEX_POINT ( 'NONE', #2 ) ;
#2454 = CARTESIAN_POINT ( 'NONE',  ( -7.310267021350310479, -36.27064923704229926, 12.50000000000000000 ) ) ;
#2455 = AXIS2_PLACEMENT_3D ( 'NONE', #2604, #1219, #96 ) ;
#2456 = EDGE_LOOP ( 'NONE', ( #2607, #1843, #207, #2652 ) ) ;
#2457 = EDGE_CURVE ( 'NONE', #1962, #1096, #967, .T. ) ;
#2458 = DIRECTION ( 'NONE',  ( -0.000000000000000000, -0.000000000000000000, -1.000000000000000000 ) ) ;
#2459 = EDGE_LOOP ( 'NONE', ( #1587, #2350, #2005, #2779 ) ) ;
#2460 = DIRECTION ( 'NONE',  ( -1.000000000000000000, 0.000000000000000000, 0.000000000000000000 ) ) ;
#2461 = CARTESIAN_POINT ( 'NONE',  ( 7.310267021351820382, -36.27064923704200083, 3.000000000000000000 ) ) ;
#2462 = DIRECTION ( 'NONE',  ( -1.000000000000000000, 0.000000000000000000, 0.000000000000000000 ) ) ;
#2463 = DIRECTION ( 'NONE',  ( -1.000000000000000000, 0.000000000000000000, 0.000000000000000000 ) ) ;
#2464 = CARTESIAN_POINT ( 'NONE',  ( -39.57149498650405661, 32.17292004983165299, -3.000000000000000000 ) ) ;
#2465 = ORIENTED_EDGE ( 'NONE', *, *, #1472, .T. ) ;
#2466 = ORIENTED_EDGE ( 'NONE', *, *, #429, .T. ) ;
#2467 = ADVANCED_FACE ( 'NONE', ( #920 ), #2061, .F. ) ;
#2468 = EDGE_LOOP ( 'NONE', ( #1839, #774, #2809, #2047 ) ) ;
#2469 = CARTESIAN_POINT ( 'NONE',  ( 46.08135926834249574, 13.43533877435671897, 3.000000000000000000 ) ) ;
#2470 = AXIS2_PLACEMENT_3D ( 'NONE', #796, #2634, #2401 ) ;
#2471 = VERTEX_POINT ( 'NONE', #1136 ) ;
#2472 = EDGE_CURVE ( 'NONE', #1849, #1326, #950, .T. ) ;
#2473 = EDGE_CURVE ( 'NONE', #2876, #2541, #1456, .T. ) ;
#2474 = VECTOR ( 'NONE', #1646, 999.9999999999998863 ) ;
#2475 = CARTESIAN_POINT ( 'NONE',  ( -34.67602432121394429, 33.18995838012405386, -3.000000000000000000 ) ) ;
#2476 = EDGE_CURVE ( 'NONE', #745, #2535, #2894, .T. ) ;
#2477 = DIRECTION ( 'NONE',  ( 0.000000000000000000, 0.000000000000000000, -1.000000000000000000 ) ) ;
#2478 = CARTESIAN_POINT ( 'NONE',  ( -6.938893903907228378E-15, -45.00000000000000711, 10.00100000000001010 ) ) ;
#2479 = ADVANCED_FACE ( 'NONE', ( #1829 ), #493, .F. ) ;
#2480 = DIRECTION ( 'NONE',  ( -1.000000000000000000, 0.000000000000000000, 0.000000000000000000 ) ) ;
#2481 = CARTESIAN_POINT ( 'NONE',  ( -11.40533494713033846, 46.62529715447999479, -3.000000000000000000 ) ) ;
#2482 = ADVANCED_FACE ( 'NONE', ( #2031 ), #2729, .F. ) ;
#2483 = VERTEX_POINT ( 'NONE', #695 ) ;
#2484 = ORIENTED_EDGE ( 'NONE', *, *, #338, .T. ) ;
#2485 = EDGE_LOOP ( 'NONE', ( #2108, #2521 ) ) ;
#2486 = DIRECTION ( 'NONE',  ( 1.000000000000000000, 0.000000000000000000, 0.000000000000000000 ) ) ;
#2487 = ORIENTED_EDGE ( 'NONE', *, *, #1301, .F. ) ;
#2488 = ADVANCED_FACE ( 'NONE', ( #265 ), #1408, .F. ) ;
#2489 = AXIS2_PLACEMENT_3D ( 'NONE', #2842, #2550, #721 ) ;
#2490 = LINE ( 'NONE', #445, #2028 ) ;
#2491 = DIRECTION ( 'NONE',  ( 0.000000000000000000, 0.000000000000000000, -1.000000000000000000 ) ) ;
#2492 = DIRECTION ( 'NONE',  ( -0.000000000000000000, -0.000000000000000000, -1.000000000000000000 ) ) ;
#2493 = LINE ( 'NONE', #2506, #1168 ) ;
#2494 = DIRECTION ( 'NONE',  ( 0.000000000000000000, 0.000000000000000000, 1.000000000000000000 ) ) ;
#2495 = CIRCLE ( 'NONE', #1017, 2.500000000000002220 ) ;
#2496 = AXIS2_PLACEMENT_3D ( 'NONE', #833, #182, #1731 ) ;
#2497 = EDGE_LOOP ( 'NONE', ( #703, #1615, #1516, #2582 ) ) ;
#2498 = ORIENTED_EDGE ( 'NONE', *, *, #2943, .T. ) ;
#2499 = AXIS2_PLACEMENT_3D ( 'NONE', #2623, #572, #85 ) ;
#2500 = ORIENTED_EDGE ( 'NONE', *, *, #232, .T. ) ;
#2501 = FACE_OUTER_BOUND ( 'NONE', #464, .T. ) ;
#2502 = EDGE_LOOP ( 'NONE', ( #759, #479, #2284, #955 ) ) ;
#2503 = CIRCLE ( 'NONE', #2556, 2.100000000000000089 ) ;
#2504 = LINE ( 'NONE', #2518, #894 ) ;
#2505 = CYLINDRICAL_SURFACE ( 'NONE', #1068, 37.00000000000000000 ) ;
#2506 = CARTESIAN_POINT ( 'NONE',  ( -44.18944362497725109, -18.06358414365019982, 12.50000000000000000 ) ) ;
#2507 = CARTESIAN_POINT ( 'NONE',  ( 0.000000000000000000, 36.50000000000000000, 12.50000000000000000 ) ) ;
#2508 = ORIENTED_EDGE ( 'NONE', *, *, #2510, .F. ) ;
#2509 = EDGE_LOOP ( 'NONE', ( #2829, #269, #240, #2292 ) ) ;
#2510 = EDGE_CURVE ( 'NONE', #1353, #2367, #2745, .T. ) ;
#2511 = ORIENTED_EDGE ( 'NONE', *, *, #2212, .F. ) ;
#2512 = CARTESIAN_POINT ( 'NONE',  ( 35.06643716170894720, -11.80444766958263969, -3.000000000000000000 ) ) ;
#2513 = DIRECTION ( 'NONE',  ( -1.000000000000000000, 2.081668171172166541E-15, 0.000000000000000000 ) ) ;
#2514 = ORIENTED_EDGE ( 'NONE', *, *, #1637, .T. ) ;
#2515 = CARTESIAN_POINT ( 'NONE',  ( -50.99999999999779732, 0.000000000000000000, 10.00000000000000888 ) ) ;
#2516 = CIRCLE ( 'NONE', #1240, 4.999999999999997335 ) ;
#2517 = AXIS2_PLACEMENT_3D ( 'NONE', #805, #1300, #2410 ) ;
#2518 = CARTESIAN_POINT ( 'NONE',  ( 8.499368550834360984E-15, -1.097058470072635947E-14, -3.000000000000000000 ) ) ;
#2519 = DIRECTION ( 'NONE',  ( 0.000000000000000000, 0.000000000000000000, 1.000000000000000000 ) ) ;
#2520 = AXIS2_PLACEMENT_3D ( 'NONE', #2097, #1875, #2581 ) ;
#2521 = ORIENTED_EDGE ( 'NONE', *, *, #2791, .F. ) ;
#2522 = DIRECTION ( 'NONE',  ( -1.000000000000000000, 0.000000000000000000, 0.000000000000000000 ) ) ;
#2523 = DIRECTION ( 'NONE',  ( 1.000000000000000000, 0.000000000000000000, 0.000000000000000000 ) ) ;
#2524 = AXIS2_PLACEMENT_3D ( 'NONE', #1978, #1023, #2626 ) ;
#2525 = EDGE_CURVE ( 'NONE', #530, #2841, #2395, .T. ) ;
#2526 = ORIENTED_EDGE ( 'NONE', *, *, #1339, .T. ) ;
#2527 = ORIENTED_EDGE ( 'NONE', *, *, #1198, .F. ) ;
#2528 = VERTEX_POINT ( 'NONE', #2592 ) ;
#2529 = CARTESIAN_POINT ( 'NONE',  ( 34.67602432121234557, 33.18995838012570232, -3.000000000000000000 ) ) ;
#2530 = ORIENTED_EDGE ( 'NONE', *, *, #2572, .F. ) ;
#2531 = CARTESIAN_POINT ( 'NONE',  ( -1.312780192445198000E-15, -3.211490357878065121E-15, -3.000000000000000000 ) ) ;
#2532 = DIRECTION ( 'NONE',  ( -1.000000000000000000, 0.000000000000000000, 0.000000000000000000 ) ) ;
#2533 = CYLINDRICAL_SURFACE ( 'NONE', #1066, 37.00000000000000000 ) ;
#2534 = CARTESIAN_POINT ( 'NONE',  ( 2.207341090538165308E-12, 0.000000000000000000, 12.50000000000000000 ) ) ;
#2535 = VERTEX_POINT ( 'NONE', #2360 ) ;
#2536 = DIRECTION ( 'NONE',  ( 0.000000000000000000, 0.000000000000000000, -1.000000000000000000 ) ) ;
#2537 = CARTESIAN_POINT ( 'NONE',  ( 38.97114317029974018, -22.50000000000002487, 10.00100000000001010 ) ) ;
#2538 = VECTOR ( 'NONE', #837, 1000.000000000000000 ) ;
#2539 = AXIS2_PLACEMENT_3D ( 'NONE', #2749, #2260, #662 ) ;
#2540 = CIRCLE ( 'NONE', #1984, 1.649999999999991696 ) ;
#2541 = VERTEX_POINT ( 'NONE', #747 ) ;
#2542 = EDGE_CURVE ( 'NONE', #2762, #1410, #1868, .T. ) ;
#2543 = ORIENTED_EDGE ( 'NONE', *, *, #138, .F. ) ;
#2544 = DIRECTION ( 'NONE',  ( 0.000000000000000000, 0.000000000000000000, -1.000000000000000000 ) ) ;
#2545 = CIRCLE ( 'NONE', #1961, 2.500000000000000444 ) ;
#2546 = CIRCLE ( 'NONE', #356, 1.649999999999999689 ) ;
#2547 = CARTESIAN_POINT ( 'NONE',  ( 1.649999999999991251, -45.00000000000000711, 3.000000000000000000 ) ) ;
#2548 = AXIS2_PLACEMENT_3D ( 'NONE', #1199, #2641, #1490 ) ;
#2549 = EDGE_LOOP ( 'NONE', ( #1687, #48, #2861, #813, #2794, #1473, #1156, #1277, #261, #223, #2420, #452, #2827, #1316, #1406, #118, #1465, #1577, #2412, #852, #1667, #2176, #2465, #297, #2265, #1693, #661, #41, #1755, #2769, #2886, #1382, #2194, #2526, #1621, #1226, #2321, #1426, #2370, #1657, #897, #2421, #2656, #517, #905, #1452, #1067, #2300, #1894, #2676, #2224, #1740, #2347 ) ) ;
#2550 = DIRECTION ( 'NONE',  ( 0.000000000000000000, 0.000000000000000000, 1.000000000000000000 ) ) ;
#2551 = DIRECTION ( 'NONE',  ( 0.3783831286730020560, 0.9256490738587872524, 0.000000000000000000 ) ) ;
#2552 = AXIS2_PLACEMENT_3D ( 'NONE', #1739, #379, #1785 ) ;
#2553 = EDGE_CURVE ( 'NONE', #1127, #1517, #351, .T. ) ;
#2554 = LINE ( 'NONE', #2325, #14 ) ;
#2555 = ADVANCED_FACE ( 'NONE', ( #1917 ), #1203, .F. ) ;
#2556 = AXIS2_PLACEMENT_3D ( 'NONE', #667, #1584, #2281 ) ;
#2557 = ORIENTED_EDGE ( 'NONE', *, *, #1788, .T. ) ;
#2558 = CIRCLE ( 'NONE', #1275, 4.999999999999997335 ) ;
#2559 = DIRECTION ( 'NONE',  ( 0.000000000000000000, 0.000000000000000000, -1.000000000000000000 ) ) ;
#2560 = ADVANCED_FACE ( 'NONE', ( #2824 ), #2111, .T. ) ;
#2561 = ORIENTED_EDGE ( 'NONE', *, *, #1064, .T. ) ;
#2562 = ORIENTED_EDGE ( 'NONE', *, *, #2258, .F. ) ;
#2563 = CARTESIAN_POINT ( 'NONE',  ( -6.451199060689649656, -47.30097283015570042, -3.000000000000000000 ) ) ;
#2564 = EDGE_CURVE ( 'NONE', #1661, #2716, #110, .T. ) ;
#2565 = EDGE_CURVE ( 'NONE', #549, #2065, #556, .T. ) ;
#2566 = ORIENTED_EDGE ( 'NONE', *, *, #2593, .F. ) ;
#2567 = CARTESIAN_POINT ( 'NONE',  ( 0.000000000000000000, 0.000000000000000000, 10.00000000000000888 ) ) ;
#2568 = LINE ( 'NONE', #446, #339 ) ;
#2569 = EDGE_LOOP ( 'NONE', ( #879, #1284, #1243, #2962 ) ) ;
#2570 = DIRECTION ( 'NONE',  ( 0.000000000000000000, 0.000000000000000000, -1.000000000000000000 ) ) ;
#2571 = CARTESIAN_POINT ( 'NONE',  ( 0.000000000000000000, 45.00000000000000711, -3.000000000000000000 ) ) ;
#2572 = EDGE_CURVE ( 'NONE', #2921, #2065, #960, .T. ) ;
#2573 = AXIS2_PLACEMENT_3D ( 'NONE', #2642, #1743, #1272 ) ;
#2574 = ORIENTED_EDGE ( 'NONE', *, *, #2326, .F. ) ;
#2575 = DIRECTION ( 'NONE',  ( 0.000000000000000000, 0.000000000000000000, -1.000000000000000000 ) ) ;
#2576 = FACE_OUTER_BOUND ( 'NONE', #1349, .T. ) ;
#2577 = CIRCLE ( 'NONE', #2822, 50.99999999999779732 ) ;
#2578 = CARTESIAN_POINT ( 'NONE',  ( 7.310267021351820382, -36.27064923704200083, -3.000000000000000000 ) ) ;
#2579 = ORIENTED_EDGE ( 'NONE', *, *, #249, .T. ) ;
#2580 = ORIENTED_EDGE ( 'NONE', *, *, #1143, .T. ) ;
#2581 = DIRECTION ( 'NONE',  ( -1.000000000000000000, 0.000000000000000000, 0.000000000000000000 ) ) ;
#2582 = ORIENTED_EDGE ( 'NONE', *, *, #2564, .T. ) ;
#2583 = DIRECTION ( 'NONE',  ( -0.000000000000000000, -0.000000000000000000, -1.000000000000000000 ) ) ;
#2584 = LINE ( 'NONE', #1447, #1987 ) ;
#2585 = EDGE_CURVE ( 'NONE', #1056, #2662, #1930, .T. ) ;
#2586 = CARTESIAN_POINT ( 'NONE',  ( 0.000000000000000000, 0.000000000000000000, 12.50000000000000000 ) ) ;
#2587 = CARTESIAN_POINT ( 'NONE',  ( 37.43579102398665270, -12.60204548509500100, 3.000000000000000000 ) ) ;
#2588 = CIRCLE ( 'NONE', #1949, 4.999999999999997335 ) ;
#2589 = CARTESIAN_POINT ( 'NONE',  ( 0.000000000000000000, 0.000000000000000000, 10.00000000000000000 ) ) ;
#2590 = VERTEX_POINT ( 'NONE', #1470 ) ;
#2591 = DIRECTION ( 'NONE',  ( -0.9256490738587871414, 0.3783831286730020560, 0.000000000000000000 ) ) ;
#2592 = CARTESIAN_POINT ( 'NONE',  ( 1.649999999999991251, -45.00000000000000711, -3.000000000000000000 ) ) ;
#2593 = EDGE_CURVE ( 'NONE', #2841, #335, #569, .T. ) ;
#2594 = ORIENTED_EDGE ( 'NONE', *, *, #715, .F. ) ;
#2595 = AXIS2_PLACEMENT_3D ( 'NONE', #2586, #248, #2755 ) ;
#2596 = CARTESIAN_POINT ( 'NONE',  ( 0.000000000000000000, 45.00000000000000711, 10.00100000000001010 ) ) ;
#2597 = CIRCLE ( 'NONE', #1161, 4.999999999999997335 ) ;
#2598 = ORIENTED_EDGE ( 'NONE', *, *, #1471, .F. ) ;
#2599 = DIRECTION ( 'NONE',  ( -1.000000000000000000, 0.000000000000000000, 0.000000000000000000 ) ) ;
#2600 = AXIS2_PLACEMENT_3D ( 'NONE', #2073, #354, #1402 ) ;
#2601 = AXIS2_PLACEMENT_3D ( 'NONE', #178, #1082, #462 ) ;
#2602 = EDGE_CURVE ( 'NONE', #1873, #531, #966, .T. ) ;
#2603 = VERTEX_POINT ( 'NONE', #330 ) ;
#2604 = CARTESIAN_POINT ( 'NONE',  ( -31.60992723813205174, 18.25000000000000000, -3.000000000000000000 ) ) ;
#2605 = CIRCLE ( 'NONE', #2056, 37.00000000000000000 ) ;
#2606 = SURFACE_STYLE_USAGE ( .BOTH. , #314 ) ;
#2607 = ORIENTED_EDGE ( 'NONE', *, *, #1253, .F. ) ;
#2608 = ORIENTED_EDGE ( 'NONE', *, *, #1892, .F. ) ;
#2609 = DIRECTION ( 'NONE',  ( -1.000000000000000000, 0.000000000000000000, 0.000000000000000000 ) ) ;
#2610 = VERTEX_POINT ( 'NONE', #2578 ) ;
#2611 = ADVANCED_FACE ( 'NONE', ( #2865 ), #1872, .T. ) ;
#2612 = ORIENTED_EDGE ( 'NONE', *, *, #2908, .T. ) ;
#2613 = DIRECTION ( 'NONE',  ( 0.000000000000000000, 0.000000000000000000, -1.000000000000000000 ) ) ;
#2614 = MANIFOLD_SOLID_BREP ( '\X2\570689d2\X0\5', #376 ) ;
#2615 = ORIENTED_EDGE ( 'NONE', *, *, #799, .T. ) ;
#2616 = FACE_OUTER_BOUND ( 'NONE', #1712, .T. ) ;
#2617 = PLANE ( 'NONE',  #2440 ) ;
#2618 = VERTEX_POINT ( 'NONE', #2635 ) ;
#2619 = DIRECTION ( 'NONE',  ( -1.000000000000000000, 0.000000000000000000, 0.000000000000000000 ) ) ;
#2620 = CARTESIAN_POINT ( 'NONE',  ( 5.327136039034600756, -39.05920661792325177, 12.50000000000000000 ) ) ;
#2621 = EDGE_CURVE ( 'NONE', #1741, #1297, #98, .T. ) ;
#2622 = CIRCLE ( 'NONE', #2965, 1.650000000000005684 ) ;
#2623 = CARTESIAN_POINT ( 'NONE',  ( -7.804203982252360561, -38.72136878008570449, 3.000000000000000000 ) ) ;
#2624 = EDGE_CURVE ( 'NONE', #1656, #285, #203, .T. ) ;
#2625 = VECTOR ( 'NONE', #546, 1000.000000000000000 ) ;
#2626 = DIRECTION ( 'NONE',  ( -1.000000000000000000, 0.000000000000000000, 0.000000000000000000 ) ) ;
#2627 = ORIENTED_EDGE ( 'NONE', *, *, #31, .T. ) ;
#2628 = DIRECTION ( 'NONE',  ( 0.000000000000000000, 0.000000000000000000, -1.000000000000000000 ) ) ;
#2629 = ORIENTED_EDGE ( 'NONE', *, *, #2269, .F. ) ;
#2630 = ADVANCED_FACE ( 'NONE', ( #1104 ), #420, .F. ) ;
#2631 = CARTESIAN_POINT ( 'NONE',  ( -7.804203982253699934, 38.72136878008545580, -3.000000000000000000 ) ) ;
#2632 = VERTEX_POINT ( 'NONE', #1998 ) ;
#2633 = VECTOR ( 'NONE', #2773, 1000.000000000000000 ) ;
#2634 = DIRECTION ( 'NONE',  ( 0.000000000000000000, 0.000000000000000000, -1.000000000000000000 ) ) ;
#2635 = CARTESIAN_POINT ( 'NONE',  ( -37.73824456428744867, 29.23738868650560363, 3.000000000000000000 ) ) ;
#2636 = DIRECTION ( 'NONE',  ( -1.000000000000000000, 0.000000000000000000, 0.000000000000000000 ) ) ;
#2637 = CARTESIAN_POINT ( 'NONE',  ( 7.310267021350060013, 36.27064923704234900, -3.000000000000000000 ) ) ;
#2638 = ORIENTED_EDGE ( 'NONE', *, *, #1282, .F. ) ;
#2639 = AXIS2_PLACEMENT_3D ( 'NONE', #1446, #2799, #1662 ) ;
#2640 = ORIENTED_EDGE ( 'NONE', *, *, #1186, .T. ) ;
#2641 = DIRECTION ( 'NONE',  ( -0.000000000000000000, -0.000000000000000000, -1.000000000000000000 ) ) ;
#2642 = CARTESIAN_POINT ( 'NONE',  ( -31.60992723813205174, 18.25000000000000000, 3.000000000000000000 ) ) ;
#2643 = AXIS2_PLACEMENT_3D ( 'NONE', #1344, #1384, #2263 ) ;
#2644 = AXIS2_PLACEMENT_3D ( 'NONE', #309, #1866, #135 ) ;
#2645 = CARTESIAN_POINT ( 'NONE',  ( -5.146098354386139850E-13, 1.258904220288161968E-12, 12.50000000000000000 ) ) ;
#2646 = AXIS2_PLACEMENT_3D ( 'NONE', #436, #2078, #282 ) ;
#2647 = ORIENTED_EDGE ( 'NONE', *, *, #146, .F. ) ;
#2648 = EDGE_CURVE ( 'NONE', #2391, #2439, #2946, .T. ) ;
#2649 = CARTESIAN_POINT ( 'NONE',  ( 34.93579102398659586, -12.60204548509500100, 12.50000000000000000 ) ) ;
#2650 = DIRECTION ( 'NONE',  ( 0.000000000000000000, 0.000000000000000000, -1.000000000000000000 ) ) ;
#2651 = VECTOR ( 'NONE', #1695, 1000.000000000000000 ) ;
#2652 = ORIENTED_EDGE ( 'NONE', *, *, #2158, .T. ) ;
#2653 = AXIS2_PLACEMENT_3D ( 'NONE', #1000, #2559, #2832 ) ;
#2654 = CYLINDRICAL_SURFACE ( 'NONE', #130, 2.100000000000000089 ) ;
#2655 = DIRECTION ( 'NONE',  ( 0.000000000000000000, 0.000000000000000000, -1.000000000000000000 ) ) ;
#2656 = ORIENTED_EDGE ( 'NONE', *, *, #856, .T. ) ;
#2657 = ORIENTED_EDGE ( 'NONE', *, *, #2155, .F. ) ;
#2658 = DIRECTION ( 'NONE',  ( -1.000000000000000000, 0.000000000000000000, 0.000000000000000000 ) ) ;
#2659 = DIRECTION ( 'NONE',  ( -1.000000000000000000, 0.000000000000000000, 0.000000000000000000 ) ) ;
#2660 = ADVANCED_FACE ( 'NONE', ( #1945 ), #1974, .F. ) ;
#2661 = APPLICATION_CONTEXT ( 'automotive_design' ) ;
#2662 = VERTEX_POINT ( 'NONE', #839 ) ;
#2663 = CARTESIAN_POINT ( 'NONE',  ( 38.97114317029974018, -22.50000000000002487, 3.000000000000000000 ) ) ;
#2664 = LINE ( 'NONE', #595, #701 ) ;
#2665 = CARTESIAN_POINT ( 'NONE',  ( -27.75617014035805141, 24.46620156745824914, -3.000000000000000000 ) ) ;
#2666 = CARTESIAN_POINT ( 'NONE',  ( -2.100000000000000089, 36.50000000000000000, 3.000000000000000000 ) ) ;
#2667 = DIRECTION ( 'NONE',  ( 1.000000000000000000, 0.000000000000000000, 0.000000000000000000 ) ) ;
#2668 = EDGE_LOOP ( 'NONE', ( #1128, #2627, #143, #1337 ) ) ;
#2669 = CIRCLE ( 'NONE', #991, 2.499999999999998668 ) ;
#2670 = EDGE_LOOP ( 'NONE', ( #1369, #2931, #1928, #312 ) ) ;
#2671 = CARTESIAN_POINT ( 'NONE',  ( 37.73824456428614837, 29.23738868650750078, -3.000000000000000000 ) ) ;
#2672 = CARTESIAN_POINT ( 'NONE',  ( -5.327136039034329862, 39.05920661792330151, 3.000000000000000000 ) ) ;
#2673 = AXIS2_PLACEMENT_3D ( 'NONE', #2276, #2262, #244 ) ;
#2674 = AXIS2_PLACEMENT_3D ( 'NONE', #2596, #332, #2609 ) ;
#2675 = EDGE_CURVE ( 'NONE', #2439, #1127, #1749, .T. ) ;
#2676 = ORIENTED_EDGE ( 'NONE', *, *, #2811, .T. ) ;
#2677 = CIRCLE ( 'NONE', #1381, 50.99999999999779732 ) ;
#2678 = CARTESIAN_POINT ( 'NONE',  ( -35.06643716170849956, -11.80444766958409986, 3.000000000000000000 ) ) ;
#2679 = CARTESIAN_POINT ( 'NONE',  ( 37.32114317029975581, 22.49999999999997158, 10.00100000000001010 ) ) ;
#2680 = LINE ( 'NONE', #811, #863 ) ;
#2681 = ORIENTED_EDGE ( 'NONE', *, *, #2553, .T. ) ;
#2682 = CARTESIAN_POINT ( 'NONE',  ( 33.70992723813220238, -18.24999999999970157, 3.000000000000000000 ) ) ;
#2683 = DIRECTION ( 'NONE',  ( -0.000000000000000000, -0.000000000000000000, -1.000000000000000000 ) ) ;
#2684 = CARTESIAN_POINT ( 'NONE',  ( -29.63158704173270053, -26.11932329499024874, 3.000000000000000000 ) ) ;
#2685 = VERTEX_POINT ( 'NONE', #2925 ) ;
#2686 = EDGE_LOOP ( 'NONE', ( #716, #1170, #2530, #2408 ) ) ;
#2687 = DIRECTION ( 'NONE',  ( 1.000000000000000000, 0.000000000000000000, 0.000000000000000000 ) ) ;
#2688 = ORIENTED_EDGE ( 'NONE', *, *, #468, .F. ) ;
#2689 = AXIS2_PLACEMENT_3D ( 'NONE', #1077, #2911, #565 ) ;
#2690 = AXIS2_PLACEMENT_3D ( 'NONE', #1650, #2322, #2599 ) ;
#2691 = EDGE_CURVE ( 'NONE', #1007, #1069, #2257, .T. ) ;
#2692 = CARTESIAN_POINT ( 'NONE',  ( 1.649999999999999689, 45.00000000000000711, 10.00100000000001010 ) ) ;
#2693 = AXIS2_PLACEMENT_3D ( 'NONE', #1796, #1147, #1807 ) ;
#2694 = DIRECTION ( 'NONE',  ( 0.000000000000000000, 0.000000000000000000, 1.000000000000000000 ) ) ;
#2695 = DIRECTION ( 'NONE',  ( -1.000000000000000000, 0.000000000000000000, 0.000000000000000000 ) ) ;
#2696 = EDGE_CURVE ( 'NONE', #2426, #86, #2680, .T. ) ;
#2697 = VECTOR ( 'NONE', #976, 1000.000000000000114 ) ;
#2698 = FACE_BOUND ( 'NONE', #1951, .T. ) ;
#2699 = VECTOR ( 'NONE', #2715, 1000.000000000000000 ) ;
#2700 = CARTESIAN_POINT ( 'NONE',  ( -44.18944362497810374, 18.06358414364844833, -3.000000000000000000 ) ) ;
#2701 = EDGE_LOOP ( 'NONE', ( #2608, #1160 ) ) ;
#2702 = EDGE_LOOP ( 'NONE', ( #1787, #465 ) ) ;
#2703 = ORIENTED_EDGE ( 'NONE', *, *, #1704, .F. ) ;
#2704 = EDGE_CURVE ( 'NONE', #425, #2949, #2540, .T. ) ;
#2705 = CARTESIAN_POINT ( 'NONE',  ( 5.304203982253969940, -38.72136878008539895, 3.000000000000000000 ) ) ;
#2706 = AXIS2_PLACEMENT_3D ( 'NONE', #2017, #263, #1827 ) ;
#2707 = EDGE_CURVE ( 'NONE', #1849, #2230, #2495, .T. ) ;
#2708 = AXIS2_PLACEMENT_3D ( 'NONE', #843, #1063, #1963 ) ;
#2709 = VERTEX_POINT ( 'NONE', #142 ) ;
#2710 = CARTESIAN_POINT ( 'NONE',  ( -31.60992723813205174, 18.25000000000000000, 3.000000000000000000 ) ) ;
#2711 = LINE ( 'NONE', #650, #2697 ) ;
#2712 = EDGE_CURVE ( 'NONE', #631, #1258, #262, .T. ) ;
#2713 = DIRECTION ( 'NONE',  ( 0.000000000000000000, 0.000000000000000000, -1.000000000000000000 ) ) ;
#2714 = DIRECTION ( 'NONE',  ( 0.000000000000000000, 0.000000000000000000, 1.000000000000000000 ) ) ;
#2715 = DIRECTION ( 'NONE',  ( 0.9256490738587581646, 0.3783831286730731103, 0.000000000000000000 ) ) ;
#2716 = VERTEX_POINT ( 'NONE', #2897 ) ;
#2717 = EDGE_CURVE ( 'NONE', #280, #1386, #2186, .T. ) ;
#2718 = EDGE_LOOP ( 'NONE', ( #2557, #1607 ) ) ;
#2719 = CARTESIAN_POINT ( 'NONE',  ( 11.40533494713065998, -46.62529715447989531, 3.000000000000000000 ) ) ;
#2720 = EDGE_CURVE ( 'NONE', #766, #1934, #675, .T. ) ;
#2721 = AXIS2_PLACEMENT_3D ( 'NONE', #887, #2477, #690 ) ;
#2722 = ORIENTED_EDGE ( 'NONE', *, *, #433, .F. ) ;
#2723 = DIRECTION ( 'NONE',  ( 0.000000000000000000, 0.000000000000000000, -1.000000000000000000 ) ) ;
#2724 = LINE ( 'NONE', #1145, #100 ) ;
#2725 = CARTESIAN_POINT ( 'NONE',  ( -5.327136039034329862, 39.05920661792330151, 12.50000000000000000 ) ) ;
#2726 = DIRECTION ( 'NONE',  ( 0.000000000000000000, 0.000000000000000000, -1.000000000000000000 ) ) ;
#2727 = ORIENTED_EDGE ( 'NONE', *, *, #190, .T. ) ;
#2728 = DIRECTION ( 'NONE',  ( 0.7905139387236438386, 0.6124440486147538776, 0.000000000000000000 ) ) ;
#2729 = CYLINDRICAL_SURFACE ( 'NONE', #1073, 1.650000000000005684 ) ;
#2730 = ORIENTED_EDGE ( 'NONE', *, *, #2427, .F. ) ;
#2731 = ORIENTED_EDGE ( 'NONE', *, *, #1366, .T. ) ;
#2732 = EDGE_LOOP ( 'NONE', ( #1443, #2500 ) ) ;
#2733 = DIRECTION ( 'NONE',  ( 1.000000000000000000, 0.000000000000000000, 0.000000000000000000 ) ) ;
#2734 = DIRECTION ( 'NONE',  ( 1.000000000000000000, 0.000000000000000000, 0.000000000000000000 ) ) ;
#2735 = ORIENTED_EDGE ( 'NONE', *, *, #1896, .T. ) ;
#2736 = VECTOR ( 'NONE', #550, 1000.000000000000000 ) ;
#2737 = DIRECTION ( 'NONE',  ( 0.000000000000000000, 0.000000000000000000, 1.000000000000000000 ) ) ;
#2738 = DIRECTION ( 'NONE',  ( 0.000000000000000000, 0.000000000000000000, -1.000000000000000000 ) ) ;
#2739 = ORIENTED_EDGE ( 'NONE', *, *, #885, .F. ) ;
#2740 = DIRECTION ( 'NONE',  ( 0.000000000000000000, 0.000000000000000000, -1.000000000000000000 ) ) ;
#2741 = CARTESIAN_POINT ( 'NONE',  ( 34.67602432121419298, -33.18995838012380517, 3.000000000000000000 ) ) ;
#2742 = AXIS2_PLACEMENT_3D ( 'NONE', #448, #2959, #2310 ) ;
#2743 = CIRCLE ( 'NONE', #170, 4.999999999999997335 ) ;
#2744 = EDGE_LOOP ( 'NONE', ( #496, #778, #1236, #2562 ) ) ;
#2745 = CIRCLE ( 'NONE', #635, 50.99999999999779732 ) ;
#2746 = ORIENTED_EDGE ( 'NONE', *, *, #2264, .T. ) ;
#2747 = CARTESIAN_POINT ( 'NONE',  ( -37.00000000000000000, 0.000000000000000000, 3.000000000000000000 ) ) ;
#2748 = ORIENTED_EDGE ( 'NONE', *, *, #1105, .F. ) ;
#2749 = CARTESIAN_POINT ( 'NONE',  ( 0.000000000000000000, 0.000000000000000000, 3.000000000000000000 ) ) ;
#2750 = DIRECTION ( 'NONE',  ( -0.000000000000000000, -0.000000000000000000, 1.000000000000000000 ) ) ;
#2751 = CARTESIAN_POINT ( 'NONE',  ( -40.62114317029974586, -22.49999999999999645, 3.000000000000000000 ) ) ;
#2752 = CARTESIAN_POINT ( 'NONE',  ( -27.75617014035720231, -24.46620156745920127, -3.000000000000000000 ) ) ;
#2753 = EDGE_LOOP ( 'NONE', ( #2825, #16, #825, #84 ) ) ;
#2754 = CARTESIAN_POINT ( 'NONE',  ( 46.08135926834249574, 13.43533877435671897, -3.000000000000000000 ) ) ;
#2755 = DIRECTION ( 'NONE',  ( -1.000000000000000000, 0.000000000000000000, 0.000000000000000000 ) ) ;
#2756 = DIRECTION ( 'NONE',  ( -1.000000000000000000, 0.000000000000000000, 0.000000000000000000 ) ) ;
#2757 = ORIENTED_EDGE ( 'NONE', *, *, #1573, .F. ) ;
#2758 = ORIENTED_EDGE ( 'NONE', *, *, #2881, .T. ) ;
#2759 = VERTEX_POINT ( 'NONE', #1736 ) ;
#2760 = DIRECTION ( 'NONE',  ( 1.000000000000000000, 0.000000000000000000, 0.000000000000000000 ) ) ;
#2761 = DIRECTION ( 'NONE',  ( -1.000000000000000000, 0.000000000000000000, 0.000000000000000000 ) ) ;
#2762 = VERTEX_POINT ( 'NONE', #2665 ) ;
#2763 = EDGE_CURVE ( 'NONE', #1563, #570, #1538, .T. ) ;
#2764 = VECTOR ( 'NONE', #2750, 1000.000000000000000 ) ;
#2765 = DIRECTION ( 'NONE',  ( -1.000000000000000000, 0.000000000000000000, 0.000000000000000000 ) ) ;
#2766 = CYLINDRICAL_SURFACE ( 'NONE', #773, 2.500000000000000444 ) ;
#2767 = VECTOR ( 'NONE', #864, 1000.000000000000000 ) ;
#2768 = LINE ( 'NONE', #94, #2934 ) ;
#2769 = ORIENTED_EDGE ( 'NONE', *, *, #1377, .F. ) ;
#2770 = DIRECTION ( 'NONE',  ( -0.000000000000000000, -0.000000000000000000, -1.000000000000000000 ) ) ;
#2771 = DIRECTION ( 'NONE',  ( -0.000000000000000000, -0.000000000000000000, -1.000000000000000000 ) ) ;
#2772 = CIRCLE ( 'NONE', #1097, 50.99999999999779732 ) ;
#2773 = DIRECTION ( 'NONE',  ( 0.000000000000000000, 0.000000000000000000, -1.000000000000000000 ) ) ;
#2774 = VERTEX_POINT ( 'NONE', #2444 ) ;
#2775 = VERTEX_POINT ( 'NONE', #405 ) ;
#2776 = ORIENTED_EDGE ( 'NONE', *, *, #855, .T. ) ;
#2777 = CARTESIAN_POINT ( 'NONE',  ( -31.60992723813194871, -18.25000000000000000, 3.000000000000000000 ) ) ;
#2778 = EDGE_CURVE ( 'NONE', #1684, #268, #1638, .T. ) ;
#2779 = ORIENTED_EDGE ( 'NONE', *, *, #429, .F. ) ;
#2780 = DIRECTION ( 'NONE',  ( -0.9256490738587895839, 0.3783831286729957832, 0.000000000000000000 ) ) ;
#2781 = DIRECTION ( 'NONE',  ( -1.000000000000000000, 0.000000000000000000, 0.000000000000000000 ) ) ;
#2782 = DIRECTION ( 'NONE',  ( -0.1351351351351350316, 0.9908271772877491612, 0.000000000000000000 ) ) ;
#2783 = DIRECTION ( 'NONE',  ( 0.000000000000000000, 0.000000000000000000, -1.000000000000000000 ) ) ;
#2784 = LINE ( 'NONE', #1214, #1204 ) ;
#2785 = DIRECTION ( 'NONE',  ( 1.000000000000000000, 0.000000000000000000, 0.000000000000000000 ) ) ;
#2786 = DIRECTION ( 'NONE',  ( 0.000000000000000000, 0.000000000000000000, -1.000000000000000000 ) ) ;
#2787 = VERTEX_POINT ( 'NONE', #2461 ) ;
#2788 = DIRECTION ( 'NONE',  ( 0.000000000000000000, 0.000000000000000000, -1.000000000000000000 ) ) ;
#2789 = DIRECTION ( 'NONE',  ( 0.000000000000000000, 0.000000000000000000, 1.000000000000000000 ) ) ;
#2790 = VECTOR ( 'NONE', #57, 1000.000000000000000 ) ;
#2791 = EDGE_CURVE ( 'NONE', #923, #283, #1497, .T. ) ;
#2792 = COLOUR_RGB ( '',0.7921568627450980005, 0.8196078431372548767, 0.9333333333333333481 ) ;
#2793 = ORIENTED_EDGE ( 'NONE', *, *, #1198, .T. ) ;
#2794 = ORIENTED_EDGE ( 'NONE', *, *, #1273, .T. ) ;
#2795 = DIRECTION ( 'NONE',  ( -1.000000000000000000, 0.000000000000000000, 0.000000000000000000 ) ) ;
#2796 = AXIS2_PLACEMENT_3D ( 'NONE', #344, #60, #294 ) ;
#2797 = AXIS2_PLACEMENT_3D ( 'NONE', #1812, #1360, #1857 ) ;
#2798 = ORIENTED_EDGE ( 'NONE', *, *, #1788, .F. ) ;
#2799 = DIRECTION ( 'NONE',  ( 0.000000000000000000, 0.000000000000000000, 1.000000000000000000 ) ) ;
#2800 = VECTOR ( 'NONE', #541, 1000.000000000000000 ) ;
#2801 = EDGE_CURVE ( 'NONE', #34, #969, #963, .T. ) ;
#2802 = CARTESIAN_POINT ( 'NONE',  ( 6.451199060689320142, 47.30097283015579990, -3.000000000000000000 ) ) ;
#2803 = DIRECTION ( 'NONE',  ( 0.000000000000000000, 0.000000000000000000, 1.000000000000000000 ) ) ;
#2804 = ORIENTED_EDGE ( 'NONE', *, *, #2890, .F. ) ;
#2805 = VECTOR ( 'NONE', #37, 1000.000000000000000 ) ;
#2806 = LINE ( 'NONE', #979, #2110 ) ;
#2807 = DIRECTION ( 'NONE',  ( 0.000000000000000000, 0.000000000000000000, 1.000000000000000000 ) ) ;
#2808 = VERTEX_POINT ( 'NONE', #1611 ) ;
#2809 = ORIENTED_EDGE ( 'NONE', *, *, #2457, .F. ) ;
#2810 = EDGE_CURVE ( 'NONE', #2662, #1873, #2545, .T. ) ;
#2811 = EDGE_CURVE ( 'NONE', #181, #935, #818, .T. ) ;
#2812 = CARTESIAN_POINT ( 'NONE',  ( -38.97114317029975439, -22.49999999999999645, -3.000000000000000000 ) ) ;
#2813 = ADVANCED_FACE ( 'NONE', ( #1837 ), #929, .F. ) ;
#2814 = ORIENTED_EDGE ( 'NONE', *, *, #1027, .F. ) ;
#2815 = LINE ( 'NONE', #2531, #1955 ) ;
#2816 = CARTESIAN_POINT ( 'NONE',  ( -36.48983320230345129, -14.91616816974343962, -3.000000000000000000 ) ) ;
#2817 = DIRECTION ( 'NONE',  ( -1.000000000000000000, 0.000000000000000000, 0.000000000000000000 ) ) ;
#2818 = CYLINDRICAL_SURFACE ( 'NONE', #806, 5.000000000000000000 ) ;
#2819 = DIRECTION ( 'NONE',  ( 0.000000000000000000, 0.000000000000000000, -1.000000000000000000 ) ) ;
#2820 = FACE_BOUND ( 'NONE', #931, .T. ) ;
#2821 = CARTESIAN_POINT ( 'NONE',  ( -37.32114317029976291, -22.49999999999999645, 10.00100000000001010 ) ) ;
#2822 = AXIS2_PLACEMENT_3D ( 'NONE', #1609, #1596, #1119 ) ;
#2823 = CIRCLE ( 'NONE', #1702, 50.99999999999779732 ) ;
#2824 = FACE_OUTER_BOUND ( 'NONE', #1024, .T. ) ;
#2825 = ORIENTED_EDGE ( 'NONE', *, *, #2235, .F. ) ;
#2826 = EDGE_LOOP ( 'NONE', ( #251, #2298, #1630, #1893 ) ) ;
#2827 = ORIENTED_EDGE ( 'NONE', *, *, #909, .F. ) ;
#2828 = DIRECTION ( 'NONE',  ( 0.000000000000000000, 0.000000000000000000, 1.000000000000000000 ) ) ;
#2829 = ORIENTED_EDGE ( 'NONE', *, *, #2602, .F. ) ;
#2830 = CARTESIAN_POINT ( 'NONE',  ( 34.93579102398659586, -12.60204548509500100, -3.000000000000000000 ) ) ;
#2831 = ORIENTED_EDGE ( 'NONE', *, *, #2381, .F. ) ;
#2832 = DIRECTION ( 'NONE',  ( -1.000000000000000000, 0.000000000000000000, 0.000000000000000000 ) ) ;
#2833 = DIRECTION ( 'NONE',  ( 0.000000000000000000, 0.000000000000000000, 1.000000000000000000 ) ) ;
#2834 = ADVANCED_FACE ( 'NONE', ( #1779 ), #2505, .T. ) ;
#2835 = ADVANCED_FACE ( 'NONE', ( #231 ), #2766, .F. ) ;
#2836 = ORIENTED_EDGE ( 'NONE', *, *, #1362, .F. ) ;
#2837 = AXIS2_PLACEMENT_3D ( 'NONE', #962, #744, #1625 ) ;
#2838 = VECTOR ( 'NONE', #1985, 1000.000000000000000 ) ;
#2839 = DIRECTION ( 'NONE',  ( 1.000000000000000000, 1.734723475976808080E-15, 0.000000000000000000 ) ) ;
#2840 = CIRCLE ( 'NONE', #1678, 1.650000000000005684 ) ;
#2841 = VERTEX_POINT ( 'NONE', #2290 ) ;
#2842 = CARTESIAN_POINT ( 'NONE',  ( 0.000000000000000000, 36.50000000000000000, 3.000000000000000000 ) ) ;
#2843 = CIRCLE ( 'NONE', #2644, 2.499999999999999556 ) ;
#2844 = ADVANCED_FACE ( 'NONE', ( #2038 ), #9, .F. ) ;
#2845 = VECTOR ( 'NONE', #2433, 1000.000000000000000 ) ;
#2846 = CARTESIAN_POINT ( 'NONE',  ( 5.304203982252089666, 38.72136878008575422, -3.000000000000000000 ) ) ;
#2847 = DIRECTION ( 'NONE',  ( -1.000000000000000000, 0.000000000000000000, -0.000000000000000000 ) ) ;
#2848 = VERTEX_POINT ( 'NONE', #1132 ) ;
#2849 = ADVANCED_FACE ( 'NONE', ( #1623 ), #2533, .T. ) ;
#2850 = CYLINDRICAL_SURFACE ( 'NONE', #504, 1.649999999999999689 ) ;
#2851 = CIRCLE ( 'NONE', #972, 5.000000000000000888 ) ;
#2852 = DIRECTION ( 'NONE',  ( 0.000000000000000000, 0.000000000000000000, -1.000000000000000000 ) ) ;
#2853 = CIRCLE ( 'NONE', #2407, 31.50000000000000000 ) ;
#2854 = ORIENTED_EDGE ( 'NONE', *, *, #338, .F. ) ;
#2855 = CARTESIAN_POINT ( 'NONE',  ( -29.50992723813195084, -18.25000000000000000, 3.000000000000000000 ) ) ;
#2856 = CIRCLE ( 'NONE', #27, 50.99999999999779732 ) ;
#2857 = VERTEX_POINT ( 'NONE', #2752 ) ;
#2858 = EDGE_CURVE ( 'NONE', #1096, #1719, #1543, .T. ) ;
#2859 = ORIENTED_EDGE ( 'NONE', *, *, #1663, .F. ) ;
#2860 = CARTESIAN_POINT ( 'NONE',  ( 1.649999999999991251, -45.00000000000000711, 10.00100000000001010 ) ) ;
#2861 = ORIENTED_EDGE ( 'NONE', *, *, #2389, .T. ) ;
#2862 = CARTESIAN_POINT ( 'NONE',  ( 40.62114317029976718, 22.49999999999997158, 3.000000000000000000 ) ) ;
#2863 = EDGE_LOOP ( 'NONE', ( #2346, #499 ) ) ;
#2864 = DIRECTION ( 'NONE',  ( -1.000000000000000000, 0.000000000000000000, 0.000000000000000000 ) ) ;
#2865 = FACE_OUTER_BOUND ( 'NONE', #120, .T. ) ;
#2866 = CIRCLE ( 'NONE', #2229, 2.499999999999998668 ) ;
#2867 = DIRECTION ( 'NONE',  ( 0.000000000000000000, 0.000000000000000000, -1.000000000000000000 ) ) ;
#2868 = LINE ( 'NONE', #750, #1376 ) ;
#2869 = EDGE_CURVE ( 'NONE', #2141, #952, #729, .T. ) ;
#2870 = CIRCLE ( 'NONE', #2279, 37.00000000000000000 ) ;
#2871 = ORIENTED_EDGE ( 'NONE', *, *, #2452, .F. ) ;
#2872 = ORIENTED_EDGE ( 'NONE', *, *, #1159, .F. ) ;
#2873 = LINE ( 'NONE', #1714, #2151 ) ;
#2874 = DIRECTION ( 'NONE',  ( 0.6124440486147538776, -0.7905139387236438386, 0.000000000000000000 ) ) ;
#2875 = CARTESIAN_POINT ( 'NONE',  ( 47.64831357033277470, -18.18345989912308625, 3.000000000000000000 ) ) ;
#2876 = VERTEX_POINT ( 'NONE', #915 ) ;
#2877 = VECTOR ( 'NONE', #1881, 1000.000000000000000 ) ;
#2878 = DIRECTION ( 'NONE',  ( -1.000000000000000000, 1.387778780781446464E-15, 0.000000000000000000 ) ) ;
#2879 = CARTESIAN_POINT ( 'NONE',  ( 0.000000000000000000, 0.000000000000000000, -5.000000000000000000 ) ) ;
#2880 = FACE_BOUND ( 'NONE', #2485, .T. ) ;
#2881 = EDGE_CURVE ( 'NONE', #335, #601, #2148, .T. ) ;
#2882 = DIRECTION ( 'NONE',  ( 0.000000000000000000, 0.000000000000000000, -1.000000000000000000 ) ) ;
#2883 = CARTESIAN_POINT ( 'NONE',  ( -46.08135926834260232, -13.43533877435639923, 3.000000000000000000 ) ) ;
#2884 = ORIENTED_EDGE ( 'NONE', *, *, #2269, .T. ) ;
#2885 = VECTOR ( 'NONE', #289, 1000.000000000000114 ) ;
#2886 = ORIENTED_EDGE ( 'NONE', *, *, #21, .T. ) ;
#2887 = FACE_OUTER_BOUND ( 'NONE', #2744, .T. ) ;
#2888 = CARTESIAN_POINT ( 'NONE',  ( 8.499368550834360984E-15, -1.097058470072635947E-14, 12.50000000000000000 ) ) ;
#2889 = ADVANCED_FACE ( 'NONE', ( #1581 ), #1569, .F. ) ;
#2890 = EDGE_CURVE ( 'NONE', #333, #2285, #1818, .T. ) ;
#2891 = AXIS2_PLACEMENT_3D ( 'NONE', #2178, #1053, #1434 ) ;
#2892 = FACE_OUTER_BOUND ( 'NONE', #2012, .T. ) ;
#2893 = ADVANCED_FACE ( 'NONE', ( #432 ), #474, .F. ) ;
#2894 = CIRCLE ( 'NONE', #2797, 2.500000000000000444 ) ;
#2895 = ORIENTED_EDGE ( 'NONE', *, *, #2198, .T. ) ;
#2896 = DIRECTION ( 'NONE',  ( 1.000000000000000000, 0.000000000000000000, 0.000000000000000000 ) ) ;
#2897 = CARTESIAN_POINT ( 'NONE',  ( 6.451199060691930498, -47.30097283015560095, -3.000000000000000000 ) ) ;
#2898 = VERTEX_POINT ( 'NONE', #678 ) ;
#2899 = VECTOR ( 'NONE', #1185, 1000.000000000000000 ) ;
#2900 = LINE ( 'NONE', #828, #1777 ) ;
#2901 = CARTESIAN_POINT ( 'NONE',  ( 5.327136039032691173, 39.05920661792340098, -3.000000000000000000 ) ) ;
#2902 = EDGE_CURVE ( 'NONE', #2618, #1684, #69, .T. ) ;
#2903 = EDGE_LOOP ( 'NONE', ( #999, #1995, #2543, #284 ) ) ;
#2904 = ORIENTED_EDGE ( 'NONE', *, *, #1991, .F. ) ;
#2905 = DIRECTION ( 'NONE',  ( 1.000000000000000000, 0.000000000000000000, 0.000000000000000000 ) ) ;
#2906 = DIRECTION ( 'NONE',  ( 0.000000000000000000, 0.000000000000000000, 1.000000000000000000 ) ) ;
#2907 = EDGE_CURVE ( 'NONE', #2453, #1849, #2342, .T. ) ;
#2908 = EDGE_CURVE ( 'NONE', #384, #2001, #543, .T. ) ;
#2909 = EDGE_CURVE ( 'NONE', #181, #2114, #563, .T. ) ;
#2910 = ORIENTED_EDGE ( 'NONE', *, *, #614, .T. ) ;
#2911 = DIRECTION ( 'NONE',  ( 0.000000000000000000, 0.000000000000000000, -1.000000000000000000 ) ) ;
#2912 = CYLINDRICAL_SURFACE ( 'NONE', #291, 1.650000000000005684 ) ;
#2913 = DIRECTION ( 'NONE',  ( 0.7905139387236477244, 0.6124440486147488816, 0.000000000000000000 ) ) ;
#2914 = CARTESIAN_POINT ( 'NONE',  ( 29.50992723813214980, -18.24999999999970157, 3.000000000000000000 ) ) ;
#2915 = CARTESIAN_POINT ( 'NONE',  ( 0.000000000000000000, 0.000000000000000000, -3.000000000000002665 ) ) ;
#2916 = ORIENTED_EDGE ( 'NONE', *, *, #2909, .T. ) ;
#2917 = ORIENTED_EDGE ( 'NONE', *, *, #714, .F. ) ;
#2918 = LINE ( 'NONE', #1533, #1770 ) ;
#2919 = CARTESIAN_POINT ( 'NONE',  ( -37.73824456428634733, -29.23738868650724854, 3.000000000000000000 ) ) ;
#2920 = VECTOR ( 'NONE', #532, 1000.000000000000000 ) ;
#2921 = VERTEX_POINT ( 'NONE', #782 ) ;
#2922 = CIRCLE ( 'NONE', #846, 4.999999999999999112 ) ;
#2923 = VERTEX_POINT ( 'NONE', #1899 ) ;
#2924 = DIRECTION ( 'NONE',  ( -1.000000000000000000, 0.000000000000000000, 0.000000000000000000 ) ) ;
#2925 = CARTESIAN_POINT ( 'NONE',  ( 40.62114317029976718, 22.49999999999997158, -3.000000000000000000 ) ) ;
#2926 = EDGE_LOOP ( 'NONE', ( #2739, #2703, #430, #1051 ) ) ;
#2927 = CARTESIAN_POINT ( 'NONE',  ( 2.548781377355489747E-13, -36.50000000000000000, 3.000000000000000000 ) ) ;
#2928 = CARTESIAN_POINT ( 'NONE',  ( 33.70992723813220238, -18.24999999999970157, 12.50000000000000000 ) ) ;
#2929 = EDGE_CURVE ( 'NONE', #1140, #179, #2840, .T. ) ;
#2930 = DIRECTION ( 'NONE',  ( 0.000000000000000000, 0.000000000000000000, -1.000000000000000000 ) ) ;
#2931 = ORIENTED_EDGE ( 'NONE', *, *, #1935, .T. ) ;
#2932 = CYLINDRICAL_SURFACE ( 'NONE', #1020, 2.100000000000000977 ) ;
#2933 = ORIENTED_EDGE ( 'NONE', *, *, #2717, .F. ) ;
#2934 = VECTOR ( 'NONE', #62, 1000.000000000000000 ) ;
#2935 = AXIS2_PLACEMENT_3D ( 'NONE', #2475, #242, #2036 ) ;
#2936 = AXIS2_PLACEMENT_3D ( 'NONE', #1655, #2140, #1220 ) ;
#2937 = EDGE_CURVE ( 'NONE', #2447, #2271, #743, .T. ) ;
#2938 = DIRECTION ( 'NONE',  ( 1.000000000000000000, 0.000000000000000000, 0.000000000000000000 ) ) ;
#2939 = EDGE_CURVE ( 'NONE', #1109, #1679, #1450, .T. ) ;
#2940 = CYLINDRICAL_SURFACE ( 'NONE', #2278, 54.99999999999779021 ) ;
#2941 = DIRECTION ( 'NONE',  ( -1.000000000000000000, 0.000000000000000000, 0.000000000000000000 ) ) ;
#2942 = AXIS2_PLACEMENT_3D ( 'NONE', #2915, #844, #2463 ) ;
#2943 = EDGE_CURVE ( 'NONE', #2064, #306, #2597, .T. ) ;
#2944 = EDGE_LOOP ( 'NONE', ( #2629, #1943, #819, #693 ) ) ;
#2945 = DIRECTION ( 'NONE',  ( 0.000000000000000000, 0.000000000000000000, 1.000000000000000000 ) ) ;
#2946 = CIRCLE ( 'NONE', #487, 2.500000000000002220 ) ;
#2947 = CARTESIAN_POINT ( 'NONE',  ( 37.73824456428614837, 29.23738868650750078, 3.000000000000000000 ) ) ;
#2948 = ORIENTED_EDGE ( 'NONE', *, *, #1287, .T. ) ;
#2949 = VERTEX_POINT ( 'NONE', #945 ) ;
#2950 = CARTESIAN_POINT ( 'NONE',  ( 37.32114317029975581, 22.49999999999997158, 3.000000000000000000 ) ) ;
#2951 = AXIS2_PLACEMENT_3D ( 'NONE', #435, #1345, #1840 ) ;
#2952 = EDGE_CURVE ( 'NONE', #1080, #2117, #1310, .T. ) ;
#2953 = EDGE_CURVE ( 'NONE', #2541, #179, #1245, .T. ) ;
#2954 = CIRCLE ( 'NONE', #1733, 2.500000000000000444 ) ;
#2955 = VERTEX_POINT ( 'NONE', #1691 ) ;
#2956 = AXIS2_PLACEMENT_3D ( 'NONE', #603, #2628, #1087 ) ;
#2957 = LINE ( 'NONE', #212, #114 ) ;
#2958 = CARTESIAN_POINT ( 'NONE',  ( 34.93579102398599900, 12.60204548509680045, -3.000000000000000000 ) ) ;
#2959 = DIRECTION ( 'NONE',  ( 0.000000000000000000, 0.000000000000000000, -1.000000000000000000 ) ) ;
#2960 = CARTESIAN_POINT ( 'NONE',  ( -1.649999999999999689, 45.00000000000000711, 3.000000000000000000 ) ) ;
#2961 = CYLINDRICAL_SURFACE ( 'NONE', #1405, 2.100000000000000089 ) ;
#2962 = ORIENTED_EDGE ( 'NONE', *, *, #449, .F. ) ;
#2963 = EDGE_LOOP ( 'NONE', ( #2598, #442, #1642, #647 ) ) ;
#2964 = CARTESIAN_POINT ( 'NONE',  ( -54.99999999999779021, 0.000000000000000000, 10.00000000000000000 ) ) ;
#2965 = AXIS2_PLACEMENT_3D ( 'NONE', #636, #1973, #2924 ) ;
#2966 = VERTEX_POINT ( 'NONE', #2846 ) ;
#2967 = EDGE_CURVE ( 'NONE', #283, #923, #1401, .T. ) ;
#2968 = CYLINDRICAL_SURFACE ( 'NONE', #1999, 5.000000000000000000 ) ;
#2969 = FACE_OUTER_BOUND ( 'NONE', #841, .T. ) ;
#2970 = CARTESIAN_POINT ( 'NONE',  ( -37.43579102398609848, -12.60204548509654110, -3.000000000000000000 ) ) ;
#2971 = ADVANCED_FACE ( 'NONE', ( #2616 ), #977, .F. ) ;
#2972 = FACE_OUTER_BOUND ( 'NONE', #2509, .T. ) ;
ENDSEC;
END-ISO-10303-21;
