ISO-10303-21;
HEADER;
FILE_DESCRIPTION (( 'STEP AP214' ),
    '1' );
FILE_NAME ('7075ÂÁ¹ÜA.STEP',
    '2026-08-16T17:26:55',
    ( '' ),
    ( '' ),
    'SwSTEP 2.0',
    'SolidWorks 2025',
    '' );
FILE_SCHEMA (( 'AUTOMOTIVE_DESIGN' ));
ENDSEC;

DATA;
#1 = CARTESIAN_POINT ( 'NONE',  ( 2.000051192980891734, -9.797948521410088318, 3.869968242868497388 ) ) ;
#2 = AXIS2_PLACEMENT_3D ( 'NONE', #274, #845, #248 ) ;
#3 = DIRECTION ( 'NONE',  ( 0.000000000000000000, 0.000000000000000000, -1.000000000000000000 ) ) ;
#4 = CARTESIAN_POINT ( 'NONE',  ( -9.797948521410090095, 2.000051192980874415, 4.130031757131507497 ) ) ;
#5 = CARTESIAN_POINT ( 'NONE',  ( 1.599235059273434567, -7.840784467476278330, 132.4707277511535324 ) ) ;
#6 = CARTESIAN_POINT ( 'NONE',  ( -1.896908818331604740, 7.772024952455932834, 134.3470589888150357 ) ) ;
#7 = VERTEX_POINT ( 'NONE', #213 ) ;
#8 = CARTESIAN_POINT ( 'NONE',  ( -0.8870225997300088538, 9.961319745156348660, 131.9026914498474810 ) ) ;
#9 = CARTESIAN_POINT ( 'NONE',  ( 1.568550547722543300E-14, 8.000000000000000000, 6.000000000000003553 ) ) ;
#10 = EDGE_CURVE ( 'NONE', #7, #321, #230, .T. ) ;
#11 = CARTESIAN_POINT ( 'NONE',  ( 1.585744092184618202E-14, 10.00000000000000000, 2.000000000000003553 ) ) ;
#12 = CARTESIAN_POINT ( 'NONE',  ( -7.996695250530488686, -0.2636217697048058306, 131.7131031084740016 ) ) ;
#13 = CARTESIAN_POINT ( 'NONE',  ( -9.873069416396530684, -1.589934537613407084, 134.9202728179278665 ) ) ;
#14 = CARTESIAN_POINT ( 'NONE',  ( -0.1308391772900859007, 8.000000000000000000, 131.7000000000000171 ) ) ;
#15 = VECTOR ( 'NONE', #344, 1000.000000000000000 ) ;
#16 =( GEOMETRIC_REPRESENTATION_CONTEXT ( 3 ) GLOBAL_UNCERTAINTY_ASSIGNED_CONTEXT ( ( #1009 ) ) GLOBAL_UNIT_ASSIGNED_CONTEXT ( ( #1209, #109, #932 ) ) REPRESENTATION_CONTEXT ( 'NONE', 'WORKASPACE' ) );
#17 = CARTESIAN_POINT ( 'NONE',  ( -8.000000000000000000, 8.670553967174491660E-17, 6.000000000000001776 ) ) ;
#18 = CARTESIAN_POINT ( 'NONE',  ( 1.220036854327042120, -9.925897850706318692, 5.590147479087696603 ) ) ;
#19 = DIRECTION ( 'NONE',  ( 1.000000000000000000, -0.000000000000000000, -0.000000000000000000 ) ) ;
#20 = CARTESIAN_POINT ( 'NONE',  ( -10.00000000000000000, -2.782265081060195377E-22, 6.000000000000001776 ) ) ;
#21 = CARTESIAN_POINT ( 'NONE',  ( 9.818423160345597367, 1.897672711835103110, 3.355067948036873027 ) ) ;
#22 = PRODUCT ( '7075\X2\94dd7ba1\X0\A', '7075\X2\94dd7ba1\X0\A', '', ( #502 ) ) ;
#23 = CARTESIAN_POINT ( 'NONE',  ( 0.2631027864349471668, -7.996702235998581543, 135.6869225358245785 ) ) ;
#24 = EDGE_CURVE ( 'NONE', #666, #1451, #688, .T. ) ;
#25 = CARTESIAN_POINT ( 'NONE',  ( -0.6485839344018542452, -7.974582062926347525, 5.896400944851707848 ) ) ;
#26 = ORIENTED_EDGE ( 'NONE', *, *, #101, .F. ) ;
#27 = CARTESIAN_POINT ( 'NONE',  ( 10.00000000000000000, 3.762930740020308884E-15, 131.6999999999999886 ) ) ;
#28 = CARTESIAN_POINT ( 'NONE',  ( 0.000000000000000000, 0.000000000000000000, 0.000000000000000000 ) ) ;
#29 = CARTESIAN_POINT ( 'NONE',  ( 10.00000000000000000, 1.224647077373291608E-15, 6.000000000000001776 ) ) ;
#30 = CARTESIAN_POINT ( 'NONE',  ( -7.984043073065478779, -0.5212365823254812014, 2.064652971618874400 ) ) ;
#31 = CARTESIAN_POINT ( 'NONE',  ( -0.5212365823254715425, 7.984043073065478779, 131.7646529716188866 ) ) ;
#32 = VERTEX_POINT ( 'NONE', #841 ) ;
#33 = CARTESIAN_POINT ( 'NONE',  ( -1.736211468189276852, -9.848400811255325848, 134.7013490535025824 ) ) ;
#34 = CARTESIAN_POINT ( 'NONE',  ( -7.840771670322575382, 1.589892615992653635, 132.4797013795103737 ) ) ;
#35 = CARTESIAN_POINT ( 'NONE',  ( -7.984148445086407087, -0.5194644687357471424, 135.6357791468342100 ) ) ;
#36 = CARTESIAN_POINT ( 'NONE',  ( 9.809040620602631932, 1.947629075770321849, 4.525162943554168038 ) ) ;
#37 = CARTESIAN_POINT ( 'NONE',  ( -9.989121358340900869, -0.5251341732625914860, 5.947348386616128302 ) ) ;
#38 = CARTESIAN_POINT ( 'NONE',  ( 1.585744064362073415E-14, -10.00000000000000000, 2.000000000000003553 ) ) ;
#39 = CARTESIAN_POINT ( 'NONE',  ( 7.749379642276211122, -1.986911167095541053, 133.9633388652700035 ) ) ;
#40 = ORIENTED_EDGE ( 'NONE', *, *, #760, .T. ) ;
#41 = CARTESIAN_POINT ( 'NONE',  ( -1.506973737573777505, -9.886234806991462065, 135.0213342394383460 ) ) ;
#42 = CARTESIAN_POINT ( 'NONE',  ( 1.585744262195660647E-14, 8.000000000000000000, 131.6999999999999886 ) ) ;
#43 = CARTESIAN_POINT ( 'NONE',  ( 8.000000000000000000, 9.797194175653758407E-16, 6.000000000000001776 ) ) ;
#44 = CARTESIAN_POINT ( 'NONE',  ( -9.818423160345595591, -1.897672711835103110, 3.355067948036873027 ) ) ;
#45 = CARTESIAN_POINT ( 'NONE',  ( 1.321407374490714881, 7.890669449926734025, 2.493054721110562699 ) ) ;
#46 = CARTESIAN_POINT ( 'NONE',  ( 7.749321976959586245, -1.987137565699539143, 133.4379962018645926 ) ) ;
#47 = VECTOR ( 'NONE', #866, 1000.000000000000000 ) ;
#48 = EDGE_LOOP ( 'NONE', ( #802, #489 ) ) ;
#49 = B_SPLINE_CURVE_WITH_KNOTS ( 'NONE', 3,
 ( #459, #591, #956, #1081, #337, #480, #236, #357, #219, #362, #1323, #1454, #1441, #940, #1184, #711, #1064, #1192, #833, #111, #966, #839, #86, #1341, #244, #716, #1217, #597 ),
 .UNSPECIFIED., .F., .F.,
 ( 4, 2, 2, 2, 2, 2, 2, 2, 2, 2, 2, 2, 2, 4 ),
 ( 0.006268743183778743323, 0.007052133643386075679, 0.007443828873189742290, 0.007835524102993408901, 0.008227219332797075513, 0.008618914562600742124, 0.009402305022208151675, 0.009794000252011854715, 0.01018569548181556123, 0.01057739071161926427, 0.01096908594142296904, 0.01175247640103037859, 0.01214417163083406775, 0.01253586686063775692 ),
 .UNSPECIFIED. ) ;
#50 = CARTESIAN_POINT ( 'NONE',  ( -1.598443203470154783, -7.840899836980354642, 134.9297742894912062 ) ) ;
#51 = CARTESIAN_POINT ( 'NONE',  ( 9.810776074658402734, 1.936322638581184918, 3.482578380049689670 ) ) ;
#52 = EDGE_CURVE ( 'NONE', #223, #657, #238, .T. ) ;
#53 = CARTESIAN_POINT ( 'NONE',  ( -9.809040620602633709, -1.947629075770320961, 4.525162943554168926 ) ) ;
#54 = CARTESIAN_POINT ( 'NONE',  ( 1.009646481229297121, 7.939716290660801867, 5.746025382786840829 ) ) ;
#55 = ORIENTED_EDGE ( 'NONE', *, *, #800, .T. ) ;
#56 = CARTESIAN_POINT ( 'NONE',  ( -9.950051624612646251, 1.004151384216445564, 135.4345376286989335 ) ) ;
#57 = CARTESIAN_POINT ( 'NONE',  ( 8.000000000000000000, 9.797174393178825657E-16, 0.000000000000000000 ) ) ;
#58 = CARTESIAN_POINT ( 'NONE',  ( 7.937498848481381764, 1.004052146364163844, 135.4346276453790097 ) ) ;
#59 = CARTESIAN_POINT ( 'NONE',  ( -1.220491419117924359, 9.925837396952458036, 2.410238545046504477 ) ) ;
#60 = EDGE_CURVE ( 'NONE', #329, #1377, #600, .T. ) ;
#61 = CARTESIAN_POINT ( 'NONE',  ( -9.809040620602631932, -1.947629075770319629, 134.2251629435541247 ) ) ;
#62 = DIRECTION ( 'NONE',  ( -0.000000000000000000, 1.000000000000000000, -0.000000000000000000 ) ) ;
#63 = ORIENTED_EDGE ( 'NONE', *, *, #836, .F. ) ;
#64 = CARTESIAN_POINT ( 'NONE',  ( -1.746473976144944817, 7.807724015636990700, 2.990575997189768298 ) ) ;
#65 = CARTESIAN_POINT ( 'NONE',  ( -7.857550826090256457, 1.505880749851666200, 132.3773796122274007 ) ) ;
#66 = CARTESIAN_POINT ( 'NONE',  ( 8.000000000000000000, -3.863752910171129163E-15, 131.6999999999999886 ) ) ;
#67 = CARTESIAN_POINT ( 'NONE',  ( 1.002867846700231436, -9.950185633978259503, 135.4353140964159934 ) ) ;
#68 = CARTESIAN_POINT ( 'NONE',  ( -10.00000000000000000, -0.1324701897823201413, 131.7000000000000171 ) ) ;
#69 = CARTESIAN_POINT ( 'NONE',  ( 9.872955300623498687, -1.600006814080200401, 134.9284512744634981 ) ) ;
#70 = ORIENTED_EDGE ( 'NONE', *, *, #1306, .T. ) ;
#71 = CARTESIAN_POINT ( 'NONE',  ( -9.925897850706315140, 1.220036854327023468, 132.1098525209122272 ) ) ;
#72 = CARTESIAN_POINT ( 'NONE',  ( -0.6460435163823841087, 9.979847886653635314, 5.897314880791998171 ) ) ;
#73 = ORIENTED_EDGE ( 'NONE', *, *, #1166, .T. ) ;
#74 = CARTESIAN_POINT ( 'NONE',  ( 7.749316145293224878, 1.987156920306904384, 133.4385519105794629 ) ) ;
#75 = CARTESIAN_POINT ( 'NONE',  ( 9.950185633978261279, -1.002867846700213006, 2.264685903584027216 ) ) ;
#76 = CARTESIAN_POINT ( 'NONE',  ( 8.000000000000000000, -3.863752910171129163E-15, 131.6999999999999886 ) ) ;
#77 = CARTESIAN_POINT ( 'NONE',  ( 1.004052146364173836, 7.937498848481379987, 2.265372354620962536 ) ) ;
#78 = ORIENTED_EDGE ( 'NONE', *, *, #1166, .F. ) ;
#79 = CARTESIAN_POINT ( 'NONE',  ( -0.5212365823254659913, 7.984043073065478779, 2.064652971618872179 ) ) ;
#80 = AXIS2_PLACEMENT_3D ( 'NONE', #1346, #727, #746 ) ;
#81 = ORIENTED_EDGE ( 'NONE', *, *, #156, .T. ) ;
#82 = CARTESIAN_POINT ( 'NONE',  ( -7.762229284803760621, 1.936101721439438483, 134.2183221523575014 ) ) ;
#83 = DIRECTION ( 'NONE',  ( 1.000000000000000000, -0.000000000000000000, -0.000000000000000000 ) ) ;
#84 = CARTESIAN_POINT ( 'NONE',  ( 1.585744036539316581E-14, -10.00000000000000000, 131.6999999999999886 ) ) ;
#85 = CARTESIAN_POINT ( 'NONE',  ( 0.2631027864349426704, -7.996702235998579766, 5.986922535824577452 ) ) ;
#86 = CARTESIAN_POINT ( 'NONE',  ( 1.008956999869119686, 9.951893929841499897, 135.4463870003734769 ) ) ;
#87 = CARTESIAN_POINT ( 'NONE',  ( -8.000000000000000000, 0.1326759759031821417, 6.000000000000000000 ) ) ;
#88 = CARTESIAN_POINT ( 'NONE',  ( -0.5257459082440343323, -7.986373123133517105, 2.052793721609448063 ) ) ;
#89 = ORIENTED_EDGE ( 'NONE', *, *, #1411, .T. ) ;
#90 = EDGE_CURVE ( 'NONE', #1377, #329, #1159, .T. ) ;
#91 = SURFACE_STYLE_FILL_AREA ( #1338 ) ;
#92 = CIRCLE ( 'NONE', #1477, 8.000000000000000000 ) ;
#93 = CARTESIAN_POINT ( 'NONE',  ( 1.935588659042482673, -7.762358105021259114, 4.520440427174794884 ) ) ;
#94 = CARTESIAN_POINT ( 'NONE',  ( 1.559681746276485625E-14, -10.00000000000000000, 6.000000000000003553 ) ) ;
#95 = DIRECTION ( 'NONE',  ( -0.000000000000000000, 1.000000000000000000, -0.000000000000000000 ) ) ;
#96 = CARTESIAN_POINT ( 'NONE',  ( 1.585744064362073415E-14, -10.00000000000000000, 2.000000000000003553 ) ) ;
#97 = CARTESIAN_POINT ( 'NONE',  ( -2.000041086925774092, -7.745956083816766480, 4.131293225960130044 ) ) ;
#98 = ORIENTED_EDGE ( 'NONE', *, *, #836, .T. ) ;
#99 = DIRECTION ( 'NONE',  ( 1.000000000000000000, 0.000000000000000000, 0.000000000000000000 ) ) ;
#100 = CARTESIAN_POINT ( 'NONE',  ( 1.796065925593133494, 7.795950887092525150, 132.8103370531666485 ) ) ;
#101 = EDGE_CURVE ( 'NONE', #313, #1044, #252, .T. ) ;
#102 = DIRECTION ( 'NONE',  ( 0.000000000000000000, 0.000000000000000000, -1.000000000000000000 ) ) ;
#103 = CARTESIAN_POINT ( 'NONE',  ( -1.590904022635897030, -9.872915131417236978, 5.219079398555915184 ) ) ;
#104 = CARTESIAN_POINT ( 'NONE',  ( -7.937498848481383540, 1.004052146364157183, 2.265372354620963424 ) ) ;
#105 = CARTESIAN_POINT ( 'NONE',  ( -1.321407374490682685, -7.890669449926737578, 2.493054721110562255 ) ) ;
#106 = ORIENTED_EDGE ( 'NONE', *, *, #1330, .T. ) ;
#107 = DIRECTION ( 'NONE',  ( 1.000000000000000000, -0.000000000000000000, -0.000000000000000000 ) ) ;
#108 = CARTESIAN_POINT ( 'NONE',  ( -7.745956083816766480, 2.000041086925787859, 133.8312932259601666 ) ) ;
#109 =( NAMED_UNIT ( * ) PLANE_ANGLE_UNIT ( ) SI_UNIT ( $, .RADIAN. ) );
#110 = CARTESIAN_POINT ( 'NONE',  ( 0.1308391772901174865, -8.000000000000000000, 2.000000000000003553 ) ) ;
#111 = CARTESIAN_POINT ( 'NONE',  ( 1.590904022635922788, 9.872915131417235202, 134.9190793985559083 ) ) ;
#112 = CARTESIAN_POINT ( 'NONE',  ( 7.807561963254342707, 1.747157896603925620, 2.992207323122364926 ) ) ;
#113 = CARTESIAN_POINT ( 'NONE',  ( -7.986373123133517105, 0.5257459082440504305, 2.052793721609451616 ) ) ;
#114 = CYLINDRICAL_SURFACE ( 'NONE', #942, 10.00000000000000000 ) ;
#115 = PLANE ( 'NONE',  #1131 ) ;
#116 = CARTESIAN_POINT ( 'NONE',  ( 0.2627285790288668710, -9.997369396065028724, 5.986962645188000032 ) ) ;
#117 = CARTESIAN_POINT ( 'NONE',  ( -1.796303269674112357, -9.837475732712775311, 3.110866519089959592 ) ) ;
#118 = LINE ( 'NONE', #840, #1541 ) ;
#119 = CARTESIAN_POINT ( 'NONE',  ( -7.984048399427295273, 0.5211700542677247805, 5.935369044798987304 ) ) ;
#120 = FACE_OUTER_BOUND ( 'NONE', #1140, .T. ) ;
#121 = ADVANCED_FACE ( 'NONE', ( #865 ), #850, .F. ) ;
#122 = CARTESIAN_POINT ( 'NONE',  ( 0.1325044218160522091, -9.999999999999998224, 6.000000000000003553 ) ) ;
#123 = AXIS2_PLACEMENT_3D ( 'NONE', #150, #1109, #617 ) ;
#124 = CARTESIAN_POINT ( 'NONE',  ( -7.907055480996294961, -1.220816267737066196, 132.1104920805817926 ) ) ;
#125 = DIRECTION ( 'NONE',  ( 0.000000000000000000, 0.000000000000000000, 1.000000000000000000 ) ) ;
#126 = CARTESIAN_POINT ( 'NONE',  ( -7.937424795583957859, -1.004592630658777352, 2.265721639444617352 ) ) ;
#127 = DIRECTION ( 'NONE',  ( -0.000000000000000000, -0.000000000000000000, -1.000000000000000000 ) ) ;
#128 = EDGE_LOOP ( 'NONE', ( #990, #1425, #81, #917, #1069, #1494, #70, #380, #98, #26, #1544, #1016 ) ) ;
#129 = CARTESIAN_POINT ( 'NONE',  ( 7.840784467476280106, -1.599235059273411474, 134.9292722488464449 ) ) ;
#130 = EDGE_CURVE ( 'NONE', #642, #681, #868, .T. ) ;
#131 = CARTESIAN_POINT ( 'NONE',  ( -0.2613545472027263283, -10.00000000000000355, 131.7000000000000171 ) ) ;
#132 = LINE ( 'NONE', #1471, #1180 ) ;
#133 = CARTESIAN_POINT ( 'NONE',  ( 1.590904022635920789, 9.872915131417235202, 5.219079398555925842 ) ) ;
#134 = CARTESIAN_POINT ( 'NONE',  ( -7.996702235998583319, -0.2631027864349261280, 135.6869225358245785 ) ) ;
#135 = CARTESIAN_POINT ( 'NONE',  ( -9.950168957865107799, -1.003061478999820455, 135.4352272017363248 ) ) ;
#136 = CARTESIAN_POINT ( 'NONE',  ( -0.2631027864349157475, 7.996702235998585095, 135.6869225358245785 ) ) ;
#137 = CARTESIAN_POINT ( 'NONE',  ( 9.797948521410091871, -2.000051192980874415, 4.130031757131511938 ) ) ;
#138 = ORIENTED_EDGE ( 'NONE', *, *, #1128, .T. ) ;
#139 = CARTESIAN_POINT ( 'NONE',  ( 7.840935383214965526, -1.598295816642669065, 132.4699803049603588 ) ) ;
#140 = LINE ( 'NONE', #615, #1339 ) ;
#141 = CARTESIAN_POINT ( 'NONE',  ( 0.6452468915374782732, -9.979897625057814636, 2.102426927403196366 ) ) ;
#142 = CARTESIAN_POINT ( 'NONE',  ( -9.809142331147821636, 1.947060521689176538, 3.473900419384392091 ) ) ;
#143 = CARTESIAN_POINT ( 'NONE',  ( 9.987236471148134953, 0.5213340154858306930, 2.064662032021681970 ) ) ;
#144 = CARTESIAN_POINT ( 'NONE',  ( 0.6459572193034056609, -7.974800906200420592, 131.8026794718925032 ) ) ;
#145 = CARTESIAN_POINT ( 'NONE',  ( -1.986911167095530173, 7.749379642276209346, 133.4366611347299454 ) ) ;
#146 = COLOUR_RGB ( '',0.7921568627450980005, 0.8196078431372548767, 0.9333333333333333481 ) ;
#147 = ORIENTED_EDGE ( 'NONE', *, *, #52, .T. ) ;
#148 = DIRECTION ( 'NONE',  ( 0.000000000000000000, 0.000000000000000000, 1.000000000000000000 ) ) ;
#149 = CARTESIAN_POINT ( 'NONE',  ( 1.600006814080214834, -9.872955300623496910, 2.771548725536499447 ) ) ;
#150 = CARTESIAN_POINT ( 'NONE',  ( 0.000000000000000000, 0.000000000000000000, 0.000000000000000000 ) ) ;
#151 = CARTESIAN_POINT ( 'NONE',  ( -9.950051624612646251, 1.004151384216446896, 5.734537628698953782 ) ) ;
#152 = CARTESIAN_POINT ( 'NONE',  ( 9.997369511432395939, 0.2632191828420311075, 2.013032997811739833 ) ) ;
#153 = EDGE_CURVE ( 'NONE', #32, #313, #476, .T. ) ;
#154 = CARTESIAN_POINT ( 'NONE',  ( -7.951553933163021171, -0.8874121199898541423, 2.202895204824367958 ) ) ;
#155 = CARTESIAN_POINT ( 'NONE',  ( -0.1327117393334161233, 8.000000000000001776, 135.6999999999999886 ) ) ;
#156 = EDGE_CURVE ( 'NONE', #1444, #1409, #437, .T. ) ;
#157 = ORIENTED_EDGE ( 'NONE', *, *, #1342, .T. ) ;
#158 = CARTESIAN_POINT ( 'NONE',  ( -2.000065919835221084, -9.797945515304455455, 133.8310432903105323 ) ) ;
#159 = FACE_BOUND ( 'NONE', #48, .T. ) ;
#160 = CARTESIAN_POINT ( 'NONE',  ( -9.912790001074037960, 1.321140203729217699, 5.507271424395367987 ) ) ;
#161 = CARTESIAN_POINT ( 'NONE',  ( 9.886234806991463842, 1.506973737573789052, 2.678665760561597775 ) ) ;
#162 = CIRCLE ( 'NONE', #1053, 8.000000000000000000 ) ;
#163 = CARTESIAN_POINT ( 'NONE',  ( 1.585743866528274137E-14, -8.000000000000000000, 131.6999999999999886 ) ) ;
#164 = CYLINDRICAL_SURFACE ( 'NONE', #1067, 1.999999999999998224 ) ;
#165 = ORIENTED_EDGE ( 'NONE', *, *, #545, .F. ) ;
#166 = CARTESIAN_POINT ( 'NONE',  ( -0.6460435163823947669, 9.979847886653637090, 135.5973148807919699 ) ) ;
#167 = CARTESIAN_POINT ( 'NONE',  ( 2.041788843234566176E-14, -8.000000000000000000, 135.6999999999999886 ) ) ;
#168 = CARTESIAN_POINT ( 'NONE',  ( 9.925624269004023503, 1.231428799965597287, 2.402765144753959969 ) ) ;
#169 = CARTESIAN_POINT ( 'NONE',  ( -10.00000000000000000, -2.782265081060195377E-22, 6.000000000000001776 ) ) ;
#170 = CARTESIAN_POINT ( 'NONE',  ( 1.589892615992672509, 7.840771670322573605, 2.779701379510394865 ) ) ;
#171 = CARTESIAN_POINT ( 'NONE',  ( 7.762359716585943481, -1.935580650961808757, 134.2202796243491889 ) ) ;
#172 = B_SPLINE_CURVE_WITH_KNOTS ( 'NONE', 3,
 ( #1336, #588, #359, #968, #365, #1085, #1075, #461, #1344, #718, #835, #1585, #570, #1068, #1092, #231, #1220, #1099, #944, #1575, #1567, #1317, #247, #488, #1205, #951, #1443, #1599, #474, #959 ),
 .UNSPECIFIED., .F., .F.,
 ( 4, 2, 2, 2, 2, 2, 2, 2, 2, 2, 2, 2, 2, 2, 4 ),
 ( 1.433802152974192581E-19, 0.0003923685324657883475, 0.0007847370649315764781, 0.001177105597397364771, 0.001569474129863152956, 0.002354211194794728242, 0.002746579727260515125, 0.003138948259726302009, 0.003531316792192090194, 0.003923685324657878379, 0.004708422389589455616, 0.005100790922055244668, 0.005493159454521033720, 0.005885527986986823640, 0.006277896519452613559 ),
 .UNSPECIFIED. ) ;
#173 = ORIENTED_EDGE ( 'NONE', *, *, #1360, .T. ) ;
#174 = EDGE_CURVE ( 'NONE', #1044, #7, #561, .T. ) ;
#175 = CARTESIAN_POINT ( 'NONE',  ( -1.231428799965584853, -9.925624269004023503, 135.2972348552460176 ) ) ;
#176 = CARTESIAN_POINT ( 'NONE',  ( 1.585743866528274137E-14, -8.000000000000000000, 131.6999999999999886 ) ) ;
#177 = CARTESIAN_POINT ( 'NONE',  ( 7.840771670322573605, 1.589892615992655411, 5.220298620489610464 ) ) ;
#178 = CARTESIAN_POINT ( 'NONE',  ( 9.809040620602631932, 1.947629075770319407, 134.2251629435541247 ) ) ;
#179 = CARTESIAN_POINT ( 'NONE',  ( 1.221090613118461121, 7.907018805897441105, 2.410663190105470921 ) ) ;
#180 = ORIENTED_EDGE ( 'NONE', *, *, #283, .T. ) ;
#181 = CARTESIAN_POINT ( 'NONE',  ( -9.872955300623495134, 1.600006814080199957, 134.9284512744634981 ) ) ;
#182 = ADVANCED_FACE ( 'NONE', ( #218 ), #1459, .F. ) ;
#183 = AXIS2_PLACEMENT_3D ( 'NONE', #1193, #95, #125 ) ;
#184 = CARTESIAN_POINT ( 'NONE',  ( -1.947826084468569308, -7.759947533121963836, 133.1752282240408647 ) ) ;
#185 = CARTESIAN_POINT ( 'NONE',  ( 9.987354202998862007, -0.5188228709849891374, 2.064058449189677180 ) ) ;
#186 = CARTESIAN_POINT ( 'NONE',  ( -9.848400811255325848, -1.736211468189286622, 132.6986509464974233 ) ) ;
#187 = CARTESIAN_POINT ( 'NONE',  ( 9.999999999999998224, -0.1325044218160366105, 131.6999999999999886 ) ) ;
#188 = CARTESIAN_POINT ( 'NONE',  ( 7.772024952455931057, -1.896908818331614732, 133.0529410111849131 ) ) ;
#189 = EDGE_LOOP ( 'NONE', ( #1027, #1577, #538, #1369 ) ) ;
#190 = CARTESIAN_POINT ( 'NONE',  ( -0.2636217697047901209, 7.996695250530490462, 2.013103108473992098 ) ) ;
#191 = B_SPLINE_CURVE_WITH_KNOTS ( 'NONE', 3,
 ( #212, #1596, #1090, #1581, #807, #1211, #949, #1315, #1072, #577, #117, #1333, #1565, #1589, #466, #1460, #1305, #686, #228, #103, #586, #702, #1097, #486, #1447, #970, #472, #94 ),
 .UNSPECIFIED., .F., .F.,
 ( 4, 2, 2, 2, 2, 2, 2, 2, 2, 2, 2, 2, 2, 4 ),
 ( 0.006268743183778746793, 0.007052133643386119047, 0.007443828873189805607, 0.007835524102993492168, 0.008227219332797179596, 0.008618914562600865290, 0.009402305022208238411, 0.009794000252011925839, 0.01018569548181561327, 0.01057739071161930069, 0.01096908594142298812, 0.01175247640103036471, 0.01214417163083405388, 0.01253586686063774130 ),
 .UNSPECIFIED. ) ;
#192 = CARTESIAN_POINT ( 'NONE',  ( 0.5213340154858318032, 9.987236471148131400, 5.935337967978330020 ) ) ;
#193 = CARTESIAN_POINT ( 'NONE',  ( 7.745956083816764703, 2.000041086925787859, 133.5687067740398675 ) ) ;
#194 = DIRECTION ( 'NONE',  ( 1.000000000000000000, 0.000000000000000000, 0.000000000000000000 ) ) ;
#195 = CARTESIAN_POINT ( 'NONE',  ( -9.912776118701881245, -1.321192019095429604, 5.507130785350005553 ) ) ;
#196 = ORIENTED_EDGE ( 'NONE', *, *, #1007, .F. ) ;
#197 = CARTESIAN_POINT ( 'NONE',  ( -9.950185633978263056, 1.002867846700211896, 131.9646859035839839 ) ) ;
#198 = EDGE_LOOP ( 'NONE', ( #582, #106, #911, #165 ) ) ;
#199 = CARTESIAN_POINT ( 'NONE',  ( 8.000000000000000000, 9.797194177136816909E-16, 135.6999999999999886 ) ) ;
#200 = CARTESIAN_POINT ( 'NONE',  ( 1.220036854327043896, -9.925897850706315140, 135.2901474790877216 ) ) ;
#201 = CARTESIAN_POINT ( 'NONE',  ( -9.873069416396525355, -1.589934537613407750, 5.220272817927885001 ) ) ;
#202 = CARTESIAN_POINT ( 'NONE',  ( 9.846669684789009835, -1.747402090674541331, 132.6928200869007242 ) ) ;
#203 = CARTESIAN_POINT ( 'NONE',  ( 7.984148445086407087, -0.5194644687357473645, 131.7642208531657388 ) ) ;
#204 = ORIENTED_EDGE ( 'NONE', *, *, #997, .T. ) ;
#205 = EDGE_CURVE ( 'NONE', #469, #1050, #906, .T. ) ;
#206 = CARTESIAN_POINT ( 'NONE',  ( -0.1308391772900849848, 7.999999999999996447, 2.000000000000002665 ) ) ;
#207 = AXIS2_PLACEMENT_3D ( 'NONE', #1322, #227, #102 ) ;
#208 = EDGE_LOOP ( 'NONE', ( #1359, #1420, #419, #305, #1328, #1428, #824, #706, #323, #222, #1387, #1576 ) ) ;
#209 = CARTESIAN_POINT ( 'NONE',  ( -10.00000000000000000, 2.449293598294701484E-16, 135.6999999999999886 ) ) ;
#210 = CARTESIAN_POINT ( 'NONE',  ( 0.2627285790288687028, -9.997369396065025171, 135.6869626451879753 ) ) ;
#211 = CARTESIAN_POINT ( 'NONE',  ( 1.569183081927674932E-14, -8.000000000000000000, 6.000000000000003553 ) ) ;
#212 = CARTESIAN_POINT ( 'NONE',  ( 1.585744036539789898E-14, -10.00000000000000000, 2.000000000000003553 ) ) ;
#213 = CARTESIAN_POINT ( 'NONE',  ( -10.00000000000000000, -9.650605814723274703E-17, 2.000000000000005329 ) ) ;
#214 = CARTESIAN_POINT ( 'NONE',  ( -1.987137565699526709, 7.749321976959586245, 4.262003798135426180 ) ) ;
#215 = ORIENTED_EDGE ( 'NONE', *, *, #1258, .T. ) ;
#216 = CARTESIAN_POINT ( 'NONE',  ( 1.561251128379126385E-14, -10.00000000000000000, 4.000000000000003553 ) ) ;
#217 = CARTESIAN_POINT ( 'NONE',  ( 2.000051192980893511, -9.797948521410084766, 133.5699682428684696 ) ) ;
#218 = FACE_OUTER_BOUND ( 'NONE', #945, .T. ) ;
#219 = CARTESIAN_POINT ( 'NONE',  ( 1.589934537613428400, 9.873069416396525355, 132.4797271820721392 ) ) ;
#220 = CARTESIAN_POINT ( 'NONE',  ( -8.000000000000000000, 1.978254891015319261E-21, 2.000000000000005329 ) ) ;
#221 = CARTESIAN_POINT ( 'NONE',  ( -1.505880749851661538, -7.857550826090252905, 2.677379612227409389 ) ) ;
#222 = ORIENTED_EDGE ( 'NONE', *, *, #1457, .T. ) ;
#223 = VERTEX_POINT ( 'NONE', #76 ) ;
#224 = CARTESIAN_POINT ( 'NONE',  ( -7.749316145293224878, 1.987156920306904384, 133.9614480894205428 ) ) ;
#225 = FACE_OUTER_BOUND ( 'NONE', #1486, .T. ) ;
#226 = VECTOR ( 'NONE', #1041, 1000.000000000000000 ) ;
#227 = DIRECTION ( 'NONE',  ( 1.000000000000000000, -0.000000000000000000, -0.000000000000000000 ) ) ;
#228 = CARTESIAN_POINT ( 'NONE',  ( -1.736211468189281959, -9.848400811255329401, 5.001349053502596398 ) ) ;
#229 = CYLINDRICAL_SURFACE ( 'NONE', #183, 2.000000000000001776 ) ;
#230 = LINE ( 'NONE', #703, #478 ) ;
#231 = CARTESIAN_POINT ( 'NONE',  ( 7.745952552711890426, -2.000054762839163391, 4.130194948375923047 ) ) ;
#232 = VERTEX_POINT ( 'NONE', #336 ) ;
#233 = CARTESIAN_POINT ( 'NONE',  ( -10.00000000000000000, 0.000000000000000000, 137.6999999999999886 ) ) ;
#234 = DIRECTION ( 'NONE',  ( -0.000000000000000000, 1.000000000000000000, -0.000000000000000000 ) ) ;
#235 = LINE ( 'NONE', #1446, #1529 ) ;
#236 = CARTESIAN_POINT ( 'NONE',  ( 1.321192019095457360, 9.912776118701872363, 132.1928692146499600 ) ) ;
#237 = PRODUCT_DEFINITION_FORMATION_WITH_SPECIFIED_SOURCE ( 'å¯', '', #22, .NOT_KNOWN. ) ;
#238 = LINE ( 'NONE', #1204, #15 ) ;
#239 = CARTESIAN_POINT ( 'NONE',  ( -10.00000000000000000, 0.000000000000000000, 4.000000000000003553 ) ) ;
#240 = APPLICATION_CONTEXT ( 'automotive_design' ) ;
#241 = CARTESIAN_POINT ( 'NONE',  ( -1.947629075770309859, -9.809040620602633709, 133.1748370564458241 ) ) ;
#242 = DIRECTION ( 'NONE',  ( 1.000000000000000000, 0.000000000000000000, -0.000000000000000000 ) ) ;
#243 = LINE ( 'NONE', #1174, #941 ) ;
#244 = CARTESIAN_POINT ( 'NONE',  ( 0.5213340154858346898, 9.987236471148134953, 135.6353379679783302 ) ) ;
#245 = EDGE_CURVE ( 'NONE', #347, #625, #235, .T. ) ;
#246 = CARTESIAN_POINT ( 'NONE',  ( -7.762229284803761509, 1.936101721439438705, 4.518322152357511889 ) ) ;
#247 = CARTESIAN_POINT ( 'NONE',  ( 7.907055480996293184, -1.220816267737067085, 5.589507919418188919 ) ) ;
#248 = DIRECTION ( 'NONE',  ( 0.000000000000000000, 0.000000000000000000, -1.000000000000000000 ) ) ;
#249 = CARTESIAN_POINT ( 'NONE',  ( -8.000000000000000000, 1.978254891015319261E-21, 2.000000000000005329 ) ) ;
#250 = CARTESIAN_POINT ( 'NONE',  ( -7.749379642276209346, -1.986911167095541053, 133.4366611347300022 ) ) ;
#251 = EDGE_CURVE ( 'NONE', #232, #1042, #849, .T. ) ;
#252 = LINE ( 'NONE', #971, #1039 ) ;
#253 = DIRECTION ( 'NONE',  ( -0.000000000000000000, -0.000000000000000000, -1.000000000000000000 ) ) ;
#254 = EDGE_LOOP ( 'NONE', ( #927, #1171, #1260, #1214 ) ) ;
#255 = CARTESIAN_POINT ( 'NONE',  ( 0.000000000000000000, 0.000000000000000000, 0.000000000000000000 ) ) ;
#256 = CARTESIAN_POINT ( 'NONE',  ( 1.947060521689194745, -9.809142331147818084, 4.526099580615614570 ) ) ;
#257 = CIRCLE ( 'NONE', #529, 8.000000000000000000 ) ;
#258 = CARTESIAN_POINT ( 'NONE',  ( -7.762359716585940816, -1.935580650961808535, 133.1797203756507884 ) ) ;
#259 = CARTESIAN_POINT ( 'NONE',  ( 0.5194644687357703461, -7.984148445086403534, 135.6357791468342384 ) ) ;
#260 = CARTESIAN_POINT ( 'NONE',  ( 1.081036344794437617E-14, 8.000000000000000000, 135.6999999999999886 ) ) ;
#261 = CARTESIAN_POINT ( 'NONE',  ( 9.818393111318728828, -1.897833874312716995, 4.644564250220704515 ) ) ;
#262 = ORIENTED_EDGE ( 'NONE', *, *, #24, .F. ) ;
#263 = CARTESIAN_POINT ( 'NONE',  ( -0.2634705507658274271, 9.997356224096414223, 131.7131013667747084 ) ) ;
#264 = DIRECTION ( 'NONE',  ( -0.000000000000000000, -0.000000000000000000, -1.000000000000000000 ) ) ;
#265 = CARTESIAN_POINT ( 'NONE',  ( 0.8862865570898491585, 9.961379120966107337, 2.202368489256469886 ) ) ;
#266 = CARTESIAN_POINT ( 'NONE',  ( -9.873157898859588499, 1.598525605875103617, 2.770191068007691548 ) ) ;
#267 = CARTESIAN_POINT ( 'NONE',  ( 8.000000000000000000, -0.1308391772900999728, 135.7000000000000171 ) ) ;
#268 = DIRECTION ( 'NONE',  ( 0.000000000000000000, 0.000000000000000000, 1.000000000000000000 ) ) ;
#269 = DIRECTION ( 'NONE',  ( 0.000000000000000000, 0.000000000000000000, -1.000000000000000000 ) ) ;
#270 = CARTESIAN_POINT ( 'NONE',  ( 9.846745992608781251, -1.747014644633035019, 5.008407546601722160 ) ) ;
#271 = ORIENTED_EDGE ( 'NONE', *, *, #1431, .F. ) ;
#272 = CARTESIAN_POINT ( 'NONE',  ( 1.561251128379126385E-14, -10.00000000000000000, 4.000000000000003553 ) ) ;
#273 = ADVANCED_FACE ( 'NONE', ( #342 ), #822, .F. ) ;
#274 = CARTESIAN_POINT ( 'NONE',  ( -10.00000000000000000, 0.000000000000000000, 133.6999999999999886 ) ) ;
#275 = ADVANCED_FACE ( 'NONE', ( #1332 ), #1191, .F. ) ;
#276 = CYLINDRICAL_SURFACE ( 'NONE', #409, 1.999999999999998224 ) ;
#277 = DIRECTION ( 'NONE',  ( -0.000000000000000000, -0.000000000000000000, -1.000000000000000000 ) ) ;
#278 = CARTESIAN_POINT ( 'NONE',  ( 7.795950887092529591, 1.796065925593118395, 4.889662946833364110 ) ) ;
#279 = CARTESIAN_POINT ( 'NONE',  ( 2.000054762839182043, -7.745952552711887762, 133.5698050516241153 ) ) ;
#280 = CARTESIAN_POINT ( 'NONE',  ( -1.220816267737058425, 7.907055480996293184, 132.1104920805818210 ) ) ;
#281 = ORIENTED_EDGE ( 'NONE', *, *, #960, .T. ) ;
#282 = CARTESIAN_POINT ( 'NONE',  ( -0.1324701897823045704, -10.00000000000000355, 135.6999999999999886 ) ) ;
#283 = EDGE_CURVE ( 'NONE', #844, #1377, #243, .T. ) ;
#284 = CARTESIAN_POINT ( 'NONE',  ( -9.925837396952461589, 1.220491419117943011, 5.589761454953495523 ) ) ;
#285 = DIRECTION ( 'NONE',  ( -0.000000000000000000, 1.000000000000000000, -0.000000000000000000 ) ) ;
#286 = CARTESIAN_POINT ( 'NONE',  ( -7.890702084274369810, -1.321243383061846632, 2.492856449483461745 ) ) ;
#287 = CARTESIAN_POINT ( 'NONE',  ( -1.897309154264652742, -7.771927952868189493, 4.645964141382409096 ) ) ;
#288 = EDGE_LOOP ( 'NONE', ( #262, #40, #215, #598 ) ) ;
#289 = CARTESIAN_POINT ( 'NONE',  ( -0.5194644687357339308, 7.984148445086405310, 5.935779146834286202 ) ) ;
#290 = CARTESIAN_POINT ( 'NONE',  ( -1.897672711835093118, -9.818423160345599143, 134.3449320519631556 ) ) ;
#291 = CARTESIAN_POINT ( 'NONE',  ( -8.000000000000000000, 1.978396885978259043E-21, 131.6999999999999886 ) ) ;
#292 = CARTESIAN_POINT ( 'NONE',  ( -1.987156920306894836, -7.749316145293224878, 133.9614480894205144 ) ) ;
#293 = CARTESIAN_POINT ( 'NONE',  ( 9.951893929841499897, 1.008956999869113691, 2.253612999626484648 ) ) ;
#294 = AXIS2_PLACEMENT_3D ( 'NONE', #992, #264, #602 ) ;
#295 = CARTESIAN_POINT ( 'NONE',  ( -9.951893929841501674, -1.008956999869113469, 131.9536129996265004 ) ) ;
#296 = CARTESIAN_POINT ( 'NONE',  ( 1.585743866528274137E-14, -8.000000000000000000, 131.6999999999999886 ) ) ;
#297 = CARTESIAN_POINT ( 'NONE',  ( 9.987270566862250121, -0.5205524247250626901, 5.935512356702022707 ) ) ;
#298 = ORIENTED_EDGE ( 'NONE', *, *, #1318, .F. ) ;
#299 = CARTESIAN_POINT ( 'NONE',  ( -0.2632191828420197832, -9.997369511432397715, 135.6869670021882257 ) ) ;
#300 = FACE_BOUND ( 'NONE', #768, .T. ) ;
#301 = CARTESIAN_POINT ( 'NONE',  ( 1.004052146364188047, 7.937498848481379987, 131.9653723546209676 ) ) ;
#302 = CARTESIAN_POINT ( 'NONE',  ( 9.872915131417238754, 1.590904022635909021, 2.780920601444090590 ) ) ;
#303 = CARTESIAN_POINT ( 'NONE',  ( -9.872915131417240531, -1.590904022635901915, 132.4809206014440690 ) ) ;
#304 = CARTESIAN_POINT ( 'NONE',  ( 9.800647177330475301, -1.986956812555768614, 133.9629493322549934 ) ) ;
#305 = ORIENTED_EDGE ( 'NONE', *, *, #153, .T. ) ;
#306 = CARTESIAN_POINT ( 'NONE',  ( -9.810894832904590857, 1.935723391180577790, 134.2197255806014482 ) ) ;
#307 = VECTOR ( 'NONE', #823, 1000.000000000000000 ) ;
#308 = CYLINDRICAL_SURFACE ( 'NONE', #1195, 2.000000000000001776 ) ;
#309 = CARTESIAN_POINT ( 'NONE',  ( 0.8870225997300386078, -9.961319745156345107, 131.9026914498474810 ) ) ;
#310 = B_SPLINE_CURVE_WITH_KNOTS ( 'NONE', 3,
 ( #1133, #1006, #744, #289, #413, #330, #1058, #810, #658, #1153, #803, #674, #435, #214, #1300, #1545, #555, #1528, #563, #64, #1170, #1556, #1051, #1308, #794, #1410, #79, #190, #206, #682 ),
 .UNSPECIFIED., .F., .F.,
 ( 4, 2, 2, 2, 2, 2, 2, 2, 2, 2, 2, 2, 2, 2, 4 ),
 ( 7.089497647386235170E-20, 0.0003923685324657895943, 0.0007847370649315791886, 0.001177105597397368674, 0.001569474129863158160, 0.002354211194794735614, 0.002746579727260524233, 0.003138948259726312851, 0.003531316792192100169, 0.003923685324657887920, 0.004708422389589462555, 0.005100790922055251607, 0.005493159454521040659, 0.005885527986986827977, 0.006277896519452616161 ),
 .UNSPECIFIED. ) ;
#311 = CARTESIAN_POINT ( 'NONE',  ( -9.797945515304459008, -2.000065919835232631, 133.5689567096894734 ) ) ;
#312 = CARTESIAN_POINT ( 'NONE',  ( 1.231595279792718989, 7.906826417411144448, 5.597040558221932471 ) ) ;
#313 = VERTEX_POINT ( 'NONE', #603 ) ;
#314 = DIRECTION ( 'NONE',  ( 1.000000000000000000, 0.000000000000000000, 0.000000000000000000 ) ) ;
#315 = DIRECTION ( 'NONE',  ( 0.000000000000000000, 0.000000000000000000, 1.000000000000000000 ) ) ;
#316 = CARTESIAN_POINT ( 'NONE',  ( -7.907018805897437552, 1.221090613118448909, 132.1106631901054413 ) ) ;
#317 = CARTESIAN_POINT ( 'NONE',  ( 7.840771670322573605, 1.589892615992653191, 134.9202986204896035 ) ) ;
#318 = CARTESIAN_POINT ( 'NONE',  ( -1.004151384216428022, 9.950051624612653356, 2.265462371301050659 ) ) ;
#319 = CARTESIAN_POINT ( 'NONE',  ( 9.925813859346382273, 1.220743154935905350, 135.2896326374278999 ) ) ;
#320 = CARTESIAN_POINT ( 'NONE',  ( 9.873157898859586723, -1.598525605875101396, 132.4701910680076082 ) ) ;
#321 = VERTEX_POINT ( 'NONE', #985 ) ;
#322 = DIRECTION ( 'NONE',  ( 0.000000000000000000, 0.000000000000000000, 1.000000000000000000 ) ) ;
#323 = ORIENTED_EDGE ( 'NONE', *, *, #1240, .F. ) ;
#324 = CARTESIAN_POINT ( 'NONE',  ( -1.897309154264648967, -7.771927952868189493, 134.3459641413823817 ) ) ;
#325 = CARTESIAN_POINT ( 'NONE',  ( 0.6460435163824129745, -9.979847886653638867, 135.5973148807919983 ) ) ;
#326 = EDGE_CURVE ( 'NONE', #347, #404, #846, .T. ) ;
#327 = CARTESIAN_POINT ( 'NONE',  ( -9.797986036570321744, -1.999867406959063398, 133.9650933138914866 ) ) ;
#328 = CARTESIAN_POINT ( 'NONE',  ( 2.000041086925805622, 7.745956083816758486, 4.131293225960127380 ) ) ;
#329 = VERTEX_POINT ( 'NONE', #249 ) ;
#330 = CARTESIAN_POINT ( 'NONE',  ( -0.8887833853036473108, 7.951404893047544498, 5.796450418848877462 ) ) ;
#331 = CARTESIAN_POINT ( 'NONE',  ( -1.598525605875095623, 9.873157898859584947, 5.229808931992309340 ) ) ;
#332 = ORIENTED_EDGE ( 'NONE', *, *, #798, .F. ) ;
#333 = CARTESIAN_POINT ( 'NONE',  ( -7.996702438180761874, 0.2634334547031014218, 135.6869258617207095 ) ) ;
#334 = LINE ( 'NONE', #463, #973 ) ;
#335 = CARTESIAN_POINT ( 'NONE',  ( 0.2634705507658543500, -9.997356224096414223, 131.7131013667746799 ) ) ;
#336 = CARTESIAN_POINT ( 'NONE',  ( 1.569183081927674932E-14, -8.000000000000000000, 6.000000000000003553 ) ) ;
#337 = CARTESIAN_POINT ( 'NONE',  ( 1.003061478999843992, 9.950168957865100694, 131.9647727982636525 ) ) ;
#338 = CARTESIAN_POINT ( 'NONE',  ( -7.807577765666406044, -1.747074451681723151, 5.007732335773485310 ) ) ;
#339 = CARTESIAN_POINT ( 'NONE',  ( -9.999999999999998224, 0.1325044218160365828, 131.7000000000000171 ) ) ;
#340 = CARTESIAN_POINT ( 'NONE',  ( 1.221090613118474222, 7.907018805897439329, 132.1106631901054982 ) ) ;
#341 = CARTESIAN_POINT ( 'NONE',  ( -1.747014644633018365, 9.846745992608781251, 2.991592453398281393 ) ) ;
#342 = FACE_OUTER_BOUND ( 'NONE', #1178, .T. ) ;
#343 = CARTESIAN_POINT ( 'NONE',  ( 10.00000000000000000, 1.224646799147353256E-15, 137.6999999999999886 ) ) ;
#344 = DIRECTION ( 'NONE',  ( -0.000000000000000000, -0.000000000000000000, -1.000000000000000000 ) ) ;
#345 = FACE_OUTER_BOUND ( 'NONE', #128, .T. ) ;
#346 = EDGE_CURVE ( 'NONE', #321, #712, #1302, .T. ) ;
#347 = VERTEX_POINT ( 'NONE', #1372 ) ;
#348 = CARTESIAN_POINT ( 'NONE',  ( 1.947826084468599950, 7.759947533121954955, 133.1752282240408647 ) ) ;
#349 = CARTESIAN_POINT ( 'NONE',  ( 1.896908818331632052, -7.772024952455925728, 4.647058988815063074 ) ) ;
#350 = CARTESIAN_POINT ( 'NONE',  ( 1.585744064362073415E-14, -10.00000000000000000, 131.6999999999999886 ) ) ;
#351 = ORIENTED_EDGE ( 'NONE', *, *, #659, .F. ) ;
#352 = FACE_BOUND ( 'NONE', #1292, .T. ) ;
#353 = PRODUCT_RELATED_PRODUCT_CATEGORY ( 'part', '', ( #22 ) ) ;
#354 = CARTESIAN_POINT ( 'NONE',  ( 1.747157896603935834, 7.807561963254341819, 134.7077926768776877 ) ) ;
#355 = AXIS2_PLACEMENT_3D ( 'NONE', #1003, #1366, #268 ) ;
#356 = CARTESIAN_POINT ( 'NONE',  ( 1.004592630658792896, -7.937424795583956971, 2.265721639444616020 ) ) ;
#357 = CARTESIAN_POINT ( 'NONE',  ( 1.505640947705473520, 9.886441425883248257, 132.3771104006517589 ) ) ;
#358 = CARTESIAN_POINT ( 'NONE',  ( -7.807561963254342707, 1.747157896603926952, 5.007792676877640403 ) ) ;
#359 = CARTESIAN_POINT ( 'NONE',  ( 7.996702235998585095, -0.2631027864349269607, 2.013077464175430098 ) ) ;
#360 = CARTESIAN_POINT ( 'NONE',  ( -0.5251341732625740555, -9.989121358340904422, 131.7526516133838470 ) ) ;
#361 = CARTESIAN_POINT ( 'NONE',  ( 1.003468033889183708, -7.937572609243810362, 5.734962702708569893 ) ) ;
#362 = CARTESIAN_POINT ( 'NONE',  ( 1.734745401817618049, 9.848657265117568116, 132.6961992354345057 ) ) ;
#363 = LINE ( 'NONE', #978, #708 ) ;
#364 = ORIENTED_EDGE ( 'NONE', *, *, #283, .F. ) ;
#365 = CARTESIAN_POINT ( 'NONE',  ( 7.974737096839144890, -0.6467951108888966294, 2.102942779485992286 ) ) ;
#366 = CIRCLE ( 'NONE', #687, 10.00000000000000000 ) ;
#367 = CARTESIAN_POINT ( 'NONE',  ( 0.2634705507658536838, -9.997356224096414223, 2.013101366774717071 ) ) ;
#368 = CARTESIAN_POINT ( 'NONE',  ( -7.749321976959585356, -1.987137565699539143, 133.9620037981354130 ) ) ;
#369 = PRODUCT_DEFINITION_SHAPE ( 'NONE', 'NONE',  #1401 ) ;
#370 = CARTESIAN_POINT ( 'NONE',  ( 8.000000000000000000, 1.476257372609672305E-16, 2.000000000000005329 ) ) ;
#371 = CARTESIAN_POINT ( 'NONE',  ( -8.000000000000003553, -0.1308391772901012495, 2.000000000000005773 ) ) ;
#372 = CARTESIAN_POINT ( 'NONE',  ( -10.00000000000000000, 0.000000000000000000, 131.6999999999999886 ) ) ;
#373 = CARTESIAN_POINT ( 'NONE',  ( 9.800647177330477078, -1.986956812555772389, 4.262949332255034030 ) ) ;
#374 = ORIENTED_EDGE ( 'NONE', *, *, #960, .F. ) ;
#375 = CARTESIAN_POINT ( 'NONE',  ( 0.8881125768341080473, -9.961224428586769264, 5.796783802465834690 ) ) ;
#376 = CARTESIAN_POINT ( 'NONE',  ( 1.003061478999832445, 9.950168957865106023, 2.264772798263712250 ) ) ;
#377 = CARTESIAN_POINT ( 'NONE',  ( -7.772024952455933722, -1.896908818331615176, 134.3470589888150926 ) ) ;
#378 = CARTESIAN_POINT ( 'NONE',  ( 1.746473976144971685, -7.807724015636987147, 132.6905759971897112 ) ) ;
#379 = CARTESIAN_POINT ( 'NONE',  ( -1.747074451681713825, 7.807577765666406044, 134.7077323357734997 ) ) ;
#380 = ORIENTED_EDGE ( 'NONE', *, *, #10, .F. ) ;
#381 = DIRECTION ( 'NONE',  ( -0.000000000000000000, 1.000000000000000000, -0.000000000000000000 ) ) ;
#382 = CARTESIAN_POINT ( 'NONE',  ( 1.004151384216462661, -9.950051624612648027, 2.265462371301051991 ) ) ;
#383 = CARTESIAN_POINT ( 'NONE',  ( 1.796303269674145220, 9.837475732712764653, 3.110866519089964033 ) ) ;
#384 = CARTESIAN_POINT ( 'NONE',  ( -7.999999999999998224, -0.1308391772901002781, 131.6999999999999886 ) ) ;
#385 = CARTESIAN_POINT ( 'NONE',  ( -8.000000000000000000, 1.978254891015319261E-21, 2.000000000000005329 ) ) ;
#386 = CARTESIAN_POINT ( 'NONE',  ( -0.1326759759031666819, -7.999999999999998224, 6.000000000000001776 ) ) ;
#387 = ADVANCED_FACE ( 'NONE', ( #1497 ), #276, .F. ) ;
#388 = VERTEX_POINT ( 'NONE', #976 ) ;
#389 = EDGE_CURVE ( 'NONE', #1451, #1320, #526, .T. ) ;
#390 = CYLINDRICAL_SURFACE ( 'NONE', #843, 2.000000000000000000 ) ;
#391 = LINE ( 'NONE', #975, #490 ) ;
#392 = CARTESIAN_POINT ( 'NONE',  ( -8.000000000000000000, -0.1327117393334319162, 135.7000000000000171 ) ) ;
#393 = DIRECTION ( 'NONE',  ( -0.000000000000000000, -0.000000000000000000, -1.000000000000000000 ) ) ;
#394 = CARTESIAN_POINT ( 'NONE',  ( 1.935580650961829186, -7.762359716585936376, 133.1797203756507884 ) ) ;
#395 = LINE ( 'NONE', #38, #910 ) ;
#396 = ORIENTED_EDGE ( 'NONE', *, *, #130, .T. ) ;
#397 = CARTESIAN_POINT ( 'NONE',  ( -1.947060521689174983, 9.809142331147825189, 134.2260995806156245 ) ) ;
#398 = CARTESIAN_POINT ( 'NONE',  ( 0.5251341732626101377, 9.989121358340897316, 2.052651613383878804 ) ) ;
#399 = CARTESIAN_POINT ( 'NONE',  ( -9.987354202998860231, 0.5188228709849888043, 2.064058449189677624 ) ) ;
#400 = CARTESIAN_POINT ( 'NONE',  ( 9.837247290098336094, 1.797542998180379437, 3.113468419859926062 ) ) ;
#401 = CARTESIAN_POINT ( 'NONE',  ( 1.220493768314522942, -7.907110849327993130, 135.2897920104003333 ) ) ;
#402 = CARTESIAN_POINT ( 'NONE',  ( -1.009646481229263593, -7.939716290660803644, 5.746025382786841718 ) ) ;
#403 = DIRECTION ( 'NONE',  ( 1.000000000000000000, 0.000000000000000000, 0.000000000000000000 ) ) ;
#404 = VERTEX_POINT ( 'NONE', #57 ) ;
#405 = CARTESIAN_POINT ( 'NONE',  ( -1.747014644633020808, 9.846745992608788356, 132.6915924533983002 ) ) ;
#406 = ADVANCED_FACE ( 'NONE', ( #541, #159, #300 ), #1036, .F. ) ;
#407 = LINE ( 'NONE', #796, #854 ) ;
#408 = CARTESIAN_POINT ( 'NONE',  ( 1.561251128379126385E-14, -10.00000000000000000, 133.6999999999999886 ) ) ;
#409 = AXIS2_PLACEMENT_3D ( 'NONE', #1101, #19, #3 ) ;
#410 = CARTESIAN_POINT ( 'NONE',  ( 10.00000000000000000, 0.1324701897823197805, 131.6999999999999886 ) ) ;
#411 = DIRECTION ( 'NONE',  ( -0.000000000000000000, 1.000000000000000000, -0.000000000000000000 ) ) ;
#412 = ORIENTED_EDGE ( 'NONE', *, *, #690, .T. ) ;
#413 = CARTESIAN_POINT ( 'NONE',  ( -0.6467951108888809753, 7.974737096839144890, 5.897057220514014375 ) ) ;
#414 = CARTESIAN_POINT ( 'NONE',  ( -1.322590663363034658, 9.912587285330600295, 135.2058826208063067 ) ) ;
#415 = CARTESIAN_POINT ( 'NONE',  ( -0.1326759759031673480, -8.000000000000001776, 135.7000000000000171 ) ) ;
#416 = FACE_OUTER_BOUND ( 'NONE', #1290, .T. ) ;
#417 = CARTESIAN_POINT ( 'NONE',  ( -9.837247290098337871, -1.797542998180378770, 132.8134684198599018 ) ) ;
#418 = CARTESIAN_POINT ( 'NONE',  ( 1.897309154264684494, 7.771927952868180611, 4.645964141382405543 ) ) ;
#419 = ORIENTED_EDGE ( 'NONE', *, *, #780, .T. ) ;
#420 = CARTESIAN_POINT ( 'NONE',  ( -9.987354202998862007, 0.5188228709849905806, 131.7640584491896334 ) ) ;
#421 = CARTESIAN_POINT ( 'NONE',  ( -1.220036854327020359, 9.925897850706315140, 5.590147479087685944 ) ) ;
#422 = CARTESIAN_POINT ( 'NONE',  ( 7.771927952868187717, 1.897309154264659847, 133.0540358586175955 ) ) ;
#423 = CARTESIAN_POINT ( 'NONE',  ( 7.745987985108950369, 1.999917533746010445, 4.264459638721169732 ) ) ;
#424 = CARTESIAN_POINT ( 'NONE',  ( -10.00000000000000000, -0.2613545472027422045, 6.000000000000004441 ) ) ;
#425 = CARTESIAN_POINT ( 'NONE',  ( 1.734436901630845185, 7.810069625219883349, 2.995701295521068896 ) ) ;
#426 = ORIENTED_EDGE ( 'NONE', *, *, #52, .F. ) ;
#427 = CARTESIAN_POINT ( 'NONE',  ( -9.987270566862251897, 0.5205524247250681302, 135.6355123567019803 ) ) ;
#428 = MECHANICAL_DESIGN_GEOMETRIC_PRESENTATION_REPRESENTATION (  '', ( #983 ), #16 ) ;
#429 = CARTESIAN_POINT ( 'NONE',  ( -7.937498848481383540, 1.004052146364163844, 131.9653723546209676 ) ) ;
#430 = CARTESIAN_POINT ( 'NONE',  ( -0.8870766108512170289, -7.951587023479461003, 131.9027520067779449 ) ) ;
#431 = CARTESIAN_POINT ( 'NONE',  ( -0.2634705507658203771, 9.997356224096416000, 2.013101366774716627 ) ) ;
#432 = CARTESIAN_POINT ( 'NONE',  ( 10.00000000000000000, 1.224647077396957435E-15, 135.6999999999999886 ) ) ;
#433 = CARTESIAN_POINT ( 'NONE',  ( 9.979847886653635314, -0.6460435163823934346, 131.8026851192080073 ) ) ;
#434 = ORIENTED_EDGE ( 'NONE', *, *, #1258, .F. ) ;
#435 = CARTESIAN_POINT ( 'NONE',  ( -1.935588659042451365, 7.762358105021264443, 4.520440427174792219 ) ) ;
#436 = EDGE_CURVE ( 'NONE', #844, #496, #1087, .T. ) ;
#437 = B_SPLINE_CURVE_WITH_KNOTS ( 'NONE', 3,
 ( #432, #1280, #536, #663, #915, #319, #1031, #1023, #1542, #1287, #773, #178, #544, #1407, #441, #1272, #1297, #552, #1391, #1040, #655, #766, #1508, #1416, #1423, #1264, #410, #1523 ),
 .UNSPECIFIED., .F., .F.,
 ( 4, 2, 2, 2, 2, 2, 2, 2, 2, 2, 2, 2, 2, 4 ),
 ( 0.006268743183778751130, 0.007052133643386082618, 0.007443828873189747494, 0.007835524102993412371, 0.008227219332797078982, 0.008618914562600743859, 0.009402305022208151675, 0.009794000252011854715, 0.01018569548181555776, 0.01057739071161926080, 0.01096908594142296384, 0.01175247640103036992, 0.01214417163083405735, 0.01253586686063774477 ),
 .UNSPECIFIED. ) ;
#438 = VERTEX_POINT ( 'NONE', #1017 ) ;
#439 = CARTESIAN_POINT ( 'NONE',  ( -1.009646481229253601, -7.939716290660803644, 135.4460253827868144 ) ) ;
#440 = CARTESIAN_POINT ( 'NONE',  ( -0.6452468915374452996, 9.979897625057819965, 2.102426927403195034 ) ) ;
#441 = CARTESIAN_POINT ( 'NONE',  ( 9.800601044073145474, 1.987181854457234387, 133.4388893514428673 ) ) ;
#442 = CARTESIAN_POINT ( 'NONE',  ( 10.00000000000000000, 1.224646799147353256E-15, 0.000000000000000000 ) ) ;
#443 = AXIS2_PLACEMENT_3D ( 'NONE', #745, #381, #1134 ) ;
#444 = CARTESIAN_POINT ( 'NONE',  ( 9.979897625057819965, -0.6452468915374607317, 5.897573072596809851 ) ) ;
#445 = ORIENTED_EDGE ( 'NONE', *, *, #1007, .T. ) ;
#446 = FACE_OUTER_BOUND ( 'NONE', #288, .T. ) ;
#447 = CARTESIAN_POINT ( 'NONE',  ( -1.747402090674532671, 9.846669684789011612, 5.007179913099285784 ) ) ;
#448 = ORIENTED_EDGE ( 'NONE', *, *, #156, .F. ) ;
#449 = DIRECTION ( 'NONE',  ( 0.000000000000000000, 0.000000000000000000, 1.000000000000000000 ) ) ;
#450 = CARTESIAN_POINT ( 'NONE',  ( 1.747402090674562647, -9.846669684789006283, 134.7071799130992815 ) ) ;
#451 = CARTESIAN_POINT ( 'NONE',  ( 1.999944885583468945, -7.745980922894657894, 4.131872034817186901 ) ) ;
#452 = CARTESIAN_POINT ( 'NONE',  ( 9.997369396065030500, -0.2627285790288530487, 131.7130373548120303 ) ) ;
#453 = ORIENTED_EDGE ( 'NONE', *, *, #709, .T. ) ;
#454 = CARTESIAN_POINT ( 'NONE',  ( 1.585744036539316581E-14, -10.00000000000000000, 131.6999999999999886 ) ) ;
#455 = CARTESIAN_POINT ( 'NONE',  ( 0.1326759759031983232, 8.000000000000000000, 135.7000000000000171 ) ) ;
#456 = CARTESIAN_POINT ( 'NONE',  ( 9.961224428586772817, -0.8881125768340922821, 2.203216197534172416 ) ) ;
#457 = EDGE_CURVE ( 'NONE', #1236, #666, #310, .T. ) ;
#458 = CARTESIAN_POINT ( 'NONE',  ( 0.5212365823254979658, -7.984043073065477003, 2.064652971618873067 ) ) ;
#459 = CARTESIAN_POINT ( 'NONE',  ( 1.585744092184933747E-14, 10.00000000000000000, 131.6999999999999886 ) ) ;
#460 = CARTESIAN_POINT ( 'NONE',  ( -7.984148445086405310, -0.5194644687357489188, 5.935779146834284425 ) ) ;
#461 = CARTESIAN_POINT ( 'NONE',  ( 7.907110849327994906, -1.220493768314498295, 2.410207989599688183 ) ) ;
#462 = VERTEX_POINT ( 'NONE', #454 ) ;
#463 = CARTESIAN_POINT ( 'NONE',  ( 1.561251128379126385E-14, -10.00000000000000000, 135.6999999999999886 ) ) ;
#464 = CARTESIAN_POINT ( 'NONE',  ( -10.00000000000000000, -9.650605814723274703E-17, 2.000000000000005329 ) ) ;
#465 = EDGE_CURVE ( 'NONE', #1310, #1402, #1386, .T. ) ;
#466 = CARTESIAN_POINT ( 'NONE',  ( -1.987181854457221286, -9.800601044073149026, 4.261110648557108860 ) ) ;
#467 = CARTESIAN_POINT ( 'NONE',  ( -7.745980922894664111, -1.999944885583451182, 4.131872034817186901 ) ) ;
#468 = CARTESIAN_POINT ( 'NONE',  ( -1.589892615992640756, -7.840771670322578935, 2.779701379510393089 ) ) ;
#469 = VERTEX_POINT ( 'NONE', #667 ) ;
#470 = CARTESIAN_POINT ( 'NONE',  ( 0.000000000000000000, 0.000000000000000000, 0.000000000000000000 ) ) ;
#471 = CARTESIAN_POINT ( 'NONE',  ( 1.321243383061864396, -7.890702084274368033, 2.492856449483460857 ) ) ;
#472 = CARTESIAN_POINT ( 'NONE',  ( -0.1324701897823039320, -9.999999999999998224, 6.000000000000004441 ) ) ;
#473 = CARTESIAN_POINT ( 'NONE',  ( -7.795950887092529591, 1.796065925593118173, 3.110337053166642107 ) ) ;
#474 = CARTESIAN_POINT ( 'NONE',  ( 7.999999999999998224, -0.1308391772900998618, 6.000000000000000888 ) ) ;
#475 = ORIENTED_EDGE ( 'NONE', *, *, #1318, .T. ) ;
#476 = B_SPLINE_CURVE_WITH_KNOTS ( 'NONE', 3,
 ( #1138, #1348, #494, #1355, #135, #612, #1375, #1111, #13, #500, #987, #61, #327, #311, #896, #1165, #783, #417, #186, #303, #888, #907, #295, #799, #1157, #1399, #68, #1047 ),
 .UNSPECIFIED., .F., .F.,
 ( 4, 2, 2, 2, 2, 2, 2, 2, 2, 2, 2, 2, 2, 4 ),
 ( 0.006268743183778749395, 0.007052133643386080883, 0.007443828873189745760, 0.007835524102993412371, 0.008227219332797077248, 0.008618914562600742124, 0.009402305022208149940, 0.009794000252011852981, 0.01018569548181555776, 0.01057739071161925906, 0.01096908594142296210, 0.01175247640103036992, 0.01214417163083405735, 0.01253586686063774477 ),
 .UNSPECIFIED. ) ;
#477 = CARTESIAN_POINT ( 'NONE',  ( 1.734436901630832306, 7.810069625219886902, 132.6957012955210473 ) ) ;
#478 = VECTOR ( 'NONE', #1098, 1000.000000000000000 ) ;
#479 = CARTESIAN_POINT ( 'NONE',  ( 0.8874121199898715728, -7.951553933163022947, 2.202895204824367070 ) ) ;
#480 = CARTESIAN_POINT ( 'NONE',  ( 1.220743154935929553, 9.925813859346382273, 132.1103673625721058 ) ) ;
#481 = CARTESIAN_POINT ( 'NONE',  ( 7.974582062926343973, 0.6485839344018720087, 2.103599055148301034 ) ) ;
#482 = CARTESIAN_POINT ( 'NONE',  ( -7.840935383214969079, -1.598295816642682832, 5.230019695039600514 ) ) ;
#483 = CARTESIAN_POINT ( 'NONE',  ( -1.796065925593104406, -7.795950887092532255, 3.110337053166642551 ) ) ;
#484 = ADVANCED_FACE ( 'NONE', ( #446 ), #1519, .F. ) ;
#485 = DIRECTION ( 'NONE',  ( -0.000000000000000000, -0.000000000000000000, -1.000000000000000000 ) ) ;
#486 = CARTESIAN_POINT ( 'NONE',  ( -0.6481971308179530489, -9.979698754681910700, 5.896524696718709713 ) ) ;
#487 = CARTESIAN_POINT ( 'NONE',  ( -7.771853593872751986, -1.897623020737719379, 3.354783824701753403 ) ) ;
#488 = CARTESIAN_POINT ( 'NONE',  ( 7.937424795583961412, -1.004592630658776686, 5.734278360555389753 ) ) ;
#489 = ORIENTED_EDGE ( 'NONE', *, *, #760, .F. ) ;
#490 = VECTOR ( 'NONE', #870, 1000.000000000000000 ) ;
#491 = FACE_BOUND ( 'NONE', #1152, .T. ) ;
#492 = CARTESIAN_POINT ( 'NONE',  ( 1.585744036539789898E-14, -10.00000000000000000, 2.000000000000003553 ) ) ;
#493 = CARTESIAN_POINT ( 'NONE',  ( -7.840935383214965526, -1.598295816642669731, 134.9300196950395900 ) ) ;
#494 = CARTESIAN_POINT ( 'NONE',  ( -9.989121358340897316, -0.5251341732625912639, 135.6473483866160734 ) ) ;
#495 = CARTESIAN_POINT ( 'NONE',  ( -2.000054762839150957, 7.745952552711893979, 133.5698050516240585 ) ) ;
#496 = VERTEX_POINT ( 'NONE', #928 ) ;
#497 = CARTESIAN_POINT ( 'NONE',  ( -0.5205524247250532532, 9.987270566862251897, 131.7644876432979970 ) ) ;
#498 = CARTESIAN_POINT ( 'NONE',  ( 1.598525605875120492, -9.873157898859583170, 5.229808931992318222 ) ) ;
#499 = CARTESIAN_POINT ( 'NONE',  ( -9.810894832904590857, 1.935723391180583342, 4.519725580601443582 ) ) ;
#500 = CARTESIAN_POINT ( 'NONE',  ( -9.848657265117575221, -1.734745401817596511, 134.7038007645655000 ) ) ;
#501 = DIRECTION ( 'NONE',  ( 1.000000000000000000, -0.000000000000000000, -0.000000000000000000 ) ) ;
#502 = PRODUCT_CONTEXT ( 'NONE', #240, 'mechanical' ) ;
#503 = ORIENTED_EDGE ( 'NONE', *, *, #1284, .T. ) ;
#504 = FACE_OUTER_BOUND ( 'NONE', #1253, .T. ) ;
#505 = CARTESIAN_POINT ( 'NONE',  ( 0.1307110423220584905, -9.999999999999998224, 2.000000000000003553 ) ) ;
#506 = CARTESIAN_POINT ( 'NONE',  ( 1.999867406959085603, 9.797986036570316415, 3.734906686108552254 ) ) ;
#507 = CARTESIAN_POINT ( 'NONE',  ( -7.951404893047539169, -0.8887833853036690712, 135.4964504188488945 ) ) ;
#508 = CARTESIAN_POINT ( 'NONE',  ( 1.561251128379126385E-14, -10.00000000000000000, 135.6999999999999886 ) ) ;
#509 = CARTESIAN_POINT ( 'NONE',  ( 1.322815993893847075, -7.890428514764650458, 135.2056667420844747 ) ) ;
#510 = CARTESIAN_POINT ( 'NONE',  ( -1.746473976144940377, 7.807724015636990700, 132.6905759971897112 ) ) ;
#511 = ORIENTED_EDGE ( 'NONE', *, *, #641, .F. ) ;
#512 = CARTESIAN_POINT ( 'NONE',  ( -1.294432886084361382E-16, 10.00000000000000000, 6.000000000000003553 ) ) ;
#513 = DIRECTION ( 'NONE',  ( 1.000000000000000000, 0.000000000000000000, 0.000000000000000000 ) ) ;
#514 = CARTESIAN_POINT ( 'NONE',  ( 9.925813859346389378, 1.220743154935899355, 5.589632637427912165 ) ) ;
#515 = CARTESIAN_POINT ( 'NONE',  ( 0.6467951108889079537, -7.974737096839146666, 135.5970572205140456 ) ) ;
#516 = CARTESIAN_POINT ( 'NONE',  ( -0.2636217697047953945, 7.996695250530492238, 131.7131031084739732 ) ) ;
#517 = CARTESIAN_POINT ( 'NONE',  ( -0.5213340154858191466, -9.987236471148136729, 135.6353379679783018 ) ) ;
#518 = CARTESIAN_POINT ( 'NONE',  ( -7.810069625219885125, 1.734436901630826755, 132.6957012955210757 ) ) ;
#519 = CARTESIAN_POINT ( 'NONE',  ( -7.974737096839144890, -0.6467951108889052891, 135.5970572205140172 ) ) ;
#520 = CARTESIAN_POINT ( 'NONE',  ( 9.797986036570323520, 1.999867406959067839, 4.265093313891461513 ) ) ;
#521 = CARTESIAN_POINT ( 'NONE',  ( -9.797986036570321744, -1.999867406959067395, 4.265093313891460625 ) ) ;
#522 = CARTESIAN_POINT ( 'NONE',  ( -1.599235059273402815, 7.840784467476285435, 132.4707277511535892 ) ) ;
#523 = ORIENTED_EDGE ( 'NONE', *, *, #90, .T. ) ;
#524 = CARTESIAN_POINT ( 'NONE',  ( -0.6481971308179520497, -9.979698754681910700, 135.5965246967187454 ) ) ;
#525 = EDGE_CURVE ( 'NONE', #313, #32, #1296, .T. ) ;
#526 = B_SPLINE_CURVE_WITH_KNOTS ( 'NONE', 3,
 ( #11, #1472, #398, #265, #376, #747, #627, #1363, #1124, #738, #383, #856, #506, #1352, #728, #878, #1489, #1380, #715, #133, #1216, #596, #1096, #1595, #192, #1520, #903, #1154 ),
 .UNSPECIFIED., .F., .F.,
 ( 4, 2, 2, 2, 2, 2, 2, 2, 2, 2, 2, 2, 2, 4 ),
 ( 0.006268743183778730313, 0.007052133643386106904, 0.007443828873189796067, 0.007835524102993483495, 0.008227219332797172657, 0.008618914562600860085, 0.009402305022208236676, 0.009794000252011925839, 0.01018569548181561327, 0.01057739071161930069, 0.01096908594142298812, 0.01175247640103036645, 0.01214417163083405388, 0.01253586686063774130 ),
 .UNSPECIFIED. ) ;
#527 = CARTESIAN_POINT ( 'NONE',  ( 0.2616078369633991207, 8.000000000000003553, 131.7000000000000171 ) ) ;
#528 = FACE_BOUND ( 'NONE', #1555, .T. ) ;
#529 = AXIS2_PLACEMENT_3D ( 'NONE', #1450, #842, #599 ) ;
#530 = CARTESIAN_POINT ( 'NONE',  ( -9.837247290098337871, -1.797542998180378993, 3.113468419859925618 ) ) ;
#531 = CARTESIAN_POINT ( 'NONE',  ( 1.987156920306921704, 7.749316145293222213, 4.261448089420555085 ) ) ;
#532 = ORIENTED_EDGE ( 'NONE', *, *, #631, .T. ) ;
#533 = CARTESIAN_POINT ( 'NONE',  ( -9.961224428586774593, 0.8881125768340984994, 131.9032161975341069 ) ) ;
#534 = CARTESIAN_POINT ( 'NONE',  ( -1.936101721439428047, -7.762229284803759732, 134.2183221523574161 ) ) ;
#535 = CYLINDRICAL_SURFACE ( 'NONE', #633, 10.00000000000000000 ) ;
#536 = CARTESIAN_POINT ( 'NONE',  ( 9.989121358340902646, 0.5251341732625923742, 135.6473483866161018 ) ) ;
#537 = CARTESIAN_POINT ( 'NONE',  ( 9.999999999999998224, -0.1307110423220411155, 135.6999999999999602 ) ) ;
#538 = ORIENTED_EDGE ( 'NONE', *, *, #1342, .F. ) ;
#539 = CARTESIAN_POINT ( 'NONE',  ( -9.961319745156343330, 0.8870225997300265064, 135.4973085501525247 ) ) ;
#540 = B_SPLINE_CURVE_WITH_KNOTS ( 'NONE', 3,
 ( #871, #1233, #628, #399, #1249, #1353, #879, #1241, #739, #266, #1381, #142, #1125, #4, #756, #499, #1136, #986, #619, #160, #284, #151, #1373, #1490, #857, #1498, #1483, #20 ),
 .UNSPECIFIED., .F., .F.,
 ( 4, 2, 2, 2, 2, 2, 2, 2, 2, 2, 2, 2, 2, 4 ),
 ( 9.375022434932147274E-20, 0.0003917964489861707530, 0.0007835928979723413975, 0.001175389346958511825, 0.001567185795944682578, 0.002350778693917023651, 0.003134371591889365156, 0.003526168040875536560, 0.003917964489861707963, 0.004701557387834051638, 0.005093353836820224342, 0.005485150285806397914, 0.005876946734792570619, 0.006268743183778742456 ),
 .UNSPECIFIED. ) ;
#541 = FACE_OUTER_BOUND ( 'NONE', #1325, .T. ) ;
#542 = CARTESIAN_POINT ( 'NONE',  ( 7.840899836980352866, 1.598443203470162333, 132.4702257105088279 ) ) ;
#543 = CARTESIAN_POINT ( 'NONE',  ( 1.322590663363056418, -9.912587285330598519, 135.2058826208063067 ) ) ;
#544 = CARTESIAN_POINT ( 'NONE',  ( 9.797986036570323520, 1.999867406959063842, 133.9650933138914581 ) ) ;
#545 = EDGE_CURVE ( 'NONE', #223, #1409, #972, .T. ) ;
#546 = CARTESIAN_POINT ( 'NONE',  ( 1.505880749851693734, 7.857550826090251128, 2.677379612227408945 ) ) ;
#547 = ORIENTED_EDGE ( 'NONE', *, *, #680, .T. ) ;
#548 = CARTESIAN_POINT ( 'NONE',  ( -9.818393111318727051, 1.897833874312724101, 134.3445642502206852 ) ) ;
#549 = VECTOR ( 'NONE', #587, 1000.000000000000000 ) ;
#550 = CARTESIAN_POINT ( 'NONE',  ( -1.505880749851658207, -7.857550826090256457, 132.3773796122274007 ) ) ;
#551 = CARTESIAN_POINT ( 'NONE',  ( 1.947060521689198076, -9.809142331147819860, 134.2260995806155961 ) ) ;
#552 = CARTESIAN_POINT ( 'NONE',  ( 9.837247290098337871, 1.797542998180378548, 132.8134684198599018 ) ) ;
#553 = CARTESIAN_POINT ( 'NONE',  ( 9.912790001074041513, -1.321140203729219254, 135.2072714243953726 ) ) ;
#554 = ORIENTED_EDGE ( 'NONE', *, *, #690, .F. ) ;
#555 = CARTESIAN_POINT ( 'NONE',  ( -1.986911167095526620, 7.749379642276214675, 3.736661134729964306 ) ) ;
#556 = CARTESIAN_POINT ( 'NONE',  ( -0.8881125768340891735, 9.961224428586771040, 5.796783802465830249 ) ) ;
#557 = CARTESIAN_POINT ( 'NONE',  ( 9.925897850706315140, -1.220036854327025910, 2.409852520912313611 ) ) ;
#558 = CARTESIAN_POINT ( 'NONE',  ( -9.987236471148140282, -0.5213340154858310260, 2.064662032021682858 ) ) ;
#559 = CARTESIAN_POINT ( 'NONE',  ( 9.797948521410091871, -2.000051192980873527, 133.8300317571314793 ) ) ;
#560 = VECTOR ( 'NONE', #485, 1000.000000000000000 ) ;
#561 = B_SPLINE_CURVE_WITH_KNOTS ( 'NONE', 3,
 ( #169, #424, #37, #1534, #791, #924, #195, #678, #201, #671, #1150, #53, #521, #1013, #646, #1144, #44, #530, #1516, #1580, #1080, #832, #1439, #710, #558, #1056, #1071, #464 ),
 .UNSPECIFIED., .F., .F.,
 ( 4, 2, 2, 2, 2, 2, 2, 2, 2, 2, 2, 2, 2, 4 ),
 ( 0.006268743183778742456, 0.007052133643386116445, 0.007443828873189803873, 0.007835524102993492168, 0.008227219332797179596, 0.008618914562600867024, 0.009402305022208238411, 0.009794000252011925839, 0.01018569548181561153, 0.01057739071161929723, 0.01096908594142298465, 0.01175247640103035951, 0.01214417163083404694, 0.01253586686063773263 ),
 .UNSPECIFIED. ) ;
#562 = ORIENTED_EDGE ( 'NONE', *, *, #848, .T. ) ;
#563 = CARTESIAN_POINT ( 'NONE',  ( -1.897623020737705168, 7.771853593872754651, 3.354783824701751627 ) ) ;
#564 = EDGE_CURVE ( 'NONE', #1050, #469, #257, .T. ) ;
#565 = FACE_BOUND ( 'NONE', #607, .T. ) ;
#566 = DIRECTION ( 'NONE',  ( 1.000000000000000000, 0.000000000000000000, 0.000000000000000000 ) ) ;
#567 = CARTESIAN_POINT ( 'NONE',  ( 1.322815993893855735, -7.890428514764650458, 5.505666742084504683 ) ) ;
#568 = LINE ( 'NONE', #343, #1530 ) ;
#569 = CARTESIAN_POINT ( 'NONE',  ( -7.996702235998585095, -0.2631027864349270717, 5.986922535824577452 ) ) ;
#570 = CARTESIAN_POINT ( 'NONE',  ( 7.762358105021264443, -1.935588659042465798, 3.479559572825215774 ) ) ;
#571 = PRESENTATION_LAYER_ASSIGNMENT (  '', '', ( #983 ) ) ;
#572 = EDGE_CURVE ( 'NONE', #347, #657, #172, .T. ) ;
#573 = ORIENTED_EDGE ( 'NONE', *, *, #130, .F. ) ;
#574 = CARTESIAN_POINT ( 'NONE',  ( -7.759947533121957619, 1.947826084468586183, 133.1752282240408647 ) ) ;
#575 = CARTESIAN_POINT ( 'NONE',  ( -1.897833874312701896, 9.818393111318730604, 3.355435749779299481 ) ) ;
#576 = CARTESIAN_POINT ( 'NONE',  ( 1.585743866536478290E-14, -8.000000000000000000, 2.000000000000003553 ) ) ;
#577 = CARTESIAN_POINT ( 'NONE',  ( -1.734745401817584520, -9.848657265117573445, 2.996199235434487740 ) ) ;
#578 = B_SPLINE_CURVE_WITH_KNOTS ( 'NONE', 3,
 ( #43, #1398, #1263, #1143, #872, #1374, #1515, #772, #177, #1030, #278, #1522, #423, #1334, #858, #1083, #1590, #112, #1461, #1474, #1583, #481, #1354, #1203, #1073, #370 ),
 .UNSPECIFIED., .F., .F.,
 ( 4, 2, 2, 2, 2, 2, 2, 2, 2, 2, 2, 2, 4 ),
 ( 0.006277896519452613559, 0.007062422111839055869, 0.007454684908032277457, 0.007846947704225499046, 0.008239210500418720634, 0.008631473296611943957, 0.009415998888998388869, 0.009808261685191610457, 0.01020052448138483378, 0.01098505007377128043, 0.01176957566615772707, 0.01216183846235095040, 0.01255410125854417372 ),
 .UNSPECIFIED. ) ;
#579 = CARTESIAN_POINT ( 'NONE',  ( 0.000000000000000000, 0.000000000000000000, 0.000000000000000000 ) ) ;
#580 = CARTESIAN_POINT ( 'NONE',  ( -7.890669449926734025, 1.321407374490696673, 2.493054721110563143 ) ) ;
#581 = CARTESIAN_POINT ( 'NONE',  ( -1.987156920306891283, -7.749316145293228431, 4.261448089420556862 ) ) ;
#582 = ORIENTED_EDGE ( 'NONE', *, *, #1495, .T. ) ;
#583 = CARTESIAN_POINT ( 'NONE',  ( -7.939716290660800091, 1.009646481229280468, 135.4460253827868144 ) ) ;
#584 = CARTESIAN_POINT ( 'NONE',  ( 2.000041086925808287, 7.745956083816758486, 133.8312932259601098 ) ) ;
#585 = CARTESIAN_POINT ( 'NONE',  ( 2.000054762839180267, -7.745952552711884209, 3.869805051624083614 ) ) ;
#586 = CARTESIAN_POINT ( 'NONE',  ( -1.506973737573776395, -9.886234806991463842, 5.321334239438410663 ) ) ;
#587 = DIRECTION ( 'NONE',  ( -0.000000000000000000, 1.000000000000000000, -0.000000000000000000 ) ) ;
#588 = CARTESIAN_POINT ( 'NONE',  ( 8.000000000000001776, -0.1327117393334317219, 2.000000000000005329 ) ) ;
#589 = CARTESIAN_POINT ( 'NONE',  ( 1.321407374490709552, 7.890669449926734025, 132.1930547211105988 ) ) ;
#590 = CARTESIAN_POINT ( 'NONE',  ( -10.00000000000000000, 0.000000000000000000, 133.6999999999999886 ) ) ;
#591 = CARTESIAN_POINT ( 'NONE',  ( 0.2613545472027594130, 10.00000000000000178, 131.7000000000000739 ) ) ;
#592 = ADVANCED_FACE ( 'NONE', ( #120 ), #1456, .F. ) ;
#593 = CARTESIAN_POINT ( 'NONE',  ( -8.000000000000000000, 8.670553967174491660E-17, 6.000000000000001776 ) ) ;
#594 = CARTESIAN_POINT ( 'NONE',  ( 0.000000000000000000, 0.000000000000000000, 137.6999999999999886 ) ) ;
#595 = CARTESIAN_POINT ( 'NONE',  ( 10.00000000000000000, 1.224646799147353256E-15, 137.6999999999999886 ) ) ;
#596 = CARTESIAN_POINT ( 'NONE',  ( 1.231428799965602616, 9.925624269004019951, 5.597234855246060903 ) ) ;
#597 = CARTESIAN_POINT ( 'NONE',  ( 7.098907255260890222E-15, 10.00000000000000000, 135.6999999999999886 ) ) ;
#598 = ORIENTED_EDGE ( 'NONE', *, *, #389, .F. ) ;
#599 = DIRECTION ( 'NONE',  ( 1.000000000000000000, 0.000000000000000000, 0.000000000000000000 ) ) ;
#600 = B_SPLINE_CURVE_WITH_KNOTS ( 'NONE', 3,
 ( #220, #950, #113, #1074, #104, #696, #580, #1584, #1185, #1219, #473, #1194, #967, #1343, #958, #246, #1455, #358, #1566, #834, #1442, #1574, #119, #717, #87, #1335 ),
 .UNSPECIFIED., .F., .F.,
 ( 4, 2, 2, 2, 2, 2, 2, 2, 2, 2, 2, 2, 4 ),
 ( 0.006277896519452611825, 0.007062422111839054134, 0.007454684908032275723, 0.007846947704225495576, 0.008239210500418717165, 0.008631473296611938753, 0.009415998888998380195, 0.009808261685191603518, 0.01020052448138482684, 0.01098505007377127349, 0.01176957566615772187, 0.01216183846235094693, 0.01255410125854417025 ),
 .UNSPECIFIED. ) ;
#601 = ORIENTED_EDGE ( 'NONE', *, *, #1558, .F. ) ;
#602 = DIRECTION ( 'NONE',  ( -1.000000000000000000, 0.000000000000000000, 0.000000000000000000 ) ) ;
#603 = CARTESIAN_POINT ( 'NONE',  ( -10.00000000000000000, -3.762930740020308884E-15, 131.6999999999999886 ) ) ;
#604 = CARTESIAN_POINT ( 'NONE',  ( -7.937424795583961412, -1.004592630658775798, 131.9657216394445811 ) ) ;
#605 = DIRECTION ( 'NONE',  ( -0.000000000000000000, -0.000000000000000000, -1.000000000000000000 ) ) ;
#606 = CARTESIAN_POINT ( 'NONE',  ( 1.394886225064892449E-14, -10.00000000000000000, 135.6999999999999886 ) ) ;
#607 = EDGE_LOOP ( 'NONE', ( #1132, #743 ) ) ;
#608 = CARTESIAN_POINT ( 'NONE',  ( -1.003061478999789369, -9.950168957865109576, 131.9647727982636809 ) ) ;
#609 = CARTESIAN_POINT ( 'NONE',  ( 1.002867846700228549, -9.950185633978259503, 5.735314096415981666 ) ) ;
#610 = ADVANCED_FACE ( 'NONE', ( #352, #1213, #345 ), #114, .T. ) ;
#611 = CARTESIAN_POINT ( 'NONE',  ( -7.762358105021263555, -1.935588659042463799, 134.2204404271747649 ) ) ;
#612 = CARTESIAN_POINT ( 'NONE',  ( -9.925813859346385826, -1.220743154935904906, 135.2896326374278999 ) ) ;
#613 = CARTESIAN_POINT ( 'NONE',  ( -1.322815993893831310, 7.890428514764657564, 135.2056667420845031 ) ) ;
#614 = ORIENTED_EDGE ( 'NONE', *, *, #1582, .F. ) ;
#615 = CARTESIAN_POINT ( 'NONE',  ( 8.000000000000000000, 9.797174393178825657E-16, 137.6999999999999886 ) ) ;
#616 = CARTESIAN_POINT ( 'NONE',  ( 0.5188228709850047915, -9.987354202998862007, 5.935941550810333034 ) ) ;
#617 = DIRECTION ( 'NONE',  ( 1.000000000000000000, 0.000000000000000000, 0.000000000000000000 ) ) ;
#618 = AXIS2_PLACEMENT_3D ( 'NONE', #948, #1588, #816 ) ;
#619 = CARTESIAN_POINT ( 'NONE',  ( -9.872955300623496910, 1.600006814080198847, 5.228451274463504994 ) ) ;
#620 = CARTESIAN_POINT ( 'NONE',  ( 7.984043073065478779, -0.5212365823254803132, 135.6353470283810907 ) ) ;
#621 = VECTOR ( 'NONE', #62, 1000.000000000000000 ) ;
#622 = CARTESIAN_POINT ( 'NONE',  ( 0.5212365823255019626, -7.984043073065475227, 131.7646529716188581 ) ) ;
#623 = LINE ( 'NONE', #1485, #47 ) ;
#624 = CARTESIAN_POINT ( 'NONE',  ( 9.872955300623498687, -1.600006814080197293, 5.228451274463506770 ) ) ;
#625 = VERTEX_POINT ( 'NONE', #1592 ) ;
#626 = CARTESIAN_POINT ( 'NONE',  ( 10.00000000000000000, 1.224646799147353256E-15, 137.6999999999999886 ) ) ;
#627 = CARTESIAN_POINT ( 'NONE',  ( 1.321192019095450698, 9.912776118701879469, 2.492869214650003773 ) ) ;
#628 = CARTESIAN_POINT ( 'NONE',  ( -9.997369396065026947, 0.2627285790288512723, 2.013037354812007962 ) ) ;
#629 = LINE ( 'NONE', #508, #919 ) ;
#630 = CARTESIAN_POINT ( 'NONE',  ( -7.840784467476280106, -1.599235059273417470, 2.770727751153561069 ) ) ;
#631 = EDGE_CURVE ( 'NONE', #1042, #232, #1593, .T. ) ;
#632 = CARTESIAN_POINT ( 'NONE',  ( -1.598443203470158780, -7.840899836980351090, 5.229774289491158967 ) ) ;
#633 = AXIS2_PLACEMENT_3D ( 'NONE', #1491, #393, #1012 ) ;
#634 = EDGE_LOOP ( 'NONE', ( #573, #374 ) ) ;
#635 = CARTESIAN_POINT ( 'NONE',  ( -1.897833874312704561, 9.818393111318728828, 133.0554357497792353 ) ) ;
#636 = CIRCLE ( 'NONE', #1546, 10.00000000000000000 ) ;
#637 = CARTESIAN_POINT ( 'NONE',  ( -8.000000000000000000, -3.863752910171129163E-15, 135.6999999999999886 ) ) ;
#638 = CARTESIAN_POINT ( 'NONE',  ( 7.996695250530490462, -0.2636217697048046094, 135.6868968915260325 ) ) ;
#639 = CARTESIAN_POINT ( 'NONE',  ( 1.999944885583469834, -7.745980922894660559, 133.8318720348171667 ) ) ;
#640 = CARTESIAN_POINT ( 'NONE',  ( 1.585744262187456493E-14, 8.000000000000000000, 2.000000000000003553 ) ) ;
#641 = EDGE_CURVE ( 'NONE', #1418, #1229, #623, .T. ) ;
#642 = VERTEX_POINT ( 'NONE', #751 ) ;
#643 = CARTESIAN_POINT ( 'NONE',  ( -1.002867846700210341, 9.950185633978257727, 135.4353140964159650 ) ) ;
#644 = CARTESIAN_POINT ( 'NONE',  ( -1.004052146364156295, -7.937498848481383540, 131.9653723546209676 ) ) ;
#645 = FACE_BOUND ( 'NONE', #1266, .T. ) ;
#646 = CARTESIAN_POINT ( 'NONE',  ( -9.800601044073145474, -1.987181854457235275, 3.738889351442897802 ) ) ;
#647 = CARTESIAN_POINT ( 'NONE',  ( 1.999917533746027765, 7.745987985108945040, 3.735540361278836041 ) ) ;
#648 = CARTESIAN_POINT ( 'NONE',  ( 9.999999999999994671, -0.1307110423220402828, 6.000000000000000888 ) ) ;
#649 = APPLICATION_PROTOCOL_DEFINITION ( 'draft international standard', 'automotive_design', 1998, #240 ) ;
#650 = ORIENTED_EDGE ( 'NONE', *, *, #798, .T. ) ;
#651 = CARTESIAN_POINT ( 'NONE',  ( -1.321140203729208151, 9.912790001074043289, 132.1927285756046331 ) ) ;
#652 = CARTESIAN_POINT ( 'NONE',  ( -1.321407374490678244, -7.890669449926737578, 132.1930547211105704 ) ) ;
#653 = CARTESIAN_POINT ( 'NONE',  ( 7.951553933163021171, -0.8874121199898525880, 135.4971047951756020 ) ) ;
#654 = AXIS2_PLACEMENT_3D ( 'NONE', #918, #1419, #322 ) ;
#655 = CARTESIAN_POINT ( 'NONE',  ( 9.886234806991460289, 1.506973737573786387, 132.3786657605615744 ) ) ;
#656 = CARTESIAN_POINT ( 'NONE',  ( 9.997356224096416000, -0.2634705507658393064, 135.6868986332252689 ) ) ;
#657 = VERTEX_POINT ( 'NONE', #1004 ) ;
#658 = CARTESIAN_POINT ( 'NONE',  ( -1.322815993893824427, 7.890428514764655787, 5.505666742084505572 ) ) ;
#659 = EDGE_CURVE ( 'NONE', #438, #1418, #1179, .T. ) ;
#660 = CARTESIAN_POINT ( 'NONE',  ( -1.999917533745996900, -7.745987985108953033, 133.4355403612788109 ) ) ;
#661 = CARTESIAN_POINT ( 'NONE',  ( 0.5205524247250821190, -9.987270566862251897, 131.7644876432979970 ) ) ;
#662 = ADVANCED_FACE ( 'NONE', ( #874 ), #164, .F. ) ;
#663 = CARTESIAN_POINT ( 'NONE',  ( 9.961379120966105560, 0.8862865570898287304, 135.4976315107434743 ) ) ;
#664 = CARTESIAN_POINT ( 'NONE',  ( 0.2634334547031216833, 7.996702438180760097, 5.986925861720753694 ) ) ;
#665 = CARTESIAN_POINT ( 'NONE',  ( 10.00000000000000000, 1.224647077373291608E-15, 6.000000000000001776 ) ) ;
#666 = VERTEX_POINT ( 'NONE', #640 ) ;
#667 = CARTESIAN_POINT ( 'NONE',  ( -8.000000000000000000, 0.000000000000000000, 137.6999999999999886 ) ) ;
#668 = APPLICATION_CONTEXT ( 'automotive_design' ) ;
#669 = CARTESIAN_POINT ( 'NONE',  ( -1.221090613118442025, -7.907018805897441105, 132.1106631901054413 ) ) ;
#670 = CARTESIAN_POINT ( 'NONE',  ( 1.394886225064892449E-14, -10.00000000000000000, 135.6999999999999886 ) ) ;
#671 = CARTESIAN_POINT ( 'NONE',  ( -9.848657265117569892, -1.734745401817598731, 5.003800764565518477 ) ) ;
#672 = CARTESIAN_POINT ( 'NONE',  ( 1.936101721439455803, 7.762229284803757956, 4.518322152357513666 ) ) ;
#673 = ORIENTED_EDGE ( 'NONE', *, *, #1360, .F. ) ;
#674 = CARTESIAN_POINT ( 'NONE',  ( -1.896908818331600299, 7.772024952455933722, 4.647058988815063962 ) ) ;
#675 = ORIENTED_EDGE ( 'NONE', *, *, #174, .F. ) ;
#676 = CARTESIAN_POINT ( 'NONE',  ( 8.000000000000000000, 0.2616078369633829670, 135.6999999999999886 ) ) ;
#677 = CARTESIAN_POINT ( 'NONE',  ( 1.747014644633066105, -9.846745992608777698, 132.6915924533982718 ) ) ;
#678 = CARTESIAN_POINT ( 'NONE',  ( -9.886441425883251810, -1.505640947705446875, 5.322889599348269662 ) ) ;
#679 = CARTESIAN_POINT ( 'NONE',  ( 0.5257459082440676390, 7.986373123133518881, 2.052793721609450284 ) ) ;
#680 = EDGE_CURVE ( 'NONE', #1084, #1042, #395, .T. ) ;
#681 = VERTEX_POINT ( 'NONE', #296 ) ;
#682 = CARTESIAN_POINT ( 'NONE',  ( 1.585744262187456493E-14, 8.000000000000000000, 2.000000000000003553 ) ) ;
#683 = EDGE_LOOP ( 'NONE', ( #1188, #1502 ) ) ;
#684 = CARTESIAN_POINT ( 'NONE',  ( 9.873157898859586723, -1.598525605875103617, 2.770191068007690660 ) ) ;
#685 = CARTESIAN_POINT ( 'NONE',  ( 0.2636217697048207631, -7.996695250530488686, 2.013103108473992098 ) ) ;
#686 = CARTESIAN_POINT ( 'NONE',  ( -1.797542998180364782, -9.837247290098339647, 4.886531580140080600 ) ) ;
#687 = AXIS2_PLACEMENT_3D ( 'NONE', #255, #1452, #99 ) ;
#688 = LINE ( 'NONE', #96, #549 ) ;
#689 = CARTESIAN_POINT ( 'NONE',  ( 0.000000000000000000, 0.000000000000000000, 137.6999999999999886 ) ) ;
#690 = EDGE_CURVE ( 'NONE', #329, #1301, #731, .T. ) ;
#691 = ORIENTED_EDGE ( 'NONE', *, *, #205, .F. ) ;
#692 = CARTESIAN_POINT ( 'NONE',  ( -10.00000000000000000, -2.782265081060195377E-22, 6.000000000000001776 ) ) ;
#693 = CARTESIAN_POINT ( 'NONE',  ( 1.935723391180597774, -9.810894832904581975, 133.1802744193985291 ) ) ;
#694 = CARTESIAN_POINT ( 'NONE',  ( 0.6459572193034032184, -7.974800906200422368, 2.102679471892538121 ) ) ;
#695 = LINE ( 'NONE', #350, #307 ) ;
#696 = CARTESIAN_POINT ( 'NONE',  ( -7.907018805897435776, 1.221090613118443802, 2.410663190105472253 ) ) ;
#697 = CARTESIAN_POINT ( 'NONE',  ( -1.734436901630813876, -7.810069625219889566, 2.995701295521068896 ) ) ;
#698 = VERTEX_POINT ( 'NONE', #606 ) ;
#699 = VERTEX_POINT ( 'NONE', #1367 ) ;
#700 = PLANE ( 'NONE',  #1268 ) ;
#701 = CARTESIAN_POINT ( 'NONE',  ( 0.1327117393334474316, -8.000000000000001776, 6.000000000000003553 ) ) ;
#702 = CARTESIAN_POINT ( 'NONE',  ( -1.231428799965581300, -9.925624269004021727, 5.597234855246051133 ) ) ;
#703 = CARTESIAN_POINT ( 'NONE',  ( -10.00000000000000000, 0.000000000000000000, 137.6999999999999886 ) ) ;
#704 = CARTESIAN_POINT ( 'NONE',  ( -0.8870766108512144754, -7.951587023479459226, 2.202752006777990434 ) ) ;
#705 = ORIENTED_EDGE ( 'NONE', *, *, #997, .F. ) ;
#706 = ORIENTED_EDGE ( 'NONE', *, *, #346, .T. ) ;
#707 = DIRECTION ( 'NONE',  ( 0.000000000000000000, 0.000000000000000000, 1.000000000000000000 ) ) ;
#708 = VECTOR ( 'NONE', #1597, 1000.000000000000000 ) ;
#709 = EDGE_CURVE ( 'NONE', #657, #699, #1244, .T. ) ;
#710 = CARTESIAN_POINT ( 'NONE',  ( -9.979698754681910700, -0.6481971308179712565, 2.103475303281301390 ) ) ;
#711 = CARTESIAN_POINT ( 'NONE',  ( 1.936322638581204014, 9.810776074658402734, 134.2174216199503007 ) ) ;
#712 = VERTEX_POINT ( 'NONE', #442 ) ;
#713 = DIRECTION ( 'NONE',  ( 1.000000000000000000, -0.000000000000000000, -0.000000000000000000 ) ) ;
#714 = CARTESIAN_POINT ( 'NONE',  ( 1.897309154264680942, 7.771927952868181499, 134.3459641413823817 ) ) ;
#715 = CARTESIAN_POINT ( 'NONE',  ( 1.736211468189307272, 9.848400811255322296, 5.001349053502603503 ) ) ;
#716 = CARTESIAN_POINT ( 'NONE',  ( 0.2632191828420352708, 9.997369511432397715, 135.6869670021882825 ) ) ;
#717 = CARTESIAN_POINT ( 'NONE',  ( -7.996702438180761874, 0.2634334547031061402, 5.986925861720753694 ) ) ;
#718 = CARTESIAN_POINT ( 'NONE',  ( 7.840935383214969079, -1.598295816642682610, 2.769980304960408812 ) ) ;
#719 = LINE ( 'NONE', #595, #560 ) ;
#720 = CARTESIAN_POINT ( 'NONE',  ( -7.840784467476281883, -1.599235059273411252, 132.4707277511535324 ) ) ;
#721 = CARTESIAN_POINT ( 'NONE',  ( -7.807724015636988035, -1.746473976144958362, 2.990575997189768298 ) ) ;
#722 = CARTESIAN_POINT ( 'NONE',  ( -0.2616078369633668688, -8.000000000000001776, 2.000000000000003997 ) ) ;
#723 = B_SPLINE_CURVE_WITH_KNOTS ( 'NONE', 3,
 ( #42, #527, #1021, #1514, #301, #340, #589, #1587, #1199, #477, #100, #348, #1181, #584, #1061, #814, #714, #354, #837, #1079, #1561, #1331, #1088, #831, #455, #964 ),
 .UNSPECIFIED., .F., .F.,
 ( 4, 2, 2, 2, 2, 2, 2, 2, 2, 2, 2, 2, 4 ),
 ( 0.006277896519452636111, 0.007062422111839107043, 0.007454684908032343377, 0.007846947704225578843, 0.008239210500418814309, 0.008631473296612049775, 0.009415998888998597036, 0.009808261685191829032, 0.01020052448138506276, 0.01098505007377144869, 0.01176957566615783810, 0.01216183846235103019, 0.01255410125854422403 ),
 .UNSPECIFIED. ) ;
#724 = ORIENTED_EDGE ( 'NONE', *, *, #1440, .T. ) ;
#725 = CARTESIAN_POINT ( 'NONE',  ( 7.890428514764655787, -1.322815993893823983, 132.1943332579155026 ) ) ;
#726 = AXIS2_PLACEMENT_3D ( 'NONE', #239, #713, #1463 ) ;
#727 = DIRECTION ( 'NONE',  ( -0.000000000000000000, 1.000000000000000000, -0.000000000000000000 ) ) ;
#728 = CARTESIAN_POINT ( 'NONE',  ( 1.987181854457251706, 9.800601044073141921, 4.261110648557117742 ) ) ;
#729 = CARTESIAN_POINT ( 'NONE',  ( -7.771853593872753763, -1.897623020737713828, 133.0547838247016728 ) ) ;
#730 = CARTESIAN_POINT ( 'NONE',  ( -7.974800906200420592, -0.6459572193033861209, 2.102679471892539453 ) ) ;
#731 = LINE ( 'NONE', #1235, #1326 ) ;
#732 = CARTESIAN_POINT ( 'NONE',  ( 9.809142331147823413, -1.947060521689177870, 3.473900419384393867 ) ) ;
#733 = ORIENTED_EDGE ( 'NONE', *, *, #735, .T. ) ;
#734 = CARTESIAN_POINT ( 'NONE',  ( 7.807577765666404268, -1.747074451681723817, 132.6922676642265060 ) ) ;
#735 = EDGE_CURVE ( 'NONE', #1536, #232, #1281, .T. ) ;
#736 = FACE_OUTER_BOUND ( 'NONE', #1559, .T. ) ;
#737 = CARTESIAN_POINT ( 'NONE',  ( 1.935723391180600217, -9.810894832904589080, 3.480274419398564412 ) ) ;
#738 = CARTESIAN_POINT ( 'NONE',  ( 1.734745401817618715, 9.848657265117564563, 2.996199235434491737 ) ) ;
#739 = CARTESIAN_POINT ( 'NONE',  ( -9.912587285330598519, 1.322590663363041985, 2.494117379193682815 ) ) ;
#740 = CARTESIAN_POINT ( 'NONE',  ( 9.886441425883251810, 1.505640947705447985, 5.322889599348267886 ) ) ;
#741 = CARTESIAN_POINT ( 'NONE',  ( 1.598295816642693046, -7.840935383214965526, 134.9300196950395900 ) ) ;
#742 = CARTESIAN_POINT ( 'NONE',  ( -0.5211700542677077941, -7.984048399427297049, 5.935369044798990856 ) ) ;
#743 = ORIENTED_EDGE ( 'NONE', *, *, #631, .F. ) ;
#744 = CARTESIAN_POINT ( 'NONE',  ( -0.2631027864349113621, 7.996702235998583319, 5.986922535824577452 ) ) ;
#745 = CARTESIAN_POINT ( 'NONE',  ( 1.561251128379126385E-14, -10.00000000000000000, 4.000000000000003553 ) ) ;
#746 = DIRECTION ( 'NONE',  ( 0.000000000000000000, 0.000000000000000000, 1.000000000000000000 ) ) ;
#747 = CARTESIAN_POINT ( 'NONE',  ( 1.220743154935919117, 9.925813859346384049, 2.410367362572098937 ) ) ;
#748 = CARTESIAN_POINT ( 'NONE',  ( -7.907110849327994906, -1.220493768314494076, 135.2897920104003049 ) ) ;
#749 = CARTESIAN_POINT ( 'NONE',  ( 7.974800906200422368, -0.6459572193033845666, 135.5973205281074740 ) ) ;
#750 = CARTESIAN_POINT ( 'NONE',  ( 1.321243383061863508, -7.890702084274368033, 132.1928564494834006 ) ) ;
#751 = CARTESIAN_POINT ( 'NONE',  ( 2.041788843234566176E-14, -8.000000000000000000, 135.6999999999999886 ) ) ;
#752 = CARTESIAN_POINT ( 'NONE',  ( 9.925837396952461589, -1.220491419117940790, 5.589761454953499076 ) ) ;
#753 = VERTEX_POINT ( 'NONE', #1535 ) ;
#754 = CARTESIAN_POINT ( 'NONE',  ( -8.000000000000000000, -3.863752910171129163E-15, 135.6999999999999886 ) ) ;
#755 = CARTESIAN_POINT ( 'NONE',  ( -2.000051192980862425, 9.797948521410090095, 133.5699682428684980 ) ) ;
#756 = CARTESIAN_POINT ( 'NONE',  ( -9.800647177330477078, 1.986956812555772389, 4.262949332255031365 ) ) ;
#757 = FACE_OUTER_BOUND ( 'NONE', #208, .T. ) ;
#758 = CARTESIAN_POINT ( 'NONE',  ( 0.1327117393334474593, -8.000000000000005329, 135.7000000000000455 ) ) ;
#759 = CARTESIAN_POINT ( 'NONE',  ( -10.00000000000000000, 0.000000000000000000, 4.000000000000003553 ) ) ;
#760 = EDGE_CURVE ( 'NONE', #666, #1236, #1573, .T. ) ;
#761 = ORIENTED_EDGE ( 'NONE', *, *, #326, .F. ) ;
#762 = CARTESIAN_POINT ( 'NONE',  ( -1.008956999869096594, -9.951893929841505226, 135.4463870003735337 ) ) ;
#763 = VECTOR ( 'NONE', #83, 1000.000000000000000 ) ;
#764 = CARTESIAN_POINT ( 'NONE',  ( -1.747157896603905192, -7.807561963254347148, 134.7077926768776592 ) ) ;
#765 = CARTESIAN_POINT ( 'NONE',  ( 9.989121358340899093, 0.5251341732625925962, 5.947348386616126525 ) ) ;
#766 = CARTESIAN_POINT ( 'NONE',  ( 9.925624269004019951, 1.231428799965594179, 132.1027651447539029 ) ) ;
#767 = CARTESIAN_POINT ( 'NONE',  ( 9.950051624612646251, -1.004151384216444898, 135.4345376286989620 ) ) ;
#768 = EDGE_LOOP ( 'NONE', ( #351, #196 ) ) ;
#769 = CARTESIAN_POINT ( 'NONE',  ( -8.000000000000001776, 0.1326759759031828356, 135.6999999999999886 ) ) ;
#770 = CARTESIAN_POINT ( 'NONE',  ( -1.004151384216421139, 9.950051624612653356, 131.9654623713010437 ) ) ;
#771 = CARTESIAN_POINT ( 'NONE',  ( -1.231595279792680575, -7.906826417411149777, 135.2970405582218518 ) ) ;
#772 = CARTESIAN_POINT ( 'NONE',  ( 7.857550826090251128, 1.505880749851675748, 5.322620387772595052 ) ) ;
#773 = CARTESIAN_POINT ( 'NONE',  ( 9.837475732712769982, 1.796303269674125458, 134.5891334809099931 ) ) ;
#774 = CARTESIAN_POINT ( 'NONE',  ( 9.979897625057821742, -0.6452468915374627301, 135.5975730725968162 ) ) ;
#775 = VECTOR ( 'NONE', #1572, 1000.000000000000000 ) ;
#776 = CARTESIAN_POINT ( 'NONE',  ( 7.951404893047539169, -0.8887833853036691822, 131.9035495811510827 ) ) ;
#777 = ORIENTED_EDGE ( 'NONE', *, *, #1248, .F. ) ;
#778 = CARTESIAN_POINT ( 'NONE',  ( -9.846745992608781251, 1.747014644633045011, 134.7084075466017055 ) ) ;
#779 = EDGE_CURVE ( 'NONE', #1409, #1444, #1065, .T. ) ;
#780 = EDGE_CURVE ( 'NONE', #1310, #32, #1202, .T. ) ;
#781 = DIRECTION ( 'NONE',  ( 0.000000000000000000, 0.000000000000000000, -1.000000000000000000 ) ) ;
#782 = CARTESIAN_POINT ( 'NONE',  ( 0.6452468915374746095, -9.979897625057812860, 131.8024269274031894 ) ) ;
#783 = CARTESIAN_POINT ( 'NONE',  ( -9.818423160345595591, -1.897672711835103110, 133.0550679480368501 ) ) ;
#784 = CARTESIAN_POINT ( 'NONE',  ( 0.8870766108512473380, 7.951587023479457450, 2.202752006777991323 ) ) ;
#785 = CARTESIAN_POINT ( 'NONE',  ( 7.907110849327996682, -1.220493768314494076, 132.1102079895997008 ) ) ;
#786 = ORIENTED_EDGE ( 'NONE', *, *, #564, .T. ) ;
#787 = CARTESIAN_POINT ( 'NONE',  ( -9.925837396952463365, 1.220491419117941678, 135.2897614549534637 ) ) ;
#788 = CARTESIAN_POINT ( 'NONE',  ( -7.890669449926735801, 1.321407374490687570, 132.1930547211105988 ) ) ;
#789 = CARTESIAN_POINT ( 'NONE',  ( 7.810069625219885125, 1.734436901630826755, 134.7042987044789584 ) ) ;
#790 = CARTESIAN_POINT ( 'NONE',  ( 0.000000000000000000, 0.000000000000000000, 0.000000000000000000 ) ) ;
#791 = CARTESIAN_POINT ( 'NONE',  ( -9.950168957865107799, -1.003061478999811573, 5.735227201736297076 ) ) ;
#792 = CARTESIAN_POINT ( 'NONE',  ( 0.5211700542677403236, 7.984048399427291720, 5.935369044798987304 ) ) ;
#793 = EDGE_LOOP ( 'NONE', ( #298, #55, #281, #974 ) ) ;
#794 = CARTESIAN_POINT ( 'NONE',  ( -0.8874121199898398205, 7.951553933163022947, 2.202895204824366182 ) ) ;
#795 = ORIENTED_EDGE ( 'NONE', *, *, #205, .T. ) ;
#796 = CARTESIAN_POINT ( 'NONE',  ( -10.00000000000000000, 0.000000000000000000, 131.6999999999999886 ) ) ;
#797 = CARTESIAN_POINT ( 'NONE',  ( 0.1307110423220580742, -9.999999999999996447, 131.6999999999999886 ) ) ;
#798 = EDGE_CURVE ( 'NONE', #1084, #1536, #191, .T. ) ;
#799 = CARTESIAN_POINT ( 'NONE',  ( -9.979698754681908923, -0.6481971308179711455, 131.8034753032813455 ) ) ;
#800 = EDGE_CURVE ( 'NONE', #462, #681, #695, .T. ) ;
#801 = CARTESIAN_POINT ( 'NONE',  ( 7.996702235998585095, -0.2631027864349261280, 131.7130774641754272 ) ) ;
#802 = ORIENTED_EDGE ( 'NONE', *, *, #457, .F. ) ;
#803 = CARTESIAN_POINT ( 'NONE',  ( -1.747074451681708052, 7.807577765666407821, 5.007732335773485310 ) ) ;
#804 = DIRECTION ( 'NONE',  ( -0.000000000000000000, 1.000000000000000000, -0.000000000000000000 ) ) ;
#805 = CARTESIAN_POINT ( 'NONE',  ( 10.00000000000000000, 9.650605814723274703E-17, 2.000000000000005329 ) ) ;
#806 = CARTESIAN_POINT ( 'NONE',  ( 1.746473976144975682, -7.807724015636983594, 2.990575997189767410 ) ) ;
#807 = CARTESIAN_POINT ( 'NONE',  ( -1.003061478999797806, -9.950168957865109576, 2.264772798263709142 ) ) ;
#808 = ORIENTED_EDGE ( 'NONE', *, *, #1547, .F. ) ;
#809 = EDGE_CURVE ( 'NONE', #1229, #388, #49, .T. ) ;
#810 = CARTESIAN_POINT ( 'NONE',  ( -1.220493768314482752, 7.907110849327996682, 5.589792010400319811 ) ) ;
#811 = CARTESIAN_POINT ( 'NONE',  ( -1.947060521689164547, 9.809142331147825189, 4.526099580615606577 ) ) ;
#812 = ORIENTED_EDGE ( 'NONE', *, *, #1582, .T. ) ;
#813 = CARTESIAN_POINT ( 'NONE',  ( -7.974582062926343973, 0.6485839344018734520, 135.5964009448516663 ) ) ;
#814 = CARTESIAN_POINT ( 'NONE',  ( 1.936101721439459800, 7.762229284803756180, 134.2183221523575014 ) ) ;
#815 = DIRECTION ( 'NONE',  ( 0.000000000000000000, 0.000000000000000000, 1.000000000000000000 ) ) ;
#816 = DIRECTION ( 'NONE',  ( 1.000000000000000000, 0.000000000000000000, 0.000000000000000000 ) ) ;
#817 = CARTESIAN_POINT ( 'NONE',  ( -10.00000000000000000, 0.000000000000000000, 137.6999999999999886 ) ) ;
#818 = CARTESIAN_POINT ( 'NONE',  ( -7.762358105021262666, -1.935588659042465354, 4.520440427174794884 ) ) ;
#819 = CARTESIAN_POINT ( 'NONE',  ( -1.221090613118431145, -7.907018805897447322, 2.410663190105473142 ) ) ;
#820 = ORIENTED_EDGE ( 'NONE', *, *, #848, .F. ) ;
#821 = CARTESIAN_POINT ( 'NONE',  ( 1.585743866536478290E-14, -8.000000000000000000, 2.000000000000003553 ) ) ;
#822 = CYLINDRICAL_SURFACE ( 'NONE', #207, 1.999999999999998224 ) ;
#823 = DIRECTION ( 'NONE',  ( -0.000000000000000000, 1.000000000000000000, -0.000000000000000000 ) ) ;
#824 = ORIENTED_EDGE ( 'NONE', *, *, #10, .T. ) ;
#825 = CARTESIAN_POINT ( 'NONE',  ( -1.004052146364144305, -7.937498848481385316, 2.265372354620962980 ) ) ;
#826 = B_SPLINE_CURVE_WITH_KNOTS ( 'NONE', 3,
 ( #512, #1162, #1404, #920, #72, #556, #1059, #421, #1276, #331, #447, #811, #929, #1427, #1557, #1295, #575, #341, #914, #1156, #59, #318, #938, #440, #1055, #431, #1533, #1406 ),
 .UNSPECIFIED., .F., .F.,
 ( 4, 2, 2, 2, 2, 2, 2, 2, 2, 2, 2, 2, 2, 4 ),
 ( 1.257468969361567386E-19, 0.0003917964489861708614, 0.0007835928979723413975, 0.001175389346958512042, 0.001567185795944682578, 0.002350778693917022783, 0.003134371591889363855, 0.003526168040875533524, 0.003917964489861704494, 0.004701557387834046434, 0.005093353836820218271, 0.005485150285806389241, 0.005876946734792559343, 0.006268743183778730313 ),
 .UNSPECIFIED. ) ;
#827 = EDGE_CURVE ( 'NONE', #1402, #1444, #568, .T. ) ;
#828 = AXIS2_PLACEMENT_3D ( 'NONE', #216, #234, #707 ) ;
#829 = ORIENTED_EDGE ( 'NONE', *, *, #1495, .F. ) ;
#830 = CARTESIAN_POINT ( 'NONE',  ( -1.220743154935878261, -9.925813859346394707, 132.1103673625720774 ) ) ;
#831 = CARTESIAN_POINT ( 'NONE',  ( 0.2634334547031176310, 7.996702438180760097, 135.6869258617207663 ) ) ;
#832 = CARTESIAN_POINT ( 'NONE',  ( -9.925624269004021727, -1.231428799965595067, 2.402765144753956861 ) ) ;
#833 = CARTESIAN_POINT ( 'NONE',  ( 1.736211468189307494, 9.848400811255320519, 134.7013490535025255 ) ) ;
#834 = CARTESIAN_POINT ( 'NONE',  ( -7.906826417411148000, 1.231595279792701447, 5.597040558221931583 ) ) ;
#835 = CARTESIAN_POINT ( 'NONE',  ( 7.807577765666405156, -1.747074451681722707, 2.992267664226523571 ) ) ;
#836 = EDGE_CURVE ( 'NONE', #7, #1044, #540, .T. ) ;
#837 = CARTESIAN_POINT ( 'NONE',  ( 1.598443203470186980, 7.840899836980349313, 134.9297742894912062 ) ) ;
#838 = DIRECTION ( 'NONE',  ( 1.000000000000000000, -0.000000000000000000, -0.000000000000000000 ) ) ;
#839 = CARTESIAN_POINT ( 'NONE',  ( 1.231428799965615051, 9.925624269004016398, 135.2972348552460176 ) ) ;
#840 = CARTESIAN_POINT ( 'NONE',  ( -10.00000000000000000, 2.449293598294704442E-16, 6.000000000000001776 ) ) ;
#841 = CARTESIAN_POINT ( 'NONE',  ( -10.00000000000000000, -2.782501739331761681E-22, 135.6999999999999886 ) ) ;
#842 = DIRECTION ( 'NONE',  ( 0.000000000000000000, 0.000000000000000000, 1.000000000000000000 ) ) ;
#843 = AXIS2_PLACEMENT_3D ( 'NONE', #272, #1246, #148 ) ;
#844 = VERTEX_POINT ( 'NONE', #993 ) ;
#845 = DIRECTION ( 'NONE',  ( 1.000000000000000000, -0.000000000000000000, -0.000000000000000000 ) ) ;
#846 = LINE ( 'NONE', #1482, #1226 ) ;
#847 = CARTESIAN_POINT ( 'NONE',  ( -7.745980922894664999, -1.999944885583448961, 133.8318720348171667 ) ) ;
#848 = EDGE_CURVE ( 'NONE', #404, #1301, #92, .T. ) ;
#849 = B_SPLINE_CURVE_WITH_KNOTS ( 'NONE', 3,
 ( #211, #701, #85, #939, #1340, #955, #361, #1201, #567, #1063, #934, #349, #93, #1553, #451, #585, #1314, #1210, #1089, #806, #1564, #471, #1304, #356, #479, #694, #458, #685, #110, #576 ),
 .UNSPECIFIED., .F., .F.,
 ( 4, 2, 2, 2, 2, 2, 2, 2, 2, 2, 2, 2, 2, 2, 4 ),
 ( 7.703841001041580467E-20, 0.0003923685324657890522, 0.0007847370649315781044, 0.001177105597397366940, 0.001569474129863155992, 0.002354211194794731711, 0.002746579727260519896, 0.003138948259726307647, 0.003531316792192096266, 0.003923685324657886185, 0.004708422389589463422, 0.005100790922055252474, 0.005493159454521041526, 0.005885527986986830579, 0.006277896519452619631 ),
 .UNSPECIFIED. ) ;
#850 = CYLINDRICAL_SURFACE ( 'NONE', #355, 2.000000000000001776 ) ;
#851 = CARTESIAN_POINT ( 'NONE',  ( 1.585743866536478290E-14, -8.000000000000000000, 2.000000000000003553 ) ) ;
#852 = ORIENTED_EDGE ( 'NONE', *, *, #1411, .F. ) ;
#853 = FACE_OUTER_BOUND ( 'NONE', #683, .T. ) ;
#854 = VECTOR ( 'NONE', #1277, 1000.000000000000000 ) ;
#855 = CARTESIAN_POINT ( 'NONE',  ( 1.747402090674559094, -9.846669684789008059, 5.007179913099294666 ) ) ;
#856 = CARTESIAN_POINT ( 'NONE',  ( 1.947629075770340723, 9.809040620602630156, 3.474837056445847061 ) ) ;
#857 = CARTESIAN_POINT ( 'NONE',  ( -9.987270566862250121, 0.5205524247250645775, 5.935512356702021819 ) ) ;
#858 = CARTESIAN_POINT ( 'NONE',  ( 7.749316145293225766, 1.987156920306903940, 3.738551910579452464 ) ) ;
#859 = CARTESIAN_POINT ( 'NONE',  ( 1.220816267737089511, -7.907055480996289631, 132.1104920805818210 ) ) ;
#860 = CARTESIAN_POINT ( 'NONE',  ( -1.231595279792686792, -7.906826417411153329, 5.597040558221934248 ) ) ;
#861 = ORIENTED_EDGE ( 'NONE', *, *, #564, .F. ) ;
#862 = CARTESIAN_POINT ( 'NONE',  ( -1.294432886084361382E-16, 10.00000000000000000, 6.000000000000003553 ) ) ;
#863 = CARTESIAN_POINT ( 'NONE',  ( 0.8870225997300422716, -9.961319745156345107, 2.202691449847461236 ) ) ;
#864 = CARTESIAN_POINT ( 'NONE',  ( -8.000000000000000000, 1.978396885978259043E-21, 131.6999999999999886 ) ) ;
#865 = FACE_OUTER_BOUND ( 'NONE', #189, .T. ) ;
#866 = DIRECTION ( 'NONE',  ( -0.000000000000000000, 1.000000000000000000, -0.000000000000000000 ) ) ;
#867 = CARTESIAN_POINT ( 'NONE',  ( 9.797979964923108298, -1.999897151843265330, 3.737581418956422041 ) ) ;
#868 = B_SPLINE_CURVE_WITH_KNOTS ( 'NONE', 3,
 ( #1225, #758, #23, #259, #515, #1500, #1119, #401, #509, #741, #1104, #995, #979, #1234, #639, #279, #1257, #394, #1475, #378, #5, #750, #859, #1384, #1243, #144, #622, #873, #1251, #163 ),
 .UNSPECIFIED., .F., .F.,
 ( 4, 2, 2, 2, 2, 2, 2, 2, 2, 2, 2, 2, 2, 2, 4 ),
 ( 4.667180824486248731E-18, 0.0003923685324657968042, 0.0007847370649315889464, 0.001177105597397381251, 0.001569474129863173339, 0.002354211194794757732, 0.002746579727260511222, 0.003138948259726265146, 0.003531316792192019070, 0.003923685324657771693, 0.004708422389589355002, 0.005100790922055175279, 0.005493159454520996424, 0.005885527986986816701, 0.006277896519452637845 ),
 .UNSPECIFIED. ) ;
#869 = CARTESIAN_POINT ( 'NONE',  ( 1.394886225064892449E-14, -10.00000000000000000, 135.6999999999999886 ) ) ;
#870 = DIRECTION ( 'NONE',  ( -0.000000000000000000, 1.000000000000000000, -0.000000000000000000 ) ) ;
#871 = CARTESIAN_POINT ( 'NONE',  ( -10.00000000000000000, -9.650605814723274703E-17, 2.000000000000005329 ) ) ;
#872 = CARTESIAN_POINT ( 'NONE',  ( 7.937498848481385316, 1.004052146364159626, 5.734627645379043237 ) ) ;
#873 = CARTESIAN_POINT ( 'NONE',  ( 0.2636217697048262032, -7.996695250530492238, 131.7131031084740300 ) ) ;
#874 = FACE_OUTER_BOUND ( 'NONE', #254, .T. ) ;
#875 = ORIENTED_EDGE ( 'NONE', *, *, #457, .T. ) ;
#876 = CARTESIAN_POINT ( 'NONE',  ( -1.747402090674546438, 9.846669684789009835, 134.7071799130992815 ) ) ;
#877 = UNCERTAINTY_MEASURE_WITH_UNIT (LENGTH_MEASURE( 1.000000000000000082E-05 ), #1103, 'distance_accuracy_value', 'NONE');
#878 = CARTESIAN_POINT ( 'NONE',  ( 1.936322638581199795, 9.810776074658399182, 4.517421619950324541 ) ) ;
#879 = CARTESIAN_POINT ( 'NONE',  ( -9.950185633978264832, 1.002867846700212562, 2.264685903584027660 ) ) ;
#880 = CARTESIAN_POINT ( 'NONE',  ( 9.800601044073143697, 1.987181854457234831, 3.738889351442896913 ) ) ;
#881 = CARTESIAN_POINT ( 'NONE',  ( -7.749379642276209346, -1.986911167095540609, 3.736661134729965639 ) ) ;
#882 = CARTESIAN_POINT ( 'NONE',  ( -1.935588659042453363, 7.762358105021265331, 134.2204404271747649 ) ) ;
#883 = ORIENTED_EDGE ( 'NONE', *, *, #572, .T. ) ;
#884 = CARTESIAN_POINT ( 'NONE',  ( 1.585744092184933747E-14, 10.00000000000000000, 131.6999999999999886 ) ) ;
#885 = AXIS2_PLACEMENT_3D ( 'NONE', #689, #1291, #314 ) ;
#886 = CARTESIAN_POINT ( 'NONE',  ( -1.589892615992623659, -7.840771670322581599, 132.4797013795103453 ) ) ;
#887 = DIRECTION ( 'NONE',  ( -0.000000000000000000, 1.000000000000000000, -0.000000000000000000 ) ) ;
#888 = CARTESIAN_POINT ( 'NONE',  ( -9.886234806991460289, -1.506973737573787053, 132.3786657605616028 ) ) ;
#889 = CARTESIAN_POINT ( 'NONE',  ( -0.8874121199898421519, 7.951553933163022947, 131.9028952048243468 ) ) ;
#890 = CARTESIAN_POINT ( 'NONE',  ( 7.745980922894665888, -1.999944885583449405, 133.5681279651828675 ) ) ;
#891 = ORIENTED_EDGE ( 'NONE', *, *, #245, .F. ) ;
#892 = DIRECTION ( 'NONE',  ( 1.000000000000000000, -0.000000000000000000, -0.000000000000000000 ) ) ;
#893 = VECTOR ( 'NONE', #892, 1000.000000000000000 ) ;
#894 = CARTESIAN_POINT ( 'NONE',  ( 7.795950887092526926, 1.796065925593124835, 134.5896629468333288 ) ) ;
#895 = CARTESIAN_POINT ( 'NONE',  ( 9.912776118701879469, 1.321192019095430714, 5.507130785350005553 ) ) ;
#896 = CARTESIAN_POINT ( 'NONE',  ( -9.800601044073145474, -1.987181854457234387, 133.4388893514428958 ) ) ;
#897 = EDGE_CURVE ( 'NONE', #496, #844, #1121, .T. ) ;
#898 = CARTESIAN_POINT ( 'NONE',  ( 9.809142331147821636, -1.947060521689176538, 133.1739004193843243 ) ) ;
#899 = CARTESIAN_POINT ( 'NONE',  ( 7.771853593872752874, -1.897623020737714272, 134.3452161752982761 ) ) ;
#900 = CARTESIAN_POINT ( 'NONE',  ( 7.974737096839144890, -0.6467951108889052891, 131.8029427794860169 ) ) ;
#901 = ORIENTED_EDGE ( 'NONE', *, *, #897, .F. ) ;
#902 = CARTESIAN_POINT ( 'NONE',  ( -9.873157898859586723, 1.598525605875101396, 132.4701910680076651 ) ) ;
#903 = CARTESIAN_POINT ( 'NONE',  ( 0.1324701897823201691, 9.999999999999996447, 6.000000000000002665 ) ) ;
#904 = CARTESIAN_POINT ( 'NONE',  ( -1.796065925593102186, -7.795950887092534920, 132.8103370531666769 ) ) ;
#905 = B_SPLINE_CURVE_WITH_KNOTS ( 'NONE', 3,
 ( #29, #1149, #765, #994, #1022, #514, #895, #740, #1242, #1256, #1137, #36, #520, #1118, #880, #51, #21, #400, #1127, #302, #161, #168, #293, #1250, #143, #152, #1365, #1499 ),
 .UNSPECIFIED., .F., .F.,
 ( 4, 2, 2, 2, 2, 2, 2, 2, 2, 2, 2, 2, 2, 4 ),
 ( 0.006268743183778744191, 0.007052133643386118179, 0.007443828873189805607, 0.007835524102993493903, 0.008227219332797181331, 0.008618914562600868759, 0.009402305022208241880, 0.009794000252011927574, 0.01018569548181561327, 0.01057739071161930069, 0.01096908594142298639, 0.01175247640103035951, 0.01214417163083404694, 0.01253586686063773263 ),
 .UNSPECIFIED. ) ;
#906 = CIRCLE ( 'NONE', #618, 8.000000000000000000 ) ;
#907 = CARTESIAN_POINT ( 'NONE',  ( -9.925624269004019951, -1.231428799965594845, 132.1027651447539597 ) ) ;
#908 = CARTESIAN_POINT ( 'NONE',  ( 0.6485839344018882180, 7.974582062926336867, 5.896400944851706072 ) ) ;
#909 = B_SPLINE_CURVE_WITH_KNOTS ( 'NONE', 3,
 ( #176, #1270, #1294, #430, #644, #669, #652, #550, #886, #1389, #904, #184, #660, #1155, #292, #534, #324, #764, #50, #771, #439, #1045, #1413, #1532, #415, #167 ),
 .UNSPECIFIED., .F., .F.,
 ( 4, 2, 2, 2, 2, 2, 2, 2, 2, 2, 2, 2, 4 ),
 ( 0.006277896519452637845, 0.007062422111839108778, 0.007454684908032344244, 0.007846947704225580578, 0.008239210500418816044, 0.008631473296612051510, 0.009415998888998598770, 0.009808261685191830767, 0.01020052448138506276, 0.01098505007377145043, 0.01176957566615783810, 0.01216183846235103193, 0.01255410125854422576 ),
 .UNSPECIFIED. ) ;
#910 = VECTOR ( 'NONE', #411, 1000.000000000000000 ) ;
#911 = ORIENTED_EDGE ( 'NONE', *, *, #779, .F. ) ;
#912 = CARTESIAN_POINT ( 'NONE',  ( -9.997356224096414223, 0.2634705507658411938, 135.6868986332252689 ) ) ;
#913 = CARTESIAN_POINT ( 'NONE',  ( 7.890669449926735801, 1.321407374490687570, 135.2069452788894637 ) ) ;
#914 = CARTESIAN_POINT ( 'NONE',  ( -1.600006814080180861, 9.872955300623496910, 2.771548725536495450 ) ) ;
#915 = CARTESIAN_POINT ( 'NONE',  ( 9.950168957865104247, 1.003061478999821121, 135.4352272017362679 ) ) ;
#916 = CARTESIAN_POINT ( 'NONE',  ( 9.961224428586776369, -0.8881125768340993876, 131.9032161975341637 ) ) ;
#917 = ORIENTED_EDGE ( 'NONE', *, *, #1221, .T. ) ;
#918 = CARTESIAN_POINT ( 'NONE',  ( 1.561251128379126385E-14, -10.00000000000000000, 4.000000000000003553 ) ) ;
#919 = VECTOR ( 'NONE', #285, 1000.000000000000000 ) ;
#920 = CARTESIAN_POINT ( 'NONE',  ( -0.5188228709849875830, 9.987354202998862007, 5.935941550810326817 ) ) ;
#921 = ORIENTED_EDGE ( 'NONE', *, *, #809, .T. ) ;
#922 = CARTESIAN_POINT ( 'NONE',  ( 7.857550826090252905, 1.505880749851665312, 135.0226203877725197 ) ) ;
#923 = DIRECTION ( 'NONE',  ( 0.000000000000000000, 0.000000000000000000, 1.000000000000000000 ) ) ;
#924 = CARTESIAN_POINT ( 'NONE',  ( -9.925813859346387602, -1.220743154935898245, 5.589632637427910389 ) ) ;
#925 = B_SPLINE_CURVE_WITH_KNOTS ( 'NONE', 3,
 ( #953, #131, #360, #1337, #608, #830, #1329, #1107, #946, #1445, #1086, #241, #1464, #158, #1496, #1267, #290, #1008, #33, #991, #41, #175, #762, #524, #517, #299, #282, #869 ),
 .UNSPECIFIED., .F., .F.,
 ( 4, 2, 2, 2, 2, 2, 2, 2, 2, 2, 2, 2, 2, 4 ),
 ( 0.006268743183778752864, 0.007052133643386084352, 0.007443828873189750964, 0.007835524102993415840, 0.008227219332797082452, 0.008618914562600749063, 0.009402305022208155144, 0.009794000252011859919, 0.01018569548181556296, 0.01057739071161926600, 0.01096908594142297078, 0.01175247640103037859, 0.01214417163083406775, 0.01253586686063775518 ),
 .UNSPECIFIED. ) ;
#926 = CARTESIAN_POINT ( 'NONE',  ( 1.796065925593134827, 7.795950887092525150, 3.110337053166639887 ) ) ;
#927 = ORIENTED_EDGE ( 'NONE', *, *, #709, .F. ) ;
#928 = CARTESIAN_POINT ( 'NONE',  ( -8.000000000000000000, -3.863752910171129163E-15, 135.6999999999999886 ) ) ;
#929 = CARTESIAN_POINT ( 'NONE',  ( -1.999897151843252452, 9.797979964923110074, 4.262418581043579735 ) ) ;
#930 = ADVANCED_FACE ( 'NONE', ( #1364 ), #308, .F. ) ;
#931 = ORIENTED_EDGE ( 'NONE', *, *, #153, .F. ) ;
#932 =( NAMED_UNIT ( * ) SI_UNIT ( $, .STERADIAN. ) SOLID_ANGLE_UNIT ( ) );
#933 = CARTESIAN_POINT ( 'NONE',  ( 1.897833874312745417, -9.818393111318719946, 133.0554357497792637 ) ) ;
#934 = CARTESIAN_POINT ( 'NONE',  ( 1.747074451681740692, -7.807577765666400715, 5.007732335773485310 ) ) ;
#935 = CARTESIAN_POINT ( 'NONE',  ( 9.846745992608783027, -1.747014644633045455, 134.7084075466017055 ) ) ;
#936 = CARTESIAN_POINT ( 'NONE',  ( -7.951404893047540945, -0.8887833853036625209, 5.796450418848875685 ) ) ;
#937 = CARTESIAN_POINT ( 'NONE',  ( -9.912587285330598519, 1.322590663363041763, 132.1941173791936421 ) ) ;
#938 = CARTESIAN_POINT ( 'NONE',  ( -0.8870225997300090759, 9.961319745156346883, 2.202691449847459459 ) ) ;
#939 = CARTESIAN_POINT ( 'NONE',  ( 0.5194644687357653501, -7.984148445086405310, 5.935779146834286202 ) ) ;
#940 = CARTESIAN_POINT ( 'NONE',  ( 2.000065919835252171, 9.797945515304448350, 133.8310432903105038 ) ) ;
#941 = VECTOR ( 'NONE', #1466, 1000.000000000000000 ) ;
#942 = AXIS2_PLACEMENT_3D ( 'NONE', #594, #253, #1469 ) ;
#943 = CARTESIAN_POINT ( 'NONE',  ( -7.772024952455932834, -1.896908818331614732, 4.647058988815063074 ) ) ;
#944 = CARTESIAN_POINT ( 'NONE',  ( 7.771853593872752874, -1.897623020737719601, 4.645216175298253702 ) ) ;
#945 = EDGE_LOOP ( 'NONE', ( #78, #1060, #1005, #1319 ) ) ;
#946 = CARTESIAN_POINT ( 'NONE',  ( -1.589934537613396870, -9.873069416396527131, 132.4797271820720823 ) ) ;
#947 = CYLINDRICAL_SURFACE ( 'NONE', #294, 8.000000000000000000 ) ;
#948 = CARTESIAN_POINT ( 'NONE',  ( 0.000000000000000000, 0.000000000000000000, 137.6999999999999886 ) ) ;
#949 = CARTESIAN_POINT ( 'NONE',  ( -1.321192019095415615, -9.912776118701883021, 2.492869214650000664 ) ) ;
#950 = CARTESIAN_POINT ( 'NONE',  ( -8.000000000000000000, 0.2616078369633826339, 2.000000000000005329 ) ) ;
#951 = CARTESIAN_POINT ( 'NONE',  ( 7.974800906200420592, -0.6459572193033866760, 5.897320528107466764 ) ) ;
#952 = EDGE_CURVE ( 'NONE', #313, #844, #407, .T. ) ;
#953 = CARTESIAN_POINT ( 'NONE',  ( 1.585744036539316581E-14, -10.00000000000000000, 131.6999999999999886 ) ) ;
#954 = CARTESIAN_POINT ( 'NONE',  ( 8.000000000000000000, 9.797174393178825657E-16, 137.6999999999999886 ) ) ;
#955 = CARTESIAN_POINT ( 'NONE',  ( 0.8887833853036789522, -7.951404893047540945, 5.796450418848878350 ) ) ;
#956 = CARTESIAN_POINT ( 'NONE',  ( 0.5251341732626125802, 9.989121358340899093, 131.7526516133838470 ) ) ;
#957 = DIRECTION ( 'NONE',  ( 1.000000000000000000, -0.000000000000000000, -0.000000000000000000 ) ) ;
#958 = CARTESIAN_POINT ( 'NONE',  ( -7.749316145293226654, 1.987156920306905272, 4.261448089420552421 ) ) ;
#959 = CARTESIAN_POINT ( 'NONE',  ( 8.000000000000000000, 9.797194175653758407E-16, 6.000000000000001776 ) ) ;
#960 = EDGE_CURVE ( 'NONE', #681, #642, #909, .T. ) ;
#961 = ORIENTED_EDGE ( 'NONE', *, *, #346, .F. ) ;
#962 = CLOSED_SHELL ( 'NONE', ( #1189, #275, #273, #592, #1379, #1019, #1563, #121, #1169, #610, #1309, #1052, #1524, #406, #1527, #1187, #484, #1358, #662, #387, #930, #182 ) ) ;
#963 = CARTESIAN_POINT ( 'NONE',  ( 0.000000000000000000, 0.000000000000000000, 137.6999999999999886 ) ) ;
#964 = CARTESIAN_POINT ( 'NONE',  ( 1.081036344794437617E-14, 8.000000000000000000, 135.6999999999999886 ) ) ;
#965 = DIRECTION ( 'NONE',  ( 0.000000000000000000, 0.000000000000000000, -1.000000000000000000 ) ) ;
#966 = CARTESIAN_POINT ( 'NONE',  ( 1.506973737573808370, 9.886234806991456736, 135.0213342394384028 ) ) ;
#967 = CARTESIAN_POINT ( 'NONE',  ( -7.745987985108949481, 1.999917533746010445, 3.735540361278836485 ) ) ;
#968 = CARTESIAN_POINT ( 'NONE',  ( 7.984148445086407087, -0.5194644687357492518, 2.064220853165720460 ) ) ;
#969 = CARTESIAN_POINT ( 'NONE',  ( 1.986956812555789709, -9.800647177330475301, 3.737050667744975740 ) ) ;
#970 = CARTESIAN_POINT ( 'NONE',  ( -0.2632191828420148982, -9.997369511432394162, 5.986967002188265496 ) ) ;
#971 = CARTESIAN_POINT ( 'NONE',  ( -10.00000000000000000, 0.000000000000000000, 137.6999999999999886 ) ) ;
#972 = LINE ( 'NONE', #372, #1227 ) ;
#973 = VECTOR ( 'NONE', #804, 1000.000000000000000 ) ;
#974 = ORIENTED_EDGE ( 'NONE', *, *, #1505, .F. ) ;
#975 = CARTESIAN_POINT ( 'NONE',  ( 1.561251128379126385E-14, -10.00000000000000000, 6.000000000000003553 ) ) ;
#976 = CARTESIAN_POINT ( 'NONE',  ( 7.098907255260890222E-15, 10.00000000000000000, 135.6999999999999886 ) ) ;
#977 = CARTESIAN_POINT ( 'NONE',  ( -7.974800906200422368, -0.6459572193033851217, 131.8026794718925032 ) ) ;
#978 = CARTESIAN_POINT ( 'NONE',  ( -8.000000000000000000, 0.000000000000000000, 137.6999999999999886 ) ) ;
#979 = CARTESIAN_POINT ( 'NONE',  ( 1.935588659042485116, -7.762358105021260002, 134.2204404271748217 ) ) ;
#980 = CARTESIAN_POINT ( 'NONE',  ( -1.747157896603911187, -7.807561963254345372, 5.007792676877642180 ) ) ;
#981 = EDGE_LOOP ( 'NONE', ( #1538, #562 ) ) ;
#982 = CARTESIAN_POINT ( 'NONE',  ( -0.1307110423220257389, 10.00000000000000533, 131.7000000000000171 ) ) ;
#983 = STYLED_ITEM ( 'NONE', ( #1190 ), #1093 ) ;
#984 = DIRECTION ( 'NONE',  ( -0.000000000000000000, -0.000000000000000000, -1.000000000000000000 ) ) ;
#985 = CARTESIAN_POINT ( 'NONE',  ( -10.00000000000000000, 0.000000000000000000, 0.000000000000000000 ) ) ;
#986 = CARTESIAN_POINT ( 'NONE',  ( -9.846745992608781251, 1.747014644633034575, 5.008407546601720384 ) ) ;
#987 = CARTESIAN_POINT ( 'NONE',  ( -9.837475732712768206, -1.796303269674125014, 134.5891334809100215 ) ) ;
#988 = CARTESIAN_POINT ( 'NONE',  ( -0.5194644687357388158, 7.984148445086407087, 135.6357791468342384 ) ) ;
#989 = SHAPE_DEFINITION_REPRESENTATION ( #369, #1415 ) ;
#990 = ORIENTED_EDGE ( 'NONE', *, *, #1412, .F. ) ;
#991 = CARTESIAN_POINT ( 'NONE',  ( -1.590904022635892368, -9.872915131417240531, 134.9190793985558798 ) ) ;
#992 = CARTESIAN_POINT ( 'NONE',  ( 0.000000000000000000, 0.000000000000000000, 137.6999999999999886 ) ) ;
#993 = CARTESIAN_POINT ( 'NONE',  ( -8.000000000000000000, 1.978396885978259043E-21, 131.6999999999999886 ) ) ;
#994 = CARTESIAN_POINT ( 'NONE',  ( 9.961379120966102008, 0.8862865570898300627, 5.797631510743534555 ) ) ;
#995 = CARTESIAN_POINT ( 'NONE',  ( 1.896908818331636271, -7.772024952455927505, 134.3470589888150926 ) ) ;
#996 = CARTESIAN_POINT ( 'NONE',  ( -1.897623020737704058, 7.771853593872754651, 133.0547838247017012 ) ) ;
#997 = EDGE_CURVE ( 'NONE', #753, #223, #1200, .T. ) ;
#998 = EDGE_LOOP ( 'NONE', ( #1307, #1176, #1462, #396 ) ) ;
#999 = CARTESIAN_POINT ( 'NONE',  ( -0.6452468915374460767, 9.979897625057819965, 131.8024269274031894 ) ) ;
#1000 = B_SPLINE_CURVE_WITH_KNOTS ( 'NONE', 3,
 ( #805, #1173, #1278, #185, #1038, #456, #75, #557, #1303, #684, #1182, #732, #867, #137, #373, #1368, #261, #270, #624, #1493, #752, #1033, #1049, #444, #297, #1026, #648, #665 ),
 .UNSPECIFIED., .F., .F.,
 ( 4, 2, 2, 2, 2, 2, 2, 2, 2, 2, 2, 2, 2, 4 ),
 ( 9.375022434932147274E-20, 0.0003917964489861717288, 0.0007835928979723434575, 0.001175389346958514861, 0.001567185795944686481, 0.002350778693917030156, 0.003134371591889373396, 0.003526168040875545667, 0.003917964489861717504, 0.004701557387834061179, 0.005093353836820232149, 0.005485150285806402251, 0.005876946734792573221, 0.006268743183778744191 ),
 .UNSPECIFIED. ) ;
#1001 = CARTESIAN_POINT ( 'NONE',  ( -7.807577765666405156, -1.747074451681724261, 134.7077323357734713 ) ) ;
#1002 = CARTESIAN_POINT ( 'NONE',  ( 8.000000000000000000, 9.797194177136816909E-16, 135.6999999999999886 ) ) ;
#1003 = CARTESIAN_POINT ( 'NONE',  ( 1.561251128379126385E-14, -10.00000000000000000, 133.6999999999999886 ) ) ;
#1004 = CARTESIAN_POINT ( 'NONE',  ( 8.000000000000000000, 9.797194175653758407E-16, 6.000000000000001776 ) ) ;
#1005 = ORIENTED_EDGE ( 'NONE', *, *, #952, .T. ) ;
#1006 = CARTESIAN_POINT ( 'NONE',  ( -0.1327117393334160955, 8.000000000000000000, 6.000000000000003553 ) ) ;
#1007 = EDGE_CURVE ( 'NONE', #1418, #438, #723, .T. ) ;
#1008 = CARTESIAN_POINT ( 'NONE',  ( -1.797542998180367890, -9.837247290098337871, 134.5865315801400186 ) ) ;
#1009 = UNCERTAINTY_MEASURE_WITH_UNIT (LENGTH_MEASURE( 1.000000000000000082E-05 ), #1209, 'distance_accuracy_value', 'NONE');
#1010 = CARTESIAN_POINT ( 'NONE',  ( -7.951587023479459226, 0.8870766108512307957, 131.9027520067779449 ) ) ;
#1011 = CARTESIAN_POINT ( 'NONE',  ( 7.906826417411151553, 1.231595279792689457, 132.1029594417780402 ) ) ;
#1012 = DIRECTION ( 'NONE',  ( -1.000000000000000000, 0.000000000000000000, 0.000000000000000000 ) ) ;
#1013 = CARTESIAN_POINT ( 'NONE',  ( -9.797945515304453679, -2.000065919835233075, 3.868956709689429729 ) ) ;
#1014 = CARTESIAN_POINT ( 'NONE',  ( -1.987137565699528707, 7.749321976959588909, 133.9620037981354415 ) ) ;
#1015 = APPLICATION_PROTOCOL_DEFINITION ( 'draft international standard', 'automotive_design', 1998, #668 ) ;
#1016 = ORIENTED_EDGE ( 'NONE', *, *, #780, .F. ) ;
#1017 = CARTESIAN_POINT ( 'NONE',  ( 1.081036344794437617E-14, 8.000000000000000000, 135.6999999999999886 ) ) ;
#1018 = CARTESIAN_POINT ( 'NONE',  ( 7.098907255260890222E-15, 10.00000000000000000, 135.6999999999999886 ) ) ;
#1019 = ADVANCED_FACE ( 'NONE', ( #1579 ), #1054, .F. ) ;
#1020 = DIRECTION ( 'NONE',  ( -0.000000000000000000, -0.000000000000000000, -1.000000000000000000 ) ) ;
#1021 = CARTESIAN_POINT ( 'NONE',  ( 0.5257459082440674170, 7.986373123133517105, 131.7527937216093790 ) ) ;
#1022 = CARTESIAN_POINT ( 'NONE',  ( 9.950168957865104247, 1.003061478999813128, 5.735227201736295299 ) ) ;
#1023 = CARTESIAN_POINT ( 'NONE',  ( 9.886441425883250034, 1.505640947705451094, 135.0228895993481899 ) ) ;
#1024 = B_SPLINE_CURVE_WITH_KNOTS ( 'NONE', 3,
 ( #1018, #1361, #1503, #1370, #166, #1511, #643, #1487, #414, #1378, #876, #397, #1396, #755, #1123, #1254, #635, #405, #1480, #651, #1141, #770, #8, #999, #497, #263, #982, #884 ),
 .UNSPECIFIED., .F., .F.,
 ( 4, 2, 2, 2, 2, 2, 2, 2, 2, 2, 2, 2, 2, 4 ),
 ( 6.896190359369863838E-18, 0.0003917964489861778003, 0.0007835928979723487701, 0.001175389346958519632, 0.001567185795944690601, 0.002350778693917032758, 0.003134371591889375131, 0.003526168040875546101, 0.003917964489861717504, 0.004701557387834058577, 0.005093353836820229547, 0.005485150285806400516, 0.005876946734792571486, 0.006268743183778743323 ),
 .UNSPECIFIED. ) ;
#1025 = CARTESIAN_POINT ( 'NONE',  ( 10.00000000000000000, 3.762930740020308884E-15, 131.6999999999999886 ) ) ;
#1026 = CARTESIAN_POINT ( 'NONE',  ( 9.997356224096417776, -0.2634705507658352541, 5.986898633225289146 ) ) ;
#1027 = ORIENTED_EDGE ( 'NONE', *, *, #659, .T. ) ;
#1028 = CARTESIAN_POINT ( 'NONE',  ( -9.800647177330477078, 1.986956812555769059, 133.9629493322549934 ) ) ;
#1029 = CARTESIAN_POINT ( 'NONE',  ( 7.986373123133518881, 0.5257459082440545384, 135.6472062783905699 ) ) ;
#1030 = CARTESIAN_POINT ( 'NONE',  ( 7.810069625219886014, 1.734436901630828753, 5.004298704478937765 ) ) ;
#1031 = CARTESIAN_POINT ( 'NONE',  ( 9.912776118701877692, 1.321192019095434933, 135.2071307853499889 ) ) ;
#1032 = CARTESIAN_POINT ( 'NONE',  ( 10.00000000000000000, 1.224647077396957435E-15, 135.6999999999999886 ) ) ;
#1033 = CARTESIAN_POINT ( 'NONE',  ( 9.950051624612646251, -1.004151384216444010, 5.734537628698956446 ) ) ;
#1034 = ORIENTED_EDGE ( 'NONE', *, *, #1284, .F. ) ;
#1035 = CARTESIAN_POINT ( 'NONE',  ( -9.979897625057819965, 0.6452468915374646174, 135.5975730725967878 ) ) ;
#1036 = CYLINDRICAL_SURFACE ( 'NONE', #1436, 8.000000000000000000 ) ;
#1037 = CARTESIAN_POINT ( 'NONE',  ( 8.000000000000000000, 0.1326759759031825026, 131.6999999999999886 ) ) ;
#1038 = CARTESIAN_POINT ( 'NONE',  ( 9.979847886653635314, -0.6460435163823862181, 2.102685119208008935 ) ) ;
#1039 = VECTOR ( 'NONE', #605, 1000.000000000000000 ) ;
#1040 = CARTESIAN_POINT ( 'NONE',  ( 9.872915131417235202, 1.590904022635901915, 132.4809206014439837 ) ) ;
#1041 = DIRECTION ( 'NONE',  ( 1.000000000000000000, -0.000000000000000000, -0.000000000000000000 ) ) ;
#1042 = VERTEX_POINT ( 'NONE', #821 ) ;
#1043 = CARTESIAN_POINT ( 'NONE',  ( -9.979847886653633537, 0.6460435163823933236, 131.8026851192079789 ) ) ;
#1044 = VERTEX_POINT ( 'NONE', #692 ) ;
#1045 = CARTESIAN_POINT ( 'NONE',  ( -0.6485839344018425878, -7.974582062926347525, 135.5964009448516663 ) ) ;
#1046 = CARTESIAN_POINT ( 'NONE',  ( 0.5188228709850066789, -9.987354202998862007, 135.6359415508103154 ) ) ;
#1047 = CARTESIAN_POINT ( 'NONE',  ( -10.00000000000000000, -3.762930740020308884E-15, 131.6999999999999886 ) ) ;
#1048 = CARTESIAN_POINT ( 'NONE',  ( 9.961319745156343330, -0.8870225997300245080, 135.4973085501525247 ) ) ;
#1049 = CARTESIAN_POINT ( 'NONE',  ( 9.961319745156341554, -0.8870225997300238419, 5.797308550152544981 ) ) ;
#1050 = VERTEX_POINT ( 'NONE', #954 ) ;
#1051 = CARTESIAN_POINT ( 'NONE',  ( -1.220816267737053318, 7.907055480996295849, 2.410492080581815078 ) ) ;
#1052 = ADVANCED_FACE ( 'NONE', ( #225, #1311 ), #700, .F. ) ;
#1053 = AXIS2_PLACEMENT_3D ( 'NONE', #790, #815, #566 ) ;
#1054 = CYLINDRICAL_SURFACE ( 'NONE', #828, 2.000000000000000000 ) ;
#1055 = CARTESIAN_POINT ( 'NONE',  ( -0.5205524247250480352, 9.987270566862253673, 2.064487643297979957 ) ) ;
#1056 = CARTESIAN_POINT ( 'NONE',  ( -9.997369511432394162, -0.2632191828420310520, 2.013032997811739389 ) ) ;
#1057 = ORIENTED_EDGE ( 'NONE', *, *, #1457, .F. ) ;
#1058 = CARTESIAN_POINT ( 'NONE',  ( -1.003468033889151734, 7.937572609243812138, 5.734962702708569005 ) ) ;
#1059 = CARTESIAN_POINT ( 'NONE',  ( -1.002867846700208565, 9.950185633978259503, 5.735314096415974561 ) ) ;
#1060 = ORIENTED_EDGE ( 'NONE', *, *, #525, .F. ) ;
#1061 = CARTESIAN_POINT ( 'NONE',  ( 1.987156920306926144, 7.749316145293217772, 133.9614480894205144 ) ) ;
#1062 = CARTESIAN_POINT ( 'NONE',  ( 10.00000000000000000, 1.224647077396957435E-15, 135.6999999999999886 ) ) ;
#1063 = CARTESIAN_POINT ( 'NONE',  ( 1.598295816642699263, -7.840935383214963750, 5.230019695039600514 ) ) ;
#1064 = CARTESIAN_POINT ( 'NONE',  ( 1.897672711835123982, 9.818423160345593814, 134.3449320519631272 ) ) ;
#1065 = B_SPLINE_CURVE_WITH_KNOTS ( 'NONE', 3,
 ( #1025, #187, #452, #1151, #433, #916, #1517, #1417, #1288, #320, #202, #898, #1400, #559, #304, #1554, #1167, #935, #69, #553, #1433, #767, #1048, #774, #1273, #656, #537, #1032 ),
 .UNSPECIFIED., .F., .F.,
 ( 4, 2, 2, 2, 2, 2, 2, 2, 2, 2, 2, 2, 2, 4 ),
 ( 3.655476224608161323E-18, 0.0003917964489861754693, 0.0007835928979723471438, 0.001175389346958518764, 0.001567185795944690601, 0.002350778693917033625, 0.003134371591889377300, 0.003526168040875549137, 0.003917964489861720974, 0.004701557387834063781, 0.005093353836820235618, 0.005485150285806407455, 0.005876946734792579292, 0.006268743183778751130 ),
 .UNSPECIFIED. ) ;
#1066 = EDGE_LOOP ( 'NONE', ( #931, #73, #1207, #1212 ) ) ;
#1067 = AXIS2_PLACEMENT_3D ( 'NONE', #759, #501, #269 ) ;
#1068 = CARTESIAN_POINT ( 'NONE',  ( 7.749321976959583580, -1.987137565699541364, 3.737996201864580925 ) ) ;
#1069 = ORIENTED_EDGE ( 'NONE', *, *, #1504, .T. ) ;
#1070 = CARTESIAN_POINT ( 'NONE',  ( 1.585744262195660647E-14, 8.000000000000000000, 131.6999999999999886 ) ) ;
#1071 = CARTESIAN_POINT ( 'NONE',  ( -10.00000000000000000, -0.1324701897823194197, 2.000000000000005329 ) ) ;
#1072 = CARTESIAN_POINT ( 'NONE',  ( -1.589934537613392651, -9.873069416396527131, 2.779727182072119440 ) ) ;
#1073 = CARTESIAN_POINT ( 'NONE',  ( 8.000000000000001776, 0.1326759759031826968, 2.000000000000005773 ) ) ;
#1074 = CARTESIAN_POINT ( 'NONE',  ( -7.951587023479457450, 0.8870766108512291304, 2.202752006777991767 ) ) ;
#1075 = CARTESIAN_POINT ( 'NONE',  ( 7.937572609243810362, -1.003468033889167499, 2.265037297291438989 ) ) ;
#1076 = EDGE_LOOP ( 'NONE', ( #89, #1160 ) ) ;
#1077 = AXIS2_PLACEMENT_3D ( 'NONE', #579, #315, #403 ) ;
#1078 = EDGE_LOOP ( 'NONE', ( #1206, #204, #1478, #448 ) ) ;
#1079 = CARTESIAN_POINT ( 'NONE',  ( 1.231595279792712772, 7.906826417411146224, 135.2970405582218518 ) ) ;
#1080 = CARTESIAN_POINT ( 'NONE',  ( -9.886234806991460289, -1.506973737573787941, 2.678665760561595999 ) ) ;
#1081 = CARTESIAN_POINT ( 'NONE',  ( 0.8862865570898502687, 9.961379120966105560, 131.9023684892564745 ) ) ;
#1082 = B_SPLINE_CURVE_WITH_KNOTS ( 'NONE', 3,
 ( #670, #1422, #210, #1046, #325, #1164, #67, #200, #543, #1570, #450, #551, #1438, #217, #1552, #693, #933, #677, #1414, #1430, #1286, #1540, #309, #782, #661, #335, #797, #84 ),
 .UNSPECIFIED., .F., .F.,
 ( 4, 2, 2, 2, 2, 2, 2, 2, 2, 2, 2, 2, 2, 4 ),
 ( 1.616141754102906637E-18, 0.0003917964489861735719, 0.0007835928979723457343, 0.001175389346958517680, 0.001567185795944689951, 0.002350778693917034059, 0.003134371591889378167, 0.003526168040875550004, 0.003917964489861721841, 0.004701557387834065516, 0.005093353836820237353, 0.005485150285806410057, 0.005876946734792581895, 0.006268743183778752864 ),
 .UNSPECIFIED. ) ;
#1083 = CARTESIAN_POINT ( 'NONE',  ( 7.762229284803763285, 1.936101721439437817, 3.481677847642492996 ) ) ;
#1084 = VERTEX_POINT ( 'NONE', #1551 ) ;
#1085 = CARTESIAN_POINT ( 'NONE',  ( 7.951404893047539169, -0.8887833853036625209, 2.203549581151131864 ) ) ;
#1086 = CARTESIAN_POINT ( 'NONE',  ( -1.796303269674115688, -9.837475732712773535, 132.8108665190899842 ) ) ;
#1087 = B_SPLINE_CURVE_WITH_KNOTS ( 'NONE', 3,
 ( #291, #1135, #1531, #1010, #429, #316, #788, #65, #34, #518, #1560, #574, #1550, #108, #224, #82, #1208, #1586, #1198, #1293, #583, #813, #1578, #333, #769, #754 ),
 .UNSPECIFIED., .F., .F.,
 ( 4, 2, 2, 2, 2, 2, 2, 2, 2, 2, 2, 2, 4 ),
 ( 0.006277896519452595345, 0.007062422111839155615, 0.007454684908032435317, 0.007846947704225715886, 0.008239210500418996455, 0.008631473296612277024, 0.009415998888998761834, 0.009808261685191964341, 0.01020052448138516511, 0.01098505007377149206, 0.01176957566615781901, 0.01216183846235098162, 0.01255410125854414596 ),
 .UNSPECIFIED. ) ;
#1088 = CARTESIAN_POINT ( 'NONE',  ( 0.5211700542677365489, 7.984048399427290832, 135.6353690447989493 ) ) ;
#1089 = CARTESIAN_POINT ( 'NONE',  ( 1.897623020737737143, -7.771853593872747545, 3.354783824701753403 ) ) ;
#1090 = CARTESIAN_POINT ( 'NONE',  ( -0.5251341732625758318, -9.989121358340900869, 2.052651613383877471 ) ) ;
#1091 = CARTESIAN_POINT ( 'NONE',  ( -7.937572609243813915, -1.003468033889167277, 5.734962702708569005 ) ) ;
#1092 = CARTESIAN_POINT ( 'NONE',  ( 7.745980922894662335, -1.999944885583451626, 3.868127965182820205 ) ) ;
#1093 = MANIFOLD_SOLID_BREP ( '\X2\52079664\X0\-\X2\62c94f38\X0\2', #962 ) ;
#1094 = DIRECTION ( 'NONE',  ( 0.000000000000000000, 0.000000000000000000, 1.000000000000000000 ) ) ;
#1095 = CARTESIAN_POINT ( 'NONE',  ( 1.585744092184933747E-14, 10.00000000000000000, 131.6999999999999886 ) ) ;
#1096 = CARTESIAN_POINT ( 'NONE',  ( 1.008956999869116133, 9.951893929841503450, 5.746387000373534448 ) ) ;
#1097 = CARTESIAN_POINT ( 'NONE',  ( -1.008956999869096149, -9.951893929841503450, 5.746387000373526455 ) ) ;
#1098 = DIRECTION ( 'NONE',  ( -0.000000000000000000, -0.000000000000000000, -1.000000000000000000 ) ) ;
#1099 = CARTESIAN_POINT ( 'NONE',  ( 7.762359716585944369, -1.935580650961807869, 4.520279624349200276 ) ) ;
#1100 = CARTESIAN_POINT ( 'NONE',  ( 0.6460435163824018723, -9.979847886653635314, 5.897314880791999947 ) ) ;
#1101 = CARTESIAN_POINT ( 'NONE',  ( -10.00000000000000000, 0.000000000000000000, 4.000000000000003553 ) ) ;
#1102 = CARTESIAN_POINT ( 'NONE',  ( -7.951553933163024723, -0.8874121199898540313, 131.9028952048244037 ) ) ;
#1103 =( LENGTH_UNIT ( ) NAMED_UNIT ( * ) SI_UNIT ( .MILLI., .METRE. ) );
#1104 = CARTESIAN_POINT ( 'NONE',  ( 1.747074451681745133, -7.807577765666398051, 134.7077323357734713 ) ) ;
#1105 = CARTESIAN_POINT ( 'NONE',  ( -1.936101721439424050, -7.762229284803765061, 4.518322152357516330 ) ) ;
#1106 = ORIENTED_EDGE ( 'NONE', *, *, #1306, .F. ) ;
#1107 = CARTESIAN_POINT ( 'NONE',  ( -1.505640947705428445, -9.886441425883251810, 132.3771104006517305 ) ) ;
#1108 = FACE_OUTER_BOUND ( 'NONE', #998, .T. ) ;
#1109 = DIRECTION ( 'NONE',  ( 0.000000000000000000, 0.000000000000000000, 1.000000000000000000 ) ) ;
#1110 = CARTESIAN_POINT ( 'NONE',  ( -7.890702084274369810, -1.321243383061841525, 132.1928564494834006 ) ) ;
#1111 = CARTESIAN_POINT ( 'NONE',  ( -9.886441425883250034, -1.505640947705451538, 135.0228895993482752 ) ) ;
#1112 = CARTESIAN_POINT ( 'NONE',  ( -1.598295816642673506, 7.840935383214970855, 134.9300196950395900 ) ) ;
#1113 = ORIENTED_EDGE ( 'NONE', *, *, #572, .F. ) ;
#1114 = AXIS2_PLACEMENT_3D ( 'NONE', #590, #1183, #1432 ) ;
#1115 = DIRECTION ( 'NONE',  ( -0.000000000000000000, -0.000000000000000000, -1.000000000000000000 ) ) ;
#1116 = CYLINDRICAL_SURFACE ( 'NONE', #80, 2.000000000000001776 ) ;
#1117 = CARTESIAN_POINT ( 'NONE',  ( -7.890428514764655787, -1.322815993893823983, 135.2056667420845031 ) ) ;
#1118 = CARTESIAN_POINT ( 'NONE',  ( 9.797945515304451902, 2.000065919835233075, 3.868956709689429729 ) ) ;
#1119 = CARTESIAN_POINT ( 'NONE',  ( 1.003468033889191036, -7.937572609243808586, 135.4349627027085887 ) ) ;
#1120 = CARTESIAN_POINT ( 'NONE',  ( -1.004592630658768027, 7.937424795583957859, 131.9657216394445527 ) ) ;
#1121 = B_SPLINE_CURVE_WITH_KNOTS ( 'NONE', 3,
 ( #637, #392, #134, #35, #519, #507, #1467, #748, #1117, #493, #1001, #377, #611, #368, #847, #1347, #250, #258, #729, #1224, #720, #1110, #124, #604, #1102, #977, #1473, #12, #384, #864 ),
 .UNSPECIFIED., .F., .F.,
 ( 4, 2, 2, 2, 2, 2, 2, 2, 2, 2, 2, 2, 2, 2, 4 ),
 ( 3.752636460247081339E-18, 0.0003923685324657933348, 0.0007847370649315829833, 0.001177105597397372578, 0.001569474129863162063, 0.002354211194794741686, 0.002746579727260492574, 0.003138948259726243896, 0.003531316792191995652, 0.003923685324657745672, 0.004708422389589324644, 0.005100790922055143187, 0.005493159454520959994, 0.005885527986986777670, 0.006277896519452595345 ),
 .UNSPECIFIED. ) ;
#1122 = ORIENTED_EDGE ( 'NONE', *, *, #680, .F. ) ;
#1123 = CARTESIAN_POINT ( 'NONE',  ( -1.986956812555757734, 9.800647177330477078, 133.4370506677449555 ) ) ;
#1124 = CARTESIAN_POINT ( 'NONE',  ( 1.589934537613427290, 9.873069416396525355, 2.779727182072123881 ) ) ;
#1125 = CARTESIAN_POINT ( 'NONE',  ( -9.797979964923108298, 1.999897151843265108, 3.737581418956419821 ) ) ;
#1126 = AXIS2_PLACEMENT_3D ( 'NONE', #408, #887, #1271 ) ;
#1127 = CARTESIAN_POINT ( 'NONE',  ( 9.848400811255325848, 1.736211468189294171, 2.998650946497409819 ) ) ;
#1128 = EDGE_CURVE ( 'NONE', #438, #388, #334, .T. ) ;
#1129 = CARTESIAN_POINT ( 'NONE',  ( -7.745952552711892203, -2.000054762839163391, 3.869805051624084502 ) ) ;
#1130 = CARTESIAN_POINT ( 'NONE',  ( -1.220493768314491856, 7.907110849327998459, 135.2897920104003333 ) ) ;
#1131 = AXIS2_PLACEMENT_3D ( 'NONE', #963, #1094, #1345 ) ;
#1132 = ORIENTED_EDGE ( 'NONE', *, *, #251, .F. ) ;
#1133 = CARTESIAN_POINT ( 'NONE',  ( 1.568550547722543300E-14, 8.000000000000000000, 6.000000000000003553 ) ) ;
#1134 = DIRECTION ( 'NONE',  ( 0.000000000000000000, 0.000000000000000000, 1.000000000000000000 ) ) ;
#1135 = CARTESIAN_POINT ( 'NONE',  ( -8.000000000000000000, 0.2616078369633821343, 131.6999999999999318 ) ) ;
#1136 = CARTESIAN_POINT ( 'NONE',  ( -9.818393111318728828, 1.897833874312717439, 4.644564250220705404 ) ) ;
#1137 = CARTESIAN_POINT ( 'NONE',  ( 9.837475732712768206, 1.796303269674125680, 4.889133480910047957 ) ) ;
#1138 = CARTESIAN_POINT ( 'NONE',  ( -10.00000000000000000, -2.782501739331761681E-22, 135.6999999999999886 ) ) ;
#1139 = CARTESIAN_POINT ( 'NONE',  ( 7.937572609243812138, -1.003468033889165056, 131.9650372972914454 ) ) ;
#1140 = EDGE_LOOP ( 'NONE', ( #883, #453, #1057, #891 ) ) ;
#1141 = CARTESIAN_POINT ( 'NONE',  ( -1.220491419117918586, 9.925837396952465141, 132.1102385450464851 ) ) ;
#1142 = CARTESIAN_POINT ( 'NONE',  ( 7.759947533121958507, 1.947826084468587071, 134.2247717759590842 ) ) ;
#1143 = CARTESIAN_POINT ( 'NONE',  ( 7.951587023479461003, 0.8870766108512305737, 5.797247993222012674 ) ) ;
#1144 = CARTESIAN_POINT ( 'NONE',  ( -9.810776074658404511, -1.936322638581184696, 3.482578380049690114 ) ) ;
#1145 = CARTESIAN_POINT ( 'NONE',  ( 1.568550547722543300E-14, 8.000000000000000000, 6.000000000000003553 ) ) ;
#1146 = CARTESIAN_POINT ( 'NONE',  ( 8.000000000000000000, -3.863752910171129163E-15, 131.6999999999999886 ) ) ;
#1147 = ORIENTED_EDGE ( 'NONE', *, *, #735, .F. ) ;
#1148 = CARTESIAN_POINT ( 'NONE',  ( 7.907018805897441105, 1.221090613118449353, 135.2893368098945359 ) ) ;
#1149 = CARTESIAN_POINT ( 'NONE',  ( 10.00000000000000000, 0.2613545472027439809, 6.000000000000002665 ) ) ;
#1150 = CARTESIAN_POINT ( 'NONE',  ( -9.837475732712769982, -1.796303269674125014, 4.889133480910050622 ) ) ;
#1151 = CARTESIAN_POINT ( 'NONE',  ( 9.987354202998862007, -0.5188228709849909137, 131.7640584491896618 ) ) ;
#1152 = EDGE_LOOP ( 'NONE', ( #691, #861 ) ) ;
#1153 = CARTESIAN_POINT ( 'NONE',  ( -1.598295816642667733, 7.840935383214970855, 5.230019695039600514 ) ) ;
#1154 = CARTESIAN_POINT ( 'NONE',  ( -1.294432886084361382E-16, 10.00000000000000000, 6.000000000000003553 ) ) ;
#1155 = CARTESIAN_POINT ( 'NONE',  ( -2.000041086925776757, -7.745956083816768256, 133.8312932259601382 ) ) ;
#1156 = CARTESIAN_POINT ( 'NONE',  ( -1.321140203729199936, 9.912790001074045065, 2.492728575604633789 ) ) ;
#1157 = CARTESIAN_POINT ( 'NONE',  ( -9.987236471148134953, -0.5213340154858341347, 131.7646620320216471 ) ) ;
#1158 = CARTESIAN_POINT ( 'NONE',  ( 1.561251128379126385E-14, -10.00000000000000000, 6.000000000000003553 ) ) ;
#1159 = B_SPLINE_CURVE_WITH_KNOTS ( 'NONE', 3,
 ( #593, #1598, #569, #460, #1449, #936, #1091, #1591, #1434, #482, #338, #943, #818, #1316, #467, #1129, #881, #1484, #487, #721, #630, #286, #1492, #126, #154, #730, #30, #1468, #371, #385 ),
 .UNSPECIFIED., .F., .F.,
 ( 4, 2, 2, 2, 2, 2, 2, 2, 2, 2, 2, 2, 2, 2, 4 ),
 ( 8.421200243448837579E-20, 0.0003923685324657875885, 0.0007847370649315750686, 0.001177105597397362386, 0.001569474129863149920, 0.002354211194794724772, 0.002746579727260512090, 0.003138948259726299841, 0.003531316792192088459, 0.003923685324657877511, 0.004708422389589454748, 0.005100790922055244668, 0.005493159454521033720, 0.005885527986986822772, 0.006277896519452611825 ),
 .UNSPECIFIED. ) ;
#1160 = ORIENTED_EDGE ( 'NONE', *, *, #389, .T. ) ;
#1161 = CARTESIAN_POINT ( 'NONE',  ( -9.912790001074036184, 1.321140203729219254, 135.2072714243953442 ) ) ;
#1162 = CARTESIAN_POINT ( 'NONE',  ( -0.1325044218160362219, 9.999999999999998224, 6.000000000000003553 ) ) ;
#1163 = CARTESIAN_POINT ( 'NONE',  ( 7.996702438180760097, 0.2634334547031016993, 131.7130741382792394 ) ) ;
#1164 = CARTESIAN_POINT ( 'NONE',  ( 0.8881125768341188165, -9.961224428586774593, 135.4967838024658420 ) ) ;
#1165 = CARTESIAN_POINT ( 'NONE',  ( -9.810776074658400958, -1.936322638581182254, 133.1825783800496197 ) ) ;
#1166 = EDGE_CURVE ( 'NONE', #32, #496, #1569, .T. ) ;
#1167 = CARTESIAN_POINT ( 'NONE',  ( 9.818393111318723498, -1.897833874312723657, 134.3445642502206852 ) ) ;
#1168 = EDGE_LOOP ( 'NONE', ( #614, #63, #503, #1274 ) ) ;
#1169 = ADVANCED_FACE ( 'NONE', ( #1437, #565, #1321 ), #947, .F. ) ;
#1170 = CARTESIAN_POINT ( 'NONE',  ( -1.599235059273403925, 7.840784467476283659, 2.770727751153561069 ) ) ;
#1171 = ORIENTED_EDGE ( 'NONE', *, *, #1547, .T. ) ;
#1172 = CARTESIAN_POINT ( 'NONE',  ( 7.951587023479457450, 0.8870766108512316839, 135.4972479932219471 ) ) ;
#1173 = CARTESIAN_POINT ( 'NONE',  ( 9.999999999999998224, -0.1325044218160364995, 2.000000000000005773 ) ) ;
#1174 = CARTESIAN_POINT ( 'NONE',  ( -8.000000000000000000, 0.000000000000000000, 137.6999999999999886 ) ) ;
#1175 = CARTESIAN_POINT ( 'NONE',  ( 1.598443203470191420, 7.840899836980348425, 5.229774289491161632 ) ) ;
#1176 = ORIENTED_EDGE ( 'NONE', *, *, #1440, .F. ) ;
#1177 = CARTESIAN_POINT ( 'NONE',  ( -10.00000000000000000, -3.762930740020308884E-15, 131.6999999999999886 ) ) ;
#1178 = EDGE_LOOP ( 'NONE', ( #675, #812, #523, #1034 ) ) ;
#1179 = B_SPLINE_CURVE_WITH_KNOTS ( 'NONE', 3,
 ( #260, #155, #136, #988, #1392, #1501, #1509, #1130, #613, #1112, #379, #6, #882, #1014, #1357, #495, #145, #1228, #996, #510, #522, #1376, #280, #1120, #889, #1385, #31, #516, #14, #1259 ),
 .UNSPECIFIED., .F., .F.,
 ( 4, 2, 2, 2, 2, 2, 2, 2, 2, 2, 2, 2, 2, 2, 4 ),
 ( 4.664044382563207484E-18, 0.0003923685324657968584, 0.0007847370649315890548, 0.001177105597397381251, 0.001569474129863173556, 0.002354211194794756865, 0.002746579727260510789, 0.003138948259726264279, 0.003531316792192017336, 0.003923685324657769959, 0.004708422389589352400, 0.005100790922055173544, 0.005493159454520994689, 0.005885527986986814966, 0.006277896519452636111 ),
 .UNSPECIFIED. ) ;
#1180 = VECTOR ( 'NONE', #984, 1000.000000000000000 ) ;
#1181 = CARTESIAN_POINT ( 'NONE',  ( 1.999917533746028653, 7.745987985108944152, 133.4355403612788393 ) ) ;
#1182 = CARTESIAN_POINT ( 'NONE',  ( 9.846669684789004506, -1.747402090674541775, 2.992820086900713328 ) ) ;
#1183 = DIRECTION ( 'NONE',  ( 1.000000000000000000, -0.000000000000000000, -0.000000000000000000 ) ) ;
#1184 = CARTESIAN_POINT ( 'NONE',  ( 1.987181854457254815, 9.800601044073140145, 133.9611106485570531 ) ) ;
#1185 = CARTESIAN_POINT ( 'NONE',  ( -7.840771670322575382, 1.589892615992653413, 2.779701379510393089 ) ) ;
#1186 = CARTESIAN_POINT ( 'NONE',  ( -9.797948521410090095, 2.000051192980873971, 133.8300317571314793 ) ) ;
#1187 = ADVANCED_FACE ( 'NONE', ( #1108 ), #1116, .F. ) ;
#1188 = ORIENTED_EDGE ( 'NONE', *, *, #465, .T. ) ;
#1189 = ADVANCED_FACE ( 'NONE', ( #1594 ), #1488, .F. ) ;
#1190 = PRESENTATION_STYLE_ASSIGNMENT (( #1458 ) ) ;
#1191 = CYLINDRICAL_SURFACE ( 'NONE', #1356, 2.000000000000001776 ) ;
#1192 = CARTESIAN_POINT ( 'NONE',  ( 1.797542998180398754, 9.837247290098332542, 134.5865315801399902 ) ) ;
#1193 = CARTESIAN_POINT ( 'NONE',  ( 1.561251128379126385E-14, -10.00000000000000000, 133.6999999999999886 ) ) ;
#1194 = CARTESIAN_POINT ( 'NONE',  ( -7.759947533121959395, 1.947826084468584407, 3.475228224040876057 ) ) ;
#1195 = AXIS2_PLACEMENT_3D ( 'NONE', #1405, #1539, #781 ) ;
#1196 = CARTESIAN_POINT ( 'NONE',  ( -1.947826084468570640, -7.759947533121964725, 3.475228224040877834 ) ) ;
#1197 = ORIENTED_EDGE ( 'NONE', *, *, #1558, .T. ) ;
#1198 = CARTESIAN_POINT ( 'NONE',  ( -7.840899836980351090, 1.598443203470172103, 134.9297742894911494 ) ) ;
#1199 = CARTESIAN_POINT ( 'NONE',  ( 1.589892615992654967, 7.840771670322575382, 132.4797013795103453 ) ) ;
#1200 = B_SPLINE_CURVE_WITH_KNOTS ( 'NONE', 3,
 ( #199, #676, #1029, #1172, #58, #1148, #913, #922, #317, #789, #894, #1142, #1285, #193, #74, #1521, #422, #1421, #542, #1011, #1397, #1506, #1262, #1163, #1037, #66 ),
 .UNSPECIFIED., .F., .F.,
 ( 4, 2, 2, 2, 2, 2, 2, 2, 2, 2, 2, 2, 4 ),
 ( 0.006277896519452596212, 0.007062422111839156483, 0.007454684908032437052, 0.007846947704225715886, 0.008239210500418998190, 0.008631473296612278759, 0.009415998888998763569, 0.009808261685191966076, 0.01020052448138516685, 0.01098505007377149206, 0.01176957566615782075, 0.01216183846235098336, 0.01255410125854414596 ),
 .UNSPECIFIED. ) ;
#1201 = CARTESIAN_POINT ( 'NONE',  ( 1.220493768314514726, -7.907110849327993130, 5.589792010400317146 ) ) ;
#1202 = LINE ( 'NONE', #817, #775 ) ;
#1203 = CARTESIAN_POINT ( 'NONE',  ( 7.996702438180760097, 0.2634334547031043638, 2.013074138279254743 ) ) ;
#1204 = CARTESIAN_POINT ( 'NONE',  ( 8.000000000000000000, 9.797174393178825657E-16, 137.6999999999999886 ) ) ;
#1205 = CARTESIAN_POINT ( 'NONE',  ( 7.951553933163022947, -0.8874121199898546974, 5.797104795175640035 ) ) ;
#1206 = ORIENTED_EDGE ( 'NONE', *, *, #1330, .F. ) ;
#1207 = ORIENTED_EDGE ( 'NONE', *, *, #897, .T. ) ;
#1208 = CARTESIAN_POINT ( 'NONE',  ( -7.771927952868187717, 1.897309154264660069, 134.3459641413823817 ) ) ;
#1209 =( LENGTH_UNIT ( ) NAMED_UNIT ( * ) SI_UNIT ( .MILLI., .METRE. ) );
#1210 = CARTESIAN_POINT ( 'NONE',  ( 1.935580650961824745, -7.762359716585939928, 3.479720375650806385 ) ) ;
#1211 = CARTESIAN_POINT ( 'NONE',  ( -1.220743154935884256, -9.925813859346394707, 2.410367362572095384 ) ) ;
#1212 = ORIENTED_EDGE ( 'NONE', *, *, #952, .F. ) ;
#1213 = FACE_BOUND ( 'NONE', #1076, .T. ) ;
#1214 = ORIENTED_EDGE ( 'NONE', *, *, #1504, .F. ) ;
#1215 = SURFACE_SIDE_STYLE ('',( #91 ) ) ;
#1216 = CARTESIAN_POINT ( 'NONE',  ( 1.506973737573797711, 9.886234806991456736, 5.321334239438420433 ) ) ;
#1217 = CARTESIAN_POINT ( 'NONE',  ( 0.1324701897823203078, 9.999999999999998224, 135.6999999999999886 ) ) ;
#1218 = FACE_OUTER_BOUND ( 'NONE', #793, .T. ) ;
#1219 = CARTESIAN_POINT ( 'NONE',  ( -7.810069625219886902, 1.734436901630826755, 2.995701295521067564 ) ) ;
#1220 = CARTESIAN_POINT ( 'NONE',  ( 7.749379642276209346, -1.986911167095541053, 4.263338865270042355 ) ) ;
#1221 = EDGE_CURVE ( 'NONE', #1409, #699, #132, .T. ) ;
#1222 = ORIENTED_EDGE ( 'NONE', *, *, #251, .T. ) ;
#1223 = CARTESIAN_POINT ( 'NONE',  ( 1.559681746276485625E-14, -10.00000000000000000, 6.000000000000003553 ) ) ;
#1224 = CARTESIAN_POINT ( 'NONE',  ( -7.807724015636989812, -1.746473976144949702, 132.6905759971896828 ) ) ;
#1225 = CARTESIAN_POINT ( 'NONE',  ( 2.041788843234566176E-14, -8.000000000000000000, 135.6999999999999886 ) ) ;
#1226 = VECTOR ( 'NONE', #1232, 1000.000000000000000 ) ;
#1227 = VECTOR ( 'NONE', #1349, 1000.000000000000000 ) ;
#1228 = CARTESIAN_POINT ( 'NONE',  ( -1.935580650961797655, 7.762359716585942593, 133.1797203756507599 ) ) ;
#1229 = VERTEX_POINT ( 'NONE', #1095 ) ;
#1230 = CARTESIAN_POINT ( 'NONE',  ( 7.807724015636989812, -1.746473976144950369, 134.7094240028102092 ) ) ;
#1231 = CARTESIAN_POINT ( 'NONE',  ( 1.322590663363058860, -9.912587285330598519, 5.505882620806326955 ) ) ;
#1232 = DIRECTION ( 'NONE',  ( -0.000000000000000000, -0.000000000000000000, -1.000000000000000000 ) ) ;
#1233 = CARTESIAN_POINT ( 'NONE',  ( -9.999999999999996447, 0.1325044218160364440, 2.000000000000005773 ) ) ;
#1234 = CARTESIAN_POINT ( 'NONE',  ( 1.987137565699559572, -7.749321976959579139, 133.9620037981354415 ) ) ;
#1235 = CARTESIAN_POINT ( 'NONE',  ( -8.000000000000000000, 0.000000000000000000, 137.6999999999999886 ) ) ;
#1236 = VERTEX_POINT ( 'NONE', #9 ) ;
#1237 = CARTESIAN_POINT ( 'NONE',  ( 7.890702084274371586, -1.321243383061840859, 135.2071435505165482 ) ) ;
#1238 = CYLINDRICAL_SURFACE ( 'NONE', #443, 2.000000000000000000 ) ;
#1239 = CARTESIAN_POINT ( 'NONE',  ( 1.321140203729234575, -9.912790001074039736, 2.492728575604636898 ) ) ;
#1240 = EDGE_CURVE ( 'NONE', #625, #712, #719, .T. ) ;
#1241 = CARTESIAN_POINT ( 'NONE',  ( -9.925897850706315140, 1.220036854327025022, 2.409852520912313611 ) ) ;
#1242 = CARTESIAN_POINT ( 'NONE',  ( 9.873069416396525355, 1.589934537613408194, 5.220272817927885001 ) ) ;
#1243 = CARTESIAN_POINT ( 'NONE',  ( 0.8874121199898741263, -7.951553933163022947, 131.9028952048243752 ) ) ;
#1244 = LINE ( 'NONE', #1265, #226 ) ;
#1245 = ORIENTED_EDGE ( 'NONE', *, *, #326, .T. ) ;
#1246 = DIRECTION ( 'NONE',  ( -0.000000000000000000, 1.000000000000000000, -0.000000000000000000 ) ) ;
#1247 = CARTESIAN_POINT ( 'NONE',  ( 1.747014644633053004, -9.846745992608777698, 2.991592453398287610 ) ) ;
#1248 = EDGE_CURVE ( 'NONE', #1536, #1084, #1548, .T. ) ;
#1249 = CARTESIAN_POINT ( 'NONE',  ( -9.979847886653635314, 0.6460435163823862181, 2.102685119208008047 ) ) ;
#1250 = CARTESIAN_POINT ( 'NONE',  ( 9.979698754681905370, 0.6481971308179714786, 2.103475303281300501 ) ) ;
#1251 = CARTESIAN_POINT ( 'NONE',  ( 0.1308391772901177919, -8.000000000000000000, 131.7000000000000171 ) ) ;
#1252 = CARTESIAN_POINT ( 'NONE',  ( 1.569183081927674932E-14, -8.000000000000000000, 6.000000000000003553 ) ) ;
#1253 = EDGE_LOOP ( 'NONE', ( #332, #547, #532, #1147 ) ) ;
#1254 = CARTESIAN_POINT ( 'NONE',  ( -1.935723391180567132, 9.810894832904592633, 133.1802744193985291 ) ) ;
#1255 = DIRECTION ( 'NONE',  ( 0.000000000000000000, 0.000000000000000000, 1.000000000000000000 ) ) ;
#1256 = CARTESIAN_POINT ( 'NONE',  ( 9.848657265117569892, 1.734745401817599175, 5.003800764565516701 ) ) ;
#1257 = CARTESIAN_POINT ( 'NONE',  ( 1.986911167095561481, -7.749379642276204017, 133.4366611347300022 ) ) ;
#1258 = EDGE_CURVE ( 'NONE', #1236, #1320, #391, .T. ) ;
#1259 = CARTESIAN_POINT ( 'NONE',  ( 1.585744262195660647E-14, 8.000000000000000000, 131.6999999999999886 ) ) ;
#1260 = ORIENTED_EDGE ( 'NONE', *, *, #245, .T. ) ;
#1261 = LINE ( 'NONE', #1388, #893 ) ;
#1262 = CARTESIAN_POINT ( 'NONE',  ( 7.984048399427295273, 0.5211700542677201176, 131.7646309552010280 ) ) ;
#1263 = CARTESIAN_POINT ( 'NONE',  ( 7.986373123133520657, 0.5257459082440512077, 5.947206278390557266 ) ) ;
#1264 = CARTESIAN_POINT ( 'NONE',  ( 9.997369511432394162, 0.2632191828420352708, 131.7130329978117231 ) ) ;
#1265 = CARTESIAN_POINT ( 'NONE',  ( -10.00000000000000000, 2.449293598294704442E-16, 6.000000000000001776 ) ) ;
#1266 = EDGE_LOOP ( 'NONE', ( #724, #475 ) ) ;
#1267 = CARTESIAN_POINT ( 'NONE',  ( -1.936322638581172706, -9.810776074658408064, 134.2174216199503007 ) ) ;
#1268 = AXIS2_PLACEMENT_3D ( 'NONE', #470, #449, #242 ) ;
#1269 = CARTESIAN_POINT ( 'NONE',  ( 0.000000000000000000, 0.000000000000000000, 137.6999999999999886 ) ) ;
#1270 = CARTESIAN_POINT ( 'NONE',  ( -0.2616078369633670353, -7.999999999999998224, 131.6999999999999886 ) ) ;
#1271 = DIRECTION ( 'NONE',  ( 0.000000000000000000, 0.000000000000000000, 1.000000000000000000 ) ) ;
#1272 = CARTESIAN_POINT ( 'NONE',  ( 9.810776074658402734, 1.936322638581182476, 133.1825783800496197 ) ) ;
#1273 = CARTESIAN_POINT ( 'NONE',  ( 9.987270566862253673, -0.5205524247250661318, 135.6355123567019803 ) ) ;
#1274 = ORIENTED_EDGE ( 'NONE', *, *, #60, .T. ) ;
#1275 = CARTESIAN_POINT ( 'NONE',  ( -9.997369396065026947, 0.2627285790288529932, 131.7130373548120019 ) ) ;
#1276 = CARTESIAN_POINT ( 'NONE',  ( -1.322590663363036878, 9.912587285330602072, 5.505882620806318961 ) ) ;
#1277 = DIRECTION ( 'NONE',  ( 1.000000000000000000, -0.000000000000000000, -0.000000000000000000 ) ) ;
#1278 = CARTESIAN_POINT ( 'NONE',  ( 9.997369396065028724, -0.2627285790288512723, 2.013037354812007962 ) ) ;
#1279 =( GEOMETRIC_REPRESENTATION_CONTEXT ( 3 ) GLOBAL_UNCERTAINTY_ASSIGNED_CONTEXT ( ( #877 ) ) GLOBAL_UNIT_ASSIGNED_CONTEXT ( ( #1103, #1448, #1324 ) ) REPRESENTATION_CONTEXT ( 'NONE', 'WORKASPACE' ) );
#1280 = CARTESIAN_POINT ( 'NONE',  ( 10.00000000000000000, 0.2613545472027434813, 135.6999999999999886 ) ) ;
#1281 = LINE ( 'NONE', #1158, #621 ) ;
#1282 = ORIENTED_EDGE ( 'NONE', *, *, #90, .F. ) ;
#1283 = CARTESIAN_POINT ( 'NONE',  ( -9.999999999999996447, 0.1307110423220425588, 135.6999999999999886 ) ) ;
#1284 = EDGE_CURVE ( 'NONE', #7, #329, #1371, .T. ) ;
#1285 = CARTESIAN_POINT ( 'NONE',  ( 7.745987985108952145, 1.999917533746007781, 133.9644596387211379 ) ) ;
#1286 = CARTESIAN_POINT ( 'NONE',  ( 1.220491419117952336, -9.925837396952461589, 132.1102385450464851 ) ) ;
#1287 = CARTESIAN_POINT ( 'NONE',  ( 9.848657265117569892, 1.734745401817596955, 134.7038007645654716 ) ) ;
#1288 = CARTESIAN_POINT ( 'NONE',  ( 9.912587285330602072, -1.322590663363041985, 132.1941173791936990 ) ) ;
#1289 = CARTESIAN_POINT ( 'NONE',  ( 7.999999999999998224, -0.1327117393334318607, 131.7000000000000171 ) ) ;
#1290 = EDGE_LOOP ( 'NONE', ( #511, #445, #138, #1526 ) ) ;
#1291 = DIRECTION ( 'NONE',  ( 0.000000000000000000, 0.000000000000000000, 1.000000000000000000 ) ) ;
#1292 = EDGE_LOOP ( 'NONE', ( #157, #921 ) ) ;
#1293 = CARTESIAN_POINT ( 'NONE',  ( -7.906826417411149777, 1.231595279792700559, 135.2970405582218518 ) ) ;
#1294 = CARTESIAN_POINT ( 'NONE',  ( -0.5257459082440356646, -7.986373123133517105, 131.7527937216093790 ) ) ;
#1295 = CARTESIAN_POINT ( 'NONE',  ( -1.935723391180567354, 9.810894832904594409, 3.480274419398559083 ) ) ;
#1296 = B_SPLINE_CURVE_WITH_KNOTS ( 'NONE', 3,
 ( #1177, #339, #1275, #420, #1043, #533, #197, #71, #937, #902, #1403, #1426, #1435, #1186, #1028, #306, #548, #778, #181, #1161, #787, #56, #539, #1035, #427, #912, #1283, #1537 ),
 .UNSPECIFIED., .F., .F.,
 ( 4, 2, 2, 2, 2, 2, 2, 2, 2, 2, 2, 2, 2, 4 ),
 ( 3.655476224608161323E-18, 0.0003917964489861754150, 0.0007835928979723471438, 0.001175389346958518764, 0.001567185795944690168, 0.002350778693917033625, 0.003134371591889376432, 0.003526168040875548269, 0.003917964489861720107, 0.004701557387834062914, 0.005093353836820234751, 0.005485150285806405721, 0.005876946734792578425, 0.006268743183778749395 ),
 .UNSPECIFIED. ) ;
#1297 = CARTESIAN_POINT ( 'NONE',  ( 9.818423160345597367, 1.897672711835103110, 133.0550679480368501 ) ) ;
#1298 = CARTESIAN_POINT ( 'NONE',  ( 0.1326759759031978791, 7.999999999999998224, 6.000000000000000888 ) ) ;
#1299 = ORIENTED_EDGE ( 'NONE', *, *, #24, .T. ) ;
#1300 = CARTESIAN_POINT ( 'NONE',  ( -1.999944885583437859, 7.745980922894666776, 4.131872034817186012 ) ) ;
#1301 = VERTEX_POINT ( 'NONE', #1350 ) ;
#1302 = CIRCLE ( 'NONE', #123, 10.00000000000000000 ) ;
#1303 = CARTESIAN_POINT ( 'NONE',  ( 9.912587285330600295, -1.322590663363042873, 2.494117379193684148 ) ) ;
#1304 = CARTESIAN_POINT ( 'NONE',  ( 1.220816267737083738, -7.907055480996289631, 2.410492080581814633 ) ) ;
#1305 = CARTESIAN_POINT ( 'NONE',  ( -1.897672711835088899, -9.818423160345595591, 4.644932051963134079 ) ) ;
#1306 = EDGE_CURVE ( 'NONE', #712, #321, #366, .T. ) ;
#1307 = ORIENTED_EDGE ( 'NONE', *, *, #800, .F. ) ;
#1308 = CARTESIAN_POINT ( 'NONE',  ( -1.004592630658762475, 7.937424795583961412, 2.265721639444616464 ) ) ;
#1309 = ADVANCED_FACE ( 'NONE', ( #853, #491 ), #115, .T. ) ;
#1310 = VERTEX_POINT ( 'NONE', #233 ) ;
#1311 = FACE_BOUND ( 'NONE', #981, .T. ) ;
#1312 = CARTESIAN_POINT ( 'NONE',  ( 0.000000000000000000, 0.000000000000000000, 137.6999999999999886 ) ) ;
#1313 = B_SPLINE_CURVE_WITH_KNOTS ( 'NONE', 3,
 ( #1146, #1289, #801, #203, #900, #776, #1139, #785, #725, #139, #734, #188, #1510, #46, #890, #1393, #39, #171, #899, #1230, #129, #1237, #1479, #1382, #653, #749, #620, #638, #267, #1002 ),
 .UNSPECIFIED., .F., .F.,
 ( 4, 2, 2, 2, 2, 2, 2, 2, 2, 2, 2, 2, 2, 2, 4 ),
 ( 3.752636460247081339E-18, 0.0003923685324657936600, 0.0007847370649315836338, 0.001177105597397373011, 0.001569474129863162714, 0.002354211194794741686, 0.002746579727260493441, 0.003138948259726244330, 0.003531316792191996085, 0.003923685324657747407, 0.004708422389589325512, 0.005100790922055144054, 0.005493159454520961729, 0.005885527986986779404, 0.006277896519452596212 ),
 .UNSPECIFIED. ) ;
#1314 = CARTESIAN_POINT ( 'NONE',  ( 1.986911167095557929, -7.749379642276207569, 3.736661134729965195 ) ) ;
#1315 = CARTESIAN_POINT ( 'NONE',  ( -1.505640947705432664, -9.886441425883248257, 2.677110400651736999 ) ) ;
#1316 = CARTESIAN_POINT ( 'NONE',  ( -7.749321976959585356, -1.987137565699541808, 4.262003798135427068 ) ) ;
#1317 = CARTESIAN_POINT ( 'NONE',  ( 7.890702084274369810, -1.321243383061846410, 5.507143550516546249 ) ) ;
#1318 = EDGE_CURVE ( 'NONE', #462, #698, #925, .T. ) ;
#1319 = ORIENTED_EDGE ( 'NONE', *, *, #436, .T. ) ;
#1320 = VERTEX_POINT ( 'NONE', #862 ) ;
#1321 = FACE_OUTER_BOUND ( 'NONE', #1395, .T. ) ;
#1322 = CARTESIAN_POINT ( 'NONE',  ( -10.00000000000000000, 0.000000000000000000, 4.000000000000003553 ) ) ;
#1323 = CARTESIAN_POINT ( 'NONE',  ( 1.796303269674147440, 9.837475732712768206, 132.8108665190899842 ) ) ;
#1324 =( NAMED_UNIT ( * ) SI_UNIT ( $, .STERADIAN. ) SOLID_ANGLE_UNIT ( ) );
#1325 = EDGE_LOOP ( 'NONE', ( #673, #786, #1197, #1518, #180, #1568, #412, #820, #761, #808, #426, #705 ) ) ;
#1326 = VECTOR ( 'NONE', #127, 1000.000000000000000 ) ;
#1327 = CARTESIAN_POINT ( 'NONE',  ( -1.999917533745996456, -7.745987985108953033, 3.735540361278840926 ) ) ;
#1328 = ORIENTED_EDGE ( 'NONE', *, *, #101, .T. ) ;
#1329 = CARTESIAN_POINT ( 'NONE',  ( -1.321192019095410508, -9.912776118701886574, 132.1928692146500168 ) ) ;
#1330 = EDGE_CURVE ( 'NONE', #753, #1444, #1261, .T. ) ;
#1331 = CARTESIAN_POINT ( 'NONE',  ( 0.6485839344018745622, 7.974582062926343973, 135.5964009448516379 ) ) ;
#1332 = FACE_OUTER_BOUND ( 'NONE', #198, .T. ) ;
#1333 = CARTESIAN_POINT ( 'NONE',  ( -1.947629075770307638, -9.809040620602633709, 3.474837056445839067 ) ) ;
#1334 = CARTESIAN_POINT ( 'NONE',  ( 7.745956083816765592, 2.000041086925788747, 3.868706774039877949 ) ) ;
#1335 = CARTESIAN_POINT ( 'NONE',  ( -8.000000000000000000, 8.670553967174491660E-17, 6.000000000000001776 ) ) ;
#1336 = CARTESIAN_POINT ( 'NONE',  ( 8.000000000000000000, 1.476257372609672305E-16, 2.000000000000005329 ) ) ;
#1337 = CARTESIAN_POINT ( 'NONE',  ( -0.8862865570898137424, -9.961379120966110889, 131.9023684892564745 ) ) ;
#1338 = FILL_AREA_STYLE ('',( #1429 ) ) ;
#1339 = VECTOR ( 'NONE', #1115, 1000.000000000000000 ) ;
#1340 = CARTESIAN_POINT ( 'NONE',  ( 0.6467951108889126166, -7.974737096839144890, 5.897057220514014375 ) ) ;
#1341 = CARTESIAN_POINT ( 'NONE',  ( 0.6481971308179766966, 9.979698754681907147, 135.5965246967186886 ) ) ;
#1342 = EDGE_CURVE ( 'NONE', #388, #1229, #1024, .T. ) ;
#1343 = CARTESIAN_POINT ( 'NONE',  ( -7.745956083816764703, 2.000041086925789191, 4.131293225960127380 ) ) ;
#1344 = CARTESIAN_POINT ( 'NONE',  ( 7.890428514764652235, -1.322815993893838860, 2.494333257915504198 ) ) ;
#1345 = DIRECTION ( 'NONE',  ( 1.000000000000000000, 0.000000000000000000, -0.000000000000000000 ) ) ;
#1346 = CARTESIAN_POINT ( 'NONE',  ( 1.561251128379126385E-14, -10.00000000000000000, 133.6999999999999886 ) ) ;
#1347 = CARTESIAN_POINT ( 'NONE',  ( -7.745952552711892203, -2.000054762839162059, 133.5698050516241153 ) ) ;
#1348 = CARTESIAN_POINT ( 'NONE',  ( -9.999999999999998224, -0.2613545472027417049, 135.6999999999999886 ) ) ;
#1349 = DIRECTION ( 'NONE',  ( 1.000000000000000000, -0.000000000000000000, -0.000000000000000000 ) ) ;
#1350 = CARTESIAN_POINT ( 'NONE',  ( -8.000000000000000000, 0.000000000000000000, 0.000000000000000000 ) ) ;
#1351 = CARTESIAN_POINT ( 'NONE',  ( 1.897833874312734981, -9.818393111318721722, 3.355435749779305699 ) ) ;
#1352 = CARTESIAN_POINT ( 'NONE',  ( 2.000065919835250394, 9.797945515304450126, 4.131043290310583593 ) ) ;
#1353 = CARTESIAN_POINT ( 'NONE',  ( -9.961224428586776369, 0.8881125768340927262, 2.203216197534172860 ) ) ;
#1354 = CARTESIAN_POINT ( 'NONE',  ( 7.984048399427293496, 0.5211700542677235592, 2.064630955201019802 ) ) ;
#1355 = CARTESIAN_POINT ( 'NONE',  ( -9.961379120966105560, -0.8862865570898278422, 135.4976315107434743 ) ) ;
#1356 = AXIS2_PLACEMENT_3D ( 'NONE', #1453, #838, #965 ) ;
#1357 = CARTESIAN_POINT ( 'NONE',  ( -1.999944885583438747, 7.745980922894667664, 133.8318720348171667 ) ) ;
#1358 = ADVANCED_FACE ( 'NONE', ( #736 ), #1238, .F. ) ;
#1359 = ORIENTED_EDGE ( 'NONE', *, *, #827, .F. ) ;
#1360 = EDGE_CURVE ( 'NONE', #1050, #753, #140, .T. ) ;
#1361 = CARTESIAN_POINT ( 'NONE',  ( -0.1325044218160361664, 10.00000000000000000, 135.6999999999999602 ) ) ;
#1362 = CARTESIAN_POINT ( 'NONE',  ( 0.5205524247250822301, -9.987270566862251897, 2.064487643297980402 ) ) ;
#1363 = CARTESIAN_POINT ( 'NONE',  ( 1.505640947705467525, 9.886441425883248257, 2.677110400651740996 ) ) ;
#1364 = FACE_OUTER_BOUND ( 'NONE', #1078, .T. ) ;
#1365 = CARTESIAN_POINT ( 'NONE',  ( 9.999999999999998224, 0.1324701897823193919, 2.000000000000005329 ) ) ;
#1366 = DIRECTION ( 'NONE',  ( -0.000000000000000000, 1.000000000000000000, -0.000000000000000000 ) ) ;
#1367 = CARTESIAN_POINT ( 'NONE',  ( 10.00000000000000000, 1.224647077373291608E-15, 6.000000000000001776 ) ) ;
#1368 = CARTESIAN_POINT ( 'NONE',  ( 9.810894832904589080, -1.935723391180583564, 4.519725580601443582 ) ) ;
#1369 = ORIENTED_EDGE ( 'NONE', *, *, #1128, .F. ) ;
#1370 = CARTESIAN_POINT ( 'NONE',  ( -0.5188228709849934672, 9.987354202998862007, 135.6359415508103439 ) ) ;
#1371 = LINE ( 'NONE', #1383, #1394 ) ;
#1372 = CARTESIAN_POINT ( 'NONE',  ( 8.000000000000000000, 1.476257372609672305E-16, 2.000000000000005329 ) ) ;
#1373 = CARTESIAN_POINT ( 'NONE',  ( -9.961319745156341554, 0.8870225997300253962, 5.797308550152542317 ) ) ;
#1374 = CARTESIAN_POINT ( 'NONE',  ( 7.907018805897437552, 1.221090613118445800, 5.589336809894531299 ) ) ;
#1375 = CARTESIAN_POINT ( 'NONE',  ( -9.912776118701877692, -1.321192019095434933, 135.2071307853499889 ) ) ;
#1376 = CARTESIAN_POINT ( 'NONE',  ( -1.321243383061832422, 7.890702084274376915, 132.1928564494834291 ) ) ;
#1377 = VERTEX_POINT ( 'NONE', #17 ) ;
#1378 = CARTESIAN_POINT ( 'NONE',  ( -1.598525605875094291, 9.873157898859586723, 134.9298089319922838 ) ) ;
#1379 = ADVANCED_FACE ( 'NONE', ( #504 ), #390, .F. ) ;
#1380 = CARTESIAN_POINT ( 'NONE',  ( 1.797542998180391427, 9.837247290098332542, 4.886531580140089481 ) ) ;
#1381 = CARTESIAN_POINT ( 'NONE',  ( -9.846669684789011612, 1.747402090674542219, 2.992820086900714660 ) ) ;
#1382 = CARTESIAN_POINT ( 'NONE',  ( 7.937424795583959636, -1.004592630658775576, 135.4342783605553677 ) ) ;
#1383 = CARTESIAN_POINT ( 'NONE',  ( -10.00000000000000000, 0.000000000000000000, 2.000000000000005329 ) ) ;
#1384 = CARTESIAN_POINT ( 'NONE',  ( 1.004592630658799113, -7.937424795583955195, 131.9657216394445527 ) ) ;
#1385 = CARTESIAN_POINT ( 'NONE',  ( -0.6459572193033733534, 7.974800906200422368, 131.8026794718925032 ) ) ;
#1386 = CIRCLE ( 'NONE', #885, 10.00000000000000000 ) ;
#1387 = ORIENTED_EDGE ( 'NONE', *, *, #1221, .F. ) ;
#1388 = CARTESIAN_POINT ( 'NONE',  ( -10.00000000000000000, 2.449293598294701484E-16, 135.6999999999999886 ) ) ;
#1389 = CARTESIAN_POINT ( 'NONE',  ( -1.734436901630800998, -7.810069625219892231, 132.6957012955210473 ) ) ;
#1390 = CARTESIAN_POINT ( 'NONE',  ( 1.559681746276485625E-14, -10.00000000000000000, 6.000000000000003553 ) ) ;
#1391 = CARTESIAN_POINT ( 'NONE',  ( 9.848400811255325848, 1.736211468189286622, 132.6986509464974233 ) ) ;
#1392 = CARTESIAN_POINT ( 'NONE',  ( -0.6467951108888767564, 7.974737096839144890, 135.5970572205139888 ) ) ;
#1393 = CARTESIAN_POINT ( 'NONE',  ( 7.745952552711891315, -2.000054762839162059, 133.8301949483758904 ) ) ;
#1394 = VECTOR ( 'NONE', #107, 1000.000000000000000 ) ;
#1395 = EDGE_LOOP ( 'NONE', ( #795, #173, #829, #147, #1113, #1245, #271, #554, #1282, #364, #901, #601 ) ) ;
#1396 = CARTESIAN_POINT ( 'NONE',  ( -1.999897151843252452, 9.797979964923115404, 133.9624185810436074 ) ) ;
#1397 = CARTESIAN_POINT ( 'NONE',  ( 7.939716290660803644, 1.009646481229280468, 131.9539746172131061 ) ) ;
#1398 = CARTESIAN_POINT ( 'NONE',  ( 8.000000000000000000, 0.2616078369633835221, 6.000000000000002665 ) ) ;
#1399 = CARTESIAN_POINT ( 'NONE',  ( -9.997369511432395939, -0.2632191828420349378, 131.7130329978117516 ) ) ;
#1400 = CARTESIAN_POINT ( 'NONE',  ( 9.797979964923113627, -1.999897151843262888, 133.4375814189564551 ) ) ;
#1401 = PRODUCT_DEFINITION ( 'æ™', '', #237, #1512 ) ;
#1402 = VERTEX_POINT ( 'NONE', #626 ) ;
#1403 = CARTESIAN_POINT ( 'NONE',  ( -9.846669684789009835, 1.747402090674541775, 132.6928200869007242 ) ) ;
#1404 = CARTESIAN_POINT ( 'NONE',  ( -0.2627285790288507172, 9.997369396065030500, 5.986962645187999144 ) ) ;
#1405 = CARTESIAN_POINT ( 'NONE',  ( -10.00000000000000000, 0.000000000000000000, 133.6999999999999886 ) ) ;
#1406 = CARTESIAN_POINT ( 'NONE',  ( 1.585744092184618202E-14, 10.00000000000000000, 2.000000000000003553 ) ) ;
#1407 = CARTESIAN_POINT ( 'NONE',  ( 9.797945515304457231, 2.000065919835232187, 133.5689567096894166 ) ) ;
#1408 = CARTESIAN_POINT ( 'NONE',  ( 1.585744262187456493E-14, 8.000000000000000000, 2.000000000000003553 ) ) ;
#1409 = VERTEX_POINT ( 'NONE', #27 ) ;
#1410 = CARTESIAN_POINT ( 'NONE',  ( -0.6459572193033715770, 7.974800906200424144, 2.102679471892537233 ) ) ;
#1411 = EDGE_CURVE ( 'NONE', #1320, #1451, #826, .T. ) ;
#1412 = EDGE_CURVE ( 'NONE', #1402, #1310, #636, .T. ) ;
#1413 = CARTESIAN_POINT ( 'NONE',  ( -0.5211700542677051295, -7.984048399427293496, 135.6353690447989777 ) ) ;
#1414 = CARTESIAN_POINT ( 'NONE',  ( 1.600006814080221051, -9.872955300623495134, 132.4715487255364792 ) ) ;
#1415 = ADVANCED_BREP_SHAPE_REPRESENTATION ( '7075\X2\94dd7ba1\X0\A', ( #1093, #1077 ), #1279 ) ;
#1416 = CARTESIAN_POINT ( 'NONE',  ( 9.979698754681908923, 0.6481971308179710345, 131.8034753032812603 ) ) ;
#1417 = CARTESIAN_POINT ( 'NONE',  ( 9.925897850706315140, -1.220036854327023912, 132.1098525209122556 ) ) ;
#1418 = VERTEX_POINT ( 'NONE', #1070 ) ;
#1419 = DIRECTION ( 'NONE',  ( -0.000000000000000000, 1.000000000000000000, -0.000000000000000000 ) ) ;
#1420 = ORIENTED_EDGE ( 'NONE', *, *, #465, .F. ) ;
#1421 = CARTESIAN_POINT ( 'NONE',  ( 7.807561963254345372, 1.747157896603914740, 132.6922073231223180 ) ) ;
#1422 = CARTESIAN_POINT ( 'NONE',  ( 0.1325044218160523202, -9.999999999999998224, 135.6999999999999602 ) ) ;
#1423 = CARTESIAN_POINT ( 'NONE',  ( 9.987236471148136729, 0.5213340154858342457, 131.7646620320216755 ) ) ;
#1424 = CARTESIAN_POINT ( 'NONE',  ( 1.947826084468601504, 7.759947533121954955, 3.475228224040876057 ) ) ;
#1425 = ORIENTED_EDGE ( 'NONE', *, *, #827, .T. ) ;
#1426 = CARTESIAN_POINT ( 'NONE',  ( -9.809142331147823413, 1.947060521689176760, 133.1739004193843243 ) ) ;
#1427 = CARTESIAN_POINT ( 'NONE',  ( -2.000051192980859760, 9.797948521410091871, 3.869968242868488950 ) ) ;
#1428 = ORIENTED_EDGE ( 'NONE', *, *, #174, .T. ) ;
#1429 = FILL_AREA_STYLE_COLOUR ( '', #146 ) ;
#1430 = CARTESIAN_POINT ( 'NONE',  ( 1.321140203729240570, -9.912790001074037960, 132.1927285756046047 ) ) ;
#1431 = EDGE_CURVE ( 'NONE', #1301, #404, #162, .T. ) ;
#1432 = DIRECTION ( 'NONE',  ( 0.000000000000000000, 0.000000000000000000, -1.000000000000000000 ) ) ;
#1433 = CARTESIAN_POINT ( 'NONE',  ( 9.925837396952465141, -1.220491419117941900, 135.2897614549534921 ) ) ;
#1434 = CARTESIAN_POINT ( 'NONE',  ( -7.890428514764654011, -1.322815993893839304, 5.505666742084502907 ) ) ;
#1435 = CARTESIAN_POINT ( 'NONE',  ( -9.797979964923110074, 1.999897151843262444, 133.4375814189564267 ) ) ;
#1436 = AXIS2_PLACEMENT_3D ( 'NONE', #1269, #1020, #1513 ) ;
#1437 = FACE_BOUND ( 'NONE', #634, .T. ) ;
#1438 = CARTESIAN_POINT ( 'NONE',  ( 1.999897151843283316, -9.797979964923104745, 133.9624185810435506 ) ) ;
#1439 = CARTESIAN_POINT ( 'NONE',  ( -9.951893929841499897, -1.008956999869113691, 2.253612999626484648 ) ) ;
#1440 = EDGE_CURVE ( 'NONE', #698, #462, #1082, .T. ) ;
#1441 = CARTESIAN_POINT ( 'NONE',  ( 1.999867406959084271, 9.797986036570318191, 133.4349066861085191 ) ) ;
#1442 = CARTESIAN_POINT ( 'NONE',  ( -7.939716290660801867, 1.009646481229279580, 5.746025382786838165 ) ) ;
#1443 = CARTESIAN_POINT ( 'NONE',  ( 7.984043073065477003, -0.5212365823254798691, 5.935347028381131373 ) ) ;
#1444 = VERTEX_POINT ( 'NONE', #1062 ) ;
#1445 = CARTESIAN_POINT ( 'NONE',  ( -1.734745401817587851, -9.848657265117571669, 132.6961992354344773 ) ) ;
#1446 = CARTESIAN_POINT ( 'NONE',  ( -10.00000000000000000, 0.000000000000000000, 2.000000000000005329 ) ) ;
#1447 = CARTESIAN_POINT ( 'NONE',  ( -0.5213340154858145947, -9.987236471148138506, 5.935337967978327356 ) ) ;
#1448 =( NAMED_UNIT ( * ) PLANE_ANGLE_UNIT ( ) SI_UNIT ( $, .RADIAN. ) );
#1449 = CARTESIAN_POINT ( 'NONE',  ( -7.974737096839146666, -0.6467951108888962963, 5.897057220514015263 ) ) ;
#1450 = CARTESIAN_POINT ( 'NONE',  ( 0.000000000000000000, 0.000000000000000000, 137.6999999999999886 ) ) ;
#1451 = VERTEX_POINT ( 'NONE', #1562 ) ;
#1452 = DIRECTION ( 'NONE',  ( 0.000000000000000000, 0.000000000000000000, 1.000000000000000000 ) ) ;
#1453 = CARTESIAN_POINT ( 'NONE',  ( -10.00000000000000000, 0.000000000000000000, 133.6999999999999886 ) ) ;
#1454 = CARTESIAN_POINT ( 'NONE',  ( 1.947629075770340945, 9.809040620602630156, 133.1748370564458526 ) ) ;
#1455 = CARTESIAN_POINT ( 'NONE',  ( -7.771927952868184164, 1.897309154264666731, 4.645964141382403767 ) ) ;
#1456 = CYLINDRICAL_SURFACE ( 'NONE', #726, 1.999999999999998224 ) ;
#1457 = EDGE_CURVE ( 'NONE', #625, #699, #1000, .T. ) ;
#1458 = SURFACE_STYLE_USAGE ( .BOTH. , #1215 ) ;
#1459 = CYLINDRICAL_SURFACE ( 'NONE', #1114, 2.000000000000001776 ) ;
#1460 = CARTESIAN_POINT ( 'NONE',  ( -1.936322638581171596, -9.810776074658406287, 4.517421619950317435 ) ) ;
#1461 = CARTESIAN_POINT ( 'NONE',  ( 7.840899836980349313, 1.598443203470173435, 2.770225710508847694 ) ) ;
#1462 = ORIENTED_EDGE ( 'NONE', *, *, #1505, .T. ) ;
#1463 = DIRECTION ( 'NONE',  ( 0.000000000000000000, 0.000000000000000000, -1.000000000000000000 ) ) ;
#1464 = CARTESIAN_POINT ( 'NONE',  ( -1.999867406959052518, -9.797986036570325297, 133.4349066861085191 ) ) ;
#1465 = CARTESIAN_POINT ( 'NONE',  ( 1.220491419117960108, -9.925837396952461589, 2.410238545046507586 ) ) ;
#1466 = DIRECTION ( 'NONE',  ( -0.000000000000000000, -0.000000000000000000, -1.000000000000000000 ) ) ;
#1467 = CARTESIAN_POINT ( 'NONE',  ( -7.937572609243812138, -1.003468033889164834, 135.4349627027085603 ) ) ;
#1468 = CARTESIAN_POINT ( 'NONE',  ( -7.996695250530490462, -0.2636217697048042763, 2.013103108473993874 ) ) ;
#1469 = DIRECTION ( 'NONE',  ( -1.000000000000000000, 0.000000000000000000, 0.000000000000000000 ) ) ;
#1470 = EDGE_LOOP ( 'NONE', ( #875, #1299, #852, #434 ) ) ;
#1471 = CARTESIAN_POINT ( 'NONE',  ( 10.00000000000000000, 1.224646799147353256E-15, 137.6999999999999886 ) ) ;
#1472 = CARTESIAN_POINT ( 'NONE',  ( 0.2613545472027601346, 10.00000000000000000, 2.000000000000003997 ) ) ;
#1473 = CARTESIAN_POINT ( 'NONE',  ( -7.984043073065478779, -0.5212365823254812014, 131.7646529716188866 ) ) ;
#1474 = CARTESIAN_POINT ( 'NONE',  ( 7.906826417411149777, 1.231595279792702113, 2.402959441778076410 ) ) ;
#1475 = CARTESIAN_POINT ( 'NONE',  ( 1.897623020737735811, -7.771853593872749322, 133.0547838247016728 ) ) ;
#1476 = CARTESIAN_POINT ( 'NONE',  ( -0.2634334547030884877, -7.996702438180761874, 5.986925861720752806 ) ) ;
#1477 = AXIS2_PLACEMENT_3D ( 'NONE', #28, #1255, #513 ) ;
#1478 = ORIENTED_EDGE ( 'NONE', *, *, #545, .T. ) ;
#1479 = CARTESIAN_POINT ( 'NONE',  ( 7.907055480996294961, -1.220816267737065752, 135.2895079194181847 ) ) ;
#1480 = CARTESIAN_POINT ( 'NONE',  ( -1.600006814080188189, 9.872955300623502239, 132.4715487255365360 ) ) ;
#1481 = CARTESIAN_POINT ( 'NONE',  ( 1.999897151843282428, -9.797979964923106522, 4.262418581043588617 ) ) ;
#1482 = CARTESIAN_POINT ( 'NONE',  ( 8.000000000000000000, 9.797174393178825657E-16, 137.6999999999999886 ) ) ;
#1483 = CARTESIAN_POINT ( 'NONE',  ( -9.999999999999998224, 0.1307110423220424755, 6.000000000000002665 ) ) ;
#1484 = CARTESIAN_POINT ( 'NONE',  ( -7.762359716585943481, -1.935580650961807203, 3.479720375650806830 ) ) ;
#1485 = CARTESIAN_POINT ( 'NONE',  ( 1.585744064362073415E-14, -10.00000000000000000, 131.6999999999999886 ) ) ;
#1486 = EDGE_LOOP ( 'NONE', ( #961, #1106 ) ) ;
#1487 = CARTESIAN_POINT ( 'NONE',  ( -1.220036854327022802, 9.925897850706316916, 135.2901474790877216 ) ) ;
#1488 = CYLINDRICAL_SURFACE ( 'NONE', #2, 2.000000000000001776 ) ;
#1489 = CARTESIAN_POINT ( 'NONE',  ( 1.897672711835117765, 9.818423160345593814, 4.644932051963142960 ) ) ;
#1490 = CARTESIAN_POINT ( 'NONE',  ( -9.979897625057816413, 0.6452468915374621750, 5.897573072596808963 ) ) ;
#1491 = CARTESIAN_POINT ( 'NONE',  ( 0.000000000000000000, 0.000000000000000000, 137.6999999999999886 ) ) ;
#1492 = CARTESIAN_POINT ( 'NONE',  ( -7.907055480996293184, -1.220816267737067307, 2.410492080581815522 ) ) ;
#1493 = CARTESIAN_POINT ( 'NONE',  ( 9.912790001074039736, -1.321140203729216145, 5.507271424395367987 ) ) ;
#1494 = ORIENTED_EDGE ( 'NONE', *, *, #1240, .T. ) ;
#1495 = EDGE_CURVE ( 'NONE', #223, #753, #1313, .T. ) ;
#1496 = CARTESIAN_POINT ( 'NONE',  ( -1.987181854457223951, -9.800601044073149026, 133.9611106485571383 ) ) ;
#1497 = FACE_OUTER_BOUND ( 'NONE', #1168, .T. ) ;
#1498 = CARTESIAN_POINT ( 'NONE',  ( -9.997356224096416000, 0.2634705507658368639, 5.986898633225288258 ) ) ;
#1499 = CARTESIAN_POINT ( 'NONE',  ( 10.00000000000000000, 9.650605814723274703E-17, 2.000000000000005329 ) ) ;
#1500 = CARTESIAN_POINT ( 'NONE',  ( 0.8887833853036755105, -7.951404893047540945, 135.4964504188488945 ) ) ;
#1501 = CARTESIAN_POINT ( 'NONE',  ( -0.8887833853036440912, 7.951404893047544498, 135.4964504188488377 ) ) ;
#1502 = ORIENTED_EDGE ( 'NONE', *, *, #1412, .T. ) ;
#1503 = CARTESIAN_POINT ( 'NONE',  ( -0.2627285790288566569, 9.997369396065026947, 135.6869626451880038 ) ) ;
#1504 = EDGE_CURVE ( 'NONE', #699, #625, #905, .T. ) ;
#1505 = EDGE_CURVE ( 'NONE', #698, #642, #629, .T. ) ;
#1506 = CARTESIAN_POINT ( 'NONE',  ( 7.974582062926342196, 0.6485839344018736741, 131.8035990551482541 ) ) ;
#1507 = CYLINDRICAL_SURFACE ( 'NONE', #1126, 2.000000000000001776 ) ;
#1508 = CARTESIAN_POINT ( 'NONE',  ( 9.951893929841503450, 1.008956999869113913, 131.9536129996265004 ) ) ;
#1509 = CARTESIAN_POINT ( 'NONE',  ( -1.003468033889160171, 7.937572609243813915, 135.4349627027085887 ) ) ;
#1510 = CARTESIAN_POINT ( 'NONE',  ( 7.762358105021264443, -1.935588659042463355, 133.1795595728252408 ) ) ;
#1511 = CARTESIAN_POINT ( 'NONE',  ( -0.8881125768340993876, 9.961224428586771040, 135.4967838024657851 ) ) ;
#1512 = PRODUCT_DEFINITION_CONTEXT ( 'detailed design', #668, 'design' ) ;
#1513 = DIRECTION ( 'NONE',  ( -1.000000000000000000, 0.000000000000000000, 0.000000000000000000 ) ) ;
#1514 = CARTESIAN_POINT ( 'NONE',  ( 0.8870766108512487813, 7.951587023479452121, 131.9027520067779449 ) ) ;
#1515 = CARTESIAN_POINT ( 'NONE',  ( 7.890669449926732248, 1.321407374490697340, 5.506945278889443074 ) ) ;
#1516 = CARTESIAN_POINT ( 'NONE',  ( -9.848400811255325848, -1.736211468189295282, 2.998650946497411596 ) ) ;
#1517 = CARTESIAN_POINT ( 'NONE',  ( 9.950185633978261279, -1.002867846700211452, 131.9646859035839839 ) ) ;
#1518 = ORIENTED_EDGE ( 'NONE', *, *, #436, .F. ) ;
#1519 = CYLINDRICAL_SURFACE ( 'NONE', #654, 2.000000000000000000 ) ;
#1520 = CARTESIAN_POINT ( 'NONE',  ( 0.2632191828420317736, 9.997369511432397715, 5.986967002188270826 ) ) ;
#1521 = CARTESIAN_POINT ( 'NONE',  ( 7.762229284803760621, 1.936101721439438483, 133.1816778476425327 ) ) ;
#1522 = CARTESIAN_POINT ( 'NONE',  ( 7.759947533121958507, 1.947826084468583963, 4.524771775959129272 ) ) ;
#1523 = CARTESIAN_POINT ( 'NONE',  ( 10.00000000000000000, 3.762930740020308884E-15, 131.6999999999999886 ) ) ;
#1524 = ADVANCED_FACE ( 'NONE', ( #757, #528, #645 ), #535, .T. ) ;
#1525 = CARTESIAN_POINT ( 'NONE',  ( 0.2616078369633993428, 8.000000000000003553, 2.000000000000004441 ) ) ;
#1526 = ORIENTED_EDGE ( 'NONE', *, *, #809, .F. ) ;
#1527 = ADVANCED_FACE ( 'NONE', ( #416 ), #1507, .F. ) ;
#1528 = CARTESIAN_POINT ( 'NONE',  ( -1.935580650961793658, 7.762359716585947034, 3.479720375650806830 ) ) ;
#1529 = VECTOR ( 'NONE', #1571, 1000.000000000000000 ) ;
#1530 = VECTOR ( 'NONE', #277, 1000.000000000000000 ) ;
#1531 = CARTESIAN_POINT ( 'NONE',  ( -7.986373123133517105, 0.5257459082440534281, 131.7527937216093221 ) ) ;
#1532 = CARTESIAN_POINT ( 'NONE',  ( -0.2634334547030858231, -7.996702438180761874, 135.6869258617207379 ) ) ;
#1533 = CARTESIAN_POINT ( 'NONE',  ( -0.1307110423220260165, 10.00000000000000178, 2.000000000000003997 ) ) ;
#1534 = CARTESIAN_POINT ( 'NONE',  ( -9.961379120966109113, -0.8862865570898295076, 5.797631510743538996 ) ) ;
#1535 = CARTESIAN_POINT ( 'NONE',  ( 8.000000000000000000, 9.797194177136816909E-16, 135.6999999999999886 ) ) ;
#1536 = VERTEX_POINT ( 'NONE', #1390 ) ;
#1537 = CARTESIAN_POINT ( 'NONE',  ( -10.00000000000000000, -2.782501739331761681E-22, 135.6999999999999886 ) ) ;
#1538 = ORIENTED_EDGE ( 'NONE', *, *, #1431, .T. ) ;
#1539 = DIRECTION ( 'NONE',  ( 1.000000000000000000, -0.000000000000000000, -0.000000000000000000 ) ) ;
#1540 = CARTESIAN_POINT ( 'NONE',  ( 1.004151384216454002, -9.950051624612646251, 131.9654623713009585 ) ) ;
#1541 = VECTOR ( 'NONE', #957, 1000.000000000000000 ) ;
#1542 = CARTESIAN_POINT ( 'NONE',  ( 9.873069416396528908, 1.589934537613407306, 134.9202728179278665 ) ) ;
#1543 = CARTESIAN_POINT ( 'NONE',  ( 1.747157896603944494, 7.807561963254338266, 5.007792676877642180 ) ) ;
#1544 = ORIENTED_EDGE ( 'NONE', *, *, #525, .T. ) ;
#1545 = CARTESIAN_POINT ( 'NONE',  ( -2.000054762839149625, 7.745952552711892203, 3.869805051624082726 ) ) ;
#1546 = AXIS2_PLACEMENT_3D ( 'NONE', #1312, #923, #194 ) ;
#1547 = EDGE_CURVE ( 'NONE', #657, #347, #578, .T. ) ;
#1548 = B_SPLINE_CURVE_WITH_KNOTS ( 'NONE', 3,
 ( #1223, #122, #116, #616, #1100, #375, #609, #18, #1231, #498, #855, #256, #1481, #1, #969, #737, #1351, #1247, #149, #1239, #1465, #382, #863, #141, #1362, #367, #505, #492 ),
 .UNSPECIFIED., .F., .F.,
 ( 4, 2, 2, 2, 2, 2, 2, 2, 2, 2, 2, 2, 2, 4 ),
 ( 1.524566716712447953E-20, 0.0003917964489861722709, 0.0007835928979723445417, 0.001175389346958516813, 0.001567185795944689083, 0.002350778693917032324, 0.003134371591889375565, 0.003526168040875546968, 0.003917964489861719239, 0.004701557387834060311, 0.005093353836820232149, 0.005485150285806403118, 0.005876946734792574956, 0.006268743183778746793 ),
 .UNSPECIFIED. ) ;
#1549 = ORIENTED_EDGE ( 'NONE', *, *, #1248, .T. ) ;
#1550 = CARTESIAN_POINT ( 'NONE',  ( -7.745987985108948592, 1.999917533746007781, 133.4355403612788393 ) ) ;
#1551 = CARTESIAN_POINT ( 'NONE',  ( 1.585744036539789898E-14, -10.00000000000000000, 2.000000000000003553 ) ) ;
#1552 = CARTESIAN_POINT ( 'NONE',  ( 1.986956812555789043, -9.800647177330473525, 133.4370506677449839 ) ) ;
#1553 = CARTESIAN_POINT ( 'NONE',  ( 1.987137565699558683, -7.749321976959580915, 4.262003798135426180 ) ) ;
#1554 = CARTESIAN_POINT ( 'NONE',  ( 9.810894832904589080, -1.935723391180577568, 134.2197255806014482 ) ) ;
#1555 = EDGE_LOOP ( 'NONE', ( #1549, #650 ) ) ;
#1556 = CARTESIAN_POINT ( 'NONE',  ( -1.321243383061833088, 7.890702084274375139, 2.492856449483461301 ) ) ;
#1557 = CARTESIAN_POINT ( 'NONE',  ( -1.986956812555757290, 9.800647177330478854, 3.737050667744967747 ) ) ;
#1558 = EDGE_CURVE ( 'NONE', #469, #496, #363, .T. ) ;
#1559 = EDGE_LOOP ( 'NONE', ( #1122, #777, #733, #1222 ) ) ;
#1560 = CARTESIAN_POINT ( 'NONE',  ( -7.795950887092526038, 1.796065925593124391, 132.8103370531666201 ) ) ;
#1561 = CARTESIAN_POINT ( 'NONE',  ( 1.009646481229284687, 7.939716290660803644, 135.4460253827868712 ) ) ;
#1562 = CARTESIAN_POINT ( 'NONE',  ( 1.585744092184618202E-14, 10.00000000000000000, 2.000000000000003553 ) ) ;
#1563 = ADVANCED_FACE ( 'NONE', ( #1218 ), #229, .F. ) ;
#1564 = CARTESIAN_POINT ( 'NONE',  ( 1.599235059273434567, -7.840784467476276554, 2.770727751153560625 ) ) ;
#1565 = CARTESIAN_POINT ( 'NONE',  ( -1.999867406959052962, -9.797986036570323520, 3.734906686108544260 ) ) ;
#1566 = CARTESIAN_POINT ( 'NONE',  ( -7.840899836980351090, 1.598443203470173879, 5.229774289491160744 ) ) ;
#1567 = CARTESIAN_POINT ( 'NONE',  ( 7.840784467476278330, -1.599235059273416804, 5.229272248846445592 ) ) ;
#1568 = ORIENTED_EDGE ( 'NONE', *, *, #60, .F. ) ;
#1569 = LINE ( 'NONE', #209, #763 ) ;
#1570 = CARTESIAN_POINT ( 'NONE',  ( 1.598525605875117384, -9.873157898859588499, 134.9298089319923406 ) ) ;
#1571 = DIRECTION ( 'NONE',  ( 1.000000000000000000, -0.000000000000000000, -0.000000000000000000 ) ) ;
#1572 = DIRECTION ( 'NONE',  ( -0.000000000000000000, -0.000000000000000000, -1.000000000000000000 ) ) ;
#1573 = B_SPLINE_CURVE_WITH_KNOTS ( 'NONE', 3,
 ( #1408, #1525, #679, #784, #77, #179, #45, #546, #170, #425, #926, #1424, #647, #328, #531, #672, #418, #1543, #1175, #312, #54, #908, #792, #664, #1298, #1145 ),
 .UNSPECIFIED., .F., .F.,
 ( 4, 2, 2, 2, 2, 2, 2, 2, 2, 2, 2, 2, 4 ),
 ( 0.006277896519452616161, 0.007062422111839059338, 0.007454684908032280927, 0.007846947704225502515, 0.008239210500418724104, 0.008631473296611945692, 0.009415998888998387134, 0.009808261685191610457, 0.01020052448138483378, 0.01098505007377128390, 0.01176957566615773228, 0.01216183846235095734, 0.01255410125854418066 ),
 .UNSPECIFIED. ) ;
#1574 = CARTESIAN_POINT ( 'NONE',  ( -7.974582062926343973, 0.6485839344018710095, 5.896400944851706960 ) ) ;
#1575 = CARTESIAN_POINT ( 'NONE',  ( 7.807724015636988923, -1.746473976144958362, 5.009424002810239251 ) ) ;
#1576 = ORIENTED_EDGE ( 'NONE', *, *, #779, .T. ) ;
#1577 = ORIENTED_EDGE ( 'NONE', *, *, #641, .T. ) ;
#1578 = CARTESIAN_POINT ( 'NONE',  ( -7.984048399427295273, 0.5211700542677204506, 135.6353690447989493 ) ) ;
#1579 = FACE_OUTER_BOUND ( 'NONE', #1470, .T. ) ;
#1580 = CARTESIAN_POINT ( 'NONE',  ( -9.872915131417235202, -1.590904022635910575, 2.780920601444090590 ) ) ;
#1581 = CARTESIAN_POINT ( 'NONE',  ( -0.8862865570898145195, -9.961379120966109113, 2.202368489256468997 ) ) ;
#1582 = EDGE_CURVE ( 'NONE', #1044, #1377, #118, .T. ) ;
#1583 = CARTESIAN_POINT ( 'NONE',  ( 7.939716290660803644, 1.009646481229280024, 2.253974617213169385 ) ) ;
#1584 = CARTESIAN_POINT ( 'NONE',  ( -7.857550826090254681, 1.505880749851675970, 2.677379612227408945 ) ) ;
#1585 = CARTESIAN_POINT ( 'NONE',  ( 7.772024952455934610, -1.896908818331615842, 3.352941011184945808 ) ) ;
#1586 = CARTESIAN_POINT ( 'NONE',  ( -7.807561963254345372, 1.747157896603914962, 134.7077926768776592 ) ) ;
#1587 = CARTESIAN_POINT ( 'NONE',  ( 1.505880749851689293, 7.857550826090247575, 132.3773796122274007 ) ) ;
#1588 = DIRECTION ( 'NONE',  ( 0.000000000000000000, 0.000000000000000000, 1.000000000000000000 ) ) ;
#1589 = CARTESIAN_POINT ( 'NONE',  ( -2.000065919835219752, -9.797945515304457231, 4.131043290310574712 ) ) ;
#1590 = CARTESIAN_POINT ( 'NONE',  ( 7.771927952868185052, 1.897309154264666065, 3.354035858617601562 ) ) ;
#1591 = CARTESIAN_POINT ( 'NONE',  ( -7.907110849327992241, -1.220493768314497407, 5.589792010400316258 ) ) ;
#1592 = CARTESIAN_POINT ( 'NONE',  ( 10.00000000000000000, 9.650605814723274703E-17, 2.000000000000005329 ) ) ;
#1593 = B_SPLINE_CURVE_WITH_KNOTS ( 'NONE', 3,
 ( #851, #722, #88, #704, #825, #819, #105, #221, #468, #697, #483, #1196, #1327, #97, #581, #1105, #287, #980, #632, #860, #402, #25, #742, #1476, #386, #1252 ),
 .UNSPECIFIED., .F., .F.,
 ( 4, 2, 2, 2, 2, 2, 2, 2, 2, 2, 2, 2, 4 ),
 ( 0.006277896519452619631, 0.007062422111839068012, 0.007454684908032292202, 0.007846947704225516393, 0.008239210500418741451, 0.008631473296611966509, 0.009415998888998414890, 0.009808261685191636478, 0.01020052448138485807, 0.01098505007377130124, 0.01176957566615774442, 0.01216183846235096427, 0.01255410125854418760 ),
 .UNSPECIFIED. ) ;
#1594 = FACE_OUTER_BOUND ( 'NONE', #1066, .T. ) ;
#1595 = CARTESIAN_POINT ( 'NONE',  ( 0.6481971308179723668, 9.979698754681907147, 5.896524696718712377 ) ) ;
#1596 = CARTESIAN_POINT ( 'NONE',  ( -0.2613545472027266059, -9.999999999999998224, 2.000000000000003109 ) ) ;
#1597 = DIRECTION ( 'NONE',  ( -0.000000000000000000, -0.000000000000000000, -1.000000000000000000 ) ) ;
#1598 = CARTESIAN_POINT ( 'NONE',  ( -8.000000000000000000, -0.1327117393334316386, 6.000000000000001776 ) ) ;
#1599 = CARTESIAN_POINT ( 'NONE',  ( 7.996695250530488686, -0.2636217697048039432, 5.986896891526013675 ) ) ;
ENDSEC;
END-ISO-10303-21;
