ISO-10303-21;
HEADER;
FILE_DESCRIPTION (( 'STEP AP214' ),
    '1' );
FILE_NAME ('MOFLON_¿ªÔ´A.STEP',
    '2026-08-16T17:26:55',
    ( '' ),
    ( '' ),
    'SwSTEP 2.0',
    'SolidWorks 2025',
    '' );
FILE_SCHEMA (( 'AUTOMOTIVE_DESIGN' ));
ENDSEC;

DATA;
#1 = DIRECTION ( 'NONE',  ( 0.6630352452962273713, -0.7485881801731654184, 0.000000000000000000 ) ) ;
#2 = CARTESIAN_POINT ( 'NONE',  ( 20.00000000000000000, 2.449293598294704935E-15, 6.000000000000000000 ) ) ;
#3 = CARTESIAN_POINT ( 'NONE',  ( -13.31491631905031170, -11.35722092408794737, 3.717984599510837818 ) ) ;
#4 = ORIENTED_EDGE ( 'NONE', *, *, #1756, .F. ) ;
#5 = CARTESIAN_POINT ( 'NONE',  ( 1.444605166093860138, -11.81808510325407902, -9.500000000000000000 ) ) ;
#6 = ORIENTED_EDGE ( 'NONE', *, *, #755, .T. ) ;
#7 = DIRECTION ( 'NONE',  ( -1.000000000000000000, 0.000000000000000000, 0.000000000000000000 ) ) ;
#8 = CARTESIAN_POINT ( 'NONE',  ( -3.472800551136074887, -10.70205485582938110, 0.5000000000000000000 ) ) ;
#9 = EDGE_CURVE ( 'NONE', #3004, #4105, #1261, .T. ) ;
#10 = DIRECTION ( 'NONE',  ( 0.000000000000000000, 0.000000000000000000, 1.000000000000000000 ) ) ;
#11 = VECTOR ( 'NONE', #4048, 1000.000000000000000 ) ;
#12 = ORIENTED_EDGE ( 'NONE', *, *, #2068, .F. ) ;
#13 = CARTESIAN_POINT ( 'NONE',  ( -3.903973979560090068, 12.13612074432424137, 0.5000000000000000000 ) ) ;
#14 = EDGE_CURVE ( 'NONE', #3902, #1471, #44, .T. ) ;
#15 = FACE_BOUND ( 'NONE', #2953, .T. ) ;
#16 = VERTEX_POINT ( 'NONE', #684 ) ;
#17 = FACE_OUTER_BOUND ( 'NONE', #3560, .T. ) ;
#18 = CARTESIAN_POINT ( 'NONE',  ( 0.000000000000000000, 0.000000000000000000, 6.000000000000000000 ) ) ;
#19 = VECTOR ( 'NONE', #811, 1000.000000000000000 ) ;
#20 = PLANE ( 'NONE',  #773 ) ;
#21 = CIRCLE ( 'NONE', #3315, 19.90000000000000213 ) ;
#22 = LINE ( 'NONE', #1085, #653 ) ;
#23 = CARTESIAN_POINT ( 'NONE',  ( -12.23808966454113190, -12.50916309622787637, 2.666412662835997427 ) ) ;
#24 = AXIS2_PLACEMENT_3D ( 'NONE', #3727, #3706, #2162 ) ;
#25 = ORIENTED_EDGE ( 'NONE', *, *, #4114, .T. ) ;
#26 = CIRCLE ( 'NONE', #783, 0.7499999999948779861 ) ;
#27 = ORIENTED_EDGE ( 'NONE', *, *, #359, .T. ) ;
#28 = DIRECTION ( 'NONE',  ( 1.000000000000000000, 0.000000000000000000, 0.000000000000000000 ) ) ;
#29 = ORIENTED_EDGE ( 'NONE', *, *, #3979, .F. ) ;
#30 = DIRECTION ( 'NONE',  ( 0.000000000000000000, 0.000000000000000000, 1.000000000000000000 ) ) ;
#31 = AXIS2_PLACEMENT_3D ( 'NONE', #682, #40, #2016 ) ;
#32 = LINE ( 'NONE', #3840, #1044 ) ;
#33 = CIRCLE ( 'NONE', #1856, 13.50000000000000000 ) ;
#34 = EDGE_CURVE ( 'NONE', #1552, #3225, #1958, .T. ) ;
#35 = ADVANCED_FACE ( 'NONE', ( #3249 ), #1979, .T. ) ;
#36 = DIRECTION ( 'NONE',  ( 0.000000000000000000, 0.000000000000000000, 1.000000000000000000 ) ) ;
#37 = CIRCLE ( 'NONE', #1454, 12.74999999998976108 ) ;
#38 = ORIENTED_EDGE ( 'NONE', *, *, #4008, .T. ) ;
#39 = CARTESIAN_POINT ( 'NONE',  ( -8.255920848905155651, -5.642674094963443743, 2.665915233600498535 ) ) ;
#40 = DIRECTION ( 'NONE',  ( 0.000000000000000000, 0.000000000000000000, 1.000000000000000000 ) ) ;
#41 = ADVANCED_FACE ( 'NONE', ( #945, #3543 ), #1655, .T. ) ;
#42 = ORIENTED_EDGE ( 'NONE', *, *, #2295, .T. ) ;
#43 = CARTESIAN_POINT ( 'NONE',  ( -12.16573525049755311, 12.58008950204192189, 3.501509782337702159 ) ) ;
#44 = CIRCLE ( 'NONE', #1797, 0.6500000000000012434 ) ;
#45 = CARTESIAN_POINT ( 'NONE',  ( 2.941322721851625133, -12.40685494837875957, 0.5000000000000000000 ) ) ;
#46 = CIRCLE ( 'NONE', #466, 12.74858578642744078 ) ;
#47 = EDGE_CURVE ( 'NONE', #613, #3539, #397, .T. ) ;
#48 = FACE_BOUND ( 'NONE', #2529, .T. ) ;
#49 = ADVANCED_FACE ( 'NONE', ( #374 ), #1906, .F. ) ;
#50 = CARTESIAN_POINT ( 'NONE',  ( -19.94999999999999929, 0.000000000000000000, 6.000000000000000000 ) ) ;
#51 = CARTESIAN_POINT ( 'NONE',  ( 12.48691383825444134, -12.26095523910874086, 2.174238861858738048 ) ) ;
#52 = VERTEX_POINT ( 'NONE', #50 ) ;
#53 = EDGE_LOOP ( 'NONE', ( #866, #1359, #2369, #3968 ) ) ;
#54 = DIRECTION ( 'NONE',  ( -1.000000000000000000, 0.000000000000000000, 0.000000000000000000 ) ) ;
#55 = ORIENTED_EDGE ( 'NONE', *, *, #1796, .T. ) ;
#56 = LINE ( 'NONE', #426, #3287 ) ;
#57 = DIRECTION ( 'NONE',  ( 0.000000000000000000, 0.000000000000000000, 1.000000000000000000 ) ) ;
#58 = DIRECTION ( 'NONE',  ( 0.000000000000000000, -1.000000000000000000, 0.000000000000000000 ) ) ;
#59 = DIRECTION ( 'NONE',  ( -1.000000000000000000, 0.000000000000000000, 0.000000000000000000 ) ) ;
#60 = APPLICATION_PROTOCOL_DEFINITION ( 'draft international standard', 'automotive_design', 1998, #248 ) ;
#61 = EDGE_CURVE ( 'NONE', #575, #3582, #341, .T. ) ;
#62 = VERTEX_POINT ( 'NONE', #3469 ) ;
#63 = DIRECTION ( 'NONE',  ( -1.000000000000000000, 0.000000000000000000, 0.000000000000000000 ) ) ;
#64 = ORIENTED_EDGE ( 'NONE', *, *, #2722, .T. ) ;
#65 = CARTESIAN_POINT ( 'NONE',  ( 1.598969619460624880, 11.81808510325407902, 0.5000000000000000000 ) ) ;
#66 = VECTOR ( 'NONE', #2069, 1000.000000000000000 ) ;
#67 = ADVANCED_FACE ( 'NONE', ( #1885 ), #2868, .T. ) ;
#68 = EDGE_LOOP ( 'NONE', ( #3378, #3162, #1702, #4 ) ) ;
#69 = EDGE_CURVE ( 'NONE', #3945, #254, #3094, .T. ) ;
#70 = EDGE_LOOP ( 'NONE', ( #64, #1401, #1628, #3935 ) ) ;
#71 = CARTESIAN_POINT ( 'NONE',  ( -10.63774392827155957, 13.89562535895817952, 2.499999999999490186 ) ) ;
#72 = LINE ( 'NONE', #1644, #1918 ) ;
#73 = CYLINDRICAL_SURFACE ( 'NONE', #3182, 11.00000000000000000 ) ;
#74 = DIRECTION ( 'NONE',  ( 1.000000000000000000, 0.000000000000000000, 0.000000000000000000 ) ) ;
#75 = ADVANCED_FACE ( 'NONE', ( #2015 ), #2051, .T. ) ;
#76 = EDGE_CURVE ( 'NONE', #2553, #1029, #1208, .T. ) ;
#77 = EDGE_LOOP ( 'NONE', ( #1487, #2703, #3407, #891 ) ) ;
#78 = AXIS2_PLACEMENT_3D ( 'NONE', #1271, #3467, #266 ) ;
#79 = VERTEX_POINT ( 'NONE', #749 ) ;
#80 = CARTESIAN_POINT ( 'NONE',  ( 0.000000000000000000, 0.000000000000000000, 0.000000000000000000 ) ) ;
#81 = CARTESIAN_POINT ( 'NONE',  ( 17.00000000000000000, -7.999999999999739764, 30.39999999999999858 ) ) ;
#82 = DIRECTION ( 'NONE',  ( 0.000000000000000000, 0.000000000000000000, -1.000000000000000000 ) ) ;
#83 = CIRCLE ( 'NONE', #2642, 11.00000000000000000 ) ;
#84 = ORIENTED_EDGE ( 'NONE', *, *, #1924, .F. ) ;
#85 = DIRECTION ( 'NONE',  ( 0.000000000000000000, 0.000000000000000000, -1.000000000000000000 ) ) ;
#86 = ORIENTED_EDGE ( 'NONE', *, *, #284, .T. ) ;
#87 = PLANE ( 'NONE',  #3754 ) ;
#88 = DIRECTION ( 'NONE',  ( 0.000000000000000000, 0.000000000000000000, -1.000000000000000000 ) ) ;
#89 = ORIENTED_EDGE ( 'NONE', *, *, #2935, .F. ) ;
#90 = CARTESIAN_POINT ( 'NONE',  ( -10.66306507063967857, 13.87634916731733625, 2.825125952697454146 ) ) ;
#91 = CYLINDRICAL_SURFACE ( 'NONE', #2332, 21.00000000000000000 ) ;
#92 = VECTOR ( 'NONE', #4023, 1000.000000000000000 ) ;
#93 = CARTESIAN_POINT ( 'NONE',  ( 0.000000000000000000, 0.000000000000000000, 29.39999999999999858 ) ) ;
#94 = DIRECTION ( 'NONE',  ( -1.000000000000000000, 0.000000000000000000, 0.000000000000000000 ) ) ;
#95 = VECTOR ( 'NONE', #1965, 1000.000000000000000 ) ;
#96 = VERTEX_POINT ( 'NONE', #3279 ) ;
#97 = EDGE_LOOP ( 'NONE', ( #2556, #3148, #2761, #967, #504 ) ) ;
#98 = AXIS2_PLACEMENT_3D ( 'NONE', #268, #1003, #2584 ) ;
#99 = CARTESIAN_POINT ( 'NONE',  ( 17.00000000000000000, 8.000000000000270006, 30.39999999999999858 ) ) ;
#100 = CARTESIAN_POINT ( 'NONE',  ( -3.005514282203614940, -12.38924224694028098, 0.5000000000000000000 ) ) ;
#101 = CARTESIAN_POINT ( 'NONE',  ( 1.999999999999814815, -26.50000000000000000, 33.39999999999999858 ) ) ;
#102 = CIRCLE ( 'NONE', #2984, 12.74999999998976108 ) ;
#103 = AXIS2_PLACEMENT_3D ( 'NONE', #3321, #1333, #1735 ) ;
#104 = CARTESIAN_POINT ( 'NONE',  ( 0.000000000000000000, 0.000000000000000000, 0.000000000000000000 ) ) ;
#105 = CIRCLE ( 'NONE', #2526, 12.74999999998976108 ) ;
#106 = ADVANCED_FACE ( 'NONE', ( #3507 ), #111, .T. ) ;
#107 = EDGE_LOOP ( 'NONE', ( #1181, #1826, #3391, #2358 ) ) ;
#108 = AXIS2_PLACEMENT_3D ( 'NONE', #1125, #1480, #3382 ) ;
#109 = FACE_OUTER_BOUND ( 'NONE', #3892, .T. ) ;
#110 = ORIENTED_EDGE ( 'NONE', *, *, #3068, .T. ) ;
#111 = CYLINDRICAL_SURFACE ( 'NONE', #1747, 0.6500000000000000222 ) ;
#112 = ADVANCED_FACE ( 'NONE', ( #2961 ), #87, .T. ) ;
#113 = CIRCLE ( 'NONE', #4138, 21.00000000000000000 ) ;
#114 = AXIS2_PLACEMENT_3D ( 'NONE', #917, #333, #1904 ) ;
#115 = ORIENTED_EDGE ( 'NONE', *, *, #3163, .T. ) ;
#116 = VERTEX_POINT ( 'NONE', #1369 ) ;
#117 = CARTESIAN_POINT ( 'NONE',  ( 0.000000000000000000, 0.000000000000000000, 0.5000000000000000000 ) ) ;
#118 = DIRECTION ( 'NONE',  ( 0.000000000000000000, 0.000000000000000000, -1.000000000000000000 ) ) ;
#119 = CARTESIAN_POINT ( 'NONE',  ( 2.941322721851625133, -12.40685494837875957, 0.000000000000000000 ) ) ;
#120 = CARTESIAN_POINT ( 'NONE',  ( 12.39751416106371806, -12.35134337655798653, 1.868252370621711789 ) ) ;
#121 = EDGE_LOOP ( 'NONE', ( #158, #2346, #1255, #3463 ) ) ;
#122 = ORIENTED_EDGE ( 'NONE', *, *, #534, .F. ) ;
#123 = CYLINDRICAL_SURFACE ( 'NONE', #3875, 13.50000000000000000 ) ;
#124 = CARTESIAN_POINT ( 'NONE',  ( 2.770244914684935278, 11.67709877494909954, 0.000000000000000000 ) ) ;
#125 = CARTESIAN_POINT ( 'NONE',  ( 0.000000000000000000, 0.000000000000000000, 31.39999999999999858 ) ) ;
#126 = ORIENTED_EDGE ( 'NONE', *, *, #1025, .T. ) ;
#127 = FACE_OUTER_BOUND ( 'NONE', #3738, .T. ) ;
#128 = VERTEX_POINT ( 'NONE', #129 ) ;
#129 = CARTESIAN_POINT ( 'NONE',  ( -0.6500000000000000222, -11.96354363695471967, -9.500000000000000000 ) ) ;
#130 = EDGE_CURVE ( 'NONE', #962, #2459, #3622, .T. ) ;
#131 = ORIENTED_EDGE ( 'NONE', *, *, #2970, .T. ) ;
#132 = DIRECTION ( 'NONE',  ( -1.000000000000000000, 0.000000000000000000, 0.000000000000000000 ) ) ;
#133 = VERTEX_POINT ( 'NONE', #1626 ) ;
#134 = DIRECTION ( 'NONE',  ( 0.000000000000000000, 0.000000000000000000, -1.000000000000000000 ) ) ;
#135 = LINE ( 'NONE', #2778, #1440 ) ;
#136 = CARTESIAN_POINT ( 'NONE',  ( -0.0009999999999594510764, -0.0009999999999594538953, 0.5000000000000000000 ) ) ;
#137 = B_SPLINE_CURVE_WITH_KNOTS ( 'NONE', 3,
 ( #1866, #649, #288, #3157, #1883, #2247, #1568, #3789, #2844, #2541, #2227, #557, #1290, #2866, #4134, #2166, #3178, #916 ),
 .UNSPECIFIED., .F., .F.,
 ( 4, 2, 2, 2, 2, 2, 2, 2, 4 ),
 ( 0.000000000000000000, 0.1250000000000000000, 0.2500000000000000000, 0.3750000000000000000, 0.5000000000000000000, 0.6250000000000000000, 0.7500000000000000000, 0.8750000000000000000, 1.000000000000000000 ),
 .UNSPECIFIED. ) ;
#138 = AXIS2_PLACEMENT_3D ( 'NONE', #3112, #2540, #3202 ) ;
#139 = CARTESIAN_POINT ( 'NONE',  ( 6.598374040156979703, 7.514084110933450411, 2.500000000000000000 ) ) ;
#140 = DIRECTION ( 'NONE',  ( 0.000000000000000000, 0.000000000000000000, 1.000000000000000000 ) ) ;
#141 = ORIENTED_EDGE ( 'NONE', *, *, #313, .F. ) ;
#142 = CARTESIAN_POINT ( 'NONE',  ( 13.20986587722052086, 11.47941204587111130, 1.249934040102200328 ) ) ;
#143 = LINE ( 'NONE', #3950, #66 ) ;
#144 = CARTESIAN_POINT ( 'NONE',  ( 5.000000000001289635, -26.50000000000000000, 33.39999999999999858 ) ) ;
#145 = VERTEX_POINT ( 'NONE', #1422 ) ;
#146 = CARTESIAN_POINT ( 'NONE',  ( 0.000000000000000000, 0.000000000000000000, 0.000000000000000000 ) ) ;
#147 = ORIENTED_EDGE ( 'NONE', *, *, #130, .F. ) ;
#148 = ADVANCED_FACE ( 'NONE', ( #3070 ), #578, .T. ) ;
#149 = EDGE_CURVE ( 'NONE', #3924, #2075, #536, .T. ) ;
#150 = ORIENTED_EDGE ( 'NONE', *, *, #1898, .T. ) ;
#151 = ADVANCED_FACE ( 'NONE', ( #1499, #2781 ), #1838, .F. ) ;
#152 = CARTESIAN_POINT ( 'NONE',  ( 0.000000000000000000, 0.000000000000000000, 29.39999999999999858 ) ) ;
#153 = CARTESIAN_POINT ( 'NONE',  ( 12.23803724571245866, 12.50921437871116026, 2.500000000000000000 ) ) ;
#154 = DIRECTION ( 'NONE',  ( 0.000000000000000000, -1.000000000000000000, 0.000000000000000000 ) ) ;
#155 = CARTESIAN_POINT ( 'NONE',  ( 7.052905605852768822, 7.090839638816993862, 3.591228151401215207 ) ) ;
#156 = DIRECTION ( 'NONE',  ( 0.000000000000000000, -1.000000000000000000, 0.000000000000000000 ) ) ;
#157 = EDGE_CURVE ( 'NONE', #1194, #2173, #876, .T. ) ;
#158 = ORIENTED_EDGE ( 'NONE', *, *, #1687, .F. ) ;
#159 = CARTESIAN_POINT ( 'NONE',  ( 18.87189017612680075, -4.672274967014939939, 40.39999999999999858 ) ) ;
#160 = EDGE_CURVE ( 'NONE', #1601, #901, #1672, .T. ) ;
#161 = CARTESIAN_POINT ( 'NONE',  ( 7.346673967914115977, -6.785291985989914565, 3.267058768137580227 ) ) ;
#162 = DIRECTION ( 'NONE',  ( 1.000000000000000000, 0.000000000000000000, 0.000000000000000000 ) ) ;
#163 = ORIENTED_EDGE ( 'NONE', *, *, #2170, .T. ) ;
#164 = AXIS2_PLACEMENT_3D ( 'NONE', #1010, #3744, #1959 ) ;
#165 = EDGE_LOOP ( 'NONE', ( #172, #2973, #2220, #2304 ) ) ;
#166 = CARTESIAN_POINT ( 'NONE',  ( 7.184812060742192585, -6.956458679240606457, 1.498490867117018510 ) ) ;
#167 = ORIENTED_EDGE ( 'NONE', *, *, #1665, .F. ) ;
#168 = EDGE_CURVE ( 'NONE', #565, #474, #302, .T. ) ;
#169 = FACE_BOUND ( 'NONE', #2429, .T. ) ;
#170 = AXIS2_PLACEMENT_3D ( 'NONE', #3665, #4045, #1188 ) ;
#171 = VECTOR ( 'NONE', #2432, 1000.000000000000000 ) ;
#172 = ORIENTED_EDGE ( 'NONE', *, *, #3905, .T. ) ;
#173 = LINE ( 'NONE', #493, #966 ) ;
#174 = CARTESIAN_POINT ( 'NONE',  ( -5.000000000001870504, 15.00000000000000000, 33.39999999999999858 ) ) ;
#175 = DIRECTION ( 'NONE',  ( 0.000000000000000000, 0.000000000000000000, 1.000000000000000000 ) ) ;
#176 = AXIS2_PLACEMENT_3D ( 'NONE', #390, #2676, #1660 ) ;
#177 = B_SPLINE_CURVE_WITH_KNOTS ( 'NONE', 3,
 ( #4104, #3126, #1490, #506, #209, #1764, #1512, #2773, #3035, #1196, #3428, #3408, #166, #1175, #2796, #2153, #1451, #4084 ),
 .UNSPECIFIED., .F., .F.,
 ( 4, 2, 2, 2, 2, 2, 2, 2, 4 ),
 ( 0.000000000000000000, 0.1249999999999997502, 0.2499999999999995004, 0.3749999999999992228, 0.4999999999999990008, 0.6249999999999992228, 0.7499999999999993339, 0.8749999999999995559, 1.000000000000000000 ),
 .UNSPECIFIED. ) ;
#178 = CARTESIAN_POINT ( 'NONE',  ( 0.0009999999999594510764, 0.0009999999999594538953, 0.000000000000000000 ) ) ;
#179 = CIRCLE ( 'NONE', #3666, 0.6500000000000000222 ) ;
#180 = CARTESIAN_POINT ( 'NONE',  ( -4.423321834769519789, 11.42349836849159850, 0.5000000000000000000 ) ) ;
#181 = EDGE_CURVE ( 'NONE', #1677, #2891, #1414, .T. ) ;
#182 = AXIS2_PLACEMENT_3D ( 'NONE', #3168, #299, #1579 ) ;
#183 = EDGE_CURVE ( 'NONE', #1029, #2640, #3705, .T. ) ;
#184 = CARTESIAN_POINT ( 'NONE',  ( 12.67351477894666267, 12.06878020920997407, 1.408646040878281935 ) ) ;
#185 = CARTESIAN_POINT ( 'NONE',  ( 2.625289776843494849, -10.94084893382380130, 0.000000000000000000 ) ) ;
#186 = FACE_OUTER_BOUND ( 'NONE', #3915, .T. ) ;
#187 = ORIENTED_EDGE ( 'NONE', *, *, #3238, .F. ) ;
#188 = DIRECTION ( 'NONE',  ( 1.000000000000000000, 0.000000000000000000, 0.000000000000000000 ) ) ;
#189 = ORIENTED_EDGE ( 'NONE', *, *, #1025, .F. ) ;
#190 = FACE_OUTER_BOUND ( 'NONE', #3222, .T. ) ;
#191 = VERTEX_POINT ( 'NONE', #596 ) ;
#192 = PLANE ( 'NONE',  #2777 ) ;
#193 = CARTESIAN_POINT ( 'NONE',  ( 17.57189017612680004, -4.672274967014939939, 40.39999999999999858 ) ) ;
#194 = DIRECTION ( 'NONE',  ( 0.000000000000000000, 0.000000000000000000, -1.000000000000000000 ) ) ;
#195 = EDGE_CURVE ( 'NONE', #3967, #2763, #2240, .T. ) ;
#196 = ORIENTED_EDGE ( 'NONE', *, *, #3280, .F. ) ;
#197 = CARTESIAN_POINT ( 'NONE',  ( -5.000000000001870504, 26.50000000000000000, 31.39999999999999858 ) ) ;
#198 = CARTESIAN_POINT ( 'NONE',  ( 17.00000000000000000, 2.707145100539840090E-13, 31.39999999999999858 ) ) ;
#199 = VERTEX_POINT ( 'NONE', #433 ) ;
#200 = AXIS2_PLACEMENT_3D ( 'NONE', #2342, #781, #2027 ) ;
#201 = DIRECTION ( 'NONE',  ( 0.000000000000000000, 0.000000000000000000, -1.000000000000000000 ) ) ;
#202 = EDGE_CURVE ( 'NONE', #145, #565, #3017, .T. ) ;
#203 = EDGE_CURVE ( 'NONE', #1471, #3719, #3694, .T. ) ;
#204 = CARTESIAN_POINT ( 'NONE',  ( 0.000000000000000000, 0.000000000000000000, 0.5000000000000000000 ) ) ;
#205 = DIRECTION ( 'NONE',  ( 1.000000000000000000, 0.000000000000000000, 0.000000000000000000 ) ) ;
#206 = EDGE_CURVE ( 'NONE', #4111, #3431, #1561, .T. ) ;
#207 = ORIENTED_EDGE ( 'NONE', *, *, #3422, .T. ) ;
#208 = VERTEX_POINT ( 'NONE', #3887 ) ;
#209 = CARTESIAN_POINT ( 'NONE',  ( 5.847813573416224209, -8.112759349643129170, 1.733841969803849636 ) ) ;
#210 = ORIENTED_EDGE ( 'NONE', *, *, #330, .T. ) ;
#211 = EDGE_CURVE ( 'NONE', #2173, #2660, #3499, .T. ) ;
#212 = CARTESIAN_POINT ( 'NONE',  ( -1.598969619460624880, -11.81808510325407902, -9.500000000000000000 ) ) ;
#213 = ORIENTED_EDGE ( 'NONE', *, *, #61, .T. ) ;
#214 = CARTESIAN_POINT ( 'NONE',  ( -12.50921437871104125, 12.23803724571259899, 2.500000000000000000 ) ) ;
#215 = CARTESIAN_POINT ( 'NONE',  ( -2.000000000000210054, -23.50000000000000000, 33.39999999999999858 ) ) ;
#216 = DIRECTION ( 'NONE',  ( -1.000000000000000000, 0.000000000000000000, 0.000000000000000000 ) ) ;
#217 = EDGE_LOOP ( 'NONE', ( #2786, #1050 ) ) ;
#218 = DIRECTION ( 'NONE',  ( 0.000000000000000000, 0.000000000000000000, 1.000000000000000000 ) ) ;
#219 = CARTESIAN_POINT ( 'NONE',  ( 7.890420005886328525, 6.145306359856724576, 3.591527638454498295 ) ) ;
#220 = DIRECTION ( 'NONE',  ( 0.000000000000000000, 0.000000000000000000, -1.000000000000000000 ) ) ;
#221 = VECTOR ( 'NONE', #3732, 1000.000000000000000 ) ;
#222 = CARTESIAN_POINT ( 'NONE',  ( 13.51073983607541429, 11.12355166336211632, 1.408361202615020291 ) ) ;
#223 = EDGE_CURVE ( 'NONE', #2648, #3753, #287, .T. ) ;
#224 = DIRECTION ( 'NONE',  ( 0.000000000000000000, 0.000000000000000000, -1.000000000000000000 ) ) ;
#225 = DIRECTION ( 'NONE',  ( 0.000000000000000000, 0.000000000000000000, -1.000000000000000000 ) ) ;
#226 = ORIENTED_EDGE ( 'NONE', *, *, #2011, .F. ) ;
#227 = VECTOR ( 'NONE', #1647, 1000.000000000000000 ) ;
#228 = ORIENTED_EDGE ( 'NONE', *, *, #3482, .F. ) ;
#229 = DIRECTION ( 'NONE',  ( -1.000000000000000000, 0.000000000000000000, 0.000000000000000000 ) ) ;
#230 = ORIENTED_EDGE ( 'NONE', *, *, #3891, .F. ) ;
#231 = VECTOR ( 'NONE', #881, 1000.000000000000000 ) ;
#232 = FACE_OUTER_BOUND ( 'NONE', #1727, .T. ) ;
#233 = AXIS2_PLACEMENT_3D ( 'NONE', #4031, #1211, #3404 ) ;
#234 = ORIENTED_EDGE ( 'NONE', *, *, #1218, .T. ) ;
#235 = CARTESIAN_POINT ( 'NONE',  ( 2.094605166093860049, -11.81808510325407902, 0.5000000000000000000 ) ) ;
#236 = EDGE_CURVE ( 'NONE', #191, #1534, #2967, .T. ) ;
#237 = LINE ( 'NONE', #2803, #567 ) ;
#238 = DIRECTION ( 'NONE',  ( 1.000000000000000000, 0.000000000000000000, 0.000000000000000000 ) ) ;
#239 = AXIS2_PLACEMENT_3D ( 'NONE', #435, #2988, #2947 ) ;
#240 = AXIS2_PLACEMENT_3D ( 'NONE', #2559, #3509, #643 ) ;
#241 = ORIENTED_EDGE ( 'NONE', *, *, #3231, .F. ) ;
#242 = AXIS2_PLACEMENT_3D ( 'NONE', #890, #970, #637 ) ;
#243 = AXIS2_PLACEMENT_3D ( 'NONE', #1998, #1358, #1104 ) ;
#244 = CARTESIAN_POINT ( 'NONE',  ( -4.452440770580439633, -11.41409033853683930, 0.5000000000000000000 ) ) ;
#245 = CARTESIAN_POINT ( 'NONE',  ( -7.699212737585683364, -6.383231682679391561, 1.282019227040533060 ) ) ;
#246 = CIRCLE ( 'NONE', #2470, 0.7485857864325601296 ) ;
#247 = CARTESIAN_POINT ( 'NONE',  ( 0.000000000000000000, 0.000000000000000000, 29.39999999999999858 ) ) ;
#248 = APPLICATION_CONTEXT ( 'automotive_design' ) ;
#249 = CYLINDRICAL_SURFACE ( 'NONE', #1813, 11.25141421356232030 ) ;
#250 = DIRECTION ( 'NONE',  ( 0.000000000000000000, 0.000000000000000000, -1.000000000000000000 ) ) ;
#251 = ORIENTED_EDGE ( 'NONE', *, *, #9, .T. ) ;
#252 = EDGE_CURVE ( 'NONE', #3563, #3658, #83, .T. ) ;
#253 = FACE_BOUND ( 'NONE', #997, .T. ) ;
#254 = VERTEX_POINT ( 'NONE', #3519 ) ;
#255 = CYLINDRICAL_SURFACE ( 'NONE', #1186, 17.50000000000000000 ) ;
#256 = AXIS2_PLACEMENT_3D ( 'NONE', #1007, #2299, #3949 ) ;
#257 = DIRECTION ( 'NONE',  ( 0.000000000000000000, 0.000000000000000000, 1.000000000000000000 ) ) ;
#258 = ORIENTED_EDGE ( 'NONE', *, *, #2723, .T. ) ;
#259 = DIRECTION ( 'NONE',  ( 0.000000000000000000, 0.000000000000000000, -1.000000000000000000 ) ) ;
#260 = EDGE_CURVE ( 'NONE', #2729, #1870, #3836, .T. ) ;
#261 = CARTESIAN_POINT ( 'NONE',  ( 0.000000000000000000, 0.000000000000000000, 10.00000000000000000 ) ) ;
#262 = LINE ( 'NONE', #1241, #2340 ) ;
#263 = EDGE_LOOP ( 'NONE', ( #2647, #3232 ) ) ;
#264 = FACE_OUTER_BOUND ( 'NONE', #1136, .T. ) ;
#265 = CARTESIAN_POINT ( 'NONE',  ( 0.000000000000000000, 0.000000000000000000, 0.5000000000000000000 ) ) ;
#266 = DIRECTION ( 'NONE',  ( 1.000000000000000000, 0.000000000000000000, 0.000000000000000000 ) ) ;
#267 = FACE_OUTER_BOUND ( 'NONE', #1286, .T. ) ;
#268 = CARTESIAN_POINT ( 'NONE',  ( 2.770244914684935278, 11.67709877494909954, 0.000000000000000000 ) ) ;
#269 = ADVANCED_FACE ( 'NONE', ( #986 ), #4119, .T. ) ;
#270 = EDGE_LOOP ( 'NONE', ( #2144, #2437, #549, #131, #1106, #3064 ) ) ;
#271 = VECTOR ( 'NONE', #4012, 1000.000000000000000 ) ;
#272 = ORIENTED_EDGE ( 'NONE', *, *, #4081, .F. ) ;
#273 = CARTESIAN_POINT ( 'NONE',  ( 13.10029315303036057, 11.60311679268401974, 2.500000000000000000 ) ) ;
#274 = VERTEX_POINT ( 'NONE', #4140 ) ;
#275 = CARTESIAN_POINT ( 'NONE',  ( 0.0009999999999594510764, 0.0009999999999594538953, 0.5000000000000000000 ) ) ;
#276 = EDGE_CURVE ( 'NONE', #133, #3834, #1360, .T. ) ;
#277 = DIRECTION ( 'NONE',  ( 1.000000000000000000, 0.000000000000000000, 0.000000000000000000 ) ) ;
#278 = ORIENTED_EDGE ( 'NONE', *, *, #1877, .F. ) ;
#279 = CARTESIAN_POINT ( 'NONE',  ( -5.000000000001870504, 19.36491673103660105, 31.39999999999999858 ) ) ;
#280 = PLANE ( 'NONE',  #3587 ) ;
#281 = AXIS2_PLACEMENT_3D ( 'NONE', #3265, #1316, #2701 ) ;
#282 = ADVANCED_FACE ( 'NONE', ( #1257 ), #1296, .F. ) ;
#283 = ORIENTED_EDGE ( 'NONE', *, *, #4069, .T. ) ;
#284 = EDGE_CURVE ( 'NONE', #4076, #1784, #2188, .T. ) ;
#285 = CARTESIAN_POINT ( 'NONE',  ( -13.59616701094097735, -11.01853165930991274, 1.498684315922406807 ) ) ;
#286 = FACE_OUTER_BOUND ( 'NONE', #2545, .T. ) ;
#287 = CIRCLE ( 'NONE', #3908, 0.6500000000000012434 ) ;
#288 = CARTESIAN_POINT ( 'NONE',  ( -7.492902646141647693, 6.622724769694268154, 2.826105657502529844 ) ) ;
#289 = EDGE_CURVE ( 'NONE', #1267, #1008, #628, .T. ) ;
#290 = DIRECTION ( 'NONE',  ( 0.000000000000000000, 0.000000000000000000, -1.000000000000000000 ) ) ;
#291 = DIRECTION ( 'NONE',  ( 0.000000000000000000, 0.000000000000000000, 1.000000000000000000 ) ) ;
#292 = EDGE_LOOP ( 'NONE', ( #4033, #303, #210, #1473 ) ) ;
#293 = ORIENTED_EDGE ( 'NONE', *, *, #2943, .T. ) ;
#294 = FACE_BOUND ( 'NONE', #2741, .T. ) ;
#295 = ORIENTED_EDGE ( 'NONE', *, *, #2572, .F. ) ;
#296 = CARTESIAN_POINT ( 'NONE',  ( -5.000000000000190070, -26.50000000000000000, 31.39999999999999858 ) ) ;
#297 = CARTESIAN_POINT ( 'NONE',  ( -0.6500000000000000222, 11.96354363695471967, -9.500000000000000000 ) ) ;
#298 = ORIENTED_EDGE ( 'NONE', *, *, #1183, .T. ) ;
#299 = DIRECTION ( 'NONE',  ( 0.000000000000000000, 0.000000000000000000, -1.000000000000000000 ) ) ;
#300 = CARTESIAN_POINT ( 'NONE',  ( -2.768244914684924840, 11.67709877494909954, 0.5000000000000000000 ) ) ;
#301 = CIRCLE ( 'NONE', #971, 0.6500000000000001332 ) ;
#302 = LINE ( 'NONE', #3826, #679 ) ;
#303 = ORIENTED_EDGE ( 'NONE', *, *, #2089, .F. ) ;
#304 = DIRECTION ( 'NONE',  ( 0.000000000000000000, 0.000000000000000000, 1.000000000000000000 ) ) ;
#305 = CYLINDRICAL_SURFACE ( 'NONE', #3656, 0.6500000000000012434 ) ;
#306 = FACE_BOUND ( 'NONE', #2216, .T. ) ;
#307 = AXIS2_PLACEMENT_3D ( 'NONE', #65, #3548, #346 ) ;
#308 = CIRCLE ( 'NONE', #3184, 0.7499999999948758767 ) ;
#309 = CARTESIAN_POINT ( 'NONE',  ( 0.000000000000000000, 0.000000000000000000, 0.000000000000000000 ) ) ;
#310 = DIRECTION ( 'NONE',  ( 0.000000000000000000, 0.000000000000000000, -1.000000000000000000 ) ) ;
#311 = CARTESIAN_POINT ( 'NONE',  ( -2.597167107518235429, -10.94734260151944127, 0.5000000000000000000 ) ) ;
#312 = EDGE_CURVE ( 'NONE', #2282, #1212, #1597, .T. ) ;
#313 = EDGE_CURVE ( 'NONE', #2282, #527, #1736, .T. ) ;
#314 = ORIENTED_EDGE ( 'NONE', *, *, #598, .T. ) ;
#315 = VERTEX_POINT ( 'NONE', #672 ) ;
#316 = ADVANCED_FACE ( 'NONE', ( #294, #253, #1535, #2834 ), #2813, .T. ) ;
#317 = DIRECTION ( 'NONE',  ( -1.445602896647339903E-16, -1.000000000000000000, 0.000000000000000000 ) ) ;
#318 = VERTEX_POINT ( 'NONE', #923 ) ;
#319 = CARTESIAN_POINT ( 'NONE',  ( -3.005514282203614940, -12.38924224694028098, 0.000000000000000000 ) ) ;
#320 = ADVANCED_FACE ( 'NONE', ( #589 ), #3796, .F. ) ;
#321 = CIRCLE ( 'NONE', #2791, 11.09999999999999964 ) ;
#322 = CARTESIAN_POINT ( 'NONE',  ( 0.000000000000000000, 11.96354363695471967, -9.500000000000000000 ) ) ;
#323 = ORIENTED_EDGE ( 'NONE', *, *, #1817, .T. ) ;
#324 = CARTESIAN_POINT ( 'NONE',  ( -5.000000000000190070, -26.50000000000000000, 33.39999999999999858 ) ) ;
#325 = FACE_OUTER_BOUND ( 'NONE', #3111, .T. ) ;
#326 = VERTEX_POINT ( 'NONE', #1679 ) ;
#327 = CARTESIAN_POINT ( 'NONE',  ( -12.23803724571245866, -12.50921437871116026, 2.500000000000000000 ) ) ;
#328 = B_SPLINE_CURVE_WITH_KNOTS ( 'NONE', 3,
 ( #1163, #2104, #3362, #3667, #538, #2477, #2122, #245, #2456, #2746, #2147, #500, #4027, #797, #1775, #2436, #1818, #874 ),
 .UNSPECIFIED., .F., .F.,
 ( 4, 2, 2, 2, 2, 2, 2, 2, 4 ),
 ( 0.000000000000000000, 0.1249999999999998890, 0.2499999999999998890, 0.3749999999999998890, 0.4999999999999998890, 0.6249999999999998890, 0.7499999999999998890, 0.8749999999999998890, 1.000000000000000000 ),
 .UNSPECIFIED. ) ;
#329 = CYLINDRICAL_SURFACE ( 'NONE', #2792, 0.6500000000000012434 ) ;
#330 = EDGE_CURVE ( 'NONE', #2018, #2870, #2689, .T. ) ;
#331 = FACE_BOUND ( 'NONE', #2446, .T. ) ;
#332 = EDGE_CURVE ( 'NONE', #492, #133, #1323, .T. ) ;
#333 = DIRECTION ( 'NONE',  ( 0.000000000000000000, 0.000000000000000000, -1.000000000000000000 ) ) ;
#334 = CARTESIAN_POINT ( 'NONE',  ( 0.000000000000000000, 0.000000000000000000, 10.00000000000000000 ) ) ;
#335 = ORIENTED_EDGE ( 'NONE', *, *, #3473, .T. ) ;
#336 = EDGE_CURVE ( 'NONE', #3843, #1452, #3308, .T. ) ;
#337 = CARTESIAN_POINT ( 'NONE',  ( 2.000000000000000000, 23.50000000000000000, 31.39999999999999858 ) ) ;
#338 = VERTEX_POINT ( 'NONE', #2650 ) ;
#339 = LINE ( 'NONE', #2525, #387 ) ;
#340 = DIRECTION ( 'NONE',  ( 0.000000000000000000, 0.000000000000000000, -1.000000000000000000 ) ) ;
#341 = CIRCLE ( 'NONE', #3549, 0.6500000000000001332 ) ;
#342 = CARTESIAN_POINT ( 'NONE',  ( 13.10029315303036057, 11.60311679268401974, 2.500000000000000000 ) ) ;
#343 = CIRCLE ( 'NONE', #2950, 11.09999999999999964 ) ;
#344 = ORIENTED_EDGE ( 'NONE', *, *, #2514, .T. ) ;
#345 = DIRECTION ( 'NONE',  ( 0.000000000000000000, 0.000000000000000000, -1.000000000000000000 ) ) ;
#346 = DIRECTION ( 'NONE',  ( -1.000000000000000000, 0.000000000000000000, 0.000000000000000000 ) ) ;
#347 = VERTEX_POINT ( 'NONE', #2612 ) ;
#348 = DIRECTION ( 'NONE',  ( 0.000000000000000000, 0.000000000000000000, 1.000000000000000000 ) ) ;
#349 = DIRECTION ( 'NONE',  ( 0.6630352452962273713, -0.7485881801731654184, 0.000000000000000000 ) ) ;
#350 = FACE_BOUND ( 'NONE', #2298, .T. ) ;
#351 = VERTEX_POINT ( 'NONE', #3291 ) ;
#352 = EDGE_CURVE ( 'NONE', #3570, #326, #46, .T. ) ;
#353 = CARTESIAN_POINT ( 'NONE',  ( 2.768244914684924840, -11.67709877494909954, 0.5000000000000000000 ) ) ;
#354 = CARTESIAN_POINT ( 'NONE',  ( -13.74315128028254662, -10.83464437412753689, 3.266086975630988931 ) ) ;
#355 = VERTEX_POINT ( 'NONE', #2026 ) ;
#356 = VERTEX_POINT ( 'NONE', #1652 ) ;
#357 = DIRECTION ( 'NONE',  ( 2.262682794752355172E-16, -1.000000000000000000, 0.000000000000000000 ) ) ;
#358 = ORIENTED_EDGE ( 'NONE', *, *, #1062, .T. ) ;
#359 = EDGE_CURVE ( 'NONE', #2763, #2469, #1721, .T. ) ;
#360 = CARTESIAN_POINT ( 'NONE',  ( -2.094605166093860049, 11.81808510325407902, -9.500000000000000000 ) ) ;
#361 = FACE_OUTER_BOUND ( 'NONE', #77, .T. ) ;
#362 = PRODUCT_DEFINITION ( 'æ™', '', #383, #2912 ) ;
#363 = ORIENTED_EDGE ( 'NONE', *, *, #3192, .F. ) ;
#364 = CARTESIAN_POINT ( 'NONE',  ( -2.000000000000369926, 23.50000000000000000, 31.39999999999999858 ) ) ;
#365 = DIRECTION ( 'NONE',  ( 0.000000000000000000, 0.000000000000000000, 1.000000000000000000 ) ) ;
#366 = ADVANCED_FACE ( 'NONE', ( #2975 ), #3926, .F. ) ;
#367 = ORIENTED_EDGE ( 'NONE', *, *, #1149, .F. ) ;
#368 = CARTESIAN_POINT ( 'NONE',  ( 0.000000000000000000, 0.000000000000000000, 0.000000000000000000 ) ) ;
#369 = ORIENTED_EDGE ( 'NONE', *, *, #3819, .F. ) ;
#370 = CARTESIAN_POINT ( 'NONE',  ( 0.000000000000000000, 0.000000000000000000, 31.39999999999999858 ) ) ;
#371 = CARTESIAN_POINT ( 'NONE',  ( -20.00000000000000000, 0.000000000000000000, 10.00000000000000000 ) ) ;
#372 = ORIENTED_EDGE ( 'NONE', *, *, #1492, .F. ) ;
#373 = PLANE ( 'NONE',  #2533 ) ;
#374 = FACE_OUTER_BOUND ( 'NONE', #1974, .T. ) ;
#375 = CARTESIAN_POINT ( 'NONE',  ( 19.90000000000000213, 0.000000000000000000, 30.39999999999999858 ) ) ;
#376 = AXIS2_PLACEMENT_3D ( 'NONE', #1103, #796, #2082 ) ;
#377 = ORIENTED_EDGE ( 'NONE', *, *, #276, .F. ) ;
#378 = AXIS2_PLACEMENT_3D ( 'NONE', #1498, #2142, #3683 ) ;
#379 = ORIENTED_EDGE ( 'NONE', *, *, #2478, .F. ) ;
#380 = PLANE ( 'NONE',  #1126 ) ;
#381 = ORIENTED_EDGE ( 'NONE', *, *, #1931, .T. ) ;
#382 = DIRECTION ( 'NONE',  ( 0.000000000000000000, 0.000000000000000000, -1.000000000000000000 ) ) ;
#383 = PRODUCT_DEFINITION_FORMATION_WITH_SPECIFIED_SOURCE ( 'å¯', '', #2017, .NOT_KNOWN. ) ;
#384 = DIRECTION ( 'NONE',  ( -1.000000000000000000, 0.000000000000000000, 0.000000000000000000 ) ) ;
#385 = CARTESIAN_POINT ( 'NONE',  ( 12.50921437871112119, -12.23803724571252083, 2.500000000000000000 ) ) ;
#386 = AXIS2_PLACEMENT_3D ( 'NONE', #4046, #857, #3687 ) ;
#387 = VECTOR ( 'NONE', #7, 1000.000000000000000 ) ;
#388 = ORIENTED_EDGE ( 'NONE', *, *, #877, .F. ) ;
#389 = VECTOR ( 'NONE', #1399, 1000.000000000000000 ) ;
#390 = CARTESIAN_POINT ( 'NONE',  ( -2.768244914684924840, 11.67709877494909954, 0.5000000000000000000 ) ) ;
#391 = ORIENTED_EDGE ( 'NONE', *, *, #2768, .T. ) ;
#392 = DIRECTION ( 'NONE',  ( 0.000000000000000000, 0.000000000000000000, 1.000000000000000000 ) ) ;
#393 = CIRCLE ( 'NONE', #4147, 17.50000000000000000 ) ;
#394 = ORIENTED_EDGE ( 'NONE', *, *, #236, .F. ) ;
#395 = EDGE_CURVE ( 'NONE', #2640, #62, #995, .T. ) ;
#396 = CARTESIAN_POINT ( 'NONE',  ( -20.00000000000000000, 2.449293598294704935E-15, 31.39999999999999858 ) ) ;
#397 = CIRCLE ( 'NONE', #2740, 11.09999999999999964 ) ;
#398 = DIRECTION ( 'NONE',  ( 1.000000000000000000, 0.000000000000000000, 0.000000000000000000 ) ) ;
#399 = AXIS2_PLACEMENT_3D ( 'NONE', #1234, #1573, #2503 ) ;
#400 = DIRECTION ( 'NONE',  ( 0.000000000000000000, 0.000000000000000000, 1.000000000000000000 ) ) ;
#401 = CARTESIAN_POINT ( 'NONE',  ( 8.255962153397540249, 5.642613660500550132, 2.500000000000000000 ) ) ;
#402 = ORIENTED_EDGE ( 'NONE', *, *, #646, .F. ) ;
#403 = ORIENTED_EDGE ( 'NONE', *, *, #3319, .T. ) ;
#404 = DIRECTION ( 'NONE',  ( 1.000000000000000000, 0.000000000000000000, 0.000000000000000000 ) ) ;
#405 = ORIENTED_EDGE ( 'NONE', *, *, #3953, .T. ) ;
#406 = CARTESIAN_POINT ( 'NONE',  ( -2.000000000000369926, 23.50000000000000000, 33.39999999999999858 ) ) ;
#407 = CARTESIAN_POINT ( 'NONE',  ( -2.094605166093860049, 11.81808510325407902, -9.500000000000000000 ) ) ;
#408 = ORIENTED_EDGE ( 'NONE', *, *, #3438, .T. ) ;
#409 = PLANE ( 'NONE',  #2269 ) ;
#410 = ORIENTED_EDGE ( 'NONE', *, *, #395, .T. ) ;
#411 = ADVANCED_FACE ( 'NONE', ( #2004 ), #3000, .F. ) ;
#412 = FACE_BOUND ( 'NONE', #1120, .T. ) ;
#413 = AXIS2_PLACEMENT_3D ( 'NONE', #3690, #4079, #821 ) ;
#414 = ORIENTED_EDGE ( 'NONE', *, *, #1394, .F. ) ;
#415 = ADVANCED_FACE ( 'NONE', ( #2376 ), #123, .T. ) ;
#416 = CARTESIAN_POINT ( 'NONE',  ( 0.000000000000000000, 0.000000000000000000, 31.39999999999999858 ) ) ;
#417 = DIRECTION ( 'NONE',  ( 0.000000000000000000, 0.000000000000000000, 1.000000000000000000 ) ) ;
#418 = ADVANCED_FACE ( 'NONE', ( #1089 ), #380, .F. ) ;
#419 = EDGE_CURVE ( 'NONE', #79, #1768, #3226, .T. ) ;
#420 = FACE_OUTER_BOUND ( 'NONE', #535, .T. ) ;
#421 = DIRECTION ( 'NONE',  ( 0.000000000000000000, 0.000000000000000000, -1.000000000000000000 ) ) ;
#422 = EDGE_LOOP ( 'NONE', ( #3129, #2502, #3616, #1331, #984, #3960, #1395, #1536 ) ) ;
#423 = AXIS2_PLACEMENT_3D ( 'NONE', #3009, #2078, #476 ) ;
#424 = ORIENTED_EDGE ( 'NONE', *, *, #2949, .T. ) ;
#425 = CARTESIAN_POINT ( 'NONE',  ( -2.118045185149889705E-13, -23.50000000000000000, 33.39999999999999858 ) ) ;
#426 = CARTESIAN_POINT ( 'NONE',  ( -2.248969619460625236, -11.81808510325407902, -9.500000000000000000 ) ) ;
#427 = CARTESIAN_POINT ( 'NONE',  ( 3.674736048336959993, -11.42349836849159850, 0.5000000000000000000 ) ) ;
#428 = AXIS2_PLACEMENT_3D ( 'NONE', #1911, #3859, #3185 ) ;
#429 = ORIENTED_EDGE ( 'NONE', *, *, #1687, .T. ) ;
#430 = CARTESIAN_POINT ( 'NONE',  ( 0.000000000000000000, 0.000000000000000000, 5.000000000000000000 ) ) ;
#431 = ORIENTED_EDGE ( 'NONE', *, *, #3201, .T. ) ;
#432 = AXIS2_PLACEMENT_3D ( 'NONE', #801, #501, #2067 ) ;
#433 = CARTESIAN_POINT ( 'NONE',  ( 13.50000000000000000, 1.653273178848925092E-15, 6.000000000000000000 ) ) ;
#434 = ORIENTED_EDGE ( 'NONE', *, *, #2136, .F. ) ;
#435 = CARTESIAN_POINT ( 'NONE',  ( 0.000000000000000000, 0.000000000000000000, 0.000000000000000000 ) ) ;
#436 = FACE_OUTER_BOUND ( 'NONE', #1327, .T. ) ;
#437 = AXIS2_PLACEMENT_3D ( 'NONE', #2306, #345, #948 ) ;
#438 = B_SPLINE_CURVE_WITH_KNOTS ( 'NONE', 3,
 ( #214, #1182, #852, #530, #869, #3065, #595, #3762, #2473, #2821, #906, #888, #1876, #1858, #2157, #2759, #4108, #1833 ),
 .UNSPECIFIED., .F., .F.,
 ( 4, 2, 2, 2, 2, 2, 2, 2, 4 ),
 ( 0.000000000000000000, 0.1249999999999998890, 0.2499999999999998890, 0.3749999999999998890, 0.4999999999999998890, 0.6249999999999998890, 0.7499999999999998890, 0.8749999999999998890, 1.000000000000000000 ),
 .UNSPECIFIED. ) ;
#439 = LINE ( 'NONE', #1045, #2403 ) ;
#440 = CARTESIAN_POINT ( 'NONE',  ( 8.237967907668020118, 5.669209875271728372, 2.174552929807501034 ) ) ;
#441 = VECTOR ( 'NONE', #1824, 1000.000000000000000 ) ;
#442 = VERTEX_POINT ( 'NONE', #3903 ) ;
#443 = ORIENTED_EDGE ( 'NONE', *, *, #2922, .T. ) ;
#444 = AXIS2_PLACEMENT_3D ( 'NONE', #3470, #2250, #3515 ) ;
#445 = DIRECTION ( 'NONE',  ( 0.000000000000000000, 0.000000000000000000, -1.000000000000000000 ) ) ;
#446 = EDGE_CURVE ( 'NONE', #1870, #998, #2210, .T. ) ;
#447 = LINE ( 'NONE', #2978, #2756 ) ;
#448 = DIRECTION ( 'NONE',  ( 1.000000000000000000, 0.000000000000000000, 0.000000000000000000 ) ) ;
#449 = VECTOR ( 'NONE', #2435, 1000.000000000000000 ) ;
#450 = AXIS2_PLACEMENT_3D ( 'NONE', #3641, #417, #398 ) ;
#451 = DIRECTION ( 'NONE',  ( 0.000000000000000000, 0.000000000000000000, 1.000000000000000000 ) ) ;
#452 = AXIS2_PLACEMENT_3D ( 'NONE', #3460, #3505, #2879 ) ;
#453 = ORIENTED_EDGE ( 'NONE', *, *, #76, .T. ) ;
#454 = DIRECTION ( 'NONE',  ( 1.000000000000000000, 0.000000000000000000, 0.000000000000000000 ) ) ;
#455 = VERTEX_POINT ( 'NONE', #3647 ) ;
#456 = VECTOR ( 'NONE', #546, 1000.000000000000000 ) ;
#457 = MECHANICAL_DESIGN_GEOMETRIC_PRESENTATION_REPRESENTATION (  '', ( #2734 ), #584 ) ;
#458 = ORIENTED_EDGE ( 'NONE', *, *, #1213, .T. ) ;
#459 = EDGE_LOOP ( 'NONE', ( #1279, #458 ) ) ;
#460 = ORIENTED_EDGE ( 'NONE', *, *, #3206, .T. ) ;
#461 = CARTESIAN_POINT ( 'NONE',  ( 13.74315128027421729, 10.83464437413795167, 3.266086975631026679 ) ) ;
#462 = FACE_OUTER_BOUND ( 'NONE', #4083, .T. ) ;
#463 = CARTESIAN_POINT ( 'NONE',  ( 7.266870958561900906, 6.871395108716814804, 3.718164539965080451 ) ) ;
#464 = ADVANCED_FACE ( 'NONE', ( #1404 ), #2672, .F. ) ;
#465 = CARTESIAN_POINT ( 'NONE',  ( 10.83502908089246297, -13.74285058249653702, 1.733196819599213345 ) ) ;
#466 = AXIS2_PLACEMENT_3D ( 'NONE', #80, #445, #2317 ) ;
#467 = ORIENTED_EDGE ( 'NONE', *, *, #3319, .F. ) ;
#468 = CARTESIAN_POINT ( 'NONE',  ( 12.35134337656504577, 12.39751416105674586, 1.868252370597834888 ) ) ;
#469 = DIRECTION ( 'NONE',  ( 1.000000000000000000, 0.000000000000000000, 0.000000000000000000 ) ) ;
#470 = DIRECTION ( 'NONE',  ( 0.000000000000000000, 0.000000000000000000, -1.000000000000000000 ) ) ;
#471 = EDGE_CURVE ( 'NONE', #318, #3143, #798, .T. ) ;
#472 = ORIENTED_EDGE ( 'NONE', *, *, #3176, .F. ) ;
#473 = CARTESIAN_POINT ( 'NONE',  ( 0.000000000000000000, 0.000000000000000000, 29.39999999999999858 ) ) ;
#474 = VERTEX_POINT ( 'NONE', #3562 ) ;
#475 = ORIENTED_EDGE ( 'NONE', *, *, #195, .F. ) ;
#476 = DIRECTION ( 'NONE',  ( -1.000000000000000000, 0.000000000000000000, 0.000000000000000000 ) ) ;
#477 = DIRECTION ( 'NONE',  ( 0.000000000000000000, 0.000000000000000000, -1.000000000000000000 ) ) ;
#478 = DIRECTION ( 'NONE',  ( 0.000000000000000000, 0.000000000000000000, -1.000000000000000000 ) ) ;
#479 = ORIENTED_EDGE ( 'NONE', *, *, #483, .F. ) ;
#480 = FACE_BOUND ( 'NONE', #2315, .T. ) ;
#481 = DIRECTION ( 'NONE',  ( 0.000000000000000000, 0.000000000000000000, 1.000000000000000000 ) ) ;
#482 = ORIENTED_EDGE ( 'NONE', *, *, #646, .T. ) ;
#483 = EDGE_CURVE ( 'NONE', #3389, #2763, #2359, .T. ) ;
#484 = DIRECTION ( 'NONE',  ( 1.000000000000000000, 0.000000000000000000, 0.000000000000000000 ) ) ;
#485 = DIRECTION ( 'NONE',  ( 0.000000000000000000, 0.000000000000000000, -1.000000000000000000 ) ) ;
#486 = CARTESIAN_POINT ( 'NONE',  ( 17.00000000000000000, 8.000000000000270006, 31.39999999999999858 ) ) ;
#487 = AXIS2_PLACEMENT_3D ( 'NONE', #152, #1022, #688 ) ;
#488 = ORIENTED_EDGE ( 'NONE', *, *, #1488, .T. ) ;
#489 = DIRECTION ( 'NONE',  ( 0.000000000000000000, 0.000000000000000000, -1.000000000000000000 ) ) ;
#490 = ORIENTED_EDGE ( 'NONE', *, *, #3821, .T. ) ;
#491 = CARTESIAN_POINT ( 'NONE',  ( 0.0009999999999594510764, 0.0009999999999594538953, 0.5000000000000000000 ) ) ;
#492 = VERTEX_POINT ( 'NONE', #837 ) ;
#493 = CARTESIAN_POINT ( 'NONE',  ( 5.000000000000000000, 15.00000000000000000, 33.39999999999999858 ) ) ;
#494 = ORIENTED_EDGE ( 'NONE', *, *, #2117, .F. ) ;
#495 = EDGE_CURVE ( 'NONE', #2870, #1887, #2882, .T. ) ;
#496 = CARTESIAN_POINT ( 'NONE',  ( 3.005514282203614940, 12.38924224694028098, 0.5000000000000000000 ) ) ;
#497 = CARTESIAN_POINT ( 'NONE',  ( 17.57189017612680004, -2.835895920711525076, 40.39999999999999858 ) ) ;
#498 = ORIENTED_EDGE ( 'NONE', *, *, #2946, .F. ) ;
#499 = CARTESIAN_POINT ( 'NONE',  ( 7.972588250588191983, 6.037524820957521854, 3.501246988633081259 ) ) ;
#500 = CARTESIAN_POINT ( 'NONE',  ( -7.053452901548525666, -7.090293527491526859, 1.408330446528198943 ) ) ;
#501 = DIRECTION ( 'NONE',  ( 0.000000000000000000, 0.000000000000000000, -1.000000000000000000 ) ) ;
#502 = CARTESIAN_POINT ( 'NONE',  ( 7.514036525892720420, -6.598428228961108921, 2.666052306928331728 ) ) ;
#503 = CARTESIAN_POINT ( 'NONE',  ( 2.595167107518229876, -10.94734260151945904, 0.000000000000000000 ) ) ;
#504 = ORIENTED_EDGE ( 'NONE', *, *, #471, .F. ) ;
#505 = EDGE_LOOP ( 'NONE', ( #3213, #3393, #507, #2415 ) ) ;
#506 = CARTESIAN_POINT ( 'NONE',  ( 5.773673779838627063, -8.165093198589199019, 1.868983234499930646 ) ) ;
#507 = ORIENTED_EDGE ( 'NONE', *, *, #2517, .T. ) ;
#508 = DIRECTION ( 'NONE',  ( 1.000000000000000000, 0.000000000000000000, 0.000000000000000000 ) ) ;
#509 = CIRCLE ( 'NONE', #3942, 12.74858578642744078 ) ;
#510 = AXIS2_PLACEMENT_3D ( 'NONE', #2762, #175, #3042 ) ;
#511 = FACE_OUTER_BOUND ( 'NONE', #1096, .T. ) ;
#512 = CARTESIAN_POINT ( 'NONE',  ( 12.26100509067137345, 12.48686644718419636, 2.826297315180787972 ) ) ;
#513 = CIRCLE ( 'NONE', #3729, 0.6500000000000012434 ) ;
#514 = PLANE ( 'NONE',  #2725 ) ;
#515 = EDGE_CURVE ( 'NONE', #1450, #547, #1496, .T. ) ;
#516 = AXIS2_PLACEMENT_3D ( 'NONE', #2424, #3696, #188 ) ;
#517 = CYLINDRICAL_SURFACE ( 'NONE', #3252, 1.249999999999999334 ) ;
#518 = DIRECTION ( 'NONE',  ( 1.000000000000000000, 0.000000000000000000, 0.000000000000000000 ) ) ;
#519 = VECTOR ( 'NONE', #1118, 1000.000000000000000 ) ;
#520 = AXIS2_PLACEMENT_3D ( 'NONE', #2857, #2696, #454 ) ;
#521 = CARTESIAN_POINT ( 'NONE',  ( 3.703854984147879836, 11.41409033853683930, 0.5000000000000000000 ) ) ;
#522 = CARTESIAN_POINT ( 'NONE',  ( 6.037524820950748605, -7.972588250593196868, 3.501246988618879730 ) ) ;
#523 = LINE ( 'NONE', #1803, #441 ) ;
#524 = EDGE_LOOP ( 'NONE', ( #2086, #2565, #1696, #2406, #3761, #686, #3276, #2186, #4120, #479, #3183, #3793, #1039 ) ) ;
#525 = VERTEX_POINT ( 'NONE', #4029 ) ;
#526 = CARTESIAN_POINT ( 'NONE',  ( 0.000000000000000000, 0.000000000000000000, 0.5000000000000000000 ) ) ;
#527 = VERTEX_POINT ( 'NONE', #3708 ) ;
#528 = CARTESIAN_POINT ( 'NONE',  ( -1.598969619460624880, -11.81808510325407902, -9.500000000000000000 ) ) ;
#529 = ORIENTED_EDGE ( 'NONE', *, *, #1988, .T. ) ;
#530 = CARTESIAN_POINT ( 'NONE',  ( -12.39751416106915549, 12.35134337655249226, 1.868252370626261261 ) ) ;
#531 = DIRECTION ( 'NONE',  ( 1.000000000000000000, 0.000000000000000000, 0.000000000000000000 ) ) ;
#532 = VERTEX_POINT ( 'NONE', #1144 ) ;
#533 = FACE_OUTER_BOUND ( 'NONE', #2300, .T. ) ;
#534 = EDGE_CURVE ( 'NONE', #1583, #2620, #3842, .T. ) ;
#535 = EDGE_LOOP ( 'NONE', ( #599, #2323, #3989, #2563 ) ) ;
#536 = LINE ( 'NONE', #3088, #1748 ) ;
#537 = CARTESIAN_POINT ( 'NONE',  ( 6.598428228961083164, 7.514036525892740848, 2.666052306934231009 ) ) ;
#538 = CARTESIAN_POINT ( 'NONE',  ( -8.112759349658494656, -5.847813573395422182, 1.733841969814615913 ) ) ;
#539 = AXIS2_PLACEMENT_3D ( 'NONE', #630, #1342, #1722 ) ;
#540 = CARTESIAN_POINT ( 'NONE',  ( -3.738329090730019793E-13, 23.50000000000000000, 33.39999999999999858 ) ) ;
#541 = DIRECTION ( 'NONE',  ( 0.000000000000000000, 0.000000000000000000, -1.000000000000000000 ) ) ;
#542 = CARTESIAN_POINT ( 'NONE',  ( -19.94999999999999929, 0.000000000000000000, 10.00000000000000000 ) ) ;
#543 = CARTESIAN_POINT ( 'NONE',  ( 2.997719311615589799, -12.39113063778549950, 0.5000000000000000000 ) ) ;
#544 = EDGE_LOOP ( 'NONE', ( #2588, #3087, #230, #1804 ) ) ;
#545 = EDGE_LOOP ( 'NONE', ( #2616, #761, #2960, #2774 ) ) ;
#546 = DIRECTION ( 'NONE',  ( 0.000000000000000000, 0.000000000000000000, -1.000000000000000000 ) ) ;
#547 = VERTEX_POINT ( 'NONE', #2148 ) ;
#548 = DIRECTION ( 'NONE',  ( -1.000000000000000000, 0.000000000000000000, 0.000000000000000000 ) ) ;
#549 = ORIENTED_EDGE ( 'NONE', *, *, #3488, .T. ) ;
#550 = CARTESIAN_POINT ( 'NONE',  ( 17.57189017612680004, -4.672274967014939939, 30.39999999999999858 ) ) ;
#551 = FACE_OUTER_BOUND ( 'NONE', #683, .T. ) ;
#552 = DIRECTION ( 'NONE',  ( 0.000000000000000000, 0.000000000000000000, -1.000000000000000000 ) ) ;
#553 = ORIENTED_EDGE ( 'NONE', *, *, #2367, .T. ) ;
#554 = LINE ( 'NONE', #1880, #1377 ) ;
#555 = PLANE ( 'NONE',  #2598 ) ;
#556 = VECTOR ( 'NONE', #1, 1000.000000000000114 ) ;
#557 = CARTESIAN_POINT ( 'NONE',  ( -6.145306359863498713, 7.890420005880879550, 3.591527638463263727 ) ) ;
#558 = DIRECTION ( 'NONE',  ( 0.000000000000000000, 0.000000000000000000, -1.000000000000000000 ) ) ;
#559 = CARTESIAN_POINT ( 'NONE',  ( 0.000000000000000000, 0.000000000000000000, 31.39999999999999858 ) ) ;
#560 = ADVANCED_FACE ( 'NONE', ( #2124 ), #3750, .F. ) ;
#561 = ORIENTED_EDGE ( 'NONE', *, *, #4060, .T. ) ;
#562 = EDGE_CURVE ( 'NONE', #3431, #4076, #3642, .T. ) ;
#563 = ORIENTED_EDGE ( 'NONE', *, *, #1488, .F. ) ;
#564 = FACE_OUTER_BOUND ( 'NONE', #910, .T. ) ;
#565 = VERTEX_POINT ( 'NONE', #1819 ) ;
#566 = EDGE_CURVE ( 'NONE', #1832, #3389, #2766, .T. ) ;
#567 = VECTOR ( 'NONE', #1522, 1000.000000000000000 ) ;
#568 = CARTESIAN_POINT ( 'NONE',  ( 0.000000000000000000, 0.000000000000000000, 29.39999999999999858 ) ) ;
#569 = CIRCLE ( 'NONE', #233, 0.6500000000000000222 ) ;
#570 = VERTEX_POINT ( 'NONE', #159 ) ;
#571 = DIRECTION ( 'NONE',  ( 1.000000000000000000, 0.000000000000000000, 0.000000000000000000 ) ) ;
#572 = CARTESIAN_POINT ( 'NONE',  ( 11.01767755973154372, -13.59685651230927661, 3.500447207105307434 ) ) ;
#573 = LINE ( 'NONE', #1203, #2128 ) ;
#574 = EDGE_CURVE ( 'NONE', #3307, #2628, #2788, .T. ) ;
#575 = VERTEX_POINT ( 'NONE', #2709 ) ;
#576 = EDGE_CURVE ( 'NONE', #3426, #2729, #2419, .T. ) ;
#577 = AXIS2_PLACEMENT_3D ( 'NONE', #2799, #2487, #808 ) ;
#578 = CYLINDRICAL_SURFACE ( 'NONE', #3216, 19.90000000000000213 ) ;
#579 = VECTOR ( 'NONE', #3341, 1000.000000000000000 ) ;
#580 = CARTESIAN_POINT ( 'NONE',  ( -12.57971240655465905, -12.16612436659747942, 1.498891517284393515 ) ) ;
#581 = DIRECTION ( 'NONE',  ( -1.000000000000000000, 0.000000000000000000, 0.000000000000000000 ) ) ;
#582 = CIRCLE ( 'NONE', #4142, 0.6500000000000012434 ) ;
#583 = DIRECTION ( 'NONE',  ( 1.000000000000000000, 0.000000000000000000, 0.000000000000000000 ) ) ;
#584 =( GEOMETRIC_REPRESENTATION_CONTEXT ( 3 ) GLOBAL_UNCERTAINTY_ASSIGNED_CONTEXT ( ( #990 ) ) GLOBAL_UNIT_ASSIGNED_CONTEXT ( ( #2060, #3266, #2971 ) ) REPRESENTATION_CONTEXT ( 'NONE', 'WORKASPACE' ) );
#585 = DIRECTION ( 'NONE',  ( 0.000000000000000000, 0.000000000000000000, 1.000000000000000000 ) ) ;
#586 = CARTESIAN_POINT ( 'NONE',  ( 1.999999999999814815, -26.50000000000000000, 33.39999999999999858 ) ) ;
#587 = CARTESIAN_POINT ( 'NONE',  ( -12.26100509067056521, -12.48686644718499750, 2.826297315209898908 ) ) ;
#588 = ORIENTED_EDGE ( 'NONE', *, *, #206, .F. ) ;
#589 = FACE_OUTER_BOUND ( 'NONE', #3342, .T. ) ;
#590 = ORIENTED_EDGE ( 'NONE', *, *, #612, .T. ) ;
#591 = DIRECTION ( 'NONE',  ( 0.000000000000000000, 0.000000000000000000, 1.000000000000000000 ) ) ;
#592 = ADVANCED_FACE ( 'NONE', ( #4078 ), #1190, .T. ) ;
#593 = CARTESIAN_POINT ( 'NONE',  ( -5.000000000000139444, -20.39607805437109889, 31.39999999999999858 ) ) ;
#594 = ORIENTED_EDGE ( 'NONE', *, *, #1408, .T. ) ;
#595 = CARTESIAN_POINT ( 'NONE',  ( -12.06878020921340067, 12.67351477894345635, 1.408646040878270611 ) ) ;
#596 = CARTESIAN_POINT ( 'NONE',  ( 19.90000000000000213, 0.000000000000000000, 29.39999999999999858 ) ) ;
#597 = FACE_OUTER_BOUND ( 'NONE', #2511, .T. ) ;
#598 = EDGE_CURVE ( 'NONE', #2231, #3570, #3363, .T. ) ;
#599 = ORIENTED_EDGE ( 'NONE', *, *, #1198, .T. ) ;
#600 = CARTESIAN_POINT ( 'NONE',  ( -12.67351477893748601, -12.06878020921978134, 1.408646040878275274 ) ) ;
#601 = DIRECTION ( 'NONE',  ( -1.000000000000000000, 0.000000000000000000, 0.000000000000000000 ) ) ;
#602 = CARTESIAN_POINT ( 'NONE',  ( -3.445498117113829917, 10.71087599265892010, 0.5000000000000000000 ) ) ;
#603 = DIRECTION ( 'NONE',  ( 0.000000000000000000, 0.000000000000000000, -1.000000000000000000 ) ) ;
#604 = CARTESIAN_POINT ( 'NONE',  ( -13.79869187620725235, -10.76336961269552184, 3.130971486665561354 ) ) ;
#605 = ORIENTED_EDGE ( 'NONE', *, *, #2405, .F. ) ;
#606 = AXIS2_PLACEMENT_3D ( 'NONE', #1485, #3751, #2767 ) ;
#607 = VERTEX_POINT ( 'NONE', #2399 ) ;
#608 = CARTESIAN_POINT ( 'NONE',  ( -6.870946908604373959, 7.267293080610389033, 1.281702279636968145 ) ) ;
#609 = VERTEX_POINT ( 'NONE', #2087 ) ;
#610 = CYLINDRICAL_SURFACE ( 'NONE', #2532, 0.7499999999948749885 ) ;
#611 = FACE_OUTER_BOUND ( 'NONE', #292, .T. ) ;
#612 = EDGE_CURVE ( 'NONE', #3652, #3570, #2377, .T. ) ;
#613 = VERTEX_POINT ( 'NONE', #1758 ) ;
#614 = EDGE_CURVE ( 'NONE', #3167, #2942, #1250, .T. ) ;
#615 = DIRECTION ( 'NONE',  ( -1.000000000000000000, 0.000000000000000000, 0.000000000000000000 ) ) ;
#616 = DIRECTION ( 'NONE',  ( -1.000000000000000000, 3.469446951952560271E-15, 0.000000000000000000 ) ) ;
#617 = AXIS2_PLACEMENT_3D ( 'NONE', #1996, #400, #2623 ) ;
#618 = EDGE_LOOP ( 'NONE', ( #2793, #3775 ) ) ;
#619 = EDGE_CURVE ( 'NONE', #1977, #254, #625, .T. ) ;
#620 = CARTESIAN_POINT ( 'NONE',  ( -12.41557167941433981, -12.33358529416596028, 1.733013392236427697 ) ) ;
#621 = FACE_OUTER_BOUND ( 'NONE', #1195, .T. ) ;
#622 = CARTESIAN_POINT ( 'NONE',  ( -5.000000000001870504, 26.50000000000000000, 33.39999999999999858 ) ) ;
#623 = DIRECTION ( 'NONE',  ( 1.000000000000000000, 0.000000000000000000, 0.000000000000000000 ) ) ;
#624 = CARTESIAN_POINT ( 'NONE',  ( 17.00000000000000000, -7.999999999999739764, 30.39999999999999858 ) ) ;
#625 = CIRCLE ( 'NONE', #1157, 17.50000000000000000 ) ;
#626 = ORIENTED_EDGE ( 'NONE', *, *, #1082, .T. ) ;
#627 = ORIENTED_EDGE ( 'NONE', *, *, #4086, .F. ) ;
#628 = LINE ( 'NONE', #337, #2770 ) ;
#629 = VERTEX_POINT ( 'NONE', #602 ) ;
#630 = CARTESIAN_POINT ( 'NONE',  ( 0.000000000000000000, -11.96354363695471967, -9.500000000000000000 ) ) ;
#631 = FACE_OUTER_BOUND ( 'NONE', #1807, .T. ) ;
#632 = CIRCLE ( 'NONE', #437, 0.6500000000000000222 ) ;
#633 = EDGE_LOOP ( 'NONE', ( #3326, #429 ) ) ;
#634 = LINE ( 'NONE', #1264, #1706 ) ;
#635 = EDGE_CURVE ( 'NONE', #547, #1510, #2969, .T. ) ;
#636 = AXIS2_PLACEMENT_3D ( 'NONE', #862, #4051, #2811 ) ;
#637 = DIRECTION ( 'NONE',  ( 1.000000000000000000, 0.000000000000000000, 0.000000000000000000 ) ) ;
#638 = AXIS2_PLACEMENT_3D ( 'NONE', #3833, #958, #2832 ) ;
#639 = ORIENTED_EDGE ( 'NONE', *, *, #495, .F. ) ;
#640 = DIRECTION ( 'NONE',  ( -1.000000000000000000, 0.000000000000000000, 0.000000000000000000 ) ) ;
#641 = CIRCLE ( 'NONE', #3724, 0.7499999999948749885 ) ;
#642 = DIRECTION ( 'NONE',  ( -7.806255641895630347E-15, 1.000000000000000000, 0.000000000000000000 ) ) ;
#643 = DIRECTION ( 'NONE',  ( 1.000000000000000000, 0.000000000000000000, 0.000000000000000000 ) ) ;
#644 = VECTOR ( 'NONE', #194, 1000.000000000000000 ) ;
#645 = EDGE_CURVE ( 'NONE', #527, #2282, #137, .T. ) ;
#646 = EDGE_CURVE ( 'NONE', #2601, #1583, #3442, .T. ) ;
#647 = CIRCLE ( 'NONE', #242, 19.90000000000000213 ) ;
#648 = AXIS2_PLACEMENT_3D ( 'NONE', #1528, #2577, #581 ) ;
#649 = CARTESIAN_POINT ( 'NONE',  ( -7.514036525892676011, 6.598428228961160436, 2.666052306920631221 ) ) ;
#650 = CARTESIAN_POINT ( 'NONE',  ( -2.595167107518229876, 10.94734260151945904, 0.5000000000000000000 ) ) ;
#651 = CYLINDRICAL_SURFACE ( 'NONE', #2457, 21.00000000000000000 ) ;
#652 = ORIENTED_EDGE ( 'NONE', *, *, #2578, .T. ) ;
#653 = VECTOR ( 'NONE', #3919, 1000.000000000000000 ) ;
#654 = CARTESIAN_POINT ( 'NONE',  ( -5.642674251424526055, 8.255920741970383503, 2.334214415714299218 ) ) ;
#655 = ORIENTED_EDGE ( 'NONE', *, *, #2422, .T. ) ;
#656 = DIRECTION ( 'NONE',  ( 1.000000000000000000, 0.000000000000000000, 0.000000000000000000 ) ) ;
#657 = CARTESIAN_POINT ( 'NONE',  ( -2.118045185149889705E-13, -23.50000000000000000, 31.39999999999999858 ) ) ;
#658 = CARTESIAN_POINT ( 'NONE',  ( 0.7946051660938600048, -11.81808510325407902, -9.500000000000000000 ) ) ;
#659 = ORIENTED_EDGE ( 'NONE', *, *, #2143, .T. ) ;
#660 = CARTESIAN_POINT ( 'NONE',  ( -6.956038457275919740, -7.185216399446063384, 3.501060104278349350 ) ) ;
#661 = CARTESIAN_POINT ( 'NONE',  ( 17.57189017612680004, 5.057793114144960356, 40.39999999999999858 ) ) ;
#662 = EDGE_CURVE ( 'NONE', #609, #525, #4047, .T. ) ;
#663 = EDGE_CURVE ( 'NONE', #2601, #3617, #1354, .T. ) ;
#664 = VERTEX_POINT ( 'NONE', #1903 ) ;
#665 = DIRECTION ( 'NONE',  ( -1.000000000000000000, 0.000000000000000000, 0.000000000000000000 ) ) ;
#666 = DIRECTION ( 'NONE',  ( 0.000000000000000000, 0.000000000000000000, -1.000000000000000000 ) ) ;
#667 = CARTESIAN_POINT ( 'NONE',  ( 0.000000000000000000, 0.000000000000000000, 31.40099999999999980 ) ) ;
#668 = CARTESIAN_POINT ( 'NONE',  ( 2.597167107518235429, 10.94734260151944127, 0.5000000000000000000 ) ) ;
#669 = CARTESIAN_POINT ( 'NONE',  ( -12.58008950202423470, -12.16573525051559912, 3.501509782309440766 ) ) ;
#670 = EDGE_LOOP ( 'NONE', ( #110, #1791, #2214, #3755 ) ) ;
#671 = EDGE_LOOP ( 'NONE', ( #590, #1391, #2286, #2385 ) ) ;
#672 = CARTESIAN_POINT ( 'NONE',  ( 17.57189017612680004, -0.7528390920688410315, 40.39999999999999858 ) ) ;
#673 = ORIENTED_EDGE ( 'NONE', *, *, #352, .F. ) ;
#674 = PLANE ( 'NONE',  #1319 ) ;
#675 = CARTESIAN_POINT ( 'NONE',  ( 0.000000000000000000, 0.000000000000000000, 10.00000000000000000 ) ) ;
#676 = CARTESIAN_POINT ( 'NONE',  ( 11.35722092410818540, -13.31491631903335993, 3.717984599510870680 ) ) ;
#677 = EDGE_CURVE ( 'NONE', #1846, #3282, #2828, .T. ) ;
#678 = LINE ( 'NONE', #1915, #3259 ) ;
#679 = VECTOR ( 'NONE', #1620, 1000.000000000000000 ) ;
#680 = ORIENTED_EDGE ( 'NONE', *, *, #1713, .F. ) ;
#681 = DIRECTION ( 'NONE',  ( 0.000000000000000000, 0.000000000000000000, 1.000000000000000000 ) ) ;
#682 = CARTESIAN_POINT ( 'NONE',  ( 18.22189017612680217, 3.029553570466559709, 40.39999999999999858 ) ) ;
#683 = EDGE_LOOP ( 'NONE', ( #488, #1348 ) ) ;
#684 = CARTESIAN_POINT ( 'NONE',  ( 18.22114156687214859, 8.000000000000270006, 31.39999999999999858 ) ) ;
#685 = CARTESIAN_POINT ( 'NONE',  ( 0.000000000000000000, 0.000000000000000000, 29.39999999999999858 ) ) ;
#686 = ORIENTED_EDGE ( 'NONE', *, *, #1198, .F. ) ;
#687 = DIRECTION ( 'NONE',  ( 0.000000000000000000, 0.000000000000000000, -1.000000000000000000 ) ) ;
#688 = DIRECTION ( 'NONE',  ( 1.000000000000000000, 0.000000000000000000, 0.000000000000000000 ) ) ;
#689 = DIRECTION ( 'NONE',  ( 0.000000000000000000, 0.000000000000000000, -1.000000000000000000 ) ) ;
#690 = CARTESIAN_POINT ( 'NONE',  ( 12.50921437871112119, -12.23803724571252083, 2.500000000000000000 ) ) ;
#691 = VERTEX_POINT ( 'NONE', #4115 ) ;
#692 = ORIENTED_EDGE ( 'NONE', *, *, #1769, .F. ) ;
#693 = CARTESIAN_POINT ( 'NONE',  ( 5.000000000001280753, 1.131341397376465865E-15, 31.39999999999999858 ) ) ;
#694 = ORIENTED_EDGE ( 'NONE', *, *, #2999, .F. ) ;
#695 = CYLINDRICAL_SURFACE ( 'NONE', #200, 0.6500000000000012434 ) ;
#696 = CARTESIAN_POINT ( 'NONE',  ( -2.997719311615589799, 12.39113063778549950, 0.5000000000000000000 ) ) ;
#697 = ADVANCED_FACE ( 'NONE', ( #1228 ), #3490, .F. ) ;
#698 = VERTEX_POINT ( 'NONE', #3831 ) ;
#699 = LINE ( 'NONE', #2554, #2008 ) ;
#700 = VERTEX_POINT ( 'NONE', #956 ) ;
#701 = DIRECTION ( 'NONE',  ( -1.000000000000000000, 0.000000000000000000, 0.000000000000000000 ) ) ;
#702 = ORIENTED_EDGE ( 'NONE', *, *, #4049, .F. ) ;
#703 = CARTESIAN_POINT ( 'NONE',  ( -12.06826977008762647, 12.67400142750345893, 3.591776802168278770 ) ) ;
#704 = ORIENTED_EDGE ( 'NONE', *, *, #2996, .T. ) ;
#705 = DIRECTION ( 'NONE',  ( -1.000000000000000000, 0.000000000000000000, 0.000000000000000000 ) ) ;
#706 = DIRECTION ( 'NONE',  ( 0.000000000000000000, 0.000000000000000000, -1.000000000000000000 ) ) ;
#707 = CARTESIAN_POINT ( 'NONE',  ( 1.999999999999790168, -23.50000000000000000, 33.39999999999999858 ) ) ;
#708 = CYLINDRICAL_SURFACE ( 'NONE', #2267, 0.7485857864325601296 ) ;
#709 = CIRCLE ( 'NONE', #1642, 0.6500000000000012434 ) ;
#710 = ORIENTED_EDGE ( 'NONE', *, *, #2590, .F. ) ;
#711 = VECTOR ( 'NONE', #349, 1000.000000000000114 ) ;
#712 = ORIENTED_EDGE ( 'NONE', *, *, #1082, .F. ) ;
#713 = EDGE_CURVE ( 'NONE', #1832, #767, #1927, .T. ) ;
#714 = DIRECTION ( 'NONE',  ( 0.000000000000000000, 0.000000000000000000, -1.000000000000000000 ) ) ;
#715 = ORIENTED_EDGE ( 'NONE', *, *, #4091, .F. ) ;
#716 = DIRECTION ( 'NONE',  ( 0.000000000000000000, 0.000000000000000000, 1.000000000000000000 ) ) ;
#717 = AXIS2_PLACEMENT_3D ( 'NONE', #2527, #1600, #2568 ) ;
#718 = CARTESIAN_POINT ( 'NONE',  ( 0.000000000000000000, 0.000000000000000000, 29.39999999999999858 ) ) ;
#719 = DIRECTION ( 'NONE',  ( -1.000000000000000000, 0.000000000000000000, 0.000000000000000000 ) ) ;
#720 = ADVANCED_FACE ( 'NONE', ( #331, #1607 ), #2885, .T. ) ;
#721 = CIRCLE ( 'NONE', #3799, 19.90000000000000213 ) ;
#722 = ORIENTED_EDGE ( 'NONE', *, *, #3438, .F. ) ;
#723 = CIRCLE ( 'NONE', #2002, 13.50000000000000000 ) ;
#724 = DIRECTION ( 'NONE',  ( 1.000000000000000000, 0.000000000000000000, 0.000000000000000000 ) ) ;
#725 = ORIENTED_EDGE ( 'NONE', *, *, #1436, .T. ) ;
#726 = CARTESIAN_POINT ( 'NONE',  ( 18.22189017612680217, 1.110948596716720083, 40.39999999999999858 ) ) ;
#727 = EDGE_CURVE ( 'NONE', #3527, #1366, #3156, .T. ) ;
#728 = DIRECTION ( 'NONE',  ( 1.000000000000000000, 0.000000000000000000, 0.000000000000000000 ) ) ;
#729 = ADVANCED_BREP_SHAPE_REPRESENTATION ( 'MOFLON_\X2\5f006e90\X0\A', ( #2076, #2665 ), #3937 ) ;
#730 = AXIS2_PLACEMENT_3D ( 'NONE', #2713, #1077, #63 ) ;
#731 = EDGE_LOOP ( 'NONE', ( #2364, #2289, #1131, #2404 ) ) ;
#732 = LINE ( 'NONE', #2352, #1780 ) ;
#733 = DIRECTION ( 'NONE',  ( 0.000000000000000000, 0.000000000000000000, -1.000000000000000000 ) ) ;
#734 = EDGE_CURVE ( 'NONE', #1029, #2634, #3769, .T. ) ;
#735 = PRODUCT_DEFINITION_SHAPE ( 'NONE', 'NONE',  #362 ) ;
#736 = SURFACE_STYLE_USAGE ( .BOTH. , #3602 ) ;
#737 = CARTESIAN_POINT ( 'NONE',  ( 11.12355166337204082, -13.51073983606709383, 1.408361202615096897 ) ) ;
#738 = VERTEX_POINT ( 'NONE', #980 ) ;
#739 = EDGE_LOOP ( 'NONE', ( #2613, #207, #928, #972, #2945, #1956, #1909, #3900, #1412, #2841, #1757, #2534, #3551 ) ) ;
#740 = DIRECTION ( 'NONE',  ( -1.000000000000000000, 0.000000000000000000, 0.000000000000000000 ) ) ;
#741 = FACE_OUTER_BOUND ( 'NONE', #3244, .T. ) ;
#742 = CARTESIAN_POINT ( 'NONE',  ( -21.00000000000000000, 0.000000000000000000, 31.39999999999999858 ) ) ;
#743 = EDGE_CURVE ( 'NONE', #2736, #2151, #1891, .T. ) ;
#744 = ADVANCED_FACE ( 'NONE', ( #1731 ), #1098, .T. ) ;
#745 =( LENGTH_UNIT ( ) NAMED_UNIT ( * ) SI_UNIT ( .MILLI., .METRE. ) );
#746 = ORIENTED_EDGE ( 'NONE', *, *, #3283, .F. ) ;
#747 = DIRECTION ( 'NONE',  ( 0.000000000000000000, 0.000000000000000000, -1.000000000000000000 ) ) ;
#748 = ORIENTED_EDGE ( 'NONE', *, *, #2649, .F. ) ;
#749 = CARTESIAN_POINT ( 'NONE',  ( 17.00000000000000000, -7.999999999999739764, 30.39999999999999858 ) ) ;
#750 = ADVANCED_FACE ( 'NONE', ( #48, #1433, #3895 ), #3976, .F. ) ;
#751 = VECTOR ( 'NONE', #1759, 1000.000000000000000 ) ;
#752 = EDGE_LOOP ( 'NONE', ( #1165, #3030, #2001, #2871, #1889, #228 ) ) ;
#753 = LINE ( 'NONE', #3619, #2914 ) ;
#754 = CARTESIAN_POINT ( 'NONE',  ( 17.57189017612680004, -2.835895920711525076, 40.39999999999999858 ) ) ;
#755 = EDGE_CURVE ( 'NONE', #52, #351, #4039, .T. ) ;
#756 = EDGE_CURVE ( 'NONE', #4110, #3627, #2305, .T. ) ;
#757 = CARTESIAN_POINT ( 'NONE',  ( 6.598374040156979703, 7.514084110933450411, 2.500000000000000000 ) ) ;
#758 = ADVANCED_FACE ( 'NONE', ( #1121 ), #1335, .T. ) ;
#759 = CARTESIAN_POINT ( 'NONE',  ( 6.598374040156979703, 7.514084110933450411, 2.500000000000000000 ) ) ;
#760 = VERTEX_POINT ( 'NONE', #2312 ) ;
#761 = ORIENTED_EDGE ( 'NONE', *, *, #2818, .T. ) ;
#762 = DIRECTION ( 'NONE',  ( 0.7485881801731630869, 0.6630352452962300358, 0.000000000000000000 ) ) ;
#763 = LINE ( 'NONE', #3927, #1881 ) ;
#764 = CARTESIAN_POINT ( 'NONE',  ( 0.000000000000000000, 0.000000000000000000, 31.40099999999999980 ) ) ;
#765 = ORIENTED_EDGE ( 'NONE', *, *, #1692, .T. ) ;
#766 = CYLINDRICAL_SURFACE ( 'NONE', #176, 0.7499999999948758767 ) ;
#767 = VERTEX_POINT ( 'NONE', #3575 ) ;
#768 = AXIS2_PLACEMENT_3D ( 'NONE', #540, #201, #3031 ) ;
#769 = VERTEX_POINT ( 'NONE', #1417 ) ;
#770 = CARTESIAN_POINT ( 'NONE',  ( 0.000000000000000000, 0.000000000000000000, 10.00000000000000000 ) ) ;
#771 = ORIENTED_EDGE ( 'NONE', *, *, #2068, .T. ) ;
#772 = DIRECTION ( 'NONE',  ( -1.948672704680620034E-13, 1.000000000000000000, 0.000000000000000000 ) ) ;
#773 = AXIS2_PLACEMENT_3D ( 'NONE', #2294, #2606, #3876 ) ;
#774 = SURFACE_STYLE_FILL_AREA ( #3964 ) ;
#775 = CARTESIAN_POINT ( 'NONE',  ( 10.63774392827165904, -13.89562535895809958, 2.499999999999490186 ) ) ;
#776 = EDGE_CURVE ( 'NONE', #527, #338, #3335, .T. ) ;
#777 = EDGE_CURVE ( 'NONE', #474, #1008, #2718, .T. ) ;
#778 = ORIENTED_EDGE ( 'NONE', *, *, #4060, .F. ) ;
#779 = ORIENTED_EDGE ( 'NONE', *, *, #1673, .F. ) ;
#780 = DIRECTION ( 'NONE',  ( -1.000000000000000000, 0.000000000000000000, 0.000000000000000000 ) ) ;
#781 = DIRECTION ( 'NONE',  ( 0.000000000000000000, 0.000000000000000000, -1.000000000000000000 ) ) ;
#782 = LINE ( 'NONE', #2090, #4058 ) ;
#783 = AXIS2_PLACEMENT_3D ( 'NONE', #2538, #2226, #3487 ) ;
#784 = SHAPE_DEFINITION_REPRESENTATION ( #735, #729 ) ;
#785 = CIRCLE ( 'NONE', #1243, 17.50000000000000000 ) ;
#786 = ORIENTED_EDGE ( 'NONE', *, *, #4069, .F. ) ;
#787 = CIRCLE ( 'NONE', #3864, 0.7485857864325601296 ) ;
#788 = CARTESIAN_POINT ( 'NONE',  ( 5.000000000001289635, -15.00000000000000000, 33.39999999999999858 ) ) ;
#789 = EDGE_LOOP ( 'NONE', ( #3412, #1070, #1416, #2036 ) ) ;
#790 = VECTOR ( 'NONE', #3390, 1000.000000000000000 ) ;
#791 = VECTOR ( 'NONE', #3790, 1000.000000000000000 ) ;
#792 = VERTEX_POINT ( 'NONE', #1945 ) ;
#793 = DIRECTION ( 'NONE',  ( 1.000000000000000000, 0.000000000000000000, 0.000000000000000000 ) ) ;
#794 = CARTESIAN_POINT ( 'NONE',  ( 0.000000000000000000, 0.000000000000000000, 29.39999999999999858 ) ) ;
#795 = CARTESIAN_POINT ( 'NONE',  ( -11.00000000000000000, 1.347111479062087813E-15, 31.39999999999999858 ) ) ;
#796 = DIRECTION ( 'NONE',  ( -1.000000000000000000, 0.000000000000000000, 0.000000000000000000 ) ) ;
#797 = CARTESIAN_POINT ( 'NONE',  ( -6.785496821182677607, -7.346487228185354823, 1.732534107283047797 ) ) ;
#798 = CIRCLE ( 'NONE', #3133, 19.90000000000000213 ) ;
#799 = ORIENTED_EDGE ( 'NONE', *, *, #4075, .T. ) ;
#800 = EDGE_CURVE ( 'NONE', #3578, #3243, #3680, .T. ) ;
#801 = CARTESIAN_POINT ( 'NONE',  ( 0.000000000000000000, 0.000000000000000000, 0.000000000000000000 ) ) ;
#802 = DIRECTION ( 'NONE',  ( 0.000000000000000000, 0.000000000000000000, -1.000000000000000000 ) ) ;
#803 = DIRECTION ( 'NONE',  ( 0.000000000000000000, 0.000000000000000000, -1.000000000000000000 ) ) ;
#804 = ORIENTED_EDGE ( 'NONE', *, *, #1213, .F. ) ;
#805 = FACE_OUTER_BOUND ( 'NONE', #2034, .T. ) ;
#806 = EDGE_LOOP ( 'NONE', ( #1538, #3312, #2297, #213 ) ) ;
#807 = DIRECTION ( 'NONE',  ( 1.000000000000000000, 0.000000000000000000, 0.000000000000000000 ) ) ;
#808 = DIRECTION ( 'NONE',  ( 1.000000000000000000, 0.000000000000000000, 0.000000000000000000 ) ) ;
#809 = VERTEX_POINT ( 'NONE', #3040 ) ;
#810 = DIRECTION ( 'NONE',  ( 0.000000000000000000, 0.000000000000000000, 1.000000000000000000 ) ) ;
#811 = DIRECTION ( 'NONE',  ( 0.000000000000000000, 0.000000000000000000, -1.000000000000000000 ) ) ;
#812 = FACE_OUTER_BOUND ( 'NONE', #3101, .T. ) ;
#813 = AXIS2_PLACEMENT_3D ( 'NONE', #2361, #1427, #1073 ) ;
#814 = VERTEX_POINT ( 'NONE', #2275 ) ;
#815 = EDGE_CURVE ( 'NONE', #492, #3389, #2098, .T. ) ;
#816 = DIRECTION ( 'NONE',  ( 0.000000000000000000, 0.000000000000000000, -1.000000000000000000 ) ) ;
#817 = CARTESIAN_POINT ( 'NONE',  ( 0.000000000000000000, 0.000000000000000000, 31.39999999999999858 ) ) ;
#818 = ORIENTED_EDGE ( 'NONE', *, *, #4145, .T. ) ;
#819 = EDGE_CURVE ( 'NONE', #664, #145, #173, .T. ) ;
#820 = CARTESIAN_POINT ( 'NONE',  ( 13.31383217489507054, 11.35849309302646581, 1.281581915559980356 ) ) ;
#821 = DIRECTION ( 'NONE',  ( 1.000000000000000000, 0.000000000000000000, 0.000000000000000000 ) ) ;
#822 = DIRECTION ( 'NONE',  ( 1.000000000000000000, 0.000000000000000000, 0.000000000000000000 ) ) ;
#823 = AXIS2_PLACEMENT_3D ( 'NONE', #247, #1529, #2809 ) ;
#824 = ORIENTED_EDGE ( 'NONE', *, *, #1272, .F. ) ;
#825 = CARTESIAN_POINT ( 'NONE',  ( 18.22189017612680217, -4.672274967014939939, 40.39999999999999858 ) ) ;
#826 = ORIENTED_EDGE ( 'NONE', *, *, #1533, .F. ) ;
#827 = ADVANCED_FACE ( 'NONE', ( #3534, #1458, #3852, #3239, #3221, #350, #2901 ), #20, .T. ) ;
#828 = CARTESIAN_POINT ( 'NONE',  ( 1.444605166093860138, -11.81808510325407902, 0.5000000000000000000 ) ) ;
#829 = AXIS2_PLACEMENT_3D ( 'NONE', #3161, #2587, #3774 ) ;
#830 = ORIENTED_EDGE ( 'NONE', *, *, #3251, .F. ) ;
#831 = LINE ( 'NONE', #1542, #92 ) ;
#832 = CARTESIAN_POINT ( 'NONE',  ( 12.88324013975684679, 11.84464313220644449, 3.718392480282283863 ) ) ;
#833 = B_SPLINE_CURVE_WITH_KNOTS ( 'NONE', 3,
 ( #4030, #502, #3423, #2462, #161, #3095, #1778, #2789, #2400, #3672, #2125, #3385, #522, #1802, #2088, #2749, #2167, #3346 ),
 .UNSPECIFIED., .F., .F.,
 ( 4, 2, 2, 2, 2, 2, 2, 2, 4 ),
 ( 0.000000000000000000, 0.1249999999999998612, 0.2499999999999997224, 0.3749999999999995559, 0.4999999999999994449, 0.6249999999999993339, 0.7499999999999994449, 0.8749999999999996669, 1.000000000000000000 ),
 .UNSPECIFIED. ) ;
#834 = FACE_OUTER_BOUND ( 'NONE', #2444, .T. ) ;
#835 = LINE ( 'NONE', #3089, #2391 ) ;
#836 = LINE ( 'NONE', #180, #579 ) ;
#837 = CARTESIAN_POINT ( 'NONE',  ( 5.000000000001289635, -15.00000000000000000, 31.39999999999999858 ) ) ;
#838 = AXIS2_PLACEMENT_3D ( 'NONE', #2028, #2938, #2633 ) ;
#839 = DIRECTION ( 'NONE',  ( 0.000000000000000000, -1.000000000000000000, 0.000000000000000000 ) ) ;
#840 = DIRECTION ( 'NONE',  ( -1.000000000000000000, 0.000000000000000000, 0.000000000000000000 ) ) ;
#841 = ORIENTED_EDGE ( 'NONE', *, *, #3091, .F. ) ;
#842 = EDGE_LOOP ( 'NONE', ( #494, #4129, #460, #163 ) ) ;
#843 = LINE ( 'NONE', #2132, #790 ) ;
#844 = VERTEX_POINT ( 'NONE', #1001 ) ;
#845 = CIRCLE ( 'NONE', #1378, 0.7485857864325601296 ) ;
#846 = EDGE_CURVE ( 'NONE', #3633, #3083, #3555, .T. ) ;
#847 = CARTESIAN_POINT ( 'NONE',  ( 0.6500000000000000222, -11.96354363695471967, -9.500000000000000000 ) ) ;
#848 = CIRCLE ( 'NONE', #2130, 0.7499999999948772089 ) ;
#849 = AXIS2_PLACEMENT_3D ( 'NONE', #1795, #154, #478 ) ;
#850 = EDGE_LOOP ( 'NONE', ( #1005, #765, #1494, #715 ) ) ;
#851 = EDGE_CURVE ( 'NONE', #691, #1152, #1302, .T. ) ;
#852 = CARTESIAN_POINT ( 'NONE',  ( -12.48691383824887247, 12.26095523911438079, 2.174238861854188354 ) ) ;
#853 = DIRECTION ( 'NONE',  ( 0.000000000000000000, 0.000000000000000000, 1.000000000000000000 ) ) ;
#854 = AXIS2_PLACEMENT_3D ( 'NONE', #322, #3545, #4163 ) ;
#855 = CARTESIAN_POINT ( 'NONE',  ( 3.445498117113829917, -10.71087599265892010, 0.000000000000000000 ) ) ;
#856 = DIRECTION ( 'NONE',  ( 1.000000000000000000, 0.000000000000000000, 0.000000000000000000 ) ) ;
#857 = DIRECTION ( 'NONE',  ( 0.000000000000000000, 0.000000000000000000, -1.000000000000000000 ) ) ;
#858 = AXIS2_PLACEMENT_3D ( 'NONE', #2659, #365, #728 ) ;
#859 = ORIENTED_EDGE ( 'NONE', *, *, #949, .T. ) ;
#860 = CARTESIAN_POINT ( 'NONE',  ( 12.26095523910161056, 12.48691383826149526, 2.174238861882614948 ) ) ;
#861 = DIRECTION ( 'NONE',  ( 0.000000000000000000, 0.000000000000000000, -1.000000000000000000 ) ) ;
#862 = CARTESIAN_POINT ( 'NONE',  ( 1.598969619460624880, 11.81808510325407902, -9.500000000000000000 ) ) ;
#863 = ORIENTED_EDGE ( 'NONE', *, *, #1707, .F. ) ;
#864 = VERTEX_POINT ( 'NONE', #2116 ) ;
#865 = CARTESIAN_POINT ( 'NONE',  ( 0.000000000000000000, 0.000000000000000000, 0.5000000000000000000 ) ) ;
#866 = ORIENTED_EDGE ( 'NONE', *, *, #4145, .F. ) ;
#867 = LINE ( 'NONE', #3392, #1517 ) ;
#868 = EDGE_LOOP ( 'NONE', ( #746, #2833, #2755, #1519 ) ) ;
#869 = CARTESIAN_POINT ( 'NONE',  ( -12.33358529416479321, 12.41557167941547846, 1.733013392232283456 ) ) ;
#870 = CARTESIAN_POINT ( 'NONE',  ( -4.423321834769519789, 11.42349836849159850, 0.5000000000000000000 ) ) ;
#871 = FACE_BOUND ( 'NONE', #2797, .T. ) ;
#872 = VERTEX_POINT ( 'NONE', #2197 ) ;
#873 = DIRECTION ( 'NONE',  ( -1.000000000000000000, 0.000000000000000000, 0.000000000000000000 ) ) ;
#874 = CARTESIAN_POINT ( 'NONE',  ( -6.598374040156979703, -7.514084110933450411, 2.500000000000000000 ) ) ;
#875 = VECTOR ( 'NONE', #952, 1000.000000000000000 ) ;
#876 = CIRCLE ( 'NONE', #3550, 0.7485857864325601296 ) ;
#877 = EDGE_CURVE ( 'NONE', #629, #2553, #3309, .T. ) ;
#878 = CIRCLE ( 'NONE', #606, 11.00000000000000000 ) ;
#879 = CARTESIAN_POINT ( 'NONE',  ( -3.703854984147879836, -11.41409033853683930, 0.000000000000000000 ) ) ;
#880 = LINE ( 'NONE', #3075, #1080 ) ;
#881 = DIRECTION ( 'NONE',  ( 0.000000000000000000, 0.000000000000000000, -1.000000000000000000 ) ) ;
#882 = ORIENTED_EDGE ( 'NONE', *, *, #2433, .T. ) ;
#883 = ORIENTED_EDGE ( 'NONE', *, *, #2425, .T. ) ;
#884 = DIRECTION ( 'NONE',  ( 1.000000000000000000, 0.000000000000000000, 0.000000000000000000 ) ) ;
#885 = ORIENTED_EDGE ( 'NONE', *, *, #1075, .F. ) ;
#886 = CARTESIAN_POINT ( 'NONE',  ( 0.000000000000000000, 11.96354363695471967, -9.500000000000000000 ) ) ;
#887 = VERTEX_POINT ( 'NONE', #3701 ) ;
#888 = CARTESIAN_POINT ( 'NONE',  ( -11.12355166334801737, 13.51073983608722173, 1.408361202626640107 ) ) ;
#889 = DIRECTION ( 'NONE',  ( 0.000000000000000000, 0.000000000000000000, 1.000000000000000000 ) ) ;
#890 = CARTESIAN_POINT ( 'NONE',  ( 0.000000000000000000, 0.000000000000000000, 31.39999999999999858 ) ) ;
#891 = ORIENTED_EDGE ( 'NONE', *, *, #3366, .T. ) ;
#892 = CARTESIAN_POINT ( 'NONE',  ( -12.35134337654231373, -12.39751416107922033, 1.868252370642944804 ) ) ;
#893 = CYLINDRICAL_SURFACE ( 'NONE', #2261, 11.25141421356232030 ) ;
#894 = EDGE_CURVE ( 'NONE', #3209, #2648, #3130, .T. ) ;
#895 = CARTESIAN_POINT ( 'NONE',  ( -3.903973979560090068, 12.13612074432424137, 0.5000000000000000000 ) ) ;
#896 = EDGE_CURVE ( 'NONE', #532, #1832, #1156, .T. ) ;
#897 = CARTESIAN_POINT ( 'NONE',  ( 18.22189017612680217, -2.835895920711525076, 40.39999999999999858 ) ) ;
#898 = DIRECTION ( 'NONE',  ( 0.000000000000000000, 0.000000000000000000, -1.000000000000000000 ) ) ;
#899 = ORIENTED_EDGE ( 'NONE', *, *, #894, .F. ) ;
#900 = CARTESIAN_POINT ( 'NONE',  ( -6.036697746444905199, 7.973209402287632308, 1.499584465452084014 ) ) ;
#901 = VERTEX_POINT ( 'NONE', #235 ) ;
#902 = DIRECTION ( 'NONE',  ( -1.000000000000000000, 0.000000000000000000, 0.000000000000000000 ) ) ;
#903 = CIRCLE ( 'NONE', #3245, 0.6500000000000012434 ) ;
#904 = DIRECTION ( 'NONE',  ( 0.000000000000000000, 0.000000000000000000, 1.000000000000000000 ) ) ;
#905 = VERTEX_POINT ( 'NONE', #3084 ) ;
#906 = CARTESIAN_POINT ( 'NONE',  ( -11.35849309304025034, 13.31383217488351889, 1.281581915548360318 ) ) ;
#907 = CARTESIAN_POINT ( 'NONE',  ( 0.000000000000000000, 0.000000000000000000, 5.000000000000000000 ) ) ;
#908 = VECTOR ( 'NONE', #2966, 1000.000000000000000 ) ;
#909 = AXIS2_PLACEMENT_3D ( 'NONE', #1312, #1067, #2039 ) ;
#910 = EDGE_LOOP ( 'NONE', ( #804, #2488, #1297, #1276 ) ) ;
#911 = DIRECTION ( 'NONE',  ( 0.000000000000000000, 0.000000000000000000, -1.000000000000000000 ) ) ;
#912 = CARTESIAN_POINT ( 'NONE',  ( 19.90000000000000213, 0.000000000000000000, 29.39999999999999858 ) ) ;
#913 = EDGE_CURVE ( 'NONE', #613, #2736, #2176, .T. ) ;
#914 = AXIS2_PLACEMENT_3D ( 'NONE', #988, #2283, #3542 ) ;
#915 = VECTOR ( 'NONE', #310, 1000.000000000000000 ) ;
#916 = CARTESIAN_POINT ( 'NONE',  ( -5.642613660500470196, 8.255962153397600645, 2.500000000000000000 ) ) ;
#917 = CARTESIAN_POINT ( 'NONE',  ( 0.000000000000000000, 0.000000000000000000, 0.000000000000000000 ) ) ;
#918 = ADVANCED_FACE ( 'NONE', ( #3413 ), #2450, .T. ) ;
#919 = CARTESIAN_POINT ( 'NONE',  ( -13.87634916732262624, -10.66306507063284137, 2.825125952681307950 ) ) ;
#920 = CIRCLE ( 'NONE', #1656, 11.25141421356232030 ) ;
#921 = EDGE_LOOP ( 'NONE', ( #824, #147 ) ) ;
#922 = ADVANCED_FACE ( 'NONE', ( #511 ), #1792, .F. ) ;
#923 = CARTESIAN_POINT ( 'NONE',  ( 18.22114156687214859, 8.000000000000270006, 30.39999999999999858 ) ) ;
#924 = ORIENTED_EDGE ( 'NONE', *, *, #3663, .T. ) ;
#925 = CARTESIAN_POINT ( 'NONE',  ( -2.770244914684935278, -11.67709877494909954, 0.5000000000000000000 ) ) ;
#926 = LINE ( 'NONE', #297, #2333 ) ;
#927 = EDGE_CURVE ( 'NONE', #133, #3843, #831, .T. ) ;
#928 = ORIENTED_EDGE ( 'NONE', *, *, #2242, .T. ) ;
#929 = DIRECTION ( 'NONE',  ( -1.000000000000000000, 0.000000000000000000, 0.000000000000000000 ) ) ;
#930 = CARTESIAN_POINT ( 'NONE',  ( -2.000000000000954792, 26.50000000000000000, 33.39999999999999858 ) ) ;
#931 = ORIENTED_EDGE ( 'NONE', *, *, #1567, .T. ) ;
#932 = PLANE ( 'NONE',  #1511 ) ;
#933 = PLANE ( 'NONE',  #2595 ) ;
#934 = ADVANCED_FACE ( 'NONE', ( #3720 ), #192, .T. ) ;
#935 = DIRECTION ( 'NONE',  ( -1.000000000000000000, 0.000000000000000000, 0.000000000000000000 ) ) ;
#936 = DIRECTION ( 'NONE',  ( 1.000000000000000000, 0.000000000000000000, 0.000000000000000000 ) ) ;
#937 = FACE_OUTER_BOUND ( 'NONE', #2171, .T. ) ;
#938 = DIRECTION ( 'NONE',  ( 0.000000000000000000, 0.000000000000000000, -1.000000000000000000 ) ) ;
#939 = ORIENTED_EDGE ( 'NONE', *, *, #1300, .T. ) ;
#940 = VECTOR ( 'NONE', #1978, 1000.000000000000000 ) ;
#941 = VERTEX_POINT ( 'NONE', #3743 ) ;
#942 = DIRECTION ( 'NONE',  ( 0.000000000000000000, 0.000000000000000000, 1.000000000000000000 ) ) ;
#943 = ORIENTED_EDGE ( 'NONE', *, *, #9, .F. ) ;
#944 = CARTESIAN_POINT ( 'NONE',  ( 18.22189017612680217, -0.7528390920688410315, 40.39999999999999858 ) ) ;
#945 = FACE_BOUND ( 'NONE', #1303, .T. ) ;
#946 = DIRECTION ( 'NONE',  ( 0.000000000000000000, 0.000000000000000000, -1.000000000000000000 ) ) ;
#947 = ORIENTED_EDGE ( 'NONE', *, *, #2189, .T. ) ;
#948 = DIRECTION ( 'NONE',  ( -1.000000000000000000, 0.000000000000000000, 0.000000000000000000 ) ) ;
#949 = EDGE_CURVE ( 'NONE', #3143, #1768, #3648, .T. ) ;
#950 = CARTESIAN_POINT ( 'NONE',  ( -5.000000000000110134, -15.00000000000000000, 33.39999999999999858 ) ) ;
#951 = ORIENTED_EDGE ( 'NONE', *, *, #2886, .F. ) ;
#952 = DIRECTION ( 'NONE',  ( 0.000000000000000000, 0.000000000000000000, -1.000000000000000000 ) ) ;
#953 = DIRECTION ( 'NONE',  ( 1.000000000000000000, 0.000000000000000000, 0.000000000000000000 ) ) ;
#954 = DIRECTION ( 'NONE',  ( 1.000000000000000000, 0.000000000000000000, 0.000000000000000000 ) ) ;
#955 = AXIS2_PLACEMENT_3D ( 'NONE', #1664, #3914, #2964 ) ;
#956 = CARTESIAN_POINT ( 'NONE',  ( -5.000000000001870504, 15.00000000000000000, 31.39999999999999858 ) ) ;
#957 = CYLINDRICAL_SURFACE ( 'NONE', #1389, 12.74858578642744078 ) ;
#958 = DIRECTION ( 'NONE',  ( 0.000000000000000000, 0.000000000000000000, 1.000000000000000000 ) ) ;
#959 = AXIS2_PLACEMENT_3D ( 'NONE', #3345, #1127, #484 ) ;
#960 = ORIENTED_EDGE ( 'NONE', *, *, #3099, .T. ) ;
#961 = CARTESIAN_POINT ( 'NONE',  ( -7.492931470931833537, 6.622696203350204591, 2.173619349018599767 ) ) ;
#962 = VERTEX_POINT ( 'NONE', #1810 ) ;
#963 = DIRECTION ( 'NONE',  ( 0.000000000000000000, 0.000000000000000000, -1.000000000000000000 ) ) ;
#964 = CARTESIAN_POINT ( 'NONE',  ( 11.47820679602631166, -13.21091494099731101, 3.749859554138593509 ) ) ;
#965 = CARTESIAN_POINT ( 'NONE',  ( 18.22189017612680217, 3.029553570466559709, 40.39999999999999858 ) ) ;
#966 = VECTOR ( 'NONE', #1770, 1000.000000000000000 ) ;
#967 = ORIENTED_EDGE ( 'NONE', *, *, #949, .F. ) ;
#968 = DIRECTION ( 'NONE',  ( 0.000000000000000000, 0.000000000000000000, -1.000000000000000000 ) ) ;
#969 = VECTOR ( 'NONE', #2732, 1000.000000000000000 ) ;
#970 = DIRECTION ( 'NONE',  ( 0.000000000000000000, 0.000000000000000000, 1.000000000000000000 ) ) ;
#971 = AXIS2_PLACEMENT_3D ( 'NONE', #1466, #1760, #840 ) ;
#972 = ORIENTED_EDGE ( 'NONE', *, *, #1242, .T. ) ;
#973 = VECTOR ( 'NONE', #3940, 1000.000000000000000 ) ;
#974 = CARTESIAN_POINT ( 'NONE',  ( -2.768244914684924840, 11.67709877494909954, 0.000000000000000000 ) ) ;
#975 = EDGE_LOOP ( 'NONE', ( #4054, #799, #3966, #2610 ) ) ;
#976 = DIRECTION ( 'NONE',  ( 0.000000000000000000, 0.000000000000000000, -1.000000000000000000 ) ) ;
#977 = CIRCLE ( 'NONE', #2392, 2.000000000000185185 ) ;
#978 = AXIS2_PLACEMENT_3D ( 'NONE', #3890, #2618, #1640 ) ;
#979 = AXIS2_PLACEMENT_3D ( 'NONE', #3577, #2024, #3557 ) ;
#980 = CARTESIAN_POINT ( 'NONE',  ( 2.597167107518235429, 10.94734260151944127, 0.000000000000000000 ) ) ;
#981 = CARTESIAN_POINT ( 'NONE',  ( 18.22189017612680217, 1.110948596716720083, 40.39999999999999858 ) ) ;
#982 = FACE_OUTER_BOUND ( 'NONE', #1969, .T. ) ;
#983 = VECTOR ( 'NONE', #4121, 1000.000000000000000 ) ;
#984 = ORIENTED_EDGE ( 'NONE', *, *, #3537, .T. ) ;
#985 = VECTOR ( 'NONE', #3514, 1000.000000000000000 ) ;
#986 = FACE_OUTER_BOUND ( 'NONE', #3331, .T. ) ;
#987 = ORIENTED_EDGE ( 'NONE', *, *, #1541, .T. ) ;
#988 = CARTESIAN_POINT ( 'NONE',  ( 0.000000000000000000, -11.96354363695471967, 0.5000000000000000000 ) ) ;
#989 = LINE ( 'NONE', #3131, #3782 ) ;
#990 = UNCERTAINTY_MEASURE_WITH_UNIT (LENGTH_MEASURE( 1.000000000000000082E-05 ), #2060, 'distance_accuracy_value', 'NONE');
#991 = CARTESIAN_POINT ( 'NONE',  ( -2.000000000000954792, 26.50000000000000000, 31.39999999999999858 ) ) ;
#992 = VERTEX_POINT ( 'NONE', #550 ) ;
#993 = EDGE_CURVE ( 'NONE', #338, #1212, #438, .T. ) ;
#994 = CARTESIAN_POINT ( 'NONE',  ( 2.770244914684935278, 11.67709877494909954, 0.5000000000000000000 ) ) ;
#995 = CIRCLE ( 'NONE', #1531, 0.7499999999948779861 ) ;
#996 = CYLINDRICAL_SURFACE ( 'NONE', #2671, 11.09999999999999964 ) ;
#997 = EDGE_LOOP ( 'NONE', ( #369, #1235 ) ) ;
#998 = VERTEX_POINT ( 'NONE', #279 ) ;
#999 = DIRECTION ( 'NONE',  ( 0.000000000000000000, 0.000000000000000000, -1.000000000000000000 ) ) ;
#1000 = LINE ( 'NONE', #2925, #3994 ) ;
#1001 = CARTESIAN_POINT ( 'NONE',  ( -19.94999999999999929, 0.000000000000000000, 10.00000000000000000 ) ) ;
#1002 = PRESENTATION_STYLE_ASSIGNMENT (( #736 ) ) ;
#1003 = DIRECTION ( 'NONE',  ( 0.000000000000000000, 0.000000000000000000, -1.000000000000000000 ) ) ;
#1004 = ADVANCED_FACE ( 'NONE', ( #3106 ), #2742, .T. ) ;
#1005 = ORIENTED_EDGE ( 'NONE', *, *, #1142, .F. ) ;
#1006 = ORIENTED_EDGE ( 'NONE', *, *, #2208, .T. ) ;
#1007 = CARTESIAN_POINT ( 'NONE',  ( 0.000000000000000000, 0.000000000000000000, 31.39999999999999858 ) ) ;
#1008 = VERTEX_POINT ( 'NONE', #1939 ) ;
#1009 = PLANE ( 'NONE',  #2427 ) ;
#1010 = CARTESIAN_POINT ( 'NONE',  ( 0.000000000000000000, 0.000000000000000000, 10.00000000000000000 ) ) ;
#1011 = AXIS2_PLACEMENT_3D ( 'NONE', #1575, #1633, #2910 ) ;
#1012 = CARTESIAN_POINT ( 'NONE',  ( 0.000000000000000000, 0.000000000000000000, 29.39999999999999858 ) ) ;
#1013 = ORIENTED_EDGE ( 'NONE', *, *, #181, .F. ) ;
#1014 = DIRECTION ( 'NONE',  ( 0.000000000000000000, 0.000000000000000000, 1.000000000000000000 ) ) ;
#1015 = FACE_BOUND ( 'NONE', #2880, .T. ) ;
#1016 = ORIENTED_EDGE ( 'NONE', *, *, #2963, .F. ) ;
#1017 = VERTEX_POINT ( 'NONE', #2896 ) ;
#1018 = CARTESIAN_POINT ( 'NONE',  ( 17.57189017612680004, 5.057793114144960356, 40.39999999999999858 ) ) ;
#1019 = DIRECTION ( 'NONE',  ( 1.000000000000000000, 0.000000000000000000, 0.000000000000000000 ) ) ;
#1020 = AXIS2_PLACEMENT_3D ( 'NONE', #3659, #1751, #793 ) ;
#1021 = EDGE_CURVE ( 'NONE', #3256, #3253, #632, .T. ) ;
#1022 = DIRECTION ( 'NONE',  ( 0.000000000000000000, 0.000000000000000000, 1.000000000000000000 ) ) ;
#1023 = DIRECTION ( 'NONE',  ( -1.000000000000000000, 0.000000000000000000, 0.000000000000000000 ) ) ;
#1024 = CARTESIAN_POINT ( 'NONE',  ( 11.84523334683627738, -12.88269690512803933, 1.281808514763288054 ) ) ;
#1025 = EDGE_CURVE ( 'NONE', #4139, #1552, #1240, .T. ) ;
#1026 = EDGE_CURVE ( 'NONE', #3271, #3152, #2599, .T. ) ;
#1027 = VERTEX_POINT ( 'NONE', #2570 ) ;
#1028 = VECTOR ( 'NONE', #3367, 1000.000000000000000 ) ;
#1029 = VERTEX_POINT ( 'NONE', #13 ) ;
#1030 = EDGE_CURVE ( 'NONE', #3253, #3256, #3712, .T. ) ;
#1031 = DIRECTION ( 'NONE',  ( 0.000000000000000000, 0.000000000000000000, -1.000000000000000000 ) ) ;
#1032 = ORIENTED_EDGE ( 'NONE', *, *, #4049, .T. ) ;
#1033 = LINE ( 'NONE', #3564, #940 ) ;
#1034 = LINE ( 'NONE', #742, #1572 ) ;
#1035 = ORIENTED_EDGE ( 'NONE', *, *, #1183, .F. ) ;
#1036 = FACE_OUTER_BOUND ( 'NONE', #3059, .T. ) ;
#1037 = VERTEX_POINT ( 'NONE', #364 ) ;
#1038 = DIRECTION ( 'NONE',  ( 1.000000000000000000, 0.000000000000000000, 0.000000000000000000 ) ) ;
#1039 = ORIENTED_EDGE ( 'NONE', *, *, #276, .T. ) ;
#1040 = ADVANCED_FACE ( 'NONE', ( #2530 ), #1304, .F. ) ;
#1041 = DIRECTION ( 'NONE',  ( 1.000000000000000000, 0.000000000000000000, 0.000000000000000000 ) ) ;
#1042 = CARTESIAN_POINT ( 'NONE',  ( -10.63780184539006868, 13.89558102072511403, 2.665776011305490467 ) ) ;
#1043 = CARTESIAN_POINT ( 'NONE',  ( -11.00000000000000000, 1.347111479062087813E-15, 29.39999999999999858 ) ) ;
#1044 = VECTOR ( 'NONE', #340, 1000.000000000000000 ) ;
#1045 = CARTESIAN_POINT ( 'NONE',  ( 5.000000000001289635, -26.50000000000000000, 31.39999999999999858 ) ) ;
#1046 = CARTESIAN_POINT ( 'NONE',  ( 6.598429497092951124, 7.514035412302815686, 2.333571278134830784 ) ) ;
#1047 = AXIS2_PLACEMENT_3D ( 'NONE', #3741, #3128, #3062 ) ;
#1048 = ORIENTED_EDGE ( 'NONE', *, *, #3068, .F. ) ;
#1049 = AXIS2_PLACEMENT_3D ( 'NONE', #2081, #3337, #238 ) ;
#1050 = ORIENTED_EDGE ( 'NONE', *, *, #727, .F. ) ;
#1051 = DIRECTION ( 'NONE',  ( -0.000000000000000000, 1.000000000000000000, 0.000000000000000000 ) ) ;
#1052 = EDGE_CURVE ( 'NONE', #2720, #2459, #634, .T. ) ;
#1053 = CARTESIAN_POINT ( 'NONE',  ( 2.094605166093860049, -11.81808510325407902, -9.500000000000000000 ) ) ;
#1054 = DIRECTION ( 'NONE',  ( -1.000000000000000000, 0.000000000000000000, 0.000000000000000000 ) ) ;
#1055 =( NAMED_UNIT ( * ) SI_UNIT ( $, .STERADIAN. ) SOLID_ANGLE_UNIT ( ) );
#1056 = CIRCLE ( 'NONE', #3125, 0.6500000000000001332 ) ;
#1057 = ORIENTED_EDGE ( 'NONE', *, *, #4135, .T. ) ;
#1058 = LINE ( 'NONE', #3653, #4009 ) ;
#1059 = ORIENTED_EDGE ( 'NONE', *, *, #4075, .F. ) ;
#1060 = AXIS2_PLACEMENT_3D ( 'NONE', #4021, #1135, #3698 ) ;
#1061 = DIRECTION ( 'NONE',  ( 0.000000000000000000, 0.000000000000000000, -1.000000000000000000 ) ) ;
#1062 = EDGE_CURVE ( 'NONE', #767, #1552, #3194, .T. ) ;
#1063 = AXIS2_PLACEMENT_3D ( 'NONE', #788, #3613, #747 ) ;
#1064 = EDGE_CURVE ( 'NONE', #2620, #1583, #2861, .T. ) ;
#1065 = ORIENTED_EDGE ( 'NONE', *, *, #3238, .T. ) ;
#1066 = CARTESIAN_POINT ( 'NONE',  ( -11.72651986097229582, 12.99100599571988113, 3.750139635446839037 ) ) ;
#1067 = DIRECTION ( 'NONE',  ( 0.000000000000000000, 0.000000000000000000, -1.000000000000000000 ) ) ;
#1068 = DIRECTION ( 'NONE',  ( 8.818177669548689985E-15, -1.000000000000000000, 0.000000000000000000 ) ) ;
#1069 = CARTESIAN_POINT ( 'NONE',  ( 8.112759349655327412, 5.847813573399712972, 1.733841969809250205 ) ) ;
#1070 = ORIENTED_EDGE ( 'NONE', *, *, #1026, .F. ) ;
#1071 = ORIENTED_EDGE ( 'NONE', *, *, #3671, .F. ) ;
#1072 = CARTESIAN_POINT ( 'NONE',  ( 0.000000000000000000, 0.000000000000000000, 30.39999999999999858 ) ) ;
#1073 = DIRECTION ( 'NONE',  ( -1.000000000000000000, 0.000000000000000000, 0.000000000000000000 ) ) ;
#1074 = CARTESIAN_POINT ( 'NONE',  ( -5.000000000000139444, -19.26161986957479755, 31.39999999999999858 ) ) ;
#1075 = EDGE_CURVE ( 'NONE', #629, #2697, #699, .T. ) ;
#1076 = ORIENTED_EDGE ( 'NONE', *, *, #1817, .F. ) ;
#1077 = DIRECTION ( 'NONE',  ( 0.000000000000000000, 0.000000000000000000, -1.000000000000000000 ) ) ;
#1078 = ORIENTED_EDGE ( 'NONE', *, *, #1075, .T. ) ;
#1079 = AXIS2_PLACEMENT_3D ( 'NONE', #3172, #3615, #640 ) ;
#1080 = VECTOR ( 'NONE', #802, 1000.000000000000000 ) ;
#1081 = ORIENTED_EDGE ( 'NONE', *, *, #846, .T. ) ;
#1082 = EDGE_CURVE ( 'NONE', #738, #1017, #3803, .T. ) ;
#1083 = DIRECTION ( 'NONE',  ( 0.000000000000000000, 0.000000000000000000, -1.000000000000000000 ) ) ;
#1084 = CARTESIAN_POINT ( 'NONE',  ( 3.934909417159685674, 12.12612582124429927, 0.5000000000000000000 ) ) ;
#1085 = CARTESIAN_POINT ( 'NONE',  ( 13.50000000000000000, 1.653273178848925092E-15, 6.000000000000000000 ) ) ;
#1086 = CARTESIAN_POINT ( 'NONE',  ( 7.053452901557580645, 7.090293527482247171, 1.408330446522833235 ) ) ;
#1087 = ORIENTED_EDGE ( 'NONE', *, *, #446, .T. ) ;
#1088 = ORIENTED_EDGE ( 'NONE', *, *, #1064, .T. ) ;
#1089 = FACE_OUTER_BOUND ( 'NONE', #70, .T. ) ;
#1090 = CARTESIAN_POINT ( 'NONE',  ( 0.000000000000000000, 0.000000000000000000, 5.000000000000000000 ) ) ;
#1091 = DIRECTION ( 'NONE',  ( 1.000000000000000000, 0.000000000000000000, 0.000000000000000000 ) ) ;
#1092 = EDGE_LOOP ( 'NONE', ( #2092, #2308, #1763, #1975 ) ) ;
#1093 = PRODUCT_CONTEXT ( 'NONE', #248, 'mechanical' ) ;
#1094 = ORIENTED_EDGE ( 'NONE', *, *, #3621, .F. ) ;
#1095 = CARTESIAN_POINT ( 'NONE',  ( 0.000000000000000000, 0.000000000000000000, 10.00000000000000000 ) ) ;
#1096 = EDGE_LOOP ( 'NONE', ( #38, #2998, #1447, #150 ) ) ;
#1097 = VERTEX_POINT ( 'NONE', #1983 ) ;
#1098 = CYLINDRICAL_SURFACE ( 'NONE', #617, 0.6500000000000000222 ) ;
#1099 = CARTESIAN_POINT ( 'NONE',  ( 13.89562535895805873, 10.63774392827171944, 2.499999999999490186 ) ) ;
#1100 = DIRECTION ( 'NONE',  ( -1.000000000000000000, 0.000000000000000000, 0.000000000000000000 ) ) ;
#1101 = EDGE_CURVE ( 'NONE', #3135, #3253, #3255, .T. ) ;
#1102 = VERTEX_POINT ( 'NONE', #1895 ) ;
#1103 = CARTESIAN_POINT ( 'NONE',  ( 17.00000000000000000, 2.707145100539840090E-13, 30.39999999999999858 ) ) ;
#1104 = DIRECTION ( 'NONE',  ( -1.000000000000000000, 0.000000000000000000, 0.000000000000000000 ) ) ;
#1105 = AXIS2_PLACEMENT_3D ( 'NONE', #764, #803, #1054 ) ;
#1106 = ORIENTED_EDGE ( 'NONE', *, *, #3693, .T. ) ;
#1107 = ORIENTED_EDGE ( 'NONE', *, *, #313, .T. ) ;
#1108 = AXIS2_PLACEMENT_3D ( 'NONE', #2185, #3444, #822 ) ;
#1109 = DIRECTION ( 'NONE',  ( 0.000000000000000000, 0.000000000000000000, -1.000000000000000000 ) ) ;
#1110 = PLANE ( 'NONE',  #413 ) ;
#1111 = CARTESIAN_POINT ( 'NONE',  ( -2.595167107518229876, 10.94734260151945904, 0.5000000000000000000 ) ) ;
#1112 = CIRCLE ( 'NONE', #1174, 0.7499999999948779861 ) ;
#1113 = VECTOR ( 'NONE', #3820, 1000.000000000000000 ) ;
#1114 = ORIENTED_EDGE ( 'NONE', *, *, #149, .F. ) ;
#1115 = VECTOR ( 'NONE', #156, 1000.000000000000000 ) ;
#1116 = CARTESIAN_POINT ( 'NONE',  ( 0.000000000000000000, 0.000000000000000000, 31.39999999999999858 ) ) ;
#1117 = ORIENTED_EDGE ( 'NONE', *, *, #1694, .T. ) ;
#1118 = DIRECTION ( 'NONE',  ( 1.000000000000000000, 9.251858538538431539E-15, 0.000000000000000000 ) ) ;
#1119 = CIRCLE ( 'NONE', #114, 10.00000000000000000 ) ;
#1120 = EDGE_LOOP ( 'NONE', ( #4090, #3078 ) ) ;
#1121 = FACE_OUTER_BOUND ( 'NONE', #1283, .T. ) ;
#1122 = CARTESIAN_POINT ( 'NONE',  ( 17.00000000000000000, 2.707145100539840090E-13, 30.39999999999999858 ) ) ;
#1123 = CARTESIAN_POINT ( 'NONE',  ( -11.00000000000000000, 1.347111479062087813E-15, 29.39999999999999858 ) ) ;
#1124 = CARTESIAN_POINT ( 'NONE',  ( 7.375671198511520643, 6.754772278903123706, 3.749932382650782436 ) ) ;
#1125 = CARTESIAN_POINT ( 'NONE',  ( 0.000000000000000000, 0.000000000000000000, 31.39999999999999858 ) ) ;
#1126 = AXIS2_PLACEMENT_3D ( 'NONE', #1340, #3882, #28 ) ;
#1127 = DIRECTION ( 'NONE',  ( 0.000000000000000000, 0.000000000000000000, -1.000000000000000000 ) ) ;
#1128 = EDGE_CURVE ( 'NONE', #3021, #2152, #3943, .T. ) ;
#1129 = FACE_OUTER_BOUND ( 'NONE', #3417, .T. ) ;
#1130 = DIRECTION ( 'NONE',  ( 0.000000000000000000, 0.000000000000000000, 1.000000000000000000 ) ) ;
#1131 = ORIENTED_EDGE ( 'NONE', *, *, #755, .F. ) ;
#1132 = ORIENTED_EDGE ( 'NONE', *, *, #1941, .T. ) ;
#1133 = DIRECTION ( 'NONE',  ( -1.000000000000000000, 0.000000000000000000, 0.000000000000000000 ) ) ;
#1134 = ORIENTED_EDGE ( 'NONE', *, *, #1226, .T. ) ;
#1135 = DIRECTION ( 'NONE',  ( 0.000000000000000000, 0.000000000000000000, 1.000000000000000000 ) ) ;
#1136 = EDGE_LOOP ( 'NONE', ( #2860, #1710, #2472, #2325 ) ) ;
#1137 = DIRECTION ( 'NONE',  ( 1.000000000000000000, 0.000000000000000000, 0.000000000000000000 ) ) ;
#1138 = DIRECTION ( 'NONE',  ( 0.000000000000000000, 0.000000000000000000, 1.000000000000000000 ) ) ;
#1139 = CYLINDRICAL_SURFACE ( 'NONE', #1645, 0.6500000000000012434 ) ;
#1140 = CIRCLE ( 'NONE', #2883, 13.50000000000000000 ) ;
#1141 = PLANE ( 'NONE',  #376 ) ;
#1142 = EDGE_CURVE ( 'NONE', #1432, #356, #1254, .T. ) ;
#1143 = CARTESIAN_POINT ( 'NONE',  ( 17.57189017612680004, -0.7528390920688410315, 40.39999999999999858 ) ) ;
#1144 = CARTESIAN_POINT ( 'NONE',  ( 5.000000000001289635, -15.00000000000000000, 33.39999999999999858 ) ) ;
#1145 = DIRECTION ( 'NONE',  ( 0.000000000000000000, 0.000000000000000000, -1.000000000000000000 ) ) ;
#1146 = CARTESIAN_POINT ( 'NONE',  ( 0.000000000000000000, 0.000000000000000000, 31.39999999999999858 ) ) ;
#1147 = AXIS2_PLACEMENT_3D ( 'NONE', #2829, #3421, #935 ) ;
#1148 = EDGE_LOOP ( 'NONE', ( #3742, #3268 ) ) ;
#1149 = EDGE_CURVE ( 'NONE', #1534, #3967, #1058, .T. ) ;
#1150 = ORIENTED_EDGE ( 'NONE', *, *, #1948, .T. ) ;
#1151 = DIRECTION ( 'NONE',  ( -1.000000000000000000, 0.000000000000000000, 0.000000000000000000 ) ) ;
#1152 = VERTEX_POINT ( 'NONE', #1411 ) ;
#1153 = DIRECTION ( 'NONE',  ( 0.000000000000000000, 0.000000000000000000, -1.000000000000000000 ) ) ;
#1154 = AXIS2_PLACEMENT_3D ( 'NONE', #1398, #1521, #2198 ) ;
#1155 = EDGE_LOOP ( 'NONE', ( #1934, #3639 ) ) ;
#1156 = LINE ( 'NONE', #1201, #2249 ) ;
#1157 = AXIS2_PLACEMENT_3D ( 'NONE', #309, #585, #3512 ) ;
#1158 = DIRECTION ( 'NONE',  ( 0.000000000000000000, 0.000000000000000000, 1.000000000000000000 ) ) ;
#1159 = ORIENTED_EDGE ( 'NONE', *, *, #3134, .T. ) ;
#1160 = PLANE ( 'NONE',  #510 ) ;
#1161 = ORIENTED_EDGE ( 'NONE', *, *, #1671, .F. ) ;
#1162 = CARTESIAN_POINT ( 'NONE',  ( 11.09999999999999964, 0.000000000000000000, 31.39999999999999858 ) ) ;
#1163 = CARTESIAN_POINT ( 'NONE',  ( -8.255962153397540249, -5.642613660500550132, 2.500000000000000000 ) ) ;
#1164 = VECTOR ( 'NONE', #3547, 1000.000000000000000 ) ;
#1165 = ORIENTED_EDGE ( 'NONE', *, *, #851, .F. ) ;
#1166 = CARTESIAN_POINT ( 'NONE',  ( 12.23803724571245866, 12.50921437871116026, 2.500000000000000000 ) ) ;
#1167 = AXIS2_PLACEMENT_3D ( 'NONE', #368, #853, #2743 ) ;
#1168 = DIRECTION ( 'NONE',  ( 0.000000000000000000, 0.000000000000000000, 1.000000000000000000 ) ) ;
#1169 = CARTESIAN_POINT ( 'NONE',  ( 18.87189017612680075, -4.672274967014939939, 40.39999999999999858 ) ) ;
#1170 = ORIENTED_EDGE ( 'NONE', *, *, #3905, .F. ) ;
#1171 = CIRCLE ( 'NONE', #1108, 0.6500000000000012434 ) ;
#1172 = ADVANCED_FACE ( 'NONE', ( #109 ), #3022, .F. ) ;
#1173 = EDGE_LOOP ( 'NONE', ( #3837, #482, #4123, #2449 ) ) ;
#1174 = AXIS2_PLACEMENT_3D ( 'NONE', #974, #1586, #2495 ) ;
#1175 = CARTESIAN_POINT ( 'NONE',  ( 7.346487228178678386, -6.785496821189736849, 1.732534107265881529 ) ) ;
#1176 = ORIENTED_EDGE ( 'NONE', *, *, #2136, .T. ) ;
#1177 = CIRCLE ( 'NONE', #3726, 0.6500000000000001332 ) ;
#1178 = CARTESIAN_POINT ( 'NONE',  ( -0.0009999999999594510764, -0.0009999999999594538953, 0.000000000000000000 ) ) ;
#1179 = VECTOR ( 'NONE', #3215, 1000.000000000000000 ) ;
#1180 = AXIS2_PLACEMENT_3D ( 'NONE', #2041, #140, #94 ) ;
#1181 = ORIENTED_EDGE ( 'NONE', *, *, #3257, .T. ) ;
#1182 = CARTESIAN_POINT ( 'NONE',  ( -12.50916426193537667, 12.23808847300324487, 2.333962371010053882 ) ) ;
#1183 = EDGE_CURVE ( 'NONE', #3719, #814, #3264, .T. ) ;
#1184 = FACE_OUTER_BOUND ( 'NONE', #1837, .T. ) ;
#1185 = CARTESIAN_POINT ( 'NONE',  ( -13.50000000000000000, 0.000000000000000000, 6.000000000000000000 ) ) ;
#1186 = AXIS2_PLACEMENT_3D ( 'NONE', #2816, #4019, #1133 ) ;
#1187 = AXIS2_PLACEMENT_3D ( 'NONE', #2993, #2040, #1336 ) ;
#1188 = DIRECTION ( 'NONE',  ( 1.000000000000000000, 0.000000000000000000, 0.000000000000000000 ) ) ;
#1189 = CARTESIAN_POINT ( 'NONE',  ( -6.598374040156979703, -7.514084110933450411, 2.500000000000000000 ) ) ;
#1190 = CYLINDRICAL_SURFACE ( 'NONE', #2443, 19.94999999999999929 ) ;
#1191 = CARTESIAN_POINT ( 'NONE',  ( -5.000000000000110134, -15.00000000000000000, 33.39999999999999858 ) ) ;
#1192 = DIRECTION ( 'NONE',  ( 0.000000000000000000, 0.000000000000000000, -1.000000000000000000 ) ) ;
#1193 = ADVANCED_FACE ( 'NONE', ( #3955, #3676, #805 ), #2655, .T. ) ;
#1194 = VERTEX_POINT ( 'NONE', #1745 ) ;
#1195 = EDGE_LOOP ( 'NONE', ( #1161, #3715, #529, #2213 ) ) ;
#1196 = CARTESIAN_POINT ( 'NONE',  ( 6.753855703623452555, -7.376512950104504363, 1.249875281980866948 ) ) ;
#1197 = ORIENTED_EDGE ( 'NONE', *, *, #1566, .F. ) ;
#1198 = EDGE_CURVE ( 'NONE', #700, #3426, #3634, .T. ) ;
#1199 = PLANE ( 'NONE',  #1855 ) ;
#1200 = ORIENTED_EDGE ( 'NONE', *, *, #3482, .T. ) ;
#1201 = CARTESIAN_POINT ( 'NONE',  ( 5.000000000001289635, -15.00000000000000000, 33.39999999999999858 ) ) ;
#1202 = CARTESIAN_POINT ( 'NONE',  ( 18.87189017612680075, -2.835895920711525076, 40.39999999999999858 ) ) ;
#1203 = CARTESIAN_POINT ( 'NONE',  ( -5.000000000001870504, 26.50000000000000000, 31.39999999999999858 ) ) ;
#1204 = EDGE_CURVE ( 'NONE', #254, #1977, #393, .T. ) ;
#1205 = ORIENTED_EDGE ( 'NONE', *, *, #913, .T. ) ;
#1206 = CARTESIAN_POINT ( 'NONE',  ( -13.89562535895805873, -10.63774392827171944, 2.499999999999490186 ) ) ;
#1207 = DIRECTION ( 'NONE',  ( -1.000000000000000000, 0.000000000000000000, 0.000000000000000000 ) ) ;
#1208 = CIRCLE ( 'NONE', #1079, 0.7485857864325601296 ) ;
#1209 = DIRECTION ( 'NONE',  ( 0.000000000000000000, 0.000000000000000000, 1.000000000000000000 ) ) ;
#1210 = DIRECTION ( 'NONE',  ( -1.000000000000000000, 0.000000000000000000, 0.000000000000000000 ) ) ;
#1211 = DIRECTION ( 'NONE',  ( 0.000000000000000000, 0.000000000000000000, -1.000000000000000000 ) ) ;
#1212 = VERTEX_POINT ( 'NONE', #3295 ) ;
#1213 = EDGE_CURVE ( 'NONE', #3945, #3368, #1594, .T. ) ;
#1214 = CARTESIAN_POINT ( 'NONE',  ( -5.773673779863368161, 8.165093198571939936, 1.868983234454631992 ) ) ;
#1215 = ORIENTED_EDGE ( 'NONE', *, *, #2639, .F. ) ;
#1216 = DIRECTION ( 'NONE',  ( 0.000000000000000000, 0.000000000000000000, 1.000000000000000000 ) ) ;
#1217 = CARTESIAN_POINT ( 'NONE',  ( 11.00000000000000000, 0.000000000000000000, 29.39999999999999858 ) ) ;
#1218 = EDGE_CURVE ( 'NONE', #3881, #2697, #920, .T. ) ;
#1219 = ADVANCED_FACE ( 'NONE', ( #127 ), #1704, .F. ) ;
#1220 = VERTEX_POINT ( 'NONE', #3910 ) ;
#1221 = CARTESIAN_POINT ( 'NONE',  ( 17.57189017612680004, 3.029553570466559709, 40.39999999999999858 ) ) ;
#1222 = PLANE ( 'NONE',  #1592 ) ;
#1223 = ORIENTED_EDGE ( 'NONE', *, *, #3483, .T. ) ;
#1224 = CYLINDRICAL_SURFACE ( 'NONE', #1445, 12.74858578642744078 ) ;
#1225 = CARTESIAN_POINT ( 'NONE',  ( 5.000000000001289635, -15.00000000000000000, 33.39999999999999858 ) ) ;
#1226 = EDGE_CURVE ( 'NONE', #2729, #1526, #1861, .T. ) ;
#1227 = ADVANCED_FACE ( 'NONE', ( #1036 ), #766, .F. ) ;
#1228 = FACE_OUTER_BOUND ( 'NONE', #2820, .T. ) ;
#1229 = ADVANCED_FACE ( 'NONE', ( #3973 ), #3277, .F. ) ;
#1230 = DIRECTION ( 'NONE',  ( 0.000000000000000000, 0.000000000000000000, -1.000000000000000000 ) ) ;
#1231 = DIRECTION ( 'NONE',  ( 0.000000000000000000, 0.000000000000000000, 1.000000000000000000 ) ) ;
#1232 = EDGE_CURVE ( 'NONE', #1027, #575, #1347, .T. ) ;
#1233 = EDGE_LOOP ( 'NONE', ( #3269, #4052, #882, #4015 ) ) ;
#1234 = CARTESIAN_POINT ( 'NONE',  ( -1.384122457342463752, 5.838549387474549768, 0.5000000000000000000 ) ) ;
#1235 = ORIENTED_EDGE ( 'NONE', *, *, #1761, .F. ) ;
#1236 = FACE_OUTER_BOUND ( 'NONE', #842, .T. ) ;
#1237 = CIRCLE ( 'NONE', #1167, 11.25141421356232030 ) ;
#1238 = DIRECTION ( 'NONE',  ( 0.000000000000000000, 0.000000000000000000, 1.000000000000000000 ) ) ;
#1239 = ORIENTED_EDGE ( 'NONE', *, *, #756, .T. ) ;
#1240 = LINE ( 'NONE', #3868, #1164 ) ;
#1241 = CARTESIAN_POINT ( 'NONE',  ( 13.92908720965064084, 10.66738156746757937, 2.500000000000000000 ) ) ;
#1242 = EDGE_CURVE ( 'NONE', #442, #3447, #3597, .T. ) ;
#1243 = AXIS2_PLACEMENT_3D ( 'NONE', #907, #3845, #2265 ) ;
#1244 = CIRCLE ( 'NONE', #3657, 20.00000000000000000 ) ;
#1245 = ORIENTED_EDGE ( 'NONE', *, *, #566, .T. ) ;
#1246 = CIRCLE ( 'NONE', #3792, 0.6500000000000012434 ) ;
#1247 = CARTESIAN_POINT ( 'NONE',  ( -12.26095523912426088, -12.48691383823909717, 2.174238861837506143 ) ) ;
#1248 = DIRECTION ( 'NONE',  ( -0.7485881801731630869, -0.6630352452962300358, 0.000000000000000000 ) ) ;
#1249 = CIRCLE ( 'NONE', #2923, 0.6500000000000012434 ) ;
#1250 = LINE ( 'NONE', #2580, #556 ) ;
#1251 = DIRECTION ( 'NONE',  ( 0.000000000000000000, 0.000000000000000000, 1.000000000000000000 ) ) ;
#1252 = DIRECTION ( 'NONE',  ( -1.000000000000000000, 0.000000000000000000, 0.000000000000000000 ) ) ;
#1253 = LINE ( 'NONE', #2848, #1509 ) ;
#1254 = CIRCLE ( 'NONE', #520, 0.6500000000000000222 ) ;
#1255 = ORIENTED_EDGE ( 'NONE', *, *, #3558, .T. ) ;
#1256 = ADVANCED_FACE ( 'NONE', ( #2013 ), #409, .T. ) ;
#1257 = FACE_OUTER_BOUND ( 'NONE', #3122, .T. ) ;
#1258 = ORIENTED_EDGE ( 'NONE', *, *, #815, .T. ) ;
#1259 = CARTESIAN_POINT ( 'NONE',  ( 0.000000000000000000, 0.000000000000000000, 31.39999999999999858 ) ) ;
#1260 = CARTESIAN_POINT ( 'NONE',  ( -5.000000000000190070, -26.50000000000000000, 31.39999999999999858 ) ) ;
#1261 = CIRCLE ( 'NONE', #1658, 2.000000000000000000 ) ;
#1262 = CYLINDRICAL_SURFACE ( 'NONE', #2918, 1.249999999999999334 ) ;
#1263 = VERTEX_POINT ( 'NONE', #3102 ) ;
#1264 = CARTESIAN_POINT ( 'NONE',  ( 17.57189017612680004, 1.110948596716720083, 40.39999999999999858 ) ) ;
#1265 = EDGE_CURVE ( 'NONE', #2660, #905, #2505, .T. ) ;
#1266 = CYLINDRICAL_SURFACE ( 'NONE', #2330, 11.25000000000000000 ) ;
#1267 = VERTEX_POINT ( 'NONE', #2484 ) ;
#1268 = ADVANCED_FACE ( 'NONE', ( #3756 ), #2111, .T. ) ;
#1269 = FACE_OUTER_BOUND ( 'NONE', #1912, .T. ) ;
#1270 = CARTESIAN_POINT ( 'NONE',  ( 18.22189017612680217, -0.7528390920688410315, 30.39999999999999858 ) ) ;
#1271 = CARTESIAN_POINT ( 'NONE',  ( 18.22189017612680217, -2.835895920711525076, 40.39999999999999858 ) ) ;
#1272 = EDGE_CURVE ( 'NONE', #2459, #962, #582, .T. ) ;
#1273 = CARTESIAN_POINT ( 'NONE',  ( -13.50000000000000000, 0.000000000000000000, 6.000000000000000000 ) ) ;
#1274 = DIRECTION ( 'NONE',  ( 0.000000000000000000, 0.000000000000000000, -1.000000000000000000 ) ) ;
#1275 = B_SPLINE_CURVE_WITH_KNOTS ( 'NONE', 3,
 ( #401, #3626, #440, #3304, #1069, #1337, #1424, #3899, #1717, #3015, #1973, #1086, #2314, #3289, #2707, #3983, #1046, #759 ),
 .UNSPECIFIED., .F., .F.,
 ( 4, 2, 2, 2, 2, 2, 2, 2, 4 ),
 ( 0.000000000000000000, 0.1250000000000001388, 0.2500000000000003886, 0.3750000000000006661, 0.5000000000000005551, 0.6250000000000004441, 0.7500000000000003331, 0.8750000000000003331, 1.000000000000000000 ),
 .UNSPECIFIED. ) ;
#1276 = ORIENTED_EDGE ( 'NONE', *, *, #2872, .F. ) ;
#1277 = AXIS2_PLACEMENT_3D ( 'NONE', #2936, #2046, #1700 ) ;
#1278 = CARTESIAN_POINT ( 'NONE',  ( -7.090293527482181446, 7.053452901557640153, 1.408330446522832791 ) ) ;
#1279 = ORIENTED_EDGE ( 'NONE', *, *, #3768, .T. ) ;
#1280 = CARTESIAN_POINT ( 'NONE',  ( 20.00000000000000000, 0.000000000000000000, 29.39999999999999858 ) ) ;
#1281 = DIRECTION ( 'NONE',  ( 0.000000000000000000, 0.000000000000000000, 1.000000000000000000 ) ) ;
#1282 = CARTESIAN_POINT ( 'NONE',  ( 5.000000000001289635, -26.50000000000000000, 33.39999999999999858 ) ) ;
#1283 = EDGE_LOOP ( 'NONE', ( #2752, #3735, #344, #924, #3697, #3217, #3299, #3783 ) ) ;
#1284 = CARTESIAN_POINT ( 'NONE',  ( 0.000000000000000000, 11.96354363695471967, 0.5000000000000000000 ) ) ;
#1285 = DIRECTION ( 'NONE',  ( 1.000000000000000000, 0.000000000000000000, 0.000000000000000000 ) ) ;
#1286 = EDGE_LOOP ( 'NONE', ( #939, #702, #2669, #86 ) ) ;
#1287 = CARTESIAN_POINT ( 'NONE',  ( -2.000000000000954792, 26.50000000000000000, 33.39999999999999858 ) ) ;
#1288 = CARTESIAN_POINT ( 'NONE',  ( -5.000000000000110134, -15.00000000000000000, 31.39999999999999858 ) ) ;
#1289 = CARTESIAN_POINT ( 'NONE',  ( 18.22189017612680217, 3.029553570466559709, 30.39999999999999858 ) ) ;
#1290 = CARTESIAN_POINT ( 'NONE',  ( -6.037524820961823302, 7.972588250585017633, 3.501246988638547109 ) ) ;
#1291 = DIRECTION ( 'NONE',  ( 0.000000000000000000, -1.000000000000000000, 0.000000000000000000 ) ) ;
#1292 = CARTESIAN_POINT ( 'NONE',  ( -13.51168198288257472, -11.12240593106095510, 3.590764914485947035 ) ) ;
#1293 = VECTOR ( 'NONE', #1109, 1000.000000000000000 ) ;
#1294 = ORIENTED_EDGE ( 'NONE', *, *, #2977, .F. ) ;
#1295 = VERTEX_POINT ( 'NONE', #3776 ) ;
#1296 = CYLINDRICAL_SURFACE ( 'NONE', #428, 1.250000000000000888 ) ;
#1297 = ORIENTED_EDGE ( 'NONE', *, *, #1204, .T. ) ;
#1298 = CARTESIAN_POINT ( 'NONE',  ( 5.000000000001289635, -26.50000000000000000, 33.39999999999999858 ) ) ;
#1299 = FACE_OUTER_BOUND ( 'NONE', #505, .T. ) ;
#1300 = EDGE_CURVE ( 'NONE', #1784, #2328, #1524, .T. ) ;
#1301 = LINE ( 'NONE', #1539, #3045 ) ;
#1302 = CIRCLE ( 'NONE', #1502, 21.00000000000000000 ) ;
#1303 = EDGE_LOOP ( 'NONE', ( #3061, #2110 ) ) ;
#1304 = CYLINDRICAL_SURFACE ( 'NONE', #4053, 0.7499999999948749885 ) ;
#1305 = AXIS2_PLACEMENT_3D ( 'NONE', #125, #3609, #2321 ) ;
#1306 = FACE_OUTER_BOUND ( 'NONE', #2931, .T. ) ;
#1307 = AXIS2_PLACEMENT_3D ( 'NONE', #334, #1886, #4137 ) ;
#1308 = ORIENTED_EDGE ( 'NONE', *, *, #662, .T. ) ;
#1309 = ADVANCED_FACE ( 'NONE', ( #4055 ), #3369, .F. ) ;
#1310 = AXIS2_PLACEMENT_3D ( 'NONE', #117, #2270, #665 ) ;
#1311 = CARTESIAN_POINT ( 'NONE',  ( -12.48686644718406846, 12.26100509067150846, 2.826297315180783976 ) ) ;
#1312 = CARTESIAN_POINT ( 'NONE',  ( 2.768244914684924840, -11.67709877494909954, 0.000000000000000000 ) ) ;
#1313 = CIRCLE ( 'NONE', #2193, 20.00000000000000000 ) ;
#1314 = CIRCLE ( 'NONE', #2062, 20.00000000000000000 ) ;
#1315 = CIRCLE ( 'NONE', #243, 20.00000000000000000 ) ;
#1316 = DIRECTION ( 'NONE',  ( 0.000000000000000000, 0.000000000000000000, 1.000000000000000000 ) ) ;
#1317 = FACE_OUTER_BOUND ( 'NONE', #3991, .T. ) ;
#1318 = CARTESIAN_POINT ( 'NONE',  ( 0.000000000000000000, 0.000000000000000000, 31.39999999999999858 ) ) ;
#1319 = AXIS2_PLACEMENT_3D ( 'NONE', #1298, #2854, #2549 ) ;
#1320 = ORIENTED_EDGE ( 'NONE', *, *, #483, .T. ) ;
#1321 = AXIS2_PLACEMENT_3D ( 'NONE', #897, #2184, #3443 ) ;
#1322 = ORIENTED_EDGE ( 'NONE', *, *, #1692, .F. ) ;
#1323 = LINE ( 'NONE', #2044, #2805 ) ;
#1324 = ORIENTED_EDGE ( 'NONE', *, *, #2035, .T. ) ;
#1325 = CARTESIAN_POINT ( 'NONE',  ( 1.444605166093860138, -11.81808510325407902, 0.5000000000000000000 ) ) ;
#1326 = DIRECTION ( 'NONE',  ( -8.818177669548689985E-15, 1.000000000000000000, 0.000000000000000000 ) ) ;
#1327 = EDGE_LOOP ( 'NONE', ( #3679, #3909, #951, #2850, #2724, #1489 ) ) ;
#1328 = DIRECTION ( 'NONE',  ( 0.000000000000000000, 0.000000000000000000, -1.000000000000000000 ) ) ;
#1329 = VECTOR ( 'NONE', #762, 1000.000000000000000 ) ;
#1330 = CARTESIAN_POINT ( 'NONE',  ( 0.000000000000000000, 0.000000000000000000, 31.39999999999999858 ) ) ;
#1331 = ORIENTED_EDGE ( 'NONE', *, *, #3891, .T. ) ;
#1332 = CARTESIAN_POINT ( 'NONE',  ( -2.000000000000369926, 23.50000000000000000, 33.39999999999999858 ) ) ;
#1333 = DIRECTION ( 'NONE',  ( 0.000000000000000000, 0.000000000000000000, 1.000000000000000000 ) ) ;
#1334 = EDGE_CURVE ( 'NONE', #3167, #2915, #177, .T. ) ;
#1335 = PLANE ( 'NONE',  #1020 ) ;
#1336 = DIRECTION ( 'NONE',  ( 1.000000000000000000, 0.000000000000000000, 0.000000000000000000 ) ) ;
#1337 = CARTESIAN_POINT ( 'NONE',  ( 7.973209402295178272, 6.036697746434689371, 1.499584465464849137 ) ) ;
#1338 = EDGE_LOOP ( 'NONE', ( #4152, #3520 ) ) ;
#1339 = ORIENTED_EDGE ( 'NONE', *, *, #1064, .F. ) ;
#1340 = CARTESIAN_POINT ( 'NONE',  ( 0.000000000000000000, 0.000000000000000000, 31.39999999999999858 ) ) ;
#1341 = EDGE_LOOP ( 'NONE', ( #3958, #4082, #3804, #55 ) ) ;
#1342 = DIRECTION ( 'NONE',  ( 0.000000000000000000, 0.000000000000000000, -1.000000000000000000 ) ) ;
#1343 = LINE ( 'NONE', #3987, #3038 ) ;
#1344 = CIRCLE ( 'NONE', #1277, 20.00000000000000000 ) ;
#1345 = DIRECTION ( 'NONE',  ( 0.000000000000000000, 0.000000000000000000, -1.000000000000000000 ) ) ;
#1346 = EDGE_LOOP ( 'NONE', ( #3946, #1653, #3614, #2619, #3847, #4101 ) ) ;
#1347 = LINE ( 'NONE', #2636, #2071 ) ;
#1348 = ORIENTED_EDGE ( 'NONE', *, *, #2999, .T. ) ;
#1349 = CARTESIAN_POINT ( 'NONE',  ( 0.000000000000000000, 0.000000000000000000, 0.000000000000000000 ) ) ;
#1350 = EDGE_CURVE ( 'NONE', #4076, #809, #2336, .T. ) ;
#1351 = ORIENTED_EDGE ( 'NONE', *, *, #562, .T. ) ;
#1352 = CARTESIAN_POINT ( 'NONE',  ( -11.12240593104699471, 13.51168198289427202, 3.590764914485917281 ) ) ;
#1353 = PLANE ( 'NONE',  #450 ) ;
#1354 = CIRCLE ( 'NONE', #78, 0.6500000000000012434 ) ;
#1355 = ADVANCED_FACE ( 'NONE', ( #2172, #2737, #564 ), #255, .T. ) ;
#1356 = DIRECTION ( 'NONE',  ( -2.262682794752355172E-16, 1.000000000000000000, 0.000000000000000000 ) ) ;
#1357 = EDGE_CURVE ( 'NONE', #769, #3077, #3261, .T. ) ;
#1358 = DIRECTION ( 'NONE',  ( 0.000000000000000000, 0.000000000000000000, -1.000000000000000000 ) ) ;
#1359 = ORIENTED_EDGE ( 'NONE', *, *, #1694, .F. ) ;
#1360 = CIRCLE ( 'NONE', #829, 19.90000000000000213 ) ;
#1361 = EDGE_LOOP ( 'NONE', ( #234, #885, #2772, #424 ) ) ;
#1362 = DIRECTION ( 'NONE',  ( -0.6630352452962302578, 0.7485881801731628649, 0.000000000000000000 ) ) ;
#1363 = ADVANCED_FACE ( 'NONE', ( #1470 ), #2754, .F. ) ;
#1364 = FACE_OUTER_BOUND ( 'NONE', #2156, .T. ) ;
#1365 = FACE_OUTER_BOUND ( 'NONE', #3160, .T. ) ;
#1366 = VERTEX_POINT ( 'NONE', #2445 ) ;
#1367 = DIRECTION ( 'NONE',  ( 0.000000000000000000, 0.000000000000000000, -1.000000000000000000 ) ) ;
#1368 = ORIENTED_EDGE ( 'NONE', *, *, #252, .T. ) ;
#1369 = CARTESIAN_POINT ( 'NONE',  ( 13.50000000000000000, 1.653273178848925092E-15, 5.000000000000000000 ) ) ;
#1370 = AXIS2_PLACEMENT_3D ( 'NONE', #1474, #3458, #1137 ) ;
#1371 = CARTESIAN_POINT ( 'NONE',  ( 0.000000000000000000, 0.000000000000000000, 29.39999999999999858 ) ) ;
#1372 = AXIS2_PLACEMENT_3D ( 'NONE', #2047, #3311, #1091 ) ;
#1373 = ORIENTED_EDGE ( 'NONE', *, *, #1265, .F. ) ;
#1374 = CARTESIAN_POINT ( 'NONE',  ( -11.01767755975137852, 13.59685651229342618, 3.500447207112427073 ) ) ;
#1375 = DIRECTION ( 'NONE',  ( -1.000000000000000000, 0.000000000000000000, 0.000000000000000000 ) ) ;
#1376 = CIRCLE ( 'NONE', #3718, 21.00000000000000000 ) ;
#1377 = VECTOR ( 'NONE', #3136, 1000.000000000000000 ) ;
#1378 = AXIS2_PLACEMENT_3D ( 'NONE', #3850, #666, #2513 ) ;
#1379 = DIRECTION ( 'NONE',  ( 0.000000000000000000, 0.000000000000000000, 1.000000000000000000 ) ) ;
#1380 = CARTESIAN_POINT ( 'NONE',  ( 10.76353543719605099, -13.79856291398605705, 1.868669896821305354 ) ) ;
#1381 = VECTOR ( 'NONE', #3477, 1000.000000000000000 ) ;
#1382 = ORIENTED_EDGE ( 'NONE', *, *, #34, .F. ) ;
#1383 = VECTOR ( 'NONE', #938, 1000.000000000000000 ) ;
#1384 = ORIENTED_EDGE ( 'NONE', *, *, #3196, .T. ) ;
#1385 = CARTESIAN_POINT ( 'NONE',  ( -2.768244914684924840, 11.67709877494909954, 0.5000000000000000000 ) ) ;
#1386 = CARTESIAN_POINT ( 'NONE',  ( 0.000000000000000000, 0.000000000000000000, 6.000000000000000000 ) ) ;
#1387 = VECTOR ( 'NONE', #2894, 1000.000000000000000 ) ;
#1388 = DIRECTION ( 'NONE',  ( 0.000000000000000000, 0.000000000000000000, -1.000000000000000000 ) ) ;
#1389 = AXIS2_PLACEMENT_3D ( 'NONE', #2887, #2830, #3854 ) ;
#1390 = EDGE_CURVE ( 'NONE', #2233, #3307, #843, .T. ) ;
#1391 = ORIENTED_EDGE ( 'NONE', *, *, #598, .F. ) ;
#1392 = DIRECTION ( 'NONE',  ( 1.000000000000000000, 0.000000000000000000, 0.000000000000000000 ) ) ;
#1393 = ORIENTED_EDGE ( 'NONE', *, *, #3953, .F. ) ;
#1394 = EDGE_CURVE ( 'NONE', #2231, #3124, #3866, .T. ) ;
#1395 = ORIENTED_EDGE ( 'NONE', *, *, #574, .T. ) ;
#1396 = DIRECTION ( 'NONE',  ( 0.000000000000000000, 0.000000000000000000, 1.000000000000000000 ) ) ;
#1397 = CARTESIAN_POINT ( 'NONE',  ( 1.444605166093860138, -11.81808510325407902, -9.500000000000000000 ) ) ;
#1398 = CARTESIAN_POINT ( 'NONE',  ( 0.000000000000000000, 0.000000000000000000, 0.5000000000000000000 ) ) ;
#1399 = DIRECTION ( 'NONE',  ( -1.000000000000000000, 0.000000000000000000, 0.000000000000000000 ) ) ;
#1400 = CARTESIAN_POINT ( 'NONE',  ( 11.72749270985296377, -12.99012594832689338, 1.250066120673166692 ) ) ;
#1401 = ORIENTED_EDGE ( 'NONE', *, *, #927, .T. ) ;
#1402 = ORIENTED_EDGE ( 'NONE', *, *, #1218, .F. ) ;
#1403 = EDGE_CURVE ( 'NONE', #698, #208, #3144, .T. ) ;
#1404 = FACE_OUTER_BOUND ( 'NONE', #1739, .T. ) ;
#1405 = CARTESIAN_POINT ( 'NONE',  ( 18.87189017612680075, 1.110948596716720083, 40.39999999999999858 ) ) ;
#1406 = DIRECTION ( 'NONE',  ( -6.938893903907229955E-15, -1.000000000000000000, 0.000000000000000000 ) ) ;
#1407 = EDGE_CURVE ( 'NONE', #3271, #1220, #1613, .T. ) ;
#1408 = EDGE_CURVE ( 'NONE', #901, #355, #1056, .T. ) ;
#1409 = DIRECTION ( 'NONE',  ( -1.000000000000000000, 0.000000000000000000, 0.000000000000000000 ) ) ;
#1410 = ORIENTED_EDGE ( 'NONE', *, *, #203, .F. ) ;
#1411 = CARTESIAN_POINT ( 'NONE',  ( 5.000000000000000000, 20.39607805437114862, 31.39999999999999858 ) ) ;
#1412 = ORIENTED_EDGE ( 'NONE', *, *, #4059, .T. ) ;
#1413 = AXIS2_PLACEMENT_3D ( 'NONE', #1900, #3592, #1985 ) ;
#1414 = CIRCLE ( 'NONE', #1951, 11.25000000000000000 ) ;
#1415 = AXIS2_PLACEMENT_3D ( 'NONE', #3986, #1168, #3709 ) ;
#1416 = ORIENTED_EDGE ( 'NONE', *, *, #1407, .T. ) ;
#1417 = CARTESIAN_POINT ( 'NONE',  ( 10.00000000000000000, 1.224646799147351876E-15, 31.39999999999999858 ) ) ;
#1418 = CARTESIAN_POINT ( 'NONE',  ( 18.22189017612680217, 5.057793114144960356, 40.39999999999999858 ) ) ;
#1419 = LINE ( 'NONE', #2702, #2653 ) ;
#1420 = LINE ( 'NONE', #3745, #3589 ) ;
#1421 = ORIENTED_EDGE ( 'NONE', *, *, #2872, .T. ) ;
#1422 = CARTESIAN_POINT ( 'NONE',  ( 5.000000000000000000, 26.50000000000000000, 33.39999999999999858 ) ) ;
#1423 = CARTESIAN_POINT ( 'NONE',  ( 6.956038457262589070, 7.185216399458671077, 3.501060104267582407 ) ) ;
#1424 = CARTESIAN_POINT ( 'NONE',  ( 7.891349271279704425, 6.144113456963058439, 1.409344416968636438 ) ) ;
#1425 = ORIENTED_EDGE ( 'NONE', *, *, #3488, .F. ) ;
#1426 = CARTESIAN_POINT ( 'NONE',  ( 13.59616701094688018, 11.01853165930252665, 1.498684315944760037 ) ) ;
#1427 = DIRECTION ( 'NONE',  ( 0.000000000000000000, 0.000000000000000000, -1.000000000000000000 ) ) ;
#1428 = CARTESIAN_POINT ( 'NONE',  ( -3.674736048336959993, 11.42349836849159850, 0.000000000000000000 ) ) ;
#1429 = ORIENTED_EDGE ( 'NONE', *, *, #3558, .F. ) ;
#1430 = DIRECTION ( 'NONE',  ( 1.000000000000000000, 0.000000000000000000, 0.000000000000000000 ) ) ;
#1431 = ORIENTED_EDGE ( 'NONE', *, *, #2748, .T. ) ;
#1432 = VERTEX_POINT ( 'NONE', #1913 ) ;
#1433 = FACE_BOUND ( 'NONE', #1155, .T. ) ;
#1434 = CARTESIAN_POINT ( 'NONE',  ( 12.41583540899995697, 12.33332060562793053, 3.267498816377862880 ) ) ;
#1435 = PLANE ( 'NONE',  #378 ) ;
#1436 = EDGE_CURVE ( 'NONE', #62, #3427, #37, .T. ) ;
#1437 = ORIENTED_EDGE ( 'NONE', *, *, #1334, .F. ) ;
#1438 = CARTESIAN_POINT ( 'NONE',  ( 8.164930540884412835, 5.773905748357727852, 3.131566161153970018 ) ) ;
#1439 = DIRECTION ( 'NONE',  ( 0.000000000000000000, 0.000000000000000000, -1.000000000000000000 ) ) ;
#1440 = VECTOR ( 'NONE', #1083, 1000.000000000000000 ) ;
#1441 = ORIENTED_EDGE ( 'NONE', *, *, #3448, .T. ) ;
#1442 = CARTESIAN_POINT ( 'NONE',  ( 13.79856291398527723, 10.76353543719705286, 1.868669896821323118 ) ) ;
#1443 = CARTESIAN_POINT ( 'NONE',  ( -2.943322721851640011, -12.40685494837871872, 0.000000000000000000 ) ) ;
#1444 = DIRECTION ( 'NONE',  ( 0.000000000000000000, 0.000000000000000000, 1.000000000000000000 ) ) ;
#1445 = AXIS2_PLACEMENT_3D ( 'NONE', #1527, #911, #3464 ) ;
#1446 = AXIS2_PLACEMENT_3D ( 'NONE', #2178, #2840, #3434 ) ;
#1447 = ORIENTED_EDGE ( 'NONE', *, *, #2728, .F. ) ;
#1448 = AXIS2_PLACEMENT_3D ( 'NONE', #2507, #904, #2219 ) ;
#1449 = CARTESIAN_POINT ( 'NONE',  ( 18.87189017612680075, 5.057793114144960356, 40.39999999999999858 ) ) ;
#1450 = VERTEX_POINT ( 'NONE', #319 ) ;
#1451 = CARTESIAN_POINT ( 'NONE',  ( 7.514035412302768613, -6.598429497092998197, 2.333571278128866222 ) ) ;
#1452 = VERTEX_POINT ( 'NONE', #3838 ) ;
#1453 = FACE_OUTER_BOUND ( 'NONE', #53, .T. ) ;
#1454 = AXIS2_PLACEMENT_3D ( 'NONE', #275, #2892, #3861 ) ;
#1455 = AXIS2_PLACEMENT_3D ( 'NONE', #2846, #603, #2581 ) ;
#1456 = ADVANCED_FACE ( 'NONE', ( #3187 ), #674, .F. ) ;
#1457 = VERTEX_POINT ( 'NONE', #2836 ) ;
#1458 = FACE_BOUND ( 'NONE', #2680, .T. ) ;
#1459 = CARTESIAN_POINT ( 'NONE',  ( -2.000000000000954792, 26.50000000000000000, 31.39999999999999858 ) ) ;
#1460 = DIRECTION ( 'NONE',  ( 0.000000000000000000, 0.000000000000000000, -1.000000000000000000 ) ) ;
#1461 = DIRECTION ( 'NONE',  ( -0.7485881801731630869, -0.6630352452962300358, 0.000000000000000000 ) ) ;
#1462 = CYLINDRICAL_SURFACE ( 'NONE', #4001, 0.7485857864325601296 ) ;
#1463 = ADVANCED_FACE ( 'NONE', ( #1236 ), #1599, .T. ) ;
#1464 = CARTESIAN_POINT ( 'NONE',  ( 12.88269690512799315, 11.84523334683632179, 1.281808514763288276 ) ) ;
#1465 = CARTESIAN_POINT ( 'NONE',  ( -1.444605166093860138, 11.81808510325407902, -9.500000000000000000 ) ) ;
#1466 = CARTESIAN_POINT ( 'NONE',  ( -1.444605166093860138, 11.81808510325407902, 0.5000000000000000000 ) ) ;
#1467 = ORIENTED_EDGE ( 'NONE', *, *, #4132, .F. ) ;
#1468 = DIRECTION ( 'NONE',  ( 0.000000000000000000, 0.000000000000000000, -1.000000000000000000 ) ) ;
#1469 = ORIENTED_EDGE ( 'NONE', *, *, #3537, .F. ) ;
#1470 = FACE_OUTER_BOUND ( 'NONE', #1540, .T. ) ;
#1471 = VERTEX_POINT ( 'NONE', #2875 ) ;
#1472 = FACE_OUTER_BOUND ( 'NONE', #1961, .T. ) ;
#1473 = ORIENTED_EDGE ( 'NONE', *, *, #2486, .F. ) ;
#1474 = CARTESIAN_POINT ( 'NONE',  ( 0.000000000000000000, 0.000000000000000000, 30.39999999999999858 ) ) ;
#1475 = CARTESIAN_POINT ( 'NONE',  ( 13.89558102072556522, 10.63780184538947893, 2.665776011308350846 ) ) ;
#1476 = CARTESIAN_POINT ( 'NONE',  ( -5.000000000000190070, -26.50000000000000000, 33.39999999999999858 ) ) ;
#1477 = VECTOR ( 'NONE', #2319, 1000.000000000000000 ) ;
#1478 = DIRECTION ( 'NONE',  ( 0.000000000000000000, 0.000000000000000000, 1.000000000000000000 ) ) ;
#1479 = CARTESIAN_POINT ( 'NONE',  ( 6.622724769684979584, 7.492902646149962820, 2.826105657486429834 ) ) ;
#1480 = DIRECTION ( 'NONE',  ( 0.000000000000000000, 0.000000000000000000, -1.000000000000000000 ) ) ;
#1481 = ORIENTED_EDGE ( 'NONE', *, *, #894, .T. ) ;
#1482 = CARTESIAN_POINT ( 'NONE',  ( 5.000000000000000000, 26.50000000000000000, 33.39999999999999858 ) ) ;
#1483 = ORIENTED_EDGE ( 'NONE', *, *, #2922, .F. ) ;
#1484 = CARTESIAN_POINT ( 'NONE',  ( 18.22189017612680217, -2.835895920711525076, 30.39999999999999858 ) ) ;
#1485 = CARTESIAN_POINT ( 'NONE',  ( 0.000000000000000000, 0.000000000000000000, 31.39999999999999858 ) ) ;
#1486 = CARTESIAN_POINT ( 'NONE',  ( -2.613903504973119851, -10.94357483968750167, 0.5000000000000000000 ) ) ;
#1487 = ORIENTED_EDGE ( 'NONE', *, *, #2164, .T. ) ;
#1488 = EDGE_CURVE ( 'NONE', #2494, #570, #1249, .T. ) ;
#1489 = ORIENTED_EDGE ( 'NONE', *, *, #4144, .T. ) ;
#1490 = CARTESIAN_POINT ( 'NONE',  ( 5.669209875291163492, -8.237967907654464739, 2.174552929768668097 ) ) ;
#1491 = ORIENTED_EDGE ( 'NONE', *, *, #1707, .T. ) ;
#1492 = EDGE_CURVE ( 'NONE', #3333, #1875, #3800, .T. ) ;
#1493 = DIRECTION ( 'NONE',  ( 0.000000000000000000, -1.000000000000000000, 0.000000000000000000 ) ) ;
#1494 = ORIENTED_EDGE ( 'NONE', *, *, #1128, .T. ) ;
#1495 = DIRECTION ( 'NONE',  ( -1.000000000000000000, 0.000000000000000000, 0.000000000000000000 ) ) ;
#1496 = CIRCLE ( 'NONE', #432, 12.74858578642744078 ) ;
#1497 = DIRECTION ( 'NONE',  ( -7.806255641895630347E-15, 1.000000000000000000, 0.000000000000000000 ) ) ;
#1498 = CARTESIAN_POINT ( 'NONE',  ( 2.000000000000000000, 23.50000000000000000, 33.39999999999999858 ) ) ;
#1499 = FACE_BOUND ( 'NONE', #2483, .T. ) ;
#1500 = DIRECTION ( 'NONE',  ( 0.000000000000000000, 0.000000000000000000, -1.000000000000000000 ) ) ;
#1501 = CARTESIAN_POINT ( 'NONE',  ( 0.000000000000000000, 0.000000000000000000, 6.000000000000000000 ) ) ;
#1502 = AXIS2_PLACEMENT_3D ( 'NONE', #2928, #4092, #1520 ) ;
#1503 = DIRECTION ( 'NONE',  ( 0.000000000000000000, 1.000000000000000000, 0.000000000000000000 ) ) ;
#1504 = EDGE_CURVE ( 'NONE', #318, #2812, #339, .T. ) ;
#1505 = CIRCLE ( 'NONE', #2183, 0.7499999999948772089 ) ;
#1506 = CARTESIAN_POINT ( 'NONE',  ( 11.09999999999999964, 0.000000000000000000, 29.39999999999999858 ) ) ;
#1507 = DIRECTION ( 'NONE',  ( 0.000000000000000000, 0.000000000000000000, -1.000000000000000000 ) ) ;
#1508 = ORIENTED_EDGE ( 'NONE', *, *, #47, .T. ) ;
#1509 = VECTOR ( 'NONE', #1609, 1000.000000000000000 ) ;
#1510 = VERTEX_POINT ( 'NONE', #4143 ) ;
#1511 = AXIS2_PLACEMENT_3D ( 'NONE', #2826, #3508, #1925 ) ;
#1512 = CARTESIAN_POINT ( 'NONE',  ( 6.144113456957151165, -7.891349271284451738, 1.409344416968669300 ) ) ;
#1513 = ORIENTED_EDGE ( 'NONE', *, *, #14, .T. ) ;
#1514 = CIRCLE ( 'NONE', #240, 0.6500000000000012434 ) ;
#1515 = ADVANCED_FACE ( 'NONE', ( #2589 ), #610, .F. ) ;
#1516 = DIRECTION ( 'NONE',  ( -1.000000000000000000, 0.000000000000000000, 0.000000000000000000 ) ) ;
#1517 = VECTOR ( 'NONE', #4038, 1000.000000000000000 ) ;
#1518 = CIRCLE ( 'NONE', #2064, 0.6500000000000000222 ) ;
#1519 = ORIENTED_EDGE ( 'NONE', *, *, #1407, .F. ) ;
#1520 = DIRECTION ( 'NONE',  ( 1.000000000000000000, 0.000000000000000000, 0.000000000000000000 ) ) ;
#1521 = DIRECTION ( 'NONE',  ( 0.000000000000000000, 0.000000000000000000, -1.000000000000000000 ) ) ;
#1522 = DIRECTION ( 'NONE',  ( 0.000000000000000000, 0.000000000000000000, -1.000000000000000000 ) ) ;
#1523 = DIRECTION ( 'NONE',  ( 1.000000000000000000, 0.000000000000000000, 0.000000000000000000 ) ) ;
#1524 = CIRCLE ( 'NONE', #3452, 11.25141421356232030 ) ;
#1525 = CIRCLE ( 'NONE', #1455, 10.00000000000000000 ) ;
#1526 = VERTEX_POINT ( 'NONE', #3476 ) ;
#1527 = CARTESIAN_POINT ( 'NONE',  ( 0.000000000000000000, 0.000000000000000000, 0.5000000000000000000 ) ) ;
#1528 = CARTESIAN_POINT ( 'NONE',  ( 18.22189017612680217, -0.7528390920688410315, 40.39999999999999858 ) ) ;
#1529 = DIRECTION ( 'NONE',  ( 0.000000000000000000, 0.000000000000000000, 1.000000000000000000 ) ) ;
#1530 = DIRECTION ( 'NONE',  ( -1.000000000000000000, 0.000000000000000000, 0.000000000000000000 ) ) ;
#1531 = AXIS2_PLACEMENT_3D ( 'NONE', #1385, #714, #54 ) ;
#1532 = DIRECTION ( 'NONE',  ( 1.000000000000000000, 0.000000000000000000, 0.000000000000000000 ) ) ;
#1533 = EDGE_CURVE ( 'NONE', #2075, #3954, #2733, .T. ) ;
#1534 = VERTEX_POINT ( 'NONE', #2234 ) ;
#1535 = FACE_BOUND ( 'NONE', #2014, .T. ) ;
#1536 = ORIENTED_EDGE ( 'NONE', *, *, #2506, .T. ) ;
#1537 = CARTESIAN_POINT ( 'NONE',  ( -3.472800551136074887, -10.70205485582938110, 0.5000000000000000000 ) ) ;
#1538 = ORIENTED_EDGE ( 'NONE', *, *, #2824, .F. ) ;
#1539 = CARTESIAN_POINT ( 'NONE',  ( 2.613903504973119851, 10.94357483968750167, 0.5000000000000000000 ) ) ;
#1540 = EDGE_LOOP ( 'NONE', ( #3959, #3713, #391, #2695, #1857, #2169, #3306 ) ) ;
#1541 = EDGE_CURVE ( 'NONE', #1534, #191, #721, .T. ) ;
#1542 = CARTESIAN_POINT ( 'NONE',  ( 5.000000000001280753, 1.131341397376465865E-15, 31.39999999999999858 ) ) ;
#1543 = CARTESIAN_POINT ( 'NONE',  ( 11.00000000000000000, 0.000000000000000000, 29.39999999999999858 ) ) ;
#1544 = DIRECTION ( 'NONE',  ( 0.7485881801731630869, 0.6630352452962300358, 0.000000000000000000 ) ) ;
#1545 = ORIENTED_EDGE ( 'NONE', *, *, #1947, .T. ) ;
#1546 = DIRECTION ( 'NONE',  ( 1.000000000000000000, 0.000000000000000000, 0.000000000000000000 ) ) ;
#1547 = CIRCLE ( 'NONE', #2692, 0.7499999999948772089 ) ;
#1548 = DIRECTION ( 'NONE',  ( 1.000000000000000000, 0.000000000000000000, 0.000000000000000000 ) ) ;
#1549 = DIRECTION ( 'NONE',  ( 0.000000000000000000, 0.000000000000000000, -1.000000000000000000 ) ) ;
#1550 = CYLINDRICAL_SURFACE ( 'NONE', #2926, 11.25141421356232030 ) ;
#1551 = CARTESIAN_POINT ( 'NONE',  ( -13.89558102072629708, -10.63780184538851969, 2.665776011305456716 ) ) ;
#1552 = VERTEX_POINT ( 'NONE', #296 ) ;
#1553 = DIRECTION ( 'NONE',  ( 0.7485881801731630869, 0.6630352452962300358, 0.000000000000000000 ) ) ;
#1554 = VERTEX_POINT ( 'NONE', #360 ) ;
#1555 = DIRECTION ( 'NONE',  ( 0.000000000000000000, 0.000000000000000000, -1.000000000000000000 ) ) ;
#1556 = VECTOR ( 'NONE', #706, 1000.000000000000000 ) ;
#1557 = DIRECTION ( 'NONE',  ( 0.000000000000000000, 0.000000000000000000, 1.000000000000000000 ) ) ;
#1558 = ORIENTED_EDGE ( 'NONE', *, *, #1566, .T. ) ;
#1559 = CARTESIAN_POINT ( 'NONE',  ( 0.6500000000000000222, 11.96354363695471967, -9.500000000000000000 ) ) ;
#1560 = DIRECTION ( 'NONE',  ( 1.000000000000000000, 0.000000000000000000, 0.000000000000000000 ) ) ;
#1561 = CIRCLE ( 'NONE', #2441, 12.74858578642744078 ) ;
#1562 = EDGE_CURVE ( 'NONE', #1917, #1677, #1589, .T. ) ;
#1563 = ORIENTED_EDGE ( 'NONE', *, *, #2590, .T. ) ;
#1564 = CARTESIAN_POINT ( 'NONE',  ( -2.770244914684935278, -11.67709877494909954, 0.000000000000000000 ) ) ;
#1565 = CARTESIAN_POINT ( 'NONE',  ( 12.53885201790044057, -12.27149909641012115, 2.500000000000000000 ) ) ;
#1566 = EDGE_CURVE ( 'NONE', #2151, #2736, #343, .T. ) ;
#1567 = EDGE_CURVE ( 'NONE', #1554, #1027, #3688, .T. ) ;
#1568 = CARTESIAN_POINT ( 'NONE',  ( -7.090839638819644186, 7.052905605850185111, 3.591228151401215207 ) ) ;
#1569 = LINE ( 'NONE', #586, #915 ) ;
#1570 = CARTESIAN_POINT ( 'NONE',  ( -12.41583540901584115, -12.33332060561172128, 3.267498816400479456 ) ) ;
#1571 = ORIENTED_EDGE ( 'NONE', *, *, #3611, .F. ) ;
#1572 = VECTOR ( 'NONE', #3020, 1000.000000000000000 ) ;
#1573 = DIRECTION ( 'NONE',  ( 0.000000000000000000, 0.000000000000000000, -1.000000000000000000 ) ) ;
#1574 = ORIENTED_EDGE ( 'NONE', *, *, #1787, .T. ) ;
#1575 = CARTESIAN_POINT ( 'NONE',  ( -2.770244914684935278, -11.67709877494909954, 0.000000000000000000 ) ) ;
#1576 = VECTOR ( 'NONE', #719, 1000.000000000000000 ) ;
#1577 = CARTESIAN_POINT ( 'NONE',  ( -2.000000000000190070, -26.50000000000000000, 33.39999999999999858 ) ) ;
#1578 = ORIENTED_EDGE ( 'NONE', *, *, #1533, .T. ) ;
#1579 = DIRECTION ( 'NONE',  ( 1.000000000000000000, 0.000000000000000000, 0.000000000000000000 ) ) ;
#1580 = DIRECTION ( 'NONE',  ( -1.000000000000000000, 0.000000000000000000, 0.000000000000000000 ) ) ;
#1581 = AXIS2_PLACEMENT_3D ( 'NONE', #2453, #552, #1100 ) ;
#1582 = EDGE_CURVE ( 'NONE', #3924, #128, #2160, .T. ) ;
#1583 = VERTEX_POINT ( 'NONE', #2956 ) ;
#1584 = AXIS2_PLACEMENT_3D ( 'NONE', #2837, #1238, #3455 ) ;
#1585 = DIRECTION ( 'NONE',  ( 0.000000000000000000, 0.000000000000000000, 1.000000000000000000 ) ) ;
#1586 = DIRECTION ( 'NONE',  ( 0.000000000000000000, 0.000000000000000000, -1.000000000000000000 ) ) ;
#1587 = DIRECTION ( 'NONE',  ( 0.000000000000000000, 0.000000000000000000, -1.000000000000000000 ) ) ;
#1588 = EDGE_CURVE ( 'NONE', #3447, #1450, #2632, .T. ) ;
#1589 = CIRCLE ( 'NONE', #1011, 0.7499999999948772089 ) ;
#1590 = DIRECTION ( 'NONE',  ( 0.000000000000000000, 0.000000000000000000, 1.000000000000000000 ) ) ;
#1591 = CARTESIAN_POINT ( 'NONE',  ( 18.22189017612680217, -4.672274967014939939, 30.39999999999999858 ) ) ;
#1592 = AXIS2_PLACEMENT_3D ( 'NONE', #3780, #1836, #1523 ) ;
#1593 = CARTESIAN_POINT ( 'NONE',  ( 18.22189017612680217, 5.057793114144960356, 40.39999999999999858 ) ) ;
#1594 = CIRCLE ( 'NONE', #2735, 17.50000000000000000 ) ;
#1595 = EDGE_CURVE ( 'NONE', #3427, #4111, #3219, .T. ) ;
#1596 = ORIENTED_EDGE ( 'NONE', *, *, #1988, .F. ) ;
#1597 = LINE ( 'NONE', #3450, #2932 ) ;
#1598 = ORIENTED_EDGE ( 'NONE', *, *, #2189, .F. ) ;
#1599 = CYLINDRICAL_SURFACE ( 'NONE', #2402, 0.6500000000000012434 ) ;
#1600 = DIRECTION ( 'NONE',  ( 0.000000000000000000, 0.000000000000000000, -1.000000000000000000 ) ) ;
#1601 = VERTEX_POINT ( 'NONE', #1053 ) ;
#1602 = DIRECTION ( 'NONE',  ( 1.000000000000000000, 0.000000000000000000, 0.000000000000000000 ) ) ;
#1603 = CARTESIAN_POINT ( 'NONE',  ( -13.10029315303036057, -11.60311679268401974, 2.500000000000000000 ) ) ;
#1604 = ORIENTED_EDGE ( 'NONE', *, *, #2537, .F. ) ;
#1605 = DIRECTION ( 'NONE',  ( 0.000000000000000000, 0.000000000000000000, -1.000000000000000000 ) ) ;
#1606 = CARTESIAN_POINT ( 'NONE',  ( 18.22189017612680217, 5.057793114144960356, 40.39999999999999858 ) ) ;
#1607 = FACE_OUTER_BOUND ( 'NONE', #2389, .T. ) ;
#1608 = DIRECTION ( 'NONE',  ( 0.000000000000000000, 0.000000000000000000, 1.000000000000000000 ) ) ;
#1609 = DIRECTION ( 'NONE',  ( 0.000000000000000000, 0.000000000000000000, -1.000000000000000000 ) ) ;
#1610 = ORIENTED_EDGE ( 'NONE', *, *, #69, .F. ) ;
#1611 = CARTESIAN_POINT ( 'NONE',  ( -7.514035412302847661, 6.598429497092906715, 2.333571278129265014 ) ) ;
#1612 = ORIENTED_EDGE ( 'NONE', *, *, #1582, .F. ) ;
#1613 = LINE ( 'NONE', #1890, #983 ) ;
#1614 = CARTESIAN_POINT ( 'NONE',  ( 17.57189017612680004, -2.835895920711525076, 30.39999999999999858 ) ) ;
#1615 = DIRECTION ( 'NONE',  ( 0.7485881801731630869, 0.6630352452962300358, 0.000000000000000000 ) ) ;
#1616 = ADVANCED_FACE ( 'NONE', ( #741 ), #3583, .T. ) ;
#1617 = ORIENTED_EDGE ( 'NONE', *, *, #61, .F. ) ;
#1618 = CARTESIAN_POINT ( 'NONE',  ( -8.112563170790037859, -5.848092695660366047, 3.266697368193214768 ) ) ;
#1619 = CARTESIAN_POINT ( 'NONE',  ( 18.22114156687235109, -7.999999999999739764, 29.39999999999999858 ) ) ;
#1620 = DIRECTION ( 'NONE',  ( -1.445602896647339903E-16, -1.000000000000000000, 0.000000000000000000 ) ) ;
#1621 = ORIENTED_EDGE ( 'NONE', *, *, #3459, .F. ) ;
#1622 = CARTESIAN_POINT ( 'NONE',  ( 18.87189017612680075, -4.672274967014939939, 30.39999999999999858 ) ) ;
#1623 = DIRECTION ( 'NONE',  ( -1.000000000000000000, 0.000000000000000000, 0.000000000000000000 ) ) ;
#1624 = CARTESIAN_POINT ( 'NONE',  ( 5.000000000001289635, -15.00000000000000000, 31.39999999999999858 ) ) ;
#1625 = DIRECTION ( 'NONE',  ( 0.000000000000000000, 0.000000000000000000, -1.000000000000000000 ) ) ;
#1626 = CARTESIAN_POINT ( 'NONE',  ( 5.000000000001289635, -19.26161986957449912, 31.39999999999999858 ) ) ;
#1627 = CARTESIAN_POINT ( 'NONE',  ( -12.67400142751039382, -12.06826977008021373, 3.591776802175266514 ) ) ;
#1628 = ORIENTED_EDGE ( 'NONE', *, *, #2970, .F. ) ;
#1629 = ORIENTED_EDGE ( 'NONE', *, *, #3280, .T. ) ;
#1630 = ADVANCED_FACE ( 'NONE', ( #3292 ), #695, .T. ) ;
#1631 = CARTESIAN_POINT ( 'NONE',  ( 0.000000000000000000, 0.000000000000000000, 29.39999999999999858 ) ) ;
#1632 = ORIENTED_EDGE ( 'NONE', *, *, #1350, .T. ) ;
#1633 = DIRECTION ( 'NONE',  ( 0.000000000000000000, 0.000000000000000000, -1.000000000000000000 ) ) ;
#1634 = PLANE ( 'NONE',  #4127 ) ;
#1635 = EDGE_CURVE ( 'NONE', #998, #1526, #1033, .T. ) ;
#1636 = ORIENTED_EDGE ( 'NONE', *, *, #183, .T. ) ;
#1637 = CARTESIAN_POINT ( 'NONE',  ( -6.717826011003623421, -7.407758576355190527, 3.131797863511497582 ) ) ;
#1638 = VECTOR ( 'NONE', #2379, 1000.000000000000000 ) ;
#1639 = EDGE_CURVE ( 'NONE', #1194, #547, #763, .T. ) ;
#1640 = DIRECTION ( 'NONE',  ( 1.000000000000000000, 0.000000000000000000, 0.000000000000000000 ) ) ;
#1641 = EDGE_LOOP ( 'NONE', ( #408, #3730 ) ) ;
#1642 = AXIS2_PLACEMENT_3D ( 'NONE', #3399, #3381, #1864 ) ;
#1643 = CYLINDRICAL_SURFACE ( 'NONE', #1310, 11.25141421356232030 ) ;
#1644 = CARTESIAN_POINT ( 'NONE',  ( -2.000000000000369926, 23.50000000000000000, 33.39999999999999858 ) ) ;
#1645 = AXIS2_PLACEMENT_3D ( 'NONE', #1753, #1460, #3013 ) ;
#1646 = CIRCLE ( 'NONE', #3999, 11.25000000000000000 ) ;
#1647 = DIRECTION ( 'NONE',  ( 0.000000000000000000, 0.000000000000000000, -1.000000000000000000 ) ) ;
#1648 = DIRECTION ( 'NONE',  ( -1.000000000000000000, 0.000000000000000000, 0.000000000000000000 ) ) ;
#1649 = DIRECTION ( 'NONE',  ( -1.000000000000000000, 0.000000000000000000, 0.000000000000000000 ) ) ;
#1650 = ORIENTED_EDGE ( 'NONE', *, *, #3339, .T. ) ;
#1651 = ORIENTED_EDGE ( 'NONE', *, *, #1052, .T. ) ;
#1652 = CARTESIAN_POINT ( 'NONE',  ( -0.9489696194606240809, -11.81808510325407902, -9.500000000000000000 ) ) ;
#1653 = ORIENTED_EDGE ( 'NONE', *, *, #336, .T. ) ;
#1654 = DIRECTION ( 'NONE',  ( 0.000000000000000000, 0.000000000000000000, -1.000000000000000000 ) ) ;
#1655 = PLANE ( 'NONE',  #4014 ) ;
#1656 = AXIS2_PLACEMENT_3D ( 'NONE', #3005, #1684, #3934 ) ;
#1657 = FACE_BOUND ( 'NONE', #263, .T. ) ;
#1658 = AXIS2_PLACEMENT_3D ( 'NONE', #3010, #134, #1041 ) ;
#1659 = EDGE_LOOP ( 'NONE', ( #278, #1612, #3170, #1578 ) ) ;
#1660 = DIRECTION ( 'NONE',  ( -1.000000000000000000, 0.000000000000000000, 0.000000000000000000 ) ) ;
#1661 = ORIENTED_EDGE ( 'NONE', *, *, #3401, .F. ) ;
#1662 = VECTOR ( 'NONE', #3629, 1000.000000000000000 ) ;
#1663 = DIRECTION ( 'NONE',  ( -1.000000000000000000, 0.000000000000000000, 0.000000000000000000 ) ) ;
#1664 = CARTESIAN_POINT ( 'NONE',  ( 0.000000000000000000, 0.000000000000000000, 31.39999999999999858 ) ) ;
#1665 = EDGE_CURVE ( 'NONE', #1097, #116, #1140, .T. ) ;
#1666 = ORIENTED_EDGE ( 'NONE', *, *, #2886, .T. ) ;
#1667 = ORIENTED_EDGE ( 'NONE', *, *, #3145, .F. ) ;
#1668 = DIRECTION ( 'NONE',  ( 1.000000000000000000, 0.000000000000000000, 0.000000000000000000 ) ) ;
#1669 = ORIENTED_EDGE ( 'NONE', *, *, #2639, .T. ) ;
#1670 = CARTESIAN_POINT ( 'NONE',  ( 2.768244914684924840, -11.67709877494909954, 0.5000000000000000000 ) ) ;
#1671 = EDGE_CURVE ( 'NONE', #199, #1894, #2029, .T. ) ;
#1672 = LINE ( 'NONE', #3623, #2491 ) ;
#1673 = EDGE_CURVE ( 'NONE', #2694, #962, #2690, .T. ) ;
#1674 = CARTESIAN_POINT ( 'NONE',  ( -0.6500000000000000222, 11.96354363695471967, -9.500000000000000000 ) ) ;
#1675 = CARTESIAN_POINT ( 'NONE',  ( -1.444605166093860138, 11.81808510325407902, -9.500000000000000000 ) ) ;
#1676 = CARTESIAN_POINT ( 'NONE',  ( 12.33358529415845162, -12.41557167942169571, 1.733013392226507188 ) ) ;
#1677 = VERTEX_POINT ( 'NONE', #3001 ) ;
#1678 = EDGE_LOOP ( 'NONE', ( #363, #652, #1685, #12 ) ) ;
#1679 = CARTESIAN_POINT ( 'NONE',  ( 2.997719311615589799, -12.39113063778549950, 0.000000000000000000 ) ) ;
#1680 = DIRECTION ( 'NONE',  ( 0.000000000000000000, 0.000000000000000000, -1.000000000000000000 ) ) ;
#1681 = DIRECTION ( 'NONE',  ( 0.000000000000000000, 0.000000000000000000, 1.000000000000000000 ) ) ;
#1682 = EDGE_CURVE ( 'NONE', #664, #3426, #143, .T. ) ;
#1683 = ORIENTED_EDGE ( 'NONE', *, *, #1142, .T. ) ;
#1684 = DIRECTION ( 'NONE',  ( 0.000000000000000000, 0.000000000000000000, 1.000000000000000000 ) ) ;
#1685 = ORIENTED_EDGE ( 'NONE', *, *, #1766, .T. ) ;
#1686 = LINE ( 'NONE', #2327, #3320 ) ;
#1687 = EDGE_CURVE ( 'NONE', #3333, #3633, #1344, .T. ) ;
#1688 = VERTEX_POINT ( 'NONE', #406 ) ;
#1689 = LINE ( 'NONE', #1332, #973 ) ;
#1690 = DIRECTION ( 'NONE',  ( 0.000000000000000000, 0.000000000000000000, 1.000000000000000000 ) ) ;
#1691 = VECTOR ( 'NONE', #2182, 1000.000000000000000 ) ;
#1692 = EDGE_CURVE ( 'NONE', #1432, #3021, #56, .T. ) ;
#1693 = CYLINDRICAL_SURFACE ( 'NONE', #979, 0.6500000000000001332 ) ;
#1694 = EDGE_CURVE ( 'NONE', #3135, #2080, #2225, .T. ) ;
#1695 = ADVANCED_FACE ( 'NONE', ( #1364 ), #2006, .T. ) ;
#1696 = ORIENTED_EDGE ( 'NONE', *, *, #2818, .F. ) ;
#1697 = ORIENTED_EDGE ( 'NONE', *, *, #2571, .F. ) ;
#1698 = DIRECTION ( 'NONE',  ( 0.000000000000000000, 0.000000000000000000, -1.000000000000000000 ) ) ;
#1699 = VECTOR ( 'NONE', #3138, 1000.000000000000000 ) ;
#1700 = DIRECTION ( 'NONE',  ( -1.000000000000000000, 0.000000000000000000, 0.000000000000000000 ) ) ;
#1701 = DIRECTION ( 'NONE',  ( -1.000000000000000000, 0.000000000000000000, 0.000000000000000000 ) ) ;
#1702 = ORIENTED_EDGE ( 'NONE', *, *, #2649, .T. ) ;
#1703 = ORIENTED_EDGE ( 'NONE', *, *, #1713, .T. ) ;
#1704 = CYLINDRICAL_SURFACE ( 'NONE', #2000, 11.09999999999999964 ) ;
#1705 = ORIENTED_EDGE ( 'NONE', *, *, #336, .F. ) ;
#1706 = VECTOR ( 'NONE', #1328, 1000.000000000000000 ) ;
#1707 = EDGE_CURVE ( 'NONE', #442, #1750, #447, .T. ) ;
#1708 = AXIS2_PLACEMENT_3D ( 'NONE', #4013, #1130, #3710 ) ;
#1709 = ORIENTED_EDGE ( 'NONE', *, *, #2831, .T. ) ;
#1710 = ORIENTED_EDGE ( 'NONE', *, *, #2824, .T. ) ;
#1711 = CARTESIAN_POINT ( 'NONE',  ( -12.33332060562947241, 12.41583540899844706, 3.267498816372229165 ) ) ;
#1712 = DIRECTION ( 'NONE',  ( 0.000000000000000000, 0.000000000000000000, -1.000000000000000000 ) ) ;
#1713 = EDGE_CURVE ( 'NONE', #2328, #738, #1547, .T. ) ;
#1714 = CIRCLE ( 'NONE', #1850, 12.74999999998976108 ) ;
#1715 = CIRCLE ( 'NONE', #909, 0.7499999999948758767 ) ;
#1716 = DIRECTION ( 'NONE',  ( 0.000000000000000000, 0.000000000000000000, -1.000000000000000000 ) ) ;
#1717 = CARTESIAN_POINT ( 'NONE',  ( 7.596435328790731134, 6.505511545138020324, 1.250125356575732205 ) ) ;
#1718 = AXIS2_PLACEMENT_3D ( 'NONE', #3569, #3281, #3936 ) ;
#1719 = ORIENTED_EDGE ( 'NONE', *, *, #1403, .T. ) ;
#1720 = EDGE_LOOP ( 'NONE', ( #1294, #3814, #298, #3227 ) ) ;
#1721 = LINE ( 'NONE', #2908, #3462 ) ;
#1722 = DIRECTION ( 'NONE',  ( 1.000000000000000000, 0.000000000000000000, 0.000000000000000000 ) ) ;
#1723 = CARTESIAN_POINT ( 'NONE',  ( 3.703854984147879836, 11.41409033853683930, 0.5000000000000000000 ) ) ;
#1724 = AXIS2_PLACEMENT_3D ( 'NONE', #1095, #2381, #2941 ) ;
#1725 = AXIS2_PLACEMENT_3D ( 'NONE', #1591, #1608, #1949 ) ;
#1726 = VERTEX_POINT ( 'NONE', #3019 ) ;
#1727 = EDGE_LOOP ( 'NONE', ( #1176, #4070, #1938, #3050 ) ) ;
#1728 = DIRECTION ( 'NONE',  ( 1.000000000000000000, 0.000000000000000000, 0.000000000000000000 ) ) ;
#1729 = EDGE_LOOP ( 'NONE', ( #1852, #1734 ) ) ;
#1730 = ORIENTED_EDGE ( 'NONE', *, *, #2161, .F. ) ;
#1731 = FACE_OUTER_BOUND ( 'NONE', #806, .T. ) ;
#1732 = ORIENTED_EDGE ( 'NONE', *, *, #713, .F. ) ;
#1733 = CARTESIAN_POINT ( 'NONE',  ( 13.21091494098737229, 11.47820679603753113, 3.749859554138607276 ) ) ;
#1734 = ORIENTED_EDGE ( 'NONE', *, *, #1128, .F. ) ;
#1735 = DIRECTION ( 'NONE',  ( 1.000000000000000000, 0.000000000000000000, 0.000000000000000000 ) ) ;
#1736 = B_SPLINE_CURVE_WITH_KNOTS ( 'NONE', 3,
 ( #3474, #654, #1933, #1214, #3208, #900, #2873, #2522, #2281, #4159, #608, #1278, #2253, #2564, #1888, #961, #1611, #3540 ),
 .UNSPECIFIED., .F., .F.,
 ( 4, 2, 2, 2, 2, 2, 2, 2, 4 ),
 ( 0.000000000000000000, 0.1249999999999996392, 0.2499999999999993894, 0.3749999999999991118, 0.4999999999999993339, 0.6249999999999995559, 0.7499999999999996669, 0.8749999999999998890, 1.000000000000000000 ),
 .UNSPECIFIED. ) ;
#1737 = CARTESIAN_POINT ( 'NONE',  ( 8.255962153397540249, 5.642613660500550132, 2.500000000000000000 ) ) ;
#1738 = FACE_OUTER_BOUND ( 'NONE', #1346, .T. ) ;
#1739 = EDGE_LOOP ( 'NONE', ( #251, #3235, #2065, #3317 ) ) ;
#1740 = ORIENTED_EDGE ( 'NONE', *, *, #76, .F. ) ;
#1741 = CARTESIAN_POINT ( 'NONE',  ( 12.41557167940505124, 12.33358529417542826, 1.733013392236416816 ) ) ;
#1742 = DIRECTION ( 'NONE',  ( -1.000000000000000000, 0.000000000000000000, 0.000000000000000000 ) ) ;
#1743 = CARTESIAN_POINT ( 'NONE',  ( 5.000000000000000000, 19.26161986957485084, 31.39999999999999858 ) ) ;
#1744 = EDGE_LOOP ( 'NONE', ( #947, #2712, #2318, #283 ) ) ;
#1745 = CARTESIAN_POINT ( 'NONE',  ( -3.934909417159685674, -12.12612582124429927, 0.5000000000000000000 ) ) ;
#1746 = ORIENTED_EDGE ( 'NONE', *, *, #3594, .T. ) ;
#1747 = AXIS2_PLACEMENT_3D ( 'NONE', #3636, #304, #3007 ) ;
#1748 = VECTOR ( 'NONE', #218, 1000.000000000000000 ) ;
#1749 = ADVANCED_FACE ( 'NONE', ( #2710 ), #1009, .F. ) ;
#1750 = VERTEX_POINT ( 'NONE', #1443 ) ;
#1751 = DIRECTION ( 'NONE',  ( 0.000000000000000000, 0.000000000000000000, 1.000000000000000000 ) ) ;
#1752 = CARTESIAN_POINT ( 'NONE',  ( 13.79869187621294557, 10.76336961268817127, 3.130971486642904367 ) ) ;
#1753 = CARTESIAN_POINT ( 'NONE',  ( 18.22189017612680217, 3.029553570466559709, 40.39999999999999858 ) ) ;
#1754 = FACE_BOUND ( 'NONE', #2794, .T. ) ;
#1755 = DIRECTION ( 'NONE',  ( 0.000000000000000000, 0.000000000000000000, -1.000000000000000000 ) ) ;
#1756 = EDGE_CURVE ( 'NONE', #3658, #3563, #878, .T. ) ;
#1757 = ORIENTED_EDGE ( 'NONE', *, *, #3504, .T. ) ;
#1758 = CARTESIAN_POINT ( 'NONE',  ( -11.09999999999999964, 1.359357947053562156E-15, 29.39999999999999858 ) ) ;
#1759 = DIRECTION ( 'NONE',  ( 0.000000000000000000, 0.000000000000000000, 1.000000000000000000 ) ) ;
#1760 = DIRECTION ( 'NONE',  ( 0.000000000000000000, 0.000000000000000000, -1.000000000000000000 ) ) ;
#1761 = EDGE_CURVE ( 'NONE', #3243, #2687, #3478, .T. ) ;
#1762 = EDGE_CURVE ( 'NONE', #698, #1102, #2558, .T. ) ;
#1763 = ORIENTED_EDGE ( 'NONE', *, *, #3003, .F. ) ;
#1764 = CARTESIAN_POINT ( 'NONE',  ( 6.036697746418115962, -7.973209402307423588, 1.499584465470249484 ) ) ;
#1765 = VERTEX_POINT ( 'NONE', #185 ) ;
#1766 = EDGE_CURVE ( 'NONE', #844, #52, #3403, .T. ) ;
#1767 = DIRECTION ( 'NONE',  ( 1.000000000000000000, 0.000000000000000000, 0.000000000000000000 ) ) ;
#1768 = VERTEX_POINT ( 'NONE', #3032 ) ;
#1769 = EDGE_CURVE ( 'NONE', #2915, #3167, #833, .T. ) ;
#1770 = DIRECTION ( 'NONE',  ( 0.000000000000000000, 1.000000000000000000, 0.000000000000000000 ) ) ;
#1771 = DIRECTION ( 'NONE',  ( 1.000000000000000000, 0.000000000000000000, 0.000000000000000000 ) ) ;
#1772 = ORIENTED_EDGE ( 'NONE', *, *, #4081, .T. ) ;
#1773 = PLANE ( 'NONE',  #849 ) ;
#1774 = FACE_OUTER_BOUND ( 'NONE', #789, .T. ) ;
#1775 = CARTESIAN_POINT ( 'NONE',  ( -6.718417738475444878, -7.407225534657919219, 1.866669076313467679 ) ) ;
#1776 = AXIS2_PLACEMENT_3D ( 'NONE', #1428, #2362, #1701 ) ;
#1777 = CARTESIAN_POINT ( 'NONE',  ( 12.57971240656390854, 12.16612436658805052, 1.498891517284403951 ) ) ;
#1778 = CARTESIAN_POINT ( 'NONE',  ( 7.090839638837447723, -7.052905605832821223, 3.591228151395281731 ) ) ;
#1779 = CARTESIAN_POINT ( 'NONE',  ( 7.514084110933420213, -6.598374040157000131, 2.500000000000000000 ) ) ;
#1780 = VECTOR ( 'NONE', #1396, 1000.000000000000000 ) ;
#1781 = AXIS2_PLACEMENT_3D ( 'NONE', #300, #2858, #1580 ) ;
#1782 = VECTOR ( 'NONE', #2271, 1000.000000000000000 ) ;
#1783 = AXIS2_PLACEMENT_3D ( 'NONE', #3802, #2876, #3865 ) ;
#1784 = VERTEX_POINT ( 'NONE', #2149 ) ;
#1785 = CARTESIAN_POINT ( 'NONE',  ( 18.22189017612680217, 1.110948596716720083, 30.39999999999999858 ) ) ;
#1786 = ORIENTED_EDGE ( 'NONE', *, *, #2117, .T. ) ;
#1787 = EDGE_CURVE ( 'NONE', #565, #1267, #880, .T. ) ;
#1788 = CARTESIAN_POINT ( 'NONE',  ( 2.943322721851640011, 12.40685494837871872, 0.000000000000000000 ) ) ;
#1789 = AXIS2_PLACEMENT_3D ( 'NONE', #825, #489, #229 ) ;
#1790 = VECTOR ( 'NONE', #1068, 1000.000000000000000 ) ;
#1791 = ORIENTED_EDGE ( 'NONE', *, *, #2447, .F. ) ;
#1792 = PLANE ( 'NONE',  #3846 ) ;
#1793 = DIRECTION ( 'NONE',  ( -1.000000000000000000, 0.000000000000000000, 0.000000000000000000 ) ) ;
#1794 = VECTOR ( 'NONE', #2981, 1000.000000000000000 ) ;
#1795 = CARTESIAN_POINT ( 'NONE',  ( 5.000000000000000000, 26.50000000000000000, 33.39999999999999858 ) ) ;
#1796 = EDGE_CURVE ( 'NONE', #145, #792, #3052, .T. ) ;
#1797 = AXIS2_PLACEMENT_3D ( 'NONE', #1418, #3871, #2291 ) ;
#1798 = CARTESIAN_POINT ( 'NONE',  ( 6.717826010999583985, 7.407758576358805414, 3.131797863498562595 ) ) ;
#1799 = DIRECTION ( 'NONE',  ( 0.000000000000000000, 0.000000000000000000, -1.000000000000000000 ) ) ;
#1800 = EDGE_CURVE ( 'NONE', #2812, #864, #1844, .T. ) ;
#1801 = DIRECTION ( 'NONE',  ( 0.000000000000000000, 0.000000000000000000, -1.000000000000000000 ) ) ;
#1802 = CARTESIAN_POINT ( 'NONE',  ( 5.848092695667062024, -8.112563170785088928, 3.266697368207416297 ) ) ;
#1803 = CARTESIAN_POINT ( 'NONE',  ( 17.00000000000000000, -7.999999999999739764, 31.39999999999999858 ) ) ;
#1804 = ORIENTED_EDGE ( 'NONE', *, *, #777, .T. ) ;
#1805 = ORIENTED_EDGE ( 'NONE', *, *, #3063, .T. ) ;
#1806 = CARTESIAN_POINT ( 'NONE',  ( -3.674736048336959993, 11.42349836849159850, 0.5000000000000000000 ) ) ;
#1807 = EDGE_LOOP ( 'NONE', ( #1117, #25 ) ) ;
#1808 = CYLINDRICAL_SURFACE ( 'NONE', #1047, 0.7485857864325601296 ) ;
#1809 = ORIENTED_EDGE ( 'NONE', *, *, #645, .T. ) ;
#1810 = CARTESIAN_POINT ( 'NONE',  ( 18.87189017612680075, 1.110948596716720083, 30.39999999999999858 ) ) ;
#1811 = CARTESIAN_POINT ( 'NONE',  ( -2.000000000000210054, -23.50000000000000000, 33.39999999999999858 ) ) ;
#1812 = CARTESIAN_POINT ( 'NONE',  ( -5.000000000000190070, -26.50000000000000000, 33.39999999999999858 ) ) ;
#1813 = AXIS2_PLACEMENT_3D ( 'NONE', #204, #224, #1530 ) ;
#1814 = EDGE_CURVE ( 'NONE', #1027, #1554, #3344, .T. ) ;
#1815 = CARTESIAN_POINT ( 'NONE',  ( 0.000000000000000000, 0.000000000000000000, 29.39999999999999858 ) ) ;
#1816 = FACE_OUTER_BOUND ( 'NONE', #739, .T. ) ;
#1817 = EDGE_CURVE ( 'NONE', #3539, #2151, #2731, .T. ) ;
#1818 = CARTESIAN_POINT ( 'NONE',  ( -6.598429497093476037, -7.514035412302352057, 2.333571278133197868 ) ) ;
#1819 = CARTESIAN_POINT ( 'NONE',  ( 2.000000000000000000, 26.50000000000000000, 33.39999999999999858 ) ) ;
#1820 = DIRECTION ( 'NONE',  ( 0.000000000000000000, -1.000000000000000000, 0.000000000000000000 ) ) ;
#1821 = ADVANCED_FACE ( 'NONE', ( #1129 ), #249, .T. ) ;
#1822 = CARTESIAN_POINT ( 'NONE',  ( 5.000000000000000000, 26.50000000000000000, 33.39999999999999858 ) ) ;
#1823 = B_SPLINE_CURVE_WITH_KNOTS ( 'NONE', 3,
 ( #3565, #2591, #3108, #3229, #3863, #572, #1936, #676, #964, #2256, #3523, #3211, #2158, #2822, #2302, #3414, #3885, #385 ),
 .UNSPECIFIED., .F., .F.,
 ( 4, 2, 2, 2, 2, 2, 2, 2, 4 ),
 ( 0.000000000000000000, 0.1250000000000000000, 0.2500000000000000000, 0.3750000000000000000, 0.5000000000000000000, 0.6250000000000000000, 0.7500000000000000000, 0.8750000000000000000, 1.000000000000000000 ),
 .UNSPECIFIED. ) ;
#1824 = DIRECTION ( 'NONE',  ( 1.000000000000000000, 0.000000000000000000, 0.000000000000000000 ) ) ;
#1825 = ORIENTED_EDGE ( 'NONE', *, *, #3397, .T. ) ;
#1826 = ORIENTED_EDGE ( 'NONE', *, *, #3069, .F. ) ;
#1827 = DIRECTION ( 'NONE',  ( -1.000000000000000000, 0.000000000000000000, 0.000000000000000000 ) ) ;
#1828 = ORIENTED_EDGE ( 'NONE', *, *, #1931, .F. ) ;
#1829 = APPLICATION_CONTEXT ( 'automotive_design' ) ;
#1830 = ADVANCED_FACE ( 'NONE', ( #2420 ), #1110, .F. ) ;
#1831 = DIRECTION ( 'NONE',  ( 1.000000000000000000, 0.000000000000000000, 0.000000000000000000 ) ) ;
#1832 = VERTEX_POINT ( 'NONE', #1191 ) ;
#1833 = CARTESIAN_POINT ( 'NONE',  ( -10.63774392827155957, 13.89562535895817952, 2.499999999999490186 ) ) ;
#1834 = VECTOR ( 'NONE', #3093, 1000.000000000000000 ) ;
#1835 = CARTESIAN_POINT ( 'NONE',  ( 18.22189017612680217, -4.672274967014939939, 40.39999999999999858 ) ) ;
#1836 = DIRECTION ( 'NONE',  ( 0.000000000000000000, 0.000000000000000000, 1.000000000000000000 ) ) ;
#1837 = EDGE_LOOP ( 'NONE', ( #189, #1666, #2815, #2237, #2316, #943, #1598, #1382 ) ) ;
#1838 = PLANE ( 'NONE',  #138 ) ;
#1839 = DIRECTION ( 'NONE',  ( 0.000000000000000000, 0.000000000000000000, -1.000000000000000000 ) ) ;
#1840 = ADVANCED_FACE ( 'NONE', ( #2107 ), #3364, .T. ) ;
#1841 = CARTESIAN_POINT ( 'NONE',  ( 19.94999999999999929, 2.443170364298969834E-15, 10.00000000000000000 ) ) ;
#1842 = DIRECTION ( 'NONE',  ( -6.938893903907229955E-15, -1.000000000000000000, 0.000000000000000000 ) ) ;
#1843 = VECTOR ( 'NONE', #1138, 1000.000000000000000 ) ;
#1844 = LINE ( 'NONE', #3119, #751 ) ;
#1845 = DIRECTION ( 'NONE',  ( 1.000000000000000000, 0.000000000000000000, 0.000000000000000000 ) ) ;
#1846 = VERTEX_POINT ( 'NONE', #650 ) ;
#1847 = CIRCLE ( 'NONE', #2592, 20.00000000000000000 ) ;
#1848 = ADVANCED_FACE ( 'NONE', ( #3832 ), #957, .F. ) ;
#1849 = EDGE_LOOP ( 'NONE', ( #779, #2521, #1651, #1990 ) ) ;
#1850 = AXIS2_PLACEMENT_3D ( 'NONE', #178, #2476, #873 ) ;
#1851 = DIRECTION ( 'NONE',  ( 0.000000000000000000, 0.000000000000000000, 1.000000000000000000 ) ) ;
#1852 = ORIENTED_EDGE ( 'NONE', *, *, #3134, .F. ) ;
#1853 = VECTOR ( 'NONE', #2968, 1000.000000000000000 ) ;
#1854 = DIRECTION ( 'NONE',  ( 0.000000000000000000, 0.000000000000000000, -1.000000000000000000 ) ) ;
#1855 = AXIS2_PLACEMENT_3D ( 'NONE', #3411, #2775, #3104 ) ;
#1856 = AXIS2_PLACEMENT_3D ( 'NONE', #1501, #3707, #3114 ) ;
#1857 = ORIENTED_EDGE ( 'NONE', *, *, #1796, .F. ) ;
#1858 = CARTESIAN_POINT ( 'NONE',  ( -10.83502908088230221, 13.74285058250465141, 1.733196819631689811 ) ) ;
#1859 = CARTESIAN_POINT ( 'NONE',  ( -3.903973979560090068, 12.13612074432424137, 0.000000000000000000 ) ) ;
#1860 = CARTESIAN_POINT ( 'NONE',  ( 1.444605166093860138, -11.81808510325407902, -9.500000000000000000 ) ) ;
#1861 = CIRCLE ( 'NONE', #4004, 19.90000000000000213 ) ;
#1862 = PRESENTATION_LAYER_ASSIGNMENT (  '', '', ( #2734 ) ) ;
#1863 = ORIENTED_EDGE ( 'NONE', *, *, #2943, .F. ) ;
#1864 = DIRECTION ( 'NONE',  ( 1.000000000000000000, 0.000000000000000000, 0.000000000000000000 ) ) ;
#1865 = CARTESIAN_POINT ( 'NONE',  ( 0.000000000000000000, 0.000000000000000000, 6.000000000000000000 ) ) ;
#1866 = CARTESIAN_POINT ( 'NONE',  ( -7.514084110933380245, 6.598374040157059639, 2.500000000000000000 ) ) ;
#1867 = CARTESIAN_POINT ( 'NONE',  ( 18.22189017612680217, 3.029553570466559709, 40.39999999999999858 ) ) ;
#1868 = AXIS2_PLACEMENT_3D ( 'NONE', #425, #1031, #780 ) ;
#1869 = LINE ( 'NONE', #4117, #2784 ) ;
#1870 = VERTEX_POINT ( 'NONE', #2499 ) ;
#1871 = DIRECTION ( 'NONE',  ( -0.6630352452962220422, 0.7485881801731700813, 0.000000000000000000 ) ) ;
#1872 = ORIENTED_EDGE ( 'NONE', *, *, #3206, .F. ) ;
#1873 = DIRECTION ( 'NONE',  ( 1.000000000000000000, 0.000000000000000000, 0.000000000000000000 ) ) ;
#1874 = CARTESIAN_POINT ( 'NONE',  ( 0.000000000000000000, 0.000000000000000000, 6.000000000000000000 ) ) ;
#1875 = VERTEX_POINT ( 'NONE', #2 ) ;
#1876 = CARTESIAN_POINT ( 'NONE',  ( -11.01853165930683787, 13.59616701094343760, 1.498684315932550470 ) ) ;
#1877 = EDGE_CURVE ( 'NONE', #128, #3954, #3204, .T. ) ;
#1878 = CARTESIAN_POINT ( 'NONE',  ( 18.87189017612680075, 3.029553570466559709, 30.39999999999999858 ) ) ;
#1879 = ORIENTED_EDGE ( 'NONE', *, *, #1924, .T. ) ;
#1880 = CARTESIAN_POINT ( 'NONE',  ( 18.87189017612680075, 3.029553570466559709, 40.39999999999999858 ) ) ;
#1881 = VECTOR ( 'NONE', #3248, 1000.000000000000000 ) ;
#1882 = LINE ( 'NONE', #3767, #2460 ) ;
#1883 = CARTESIAN_POINT ( 'NONE',  ( -7.346673967911457659, 6.785291985992729202, 3.267058768143516811 ) ) ;
#1884 = CARTESIAN_POINT ( 'NONE',  ( -2.613903504973119851, -10.94357483968750167, 0.000000000000000000 ) ) ;
#1885 = FACE_OUTER_BOUND ( 'NONE', #3457, .T. ) ;
#1886 = DIRECTION ( 'NONE',  ( 0.000000000000000000, 0.000000000000000000, -1.000000000000000000 ) ) ;
#1887 = VERTEX_POINT ( 'NONE', #4156 ) ;
#1888 = CARTESIAN_POINT ( 'NONE',  ( -7.407225534657308152, 6.718417738476126999, 1.866669076317399645 ) ) ;
#1889 = ORIENTED_EDGE ( 'NONE', *, *, #662, .F. ) ;
#1890 = CARTESIAN_POINT ( 'NONE',  ( -12.27149909641008207, -12.53885201790048143, 2.500000000000000000 ) ) ;
#1891 = CIRCLE ( 'NONE', #281, 11.09999999999999964 ) ;
#1892 = EDGE_CURVE ( 'NONE', #326, #1982, #2798, .T. ) ;
#1893 = LINE ( 'NONE', #3147, #1381 ) ;
#1894 = VERTEX_POINT ( 'NONE', #1273 ) ;
#1895 = CARTESIAN_POINT ( 'NONE',  ( -20.00000000000000000, 2.449293598294704935E-15, 29.39999999999999858 ) ) ;
#1896 = FACE_OUTER_BOUND ( 'NONE', #3186, .T. ) ;
#1897 = VECTOR ( 'NONE', #2215, 1000.000000000000000 ) ;
#1898 = EDGE_CURVE ( 'NONE', #3695, #1899, #1569, .T. ) ;
#1899 = VERTEX_POINT ( 'NONE', #2228 ) ;
#1900 = CARTESIAN_POINT ( 'NONE',  ( 18.22189017612680217, -4.672274967014939939, 40.39999999999999858 ) ) ;
#1901 = CARTESIAN_POINT ( 'NONE',  ( -0.0009999999999594510764, -0.0009999999999594538953, 0.5000000000000000000 ) ) ;
#1902 = FACE_OUTER_BOUND ( 'NONE', #1361, .T. ) ;
#1903 = CARTESIAN_POINT ( 'NONE',  ( 5.000000000000000000, 15.00000000000000000, 33.39999999999999858 ) ) ;
#1904 = DIRECTION ( 'NONE',  ( -1.000000000000000000, 0.000000000000000000, 0.000000000000000000 ) ) ;
#1905 = EDGE_CURVE ( 'NONE', #3338, #347, #1525, .T. ) ;
#1906 = CYLINDRICAL_SURFACE ( 'NONE', #2360, 0.7499999999948772089 ) ;
#1907 = VECTOR ( 'NONE', #259, 1000.000000000000000 ) ;
#1908 = CARTESIAN_POINT ( 'NONE',  ( -13.21091494098748598, -11.47820679603739791, 3.749859554138596618 ) ) ;
#1909 = ORIENTED_EDGE ( 'NONE', *, *, #211, .T. ) ;
#1910 = AXIS2_PLACEMENT_3D ( 'NONE', #427, #470, #59 ) ;
#1911 = CARTESIAN_POINT ( 'NONE',  ( 11.60311679268400020, -13.10029315303039965, 2.500000000000000000 ) ) ;
#1912 = EDGE_LOOP ( 'NONE', ( #3932, #1071, #1308, #3817, #2853, #1425 ) ) ;
#1913 = CARTESIAN_POINT ( 'NONE',  ( -2.248969619460625236, -11.81808510325407902, -9.500000000000000000 ) ) ;
#1914 = CIRCLE ( 'NONE', #98, 0.7499999999948749885 ) ;
#1915 = CARTESIAN_POINT ( 'NONE',  ( -0.9489696194606240809, -11.81808510325407902, -9.500000000000000000 ) ) ;
#1916 = VECTOR ( 'NONE', #3418, 1000.000000000000000 ) ;
#1917 = VERTEX_POINT ( 'NONE', #1884 ) ;
#1918 = VECTOR ( 'NONE', #772, 1000.000000000000000 ) ;
#1919 = CARTESIAN_POINT ( 'NONE',  ( -7.052905605847413995, -7.090839638822489910, 3.591228151401216540 ) ) ;
#1920 = CARTESIAN_POINT ( 'NONE',  ( 1.999999999999814815, -26.50000000000000000, 33.39999999999999858 ) ) ;
#1921 = AXIS2_PLACEMENT_3D ( 'NONE', #930, #3484, #616 ) ;
#1922 = VECTOR ( 'NONE', #1799, 1000.000000000000000 ) ;
#1923 = EDGE_LOOP ( 'NONE', ( #710, #3956, #2838, #3290 ) ) ;
#1924 = EDGE_CURVE ( 'NONE', #2694, #2720, #3801, .T. ) ;
#1925 = DIRECTION ( 'NONE',  ( 1.000000000000000000, 0.000000000000000000, 0.000000000000000000 ) ) ;
#1926 = DIRECTION ( 'NONE',  ( 0.000000000000000000, 0.000000000000000000, -1.000000000000000000 ) ) ;
#1927 = LINE ( 'NONE', #3203, #3489 ) ;
#1928 = DIRECTION ( 'NONE',  ( 0.000000000000000000, 0.000000000000000000, -1.000000000000000000 ) ) ;
#1929 = DIRECTION ( 'NONE',  ( 0.000000000000000000, 0.000000000000000000, 1.000000000000000000 ) ) ;
#1930 = ADVANCED_FACE ( 'NONE', ( #937 ), #2561, .T. ) ;
#1931 = EDGE_CURVE ( 'NONE', #2697, #1726, #246, .T. ) ;
#1932 = ORIENTED_EDGE ( 'NONE', *, *, #1030, .F. ) ;
#1933 = CARTESIAN_POINT ( 'NONE',  ( -5.669209875266327359, 8.237967907671785994, 2.174552929813967417 ) ) ;
#1934 = ORIENTED_EDGE ( 'NONE', *, *, #1769, .T. ) ;
#1935 = DIRECTION ( 'NONE',  ( 1.000000000000000000, 0.000000000000000000, 0.000000000000000000 ) ) ;
#1936 = CARTESIAN_POINT ( 'NONE',  ( 11.12240593104066910, -13.51168198289957445, 3.590764914485910619 ) ) ;
#1937 = LINE ( 'NONE', #991, #1113 ) ;
#1938 = ORIENTED_EDGE ( 'NONE', *, *, #1436, .F. ) ;
#1939 = CARTESIAN_POINT ( 'NONE',  ( 1.999999999999814815, 23.50000000000000000, 31.39999999999999858 ) ) ;
#1940 = LINE ( 'NONE', #1619, #1179 ) ;
#1941 = EDGE_CURVE ( 'NONE', #607, #738, #2542, .T. ) ;
#1942 = EDGE_LOOP ( 'NONE', ( #1772, #1483, #2223, #3516 ) ) ;
#1943 = LINE ( 'NONE', #1018, #908 ) ;
#1944 = CARTESIAN_POINT ( 'NONE',  ( -17.50000000000000000, 0.000000000000000000, 5.000000000000000000 ) ) ;
#1945 = CARTESIAN_POINT ( 'NONE',  ( 5.000000000000000000, 26.50000000000000000, 31.39999999999999858 ) ) ;
#1946 = ORIENTED_EDGE ( 'NONE', *, *, #34, .T. ) ;
#1947 = EDGE_CURVE ( 'NONE', #3954, #2075, #179, .T. ) ;
#1948 = EDGE_CURVE ( 'NONE', #347, #3338, #1119, .T. ) ;
#1949 = DIRECTION ( 'NONE',  ( 1.000000000000000000, 0.000000000000000000, 0.000000000000000000 ) ) ;
#1950 = CYLINDRICAL_SURFACE ( 'NONE', #2057, 0.7499999999948758767 ) ;
#1951 = AXIS2_PLACEMENT_3D ( 'NONE', #2607, #1251, #936 ) ;
#1952 = ORIENTED_EDGE ( 'NONE', *, *, #3176, .T. ) ;
#1953 = EDGE_CURVE ( 'NONE', #992, #2348, #3454, .T. ) ;
#1954 = DIRECTION ( 'NONE',  ( 0.000000000000000000, 0.000000000000000000, -1.000000000000000000 ) ) ;
#1955 = ADVANCED_FACE ( 'NONE', ( #2209 ), #3223, .F. ) ;
#1956 = ORIENTED_EDGE ( 'NONE', *, *, #157, .T. ) ;
#1957 = CARTESIAN_POINT ( 'NONE',  ( 0.000000000000000000, 0.000000000000000000, 29.39999999999999858 ) ) ;
#1958 = LINE ( 'NONE', #1260, #4151 ) ;
#1959 = DIRECTION ( 'NONE',  ( -1.000000000000000000, 0.000000000000000000, 0.000000000000000000 ) ) ;
#1960 = DIRECTION ( 'NONE',  ( 0.000000000000000000, 0.000000000000000000, 1.000000000000000000 ) ) ;
#1961 = EDGE_LOOP ( 'NONE', ( #830, #388, #1078, #381 ) ) ;
#1962 = DIRECTION ( 'NONE',  ( 0.000000000000000000, 0.000000000000000000, -1.000000000000000000 ) ) ;
#1963 = PLANE ( 'NONE',  #858 ) ;
#1964 = EDGE_LOOP ( 'NONE', ( #694, #704, #2980, #1215 ) ) ;
#1965 = DIRECTION ( 'NONE',  ( 0.000000000000000000, 0.000000000000000000, -1.000000000000000000 ) ) ;
#1966 = VERTEX_POINT ( 'NONE', #3770 ) ;
#1967 = CARTESIAN_POINT ( 'NONE',  ( 5.000000000000000000, 15.00000000000000000, 31.39999999999999858 ) ) ;
#1968 = CARTESIAN_POINT ( 'NONE',  ( 0.9489696194606240809, 11.81808510325407902, -9.500000000000000000 ) ) ;
#1969 = EDGE_LOOP ( 'NONE', ( #1441, #1604, #3974, #1223 ) ) ;
#1970 = EDGE_CURVE ( 'NONE', #3617, #2601, #2605, .T. ) ;
#1971 = DIRECTION ( 'NONE',  ( 0.000000000000000000, 0.000000000000000000, 1.000000000000000000 ) ) ;
#1972 = DIRECTION ( 'NONE',  ( 1.000000000000000000, 0.000000000000000000, 0.000000000000000000 ) ) ;
#1973 = CARTESIAN_POINT ( 'NONE',  ( 7.267293080610333078, 6.870946908604432579, 1.281702279636968145 ) ) ;
#1974 = EDGE_LOOP ( 'NONE', ( #1703, #3606, #89, #1032 ) ) ;
#1975 = ORIENTED_EDGE ( 'NONE', *, *, #1588, .T. ) ;
#1976 = DIRECTION ( 'NONE',  ( 1.000000000000000000, 0.000000000000000000, 0.000000000000000000 ) ) ;
#1977 = VERTEX_POINT ( 'NONE', #3139 ) ;
#1978 = DIRECTION ( 'NONE',  ( 1.508455196501569950E-16, -1.000000000000000000, 0.000000000000000000 ) ) ;
#1979 = CYLINDRICAL_SURFACE ( 'NONE', #2206, 0.6500000000000012434 ) ;
#1980 = CARTESIAN_POINT ( 'NONE',  ( 17.57189017612680004, 3.029553570466559709, 30.39999999999999858 ) ) ;
#1981 = ADVANCED_FACE ( 'NONE', ( #267 ), #1550, .T. ) ;
#1982 = VERTEX_POINT ( 'NONE', #119 ) ;
#1983 = CARTESIAN_POINT ( 'NONE',  ( -13.50000000000000000, 0.000000000000000000, 5.000000000000000000 ) ) ;
#1984 = ORIENTED_EDGE ( 'NONE', *, *, #993, .F. ) ;
#1985 = DIRECTION ( 'NONE',  ( -1.000000000000000000, 0.000000000000000000, 0.000000000000000000 ) ) ;
#1986 = VECTOR ( 'NONE', #1497, 1000.000000000000000 ) ;
#1987 = CARTESIAN_POINT ( 'NONE',  ( -0.0009999999999594510764, -0.0009999999999594538953, 0.5000000000000000000 ) ) ;
#1988 = EDGE_CURVE ( 'NONE', #116, #1097, #723, .T. ) ;
#1989 = VERTEX_POINT ( 'NONE', #3576 ) ;
#1990 = ORIENTED_EDGE ( 'NONE', *, *, #1272, .T. ) ;
#1991 = AXIS2_PLACEMENT_3D ( 'NONE', #2393, #3748, #2455 ) ;
#1992 = CARTESIAN_POINT ( 'NONE',  ( -11.60311679268389895, 13.10029315303047959, 2.500000000000000000 ) ) ;
#1993 = AXIS2_PLACEMENT_3D ( 'NONE', #212, #2757, #1493 ) ;
#1994 = DIRECTION ( 'NONE',  ( 0.000000000000000000, 0.000000000000000000, 1.000000000000000000 ) ) ;
#1995 = VECTOR ( 'NONE', #3574, 1000.000000000000000 ) ;
#1996 = CARTESIAN_POINT ( 'NONE',  ( -1.444605166093860138, 11.81808510325407902, -9.500000000000000000 ) ) ;
#1997 = LINE ( 'NONE', #2684, #389 ) ;
#1998 = CARTESIAN_POINT ( 'NONE',  ( 0.000000000000000000, 0.000000000000000000, 10.00000000000000000 ) ) ;
#1999 = EDGE_CURVE ( 'NONE', #3596, #3695, #2313, .T. ) ;
#2000 = AXIS2_PLACEMENT_3D ( 'NONE', #473, #3990, #2049 ) ;
#2001 = ORIENTED_EDGE ( 'NONE', *, *, #727, .T. ) ;
#2002 = AXIS2_PLACEMENT_3D ( 'NONE', #2355, #1971, #3625 ) ;
#2003 = ORIENTED_EDGE ( 'NONE', *, *, #211, .F. ) ;
#2004 = FACE_OUTER_BOUND ( 'NONE', #545, .T. ) ;
#2005 = ORIENTED_EDGE ( 'NONE', *, *, #2353, .F. ) ;
#2006 = CYLINDRICAL_SURFACE ( 'NONE', #3624, 11.25000000000000000 ) ;
#2007 = DIRECTION ( 'NONE',  ( 0.000000000000000000, 0.000000000000000000, 1.000000000000000000 ) ) ;
#2008 = VECTOR ( 'NONE', #1962, 1000.000000000000000 ) ;
#2009 = LINE ( 'NONE', #1111, #2252 ) ;
#2010 = UNCERTAINTY_MEASURE_WITH_UNIT (LENGTH_MEASURE( 1.000000000000000082E-05 ), #745, 'distance_accuracy_value', 'NONE');
#2011 = EDGE_CURVE ( 'NONE', #199, #116, #22, .T. ) ;
#2012 = ORIENTED_EDGE ( 'NONE', *, *, #168, .F. ) ;
#2013 = FACE_OUTER_BOUND ( 'NONE', #3778, .T. ) ;
#2014 = EDGE_LOOP ( 'NONE', ( #1617, #1016 ) ) ;
#2015 = FACE_OUTER_BOUND ( 'NONE', #1964, .T. ) ;
#2016 = DIRECTION ( 'NONE',  ( 1.000000000000000000, 0.000000000000000000, 0.000000000000000000 ) ) ;
#2017 = PRODUCT ( 'MOFLON_\X2\5f006e90\X0\A', 'MOFLON_\X2\5f006e90\X0\A', '', ( #1093 ) ) ;
#2018 = VERTEX_POINT ( 'NONE', #757 ) ;
#2019 = ADVANCED_FACE ( 'NONE', ( #3303 ), #373, .F. ) ;
#2020 = DIRECTION ( 'NONE',  ( 1.000000000000000000, 0.000000000000000000, 0.000000000000000000 ) ) ;
#2021 = ORIENTED_EDGE ( 'NONE', *, *, #562, .F. ) ;
#2022 = LINE ( 'NONE', #1967, #1853 ) ;
#2023 = DIRECTION ( 'NONE',  ( -1.000000000000000000, 0.000000000000000000, 0.000000000000000000 ) ) ;
#2024 = DIRECTION ( 'NONE',  ( 0.000000000000000000, 0.000000000000000000, 1.000000000000000000 ) ) ;
#2025 = ORIENTED_EDGE ( 'NONE', *, *, #1673, .T. ) ;
#2026 = CARTESIAN_POINT ( 'NONE',  ( 0.7946051660938600048, -11.81808510325407902, 0.5000000000000000000 ) ) ;
#2027 = DIRECTION ( 'NONE',  ( -1.000000000000000000, 0.000000000000000000, 0.000000000000000000 ) ) ;
#2028 = CARTESIAN_POINT ( 'NONE',  ( 0.000000000000000000, -11.96354363695471967, -9.500000000000000000 ) ) ;
#2029 = CIRCLE ( 'NONE', #3410, 13.50000000000000000 ) ;
#2030 = DIRECTION ( 'NONE',  ( 0.000000000000000000, 0.000000000000000000, 1.000000000000000000 ) ) ;
#2031 = EDGE_CURVE ( 'NONE', #455, #315, #3056, .T. ) ;
#2032 = EDGE_LOOP ( 'NONE', ( #402, #3506, #2889, #1088 ) ) ;
#2033 = CARTESIAN_POINT ( 'NONE',  ( 18.22189017612680217, 5.057793114144960356, 30.39999999999999858 ) ) ;
#2034 = EDGE_LOOP ( 'NONE', ( #1610, #3975, #1421, #3807 ) ) ;
#2035 = EDGE_CURVE ( 'NONE', #1295, #1452, #439, .T. ) ;
#2036 = ORIENTED_EDGE ( 'NONE', *, *, #3099, .F. ) ;
#2037 = ADVANCED_FACE ( 'NONE', ( #1317 ), #2373, .F. ) ;
#2038 = CARTESIAN_POINT ( 'NONE',  ( -12.39703525579045618, 12.35182562903040449, 3.133010599062637347 ) ) ;
#2039 = DIRECTION ( 'NONE',  ( 1.000000000000000000, 0.000000000000000000, 0.000000000000000000 ) ) ;
#2040 = DIRECTION ( 'NONE',  ( 0.000000000000000000, 0.000000000000000000, 1.000000000000000000 ) ) ;
#2041 = CARTESIAN_POINT ( 'NONE',  ( 0.000000000000000000, 0.000000000000000000, 0.5000000000000000000 ) ) ;
#2042 = ORIENTED_EDGE ( 'NONE', *, *, #3283, .T. ) ;
#2043 = ORIENTED_EDGE ( 'NONE', *, *, #3351, .T. ) ;
#2044 = CARTESIAN_POINT ( 'NONE',  ( 5.000000000001280753, 1.131341397376465865E-15, 31.39999999999999858 ) ) ;
#2045 = AXIS2_PLACEMENT_3D ( 'NONE', #1484, #2438, #4011 ) ;
#2046 = DIRECTION ( 'NONE',  ( 0.000000000000000000, 0.000000000000000000, -1.000000000000000000 ) ) ;
#2047 = CARTESIAN_POINT ( 'NONE',  ( 18.22189017612680217, 1.110948596716720083, 40.39999999999999858 ) ) ;
#2048 = ORIENTED_EDGE ( 'NONE', *, *, #3397, .F. ) ;
#2049 = DIRECTION ( 'NONE',  ( 1.000000000000000000, 0.000000000000000000, 0.000000000000000000 ) ) ;
#2050 = ORIENTED_EDGE ( 'NONE', *, *, #312, .T. ) ;
#2051 = CYLINDRICAL_SURFACE ( 'NONE', #1413, 0.6500000000000012434 ) ;
#2052 = AXIS2_PLACEMENT_3D ( 'NONE', #3376, #2430, #571 ) ;
#2053 = CIRCLE ( 'NONE', #1372, 0.6500000000000012434 ) ;
#2054 = ORIENTED_EDGE ( 'NONE', *, *, #2422, .F. ) ;
#2055 = CARTESIAN_POINT ( 'NONE',  ( 13.31491631904182427, 11.35722092409808148, 3.717984599510860022 ) ) ;
#2056 = CYLINDRICAL_SURFACE ( 'NONE', #103, 0.6500000000000000222 ) ;
#2057 = AXIS2_PLACEMENT_3D ( 'NONE', #4157, #3492, #2562 ) ;
#2058 = AXIS2_PLACEMENT_3D ( 'NONE', #2641, #2924, #2899 ) ;
#2059 = AXIS2_PLACEMENT_3D ( 'NONE', #1270, #2245, #954 ) ;
#2060 =( LENGTH_UNIT ( ) NAMED_UNIT ( * ) SI_UNIT ( .MILLI., .METRE. ) );
#2061 = CARTESIAN_POINT ( 'NONE',  ( 5.642613660500519934, -8.255962153397559788, 2.500000000000000000 ) ) ;
#2062 = AXIS2_PLACEMENT_3D ( 'NONE', #4125, #3132, #1560 ) ;
#2063 = ORIENTED_EDGE ( 'NONE', *, *, #1762, .T. ) ;
#2064 = AXIS2_PLACEMENT_3D ( 'NONE', #3323, #421, #1649 ) ;
#2065 = ORIENTED_EDGE ( 'NONE', *, *, #3663, .F. ) ;
#2066 = EDGE_CURVE ( 'NONE', #792, #1267, #1997, .T. ) ;
#2067 = DIRECTION ( 'NONE',  ( 1.000000000000000000, 0.000000000000000000, 0.000000000000000000 ) ) ;
#2068 = EDGE_CURVE ( 'NONE', #351, #52, #3528, .T. ) ;
#2069 = DIRECTION ( 'NONE',  ( 0.000000000000000000, 0.000000000000000000, -1.000000000000000000 ) ) ;
#2070 = LINE ( 'NONE', #486, #1576 ) ;
#2071 = VECTOR ( 'NONE', #2324, 1000.000000000000000 ) ;
#2072 = COLOUR_RGB ( '',0.7921568627450980005, 0.8196078431372548767, 0.9333333333333333481 ) ;
#2073 = ORIENTED_EDGE ( 'NONE', *, *, #1242, .F. ) ;
#2074 = DIRECTION ( 'NONE',  ( 0.000000000000000000, 0.000000000000000000, 1.000000000000000000 ) ) ;
#2075 = VERTEX_POINT ( 'NONE', #3643 ) ;
#2076 = MANIFOLD_SOLID_BREP ( 'NONE', #2539 ) ;
#2077 = ORIENTED_EDGE ( 'NONE', *, *, #3481, .T. ) ;
#2078 = DIRECTION ( 'NONE',  ( 0.000000000000000000, 0.000000000000000000, -1.000000000000000000 ) ) ;
#2079 = CARTESIAN_POINT ( 'NONE',  ( 18.22189017612680217, -4.672274967014939939, 30.39999999999999858 ) ) ;
#2080 = VERTEX_POINT ( 'NONE', #1674 ) ;
#2081 = CARTESIAN_POINT ( 'NONE',  ( -2.118045185149889705E-13, -23.50000000000000000, 33.39999999999999858 ) ) ;
#2082 = DIRECTION ( 'NONE',  ( 0.000000000000000000, 0.000000000000000000, 1.000000000000000000 ) ) ;
#2083 = ADVANCED_FACE ( 'NONE', ( #420 ), #2334, .F. ) ;
#2084 = LINE ( 'NONE', #1143, #3662 ) ;
#2085 = ADVANCED_FACE ( 'NONE', ( #3897 ), #73, .T. ) ;
#2086 = ORIENTED_EDGE ( 'NONE', *, *, #2920, .F. ) ;
#2087 = CARTESIAN_POINT ( 'NONE',  ( -5.000000000001870504, 20.39607805437070098, 31.39999999999999858 ) ) ;
#2088 = CARTESIAN_POINT ( 'NONE',  ( 5.773905748357153200, -8.164930540884814292, 3.131566161146436933 ) ) ;
#2089 = EDGE_CURVE ( 'NONE', #2018, #2254, #4088, .T. ) ;
#2090 = CARTESIAN_POINT ( 'NONE',  ( 5.000000000000000000, 15.00000000000000000, 31.39999999999999858 ) ) ;
#2091 = ADVANCED_FACE ( 'NONE', ( #3981 ), #1141, .F. ) ;
#2092 = ORIENTED_EDGE ( 'NONE', *, *, #515, .T. ) ;
#2093 = DIRECTION ( 'NONE',  ( 0.000000000000000000, 0.000000000000000000, 1.000000000000000000 ) ) ;
#2094 = EDGE_LOOP ( 'NONE', ( #367, #987, #2753, #859, #1170, #377, #2717, #475 ) ) ;
#2095 = VECTOR ( 'NONE', #1654, 1000.000000000000000 ) ;
#2096 = CARTESIAN_POINT ( 'NONE',  ( 0.7946051660938600048, -11.81808510325407902, -9.500000000000000000 ) ) ;
#2097 = ORIENTED_EDGE ( 'NONE', *, *, #1671, .T. ) ;
#2098 = LINE ( 'NONE', #1624, #2102 ) ;
#2099 = EDGE_LOOP ( 'NONE', ( #3494, #563, #1669, #3605 ) ) ;
#2100 = CYLINDRICAL_SURFACE ( 'NONE', #3651, 20.00000000000000000 ) ;
#2101 = DIRECTION ( 'NONE',  ( 0.000000000000000000, 0.000000000000000000, -1.000000000000000000 ) ) ;
#2102 = VECTOR ( 'NONE', #3356, 1000.000000000000000 ) ;
#2103 = CARTESIAN_POINT ( 'NONE',  ( 7.595483206151088851, 6.506620400289789607, 3.750067448518116020 ) ) ;
#2104 = CARTESIAN_POINT ( 'NONE',  ( -8.255920741969847043, -5.642674251425319198, 2.334214415703132151 ) ) ;
#2105 = ORIENTED_EDGE ( 'NONE', *, *, #1947, .F. ) ;
#2106 = CARTESIAN_POINT ( 'NONE',  ( -5.000000000000110134, -15.00000000000000000, 33.39999999999999858 ) ) ;
#2107 = FACE_OUTER_BOUND ( 'NONE', #2806, .T. ) ;
#2108 = DIRECTION ( 'NONE',  ( 0.000000000000000000, 0.000000000000000000, 1.000000000000000000 ) ) ;
#2109 = AXIS2_PLACEMENT_3D ( 'NONE', #1012, #3142, #2852 ) ;
#2110 = ORIENTED_EDGE ( 'NONE', *, *, #2578, .F. ) ;
#2111 = CYLINDRICAL_SURFACE ( 'NONE', #1789, 0.6500000000000012434 ) ;
#2112 = ORIENTED_EDGE ( 'NONE', *, *, #289, .F. ) ;
#2113 = ADVANCED_FACE ( 'NONE', ( #480, #2726, #1754, #1816 ), #3071, .T. ) ;
#2114 = CARTESIAN_POINT ( 'NONE',  ( -19.90000000000000213, 2.437047130303235128E-15, 31.39999999999999858 ) ) ;
#2115 = ORIENTED_EDGE ( 'NONE', *, *, #2517, .F. ) ;
#2116 = CARTESIAN_POINT ( 'NONE',  ( 17.00000000000000000, 8.000000000000270006, 31.39999999999999858 ) ) ;
#2117 = EDGE_CURVE ( 'NONE', #455, #1989, #4073, .T. ) ;
#2118 = CARTESIAN_POINT ( 'NONE',  ( 13.59685651230170045, 11.01767755974102236, 3.500447207104824265 ) ) ;
#2119 = CYLINDRICAL_SURFACE ( 'NONE', #3517, 12.74999999998976108 ) ;
#2120 = AXIS2_PLACEMENT_3D ( 'NONE', #4042, #3336, #531 ) ;
#2121 = DIRECTION ( 'NONE',  ( 8.818177669548689985E-15, -1.000000000000000000, 0.000000000000000000 ) ) ;
#2122 = CARTESIAN_POINT ( 'NONE',  ( -7.891349271284473055, -6.144113456957124519, 1.409344416968669078 ) ) ;
#2123 = AXIS2_PLACEMENT_3D ( 'NONE', #2790, #1444, #3033 ) ;
#2124 = FACE_OUTER_BOUND ( 'NONE', #544, .T. ) ;
#2125 = CARTESIAN_POINT ( 'NONE',  ( 6.384368589616254752, -7.698269665171638465, 3.718346968191833746 ) ) ;
#2126 = CYLINDRICAL_SURFACE ( 'NONE', #636, 0.6500000000000001332 ) ;
#2127 = CIRCLE ( 'NONE', #2138, 0.6500000000000001332 ) ;
#2128 = VECTOR ( 'NONE', #2239, 1000.000000000000000 ) ;
#2129 = ORIENTED_EDGE ( 'NONE', *, *, #395, .F. ) ;
#2130 = AXIS2_PLACEMENT_3D ( 'NONE', #3190, #946, #277 ) ;
#2131 = ORIENTED_EDGE ( 'NONE', *, *, #1762, .F. ) ;
#2132 = CARTESIAN_POINT ( 'NONE',  ( -2.000000000000954792, 26.50000000000000000, 33.39999999999999858 ) ) ;
#2133 = ORIENTED_EDGE ( 'NONE', *, *, #2395, .T. ) ;
#2134 = EDGE_CURVE ( 'NONE', #3559, #2231, #2458, .T. ) ;
#2135 = CARTESIAN_POINT ( 'NONE',  ( 17.50000000000000000, 2.143131898507869826E-15, 5.000000000000000000 ) ) ;
#2136 = EDGE_CURVE ( 'NONE', #4056, #4037, #1714, .T. ) ;
#2137 = DIRECTION ( 'NONE',  ( 0.000000000000000000, -1.000000000000000000, 0.000000000000000000 ) ) ;
#2138 = AXIS2_PLACEMENT_3D ( 'NONE', #828, #3372, #508 ) ;
#2139 = ADVANCED_FACE ( 'NONE', ( #1774 ), #517, .F. ) ;
#2140 = CARTESIAN_POINT ( 'NONE',  ( 2.248969619460625236, 11.81808510325407902, -9.500000000000000000 ) ) ;
#2141 = ORIENTED_EDGE ( 'NONE', *, *, #223, .T. ) ;
#2142 = DIRECTION ( 'NONE',  ( 1.000000000000000000, -1.445602896647339903E-16, 0.000000000000000000 ) ) ;
#2143 = EDGE_CURVE ( 'NONE', #1526, #700, #4026, .T. ) ;
#2144 = ORIENTED_EDGE ( 'NONE', *, *, #4135, .F. ) ;
#2145 = ADVANCED_FACE ( 'NONE', ( #3340 ), #2764, .T. ) ;
#2146 = LINE ( 'NONE', #4005, #2524 ) ;
#2147 = CARTESIAN_POINT ( 'NONE',  ( -7.267293080619335655, -6.870946908595197300, 1.281702279631601993 ) ) ;
#2148 = CARTESIAN_POINT ( 'NONE',  ( -3.934909417159685674, -12.12612582124429927, 0.000000000000000000 ) ) ;
#2149 = CARTESIAN_POINT ( 'NONE',  ( 3.472800551136074887, 10.70205485582938110, 0.000000000000000000 ) ) ;
#2150 = CARTESIAN_POINT ( 'NONE',  ( -2.000000000000190070, -26.50000000000000000, 33.39999999999999858 ) ) ;
#2151 = VERTEX_POINT ( 'NONE', #1162 ) ;
#2152 = VERTEX_POINT ( 'NONE', #3014 ) ;
#2153 = CARTESIAN_POINT ( 'NONE',  ( 7.492931470931749161, -6.622696203350291633, 2.173619349018199198 ) ) ;
#2154 = ORIENTED_EDGE ( 'NONE', *, *, #3251, .T. ) ;
#2155 = DIRECTION ( 'NONE',  ( 0.000000000000000000, 0.000000000000000000, -1.000000000000000000 ) ) ;
#2156 = EDGE_LOOP ( 'NONE', ( #626, #3485, #4035, #1132 ) ) ;
#2157 = CARTESIAN_POINT ( 'NONE',  ( -10.76353543719647909, 13.79856291398572488, 1.868669896821296472 ) ) ;
#2158 = CARTESIAN_POINT ( 'NONE',  ( 12.16573525049926197, -12.58008950204024501, 3.501509782332062226 ) ) ;
#2159 = LINE ( 'NONE', #1185, #644 ) ;
#2160 = CIRCLE ( 'NONE', #539, 0.6500000000000000222 ) ;
#2161 = EDGE_CURVE ( 'NONE', #2233, #2466, #2146, .T. ) ;
#2162 = DIRECTION ( 'NONE',  ( -1.000000000000000000, 0.000000000000000000, 0.000000000000000000 ) ) ;
#2163 = FACE_OUTER_BOUND ( 'NONE', #2940, .T. ) ;
#2164 = EDGE_CURVE ( 'NONE', #4105, #1899, #835, .T. ) ;
#2165 = EDGE_LOOP ( 'NONE', ( #3436, #673, #4141, #841, #2611, #1013, #3870, #4085, #2048, #3475, #3654, #4148, #1393 ) ) ;
#2166 = CARTESIAN_POINT ( 'NONE',  ( -5.669153644815185800, 8.238007967941289422, 2.825411512540898951 ) ) ;
#2167 = CARTESIAN_POINT ( 'NONE',  ( 5.642674094963385123, -8.255920848905200060, 2.665915233606397372 ) ) ;
#2168 = DIRECTION ( 'NONE',  ( 0.000000000000000000, 0.000000000000000000, 1.000000000000000000 ) ) ;
#2169 = ORIENTED_EDGE ( 'NONE', *, *, #819, .F. ) ;
#2170 = EDGE_CURVE ( 'NONE', #2251, #1989, #709, .T. ) ;
#2171 = EDGE_LOOP ( 'NONE', ( #3541, #2677, #2043, #899 ) ) ;
#2172 = FACE_BOUND ( 'NONE', #4020, .T. ) ;
#2173 = VERTEX_POINT ( 'NONE', #244 ) ;
#2174 = PLANE ( 'NONE',  #1993 ) ;
#2175 = ORIENTED_EDGE ( 'NONE', *, *, #3231, .T. ) ;
#2176 = LINE ( 'NONE', #3432, #3107 ) ;
#2177 = DIRECTION ( 'NONE',  ( 0.000000000000000000, 0.000000000000000000, 1.000000000000000000 ) ) ;
#2178 = CARTESIAN_POINT ( 'NONE',  ( 11.60311679268400020, -13.10029315303039965, 2.500000000000000000 ) ) ;
#2179 = ORIENTED_EDGE ( 'NONE', *, *, #2927, .F. ) ;
#2180 = LINE ( 'NONE', #3113, #1916 ) ;
#2181 = LINE ( 'NONE', #1225, #3380 ) ;
#2182 = DIRECTION ( 'NONE',  ( 0.000000000000000000, 0.000000000000000000, -1.000000000000000000 ) ) ;
#2183 = AXIS2_PLACEMENT_3D ( 'NONE', #2500, #250, #2421 ) ;
#2184 = DIRECTION ( 'NONE',  ( 0.000000000000000000, 0.000000000000000000, 1.000000000000000000 ) ) ;
#2185 = CARTESIAN_POINT ( 'NONE',  ( 18.22189017612680217, 5.057793114144960356, 40.39999999999999858 ) ) ;
#2186 = ORIENTED_EDGE ( 'NONE', *, *, #2946, .T. ) ;
#2187 = EDGE_CURVE ( 'NONE', #1457, #3753, #554, .T. ) ;
#2188 = LINE ( 'NONE', #3496, #4044 ) ;
#2189 = EDGE_CURVE ( 'NONE', #3225, #3004, #4153, .T. ) ;
#2190 = ORIENTED_EDGE ( 'NONE', *, *, #993, .T. ) ;
#2191 = AXIS2_PLACEMENT_3D ( 'NONE', #3829, #2204, #1546 ) ;
#2192 = DIRECTION ( 'NONE',  ( 0.000000000000000000, 0.000000000000000000, -1.000000000000000000 ) ) ;
#2193 = AXIS2_PLACEMENT_3D ( 'NONE', #2643, #1994, #3263 ) ;
#2194 = DIRECTION ( 'NONE',  ( -2.262682794752355172E-16, 1.000000000000000000, 0.000000000000000000 ) ) ;
#2195 = CIRCLE ( 'NONE', #386, 20.00000000000000000 ) ;
#2196 = ORIENTED_EDGE ( 'NONE', *, *, #776, .F. ) ;
#2197 = CARTESIAN_POINT ( 'NONE',  ( 3.934909417159685674, 12.12612582124429927, 0.000000000000000000 ) ) ;
#2198 = DIRECTION ( 'NONE',  ( -1.000000000000000000, 0.000000000000000000, 0.000000000000000000 ) ) ;
#2199 = FACE_OUTER_BOUND ( 'NONE', #1942, .T. ) ;
#2200 = VECTOR ( 'NONE', #2566, 1000.000000000000000 ) ;
#2201 = AXIS2_PLACEMENT_3D ( 'NONE', #1867, #1928, #3468 ) ;
#2202 = ORIENTED_EDGE ( 'NONE', *, *, #2949, .F. ) ;
#2203 = VECTOR ( 'NONE', #2878, 1000.000000000000000 ) ;
#2204 = DIRECTION ( 'NONE',  ( 0.000000000000000000, 0.000000000000000000, 1.000000000000000000 ) ) ;
#2205 = DIRECTION ( 'NONE',  ( 0.000000000000000000, 0.000000000000000000, 1.000000000000000000 ) ) ;
#2206 = AXIS2_PLACEMENT_3D ( 'NONE', #3839, #2320, #384 ) ;
#2207 = CARTESIAN_POINT ( 'NONE',  ( 18.87189017612680075, -2.835895920711525076, 40.39999999999999858 ) ) ;
#2208 = EDGE_CURVE ( 'NONE', #1750, #1450, #641, .T. ) ;
#2209 = FACE_OUTER_BOUND ( 'NONE', #2410, .T. ) ;
#2210 = CIRCLE ( 'NONE', #256, 20.00000000000000000 ) ;
#2211 = DIRECTION ( 'NONE',  ( -1.000000000000000000, 0.000000000000000000, 0.000000000000000000 ) ) ;
#2212 = CYLINDRICAL_SURFACE ( 'NONE', #1307, 19.94999999999999929 ) ;
#2213 = ORIENTED_EDGE ( 'NONE', *, *, #3594, .F. ) ;
#2214 = ORIENTED_EDGE ( 'NONE', *, *, #1595, .F. ) ;
#2215 = DIRECTION ( 'NONE',  ( 0.000000000000000000, 1.000000000000000000, 0.000000000000000000 ) ) ;
#2216 = EDGE_LOOP ( 'NONE', ( #394, #2351 ) ) ;
#2217 = DIRECTION ( 'NONE',  ( -1.000000000000000000, 0.000000000000000000, 0.000000000000000000 ) ) ;
#2218 = ADVANCED_FACE ( 'NONE', ( #1269 ), #932, .T. ) ;
#2219 = DIRECTION ( 'NONE',  ( 1.000000000000000000, 0.000000000000000000, 0.000000000000000000 ) ) ;
#2220 = ORIENTED_EDGE ( 'NONE', *, *, #3069, .T. ) ;
#2221 = CARTESIAN_POINT ( 'NONE',  ( -7.890420005886328525, -6.145306359856725464, 3.591527638454498295 ) ) ;
#2222 = DIRECTION ( 'NONE',  ( 0.6630352452962302578, -0.7485881801731628649, 0.000000000000000000 ) ) ;
#2223 = ORIENTED_EDGE ( 'NONE', *, *, #1390, .F. ) ;
#2224 = CARTESIAN_POINT ( 'NONE',  ( 8.255962153397540249, 5.642613660500550132, 2.500000000000000000 ) ) ;
#2225 = CIRCLE ( 'NONE', #813, 0.6500000000000000222 ) ;
#2226 = DIRECTION ( 'NONE',  ( 0.000000000000000000, 0.000000000000000000, -1.000000000000000000 ) ) ;
#2227 = CARTESIAN_POINT ( 'NONE',  ( -6.384368589625082357, 7.698269665164544584, 3.718346968197333346 ) ) ;
#2228 = CARTESIAN_POINT ( 'NONE',  ( 1.999999999999814815, -26.50000000000000000, 31.39999999999999858 ) ) ;
#2229 = CARTESIAN_POINT ( 'NONE',  ( 0.000000000000000000, 0.000000000000000000, 31.39999999999999858 ) ) ;
#2230 = ADVANCED_FACE ( 'NONE', ( #264 ), #4130, .T. ) ;
#2231 = VERTEX_POINT ( 'NONE', #2842 ) ;
#2232 = DIRECTION ( 'NONE',  ( 1.000000000000000000, 0.000000000000000000, 0.000000000000000000 ) ) ;
#2233 = VERTEX_POINT ( 'NONE', #1287 ) ;
#2234 = CARTESIAN_POINT ( 'NONE',  ( -19.90000000000000213, 2.437047130303235128E-15, 29.39999999999999858 ) ) ;
#2235 = AXIS2_PLACEMENT_3D ( 'NONE', #667, #2386, #132 ) ;
#2236 = DIRECTION ( 'NONE',  ( 0.000000000000000000, 0.000000000000000000, -1.000000000000000000 ) ) ;
#2237 = ORIENTED_EDGE ( 'NONE', *, *, #4008, .F. ) ;
#2238 = CARTESIAN_POINT ( 'NONE',  ( -8.164930540884782317, -5.773905748357199386, 3.131566161152335326 ) ) ;
#2239 = DIRECTION ( 'NONE',  ( 1.508455196501569950E-16, -1.000000000000000000, 0.000000000000000000 ) ) ;
#2240 = CIRCLE ( 'NONE', #955, 19.90000000000000213 ) ;
#2241 = ORIENTED_EDGE ( 'NONE', *, *, #2274, .T. ) ;
#2242 = EDGE_CURVE ( 'NONE', #3546, #442, #102, .T. ) ;
#2243 = AXIS2_PLACEMENT_3D ( 'NONE', #3811, #1590, #4155 ) ;
#2244 = FACE_OUTER_BOUND ( 'NONE', #2032, .T. ) ;
#2245 = DIRECTION ( 'NONE',  ( 0.000000000000000000, 0.000000000000000000, 1.000000000000000000 ) ) ;
#2246 = EDGE_CURVE ( 'NONE', #769, #347, #2180, .T. ) ;
#2247 = CARTESIAN_POINT ( 'NONE',  ( -7.185216399461208603, 6.956038457259905883, 3.501060104267582407 ) ) ;
#2248 = CARTESIAN_POINT ( 'NONE',  ( 1.598969619460624880, 11.81808510325407902, -9.500000000000000000 ) ) ;
#2249 = VECTOR ( 'NONE', #1495, 1000.000000000000000 ) ;
#2250 = DIRECTION ( 'NONE',  ( 0.000000000000000000, 0.000000000000000000, 1.000000000000000000 ) ) ;
#2251 = VERTEX_POINT ( 'NONE', #3437 ) ;
#2252 = VECTOR ( 'NONE', #1388, 1000.000000000000000 ) ;
#2253 = CARTESIAN_POINT ( 'NONE',  ( -7.184812060742125972, 6.956458679240675735, 1.498490867117018510 ) ) ;
#2254 = VERTEX_POINT ( 'NONE', #2224 ) ;
#2255 = DIRECTION ( 'NONE',  ( -1.000000000000000000, 0.000000000000000000, 0.000000000000000000 ) ) ;
#2256 = CARTESIAN_POINT ( 'NONE',  ( 11.72651986097866228, -12.99100599571424119, 3.750139635446846142 ) ) ;
#2257 = VECTOR ( 'NONE', #225, 1000.000000000000000 ) ;
#2258 = DIRECTION ( 'NONE',  ( 0.000000000000000000, 0.000000000000000000, -1.000000000000000000 ) ) ;
#2259 = CIRCLE ( 'NONE', #2785, 20.00000000000000000 ) ;
#2260 = VERTEX_POINT ( 'NONE', #4112 ) ;
#2261 = AXIS2_PLACEMENT_3D ( 'NONE', #265, #1587, #601 ) ;
#2262 = CARTESIAN_POINT ( 'NONE',  ( -6.622724769680973012, -7.492902646153545732, 2.826105657473495292 ) ) ;
#2263 = ADVANCED_FACE ( 'NONE', ( #3199 ), #1224, .F. ) ;
#2264 = EDGE_CURVE ( 'NONE', #1220, #887, #2290, .T. ) ;
#2265 = DIRECTION ( 'NONE',  ( 1.000000000000000000, 0.000000000000000000, 0.000000000000000000 ) ) ;
#2266 = AXIS2_PLACEMENT_3D ( 'NONE', #3992, #2155, #548 ) ;
#2267 = AXIS2_PLACEMENT_3D ( 'NONE', #3267, #2929, #3242 ) ;
#2268 = ORIENTED_EDGE ( 'NONE', *, *, #3930, .F. ) ;
#2269 = AXIS2_PLACEMENT_3D ( 'NONE', #2959, #1367, #3737 ) ;
#2270 = DIRECTION ( 'NONE',  ( 0.000000000000000000, 0.000000000000000000, -1.000000000000000000 ) ) ;
#2271 = DIRECTION ( 'NONE',  ( 0.000000000000000000, 0.000000000000000000, -1.000000000000000000 ) ) ;
#2272 = AXIS2_PLACEMENT_3D ( 'NONE', #3878, #689, #2023 ) ;
#2273 = ADVANCED_FACE ( 'NONE', ( #2244 ), #305, .T. ) ;
#2274 = EDGE_CURVE ( 'NONE', #274, #4056, #1112, .T. ) ;
#2275 = CARTESIAN_POINT ( 'NONE',  ( 17.57189017612680004, 5.057793114144960356, 30.39999999999999858 ) ) ;
#2276 = DIRECTION ( 'NONE',  ( 0.000000000000000000, 0.000000000000000000, -1.000000000000000000 ) ) ;
#2277 = DIRECTION ( 'NONE',  ( -1.000000000000000000, 0.000000000000000000, 0.000000000000000000 ) ) ;
#2278 = EDGE_LOOP ( 'NONE', ( #1324, #1705, #2387, #3612, #3677, #1467, #3350 ) ) ;
#2279 = ORIENTED_EDGE ( 'NONE', *, *, #677, .T. ) ;
#2280 = VECTOR ( 'NONE', #3969, 1000.000000000000000 ) ;
#2281 = CARTESIAN_POINT ( 'NONE',  ( -6.505511545137945717, 7.596435328790794195, 1.250125356575732205 ) ) ;
#2282 = VERTEX_POINT ( 'NONE', #3766 ) ;
#2283 = DIRECTION ( 'NONE',  ( 0.000000000000000000, 0.000000000000000000, -1.000000000000000000 ) ) ;
#2284 = DIRECTION ( 'NONE',  ( -1.000000000000000000, 0.000000000000000000, 0.000000000000000000 ) ) ;
#2285 = DIRECTION ( 'NONE',  ( -0.6630352452962302578, 0.7485881801731628649, 0.000000000000000000 ) ) ;
#2286 = ORIENTED_EDGE ( 'NONE', *, *, #2134, .F. ) ;
#2287 = DIRECTION ( 'NONE',  ( 0.000000000000000000, 0.000000000000000000, -1.000000000000000000 ) ) ;
#2288 = FACE_OUTER_BOUND ( 'NONE', #2986, .T. ) ;
#2289 = ORIENTED_EDGE ( 'NONE', *, *, #3192, .T. ) ;
#2290 = B_SPLINE_CURVE_WITH_KNOTS ( 'NONE', 3,
 ( #327, #3486, #1247, #892, #620, #580, #600, #3849, #2863, #4170, #3173, #3154, #285, #2807, #4096, #2557, #2881, #1206 ),
 .UNSPECIFIED., .F., .F.,
 ( 4, 2, 2, 2, 2, 2, 2, 2, 4 ),
 ( 0.000000000000000000, 0.1250000000000000000, 0.2500000000000000000, 0.3750000000000000000, 0.5000000000000000000, 0.6250000000000000000, 0.7500000000000000000, 0.8750000000000000000, 1.000000000000000000 ),
 .UNSPECIFIED. ) ;
#2291 = DIRECTION ( 'NONE',  ( 1.000000000000000000, 0.000000000000000000, 0.000000000000000000 ) ) ;
#2292 = DIRECTION ( 'NONE',  ( -0.7485881801731700813, -0.6630352452962221532, 0.000000000000000000 ) ) ;
#2293 = DIRECTION ( 'NONE',  ( -0.6630352452962220422, 0.7485881801731700813, 0.000000000000000000 ) ) ;
#2294 = CARTESIAN_POINT ( 'NONE',  ( 3.469446951953644954E-15, 5.077880650127429576E-13, 30.39999999999999858 ) ) ;
#2295 = EDGE_CURVE ( 'NONE', #3546, #1982, #753, .T. ) ;
#2296 = CARTESIAN_POINT ( 'NONE',  ( -12.23803724571245866, -12.50921437871116026, 2.500000000000000000 ) ) ;
#2297 = ORIENTED_EDGE ( 'NONE', *, *, #1232, .T. ) ;
#2298 = EDGE_LOOP ( 'NONE', ( #1339, #122 ) ) ;
#2299 = DIRECTION ( 'NONE',  ( 0.000000000000000000, 0.000000000000000000, 1.000000000000000000 ) ) ;
#2300 = EDGE_LOOP ( 'NONE', ( #2895, #627, #1481, #2141 ) ) ;
#2301 = CARTESIAN_POINT ( 'NONE',  ( 1.598969619460624880, 11.81808510325407902, -9.500000000000000000 ) ) ;
#2302 = CARTESIAN_POINT ( 'NONE',  ( 12.39703525579051835, -12.35182562903034231, 3.133010599062643564 ) ) ;
#2303 = DIRECTION ( 'NONE',  ( 1.000000000000000000, 0.000000000000000000, 0.000000000000000000 ) ) ;
#2304 = ORIENTED_EDGE ( 'NONE', *, *, #2920, .T. ) ;
#2305 = CIRCLE ( 'NONE', #487, 11.00000000000000000 ) ;
#2306 = CARTESIAN_POINT ( 'NONE',  ( 0.000000000000000000, 11.96354363695471967, 0.5000000000000000000 ) ) ;
#2307 = DIRECTION ( 'NONE',  ( 0.000000000000000000, 0.000000000000000000, -1.000000000000000000 ) ) ;
#2308 = ORIENTED_EDGE ( 'NONE', *, *, #1639, .F. ) ;
#2309 = FACE_OUTER_BOUND ( 'NONE', #2094, .T. ) ;
#2310 = ORIENTED_EDGE ( 'NONE', *, *, #1052, .F. ) ;
#2311 = FACE_OUTER_BOUND ( 'NONE', #3039, .T. ) ;
#2312 = CARTESIAN_POINT ( 'NONE',  ( 12.50921437871112119, -12.23803724571252083, 2.500000000000000000 ) ) ;
#2313 = LINE ( 'NONE', #707, #1790 ) ;
#2314 = CARTESIAN_POINT ( 'NONE',  ( 6.956458679243659127, 7.184812060739313111, 1.498490867112784342 ) ) ;
#2315 = EDGE_LOOP ( 'NONE', ( #826, #2105 ) ) ;
#2316 = ORIENTED_EDGE ( 'NONE', *, *, #2164, .F. ) ;
#2317 = DIRECTION ( 'NONE',  ( 1.000000000000000000, 0.000000000000000000, 0.000000000000000000 ) ) ;
#2318 = ORIENTED_EDGE ( 'NONE', *, *, #2514, .F. ) ;
#2319 = DIRECTION ( 'NONE',  ( 0.000000000000000000, 0.000000000000000000, -1.000000000000000000 ) ) ;
#2320 = DIRECTION ( 'NONE',  ( 0.000000000000000000, 0.000000000000000000, -1.000000000000000000 ) ) ;
#2321 = DIRECTION ( 'NONE',  ( 1.000000000000000000, 0.000000000000000000, 0.000000000000000000 ) ) ;
#2322 = EDGE_CURVE ( 'NONE', #3902, #814, #1943, .T. ) ;
#2323 = ORIENTED_EDGE ( 'NONE', *, *, #1682, .F. ) ;
#2324 = DIRECTION ( 'NONE',  ( 0.000000000000000000, 0.000000000000000000, 1.000000000000000000 ) ) ;
#2325 = ORIENTED_EDGE ( 'NONE', *, *, #1232, .F. ) ;
#2326 = AXIS2_PLACEMENT_3D ( 'NONE', #1992, #3872, #2292 ) ;
#2327 = CARTESIAN_POINT ( 'NONE',  ( 5.000000000001289635, -26.50000000000000000, 33.39999999999999858 ) ) ;
#2328 = VERTEX_POINT ( 'NONE', #3598 ) ;
#2329 = CARTESIAN_POINT ( 'NONE',  ( 0.000000000000000000, 0.000000000000000000, 29.39999999999999858 ) ) ;
#2330 = AXIS2_PLACEMENT_3D ( 'NONE', #1987, #2307, #701 ) ;
#2331 = DIRECTION ( 'NONE',  ( -0.7485881801731700813, -0.6630352452962221532, 0.000000000000000000 ) ) ;
#2332 = AXIS2_PLACEMENT_3D ( 'NONE', #370, #1712, #1375 ) ;
#2333 = VECTOR ( 'NONE', #2855, 1000.000000000000000 ) ;
#2334 = PLANE ( 'NONE',  #3600 ) ;
#2335 = FACE_OUTER_BOUND ( 'NONE', #3765, .T. ) ;
#2336 = CIRCLE ( 'NONE', #3055, 11.25141421356232030 ) ;
#2337 = B_SPLINE_CURVE_WITH_KNOTS ( 'NONE', 3,
 ( #2888, #1551, #919, #604, #354, #3140, #1292, #3, #1908, #3536, #2609, #1627, #669, #1570, #2904, #587, #23, #2296 ),
 .UNSPECIFIED., .F., .F.,
 ( 4, 2, 2, 2, 2, 2, 2, 2, 4 ),
 ( 0.000000000000000000, 0.1250000000000000000, 0.2500000000000000000, 0.3750000000000000000, 0.5000000000000000000, 0.6250000000000000000, 0.7500000000000000000, 0.8750000000000000000, 1.000000000000000000 ),
 .UNSPECIFIED. ) ;
#2338 = ORIENTED_EDGE ( 'NONE', *, *, #352, .T. ) ;
#2339 = VERTEX_POINT ( 'NONE', #396 ) ;
#2340 = VECTOR ( 'NONE', #1544, 1000.000000000000000 ) ;
#2341 = DIRECTION ( 'NONE',  ( 1.000000000000000000, 0.000000000000000000, 0.000000000000000000 ) ) ;
#2342 = CARTESIAN_POINT ( 'NONE',  ( 18.22189017612680217, 1.110948596716720083, 40.39999999999999858 ) ) ;
#2343 = AXIS2_PLACEMENT_3D ( 'NONE', #3889, #1014, #615 ) ;
#2344 = CYLINDRICAL_SURFACE ( 'NONE', #838, 0.6500000000000000222 ) ;
#2345 = ADVANCED_FACE ( 'NONE', ( #2309 ), #3236, .T. ) ;
#2346 = ORIENTED_EDGE ( 'NONE', *, *, #1492, .T. ) ;
#2347 = DIRECTION ( 'NONE',  ( 0.000000000000000000, 0.000000000000000000, 1.000000000000000000 ) ) ;
#2348 = VERTEX_POINT ( 'NONE', #1622 ) ;
#2349 = EDGE_CURVE ( 'NONE', #3627, #4110, #4067, .T. ) ;
#2350 = CARTESIAN_POINT ( 'NONE',  ( 5.000000000001289635, -19.36491673103675026, 31.39999999999999858 ) ) ;
#2351 = ORIENTED_EDGE ( 'NONE', *, *, #1541, .F. ) ;
#2352 = CARTESIAN_POINT ( 'NONE',  ( -20.00000000000000000, 2.449293598294704935E-15, 29.39999999999999858 ) ) ;
#2353 = EDGE_CURVE ( 'NONE', #1102, #2339, #732, .T. ) ;
#2354 = DIRECTION ( 'NONE',  ( 0.000000000000000000, 0.000000000000000000, -1.000000000000000000 ) ) ;
#2355 = CARTESIAN_POINT ( 'NONE',  ( 0.000000000000000000, 0.000000000000000000, 5.000000000000000000 ) ) ;
#2356 = CARTESIAN_POINT ( 'NONE',  ( -8.255962153397540249, -5.642613660500550132, 2.500000000000000000 ) ) ;
#2357 = EDGE_LOOP ( 'NONE', ( #1636, #410, #725, #2523, #2574, #1351, #1632, #2681, #2077, #2279, #115, #2594, #453 ) ) ;
#2358 = ORIENTED_EDGE ( 'NONE', *, *, #1800, .T. ) ;
#2359 = LINE ( 'NONE', #3270, #221 ) ;
#2360 = AXIS2_PLACEMENT_3D ( 'NONE', #2582, #1625, #2903 ) ;
#2361 = CARTESIAN_POINT ( 'NONE',  ( 0.000000000000000000, 11.96354363695471967, -9.500000000000000000 ) ) ;
#2362 = DIRECTION ( 'NONE',  ( 0.000000000000000000, 0.000000000000000000, -1.000000000000000000 ) ) ;
#2363 = AXIS2_PLACEMENT_3D ( 'NONE', #2378, #382, #3630 ) ;
#2364 = ORIENTED_EDGE ( 'NONE', *, *, #2644, .T. ) ;
#2365 = DIRECTION ( 'NONE',  ( 1.000000000000000000, 0.000000000000000000, 0.000000000000000000 ) ) ;
#2366 = ORIENTED_EDGE ( 'NONE', *, *, #1635, .T. ) ;
#2367 = EDGE_CURVE ( 'NONE', #998, #2339, #2259, .T. ) ;
#2368 = ORIENTED_EDGE ( 'NONE', *, *, #252, .F. ) ;
#2369 = ORIENTED_EDGE ( 'NONE', *, *, #1101, .T. ) ;
#2370 = LINE ( 'NONE', #2140, #1843 ) ;
#2371 = CYLINDRICAL_SURFACE ( 'NONE', #3441, 1.249999999999998890 ) ;
#2372 = EDGE_CURVE ( 'NONE', #1688, #1037, #1689, .T. ) ;
#2373 = CYLINDRICAL_SURFACE ( 'NONE', #4006, 12.74858578642744078 ) ;
#2374 = FACE_OUTER_BOUND ( 'NONE', #975, .T. ) ;
#2375 = ORIENTED_EDGE ( 'NONE', *, *, #743, .T. ) ;
#2376 = FACE_OUTER_BOUND ( 'NONE', #3080, .T. ) ;
#2377 = CIRCLE ( 'NONE', #959, 0.7485857864325601296 ) ;
#2378 = CARTESIAN_POINT ( 'NONE',  ( 2.770244914684935278, 11.67709877494909954, 0.5000000000000000000 ) ) ;
#2379 = DIRECTION ( 'NONE',  ( 1.000000000000000000, 9.251858538538431539E-15, 0.000000000000000000 ) ) ;
#2380 = ORIENTED_EDGE ( 'NONE', *, *, #1026, .T. ) ;
#2381 = DIRECTION ( 'NONE',  ( 0.000000000000000000, 0.000000000000000000, -1.000000000000000000 ) ) ;
#2382 = EDGE_LOOP ( 'NONE', ( #2467, #379 ) ) ;
#2383 = EDGE_CURVE ( 'NONE', #208, #1870, #3856, .T. ) ;
#2384 = VECTOR ( 'NONE', #3977, 1000.000000000000000 ) ;
#2385 = ORIENTED_EDGE ( 'NONE', *, *, #3459, .T. ) ;
#2386 = DIRECTION ( 'NONE',  ( 0.000000000000000000, 0.000000000000000000, -1.000000000000000000 ) ) ;
#2387 = ORIENTED_EDGE ( 'NONE', *, *, #927, .F. ) ;
#2388 = LINE ( 'NONE', #1122, #2780 ) ;
#2389 = EDGE_LOOP ( 'NONE', ( #3972, #1508 ) ) ;
#2390 = DIRECTION ( 'NONE',  ( 0.000000000000000000, 0.000000000000000000, -1.000000000000000000 ) ) ;
#2391 = VECTOR ( 'NONE', #2121, 1000.000000000000000 ) ;
#2392 = AXIS2_PLACEMENT_3D ( 'NONE', #4000, #3661, #2704 ) ;
#2393 = CARTESIAN_POINT ( 'NONE',  ( 1.384122457342463752, -5.838549387474549768, 0.5000000000000000000 ) ) ;
#2394 = CARTESIAN_POINT ( 'NONE',  ( -3.703854984147879836, -11.41409033853683930, 0.5000000000000000000 ) ) ;
#2395 = EDGE_CURVE ( 'NONE', #1212, #338, #3571, .T. ) ;
#2396 = AXIS2_PLACEMENT_3D ( 'NONE', #491, #2409, #1516 ) ;
#2397 = ORIENTED_EDGE ( 'NONE', *, *, #3930, .T. ) ;
#2398 = AXIS2_PLACEMENT_3D ( 'NONE', #2783, #4097, #3749 ) ;
#2399 = CARTESIAN_POINT ( 'NONE',  ( 2.597167107518235429, 10.94734260151944127, 0.5000000000000000000 ) ) ;
#2400 = CARTESIAN_POINT ( 'NONE',  ( 6.754772278903124594, -7.375671198511525084, 3.749932382656684382 ) ) ;
#2401 = CARTESIAN_POINT ( 'NONE',  ( 17.00000000000000000, 8.000000000000270006, 30.39999999999999858 ) ) ;
#2402 = AXIS2_PLACEMENT_3D ( 'NONE', #944, #4161, #2255 ) ;
#2403 = VECTOR ( 'NONE', #1356, 1000.000000000000000 ) ;
#2404 = ORIENTED_EDGE ( 'NONE', *, *, #1766, .F. ) ;
#2405 = EDGE_CURVE ( 'NONE', #96, #872, #3116, .T. ) ;
#2406 = ORIENTED_EDGE ( 'NONE', *, *, #3739, .T. ) ;
#2407 = DIRECTION ( 'NONE',  ( 0.000000000000000000, 0.000000000000000000, 1.000000000000000000 ) ) ;
#2408 = ADVANCED_FACE ( 'NONE', ( #3893 ), #1643, .T. ) ;
#2409 = DIRECTION ( 'NONE',  ( 0.000000000000000000, 0.000000000000000000, -1.000000000000000000 ) ) ;
#2410 = EDGE_LOOP ( 'NONE', ( #3294, #3984, #2909, #3334 ) ) ;
#2411 = CARTESIAN_POINT ( 'NONE',  ( -12.53885201790034110, 12.27149909641020109, 2.500000000000000000 ) ) ;
#2412 = AXIS2_PLACEMENT_3D ( 'NONE', #99, #1051, #2341 ) ;
#2413 = FACE_OUTER_BOUND ( 'NONE', #3472, .T. ) ;
#2414 = CARTESIAN_POINT ( 'NONE',  ( 2.625289776843494849, -10.94084893382380130, 0.5000000000000000000 ) ) ;
#2415 = ORIENTED_EDGE ( 'NONE', *, *, #1905, .T. ) ;
#2416 = CARTESIAN_POINT ( 'NONE',  ( 7.698269665158963271, 6.384368589632023472, 3.718346968206099667 ) ) ;
#2417 = CARTESIAN_POINT ( 'NONE',  ( 0.9489696194606240809, 11.81808510325407902, 0.5000000000000000000 ) ) ;
#2418 = ADVANCED_FACE ( 'NONE', ( #17 ), #2603, .F. ) ;
#2419 = LINE ( 'NONE', #3670, #3100 ) ;
#2420 = FACE_OUTER_BOUND ( 'NONE', #3747, .T. ) ;
#2421 = DIRECTION ( 'NONE',  ( -1.000000000000000000, 0.000000000000000000, 0.000000000000000000 ) ) ;
#2422 = EDGE_CURVE ( 'NONE', #3098, #1677, #3262, .T. ) ;
#2423 = ORIENTED_EDGE ( 'NONE', *, *, #2170, .F. ) ;
#2424 = CARTESIAN_POINT ( 'NONE',  ( 0.000000000000000000, 0.000000000000000000, 31.39999999999999858 ) ) ;
#2425 = EDGE_CURVE ( 'NONE', #905, #1917, #1237, .T. ) ;
#2426 = ORIENTED_EDGE ( 'NONE', *, *, #2264, .T. ) ;
#2427 = AXIS2_PLACEMENT_3D ( 'NONE', #81, #839, #558 ) ;
#2428 = PLANE ( 'NONE',  #1060 ) ;
#2429 = EDGE_LOOP ( 'NONE', ( #167, #1596 ) ) ;
#2430 = DIRECTION ( 'NONE',  ( 0.000000000000000000, 0.000000000000000000, 1.000000000000000000 ) ) ;
#2431 = FACE_OUTER_BOUND ( 'NONE', #121, .T. ) ;
#2432 = DIRECTION ( 'NONE',  ( 1.000000000000000000, -6.938893903907229955E-15, 0.000000000000000000 ) ) ;
#2433 = EDGE_CURVE ( 'NONE', #1966, #2687, #2370, .T. ) ;
#2434 = ADVANCED_FACE ( 'NONE', ( #2431 ), #2100, .F. ) ;
#2435 = DIRECTION ( 'NONE',  ( 1.508455196501569950E-16, -1.000000000000000000, 0.000000000000000000 ) ) ;
#2436 = CARTESIAN_POINT ( 'NONE',  ( -6.622696203350781907, -7.492931470931316618, 2.173619349022531289 ) ) ;
#2437 = ORIENTED_EDGE ( 'NONE', *, *, #2353, .T. ) ;
#2438 = DIRECTION ( 'NONE',  ( 0.000000000000000000, 0.000000000000000000, 1.000000000000000000 ) ) ;
#2439 = DIRECTION ( 'NONE',  ( -1.000000000000000000, 0.000000000000000000, 0.000000000000000000 ) ) ;
#2440 = CARTESIAN_POINT ( 'NONE',  ( -17.50000000000000000, 0.000000000000000000, 5.000000000000000000 ) ) ;
#2441 = AXIS2_PLACEMENT_3D ( 'NONE', #3058, #1468, #1409 ) ;
#2442 = EDGE_LOOP ( 'NONE', ( #1809, #1107 ) ) ;
#2443 = AXIS2_PLACEMENT_3D ( 'NONE', #2479, #3327, #3018 ) ;
#2444 = EDGE_LOOP ( 'NONE', ( #1946, #786, #1571, #358 ) ) ;
#2445 = CARTESIAN_POINT ( 'NONE',  ( -21.00000000000000000, 0.000000000000000000, 6.000000000000000000 ) ) ;
#2446 = EDGE_LOOP ( 'NONE', ( #3405, #3193 ) ) ;
#2447 = EDGE_CURVE ( 'NONE', #4111, #96, #2760, .T. ) ;
#2448 = DIRECTION ( 'NONE',  ( 1.000000000000000000, 0.000000000000000000, 0.000000000000000000 ) ) ;
#2449 = ORIENTED_EDGE ( 'NONE', *, *, #3449, .F. ) ;
#2450 = PLANE ( 'NONE',  #2052 ) ;
#2451 = AXIS2_PLACEMENT_3D ( 'NONE', #3805, #4149, #2839 ) ;
#2452 = CARTESIAN_POINT ( 'NONE',  ( 13.51168198289103017, 11.12240593105086894, 3.590764914485923942 ) ) ;
#2453 = CARTESIAN_POINT ( 'NONE',  ( 0.000000000000000000, 0.000000000000000000, 0.5000000000000000000 ) ) ;
#2454 = CIRCLE ( 'NONE', #164, 19.94999999999999929 ) ;
#2455 = DIRECTION ( 'NONE',  ( 0.000000000000000000, -1.000000000000000000, 0.000000000000000000 ) ) ;
#2456 = CARTESIAN_POINT ( 'NONE',  ( -7.596435328790708041, -6.505511545138043417, 1.250125356575732205 ) ) ;
#2457 = AXIS2_PLACEMENT_3D ( 'NONE', #1318, #1274, #3855 ) ;
#2458 = CIRCLE ( 'NONE', #170, 0.7485857864325601296 ) ;
#2459 = VERTEX_POINT ( 'NONE', #3660 ) ;
#2460 = VECTOR ( 'NONE', #2884, 1000.000000000000000 ) ;
#2461 = CARTESIAN_POINT ( 'NONE',  ( -5.000000000001870504, 26.50000000000000000, 33.39999999999999858 ) ) ;
#2462 = CARTESIAN_POINT ( 'NONE',  ( 7.407758576364406267, -6.717826010993326769, 3.131797863484229616 ) ) ;
#2463 = DIRECTION ( 'NONE',  ( 0.000000000000000000, 0.000000000000000000, -1.000000000000000000 ) ) ;
#2464 = CIRCLE ( 'NONE', #978, 2.000000000000185185 ) ;
#2465 = ADVANCED_FACE ( 'NONE', ( #3318 ), #3085, .F. ) ;
#2466 = VERTEX_POINT ( 'NONE', #1459 ) ;
#2467 = ORIENTED_EDGE ( 'NONE', *, *, #1953, .F. ) ;
#2468 = DIRECTION ( 'NONE',  ( 0.000000000000000000, 0.000000000000000000, 1.000000000000000000 ) ) ;
#2469 = VERTEX_POINT ( 'NONE', #4024 ) ;
#2470 = AXIS2_PLACEMENT_3D ( 'NONE', #3158, #2276, #1252 ) ;
#2471 = DIRECTION ( 'NONE',  ( 1.000000000000000000, 0.000000000000000000, 0.000000000000000000 ) ) ;
#2472 = ORIENTED_EDGE ( 'NONE', *, *, #2963, .T. ) ;
#2473 = CARTESIAN_POINT ( 'NONE',  ( -11.72749270985044134, 12.99012594832913514, 1.250066120673167136 ) ) ;
#2474 = DIRECTION ( 'NONE',  ( 1.000000000000000000, 0.000000000000000000, 0.000000000000000000 ) ) ;
#2475 = CARTESIAN_POINT ( 'NONE',  ( 1.999999999999790168, -23.50000000000000000, 33.39999999999999858 ) ) ;
#2476 = DIRECTION ( 'NONE',  ( 0.000000000000000000, 0.000000000000000000, -1.000000000000000000 ) ) ;
#2477 = CARTESIAN_POINT ( 'NONE',  ( -7.973209402291971060, -6.036697746439028123, 1.499584465459482763 ) ) ;
#2478 = EDGE_CURVE ( 'NONE', #2348, #992, #903, .T. ) ;
#2479 = CARTESIAN_POINT ( 'NONE',  ( 0.000000000000000000, 0.000000000000000000, 10.00000000000000000 ) ) ;
#2480 = DIRECTION ( 'NONE',  ( 0.000000000000000000, 0.000000000000000000, -1.000000000000000000 ) ) ;
#2481 = LINE ( 'NONE', #3076, #3716 ) ;
#2482 = ORIENTED_EDGE ( 'NONE', *, *, #3483, .F. ) ;
#2483 = EDGE_LOOP ( 'NONE', ( #196, #1429 ) ) ;
#2484 = CARTESIAN_POINT ( 'NONE',  ( 2.000000000000000000, 26.50000000000000000, 31.39999999999999858 ) ) ;
#2485 = ORIENTED_EDGE ( 'NONE', *, *, #777, .F. ) ;
#2486 = EDGE_CURVE ( 'NONE', #1887, #2870, #3828, .T. ) ;
#2487 = DIRECTION ( 'NONE',  ( 0.000000000000000000, 0.000000000000000000, -1.000000000000000000 ) ) ;
#2488 = ORIENTED_EDGE ( 'NONE', *, *, #69, .T. ) ;
#2489 = CARTESIAN_POINT ( 'NONE',  ( 1.444605166093860138, -11.81808510325407902, -9.500000000000000000 ) ) ;
#2490 = AXIS2_PLACEMENT_3D ( 'NONE', #1675, #541, #1820 ) ;
#2491 = VECTOR ( 'NONE', #3322, 1000.000000000000000 ) ;
#2492 = CARTESIAN_POINT ( 'NONE',  ( 1.999999999999790168, -23.50000000000000000, 33.39999999999999858 ) ) ;
#2493 = FACE_OUTER_BOUND ( 'NONE', #422, .T. ) ;
#2494 = VERTEX_POINT ( 'NONE', #193 ) ;
#2495 = DIRECTION ( 'NONE',  ( -1.000000000000000000, 0.000000000000000000, 0.000000000000000000 ) ) ;
#2496 = FACE_OUTER_BOUND ( 'NONE', #1720, .T. ) ;
#2497 = ADVANCED_FACE ( 'NONE', ( #2413 ), #3395, .F. ) ;
#2498 = DIRECTION ( 'NONE',  ( 1.000000000000000000, 0.000000000000000000, 0.000000000000000000 ) ) ;
#2499 = CARTESIAN_POINT ( 'NONE',  ( 5.000000000000000000, 19.36491673103710198, 31.39999999999999858 ) ) ;
#2500 = CARTESIAN_POINT ( 'NONE',  ( 2.770244914684935278, 11.67709877494909954, 0.5000000000000000000 ) ) ;
#2501 = ORIENTED_EDGE ( 'NONE', *, *, #1265, .T. ) ;
#2502 = ORIENTED_EDGE ( 'NONE', *, *, #202, .T. ) ;
#2503 = DIRECTION ( 'NONE',  ( 0.000000000000000000, -1.000000000000000000, 0.000000000000000000 ) ) ;
#2504 = VERTEX_POINT ( 'NONE', #1811 ) ;
#2505 = LINE ( 'NONE', #1537, #456 ) ;
#2506 = EDGE_CURVE ( 'NONE', #2628, #664, #3640, .T. ) ;
#2507 = CARTESIAN_POINT ( 'NONE',  ( 0.000000000000000000, 0.000000000000000000, 29.39999999999999858 ) ) ;
#2508 = EDGE_LOOP ( 'NONE', ( #2426, #960 ) ) ;
#2509 = DIRECTION ( 'NONE',  ( 0.000000000000000000, 0.000000000000000000, 1.000000000000000000 ) ) ;
#2510 = CYLINDRICAL_SURFACE ( 'NONE', #2989, 1.249999999999999334 ) ;
#2511 = EDGE_LOOP ( 'NONE', ( #1320, #27, #3568, #126, #3917, #1732, #1245 ) ) ;
#2512 = DIRECTION ( 'NONE',  ( 1.000000000000000000, 0.000000000000000000, 0.000000000000000000 ) ) ;
#2513 = DIRECTION ( 'NONE',  ( 1.000000000000000000, 0.000000000000000000, 0.000000000000000000 ) ) ;
#2514 = EDGE_CURVE ( 'NONE', #2930, #2504, #2719, .T. ) ;
#2515 = DIRECTION ( 'NONE',  ( 1.000000000000000000, 0.000000000000000000, 0.000000000000000000 ) ) ;
#2516 = VECTOR ( 'NONE', #2177, 1000.000000000000000 ) ;
#2517 = EDGE_CURVE ( 'NONE', #3077, #3338, #135, .T. ) ;
#2518 = DIRECTION ( 'NONE',  ( 0.000000000000000000, 0.000000000000000000, -1.000000000000000000 ) ) ;
#2519 = LINE ( 'NONE', #3791, #1383 ) ;
#2520 = ORIENTED_EDGE ( 'NONE', *, *, #2977, .T. ) ;
#2521 = ORIENTED_EDGE ( 'NONE', *, *, #2723, .F. ) ;
#2522 = CARTESIAN_POINT ( 'NONE',  ( -6.383231682687447339, 7.699212737579211208, 1.282019227040533504 ) ) ;
#2523 = ORIENTED_EDGE ( 'NONE', *, *, #1595, .T. ) ;
#2524 = VECTOR ( 'NONE', #816, 1000.000000000000000 ) ;
#2525 = CARTESIAN_POINT ( 'NONE',  ( 17.00000000000000000, 8.000000000000270006, 30.39999999999999858 ) ) ;
#2526 = AXIS2_PLACEMENT_3D ( 'NONE', #1178, #1153, #1831 ) ;
#2527 = CARTESIAN_POINT ( 'NONE',  ( -2.768244914684924840, 11.67709877494909954, 0.000000000000000000 ) ) ;
#2528 = CIRCLE ( 'NONE', #717, 0.7499999999948758767 ) ;
#2529 = EDGE_LOOP ( 'NONE', ( #2380, #2042 ) ) ;
#2530 = FACE_OUTER_BOUND ( 'NONE', #670, .T. ) ;
#2531 = FACE_OUTER_BOUND ( 'NONE', #868, .T. ) ;
#2532 = AXIS2_PLACEMENT_3D ( 'NONE', #925, #3818, #2217 ) ;
#2533 = AXIS2_PLACEMENT_3D ( 'NONE', #3241, #2902, #2667 ) ;
#2534 = ORIENTED_EDGE ( 'NONE', *, *, #3092, .T. ) ;
#2535 = DIRECTION ( 'NONE',  ( 0.000000000000000000, 0.000000000000000000, 1.000000000000000000 ) ) ;
#2536 = CARTESIAN_POINT ( 'NONE',  ( 18.22189017612680217, -2.835895920711525076, 40.39999999999999858 ) ) ;
#2537 = EDGE_CURVE ( 'NONE', #3635, #1765, #1419, .T. ) ;
#2538 = CARTESIAN_POINT ( 'NONE',  ( 2.768244914684924840, -11.67709877494909954, 0.5000000000000000000 ) ) ;
#2539 = CLOSED_SHELL ( 'NONE', ( #1256, #2679, #934, #269, #3957, #3920, #1955, #3618, #1515, #1848, #3274, #1821, #3375, #3795, #3043, #2408, #2698, #3644, #2627, #1268, #3982, #2273, #918, #1463, #112, #1630, #3816, #3595, #1004, #3016, #4126, #4017, #67, #744, #1840, #2849, #592, #41, #1229, #4128, #720, #1219, #411, #2091, #1749, #2345, #3425, #366, #418, #2497, #3786, #3995, #1040, #2037, #2700, #1981, #49, #1695, #1227, #3305, #3947, #2263, #3456, #2139, #3740, #4087, #758, #1172, #1456, #922, #2600, #464, #2019, #3604, #3691, #2552, #3721, #2083, #697, #3781, #3704, #560, #3561, #3610, #1363, #1830, #2666, #3511, #151, #415, #3874, #1193, #4032, #3177, #2218, #3896, #3352, #3638, #316, #827, #2113, #1355, #3288, #3073, #750, #320, #282, #3760, #2418, #1309, #2465, #148, #3848, #2085, #2434, #3097, #1616, #2230, #106, #3298, #1930, #35, #3286, #2145, #75, #3127, #3554, #3146, #3686 ) ) ;
#2540 = DIRECTION ( 'NONE',  ( 0.000000000000000000, 0.000000000000000000, 1.000000000000000000 ) ) ;
#2541 = CARTESIAN_POINT ( 'NONE',  ( -6.506620400298968931, 7.595483206142949584, 3.750067448518116020 ) ) ;
#2542 = LINE ( 'NONE', #668, #985 ) ;
#2543 = DIRECTION ( 'NONE',  ( 0.000000000000000000, 0.000000000000000000, -1.000000000000000000 ) ) ;
#2544 = EDGE_LOOP ( 'NONE', ( #1952, #2688 ) ) ;
#2545 = EDGE_LOOP ( 'NONE', ( #3757, #2054, #2934, #3573 ) ) ;
#2546 = EDGE_CURVE ( 'NONE', #2812, #79, #2388, .T. ) ;
#2547 = DIRECTION ( 'NONE',  ( 1.000000000000000000, 0.000000000000000000, 0.000000000000000000 ) ) ;
#2548 = ORIENTED_EDGE ( 'NONE', *, *, #2686, .T. ) ;
#2549 = DIRECTION ( 'NONE',  ( -2.262682794752355172E-16, 1.000000000000000000, 0.000000000000000000 ) ) ;
#2550 = DIRECTION ( 'NONE',  ( 1.000000000000000000, -6.938893903907229955E-15, 0.000000000000000000 ) ) ;
#2551 = PLANE ( 'NONE',  #854 ) ;
#2552 = ADVANCED_FACE ( 'NONE', ( #1184 ), #1634, .F. ) ;
#2553 = VERTEX_POINT ( 'NONE', #870 ) ;
#2554 = CARTESIAN_POINT ( 'NONE',  ( -3.445498117113829917, 10.71087599265892010, 0.5000000000000000000 ) ) ;
#2555 = DIRECTION ( 'NONE',  ( 0.000000000000000000, 0.000000000000000000, -1.000000000000000000 ) ) ;
#2556 = ORIENTED_EDGE ( 'NONE', *, *, #1504, .T. ) ;
#2557 = CARTESIAN_POINT ( 'NONE',  ( -13.87632398949627976, -10.66309833667198248, 2.174625895141669485 ) ) ;
#2558 = CIRCLE ( 'NONE', #1415, 20.00000000000000000 ) ;
#2559 = CARTESIAN_POINT ( 'NONE',  ( 18.22189017612680217, 3.029553570466559709, 30.39999999999999858 ) ) ;
#2560 = DIRECTION ( 'NONE',  ( 1.000000000000000000, 1.508455196501569950E-16, 0.000000000000000000 ) ) ;
#2561 = CYLINDRICAL_SURFACE ( 'NONE', #2201, 0.6500000000000012434 ) ;
#2562 = DIRECTION ( 'NONE',  ( -1.000000000000000000, 0.000000000000000000, 0.000000000000000000 ) ) ;
#2563 = ORIENTED_EDGE ( 'NONE', *, *, #3621, .T. ) ;
#2564 = CARTESIAN_POINT ( 'NONE',  ( -7.346487228178633089, 6.785496821189788363, 1.732534107265881085 ) ) ;
#2565 = ORIENTED_EDGE ( 'NONE', *, *, #3257, .F. ) ;
#2566 = DIRECTION ( 'NONE',  ( 0.000000000000000000, 0.000000000000000000, 1.000000000000000000 ) ) ;
#2567 = PLANE ( 'NONE',  #3579 ) ;
#2568 = DIRECTION ( 'NONE',  ( -1.000000000000000000, 0.000000000000000000, 0.000000000000000000 ) ) ;
#2569 = ORIENTED_EDGE ( 'NONE', *, *, #260, .F. ) ;
#2570 = CARTESIAN_POINT ( 'NONE',  ( -0.7946051660938600048, 11.81808510325407902, -9.500000000000000000 ) ) ;
#2571 = EDGE_CURVE ( 'NONE', #62, #4056, #32, .T. ) ;
#2572 = EDGE_CURVE ( 'NONE', #2942, #760, #1823, .T. ) ;
#2573 = FACE_OUTER_BOUND ( 'NONE', #2921, .T. ) ;
#2574 = ORIENTED_EDGE ( 'NONE', *, *, #206, .T. ) ;
#2575 = AXIS2_PLACEMENT_3D ( 'NONE', #521, #1801, #3074 ) ;
#2576 = DIRECTION ( 'NONE',  ( -1.000000000000000000, 0.000000000000000000, 0.000000000000000000 ) ) ;
#2577 = DIRECTION ( 'NONE',  ( 0.000000000000000000, 0.000000000000000000, -1.000000000000000000 ) ) ;
#2578 = EDGE_CURVE ( 'NONE', #2654, #844, #2454, .T. ) ;
#2579 = DIRECTION ( 'NONE',  ( 0.000000000000000000, 0.000000000000000000, -1.000000000000000000 ) ) ;
#2580 = CARTESIAN_POINT ( 'NONE',  ( 10.66738156746751898, -13.92908720965067992, 2.500000000000000000 ) ) ;
#2581 = DIRECTION ( 'NONE',  ( -1.000000000000000000, 0.000000000000000000, 0.000000000000000000 ) ) ;
#2582 = CARTESIAN_POINT ( 'NONE',  ( 2.770244914684935278, 11.67709877494909954, 0.5000000000000000000 ) ) ;
#2583 = AXIS2_PLACEMENT_3D ( 'NONE', #4064, #2776, #3394 ) ;
#2584 = DIRECTION ( 'NONE',  ( -1.000000000000000000, 0.000000000000000000, 0.000000000000000000 ) ) ;
#2585 = ORIENTED_EDGE ( 'NONE', *, *, #14, .F. ) ;
#2586 = AXIS2_PLACEMENT_3D ( 'NONE', #261, #4093, #2284 ) ;
#2587 = DIRECTION ( 'NONE',  ( 0.000000000000000000, 0.000000000000000000, 1.000000000000000000 ) ) ;
#2588 = ORIENTED_EDGE ( 'NONE', *, *, #3580, .T. ) ;
#2589 = FACE_OUTER_BOUND ( 'NONE', #3835, .T. ) ;
#2590 = EDGE_CURVE ( 'NONE', #2173, #1510, #989, .T. ) ;
#2591 = CARTESIAN_POINT ( 'NONE',  ( 10.63780184538850726, -13.89558102072630597, 2.665776011306933757 ) ) ;
#2592 = AXIS2_PLACEMENT_3D ( 'NONE', #559, #2108, #1845 ) ;
#2593 = CARTESIAN_POINT ( 'NONE',  ( 1.999999999999790168, -23.50000000000000000, 31.39999999999999858 ) ) ;
#2594 = ORIENTED_EDGE ( 'NONE', *, *, #877, .T. ) ;
#2595 = AXIS2_PLACEMENT_3D ( 'NONE', #4171, #3439, #1548 ) ;
#2596 = CARTESIAN_POINT ( 'NONE',  ( -6.598428228961084940, -7.514036525892737295, 2.666052306934199478 ) ) ;
#2597 = CYLINDRICAL_SURFACE ( 'NONE', #3197, 0.6500000000000000222 ) ;
#2598 = AXIS2_PLACEMENT_3D ( 'NONE', #817, #481, #518 ) ;
#2599 = B_SPLINE_CURVE_WITH_KNOTS ( 'NONE', 3,
 ( #4124, #2596, #2262, #1637, #3233, #660, #1919, #4167, #3824, #3503, #3844, #2221, #3567, #1618, #2238, #2916, #39, #3214 ),
 .UNSPECIFIED., .F., .F.,
 ( 4, 2, 2, 2, 2, 2, 2, 2, 4 ),
 ( 0.000000000000000000, 0.1250000000000001665, 0.2500000000000003331, 0.3750000000000004996, 0.5000000000000006661, 0.6250000000000008882, 0.7500000000000005551, 0.8750000000000002220, 1.000000000000000000 ),
 .UNSPECIFIED. ) ;
#2600 = ADVANCED_FACE ( 'NONE', ( #361 ), #2567, .F. ) ;
#2601 = VERTEX_POINT ( 'NONE', #1202 ) ;
#2602 = AXIS2_PLACEMENT_3D ( 'NONE', #526, #1555, #656 ) ;
#2603 = CYLINDRICAL_SURFACE ( 'NONE', #2326, 1.249999999999998890 ) ;
#2604 = CARTESIAN_POINT ( 'NONE',  ( 3.445498117113829917, -10.71087599265892010, 0.5000000000000000000 ) ) ;
#2605 = CIRCLE ( 'NONE', #1321, 0.6500000000000012434 ) ;
#2606 = DIRECTION ( 'NONE',  ( 0.000000000000000000, 0.000000000000000000, 1.000000000000000000 ) ) ;
#2607 = CARTESIAN_POINT ( 'NONE',  ( -0.0009999999999594510764, -0.0009999999999594538953, 0.000000000000000000 ) ) ;
#2608 = CARTESIAN_POINT ( 'NONE',  ( 0.000000000000000000, 0.000000000000000000, 0.5000000000000000000 ) ) ;
#2609 = CARTESIAN_POINT ( 'NONE',  ( -12.88324013975685922, -11.84464313220643561, 3.718392480282289192 ) ) ;
#2610 = ORIENTED_EDGE ( 'NONE', *, *, #160, .F. ) ;
#2611 = ORIENTED_EDGE ( 'NONE', *, *, #3448, .F. ) ;
#2612 = CARTESIAN_POINT ( 'NONE',  ( 10.00000000000000000, 1.224646799147351876E-15, 0.000000000000000000 ) ) ;
#2613 = ORIENTED_EDGE ( 'NONE', *, *, #1394, .T. ) ;
#2614 = DIRECTION ( 'NONE',  ( 1.000000000000000000, 0.000000000000000000, 0.000000000000000000 ) ) ;
#2615 = DIRECTION ( 'NONE',  ( 1.000000000000000000, 8.818177669548689985E-15, 0.000000000000000000 ) ) ;
#2616 = ORIENTED_EDGE ( 'NONE', *, *, #3118, .T. ) ;
#2617 = CARTESIAN_POINT ( 'NONE',  ( 18.22189017612680217, -2.835895920711525076, 30.39999999999999858 ) ) ;
#2618 = DIRECTION ( 'NONE',  ( 0.000000000000000000, 0.000000000000000000, -1.000000000000000000 ) ) ;
#2619 = ORIENTED_EDGE ( 'NONE', *, *, #851, .T. ) ;
#2620 = VERTEX_POINT ( 'NONE', #1614 ) ;
#2621 = CARTESIAN_POINT ( 'NONE',  ( -12.50921437871104125, 12.23803724571259899, 2.500000000000000000 ) ) ;
#2622 = CARTESIAN_POINT ( 'NONE',  ( 5.000000000000000000, 15.00000000000000000, 31.39999999999999858 ) ) ;
#2623 = DIRECTION ( 'NONE',  ( 1.000000000000000000, 0.000000000000000000, 0.000000000000000000 ) ) ;
#2624 = AXIS2_PLACEMENT_3D ( 'NONE', #2301, #2651, #3906 ) ;
#2625 = DIRECTION ( 'NONE',  ( 1.000000000000000000, 6.938893903905930701E-16, 0.000000000000000000 ) ) ;
#2626 = CARTESIAN_POINT ( 'NONE',  ( 12.06878020920992078, -12.67351477894671419, 1.408646040878281935 ) ) ;
#2627 = ADVANCED_FACE ( 'NONE', ( #551 ), #3763, .T. ) ;
#2628 = VERTEX_POINT ( 'NONE', #2893 ) ;
#2629 = ORIENTED_EDGE ( 'NONE', *, *, #495, .T. ) ;
#2630 = CARTESIAN_POINT ( 'NONE',  ( 17.00000000000000000, -7.999999999999739764, 30.39999999999999858 ) ) ;
#2631 = EDGE_LOOP ( 'NONE', ( #2851, #3637, #1150, #2115 ) ) ;
#2632 = LINE ( 'NONE', #100, #1477 ) ;
#2633 = DIRECTION ( 'NONE',  ( 1.000000000000000000, 0.000000000000000000, 0.000000000000000000 ) ) ;
#2634 = VERTEX_POINT ( 'NONE', #1859 ) ;
#2635 = AXIS2_PLACEMENT_3D ( 'NONE', #622, #2560, #3117 ) ;
#2636 = CARTESIAN_POINT ( 'NONE',  ( -0.7946051660938600048, 11.81808510325407902, -9.500000000000000000 ) ) ;
#2637 = ORIENTED_EDGE ( 'NONE', *, *, #471, .T. ) ;
#2638 = FACE_OUTER_BOUND ( 'NONE', #524, .T. ) ;
#2639 = EDGE_CURVE ( 'NONE', #2494, #992, #237, .T. ) ;
#2640 = VERTEX_POINT ( 'NONE', #696 ) ;
#2641 = CARTESIAN_POINT ( 'NONE',  ( 0.000000000000000000, 0.000000000000000000, 31.39999999999999858 ) ) ;
#2642 = AXIS2_PLACEMENT_3D ( 'NONE', #2890, #3815, #2547 ) ;
#2643 = CARTESIAN_POINT ( 'NONE',  ( 0.000000000000000000, 0.000000000000000000, 31.39999999999999858 ) ) ;
#2644 = EDGE_CURVE ( 'NONE', #844, #2654, #2907, .T. ) ;
#2645 = FILL_AREA_STYLE_COLOUR ( '', #2072 ) ;
#2646 = CARTESIAN_POINT ( 'NONE',  ( 12.16612436660505914, -12.57971240654722855, 1.498891517294313580 ) ) ;
#2647 = ORIENTED_EDGE ( 'NONE', *, *, #2089, .T. ) ;
#2648 = VERTEX_POINT ( 'NONE', #1980 ) ;
#2649 = EDGE_CURVE ( 'NONE', #4110, #3563, #3250, .T. ) ;
#2650 = CARTESIAN_POINT ( 'NONE',  ( -12.50921437871104125, 12.23803724571259899, 2.500000000000000000 ) ) ;
#2651 = DIRECTION ( 'NONE',  ( 0.000000000000000000, 0.000000000000000000, 1.000000000000000000 ) ) ;
#2652 = FACE_OUTER_BOUND ( 'NONE', #1659, .T. ) ;
#2653 = VECTOR ( 'NONE', #477, 1000.000000000000000 ) ;
#2654 = VERTEX_POINT ( 'NONE', #3433 ) ;
#2655 = CYLINDRICAL_SURFACE ( 'NONE', #730, 17.50000000000000000 ) ;
#2656 = ORIENTED_EDGE ( 'NONE', *, *, #1877, .T. ) ;
#2657 = CARTESIAN_POINT ( 'NONE',  ( 18.22189017612680217, 1.110948596716720083, 30.39999999999999858 ) ) ;
#2658 = AXIS2_PLACEMENT_3D ( 'NONE', #4080, #1192, #162 ) ;
#2659 = CARTESIAN_POINT ( 'NONE',  ( 0.000000000000000000, 0.000000000000000000, 0.000000000000000000 ) ) ;
#2660 = VERTEX_POINT ( 'NONE', #8 ) ;
#2661 = CARTESIAN_POINT ( 'NONE',  ( -11.47820679603243299, 13.21091494099188424, 3.749859554138601947 ) ) ;
#2662 = CIRCLE ( 'NONE', #577, 0.6500000000000000222 ) ;
#2663 = CARTESIAN_POINT ( 'NONE',  ( 21.00000000000000000, 2.571758278209440083E-15, 6.000000000000000000 ) ) ;
#2664 = CIRCLE ( 'NONE', #3858, 21.00000000000000000 ) ;
#2665 = AXIS2_PLACEMENT_3D ( 'NONE', #104, #2030, #2303 ) ;
#2666 = ADVANCED_FACE ( 'NONE', ( #1657, #4162, #1299 ), #3544, .F. ) ;
#2667 = DIRECTION ( 'NONE',  ( -7.806255641895630347E-15, 1.000000000000000000, 0.000000000000000000 ) ) ;
#2668 = CARTESIAN_POINT ( 'NONE',  ( 10.66309833667383700, -13.87632398949484269, 2.174625895138805998 ) ) ;
#2669 = ORIENTED_EDGE ( 'NONE', *, *, #1350, .F. ) ;
#2670 = VERTEX_POINT ( 'NONE', #144 ) ;
#2671 = AXIS2_PLACEMENT_3D ( 'NONE', #1371, #3234, #1038 ) ;
#2672 = CYLINDRICAL_SURFACE ( 'NONE', #1868, 2.000000000000000000 ) ;
#2673 = DIRECTION ( 'NONE',  ( 1.000000000000000000, 0.000000000000000000, 0.000000000000000000 ) ) ;
#2674 = CARTESIAN_POINT ( 'NONE',  ( 2.248969619460625236, 11.81808510325407902, 0.5000000000000000000 ) ) ;
#2675 = ORIENTED_EDGE ( 'NONE', *, *, #1635, .F. ) ;
#2676 = DIRECTION ( 'NONE',  ( 0.000000000000000000, 0.000000000000000000, -1.000000000000000000 ) ) ;
#2677 = ORIENTED_EDGE ( 'NONE', *, *, #2187, .T. ) ;
#2678 = EDGE_CURVE ( 'NONE', #525, #1366, #1034, .T. ) ;
#2679 = ADVANCED_FACE ( 'NONE', ( #2652 ), #2344, .T. ) ;
#2680 = EDGE_LOOP ( 'NONE', ( #2423, #467 ) ) ;
#2681 = ORIENTED_EDGE ( 'NONE', *, *, #2935, .T. ) ;
#2682 = CARTESIAN_POINT ( 'NONE',  ( -10.83464437412724202, 13.74315128028277577, 3.266086975623413657 ) ) ;
#2683 = DIRECTION ( 'NONE',  ( 0.000000000000000000, 0.000000000000000000, -1.000000000000000000 ) ) ;
#2684 = CARTESIAN_POINT ( 'NONE',  ( 5.000000000000000000, 26.50000000000000000, 31.39999999999999858 ) ) ;
#2685 = CARTESIAN_POINT ( 'NONE',  ( 10.63780177058192322, -13.89558107799420839, 2.334076596478616761 ) ) ;
#2686 = EDGE_CURVE ( 'NONE', #1726, #2634, #3110, .T. ) ;
#2687 = VERTEX_POINT ( 'NONE', #2674 ) ;
#2688 = ORIENTED_EDGE ( 'NONE', *, *, #2572, .T. ) ;
#2689 = LINE ( 'NONE', #2955, #1329 ) ;
#2690 = LINE ( 'NONE', #1405, #2095 ) ;
#2691 = CARTESIAN_POINT ( 'NONE',  ( 17.57189017612680004, 1.110948596716720083, 40.39999999999999858 ) ) ;
#2692 = AXIS2_PLACEMENT_3D ( 'NONE', #124, #3970, #1742 ) ;
#2693 = EDGE_CURVE ( 'NONE', #2469, #4139, #2979, .T. ) ;
#2694 = VERTEX_POINT ( 'NONE', #3329 ) ;
#2695 = ORIENTED_EDGE ( 'NONE', *, *, #3493, .T. ) ;
#2696 = DIRECTION ( 'NONE',  ( 0.000000000000000000, 0.000000000000000000, -1.000000000000000000 ) ) ;
#2697 = VERTEX_POINT ( 'NONE', #3971 ) ;
#2698 = ADVANCED_FACE ( 'NONE', ( #3293 ), #3951, .F. ) ;
#2699 = ORIENTED_EDGE ( 'NONE', *, *, #743, .F. ) ;
#2700 = ADVANCED_FACE ( 'NONE', ( #1365 ), #3673, .F. ) ;
#2701 = DIRECTION ( 'NONE',  ( 1.000000000000000000, 0.000000000000000000, 0.000000000000000000 ) ) ;
#2702 = CARTESIAN_POINT ( 'NONE',  ( 2.625289776843494849, -10.94084893382380130, 0.5000000000000000000 ) ) ;
#2703 = ORIENTED_EDGE ( 'NONE', *, *, #1898, .F. ) ;
#2704 = DIRECTION ( 'NONE',  ( 1.000000000000000000, 0.000000000000000000, 0.000000000000000000 ) ) ;
#2705 = ORIENTED_EDGE ( 'NONE', *, *, #446, .F. ) ;
#2706 = CARTESIAN_POINT ( 'NONE',  ( 8.238007967941026521, 5.669153644815565052, 2.825411512549431237 ) ) ;
#2707 = CARTESIAN_POINT ( 'NONE',  ( 6.718417738475955581, 7.407225534657461807, 1.866669076311834097 ) ) ;
#2708 = ORIENTED_EDGE ( 'NONE', *, *, #2372, .T. ) ;
#2709 = CARTESIAN_POINT ( 'NONE',  ( -0.7946051660938600048, 11.81808510325407902, 0.5000000000000000000 ) ) ;
#2710 = FACE_OUTER_BOUND ( 'NONE', #165, .T. ) ;
#2711 = CARTESIAN_POINT ( 'NONE',  ( -11.09999999999999964, 1.359357947053562156E-15, 31.39999999999999858 ) ) ;
#2712 = ORIENTED_EDGE ( 'NONE', *, *, #3939, .F. ) ;
#2713 = CARTESIAN_POINT ( 'NONE',  ( 0.000000000000000000, 0.000000000000000000, 5.000000000000000000 ) ) ;
#2714 = ORIENTED_EDGE ( 'NONE', *, *, #1761, .T. ) ;
#2715 = CYLINDRICAL_SURFACE ( 'NONE', #2859, 0.6500000000000000222 ) ;
#2716 = CIRCLE ( 'NONE', #1305, 19.90000000000000213 ) ;
#2717 = ORIENTED_EDGE ( 'NONE', *, *, #2722, .F. ) ;
#2718 = LINE ( 'NONE', #3997, #1556 ) ;
#2719 = LINE ( 'NONE', #215, #1986 ) ;
#2720 = VERTEX_POINT ( 'NONE', #2691 ) ;
#2721 = CARTESIAN_POINT ( 'NONE',  ( 11.00000000000000000, 0.000000000000000000, 31.39999999999999858 ) ) ;
#2722 = EDGE_CURVE ( 'NONE', #2763, #133, #2716, .T. ) ;
#2723 = EDGE_CURVE ( 'NONE', #2720, #2694, #2053, .T. ) ;
#2724 = ORIENTED_EDGE ( 'NONE', *, *, #2678, .T. ) ;
#2725 = AXIS2_PLACEMENT_3D ( 'NONE', #1476, #2744, #3396 ) ;
#2726 = FACE_BOUND ( 'NONE', #1729, .T. ) ;
#2727 = DIRECTION ( 'NONE',  ( -1.000000000000000000, 0.000000000000000000, 0.000000000000000000 ) ) ;
#2728 = EDGE_CURVE ( 'NONE', #3695, #2670, #3584, .T. ) ;
#2729 = VERTEX_POINT ( 'NONE', #1743 ) ;
#2730 = CARTESIAN_POINT ( 'NONE',  ( 12.23808847300330527, 12.50916426193531272, 2.333962370994919766 ) ) ;
#2731 = LINE ( 'NONE', #1506, #271 ) ;
#2732 = DIRECTION ( 'NONE',  ( 1.508455196501569950E-16, -1.000000000000000000, 0.000000000000000000 ) ) ;
#2733 = CIRCLE ( 'NONE', #914, 0.6500000000000000222 ) ;
#2734 = STYLED_ITEM ( 'NONE', ( #1002 ), #2076 ) ;
#2735 = AXIS2_PLACEMENT_3D ( 'NONE', #430, #3332, #1392 ) ;
#2736 = VERTEX_POINT ( 'NONE', #2711 ) ;
#2737 = FACE_BOUND ( 'NONE', #3429, .T. ) ;
#2738 = ORIENTED_EDGE ( 'NONE', *, *, #3746, .T. ) ;
#2739 = FACE_OUTER_BOUND ( 'NONE', #459, .T. ) ;
#2740 = AXIS2_PLACEMENT_3D ( 'NONE', #718, #2007, #1972 ) ;
#2741 = EDGE_LOOP ( 'NONE', ( #1932, #3877 ) ) ;
#2742 = PLANE ( 'NONE',  #2451 ) ;
#2743 = DIRECTION ( 'NONE',  ( 1.000000000000000000, 0.000000000000000000, 0.000000000000000000 ) ) ;
#2744 = DIRECTION ( 'NONE',  ( 6.938893903907229955E-15, 1.000000000000000000, 0.000000000000000000 ) ) ;
#2745 = CARTESIAN_POINT ( 'NONE',  ( 8.255920848905548226, 5.642674094962876197, 2.665915233598863843 ) ) ;
#2746 = CARTESIAN_POINT ( 'NONE',  ( -7.376512950109454181, -6.753855703617860584, 1.249875281980866948 ) ) ;
#2747 = CARTESIAN_POINT ( 'NONE',  ( 12.99012594833559575, 11.72749270984314229, 1.250066120673160475 ) ) ;
#2748 = EDGE_CURVE ( 'NONE', #1037, #2466, #1343, .T. ) ;
#2749 = CARTESIAN_POINT ( 'NONE',  ( 5.669153644816082860, -8.238007967940660592, 2.825411512556963878 ) ) ;
#2750 = EDGE_CURVE ( 'NONE', #1846, #1017, #2009, .T. ) ;
#2751 = CYLINDRICAL_SURFACE ( 'NONE', #3179, 0.6500000000000012434 ) ;
#2752 = ORIENTED_EDGE ( 'NONE', *, *, #713, .T. ) ;
#2753 = ORIENTED_EDGE ( 'NONE', *, *, #3416, .T. ) ;
#2754 = PLANE ( 'NONE',  #2795 ) ;
#2755 = ORIENTED_EDGE ( 'NONE', *, *, #2264, .F. ) ;
#2756 = VECTOR ( 'NONE', #1680, 1000.000000000000000 ) ;
#2757 = DIRECTION ( 'NONE',  ( 0.000000000000000000, 0.000000000000000000, -1.000000000000000000 ) ) ;
#2758 = ORIENTED_EDGE ( 'NONE', *, *, #1756, .T. ) ;
#2759 = CARTESIAN_POINT ( 'NONE',  ( -10.66309833667327744, 13.87632398949528145, 2.174625895138804221 ) ) ;
#2760 = LINE ( 'NONE', #496, #19 ) ;
#2761 = ORIENTED_EDGE ( 'NONE', *, *, #419, .T. ) ;
#2762 = CARTESIAN_POINT ( 'NONE',  ( 0.000000000000000000, 0.000000000000000000, 6.000000000000000000 ) ) ;
#2763 = VERTEX_POINT ( 'NONE', #1074 ) ;
#2764 = CYLINDRICAL_SURFACE ( 'NONE', #24, 0.6500000000000012434 ) ;
#2765 = FACE_OUTER_BOUND ( 'NONE', #1923, .T. ) ;
#2766 = LINE ( 'NONE', #2106, #11 ) ;
#2767 = DIRECTION ( 'NONE',  ( 1.000000000000000000, 0.000000000000000000, 0.000000000000000000 ) ) ;
#2768 = EDGE_CURVE ( 'NONE', #1870, #1152, #782, .T. ) ;
#2769 = FACE_OUTER_BOUND ( 'NONE', #1233, .T. ) ;
#2770 = VECTOR ( 'NONE', #317, 1000.000000000000000 ) ;
#2771 = ORIENTED_EDGE ( 'NONE', *, *, #4034, .F. ) ;
#2772 = ORIENTED_EDGE ( 'NONE', *, *, #3163, .F. ) ;
#2773 = CARTESIAN_POINT ( 'NONE',  ( 6.383231682679348928, -7.699212737585713562, 1.282019227040533282 ) ) ;
#2774 = ORIENTED_EDGE ( 'NONE', *, *, #1504, .F. ) ;
#2775 = DIRECTION ( 'NONE',  ( 0.000000000000000000, 0.000000000000000000, 1.000000000000000000 ) ) ;
#2776 = DIRECTION ( 'NONE',  ( 0.000000000000000000, 0.000000000000000000, -1.000000000000000000 ) ) ;
#2777 = AXIS2_PLACEMENT_3D ( 'NONE', #2489, #4041, #2137 ) ;
#2778 = CARTESIAN_POINT ( 'NONE',  ( -10.00000000000000000, 0.000000000000000000, 31.40099999999999980 ) ) ;
#2779 = LINE ( 'NONE', #1812, #171 ) ;
#2780 = VECTOR ( 'NONE', #3682, 1000.000000000000000 ) ;
#2781 = FACE_OUTER_BOUND ( 'NONE', #217, .T. ) ;
#2782 = CARTESIAN_POINT ( 'NONE',  ( 8.112563170790057399, 5.848092695660334961, 3.266697368193214324 ) ) ;
#2783 = CARTESIAN_POINT ( 'NONE',  ( 18.22189017612680217, 5.057793114144960356, 30.39999999999999858 ) ) ;
#2784 = VECTOR ( 'NONE', #1231, 1000.000000000000000 ) ;
#2785 = AXIS2_PLACEMENT_3D ( 'NONE', #416, #3916, #3961 ) ;
#2786 = ORIENTED_EDGE ( 'NONE', *, *, #4144, .F. ) ;
#2787 = AXIS2_PLACEMENT_3D ( 'NONE', #3237, #1690, #705 ) ;
#2788 = LINE ( 'NONE', #2461, #1834 ) ;
#2789 = CARTESIAN_POINT ( 'NONE',  ( 6.871395108696314757, -7.266870958581890250, 3.718164539971014371 ) ) ;
#2790 = CARTESIAN_POINT ( 'NONE',  ( 18.22189017612680217, -4.672274967014939939, 40.39999999999999858 ) ) ;
#2791 = AXIS2_PLACEMENT_3D ( 'NONE', #568, #3037, #2471 ) ;
#2792 = AXIS2_PLACEMENT_3D ( 'NONE', #1606, #1926, #1207 ) ;
#2793 = ORIENTED_EDGE ( 'NONE', *, *, #1970, .T. ) ;
#2794 = EDGE_LOOP ( 'NONE', ( #3461, #2771 ) ) ;
#2795 = AXIS2_PLACEMENT_3D ( 'NONE', #4036, #1151, #3714 ) ;
#2796 = CARTESIAN_POINT ( 'NONE',  ( 7.407225534657456478, -6.718417738475960022, 1.866669076317800213 ) ) ;
#2797 = EDGE_LOOP ( 'NONE', ( #2175, #2097 ) ) ;
#2798 = CIRCLE ( 'NONE', #2994, 0.7499999999948779861 ) ;
#2799 = CARTESIAN_POINT ( 'NONE',  ( 0.000000000000000000, -11.96354363695471967, -9.500000000000000000 ) ) ;
#2800 = ORIENTED_EDGE ( 'NONE', *, *, #1814, .T. ) ;
#2801 = DIRECTION ( 'NONE',  ( 1.000000000000000000, 9.251858538538431539E-15, 0.000000000000000000 ) ) ;
#2802 = EDGE_CURVE ( 'NONE', #1457, #3209, #2845, .T. ) ;
#2803 = CARTESIAN_POINT ( 'NONE',  ( 17.57189017612680004, -4.672274967014939939, 40.39999999999999858 ) ) ;
#2804 = DIRECTION ( 'NONE',  ( 1.000000000000000000, -6.938893903907229955E-15, 0.000000000000000000 ) ) ;
#2805 = VECTOR ( 'NONE', #357, 1000.000000000000000 ) ;
#2806 = EDGE_LOOP ( 'NONE', ( #4103, #3518 ) ) ;
#2807 = CARTESIAN_POINT ( 'NONE',  ( -13.74285058250681324, -10.83502908087960392, 1.733196819641833031 ) ) ;
#2808 = CARTESIAN_POINT ( 'NONE',  ( -2.625289776843494849, 10.94084893382380130, 0.5000000000000000000 ) ) ;
#2809 = DIRECTION ( 'NONE',  ( 1.000000000000000000, 0.000000000000000000, 0.000000000000000000 ) ) ;
#2810 = DIRECTION ( 'NONE',  ( 0.000000000000000000, 0.000000000000000000, -1.000000000000000000 ) ) ;
#2811 = DIRECTION ( 'NONE',  ( 1.000000000000000000, 0.000000000000000000, 0.000000000000000000 ) ) ;
#2812 = VERTEX_POINT ( 'NONE', #2401 ) ;
#2813 = PLANE ( 'NONE',  #399 ) ;
#2814 = DIRECTION ( 'NONE',  ( -1.000000000000000000, 0.000000000000000000, 0.000000000000000000 ) ) ;
#2815 = ORIENTED_EDGE ( 'NONE', *, *, #2035, .F. ) ;
#2816 = CARTESIAN_POINT ( 'NONE',  ( 0.000000000000000000, 0.000000000000000000, 5.000000000000000000 ) ) ;
#2817 = ORIENTED_EDGE ( 'NONE', *, *, #3671, .T. ) ;
#2818 = EDGE_CURVE ( 'NONE', #16, #864, #2070, .T. ) ;
#2819 = LINE ( 'NONE', #1282, #3445 ) ;
#2820 = EDGE_LOOP ( 'NONE', ( #1709, #2817, #2366, #659, #1094, #3736, #443 ) ) ;
#2821 = CARTESIAN_POINT ( 'NONE',  ( -11.47941204586355823, 13.20986587722720529, 1.249934040102193666 ) ) ;
#2822 = CARTESIAN_POINT ( 'NONE',  ( 12.33332060562788435, -12.41583540899999427, 3.267498816377869097 ) ) ;
#2823 = PLANE ( 'NONE',  #452 ) ;
#2824 = EDGE_CURVE ( 'NONE', #1554, #3582, #3273, .T. ) ;
#2825 = ORIENTED_EDGE ( 'NONE', *, *, #3416, .F. ) ;
#2826 = CARTESIAN_POINT ( 'NONE',  ( 0.000000000000000000, 0.000000000000000000, 31.39999999999999858 ) ) ;
#2827 = CARTESIAN_POINT ( 'NONE',  ( -10.00000000000000000, 0.000000000000000000, 0.000000000000000000 ) ) ;
#2828 = CIRCLE ( 'NONE', #1147, 0.7499999999948758767 ) ;
#2829 = CARTESIAN_POINT ( 'NONE',  ( -2.768244914684924840, 11.67709877494909954, 0.5000000000000000000 ) ) ;
#2830 = DIRECTION ( 'NONE',  ( 0.000000000000000000, 0.000000000000000000, -1.000000000000000000 ) ) ;
#2831 = EDGE_CURVE ( 'NONE', #941, #609, #2957, .T. ) ;
#2832 = DIRECTION ( 'NONE',  ( 1.000000000000000000, 0.000000000000000000, 0.000000000000000000 ) ) ;
#2833 = ORIENTED_EDGE ( 'NONE', *, *, #3420, .T. ) ;
#2834 = FACE_OUTER_BOUND ( 'NONE', #2357, .T. ) ;
#2835 = EDGE_LOOP ( 'NONE', ( #1740, #2154, #2548, #3240 ) ) ;
#2836 = CARTESIAN_POINT ( 'NONE',  ( 18.87189017612680075, 3.029553570466559709, 40.39999999999999858 ) ) ;
#2837 = CARTESIAN_POINT ( 'NONE',  ( 0.000000000000000000, 0.000000000000000000, 29.39999999999999858 ) ) ;
#2838 = ORIENTED_EDGE ( 'NONE', *, *, #1639, .T. ) ;
#2839 = DIRECTION ( 'NONE',  ( 1.000000000000000000, 0.000000000000000000, 0.000000000000000000 ) ) ;
#2840 = DIRECTION ( 'NONE',  ( 0.6630352452962269272, -0.7485881801731659735, 0.000000000000000000 ) ) ;
#2841 = ORIENTED_EDGE ( 'NONE', *, *, #4164, .T. ) ;
#2842 = CARTESIAN_POINT ( 'NONE',  ( 3.903973979560090068, -12.13612074432424137, 0.5000000000000000000 ) ) ;
#2843 = LINE ( 'NONE', #3465, #3046 ) ;
#2844 = CARTESIAN_POINT ( 'NONE',  ( -6.754772278893782733, 7.375671198519797578, 3.749932382650782436 ) ) ;
#2845 = CIRCLE ( 'NONE', #3373, 0.6500000000000012434 ) ;
#2846 = CARTESIAN_POINT ( 'NONE',  ( 0.000000000000000000, 0.000000000000000000, 0.000000000000000000 ) ) ;
#2847 = DIRECTION ( 'NONE',  ( 0.000000000000000000, 0.000000000000000000, -1.000000000000000000 ) ) ;
#2848 = CARTESIAN_POINT ( 'NONE',  ( -2.997719311615589799, 12.39113063778549950, 0.5000000000000000000 ) ) ;
#2849 = ADVANCED_FACE ( 'NONE', ( #2769 ), #2126, .T. ) ;
#2850 = ORIENTED_EDGE ( 'NONE', *, *, #3053, .F. ) ;
#2851 = ORIENTED_EDGE ( 'NONE', *, *, #1357, .F. ) ;
#2852 = DIRECTION ( 'NONE',  ( 1.000000000000000000, 0.000000000000000000, 0.000000000000000000 ) ) ;
#2853 = ORIENTED_EDGE ( 'NONE', *, *, #2693, .F. ) ;
#2854 = DIRECTION ( 'NONE',  ( -1.000000000000000000, -2.262682794752355172E-16, 0.000000000000000000 ) ) ;
#2855 = DIRECTION ( 'NONE',  ( 0.000000000000000000, 0.000000000000000000, 1.000000000000000000 ) ) ;
#2856 = EDGE_LOOP ( 'NONE', ( #4160, #818, #3247, #3996 ) ) ;
#2857 = CARTESIAN_POINT ( 'NONE',  ( -1.598969619460624880, -11.81808510325407902, -9.500000000000000000 ) ) ;
#2858 = DIRECTION ( 'NONE',  ( 0.000000000000000000, 0.000000000000000000, -1.000000000000000000 ) ) ;
#2859 = AXIS2_PLACEMENT_3D ( 'NONE', #886, #257, #1767 ) ;
#2860 = ORIENTED_EDGE ( 'NONE', *, *, #1567, .F. ) ;
#2861 = CIRCLE ( 'NONE', #3601, 0.6500000000000012434 ) ;
#2862 = DIRECTION ( 'NONE',  ( 1.000000000000000000, 0.000000000000000000, 0.000000000000000000 ) ) ;
#2863 = CARTESIAN_POINT ( 'NONE',  ( -12.99012594834431411, -11.72749270983329950, 1.250066120673166914 ) ) ;
#2864 = DIRECTION ( 'NONE',  ( 0.000000000000000000, 0.000000000000000000, -1.000000000000000000 ) ) ;
#2865 = DIRECTION ( 'NONE',  ( 1.000000000000000000, 0.000000000000000000, 0.000000000000000000 ) ) ;
#2866 = CARTESIAN_POINT ( 'NONE',  ( -5.848092695655850548, 8.112563170793373857, 3.266697368187748918 ) ) ;
#2867 = DIRECTION ( 'NONE',  ( 0.000000000000000000, 0.000000000000000000, 1.000000000000000000 ) ) ;
#2868 = PLANE ( 'NONE',  #2490 ) ;
#2869 = CARTESIAN_POINT ( 'NONE',  ( -10.00000000000000000, 0.000000000000000000, 31.39999999999999858 ) ) ;
#2870 = VERTEX_POINT ( 'NONE', #3120 ) ;
#2871 = ORIENTED_EDGE ( 'NONE', *, *, #2678, .F. ) ;
#2872 = EDGE_CURVE ( 'NONE', #3368, #1977, #3771, .T. ) ;
#2873 = CARTESIAN_POINT ( 'NONE',  ( -6.144113456948963048, 7.891349271291032252, 1.409344416968669078 ) ) ;
#2874 = ORIENTED_EDGE ( 'NONE', *, *, #4164, .F. ) ;
#2875 = CARTESIAN_POINT ( 'NONE',  ( 18.87189017612680075, 5.057793114144960356, 40.39999999999999858 ) ) ;
#2876 = DIRECTION ( 'NONE',  ( 0.000000000000000000, 0.000000000000000000, -1.000000000000000000 ) ) ;
#2877 = ORIENTED_EDGE ( 'NONE', *, *, #3153, .F. ) ;
#2878 = DIRECTION ( 'NONE',  ( 0.000000000000000000, 0.000000000000000000, 1.000000000000000000 ) ) ;
#2879 = DIRECTION ( 'NONE',  ( -1.948672704680620034E-13, 1.000000000000000000, 0.000000000000000000 ) ) ;
#2880 = EDGE_LOOP ( 'NONE', ( #1197, #2699 ) ) ;
#2881 = CARTESIAN_POINT ( 'NONE',  ( -13.89558107799565612, -10.63780177058003318, 2.334076596481483801 ) ) ;
#2882 = B_SPLINE_CURVE_WITH_KNOTS ( 'NONE', 3,
 ( #1166, #2730, #860, #468, #1741, #1777, #184, #1464, #2747, #142, #820, #222, #1426, #3689, #1442, #3402, #3051, #3384 ),
 .UNSPECIFIED., .F., .F.,
 ( 4, 2, 2, 2, 2, 2, 2, 2, 4 ),
 ( 0.000000000000000000, 0.1250000000000001110, 0.2500000000000000555, 0.3750000000000000555, 0.5000000000000000000, 0.6250000000000000000, 0.7500000000000000000, 0.8750000000000000000, 1.000000000000000000 ),
 .UNSPECIFIED. ) ;
#2883 = AXIS2_PLACEMENT_3D ( 'NONE', #1090, #3649, #2673 ) ;
#2884 = DIRECTION ( 'NONE',  ( 0.000000000000000000, 0.000000000000000000, -1.000000000000000000 ) ) ;
#2885 = PLANE ( 'NONE',  #823 ) ;
#2886 = EDGE_CURVE ( 'NONE', #4139, #1452, #3922, .T. ) ;
#2887 = CARTESIAN_POINT ( 'NONE',  ( 0.000000000000000000, 0.000000000000000000, 0.5000000000000000000 ) ) ;
#2888 = CARTESIAN_POINT ( 'NONE',  ( -13.89562535895805873, -10.63774392827171944, 2.499999999999490186 ) ) ;
#2889 = ORIENTED_EDGE ( 'NONE', *, *, #3449, .T. ) ;
#2890 = CARTESIAN_POINT ( 'NONE',  ( 0.000000000000000000, 0.000000000000000000, 31.39999999999999858 ) ) ;
#2891 = VERTEX_POINT ( 'NONE', #503 ) ;
#2892 = DIRECTION ( 'NONE',  ( 0.000000000000000000, 0.000000000000000000, -1.000000000000000000 ) ) ;
#2893 = CARTESIAN_POINT ( 'NONE',  ( -5.000000000001870504, 15.00000000000000000, 33.39999999999999858 ) ) ;
#2894 = DIRECTION ( 'NONE',  ( 0.000000000000000000, 0.000000000000000000, 1.000000000000000000 ) ) ;
#2895 = ORIENTED_EDGE ( 'NONE', *, *, #2187, .F. ) ;
#2896 = CARTESIAN_POINT ( 'NONE',  ( -2.595167107518229876, 10.94734260151945904, 0.000000000000000000 ) ) ;
#2897 = CARTESIAN_POINT ( 'NONE',  ( 18.22114156687235109, -7.999999999999739764, 31.39999999999999858 ) ) ;
#2898 = ORIENTED_EDGE ( 'NONE', *, *, #2748, .F. ) ;
#2899 = DIRECTION ( 'NONE',  ( 1.000000000000000000, 0.000000000000000000, 0.000000000000000000 ) ) ;
#2900 = FACE_BOUND ( 'NONE', #3880, .T. ) ;
#2901 = FACE_OUTER_BOUND ( 'NONE', #97, .T. ) ;
#2902 = DIRECTION ( 'NONE',  ( -1.000000000000000000, -7.806255641895630347E-15, 0.000000000000000000 ) ) ;
#2903 = DIRECTION ( 'NONE',  ( -1.000000000000000000, 0.000000000000000000, 0.000000000000000000 ) ) ;
#2904 = CARTESIAN_POINT ( 'NONE',  ( -12.35182562903115944, -12.39703525578970833, 3.133010599033511756 ) ) ;
#2905 = ORIENTED_EDGE ( 'NONE', *, *, #183, .F. ) ;
#2906 = EDGE_LOOP ( 'NONE', ( #3105, #3588 ) ) ;
#2907 = CIRCLE ( 'NONE', #2586, 19.94999999999999929 ) ;
#2908 = CARTESIAN_POINT ( 'NONE',  ( -5.000000000000110134, -15.00000000000000000, 31.39999999999999858 ) ) ;
#2909 = ORIENTED_EDGE ( 'NONE', *, *, #3422, .F. ) ;
#2910 = DIRECTION ( 'NONE',  ( 1.000000000000000000, 0.000000000000000000, 0.000000000000000000 ) ) ;
#2911 = DIRECTION ( 'NONE',  ( 0.000000000000000000, 0.000000000000000000, -1.000000000000000000 ) ) ;
#2912 = PRODUCT_DEFINITION_CONTEXT ( 'detailed design', #1829, 'design' ) ;
#2913 = AXIS2_PLACEMENT_3D ( 'NONE', #4100, #3692, #1532 ) ;
#2914 = VECTOR ( 'NONE', #999, 1000.000000000000000 ) ;
#2915 = VERTEX_POINT ( 'NONE', #1779 ) ;
#2916 = CARTESIAN_POINT ( 'NONE',  ( -8.238007967940625065, -5.669153644816138815, 2.825411512551065929 ) ) ;
#2917 = PLANE ( 'NONE',  #1718 ) ;
#2918 = AXIS2_PLACEMENT_3D ( 'NONE', #342, #1615, #2285 ) ;
#2919 = CIRCLE ( 'NONE', #108, 10.00000000000000000 ) ;
#2920 = EDGE_CURVE ( 'NONE', #2260, #3834, #523, .T. ) ;
#2921 = EDGE_LOOP ( 'NONE', ( #4040, #692, #3883, #295 ) ) ;
#2922 = EDGE_CURVE ( 'NONE', #3307, #941, #2481, .T. ) ;
#2923 = AXIS2_PLACEMENT_3D ( 'NONE', #3453, #591, #1935 ) ;
#2924 = DIRECTION ( 'NONE',  ( 0.000000000000000000, 0.000000000000000000, 1.000000000000000000 ) ) ;
#2925 = CARTESIAN_POINT ( 'NONE',  ( 2.595167107518229876, -10.94734260151945904, 0.5000000000000000000 ) ) ;
#2926 = AXIS2_PLACEMENT_3D ( 'NONE', #4116, #1230, #1023 ) ;
#2927 = EDGE_CURVE ( 'NONE', #3124, #326, #3752, .T. ) ;
#2928 = CARTESIAN_POINT ( 'NONE',  ( 0.000000000000000000, 0.000000000000000000, 31.39999999999999858 ) ) ;
#2929 = DIRECTION ( 'NONE',  ( 0.000000000000000000, 0.000000000000000000, -1.000000000000000000 ) ) ;
#2930 = VERTEX_POINT ( 'NONE', #2150 ) ;
#2931 = EDGE_LOOP ( 'NONE', ( #1322, #1863, #3374, #1159 ) ) ;
#2932 = VECTOR ( 'NONE', #1871, 999.9999999999998863 ) ;
#2933 = DIRECTION ( 'NONE',  ( -6.938893903907229955E-15, -1.000000000000000000, 0.000000000000000000 ) ) ;
#2934 = ORIENTED_EDGE ( 'NONE', *, *, #4059, .F. ) ;
#2935 = EDGE_CURVE ( 'NONE', #809, #607, #1505, .T. ) ;
#2936 = CARTESIAN_POINT ( 'NONE',  ( 0.000000000000000000, 0.000000000000000000, 10.00000000000000000 ) ) ;
#2937 = DIRECTION ( 'NONE',  ( 0.000000000000000000, 0.000000000000000000, -1.000000000000000000 ) ) ;
#2938 = DIRECTION ( 'NONE',  ( 0.000000000000000000, 0.000000000000000000, 1.000000000000000000 ) ) ;
#2939 = EDGE_CURVE ( 'NONE', #2660, #2974, #3513, .T. ) ;
#2940 = EDGE_LOOP ( 'NONE', ( #3675, #1786, #403, #1872 ) ) ;
#2941 = DIRECTION ( 'NONE',  ( -1.000000000000000000, 0.000000000000000000, 0.000000000000000000 ) ) ;
#2942 = VERTEX_POINT ( 'NONE', #3734 ) ;
#2943 = EDGE_CURVE ( 'NONE', #356, #1432, #569, .T. ) ;
#2944 = CARTESIAN_POINT ( 'NONE',  ( -2.625289776843494849, 10.94084893382380130, 0.000000000000000000 ) ) ;
#2945 = ORIENTED_EDGE ( 'NONE', *, *, #3003, .T. ) ;
#2946 = EDGE_CURVE ( 'NONE', #1526, #3967, #21, .T. ) ;
#2947 = DIRECTION ( 'NONE',  ( -1.000000000000000000, 0.000000000000000000, 0.000000000000000000 ) ) ;
#2948 = DIRECTION ( 'NONE',  ( 1.000000000000000000, 0.000000000000000000, 0.000000000000000000 ) ) ;
#2949 = EDGE_CURVE ( 'NONE', #3282, #3881, #3424, .T. ) ;
#2950 = AXIS2_PLACEMENT_3D ( 'NONE', #1259, #30, #2614 ) ;
#2951 = DIRECTION ( 'NONE',  ( -6.938893903905930701E-16, 1.000000000000000000, 0.000000000000000000 ) ) ;
#2952 = CARTESIAN_POINT ( 'NONE',  ( 0.6500000000000000222, 11.96354363695471967, -9.500000000000000000 ) ) ;
#2953 = EDGE_LOOP ( 'NONE', ( #3773, #3669, #3497, #1828, #1402, #778, #712, #680, #4063, #3471, #605, #1048, #434 ) ) ;
#2954 = EDGE_LOOP ( 'NONE', ( #2005, #2131, #1719, #3343, #1087, #553 ) ) ;
#2955 = CARTESIAN_POINT ( 'NONE',  ( 12.27149909641008207, 12.53885201790048143, 2.500000000000000000 ) ) ;
#2956 = CARTESIAN_POINT ( 'NONE',  ( 18.87189017612680075, -2.835895920711525076, 30.39999999999999858 ) ) ;
#2957 = LINE ( 'NONE', #3386, #969 ) ;
#2958 = EDGE_LOOP ( 'NONE', ( #3938, #1205, #2375, #1076 ) ) ;
#2959 = CARTESIAN_POINT ( 'NONE',  ( 0.000000000000000000, -11.96354363695471967, -9.500000000000000000 ) ) ;
#2960 = ORIENTED_EDGE ( 'NONE', *, *, #1800, .F. ) ;
#2961 = FACE_OUTER_BOUND ( 'NONE', #3502, .T. ) ;
#2962 = FACE_BOUND ( 'NONE', #2165, .T. ) ;
#2963 = EDGE_CURVE ( 'NONE', #3582, #575, #301, .T. ) ;
#2964 = DIRECTION ( 'NONE',  ( 1.000000000000000000, 0.000000000000000000, 0.000000000000000000 ) ) ;
#2965 = EDGE_LOOP ( 'NONE', ( #3591, #1621, #3823, #3566 ) ) ;
#2966 = DIRECTION ( 'NONE',  ( 0.000000000000000000, 0.000000000000000000, -1.000000000000000000 ) ) ;
#2967 = CIRCLE ( 'NONE', #2109, 19.90000000000000213 ) ;
#2968 = DIRECTION ( 'NONE',  ( 0.000000000000000000, 1.000000000000000000, 0.000000000000000000 ) ) ;
#2969 = CIRCLE ( 'NONE', #3501, 0.7485857864325601296 ) ;
#2970 = EDGE_CURVE ( 'NONE', #2469, #3843, #1847, .T. ) ;
#2971 =( NAMED_UNIT ( * ) SI_UNIT ( $, .STERADIAN. ) SOLID_ANGLE_UNIT ( ) );
#2972 = CARTESIAN_POINT ( 'NONE',  ( 11.01853165929688139, -13.59616701095139391, 1.498684315965027158 ) ) ;
#2973 = ORIENTED_EDGE ( 'NONE', *, *, #419, .F. ) ;
#2974 = VERTEX_POINT ( 'NONE', #1486 ) ;
#2975 = FACE_OUTER_BOUND ( 'NONE', #2954, .T. ) ;
#2976 = AXIS2_PLACEMENT_3D ( 'NONE', #1284, #968, #3529 ) ;
#2977 = EDGE_CURVE ( 'NONE', #1471, #3902, #1171, .T. ) ;
#2978 = CARTESIAN_POINT ( 'NONE',  ( -2.943322721851640011, -12.40685494837871872, 0.5000000000000000000 ) ) ;
#2979 = LINE ( 'NONE', #3907, #3510 ) ;
#2980 = ORIENTED_EDGE ( 'NONE', *, *, #2478, .T. ) ;
#2981 = DIRECTION ( 'NONE',  ( 1.000000000000000000, 6.938893903905930701E-16, 0.000000000000000000 ) ) ;
#2982 = ORIENTED_EDGE ( 'NONE', *, *, #2831, .F. ) ;
#2983 = CIRCLE ( 'NONE', #444, 11.25141421356232030 ) ;
#2984 = AXIS2_PLACEMENT_3D ( 'NONE', #1901, #3784, #953 ) ;
#2985 = AXIS2_PLACEMENT_3D ( 'NONE', #3174, #4154, #3830 ) ;
#2986 = EDGE_LOOP ( 'NONE', ( #3827, #4166 ) ) ;
#2987 = EDGE_LOOP ( 'NONE', ( #405, #863, #4158, #42 ) ) ;
#2988 = DIRECTION ( 'NONE',  ( 0.000000000000000000, 0.000000000000000000, -1.000000000000000000 ) ) ;
#2989 = AXIS2_PLACEMENT_3D ( 'NONE', #1603, #3151, #2222 ) ;
#2990 = FACE_OUTER_BOUND ( 'NONE', #850, .T. ) ;
#2991 = CIRCLE ( 'NONE', #2398, 0.6500000000000012434 ) ;
#2992 = AXIS2_PLACEMENT_3D ( 'NONE', #1806, #3349, #1827 ) ;
#2993 = CARTESIAN_POINT ( 'NONE',  ( 18.22189017612680217, -0.7528390920688410315, 40.39999999999999858 ) ) ;
#2994 = AXIS2_PLACEMENT_3D ( 'NONE', #4099, #290, #3180 ) ;
#2995 = CARTESIAN_POINT ( 'NONE',  ( 12.50916426193526831, -12.23808847300334612, 2.333962370994933533 ) ) ;
#2996 = EDGE_CURVE ( 'NONE', #570, #2348, #3365, .T. ) ;
#2997 = EDGE_LOOP ( 'NONE', ( #3923, #2485, #2012, #1574 ) ) ;
#2998 = ORIENTED_EDGE ( 'NONE', *, *, #3798, .F. ) ;
#2999 = EDGE_CURVE ( 'NONE', #570, #2494, #3925, .T. ) ;
#3000 = PLANE ( 'NONE',  #2412 ) ;
#3001 = CARTESIAN_POINT ( 'NONE',  ( -2.597167107518235429, -10.94734260151944127, 0.000000000000000000 ) ) ;
#3002 = DIRECTION ( 'NONE',  ( -1.948672704680620034E-13, 1.000000000000000000, 0.000000000000000000 ) ) ;
#3003 = EDGE_CURVE ( 'NONE', #3447, #1194, #4062, .T. ) ;
#3004 = VERTEX_POINT ( 'NONE', #3054 ) ;
#3005 = CARTESIAN_POINT ( 'NONE',  ( 0.000000000000000000, 0.000000000000000000, 0.000000000000000000 ) ) ;
#3006 = ORIENTED_EDGE ( 'NONE', *, *, #734, .T. ) ;
#3007 = DIRECTION ( 'NONE',  ( 1.000000000000000000, 0.000000000000000000, 0.000000000000000000 ) ) ;
#3008 = ORIENTED_EDGE ( 'NONE', *, *, #284, .F. ) ;
#3009 = CARTESIAN_POINT ( 'NONE',  ( 0.000000000000000000, 0.000000000000000000, 6.000000000000000000 ) ) ;
#3010 = CARTESIAN_POINT ( 'NONE',  ( -2.118045185149889705E-13, -23.50000000000000000, 31.39999999999999858 ) ) ;
#3011 = DIRECTION ( 'NONE',  ( 0.000000000000000000, 0.000000000000000000, -1.000000000000000000 ) ) ;
#3012 = ORIENTED_EDGE ( 'NONE', *, *, #2322, .T. ) ;
#3013 = DIRECTION ( 'NONE',  ( -1.000000000000000000, 0.000000000000000000, 0.000000000000000000 ) ) ;
#3014 = CARTESIAN_POINT ( 'NONE',  ( -0.9489696194606240809, -11.81808510325407902, 0.5000000000000000000 ) ) ;
#3015 = CARTESIAN_POINT ( 'NONE',  ( 7.376512950109477273, 6.753855703617836603, 1.249875281980866948 ) ) ;
#3016 = ADVANCED_FACE ( 'NONE', ( #186 ), #2751, .T. ) ;
#3017 = LINE ( 'NONE', #1482, #3301 ) ;
#3018 = DIRECTION ( 'NONE',  ( -1.000000000000000000, 0.000000000000000000, 0.000000000000000000 ) ) ;
#3019 = CARTESIAN_POINT ( 'NONE',  ( -4.423321834769519789, 11.42349836849159850, 0.000000000000000000 ) ) ;
#3020 = DIRECTION ( 'NONE',  ( 0.000000000000000000, 0.000000000000000000, -1.000000000000000000 ) ) ;
#3021 = VERTEX_POINT ( 'NONE', #3181 ) ;
#3022 = PLANE ( 'NONE',  #1063 ) ;
#3023 = ORIENTED_EDGE ( 'NONE', *, *, #1357, .T. ) ;
#3024 = ORIENTED_EDGE ( 'NONE', *, *, #236, .T. ) ;
#3025 = DIRECTION ( 'NONE',  ( -0.6630352452962220422, 0.7485881801731700813, 0.000000000000000000 ) ) ;
#3026 = CARTESIAN_POINT ( 'NONE',  ( 12.99100599572410708, 11.72651986096752630, 3.750139635446834152 ) ) ;
#3027 = FACE_OUTER_BOUND ( 'NONE', #1341, .T. ) ;
#3028 = CARTESIAN_POINT ( 'NONE',  ( 6.785291985989890584, 7.346673967914141734, 3.267058768143516811 ) ) ;
#3029 = CARTESIAN_POINT ( 'NONE',  ( 17.57189017612680004, 3.029553570466559709, 40.39999999999999858 ) ) ;
#3030 = ORIENTED_EDGE ( 'NONE', *, *, #3123, .T. ) ;
#3031 = DIRECTION ( 'NONE',  ( -1.000000000000000000, 0.000000000000000000, 0.000000000000000000 ) ) ;
#3032 = CARTESIAN_POINT ( 'NONE',  ( 18.22114156687235109, -7.999999999999739764, 30.39999999999999858 ) ) ;
#3033 = DIRECTION ( 'NONE',  ( 1.000000000000000000, 0.000000000000000000, 0.000000000000000000 ) ) ;
#3034 = ORIENTED_EDGE ( 'NONE', *, *, #3948, .F. ) ;
#3035 = CARTESIAN_POINT ( 'NONE',  ( 6.505511545132351969, -7.596435328795744901, 1.250125356575731983 ) ) ;
#3036 = EDGE_LOOP ( 'NONE', ( #84, #2025, #3797, #2310 ) ) ;
#3037 = DIRECTION ( 'NONE',  ( 0.000000000000000000, 0.000000000000000000, 1.000000000000000000 ) ) ;
#3038 = VECTOR ( 'NONE', #3002, 1000.000000000000000 ) ;
#3039 = EDGE_LOOP ( 'NONE', ( #3628, #4095, #3348, #3451 ) ) ;
#3040 = CARTESIAN_POINT ( 'NONE',  ( 2.613903504973119851, 10.94357483968750167, 0.5000000000000000000 ) ) ;
#3041 = CARTESIAN_POINT ( 'NONE',  ( 12.35182562903030501, 12.39703525579055565, 3.133010599062622248 ) ) ;
#3042 = DIRECTION ( 'NONE',  ( 1.000000000000000000, 0.000000000000000000, 0.000000000000000000 ) ) ;
#3043 = ADVANCED_FACE ( 'NONE', ( #982 ), #1950, .F. ) ;
#3044 = AXIS2_PLACEMENT_3D ( 'NONE', #685, #348, #1668 ) ;
#3045 = VECTOR ( 'NONE', #2258, 1000.000000000000000 ) ;
#3046 = VECTOR ( 'NONE', #1248, 1000.000000000000000 ) ;
#3047 = CARTESIAN_POINT ( 'NONE',  ( -13.10029315303036057, -11.60311679268401974, 2.500000000000000000 ) ) ;
#3048 = CARTESIAN_POINT ( 'NONE',  ( 3.703854984147879836, 11.41409033853683930, 0.000000000000000000 ) ) ;
#3049 = CIRCLE ( 'NONE', #1783, 0.6500000000000000222 ) ;
#3050 = ORIENTED_EDGE ( 'NONE', *, *, #2571, .T. ) ;
#3051 = CARTESIAN_POINT ( 'NONE',  ( 13.89558107799492781, 10.63780177058099419, 2.334076596478591004 ) ) ;
#3052 = LINE ( 'NONE', #1822, #3963 ) ;
#3053 = EDGE_CURVE ( 'NONE', #525, #4139, #1376, .T. ) ;
#3054 = CARTESIAN_POINT ( 'NONE',  ( -2.000000000000210054, -23.50000000000000000, 31.39999999999999858 ) ) ;
#3055 = AXIS2_PLACEMENT_3D ( 'NONE', #865, #2468, #3060 ) ;
#3056 = CIRCLE ( 'NONE', #1187, 0.6500000000000012434 ) ;
#3057 = VECTOR ( 'NONE', #3480, 1000.000000000000000 ) ;
#3058 = CARTESIAN_POINT ( 'NONE',  ( 0.000000000000000000, 0.000000000000000000, 0.5000000000000000000 ) ) ;
#3059 = EDGE_LOOP ( 'NONE', ( #561, #2202, #3888, #3668 ) ) ;
#3060 = DIRECTION ( 'NONE',  ( -1.000000000000000000, 0.000000000000000000, 0.000000000000000000 ) ) ;
#3061 = ORIENTED_EDGE ( 'NONE', *, *, #2644, .F. ) ;
#3062 = DIRECTION ( 'NONE',  ( -1.000000000000000000, 0.000000000000000000, 0.000000000000000000 ) ) ;
#3063 = EDGE_CURVE ( 'NONE', #2640, #274, #1253, .T. ) ;
#3064 = ORIENTED_EDGE ( 'NONE', *, *, #1403, .F. ) ;
#3065 = CARTESIAN_POINT ( 'NONE',  ( -12.16612436659848662, 12.57971240655366785, 1.498891517288536424 ) ) ;
#3066 = CARTESIAN_POINT ( 'NONE',  ( 12.67400142751037251, 12.06826977008022972, 3.591776802175270955 ) ) ;
#3067 = DIRECTION ( 'NONE',  ( 0.000000000000000000, 0.000000000000000000, -1.000000000000000000 ) ) ;
#3068 = EDGE_CURVE ( 'NONE', #4037, #96, #1914, .T. ) ;
#3069 = EDGE_CURVE ( 'NONE', #79, #2260, #3159, .T. ) ;
#3070 = FACE_OUTER_BOUND ( 'NONE', #3980, .T. ) ;
#3071 = PLANE ( 'NONE',  #1991 ) ;
#3072 = CARTESIAN_POINT ( 'NONE',  ( 0.6500000000000000222, 11.96354363695471967, 0.5000000000000000000 ) ) ;
#3073 = ADVANCED_FACE ( 'NONE', ( #3813 ), #651, .T. ) ;
#3074 = DIRECTION ( 'NONE',  ( -1.000000000000000000, 0.000000000000000000, 0.000000000000000000 ) ) ;
#3075 = CARTESIAN_POINT ( 'NONE',  ( 2.000000000000000000, 26.50000000000000000, 33.39999999999999858 ) ) ;
#3076 = CARTESIAN_POINT ( 'NONE',  ( -5.000000000001870504, 26.50000000000000000, 33.39999999999999858 ) ) ;
#3077 = VERTEX_POINT ( 'NONE', #2869 ) ;
#3078 = ORIENTED_EDGE ( 'NONE', *, *, #1948, .F. ) ;
#3079 = CARTESIAN_POINT ( 'NONE',  ( 0.000000000000000000, 0.000000000000000000, 0.000000000000000000 ) ) ;
#3080 = EDGE_LOOP ( 'NONE', ( #226, #241, #1746, #3314 ) ) ;
#3081 = AXIS2_PLACEMENT_3D ( 'NONE', #1465, #1145, #2439 ) ;
#3082 = CARTESIAN_POINT ( 'NONE',  ( -0.6500000000000000222, -11.96354363695471967, 0.5000000000000000000 ) ) ;
#3083 = VERTEX_POINT ( 'NONE', #3224 ) ;
#3084 = CARTESIAN_POINT ( 'NONE',  ( -3.472800551136074887, -10.70205485582938110, 0.000000000000000000 ) ) ;
#3085 = CYLINDRICAL_SURFACE ( 'NONE', #3371, 20.00000000000000000 ) ;
#3086 = FACE_OUTER_BOUND ( 'NONE', #2987, .T. ) ;
#3087 = ORIENTED_EDGE ( 'NONE', *, *, #2372, .F. ) ;
#3088 = CARTESIAN_POINT ( 'NONE',  ( 0.6500000000000000222, -11.96354363695471967, -9.500000000000000000 ) ) ;
#3089 = CARTESIAN_POINT ( 'NONE',  ( 1.999999999999790168, -23.50000000000000000, 31.39999999999999858 ) ) ;
#3090 = LINE ( 'NONE', #1841, #1922 ) ;
#3091 = EDGE_CURVE ( 'NONE', #1765, #3652, #3115, .T. ) ;
#3092 = EDGE_CURVE ( 'NONE', #3635, #3559, #2983, .T. ) ;
#3093 = DIRECTION ( 'NONE',  ( 1.508455196501569950E-16, -1.000000000000000000, 0.000000000000000000 ) ) ;
#3094 = LINE ( 'NONE', #3912, #875 ) ;
#3095 = CARTESIAN_POINT ( 'NONE',  ( 7.185216399458647096, -6.956038457262613939, 3.501060104273517215 ) ) ;
#3096 = CARTESIAN_POINT ( 'NONE',  ( -2.625289776843494849, 10.94084893382380130, 0.5000000000000000000 ) ) ;
#3097 = ADVANCED_FACE ( 'NONE', ( #3205 ), #2212, .T. ) ;
#3098 = VERTEX_POINT ( 'NONE', #311 ) ;
#3099 = EDGE_CURVE ( 'NONE', #887, #1220, #2337, .T. ) ;
#3100 = VECTOR ( 'NONE', #1503, 1000.000000000000000 ) ;
#3101 = EDGE_LOOP ( 'NONE', ( #6, #771 ) ) ;
#3102 = CARTESIAN_POINT ( 'NONE',  ( 2.595167107518229876, -10.94734260151945904, 0.5000000000000000000 ) ) ;
#3103 = EDGE_LOOP ( 'NONE', ( #1368, #2758 ) ) ;
#3104 = DIRECTION ( 'NONE',  ( 1.000000000000000000, 0.000000000000000000, 0.000000000000000000 ) ) ;
#3105 = ORIENTED_EDGE ( 'NONE', *, *, #619, .F. ) ;
#3106 = FACE_OUTER_BOUND ( 'NONE', #3857, .T. ) ;
#3107 = VECTOR ( 'NONE', #2509, 1000.000000000000000 ) ;
#3108 = CARTESIAN_POINT ( 'NONE',  ( 10.66306507064641984, -13.87634916731211909, 2.825125952724297118 ) ) ;
#3109 = CYLINDRICAL_SURFACE ( 'NONE', #1446, 1.250000000000000888 ) ;
#3110 = CIRCLE ( 'NONE', #1776, 0.7485857864325601296 ) ;
#3111 = EDGE_LOOP ( 'NONE', ( #1431, #1730, #1469, #2708 ) ) ;
#3112 = CARTESIAN_POINT ( 'NONE',  ( 0.000000000000000000, 0.000000000000000000, 6.000000000000000000 ) ) ;
#3113 = CARTESIAN_POINT ( 'NONE',  ( 10.00000000000000000, 1.224646799147351876E-15, 31.40099999999999980 ) ) ;
#3114 = DIRECTION ( 'NONE',  ( 1.000000000000000000, 0.000000000000000000, 0.000000000000000000 ) ) ;
#3115 = CIRCLE ( 'NONE', #638, 11.25141421356232030 ) ;
#3116 = CIRCLE ( 'NONE', #239, 12.74858578642744078 ) ;
#3117 = DIRECTION ( 'NONE',  ( -1.508455196501569950E-16, 1.000000000000000000, 0.000000000000000000 ) ) ;
#3118 = EDGE_CURVE ( 'NONE', #318, #16, #1869, .T. ) ;
#3119 = CARTESIAN_POINT ( 'NONE',  ( 17.00000000000000000, 8.000000000000270006, 30.39999999999999858 ) ) ;
#3120 = CARTESIAN_POINT ( 'NONE',  ( 12.23803724571245866, 12.50921437871116026, 2.500000000000000000 ) ) ;
#3121 = AXIS2_PLACEMENT_3D ( 'NONE', #3965, #3944, #74 ) ;
#3122 = EDGE_LOOP ( 'NONE', ( #1437, #4022, #472, #1661 ) ) ;
#3123 = EDGE_CURVE ( 'NONE', #691, #3527, #2519, .T. ) ;
#3124 = VERTEX_POINT ( 'NONE', #3645 ) ;
#3125 = AXIS2_PLACEMENT_3D ( 'NONE', #1325, #963, #1873 ) ;
#3126 = CARTESIAN_POINT ( 'NONE',  ( 5.642674251425265020, -8.255920741969879018, 2.334214415739532811 ) ) ;
#3127 = ADVANCED_FACE ( 'NONE', ( #2335 ), #708, .F. ) ;
#3128 = DIRECTION ( 'NONE',  ( 0.000000000000000000, 0.000000000000000000, -1.000000000000000000 ) ) ;
#3129 = ORIENTED_EDGE ( 'NONE', *, *, #819, .T. ) ;
#3130 = LINE ( 'NONE', #1221, #1907 ) ;
#3131 = CARTESIAN_POINT ( 'NONE',  ( -4.452440770580439633, -11.41409033853683930, 0.5000000000000000000 ) ) ;
#3132 = DIRECTION ( 'NONE',  ( 0.000000000000000000, 0.000000000000000000, 1.000000000000000000 ) ) ;
#3133 = AXIS2_PLACEMENT_3D ( 'NONE', #1072, #1698, #404 ) ;
#3134 = EDGE_CURVE ( 'NONE', #2152, #3021, #3524, .T. ) ;
#3135 = VERTEX_POINT ( 'NONE', #2952 ) ;
#3136 = DIRECTION ( 'NONE',  ( 0.000000000000000000, 0.000000000000000000, -1.000000000000000000 ) ) ;
#3137 = CARTESIAN_POINT ( 'NONE',  ( -5.000000000001870504, 26.50000000000000000, 33.39999999999999858 ) ) ;
#3138 = DIRECTION ( 'NONE',  ( 0.000000000000000000, 0.000000000000000000, -1.000000000000000000 ) ) ;
#3139 = CARTESIAN_POINT ( 'NONE',  ( -17.50000000000000000, 0.000000000000000000, 0.000000000000000000 ) ) ;
#3140 = CARTESIAN_POINT ( 'NONE',  ( -13.59685651229342263, -11.01767755975138208, 3.500447207104860237 ) ) ;
#3141 = ORIENTED_EDGE ( 'NONE', *, *, #1226, .F. ) ;
#3142 = DIRECTION ( 'NONE',  ( 0.000000000000000000, 0.000000000000000000, 1.000000000000000000 ) ) ;
#3143 = VERTEX_POINT ( 'NONE', #375 ) ;
#3144 = LINE ( 'NONE', #1280, #2200 ) ;
#3145 = EDGE_CURVE ( 'NONE', #2254, #2018, #1275, .T. ) ;
#3146 = ADVANCED_FACE ( 'NONE', ( #2374 ), #1693, .T. ) ;
#3147 = CARTESIAN_POINT ( 'NONE',  ( -2.613903504973119851, -10.94357483968750167, 0.5000000000000000000 ) ) ;
#3148 = ORIENTED_EDGE ( 'NONE', *, *, #2546, .T. ) ;
#3149 = PRODUCT_RELATED_PRODUCT_CATEGORY ( 'part', '', ( #2017 ) ) ;
#3150 = DIRECTION ( 'NONE',  ( -9.251858538538431539E-15, 1.000000000000000000, 0.000000000000000000 ) ) ;
#3151 = DIRECTION ( 'NONE',  ( -0.7485881801731630869, -0.6630352452962300358, 0.000000000000000000 ) ) ;
#3152 = VERTEX_POINT ( 'NONE', #2356 ) ;
#3153 = EDGE_CURVE ( 'NONE', #3633, #3333, #1315, .T. ) ;
#3154 = CARTESIAN_POINT ( 'NONE',  ( -13.51073983608381646, -11.12355166335208523, 1.408361202614950125 ) ) ;
#3155 = CARTESIAN_POINT ( 'NONE',  ( 1.999999999999790168, -23.50000000000000000, 33.39999999999999858 ) ) ;
#3156 = CIRCLE ( 'NONE', #3699, 21.00000000000000000 ) ;
#3157 = CARTESIAN_POINT ( 'NONE',  ( -7.407758576366988201, 6.717826010990443741, 3.131797863482461697 ) ) ;
#3158 = CARTESIAN_POINT ( 'NONE',  ( -3.674736048336959993, 11.42349836849159850, 0.000000000000000000 ) ) ;
#3159 = LINE ( 'NONE', #624, #3655 ) ;
#3160 = EDGE_LOOP ( 'NONE', ( #431, #3008, #2021, #2397 ) ) ;
#3161 = CARTESIAN_POINT ( 'NONE',  ( 0.000000000000000000, 0.000000000000000000, 31.39999999999999858 ) ) ;
#3162 = ORIENTED_EDGE ( 'NONE', *, *, #2349, .T. ) ;
#3163 = EDGE_CURVE ( 'NONE', #3282, #629, #3446, .T. ) ;
#3164 = DIRECTION ( 'NONE',  ( 0.000000000000000000, 0.000000000000000000, 1.000000000000000000 ) ) ;
#3165 = AXIS2_PLACEMENT_3D ( 'NONE', #5, #942, #2232 ) ;
#3166 = DIRECTION ( 'NONE',  ( 1.000000000000000000, 0.000000000000000000, 0.000000000000000000 ) ) ;
#3167 = VERTEX_POINT ( 'NONE', #2061 ) ;
#3168 = CARTESIAN_POINT ( 'NONE',  ( -1.598969619460624880, -11.81808510325407902, 0.5000000000000000000 ) ) ;
#3169 = CYLINDRICAL_SURFACE ( 'NONE', #1781, 0.7499999999948779861 ) ;
#3170 = ORIENTED_EDGE ( 'NONE', *, *, #149, .T. ) ;
#3171 = EDGE_CURVE ( 'NONE', #1966, #3578, #1518, .T. ) ;
#3172 = CARTESIAN_POINT ( 'NONE',  ( -3.674736048336959993, 11.42349836849159850, 0.5000000000000000000 ) ) ;
#3173 = CARTESIAN_POINT ( 'NONE',  ( -13.31383217488669501, -11.35849309303646670, 1.281581915560050522 ) ) ;
#3174 = CARTESIAN_POINT ( 'NONE',  ( -2.770244914684935278, -11.67709877494909954, 0.5000000000000000000 ) ) ;
#3175 = AXIS2_PLACEMENT_3D ( 'NONE', #1723, #82, #3928 ) ;
#3176 = EDGE_CURVE ( 'NONE', #760, #2942, #3466, .T. ) ;
#3177 = ADVANCED_FACE ( 'NONE', ( #1738 ), #555, .T. ) ;
#3178 = CARTESIAN_POINT ( 'NONE',  ( -5.642674094962489839, 8.255920848905809351, 2.665915233590331557 ) ) ;
#3179 = AXIS2_PLACEMENT_3D ( 'NONE', #1593, #2543, #2277 ) ;
#3180 = DIRECTION ( 'NONE',  ( 1.000000000000000000, 0.000000000000000000, 0.000000000000000000 ) ) ;
#3181 = CARTESIAN_POINT ( 'NONE',  ( -2.248969619460625236, -11.81808510325407902, 0.5000000000000000000 ) ) ;
#3182 = AXIS2_PLACEMENT_3D ( 'NONE', #93, #1379, #856 ) ;
#3183 = ORIENTED_EDGE ( 'NONE', *, *, #815, .F. ) ;
#3184 = AXIS2_PLACEMENT_3D ( 'NONE', #1670, #118, #2948 ) ;
#3185 = DIRECTION ( 'NONE',  ( 0.7485881801731661955, 0.6630352452962265941, 0.000000000000000000 ) ) ;
#3186 = EDGE_LOOP ( 'NONE', ( #2241, #1697, #2129, #1805 ) ) ;
#3187 = FACE_OUTER_BOUND ( 'NONE', #2278, .T. ) ;
#3188 = AXIS2_PLACEMENT_3D ( 'NONE', #3825, #3530, #3195 ) ;
#3189 = CIRCLE ( 'NONE', #3254, 0.6500000000000001332 ) ;
#3190 = CARTESIAN_POINT ( 'NONE',  ( -2.770244914684935278, -11.67709877494909954, 0.5000000000000000000 ) ) ;
#3191 = VECTOR ( 'NONE', #2236, 1000.000000000000000 ) ;
#3192 = EDGE_CURVE ( 'NONE', #2654, #351, #3090, .T. ) ;
#3193 = ORIENTED_EDGE ( 'NONE', *, *, #2349, .F. ) ;
#3194 = LINE ( 'NONE', #324, #3057 ) ;
#3195 = DIRECTION ( 'NONE',  ( 1.000000000000000000, 0.000000000000000000, 0.000000000000000000 ) ) ;
#3196 = EDGE_CURVE ( 'NONE', #3077, #769, #2919, .T. ) ;
#3197 = AXIS2_PLACEMENT_3D ( 'NONE', #528, #3717, #2448 ) ;
#3198 = ORIENTED_EDGE ( 'NONE', *, *, #3493, .F. ) ;
#3199 = FACE_OUTER_BOUND ( 'NONE', #3495, .T. ) ;
#3200 = FACE_OUTER_BOUND ( 'NONE', #3103, .T. ) ;
#3201 = EDGE_CURVE ( 'NONE', #872, #1784, #787, .T. ) ;
#3202 = DIRECTION ( 'NONE',  ( 1.000000000000000000, 0.000000000000000000, 0.000000000000000000 ) ) ;
#3203 = CARTESIAN_POINT ( 'NONE',  ( -5.000000000000110134, -15.00000000000000000, 33.39999999999999858 ) ) ;
#3204 = LINE ( 'NONE', #4136, #791 ) ;
#3205 = FACE_OUTER_BOUND ( 'NONE', #731, .T. ) ;
#3206 = EDGE_CURVE ( 'NONE', #315, #2251, #2084, .T. ) ;
#3207 = ORIENTED_EDGE ( 'NONE', *, *, #896, .F. ) ;
#3208 = CARTESIAN_POINT ( 'NONE',  ( -5.847813573389338160, 8.112759349662990616, 1.733841969822015328 ) ) ;
#3209 = VERTEX_POINT ( 'NONE', #3029 ) ;
#3210 = DIRECTION ( 'NONE',  ( 0.000000000000000000, 0.000000000000000000, -1.000000000000000000 ) ) ;
#3211 = CARTESIAN_POINT ( 'NONE',  ( 12.06826977008789648, -12.67400142750319780, 3.591776802164708737 ) ) ;
#3212 = LINE ( 'NONE', #658, #1387 ) ;
#3213 = ORIENTED_EDGE ( 'NONE', *, *, #2246, .F. ) ;
#3214 = CARTESIAN_POINT ( 'NONE',  ( -8.255962153397540249, -5.642613660500550132, 2.500000000000000000 ) ) ;
#3215 = DIRECTION ( 'NONE',  ( 0.000000000000000000, 0.000000000000000000, -1.000000000000000000 ) ) ;
#3216 = AXIS2_PLACEMENT_3D ( 'NONE', #1815, #1478, #3398 ) ;
#3217 = ORIENTED_EDGE ( 'NONE', *, *, #2728, .T. ) ;
#3218 = CARTESIAN_POINT ( 'NONE',  ( -10.76336961268848391, 13.79869187621269688, 3.130971486649406721 ) ) ;
#3219 = CIRCLE ( 'NONE', #2363, 0.7499999999948749885 ) ;
#3220 = LINE ( 'NONE', #1565, #711 ) ;
#3221 = FACE_BOUND ( 'NONE', #921, .T. ) ;
#3222 = EDGE_LOOP ( 'NONE', ( #293, #1683 ) ) ;
#3223 = CYLINDRICAL_SURFACE ( 'NONE', #3731, 0.7499999999948779861 ) ;
#3224 = CARTESIAN_POINT ( 'NONE',  ( -20.00000000000000000, 0.000000000000000000, 6.000000000000000000 ) ) ;
#3225 = VERTEX_POINT ( 'NONE', #4007 ) ;
#3226 = LINE ( 'NONE', #2630, #1662 ) ;
#3227 = ORIENTED_EDGE ( 'NONE', *, *, #2322, .F. ) ;
#3228 = DIRECTION ( 'NONE',  ( 1.000000000000000000, 0.000000000000000000, 0.000000000000000000 ) ) ;
#3229 = CARTESIAN_POINT ( 'NONE',  ( 10.76336961268189896, -13.79869187621780036, 3.130971486622563749 ) ) ;
#3230 = FACE_OUTER_BOUND ( 'NONE', #68, .T. ) ;
#3231 = EDGE_CURVE ( 'NONE', #1894, #199, #33, .T. ) ;
#3232 = ORIENTED_EDGE ( 'NONE', *, *, #3145, .T. ) ;
#3233 = CARTESIAN_POINT ( 'NONE',  ( -6.785291985976583007, -7.346673967926726334, 3.267058768132750313 ) ) ;
#3234 = DIRECTION ( 'NONE',  ( 0.000000000000000000, 0.000000000000000000, 1.000000000000000000 ) ) ;
#3235 = ORIENTED_EDGE ( 'NONE', *, *, #3366, .F. ) ;
#3236 = CYLINDRICAL_SURFACE ( 'NONE', #3586, 19.90000000000000213 ) ;
#3237 = CARTESIAN_POINT ( 'NONE',  ( 0.0009999999999594510764, 0.0009999999999594538953, 0.5000000000000000000 ) ) ;
#3238 = EDGE_CURVE ( 'NONE', #814, #3719, #2991, .T. ) ;
#3239 = FACE_BOUND ( 'NONE', #4118, .T. ) ;
#3240 = ORIENTED_EDGE ( 'NONE', *, *, #734, .F. ) ;
#3241 = CARTESIAN_POINT ( 'NONE',  ( -2.000000000000210054, -23.50000000000000000, 33.39999999999999858 ) ) ;
#3242 = DIRECTION ( 'NONE',  ( -1.000000000000000000, 0.000000000000000000, 0.000000000000000000 ) ) ;
#3243 = VERTEX_POINT ( 'NONE', #2417 ) ;
#3244 = EDGE_LOOP ( 'NONE', ( #3034, #3772, #2714, #3911 ) ) ;
#3245 = AXIS2_PLACEMENT_3D ( 'NONE', #2079, #3722, #1771 ) ;
#3246 = DIRECTION ( 'NONE',  ( 0.000000000000000000, 0.000000000000000000, -1.000000000000000000 ) ) ;
#3247 = ORIENTED_EDGE ( 'NONE', *, *, #1021, .T. ) ;
#3248 = DIRECTION ( 'NONE',  ( 0.000000000000000000, 0.000000000000000000, -1.000000000000000000 ) ) ;
#3249 = FACE_OUTER_BOUND ( 'NONE', #3036, .T. ) ;
#3250 = LINE ( 'NONE', #1543, #2516 ) ;
#3251 = EDGE_CURVE ( 'NONE', #2553, #1726, #836, .T. ) ;
#3252 = AXIS2_PLACEMENT_3D ( 'NONE', #3047, #1461, #3685 ) ;
#3253 = VERTEX_POINT ( 'NONE', #3072 ) ;
#3254 = AXIS2_PLACEMENT_3D ( 'NONE', #1397, #2354, #1019 ) ;
#3255 = LINE ( 'NONE', #1559, #2203 ) ;
#3256 = VERTEX_POINT ( 'NONE', #4074 ) ;
#3257 = EDGE_CURVE ( 'NONE', #864, #2260, #3728, .T. ) ;
#3258 = FACE_OUTER_BOUND ( 'NONE', #2958, .T. ) ;
#3259 = VECTOR ( 'NONE', #10, 1000.000000000000000 ) ;
#3260 = ORIENTED_EDGE ( 'NONE', *, *, #181, .T. ) ;
#3261 = CIRCLE ( 'NONE', #516, 10.00000000000000000 ) ;
#3262 = LINE ( 'NONE', #3552, #95 ) ;
#3263 = DIRECTION ( 'NONE',  ( 1.000000000000000000, 0.000000000000000000, 0.000000000000000000 ) ) ;
#3264 = CIRCLE ( 'NONE', #3388, 0.6500000000000012434 ) ;
#3265 = CARTESIAN_POINT ( 'NONE',  ( 0.000000000000000000, 0.000000000000000000, 31.39999999999999858 ) ) ;
#3266 =( NAMED_UNIT ( * ) PLANE_ANGLE_UNIT ( ) SI_UNIT ( $, .RADIAN. ) );
#3267 = CARTESIAN_POINT ( 'NONE',  ( -3.703854984147879836, -11.41409033853683930, 0.5000000000000000000 ) ) ;
#3268 = ORIENTED_EDGE ( 'NONE', *, *, #3351, .F. ) ;
#3269 = ORIENTED_EDGE ( 'NONE', *, *, #800, .F. ) ;
#3270 = CARTESIAN_POINT ( 'NONE',  ( -5.000000000000110134, -15.00000000000000000, 31.39999999999999858 ) ) ;
#3271 = VERTEX_POINT ( 'NONE', #1189 ) ;
#3272 = DIRECTION ( 'NONE',  ( 0.000000000000000000, 0.000000000000000000, -1.000000000000000000 ) ) ;
#3273 = LINE ( 'NONE', #407, #3435 ) ;
#3274 = ADVANCED_FACE ( 'NONE', ( #2765 ), #1462, .F. ) ;
#3275 = DIRECTION ( 'NONE',  ( 1.000000000000000000, 0.000000000000000000, 0.000000000000000000 ) ) ;
#3276 = ORIENTED_EDGE ( 'NONE', *, *, #2143, .F. ) ;
#3277 = CYLINDRICAL_SURFACE ( 'NONE', #1724, 20.00000000000000000 ) ;
#3278 = ORIENTED_EDGE ( 'NONE', *, *, #3739, .F. ) ;
#3279 = CARTESIAN_POINT ( 'NONE',  ( 3.005514282203614940, 12.38924224694028098, 0.000000000000000000 ) ) ;
#3280 = EDGE_CURVE ( 'NONE', #3083, #1875, #2195, .T. ) ;
#3281 = DIRECTION ( 'NONE',  ( 0.000000000000000000, 0.000000000000000000, 1.000000000000000000 ) ) ;
#3282 = VERTEX_POINT ( 'NONE', #2808 ) ;
#3283 = EDGE_CURVE ( 'NONE', #3152, #3271, #328, .T. ) ;
#3284 = DIRECTION ( 'NONE',  ( 0.000000000000000000, 0.000000000000000000, 1.000000000000000000 ) ) ;
#3285 = DIRECTION ( 'NONE',  ( 0.000000000000000000, 0.000000000000000000, 1.000000000000000000 ) ) ;
#3286 = ADVANCED_FACE ( 'NONE', ( #2163 ), #3419, .T. ) ;
#3287 = VECTOR ( 'NONE', #3328, 1000.000000000000000 ) ;
#3288 = ADVANCED_FACE ( 'NONE', ( #621 ), #3533, .T. ) ;
#3289 = CARTESIAN_POINT ( 'NONE',  ( 6.785496821186637106, 7.346487228181610263, 1.732534107270116142 ) ) ;
#3290 = ORIENTED_EDGE ( 'NONE', *, *, #635, .T. ) ;
#3291 = CARTESIAN_POINT ( 'NONE',  ( 19.94999999999999929, 2.443170364298969834E-15, 6.000000000000000000 ) ) ;
#3292 = FACE_OUTER_BOUND ( 'NONE', #1849, .T. ) ;
#3293 = FACE_OUTER_BOUND ( 'NONE', #671, .T. ) ;
#3294 = ORIENTED_EDGE ( 'NONE', *, *, #1892, .T. ) ;
#3295 = CARTESIAN_POINT ( 'NONE',  ( -10.63774392827155957, 13.89562535895817952, 2.499999999999490186 ) ) ;
#3296 = ORIENTED_EDGE ( 'NONE', *, *, #1588, .F. ) ;
#3297 = DIRECTION ( 'NONE',  ( 1.000000000000000000, 0.000000000000000000, 0.000000000000000000 ) ) ;
#3298 = ADVANCED_FACE ( 'NONE', ( #2496 ), #329, .T. ) ;
#3299 = ORIENTED_EDGE ( 'NONE', *, *, #4132, .T. ) ;
#3300 = CARTESIAN_POINT ( 'NONE',  ( -12.50916309622695977, 12.23808966454206626, 2.666412662806880718 ) ) ;
#3301 = VECTOR ( 'NONE', #2814, 1000.000000000000000 ) ;
#3302 = CARTESIAN_POINT ( 'NONE',  ( 0.000000000000000000, 0.000000000000000000, 31.39999999999999858 ) ) ;
#3303 = FACE_OUTER_BOUND ( 'NONE', #1744, .T. ) ;
#3304 = CARTESIAN_POINT ( 'NONE',  ( 8.165093198575602784, 5.773673779858119914, 1.868983234461098375 ) ) ;
#3305 = ADVANCED_FACE ( 'NONE', ( #1902 ), #893, .T. ) ;
#3306 = ORIENTED_EDGE ( 'NONE', *, *, #1682, .T. ) ;
#3307 = VERTEX_POINT ( 'NONE', #3137 ) ;
#3308 = LINE ( 'NONE', #693, #2280 ) ;
#3309 = CIRCLE ( 'NONE', #2583, 0.7485857864325601296 ) ;
#3310 = DIRECTION ( 'NONE',  ( -1.000000000000000000, 0.000000000000000000, 0.000000000000000000 ) ) ;
#3311 = DIRECTION ( 'NONE',  ( 0.000000000000000000, 0.000000000000000000, 1.000000000000000000 ) ) ;
#3312 = ORIENTED_EDGE ( 'NONE', *, *, #1814, .F. ) ;
#3313 = CARTESIAN_POINT ( 'NONE',  ( -5.000000000001870504, 15.00000000000000000, 31.39999999999999858 ) ) ;
#3314 = ORIENTED_EDGE ( 'NONE', *, *, #1665, .T. ) ;
#3315 = AXIS2_PLACEMENT_3D ( 'NONE', #1146, #2168, #205 ) ;
#3316 = CIRCLE ( 'NONE', #2059, 0.6500000000000012434 ) ;
#3317 = ORIENTED_EDGE ( 'NONE', *, *, #3939, .T. ) ;
#3318 = FACE_OUTER_BOUND ( 'NONE', #270, .T. ) ;
#3319 = EDGE_CURVE ( 'NONE', #1989, #2251, #3316, .T. ) ;
#3320 = VECTOR ( 'NONE', #88, 1000.000000000000000 ) ;
#3321 = CARTESIAN_POINT ( 'NONE',  ( -1.598969619460624880, -11.81808510325407902, -9.500000000000000000 ) ) ;
#3322 = DIRECTION ( 'NONE',  ( 0.000000000000000000, 0.000000000000000000, 1.000000000000000000 ) ) ;
#3323 = CARTESIAN_POINT ( 'NONE',  ( 1.598969619460624880, 11.81808510325407902, -9.500000000000000000 ) ) ;
#3324 = EDGE_CURVE ( 'NONE', #3427, #4037, #1882, .T. ) ;
#3325 = ORIENTED_EDGE ( 'NONE', *, *, #1582, .T. ) ;
#3326 = ORIENTED_EDGE ( 'NONE', *, *, #3153, .T. ) ;
#3327 = DIRECTION ( 'NONE',  ( 0.000000000000000000, 0.000000000000000000, -1.000000000000000000 ) ) ;
#3328 = DIRECTION ( 'NONE',  ( 0.000000000000000000, 0.000000000000000000, 1.000000000000000000 ) ) ;
#3329 = CARTESIAN_POINT ( 'NONE',  ( 18.87189017612680075, 1.110948596716720083, 40.39999999999999858 ) ) ;
#3330 = AXIS2_PLACEMENT_3D ( 'NONE', #1631, #3581, #1976 ) ;
#3331 = EDGE_LOOP ( 'NONE', ( #1059, #722, #4107, #594 ) ) ;
#3332 = DIRECTION ( 'NONE',  ( 0.000000000000000000, 0.000000000000000000, 1.000000000000000000 ) ) ;
#3333 = VERTEX_POINT ( 'NONE', #3810 ) ;
#3334 = ORIENTED_EDGE ( 'NONE', *, *, #2927, .T. ) ;
#3335 = LINE ( 'NONE', #2411, #3354 ) ;
#3336 = DIRECTION ( 'NONE',  ( 0.000000000000000000, 0.000000000000000000, 1.000000000000000000 ) ) ;
#3337 = DIRECTION ( 'NONE',  ( 0.000000000000000000, 0.000000000000000000, -1.000000000000000000 ) ) ;
#3338 = VERTEX_POINT ( 'NONE', #2827 ) ;
#3339 = EDGE_CURVE ( 'NONE', #532, #492, #2181, .T. ) ;
#3340 = FACE_OUTER_BOUND ( 'NONE', #1173, .T. ) ;
#3341 = DIRECTION ( 'NONE',  ( 0.000000000000000000, 0.000000000000000000, -1.000000000000000000 ) ) ;
#3342 = EDGE_LOOP ( 'NONE', ( #1667, #2738, #639, #4018 ) ) ;
#3343 = ORIENTED_EDGE ( 'NONE', *, *, #2383, .T. ) ;
#3344 = CIRCLE ( 'NONE', #3081, 0.6500000000000001332 ) ;
#3345 = CARTESIAN_POINT ( 'NONE',  ( 3.674736048336959993, -11.42349836849159850, 0.000000000000000000 ) ) ;
#3346 = CARTESIAN_POINT ( 'NONE',  ( 5.642613660500519934, -8.255962153397559788, 2.500000000000000000 ) ) ;
#3347 = CARTESIAN_POINT ( 'NONE',  ( 18.22189017612680217, 3.029553570466559709, 40.39999999999999858 ) ) ;
#3348 = ORIENTED_EDGE ( 'NONE', *, *, #776, .T. ) ;
#3349 = DIRECTION ( 'NONE',  ( 0.000000000000000000, 0.000000000000000000, -1.000000000000000000 ) ) ;
#3350 = ORIENTED_EDGE ( 'NONE', *, *, #3798, .T. ) ;
#3351 = EDGE_CURVE ( 'NONE', #3753, #2648, #1514, .T. ) ;
#3352 = ADVANCED_FACE ( 'NONE', ( #2900, #3200 ), #933, .T. ) ;
#3353 = LINE ( 'NONE', #3759, #519 ) ;
#3354 = VECTOR ( 'NONE', #3025, 999.9999999999998863 ) ;
#3355 = ORIENTED_EDGE ( 'NONE', *, *, #4002, .F. ) ;
#3356 = DIRECTION ( 'NONE',  ( -1.000000000000000000, 0.000000000000000000, 0.000000000000000000 ) ) ;
#3357 = CARTESIAN_POINT ( 'NONE',  ( 12.23808966454192060, 12.50916309622710010, 2.666412662806886491 ) ) ;
#3358 = CARTESIAN_POINT ( 'NONE',  ( 3.903973979560090068, -12.13612074432424137, 0.000000000000000000 ) ) ;
#3359 = ORIENTED_EDGE ( 'NONE', *, *, #4002, .T. ) ;
#3360 = AXIS2_PLACEMENT_3D ( 'NONE', #3585, #1345, #2865 ) ;
#3361 = CARTESIAN_POINT ( 'NONE',  ( 18.87189017612680075, -0.7528390920688410315, 40.39999999999999858 ) ) ;
#3362 = CARTESIAN_POINT ( 'NONE',  ( -8.237967907675448842, -5.669209875261080001, 2.174552929820434244 ) ) ;
#3363 = LINE ( 'NONE', #3985, #1293 ) ;
#3364 = PLANE ( 'NONE',  #4165 ) ;
#3365 = LINE ( 'NONE', #1169, #2257 ) ;
#3366 = EDGE_CURVE ( 'NONE', #3596, #4105, #4113, .T. ) ;
#3367 = DIRECTION ( 'NONE',  ( 0.000000000000000000, 0.000000000000000000, -1.000000000000000000 ) ) ;
#3368 = VERTEX_POINT ( 'NONE', #1944 ) ;
#3369 = CYLINDRICAL_SURFACE ( 'NONE', #2992, 0.7485857864325601296 ) ;
#3370 = ORIENTED_EDGE ( 'NONE', *, *, #2939, .F. ) ;
#3371 = AXIS2_PLACEMENT_3D ( 'NONE', #794, #1158, #3998 ) ;
#3372 = DIRECTION ( 'NONE',  ( 0.000000000000000000, 0.000000000000000000, -1.000000000000000000 ) ) ;
#3373 = AXIS2_PLACEMENT_3D ( 'NONE', #3347, #3650, #448 ) ;
#3374 = ORIENTED_EDGE ( 'NONE', *, *, #4091, .T. ) ;
#3375 = ADVANCED_FACE ( 'NONE', ( #286 ), #4131, .F. ) ;
#3376 = CARTESIAN_POINT ( 'NONE',  ( 18.22189017612680217, -0.7528390920688410315, 40.39999999999999858 ) ) ;
#3377 = CARTESIAN_POINT ( 'NONE',  ( 12.58008950204018994, 12.16573525049932059, 3.501509782332056897 ) ) ;
#3378 = ORIENTED_EDGE ( 'NONE', *, *, #3473, .F. ) ;
#3379 = FACE_OUTER_BOUND ( 'NONE', #2997, .T. ) ;
#3380 = VECTOR ( 'NONE', #2864, 1000.000000000000000 ) ;
#3381 = DIRECTION ( 'NONE',  ( 0.000000000000000000, 0.000000000000000000, 1.000000000000000000 ) ) ;
#3382 = DIRECTION ( 'NONE',  ( 1.000000000000000000, 0.000000000000000000, 0.000000000000000000 ) ) ;
#3383 = CIRCLE ( 'NONE', #1584, 20.00000000000000000 ) ;
#3384 = CARTESIAN_POINT ( 'NONE',  ( 13.89562535895805873, 10.63774392827171944, 2.499999999999490186 ) ) ;
#3385 = CARTESIAN_POINT ( 'NONE',  ( 6.145306359872438229, -7.890420005873695963, 3.591527638468764216 ) ) ;
#3386 = CARTESIAN_POINT ( 'NONE',  ( -5.000000000001870504, 26.50000000000000000, 31.39999999999999858 ) ) ;
#3387 = EDGE_LOOP ( 'NONE', ( #3260, #2482, #2874, #655 ) ) ;
#3388 = AXIS2_PLACEMENT_3D ( 'NONE', #2033, #2074, #1430 ) ;
#3389 = VERTEX_POINT ( 'NONE', #1288 ) ;
#3390 = DIRECTION ( 'NONE',  ( -1.000000000000000000, 3.469446951952560271E-15, 0.000000000000000000 ) ) ;
#3391 = ORIENTED_EDGE ( 'NONE', *, *, #2546, .F. ) ;
#3392 = CARTESIAN_POINT ( 'NONE',  ( 3.934909417159685674, 12.12612582124429927, 0.5000000000000000000 ) ) ;
#3393 = ORIENTED_EDGE ( 'NONE', *, *, #3196, .F. ) ;
#3394 = DIRECTION ( 'NONE',  ( -1.000000000000000000, 0.000000000000000000, 0.000000000000000000 ) ) ;
#3395 = PLANE ( 'NONE',  #2120 ) ;
#3396 = DIRECTION ( 'NONE',  ( 1.000000000000000000, -6.938893903907229955E-15, 0.000000000000000000 ) ) ;
#3397 = EDGE_CURVE ( 'NONE', #1510, #905, #845, .T. ) ;
#3398 = DIRECTION ( 'NONE',  ( 1.000000000000000000, 0.000000000000000000, 0.000000000000000000 ) ) ;
#3399 = CARTESIAN_POINT ( 'NONE',  ( 18.22189017612680217, -0.7528390920688410315, 30.39999999999999858 ) ) ;
#3400 = DIRECTION ( 'NONE',  ( -1.000000000000000000, 0.000000000000000000, 0.000000000000000000 ) ) ;
#3401 = EDGE_CURVE ( 'NONE', #2915, #760, #3220, .T. ) ;
#3402 = CARTESIAN_POINT ( 'NONE',  ( 13.87632398949556034, 10.66309833667290796, 2.174625895138776244 ) ) ;
#3403 = LINE ( 'NONE', #542, #3758 ) ;
#3404 = DIRECTION ( 'NONE',  ( 1.000000000000000000, 0.000000000000000000, 0.000000000000000000 ) ) ;
#3405 = ORIENTED_EDGE ( 'NONE', *, *, #756, .F. ) ;
#3406 = AXIS2_PLACEMENT_3D ( 'NONE', #2657, #2535, #2862 ) ;
#3407 = ORIENTED_EDGE ( 'NONE', *, *, #1999, .F. ) ;
#3408 = CARTESIAN_POINT ( 'NONE',  ( 7.090293527486065450, -7.053452901553851184, 1.408330446528166746 ) ) ;
#3409 = EDGE_LOOP ( 'NONE', ( #1239, #335, #2368, #748 ) ) ;
#3410 = AXIS2_PLACEMENT_3D ( 'NONE', #1386, #716, #469 ) ;
#3411 = CARTESIAN_POINT ( 'NONE',  ( 18.22189017612680217, -2.835895920711525076, 40.39999999999999858 ) ) ;
#3412 = ORIENTED_EDGE ( 'NONE', *, *, #3420, .F. ) ;
#3413 = FACE_OUTER_BOUND ( 'NONE', #1338, .T. ) ;
#3414 = CARTESIAN_POINT ( 'NONE',  ( 12.48686644718416439, -12.26100509067140720, 2.826297315180775982 ) ) ;
#3415 = CYLINDRICAL_SURFACE ( 'NONE', #1581, 12.74858578642744078 ) ;
#3416 = EDGE_CURVE ( 'NONE', #191, #3143, #3785, .T. ) ;
#3417 = EDGE_LOOP ( 'NONE', ( #883, #3700, #3370, #2501 ) ) ;
#3418 = DIRECTION ( 'NONE',  ( 0.000000000000000000, 0.000000000000000000, -1.000000000000000000 ) ) ;
#3419 = CYLINDRICAL_SURFACE ( 'NONE', #648, 0.6500000000000012434 ) ;
#3420 = EDGE_CURVE ( 'NONE', #3152, #887, #2843, .T. ) ;
#3421 = DIRECTION ( 'NONE',  ( 0.000000000000000000, 0.000000000000000000, -1.000000000000000000 ) ) ;
#3422 = EDGE_CURVE ( 'NONE', #3124, #3546, #26, .T. ) ;
#3423 = CARTESIAN_POINT ( 'NONE',  ( 7.492902646144311340, -6.622724769691288316, 2.826105657500762369 ) ) ;
#3424 = LINE ( 'NONE', #3096, #3853 ) ;
#3425 = ADVANCED_FACE ( 'NONE', ( #306, #462 ), #1353, .T. ) ;
#3426 = VERTEX_POINT ( 'NONE', #2622 ) ;
#3427 = VERTEX_POINT ( 'NONE', #3599 ) ;
#3428 = CARTESIAN_POINT ( 'NONE',  ( 6.870946908600563674, -7.267293080614103395, 1.281702279631633967 ) ) ;
#3429 = EDGE_LOOP ( 'NONE', ( #2629, #3674 ) ) ;
#3430 = CYLINDRICAL_SURFACE ( 'NONE', #2396, 12.74999999998976108 ) ;
#3431 = VERTEX_POINT ( 'NONE', #1084 ) ;
#3432 = CARTESIAN_POINT ( 'NONE',  ( -11.09999999999999964, 1.359357947053562156E-15, 29.39999999999999858 ) ) ;
#3433 = CARTESIAN_POINT ( 'NONE',  ( 19.94999999999999929, 2.443170364298969834E-15, 10.00000000000000000 ) ) ;
#3434 = DIRECTION ( 'NONE',  ( 0.7485881801731661955, 0.6630352452962265941, 0.000000000000000000 ) ) ;
#3435 = VECTOR ( 'NONE', #1681, 1000.000000000000000 ) ;
#3436 = ORIENTED_EDGE ( 'NONE', *, *, #1892, .F. ) ;
#3437 = CARTESIAN_POINT ( 'NONE',  ( 17.57189017612680004, -0.7528390920688410315, 30.39999999999999858 ) ) ;
#3438 = EDGE_CURVE ( 'NONE', #1601, #4003, #3189, .T. ) ;
#3439 = DIRECTION ( 'NONE',  ( 0.000000000000000000, 0.000000000000000000, 1.000000000000000000 ) ) ;
#3440 = VECTOR ( 'NONE', #1500, 1000.000000000000000 ) ;
#3441 = AXIS2_PLACEMENT_3D ( 'NONE', #3894, #2293, #2331 ) ;
#3442 = LINE ( 'NONE', #2207, #1699 ) ;
#3443 = DIRECTION ( 'NONE',  ( 1.000000000000000000, 0.000000000000000000, 0.000000000000000000 ) ) ;
#3444 = DIRECTION ( 'NONE',  ( 0.000000000000000000, 0.000000000000000000, 1.000000000000000000 ) ) ;
#3445 = VECTOR ( 'NONE', #2194, 1000.000000000000000 ) ;
#3446 = CIRCLE ( 'NONE', #1180, 11.25141421356232030 ) ;
#3447 = VERTEX_POINT ( 'NONE', #3962 ) ;
#3448 = EDGE_CURVE ( 'NONE', #2891, #1765, #1715, .T. ) ;
#3449 = EDGE_CURVE ( 'NONE', #3617, #2620, #3620, .T. ) ;
#3450 = CARTESIAN_POINT ( 'NONE',  ( -10.66738156746743904, 13.92908720965074032, 2.500000000000000000 ) ) ;
#3451 = ORIENTED_EDGE ( 'NONE', *, *, #2395, .F. ) ;
#3452 = AXIS2_PLACEMENT_3D ( 'NONE', #3079, #1216, #902 ) ;
#3453 = CARTESIAN_POINT ( 'NONE',  ( 18.22189017612680217, -4.672274967014939939, 40.39999999999999858 ) ) ;
#3454 = CIRCLE ( 'NONE', #1725, 0.6500000000000012434 ) ;
#3455 = DIRECTION ( 'NONE',  ( 1.000000000000000000, 0.000000000000000000, 0.000000000000000000 ) ) ;
#3456 = ADVANCED_FACE ( 'NONE', ( #2311 ), #2371, .F. ) ;
#3457 = EDGE_LOOP ( 'NONE', ( #2800, #931 ) ) ;
#3458 = DIRECTION ( 'NONE',  ( 0.000000000000000000, 0.000000000000000000, -1.000000000000000000 ) ) ;
#3459 = EDGE_CURVE ( 'NONE', #3559, #3652, #3918, .T. ) ;
#3460 = CARTESIAN_POINT ( 'NONE',  ( -2.000000000000369926, 23.50000000000000000, 33.39999999999999858 ) ) ;
#3461 = ORIENTED_EDGE ( 'NONE', *, *, #1408, .F. ) ;
#3462 = VECTOR ( 'NONE', #2933, 1000.000000000000000 ) ;
#3463 = ORIENTED_EDGE ( 'NONE', *, *, #846, .F. ) ;
#3464 = DIRECTION ( 'NONE',  ( -1.000000000000000000, 0.000000000000000000, 0.000000000000000000 ) ) ;
#3465 = CARTESIAN_POINT ( 'NONE',  ( -13.92908720965064084, -10.66738156746757937, 2.500000000000000000 ) ) ;
#3466 = B_SPLINE_CURVE_WITH_KNOTS ( 'NONE', 3,
 ( #690, #2995, #51, #120, #1676, #2646, #2626, #1024, #1400, #3921, #3603, #737, #2972, #465, #1380, #2668, #2685, #775 ),
 .UNSPECIFIED., .F., .F.,
 ( 4, 2, 2, 2, 2, 2, 2, 2, 4 ),
 ( 0.000000000000000000, 0.1250000000000001665, 0.2500000000000001665, 0.3750000000000001665, 0.5000000000000001110, 0.6250000000000001110, 0.7500000000000001110, 0.8750000000000000000, 1.000000000000000000 ),
 .UNSPECIFIED. ) ;
#3467 = DIRECTION ( 'NONE',  ( 0.000000000000000000, 0.000000000000000000, 1.000000000000000000 ) ) ;
#3468 = DIRECTION ( 'NONE',  ( -1.000000000000000000, 0.000000000000000000, 0.000000000000000000 ) ) ;
#3469 = CARTESIAN_POINT ( 'NONE',  ( -2.941322721851625133, 12.40685494837875957, 0.5000000000000000000 ) ) ;
#3470 = CARTESIAN_POINT ( 'NONE',  ( 0.000000000000000000, 0.000000000000000000, 0.5000000000000000000 ) ) ;
#3471 = ORIENTED_EDGE ( 'NONE', *, *, #3201, .F. ) ;
#3472 = EDGE_LOOP ( 'NONE', ( #1134, #2675, #2705, #2569 ) ) ;
#3473 = EDGE_CURVE ( 'NONE', #3627, #3658, #3553, .T. ) ;
#3474 = CARTESIAN_POINT ( 'NONE',  ( -5.642613660500470196, 8.255962153397600645, 2.500000000000000000 ) ) ;
#3475 = ORIENTED_EDGE ( 'NONE', *, *, #635, .F. ) ;
#3476 = CARTESIAN_POINT ( 'NONE',  ( -5.000000000001870504, 19.26161986957434991, 31.39999999999999858 ) ) ;
#3477 = DIRECTION ( 'NONE',  ( 0.000000000000000000, 0.000000000000000000, -1.000000000000000000 ) ) ;
#3478 = CIRCLE ( 'NONE', #4028, 0.6500000000000000222 ) ;
#3479 = ORIENTED_EDGE ( 'NONE', *, *, #2066, .F. ) ;
#3480 = DIRECTION ( 'NONE',  ( 0.000000000000000000, 0.000000000000000000, -1.000000000000000000 ) ) ;
#3481 = EDGE_CURVE ( 'NONE', #607, #1846, #3725, .T. ) ;
#3482 = EDGE_CURVE ( 'NONE', #1152, #609, #2664, .T. ) ;
#3483 = EDGE_CURVE ( 'NONE', #1263, #2891, #1000, .T. ) ;
#3484 = DIRECTION ( 'NONE',  ( -3.469446951952560271E-15, -1.000000000000000000, 0.000000000000000000 ) ) ;
#3485 = ORIENTED_EDGE ( 'NONE', *, *, #2750, .F. ) ;
#3486 = CARTESIAN_POINT ( 'NONE',  ( -12.23808847300335501, -12.50916426193526831, 2.333962371026692573 ) ) ;
#3487 = DIRECTION ( 'NONE',  ( 1.000000000000000000, 0.000000000000000000, 0.000000000000000000 ) ) ;
#3488 = EDGE_CURVE ( 'NONE', #2339, #2469, #1313, .T. ) ;
#3489 = VECTOR ( 'NONE', #1842, 1000.000000000000000 ) ;
#3490 = PLANE ( 'NONE',  #2635 ) ;
#3491 = CARTESIAN_POINT ( 'NONE',  ( 0.000000000000000000, -11.96354363695471967, 0.5000000000000000000 ) ) ;
#3492 = DIRECTION ( 'NONE',  ( 0.000000000000000000, 0.000000000000000000, -1.000000000000000000 ) ) ;
#3493 = EDGE_CURVE ( 'NONE', #1152, #792, #2022, .T. ) ;
#3494 = ORIENTED_EDGE ( 'NONE', *, *, #2996, .F. ) ;
#3495 = EDGE_LOOP ( 'NONE', ( #490, #3867, #2905, #3006 ) ) ;
#3496 = CARTESIAN_POINT ( 'NONE',  ( 3.472800551136074887, 10.70205485582938110, 0.5000000000000000000 ) ) ;
#3497 = ORIENTED_EDGE ( 'NONE', *, *, #2686, .F. ) ;
#3498 = DIRECTION ( 'NONE',  ( -1.000000000000000000, 0.000000000000000000, 0.000000000000000000 ) ) ;
#3499 = CIRCLE ( 'NONE', #3360, 0.7485857864325601296 ) ;
#3500 = CARTESIAN_POINT ( 'NONE',  ( 3.005514282203614940, 12.38924224694028098, 0.5000000000000000000 ) ) ;
#3501 = AXIS2_PLACEMENT_3D ( 'NONE', #879, #1549, #2515 ) ;
#3502 = EDGE_LOOP ( 'NONE', ( #258, #1879 ) ) ;
#3503 = CARTESIAN_POINT ( 'NONE',  ( -7.595483206151066646, -6.506620400289812700, 3.750067448518116020 ) ) ;
#3504 = EDGE_CURVE ( 'NONE', #1263, #3635, #308, .T. ) ;
#3505 = DIRECTION ( 'NONE',  ( -1.000000000000000000, -1.948672704680620034E-13, 0.000000000000000000 ) ) ;
#3506 = ORIENTED_EDGE ( 'NONE', *, *, #1970, .F. ) ;
#3507 = FACE_OUTER_BOUND ( 'NONE', #2856, .T. ) ;
#3508 = DIRECTION ( 'NONE',  ( 0.000000000000000000, 0.000000000000000000, 1.000000000000000000 ) ) ;
#3509 = DIRECTION ( 'NONE',  ( 0.000000000000000000, 0.000000000000000000, 1.000000000000000000 ) ) ;
#3510 = VECTOR ( 'NONE', #1406, 1000.000000000000000 ) ;
#3511 = ADVANCED_FACE ( 'NONE', ( #436 ), #91, .T. ) ;
#3512 = DIRECTION ( 'NONE',  ( 1.000000000000000000, 0.000000000000000000, 0.000000000000000000 ) ) ;
#3513 = CIRCLE ( 'NONE', #2913, 11.25141421356232030 ) ;
#3514 = DIRECTION ( 'NONE',  ( 0.000000000000000000, 0.000000000000000000, -1.000000000000000000 ) ) ;
#3515 = DIRECTION ( 'NONE',  ( 1.000000000000000000, 0.000000000000000000, 0.000000000000000000 ) ) ;
#3516 = ORIENTED_EDGE ( 'NONE', *, *, #2161, .T. ) ;
#3517 = AXIS2_PLACEMENT_3D ( 'NONE', #136, #2101, #216 ) ;
#3518 = ORIENTED_EDGE ( 'NONE', *, *, #3948, .T. ) ;
#3519 = CARTESIAN_POINT ( 'NONE',  ( 17.50000000000000000, 2.143131898507869826E-15, 0.000000000000000000 ) ) ;
#3520 = ORIENTED_EDGE ( 'NONE', *, *, #2031, .T. ) ;
#3521 = CARTESIAN_POINT ( 'NONE',  ( 20.00000000000000000, 2.449293598294704935E-15, 10.00000000000000000 ) ) ;
#3522 = CIRCLE ( 'NONE', #307, 0.6500000000000000222 ) ;
#3523 = CARTESIAN_POINT ( 'NONE',  ( 11.84464313219868714, -12.88324013976410498, 3.718392480292850966 ) ) ;
#3524 = CIRCLE ( 'NONE', #3121, 0.6500000000000000222 ) ;
#3525 = LINE ( 'NONE', #1577, #3191 ) ;
#3526 = AXIS2_PLACEMENT_3D ( 'NONE', #3590, #85, #724 ) ;
#3527 = VERTEX_POINT ( 'NONE', #2663 ) ;
#3528 = CIRCLE ( 'NONE', #2272, 19.94999999999999929 ) ;
#3529 = DIRECTION ( 'NONE',  ( -1.000000000000000000, 0.000000000000000000, 0.000000000000000000 ) ) ;
#3530 = DIRECTION ( 'NONE',  ( 0.000000000000000000, 0.000000000000000000, 1.000000000000000000 ) ) ;
#3531 = EDGE_LOOP ( 'NONE', ( #372, #2877, #1081, #1629 ) ) ;
#3532 = CARTESIAN_POINT ( 'NONE',  ( -11.35722092410166617, 13.31491631903882045, 3.717984599510864019 ) ) ;
#3533 = CYLINDRICAL_SURFACE ( 'NONE', #4072, 13.50000000000000000 ) ;
#3534 = FACE_BOUND ( 'NONE', #2382, .T. ) ;
#3535 = DIRECTION ( 'NONE',  ( 1.000000000000000000, 0.000000000000000000, 0.000000000000000000 ) ) ;
#3536 = CARTESIAN_POINT ( 'NONE',  ( -12.99100599572414261, -11.72651986096748722, 3.750139635446844366 ) ) ;
#3537 = EDGE_CURVE ( 'NONE', #1688, #2233, #72, .T. ) ;
#3538 = ORIENTED_EDGE ( 'NONE', *, *, #1149, .T. ) ;
#3539 = VERTEX_POINT ( 'NONE', #3941 ) ;
#3540 = CARTESIAN_POINT ( 'NONE',  ( -7.514084110933380245, 6.598374040157059639, 2.500000000000000000 ) ) ;
#3541 = ORIENTED_EDGE ( 'NONE', *, *, #2802, .F. ) ;
#3542 = DIRECTION ( 'NONE',  ( 1.000000000000000000, 0.000000000000000000, 0.000000000000000000 ) ) ;
#3543 = FACE_OUTER_BOUND ( 'NONE', #633, .T. ) ;
#3544 = CYLINDRICAL_SURFACE ( 'NONE', #1105, 10.00000000000000000 ) ;
#3545 = DIRECTION ( 'NONE',  ( 0.000000000000000000, 0.000000000000000000, -1.000000000000000000 ) ) ;
#3546 = VERTEX_POINT ( 'NONE', #45 ) ;
#3547 = DIRECTION ( 'NONE',  ( -6.938893903907229955E-15, -1.000000000000000000, 0.000000000000000000 ) ) ;
#3548 = DIRECTION ( 'NONE',  ( 0.000000000000000000, 0.000000000000000000, -1.000000000000000000 ) ) ;
#3549 = AXIS2_PLACEMENT_3D ( 'NONE', #3898, #2847, #2211 ) ;
#3550 = AXIS2_PLACEMENT_3D ( 'NONE', #4173, #2579, #583 ) ;
#3551 = ORIENTED_EDGE ( 'NONE', *, *, #2134, .T. ) ;
#3552 = CARTESIAN_POINT ( 'NONE',  ( -2.597167107518235429, -10.94734260151944127, 0.5000000000000000000 ) ) ;
#3553 = LINE ( 'NONE', #1043, #1995 ) ;
#3554 = ADVANCED_FACE ( 'NONE', ( #2990 ), #2056, .T. ) ;
#3555 = LINE ( 'NONE', #371, #227 ) ;
#3556 = CARTESIAN_POINT ( 'NONE',  ( -5.000000000001870504, 15.00000000000000000, 33.39999999999999858 ) ) ;
#3557 = DIRECTION ( 'NONE',  ( 1.000000000000000000, 0.000000000000000000, 0.000000000000000000 ) ) ;
#3558 = EDGE_CURVE ( 'NONE', #1875, #3083, #1244, .T. ) ;
#3559 = VERTEX_POINT ( 'NONE', #3723 ) ;
#3560 = EDGE_LOOP ( 'NONE', ( #141, #2050, #1984, #2196 ) ) ;
#3561 = ADVANCED_FACE ( 'NONE', ( #3379 ), #1435, .F. ) ;
#3562 = CARTESIAN_POINT ( 'NONE',  ( 1.999999999999814815, 23.50000000000000000, 33.39999999999999858 ) ) ;
#3563 = VERTEX_POINT ( 'NONE', #2721 ) ;
#3564 = CARTESIAN_POINT ( 'NONE',  ( -5.000000000001870504, 26.50000000000000000, 31.39999999999999858 ) ) ;
#3565 = CARTESIAN_POINT ( 'NONE',  ( 10.63774392827165904, -13.89562535895809958, 2.499999999999490186 ) ) ;
#3566 = ORIENTED_EDGE ( 'NONE', *, *, #2537, .T. ) ;
#3567 = CARTESIAN_POINT ( 'NONE',  ( -7.972588250588172443, -6.037524820957548499, 3.501246988633081259 ) ) ;
#3568 = ORIENTED_EDGE ( 'NONE', *, *, #2693, .T. ) ;
#3569 = CARTESIAN_POINT ( 'NONE',  ( 0.000000000000000000, 0.000000000000000000, 31.39999999999999858 ) ) ;
#3570 = VERTEX_POINT ( 'NONE', #3358 ) ;
#3571 = B_SPLINE_CURVE_WITH_KNOTS ( 'NONE', 3,
 ( #71, #1042, #90, #3218, #2682, #1374, #1352, #3532, #2661, #1066, #3572, #703, #43, #1711, #2038, #1311, #3300, #2621 ),
 .UNSPECIFIED., .F., .F.,
 ( 4, 2, 2, 2, 2, 2, 2, 2, 4 ),
 ( 0.000000000000000000, 0.1250000000000000000, 0.2500000000000000000, 0.3750000000000000000, 0.5000000000000000000, 0.6250000000000000000, 0.7500000000000000000, 0.8750000000000000000, 1.000000000000000000 ),
 .UNSPECIFIED. ) ;
#3572 = CARTESIAN_POINT ( 'NONE',  ( -11.84464313219881326, 12.88324013976399307, 3.718392480289281377 ) ) ;
#3573 = ORIENTED_EDGE ( 'NONE', *, *, #4057, .T. ) ;
#3574 = DIRECTION ( 'NONE',  ( 0.000000000000000000, 0.000000000000000000, 1.000000000000000000 ) ) ;
#3575 = CARTESIAN_POINT ( 'NONE',  ( -5.000000000000190070, -26.50000000000000000, 33.39999999999999858 ) ) ;
#3576 = CARTESIAN_POINT ( 'NONE',  ( 18.87189017612680075, -0.7528390920688410315, 30.39999999999999858 ) ) ;
#3577 = CARTESIAN_POINT ( 'NONE',  ( 1.444605166093860138, -11.81808510325407902, -9.500000000000000000 ) ) ;
#3578 = VERTEX_POINT ( 'NONE', #4066 ) ;
#3579 = AXIS2_PLACEMENT_3D ( 'NONE', #2492, #2615, #1326 ) ;
#3580 = EDGE_CURVE ( 'NONE', #1008, #1037, #977, .T. ) ;
#3581 = DIRECTION ( 'NONE',  ( 0.000000000000000000, 0.000000000000000000, 1.000000000000000000 ) ) ;
#3582 = VERTEX_POINT ( 'NONE', #3703 ) ;
#3583 = CYLINDRICAL_SURFACE ( 'NONE', #2624, 0.6500000000000001332 ) ;
#3584 = LINE ( 'NONE', #101, #1638 ) ;
#3585 = CARTESIAN_POINT ( 'NONE',  ( -3.703854984147879836, -11.41409033853683930, 0.5000000000000000000 ) ) ;
#3586 = AXIS2_PLACEMENT_3D ( 'NONE', #2329, #3284, #2020 ) ;
#3587 = AXIS2_PLACEMENT_3D ( 'NONE', #950, #2804, #4094 ) ;
#3588 = ORIENTED_EDGE ( 'NONE', *, *, #1204, .F. ) ;
#3589 = VECTOR ( 'NONE', #3067, 1000.000000000000000 ) ;
#3590 = CARTESIAN_POINT ( 'NONE',  ( -2.770244914684935278, -11.67709877494909954, 0.5000000000000000000 ) ) ;
#3591 = ORIENTED_EDGE ( 'NONE', *, *, #3091, .T. ) ;
#3592 = DIRECTION ( 'NONE',  ( 0.000000000000000000, 0.000000000000000000, -1.000000000000000000 ) ) ;
#3593 = FACE_OUTER_BOUND ( 'NONE', #2906, .T. ) ;
#3594 = EDGE_CURVE ( 'NONE', #1894, #1097, #2159, .T. ) ;
#3595 = ADVANCED_FACE ( 'NONE', ( #533 ), #1139, .T. ) ;
#3596 = VERTEX_POINT ( 'NONE', #2475 ) ;
#3597 = CIRCLE ( 'NONE', #3526, 0.7499999999948749885 ) ;
#3598 = CARTESIAN_POINT ( 'NONE',  ( 2.613903504973119851, 10.94357483968750167, 0.000000000000000000 ) ) ;
#3599 = CARTESIAN_POINT ( 'NONE',  ( 2.943322721851640011, 12.40685494837871872, 0.5000000000000000000 ) ) ;
#3600 = AXIS2_PLACEMENT_3D ( 'NONE', #3556, #2951, #2625 ) ;
#3601 = AXIS2_PLACEMENT_3D ( 'NONE', #2617, #681, #1602 ) ;
#3602 = SURFACE_SIDE_STYLE ('',( #774 ) ) ;
#3603 = CARTESIAN_POINT ( 'NONE',  ( 11.35849309301643828, -13.31383217490347803, 1.281581915559903750 ) ) ;
#3604 = ADVANCED_FACE ( 'NONE', ( #834 ), #514, .F. ) ;
#3605 = ORIENTED_EDGE ( 'NONE', *, *, #1953, .T. ) ;
#3606 = ORIENTED_EDGE ( 'NONE', *, *, #1941, .F. ) ;
#3607 = CARTESIAN_POINT ( 'NONE',  ( 0.000000000000000000, 0.000000000000000000, 6.000000000000000000 ) ) ;
#3608 = CARTESIAN_POINT ( 'NONE',  ( 0.0009999999999594510764, 0.0009999999999594538953, 0.5000000000000000000 ) ) ;
#3609 = DIRECTION ( 'NONE',  ( 0.000000000000000000, 0.000000000000000000, 1.000000000000000000 ) ) ;
#3610 = ADVANCED_FACE ( 'NONE', ( #3027 ), #1773, .F. ) ;
#3611 = EDGE_CURVE ( 'NONE', #767, #2930, #2779, .T. ) ;
#3612 = ORIENTED_EDGE ( 'NONE', *, *, #332, .F. ) ;
#3613 = DIRECTION ( 'NONE',  ( 0.000000000000000000, -1.000000000000000000, 0.000000000000000000 ) ) ;
#3614 = ORIENTED_EDGE ( 'NONE', *, *, #3808, .T. ) ;
#3615 = DIRECTION ( 'NONE',  ( 0.000000000000000000, 0.000000000000000000, -1.000000000000000000 ) ) ;
#3616 = ORIENTED_EDGE ( 'NONE', *, *, #168, .T. ) ;
#3617 = VERTEX_POINT ( 'NONE', #497 ) ;
#3618 = ADVANCED_FACE ( 'NONE', ( #3086 ), #2119, .F. ) ;
#3619 = CARTESIAN_POINT ( 'NONE',  ( 2.941322721851625133, -12.40685494837875957, 0.5000000000000000000 ) ) ;
#3620 = LINE ( 'NONE', #754, #3933 ) ;
#3621 = EDGE_CURVE ( 'NONE', #2628, #700, #1420, .T. ) ;
#3622 = CIRCLE ( 'NONE', #3406, 0.6500000000000012434 ) ;
#3623 = CARTESIAN_POINT ( 'NONE',  ( 2.094605166093860049, -11.81808510325407902, -9.500000000000000000 ) ) ;
#3624 = AXIS2_PLACEMENT_3D ( 'NONE', #3608, #3272, #3310 ) ;
#3625 = DIRECTION ( 'NONE',  ( 1.000000000000000000, 0.000000000000000000, 0.000000000000000000 ) ) ;
#3626 = CARTESIAN_POINT ( 'NONE',  ( 8.255920741970228960, 5.642674251424757870, 2.334214415722966507 ) ) ;
#3627 = VERTEX_POINT ( 'NONE', #1123 ) ;
#3628 = ORIENTED_EDGE ( 'NONE', *, *, #312, .F. ) ;
#3629 = DIRECTION ( 'NONE',  ( 1.000000000000000000, 0.000000000000000000, 0.000000000000000000 ) ) ;
#3630 = DIRECTION ( 'NONE',  ( -1.000000000000000000, 0.000000000000000000, 0.000000000000000000 ) ) ;
#3631 = DIRECTION ( 'NONE',  ( 0.000000000000000000, 1.000000000000000000, 0.000000000000000000 ) ) ;
#3632 =( NAMED_UNIT ( * ) PLANE_ANGLE_UNIT ( ) SI_UNIT ( $, .RADIAN. ) );
#3633 = VERTEX_POINT ( 'NONE', #3978 ) ;
#3634 = LINE ( 'NONE', #3313, #1794 ) ;
#3635 = VERTEX_POINT ( 'NONE', #2414 ) ;
#3636 = CARTESIAN_POINT ( 'NONE',  ( 0.000000000000000000, 11.96354363695471967, -9.500000000000000000 ) ) ;
#3637 = ORIENTED_EDGE ( 'NONE', *, *, #2246, .T. ) ;
#3638 = ADVANCED_FACE ( 'NONE', ( #871, #812 ), #1160, .F. ) ;
#3639 = ORIENTED_EDGE ( 'NONE', *, *, #1334, .T. ) ;
#3640 = LINE ( 'NONE', #174, #2384 ) ;
#3641 = CARTESIAN_POINT ( 'NONE',  ( 0.000000000000000000, 0.000000000000000000, 29.39999999999999858 ) ) ;
#3642 = CIRCLE ( 'NONE', #2575, 0.7485857864325601296 ) ;
#3643 = CARTESIAN_POINT ( 'NONE',  ( 0.6500000000000000222, -11.96354363695471967, 0.5000000000000000000 ) ) ;
#3644 = ADVANCED_FACE ( 'NONE', ( #4043 ), #3415, .F. ) ;
#3645 = CARTESIAN_POINT ( 'NONE',  ( 2.997719311615589799, -12.39113063778549950, 0.5000000000000000000 ) ) ;
#3646 = EDGE_LOOP ( 'NONE', ( #2338, #2179, #414, #314 ) ) ;
#3647 = CARTESIAN_POINT ( 'NONE',  ( 18.87189017612680075, -0.7528390920688410315, 40.39999999999999858 ) ) ;
#3648 = CIRCLE ( 'NONE', #1370, 19.90000000000000213 ) ;
#3649 = DIRECTION ( 'NONE',  ( 0.000000000000000000, 0.000000000000000000, 1.000000000000000000 ) ) ;
#3650 = DIRECTION ( 'NONE',  ( 0.000000000000000000, 0.000000000000000000, 1.000000000000000000 ) ) ;
#3651 = AXIS2_PLACEMENT_3D ( 'NONE', #770, #3011, #1793 ) ;
#3652 = VERTEX_POINT ( 'NONE', #855 ) ;
#3653 = CARTESIAN_POINT ( 'NONE',  ( -19.90000000000000213, 2.437047130303235128E-15, 29.39999999999999858 ) ) ;
#3654 = ORIENTED_EDGE ( 'NONE', *, *, #515, .F. ) ;
#3655 = VECTOR ( 'NONE', #291, 1000.000000000000000 ) ;
#3656 = AXIS2_PLACEMENT_3D ( 'NONE', #2536, #1605, #2576 ) ;
#3657 = AXIS2_PLACEMENT_3D ( 'NONE', #18, #2390, #4025 ) ;
#3658 = VERTEX_POINT ( 'NONE', #795 ) ;
#3659 = CARTESIAN_POINT ( 'NONE',  ( -2.118045185149889705E-13, -23.50000000000000000, 33.39999999999999858 ) ) ;
#3660 = CARTESIAN_POINT ( 'NONE',  ( 17.57189017612680004, 1.110948596716720083, 30.39999999999999858 ) ) ;
#3661 = DIRECTION ( 'NONE',  ( 0.000000000000000000, 0.000000000000000000, -1.000000000000000000 ) ) ;
#3662 = VECTOR ( 'NONE', #220, 1000.000000000000000 ) ;
#3663 = EDGE_CURVE ( 'NONE', #2504, #3596, #4068, .T. ) ;
#3664 = VECTOR ( 'NONE', #3210, 1000.000000000000000 ) ;
#3665 = CARTESIAN_POINT ( 'NONE',  ( 3.674736048336959993, -11.42349836849159850, 0.5000000000000000000 ) ) ;
#3666 = AXIS2_PLACEMENT_3D ( 'NONE', #3491, #3812, #623 ) ;
#3667 = CARTESIAN_POINT ( 'NONE',  ( -8.165093198568190047, -5.773673779868741640, 1.868983234448164499 ) ) ;
#3668 = ORIENTED_EDGE ( 'NONE', *, *, #2750, .T. ) ;
#3669 = ORIENTED_EDGE ( 'NONE', *, *, #3821, .F. ) ;
#3670 = CARTESIAN_POINT ( 'NONE',  ( 5.000000000000000000, 15.00000000000000000, 31.39999999999999858 ) ) ;
#3671 = EDGE_CURVE ( 'NONE', #609, #998, #573, .T. ) ;
#3672 = CARTESIAN_POINT ( 'NONE',  ( 6.506620400289738093, -7.595483206151133260, 3.750067448512215407 ) ) ;
#3673 = CYLINDRICAL_SURFACE ( 'NONE', #3175, 0.7485857864325601296 ) ;
#3674 = ORIENTED_EDGE ( 'NONE', *, *, #2486, .T. ) ;
#3675 = ORIENTED_EDGE ( 'NONE', *, *, #2031, .F. ) ;
#3676 = FACE_BOUND ( 'NONE', #2508, .T. ) ;
#3677 = ORIENTED_EDGE ( 'NONE', *, *, #3339, .F. ) ;
#3678 = FACE_OUTER_BOUND ( 'NONE', #618, .T. ) ;
#3679 = ORIENTED_EDGE ( 'NONE', *, *, #3123, .F. ) ;
#3680 = LINE ( 'NONE', #1968, #3901 ) ;
#3681 = EDGE_CURVE ( 'NONE', #4003, #1601, #1177, .T. ) ;
#3682 = DIRECTION ( 'NONE',  ( 0.000000000000000000, -1.000000000000000000, 0.000000000000000000 ) ) ;
#3683 = DIRECTION ( 'NONE',  ( -1.445602896647339903E-16, -1.000000000000000000, 0.000000000000000000 ) ) ;
#3684 = ORIENTED_EDGE ( 'NONE', *, *, #913, .F. ) ;
#3685 = DIRECTION ( 'NONE',  ( 0.6630352452962302578, -0.7485881801731628649, 0.000000000000000000 ) ) ;
#3686 = ADVANCED_FACE ( 'NONE', ( #4109 ), #3764, .T. ) ;
#3687 = DIRECTION ( 'NONE',  ( -1.000000000000000000, 0.000000000000000000, 0.000000000000000000 ) ) ;
#3688 = CIRCLE ( 'NONE', #3822, 0.6500000000000001332 ) ;
#3689 = CARTESIAN_POINT ( 'NONE',  ( 13.74285058250097791, 10.83502908088690297, 1.733196819619480022 ) ) ;
#3690 = CARTESIAN_POINT ( 'NONE',  ( -3.738329090730019793E-13, 23.50000000000000000, 31.39999999999999858 ) ) ;
#3691 = ADVANCED_FACE ( 'NONE', ( #597 ), #280, .F. ) ;
#3692 = DIRECTION ( 'NONE',  ( 0.000000000000000000, 0.000000000000000000, 1.000000000000000000 ) ) ;
#3693 = EDGE_CURVE ( 'NONE', #3843, #208, #1314, .T. ) ;
#3694 = LINE ( 'NONE', #1449, #1028 ) ;
#3695 = VERTEX_POINT ( 'NONE', #1920 ) ;
#3696 = DIRECTION ( 'NONE',  ( 0.000000000000000000, 0.000000000000000000, -1.000000000000000000 ) ) ;
#3697 = ORIENTED_EDGE ( 'NONE', *, *, #1999, .T. ) ;
#3698 = DIRECTION ( 'NONE',  ( 1.000000000000000000, 0.000000000000000000, 0.000000000000000000 ) ) ;
#3699 = AXIS2_PLACEMENT_3D ( 'NONE', #4098, #1209, #2498 ) ;
#3700 = ORIENTED_EDGE ( 'NONE', *, *, #4057, .F. ) ;
#3701 = CARTESIAN_POINT ( 'NONE',  ( -13.89562535895805873, -10.63774392827171944, 2.499999999999490186 ) ) ;
#3702 = CARTESIAN_POINT ( 'NONE',  ( 13.87634916731689927, 10.66306507064024167, 2.825125952703964938 ) ) ;
#3703 = CARTESIAN_POINT ( 'NONE',  ( -2.094605166093860049, 11.81808510325407902, 0.5000000000000000000 ) ) ;
#3704 = ADVANCED_FACE ( 'NONE', ( #325 ), #2823, .F. ) ;
#3705 = CIRCLE ( 'NONE', #1154, 12.74858578642744078 ) ;
#3706 = DIRECTION ( 'NONE',  ( 0.000000000000000000, 0.000000000000000000, -1.000000000000000000 ) ) ;
#3707 = DIRECTION ( 'NONE',  ( 0.000000000000000000, 0.000000000000000000, 1.000000000000000000 ) ) ;
#3708 = CARTESIAN_POINT ( 'NONE',  ( -7.514084110933380245, 6.598374040157059639, 2.500000000000000000 ) ) ;
#3709 = DIRECTION ( 'NONE',  ( 1.000000000000000000, 0.000000000000000000, 0.000000000000000000 ) ) ;
#3710 = DIRECTION ( 'NONE',  ( 1.000000000000000000, 0.000000000000000000, 0.000000000000000000 ) ) ;
#3711 = ORIENTED_EDGE ( 'NONE', *, *, #2405, .T. ) ;
#3712 = CIRCLE ( 'NONE', #2976, 0.6500000000000000222 ) ;
#3713 = ORIENTED_EDGE ( 'NONE', *, *, #260, .T. ) ;
#3714 = DIRECTION ( 'NONE',  ( 0.000000000000000000, 0.000000000000000000, 1.000000000000000000 ) ) ;
#3715 = ORIENTED_EDGE ( 'NONE', *, *, #2011, .T. ) ;
#3716 = VECTOR ( 'NONE', #2463, 1000.000000000000000 ) ;
#3717 = DIRECTION ( 'NONE',  ( 0.000000000000000000, 0.000000000000000000, 1.000000000000000000 ) ) ;
#3718 = AXIS2_PLACEMENT_3D ( 'NONE', #2229, #1929, #3879 ) ;
#3719 = VERTEX_POINT ( 'NONE', #4168 ) ;
#3720 = FACE_OUTER_BOUND ( 'NONE', #1641, .T. ) ;
#3721 = ADVANCED_FACE ( 'NONE', ( #2493 ), #1222, .T. ) ;
#3722 = DIRECTION ( 'NONE',  ( 0.000000000000000000, 0.000000000000000000, 1.000000000000000000 ) ) ;
#3723 = CARTESIAN_POINT ( 'NONE',  ( 3.445498117113829917, -10.71087599265892010, 0.5000000000000000000 ) ) ;
#3724 = AXIS2_PLACEMENT_3D ( 'NONE', #1564, #1839, #2512 ) ;
#3725 = CIRCLE ( 'NONE', #2787, 11.25000000000000000 ) ;
#3726 = AXIS2_PLACEMENT_3D ( 'NONE', #1860, #2555, #1285 ) ;
#3727 = CARTESIAN_POINT ( 'NONE',  ( 18.22189017612680217, -2.835895920711525076, 40.39999999999999858 ) ) ;
#3728 = LINE ( 'NONE', #198, #1115 ) ;
#3729 = AXIS2_PLACEMENT_3D ( 'NONE', #3886, #36, #3952 ) ;
#3730 = ORIENTED_EDGE ( 'NONE', *, *, #3681, .T. ) ;
#3731 = AXIS2_PLACEMENT_3D ( 'NONE', #353, #2810, #1210 ) ;
#3732 = DIRECTION ( 'NONE',  ( -6.938893903907229955E-15, -1.000000000000000000, 0.000000000000000000 ) ) ;
#3733 = DIRECTION ( 'NONE',  ( -1.000000000000000000, 0.000000000000000000, 0.000000000000000000 ) ) ;
#3734 = CARTESIAN_POINT ( 'NONE',  ( 10.63774392827165904, -13.89562535895809958, 2.499999999999490186 ) ) ;
#3735 = ORIENTED_EDGE ( 'NONE', *, *, #3611, .T. ) ;
#3736 = ORIENTED_EDGE ( 'NONE', *, *, #574, .F. ) ;
#3737 = DIRECTION ( 'NONE',  ( 0.000000000000000000, -1.000000000000000000, 0.000000000000000000 ) ) ;
#3738 = EDGE_LOOP ( 'NONE', ( #3684, #29, #323, #1558 ) ) ;
#3739 = EDGE_CURVE ( 'NONE', #16, #2729, #647, .T. ) ;
#3740 = ADVANCED_FACE ( 'NONE', ( #2573 ), #3109, .F. ) ;
#3741 = CARTESIAN_POINT ( 'NONE',  ( -3.674736048336959993, 11.42349836849159850, 0.5000000000000000000 ) ) ;
#3742 = ORIENTED_EDGE ( 'NONE', *, *, #223, .F. ) ;
#3743 = CARTESIAN_POINT ( 'NONE',  ( -5.000000000001870504, 26.50000000000000000, 31.39999999999999858 ) ) ;
#3744 = DIRECTION ( 'NONE',  ( 0.000000000000000000, 0.000000000000000000, -1.000000000000000000 ) ) ;
#3745 = CARTESIAN_POINT ( 'NONE',  ( -5.000000000001870504, 15.00000000000000000, 33.39999999999999858 ) ) ;
#3746 = EDGE_CURVE ( 'NONE', #2254, #1887, #262, .T. ) ;
#3747 = EDGE_LOOP ( 'NONE', ( #3198, #1200, #2982, #272, #2898, #3794, #2112, #3479 ) ) ;
#3748 = DIRECTION ( 'NONE',  ( 0.000000000000000000, 0.000000000000000000, -1.000000000000000000 ) ) ;
#3749 = DIRECTION ( 'NONE',  ( 1.000000000000000000, 0.000000000000000000, 0.000000000000000000 ) ) ;
#3750 = CYLINDRICAL_SURFACE ( 'NONE', #768, 2.000000000000185185 ) ;
#3751 = DIRECTION ( 'NONE',  ( 0.000000000000000000, 0.000000000000000000, 1.000000000000000000 ) ) ;
#3752 = LINE ( 'NONE', #543, #231 ) ;
#3753 = VERTEX_POINT ( 'NONE', #1878 ) ;
#3754 = AXIS2_PLACEMENT_3D ( 'NONE', #726, #1585, #3297 ) ;
#3755 = ORIENTED_EDGE ( 'NONE', *, *, #3324, .T. ) ;
#3756 = FACE_OUTER_BOUND ( 'NONE', #2099, .T. ) ;
#3757 = ORIENTED_EDGE ( 'NONE', *, *, #1562, .T. ) ;
#3758 = VECTOR ( 'NONE', #2480, 1000.000000000000000 ) ;
#3759 = CARTESIAN_POINT ( 'NONE',  ( 1.999999999999814815, -26.50000000000000000, 31.39999999999999858 ) ) ;
#3760 = ADVANCED_FACE ( 'NONE', ( #2531 ), #2510, .F. ) ;
#3761 = ORIENTED_EDGE ( 'NONE', *, *, #576, .F. ) ;
#3762 = CARTESIAN_POINT ( 'NONE',  ( -11.84523334683264828, 12.88269690513143395, 1.281808514763290052 ) ) ;
#3763 = PLANE ( 'NONE',  #3851 ) ;
#3764 = CYLINDRICAL_SURFACE ( 'NONE', #3188, 0.6500000000000000222 ) ;
#3765 = EDGE_LOOP ( 'NONE', ( #2003, #1563, #1825, #1373 ) ) ;
#3766 = CARTESIAN_POINT ( 'NONE',  ( -5.642613660500470196, 8.255962153397600645, 2.500000000000000000 ) ) ;
#3767 = CARTESIAN_POINT ( 'NONE',  ( 2.943322721851640011, 12.40685494837871872, 0.5000000000000000000 ) ) ;
#3768 = EDGE_CURVE ( 'NONE', #3368, #3945, #785, .T. ) ;
#3769 = LINE ( 'NONE', #895, #1691 ) ;
#3770 = CARTESIAN_POINT ( 'NONE',  ( 2.248969619460625236, 11.81808510325407902, -9.500000000000000000 ) ) ;
#3771 = LINE ( 'NONE', #2440, #3988 ) ;
#3772 = ORIENTED_EDGE ( 'NONE', *, *, #800, .T. ) ;
#3773 = ORIENTED_EDGE ( 'NONE', *, *, #2274, .F. ) ;
#3774 = DIRECTION ( 'NONE',  ( 1.000000000000000000, 0.000000000000000000, 0.000000000000000000 ) ) ;
#3775 = ORIENTED_EDGE ( 'NONE', *, *, #663, .T. ) ;
#3776 = CARTESIAN_POINT ( 'NONE',  ( 5.000000000001289635, -26.50000000000000000, 31.39999999999999858 ) ) ;
#3777 = CARTESIAN_POINT ( 'NONE',  ( -2.941322721851625133, 12.40685494837875957, 0.000000000000000000 ) ) ;
#3778 = EDGE_LOOP ( 'NONE', ( #3325, #3359 ) ) ;
#3779 = CARTESIAN_POINT ( 'NONE',  ( 1.999999999999814815, -26.50000000000000000, 33.39999999999999858 ) ) ;
#3780 = CARTESIAN_POINT ( 'NONE',  ( -3.738329090730019793E-13, 23.50000000000000000, 33.39999999999999858 ) ) ;
#3781 = ADVANCED_FACE ( 'NONE', ( #2199 ), #3806, .F. ) ;
#3782 = VECTOR ( 'NONE', #2911, 1000.000000000000000 ) ;
#3783 = ORIENTED_EDGE ( 'NONE', *, *, #896, .T. ) ;
#3784 = DIRECTION ( 'NONE',  ( 0.000000000000000000, 0.000000000000000000, -1.000000000000000000 ) ) ;
#3785 = LINE ( 'NONE', #912, #3788 ) ;
#3786 = ADVANCED_FACE ( 'NONE', ( #1896 ), #3169, .F. ) ;
#3787 = CIRCLE ( 'NONE', #2266, 0.6500000000000000222 ) ;
#3788 = VECTOR ( 'NONE', #2205, 1000.000000000000000 ) ;
#3789 = CARTESIAN_POINT ( 'NONE',  ( -6.871395108714028588, 7.266870958564615179, 3.718164539965080451 ) ) ;
#3790 = DIRECTION ( 'NONE',  ( 0.000000000000000000, 0.000000000000000000, 1.000000000000000000 ) ) ;
#3791 = CARTESIAN_POINT ( 'NONE',  ( 21.00000000000000000, 2.571758278209440083E-15, 31.39999999999999858 ) ) ;
#3792 = AXIS2_PLACEMENT_3D ( 'NONE', #965, #1960, #3166 ) ;
#3793 = ORIENTED_EDGE ( 'NONE', *, *, #332, .T. ) ;
#3794 = ORIENTED_EDGE ( 'NONE', *, *, #3580, .F. ) ;
#3795 = ADVANCED_FACE ( 'NONE', ( #4150 ), #1266, .T. ) ;
#3796 = CYLINDRICAL_SURFACE ( 'NONE', #4016, 1.249999999999999334 ) ;
#3797 = ORIENTED_EDGE ( 'NONE', *, *, #130, .T. ) ;
#3798 = EDGE_CURVE ( 'NONE', #2670, #1295, #1686, .T. ) ;
#3799 = AXIS2_PLACEMENT_3D ( 'NONE', #1957, #3164, #3228 ) ;
#3800 = LINE ( 'NONE', #3521, #3664 ) ;
#3801 = CIRCLE ( 'NONE', #4077, 0.6500000000000012434 ) ;
#3802 = CARTESIAN_POINT ( 'NONE',  ( 0.000000000000000000, 11.96354363695471967, -9.500000000000000000 ) ) ;
#3803 = CIRCLE ( 'NONE', #2343, 11.25000000000000000 ) ;
#3804 = ORIENTED_EDGE ( 'NONE', *, *, #202, .F. ) ;
#3805 = CARTESIAN_POINT ( 'NONE',  ( 18.22189017612680217, 5.057793114144960356, 40.39999999999999858 ) ) ;
#3806 = PLANE ( 'NONE',  #1921 ) ;
#3807 = ORIENTED_EDGE ( 'NONE', *, *, #619, .T. ) ;
#3808 = EDGE_CURVE ( 'NONE', #1452, #691, #3862, .T. ) ;
#3809 = CARTESIAN_POINT ( 'NONE',  ( -2.000000000000210054, -23.50000000000000000, 31.39999999999999858 ) ) ;
#3810 = CARTESIAN_POINT ( 'NONE',  ( 20.00000000000000000, 2.449293598294704935E-15, 10.00000000000000000 ) ) ;
#3811 = CARTESIAN_POINT ( 'NONE',  ( 0.000000000000000000, 0.000000000000000000, 31.39999999999999858 ) ) ;
#3812 = DIRECTION ( 'NONE',  ( 0.000000000000000000, 0.000000000000000000, -1.000000000000000000 ) ) ;
#3813 = FACE_OUTER_BOUND ( 'NONE', #752, .T. ) ;
#3814 = ORIENTED_EDGE ( 'NONE', *, *, #203, .T. ) ;
#3815 = DIRECTION ( 'NONE',  ( 0.000000000000000000, 0.000000000000000000, 1.000000000000000000 ) ) ;
#3816 = ADVANCED_FACE ( 'NONE', ( #2288 ), #3913, .T. ) ;
#3817 = ORIENTED_EDGE ( 'NONE', *, *, #3053, .T. ) ;
#3818 = DIRECTION ( 'NONE',  ( 0.000000000000000000, 0.000000000000000000, -1.000000000000000000 ) ) ;
#3819 = EDGE_CURVE ( 'NONE', #2687, #3243, #3522, .T. ) ;
#3820 = DIRECTION ( 'NONE',  ( -1.000000000000000000, 3.469446951952560271E-15, 0.000000000000000000 ) ) ;
#3821 = EDGE_CURVE ( 'NONE', #2634, #274, #509, .T. ) ;
#3822 = AXIS2_PLACEMENT_3D ( 'NONE', #3884, #2192, #3498 ) ;
#3823 = ORIENTED_EDGE ( 'NONE', *, *, #3092, .F. ) ;
#3824 = CARTESIAN_POINT ( 'NONE',  ( -7.375671198511503768, -6.754772278903140581, 3.749932382650782436 ) ) ;
#3825 = CARTESIAN_POINT ( 'NONE',  ( 0.000000000000000000, -11.96354363695471967, -9.500000000000000000 ) ) ;
#3826 = CARTESIAN_POINT ( 'NONE',  ( 2.000000000000000000, 23.50000000000000000, 33.39999999999999858 ) ) ;
#3827 = ORIENTED_EDGE ( 'NONE', *, *, #4086, .T. ) ;
#3828 = B_SPLINE_CURVE_WITH_KNOTS ( 'NONE', 3,
 ( #1099, #1475, #3702, #1752, #461, #2118, #2452, #2055, #1733, #3026, #832, #3066, #3377, #1434, #3041, #512, #3357, #153 ),
 .UNSPECIFIED., .F., .F.,
 ( 4, 2, 2, 2, 2, 2, 2, 2, 4 ),
 ( 0.000000000000000000, 0.1250000000000000000, 0.2500000000000000000, 0.3750000000000000000, 0.5000000000000000000, 0.6250000000000000000, 0.7500000000000000000, 0.8750000000000000000, 1.000000000000000000 ),
 .UNSPECIFIED. ) ;
#3829 = CARTESIAN_POINT ( 'NONE',  ( -1.444605166093860138, 11.81808510325407902, -9.500000000000000000 ) ) ;
#3830 = DIRECTION ( 'NONE',  ( -1.000000000000000000, 0.000000000000000000, 0.000000000000000000 ) ) ;
#3831 = CARTESIAN_POINT ( 'NONE',  ( 20.00000000000000000, 0.000000000000000000, 29.39999999999999858 ) ) ;
#3832 = FACE_OUTER_BOUND ( 'NONE', #1092, .T. ) ;
#3833 = CARTESIAN_POINT ( 'NONE',  ( 0.000000000000000000, 0.000000000000000000, 0.000000000000000000 ) ) ;
#3834 = VERTEX_POINT ( 'NONE', #2897 ) ;
#3835 = EDGE_LOOP ( 'NONE', ( #1006, #3296, #2073, #1491 ) ) ;
#3836 = LINE ( 'NONE', #4102, #1897 ) ;
#3837 = ORIENTED_EDGE ( 'NONE', *, *, #663, .F. ) ;
#3838 = CARTESIAN_POINT ( 'NONE',  ( 5.000000000001289635, -20.39607805437085020, 31.39999999999999858 ) ) ;
#3839 = CARTESIAN_POINT ( 'NONE',  ( 18.22189017612680217, 1.110948596716720083, 40.39999999999999858 ) ) ;
#3840 = CARTESIAN_POINT ( 'NONE',  ( -2.941322721851625133, 12.40685494837875957, 0.5000000000000000000 ) ) ;
#3841 = CARTESIAN_POINT ( 'NONE',  ( 3.472800551136074887, 10.70205485582938110, 0.5000000000000000000 ) ) ;
#3842 = CIRCLE ( 'NONE', #2045, 0.6500000000000012434 ) ;
#3843 = VERTEX_POINT ( 'NONE', #2350 ) ;
#3844 = CARTESIAN_POINT ( 'NONE',  ( -7.698269665158917974, -6.384368589632082092, 3.718346968206100112 ) ) ;
#3845 = DIRECTION ( 'NONE',  ( 0.000000000000000000, 0.000000000000000000, 1.000000000000000000 ) ) ;
#3846 = AXIS2_PLACEMENT_3D ( 'NONE', #3779, #3150, #2801 ) ;
#3847 = ORIENTED_EDGE ( 'NONE', *, *, #2768, .F. ) ;
#3848 = ADVANCED_FACE ( 'NONE', ( #3258 ), #996, .F. ) ;
#3849 = CARTESIAN_POINT ( 'NONE',  ( -12.88269690513708454, -11.84523334682661755, 1.281808514763295159 ) ) ;
#3850 = CARTESIAN_POINT ( 'NONE',  ( -3.703854984147879836, -11.41409033853683930, 0.000000000000000000 ) ) ;
#3851 = AXIS2_PLACEMENT_3D ( 'NONE', #1835, #889, #4065 ) ;
#3852 = FACE_BOUND ( 'NONE', #1148, .T. ) ;
#3853 = VECTOR ( 'NONE', #898, 1000.000000000000000 ) ;
#3854 = DIRECTION ( 'NONE',  ( -1.000000000000000000, 0.000000000000000000, 0.000000000000000000 ) ) ;
#3855 = DIRECTION ( 'NONE',  ( -1.000000000000000000, 0.000000000000000000, 0.000000000000000000 ) ) ;
#3856 = CIRCLE ( 'NONE', #2058, 20.00000000000000000 ) ;
#3857 = EDGE_LOOP ( 'NONE', ( #1513, #2520 ) ) ;
#3858 = AXIS2_PLACEMENT_3D ( 'NONE', #3302, #3285, #3873 ) ;
#3859 = DIRECTION ( 'NONE',  ( 0.6630352452962269272, -0.7485881801731659735, 0.000000000000000000 ) ) ;
#3860 = ORIENTED_EDGE ( 'NONE', *, *, #2447, .T. ) ;
#3861 = DIRECTION ( 'NONE',  ( -1.000000000000000000, 0.000000000000000000, 0.000000000000000000 ) ) ;
#3862 = CIRCLE ( 'NONE', #3931, 21.00000000000000000 ) ;
#3863 = CARTESIAN_POINT ( 'NONE',  ( 10.83464437414734682, -13.74315128026671040, 3.266086975630533296 ) ) ;
#3864 = AXIS2_PLACEMENT_3D ( 'NONE', #3048, #1755, #3400 ) ;
#3865 = DIRECTION ( 'NONE',  ( -1.000000000000000000, 0.000000000000000000, 0.000000000000000000 ) ) ;
#3866 = CIRCLE ( 'NONE', #2602, 12.74858578642744078 ) ;
#3867 = ORIENTED_EDGE ( 'NONE', *, *, #3063, .F. ) ;
#3868 = CARTESIAN_POINT ( 'NONE',  ( -5.000000000000110134, -15.00000000000000000, 31.39999999999999858 ) ) ;
#3869 = DIRECTION ( 'NONE',  ( 1.000000000000000000, 0.000000000000000000, 0.000000000000000000 ) ) ;
#3870 = ORIENTED_EDGE ( 'NONE', *, *, #1562, .F. ) ;
#3871 = DIRECTION ( 'NONE',  ( 0.000000000000000000, 0.000000000000000000, 1.000000000000000000 ) ) ;
#3872 = DIRECTION ( 'NONE',  ( -0.6630352452962220422, 0.7485881801731700813, 0.000000000000000000 ) ) ;
#3873 = DIRECTION ( 'NONE',  ( 1.000000000000000000, 0.000000000000000000, 0.000000000000000000 ) ) ;
#3874 = ADVANCED_FACE ( 'NONE', ( #412, #15, #2962, #3593 ), #1963, .F. ) ;
#3875 = AXIS2_PLACEMENT_3D ( 'NONE', #3607, #3246, #740 ) ;
#3876 = DIRECTION ( 'NONE',  ( 1.000000000000000000, 0.000000000000000000, 0.000000000000000000 ) ) ;
#3877 = ORIENTED_EDGE ( 'NONE', *, *, #1021, .F. ) ;
#3878 = CARTESIAN_POINT ( 'NONE',  ( 0.000000000000000000, 0.000000000000000000, 6.000000000000000000 ) ) ;
#3879 = DIRECTION ( 'NONE',  ( 1.000000000000000000, 0.000000000000000000, 0.000000000000000000 ) ) ;
#3880 = EDGE_LOOP ( 'NONE', ( #1384, #3023 ) ) ;
#3881 = VERTEX_POINT ( 'NONE', #2944 ) ;
#3882 = DIRECTION ( 'NONE',  ( 0.000000000000000000, 0.000000000000000000, 1.000000000000000000 ) ) ;
#3883 = ORIENTED_EDGE ( 'NONE', *, *, #3401, .T. ) ;
#3884 = CARTESIAN_POINT ( 'NONE',  ( -1.444605166093860138, 11.81808510325407902, -9.500000000000000000 ) ) ;
#3885 = CARTESIAN_POINT ( 'NONE',  ( 12.50916309622706279, -12.23808966454195613, 2.666412662806873612 ) ) ;
#3886 = CARTESIAN_POINT ( 'NONE',  ( 18.22189017612680217, -0.7528390920688410315, 40.39999999999999858 ) ) ;
#3887 = CARTESIAN_POINT ( 'NONE',  ( 20.00000000000000000, 0.000000000000000000, 31.39999999999999858 ) ) ;
#3888 = ORIENTED_EDGE ( 'NONE', *, *, #677, .F. ) ;
#3889 = CARTESIAN_POINT ( 'NONE',  ( 0.0009999999999594510764, 0.0009999999999594538953, 0.000000000000000000 ) ) ;
#3890 = CARTESIAN_POINT ( 'NONE',  ( -3.738329090730019793E-13, 23.50000000000000000, 33.39999999999999858 ) ) ;
#3891 = EDGE_CURVE ( 'NONE', #474, #1688, #2464, .T. ) ;
#3892 = EDGE_LOOP ( 'NONE', ( #1258, #4010, #3207, #1650 ) ) ;
#3893 = FACE_OUTER_BOUND ( 'NONE', #2965, .T. ) ;
#3894 = CARTESIAN_POINT ( 'NONE',  ( -11.60311679268389895, 13.10029315303047959, 2.500000000000000000 ) ) ;
#3895 = FACE_OUTER_BOUND ( 'NONE', #2631, .T. ) ;
#3896 = ADVANCED_FACE ( 'NONE', ( #1015, #2638 ), #2917, .T. ) ;
#3897 = FACE_OUTER_BOUND ( 'NONE', #3409, .T. ) ;
#3898 = CARTESIAN_POINT ( 'NONE',  ( -1.444605166093860138, 11.81808510325407902, 0.5000000000000000000 ) ) ;
#3899 = CARTESIAN_POINT ( 'NONE',  ( 7.699212737590436006, 6.383231682673475404, 1.282019227040565701 ) ) ;
#3900 = ORIENTED_EDGE ( 'NONE', *, *, #2939, .T. ) ;
#3901 = VECTOR ( 'NONE', #810, 1000.000000000000000 ) ;
#3902 = VERTEX_POINT ( 'NONE', #661 ) ;
#3903 = CARTESIAN_POINT ( 'NONE',  ( -2.943322721851640011, -12.40685494837871872, 0.5000000000000000000 ) ) ;
#3904 = ORIENTED_EDGE ( 'NONE', *, *, #3118, .F. ) ;
#3905 = EDGE_CURVE ( 'NONE', #3834, #1768, #1940, .T. ) ;
#3906 = DIRECTION ( 'NONE',  ( 1.000000000000000000, 0.000000000000000000, 0.000000000000000000 ) ) ;
#3907 = CARTESIAN_POINT ( 'NONE',  ( -5.000000000000110134, -15.00000000000000000, 31.39999999999999858 ) ) ;
#3908 = AXIS2_PLACEMENT_3D ( 'NONE', #1289, #57, #807 ) ;
#3909 = ORIENTED_EDGE ( 'NONE', *, *, #3808, .F. ) ;
#3910 = CARTESIAN_POINT ( 'NONE',  ( -12.23803724571245866, -12.50921437871116026, 2.500000000000000000 ) ) ;
#3911 = ORIENTED_EDGE ( 'NONE', *, *, #2433, .F. ) ;
#3912 = CARTESIAN_POINT ( 'NONE',  ( 17.50000000000000000, 2.143131898507869826E-15, 5.000000000000000000 ) ) ;
#3913 = PLANE ( 'NONE',  #31 ) ;
#3914 = DIRECTION ( 'NONE',  ( 0.000000000000000000, 0.000000000000000000, 1.000000000000000000 ) ) ;
#3915 = EDGE_LOOP ( 'NONE', ( #1410, #2585, #3012, #1065 ) ) ;
#3916 = DIRECTION ( 'NONE',  ( 0.000000000000000000, 0.000000000000000000, 1.000000000000000000 ) ) ;
#3917 = ORIENTED_EDGE ( 'NONE', *, *, #1062, .F. ) ;
#3918 = LINE ( 'NONE', #2604, #4133 ) ;
#3919 = DIRECTION ( 'NONE',  ( 0.000000000000000000, 0.000000000000000000, -1.000000000000000000 ) ) ;
#3920 = ADVANCED_FACE ( 'NONE', ( #1306 ), #2597, .T. ) ;
#3921 = CARTESIAN_POINT ( 'NONE',  ( 11.47941204586119213, -13.20986587722930494, 1.249934040102193444 ) ) ;
#3922 = CIRCLE ( 'NONE', #1708, 21.00000000000000000 ) ;
#3923 = ORIENTED_EDGE ( 'NONE', *, *, #289, .T. ) ;
#3924 = VERTEX_POINT ( 'NONE', #847 ) ;
#3925 = CIRCLE ( 'NONE', #2123, 0.6500000000000012434 ) ;
#3926 = CYLINDRICAL_SURFACE ( 'NONE', #3330, 20.00000000000000000 ) ;
#3927 = CARTESIAN_POINT ( 'NONE',  ( -3.934909417159685674, -12.12612582124429927, 0.5000000000000000000 ) ) ;
#3928 = DIRECTION ( 'NONE',  ( -1.000000000000000000, 0.000000000000000000, 0.000000000000000000 ) ) ;
#3929 = APPLICATION_PROTOCOL_DEFINITION ( 'draft international standard', 'automotive_design', 1998, #1829 ) ;
#3930 = EDGE_CURVE ( 'NONE', #3431, #872, #867, .T. ) ;
#3931 = AXIS2_PLACEMENT_3D ( 'NONE', #1330, #392, #3869 ) ;
#3932 = ORIENTED_EDGE ( 'NONE', *, *, #2367, .F. ) ;
#3933 = VECTOR ( 'NONE', #2683, 1000.000000000000000 ) ;
#3934 = DIRECTION ( 'NONE',  ( -1.000000000000000000, 0.000000000000000000, 0.000000000000000000 ) ) ;
#3935 = ORIENTED_EDGE ( 'NONE', *, *, #359, .F. ) ;
#3936 = DIRECTION ( 'NONE',  ( 1.000000000000000000, 0.000000000000000000, 0.000000000000000000 ) ) ;
#3937 =( GEOMETRIC_REPRESENTATION_CONTEXT ( 3 ) GLOBAL_UNCERTAINTY_ASSIGNED_CONTEXT ( ( #2010 ) ) GLOBAL_UNIT_ASSIGNED_CONTEXT ( ( #745, #3632, #1055 ) ) REPRESENTATION_CONTEXT ( 'NONE', 'WORKASPACE' ) );
#3938 = ORIENTED_EDGE ( 'NONE', *, *, #47, .F. ) ;
#3939 = EDGE_CURVE ( 'NONE', #2504, #3004, #4061, .T. ) ;
#3940 = DIRECTION ( 'NONE',  ( 0.000000000000000000, 0.000000000000000000, -1.000000000000000000 ) ) ;
#3941 = CARTESIAN_POINT ( 'NONE',  ( 11.09999999999999964, 0.000000000000000000, 29.39999999999999858 ) ) ;
#3942 = AXIS2_PLACEMENT_3D ( 'NONE', #1349, #1061, #1663 ) ;
#3943 = CIRCLE ( 'NONE', #182, 0.6500000000000000222 ) ;
#3944 = DIRECTION ( 'NONE',  ( 0.000000000000000000, 0.000000000000000000, -1.000000000000000000 ) ) ;
#3945 = VERTEX_POINT ( 'NONE', #2135 ) ;
#3946 = ORIENTED_EDGE ( 'NONE', *, *, #3693, .F. ) ;
#3947 = ADVANCED_FACE ( 'NONE', ( #1472 ), #1808, .F. ) ;
#3948 = EDGE_CURVE ( 'NONE', #3578, #1966, #3787, .T. ) ;
#3949 = DIRECTION ( 'NONE',  ( 1.000000000000000000, 0.000000000000000000, 0.000000000000000000 ) ) ;
#3950 = CARTESIAN_POINT ( 'NONE',  ( 5.000000000000000000, 15.00000000000000000, 33.39999999999999858 ) ) ;
#3951 = CYLINDRICAL_SURFACE ( 'NONE', #1910, 0.7485857864325601296 ) ;
#3952 = DIRECTION ( 'NONE',  ( 1.000000000000000000, 0.000000000000000000, 0.000000000000000000 ) ) ;
#3953 = EDGE_CURVE ( 'NONE', #1982, #1750, #105, .T. ) ;
#3954 = VERTEX_POINT ( 'NONE', #3082 ) ;
#3955 = FACE_BOUND ( 'NONE', #2544, .T. ) ;
#3956 = ORIENTED_EDGE ( 'NONE', *, *, #157, .F. ) ;
#3957 = ADVANCED_FACE ( 'NONE', ( #190 ), #2174, .T. ) ;
#3958 = ORIENTED_EDGE ( 'NONE', *, *, #2066, .T. ) ;
#3959 = ORIENTED_EDGE ( 'NONE', *, *, #576, .T. ) ;
#3960 = ORIENTED_EDGE ( 'NONE', *, *, #1390, .T. ) ;
#3961 = DIRECTION ( 'NONE',  ( 1.000000000000000000, 0.000000000000000000, 0.000000000000000000 ) ) ;
#3962 = CARTESIAN_POINT ( 'NONE',  ( -3.005514282203614940, -12.38924224694028098, 0.5000000000000000000 ) ) ;
#3963 = VECTOR ( 'NONE', #485, 1000.000000000000000 ) ;
#3964 = FILL_AREA_STYLE ('',( #2645 ) ) ;
#3965 = CARTESIAN_POINT ( 'NONE',  ( -1.598969619460624880, -11.81808510325407902, 0.5000000000000000000 ) ) ;
#3966 = ORIENTED_EDGE ( 'NONE', *, *, #4034, .T. ) ;
#3967 = VERTEX_POINT ( 'NONE', #2114 ) ;
#3968 = ORIENTED_EDGE ( 'NONE', *, *, #1030, .T. ) ;
#3969 = DIRECTION ( 'NONE',  ( 2.262682794752355172E-16, -1.000000000000000000, 0.000000000000000000 ) ) ;
#3970 = DIRECTION ( 'NONE',  ( 0.000000000000000000, 0.000000000000000000, -1.000000000000000000 ) ) ;
#3971 = CARTESIAN_POINT ( 'NONE',  ( -3.445498117113829917, 10.71087599265892010, 0.000000000000000000 ) ) ;
#3972 = ORIENTED_EDGE ( 'NONE', *, *, #3979, .T. ) ;
#3973 = FACE_OUTER_BOUND ( 'NONE', #3531, .T. ) ;
#3974 = ORIENTED_EDGE ( 'NONE', *, *, #3504, .F. ) ;
#3975 = ORIENTED_EDGE ( 'NONE', *, *, #3768, .F. ) ;
#3976 = CYLINDRICAL_SURFACE ( 'NONE', #2235, 10.00000000000000000 ) ;
#3977 = DIRECTION ( 'NONE',  ( 1.000000000000000000, 6.938893903905930701E-16, 0.000000000000000000 ) ) ;
#3978 = CARTESIAN_POINT ( 'NONE',  ( -20.00000000000000000, 0.000000000000000000, 10.00000000000000000 ) ) ;
#3979 = EDGE_CURVE ( 'NONE', #3539, #613, #321, .T. ) ;
#3980 = EDGE_LOOP ( 'NONE', ( #3024, #3538, #498, #3141, #3278, #3904, #2637, #2825 ) ) ;
#3981 = FACE_OUTER_BOUND ( 'NONE', #107, .T. ) ;
#3982 = ADVANCED_FACE ( 'NONE', ( #3678 ), #1199, .T. ) ;
#3983 = CARTESIAN_POINT ( 'NONE',  ( 6.622696203350248112, 7.492931470931796234, 2.173619349024165093 ) ) ;
#3984 = ORIENTED_EDGE ( 'NONE', *, *, #2295, .F. ) ;
#3985 = CARTESIAN_POINT ( 'NONE',  ( 3.903973979560090068, -12.13612074432424137, 0.5000000000000000000 ) ) ;
#3986 = CARTESIAN_POINT ( 'NONE',  ( 0.000000000000000000, 0.000000000000000000, 29.39999999999999858 ) ) ;
#3987 = CARTESIAN_POINT ( 'NONE',  ( -2.000000000000369926, 23.50000000000000000, 31.39999999999999858 ) ) ;
#3988 = VECTOR ( 'NONE', #1507, 1000.000000000000000 ) ;
#3989 = ORIENTED_EDGE ( 'NONE', *, *, #2506, .F. ) ;
#3990 = DIRECTION ( 'NONE',  ( 0.000000000000000000, 0.000000000000000000, 1.000000000000000000 ) ) ;
#3991 = EDGE_LOOP ( 'NONE', ( #3711, #2268, #588, #3860 ) ) ;
#3992 = CARTESIAN_POINT ( 'NONE',  ( 1.598969619460624880, 11.81808510325407902, -9.500000000000000000 ) ) ;
#3993 = VECTOR ( 'NONE', #642, 1000.000000000000000 ) ;
#3994 = VECTOR ( 'NONE', #687, 1000.000000000000000 ) ;
#3995 = ADVANCED_FACE ( 'NONE', ( #232 ), #3430, .F. ) ;
#3996 = ORIENTED_EDGE ( 'NONE', *, *, #1101, .F. ) ;
#3997 = CARTESIAN_POINT ( 'NONE',  ( 1.999999999999814815, 23.50000000000000000, 33.39999999999999858 ) ) ;
#3998 = DIRECTION ( 'NONE',  ( 1.000000000000000000, 0.000000000000000000, 0.000000000000000000 ) ) ;
#3999 = AXIS2_PLACEMENT_3D ( 'NONE', #4146, #451, #3275 ) ;
#4000 = CARTESIAN_POINT ( 'NONE',  ( -3.738329090730019793E-13, 23.50000000000000000, 31.39999999999999858 ) ) ;
#4001 = AXIS2_PLACEMENT_3D ( 'NONE', #2394, #1439, #2727 ) ;
#4002 = EDGE_CURVE ( 'NONE', #128, #3924, #2662, .T. ) ;
#4003 = VERTEX_POINT ( 'NONE', #2096 ) ;
#4004 = AXIS2_PLACEMENT_3D ( 'NONE', #1116, #2407, #2365 ) ;
#4005 = CARTESIAN_POINT ( 'NONE',  ( -2.000000000000954792, 26.50000000000000000, 33.39999999999999858 ) ) ;
#4006 = AXIS2_PLACEMENT_3D ( 'NONE', #2608, #1716, #1648 ) ;
#4007 = CARTESIAN_POINT ( 'NONE',  ( -2.000000000000190070, -26.50000000000000000, 31.39999999999999858 ) ) ;
#4008 = EDGE_CURVE ( 'NONE', #1899, #1295, #3353, .T. ) ;
#4009 = VECTOR ( 'NONE', #2347, 1000.000000000000000 ) ;
#4010 = ORIENTED_EDGE ( 'NONE', *, *, #566, .F. ) ;
#4011 = DIRECTION ( 'NONE',  ( 1.000000000000000000, 0.000000000000000000, 0.000000000000000000 ) ) ;
#4012 = DIRECTION ( 'NONE',  ( 0.000000000000000000, 0.000000000000000000, 1.000000000000000000 ) ) ;
#4013 = CARTESIAN_POINT ( 'NONE',  ( 0.000000000000000000, 0.000000000000000000, 31.39999999999999858 ) ) ;
#4014 = AXIS2_PLACEMENT_3D ( 'NONE', #675, #2937, #58 ) ;
#4015 = ORIENTED_EDGE ( 'NONE', *, *, #3819, .T. ) ;
#4016 = AXIS2_PLACEMENT_3D ( 'NONE', #273, #1553, #1362 ) ;
#4017 = ADVANCED_FACE ( 'NONE', ( #1453 ), #2715, .T. ) ;
#4018 = ORIENTED_EDGE ( 'NONE', *, *, #330, .F. ) ;
#4019 = DIRECTION ( 'NONE',  ( 0.000000000000000000, 0.000000000000000000, -1.000000000000000000 ) ) ;
#4020 = EDGE_LOOP ( 'NONE', ( #2190, #2133 ) ) ;
#4021 = CARTESIAN_POINT ( 'NONE',  ( 0.000000000000000000, 0.000000000000000000, 5.000000000000000000 ) ) ;
#4022 = ORIENTED_EDGE ( 'NONE', *, *, #614, .T. ) ;
#4023 = DIRECTION ( 'NONE',  ( 2.262682794752355172E-16, -1.000000000000000000, 0.000000000000000000 ) ) ;
#4024 = CARTESIAN_POINT ( 'NONE',  ( -5.000000000000139444, -19.36491673103704869, 31.39999999999999858 ) ) ;
#4025 = DIRECTION ( 'NONE',  ( -1.000000000000000000, 0.000000000000000000, 0.000000000000000000 ) ) ;
#4026 = LINE ( 'NONE', #197, #449 ) ;
#4027 = CARTESIAN_POINT ( 'NONE',  ( -6.956458679247646160, -7.184812060735536576, 1.498490867099851798 ) ) ;
#4028 = AXIS2_PLACEMENT_3D ( 'NONE', #4050, #861, #3733 ) ;
#4029 = CARTESIAN_POINT ( 'NONE',  ( -21.00000000000000000, 0.000000000000000000, 31.39999999999999858 ) ) ;
#4030 = CARTESIAN_POINT ( 'NONE',  ( 7.514084110933420213, -6.598374040157000131, 2.500000000000000000 ) ) ;
#4031 = CARTESIAN_POINT ( 'NONE',  ( -1.598969619460624880, -11.81808510325407902, -9.500000000000000000 ) ) ;
#4032 = ADVANCED_FACE ( 'NONE', ( #169, #2739 ), #2428, .T. ) ;
#4033 = ORIENTED_EDGE ( 'NONE', *, *, #3746, .F. ) ;
#4034 = EDGE_CURVE ( 'NONE', #355, #901, #2127, .T. ) ;
#4035 = ORIENTED_EDGE ( 'NONE', *, *, #3481, .F. ) ;
#4036 = CARTESIAN_POINT ( 'NONE',  ( 5.000000000000000000, 15.00000000000000000, 33.39999999999999858 ) ) ;
#4037 = VERTEX_POINT ( 'NONE', #1788 ) ;
#4038 = DIRECTION ( 'NONE',  ( 0.000000000000000000, 0.000000000000000000, -1.000000000000000000 ) ) ;
#4039 = CIRCLE ( 'NONE', #423, 19.94999999999999929 ) ;
#4040 = ORIENTED_EDGE ( 'NONE', *, *, #614, .F. ) ;
#4041 = DIRECTION ( 'NONE',  ( 0.000000000000000000, 0.000000000000000000, -1.000000000000000000 ) ) ;
#4042 = CARTESIAN_POINT ( 'NONE',  ( 0.000000000000000000, 0.000000000000000000, 31.39999999999999858 ) ) ;
#4043 = FACE_OUTER_BOUND ( 'NONE', #3646, .T. ) ;
#4044 = VECTOR ( 'NONE', #1954, 1000.000000000000000 ) ;
#4045 = DIRECTION ( 'NONE',  ( 0.000000000000000000, 0.000000000000000000, -1.000000000000000000 ) ) ;
#4046 = CARTESIAN_POINT ( 'NONE',  ( 0.000000000000000000, 0.000000000000000000, 6.000000000000000000 ) ) ;
#4047 = CIRCLE ( 'NONE', #2243, 21.00000000000000000 ) ;
#4048 = DIRECTION ( 'NONE',  ( 0.000000000000000000, 0.000000000000000000, -1.000000000000000000 ) ) ;
#4049 = EDGE_CURVE ( 'NONE', #809, #2328, #1301, .T. ) ;
#4050 = CARTESIAN_POINT ( 'NONE',  ( 1.598969619460624880, 11.81808510325407902, 0.5000000000000000000 ) ) ;
#4051 = DIRECTION ( 'NONE',  ( 0.000000000000000000, 0.000000000000000000, 1.000000000000000000 ) ) ;
#4052 = ORIENTED_EDGE ( 'NONE', *, *, #3171, .F. ) ;
#4053 = AXIS2_PLACEMENT_3D ( 'NONE', #994, #2287, #929 ) ;
#4054 = ORIENTED_EDGE ( 'NONE', *, *, #3681, .F. ) ;
#4055 = FACE_OUTER_BOUND ( 'NONE', #2835, .T. ) ;
#4056 = VERTEX_POINT ( 'NONE', #3777 ) ;
#4057 = EDGE_CURVE ( 'NONE', #2974, #1917, #1893, .T. ) ;
#4058 = VECTOR ( 'NONE', #3631, 1000.000000000000000 ) ;
#4059 = EDGE_CURVE ( 'NONE', #2974, #3098, #848, .T. ) ;
#4060 = EDGE_CURVE ( 'NONE', #1017, #3881, #2528, .T. ) ;
#4061 = LINE ( 'NONE', #4089, #4071 ) ;
#4062 = CIRCLE ( 'NONE', #2658, 12.74858578642744078 ) ;
#4063 = ORIENTED_EDGE ( 'NONE', *, *, #1300, .F. ) ;
#4064 = CARTESIAN_POINT ( 'NONE',  ( -3.674736048336959993, 11.42349836849159850, 0.5000000000000000000 ) ) ;
#4065 = DIRECTION ( 'NONE',  ( 1.000000000000000000, 0.000000000000000000, 0.000000000000000000 ) ) ;
#4066 = CARTESIAN_POINT ( 'NONE',  ( 0.9489696194606240809, 11.81808510325407902, -9.500000000000000000 ) ) ;
#4067 = CIRCLE ( 'NONE', #3044, 11.00000000000000000 ) ;
#4068 = CIRCLE ( 'NONE', #1049, 2.000000000000000000 ) ;
#4069 = EDGE_CURVE ( 'NONE', #2930, #3225, #3525, .T. ) ;
#4070 = ORIENTED_EDGE ( 'NONE', *, *, #3324, .F. ) ;
#4071 = VECTOR ( 'NONE', #1854, 1000.000000000000000 ) ;
#4072 = AXIS2_PLACEMENT_3D ( 'NONE', #1865, #976, #1623 ) ;
#4073 = LINE ( 'NONE', #3361, #3440 ) ;
#4074 = CARTESIAN_POINT ( 'NONE',  ( -0.6500000000000000222, 11.96354363695471967, 0.5000000000000000000 ) ) ;
#4075 = EDGE_CURVE ( 'NONE', #4003, #355, #3212, .T. ) ;
#4076 = VERTEX_POINT ( 'NONE', #3841 ) ;
#4077 = AXIS2_PLACEMENT_3D ( 'NONE', #981, #2867, #3535 ) ;
#4078 = FACE_OUTER_BOUND ( 'NONE', #1678, .T. ) ;
#4079 = DIRECTION ( 'NONE',  ( 0.000000000000000000, 0.000000000000000000, 1.000000000000000000 ) ) ;
#4080 = CARTESIAN_POINT ( 'NONE',  ( 0.000000000000000000, 0.000000000000000000, 0.5000000000000000000 ) ) ;
#4081 = EDGE_CURVE ( 'NONE', #2466, #941, #1937, .T. ) ;
#4082 = ORIENTED_EDGE ( 'NONE', *, *, #1787, .F. ) ;
#4083 = EDGE_LOOP ( 'NONE', ( #2063, #1057 ) ) ;
#4084 = CARTESIAN_POINT ( 'NONE',  ( 7.514084110933420213, -6.598374040157000131, 2.500000000000000000 ) ) ;
#4085 = ORIENTED_EDGE ( 'NONE', *, *, #2425, .F. ) ;
#4086 = EDGE_CURVE ( 'NONE', #3209, #1457, #1246, .T. ) ;
#4087 = ADVANCED_FACE ( 'NONE', ( #611 ), #1262, .F. ) ;
#4088 = B_SPLINE_CURVE_WITH_KNOTS ( 'NONE', 3,
 ( #139, #537, #1479, #1798, #3028, #1423, #155, #463, #1124, #2103, #2416, #219, #499, #2782, #1438, #2706, #2745, #1737 ),
 .UNSPECIFIED., .F., .F.,
 ( 4, 2, 2, 2, 2, 2, 2, 2, 4 ),
 ( 0.000000000000000000, 0.1250000000000000000, 0.2500000000000000000, 0.3750000000000000000, 0.5000000000000000000, 0.6250000000000000000, 0.7500000000000000000, 0.8750000000000000000, 1.000000000000000000 ),
 .UNSPECIFIED. ) ;
#4089 = CARTESIAN_POINT ( 'NONE',  ( -2.000000000000210054, -23.50000000000000000, 33.39999999999999858 ) ) ;
#4090 = ORIENTED_EDGE ( 'NONE', *, *, #1905, .F. ) ;
#4091 = EDGE_CURVE ( 'NONE', #356, #2152, #678, .T. ) ;
#4092 = DIRECTION ( 'NONE',  ( 0.000000000000000000, 0.000000000000000000, 1.000000000000000000 ) ) ;
#4093 = DIRECTION ( 'NONE',  ( 0.000000000000000000, 0.000000000000000000, -1.000000000000000000 ) ) ;
#4094 = DIRECTION ( 'NONE',  ( -6.938893903907229955E-15, -1.000000000000000000, 0.000000000000000000 ) ) ;
#4095 = ORIENTED_EDGE ( 'NONE', *, *, #645, .F. ) ;
#4096 = CARTESIAN_POINT ( 'NONE',  ( -13.79856291398448143, -10.76353543719807604, 1.868669896818429654 ) ) ;
#4097 = DIRECTION ( 'NONE',  ( 0.000000000000000000, 0.000000000000000000, 1.000000000000000000 ) ) ;
#4098 = CARTESIAN_POINT ( 'NONE',  ( 0.000000000000000000, 0.000000000000000000, 6.000000000000000000 ) ) ;
#4099 = CARTESIAN_POINT ( 'NONE',  ( 2.768244914684924840, -11.67709877494909954, 0.000000000000000000 ) ) ;
#4100 = CARTESIAN_POINT ( 'NONE',  ( 0.000000000000000000, 0.000000000000000000, 0.5000000000000000000 ) ) ;
#4101 = ORIENTED_EDGE ( 'NONE', *, *, #2383, .F. ) ;
#4102 = CARTESIAN_POINT ( 'NONE',  ( 5.000000000000000000, 15.00000000000000000, 31.39999999999999858 ) ) ;
#4103 = ORIENTED_EDGE ( 'NONE', *, *, #3171, .T. ) ;
#4104 = CARTESIAN_POINT ( 'NONE',  ( 5.642613660500519934, -8.255962153397559788, 2.500000000000000000 ) ) ;
#4105 = VERTEX_POINT ( 'NONE', #2593 ) ;
#4106 = CYLINDRICAL_SURFACE ( 'NONE', #1448, 11.00000000000000000 ) ;
#4107 = ORIENTED_EDGE ( 'NONE', *, *, #160, .T. ) ;
#4108 = CARTESIAN_POINT ( 'NONE',  ( -10.63780177058134946, 13.89558107799465247, 2.334076596478615873 ) ) ;
#4109 = FACE_OUTER_BOUND ( 'NONE', #4169, .T. ) ;
#4110 = VERTEX_POINT ( 'NONE', #1217 ) ;
#4111 = VERTEX_POINT ( 'NONE', #3500 ) ;
#4112 = CARTESIAN_POINT ( 'NONE',  ( 17.00000000000000000, -7.999999999999739764, 31.39999999999999858 ) ) ;
#4113 = LINE ( 'NONE', #3155, #1782 ) ;
#4114 = EDGE_CURVE ( 'NONE', #2080, #3135, #3049, .T. ) ;
#4115 = CARTESIAN_POINT ( 'NONE',  ( 21.00000000000000000, 2.571758278209440083E-15, 31.39999999999999858 ) ) ;
#4116 = CARTESIAN_POINT ( 'NONE',  ( 0.000000000000000000, 0.000000000000000000, 0.5000000000000000000 ) ) ;
#4117 = CARTESIAN_POINT ( 'NONE',  ( 18.22114156687214859, 8.000000000000270006, 29.39999999999999858 ) ) ;
#4118 = EDGE_LOOP ( 'NONE', ( #187, #1035 ) ) ;
#4119 = CYLINDRICAL_SURFACE ( 'NONE', #3165, 0.6500000000000001332 ) ;
#4120 = ORIENTED_EDGE ( 'NONE', *, *, #195, .T. ) ;
#4121 = DIRECTION ( 'NONE',  ( -0.7485881801731630869, -0.6630352452962300358, 0.000000000000000000 ) ) ;
#4122 = DIRECTION ( 'NONE',  ( 1.000000000000000000, 0.000000000000000000, 0.000000000000000000 ) ) ;
#4123 = ORIENTED_EDGE ( 'NONE', *, *, #534, .T. ) ;
#4124 = CARTESIAN_POINT ( 'NONE',  ( -6.598374040156979703, -7.514084110933450411, 2.500000000000000000 ) ) ;
#4125 = CARTESIAN_POINT ( 'NONE',  ( 0.000000000000000000, 0.000000000000000000, 31.39999999999999858 ) ) ;
#4126 = ADVANCED_FACE ( 'NONE', ( #631 ), #2551, .T. ) ;
#4127 = AXIS2_PLACEMENT_3D ( 'NONE', #657, #1281, #2474 ) ;
#4128 = ADVANCED_FACE ( 'NONE', ( #3230 ), #4106, .T. ) ;
#4129 = ORIENTED_EDGE ( 'NONE', *, *, #4172, .F. ) ;
#4130 = CYLINDRICAL_SURFACE ( 'NONE', #2191, 0.6500000000000000222 ) ;
#4131 = CYLINDRICAL_SURFACE ( 'NONE', #2985, 0.7499999999948772089 ) ;
#4132 = EDGE_CURVE ( 'NONE', #2670, #532, #2819, .T. ) ;
#4133 = VECTOR ( 'NONE', #733, 1000.000000000000000 ) ;
#4134 = CARTESIAN_POINT ( 'NONE',  ( -5.773905748357949896, 8.164930540884256516, 3.131566161162502748 ) ) ;
#4135 = EDGE_CURVE ( 'NONE', #1102, #698, #3383, .T. ) ;
#4136 = CARTESIAN_POINT ( 'NONE',  ( -0.6500000000000000222, -11.96354363695471967, -9.500000000000000000 ) ) ;
#4137 = DIRECTION ( 'NONE',  ( -1.000000000000000000, 0.000000000000000000, 0.000000000000000000 ) ) ;
#4138 = AXIS2_PLACEMENT_3D ( 'NONE', #1874, #1557, #4122 ) ;
#4139 = VERTEX_POINT ( 'NONE', #593 ) ;
#4140 = CARTESIAN_POINT ( 'NONE',  ( -2.997719311615589799, 12.39113063778549950, 0.000000000000000000 ) ) ;
#4141 = ORIENTED_EDGE ( 'NONE', *, *, #612, .F. ) ;
#4142 = AXIS2_PLACEMENT_3D ( 'NONE', #1785, #1851, #884 ) ;
#4143 = CARTESIAN_POINT ( 'NONE',  ( -4.452440770580439633, -11.41409033853683930, 0.000000000000000000 ) ) ;
#4144 = EDGE_CURVE ( 'NONE', #1366, #3527, #113, .T. ) ;
#4145 = EDGE_CURVE ( 'NONE', #2080, #3256, #926, .T. ) ;
#4146 = CARTESIAN_POINT ( 'NONE',  ( -0.0009999999999594510764, -0.0009999999999594538953, 0.5000000000000000000 ) ) ;
#4147 = AXIS2_PLACEMENT_3D ( 'NONE', #146, #2093, #1728 ) ;
#4148 = ORIENTED_EDGE ( 'NONE', *, *, #2208, .F. ) ;
#4149 = DIRECTION ( 'NONE',  ( 0.000000000000000000, 0.000000000000000000, 1.000000000000000000 ) ) ;
#4150 = FACE_OUTER_BOUND ( 'NONE', #3387, .T. ) ;
#4151 = VECTOR ( 'NONE', #2550, 1000.000000000000000 ) ;
#4152 = ORIENTED_EDGE ( 'NONE', *, *, #4172, .T. ) ;
#4153 = LINE ( 'NONE', #3809, #3993 ) ;
#4154 = DIRECTION ( 'NONE',  ( 0.000000000000000000, 0.000000000000000000, -1.000000000000000000 ) ) ;
#4155 = DIRECTION ( 'NONE',  ( 1.000000000000000000, 0.000000000000000000, 0.000000000000000000 ) ) ;
#4156 = CARTESIAN_POINT ( 'NONE',  ( 13.89562535895805873, 10.63774392827171944, 2.499999999999490186 ) ) ;
#4157 = CARTESIAN_POINT ( 'NONE',  ( 2.768244914684924840, -11.67709877494909954, 0.5000000000000000000 ) ) ;
#4158 = ORIENTED_EDGE ( 'NONE', *, *, #2242, .F. ) ;
#4159 = CARTESIAN_POINT ( 'NONE',  ( -6.753855703617766437, 7.376512950109543887, 1.249875281980866948 ) ) ;
#4160 = ORIENTED_EDGE ( 'NONE', *, *, #4114, .F. ) ;
#4161 = DIRECTION ( 'NONE',  ( 0.000000000000000000, 0.000000000000000000, -1.000000000000000000 ) ) ;
#4162 = FACE_BOUND ( 'NONE', #2442, .T. ) ;
#4163 = DIRECTION ( 'NONE',  ( 0.000000000000000000, -1.000000000000000000, 0.000000000000000000 ) ) ;
#4164 = EDGE_CURVE ( 'NONE', #3098, #1263, #1646, .T. ) ;
#4165 = AXIS2_PLACEMENT_3D ( 'NONE', #2248, #2518, #1291 ) ;
#4166 = ORIENTED_EDGE ( 'NONE', *, *, #2802, .T. ) ;
#4167 = CARTESIAN_POINT ( 'NONE',  ( -7.266870958567205108, -6.871395108711375599, 3.718164539965080451 ) ) ;
#4168 = CARTESIAN_POINT ( 'NONE',  ( 18.87189017612680075, 5.057793114144960356, 30.39999999999999858 ) ) ;
#4169 = EDGE_LOOP ( 'NONE', ( #3355, #2656, #1545, #1114 ) ) ;
#4170 = CARTESIAN_POINT ( 'NONE',  ( -13.20986587721174210, -11.47941204588102515, 1.249934040102193666 ) ) ;
#4171 = CARTESIAN_POINT ( 'NONE',  ( 0.000000000000000000, 0.000000000000000000, 31.39999999999999858 ) ) ;
#4172 = EDGE_CURVE ( 'NONE', #315, #455, #513, .T. ) ;
#4173 = CARTESIAN_POINT ( 'NONE',  ( -3.703854984147879836, -11.41409033853683930, 0.5000000000000000000 ) ) ;
ENDSEC;
END-ISO-10303-21;
