ISO-10303-21;
HEADER;
FILE_DESCRIPTION (( 'STEP AP214' ),
    '1' );
FILE_NAME ('Ö÷¶¯Á´ÂÖAA.STEP',
    '2026-08-16T17:26:55',
    ( '' ),
    ( '' ),
    'SwSTEP 2.0',
    'SolidWorks 2025',
    '' );
FILE_SCHEMA (( 'AUTOMOTIVE_DESIGN' ));
ENDSEC;

DATA;
#1 = VERTEX_POINT ( 'NONE', #4812 ) ;
#2 = DIRECTION ( 'NONE',  ( 0.000000000000000000, 0.000000000000000000, 1.000000000000000000 ) ) ;
#3 = DIRECTION ( 'NONE',  ( 1.000000000000000000, 0.000000000000000000, 0.000000000000000000 ) ) ;
#4 = EDGE_CURVE ( 'NONE', #3715, #1276, #1800, .T. ) ;
#5 = ORIENTED_EDGE ( 'NONE', *, *, #4140, .T. ) ;
#6 = CARTESIAN_POINT ( 'NONE',  ( -38.44546517343238889, -18.32632826286809902, 0.000000000000000000 ) ) ;
#7 = EDGE_CURVE ( 'NONE', #4584, #2281, #5279, .T. ) ;
#8 = DIRECTION ( 'NONE',  ( 0.000000000000000000, 0.000000000000000000, 1.000000000000000000 ) ) ;
#9 = FACE_OUTER_BOUND ( 'NONE', #2117, .T. ) ;
#10 = VERTEX_POINT ( 'NONE', #5847 ) ;
#11 = DIRECTION ( 'NONE',  ( -0.000000000000000000, 0.000000000000000000, 1.000000000000000000 ) ) ;
#12 = EDGE_CURVE ( 'NONE', #5336, #5796, #5345, .T. ) ;
#13 = ADVANCED_FACE ( 'NONE', ( #5378 ), #2917, .T. ) ;
#14 = CARTESIAN_POINT ( 'NONE',  ( 0.2049893579958332324, 40.87187053907685197, 0.000000000000000000 ) ) ;
#15 = EDGE_CURVE ( 'NONE', #730, #5466, #1603, .T. ) ;
#16 = VECTOR ( 'NONE', #1548, 1000.000000000000000 ) ;
#17 = FACE_BOUND ( 'NONE', #2140, .T. ) ;
#18 = ORIENTED_EDGE ( 'NONE', *, *, #3665, .F. ) ;
#19 = DIRECTION ( 'NONE',  ( -1.000000000000000000, 0.000000000000000000, 0.000000000000000000 ) ) ;
#20 = DIRECTION ( 'NONE',  ( 0.000000000000000000, 0.000000000000000000, -1.000000000000000000 ) ) ;
#21 = DIRECTION ( 'NONE',  ( -0.8375721637704570677, 0.5463267067212388417, -0.000000000000000000 ) ) ;
#22 = DIRECTION ( 'NONE',  ( 1.000000000000000000, 0.000000000000000000, 0.000000000000000000 ) ) ;
#23 = ORIENTED_EDGE ( 'NONE', *, *, #3763, .F. ) ;
#24 = DIRECTION ( 'NONE',  ( 1.000000000000000000, 0.000000000000000000, 0.000000000000000000 ) ) ;
#25 = CARTESIAN_POINT ( 'NONE',  ( 24.24638027584520472, 33.11992249958260004, 3.000000000000000000 ) ) ;
#26 = CIRCLE ( 'NONE', #433, 42.59000000000001052 ) ;
#27 = DIRECTION ( 'NONE',  ( -0.000000000000000000, -0.000000000000000000, 1.000000000000000000 ) ) ;
#28 = FACE_OUTER_BOUND ( 'NONE', #4034, .T. ) ;
#29 = EDGE_LOOP ( 'NONE', ( #1567, #5011, #6151, #1194 ) ) ;
#30 = VECTOR ( 'NONE', #5634, 1000.000000000000000 ) ;
#31 = CARTESIAN_POINT ( 'NONE',  ( 29.72746942367407641, -8.034441853748395701, 10.00000000000000000 ) ) ;
#32 = AXIS2_PLACEMENT_3D ( 'NONE', #1728, #4629, #355 ) ;
#33 = ORIENTED_EDGE ( 'NONE', *, *, #5195, .F. ) ;
#34 = CARTESIAN_POINT ( 'NONE',  ( 18.08707482534121880, 38.55860246770502897, 3.000000000000000000 ) ) ;
#35 = AXIS2_PLACEMENT_3D ( 'NONE', #3219, #5405, #188 ) ;
#36 = ORIENTED_EDGE ( 'NONE', *, *, #4949, .T. ) ;
#37 = DIRECTION ( 'NONE',  ( 1.000000000000000000, 1.596200337265686738E-15, 0.000000000000000000 ) ) ;
#38 = CARTESIAN_POINT ( 'NONE',  ( -24.72746942367396272, -8.034441853748742091, 10.00000000000000000 ) ) ;
#39 = ORIENTED_EDGE ( 'NONE', *, *, #5553, .T. ) ;
#40 = FACE_OUTER_BOUND ( 'NONE', #5264, .T. ) ;
#41 = VECTOR ( 'NONE', #303, 1000.000000000000114 ) ;
#42 = EDGE_CURVE ( 'NONE', #2205, #3484, #4787, .T. ) ;
#43 = CIRCLE ( 'NONE', #2560, 4.005000000000001670 ) ;
#44 = EDGE_CURVE ( 'NONE', #1100, #2777, #574, .T. ) ;
#45 = EDGE_CURVE ( 'NONE', #10, #5336, #4052, .T. ) ;
#46 = CARTESIAN_POINT ( 'NONE',  ( 38.74107973018853102, -17.69284718012270829, 3.000000000000000000 ) ) ;
#47 = CIRCLE ( 'NONE', #2261, 17.50000000000000355 ) ;
#48 = CARTESIAN_POINT ( 'NONE',  ( -20.50176531472157393, 37.33076102867553914, 3.000000000000000000 ) ) ;
#49 = ORIENTED_EDGE ( 'NONE', *, *, #4545, .T. ) ;
#50 = VECTOR ( 'NONE', #5494, 1000.000000000000000 ) ;
#51 = EDGE_CURVE ( 'NONE', #4576, #3971, #3267, .T. ) ;
#52 = EDGE_CURVE ( 'NONE', #1905, #2279, #6153, .T. ) ;
#53 = CARTESIAN_POINT ( 'NONE',  ( 8.252794475228498072, -35.81733220280406726, 3.000000000000000000 ) ) ;
#54 = LINE ( 'NONE', #4193, #3694 ) ;
#55 = DIRECTION ( 'NONE',  ( 0.000000000000000000, 0.000000000000000000, 1.000000000000000000 ) ) ;
#56 = LINE ( 'NONE', #1942, #6175 ) ;
#57 = ORIENTED_EDGE ( 'NONE', *, *, #4250, .F. ) ;
#58 = DIRECTION ( 'NONE',  ( 0.000000000000000000, 0.000000000000000000, 1.000000000000000000 ) ) ;
#59 = CYLINDRICAL_SURFACE ( 'NONE', #4947, 2.599999999999998757 ) ;
#60 = AXIS2_PLACEMENT_3D ( 'NONE', #1116, #3878, #127 ) ;
#61 = VECTOR ( 'NONE', #1615, 1000.000000000000000 ) ;
#62 = LINE ( 'NONE', #2989, #1845 ) ;
#63 = EDGE_LOOP ( 'NONE', ( #4123, #1419 ) ) ;
#64 = CARTESIAN_POINT ( 'NONE',  ( -38.58860451648708079, -12.63458943475473362, 0.000000000000000000 ) ) ;
#65 = ORIENTED_EDGE ( 'NONE', *, *, #3233, .T. ) ;
#66 = DIRECTION ( 'NONE',  ( -1.000000000000000000, 0.000000000000000000, 0.000000000000000000 ) ) ;
#67 = EDGE_CURVE ( 'NONE', #1479, #5391, #3907, .T. ) ;
#68 = VERTEX_POINT ( 'NONE', #5748 ) ;
#69 = ORIENTED_EDGE ( 'NONE', *, *, #4641, .T. ) ;
#70 = CARTESIAN_POINT ( 'NONE',  ( -41.84453985814432997, 7.933636244507994206, 3.000000000000000000 ) ) ;
#71 = ORIENTED_EDGE ( 'NONE', *, *, #3462, .F. ) ;
#72 = DIRECTION ( 'NONE',  ( -0.05597060578770764877, 0.9984324169856251263, -0.000000000000000000 ) ) ;
#73 = DIRECTION ( 'NONE',  ( 0.000000000000000000, 0.000000000000000000, 1.000000000000000000 ) ) ;
#74 = ORIENTED_EDGE ( 'NONE', *, *, #952, .T. ) ;
#75 = LINE ( 'NONE', #973, #1934 ) ;
#76 = VERTEX_POINT ( 'NONE', #5810 ) ;
#77 = VERTEX_POINT ( 'NONE', #5281 ) ;
#78 = PRODUCT_DEFINITION_CONTEXT ( 'detailed design', #2162, 'design' ) ;
#79 = FACE_OUTER_BOUND ( 'NONE', #1509, .T. ) ;
#80 = CIRCLE ( 'NONE', #6076, 42.59000000000001052 ) ;
#81 = EDGE_CURVE ( 'NONE', #595, #1241, #5780, .T. ) ;
#82 = DIRECTION ( 'NONE',  ( 0.000000000000000000, -0.000000000000000000, 1.000000000000000000 ) ) ;
#83 = ORIENTED_EDGE ( 'NONE', *, *, #5932, .T. ) ;
#84 = VERTEX_POINT ( 'NONE', #2471 ) ;
#85 = CARTESIAN_POINT ( 'NONE',  ( -9.526279441628833666, 5.499999999999986677, -7.000000000000000000 ) ) ;
#86 = AXIS2_PLACEMENT_3D ( 'NONE', #5144, #342, #311 ) ;
#87 = CIRCLE ( 'NONE', #1602, 8.694264425220771031 ) ;
#88 = DIRECTION ( 'NONE',  ( 0.000000000000000000, -0.000000000000000000, 1.000000000000000000 ) ) ;
#89 = EDGE_CURVE ( 'NONE', #3488, #2205, #4372, .T. ) ;
#90 = DIRECTION ( 'NONE',  ( 0.000000000000000000, -0.000000000000000000, 1.000000000000000000 ) ) ;
#91 = EDGE_CURVE ( 'NONE', #5466, #4384, #779, .T. ) ;
#92 = VECTOR ( 'NONE', #4746, 1000.000000000000000 ) ;
#93 = AXIS2_PLACEMENT_3D ( 'NONE', #2065, #3960, #662 ) ;
#94 = CYLINDRICAL_SURFACE ( 'NONE', #798, 42.59000000000001052 ) ;
#95 = VERTEX_POINT ( 'NONE', #5488 ) ;
#96 = VECTOR ( 'NONE', #2237, 1000.000000000000114 ) ;
#97 = ADVANCED_FACE ( 'NONE', ( #816 ), #2280, .F. ) ;
#98 = EDGE_CURVE ( 'NONE', #4928, #5807, #3558, .T. ) ;
#99 = DIRECTION ( 'NONE',  ( 0.000000000000000000, 0.000000000000000000, 1.000000000000000000 ) ) ;
#100 = ORIENTED_EDGE ( 'NONE', *, *, #1820, .T. ) ;
#101 = CARTESIAN_POINT ( 'NONE',  ( -36.58472689284099744, -6.071532165918824830E-15, 0.000000000000000000 ) ) ;
#102 = CARTESIAN_POINT ( 'NONE',  ( 7.000000000000000000, 8.572527594031473190E-16, -5.450000000000000178 ) ) ;
#103 = CARTESIAN_POINT ( 'NONE',  ( -23.80138519710808254, 33.01215321642914091, 3.000000000000000000 ) ) ;
#104 = CYLINDRICAL_SURFACE ( 'NONE', #489, 4.005000000000001670 ) ;
#105 = EDGE_LOOP ( 'NONE', ( #5911, #5026, #5917, #4386 ) ) ;
#106 = CARTESIAN_POINT ( 'NONE',  ( 28.14080578438305835, 31.08960764240096353, 3.000000000000000000 ) ) ;
#107 = ADVANCED_FACE ( 'NONE', ( #2755 ), #3222, .F. ) ;
#108 = VERTEX_POINT ( 'NONE', #2662 ) ;
#109 = DIRECTION ( 'NONE',  ( 1.000000000000000000, 0.000000000000000000, 0.000000000000000000 ) ) ;
#110 = AXIS2_PLACEMENT_3D ( 'NONE', #3065, #3034, #2088 ) ;
#111 = ORIENTED_EDGE ( 'NONE', *, *, #1408, .F. ) ;
#112 = CARTESIAN_POINT ( 'NONE',  ( 41.72493748217464571, -4.224442581619815229, 0.000000000000000000 ) ) ;
#113 = DIRECTION ( 'NONE',  ( 1.000000000000000000, 0.000000000000000000, 0.000000000000000000 ) ) ;
#114 = EDGE_LOOP ( 'NONE', ( #4069, #135, #1457, #5656 ) ) ;
#115 = DIRECTION ( 'NONE',  ( 0.000000000000000000, 0.000000000000000000, 1.000000000000000000 ) ) ;
#116 = DIRECTION ( 'NONE',  ( -0.000000000000000000, -0.000000000000000000, -1.000000000000000000 ) ) ;
#117 = CARTESIAN_POINT ( 'NONE',  ( -3.999999999999942712, 9.526279441628854983, -7.000000000000000000 ) ) ;
#118 = ORIENTED_EDGE ( 'NONE', *, *, #129, .T. ) ;
#119 = AXIS2_PLACEMENT_3D ( 'NONE', #5159, #2389, #4198 ) ;
#120 = ORIENTED_EDGE ( 'NONE', *, *, #526, .F. ) ;
#121 = ORIENTED_EDGE ( 'NONE', *, *, #309, .T. ) ;
#122 = DIRECTION ( 'NONE',  ( -0.6294706930507643072, 0.7770242252273673600, -0.000000000000000000 ) ) ;
#123 = FACE_OUTER_BOUND ( 'NONE', #4007, .T. ) ;
#124 = DIRECTION ( 'NONE',  ( -0.000000000000000000, -0.000000000000000000, -1.000000000000000000 ) ) ;
#125 = CARTESIAN_POINT ( 'NONE',  ( -38.54646659099296357, -12.71728977000985772, 3.000000000000000000 ) ) ;
#126 = ORIENTED_EDGE ( 'NONE', *, *, #1521, .F. ) ;
#127 = DIRECTION ( 'NONE',  ( 1.000000000000000000, 0.000000000000000000, 0.000000000000000000 ) ) ;
#128 = CARTESIAN_POINT ( 'NONE',  ( -6.999999999999944045, 9.526279441628854983, 3.000000000000000000 ) ) ;
#129 = EDGE_CURVE ( 'NONE', #663, #5014, #4616, .T. ) ;
#130 = CARTESIAN_POINT ( 'NONE',  ( 0.000000000000000000, 0.000000000000000000, 3.000000000000000000 ) ) ;
#131 = AXIS2_PLACEMENT_3D ( 'NONE', #5647, #4320, #3338 ) ;
#132 = ORIENTED_EDGE ( 'NONE', *, *, #5818, .F. ) ;
#133 = CARTESIAN_POINT ( 'NONE',  ( -36.18304898080721443, -21.08415842533863938, 0.000000000000000000 ) ) ;
#134 = LINE ( 'NONE', #5201, #5060 ) ;
#135 = ORIENTED_EDGE ( 'NONE', *, *, #616, .F. ) ;
#136 = DIRECTION ( 'NONE',  ( 0.000000000000000000, 0.000000000000000000, 1.000000000000000000 ) ) ;
#137 = ADVANCED_FACE ( 'NONE', ( #2724 ), #4080, .T. ) ;
#138 = EDGE_CURVE ( 'NONE', #807, #5688, #4493, .T. ) ;
#139 = VECTOR ( 'NONE', #3922, 1000.000000000000114 ) ;
#140 = EDGE_LOOP ( 'NONE', ( #3038, #3525, #4868, #3456 ) ) ;
#141 = CYLINDRICAL_SURFACE ( 'NONE', #5535, 5.000000000000000888 ) ;
#142 = VERTEX_POINT ( 'NONE', #371 ) ;
#143 = CARTESIAN_POINT ( 'NONE',  ( -16.74447303340663495, -38.39834553817248519, 3.000000000000000000 ) ) ;
#144 = DIRECTION ( 'NONE',  ( 0.000000000000000000, -0.000000000000000000, 1.000000000000000000 ) ) ;
#145 = VECTOR ( 'NONE', #1580, 1000.000000000000000 ) ;
#146 = VERTEX_POINT ( 'NONE', #4552 ) ;
#147 = CYLINDRICAL_SURFACE ( 'NONE', #1559, 8.694264425220762149 ) ;
#148 = VECTOR ( 'NONE', #2580, 1000.000000000000114 ) ;
#149 = VECTOR ( 'NONE', #4770, 1000.000000000000000 ) ;
#150 = CARTESIAN_POINT ( 'NONE',  ( -41.88590963261005129, 4.492228848172463707, 3.000000000000000000 ) ) ;
#151 = AXIS2_PLACEMENT_3D ( 'NONE', #4142, #6055, #5577 ) ;
#152 = FACE_BOUND ( 'NONE', #5312, .T. ) ;
#153 = ORIENTED_EDGE ( 'NONE', *, *, #2358, .T. ) ;
#154 = ADVANCED_FACE ( 'NONE', ( #1715 ), #6089, .F. ) ;
#155 = VECTOR ( 'NONE', #4717, 1000.000000000000000 ) ;
#156 = VERTEX_POINT ( 'NONE', #881 ) ;
#157 = AXIS2_PLACEMENT_3D ( 'NONE', #3236, #958, #5122 ) ;
#158 = ORIENTED_EDGE ( 'NONE', *, *, #15, .T. ) ;
#159 = CARTESIAN_POINT ( 'NONE',  ( 17.33022984358321139, -38.38842295929327264, 0.000000000000000000 ) ) ;
#160 = CARTESIAN_POINT ( 'NONE',  ( 17.21325967034674420, 38.23122844270245224, 0.000000000000000000 ) ) ;
#161 = VECTOR ( 'NONE', #4240, 1000.000000000000000 ) ;
#162 = DIRECTION ( 'NONE',  ( 0.000000000000000000, 0.000000000000000000, -1.000000000000000000 ) ) ;
#163 = EDGE_LOOP ( 'NONE', ( #4476, #5966, #5047, #2908 ) ) ;
#164 = ORIENTED_EDGE ( 'NONE', *, *, #5439, .T. ) ;
#165 = LINE ( 'NONE', #5750, #2249 ) ;
#166 = DIRECTION ( 'NONE',  ( 1.000000000000000000, 0.000000000000000000, 0.000000000000000000 ) ) ;
#167 = CARTESIAN_POINT ( 'NONE',  ( -5.499999999999943157, 9.526279441628854983, -5.450000000000000178 ) ) ;
#168 = DIRECTION ( 'NONE',  ( 0.000000000000000000, 0.000000000000000000, 1.000000000000000000 ) ) ;
#169 = ORIENTED_EDGE ( 'NONE', *, *, #5508, .F. ) ;
#170 = DIRECTION ( 'NONE',  ( 1.000000000000000000, 0.000000000000000000, 0.000000000000000000 ) ) ;
#171 = ORIENTED_EDGE ( 'NONE', *, *, #1817, .T. ) ;
#172 = DIRECTION ( 'NONE',  ( 1.000000000000000000, 0.000000000000000000, 0.000000000000000000 ) ) ;
#173 = ORIENTED_EDGE ( 'NONE', *, *, #1208, .T. ) ;
#174 = DIRECTION ( 'NONE',  ( -0.000000000000000000, -0.000000000000000000, -1.000000000000000000 ) ) ;
#175 = EDGE_CURVE ( 'NONE', #2202, #5708, #5046, .T. ) ;
#176 = EDGE_CURVE ( 'NONE', #5807, #6070, #3692, .T. ) ;
#177 = CYLINDRICAL_SURFACE ( 'NONE', #4281, 8.694264425220769255 ) ;
#178 = ORIENTED_EDGE ( 'NONE', *, *, #5085, .F. ) ;
#179 = CARTESIAN_POINT ( 'NONE',  ( 24.24638027584520472, 33.11992249958260004, 0.000000000000000000 ) ) ;
#180 = CARTESIAN_POINT ( 'NONE',  ( 28.14080578438306190, 31.08960764240096353, 3.000000000000000000 ) ) ;
#181 = CARTESIAN_POINT ( 'NONE',  ( 6.926279441628826028, -5.499999999999992006, -7.000000000000000000 ) ) ;
#182 = ORIENTED_EDGE ( 'NONE', *, *, #4213, .F. ) ;
#183 = ORIENTED_EDGE ( 'NONE', *, *, #3464, .F. ) ;
#184 = VERTEX_POINT ( 'NONE', #3711 ) ;
#185 = VECTOR ( 'NONE', #1870, 1000.000000000000000 ) ;
#186 = AXIS2_PLACEMENT_3D ( 'NONE', #2133, #4063, #2704 ) ;
#187 = CARTESIAN_POINT ( 'NONE',  ( 31.36840236821780081, -27.82005574930078495, 0.000000000000000000 ) ) ;
#188 = DIRECTION ( 'NONE',  ( 1.000000000000000000, 0.000000000000000000, 0.000000000000000000 ) ) ;
#189 = CARTESIAN_POINT ( 'NONE',  ( -21.29127637759212988, 31.41253919056224220, 3.000000000000000000 ) ) ;
#190 = ORIENTED_EDGE ( 'NONE', *, *, #4285, .T. ) ;
#191 = ORIENTED_EDGE ( 'NONE', *, *, #2779, .F. ) ;
#192 = AXIS2_PLACEMENT_3D ( 'NONE', #3284, #5174, #1319 ) ;
#193 = ORIENTED_EDGE ( 'NONE', *, *, #42, .F. ) ;
#194 = CARTESIAN_POINT ( 'NONE',  ( 13.01395315583583212, -38.84312997681875146, 3.000000000000000000 ) ) ;
#195 = CIRCLE ( 'NONE', #706, 42.59000000000001052 ) ;
#196 = AXIS2_PLACEMENT_3D ( 'NONE', #846, #6065, #5961 ) ;
#197 = CARTESIAN_POINT ( 'NONE',  ( -37.29628450232696935, 20.56441738346812187, 3.000000000000000000 ) ) ;
#198 = VERTEX_POINT ( 'NONE', #3191 ) ;
#199 = AXIS2_PLACEMENT_3D ( 'NONE', #5988, #1285, #6114 ) ;
#200 = FACE_OUTER_BOUND ( 'NONE', #319, .T. ) ;
#201 = ORIENTED_EDGE ( 'NONE', *, *, #593, .T. ) ;
#202 = DIRECTION ( 'NONE',  ( -0.000000000000000000, -0.000000000000000000, 1.000000000000000000 ) ) ;
#203 = CIRCLE ( 'NONE', #497, 4.999999999999999112 ) ;
#204 = VERTEX_POINT ( 'NONE', #401 ) ;
#205 = DIRECTION ( 'NONE',  ( -0.9656484390698153453, 0.2598520581446852606, -0.000000000000000000 ) ) ;
#206 = CARTESIAN_POINT ( 'NONE',  ( 41.81598255950387255, -8.082802891526450040, 3.000000000000000000 ) ) ;
#207 = ORIENTED_EDGE ( 'NONE', *, *, #1024, .F. ) ;
#208 = ORIENTED_EDGE ( 'NONE', *, *, #5120, .T. ) ;
#209 = CYLINDRICAL_SURFACE ( 'NONE', #6182, 42.59000000000001052 ) ;
#210 = DIRECTION ( 'NONE',  ( -0.000000000000000000, -0.000000000000000000, 1.000000000000000000 ) ) ;
#211 = EDGE_CURVE ( 'NONE', #2301, #1909, #2310, .T. ) ;
#212 = DIRECTION ( 'NONE',  ( 1.000000000000000000, 0.000000000000000000, 0.000000000000000000 ) ) ;
#213 = FACE_BOUND ( 'NONE', #1769, .T. ) ;
#214 = ORIENTED_EDGE ( 'NONE', *, *, #4361, .T. ) ;
#215 = ORIENTED_EDGE ( 'NONE', *, *, #1004, .F. ) ;
#216 = ADVANCED_FACE ( 'NONE', ( #2215 ), #4112, .F. ) ;
#217 = EDGE_CURVE ( 'NONE', #4728, #3085, #3040, .T. ) ;
#218 = EDGE_CURVE ( 'NONE', #3314, #726, #4680, .T. ) ;
#219 = ADVANCED_FACE ( 'NONE', ( #3128 ), #5013, .T. ) ;
#220 = CARTESIAN_POINT ( 'NONE',  ( -41.88590963261005129, 4.492228848172463707, 0.000000000000000000 ) ) ;
#221 = DIRECTION ( 'NONE',  ( 0.000000000000000000, 0.000000000000000000, -1.000000000000000000 ) ) ;
#222 = VERTEX_POINT ( 'NONE', #5674 ) ;
#223 = DIRECTION ( 'NONE',  ( 0.9510565162951576390, -0.3090169943749347947, 0.000000000000000000 ) ) ;
#224 = ORIENTED_EDGE ( 'NONE', *, *, #2428, .F. ) ;
#225 = CARTESIAN_POINT ( 'NONE',  ( 24.72746942367399114, 8.034441853748626627, 10.00000000000000000 ) ) ;
#226 = EDGE_LOOP ( 'NONE', ( #1045, #5845, #3204, #1246 ) ) ;
#227 = CARTESIAN_POINT ( 'NONE',  ( -31.01462764118191373, 28.15835394795180946, 0.000000000000000000 ) ) ;
#228 = ADVANCED_FACE ( 'NONE', ( #1466 ), #1434, .F. ) ;
#229 = ORIENTED_EDGE ( 'NONE', *, *, #828, .T. ) ;
#230 = LINE ( 'NONE', #738, #5838 ) ;
#231 = DIRECTION ( 'NONE',  ( -0.000000000000000000, 0.000000000000000000, -1.000000000000000000 ) ) ;
#232 = VERTEX_POINT ( 'NONE', #6174 ) ;
#233 = ORIENTED_EDGE ( 'NONE', *, *, #1902, .T. ) ;
#234 = CARTESIAN_POINT ( 'NONE',  ( 0.000000000000000000, 0.000000000000000000, 3.000000000000000000 ) ) ;
#235 = EDGE_CURVE ( 'NONE', #5428, #5527, #5714, .T. ) ;
#236 = LINE ( 'NONE', #3608, #5205 ) ;
#237 = VERTEX_POINT ( 'NONE', #465 ) ;
#238 = DIRECTION ( 'NONE',  ( 1.000000000000000000, 0.000000000000000000, 0.000000000000000000 ) ) ;
#239 = CIRCLE ( 'NONE', #3730, 2.600000000000003197 ) ;
#240 = DIRECTION ( 'NONE',  ( 1.000000000000000000, 0.000000000000000000, 0.000000000000000000 ) ) ;
#241 = ORIENTED_EDGE ( 'NONE', *, *, #1410, .F. ) ;
#242 = DIRECTION ( 'NONE',  ( -0.000000000000000000, -0.000000000000000000, 1.000000000000000000 ) ) ;
#243 = ORIENTED_EDGE ( 'NONE', *, *, #4073, .T. ) ;
#244 = EDGE_CURVE ( 'NONE', #1656, #1895, #1729, .T. ) ;
#245 = AXIS2_PLACEMENT_3D ( 'NONE', #677, #2547, #166 ) ;
#246 = CARTESIAN_POINT ( 'NONE',  ( 20.28241655960448497, -21.03444185374849695, 10.00000000000000000 ) ) ;
#247 = CIRCLE ( 'NONE', #2842, 4.005000000000006111 ) ;
#248 = CIRCLE ( 'NONE', #5849, 42.59000000000001052 ) ;
#249 = CIRCLE ( 'NONE', #1351, 8.694264425220769255 ) ;
#250 = DIRECTION ( 'NONE',  ( -0.000000000000000000, -0.000000000000000000, 1.000000000000000000 ) ) ;
#251 = EDGE_CURVE ( 'NONE', #1000, #1928, #3405, .T. ) ;
#252 = VERTEX_POINT ( 'NONE', #4266 ) ;
#253 = EDGE_CURVE ( 'NONE', #1920, #5140, #1929, .T. ) ;
#254 = CARTESIAN_POINT ( 'NONE',  ( -11.00000000000000000, -1.347111479062088405E-15, 3.000000000000000000 ) ) ;
#255 = CARTESIAN_POINT ( 'NONE',  ( -40.57520715325102145, -0.09167402782957295715, 0.000000000000000000 ) ) ;
#256 = ORIENTED_EDGE ( 'NONE', *, *, #2006, .F. ) ;
#257 = CYLINDRICAL_SURFACE ( 'NONE', #186, 17.50000000000000355 ) ;
#258 = CIRCLE ( 'NONE', #1954, 5.000000000000000888 ) ;
#259 = ORIENTED_EDGE ( 'NONE', *, *, #680, .F. ) ;
#260 = DIRECTION ( 'NONE',  ( 1.000000000000000000, 0.000000000000000000, 0.000000000000000000 ) ) ;
#261 = CIRCLE ( 'NONE', #3748, 5.000000000000000888 ) ;
#262 = EDGE_CURVE ( 'NONE', #4226, #1356, #5216, .T. ) ;
#263 = CARTESIAN_POINT ( 'NONE',  ( -38.60312425607723696, 12.54291540692517870, 0.000000000000000000 ) ) ;
#264 = DIRECTION ( 'NONE',  ( 1.000000000000000000, 0.000000000000000000, 0.000000000000000000 ) ) ;
#265 = VERTEX_POINT ( 'NONE', #1906 ) ;
#266 = ORIENTED_EDGE ( 'NONE', *, *, #2090, .T. ) ;
#267 = DIRECTION ( 'NONE',  ( -0.000000000000000000, -0.000000000000000000, -1.000000000000000000 ) ) ;
#268 = DIRECTION ( 'NONE',  ( 1.000000000000000000, 0.000000000000000000, 0.000000000000000000 ) ) ;
#269 = FACE_OUTER_BOUND ( 'NONE', #4733, .T. ) ;
#270 = FACE_BOUND ( 'NONE', #1189, .T. ) ;
#271 = ORIENTED_EDGE ( 'NONE', *, *, #5593, .T. ) ;
#272 = DIRECTION ( 'NONE',  ( 0.3356015481885250007, -0.9420040344146436428, -0.000000000000000000 ) ) ;
#273 = EDGE_LOOP ( 'NONE', ( #2275, #4962, #3331, #6036 ) ) ;
#274 = DIRECTION ( 'NONE',  ( 0.6106995942509771957, 0.7918623653020087083, -0.000000000000000000 ) ) ;
#275 = DIRECTION ( 'NONE',  ( 0.000000000000000000, 0.000000000000000000, 1.000000000000000000 ) ) ;
#276 = VERTEX_POINT ( 'NONE', #4709 ) ;
#277 = LINE ( 'NONE', #5523, #5739 ) ;
#278 = EDGE_CURVE ( 'NONE', #6186, #5102, #75, .T. ) ;
#279 = EDGE_CURVE ( 'NONE', #1100, #375, #1436, .T. ) ;
#280 = ADVANCED_FACE ( 'NONE', ( #3282 ), #527, .F. ) ;
#281 = LINE ( 'NONE', #4966, #4839 ) ;
#282 = ORIENTED_EDGE ( 'NONE', *, *, #6017, .F. ) ;
#283 = CIRCLE ( 'NONE', #3877, 42.59000000000001052 ) ;
#284 = DIRECTION ( 'NONE',  ( 0.000000000000000000, 0.000000000000000000, 1.000000000000000000 ) ) ;
#285 = VERTEX_POINT ( 'NONE', #2871 ) ;
#286 = DIRECTION ( 'NONE',  ( 0.000000000000000000, 0.000000000000000000, 1.000000000000000000 ) ) ;
#287 = VECTOR ( 'NONE', #3313, 1000.000000000000000 ) ;
#288 = ADVANCED_FACE ( 'NONE', ( #40 ), #4773, .T. ) ;
#289 = AXIS2_PLACEMENT_3D ( 'NONE', #4618, #5048, #4114 ) ;
#290 = EDGE_CURVE ( 'NONE', #3466, #3484, #4621, .T. ) ;
#291 = DIRECTION ( 'NONE',  ( -0.000000000000000000, -0.000000000000000000, 1.000000000000000000 ) ) ;
#292 = VERTEX_POINT ( 'NONE', #5763 ) ;
#293 = LINE ( 'NONE', #1768, #6123 ) ;
#294 = ORIENTED_EDGE ( 'NONE', *, *, #3917, .T. ) ;
#295 = VECTOR ( 'NONE', #1558, 1000.000000000000114 ) ;
#296 = CIRCLE ( 'NONE', #1693, 5.000000000000000888 ) ;
#297 = EDGE_LOOP ( 'NONE', ( #2970, #3669, #811, #3430 ) ) ;
#298 = LINE ( 'NONE', #2624, #5079 ) ;
#299 = EDGE_CURVE ( 'NONE', #2844, #3857, #4827, .T. ) ;
#300 = CARTESIAN_POINT ( 'NONE',  ( -20.16727271007438560, -34.89601652554507183, 0.000000000000000000 ) ) ;
#301 = EDGE_CURVE ( 'NONE', #2996, #1494, #4699, .T. ) ;
#302 = ORIENTED_EDGE ( 'NONE', *, *, #4708, .F. ) ;
#303 = DIRECTION ( 'NONE',  ( 0.4016205324600811144, 0.9158061737652137824, -0.000000000000000000 ) ) ;
#304 = DIRECTION ( 'NONE',  ( -0.000000000000000000, -0.000000000000000000, -1.000000000000000000 ) ) ;
#305 = DIRECTION ( 'NONE',  ( 0.3090169943749445647, 0.9510565162951545304, 0.000000000000000000 ) ) ;
#306 = ORIENTED_EDGE ( 'NONE', *, *, #5783, .F. ) ;
#307 = DIRECTION ( 'NONE',  ( -0.000000000000000000, -0.000000000000000000, -1.000000000000000000 ) ) ;
#308 = VERTEX_POINT ( 'NONE', #910 ) ;
#309 = EDGE_CURVE ( 'NONE', #5892, #1027, #2810, .T. ) ;
#310 = LINE ( 'NONE', #5519, #1393 ) ;
#311 = DIRECTION ( 'NONE',  ( -1.000000000000000000, 0.000000000000000000, 0.000000000000000000 ) ) ;
#312 = ORIENTED_EDGE ( 'NONE', *, *, #3603, .F. ) ;
#313 = DIRECTION ( 'NONE',  ( 0.8609332659612101146, 0.5087179096133378486, -0.000000000000000000 ) ) ;
#314 = CARTESIAN_POINT ( 'NONE',  ( -3.659028418258120752, 40.25987024618069654, 3.000000000000000000 ) ) ;
#315 = VERTEX_POINT ( 'NONE', #6145 ) ;
#316 = LINE ( 'NONE', #2675, #3678 ) ;
#317 = VERTEX_POINT ( 'NONE', #1872 ) ;
#318 = EDGE_CURVE ( 'NONE', #3546, #4182, #3308, .T. ) ;
#319 = EDGE_LOOP ( 'NONE', ( #6117, #972, #2478, #3115 ) ) ;
#320 = DIRECTION ( 'NONE',  ( 0.2709750769064966924, -0.9625863637593866651, 0.000000000000000000 ) ) ;
#321 = CARTESIAN_POINT ( 'NONE',  ( -41.88590963261005840, -4.492228848172470812, 3.000000000000000000 ) ) ;
#322 = AXIS2_PLACEMENT_3D ( 'NONE', #765, #286, #2707 ) ;
#323 = CARTESIAN_POINT ( 'NONE',  ( -12.33792604892874323, -38.88526790231296104, 0.000000000000000000 ) ) ;
#324 = FACE_OUTER_BOUND ( 'NONE', #1280, .T. ) ;
#325 = VERTEX_POINT ( 'NONE', #1132 ) ;
#326 = ORIENTED_EDGE ( 'NONE', *, *, #6124, .F. ) ;
#327 = ADVANCED_FACE ( 'NONE', ( #3461 ), #656, .T. ) ;
#328 = DIRECTION ( 'NONE',  ( -0.9328100451510497049, -0.3603684498749810672, 0.000000000000000000 ) ) ;
#329 = ADVANCED_FACE ( 'NONE', ( #4462 ), #3985, .T. ) ;
#330 = EDGE_CURVE ( 'NONE', #2375, #3051, #5991, .T. ) ;
#331 = DIRECTION ( 'NONE',  ( 0.000000000000000000, 0.000000000000000000, 1.000000000000000000 ) ) ;
#332 = ORIENTED_EDGE ( 'NONE', *, *, #4635, .F. ) ;
#333 = CARTESIAN_POINT ( 'NONE',  ( 21.33342257751116122, 36.31792455201504310, 0.000000000000000000 ) ) ;
#334 = DIRECTION ( 'NONE',  ( 1.000000000000000000, 0.000000000000000000, 0.000000000000000000 ) ) ;
#335 = AXIS2_PLACEMENT_3D ( 'NONE', #4297, #1961, #5701 ) ;
#336 = DIRECTION ( 'NONE',  ( 0.000000000000000000, 0.000000000000000000, -1.000000000000000000 ) ) ;
#337 = ORIENTED_EDGE ( 'NONE', *, *, #4342, .F. ) ;
#338 = CARTESIAN_POINT ( 'NONE',  ( 0.000000000000000000, 0.000000000000000000, 3.000000000000000000 ) ) ;
#339 = EDGE_LOOP ( 'NONE', ( #2815, #3505 ) ) ;
#340 = CIRCLE ( 'NONE', #2035, 42.59000000000001052 ) ;
#341 = CARTESIAN_POINT ( 'NONE',  ( -23.73575383944928063, 33.07778457408781492, 0.000000000000000000 ) ) ;
#342 = DIRECTION ( 'NONE',  ( -0.000000000000000000, -0.000000000000000000, -1.000000000000000000 ) ) ;
#343 = ORIENTED_EDGE ( 'NONE', *, *, #5120, .F. ) ;
#344 = VECTOR ( 'NONE', #5349, 1000.000000000000000 ) ;
#345 = EDGE_CURVE ( 'NONE', #5789, #2227, #5491, .T. ) ;
#346 = DIRECTION ( 'NONE',  ( 0.000000000000000000, 0.000000000000000000, 1.000000000000000000 ) ) ;
#347 = CIRCLE ( 'NONE', #4732, 42.59000000000001052 ) ;
#348 = CIRCLE ( 'NONE', #1352, 8.694264425220769255 ) ;
#349 = CARTESIAN_POINT ( 'NONE',  ( 37.31885645436632615, -20.52342692969187254, 3.000000000000000000 ) ) ;
#350 = ORIENTED_EDGE ( 'NONE', *, *, #2865, .F. ) ;
#351 = CARTESIAN_POINT ( 'NONE',  ( -38.58860451648724421, 12.63458943475418295, 0.000000000000000000 ) ) ;
#352 = VECTOR ( 'NONE', #3646, 1000.000000000000000 ) ;
#353 = VERTEX_POINT ( 'NONE', #1649 ) ;
#354 = AXIS2_PLACEMENT_3D ( 'NONE', #5213, #55, #2983 ) ;
#355 = DIRECTION ( 'NONE',  ( 1.000000000000000000, 0.000000000000000000, 0.000000000000000000 ) ) ;
#356 = CARTESIAN_POINT ( 'NONE',  ( 8.320845587068857796, 41.76926655707708846, 0.000000000000000000 ) ) ;
#357 = CARTESIAN_POINT ( 'NONE',  ( 38.40817702442034687, -16.83113193255801221, 0.000000000000000000 ) ) ;
#358 = VECTOR ( 'NONE', #122, 1000.000000000000114 ) ;
#359 = DIRECTION ( 'NONE',  ( 1.000000000000000000, 0.000000000000000000, 0.000000000000000000 ) ) ;
#360 = CIRCLE ( 'NONE', #671, 5.000000000000000888 ) ;
#361 = ORIENTED_EDGE ( 'NONE', *, *, #2893, .T. ) ;
#362 = CARTESIAN_POINT ( 'NONE',  ( 0.2966633858259900558, -40.88639027866684472, 0.000000000000000000 ) ) ;
#363 = EDGE_CURVE ( 'NONE', #976, #726, #5792, .T. ) ;
#364 = EDGE_LOOP ( 'NONE', ( #1682, #1424, #1284, #2304 ) ) ;
#365 = FACE_OUTER_BOUND ( 'NONE', #140, .T. ) ;
#366 = EDGE_CURVE ( 'NONE', #1612, #5654, #3113, .T. ) ;
#367 = DIRECTION ( 'NONE',  ( -0.000000000000000000, -0.000000000000000000, -1.000000000000000000 ) ) ;
#368 = EDGE_CURVE ( 'NONE', #5796, #817, #2528, .T. ) ;
#369 = CARTESIAN_POINT ( 'NONE',  ( -40.57520715325102145, -0.09167402782957295715, 3.000000000000000000 ) ) ;
#370 = ORIENTED_EDGE ( 'NONE', *, *, #1177, .T. ) ;
#371 = CARTESIAN_POINT ( 'NONE',  ( -8.332926048928740670, -38.88526790231296104, 3.000000000000000000 ) ) ;
#372 = AXIS2_PLACEMENT_3D ( 'NONE', #486, #2894, #3329 ) ;
#373 = DIRECTION ( 'NONE',  ( -0.9510565162951555296, 0.3090169943749411230, 0.000000000000000000 ) ) ;
#374 = LINE ( 'NONE', #2728, #4076 ) ;
#375 = VERTEX_POINT ( 'NONE', #1063 ) ;
#376 = CARTESIAN_POINT ( 'NONE',  ( -38.54646659099296357, -12.71728977000985772, 0.000000000000000000 ) ) ;
#377 = DIRECTION ( 'NONE',  ( 1.000000000000000000, 0.000000000000000000, 0.000000000000000000 ) ) ;
#378 = VERTEX_POINT ( 'NONE', #719 ) ;
#379 = CARTESIAN_POINT ( 'NONE',  ( 4.252355189909522437, -40.25987024618072496, 3.000000000000000000 ) ) ;
#380 = EDGE_LOOP ( 'NONE', ( #3242, #3408, #4509, #207 ) ) ;
#381 = CARTESIAN_POINT ( 'NONE',  ( -26.56771649810138669, 30.24582191543568044, 3.000000000000000000 ) ) ;
#382 = CARTESIAN_POINT ( 'NONE',  ( 0.000000000000000000, 0.000000000000000000, 3.000000000000000000 ) ) ;
#383 = VECTOR ( 'NONE', #824, 1000.000000000000114 ) ;
#384 = DIRECTION ( 'NONE',  ( 1.000000000000000000, 0.000000000000000000, 0.000000000000000000 ) ) ;
#385 = LINE ( 'NONE', #2741, #654 ) ;
#386 = ORIENTED_EDGE ( 'NONE', *, *, #6041, .T. ) ;
#387 = SHAPE_DEFINITION_REPRESENTATION ( #3831, #547 ) ;
#388 = CARTESIAN_POINT ( 'NONE',  ( 39.80845132062484737, 8.678897630671487562, 3.000000000000000000 ) ) ;
#389 = CIRCLE ( 'NONE', #5881, 8.694264425220762149 ) ;
#390 = VECTOR ( 'NONE', #5842, 1000.000000000000000 ) ;
#391 = EDGE_CURVE ( 'NONE', #5654, #2227, #720, .T. ) ;
#392 = VERTEX_POINT ( 'NONE', #627 ) ;
#393 = CARTESIAN_POINT ( 'NONE',  ( -20.16727271007489719, 34.89601652554476630, 3.000000000000000000 ) ) ;
#394 = CIRCLE ( 'NONE', #4381, 4.999999999999999112 ) ;
#395 = ORIENTED_EDGE ( 'NONE', *, *, #3583, .T. ) ;
#396 = AXIS2_PLACEMENT_3D ( 'NONE', #427, #3188, #5613 ) ;
#397 = CARTESIAN_POINT ( 'NONE',  ( -40.58972689284099999, -6.071532165918824830E-15, 0.000000000000000000 ) ) ;
#398 = DIRECTION ( 'NONE',  ( -1.000000000000000000, 0.000000000000000000, 0.000000000000000000 ) ) ;
#399 = CARTESIAN_POINT ( 'NONE',  ( -8.487627998526756201, 41.04109639035725365, 3.000000000000000000 ) ) ;
#400 = ORIENTED_EDGE ( 'NONE', *, *, #4211, .T. ) ;
#401 = CARTESIAN_POINT ( 'NONE',  ( -20.50176531472157393, 37.33076102867553914, 0.000000000000000000 ) ) ;
#402 = EDGE_CURVE ( 'NONE', #285, #2281, #622, .T. ) ;
#403 = CARTESIAN_POINT ( 'NONE',  ( -30.86710399077875167, -29.34501646314841139, 0.000000000000000000 ) ) ;
#404 = DIRECTION ( 'NONE',  ( 0.000000000000000000, 0.000000000000000000, 1.000000000000000000 ) ) ;
#405 = ORIENTED_EDGE ( 'NONE', *, *, #435, .T. ) ;
#406 = ADVANCED_FACE ( 'NONE', ( #4957 ), #1990, .T. ) ;
#407 = EDGE_CURVE ( 'NONE', #5664, #3135, #3647, .T. ) ;
#408 = CARTESIAN_POINT ( 'NONE',  ( 42.27830066339485171, 5.143286207823535960, 0.000000000000000000 ) ) ;
#409 = AXIS2_PLACEMENT_3D ( 'NONE', #4422, #5423, #4390 ) ;
#410 = CARTESIAN_POINT ( 'NONE',  ( -26.56771649810094615, -30.24582191543607834, 3.000000000000000000 ) ) ;
#411 = ORIENTED_EDGE ( 'NONE', *, *, #4600, .T. ) ;
#412 = CARTESIAN_POINT ( 'NONE',  ( -30.86710399077874811, -29.34501646314842560, 0.000000000000000000 ) ) ;
#413 = ADVANCED_FACE ( 'NONE', ( #1191 ), #147, .T. ) ;
#414 = ORIENTED_EDGE ( 'NONE', *, *, #5094, .T. ) ;
#415 = DIRECTION ( 'NONE',  ( 0.000000000000000000, 0.000000000000000000, 1.000000000000000000 ) ) ;
#416 = DIRECTION ( 'NONE',  ( 0.3090169943749445647, 0.9510565162951545304, 0.000000000000000000 ) ) ;
#417 = DIRECTION ( 'NONE',  ( 0.000000000000000000, 0.000000000000000000, 1.000000000000000000 ) ) ;
#418 = CIRCLE ( 'NONE', #3910, 8.694264425220772807 ) ;
#419 = VERTEX_POINT ( 'NONE', #4517 ) ;
#420 = DIRECTION ( 'NONE',  ( 1.000000000000000000, -1.596200337265687053E-14, 0.000000000000000000 ) ) ;
#421 = ADVANCED_FACE ( 'NONE', ( #3925 ), #3895, .F. ) ;
#422 = DIRECTION ( 'NONE',  ( -0.8090169943749505599, 0.5877852522924685852, 0.000000000000000000 ) ) ;
#423 = ORIENTED_EDGE ( 'NONE', *, *, #89, .T. ) ;
#424 = CYLINDRICAL_SURFACE ( 'NONE', #1854, 2.600000000000000089 ) ;
#425 = CARTESIAN_POINT ( 'NONE',  ( 0.000000000000000000, 0.000000000000000000, -5.450000000000000178 ) ) ;
#426 = DIRECTION ( 'NONE',  ( -0.000000000000000000, -0.000000000000000000, 1.000000000000000000 ) ) ;
#427 = CARTESIAN_POINT ( 'NONE',  ( 33.30881660225507090, 24.09804858293381002, 0.000000000000000000 ) ) ;
#428 = ORIENTED_EDGE ( 'NONE', *, *, #5552, .T. ) ;
#429 = CARTESIAN_POINT ( 'NONE',  ( -20.28241655960433576, 21.03444185374861419, 10.00000000000000000 ) ) ;
#430 = DIRECTION ( 'NONE',  ( -0.000000000000000000, -0.000000000000000000, 1.000000000000000000 ) ) ;
#431 = CARTESIAN_POINT ( 'NONE',  ( -38.44546517343238889, -18.32632826286808481, 0.000000000000000000 ) ) ;
#432 = VERTEX_POINT ( 'NONE', #3431 ) ;
#433 = AXIS2_PLACEMENT_3D ( 'NONE', #3513, #5419, #1157 ) ;
#434 = DIRECTION ( 'NONE',  ( -0.5877852522924656986, -0.8090169943749528914, 0.000000000000000000 ) ) ;
#435 = EDGE_CURVE ( 'NONE', #308, #663, #2057, .T. ) ;
#436 = CARTESIAN_POINT ( 'NONE',  ( -23.73575383944879391, -33.07778457408817729, 3.000000000000000000 ) ) ;
#437 = EDGE_CURVE ( 'NONE', #1609, #4459, #1094, .T. ) ;
#438 = ORIENTED_EDGE ( 'NONE', *, *, #5818, .T. ) ;
#439 = CIRCLE ( 'NONE', #4323, 42.59000000000001052 ) ;
#440 = DIRECTION ( 'NONE',  ( -0.9953694290488039886, 0.09612335676128866413, 0.000000000000000000 ) ) ;
#441 = EDGE_LOOP ( 'NONE', ( #1234, #2327, #312, #5020 ) ) ;
#442 = ORIENTED_EDGE ( 'NONE', *, *, #2893, .F. ) ;
#443 = EDGE_LOOP ( 'NONE', ( #3915, #5755, #5562, #5075 ) ) ;
#444 = VERTEX_POINT ( 'NONE', #1591 ) ;
#445 = CARTESIAN_POINT ( 'NONE',  ( -8.487627998526756201, 41.04109639035725365, 3.000000000000000000 ) ) ;
#446 = AXIS2_PLACEMENT_3D ( 'NONE', #2614, #5909, #5526 ) ;
#447 = LINE ( 'NONE', #2325, #4935 ) ;
#448 = VECTOR ( 'NONE', #3959, 1000.000000000000114 ) ;
#449 = DIRECTION ( 'NONE',  ( 1.000000000000000000, 0.000000000000000000, 0.000000000000000000 ) ) ;
#450 = AXIS2_PLACEMENT_3D ( 'NONE', #839, #3012, #334 ) ;
#451 = VECTOR ( 'NONE', #291, 1000.000000000000000 ) ;
#452 = VERTEX_POINT ( 'NONE', #1737 ) ;
#453 = CARTESIAN_POINT ( 'NONE',  ( -4.017551685328701438, -41.70669424522104407, 0.000000000000000000 ) ) ;
#454 = DIRECTION ( 'NONE',  ( 0.000000000000000000, 0.000000000000000000, 1.000000000000000000 ) ) ;
#455 = VECTOR ( 'NONE', #4071, 1000.000000000000000 ) ;
#456 = AXIS2_PLACEMENT_3D ( 'NONE', #4349, #4315, #5259 ) ;
#457 = EDGE_CURVE ( 'NONE', #3080, #6011, #2177, .T. ) ;
#458 = ORIENTED_EDGE ( 'NONE', *, *, #1148, .T. ) ;
#459 = CARTESIAN_POINT ( 'NONE',  ( 9.082501176170758583, -40.91370791742377122, 3.000000000000000000 ) ) ;
#460 = ADVANCED_FACE ( 'NONE', ( #5100 ), #4166, .T. ) ;
#461 = PLANE ( 'NONE',  #5335 ) ;
#462 = FACE_OUTER_BOUND ( 'NONE', #114, .T. ) ;
#463 = DIRECTION ( 'NONE',  ( 0.8090169943749551118, -0.5877852522924625900, 0.000000000000000000 ) ) ;
#464 = ORIENTED_EDGE ( 'NONE', *, *, #6041, .F. ) ;
#465 = CARTESIAN_POINT ( 'NONE',  ( -4.770920966160784538, -42.32193772896803807, 0.000000000000000000 ) ) ;
#466 = ADVANCED_FACE ( 'NONE', ( #2272 ), #6080, .F. ) ;
#467 = AXIS2_PLACEMENT_3D ( 'NONE', #2658, #5041, #5069 ) ;
#468 = CYLINDRICAL_SURFACE ( 'NONE', #5681, 2.000000000000000000 ) ;
#469 = DIRECTION ( 'NONE',  ( 0.000000000000000000, 0.000000000000000000, 1.000000000000000000 ) ) ;
#470 = EDGE_LOOP ( 'NONE', ( #1727, #5198 ) ) ;
#471 = LINE ( 'NONE', #2376, #5443 ) ;
#472 = CARTESIAN_POINT ( 'NONE',  ( 41.16853392490270380, -0.09167402782926549476, 0.000000000000000000 ) ) ;
#473 = ORIENTED_EDGE ( 'NONE', *, *, #3767, .F. ) ;
#474 = LINE ( 'NONE', #1296, #5568 ) ;
#475 = ORIENTED_EDGE ( 'NONE', *, *, #5210, .F. ) ;
#476 = VERTEX_POINT ( 'NONE', #5983 ) ;
#477 = FACE_BOUND ( 'NONE', #2072, .T. ) ;
#478 = ADVANCED_FACE ( 'NONE', ( #2240 ), #1220, .F. ) ;
#479 = EDGE_CURVE ( 'NONE', #308, #4610, #3639, .T. ) ;
#480 = EDGE_CURVE ( 'NONE', #5289, #5890, #1807, .T. ) ;
#481 = CARTESIAN_POINT ( 'NONE',  ( 0.000000000000000000, 0.000000000000000000, 3.000000000000000000 ) ) ;
#482 = CARTESIAN_POINT ( 'NONE',  ( -6.926279441628833133, 5.499999999999986677, -5.450000000000000178 ) ) ;
#483 = ORIENTED_EDGE ( 'NONE', *, *, #235, .T. ) ;
#484 = CYLINDRICAL_SURFACE ( 'NONE', #5982, 4.999999999999999112 ) ;
#485 = EDGE_CURVE ( 'NONE', #3520, #833, #3121, .T. ) ;
#486 = CARTESIAN_POINT ( 'NONE',  ( -40.58972689284099999, -6.071532165918824830E-15, 0.000000000000000000 ) ) ;
#487 = EDGE_CURVE ( 'NONE', #5003, #6082, #3941, .T. ) ;
#488 = EDGE_CURVE ( 'NONE', #3806, #2077, #5239, .T. ) ;
#489 = AXIS2_PLACEMENT_3D ( 'NONE', #4332, #829, #3352 ) ;
#490 = ORIENTED_EDGE ( 'NONE', *, *, #2931, .F. ) ;
#491 = DIRECTION ( 'NONE',  ( 1.000000000000000000, 0.000000000000000000, 0.000000000000000000 ) ) ;
#492 = DIRECTION ( 'NONE',  ( 0.000000000000000000, 0.000000000000000000, 1.000000000000000000 ) ) ;
#493 = DIRECTION ( 'NONE',  ( 0.000000000000000000, 0.000000000000000000, 1.000000000000000000 ) ) ;
#494 = VECTOR ( 'NONE', #5777, 1000.000000000000000 ) ;
#495 = VERTEX_POINT ( 'NONE', #4608 ) ;
#496 = DIRECTION ( 'NONE',  ( 1.000000000000000000, 0.000000000000000000, 0.000000000000000000 ) ) ;
#497 = AXIS2_PLACEMENT_3D ( 'NONE', #1473, #1013, #1939 ) ;
#498 = LINE ( 'NONE', #4686, #2557 ) ;
#499 = DIRECTION ( 'NONE',  ( 0.000000000000000000, 0.000000000000000000, -1.000000000000000000 ) ) ;
#500 = EDGE_LOOP ( 'NONE', ( #4768, #1390, #4750, #4818 ) ) ;
#501 = AXIS2_PLACEMENT_3D ( 'NONE', #4419, #5827, #5358 ) ;
#502 = AXIS2_PLACEMENT_3D ( 'NONE', #5168, #1283, #5074 ) ;
#503 = AXIS2_PLACEMENT_3D ( 'NONE', #3120, #2683, #2119 ) ;
#504 = CYLINDRICAL_SURFACE ( 'NONE', #2568, 8.694264425220771031 ) ;
#505 = DIRECTION ( 'NONE',  ( 0.000000000000000000, 0.000000000000000000, 1.000000000000000000 ) ) ;
#506 = CARTESIAN_POINT ( 'NONE',  ( 41.16853392490270380, -0.09167402782926549476, 3.000000000000000000 ) ) ;
#507 = ORIENTED_EDGE ( 'NONE', *, *, #3123, .T. ) ;
#508 = CARTESIAN_POINT ( 'NONE',  ( -8.332926048928740670, -38.88526790231296104, 0.000000000000000000 ) ) ;
#509 = ORIENTED_EDGE ( 'NONE', *, *, #2856, .F. ) ;
#510 = DIRECTION ( 'NONE',  ( -0.9969254916408009093, 0.07835537069497786056, -0.000000000000000000 ) ) ;
#511 = DIRECTION ( 'NONE',  ( -0.000000000000000000, -0.000000000000000000, -1.000000000000000000 ) ) ;
#512 = DIRECTION ( 'NONE',  ( -0.000000000000000000, -0.000000000000000000, -1.000000000000000000 ) ) ;
#513 = CARTESIAN_POINT ( 'NONE',  ( 18.28802050313770877, -38.46370244889089918, 0.000000000000000000 ) ) ;
#514 = EDGE_CURVE ( 'NONE', #5051, #4064, #6040, .T. ) ;
#515 = ORIENTED_EDGE ( 'NONE', *, *, #4557, .T. ) ;
#516 = VERTEX_POINT ( 'NONE', #4137 ) ;
#517 = ADVANCED_FACE ( 'NONE', ( #2654 ), #2747, .F. ) ;
#518 = LINE ( 'NONE', #5194, #2522 ) ;
#519 = ORIENTED_EDGE ( 'NONE', *, *, #1121, .T. ) ;
#520 = FACE_OUTER_BOUND ( 'NONE', #500, .T. ) ;
#521 = CARTESIAN_POINT ( 'NONE',  ( -16.74447303340663851, -38.39834553817248519, 0.000000000000000000 ) ) ;
#522 = EDGE_CURVE ( 'NONE', #1253, #2960, #4909, .T. ) ;
#523 = EDGE_CURVE ( 'NONE', #3951, #1684, #4406, .T. ) ;
#524 = CARTESIAN_POINT ( 'NONE',  ( -12.24625202109975675, 38.89978764190294669, 0.000000000000000000 ) ) ;
#525 = ORIENTED_EDGE ( 'NONE', *, *, #3686, .T. ) ;
#526 = EDGE_CURVE ( 'NONE', #5274, #995, #3241, .T. ) ;
#527 = CYLINDRICAL_SURFACE ( 'NONE', #2832, 4.005000000000001670 ) ;
#528 = CYLINDRICAL_SURFACE ( 'NONE', #3540, 1.500000000000000444 ) ;
#529 = LINE ( 'NONE', #1008, #1898 ) ;
#530 = ORIENTED_EDGE ( 'NONE', *, *, #5409, .T. ) ;
#531 = DIRECTION ( 'NONE',  ( 1.000000000000000000, 0.000000000000000000, 0.000000000000000000 ) ) ;
#532 = EDGE_CURVE ( 'NONE', #5907, #4124, #236, .T. ) ;
#533 = DIRECTION ( 'NONE',  ( -0.000000000000000000, -0.000000000000000000, -1.000000000000000000 ) ) ;
#534 = LINE ( 'NONE', #982, #861 ) ;
#535 = FACE_OUTER_BOUND ( 'NONE', #5998, .T. ) ;
#536 = ORIENTED_EDGE ( 'NONE', *, *, #5439, .F. ) ;
#537 = CARTESIAN_POINT ( 'NONE',  ( 24.24638027584520472, 33.11992249958260004, 0.000000000000000000 ) ) ;
#538 = CARTESIAN_POINT ( 'NONE',  ( -10.25796619670764542, 36.43943381650086621, 3.000000000000000000 ) ) ;
#539 = ORIENTED_EDGE ( 'NONE', *, *, #435, .F. ) ;
#540 = VECTOR ( 'NONE', #714, 1000.000000000000000 ) ;
#541 = LINE ( 'NONE', #3448, #3347 ) ;
#542 = DIRECTION ( 'NONE',  ( -0.000000000000000000, -0.000000000000000000, -1.000000000000000000 ) ) ;
#543 = ORIENTED_EDGE ( 'NONE', *, *, #3841, .T. ) ;
#544 = ORIENTED_EDGE ( 'NONE', *, *, #2627, .F. ) ;
#545 = DIRECTION ( 'NONE',  ( 0.000000000000000000, 0.000000000000000000, 1.000000000000000000 ) ) ;
#546 = ORIENTED_EDGE ( 'NONE', *, *, #5704, .T. ) ;
#547 = ADVANCED_BREP_SHAPE_REPRESENTATION ( '\X2\4e3b52a894fe8f6e\X0\AA', ( #1407, #4790 ), #2612 ) ;
#548 = CIRCLE ( 'NONE', #2043, 8.694264425220769255 ) ;
#549 = ORIENTED_EDGE ( 'NONE', *, *, #3498, .T. ) ;
#550 = FACE_OUTER_BOUND ( 'NONE', #4572, .T. ) ;
#551 = VECTOR ( 'NONE', #492, 1000.000000000000000 ) ;
#552 = ORIENTED_EDGE ( 'NONE', *, *, #4363, .F. ) ;
#553 = AXIS2_PLACEMENT_3D ( 'NONE', #5659, #2268, #5569 ) ;
#554 = DIRECTION ( 'NONE',  ( 0.000000000000000000, 0.000000000000000000, 1.000000000000000000 ) ) ;
#555 = DIRECTION ( 'NONE',  ( -0.000000000000000000, 0.000000000000000000, 1.000000000000000000 ) ) ;
#556 = ORIENTED_EDGE ( 'NONE', *, *, #4904, .F. ) ;
#557 = CARTESIAN_POINT ( 'NONE',  ( 0.000000000000000000, 0.000000000000000000, 3.000000000000000000 ) ) ;
#558 = VECTOR ( 'NONE', #1867, 1000.000000000000114 ) ;
#559 = ORIENTED_EDGE ( 'NONE', *, *, #4373, .T. ) ;
#560 = AXIS2_PLACEMENT_3D ( 'NONE', #6099, #4242, #2702 ) ;
#561 = EDGE_CURVE ( 'NONE', #5789, #2107, #4046, .T. ) ;
#562 = EDGE_CURVE ( 'NONE', #5877, #1104, #3609, .T. ) ;
#563 = DIRECTION ( 'NONE',  ( 0.5877852522924713607, 0.8090169943749487835, 0.000000000000000000 ) ) ;
#564 = AXIS2_PLACEMENT_3D ( 'NONE', #878, #4771, #2333 ) ;
#565 = DIRECTION ( 'NONE',  ( 0.000000000000000000, 0.000000000000000000, 1.000000000000000000 ) ) ;
#566 = EDGE_LOOP ( 'NONE', ( #5550, #770, #4191, #3572 ) ) ;
#567 = AXIS2_PLACEMENT_3D ( 'NONE', #886, #4210, #5245 ) ;
#568 = EDGE_LOOP ( 'NONE', ( #4057, #716 ) ) ;
#569 = CARTESIAN_POINT ( 'NONE',  ( -24.72746942367396272, -8.034441853748742091, 0.000000000000000000 ) ) ;
#570 = DIRECTION ( 'NONE',  ( 0.000000000000000000, -0.000000000000000000, 1.000000000000000000 ) ) ;
#571 = CARTESIAN_POINT ( 'NONE',  ( -19.72746942367396272, -8.034441853748742091, 3.000000000000000000 ) ) ;
#572 = DIRECTION ( 'NONE',  ( 1.000000000000000000, 0.000000000000000000, 0.000000000000000000 ) ) ;
#573 = ORIENTED_EDGE ( 'NONE', *, *, #1781, .F. ) ;
#574 = LINE ( 'NONE', #1043, #1874 ) ;
#575 = DIRECTION ( 'NONE',  ( 0.000000000000000000, -0.000000000000000000, 1.000000000000000000 ) ) ;
#576 = AXIS2_PLACEMENT_3D ( 'NONE', #2183, #3651, #4149 ) ;
#577 = AXIS2_PLACEMENT_3D ( 'NONE', #4819, #545, #3510 ) ;
#578 = LINE ( 'NONE', #5313, #957 ) ;
#579 = DIRECTION ( 'NONE',  ( 0.000000000000000000, 0.000000000000000000, 1.000000000000000000 ) ) ;
#580 = CARTESIAN_POINT ( 'NONE',  ( -30.07507892480349554, 23.19448341182204842, 3.000000000000000000 ) ) ;
#581 = EDGE_LOOP ( 'NONE', ( #3645, #5918, #1217, #1379 ) ) ;
#582 = DIRECTION ( 'NONE',  ( 1.000000000000000000, 0.000000000000000000, 0.000000000000000000 ) ) ;
#583 = ORIENTED_EDGE ( 'NONE', *, *, #4408, .F. ) ;
#584 = FACE_BOUND ( 'NONE', #1627, .T. ) ;
#585 = EDGE_LOOP ( 'NONE', ( #613, #3936, #5762, #1668 ) ) ;
#586 = LINE ( 'NONE', #112, #139 ) ;
#587 = DIRECTION ( 'NONE',  ( -0.000000000000000000, -0.000000000000000000, 1.000000000000000000 ) ) ;
#588 = ORIENTED_EDGE ( 'NONE', *, *, #5668, .F. ) ;
#589 = CARTESIAN_POINT ( 'NONE',  ( -38.60312425607723696, -12.54291540692518936, 3.000000000000000000 ) ) ;
#590 = DIRECTION ( 'NONE',  ( -0.8090169943749422332, -0.5877852522924802425, 0.000000000000000000 ) ) ;
#591 = CIRCLE ( 'NONE', #5671, 4.005000000000004334 ) ;
#592 = DIRECTION ( 'NONE',  ( 0.04344093826451269486, -0.9990559968703950355, -0.000000000000000000 ) ) ;
#593 = EDGE_CURVE ( 'NONE', #815, #1919, #2018, .T. ) ;
#594 = ORIENTED_EDGE ( 'NONE', *, *, #3081, .T. ) ;
#595 = VERTEX_POINT ( 'NONE', #3300 ) ;
#596 = EDGE_CURVE ( 'NONE', #68, #984, #1485, .T. ) ;
#597 = CARTESIAN_POINT ( 'NONE',  ( 1.815570296198429345E-13, -26.00000000000000000, 10.00000000000000000 ) ) ;
#598 = AXIS2_PLACEMENT_3D ( 'NONE', #2257, #5650, #2786 ) ;
#599 = VECTOR ( 'NONE', #4429, 999.9999999999998863 ) ;
#600 = CARTESIAN_POINT ( 'NONE',  ( -36.43168967376616507, 21.15043583100119307, 3.000000000000000000 ) ) ;
#601 = CARTESIAN_POINT ( 'NONE',  ( -39.96320686035490866, 3.955691804083529828, 3.000000000000000000 ) ) ;
#602 = CIRCLE ( 'NONE', #2493, 8.694264425220762149 ) ;
#603 = AXIS2_PLACEMENT_3D ( 'NONE', #3927, #469, #4863 ) ;
#604 = DIRECTION ( 'NONE',  ( -0.000000000000000000, -0.000000000000000000, 1.000000000000000000 ) ) ;
#605 = EDGE_CURVE ( 'NONE', #1982, #3658, #1423, .T. ) ;
#606 = ORIENTED_EDGE ( 'NONE', *, *, #4342, .T. ) ;
#607 = VECTOR ( 'NONE', #5099, 1000.000000000000000 ) ;
#608 = EDGE_CURVE ( 'NONE', #3529, #4088, #4104, .T. ) ;
#609 = DIRECTION ( 'NONE',  ( -0.000000000000000000, -0.000000000000000000, -1.000000000000000000 ) ) ;
#610 = EDGE_CURVE ( 'NONE', #276, #4274, #518, .T. ) ;
#611 = CARTESIAN_POINT ( 'NONE',  ( -31.05746264471080664, 29.14347463965808416, 0.000000000000000000 ) ) ;
#612 = CARTESIAN_POINT ( 'NONE',  ( -8.332926048929298446, 38.88526790231278341, 0.000000000000000000 ) ) ;
#613 = ORIENTED_EDGE ( 'NONE', *, *, #2776, .F. ) ;
#614 = EDGE_CURVE ( 'NONE', #5564, #3606, #4710, .T. ) ;
#615 = DIRECTION ( 'NONE',  ( 1.000000000000000000, 0.000000000000000000, 0.000000000000000000 ) ) ;
#616 = EDGE_CURVE ( 'NONE', #1928, #3132, #3792, .T. ) ;
#617 = CARTESIAN_POINT ( 'NONE',  ( 40.55653363200659101, -3.955691804083528940, 0.000000000000000000 ) ) ;
#618 = VERTEX_POINT ( 'NONE', #4767 ) ;
#619 = FACE_OUTER_BOUND ( 'NONE', #2922, .T. ) ;
#620 = ORIENTED_EDGE ( 'NONE', *, *, #1521, .T. ) ;
#621 = DIRECTION ( 'NONE',  ( -0.000000000000000000, -0.000000000000000000, -1.000000000000000000 ) ) ;
#622 = CIRCLE ( 'NONE', #3409, 8.694264425220762149 ) ;
#623 = ORIENTED_EDGE ( 'NONE', *, *, #1512, .F. ) ;
#624 = DIRECTION ( 'NONE',  ( -1.000000000000000000, 0.000000000000000000, 0.000000000000000000 ) ) ;
#625 = DIRECTION ( 'NONE',  ( 1.000000000000000000, 0.000000000000000000, 0.000000000000000000 ) ) ;
#626 = VERTEX_POINT ( 'NONE', #3731 ) ;
#627 = CARTESIAN_POINT ( 'NONE',  ( 41.77658695461929739, 8.284013666281188293, 0.000000000000000000 ) ) ;
#628 = CARTESIAN_POINT ( 'NONE',  ( -32.71548983060392146, 24.09804858293307817, 0.000000000000000000 ) ) ;
#629 = DIRECTION ( 'NONE',  ( -0.000000000000000000, -0.000000000000000000, -1.000000000000000000 ) ) ;
#630 = EDGE_LOOP ( 'NONE', ( #2695, #4092 ) ) ;
#631 = VECTOR ( 'NONE', #2774, 1000.000000000000114 ) ;
#632 = ORIENTED_EDGE ( 'NONE', *, *, #1148, .F. ) ;
#633 = DIRECTION ( 'NONE',  ( 0.000000000000000000, 0.000000000000000000, 1.000000000000000000 ) ) ;
#634 = VECTOR ( 'NONE', #1699, 999.9999999999998863 ) ;
#635 = LINE ( 'NONE', #5373, #4685 ) ;
#636 = FACE_OUTER_BOUND ( 'NONE', #4024, .T. ) ;
#637 = ORIENTED_EDGE ( 'NONE', *, *, #3160, .F. ) ;
#638 = DIRECTION ( 'NONE',  ( -0.000000000000000000, -0.000000000000000000, -1.000000000000000000 ) ) ;
#639 = EDGE_LOOP ( 'NONE', ( #1670, #2112, #1628, #3504 ) ) ;
#640 = CYLINDRICAL_SURFACE ( 'NONE', #5331, 1.500000000000000444 ) ;
#641 = EDGE_CURVE ( 'NONE', #4740, #4766, #418, .T. ) ;
#642 = EDGE_CURVE ( 'NONE', #1451, #4811, #1229, .T. ) ;
#643 = DIRECTION ( 'NONE',  ( -0.000000000000000000, -0.000000000000000000, 1.000000000000000000 ) ) ;
#644 = DIRECTION ( 'NONE',  ( 0.07835537069497786056, 0.9969254916408009093, -0.000000000000000000 ) ) ;
#645 = CARTESIAN_POINT ( 'NONE',  ( 18.82542399532818678, -23.05184290672118763, 3.000000000000000000 ) ) ;
#646 = ORIENTED_EDGE ( 'NONE', *, *, #3987, .F. ) ;
#647 = CARTESIAN_POINT ( 'NONE',  ( 0.000000000000000000, 0.000000000000000000, 0.000000000000000000 ) ) ;
#648 = CIRCLE ( 'NONE', #1543, 4.005000000000003446 ) ;
#649 = ORIENTED_EDGE ( 'NONE', *, *, #4178, .T. ) ;
#650 = LINE ( 'NONE', #2559, #3943 ) ;
#651 = EDGE_LOOP ( 'NONE', ( #442, #3584, #1734, #3819 ) ) ;
#652 = DIRECTION ( 'NONE',  ( 1.000000000000000000, 0.000000000000000000, 0.000000000000000000 ) ) ;
#653 = CARTESIAN_POINT ( 'NONE',  ( 10.74610906459619564, -27.75437244781078405, 3.000000000000000000 ) ) ;
#654 = VECTOR ( 'NONE', #5719, 1000.000000000000000 ) ;
#655 = VERTEX_POINT ( 'NONE', #2829 ) ;
#656 = CYLINDRICAL_SURFACE ( 'NONE', #2510, 8.694264425220762149 ) ;
#657 = VECTOR ( 'NONE', #4473, 1000.000000000000000 ) ;
#658 = AXIS2_PLACEMENT_3D ( 'NONE', #2945, #4842, #5774 ) ;
#659 = AXIS2_PLACEMENT_3D ( 'NONE', #3365, #5254, #989 ) ;
#660 = LINE ( 'NONE', #4423, #448 ) ;
#661 = AXIS2_PLACEMENT_3D ( 'NONE', #3283, #4236, #2841 ) ;
#662 = DIRECTION ( 'NONE',  ( 0.000000000000000000, 0.000000000000000000, -1.000000000000000000 ) ) ;
#663 = VERTEX_POINT ( 'NONE', #1953 ) ;
#664 = AXIS2_PLACEMENT_3D ( 'NONE', #6121, #1293, #5561 ) ;
#665 = ORIENTED_EDGE ( 'NONE', *, *, #4099, .T. ) ;
#666 = CIRCLE ( 'NONE', #6039, 4.005000000000006111 ) ;
#667 = AXIS2_PLACEMENT_3D ( 'NONE', #2061, #4860, #5797 ) ;
#668 = DIRECTION ( 'NONE',  ( 0.2681799817562967592, 0.9633688272853716539, -0.000000000000000000 ) ) ;
#669 = AXIS2_PLACEMENT_3D ( 'NONE', #2904, #4203, #5612 ) ;
#670 = DIRECTION ( 'NONE',  ( -0.000000000000000000, -0.000000000000000000, 1.000000000000000000 ) ) ;
#671 = AXIS2_PLACEMENT_3D ( 'NONE', #2672, #1232, #3133 ) ;
#672 = CYLINDRICAL_SURFACE ( 'NONE', #5973, 8.694264425220771031 ) ;
#673 = EDGE_LOOP ( 'NONE', ( #5984, #241, #4817, #39 ) ) ;
#674 = ORIENTED_EDGE ( 'NONE', *, *, #5362, .F. ) ;
#675 = ORIENTED_EDGE ( 'NONE', *, *, #45, .T. ) ;
#676 = DIRECTION ( 'NONE',  ( 1.000000000000000000, 0.000000000000000000, 0.000000000000000000 ) ) ;
#677 = CARTESIAN_POINT ( 'NONE',  ( 0.000000000000000000, 0.000000000000000000, 0.000000000000000000 ) ) ;
#678 = DIRECTION ( 'NONE',  ( -0.8090169943749507819, 0.5877852522924685852, 0.000000000000000000 ) ) ;
#679 = ORIENTED_EDGE ( 'NONE', *, *, #5008, .T. ) ;
#680 = EDGE_CURVE ( 'NONE', #2371, #5651, #5999, .T. ) ;
#681 = EDGE_CURVE ( 'NONE', #4111, #3626, #1184, .T. ) ;
#682 = CARTESIAN_POINT ( 'NONE',  ( 0.000000000000000000, 25.99999999999999645, 10.00000000000000000 ) ) ;
#683 = EDGE_CURVE ( 'NONE', #1915, #5746, #4289, .T. ) ;
#684 = AXIS2_PLACEMENT_3D ( 'NONE', #4222, #454, #2364 ) ;
#685 = DIRECTION ( 'NONE',  ( 1.000000000000000000, 0.000000000000000000, 0.000000000000000000 ) ) ;
#686 = EDGE_LOOP ( 'NONE', ( #3991, #1071, #2517, #1306 ) ) ;
#687 = LINE ( 'NONE', #1958, #5922 ) ;
#688 = ORIENTED_EDGE ( 'NONE', *, *, #4970, .T. ) ;
#689 = ORIENTED_EDGE ( 'NONE', *, *, #3159, .T. ) ;
#690 = EDGE_CURVE ( 'NONE', #3626, #2454, #5722, .T. ) ;
#691 = FACE_OUTER_BOUND ( 'NONE', #3480, .T. ) ;
#692 = EDGE_CURVE ( 'NONE', #2132, #5003, #3764, .T. ) ;
#693 = DIRECTION ( 'NONE',  ( 0.000000000000000000, 0.000000000000000000, 1.000000000000000000 ) ) ;
#694 = CARTESIAN_POINT ( 'NONE',  ( 41.89950047026291458, 4.279516735260113336, 0.000000000000000000 ) ) ;
#695 = FACE_BOUND ( 'NONE', #3830, .T. ) ;
#696 = ORIENTED_EDGE ( 'NONE', *, *, #5050, .T. ) ;
#697 = ORIENTED_EDGE ( 'NONE', *, *, #262, .F. ) ;
#698 = CIRCLE ( 'NONE', #3477, 4.005000000000003446 ) ;
#699 = AXIS2_PLACEMENT_3D ( 'NONE', #2915, #4810, #4843 ) ;
#700 = CYLINDRICAL_SURFACE ( 'NONE', #3690, 42.59000000000001052 ) ;
#701 = LINE ( 'NONE', #4470, #4375 ) ;
#702 = ORIENTED_EDGE ( 'NONE', *, *, #5936, .F. ) ;
#703 = AXIS2_PLACEMENT_3D ( 'NONE', #125, #2539, #2406 ) ;
#704 = VECTOR ( 'NONE', #2230, 1000.000000000000000 ) ;
#705 =( LENGTH_UNIT ( ) NAMED_UNIT ( * ) SI_UNIT ( .MILLI., .METRE. ) );
#706 = AXIS2_PLACEMENT_3D ( 'NONE', #5399, #2572, #1134 ) ;
#707 = AXIS2_PLACEMENT_3D ( 'NONE', #5772, #3411, #1039 ) ;
#708 = CARTESIAN_POINT ( 'NONE',  ( 21.33342257751116122, 36.31792455201504310, 0.000000000000000000 ) ) ;
#709 = CARTESIAN_POINT ( 'NONE',  ( 3.999999999999949818, -9.526279441628858535, 3.000000000000000000 ) ) ;
#710 = VERTEX_POINT ( 'NONE', #5756 ) ;
#711 = DIRECTION ( 'NONE',  ( -0.000000000000000000, -0.000000000000000000, 1.000000000000000000 ) ) ;
#712 = EDGE_LOOP ( 'NONE', ( #4854, #5639 ) ) ;
#713 = DIRECTION ( 'NONE',  ( 1.000000000000000000, 0.000000000000000000, 0.000000000000000000 ) ) ;
#714 = DIRECTION ( 'NONE',  ( -0.000000000000000000, -0.000000000000000000, 1.000000000000000000 ) ) ;
#715 = EDGE_CURVE ( 'NONE', #3044, #3705, #2273, .T. ) ;
#716 = ORIENTED_EDGE ( 'NONE', *, *, #4484, .T. ) ;
#717 = ORIENTED_EDGE ( 'NONE', *, *, #5783, .T. ) ;
#718 = DIRECTION ( 'NONE',  ( -0.000000000000000000, -0.000000000000000000, -1.000000000000000000 ) ) ;
#719 = CARTESIAN_POINT ( 'NONE',  ( 4.665144956892894434, -41.86101464414971218, 0.000000000000000000 ) ) ;
#720 = CIRCLE ( 'NONE', #409, 4.005000000000001670 ) ;
#721 = EDGE_CURVE ( 'NONE', #5886, #1251, #1672, .T. ) ;
#722 = CARTESIAN_POINT ( 'NONE',  ( 33.56711641893076603, -14.72062927234284935, 3.000000000000000000 ) ) ;
#723 = EDGE_CURVE ( 'NONE', #3529, #1073, #3270, .T. ) ;
#724 = FACE_BOUND ( 'NONE', #5953, .T. ) ;
#725 = ORIENTED_EDGE ( 'NONE', *, *, #2856, .T. ) ;
#726 = VERTEX_POINT ( 'NONE', #388 ) ;
#727 = ORIENTED_EDGE ( 'NONE', *, *, #614, .T. ) ;
#728 = CARTESIAN_POINT ( 'NONE',  ( -32.71548983060356619, -24.09804858293355778, 0.000000000000000000 ) ) ;
#729 = DIRECTION ( 'NONE',  ( 0.000000000000000000, 0.000000000000000000, 1.000000000000000000 ) ) ;
#730 = VERTEX_POINT ( 'NONE', #898 ) ;
#731 = ORIENTED_EDGE ( 'NONE', *, *, #4032, .T. ) ;
#732 = CARTESIAN_POINT ( 'NONE',  ( -37.29628450232696935, 20.56441738346812187, 0.000000000000000000 ) ) ;
#733 = LINE ( 'NONE', #4061, #3054 ) ;
#734 = ORIENTED_EDGE ( 'NONE', *, *, #4904, .T. ) ;
#735 = DIRECTION ( 'NONE',  ( -0.000000000000000000, -0.000000000000000000, -1.000000000000000000 ) ) ;
#736 = ORIENTED_EDGE ( 'NONE', *, *, #4762, .T. ) ;
#737 = DIRECTION ( 'NONE',  ( 0.5877852522924711387, 0.8090169943749488946, 0.000000000000000000 ) ) ;
#738 = CARTESIAN_POINT ( 'NONE',  ( -36.18304898080721443, -21.08415842533863938, 0.000000000000000000 ) ) ;
#739 = CYLINDRICAL_SURFACE ( 'NONE', #5115, 8.694264425220762149 ) ;
#740 = ORIENTED_EDGE ( 'NONE', *, *, #5092, .F. ) ;
#741 = ORIENTED_EDGE ( 'NONE', *, *, #950, .T. ) ;
#742 = CARTESIAN_POINT ( 'NONE',  ( 38.40817702442034687, -16.83113193255801221, 3.000000000000000000 ) ) ;
#743 = CARTESIAN_POINT ( 'NONE',  ( 0.3883374136555626244, -40.87187053907685907, 0.000000000000000000 ) ) ;
#744 = ORIENTED_EDGE ( 'NONE', *, *, #2636, .T. ) ;
#745 = DIRECTION ( 'NONE',  ( -0.000000000000000000, -0.000000000000000000, 1.000000000000000000 ) ) ;
#746 = CIRCLE ( 'NONE', #1736, 4.005000000000004334 ) ;
#747 = FACE_BOUND ( 'NONE', #4507, .T. ) ;
#748 = ORIENTED_EDGE ( 'NONE', *, *, #1065, .F. ) ;
#749 = CARTESIAN_POINT ( 'NONE',  ( 0.3883374136549826994, 40.87187053907685197, 0.000000000000000000 ) ) ;
#750 = ORIENTED_EDGE ( 'NONE', *, *, #5865, .F. ) ;
#751 = EDGE_CURVE ( 'NONE', #5807, #2616, #4797, .T. ) ;
#752 = EDGE_CURVE ( 'NONE', #4998, #1920, #5955, .T. ) ;
#753 = CARTESIAN_POINT ( 'NONE',  ( 0.000000000000000000, 0.000000000000000000, 0.000000000000000000 ) ) ;
#754 = AXIS2_PLACEMENT_3D ( 'NONE', #4075, #1192, #5455 ) ;
#755 = CIRCLE ( 'NONE', #3939, 8.694264425220769255 ) ;
#756 = CARTESIAN_POINT ( 'NONE',  ( 9.078724974186879848, 41.13148167792090248, 0.000000000000000000 ) ) ;
#757 = ORIENTED_EDGE ( 'NONE', *, *, #641, .F. ) ;
#758 = EDGE_CURVE ( 'NONE', #3900, #1710, #5352, .T. ) ;
#759 = CARTESIAN_POINT ( 'NONE',  ( -40.58972689284099999, -6.071532165918824830E-15, 0.000000000000000000 ) ) ;
#760 = AXIS2_PLACEMENT_3D ( 'NONE', #4454, #3890, #1489 ) ;
#761 = LINE ( 'NONE', #1611, #1348 ) ;
#762 = ORIENTED_EDGE ( 'NONE', *, *, #480, .F. ) ;
#763 = DIRECTION ( 'NONE',  ( 1.000000000000000000, 0.000000000000000000, 0.000000000000000000 ) ) ;
#764 = ORIENTED_EDGE ( 'NONE', *, *, #1744, .T. ) ;
#765 = CARTESIAN_POINT ( 'NONE',  ( 10.99999999999999289, 5.591782424845139381E-15, 3.000000000000000000 ) ) ;
#766 = VECTOR ( 'NONE', #3406, 1000.000000000000000 ) ;
#767 = DIRECTION ( 'NONE',  ( 0.000000000000000000, 0.000000000000000000, 1.000000000000000000 ) ) ;
#768 = CARTESIAN_POINT ( 'NONE',  ( 5.499999999999950262, -9.526279441628858535, -5.450000000000000178 ) ) ;
#769 = EDGE_LOOP ( 'NONE', ( #1448, #2207, #6139, #3106 ) ) ;
#770 = ORIENTED_EDGE ( 'NONE', *, *, #6129, .F. ) ;
#771 = LINE ( 'NONE', #4573, #4376 ) ;
#772 = DIRECTION ( 'NONE',  ( 0.000000000000000000, 0.000000000000000000, 1.000000000000000000 ) ) ;
#773 = ORIENTED_EDGE ( 'NONE', *, *, #4755, .T. ) ;
#774 = ORIENTED_EDGE ( 'NONE', *, *, #2504, .F. ) ;
#775 = CARTESIAN_POINT ( 'NONE',  ( -37.29628450232696935, 20.56441738346812187, 0.000000000000000000 ) ) ;
#776 = CARTESIAN_POINT ( 'NONE',  ( -38.44546517343238889, -18.32632826286809902, 3.000000000000000000 ) ) ;
#777 = DIRECTION ( 'NONE',  ( 0.000000000000000000, 0.000000000000000000, 1.000000000000000000 ) ) ;
#778 = ORIENTED_EDGE ( 'NONE', *, *, #2817, .F. ) ;
#779 = LINE ( 'NONE', #1316, #2677 ) ;
#780 = ORIENTED_EDGE ( 'NONE', *, *, #681, .T. ) ;
#781 = LINE ( 'NONE', #6024, #3882 ) ;
#782 = EDGE_CURVE ( 'NONE', #5045, #2723, #2775, .T. ) ;
#783 = CARTESIAN_POINT ( 'NONE',  ( 0.000000000000000000, 0.000000000000000000, 3.000000000000000000 ) ) ;
#784 = ORIENTED_EDGE ( 'NONE', *, *, #5860, .T. ) ;
#785 = VECTOR ( 'NONE', #6172, 1000.000000000000000 ) ;
#786 = PRESENTATION_STYLE_ASSIGNMENT (( #3169 ) ) ;
#787 = ORIENTED_EDGE ( 'NONE', *, *, #3723, .F. ) ;
#788 = EDGE_CURVE ( 'NONE', #5687, #5450, #3481, .T. ) ;
#789 = PLANE ( 'NONE',  #2444 ) ;
#790 = ADVANCED_FACE ( 'NONE', ( #5887 ), #3975, .F. ) ;
#791 = ORIENTED_EDGE ( 'NONE', *, *, #1215, .T. ) ;
#792 = AXIS2_PLACEMENT_3D ( 'NONE', #1763, #4694, #5563 ) ;
#793 = DIRECTION ( 'NONE',  ( 0.000000000000000000, -0.000000000000000000, -1.000000000000000000 ) ) ;
#794 = EDGE_CURVE ( 'NONE', #5319, #2950, #5151, .T. ) ;
#795 = ORIENTED_EDGE ( 'NONE', *, *, #987, .F. ) ;
#796 = ORIENTED_EDGE ( 'NONE', *, *, #176, .F. ) ;
#797 = DIRECTION ( 'NONE',  ( 1.000000000000000000, 0.000000000000000000, 0.000000000000000000 ) ) ;
#798 = AXIS2_PLACEMENT_3D ( 'NONE', #5342, #638, #1078 ) ;
#799 = VECTOR ( 'NONE', #4606, 1000.000000000000000 ) ;
#800 = AXIS2_PLACEMENT_3D ( 'NONE', #2003, #242, #4307 ) ;
#801 = DIRECTION ( 'NONE',  ( 1.000000000000000000, 0.000000000000000000, 0.000000000000000000 ) ) ;
#802 = CARTESIAN_POINT ( 'NONE',  ( -28.83146179316142010, -31.34732701315175873, 0.000000000000000000 ) ) ;
#803 = CARTESIAN_POINT ( 'NONE',  ( -3.999999999999942712, 9.526279441628854983, 3.000000000000000000 ) ) ;
#804 = ORIENTED_EDGE ( 'NONE', *, *, #828, .F. ) ;
#805 = AXIS2_PLACEMENT_3D ( 'NONE', #4229, #2807, #6142 ) ;
#806 = AXIS2_PLACEMENT_3D ( 'NONE', #4110, #4677, #1813 ) ;
#807 = VERTEX_POINT ( 'NONE', #1151 ) ;
#808 = CARTESIAN_POINT ( 'NONE',  ( -36.27664572895636752, -10.30874052307497557, 3.000000000000000000 ) ) ;
#809 = ORIENTED_EDGE ( 'NONE', *, *, #2851, .F. ) ;
#810 = CARTESIAN_POINT ( 'NONE',  ( -40.94573803496157893, -8.778039249333795979, 3.000000000000000000 ) ) ;
#811 = ORIENTED_EDGE ( 'NONE', *, *, #2865, .T. ) ;
#812 = CARTESIAN_POINT ( 'NONE',  ( -34.58360451648707823, -12.63458943475473362, 0.000000000000000000 ) ) ;
#813 = CARTESIAN_POINT ( 'NONE',  ( 7.806255641895631925E-15, -11.00000000000000000, -7.000000000000000000 ) ) ;
#814 = CYLINDRICAL_SURFACE ( 'NONE', #3492, 5.000000000000000888 ) ;
#815 = VERTEX_POINT ( 'NONE', #4481 ) ;
#816 = FACE_OUTER_BOUND ( 'NONE', #4679, .T. ) ;
#817 = VERTEX_POINT ( 'NONE', #5788 ) ;
#818 = CARTESIAN_POINT ( 'NONE',  ( -39.21512454897323607, -8.678897630671206898, 3.000000000000000000 ) ) ;
#819 = LINE ( 'NONE', #847, #3881 ) ;
#820 = ORIENTED_EDGE ( 'NONE', *, *, #752, .F. ) ;
#821 = CARTESIAN_POINT ( 'NONE',  ( -3.659028418257547877, -40.25987024618076049, 0.000000000000000000 ) ) ;
#822 = CARTESIAN_POINT ( 'NONE',  ( -9.526279441628833666, 5.499999999999986677, 3.000000000000000000 ) ) ;
#823 = ORIENTED_EDGE ( 'NONE', *, *, #522, .F. ) ;
#824 = DIRECTION ( 'NONE',  ( -0.2733476364488821586, 0.9619153131371855903, -0.000000000000000000 ) ) ;
#825 = ORIENTED_EDGE ( 'NONE', *, *, #3277, .F. ) ;
#826 = CARTESIAN_POINT ( 'NONE',  ( -19.72746942367396272, -8.034441853748742091, 0.000000000000000000 ) ) ;
#827 = EDGE_CURVE ( 'NONE', #2301, #4989, #4959, .T. ) ;
#828 = EDGE_CURVE ( 'NONE', #5877, #353, #5415, .T. ) ;
#829 = DIRECTION ( 'NONE',  ( -0.000000000000000000, -0.000000000000000000, 1.000000000000000000 ) ) ;
#830 = AXIS2_PLACEMENT_3D ( 'NONE', #682, #2113, #66 ) ;
#831 = PLANE ( 'NONE',  #1453 ) ;
#832 = CARTESIAN_POINT ( 'NONE',  ( 12.12627944162882088, 5.500000000000009770, -5.450000000000000178 ) ) ;
#833 = VERTEX_POINT ( 'NONE', #5389 ) ;
#834 = CARTESIAN_POINT ( 'NONE',  ( 15.28241655960448675, -21.03444185374849695, 10.00000000000000000 ) ) ;
#835 = DIRECTION ( 'NONE',  ( 0.000000000000000000, 0.000000000000000000, 1.000000000000000000 ) ) ;
#836 = EDGE_CURVE ( 'NONE', #3184, #3628, #1722, .T. ) ;
#837 = ORIENTED_EDGE ( 'NONE', *, *, #1408, .T. ) ;
#838 = PLANE ( 'NONE',  #1849 ) ;
#839 = CARTESIAN_POINT ( 'NONE',  ( -23.80138519710759937, -33.01215321642951039, 0.000000000000000000 ) ) ;
#840 = CARTESIAN_POINT ( 'NONE',  ( -5.032257205299954350, 42.29165978558547323, 3.000000000000000000 ) ) ;
#841 = ORIENTED_EDGE ( 'NONE', *, *, #3655, .T. ) ;
#842 = DIRECTION ( 'NONE',  ( -0.8090169943749181414, -0.5877852522925132162, 0.000000000000000000 ) ) ;
#843 = VERTEX_POINT ( 'NONE', #4917 ) ;
#844 = EDGE_CURVE ( 'NONE', #2149, #1309, #6001, .T. ) ;
#845 = AXIS2_PLACEMENT_3D ( 'NONE', #1491, #1985, #5320 ) ;
#846 = CARTESIAN_POINT ( 'NONE',  ( 33.41658588540802555, 23.94971689001995330, 0.000000000000000000 ) ) ;
#847 = CARTESIAN_POINT ( 'NONE',  ( -39.21512454897323607, -8.678897630671206898, 0.000000000000000000 ) ) ;
#848 = ORIENTED_EDGE ( 'NONE', *, *, #2975, .F. ) ;
#849 = VECTOR ( 'NONE', #3944, 1000.000000000000114 ) ;
#850 = LINE ( 'NONE', #408, #6146 ) ;
#851 = CIRCLE ( 'NONE', #2145, 42.59000000000001052 ) ;
#852 = VECTOR ( 'NONE', #4029, 1000.000000000000000 ) ;
#853 = DIRECTION ( 'NONE',  ( 0.000000000000000000, 0.000000000000000000, 1.000000000000000000 ) ) ;
#854 = ORIENTED_EDGE ( 'NONE', *, *, #2324, .T. ) ;
#855 = ADVANCED_FACE ( 'NONE', ( #5317 ), #4450, .F. ) ;
#856 = LINE ( 'NONE', #412, #383 ) ;
#857 = ADVANCED_FACE ( 'NONE', ( #4382 ), #3424, .F. ) ;
#858 = AXIS2_PLACEMENT_3D ( 'NONE', #4577, #3096, #3151 ) ;
#859 = ORIENTED_EDGE ( 'NONE', *, *, #366, .T. ) ;
#860 = ORIENTED_EDGE ( 'NONE', *, *, #4285, .F. ) ;
#861 = VECTOR ( 'NONE', #21, 1000.000000000000000 ) ;
#862 = CARTESIAN_POINT ( 'NONE',  ( 4.597221758081748710, 41.66633502243079334, 0.000000000000000000 ) ) ;
#863 = DIRECTION ( 'NONE',  ( 0.9995171565973575145, -0.03107175031332458717, 0.000000000000000000 ) ) ;
#864 = CARTESIAN_POINT ( 'NONE',  ( 37.36369933668176913, 16.20307056412941904, 0.000000000000000000 ) ) ;
#865 = AXIS2_PLACEMENT_3D ( 'NONE', #85, #2500, #2464 ) ;
#866 = CARTESIAN_POINT ( 'NONE',  ( 10.99999999999999289, 5.591782424845139381E-15, -7.000000000000000000 ) ) ;
#867 = EDGE_CURVE ( 'NONE', #77, #5754, #1923, .T. ) ;
#868 = EDGE_LOOP ( 'NONE', ( #5702, #18, #4135, #3175 ) ) ;
#869 = ORIENTED_EDGE ( 'NONE', *, *, #690, .F. ) ;
#870 = CARTESIAN_POINT ( 'NONE',  ( -32.82325911375652083, -23.94971689001971882, 0.000000000000000000 ) ) ;
#871 = DIRECTION ( 'NONE',  ( 1.000000000000000000, 0.000000000000000000, 0.000000000000000000 ) ) ;
#872 = EDGE_LOOP ( 'NONE', ( #4757, #1503, #1714, #5418 ) ) ;
#873 = ORIENTED_EDGE ( 'NONE', *, *, #4524, .F. ) ;
#874 = DIRECTION ( 'NONE',  ( -0.000000000000000000, 0.000000000000000000, -1.000000000000000000 ) ) ;
#875 = DIRECTION ( 'NONE',  ( -0.000000000000000000, -0.000000000000000000, 1.000000000000000000 ) ) ;
#876 = ADVANCED_FACE ( 'NONE', ( #4946 ), #4853, .F. ) ;
#877 = EDGE_CURVE ( 'NONE', #2044, #3100, #2586, .T. ) ;
#878 = CARTESIAN_POINT ( 'NONE',  ( 0.000000000000000000, 0.000000000000000000, 3.000000000000000000 ) ) ;
#879 = FACE_OUTER_BOUND ( 'NONE', #3782, .T. ) ;
#880 = ORIENTED_EDGE ( 'NONE', *, *, #3725, .F. ) ;
#881 = CARTESIAN_POINT ( 'NONE',  ( 8.975561016497188405, -39.51178793479904527, 3.000000000000000000 ) ) ;
#882 = LINE ( 'NONE', #4774, #5633 ) ;
#883 = CARTESIAN_POINT ( 'NONE',  ( -41.84453985814432997, 7.933636244507994206, 0.000000000000000000 ) ) ;
#884 = ORIENTED_EDGE ( 'NONE', *, *, #4636, .T. ) ;
#885 = ORIENTED_EDGE ( 'NONE', *, *, #5128, .T. ) ;
#886 = CARTESIAN_POINT ( 'NONE',  ( 9.526279441628821232, 5.500000000000009770, -7.000000000000000000 ) ) ;
#887 = CARTESIAN_POINT ( 'NONE',  ( -42.23646744650214657, -5.476213805227546416, 0.000000000000000000 ) ) ;
#888 = ORIENTED_EDGE ( 'NONE', *, *, #3324, .F. ) ;
#889 = CARTESIAN_POINT ( 'NONE',  ( 15.28241655960448675, -21.03444185374849695, 0.000000000000000000 ) ) ;
#890 = ADVANCED_FACE ( 'NONE', ( #5912 ), #1639, .F. ) ;
#891 = ORIENTED_EDGE ( 'NONE', *, *, #1474, .T. ) ;
#892 = CARTESIAN_POINT ( 'NONE',  ( 33.41658588540837371, -23.94971689001946658, 0.000000000000000000 ) ) ;
#893 = AXIS2_PLACEMENT_3D ( 'NONE', #1726, #5968, #3508 ) ;
#894 = DIRECTION ( 'NONE',  ( 0.3090169943749447867, 0.9510565162951543083, 0.000000000000000000 ) ) ;
#895 = CARTESIAN_POINT ( 'NONE',  ( 0.000000000000000000, 25.99999999999999645, 3.000000000000000000 ) ) ;
#896 = ORIENTED_EDGE ( 'NONE', *, *, #1397, .F. ) ;
#897 = CARTESIAN_POINT ( 'NONE',  ( 5.337150639699440369, 42.25426514624478358, 3.000000000000000000 ) ) ;
#898 = CARTESIAN_POINT ( 'NONE',  ( 17.21325967034674420, 38.23122844270245224, 0.000000000000000000 ) ) ;
#899 = AXIS2_PLACEMENT_3D ( 'NONE', #1970, #1913, #572 ) ;
#900 = AXIS2_PLACEMENT_3D ( 'NONE', #341, #3588, #1259 ) ;
#901 = ORIENTED_EDGE ( 'NONE', *, *, #782, .F. ) ;
#902 = FACE_OUTER_BOUND ( 'NONE', #5414, .T. ) ;
#903 = CIRCLE ( 'NONE', #805, 8.694264425220762149 ) ;
#904 = VECTOR ( 'NONE', #2096, 1000.000000000000000 ) ;
#905 = CARTESIAN_POINT ( 'NONE',  ( 39.19645102772892642, 12.54291540692518936, 0.000000000000000000 ) ) ;
#906 = CIRCLE ( 'NONE', #1011, 2.000000000000000000 ) ;
#907 = DIRECTION ( 'NONE',  ( 1.000000000000000000, 0.000000000000000000, 0.000000000000000000 ) ) ;
#908 = DIRECTION ( 'NONE',  ( -0.000000000000000000, -0.000000000000000000, -1.000000000000000000 ) ) ;
#909 = ORIENTED_EDGE ( 'NONE', *, *, #788, .T. ) ;
#910 = CARTESIAN_POINT ( 'NONE',  ( -20.16727271007438560, -34.89601652554507183, 0.000000000000000000 ) ) ;
#911 = EDGE_CURVE ( 'NONE', #237, #1683, #4414, .T. ) ;
#912 = ADVANCED_FACE ( 'NONE', ( #619 ), #3176, .F. ) ;
#913 = DIRECTION ( 'NONE',  ( -1.000000000000000000, 0.000000000000000000, 0.000000000000000000 ) ) ;
#914 = EDGE_CURVE ( 'NONE', #3135, #3466, #3615, .T. ) ;
#915 = LINE ( 'NONE', #6025, #1794 ) ;
#916 = EDGE_LOOP ( 'NONE', ( #3268, #5963 ) ) ;
#917 = DIRECTION ( 'NONE',  ( 0.3090169943749581649, -0.9510565162951500895, 0.000000000000000000 ) ) ;
#918 = VECTOR ( 'NONE', #2337, 1000.000000000000000 ) ;
#919 = DIRECTION ( 'NONE',  ( 0.9987894080279211551, -0.04919063336891354998, -0.000000000000000000 ) ) ;
#920 = DIRECTION ( 'NONE',  ( 0.000000000000000000, 0.000000000000000000, 1.000000000000000000 ) ) ;
#921 = ORIENTED_EDGE ( 'NONE', *, *, #3168, .F. ) ;
#922 = VERTEX_POINT ( 'NONE', #826 ) ;
#923 = CARTESIAN_POINT ( 'NONE',  ( 0.000000000000000000, 0.000000000000000000, 3.000000000000000000 ) ) ;
#924 = CARTESIAN_POINT ( 'NONE',  ( 37.36369933668201782, -16.20307056412887903, 3.000000000000000000 ) ) ;
#925 = DIRECTION ( 'NONE',  ( -0.000000000000000000, -0.000000000000000000, -1.000000000000000000 ) ) ;
#926 = VECTOR ( 'NONE', #1244, 1000.000000000000000 ) ;
#927 = ORIENTED_EDGE ( 'NONE', *, *, #4561, .T. ) ;
#928 = DIRECTION ( 'NONE',  ( -0.7745362051883720733, -0.6325295778478632336, 0.000000000000000000 ) ) ;
#929 = CARTESIAN_POINT ( 'NONE',  ( 28.29322929044624857, -31.19974681738951716, 0.000000000000000000 ) ) ;
#930 = CIRCLE ( 'NONE', #322, 2.000000000000000000 ) ;
#931 = ORIENTED_EDGE ( 'NONE', *, *, #2126, .T. ) ;
#932 = DIRECTION ( 'NONE',  ( -0.000000000000000000, -0.000000000000000000, -1.000000000000000000 ) ) ;
#933 = LINE ( 'NONE', #1400, #2552 ) ;
#934 = CARTESIAN_POINT ( 'NONE',  ( 12.83957879275116731, -38.89978764190303906, 0.000000000000000000 ) ) ;
#935 = LINE ( 'NONE', #5315, #785 ) ;
#936 = VERTEX_POINT ( 'NONE', #4036 ) ;
#937 = DIRECTION ( 'NONE',  ( -1.000000000000000000, 0.000000000000000000, 0.000000000000000000 ) ) ;
#938 = CARTESIAN_POINT ( 'NONE',  ( -38.21857202264962439, 17.13203161488412718, 0.000000000000000000 ) ) ;
#939 = AXIS2_PLACEMENT_3D ( 'NONE', #1001, #2907, #4803 ) ;
#940 = DIRECTION ( 'NONE',  ( -0.000000000000000000, -0.000000000000000000, 1.000000000000000000 ) ) ;
#941 = EDGE_CURVE ( 'NONE', #2485, #5403, #930, .T. ) ;
#942 = EDGE_LOOP ( 'NONE', ( #748, #2123, #158, #3384 ) ) ;
#943 = EDGE_CURVE ( 'NONE', #2194, #2927, #5470, .T. ) ;
#944 = EDGE_CURVE ( 'NONE', #419, #5157, #4410, .T. ) ;
#945 = AXIS2_PLACEMENT_3D ( 'NONE', #2827, #2269, #1889 ) ;
#946 = CARTESIAN_POINT ( 'NONE',  ( -7.000000000000000000, 0.000000000000000000, -5.450000000000000178 ) ) ;
#947 = CYLINDRICAL_SURFACE ( 'NONE', #1657, 1.500000000000000444 ) ;
#948 = AXIS2_PLACEMENT_3D ( 'NONE', #64, #2041, #5314 ) ;
#949 = CARTESIAN_POINT ( 'NONE',  ( 5.569638057863635083, -42.22424933500177247, 3.000000000000000000 ) ) ;
#950 = EDGE_CURVE ( 'NONE', #5014, #3320, #4913, .T. ) ;
#951 = EDGE_LOOP ( 'NONE', ( #1017, #896, #4471, #525 ) ) ;
#952 = EDGE_CURVE ( 'NONE', #4721, #2681, #5706, .T. ) ;
#953 = EDGE_LOOP ( 'NONE', ( #2206, #5765 ) ) ;
#954 = ORIENTED_EDGE ( 'NONE', *, *, #3909, .F. ) ;
#955 = FACE_BOUND ( 'NONE', #2715, .T. ) ;
#956 = VECTOR ( 'NONE', #2228, 1000.000000000000000 ) ;
#957 = VECTOR ( 'NONE', #1083, 1000.000000000000000 ) ;
#958 = DIRECTION ( 'NONE',  ( 0.000000000000000000, 0.000000000000000000, 1.000000000000000000 ) ) ;
#959 = ADVANCED_FACE ( 'NONE', ( #4596 ), #4160, .F. ) ;
#960 = CIRCLE ( 'NONE', #3460, 8.694264425220762149 ) ;
#961 = DIRECTION ( 'NONE',  ( 1.000000000000000000, 0.000000000000000000, 0.000000000000000000 ) ) ;
#962 = AXIS2_PLACEMENT_3D ( 'NONE', #822, #4119, #2766 ) ;
#963 = ORIENTED_EDGE ( 'NONE', *, *, #2634, .F. ) ;
#964 = LINE ( 'NONE', #4197, #607 ) ;
#965 = DIRECTION ( 'NONE',  ( 1.000000000000000000, 0.000000000000000000, 0.000000000000000000 ) ) ;
#966 = VECTOR ( 'NONE', #5482, 1000.000000000000000 ) ;
#967 = EDGE_LOOP ( 'NONE', ( #5896, #5835, #4955, #6067 ) ) ;
#968 = DIRECTION ( 'NONE',  ( -1.000000000000000000, 0.000000000000000000, 0.000000000000000000 ) ) ;
#969 = AXIS2_PLACEMENT_3D ( 'NONE', #3938, #3474, #5379 ) ;
#970 = DIRECTION ( 'NONE',  ( 0.000000000000000000, 0.000000000000000000, 1.000000000000000000 ) ) ;
#971 = CARTESIAN_POINT ( 'NONE',  ( 29.21897447428411354, -30.98644269145999175, 0.000000000000000000 ) ) ;
#972 = ORIENTED_EDGE ( 'NONE', *, *, #2324, .F. ) ;
#973 = CARTESIAN_POINT ( 'NONE',  ( -18.51509051479431278, 23.30183411727400866, 3.000000000000000000 ) ) ;
#974 = DIRECTION ( 'NONE',  ( -0.2220375279487548370, 0.9750381203739707514, -0.000000000000000000 ) ) ;
#975 = CARTESIAN_POINT ( 'NONE',  ( -16.74447303340663851, -38.39834553817248519, 3.000000000000000000 ) ) ;
#976 = VERTEX_POINT ( 'NONE', #1797 ) ;
#977 = FACE_OUTER_BOUND ( 'NONE', #3930, .T. ) ;
#978 = EDGE_CURVE ( 'NONE', #2132, #2941, #3632, .T. ) ;
#979 = EDGE_CURVE ( 'NONE', #2583, #5192, #2171, .T. ) ;
#980 = FACE_OUTER_BOUND ( 'NONE', #967, .T. ) ;
#981 = EDGE_CURVE ( 'NONE', #84, #2587, #5000, .T. ) ;
#982 = CARTESIAN_POINT ( 'NONE',  ( 16.25984341948382905, 24.92792694898372829, 3.000000000000000000 ) ) ;
#983 = CARTESIAN_POINT ( 'NONE',  ( -23.73575383944879391, -33.07778457408817729, 0.000000000000000000 ) ) ;
#984 = VERTEX_POINT ( 'NONE', #4094 ) ;
#985 = DIRECTION ( 'NONE',  ( 1.000000000000000000, 0.000000000000000000, 0.000000000000000000 ) ) ;
#986 = DIRECTION ( 'NONE',  ( -0.000000000000000000, -0.000000000000000000, 1.000000000000000000 ) ) ;
#987 = EDGE_CURVE ( 'NONE', #1688, #1982, #3139, .T. ) ;
#988 = EDGE_CURVE ( 'NONE', #5344, #5950, #5632, .T. ) ;
#989 = DIRECTION ( 'NONE',  ( 0.5877852522924831291, -0.8090169943749401238, 0.000000000000000000 ) ) ;
#990 = CARTESIAN_POINT ( 'NONE',  ( -36.77037256503043494, 16.20307056412863744, 3.000000000000000000 ) ) ;
#991 = ORIENTED_EDGE ( 'NONE', *, *, #6148, .F. ) ;
#992 = DIRECTION ( 'NONE',  ( 0.8090169943749551118, -0.5877852522924625900, 0.000000000000000000 ) ) ;
#993 = CIRCLE ( 'NONE', #2609, 2.599999999999998312 ) ;
#994 = AXIS2_PLACEMENT_3D ( 'NONE', #1825, #1853, #2734 ) ;
#995 = VERTEX_POINT ( 'NONE', #1181 ) ;
#996 = CARTESIAN_POINT ( 'NONE',  ( 0.000000000000000000, 0.000000000000000000, -5.450000000000000178 ) ) ;
#997 = LINE ( 'NONE', #5666, #551 ) ;
#998 = CARTESIAN_POINT ( 'NONE',  ( -12.33792604892874323, -38.88526790231296104, 3.000000000000000000 ) ) ;
#999 = AXIS2_PLACEMENT_3D ( 'NONE', #3524, #1261, #5432 ) ;
#1000 = VERTEX_POINT ( 'NONE', #3699 ) ;
#1001 = CARTESIAN_POINT ( 'NONE',  ( 0.2049893579964236490, -40.87187053907685907, 3.000000000000000000 ) ) ;
#1002 = ORIENTED_EDGE ( 'NONE', *, *, #2245, .F. ) ;
#1003 = AXIS2_PLACEMENT_3D ( 'NONE', #1713, #629, #2532 ) ;
#1004 = EDGE_CURVE ( 'NONE', #1684, #4064, #1298, .T. ) ;
#1005 = VECTOR ( 'NONE', #1303, 1000.000000000000000 ) ;
#1006 = DIRECTION ( 'NONE',  ( -0.000000000000000000, -0.000000000000000000, 1.000000000000000000 ) ) ;
#1007 = AXIS2_PLACEMENT_3D ( 'NONE', #338, #6020, #1252 ) ;
#1008 = CARTESIAN_POINT ( 'NONE',  ( 9.082501176170758583, -40.91370791742377122, 0.000000000000000000 ) ) ;
#1009 = ORIENTED_EDGE ( 'NONE', *, *, #262, .T. ) ;
#1010 = CIRCLE ( 'NONE', #4268, 5.000000000000000888 ) ;
#1011 = AXIS2_PLACEMENT_3D ( 'NONE', #3146, #2653, #3091 ) ;
#1012 = PLANE ( 'NONE',  #3362 ) ;
#1013 = DIRECTION ( 'NONE',  ( 0.000000000000000000, 0.000000000000000000, -1.000000000000000000 ) ) ;
#1014 = CARTESIAN_POINT ( 'NONE',  ( 31.48356039147243024, 27.97842081040597506, 0.000000000000000000 ) ) ;
#1015 = CARTESIAN_POINT ( 'NONE',  ( 0.000000000000000000, 0.000000000000000000, 3.000000000000000000 ) ) ;
#1016 = ORIENTED_EDGE ( 'NONE', *, *, #4334, .T. ) ;
#1017 = ORIENTED_EDGE ( 'NONE', *, *, #7, .T. ) ;
#1018 = ORIENTED_EDGE ( 'NONE', *, *, #1208, .F. ) ;
#1019 = LINE ( 'NONE', #2918, #5142 ) ;
#1020 = VERTEX_POINT ( 'NONE', #3629 ) ;
#1021 = CYLINDRICAL_SURFACE ( 'NONE', #2947, 8.694264425220763925 ) ;
#1022 = CARTESIAN_POINT ( 'NONE',  ( -38.58860451648724421, 12.63458943475418295, 3.000000000000000000 ) ) ;
#1023 = ORIENTED_EDGE ( 'NONE', *, *, #89, .F. ) ;
#1024 = EDGE_CURVE ( 'NONE', #2950, #807, #5532, .T. ) ;
#1025 = ADVANCED_FACE ( 'NONE', ( #4510 ), #3664, .F. ) ;
#1026 = DIRECTION ( 'NONE',  ( -0.000000000000000000, -0.000000000000000000, -1.000000000000000000 ) ) ;
#1027 = VERTEX_POINT ( 'NONE', #1210 ) ;
#1028 = DIRECTION ( 'NONE',  ( -0.000000000000000000, -0.000000000000000000, 1.000000000000000000 ) ) ;
#1029 = VERTEX_POINT ( 'NONE', #227 ) ;
#1030 = DIRECTION ( 'NONE',  ( 0.5877852522924686962, 0.8090169943749506709, 0.000000000000000000 ) ) ;
#1031 = CARTESIAN_POINT ( 'NONE',  ( 0.000000000000000000, 0.000000000000000000, -5.450000000000000178 ) ) ;
#1032 = VERTEX_POINT ( 'NONE', #3567 ) ;
#1033 = CARTESIAN_POINT ( 'NONE',  ( 28.14080578438305835, 31.08960764240096353, 0.000000000000000000 ) ) ;
#1034 = CYLINDRICAL_SURFACE ( 'NONE', #3844, 1.500000000000000444 ) ;
#1035 = DIRECTION ( 'NONE',  ( -0.000000000000000000, -0.000000000000000000, -1.000000000000000000 ) ) ;
#1036 = ORIENTED_EDGE ( 'NONE', *, *, #1065, .T. ) ;
#1037 = ORIENTED_EDGE ( 'NONE', *, *, #2345, .T. ) ;
#1038 = CARTESIAN_POINT ( 'NONE',  ( 0.000000000000000000, 0.000000000000000000, 0.000000000000000000 ) ) ;
#1039 = DIRECTION ( 'NONE',  ( 1.000000000000000000, 0.000000000000000000, 0.000000000000000000 ) ) ;
#1040 = DIRECTION ( 'NONE',  ( -0.000000000000000000, -0.000000000000000000, -1.000000000000000000 ) ) ;
#1041 = FACE_OUTER_BOUND ( 'NONE', #5680, .T. ) ;
#1042 = VERTEX_POINT ( 'NONE', #3114 ) ;
#1043 = CARTESIAN_POINT ( 'NONE',  ( -23.60773880041835682, -28.90349559716266015, 3.000000000000000000 ) ) ;
#1044 = DIRECTION ( 'NONE',  ( 1.000000000000000000, 0.000000000000000000, 0.000000000000000000 ) ) ;
#1045 = ORIENTED_EDGE ( 'NONE', *, *, #4755, .F. ) ;
#1046 = CIRCLE ( 'NONE', #2431, 4.005000000000004334 ) ;
#1047 = DIRECTION ( 'NONE',  ( -1.000000000000000000, 0.000000000000000000, 0.000000000000000000 ) ) ;
#1048 = PLANE ( 'NONE',  #2789 ) ;
#1049 = LINE ( 'NONE', #1546, #3187 ) ;
#1050 = ORIENTED_EDGE ( 'NONE', *, *, #1216, .T. ) ;
#1051 = CARTESIAN_POINT ( 'NONE',  ( 29.72746942367399114, 8.034441853748626627, 10.00000000000000000 ) ) ;
#1052 = AXIS2_PLACEMENT_3D ( 'NONE', #4443, #1233, #223 ) ;
#1053 = AXIS2_PLACEMENT_3D ( 'NONE', #2381, #5219, #1420 ) ;
#1054 = AXIS2_PLACEMENT_3D ( 'NONE', #1740, #3611, #2599 ) ;
#1055 = ORIENTED_EDGE ( 'NONE', *, *, #6022, .T. ) ;
#1056 = FACE_BOUND ( 'NONE', #630, .T. ) ;
#1057 = ORIENTED_EDGE ( 'NONE', *, *, #4545, .F. ) ;
#1058 = CIRCLE ( 'NONE', #5533, 42.59000000000001052 ) ;
#1059 = CARTESIAN_POINT ( 'NONE',  ( 0.000000000000000000, 0.000000000000000000, 3.000000000000000000 ) ) ;
#1060 = EDGE_CURVE ( 'NONE', #5393, #1042, #5431, .T. ) ;
#1061 = DIRECTION ( 'NONE',  ( 1.000000000000000000, 0.000000000000000000, 0.000000000000000000 ) ) ;
#1062 = ORIENTED_EDGE ( 'NONE', *, *, #2234, .F. ) ;
#1063 = CARTESIAN_POINT ( 'NONE',  ( -8.382234244845214732, -39.51178793479910212, 3.000000000000000000 ) ) ;
#1064 = VERTEX_POINT ( 'NONE', #445 ) ;
#1065 = EDGE_CURVE ( 'NONE', #232, #4384, #5723, .T. ) ;
#1066 = CARTESIAN_POINT ( 'NONE',  ( 17.50000000000000355, 0.000000000000000000, -5.450000000000000178 ) ) ;
#1067 = EDGE_CURVE ( 'NONE', #5451, #2227, #5187, .T. ) ;
#1068 = EDGE_CURVE ( 'NONE', #3546, #3127, #347, .T. ) ;
#1069 = AXIS2_PLACEMENT_3D ( 'NONE', #3437, #1997, #5769 ) ;
#1070 = CARTESIAN_POINT ( 'NONE',  ( 24.72746942367399114, 8.034441853748626627, 10.00000000000000000 ) ) ;
#1071 = ORIENTED_EDGE ( 'NONE', *, *, #3269, .F. ) ;
#1072 = CIRCLE ( 'NONE', #1861, 8.694264425220765702 ) ;
#1073 = VERTEX_POINT ( 'NONE', #381 ) ;
#1074 = ORIENTED_EDGE ( 'NONE', *, *, #51, .F. ) ;
#1075 = CARTESIAN_POINT ( 'NONE',  ( 40.55653363200658390, 3.955691804083540042, 0.000000000000000000 ) ) ;
#1076 = CARTESIAN_POINT ( 'NONE',  ( 8.999999999999992895, 5.836711784674610467E-15, -7.000000000000000000 ) ) ;
#1077 = DIRECTION ( 'NONE',  ( 1.000000000000000000, 0.000000000000000000, 0.000000000000000000 ) ) ;
#1078 = DIRECTION ( 'NONE',  ( -1.000000000000000000, 0.000000000000000000, 0.000000000000000000 ) ) ;
#1079 = ORIENTED_EDGE ( 'NONE', *, *, #1366, .F. ) ;
#1080 = DIRECTION ( 'NONE',  ( 1.000000000000000000, 0.000000000000000000, 0.000000000000000000 ) ) ;
#1081 = LINE ( 'NONE', #2987, #657 ) ;
#1082 = EDGE_CURVE ( 'NONE', #1356, #4226, #2754, .T. ) ;
#1083 = DIRECTION ( 'NONE',  ( -0.000000000000000000, -0.000000000000000000, -1.000000000000000000 ) ) ;
#1084 = CARTESIAN_POINT ( 'NONE',  ( 31.69645939114716526, 19.28871242939868225, 3.000000000000000000 ) ) ;
#1085 = CARTESIAN_POINT ( 'NONE',  ( 2.600000000000006306, -11.00000000000000000, -5.450000000000000178 ) ) ;
#1086 = VERTEX_POINT ( 'NONE', #3293 ) ;
#1087 = DIRECTION ( 'NONE',  ( 0.000000000000000000, 0.000000000000000000, 1.000000000000000000 ) ) ;
#1088 = ORIENTED_EDGE ( 'NONE', *, *, #3125, .T. ) ;
#1089 = DIRECTION ( 'NONE',  ( -0.000000000000000000, -0.000000000000000000, 1.000000000000000000 ) ) ;
#1090 = ORIENTED_EDGE ( 'NONE', *, *, #1998, .F. ) ;
#1091 = CARTESIAN_POINT ( 'NONE',  ( 20.28241655960448497, -21.03444185374849695, 0.000000000000000000 ) ) ;
#1092 = FACE_OUTER_BOUND ( 'NONE', #4795, .T. ) ;
#1093 = EDGE_LOOP ( 'NONE', ( #3419, #3974, #4002, #2919 ) ) ;
#1094 = LINE ( 'NONE', #3002, #2350 ) ;
#1095 = ADVANCED_FACE ( 'NONE', ( #5626, #2295, #4724, #2825, #5601, #955, #477, #2859, #4280, #1385, #5119, #2356 ), #3363, .F. ) ;
#1096 = ADVANCED_FACE ( 'NONE', ( #1327 ), #3754, .T. ) ;
#1097 = DIRECTION ( 'NONE',  ( 1.000000000000000000, 0.000000000000000000, 0.000000000000000000 ) ) ;
#1098 = VECTOR ( 'NONE', #5997, 1000.000000000000227 ) ;
#1099 = LINE ( 'NONE', #4078, #3586 ) ;
#1100 = VERTEX_POINT ( 'NONE', #4248 ) ;
#1101 = ORIENTED_EDGE ( 'NONE', *, *, #5015, .F. ) ;
#1102 = EDGE_CURVE ( 'NONE', #5102, #1905, #5716, .T. ) ;
#1103 = EDGE_CURVE ( 'NONE', #3545, #1086, #2323, .T. ) ;
#1104 = VERTEX_POINT ( 'NONE', #3264 ) ;
#1105 = FACE_OUTER_BOUND ( 'NONE', #3728, .T. ) ;
#1106 = CIRCLE ( 'NONE', #3391, 8.694264425220771031 ) ;
#1107 = AXIS2_PLACEMENT_3D ( 'NONE', #4084, #2254, #4151 ) ;
#1108 = ADVANCED_FACE ( 'NONE', ( #5253 ), #2769, .F. ) ;
#1109 = LINE ( 'NONE', #5430, #4492 ) ;
#1110 = DIRECTION ( 'NONE',  ( -0.000000000000000000, -0.000000000000000000, 1.000000000000000000 ) ) ;
#1111 = VECTOR ( 'NONE', #5649, 999.9999999999998863 ) ;
#1112 = AXIS2_PLACEMENT_3D ( 'NONE', #3465, #940, #5242 ) ;
#1113 = CARTESIAN_POINT ( 'NONE',  ( 38.56089682255161222, 16.94070134733178890, 3.000000000000000000 ) ) ;
#1114 = EDGE_LOOP ( 'NONE', ( #1862, #6054 ) ) ;
#1115 = VECTOR ( 'NONE', #3821, 1000.000000000000000 ) ;
#1116 = CARTESIAN_POINT ( 'NONE',  ( 5.499999999999950262, -9.526279441628858535, 3.000000000000000000 ) ) ;
#1117 = CARTESIAN_POINT ( 'NONE',  ( 30.54248530126161043, 26.86437988392712484, 0.000000000000000000 ) ) ;
#1118 = DIRECTION ( 'NONE',  ( -0.000000000000000000, -0.000000000000000000, -1.000000000000000000 ) ) ;
#1119 = EDGE_LOOP ( 'NONE', ( #5215, #118, #741, #4665 ) ) ;
#1120 = LINE ( 'NONE', #3972, #5522 ) ;
#1121 = EDGE_CURVE ( 'NONE', #833, #204, #851, .T. ) ;
#1122 = CARTESIAN_POINT ( 'NONE',  ( -38.44546517343238889, -18.32632826286809902, 3.000000000000000000 ) ) ;
#1123 = ORIENTED_EDGE ( 'NONE', *, *, #488, .T. ) ;
#1124 = DIRECTION ( 'NONE',  ( 0.9510565162951574170, -0.3090169943749353498, 0.000000000000000000 ) ) ;
#1125 = EDGE_CURVE ( 'NONE', #2124, #3184, #548, .T. ) ;
#1126 = ORIENTED_EDGE ( 'NONE', *, *, #3475, .F. ) ;
#1127 = FACE_BOUND ( 'NONE', #339, .T. ) ;
#1128 = ORIENTED_EDGE ( 'NONE', *, *, #3174, .T. ) ;
#1129 = DIRECTION ( 'NONE',  ( -0.000000000000000000, -0.000000000000000000, -1.000000000000000000 ) ) ;
#1130 = CARTESIAN_POINT ( 'NONE',  ( -32.82325911375652083, -23.94971689001971882, 3.000000000000000000 ) ) ;
#1131 = ORIENTED_EDGE ( 'NONE', *, *, #218, .T. ) ;
#1132 = CARTESIAN_POINT ( 'NONE',  ( -20.82461210923901618, -36.61529294760672570, 0.000000000000000000 ) ) ;
#1133 = LINE ( 'NONE', #5866, #5436 ) ;
#1134 = DIRECTION ( 'NONE',  ( 1.000000000000000000, 0.000000000000000000, 0.000000000000000000 ) ) ;
#1135 = ORIENTED_EDGE ( 'NONE', *, *, #1633, .T. ) ;
#1136 = ORIENTED_EDGE ( 'NONE', *, *, #5166, .F. ) ;
#1137 = AXIS2_PLACEMENT_3D ( 'NONE', #3948, #5854, #2993 ) ;
#1138 = CARTESIAN_POINT ( 'NONE',  ( 2.600000000000006306, -11.00000000000000000, 3.000000000000000000 ) ) ;
#1139 = EDGE_CURVE ( 'NONE', #5592, #1309, #4696, .T. ) ;
#1140 = FACE_OUTER_BOUND ( 'NONE', #5856, .T. ) ;
#1141 = ADVANCED_FACE ( 'NONE', ( #3722 ), #5154, .T. ) ;
#1142 = CARTESIAN_POINT ( 'NONE',  ( 0.000000000000000000, 0.000000000000000000, 0.000000000000000000 ) ) ;
#1143 = VERTEX_POINT ( 'NONE', #2543 ) ;
#1144 = DIRECTION ( 'NONE',  ( -0.000000000000000000, -0.000000000000000000, -1.000000000000000000 ) ) ;
#1145 = ORIENTED_EDGE ( 'NONE', *, *, #4373, .F. ) ;
#1146 = EDGE_CURVE ( 'NONE', #2530, #5651, #1081, .T. ) ;
#1147 = DIRECTION ( 'NONE',  ( -0.000000000000000000, 0.000000000000000000, 1.000000000000000000 ) ) ;
#1148 = EDGE_CURVE ( 'NONE', #1568, #3417, #5812, .T. ) ;
#1149 = DIRECTION ( 'NONE',  ( 1.000000000000000000, 0.000000000000000000, 0.000000000000000000 ) ) ;
#1150 = ORIENTED_EDGE ( 'NONE', *, *, #1847, .T. ) ;
#1151 = CARTESIAN_POINT ( 'NONE',  ( -9.000000000000000000, -1.347111479062088405E-15, 3.000000000000000000 ) ) ;
#1152 = CIRCLE ( 'NONE', #3834, 7.000000000000000000 ) ;
#1153 = EDGE_CURVE ( 'NONE', #3207, #4064, #1848, .T. ) ;
#1154 = EDGE_LOOP ( 'NONE', ( #6113, #2182, #2160, #5572 ) ) ;
#1155 = DIRECTION ( 'NONE',  ( 0.000000000000000000, 0.000000000000000000, 1.000000000000000000 ) ) ;
#1156 = ORIENTED_EDGE ( 'NONE', *, *, #2931, .T. ) ;
#1157 = DIRECTION ( 'NONE',  ( 1.000000000000000000, 0.000000000000000000, 0.000000000000000000 ) ) ;
#1158 = CYLINDRICAL_SURFACE ( 'NONE', #3491, 4.005000000000005222 ) ;
#1159 = CIRCLE ( 'NONE', #4428, 8.694264425220769255 ) ;
#1160 = ORIENTED_EDGE ( 'NONE', *, *, #562, .T. ) ;
#1161 = DIRECTION ( 'NONE',  ( -0.000000000000000000, 0.000000000000000000, 1.000000000000000000 ) ) ;
#1162 = VECTOR ( 'NONE', #5501, 1000.000000000000000 ) ;
#1163 = CIRCLE ( 'NONE', #2346, 42.59000000000001052 ) ;
#1164 = VECTOR ( 'NONE', #1635, 999.9999999999998863 ) ;
#1165 = DIRECTION ( 'NONE',  ( -0.000000000000000000, -0.000000000000000000, 1.000000000000000000 ) ) ;
#1166 = CIRCLE ( 'NONE', #661, 5.000000000000000888 ) ;
#1167 = CARTESIAN_POINT ( 'NONE',  ( -13.00000000000000000, -1.102182119232617714E-15, -5.450000000000000178 ) ) ;
#1168 = ORIENTED_EDGE ( 'NONE', *, *, #6120, .T. ) ;
#1169 = CIRCLE ( 'NONE', #664, 42.59000000000001052 ) ;
#1170 = ORIENTED_EDGE ( 'NONE', *, *, #5782, .T. ) ;
#1171 = DIRECTION ( 'NONE',  ( 0.9656484390698153453, -0.2598520581446852606, -0.000000000000000000 ) ) ;
#1172 = VECTOR ( 'NONE', #1402, 1000.000000000000114 ) ;
#1173 = PRESENTATION_LAYER_ASSIGNMENT (  '', '', ( #4547 ) ) ;
#1174 = CARTESIAN_POINT ( 'NONE',  ( 0.000000000000000000, 0.000000000000000000, 0.000000000000000000 ) ) ;
#1175 = ORIENTED_EDGE ( 'NONE', *, *, #877, .T. ) ;
#1176 = DIRECTION ( 'NONE',  ( 1.000000000000000000, 0.000000000000000000, 0.000000000000000000 ) ) ;
#1177 = EDGE_CURVE ( 'NONE', #5088, #2114, #4325, .T. ) ;
#1178 = CARTESIAN_POINT ( 'NONE',  ( 5.569638057863635083, -42.22424933500177247, 0.000000000000000000 ) ) ;
#1179 = CYLINDRICAL_SURFACE ( 'NONE', #2882, 5.000000000000000888 ) ;
#1180 = ORIENTED_EDGE ( 'NONE', *, *, #978, .T. ) ;
#1181 = CARTESIAN_POINT ( 'NONE',  ( -8.480653458099299158, -41.25896583337042500, 0.000000000000000000 ) ) ;
#1182 = EDGE_CURVE ( 'NONE', #3025, #4296, #4908, .T. ) ;
#1183 = ADVANCED_FACE ( 'NONE', ( #5848 ), #640, .F. ) ;
#1184 = CIRCLE ( 'NONE', #684, 5.000000000000000888 ) ;
#1185 = ORIENTED_EDGE ( 'NONE', *, *, #4023, .F. ) ;
#1186 = DIRECTION ( 'NONE',  ( 1.000000000000000000, 0.000000000000000000, 0.000000000000000000 ) ) ;
#1187 = FACE_OUTER_BOUND ( 'NONE', #4617, .T. ) ;
#1188 = VERTEX_POINT ( 'NONE', #4438 ) ;
#1189 = EDGE_LOOP ( 'NONE', ( #1199, #4838 ) ) ;
#1190 = CARTESIAN_POINT ( 'NONE',  ( -10.28241655960418122, -21.03444185374871367, 0.000000000000000000 ) ) ;
#1191 = FACE_OUTER_BOUND ( 'NONE', #2831, .T. ) ;
#1192 = DIRECTION ( 'NONE',  ( 0.9990559968703950355, 0.04344093826451270179, 0.000000000000000000 ) ) ;
#1193 = FACE_BOUND ( 'NONE', #5768, .T. ) ;
#1194 = ORIENTED_EDGE ( 'NONE', *, *, #2217, .F. ) ;
#1195 = ORIENTED_EDGE ( 'NONE', *, *, #4867, .F. ) ;
#1196 = VERTEX_POINT ( 'NONE', #2438 ) ;
#1197 = FACE_OUTER_BOUND ( 'NONE', #1834, .T. ) ;
#1198 = DIRECTION ( 'NONE',  ( -0.9307905240376860290, 0.3655530062270719305, -0.000000000000000000 ) ) ;
#1199 = ORIENTED_EDGE ( 'NONE', *, *, #5678, .F. ) ;
#1200 = AXIS2_PLACEMENT_3D ( 'NONE', #5875, #5520, #4001 ) ;
#1201 = VECTOR ( 'NONE', #1686, 1000.000000000000227 ) ;
#1202 = LINE ( 'NONE', #1721, #4341 ) ;
#1203 = AXIS2_PLACEMENT_3D ( 'NONE', #38, #3403, #1959 ) ;
#1204 = VECTOR ( 'NONE', #5333, 1000.000000000000000 ) ;
#1205 = DIRECTION ( 'NONE',  ( 1.000000000000000000, 0.000000000000000000, 0.000000000000000000 ) ) ;
#1206 = VERTEX_POINT ( 'NONE', #611 ) ;
#1207 = FACE_OUTER_BOUND ( 'NONE', #4394, .T. ) ;
#1208 = EDGE_CURVE ( 'NONE', #4989, #3436, #165, .T. ) ;
#1209 = ORIENTED_EDGE ( 'NONE', *, *, #4250, .T. ) ;
#1210 = CARTESIAN_POINT ( 'NONE',  ( -20.28241655960433576, 21.03444185374861419, 0.000000000000000000 ) ) ;
#1211 = ORIENTED_EDGE ( 'NONE', *, *, #3911, .F. ) ;
#1212 = LINE ( 'NONE', #4066, #2955 ) ;
#1213 = DIRECTION ( 'NONE',  ( 1.000000000000000000, 0.000000000000000000, 0.000000000000000000 ) ) ;
#1214 = EDGE_CURVE ( 'NONE', #3436, #1909, #5123, .T. ) ;
#1215 = EDGE_CURVE ( 'NONE', #2118, #3085, #3969, .T. ) ;
#1216 = EDGE_CURVE ( 'NONE', #843, #68, #247, .T. ) ;
#1217 = ORIENTED_EDGE ( 'NONE', *, *, #3842, .T. ) ;
#1218 = ORIENTED_EDGE ( 'NONE', *, *, #752, .T. ) ;
#1219 = DIRECTION ( 'NONE',  ( -1.000000000000000000, 0.000000000000000000, 0.000000000000000000 ) ) ;
#1220 = PLANE ( 'NONE',  #3152 ) ;
#1221 = AXIS2_PLACEMENT_3D ( 'NONE', #2935, #1405, #937 ) ;
#1222 = ORIENTED_EDGE ( 'NONE', *, *, #487, .T. ) ;
#1223 = DIRECTION ( 'NONE',  ( -0.000000000000000000, -0.000000000000000000, -1.000000000000000000 ) ) ;
#1224 = CYLINDRICAL_SURFACE ( 'NONE', #2494, 8.694264425220762149 ) ;
#1225 = ORIENTED_EDGE ( 'NONE', *, *, #1368, .F. ) ;
#1226 = DIRECTION ( 'NONE',  ( -0.000000000000000000, -0.000000000000000000, 1.000000000000000000 ) ) ;
#1227 = ORIENTED_EDGE ( 'NONE', *, *, #363, .T. ) ;
#1228 = DIRECTION ( 'NONE',  ( 0.9510565162951574170, -0.3090169943749353498, 0.000000000000000000 ) ) ;
#1229 = CIRCLE ( 'NONE', #119, 8.694264425220767478 ) ;
#1230 = CARTESIAN_POINT ( 'NONE',  ( 20.76059948172580860, 34.89601652554522815, 3.000000000000000000 ) ) ;
#1231 = ORIENTED_EDGE ( 'NONE', *, *, #5678, .T. ) ;
#1232 = DIRECTION ( 'NONE',  ( 0.000000000000000000, 0.000000000000000000, 1.000000000000000000 ) ) ;
#1233 = DIRECTION ( 'NONE',  ( 0.000000000000000000, 0.000000000000000000, 1.000000000000000000 ) ) ;
#1234 = ORIENTED_EDGE ( 'NONE', *, *, #278, .F. ) ;
#1235 = CARTESIAN_POINT ( 'NONE',  ( -27.83620412999733063, -31.29407560814120970, 3.000000000000000000 ) ) ;
#1236 = ORIENTED_EDGE ( 'NONE', *, *, #5868, .F. ) ;
#1237 = CARTESIAN_POINT ( 'NONE',  ( -20.28241655960418299, -21.03444185374871367, 10.00000000000000000 ) ) ;
#1238 = CARTESIAN_POINT ( 'NONE',  ( 5.569638057863635083, -42.22424933500177247, 3.000000000000000000 ) ) ;
#1239 = CARTESIAN_POINT ( 'NONE',  ( -34.58360451648707823, -12.63458943475473362, 0.000000000000000000 ) ) ;
#1240 = ORIENTED_EDGE ( 'NONE', *, *, #2701, .T. ) ;
#1241 = VERTEX_POINT ( 'NONE', #128 ) ;
#1242 = DIRECTION ( 'NONE',  ( -1.000000000000000000, 0.000000000000000000, 0.000000000000000000 ) ) ;
#1243 = AXIS2_PLACEMENT_3D ( 'NONE', #1619, #2524, #37 ) ;
#1244 = DIRECTION ( 'NONE',  ( 0.000000000000000000, 0.000000000000000000, -1.000000000000000000 ) ) ;
#1245 = EDGE_CURVE ( 'NONE', #1793, #5446, #3067, .T. ) ;
#1246 = ORIENTED_EDGE ( 'NONE', *, *, #914, .T. ) ;
#1247 = PLANE ( 'NONE',  #754 ) ;
#1248 = AXIS2_PLACEMENT_3D ( 'NONE', #4698, #417, #3297 ) ;
#1249 = DIRECTION ( 'NONE',  ( -0.000000000000000000, -0.000000000000000000, -1.000000000000000000 ) ) ;
#1250 = CARTESIAN_POINT ( 'NONE',  ( 37.36369933668201782, -16.20307056412887903, 0.000000000000000000 ) ) ;
#1251 = VERTEX_POINT ( 'NONE', #101 ) ;
#1252 = DIRECTION ( 'NONE',  ( -1.000000000000000000, 0.000000000000000000, 0.000000000000000000 ) ) ;
#1253 = VERTEX_POINT ( 'NONE', #5282 ) ;
#1254 = AXIS2_PLACEMENT_3D ( 'NONE', #4228, #2420, #5165 ) ;
#1255 = VECTOR ( 'NONE', #4089, 1000.000000000000114 ) ;
#1256 = EDGE_CURVE ( 'NONE', #3051, #5907, #1019, .T. ) ;
#1257 = ADVANCED_FACE ( 'NONE', ( #2509 ), #59, .F. ) ;
#1258 = ADVANCED_FACE ( 'NONE', ( #2004 ), #2951, .T. ) ;
#1259 = DIRECTION ( 'NONE',  ( 1.000000000000000000, 0.000000000000000000, 0.000000000000000000 ) ) ;
#1260 = VECTOR ( 'NONE', #6056, 1000.000000000000000 ) ;
#1261 = DIRECTION ( 'NONE',  ( -0.000000000000000000, -0.000000000000000000, -1.000000000000000000 ) ) ;
#1262 = CIRCLE ( 'NONE', #3447, 4.999999999999999112 ) ;
#1263 = ORIENTED_EDGE ( 'NONE', *, *, #1574, .F. ) ;
#1264 = AXIS2_PLACEMENT_3D ( 'NONE', #5327, #115, #5864 ) ;
#1265 = SURFACE_SIDE_STYLE ('',( #5022 ) ) ;
#1266 = DIRECTION ( 'NONE',  ( 1.000000000000000000, 0.000000000000000000, 0.000000000000000000 ) ) ;
#1267 = EDGE_LOOP ( 'NONE', ( #5989, #5082, #1290, #6021 ) ) ;
#1268 = DIRECTION ( 'NONE',  ( 0.000000000000000000, 0.000000000000000000, 1.000000000000000000 ) ) ;
#1269 = EDGE_LOOP ( 'NONE', ( #1698, #3118, #3673, #2019 ) ) ;
#1270 = CARTESIAN_POINT ( 'NONE',  ( 31.36840236821780081, -27.82005574930078495, 3.000000000000000000 ) ) ;
#1271 = VECTOR ( 'NONE', #4674, 1000.000000000000000 ) ;
#1272 = DIRECTION ( 'NONE',  ( 1.000000000000000000, 0.000000000000000000, 0.000000000000000000 ) ) ;
#1273 = LINE ( 'NONE', #1238, #1554 ) ;
#1274 = VERTEX_POINT ( 'NONE', #3908 ) ;
#1275 = CARTESIAN_POINT ( 'NONE',  ( -23.73575383944928063, 33.07778457408781492, 3.000000000000000000 ) ) ;
#1276 = VERTEX_POINT ( 'NONE', #3444 ) ;
#1277 = ORIENTED_EDGE ( 'NONE', *, *, #596, .T. ) ;
#1278 = LINE ( 'NONE', #3182, #5285 ) ;
#1279 = CARTESIAN_POINT ( 'NONE',  ( 5.499999999999950262, -9.526279441628858535, -5.450000000000000178 ) ) ;
#1280 = EDGE_LOOP ( 'NONE', ( #1150, #4245, #5743, #5351 ) ) ;
#1281 = DIRECTION ( 'NONE',  ( -0.9648138802460274333, 0.2629337872632654949, -0.000000000000000000 ) ) ;
#1282 = CARTESIAN_POINT ( 'NONE',  ( 29.72746942367407641, -8.034441853748395701, 3.000000000000000000 ) ) ;
#1283 = DIRECTION ( 'NONE',  ( -0.000000000000000000, -0.000000000000000000, -1.000000000000000000 ) ) ;
#1284 = ORIENTED_EDGE ( 'NONE', *, *, #5372, .F. ) ;
#1285 = DIRECTION ( 'NONE',  ( 0.000000000000000000, -0.000000000000000000, 1.000000000000000000 ) ) ;
#1286 = ORIENTED_EDGE ( 'NONE', *, *, #514, .T. ) ;
#1287 = CARTESIAN_POINT ( 'NONE',  ( 29.72746942367399114, 8.034441853748626627, 3.000000000000000000 ) ) ;
#1288 = FACE_OUTER_BOUND ( 'NONE', #4311, .T. ) ;
#1289 = ADVANCED_FACE ( 'NONE', ( #4405 ), #5347, .T. ) ;
#1290 = ORIENTED_EDGE ( 'NONE', *, *, #3724, .T. ) ;
#1291 = EDGE_CURVE ( 'NONE', #2661, #1920, #4451, .T. ) ;
#1292 = AXIS2_PLACEMENT_3D ( 'NONE', #5250, #3905, #5276 ) ;
#1293 = DIRECTION ( 'NONE',  ( 0.000000000000000000, 0.000000000000000000, 1.000000000000000000 ) ) ;
#1294 = EDGE_LOOP ( 'NONE', ( #4313, #991, #2748, #5036 ) ) ;
#1295 = VECTOR ( 'NONE', #4152, 1000.000000000000114 ) ;
#1296 = CARTESIAN_POINT ( 'NONE',  ( 24.02732478174064568, 28.55165554216920398, 3.000000000000000000 ) ) ;
#1297 = ORIENTED_EDGE ( 'NONE', *, *, #2321, .T. ) ;
#1298 = LINE ( 'NONE', #3082, #956 ) ;
#1299 = CIRCLE ( 'NONE', #598, 8.694264425220769255 ) ;
#1300 = AXIS2_PLACEMENT_3D ( 'NONE', #2069, #2536, #1999 ) ;
#1301 = AXIS2_PLACEMENT_3D ( 'NONE', #537, #58, #1080 ) ;
#1302 = VECTOR ( 'NONE', #2690, 1000.000000000000000 ) ;
#1303 = DIRECTION ( 'NONE',  ( -0.000000000000000000, -0.000000000000000000, 1.000000000000000000 ) ) ;
#1304 = DIRECTION ( 'NONE',  ( -0.000000000000000000, -0.000000000000000000, -1.000000000000000000 ) ) ;
#1305 = DIRECTION ( 'NONE',  ( 0.000000000000000000, -0.000000000000000000, 1.000000000000000000 ) ) ;
#1306 = ORIENTED_EDGE ( 'NONE', *, *, #788, .F. ) ;
#1307 = AXIS2_PLACEMENT_3D ( 'NONE', #4858, #73, #3458 ) ;
#1308 = CIRCLE ( 'NONE', #3396, 8.694264425220772807 ) ;
#1309 = VERTEX_POINT ( 'NONE', #4087 ) ;
#1310 = DIRECTION ( 'NONE',  ( 1.000000000000000000, 0.000000000000000000, 0.000000000000000000 ) ) ;
#1311 = ORIENTED_EDGE ( 'NONE', *, *, #5868, .T. ) ;
#1312 = LINE ( 'NONE', #3303, #1271 ) ;
#1313 = DIRECTION ( 'NONE',  ( -0.000000000000000000, -0.000000000000000000, -1.000000000000000000 ) ) ;
#1314 = DIRECTION ( 'NONE',  ( -0.000000000000000000, -0.000000000000000000, -1.000000000000000000 ) ) ;
#1315 = ORIENTED_EDGE ( 'NONE', *, *, #5146, .T. ) ;
#1316 = CARTESIAN_POINT ( 'NONE',  ( 16.49973394995460652, 37.06703595085621572, 0.000000000000000000 ) ) ;
#1317 = ORIENTED_EDGE ( 'NONE', *, *, #15, .F. ) ;
#1318 = CARTESIAN_POINT ( 'NONE',  ( -41.84453985814432997, 7.933636244507994206, 0.000000000000000000 ) ) ;
#1319 = DIRECTION ( 'NONE',  ( -0.8090169943749508930, 0.5877852522924683631, 0.000000000000000000 ) ) ;
#1320 = ORIENTED_EDGE ( 'NONE', *, *, #6052, .T. ) ;
#1321 = DIRECTION ( 'NONE',  ( 0.8277741018922764038, 0.5610615262486238208, -0.000000000000000000 ) ) ;
#1322 = EDGE_CURVE ( 'NONE', #5886, #3135, #5464, .T. ) ;
#1323 = DIRECTION ( 'NONE',  ( -0.7472542012402064726, 0.6645383049372406425, 0.000000000000000000 ) ) ;
#1324 = ORIENTED_EDGE ( 'NONE', *, *, #3310, .F. ) ;
#1325 = CARTESIAN_POINT ( 'NONE',  ( 12.83957879275061309, 38.89978764190320959, 0.000000000000000000 ) ) ;
#1326 = ORIENTED_EDGE ( 'NONE', *, *, #3464, .T. ) ;
#1327 = FACE_OUTER_BOUND ( 'NONE', #1334, .T. ) ;
#1328 = EDGE_CURVE ( 'NONE', #2149, #2844, #2613, .T. ) ;
#1329 = EDGE_CURVE ( 'NONE', #2067, #5056, #2765, .T. ) ;
#1330 = DIRECTION ( 'NONE',  ( 0.000000000000000000, -0.000000000000000000, 1.000000000000000000 ) ) ;
#1331 = ADVANCED_FACE ( 'NONE', ( #3076 ), #5908, .F. ) ;
#1332 = DIRECTION ( 'NONE',  ( -1.000000000000000000, 0.000000000000000000, 0.000000000000000000 ) ) ;
#1333 = CARTESIAN_POINT ( 'NONE',  ( 8.320845587068864901, 41.76926655707708136, 0.000000000000000000 ) ) ;
#1334 = EDGE_LOOP ( 'NONE', ( #4758, #3791, #1406, #302 ) ) ;
#1335 = PRODUCT_CONTEXT ( 'NONE', #5227, 'mechanical' ) ;
#1336 = DIRECTION ( 'NONE',  ( -0.000000000000000000, -0.000000000000000000, -1.000000000000000000 ) ) ;
#1337 = ORIENTED_EDGE ( 'NONE', *, *, #2738, .T. ) ;
#1338 = FACE_OUTER_BOUND ( 'NONE', #5980, .T. ) ;
#1339 = CARTESIAN_POINT ( 'NONE',  ( -40.57520715325101435, 0.09167402782899834734, 3.000000000000000000 ) ) ;
#1340 = FACE_OUTER_BOUND ( 'NONE', #2641, .T. ) ;
#1341 = DIRECTION ( 'NONE',  ( 0.8332812242496494548, -0.5528493477548883650, 0.000000000000000000 ) ) ;
#1342 = ORIENTED_EDGE ( 'NONE', *, *, #683, .T. ) ;
#1343 = DIRECTION ( 'NONE',  ( -0.000000000000000000, -0.000000000000000000, -1.000000000000000000 ) ) ;
#1344 = AXIS2_PLACEMENT_3D ( 'NONE', #5794, #5893, #624 ) ;
#1345 = CARTESIAN_POINT ( 'NONE',  ( 10.99999999999999289, 5.591782424845139381E-15, 3.000000000000000000 ) ) ;
#1346 = CARTESIAN_POINT ( 'NONE',  ( 20.28241655960402312, 21.03444185374883801, 3.000000000000000000 ) ) ;
#1347 = ORIENTED_EDGE ( 'NONE', *, *, #4948, .T. ) ;
#1348 = VECTOR ( 'NONE', #4530, 1000.000000000000000 ) ;
#1349 = DIRECTION ( 'NONE',  ( 0.000000000000000000, 0.000000000000000000, 1.000000000000000000 ) ) ;
#1350 = AXIS2_PLACEMENT_3D ( 'NONE', #2073, #4374, #5880 ) ;
#1351 = AXIS2_PLACEMENT_3D ( 'NONE', #1339, #3276, #2332 ) ;
#1352 = AXIS2_PLACEMENT_3D ( 'NONE', #2441, #5752, #1976 ) ;
#1353 = DIRECTION ( 'NONE',  ( -0.000000000000000000, -0.000000000000000000, -1.000000000000000000 ) ) ;
#1354 = DIRECTION ( 'NONE',  ( -1.000000000000000000, 0.000000000000000000, 0.000000000000000000 ) ) ;
#1355 = CIRCLE ( 'NONE', #2062, 5.000000000000000888 ) ;
#1356 = VERTEX_POINT ( 'NONE', #5560 ) ;
#1357 = CARTESIAN_POINT ( 'NONE',  ( 21.03082861136626391, -37.03528517399777087, 3.000000000000000000 ) ) ;
#1358 = EDGE_CURVE ( 'NONE', #1, #76, #1202, .T. ) ;
#1359 = DIRECTION ( 'NONE',  ( 0.000000000000000000, 0.000000000000000000, 1.000000000000000000 ) ) ;
#1360 = CIRCLE ( 'NONE', #2158, 4.005000000000005222 ) ;
#1361 = DIRECTION ( 'NONE',  ( 1.000000000000000000, 0.000000000000000000, 0.000000000000000000 ) ) ;
#1362 = AXIS2_PLACEMENT_3D ( 'NONE', #4558, #3562, #1176 ) ;
#1363 = ORIENTED_EDGE ( 'NONE', *, *, #5862, .T. ) ;
#1364 = EDGE_CURVE ( 'NONE', #5688, #807, #3653, .T. ) ;
#1365 =( NAMED_UNIT ( * ) PLANE_ANGLE_UNIT ( ) SI_UNIT ( $, .RADIAN. ) );
#1366 = EDGE_CURVE ( 'NONE', #2106, #3520, #277, .T. ) ;
#1367 = CARTESIAN_POINT ( 'NONE',  ( 17.50000000000000355, 0.000000000000000000, -5.450000000000000178 ) ) ;
#1368 = EDGE_CURVE ( 'NONE', #2960, #4576, #4058, .T. ) ;
#1369 = ORIENTED_EDGE ( 'NONE', *, *, #2708, .T. ) ;
#1370 = DIRECTION ( 'NONE',  ( 0.000000000000000000, 0.000000000000000000, 1.000000000000000000 ) ) ;
#1371 = DIRECTION ( 'NONE',  ( 0.000000000000000000, 0.000000000000000000, 1.000000000000000000 ) ) ;
#1372 = FACE_OUTER_BOUND ( 'NONE', #6162, .T. ) ;
#1373 = CARTESIAN_POINT ( 'NONE',  ( -19.72746942367401246, 8.034441853748564455, 3.000000000000000000 ) ) ;
#1374 = ORIENTED_EDGE ( 'NONE', *, *, #368, .T. ) ;
#1375 = DIRECTION ( 'NONE',  ( 0.9989412903386071241, 0.04600324397951118666, -0.000000000000000000 ) ) ;
#1376 = VECTOR ( 'NONE', #3851, 1000.000000000000000 ) ;
#1377 = CARTESIAN_POINT ( 'NONE',  ( 35.98858968631900268, 8.195389822551236492, 3.000000000000000000 ) ) ;
#1378 = LINE ( 'NONE', #3685, #1295 ) ;
#1379 = ORIENTED_EDGE ( 'NONE', *, *, #480, .T. ) ;
#1380 = DIRECTION ( 'NONE',  ( 0.3090169943749581649, -0.9510565162951499785, 0.000000000000000000 ) ) ;
#1381 = CARTESIAN_POINT ( 'NONE',  ( -41.78782610431023414, -8.227131302946931513, 3.000000000000000000 ) ) ;
#1382 = ORIENTED_EDGE ( 'NONE', *, *, #2671, .F. ) ;
#1383 = DIRECTION ( 'NONE',  ( 1.000000000000000000, 0.000000000000000000, 0.000000000000000000 ) ) ;
#1384 = ORIENTED_EDGE ( 'NONE', *, *, #2627, .T. ) ;
#1385 = FACE_BOUND ( 'NONE', #5111, .T. ) ;
#1386 = AXIS2_PLACEMENT_3D ( 'NONE', #1325, #1416, #3319 ) ;
#1387 = DIRECTION ( 'NONE',  ( -0.8090169943749422332, -0.5877852522924802425, 0.000000000000000000 ) ) ;
#1388 = ADVANCED_FACE ( 'NONE', ( #3591 ), #1691, .F. ) ;
#1389 = DIRECTION ( 'NONE',  ( -0.000000000000000000, -0.000000000000000000, -1.000000000000000000 ) ) ;
#1390 = ORIENTED_EDGE ( 'NONE', *, *, #4713, .T. ) ;
#1391 = VERTEX_POINT ( 'NONE', #2108 ) ;
#1392 = DIRECTION ( 'NONE',  ( 0.000000000000000000, 0.000000000000000000, 1.000000000000000000 ) ) ;
#1393 = VECTOR ( 'NONE', #5080, 1000.000000000000000 ) ;
#1394 = EDGE_CURVE ( 'NONE', #3606, #5564, #360, .T. ) ;
#1395 = ORIENTED_EDGE ( 'NONE', *, *, #2745, .T. ) ;
#1396 = FACE_OUTER_BOUND ( 'NONE', #5012, .T. ) ;
#1397 = EDGE_CURVE ( 'NONE', #2523, #2281, #3528, .T. ) ;
#1398 = ORIENTED_EDGE ( 'NONE', *, *, #6005, .F. ) ;
#1399 = AXIS2_PLACEMENT_3D ( 'NONE', #2180, #3126, #3580 ) ;
#1400 = CARTESIAN_POINT ( 'NONE',  ( 4.252355189909522437, -40.25987024618072496, 0.000000000000000000 ) ) ;
#1401 = VECTOR ( 'NONE', #2387, 1000.000000000000000 ) ;
#1402 = DIRECTION ( 'NONE',  ( 0.7651247178410957028, -0.6438821057838023387, -0.000000000000000000 ) ) ;
#1403 = CARTESIAN_POINT ( 'NONE',  ( -20.16727271007489719, 34.89601652554476630, 0.000000000000000000 ) ) ;
#1404 = ORIENTED_EDGE ( 'NONE', *, *, #1256, .F. ) ;
#1405 = DIRECTION ( 'NONE',  ( 0.000000000000000000, 0.000000000000000000, -1.000000000000000000 ) ) ;
#1406 = ORIENTED_EDGE ( 'NONE', *, *, #3613, .T. ) ;
#1407 = MANIFOLD_SOLID_BREP ( '\X2\52079664\X0\-\X2\62c94f38\X0\5', #5073 ) ;
#1408 = EDGE_CURVE ( 'NONE', #2375, #444, #1664, .T. ) ;
#1409 = CARTESIAN_POINT ( 'NONE',  ( -37.29628450232696935, 20.56441738346812187, 3.000000000000000000 ) ) ;
#1410 = EDGE_CURVE ( 'NONE', #4360, #3070, #1462, .T. ) ;
#1411 = CARTESIAN_POINT ( 'NONE',  ( 4.597221758081748710, 41.66633502243079334, 3.000000000000000000 ) ) ;
#1412 = ORIENTED_EDGE ( 'NONE', *, *, #2316, .T. ) ;
#1413 = CARTESIAN_POINT ( 'NONE',  ( -12.24625202109975675, 38.89978764190294669, 3.000000000000000000 ) ) ;
#1414 = DIRECTION ( 'NONE',  ( 1.000000000000000000, 0.000000000000000000, 0.000000000000000000 ) ) ;
#1415 = EDGE_LOOP ( 'NONE', ( #4628, #4700, #4062, #2603 ) ) ;
#1416 = DIRECTION ( 'NONE',  ( -0.000000000000000000, -0.000000000000000000, 1.000000000000000000 ) ) ;
#1417 = ORIENTED_EDGE ( 'NONE', *, *, #5668, .T. ) ;
#1418 = ORIENTED_EDGE ( 'NONE', *, *, #7, .F. ) ;
#1419 = ORIENTED_EDGE ( 'NONE', *, *, #2830, .F. ) ;
#1420 = DIRECTION ( 'NONE',  ( 1.000000000000000000, 0.000000000000000000, 0.000000000000000000 ) ) ;
#1421 = DIRECTION ( 'NONE',  ( 0.000000000000000000, 0.000000000000000000, -1.000000000000000000 ) ) ;
#1422 = CARTESIAN_POINT ( 'NONE',  ( -17.66384276087217486, -38.75431277831133059, 0.000000000000000000 ) ) ;
#1423 = CIRCLE ( 'NONE', #5500, 42.59000000000001052 ) ;
#1424 = ORIENTED_EDGE ( 'NONE', *, *, #1067, .F. ) ;
#1425 = DIRECTION ( 'NONE',  ( 0.000000000000000000, 0.000000000000000000, 1.000000000000000000 ) ) ;
#1426 = DIRECTION ( 'NONE',  ( 0.000000000000000000, 0.000000000000000000, 1.000000000000000000 ) ) ;
#1427 = AXIS2_PLACEMENT_3D ( 'NONE', #4972, #2678, #4568 ) ;
#1428 = ORIENTED_EDGE ( 'NONE', *, *, #1121, .F. ) ;
#1429 = CARTESIAN_POINT ( 'NONE',  ( 0.000000000000000000, 0.000000000000000000, 3.000000000000000000 ) ) ;
#1430 = CARTESIAN_POINT ( 'NONE',  ( 41.00932234579961744, 8.784480569375514136, 0.000000000000000000 ) ) ;
#1431 = CARTESIAN_POINT ( 'NONE',  ( 39.18193128813866366, 12.63458943475500718, 0.000000000000000000 ) ) ;
#1432 = DIRECTION ( 'NONE',  ( 0.000000000000000000, 0.000000000000000000, 1.000000000000000000 ) ) ;
#1433 = VERTEX_POINT ( 'NONE', #2287 ) ;
#1434 = PLANE ( 'NONE',  #3824 ) ;
#1435 = DIRECTION ( 'NONE',  ( -1.000000000000000000, 0.000000000000000000, 0.000000000000000000 ) ) ;
#1436 = CIRCLE ( 'NONE', #939, 8.694264425220771031 ) ;
#1437 = CARTESIAN_POINT ( 'NONE',  ( -29.73402888154552670, -1.292894609556127117, 3.000000000000000000 ) ) ;
#1438 = ORIENTED_EDGE ( 'NONE', *, *, #4948, .F. ) ;
#1439 = EDGE_CURVE ( 'NONE', #5809, #2454, #2450, .T. ) ;
#1440 = ADVANCED_FACE ( 'NONE', ( #977 ), #3716, .F. ) ;
#1441 = CIRCLE ( 'NONE', #1344, 5.000000000000000888 ) ;
#1442 = DIRECTION ( 'NONE',  ( 0.000000000000000000, 0.000000000000000000, 1.000000000000000000 ) ) ;
#1443 = CARTESIAN_POINT ( 'NONE',  ( -38.44546517343238889, -18.32632826286808481, 0.000000000000000000 ) ) ;
#1444 = CARTESIAN_POINT ( 'NONE',  ( -34.58360451648724876, 12.63458943475418295, 3.000000000000000000 ) ) ;
#1445 = EDGE_LOOP ( 'NONE', ( #4505, #483 ) ) ;
#1446 = AXIS2_PLACEMENT_3D ( 'NONE', #1022, #1950, #4378 ) ;
#1447 = CARTESIAN_POINT ( 'NONE',  ( -36.58472689284099744, -6.071532165918824830E-15, 0.000000000000000000 ) ) ;
#1448 = ORIENTED_EDGE ( 'NONE', *, *, #67, .F. ) ;
#1449 = EDGE_LOOP ( 'NONE', ( #4785, #4447, #5644, #5487 ) ) ;
#1450 = DIRECTION ( 'NONE',  ( 0.000000000000000000, 0.000000000000000000, -1.000000000000000000 ) ) ;
#1451 = VERTEX_POINT ( 'NONE', #1821 ) ;
#1452 = AXIS2_PLACEMENT_3D ( 'NONE', #3965, #1110, #2102 ) ;
#1453 = AXIS2_PLACEMENT_3D ( 'NONE', #2359, #2740, #4632 ) ;
#1454 = CARTESIAN_POINT ( 'NONE',  ( 30.54248530126161043, 26.86437988392712484, 3.000000000000000000 ) ) ;
#1455 = AXIS2_PLACEMENT_3D ( 'NONE', #3068, #3896, #1624 ) ;
#1456 = DIRECTION ( 'NONE',  ( -0.000000000000000000, -0.000000000000000000, 1.000000000000000000 ) ) ;
#1457 = ORIENTED_EDGE ( 'NONE', *, *, #251, .F. ) ;
#1458 = DIRECTION ( 'NONE',  ( -0.000000000000000000, -0.000000000000000000, 1.000000000000000000 ) ) ;
#1459 = CIRCLE ( 'NONE', #2447, 42.59000000000001052 ) ;
#1460 = ORIENTED_EDGE ( 'NONE', *, *, #5015, .T. ) ;
#1461 = FACE_BOUND ( 'NONE', #4639, .T. ) ;
#1462 = CIRCLE ( 'NONE', #1661, 4.005000000000003446 ) ;
#1463 = CARTESIAN_POINT ( 'NONE',  ( -41.78782610431022704, -8.227131302946929736, 0.000000000000000000 ) ) ;
#1464 = CARTESIAN_POINT ( 'NONE',  ( -31.14679297339820252, -28.36078583729581837, 0.000000000000000000 ) ) ;
#1465 = ORIENTED_EDGE ( 'NONE', *, *, #253, .T. ) ;
#1466 = FACE_OUTER_BOUND ( 'NONE', #2241, .T. ) ;
#1467 = CARTESIAN_POINT ( 'NONE',  ( 41.72493748217464571, -4.224442581619813453, 0.000000000000000000 ) ) ;
#1468 = CARTESIAN_POINT ( 'NONE',  ( 27.16104326975284522, -30.24582191543587584, 0.000000000000000000 ) ) ;
#1469 = EDGE_LOOP ( 'NONE', ( #2926, #4778, #2216, #4420 ) ) ;
#1470 = EDGE_CURVE ( 'NONE', #4989, #2301, #261, .T. ) ;
#1471 = FACE_OUTER_BOUND ( 'NONE', #2468, .T. ) ;
#1472 = AXIS2_PLACEMENT_3D ( 'NONE', #647, #1087, #582 ) ;
#1473 = CARTESIAN_POINT ( 'NONE',  ( 15.28241655960448675, -21.03444185374849695, 0.000000000000000000 ) ) ;
#1474 = EDGE_CURVE ( 'NONE', #1064, #3100, #1072, .T. ) ;
#1475 = LINE ( 'NONE', #3355, #5935 ) ;
#1476 = EDGE_CURVE ( 'NONE', #4182, #2379, #850, .T. ) ;
#1477 = LINE ( 'NONE', #4336, #1487 ) ;
#1478 = VERTEX_POINT ( 'NONE', #5147 ) ;
#1479 = VERTEX_POINT ( 'NONE', #2317 ) ;
#1480 = ORIENTED_EDGE ( 'NONE', *, *, #3755, .F. ) ;
#1481 = CARTESIAN_POINT ( 'NONE',  ( -32.78112118826224020, -24.03241722527476298, 0.000000000000000000 ) ) ;
#1482 = CARTESIAN_POINT ( 'NONE',  ( -9.000000000000000000, -1.347111479062088405E-15, -5.450000000000000178 ) ) ;
#1483 = CARTESIAN_POINT ( 'NONE',  ( -12.12627944162883331, 5.499999999999986677, 3.000000000000000000 ) ) ;
#1484 = ORIENTED_EDGE ( 'NONE', *, *, #1182, .T. ) ;
#1485 = LINE ( 'NONE', #3858, #2318 ) ;
#1486 = VECTOR ( 'NONE', #2012, 999.9999999999998863 ) ;
#1487 = VECTOR ( 'NONE', #5308, 1000.000000000000000 ) ;
#1488 = ORIENTED_EDGE ( 'NONE', *, *, #5479, .T. ) ;
#1489 = DIRECTION ( 'NONE',  ( 0.9510565162951533091, 0.3090169943749481729, 0.000000000000000000 ) ) ;
#1490 = VERTEX_POINT ( 'NONE', #2764 ) ;
#1491 = CARTESIAN_POINT ( 'NONE',  ( 13.01395315583526013, 38.84312997681895041, 3.000000000000000000 ) ) ;
#1492 = CARTESIAN_POINT ( 'NONE',  ( -28.04602552163483153, 31.43196547385318596, 0.000000000000000000 ) ) ;
#1493 = AXIS2_PLACEMENT_3D ( 'NONE', #2984, #4367, #3811 ) ;
#1494 = VERTEX_POINT ( 'NONE', #946 ) ;
#1495 = CIRCLE ( 'NONE', #2293, 42.59000000000001052 ) ;
#1496 = PRODUCT ( '\X2\4e3b52a894fe8f6e\X0\AA', '\X2\4e3b52a894fe8f6e\X0\AA', '', ( #1335 ) ) ;
#1497 = DIRECTION ( 'NONE',  ( 1.000000000000000000, 0.000000000000000000, 0.000000000000000000 ) ) ;
#1498 = VECTOR ( 'NONE', #587, 1000.000000000000000 ) ;
#1499 = EDGE_LOOP ( 'NONE', ( #2540, #5160, #901, #1311, #3074, #4594, #4604, #3221, #2593, #4514, #837, #4826, #208, #164, #5693, #3247, #3703, #606, #5499, #1831, #5977, #3275, #546, #1428, #3617, #1844, #5614, #2322, #6060, #5800, #5427, #3619, #3196, #4265, #5469, #5004, #3921, #4417, #4661, #6072, #1996, #1317, #1088, #1324, #1814, #5277, #1525, #2459, #5946, #3515, #458, #1326, #2579, #5186, #2436, #4044, #1774, #5730, #3721, #1480, #2437, #4976, #2156, #2753, #2602, #4239, #4012, #5778, #5108, #3929, #5309, #2663, #1704, #4553, #3263, #696, #1218, #3482, #3009, #4216, #4401, #2480, #5202, #4105, #1863, #2768, #4279, #3800, #6098, #4551, #3414, #3361, #4253, #6122, #2451, #3601, #3573, #3374, #5454, #2461, #5793, #3223, #2558, #5145, #2405, #5517, #4961, #1871, #405, #4395, #4362, #2763, #888, #884, #1995, #4864, #1050, #1579, #4950, #5385, #5817, #2838, #3876, #1883, #5098, #5622, #2066, #3946, #243, #3906, #5537 ) ) ;
#1500 = VECTOR ( 'NONE', #1908, 1000.000000000000000 ) ;
#1501 = CARTESIAN_POINT ( 'NONE',  ( -4.094706901388667220, 41.92345198454645328, 0.000000000000000000 ) ) ;
#1502 = DIRECTION ( 'NONE',  ( 0.000000000000000000, 0.000000000000000000, 1.000000000000000000 ) ) ;
#1503 = ORIENTED_EDGE ( 'NONE', *, *, #1368, .T. ) ;
#1504 = DIRECTION ( 'NONE',  ( 0.9362387956570231706, 0.3513643657326206426, 0.000000000000000000 ) ) ;
#1505 = CARTESIAN_POINT ( 'NONE',  ( 29.06372042894345853, 31.13210970731369542, 3.000000000000000000 ) ) ;
#1506 = DIRECTION ( 'NONE',  ( 0.000000000000000000, 0.000000000000000000, 1.000000000000000000 ) ) ;
#1507 = DIRECTION ( 'NONE',  ( 0.000000000000000000, 0.000000000000000000, -1.000000000000000000 ) ) ;
#1508 = VERTEX_POINT ( 'NONE', #4659 ) ;
#1509 = EDGE_LOOP ( 'NONE', ( #931, #4965, #5252, #5853 ) ) ;
#1510 = EDGE_LOOP ( 'NONE', ( #4693, #4974, #665, #4009 ) ) ;
#1511 = DIRECTION ( 'NONE',  ( 1.000000000000000000, 0.000000000000000000, 0.000000000000000000 ) ) ;
#1512 = EDGE_CURVE ( 'NONE', #2950, #5319, #5540, .T. ) ;
#1513 = DIRECTION ( 'NONE',  ( -0.000000000000000000, -0.000000000000000000, -1.000000000000000000 ) ) ;
#1514 = ORIENTED_EDGE ( 'NONE', *, *, #827, .T. ) ;
#1515 = CARTESIAN_POINT ( 'NONE',  ( -32.71548983060392146, 24.09804858293307817, 3.000000000000000000 ) ) ;
#1516 = VERTEX_POINT ( 'NONE', #2875 ) ;
#1517 = CARTESIAN_POINT ( 'NONE',  ( -8.382234244845783167, 39.51178793479898133, 0.000000000000000000 ) ) ;
#1518 = EDGE_CURVE ( 'NONE', #4487, #2985, #1846, .T. ) ;
#1519 = EDGE_CURVE ( 'NONE', #3898, #3995, #3350, .T. ) ;
#1520 = EDGE_CURVE ( 'NONE', #378, #2736, #4241, .T. ) ;
#1521 = EDGE_CURVE ( 'NONE', #4929, #1309, #1360, .T. ) ;
#1522 = ORIENTED_EDGE ( 'NONE', *, *, #3048, .T. ) ;
#1523 = DIRECTION ( 'NONE',  ( -1.000000000000000000, 0.000000000000000000, 0.000000000000000000 ) ) ;
#1524 = AXIS2_PLACEMENT_3D ( 'NONE', #2209, #1392, #5663 ) ;
#1525 = ORIENTED_EDGE ( 'NONE', *, *, #4867, .T. ) ;
#1526 = CARTESIAN_POINT ( 'NONE',  ( 27.16104326975284522, -30.24582191543587584, 0.000000000000000000 ) ) ;
#1527 = CARTESIAN_POINT ( 'NONE',  ( -29.94915852961013059, -26.86437988392690457, 0.000000000000000000 ) ) ;
#1528 = ORIENTED_EDGE ( 'NONE', *, *, #6062, .T. ) ;
#1529 = DIRECTION ( 'NONE',  ( -1.000000000000000000, 0.000000000000000000, 0.000000000000000000 ) ) ;
#1530 = DIRECTION ( 'NONE',  ( 1.000000000000000000, 0.000000000000000000, 0.000000000000000000 ) ) ;
#1531 = CARTESIAN_POINT ( 'NONE',  ( 41.19070440307643821, -8.785910185511950132, 0.000000000000000000 ) ) ;
#1532 = ORIENTED_EDGE ( 'NONE', *, *, #4870, .F. ) ;
#1533 = ORIENTED_EDGE ( 'NONE', *, *, #1847, .F. ) ;
#1534 = CARTESIAN_POINT ( 'NONE',  ( 39.80845132062497527, -8.678897630670904917, 3.000000000000000000 ) ) ;
#1535 = CYLINDRICAL_SURFACE ( 'NONE', #5974, 8.694264425220763925 ) ;
#1536 = DIRECTION ( 'NONE',  ( -0.000000000000000000, -0.000000000000000000, 1.000000000000000000 ) ) ;
#1537 = CARTESIAN_POINT ( 'NONE',  ( 24.24638027584568079, -33.11992249958226608, 3.000000000000000000 ) ) ;
#1538 = ORIENTED_EDGE ( 'NONE', *, *, #1153, .T. ) ;
#1539 = EDGE_CURVE ( 'NONE', #142, #265, #1759, .T. ) ;
#1540 = ORIENTED_EDGE ( 'NONE', *, *, #3060, .T. ) ;
#1541 = VERTEX_POINT ( 'NONE', #5683 ) ;
#1542 = CARTESIAN_POINT ( 'NONE',  ( -24.72746942367401601, 8.034441853748564455, 0.000000000000000000 ) ) ;
#1543 = AXIS2_PLACEMENT_3D ( 'NONE', #4953, #554, #3862 ) ;
#1544 = DIRECTION ( 'NONE',  ( 0.000000000000000000, 0.000000000000000000, 1.000000000000000000 ) ) ;
#1545 = DIRECTION ( 'NONE',  ( 0.8352340909038821204, 0.5498945475197637434, -0.000000000000000000 ) ) ;
#1546 = CARTESIAN_POINT ( 'NONE',  ( 29.21897447428411354, -30.98644269145998820, 3.000000000000000000 ) ) ;
#1547 = ORIENTED_EDGE ( 'NONE', *, *, #290, .T. ) ;
#1548 = DIRECTION ( 'NONE',  ( 0.000000000000000000, 0.000000000000000000, 1.000000000000000000 ) ) ;
#1549 = VECTOR ( 'NONE', #5718, 1000.000000000000114 ) ;
#1550 = CIRCLE ( 'NONE', #4439, 8.694264425220769255 ) ;
#1551 = ORIENTED_EDGE ( 'NONE', *, *, #4093, .T. ) ;
#1552 = CARTESIAN_POINT ( 'NONE',  ( -42.23646744650214657, -5.476213805227546416, 0.000000000000000000 ) ) ;
#1553 = ORIENTED_EDGE ( 'NONE', *, *, #4564, .T. ) ;
#1554 = VECTOR ( 'NONE', #5061, 1000.000000000000000 ) ;
#1555 = CARTESIAN_POINT ( 'NONE',  ( -12.42062638418386733, -38.84312997681885093, 3.000000000000000000 ) ) ;
#1556 = EDGE_CURVE ( 'NONE', #198, #3238, #1565, .T. ) ;
#1557 = EDGE_CURVE ( 'NONE', #6070, #5376, #3315, .T. ) ;
#1558 = DIRECTION ( 'NONE',  ( 0.9969254916408009093, -0.07835537069497786056, -0.000000000000000000 ) ) ;
#1559 = AXIS2_PLACEMENT_3D ( 'NONE', #2625, #4494, #2120 ) ;
#1560 = ORIENTED_EDGE ( 'NONE', *, *, #751, .T. ) ;
#1561 = ADVANCED_FACE ( 'NONE', ( #6068 ), #5709, .F. ) ;
#1562 = DIRECTION ( 'NONE',  ( 1.000000000000000000, 0.000000000000000000, 0.000000000000000000 ) ) ;
#1563 = CIRCLE ( 'NONE', #2353, 5.000000000000000888 ) ;
#1564 = DIRECTION ( 'NONE',  ( -0.000000000000000000, 0.000000000000000000, -1.000000000000000000 ) ) ;
#1565 = CIRCLE ( 'NONE', #4846, 8.694264425220769255 ) ;
#1566 = FACE_OUTER_BOUND ( 'NONE', #2643, .T. ) ;
#1567 = ORIENTED_EDGE ( 'NONE', *, *, #3903, .F. ) ;
#1568 = VERTEX_POINT ( 'NONE', #4751 ) ;
#1569 = DIRECTION ( 'NONE',  ( -1.000000000000000000, 0.000000000000000000, 0.000000000000000000 ) ) ;
#1570 = AXIS2_PLACEMENT_3D ( 'NONE', #1345, #5143, #913 ) ;
#1571 = DIRECTION ( 'NONE',  ( -1.000000000000000000, 0.000000000000000000, 0.000000000000000000 ) ) ;
#1572 = DIRECTION ( 'NONE',  ( -0.000000000000000000, -0.000000000000000000, -1.000000000000000000 ) ) ;
#1573 = DIRECTION ( 'NONE',  ( 0.9619153131371855903, 0.2733476364488821586, -0.000000000000000000 ) ) ;
#1574 = EDGE_CURVE ( 'NONE', #3145, #378, #471, .T. ) ;
#1575 = EDGE_LOOP ( 'NONE', ( #702, #1528, #2366, #809 ) ) ;
#1576 = ORIENTED_EDGE ( 'NONE', *, *, #3556, .T. ) ;
#1577 = DIRECTION ( 'NONE',  ( 0.8090169943749465631, 0.5877852522924741363, 0.000000000000000000 ) ) ;
#1578 = CARTESIAN_POINT ( 'NONE',  ( -10.28241655960418122, -21.03444185374871367, 3.000000000000000000 ) ) ;
#1579 = ORIENTED_EDGE ( 'NONE', *, *, #1592, .F. ) ;
#1580 = DIRECTION ( 'NONE',  ( 0.000000000000000000, -0.000000000000000000, 1.000000000000000000 ) ) ;
#1581 = DIRECTION ( 'NONE',  ( 0.000000000000000000, 0.000000000000000000, 1.000000000000000000 ) ) ;
#1582 = ORIENTED_EDGE ( 'NONE', *, *, #4370, .F. ) ;
#1583 = CARTESIAN_POINT ( 'NONE',  ( -11.00000000000000000, -1.347111479062088405E-15, -5.450000000000000178 ) ) ;
#1584 = ORIENTED_EDGE ( 'NONE', *, *, #345, .F. ) ;
#1585 = FACE_BOUND ( 'NONE', #4865, .T. ) ;
#1586 = ORIENTED_EDGE ( 'NONE', *, *, #3917, .F. ) ;
#1587 = DIRECTION ( 'NONE',  ( -1.000000000000000000, 0.000000000000000000, 0.000000000000000000 ) ) ;
#1588 = DIRECTION ( 'NONE',  ( 0.9510565162951518658, 0.3090169943749525028, 0.000000000000000000 ) ) ;
#1589 = ORIENTED_EDGE ( 'NONE', *, *, #5819, .T. ) ;
#1590 = CIRCLE ( 'NONE', #5872, 42.59000000000001052 ) ;
#1591 = CARTESIAN_POINT ( 'NONE',  ( -36.43168967376616507, 21.15043583100119307, 0.000000000000000000 ) ) ;
#1592 = EDGE_CURVE ( 'NONE', #2685, #68, #5646, .T. ) ;
#1593 = EDGE_CURVE ( 'NONE', #4274, #922, #258, .T. ) ;
#1594 = ADVANCED_FACE ( 'NONE', ( #5270 ), #4364, .F. ) ;
#1595 = FACE_OUTER_BOUND ( 'NONE', #2639, .T. ) ;
#1596 = CIRCLE ( 'NONE', #4072, 1.500000000000000444 ) ;
#1597 = PLANE ( 'NONE',  #93 ) ;
#1598 = ORIENTED_EDGE ( 'NONE', *, *, #1394, .T. ) ;
#1599 = ORIENTED_EDGE ( 'NONE', *, *, #6009, .F. ) ;
#1600 = AXIS2_PLACEMENT_3D ( 'NONE', #6093, #3225, #5207 ) ;
#1601 = ADVANCED_FACE ( 'NONE', ( #3843 ), #1012, .F. ) ;
#1602 = AXIS2_PLACEMENT_3D ( 'NONE', #5741, #533, #801 ) ;
#1603 = CIRCLE ( 'NONE', #1301, 8.694264425220762149 ) ;
#1604 = EDGE_CURVE ( 'NONE', #432, #2561, #4446, .T. ) ;
#1605 = CARTESIAN_POINT ( 'NONE',  ( 18.08707482534121525, 38.55860246770502897, 3.000000000000000000 ) ) ;
#1606 = FACE_OUTER_BOUND ( 'NONE', #6058, .T. ) ;
#1607 = CIRCLE ( 'NONE', #4981, 4.005000000000003446 ) ;
#1608 = DIRECTION ( 'NONE',  ( 1.000000000000000000, 0.000000000000000000, 0.000000000000000000 ) ) ;
#1609 = VERTEX_POINT ( 'NONE', #1938 ) ;
#1610 = CARTESIAN_POINT ( 'NONE',  ( -23.80138519710759937, -33.01215321642951039, 0.000000000000000000 ) ) ;
#1611 = CARTESIAN_POINT ( 'NONE',  ( -24.80021947308672026, 16.45397107347560706, 3.000000000000000000 ) ) ;
#1612 = VERTEX_POINT ( 'NONE', #4807 ) ;
#1613 = DIRECTION ( 'NONE',  ( 0.5877852522924866818, -0.8090169943749375703, 0.000000000000000000 ) ) ;
#1614 = VERTEX_POINT ( 'NONE', #5339 ) ;
#1615 = DIRECTION ( 'NONE',  ( 0.000000000000000000, 0.000000000000000000, -1.000000000000000000 ) ) ;
#1616 = ORIENTED_EDGE ( 'NONE', *, *, #1902, .F. ) ;
#1617 = DIRECTION ( 'NONE',  ( 0.09612335676128865025, 0.9953694290488038776, -0.000000000000000000 ) ) ;
#1618 = ORIENTED_EDGE ( 'NONE', *, *, #52, .T. ) ;
#1619 = CARTESIAN_POINT ( 'NONE',  ( -12.24625202109975675, 38.89978764190294669, 0.000000000000000000 ) ) ;
#1620 = CYLINDRICAL_SURFACE ( 'NONE', #1203, 5.000000000000000888 ) ;
#1621 = VERTEX_POINT ( 'NONE', #1534 ) ;
#1622 = DIRECTION ( 'NONE',  ( -0.000000000000000000, -0.000000000000000000, -1.000000000000000000 ) ) ;
#1623 = ORIENTED_EDGE ( 'NONE', *, *, #6165, .F. ) ;
#1624 = DIRECTION ( 'NONE',  ( -1.000000000000000000, 0.000000000000000000, 0.000000000000000000 ) ) ;
#1625 = FACE_BOUND ( 'NONE', #3150, .T. ) ;
#1626 = EDGE_CURVE ( 'NONE', #5757, #2149, #5839, .T. ) ;
#1627 = EDGE_LOOP ( 'NONE', ( #395, #2733 ) ) ;
#1628 = ORIENTED_EDGE ( 'NONE', *, *, #3095, .T. ) ;
#1629 = CARTESIAN_POINT ( 'NONE',  ( -13.00000000000000000, -1.102182119232617714E-15, 3.000000000000000000 ) ) ;
#1630 = DIRECTION ( 'NONE',  ( 1.000000000000000000, 0.000000000000000000, 0.000000000000000000 ) ) ;
#1631 = EDGE_CURVE ( 'NONE', #1188, #5789, #4397, .T. ) ;
#1632 = ORIENTED_EDGE ( 'NONE', *, *, #6009, .T. ) ;
#1633 = EDGE_CURVE ( 'NONE', #6082, #5003, #47, .T. ) ;
#1634 = DIRECTION ( 'NONE',  ( 1.000000000000000000, 0.000000000000000000, 0.000000000000000000 ) ) ;
#1635 = DIRECTION ( 'NONE',  ( 0.5498945475197637434, -0.8352340909038821204, -0.000000000000000000 ) ) ;
#1636 = ORIENTED_EDGE ( 'NONE', *, *, #1971, .T. ) ;
#1637 = CARTESIAN_POINT ( 'NONE',  ( -7.713313367253148201, -41.88571232411541700, 0.000000000000000000 ) ) ;
#1638 = VERTEX_POINT ( 'NONE', #2432 ) ;
#1639 = PLANE ( 'NONE',  #2731 ) ;
#1640 = AXIS2_PLACEMENT_3D ( 'NONE', #2203, #2590, #5002 ) ;
#1641 = EDGE_LOOP ( 'NONE', ( #2352, #860, #632, #3427 ) ) ;
#1642 = DIRECTION ( 'NONE',  ( 1.000000000000000000, 0.000000000000000000, 0.000000000000000000 ) ) ;
#1643 = ORIENTED_EDGE ( 'NONE', *, *, #4461, .F. ) ;
#1644 = FACE_OUTER_BOUND ( 'NONE', #4300, .T. ) ;
#1645 = ORIENTED_EDGE ( 'NONE', *, *, #867, .F. ) ;
#1646 = CIRCLE ( 'NONE', #5429, 8.694264425220771031 ) ;
#1647 = ORIENTED_EDGE ( 'NONE', *, *, #2283, .F. ) ;
#1648 = CARTESIAN_POINT ( 'NONE',  ( -17.50000000000000355, 2.143131898507868643E-15, 0.000000000000000000 ) ) ;
#1649 = CARTESIAN_POINT ( 'NONE',  ( 29.72746942367399114, 8.034441853748626627, 0.000000000000000000 ) ) ;
#1650 = VECTOR ( 'NONE', #3020, 1000.000000000000114 ) ;
#1651 = AXIS2_PLACEMENT_3D ( 'NONE', #5874, #970, #5199 ) ;
#1652 = CIRCLE ( 'NONE', #6128, 8.694264425220763925 ) ;
#1653 = DIRECTION ( 'NONE',  ( -0.000000000000000000, -0.000000000000000000, -1.000000000000000000 ) ) ;
#1654 = AXIS2_PLACEMENT_3D ( 'NONE', #2017, #4385, #109 ) ;
#1655 = FACE_OUTER_BOUND ( 'NONE', #2413, .T. ) ;
#1656 = VERTEX_POINT ( 'NONE', #3901 ) ;
#1657 = AXIS2_PLACEMENT_3D ( 'NONE', #3934, #5806, #1077 ) ;
#1658 = ORIENTED_EDGE ( 'NONE', *, *, #44, .F. ) ;
#1659 = DIRECTION ( 'NONE',  ( 1.000000000000000000, 0.000000000000000000, 0.000000000000000000 ) ) ;
#1660 = AXIS2_PLACEMENT_3D ( 'NONE', #6152, #1878, #3777 ) ;
#1661 = AXIS2_PLACEMENT_3D ( 'NONE', #1758, #346, #1380 ) ;
#1662 = CARTESIAN_POINT ( 'NONE',  ( -41.88590963261005129, 4.492228848172463707, 0.000000000000000000 ) ) ;
#1663 = VERTEX_POINT ( 'NONE', #1075 ) ;
#1664 = LINE ( 'NONE', #732, #3550 ) ;
#1665 = ADVANCED_FACE ( 'NONE', ( #4330 ), #504, .T. ) ;
#1666 = EDGE_CURVE ( 'NONE', #3132, #4327, #5740, .T. ) ;
#1667 = CARTESIAN_POINT ( 'NONE',  ( -20.82461210923901618, -36.61529294760672570, 3.000000000000000000 ) ) ;
#1668 = ORIENTED_EDGE ( 'NONE', *, *, #3017, .F. ) ;
#1669 = CARTESIAN_POINT ( 'NONE',  ( 0.000000000000000000, 0.000000000000000000, 3.000000000000000000 ) ) ;
#1670 = ORIENTED_EDGE ( 'NONE', *, *, #751, .F. ) ;
#1671 = DIRECTION ( 'NONE',  ( -0.000000000000000000, -0.000000000000000000, -1.000000000000000000 ) ) ;
#1672 = CIRCLE ( 'NONE', #372, 4.005000000000001670 ) ;
#1673 = CARTESIAN_POINT ( 'NONE',  ( 19.72746942367407641, -8.034441853748395701, 10.00000000000000000 ) ) ;
#1674 = CARTESIAN_POINT ( 'NONE',  ( -24.72746942367401601, 8.034441853748564455, 0.000000000000000000 ) ) ;
#1675 = EDGE_LOOP ( 'NONE', ( #2491, #3663, #182, #4277 ) ) ;
#1676 = ORIENTED_EDGE ( 'NONE', *, *, #1470, .T. ) ;
#1677 = CYLINDRICAL_SURFACE ( 'NONE', #5779, 42.59000000000001052 ) ;
#1678 = DIRECTION ( 'NONE',  ( 1.000000000000000000, 0.000000000000000000, 0.000000000000000000 ) ) ;
#1679 = ORIENTED_EDGE ( 'NONE', *, *, #1626, .T. ) ;
#1680 = CARTESIAN_POINT ( 'NONE',  ( -32.78112118826260257, 24.03241722527427271, 0.000000000000000000 ) ) ;
#1681 = FACE_BOUND ( 'NONE', #2566, .T. ) ;
#1682 = ORIENTED_EDGE ( 'NONE', *, *, #391, .T. ) ;
#1683 = VERTEX_POINT ( 'NONE', #1966 ) ;
#1684 = VERTEX_POINT ( 'NONE', #2943 ) ;
#1685 = CIRCLE ( 'NONE', #3576, 42.59000000000001052 ) ;
#1686 = DIRECTION ( 'NONE',  ( 0.5406926394229364385, 0.8412202266195567546, -0.000000000000000000 ) ) ;
#1687 = CARTESIAN_POINT ( 'NONE',  ( -32.71548983060356619, -24.09804858293355778, 0.000000000000000000 ) ) ;
#1688 = VERTEX_POINT ( 'NONE', #4840 ) ;
#1689 = VECTOR ( 'NONE', #5906, 1000.000000000000000 ) ;
#1690 = AXIS2_PLACEMENT_3D ( 'NONE', #2186, #5990, #1717 ) ;
#1691 = CYLINDRICAL_SURFACE ( 'NONE', #2569, 4.005000000000001670 ) ;
#1692 = AXIS2_PLACEMENT_3D ( 'NONE', #934, #2836, #5167 ) ;
#1693 = AXIS2_PLACEMENT_3D ( 'NONE', #2938, #499, #3897 ) ;
#1694 = AXIS2_PLACEMENT_3D ( 'NONE', #4287, #2, #5158 ) ;
#1695 = LINE ( 'NONE', #3171, #3539 ) ;
#1696 = ORIENTED_EDGE ( 'NONE', *, *, #4178, .F. ) ;
#1697 = DIRECTION ( 'NONE',  ( 1.000000000000000000, 0.000000000000000000, 0.000000000000000000 ) ) ;
#1698 = ORIENTED_EDGE ( 'NONE', *, *, #3218, .T. ) ;
#1699 = DIRECTION ( 'NONE',  ( -0.3603684498749810672, 0.9328100451510497049, -0.000000000000000000 ) ) ;
#1700 = ADVANCED_FACE ( 'NONE', ( #1471 ), #4900, .F. ) ;
#1701 = DIRECTION ( 'NONE',  ( 0.000000000000000000, 0.000000000000000000, 1.000000000000000000 ) ) ;
#1702 = CYLINDRICAL_SURFACE ( 'NONE', #4926, 4.005000000000003446 ) ;
#1703 = ORIENTED_EDGE ( 'NONE', *, *, #5971, .F. ) ;
#1704 = ORIENTED_EDGE ( 'NONE', *, *, #2504, .T. ) ;
#1705 = EDGE_CURVE ( 'NONE', #3238, #3404, #4148, .T. ) ;
#1706 = CARTESIAN_POINT ( 'NONE',  ( -8.332926048928740670, -38.88526790231296104, 0.000000000000000000 ) ) ;
#1707 = ADVANCED_FACE ( 'NONE', ( #1105 ), #3010, .T. ) ;
#1708 = CARTESIAN_POINT ( 'NONE',  ( -36.18304898080721443, -21.08415842533863938, 3.000000000000000000 ) ) ;
#1709 = AXIS2_PLACEMENT_3D ( 'NONE', #2492, #1622, #1529 ) ;
#1710 = VERTEX_POINT ( 'NONE', #1927 ) ;
#1711 = DIRECTION ( 'NONE',  ( -0.000000000000000000, -0.000000000000000000, 1.000000000000000000 ) ) ;
#1712 = DIRECTION ( 'NONE',  ( 0.000000000000000000, 0.000000000000000000, 1.000000000000000000 ) ) ;
#1713 = CARTESIAN_POINT ( 'NONE',  ( -24.72746942367401601, 8.034441853748564455, 10.00000000000000000 ) ) ;
#1714 = ORIENTED_EDGE ( 'NONE', *, *, #51, .T. ) ;
#1715 = FACE_OUTER_BOUND ( 'NONE', #673, .T. ) ;
#1716 = ORIENTED_EDGE ( 'NONE', *, *, #3349, .F. ) ;
#1717 = DIRECTION ( 'NONE',  ( -1.000000000000000000, 0.000000000000000000, 0.000000000000000000 ) ) ;
#1718 = AXIS2_PLACEMENT_3D ( 'NONE', #3704, #5607, #5952 ) ;
#1719 = LINE ( 'NONE', #3131, #4275 ) ;
#1720 = EDGE_LOOP ( 'NONE', ( #2169, #3521, #4645, #5662 ) ) ;
#1721 = CARTESIAN_POINT ( 'NONE',  ( 18.64658269330395868, -31.55670959051498059, 3.000000000000000000 ) ) ;
#1722 = CIRCLE ( 'NONE', #3813, 4.005000000000001670 ) ;
#1723 = EDGE_LOOP ( 'NONE', ( #4098, #744, #1645, #2010 ) ) ;
#1724 = DIRECTION ( 'NONE',  ( 0.000000000000000000, 0.000000000000000000, -1.000000000000000000 ) ) ;
#1725 = EDGE_LOOP ( 'NONE', ( #5802, #3814, #3226, #3292 ) ) ;
#1726 = CARTESIAN_POINT ( 'NONE',  ( 1.815570296198429345E-13, -26.00000000000000000, 0.000000000000000000 ) ) ;
#1727 = ORIENTED_EDGE ( 'NONE', *, *, #4140, .F. ) ;
#1728 = CARTESIAN_POINT ( 'NONE',  ( -24.72746942367401601, 8.034441853748564455, 3.000000000000000000 ) ) ;
#1729 = CIRCLE ( 'NONE', #2030, 7.000000000000000000 ) ;
#1730 = CARTESIAN_POINT ( 'NONE',  ( 4.252355189909522437, -40.25987024618072496, 0.000000000000000000 ) ) ;
#1731 = EDGE_LOOP ( 'NONE', ( #796, #1560, #3322, #5401 ) ) ;
#1732 = DIRECTION ( 'NONE',  ( -1.000000000000000000, 0.000000000000000000, 0.000000000000000000 ) ) ;
#1733 = ORIENTED_EDGE ( 'NONE', *, *, #593, .F. ) ;
#1734 = ORIENTED_EDGE ( 'NONE', *, *, #5867, .T. ) ;
#1735 = CARTESIAN_POINT ( 'NONE',  ( -36.43168967376616507, 21.15043583100118951, 0.000000000000000000 ) ) ;
#1736 = AXIS2_PLACEMENT_3D ( 'NONE', #1275, #2649, #2713 ) ;
#1737 = CARTESIAN_POINT ( 'NONE',  ( 31.27027864416265857, 28.91500948497899870, 3.000000000000000000 ) ) ;
#1738 = ADVANCED_FACE ( 'NONE', ( #3245 ), #3708, .F. ) ;
#1739 = ORIENTED_EDGE ( 'NONE', *, *, #2669, .T. ) ;
#1740 = CARTESIAN_POINT ( 'NONE',  ( 24.72746942367399114, 8.034441853748626627, 3.000000000000000000 ) ) ;
#1741 = ADVANCED_FACE ( 'NONE', ( #1340 ), #5138, .F. ) ;
#1742 = AXIS2_PLACEMENT_3D ( 'NONE', #103, #579, #3420 ) ;
#1743 = DIRECTION ( 'NONE',  ( 1.000000000000000000, 0.000000000000000000, 0.000000000000000000 ) ) ;
#1744 = EDGE_CURVE ( 'NONE', #4086, #1241, #5942, .T. ) ;
#1745 = CARTESIAN_POINT ( 'NONE',  ( 0.3883374136555626244, -40.87187053907685907, 3.000000000000000000 ) ) ;
#1746 = ORIENTED_EDGE ( 'NONE', *, *, #1245, .F. ) ;
#1747 = CARTESIAN_POINT ( 'NONE',  ( -11.00000000000000000, -1.347111479062088405E-15, 3.000000000000000000 ) ) ;
#1748 = EDGE_LOOP ( 'NONE', ( #57, #464 ) ) ;
#1749 = CIRCLE ( 'NONE', #3052, 4.005000000000003446 ) ;
#1750 = CIRCLE ( 'NONE', #4227, 4.005000000000006111 ) ;
#1751 = DIRECTION ( 'NONE',  ( 1.000000000000000000, 0.000000000000000000, 0.000000000000000000 ) ) ;
#1752 = AXIS2_PLACEMENT_3D ( 'NONE', #5798, #3518, #1530 ) ;
#1753 = CIRCLE ( 'NONE', #560, 42.59000000000001052 ) ;
#1754 = DIRECTION ( 'NONE',  ( 1.000000000000000000, 0.000000000000000000, 0.000000000000000000 ) ) ;
#1755 = AXIS2_PLACEMENT_3D ( 'NONE', #4010, #5915, #1642 ) ;
#1756 = ORIENTED_EDGE ( 'NONE', *, *, #4452, .T. ) ;
#1757 = AXIS2_PLACEMENT_3D ( 'NONE', #5006, #835, #268 ) ;
#1758 = CARTESIAN_POINT ( 'NONE',  ( -12.33792604892930278, 38.88526790231278341, 0.000000000000000000 ) ) ;
#1759 = CIRCLE ( 'NONE', #1660, 4.005000000000006111 ) ;
#1760 = AXIS2_PLACEMENT_3D ( 'NONE', #3108, #2640, #2730 ) ;
#1761 = CYLINDRICAL_SURFACE ( 'NONE', #4440, 8.694264425220763925 ) ;
#1762 = ORIENTED_EDGE ( 'NONE', *, *, #6061, .T. ) ;
#1763 = CARTESIAN_POINT ( 'NONE',  ( -5.032257205299936587, 42.29165978558546612, 0.000000000000000000 ) ) ;
#1764 = ORIENTED_EDGE ( 'NONE', *, *, #6022, .F. ) ;
#1765 = DIRECTION ( 'NONE',  ( 0.000000000000000000, 0.000000000000000000, 1.000000000000000000 ) ) ;
#1766 = DIRECTION ( 'NONE',  ( -0.000000000000000000, -0.000000000000000000, -1.000000000000000000 ) ) ;
#1767 = FACE_OUTER_BOUND ( 'NONE', #1641, .T. ) ;
#1768 = CARTESIAN_POINT ( 'NONE',  ( -4.017551685328701438, -41.70669424522104407, 0.000000000000000000 ) ) ;
#1769 = EDGE_LOOP ( 'NONE', ( #2594, #191 ) ) ;
#1770 = ORIENTED_EDGE ( 'NONE', *, *, #1067, .T. ) ;
#1771 = DIRECTION ( 'NONE',  ( -0.8090169943749422332, -0.5877852522924801315, 0.000000000000000000 ) ) ;
#1772 = DIRECTION ( 'NONE',  ( 0.000000000000000000, 0.000000000000000000, -1.000000000000000000 ) ) ;
#1773 = EDGE_CURVE ( 'NONE', #4164, #1196, #1459, .T. ) ;
#1774 = ORIENTED_EDGE ( 'NONE', *, *, #3987, .T. ) ;
#1775 = DIRECTION ( 'NONE',  ( -0.000000000000000000, -0.000000000000000000, 1.000000000000000000 ) ) ;
#1776 = CARTESIAN_POINT ( 'NONE',  ( 37.31885645436632615, -20.52342692969187254, 0.000000000000000000 ) ) ;
#1777 = LINE ( 'NONE', #4146, #4282 ) ;
#1778 = ORIENTED_EDGE ( 'NONE', *, *, #3523, .F. ) ;
#1779 = DIRECTION ( 'NONE',  ( -0.000000000000000000, 0.000000000000000000, 1.000000000000000000 ) ) ;
#1780 = ORIENTED_EDGE ( 'NONE', *, *, #1604, .T. ) ;
#1781 = EDGE_CURVE ( 'NONE', #1274, #4164, #3769, .T. ) ;
#1782 = ADVANCED_FACE ( 'NONE', ( #462 ), #5200, .F. ) ;
#1783 = ADVANCED_FACE ( 'NONE', ( #4801 ), #5642, .F. ) ;
#1784 = CYLINDRICAL_SURFACE ( 'NONE', #900, 4.005000000000005222 ) ;
#1785 = CARTESIAN_POINT ( 'NONE',  ( -19.73075383944927452, 33.07778457408781492, 0.000000000000000000 ) ) ;
#1786 = ORIENTED_EDGE ( 'NONE', *, *, #5416, .F. ) ;
#1787 = EDGE_CURVE ( 'NONE', #4164, #4928, #5698, .T. ) ;
#1788 = EDGE_CURVE ( 'NONE', #1274, #6186, #3259, .T. ) ;
#1789 = CIRCLE ( 'NONE', #4775, 7.000000000000000000 ) ;
#1790 = CARTESIAN_POINT ( 'NONE',  ( -23.73575383944928063, 33.07778457408781492, 0.000000000000000000 ) ) ;
#1791 = AXIS2_PLACEMENT_3D ( 'NONE', #3595, #5442, #1149 ) ;
#1792 = DIRECTION ( 'NONE',  ( -3.492186772799750817E-15, 1.000000000000000000, 0.000000000000000000 ) ) ;
#1793 = VERTEX_POINT ( 'NONE', #1464 ) ;
#1794 = VECTOR ( 'NONE', #2285, 1000.000000000000000 ) ;
#1795 = DIRECTION ( 'NONE',  ( 0.000000000000000000, 0.000000000000000000, 1.000000000000000000 ) ) ;
#1796 = ORIENTED_EDGE ( 'NONE', *, *, #2812, .F. ) ;
#1797 = CARTESIAN_POINT ( 'NONE',  ( 41.00932234579961744, 8.784480569375514136, 3.000000000000000000 ) ) ;
#1798 = CIRCLE ( 'NONE', #5275, 4.005000000000002558 ) ;
#1799 = VECTOR ( 'NONE', #1171, 1000.000000000000227 ) ;
#1800 = CIRCLE ( 'NONE', #3691, 2.600000000000003197 ) ;
#1801 = DIRECTION ( 'NONE',  ( -0.000000000000000000, -0.000000000000000000, -1.000000000000000000 ) ) ;
#1802 = CARTESIAN_POINT ( 'NONE',  ( -12.33792604892874323, -38.88526790231296104, 0.000000000000000000 ) ) ;
#1803 = LINE ( 'NONE', #3702, #5226 ) ;
#1804 = AXIS2_PLACEMENT_3D ( 'NONE', #1911, #1330, #4161 ) ;
#1805 = ORIENTED_EDGE ( 'NONE', *, *, #2906, .T. ) ;
#1806 = LINE ( 'NONE', #3239, #3103 ) ;
#1807 = LINE ( 'NONE', #5131, #966 ) ;
#1808 = EDGE_LOOP ( 'NONE', ( #3037, #5368, #414, #583 ) ) ;
#1809 = DIRECTION ( 'NONE',  ( -0.000000000000000000, -0.000000000000000000, -1.000000000000000000 ) ) ;
#1810 = LINE ( 'NONE', #2306, #149 ) ;
#1811 = EDGE_CURVE ( 'NONE', #146, #3100, #1607, .T. ) ;
#1812 = CARTESIAN_POINT ( 'NONE',  ( 15.28241655960448675, -21.03444185374849695, 3.000000000000000000 ) ) ;
#1813 = DIRECTION ( 'NONE',  ( 0.000000000000000000, 0.000000000000000000, -1.000000000000000000 ) ) ;
#1814 = ORIENTED_EDGE ( 'NONE', *, *, #3349, .T. ) ;
#1815 = DIRECTION ( 'NONE',  ( 1.000000000000000000, 0.000000000000000000, 0.000000000000000000 ) ) ;
#1816 = CARTESIAN_POINT ( 'NONE',  ( -27.83620412999734128, -31.29407560814120970, 0.000000000000000000 ) ) ;
#1817 = EDGE_CURVE ( 'NONE', #3211, #4890, #394, .T. ) ;
#1818 = DIRECTION ( 'NONE',  ( -0.000000000000000000, -0.000000000000000000, 1.000000000000000000 ) ) ;
#1819 = EDGE_LOOP ( 'NONE', ( #2964, #2476 ) ) ;
#1820 = EDGE_CURVE ( 'NONE', #375, #142, #3988, .T. ) ;
#1821 = CARTESIAN_POINT ( 'NONE',  ( 9.082501176170758583, -40.91370791742377122, 3.000000000000000000 ) ) ;
#1822 = ADVANCED_FACE ( 'NONE', ( #1372 ), #3279, .T. ) ;
#1823 = CARTESIAN_POINT ( 'NONE',  ( 39.80845132062484737, 8.678897630671487562, 0.000000000000000000 ) ) ;
#1824 = ADVANCED_FACE ( 'NONE', ( #9 ), #2396, .T. ) ;
#1825 = CARTESIAN_POINT ( 'NONE',  ( 0.000000000000000000, 0.000000000000000000, 3.000000000000000000 ) ) ;
#1826 = ORIENTED_EDGE ( 'NONE', *, *, #4866, .F. ) ;
#1827 = DIRECTION ( 'NONE',  ( -0.000000000000000000, 0.000000000000000000, 1.000000000000000000 ) ) ;
#1828 = EDGE_CURVE ( 'NONE', #2844, #5592, #903, .T. ) ;
#1829 = CARTESIAN_POINT ( 'NONE',  ( -4.094706901388668996, 41.92345198454645328, 0.000000000000000000 ) ) ;
#1830 = CARTESIAN_POINT ( 'NONE',  ( -38.21857202264962439, 17.13203161488412718, 3.000000000000000000 ) ) ;
#1831 = ORIENTED_EDGE ( 'NONE', *, *, #608, .T. ) ;
#1832 = ADVANCED_FACE ( 'NONE', ( #4738 ), #2369, .T. ) ;
#1833 = DIRECTION ( 'NONE',  ( -0.000000000000000000, 0.000000000000000000, 1.000000000000000000 ) ) ;
#1834 = EDGE_LOOP ( 'NONE', ( #1002, #2498, #1936, #2631 ) ) ;
#1835 = CARTESIAN_POINT ( 'NONE',  ( 33.30881660225542618, -24.09804858293331975, 0.000000000000000000 ) ) ;
#1836 = DIRECTION ( 'NONE',  ( 0.000000000000000000, 0.000000000000000000, 1.000000000000000000 ) ) ;
#1837 = DIRECTION ( 'NONE',  ( -0.2245303111266835627, 0.9744671053377609304, 0.000000000000000000 ) ) ;
#1838 = PLANE ( 'NONE',  #2297 ) ;
#1839 = ORIENTED_EDGE ( 'NONE', *, *, #6130, .T. ) ;
#1840 = DIRECTION ( 'NONE',  ( -0.000000000000000000, 0.000000000000000000, 1.000000000000000000 ) ) ;
#1841 = CIRCLE ( 'NONE', #5220, 4.005000000000003446 ) ;
#1842 = LINE ( 'NONE', #1816, #1111 ) ;
#1843 = DIRECTION ( 'NONE',  ( -0.000000000000000000, -0.000000000000000000, -1.000000000000000000 ) ) ;
#1844 = ORIENTED_EDGE ( 'NONE', *, *, #6192, .T. ) ;
#1845 = VECTOR ( 'NONE', #4881, 1000.000000000000000 ) ;
#1846 = LINE ( 'NONE', #1910, #161 ) ;
#1847 = EDGE_CURVE ( 'NONE', #2714, #156, #1897, .T. ) ;
#1848 = CIRCLE ( 'NONE', #4033, 8.694264425220762149 ) ;
#1849 = AXIS2_PLACEMENT_3D ( 'NONE', #459, #3274, #874 ) ;
#1850 = VECTOR ( 'NONE', #1572, 1000.000000000000000 ) ;
#1851 = AXIS2_PLACEMENT_3D ( 'NONE', #323, #3116, #5502 ) ;
#1852 = LINE ( 'NONE', #4591, #6037 ) ;
#1853 = DIRECTION ( 'NONE',  ( 0.000000000000000000, 0.000000000000000000, 1.000000000000000000 ) ) ;
#1854 = AXIS2_PLACEMENT_3D ( 'NONE', #5197, #1896, #2367 ) ;
#1855 = VERTEX_POINT ( 'NONE', #5395 ) ;
#1856 = DIRECTION ( 'NONE',  ( -0.3090169943749383474, -0.9510565162951566398, 0.000000000000000000 ) ) ;
#1857 = EDGE_CURVE ( 'NONE', #817, #10, #2421, .T. ) ;
#1858 = ADVANCED_FACE ( 'NONE', ( #1092 ), #177, .T. ) ;
#1859 = CARTESIAN_POINT ( 'NONE',  ( -19.73075383944927452, 33.07778457408781492, 3.000000000000000000 ) ) ;
#1860 = CARTESIAN_POINT ( 'NONE',  ( 12.83957879275116731, -38.89978764190303906, 3.000000000000000000 ) ) ;
#1861 = AXIS2_PLACEMENT_3D ( 'NONE', #5619, #1349, #917 ) ;
#1862 = ORIENTED_EDGE ( 'NONE', *, *, #827, .F. ) ;
#1863 = ORIENTED_EDGE ( 'NONE', *, *, #5407, .T. ) ;
#1864 = CARTESIAN_POINT ( 'NONE',  ( -23.73575383944928063, 33.07778457408781492, 0.000000000000000000 ) ) ;
#1865 = EDGE_CURVE ( 'NONE', #5446, #2681, #3429, .T. ) ;
#1866 = EDGE_LOOP ( 'NONE', ( #2570, #5636, #2578, #2188 ) ) ;
#1867 = DIRECTION ( 'NONE',  ( -0.8368276178719341596, 0.5474664720024269293, -0.000000000000000000 ) ) ;
#1868 = DIRECTION ( 'NONE',  ( -0.9325400316191085892, -0.3610665997123411186, 0.000000000000000000 ) ) ;
#1869 = DIRECTION ( 'NONE',  ( 1.000000000000000000, 0.000000000000000000, 0.000000000000000000 ) ) ;
#1870 = DIRECTION ( 'NONE',  ( 0.7745362051883720733, 0.6325295778478632336, -0.000000000000000000 ) ) ;
#1871 = ORIENTED_EDGE ( 'NONE', *, *, #4684, .T. ) ;
#1872 = CARTESIAN_POINT ( 'NONE',  ( 36.33288492289326399, 20.94598947935136835, 0.000000000000000000 ) ) ;
#1873 = ORIENTED_EDGE ( 'NONE', *, *, #3686, .F. ) ;
#1874 = VECTOR ( 'NONE', #1974, 1000.000000000000114 ) ;
#1875 = DIRECTION ( 'NONE',  ( 0.000000000000000000, -0.000000000000000000, 1.000000000000000000 ) ) ;
#1876 = CARTESIAN_POINT ( 'NONE',  ( 15.28241655960448675, -21.03444185374849695, 3.000000000000000000 ) ) ;
#1877 = ORIENTED_EDGE ( 'NONE', *, *, #5481, .T. ) ;
#1878 = DIRECTION ( 'NONE',  ( 0.000000000000000000, 0.000000000000000000, 1.000000000000000000 ) ) ;
#1879 = EDGE_CURVE ( 'NONE', #1516, #5708, #5078, .T. ) ;
#1880 = LINE ( 'NONE', #3228, #155 ) ;
#1881 = EDGE_LOOP ( 'NONE', ( #2409, #3432, #4802, #1979 ) ) ;
#1882 = DIRECTION ( 'NONE',  ( -0.000000000000000000, -0.000000000000000000, -1.000000000000000000 ) ) ;
#1883 = ORIENTED_EDGE ( 'NONE', *, *, #3997, .T. ) ;
#1884 = ORIENTED_EDGE ( 'NONE', *, *, #4294, .T. ) ;
#1885 = ADVANCED_FACE ( 'NONE', ( #5420 ), #4352, .T. ) ;
#1886 = DIRECTION ( 'NONE',  ( 0.000000000000000000, 0.000000000000000000, 1.000000000000000000 ) ) ;
#1887 = AXIS2_PLACEMENT_3D ( 'NONE', #5089, #2292, #5686 ) ;
#1888 = CARTESIAN_POINT ( 'NONE',  ( 31.42062151282033611, -28.75156767461720264, 0.000000000000000000 ) ) ;
#1889 = DIRECTION ( 'NONE',  ( 1.000000000000000000, 0.000000000000000000, 0.000000000000000000 ) ) ;
#1890 = ORIENTED_EDGE ( 'NONE', *, *, #5511, .F. ) ;
#1891 = CARTESIAN_POINT ( 'NONE',  ( 0.000000000000000000, 0.000000000000000000, 3.000000000000000000 ) ) ;
#1892 = EDGE_CURVE ( 'NONE', #4327, #3400, #2296, .T. ) ;
#1893 = CARTESIAN_POINT ( 'NONE',  ( -32.78112118826260257, 24.03241722527427271, 3.000000000000000000 ) ) ;
#1894 = AXIS2_PLACEMENT_3D ( 'NONE', #3013, #1507, #4905 ) ;
#1895 = VERTEX_POINT ( 'NONE', #2086 ) ;
#1896 = DIRECTION ( 'NONE',  ( -0.000000000000000000, -0.000000000000000000, 1.000000000000000000 ) ) ;
#1897 = CIRCLE ( 'NONE', #1307, 4.005000000000008775 ) ;
#1898 = VECTOR ( 'NONE', #2873, 1000.000000000000000 ) ;
#1899 = CARTESIAN_POINT ( 'NONE',  ( -10.28241655960433754, 21.03444185374861419, 3.000000000000000000 ) ) ;
#1900 = ADVANCED_FACE ( 'NONE', ( #3955 ), #1158, .F. ) ;
#1901 = AXIS2_PLACEMENT_3D ( 'NONE', #870, #4255, #420 ) ;
#1902 = EDGE_CURVE ( 'NONE', #5102, #3404, #602, .T. ) ;
#1903 = DIRECTION ( 'NONE',  ( -0.000000000000000000, -0.000000000000000000, 1.000000000000000000 ) ) ;
#1904 = CARTESIAN_POINT ( 'NONE',  ( -12.33792604892930278, 38.88526790231278341, 3.000000000000000000 ) ) ;
#1905 = VERTEX_POINT ( 'NONE', #3982 ) ;
#1906 = CARTESIAN_POINT ( 'NONE',  ( -15.90640717830317818, -37.06703595085611624, 3.000000000000000000 ) ) ;
#1907 = CARTESIAN_POINT ( 'NONE',  ( 9.082601838876325218, -40.87187053907685907, 0.000000000000000000 ) ) ;
#1908 = DIRECTION ( 'NONE',  ( -0.000000000000000000, -0.000000000000000000, 1.000000000000000000 ) ) ;
#1909 = VERTEX_POINT ( 'NONE', #3893 ) ;
#1910 = CARTESIAN_POINT ( 'NONE',  ( -29.94915852961052849, 26.86437988392645337, 0.000000000000000000 ) ) ;
#1911 = CARTESIAN_POINT ( 'NONE',  ( 41.16853392490270380, -0.09167402782926549476, 0.000000000000000000 ) ) ;
#1912 = DIRECTION ( 'NONE',  ( 1.000000000000000000, 0.000000000000000000, 0.000000000000000000 ) ) ;
#1913 = DIRECTION ( 'NONE',  ( -0.000000000000000000, -0.000000000000000000, 1.000000000000000000 ) ) ;
#1914 = EDGE_LOOP ( 'NONE', ( #4874, #5208 ) ) ;
#1915 = VERTEX_POINT ( 'NONE', #4317 ) ;
#1916 = DIRECTION ( 'NONE',  ( 1.000000000000000000, 0.000000000000000000, -0.000000000000000000 ) ) ;
#1917 = DIRECTION ( 'NONE',  ( -0.000000000000000000, -0.000000000000000000, -1.000000000000000000 ) ) ;
#1918 = CARTESIAN_POINT ( 'NONE',  ( 42.27830066339485171, 5.143286207823522638, 0.000000000000000000 ) ) ;
#1919 = VERTEX_POINT ( 'NONE', #4457 ) ;
#1920 = VERTEX_POINT ( 'NONE', #2489 ) ;
#1921 = CARTESIAN_POINT ( 'NONE',  ( -23.65305350419423291, 33.11992249958210266, 0.000000000000000000 ) ) ;
#1922 = DIRECTION ( 'NONE',  ( 0.000000000000000000, 0.000000000000000000, 1.000000000000000000 ) ) ;
#1923 = CIRCLE ( 'NONE', #3033, 42.59000000000001052 ) ;
#1924 = ORIENTED_EDGE ( 'NONE', *, *, #1512, .T. ) ;
#1925 = DIRECTION ( 'NONE',  ( 1.000000000000000000, 0.000000000000000000, 0.000000000000000000 ) ) ;
#1926 = DIRECTION ( 'NONE',  ( 1.000000000000000000, 0.000000000000000000, 0.000000000000000000 ) ) ;
#1927 = CARTESIAN_POINT ( 'NONE',  ( -2.600000000000006750, 11.00000000000000000, 3.000000000000000000 ) ) ;
#1928 = VERTEX_POINT ( 'NONE', #3514 ) ;
#1929 = LINE ( 'NONE', #5263, #4117 ) ;
#1930 = EDGE_CURVE ( 'NONE', #2053, #3661, #5476, .T. ) ;
#1931 = EDGE_CURVE ( 'NONE', #392, #3127, #4922, .T. ) ;
#1932 = EDGE_CURVE ( 'NONE', #2561, #3894, #3863, .T. ) ;
#1933 = DIRECTION ( 'NONE',  ( 1.000000000000000000, 0.000000000000000000, 0.000000000000000000 ) ) ;
#1934 = VECTOR ( 'NONE', #3740, 1000.000000000000000 ) ;
#1935 = LINE ( 'NONE', #48, #6084 ) ;
#1936 = ORIENTED_EDGE ( 'NONE', *, *, #4912, .T. ) ;
#1937 = AXIS2_PLACEMENT_3D ( 'NONE', #4823, #174, #3061 ) ;
#1938 = CARTESIAN_POINT ( 'NONE',  ( -28.83146179316142010, -31.34732701315175873, 3.000000000000000000 ) ) ;
#1939 = DIRECTION ( 'NONE',  ( -1.000000000000000000, 0.000000000000000000, 0.000000000000000000 ) ) ;
#1940 = CARTESIAN_POINT ( 'NONE',  ( 21.03082861136626036, -37.03528517399777087, 0.000000000000000000 ) ) ;
#1941 = AXIS2_PLACEMENT_3D ( 'NONE', #3366, #3326, #2862 ) ;
#1942 = CARTESIAN_POINT ( 'NONE',  ( 37.36369933668201782, -16.20307056412887903, 0.000000000000000000 ) ) ;
#1943 = ORIENTED_EDGE ( 'NONE', *, *, #952, .F. ) ;
#1944 = CARTESIAN_POINT ( 'NONE',  ( 5.000000000000000888, 25.99999999999999645, 10.00000000000000000 ) ) ;
#1945 = CARTESIAN_POINT ( 'NONE',  ( 0.000000000000000000, 0.000000000000000000, 3.000000000000000000 ) ) ;
#1946 = AXIS2_PLACEMENT_3D ( 'NONE', #25, #2795, #1856 ) ;
#1947 = AXIS2_PLACEMENT_3D ( 'NONE', #4612, #2212, #1249 ) ;
#1948 = CARTESIAN_POINT ( 'NONE',  ( 3.999999999999949818, -9.526279441628858535, -5.450000000000000178 ) ) ;
#1949 = VECTOR ( 'NONE', #2571, 1000.000000000000000 ) ;
#1950 = DIRECTION ( 'NONE',  ( 0.000000000000000000, 0.000000000000000000, 1.000000000000000000 ) ) ;
#1951 = CIRCLE ( 'NONE', #5437, 42.59000000000001052 ) ;
#1952 = ORIENTED_EDGE ( 'NONE', *, *, #4408, .T. ) ;
#1953 = CARTESIAN_POINT ( 'NONE',  ( -19.73075383944878780, -33.07778457408817729, 0.000000000000000000 ) ) ;
#1954 = AXIS2_PLACEMENT_3D ( 'NONE', #569, #5804, #1569 ) ;
#1955 = ORIENTED_EDGE ( 'NONE', *, *, #911, .F. ) ;
#1956 = FACE_BOUND ( 'NONE', #568, .T. ) ;
#1957 = ORIENTED_EDGE ( 'NONE', *, *, #4609, .F. ) ;
#1958 = CARTESIAN_POINT ( 'NONE',  ( -20.82461210923901973, -36.61529294760672570, 0.000000000000000000 ) ) ;
#1959 = DIRECTION ( 'NONE',  ( -1.000000000000000000, 0.000000000000000000, 0.000000000000000000 ) ) ;
#1960 = ORIENTED_EDGE ( 'NONE', *, *, #1773, .T. ) ;
#1961 = DIRECTION ( 'NONE',  ( 0.000000000000000000, 0.000000000000000000, 1.000000000000000000 ) ) ;
#1962 = CARTESIAN_POINT ( 'NONE',  ( -29.72746942367401601, 8.034441853748564455, 10.00000000000000000 ) ) ;
#1963 = DIRECTION ( 'NONE',  ( -0.000000000000000000, -0.000000000000000000, 1.000000000000000000 ) ) ;
#1964 = ADVANCED_FACE ( 'NONE', ( #5894 ), #1620, .F. ) ;
#1965 = ORIENTED_EDGE ( 'NONE', *, *, #3954, .T. ) ;
#1966 = CARTESIAN_POINT ( 'NONE',  ( -4.770920966160784538, -42.32193772896803807, 3.000000000000000000 ) ) ;
#1967 = AXIS2_PLACEMENT_3D ( 'NONE', #2802, #4701, #422 ) ;
#1968 = DIRECTION ( 'NONE',  ( -1.000000000000000000, 0.000000000000000000, 0.000000000000000000 ) ) ;
#1969 = CARTESIAN_POINT ( 'NONE',  ( 31.42062151282033611, -28.75156767461720264, 3.000000000000000000 ) ) ;
#1970 = CARTESIAN_POINT ( 'NONE',  ( -6.735557395310441826E-15, 11.00000000000000000, -7.000000000000000000 ) ) ;
#1971 = EDGE_CURVE ( 'NONE', #5117, #3025, #5761, .T. ) ;
#1972 = ORIENTED_EDGE ( 'NONE', *, *, #523, .F. ) ;
#1973 = EDGE_CURVE ( 'NONE', #2941, #2132, #4689, .T. ) ;
#1974 = DIRECTION ( 'NONE',  ( 0.7744898888064561948, -0.6325862882931965192, -0.000000000000000000 ) ) ;
#1975 = CARTESIAN_POINT ( 'NONE',  ( 7.806255641895631925E-15, -11.00000000000000000, -7.000000000000000000 ) ) ;
#1976 = DIRECTION ( 'NONE',  ( 1.000000000000000000, -5.387176138271694120E-15, 0.000000000000000000 ) ) ;
#1977 = ORIENTED_EDGE ( 'NONE', *, *, #3796, .F. ) ;
#1978 = FACE_OUTER_BOUND ( 'NONE', #4987, .T. ) ;
#1979 = ORIENTED_EDGE ( 'NONE', *, *, #561, .F. ) ;
#1980 = DIRECTION ( 'NONE',  ( 0.04600324397951119360, -0.9989412903386072351, 0.000000000000000000 ) ) ;
#1981 = AXIS2_PLACEMENT_3D ( 'NONE', #3565, #284, #3137 ) ;
#1982 = VERTEX_POINT ( 'NONE', #3312 ) ;
#1983 = DIRECTION ( 'NONE',  ( 0.000000000000000000, 0.000000000000000000, 1.000000000000000000 ) ) ;
#1984 = ORIENTED_EDGE ( 'NONE', *, *, #1215, .F. ) ;
#1985 = DIRECTION ( 'NONE',  ( -0.000000000000000000, -0.000000000000000000, -1.000000000000000000 ) ) ;
#1986 = CARTESIAN_POINT ( 'NONE',  ( 24.32908061110071429, -33.07778457408799966, 0.000000000000000000 ) ) ;
#1987 = AXIS2_PLACEMENT_3D ( 'NONE', #1142, #3043, #1630 ) ;
#1988 = ORIENTED_EDGE ( 'NONE', *, *, #3345, .F. ) ;
#1989 = AXIS2_PLACEMENT_3D ( 'NONE', #4588, #4656, #373 ) ;
#1990 = CYLINDRICAL_SURFACE ( 'NONE', #4235, 8.694264425220762149 ) ;
#1991 = AXIS2_PLACEMENT_3D ( 'NONE', #4835, #2458, #2497 ) ;
#1992 = DIRECTION ( 'NONE',  ( 0.000000000000000000, 0.000000000000000000, 1.000000000000000000 ) ) ;
#1993 = ORIENTED_EDGE ( 'NONE', *, *, #5409, .F. ) ;
#1994 = CARTESIAN_POINT ( 'NONE',  ( -40.58972689284099999, -6.071532165918824830E-15, 0.000000000000000000 ) ) ;
#1995 = ORIENTED_EDGE ( 'NONE', *, *, #1245, .T. ) ;
#1996 = ORIENTED_EDGE ( 'NONE', *, *, #4652, .T. ) ;
#1997 = DIRECTION ( 'NONE',  ( 0.000000000000000000, 0.000000000000000000, 1.000000000000000000 ) ) ;
#1998 = EDGE_CURVE ( 'NONE', #6011, #2587, #3786, .T. ) ;
#1999 = DIRECTION ( 'NONE',  ( 0.8090169943749465631, 0.5877852522924741363, 0.000000000000000000 ) ) ;
#2000 = CYLINDRICAL_SURFACE ( 'NONE', #658, 5.000000000000000888 ) ;
#2001 = CARTESIAN_POINT ( 'NONE',  ( -31.14679297339820252, -28.36078583729581837, 3.000000000000000000 ) ) ;
#2002 = ORIENTED_EDGE ( 'NONE', *, *, #3725, .T. ) ;
#2003 = CARTESIAN_POINT ( 'NONE',  ( 0.2049893579964236490, -40.87187053907685907, 0.000000000000000000 ) ) ;
#2004 = FACE_OUTER_BOUND ( 'NONE', #4209, .T. ) ;
#2005 = VECTOR ( 'NONE', #5831, 1000.000000000000000 ) ;
#2006 = EDGE_CURVE ( 'NONE', #3170, #2375, #5677, .T. ) ;
#2007 = EDGE_CURVE ( 'NONE', #976, #936, #6177, .T. ) ;
#2008 = ADVANCED_FACE ( 'NONE', ( #4207 ), #468, .F. ) ;
#2009 = DIRECTION ( 'NONE',  ( -0.3090169943749205284, -0.9510565162951623019, 0.000000000000000000 ) ) ;
#2010 = ORIENTED_EDGE ( 'NONE', *, *, #5084, .T. ) ;
#2011 = CARTESIAN_POINT ( 'NONE',  ( -15.90640717830370932, 37.06703595085587466, 0.000000000000000000 ) ) ;
#2012 = DIRECTION ( 'NONE',  ( -0.6106995942509771957, -0.7918623653020087083, 0.000000000000000000 ) ) ;
#2013 = ORIENTED_EDGE ( 'NONE', *, *, #4059, .F. ) ;
#2014 = DIRECTION ( 'NONE',  ( 0.000000000000000000, -0.000000000000000000, -1.000000000000000000 ) ) ;
#2015 = EDGE_CURVE ( 'NONE', #1638, #2714, #5240, .T. ) ;
#2016 = EDGE_LOOP ( 'NONE', ( #2874, #623, #4582, #2341 ) ) ;
#2017 = CARTESIAN_POINT ( 'NONE',  ( -38.60312425607723696, -12.54291540692518936, 0.000000000000000000 ) ) ;
#2018 = CIRCLE ( 'NONE', #1524, 2.600000000000000089 ) ;
#2019 = ORIENTED_EDGE ( 'NONE', *, *, #1557, .T. ) ;
#2020 = CYLINDRICAL_SURFACE ( 'NONE', #4221, 4.005000000000005222 ) ;
#2021 = CARTESIAN_POINT ( 'NONE',  ( 33.41658588540802555, 23.94971689001995330, 0.000000000000000000 ) ) ;
#2022 = EDGE_LOOP ( 'NONE', ( #282, #2167, #4004, #100 ) ) ;
#2023 = DIRECTION ( 'NONE',  ( -0.9510565162951510887, -0.3090169943749548898, 0.000000000000000000 ) ) ;
#2024 = DIRECTION ( 'NONE',  ( 1.000000000000000000, 0.000000000000000000, 0.000000000000000000 ) ) ;
#2025 = CARTESIAN_POINT ( 'NONE',  ( 6.926279441628826028, -5.499999999999992006, 3.000000000000000000 ) ) ;
#2026 = ORIENTED_EDGE ( 'NONE', *, *, #3090, .F. ) ;
#2027 = ORIENTED_EDGE ( 'NONE', *, *, #5554, .F. ) ;
#2028 = ORIENTED_EDGE ( 'NONE', *, *, #6147, .F. ) ;
#2029 = DIRECTION ( 'NONE',  ( -0.000000000000000000, -0.000000000000000000, -1.000000000000000000 ) ) ;
#2030 = AXIS2_PLACEMENT_3D ( 'NONE', #557, #2839, #1497 ) ;
#2031 = LINE ( 'NONE', #4398, #390 ) ;
#2032 = DIRECTION ( 'NONE',  ( -0.000000000000000000, 0.000000000000000000, 1.000000000000000000 ) ) ;
#2033 = CYLINDRICAL_SURFACE ( 'NONE', #1292, 4.005000000000003446 ) ;
#2034 = ORIENTED_EDGE ( 'NONE', *, *, #867, .T. ) ;
#2035 = AXIS2_PLACEMENT_3D ( 'NONE', #3571, #5916, #1213 ) ;
#2036 = VERTEX_POINT ( 'NONE', #2785 ) ;
#2037 = DIRECTION ( 'NONE',  ( -0.000000000000000000, -0.000000000000000000, 1.000000000000000000 ) ) ;
#2038 = CIRCLE ( 'NONE', #6027, 5.000000000000000888 ) ;
#2039 = CARTESIAN_POINT ( 'NONE',  ( 33.41658588540837371, -23.94971689001946658, 0.000000000000000000 ) ) ;
#2040 = EDGE_LOOP ( 'NONE', ( #153, #229, #3633, #3994 ) ) ;
#2041 = DIRECTION ( 'NONE',  ( -0.000000000000000000, -0.000000000000000000, 1.000000000000000000 ) ) ;
#2042 = DIRECTION ( 'NONE',  ( -0.3090169943749515036, 0.9510565162951523099, 0.000000000000000000 ) ) ;
#2043 = AXIS2_PLACEMENT_3D ( 'NONE', #5690, #511, #2410 ) ;
#2044 = VERTEX_POINT ( 'NONE', #2872 ) ;
#2045 = ADVANCED_FACE ( 'NONE', ( #4298 ), #4180, .F. ) ;
#2046 = EDGE_CURVE ( 'NONE', #1508, #2773, #1842, .T. ) ;
#2047 = VECTOR ( 'NONE', #1536, 1000.000000000000000 ) ;
#2048 = CARTESIAN_POINT ( 'NONE',  ( -40.94573803496157893, -8.778039249333797756, 0.000000000000000000 ) ) ;
#2049 = AXIS2_PLACEMENT_3D ( 'NONE', #481, #6043, #1332 ) ;
#2050 = ORIENTED_EDGE ( 'NONE', *, *, #979, .F. ) ;
#2051 = LINE ( 'NONE', #5392, #2659 ) ;
#2052 = CIRCLE ( 'NONE', #962, 2.600000000000000089 ) ;
#2053 = VERTEX_POINT ( 'NONE', #938 ) ;
#2054 = CIRCLE ( 'NONE', #3742, 5.000000000000000888 ) ;
#2055 = FACE_OUTER_BOUND ( 'NONE', #3924, .T. ) ;
#2056 = DIRECTION ( 'NONE',  ( 1.037530219222697405E-14, -1.000000000000000000, 0.000000000000000000 ) ) ;
#2057 = CIRCLE ( 'NONE', #1264, 4.005000000000003446 ) ;
#2058 = EDGE_LOOP ( 'NONE', ( #3015, #2508, #5949, #4090 ) ) ;
#2059 = EDGE_CURVE ( 'NONE', #4728, #452, #3713, .T. ) ;
#2060 = EDGE_CURVE ( 'NONE', #5403, #2485, #5388, .T. ) ;
#2061 = CARTESIAN_POINT ( 'NONE',  ( 24.32908061110023112, 33.07778457408836204, 0.000000000000000000 ) ) ;
#2062 = AXIS2_PLACEMENT_3D ( 'NONE', #4261, #3733, #2778 ) ;
#2063 = AXIS2_PLACEMENT_3D ( 'NONE', #254, #3624, #3659 ) ;
#2064 = CARTESIAN_POINT ( 'NONE',  ( -8.382234244845212956, -39.51178793479910212, 0.000000000000000000 ) ) ;
#2065 = CARTESIAN_POINT ( 'NONE',  ( 4.597221758081750487, 41.66633502243079334, 3.000000000000000000 ) ) ;
#2066 = ORIENTED_EDGE ( 'NONE', *, *, #605, .F. ) ;
#2067 = VERTEX_POINT ( 'NONE', #5733 ) ;
#2068 = EDGE_CURVE ( 'NONE', #378, #292, #4804, .T. ) ;
#2069 = CARTESIAN_POINT ( 'NONE',  ( -32.78112118826224020, -24.03241722527476298, 3.000000000000000000 ) ) ;
#2070 = PLANE ( 'NONE',  #1947 ) ;
#2071 = CARTESIAN_POINT ( 'NONE',  ( -15.28241655960418299, -21.03444185374871367, 10.00000000000000000 ) ) ;
#2072 = EDGE_LOOP ( 'NONE', ( #3949, #2355 ) ) ;
#2073 = CARTESIAN_POINT ( 'NONE',  ( 15.28241655960402312, 21.03444185374883801, 0.000000000000000000 ) ) ;
#2074 = LINE ( 'NONE', #3592, #1255 ) ;
#2075 = CARTESIAN_POINT ( 'NONE',  ( -23.80138519710808254, 33.01215321642914091, 0.000000000000000000 ) ) ;
#2076 = DIRECTION ( 'NONE',  ( -0.000000000000000000, -0.000000000000000000, 1.000000000000000000 ) ) ;
#2077 = VERTEX_POINT ( 'NONE', #1907 ) ;
#2078 = ORIENTED_EDGE ( 'NONE', *, *, #3688, .F. ) ;
#2079 = DIRECTION ( 'NONE',  ( -0.000000000000000000, 0.000000000000000000, 1.000000000000000000 ) ) ;
#2080 = EDGE_CURVE ( 'NONE', #3715, #419, #882, .T. ) ;
#2081 = VERTEX_POINT ( 'NONE', #2339 ) ;
#2082 = DIRECTION ( 'NONE',  ( 0.000000000000000000, 0.000000000000000000, -1.000000000000000000 ) ) ;
#2083 = ORIENTED_EDGE ( 'NONE', *, *, #4761, .T. ) ;
#2084 = CARTESIAN_POINT ( 'NONE',  ( 39.13979336264454645, 12.71728977001014371, 0.000000000000000000 ) ) ;
#2085 = EDGE_CURVE ( 'NONE', #3070, #146, #498, .T. ) ;
#2086 = CARTESIAN_POINT ( 'NONE',  ( 7.000000000000000000, 8.572527594031473190E-16, 3.000000000000000000 ) ) ;
#2087 = VERTEX_POINT ( 'NONE', #403 ) ;
#2088 = DIRECTION ( 'NONE',  ( -1.000000000000000000, -7.182901517695591108E-15, 0.000000000000000000 ) ) ;
#2089 = AXIS2_PLACEMENT_3D ( 'NONE', #5744, #1573, #3471 ) ;
#2090 = EDGE_CURVE ( 'NONE', #2454, #5809, #1166, .T. ) ;
#2091 = EDGE_CURVE ( 'NONE', #2330, #710, #5332, .T. ) ;
#2092 = CARTESIAN_POINT ( 'NONE',  ( 33.37444795991373780, 24.03241722527500457, 0.000000000000000000 ) ) ;
#2093 = ADVANCED_FACE ( 'NONE', ( #3803 ), #2399, .T. ) ;
#2094 = EDGE_LOOP ( 'NONE', ( #536, #885, #2809, #2175 ) ) ;
#2095 = VECTOR ( 'NONE', #3195, 1000.000000000000000 ) ;
#2096 = DIRECTION ( 'NONE',  ( -0.000000000000000000, -0.000000000000000000, 1.000000000000000000 ) ) ;
#2097 = ORIENTED_EDGE ( 'NONE', *, *, #532, .F. ) ;
#2098 = EDGE_LOOP ( 'NONE', ( #674, #4141, #4670, #795 ) ) ;
#2099 = CIRCLE ( 'NONE', #5578, 4.005000000000006111 ) ;
#2100 = AXIS2_PLACEMENT_3D ( 'NONE', #2155, #4845, #985 ) ;
#2101 = LINE ( 'NONE', #3999, #4184 ) ;
#2102 = DIRECTION ( 'NONE',  ( 1.000000000000000000, 0.000000000000000000, 0.000000000000000000 ) ) ;
#2103 = VECTOR ( 'NONE', #5861, 1000.000000000000000 ) ;
#2104 = CIRCLE ( 'NONE', #4783, 8.694264425220765702 ) ;
#2105 = DIRECTION ( 'NONE',  ( 1.000000000000000000, 0.000000000000000000, 0.000000000000000000 ) ) ;
#2106 = VERTEX_POINT ( 'NONE', #3835 ) ;
#2107 = VERTEX_POINT ( 'NONE', #1467 ) ;
#2108 = CARTESIAN_POINT ( 'NONE',  ( 38.40817702442034687, -16.83113193255801221, 0.000000000000000000 ) ) ;
#2109 = CARTESIAN_POINT ( 'NONE',  ( 24.24638027584568079, -33.11992249958226608, 0.000000000000000000 ) ) ;
#2110 = PLANE ( 'NONE',  #4776 ) ;
#2111 = EDGE_LOOP ( 'NONE', ( #552, #637, #1716, #3192 ) ) ;
#2112 = ORIENTED_EDGE ( 'NONE', *, *, #98, .F. ) ;
#2113 = DIRECTION ( 'NONE',  ( -0.000000000000000000, -0.000000000000000000, -1.000000000000000000 ) ) ;
#2114 = VERTEX_POINT ( 'NONE', #3376 ) ;
#2115 = CYLINDRICAL_SURFACE ( 'NONE', #1755, 4.005000000000001670 ) ;
#2116 = DIRECTION ( 'NONE',  ( 0.000000000000000000, 0.000000000000000000, -1.000000000000000000 ) ) ;
#2117 = EDGE_LOOP ( 'NONE', ( #954, #1805, #3497, #1890 ) ) ;
#2118 = VERTEX_POINT ( 'NONE', #5265 ) ;
#2119 = DIRECTION ( 'NONE',  ( 1.000000000000000000, 0.000000000000000000, 0.000000000000000000 ) ) ;
#2120 = DIRECTION ( 'NONE',  ( 1.000000000000000000, 0.000000000000000000, 0.000000000000000000 ) ) ;
#2121 = FACE_OUTER_BOUND ( 'NONE', #4254, .T. ) ;
#2122 = LINE ( 'NONE', #5899, #3004 ) ;
#2123 = ORIENTED_EDGE ( 'NONE', *, *, #3644, .T. ) ;
#2124 = VERTEX_POINT ( 'NONE', #2284 ) ;
#2125 = EDGE_CURVE ( 'NONE', #222, #3784, #1133, .T. ) ;
#2126 = EDGE_CURVE ( 'NONE', #1000, #2823, #4643, .T. ) ;
#2127 = CYLINDRICAL_SURFACE ( 'NONE', #707, 8.694264425220763925 ) ;
#2128 = DIRECTION ( 'NONE',  ( -1.000000000000000000, 0.000000000000000000, 0.000000000000000000 ) ) ;
#2129 = VERTEX_POINT ( 'NONE', #1501 ) ;
#2130 = CARTESIAN_POINT ( 'NONE',  ( 3.999999999999949818, -9.526279441628858535, -7.000000000000000000 ) ) ;
#2131 = CARTESIAN_POINT ( 'NONE',  ( 9.082601838876325218, -40.87187053907685907, 0.000000000000000000 ) ) ;
#2132 = VERTEX_POINT ( 'NONE', #1066 ) ;
#2133 = CARTESIAN_POINT ( 'NONE',  ( 0.000000000000000000, 0.000000000000000000, -5.450000000000000178 ) ) ;
#2134 = ORIENTED_EDGE ( 'NONE', *, *, #6052, .F. ) ;
#2135 = DIRECTION ( 'NONE',  ( -0.000000000000000000, -0.000000000000000000, -1.000000000000000000 ) ) ;
#2136 = AXIS2_PLACEMENT_3D ( 'NONE', #1674, #2116, #1732 ) ;
#2137 = ORIENTED_EDGE ( 'NONE', *, *, #12, .F. ) ;
#2138 = LINE ( 'NONE', #3631, #3354 ) ;
#2139 = DIRECTION ( 'NONE',  ( 0.9510565162951533091, 0.3090169943749481729, 0.000000000000000000 ) ) ;
#2140 = EDGE_LOOP ( 'NONE', ( #2251, #3472 ) ) ;
#2141 = AXIS2_PLACEMENT_3D ( 'NONE', #2109, #5441, #1205 ) ;
#2142 = EDGE_LOOP ( 'NONE', ( #5325, #1636, #559, #2632 ) ) ;
#2143 = DIRECTION ( 'NONE',  ( -1.000000000000000000, 0.000000000000000000, 0.000000000000000000 ) ) ;
#2144 = DIRECTION ( 'NONE',  ( 0.3513643657326206426, -0.9362387956570231706, -0.000000000000000000 ) ) ;
#2145 = AXIS2_PLACEMENT_3D ( 'NONE', #3785, #4192, #6102 ) ;
#2146 = VECTOR ( 'NONE', #5103, 1000.000000000000000 ) ;
#2147 = CIRCLE ( 'NONE', #1651, 2.600000000000000089 ) ;
#2148 = AXIS2_PLACEMENT_3D ( 'NONE', #263, #767, #4569 ) ;
#2149 = VERTEX_POINT ( 'NONE', #180 ) ;
#2150 = CARTESIAN_POINT ( 'NONE',  ( 7.000000000000000000, 8.572527594031473190E-16, 3.001000000000000334 ) ) ;
#2151 = AXIS2_PLACEMENT_3D ( 'NONE', #1429, #3332, #968 ) ;
#2152 = FACE_OUTER_BOUND ( 'NONE', #2863, .T. ) ;
#2153 = EDGE_LOOP ( 'NONE', ( #5057, #594, #2380, #132 ) ) ;
#2154 = VERTEX_POINT ( 'NONE', #2064 ) ;
#2155 = CARTESIAN_POINT ( 'NONE',  ( -38.60312425607723696, 12.54291540692517870, 3.000000000000000000 ) ) ;
#2156 = ORIENTED_EDGE ( 'NONE', *, *, #1476, .T. ) ;
#2157 = DIRECTION ( 'NONE',  ( 1.000000000000000000, 0.000000000000000000, 0.000000000000000000 ) ) ;
#2158 = AXIS2_PLACEMENT_3D ( 'NONE', #3286, #5180, #434 ) ;
#2159 = DIRECTION ( 'NONE',  ( 1.000000000000000000, 0.000000000000000000, 0.000000000000000000 ) ) ;
#2160 = ORIENTED_EDGE ( 'NONE', *, *, #3125, .F. ) ;
#2161 = ADVANCED_FACE ( 'NONE', ( #3992 ), #528, .F. ) ;
#2162 = APPLICATION_CONTEXT ( 'automotive_design' ) ;
#2163 = DIRECTION ( 'NONE',  ( -0.000000000000000000, -0.000000000000000000, 1.000000000000000000 ) ) ;
#2164 = EDGE_CURVE ( 'NONE', #2118, #5289, #3640, .T. ) ;
#2165 = CARTESIAN_POINT ( 'NONE',  ( 28.29322929044624857, -31.19974681738951716, 3.000000000000000000 ) ) ;
#2166 = EDGE_CURVE ( 'NONE', #3961, #1, #3494, .T. ) ;
#2167 = ORIENTED_EDGE ( 'NONE', *, *, #2898, .F. ) ;
#2168 = DIRECTION ( 'NONE',  ( -1.000000000000000000, 0.000000000000000000, 0.000000000000000000 ) ) ;
#2169 = ORIENTED_EDGE ( 'NONE', *, *, #5321, .F. ) ;
#2170 = VECTOR ( 'NONE', #609, 1000.000000000000000 ) ;
#2171 = LINE ( 'NONE', #2266, #1162 ) ;
#2172 = LINE ( 'NONE', #4538, #451 ) ;
#2173 = CYLINDRICAL_SURFACE ( 'NONE', #5518, 2.000000000000000000 ) ;
#2174 = ORIENTED_EDGE ( 'NONE', *, *, #5209, .T. ) ;
#2175 = ORIENTED_EDGE ( 'NONE', *, *, #1518, .F. ) ;
#2176 = DIRECTION ( 'NONE',  ( -0.000000000000000000, -0.000000000000000000, 1.000000000000000000 ) ) ;
#2177 = LINE ( 'NONE', #4102, #5534 ) ;
#2178 = ORIENTED_EDGE ( 'NONE', *, *, #3277, .T. ) ;
#2179 = CYLINDRICAL_SURFACE ( 'NONE', #858, 7.000000000000000000 ) ;
#2180 = CARTESIAN_POINT ( 'NONE',  ( 0.000000000000000000, 0.000000000000000000, 3.000000000000000000 ) ) ;
#2181 = ORIENTED_EDGE ( 'NONE', *, *, #4561, .F. ) ;
#2182 = ORIENTED_EDGE ( 'NONE', *, *, #2636, .F. ) ;
#2183 = CARTESIAN_POINT ( 'NONE',  ( -4.017551685328701438, -41.70669424522104407, 3.000000000000000000 ) ) ;
#2184 = ORIENTED_EDGE ( 'NONE', *, *, #1820, .F. ) ;
#2185 = AXIS2_PLACEMENT_3D ( 'NONE', #5468, #5498, #2584 ) ;
#2186 = CARTESIAN_POINT ( 'NONE',  ( 0.000000000000000000, 0.000000000000000000, 3.000000000000000000 ) ) ;
#2187 = DIRECTION ( 'NONE',  ( 0.000000000000000000, 0.000000000000000000, 1.000000000000000000 ) ) ;
#2188 = ORIENTED_EDGE ( 'NONE', *, *, #318, .T. ) ;
#2189 = VECTOR ( 'NONE', #5589, 1000.000000000000000 ) ;
#2190 = FILL_AREA_STYLE ('',( #4003 ) ) ;
#2191 = AXIS2_PLACEMENT_3D ( 'NONE', #1130, #5795, #1588 ) ;
#2192 = VECTOR ( 'NONE', #82, 1000.000000000000000 ) ;
#2193 = DIRECTION ( 'NONE',  ( 0.000000000000000000, 0.000000000000000000, 1.000000000000000000 ) ) ;
#2194 = VERTEX_POINT ( 'NONE', #46 ) ;
#2195 = FACE_OUTER_BOUND ( 'NONE', #2040, .T. ) ;
#2196 = ORIENTED_EDGE ( 'NONE', *, *, #1930, .T. ) ;
#2197 = ORIENTED_EDGE ( 'NONE', *, *, #514, .F. ) ;
#2198 = DIRECTION ( 'NONE',  ( -0.000000000000000000, -0.000000000000000000, -1.000000000000000000 ) ) ;
#2199 = ADVANCED_FACE ( 'NONE', ( #1595 ), #1034, .F. ) ;
#2200 = EDGE_CURVE ( 'NONE', #4039, #5056, #3926, .T. ) ;
#2201 = CARTESIAN_POINT ( 'NONE',  ( 9.526279441628821232, 5.500000000000009770, 3.000000000000000000 ) ) ;
#2202 = VERTEX_POINT ( 'NONE', #4392 ) ;
#2203 = CARTESIAN_POINT ( 'NONE',  ( 39.18193128813884840, -12.63458943475443519, 3.000000000000000000 ) ) ;
#2204 = EDGE_LOOP ( 'NONE', ( #1286, #215, #1972, #4319 ) ) ;
#2205 = VERTEX_POINT ( 'NONE', #150 ) ;
#2206 = ORIENTED_EDGE ( 'NONE', *, *, #1593, .F. ) ;
#2207 = ORIENTED_EDGE ( 'NONE', *, *, #6015, .T. ) ;
#2208 = PLANE ( 'NONE',  #2798 ) ;
#2209 = CARTESIAN_POINT ( 'NONE',  ( 9.526279441628821232, 5.500000000000009770, 3.000000000000000000 ) ) ;
#2210 = EDGE_LOOP ( 'NONE', ( #2589, #350 ) ) ;
#2211 = LINE ( 'NONE', #2150, #4742 ) ;
#2212 = DIRECTION ( 'NONE',  ( -0.04919063336891354998, -0.9987894080279211551, 0.000000000000000000 ) ) ;
#2213 = CARTESIAN_POINT ( 'NONE',  ( -2.599999999999990763, -11.00000000000000000, -5.450000000000000178 ) ) ;
#2214 = ORIENTED_EDGE ( 'NONE', *, *, #138, .F. ) ;
#2215 = FACE_OUTER_BOUND ( 'NONE', #1881, .T. ) ;
#2216 = ORIENTED_EDGE ( 'NONE', *, *, #3712, .T. ) ;
#2217 = EDGE_CURVE ( 'NONE', #4916, #2661, #4463, .T. ) ;
#2218 = CARTESIAN_POINT ( 'NONE',  ( -23.65305350419375330, -33.11992249958244372, 0.000000000000000000 ) ) ;
#2219 = DIRECTION ( 'NONE',  ( 0.000000000000000000, 0.000000000000000000, 1.000000000000000000 ) ) ;
#2220 = ORIENTED_EDGE ( 'NONE', *, *, #3218, .F. ) ;
#2221 =( NAMED_UNIT ( * ) PLANE_ANGLE_UNIT ( ) SI_UNIT ( $, .RADIAN. ) );
#2222 = AXIS2_PLACEMENT_3D ( 'NONE', #2617, #1765, #737 ) ;
#2223 = DIRECTION ( 'NONE',  ( 0.5198528545566009074, -0.8542558221103051519, -0.000000000000000000 ) ) ;
#2224 = ORIENTED_EDGE ( 'NONE', *, *, #2618, .T. ) ;
#2225 = CARTESIAN_POINT ( 'NONE',  ( 24.39471196875951620, -33.01215321642932565, 3.000000000000000000 ) ) ;
#2226 = ORIENTED_EDGE ( 'NONE', *, *, #4870, .T. ) ;
#2227 = VERTEX_POINT ( 'NONE', #2531 ) ;
#2228 = DIRECTION ( 'NONE',  ( 0.000000000000000000, -0.000000000000000000, 1.000000000000000000 ) ) ;
#2229 = VECTOR ( 'NONE', #307, 1000.000000000000000 ) ;
#2230 = DIRECTION ( 'NONE',  ( -0.000000000000000000, -0.000000000000000000, -1.000000000000000000 ) ) ;
#2231 = CARTESIAN_POINT ( 'NONE',  ( 16.49973394995513587, -37.06703595085598835, 3.000000000000000000 ) ) ;
#2232 = DIRECTION ( 'NONE',  ( 1.000000000000000000, 0.000000000000000000, 0.000000000000000000 ) ) ;
#2233 = EDGE_CURVE ( 'NONE', #5117, #3529, #1550, .T. ) ;
#2234 = EDGE_CURVE ( 'NONE', #317, #4039, #660, .T. ) ;
#2235 = ORIENTED_EDGE ( 'NONE', *, *, #479, .T. ) ;
#2236 = ORIENTED_EDGE ( 'NONE', *, *, #1973, .T. ) ;
#2237 = DIRECTION ( 'NONE',  ( 0.2733476364488821586, -0.9619153131371855903, -0.000000000000000000 ) ) ;
#2238 = EDGE_CURVE ( 'NONE', #5950, #2114, #4831, .T. ) ;
#2239 = CIRCLE ( 'NONE', #2746, 1.500000000000000444 ) ;
#2240 = FACE_OUTER_BOUND ( 'NONE', #686, .T. ) ;
#2241 = EDGE_LOOP ( 'NONE', ( #1438, #1398, #111, #256 ) ) ;
#2242 = CARTESIAN_POINT ( 'NONE',  ( -12.12627944162881732, -5.500000000000010658, 3.000000000000000000 ) ) ;
#2243 = VECTOR ( 'NONE', #2515, 1000.000000000000114 ) ;
#2244 = CARTESIAN_POINT ( 'NONE',  ( 36.33288492289326399, 20.94598947935136835, 3.000000000000000000 ) ) ;
#2245 = EDGE_CURVE ( 'NONE', #4459, #3320, #960, .T. ) ;
#2246 = ADVANCED_FACE ( 'NONE', ( #79 ), #4358, .T. ) ;
#2247 = LINE ( 'NONE', #2335, #5776 ) ;
#2248 = ORIENTED_EDGE ( 'NONE', *, *, #3311, .T. ) ;
#2249 = VECTOR ( 'NONE', #1144, 1000.000000000000000 ) ;
#2250 = CARTESIAN_POINT ( 'NONE',  ( -12.33792604892930278, 38.88526790231278341, 0.000000000000000000 ) ) ;
#2251 = ORIENTED_EDGE ( 'NONE', *, *, #244, .T. ) ;
#2252 = CIRCLE ( 'NONE', #4837, 2.599999999999998312 ) ;
#2253 = AXIS2_PLACEMENT_3D ( 'NONE', #4309, #5383, #3854 ) ;
#2254 = DIRECTION ( 'NONE',  ( -0.000000000000000000, -0.000000000000000000, -1.000000000000000000 ) ) ;
#2255 = VECTOR ( 'NONE', #1711, 1000.000000000000000 ) ;
#2256 = CIRCLE ( 'NONE', #4041, 5.000000000000000888 ) ;
#2257 = CARTESIAN_POINT ( 'NONE',  ( 39.13979336264473829, -12.71728977000957528, 0.000000000000000000 ) ) ;
#2258 = ORIENTED_EDGE ( 'NONE', *, *, #2779, .T. ) ;
#2259 = ORIENTED_EDGE ( 'NONE', *, *, #1892, .T. ) ;
#2260 = DIRECTION ( 'NONE',  ( 1.000000000000000000, 0.000000000000000000, 0.000000000000000000 ) ) ;
#2261 = AXIS2_PLACEMENT_3D ( 'NONE', #1038, #633, #531 ) ;
#2262 = DIRECTION ( 'NONE',  ( 1.000000000000000000, 0.000000000000000000, 0.000000000000000000 ) ) ;
#2263 = ORIENTED_EDGE ( 'NONE', *, *, #3047, .F. ) ;
#2264 = DIRECTION ( 'NONE',  ( 0.000000000000000000, 0.000000000000000000, 1.000000000000000000 ) ) ;
#2265 = ORIENTED_EDGE ( 'NONE', *, *, #4183, .T. ) ;
#2266 = CARTESIAN_POINT ( 'NONE',  ( 41.81598255950387255, -8.082802891526448263, 0.000000000000000000 ) ) ;
#2267 = DIRECTION ( 'NONE',  ( -1.000000000000000000, 0.000000000000000000, 0.000000000000000000 ) ) ;
#2268 = DIRECTION ( 'NONE',  ( -0.000000000000000000, -0.000000000000000000, 1.000000000000000000 ) ) ;
#2269 = DIRECTION ( 'NONE',  ( 0.000000000000000000, 0.000000000000000000, 1.000000000000000000 ) ) ;
#2270 = ORIENTED_EDGE ( 'NONE', *, *, #5508, .T. ) ;
#2271 = CARTESIAN_POINT ( 'NONE',  ( -7.957593093619077074, 41.83999058504180368, 3.000000000000000000 ) ) ;
#2272 = FACE_OUTER_BOUND ( 'NONE', #951, .T. ) ;
#2273 = CIRCLE ( 'NONE', #4662, 4.005000000000002558 ) ;
#2274 = ADVANCED_FACE ( 'NONE', ( #3463 ), #4925, .F. ) ;
#2275 = ORIENTED_EDGE ( 'NONE', *, *, #5161, .F. ) ;
#2276 = DIRECTION ( 'NONE',  ( -0.000000000000000000, -0.000000000000000000, 1.000000000000000000 ) ) ;
#2277 = FACE_OUTER_BOUND ( 'NONE', #5837, .T. ) ;
#2278 = FACE_OUTER_BOUND ( 'NONE', #566, .T. ) ;
#2279 = VERTEX_POINT ( 'NONE', #4324 ) ;
#2280 = PLANE ( 'NONE',  #576 ) ;
#2281 = VERTEX_POINT ( 'NONE', #5424 ) ;
#2282 = EDGE_CURVE ( 'NONE', #2154, #375, #5365, .T. ) ;
#2283 = EDGE_CURVE ( 'NONE', #3435, #922, #4895, .T. ) ;
#2284 = CARTESIAN_POINT ( 'NONE',  ( -41.20483350998640049, 8.763110157246291720, 0.000000000000000000 ) ) ;
#2285 = DIRECTION ( 'NONE',  ( 0.000000000000000000, 0.000000000000000000, 1.000000000000000000 ) ) ;
#2286 = ORIENTED_EDGE ( 'NONE', *, *, #5667, .F. ) ;
#2287 = CARTESIAN_POINT ( 'NONE',  ( 42.30279717274500939, -4.937757726093670918, 0.000000000000000000 ) ) ;
#2288 = AXIS2_PLACEMENT_3D ( 'NONE', #2792, #920, #2854 ) ;
#2289 = DIRECTION ( 'NONE',  ( 1.000000000000000000, 0.000000000000000000, 0.000000000000000000 ) ) ;
#2290 = ORIENTED_EDGE ( 'NONE', *, *, #3841, .F. ) ;
#2291 = AXIS2_PLACEMENT_3D ( 'NONE', #2071, #3621, #3966 ) ;
#2292 = DIRECTION ( 'NONE',  ( 0.000000000000000000, 0.000000000000000000, 1.000000000000000000 ) ) ;
#2293 = AXIS2_PLACEMENT_3D ( 'NONE', #5555, #2665, #1751 ) ;
#2294 = ORIENTED_EDGE ( 'NONE', *, *, #2428, .T. ) ;
#2295 = FACE_BOUND ( 'NONE', #1748, .T. ) ;
#2296 = CIRCLE ( 'NONE', #3101, 42.59000000000001052 ) ;
#2297 = AXIS2_PLACEMENT_3D ( 'NONE', #3737, #2808, #336 ) ;
#2298 = CYLINDRICAL_SURFACE ( 'NONE', #1804, 8.694264425220769255 ) ;
#2299 = CYLINDRICAL_SURFACE ( 'NONE', #553, 8.694264425220769255 ) ;
#2300 = CARTESIAN_POINT ( 'NONE',  ( 0.000000000000000000, 0.000000000000000000, 3.000000000000000000 ) ) ;
#2301 = VERTEX_POINT ( 'NONE', #5985 ) ;
#2302 = DIRECTION ( 'NONE',  ( 0.000000000000000000, 0.000000000000000000, 1.000000000000000000 ) ) ;
#2303 = CARTESIAN_POINT ( 'NONE',  ( 1.815570296198429345E-13, -26.00000000000000000, 3.000000000000000000 ) ) ;
#2304 = ORIENTED_EDGE ( 'NONE', *, *, #5597, .T. ) ;
#2305 = FACE_OUTER_BOUND ( 'NONE', #4527, .T. ) ;
#2306 = CARTESIAN_POINT ( 'NONE',  ( -38.21857202264962439, 17.13203161488412718, 0.000000000000000000 ) ) ;
#2307 = DIRECTION ( 'NONE',  ( 0.3090169943749445647, 0.9510565162951545304, 0.000000000000000000 ) ) ;
#2308 = CARTESIAN_POINT ( 'NONE',  ( 41.18305366449268945, 6.168419232913219439E-15, 0.000000000000000000 ) ) ;
#2309 = ORIENTED_EDGE ( 'NONE', *, *, #3324, .T. ) ;
#2310 = LINE ( 'NONE', #5516, #2229 ) ;
#2311 = AXIS2_PLACEMENT_3D ( 'NONE', #1708, #5574, #1772 ) ;
#2312 = DIRECTION ( 'NONE',  ( 0.000000000000000000, 0.000000000000000000, -1.000000000000000000 ) ) ;
#2313 = LINE ( 'NONE', #431, #287 ) ;
#2314 = EDGE_CURVE ( 'NONE', #3520, #4566, #5237, .T. ) ;
#2315 = ORIENTED_EDGE ( 'NONE', *, *, #175, .T. ) ;
#2316 = EDGE_CURVE ( 'NONE', #5056, #3622, #4958, .T. ) ;
#2317 = CARTESIAN_POINT ( 'NONE',  ( 5.000000000000000888, 25.99999999999999645, 3.000000000000000000 ) ) ;
#2318 = VECTOR ( 'NONE', #2414, 1000.000000000000000 ) ;
#2319 = CARTESIAN_POINT ( 'NONE',  ( 41.81598255950387255, -8.082802891526448263, 0.000000000000000000 ) ) ;
#2320 = PLANE ( 'NONE',  #4371 ) ;
#2321 = EDGE_CURVE ( 'NONE', #1612, #3546, #2686, .T. ) ;
#2322 = ORIENTED_EDGE ( 'NONE', *, *, #3816, .T. ) ;
#2323 = LINE ( 'NONE', #1357, #2952 ) ;
#2324 = EDGE_CURVE ( 'NONE', #2379, #1612, #5921, .T. ) ;
#2325 = CARTESIAN_POINT ( 'NONE',  ( -10.28241655960433754, 21.03444185374861419, 10.00000000000000000 ) ) ;
#2326 = CARTESIAN_POINT ( 'NONE',  ( -7.957593093619077074, 41.83999058504180368, 0.000000000000000000 ) ) ;
#2327 = ORIENTED_EDGE ( 'NONE', *, *, #5932, .F. ) ;
#2328 = DIRECTION ( 'NONE',  ( 0.000000000000000000, 0.000000000000000000, 1.000000000000000000 ) ) ;
#2329 = CARTESIAN_POINT ( 'NONE',  ( -9.526279441628819455, -5.500000000000010658, 3.000000000000000000 ) ) ;
#2330 = VERTEX_POINT ( 'NONE', #333 ) ;
#2331 = FACE_OUTER_BOUND ( 'NONE', #5585, .T. ) ;
#2332 = DIRECTION ( 'NONE',  ( 0.9510565162951576390, -0.3090169943749349613, 0.000000000000000000 ) ) ;
#2333 = DIRECTION ( 'NONE',  ( 1.000000000000000000, 0.000000000000000000, 0.000000000000000000 ) ) ;
#2334 = CIRCLE ( 'NONE', #5822, 2.600000000000000089 ) ;
#2335 = CARTESIAN_POINT ( 'NONE',  ( 21.27125075188002157, -36.12149989430897534, 0.000000000000000000 ) ) ;
#2336 = ORIENTED_EDGE ( 'NONE', *, *, #4796, .F. ) ;
#2337 = DIRECTION ( 'NONE',  ( -0.000000000000000000, -0.000000000000000000, -1.000000000000000000 ) ) ;
#2338 = CIRCLE ( 'NONE', #5425, 8.694264425220767478 ) ;
#2339 = CARTESIAN_POINT ( 'NONE',  ( -34.58360451648707823, -12.63458943475473362, 3.000000000000000000 ) ) ;
#2340 = LINE ( 'NONE', #5591, #3097 ) ;
#2341 = ORIENTED_EDGE ( 'NONE', *, *, #138, .T. ) ;
#2342 = AXIS2_PLACEMENT_3D ( 'NONE', #887, #5653, #6069 ) ;
#2343 = CARTESIAN_POINT ( 'NONE',  ( 24.72746942367407641, -8.034441853748395701, 0.000000000000000000 ) ) ;
#2344 = CIRCLE ( 'NONE', #3055, 8.694264425220762149 ) ;
#2345 = EDGE_CURVE ( 'NONE', #2107, #5451, #2344, .T. ) ;
#2346 = AXIS2_PLACEMENT_3D ( 'NONE', #2503, #1506, #4809 ) ;
#2347 = AXIS2_PLACEMENT_3D ( 'NONE', #3667, #5603, #384 ) ;
#2348 = EDGE_CURVE ( 'NONE', #184, #2616, #4244, .T. ) ;
#2349 = LINE ( 'NONE', #6154, #3058 ) ;
#2350 = VECTOR ( 'NONE', #3958, 999.9999999999998863 ) ;
#2351 = CARTESIAN_POINT ( 'NONE',  ( 18.08707482534121525, 38.55860246770502897, 0.000000000000000000 ) ) ;
#2352 = ORIENTED_EDGE ( 'NONE', *, *, #2059, .F. ) ;
#2353 = AXIS2_PLACEMENT_3D ( 'NONE', #5318, #2082, #3399 ) ;
#2354 = ORIENTED_EDGE ( 'NONE', *, *, #683, .F. ) ;
#2355 = ORIENTED_EDGE ( 'NONE', *, *, #4600, .F. ) ;
#2356 = FACE_OUTER_BOUND ( 'NONE', #1499, .T. ) ;
#2357 = ADVANCED_FACE ( 'NONE', ( #3185 ), #1247, .F. ) ;
#2358 = EDGE_CURVE ( 'NONE', #1104, #5877, #3166, .T. ) ;
#2359 = CARTESIAN_POINT ( 'NONE',  ( 31.27027864416266567, 28.91500948497898094, 0.000000000000000000 ) ) ;
#2360 = AXIS2_PLACEMENT_3D ( 'NONE', #1431, #3798, #1869 ) ;
#2361 = CARTESIAN_POINT ( 'NONE',  ( -41.88590963261005129, 4.492228848172467259, 0.000000000000000000 ) ) ;
#2362 = ORIENTED_EDGE ( 'NONE', *, *, #5086, .F. ) ;
#2363 = DIRECTION ( 'NONE',  ( -0.000000000000000000, -0.000000000000000000, 1.000000000000000000 ) ) ;
#2364 = DIRECTION ( 'NONE',  ( 1.000000000000000000, 0.000000000000000000, 0.000000000000000000 ) ) ;
#2365 = AXIS2_PLACEMENT_3D ( 'NONE', #4498, #745, #4518 ) ;
#2366 = ORIENTED_EDGE ( 'NONE', *, *, #641, .T. ) ;
#2367 = DIRECTION ( 'NONE',  ( 1.000000000000000000, 0.000000000000000000, 0.000000000000000000 ) ) ;
#2368 = CARTESIAN_POINT ( 'NONE',  ( 37.31885645436633325, -20.52342692969186899, 0.000000000000000000 ) ) ;
#2369 = CYLINDRICAL_SURFACE ( 'NONE', #5176, 8.694264425220769255 ) ;
#2370 = DIRECTION ( 'NONE',  ( -0.000000000000000000, -0.000000000000000000, -1.000000000000000000 ) ) ;
#2371 = VERTEX_POINT ( 'NONE', #2242 ) ;
#2372 = DIRECTION ( 'NONE',  ( -0.9744671053377608194, -0.2245303111266835350, 0.000000000000000000 ) ) ;
#2373 = CARTESIAN_POINT ( 'NONE',  ( 13.01395315583526013, 38.84312997681895041, 0.000000000000000000 ) ) ;
#2374 = DIRECTION ( 'NONE',  ( -0.3610665997123411186, 0.9325400316191085892, 0.000000000000000000 ) ) ;
#2375 = VERTEX_POINT ( 'NONE', #775 ) ;
#2376 = CARTESIAN_POINT ( 'NONE',  ( 5.569638057863651071, -42.22424933500177957, 0.000000000000000000 ) ) ;
#2377 = CARTESIAN_POINT ( 'NONE',  ( 24.39471196875951620, -33.01215321642932565, 0.000000000000000000 ) ) ;
#2378 = DIRECTION ( 'NONE',  ( -0.3090169943749381254, -0.9510565162951565288, 0.000000000000000000 ) ) ;
#2379 = VERTEX_POINT ( 'NONE', #3552 ) ;
#2380 = ORIENTED_EDGE ( 'NONE', *, *, #3475, .T. ) ;
#2381 = CARTESIAN_POINT ( 'NONE',  ( 9.526279441628821232, 5.500000000000009770, -5.450000000000000178 ) ) ;
#2382 = CIRCLE ( 'NONE', #2692, 4.005000000000005222 ) ;
#2383 = CARTESIAN_POINT ( 'NONE',  ( 41.19070440307643821, -8.785910185511950132, 0.000000000000000000 ) ) ;
#2384 = DIRECTION ( 'NONE',  ( -3.391925716689584909E-15, 1.000000000000000000, 0.000000000000000000 ) ) ;
#2385 = ORIENTED_EDGE ( 'NONE', *, *, #758, .F. ) ;
#2386 = ADVANCED_FACE ( 'NONE', ( #5510 ), #2179, .F. ) ;
#2387 = DIRECTION ( 'NONE',  ( 0.6645383049372406425, 0.7472542012402064726, -0.000000000000000000 ) ) ;
#2388 = ADVANCED_FACE ( 'NONE', ( #2121 ), #4548, .T. ) ;
#2389 = DIRECTION ( 'NONE',  ( 0.000000000000000000, 0.000000000000000000, 1.000000000000000000 ) ) ;
#2390 = AXIS2_PLACEMENT_3D ( 'NONE', #1174, #2187, #2577 ) ;
#2391 = ORIENTED_EDGE ( 'NONE', *, *, #2514, .T. ) ;
#2392 = DIRECTION ( 'NONE',  ( -0.000000000000000000, -0.000000000000000000, -1.000000000000000000 ) ) ;
#2393 = AXIS2_PLACEMENT_3D ( 'NONE', #1994, #1963, #4777 ) ;
#2394 = DIRECTION ( 'NONE',  ( -0.000000000000000000, -0.000000000000000000, -1.000000000000000000 ) ) ;
#2395 = CIRCLE ( 'NONE', #3587, 8.694264425220763925 ) ;
#2396 = CYLINDRICAL_SURFACE ( 'NONE', #3585, 8.694264425220771031 ) ;
#2397 = VERTEX_POINT ( 'NONE', #812 ) ;
#2398 = CARTESIAN_POINT ( 'NONE',  ( -40.58972689284099999, -6.071532165918824830E-15, 3.000000000000000000 ) ) ;
#2399 = CYLINDRICAL_SURFACE ( 'NONE', #3957, 8.694264425220763925 ) ;
#2400 = FACE_OUTER_BOUND ( 'NONE', #3088, .T. ) ;
#2401 = ORIENTED_EDGE ( 'NONE', *, *, #3364, .F. ) ;
#2402 = CARTESIAN_POINT ( 'NONE',  ( -12.42062638418386733, -38.84312997681885093, 0.000000000000000000 ) ) ;
#2403 = PLANE ( 'NONE',  #5567 ) ;
#2404 = CARTESIAN_POINT ( 'NONE',  ( -2.599999999999990763, -11.00000000000000000, -7.000000000000000000 ) ) ;
#2405 = ORIENTED_EDGE ( 'NONE', *, *, #3723, .T. ) ;
#2406 = DIRECTION ( 'NONE',  ( 0.8090169943749467851, 0.5877852522924740253, 0.000000000000000000 ) ) ;
#2407 = VERTEX_POINT ( 'NONE', #2720 ) ;
#2408 = ORIENTED_EDGE ( 'NONE', *, *, #5130, .T. ) ;
#2409 = ORIENTED_EDGE ( 'NONE', *, *, #1631, .F. ) ;
#2410 = DIRECTION ( 'NONE',  ( 1.000000000000000000, 0.000000000000000000, 0.000000000000000000 ) ) ;
#2411 = DIRECTION ( 'NONE',  ( -0.000000000000000000, 0.000000000000000000, -1.000000000000000000 ) ) ;
#2412 = CARTESIAN_POINT ( 'NONE',  ( 21.27125075188002157, -36.12149989430897534, 0.000000000000000000 ) ) ;
#2413 = EDGE_LOOP ( 'NONE', ( #5486, #423, #4856, #3696, #4286, #2833, #2483, #1551, #4156, #530, #544, #1136, #6194, #2294, #784, #5354, #5600, #3119, #2729, #1943, #1320, #1168, #4943, #3421, #5700, #5304, #1586, #1128, #1780, #4522, #361, #4304, #2184, #2652, #2855, #4369, #428, #4350, #1418, #4945, #4754, #515, #2520, #4389, #3555, #1533, #4153, #3848, #2533, #4884, #1538, #2197, #4658, #5251, #2259, #2534, #1553, #2290, #6007, #3962, #3454, #5969, #6090, #1185, #1126, #1839, #36, #4897, #4488, #4030, #4772, #1297, #4345, #5900, #1227, #2972, #757, #1395, #3387, #1412, #1762, #3670, #3138, #2689, #3298, #1679, #2472, #126, #3884, #4068, #2034, #5064, #1036, #2220, #5434, #2936, #6173, #5959, #2891, #233, #4673, #5367, #3398, #4562, #2445, #891, #3099, #5608, #5448, #2978, #4081, #4798, #5489, #4231, #2992, #1145, #1484, #5689, #6079, #1884, #4702, #3022, #169, #1347, #4097, #4337, #2988, #1703, #5421, #880, #6101 ) ) ;
#2414 = DIRECTION ( 'NONE',  ( -0.000000000000000000, -0.000000000000000000, 1.000000000000000000 ) ) ;
#2415 = ORIENTED_EDGE ( 'NONE', *, *, #4259, .T. ) ;
#2416 = ORIENTED_EDGE ( 'NONE', *, *, #3358, .F. ) ;
#2417 = ADVANCED_FACE ( 'NONE', ( #4107 ), #6013, .F. ) ;
#2418 = ORIENTED_EDGE ( 'NONE', *, *, #4599, .F. ) ;
#2419 = CYLINDRICAL_SURFACE ( 'NONE', #1654, 8.694264425220769255 ) ;
#2420 = DIRECTION ( 'NONE',  ( 0.000000000000000000, 0.000000000000000000, 1.000000000000000000 ) ) ;
#2421 = LINE ( 'NONE', #3062, #295 ) ;
#2422 = EDGE_CURVE ( 'NONE', #1895, #2996, #2211, .T. ) ;
#2423 = ORIENTED_EDGE ( 'NONE', *, *, #368, .F. ) ;
#2424 = DIRECTION ( 'NONE',  ( -0.000000000000000000, -0.000000000000000000, 1.000000000000000000 ) ) ;
#2425 = ADVANCED_FACE ( 'NONE', ( #3124 ), #5009, .F. ) ;
#2426 = CARTESIAN_POINT ( 'NONE',  ( 5.499999999999950262, -9.526279441628858535, -7.000000000000000000 ) ) ;
#2427 = ADVANCED_FACE ( 'NONE', ( #269 ), #4611, .F. ) ;
#2428 = EDGE_CURVE ( 'NONE', #1516, #5458, #1312, .T. ) ;
#2429 = DIRECTION ( 'NONE',  ( 0.000000000000000000, -0.000000000000000000, 1.000000000000000000 ) ) ;
#2430 = ORIENTED_EDGE ( 'NONE', *, *, #5008, .F. ) ;
#2431 = AXIS2_PLACEMENT_3D ( 'NONE', #4096, #4570, #2139 ) ;
#2432 = CARTESIAN_POINT ( 'NONE',  ( 16.49973394995513587, -37.06703595085598835, 0.000000000000000000 ) ) ;
#2433 = DIRECTION ( 'NONE',  ( -0.000000000000000000, -0.000000000000000000, -1.000000000000000000 ) ) ;
#2434 = CARTESIAN_POINT ( 'NONE',  ( 4.252355189908948674, 40.25987024618078891, 3.000000000000000000 ) ) ;
#2435 = DIRECTION ( 'NONE',  ( -0.000000000000000000, -0.000000000000000000, 1.000000000000000000 ) ) ;
#2436 = ORIENTED_EDGE ( 'NONE', *, *, #2234, .T. ) ;
#2437 = ORIENTED_EDGE ( 'NONE', *, *, #3796, .T. ) ;
#2438 = CARTESIAN_POINT ( 'NONE',  ( 5.337150639699440369, 42.25426514624478358, 0.000000000000000000 ) ) ;
#2439 = AXIS2_PLACEMENT_3D ( 'NONE', #2646, #320, #4065 ) ;
#2440 = AXIS2_PLACEMENT_3D ( 'NONE', #5611, #3827, #4675 ) ;
#2441 = CARTESIAN_POINT ( 'NONE',  ( -38.54646659099314832, 12.71728977000928218, 0.000000000000000000 ) ) ;
#2442 = AXIS2_PLACEMENT_3D ( 'NONE', #996, #4799, #2486 ) ;
#2443 = LINE ( 'NONE', #1084, #849 ) ;
#2444 = AXIS2_PLACEMENT_3D ( 'NONE', #2319, #1323, #2732 ) ;
#2445 = ORIENTED_EDGE ( 'NONE', *, *, #3203, .T. ) ;
#2446 = DIRECTION ( 'NONE',  ( 0.000000000000000000, 0.000000000000000000, 1.000000000000000000 ) ) ;
#2447 = AXIS2_PLACEMENT_3D ( 'NONE', #6111, #4295, #3305 ) ;
#2448 = ORIENTED_EDGE ( 'NONE', *, *, #3358, .T. ) ;
#2449 = CARTESIAN_POINT ( 'NONE',  ( -11.00000000000000000, -1.347111479062088405E-15, -7.000000000000000000 ) ) ;
#2450 = CIRCLE ( 'NONE', #2667, 5.000000000000000888 ) ;
#2451 = ORIENTED_EDGE ( 'NONE', *, *, #1520, .T. ) ;
#2452 = DIRECTION ( 'NONE',  ( 0.000000000000000000, 0.000000000000000000, 1.000000000000000000 ) ) ;
#2453 = CARTESIAN_POINT ( 'NONE',  ( -40.57520715325101435, 0.09167402782899834734, 0.000000000000000000 ) ) ;
#2454 = VERTEX_POINT ( 'NONE', #5609 ) ;
#2455 = CARTESIAN_POINT ( 'NONE',  ( -37.29628450232696935, 20.56441738346812187, 0.000000000000000000 ) ) ;
#2456 = VERTEX_POINT ( 'NONE', #393 ) ;
#2457 = CARTESIAN_POINT ( 'NONE',  ( 0.000000000000000000, 0.000000000000000000, 0.000000000000000000 ) ) ;
#2458 = DIRECTION ( 'NONE',  ( 0.000000000000000000, 0.000000000000000000, 1.000000000000000000 ) ) ;
#2459 = ORIENTED_EDGE ( 'NONE', *, *, #1828, .F. ) ;
#2460 = AXIS2_PLACEMENT_3D ( 'NONE', #749, #5549, #2784 ) ;
#2461 = ORIENTED_EDGE ( 'NONE', *, *, #526, .T. ) ;
#2462 = EDGE_CURVE ( 'NONE', #452, #5757, #248, .T. ) ;
#2463 = EDGE_CURVE ( 'NONE', #3628, #3541, #5640, .T. ) ;
#2464 = DIRECTION ( 'NONE',  ( 1.000000000000000000, 0.000000000000000000, 0.000000000000000000 ) ) ;
#2465 = VECTOR ( 'NONE', #4256, 1000.000000000000000 ) ;
#2466 = CARTESIAN_POINT ( 'NONE',  ( 0.000000000000000000, 0.000000000000000000, 3.000000000000000000 ) ) ;
#2467 = CARTESIAN_POINT ( 'NONE',  ( -17.91555975686522117, 38.63859234752467842, 3.000000000000000000 ) ) ;
#2468 = EDGE_LOOP ( 'NONE', ( #1598, #2487, #736, #1599 ) ) ;
#2469 = DIRECTION ( 'NONE',  ( -0.3090169943749668247, 0.9510565162951472029, 0.000000000000000000 ) ) ;
#2470 = EDGE_LOOP ( 'NONE', ( #2979, #2940, #5825, #5715 ) ) ;
#2471 = CARTESIAN_POINT ( 'NONE',  ( -20.28241655960418299, -21.03444185374871367, 3.000000000000000000 ) ) ;
#2472 = ORIENTED_EDGE ( 'NONE', *, *, #844, .T. ) ;
#2473 = DIRECTION ( 'NONE',  ( 1.000000000000000000, 0.000000000000000000, 0.000000000000000000 ) ) ;
#2474 = EDGE_LOOP ( 'NONE', ( #4106, #1988 ) ) ;
#2475 = LINE ( 'NONE', #4911, #3636 ) ;
#2476 = ORIENTED_EDGE ( 'NONE', *, *, #1177, .F. ) ;
#2477 = DIRECTION ( 'NONE',  ( 0.9625863637593865541, 0.2709750769064966369, -0.000000000000000000 ) ) ;
#2478 = ORIENTED_EDGE ( 'NONE', *, *, #1476, .F. ) ;
#2479 = FACE_OUTER_BOUND ( 'NONE', #364, .T. ) ;
#2480 = ORIENTED_EDGE ( 'NONE', *, *, #2507, .T. ) ;
#2481 = ADVANCED_FACE ( 'NONE', ( #2305 ), #4769, .T. ) ;
#2482 = DIRECTION ( 'NONE',  ( -0.000000000000000000, -0.000000000000000000, -1.000000000000000000 ) ) ;
#2483 = ORIENTED_EDGE ( 'NONE', *, *, #5362, .T. ) ;
#2484 = VECTOR ( 'NONE', #735, 1000.000000000000000 ) ;
#2485 = VERTEX_POINT ( 'NONE', #3217 ) ;
#2486 = DIRECTION ( 'NONE',  ( 1.000000000000000000, 0.000000000000000000, -0.000000000000000000 ) ) ;
#2487 = ORIENTED_EDGE ( 'NONE', *, *, #5092, .T. ) ;
#2488 = CYLINDRICAL_SURFACE ( 'NONE', #3148, 42.59000000000001052 ) ;
#2489 = CARTESIAN_POINT ( 'NONE',  ( 30.54248530126200833, -26.86437988392668430, 0.000000000000000000 ) ) ;
#2490 = CIRCLE ( 'NONE', #1894, 5.000000000000000888 ) ;
#2491 = ORIENTED_EDGE ( 'NONE', *, *, #3174, .F. ) ;
#2492 = CARTESIAN_POINT ( 'NONE',  ( 0.000000000000000000, 0.000000000000000000, 3.000000000000000000 ) ) ;
#2493 = AXIS2_PLACEMENT_3D ( 'NONE', #4954, #4892, #2056 ) ;
#2494 = AXIS2_PLACEMENT_3D ( 'NONE', #3554, #5986, #4896 ) ;
#2495 = CARTESIAN_POINT ( 'NONE',  ( 5.499999999999950262, -9.526279441628858535, -7.000000000000000000 ) ) ;
#2496 = ADVANCED_FACE ( 'NONE', ( #2331 ), #838, .F. ) ;
#2497 = DIRECTION ( 'NONE',  ( 0.8090169943749465631, 0.5877852522924741363, 0.000000000000000000 ) ) ;
#2498 = ORIENTED_EDGE ( 'NONE', *, *, #4322, .T. ) ;
#2499 = VERTEX_POINT ( 'NONE', #6 ) ;
#2500 = DIRECTION ( 'NONE',  ( -0.000000000000000000, -0.000000000000000000, 1.000000000000000000 ) ) ;
#2501 = CARTESIAN_POINT ( 'NONE',  ( -40.94573803496157893, -8.778039249333797756, 3.000000000000000000 ) ) ;
#2502 = ADVANCED_FACE ( 'NONE', ( #902 ), #5163, .F. ) ;
#2503 = CARTESIAN_POINT ( 'NONE',  ( 0.000000000000000000, 0.000000000000000000, 0.000000000000000000 ) ) ;
#2504 = EDGE_CURVE ( 'NONE', #1391, #108, #2805, .T. ) ;
#2505 = FACE_OUTER_BOUND ( 'NONE', #443, .T. ) ;
#2506 = ORIENTED_EDGE ( 'NONE', *, *, #485, .T. ) ;
#2507 = EDGE_CURVE ( 'NONE', #1928, #3951, #5934, .T. ) ;
#2508 = ORIENTED_EDGE ( 'NONE', *, *, #608, .F. ) ;
#2509 = FACE_OUTER_BOUND ( 'NONE', #4354, .T. ) ;
#2510 = AXIS2_PLACEMENT_3D ( 'NONE', #3093, #210, #5897 ) ;
#2511 = EDGE_CURVE ( 'NONE', #5450, #3658, #6109, .T. ) ;
#2512 = ADVANCED_FACE ( 'NONE', ( #365 ), #5135, .F. ) ;
#2513 = DIRECTION ( 'NONE',  ( 0.000000000000000000, -0.000000000000000000, 1.000000000000000000 ) ) ;
#2514 = EDGE_CURVE ( 'NONE', #2587, #6011, #1355, .T. ) ;
#2515 = DIRECTION ( 'NONE',  ( -0.3356015481885250007, 0.9420040344146436428, -0.000000000000000000 ) ) ;
#2516 = CARTESIAN_POINT ( 'NONE',  ( 16.49973394995461007, 37.06703595085621572, 0.000000000000000000 ) ) ;
#2517 = ORIENTED_EDGE ( 'NONE', *, *, #2511, .F. ) ;
#2518 = DIRECTION ( 'NONE',  ( -0.000000000000000000, 0.000000000000000000, -1.000000000000000000 ) ) ;
#2519 = EDGE_CURVE ( 'NONE', #5720, #5571, #4237, .T. ) ;
#2520 = ORIENTED_EDGE ( 'NONE', *, *, #5938, .T. ) ;
#2521 = CYLINDRICAL_SURFACE ( 'NONE', #4331, 2.000000000000000000 ) ;
#2522 = VECTOR ( 'NONE', #6166, 1000.000000000000000 ) ;
#2523 = VERTEX_POINT ( 'NONE', #6140 ) ;
#2524 = DIRECTION ( 'NONE',  ( -0.000000000000000000, -0.000000000000000000, -1.000000000000000000 ) ) ;
#2525 = CARTESIAN_POINT ( 'NONE',  ( 41.77658695461930449, 8.284013666281188293, 3.000000000000000000 ) ) ;
#2526 = EDGE_LOOP ( 'NONE', ( #543, #4590, #820, #1952 ) ) ;
#2527 = AXIS2_PLACEMENT_3D ( 'NONE', #4125, #2135, #4536 ) ;
#2528 = LINE ( 'NONE', #5453, #3309 ) ;
#2529 = UNCERTAINTY_MEASURE_WITH_UNIT (LENGTH_MEASURE( 1.000000000000000082E-05 ), #6106, 'distance_accuracy_value', 'NONE');
#2530 = VERTEX_POINT ( 'NONE', #5665 ) ;
#2531 = CARTESIAN_POINT ( 'NONE',  ( 40.55653363200659101, -3.955691804083529828, 3.000000000000000000 ) ) ;
#2532 = DIRECTION ( 'NONE',  ( -1.000000000000000000, 0.000000000000000000, 0.000000000000000000 ) ) ;
#2533 = ORIENTED_EDGE ( 'NONE', *, *, #4599, .T. ) ;
#2534 = ORIENTED_EDGE ( 'NONE', *, *, #3903, .T. ) ;
#2535 = AXIS2_PLACEMENT_3D ( 'NONE', #5584, #1343, #842 ) ;
#2536 = DIRECTION ( 'NONE',  ( 0.000000000000000000, 0.000000000000000000, 1.000000000000000000 ) ) ;
#2537 = ADVANCED_FACE ( 'NONE', ( #1396 ), #4703, .F. ) ;
#2538 = LINE ( 'NONE', #3502, #3741 ) ;
#2539 = DIRECTION ( 'NONE',  ( 0.000000000000000000, 0.000000000000000000, 1.000000000000000000 ) ) ;
#2540 = ORIENTED_EDGE ( 'NONE', *, *, #2701, .F. ) ;
#2541 = CIRCLE ( 'NONE', #945, 2.600000000000000089 ) ;
#2542 = EDGE_LOOP ( 'NONE', ( #3163, #6189, #1384, #1101 ) ) ;
#2543 = CARTESIAN_POINT ( 'NONE',  ( 8.564230350490797505, -41.72004384589897086, 0.000000000000000000 ) ) ;
#2544 = ADVANCED_FACE ( 'NONE', ( #1338 ), #424, .F. ) ;
#2545 = ADVANCED_FACE ( 'NONE', ( #3795 ), #5696, .T. ) ;
#2546 = CIRCLE ( 'NONE', #1446, 4.005000000000001670 ) ;
#2547 = DIRECTION ( 'NONE',  ( 0.000000000000000000, 0.000000000000000000, 1.000000000000000000 ) ) ;
#2548 = DIRECTION ( 'NONE',  ( -0.000000000000000000, -0.000000000000000000, 1.000000000000000000 ) ) ;
#2549 = LINE ( 'NONE', #1403, #5266 ) ;
#2550 = AXIS2_PLACEMENT_3D ( 'NONE', #923, #415, #6127 ) ;
#2551 = ORIENTED_EDGE ( 'NONE', *, *, #5865, .T. ) ;
#2552 = VECTOR ( 'NONE', #3768, 1000.000000000000000 ) ;
#2553 = CARTESIAN_POINT ( 'NONE',  ( 33.30881660225507090, 24.09804858293381002, 3.000000000000000000 ) ) ;
#2554 = AXIS2_PLACEMENT_3D ( 'NONE', #3265, #5155, #1387 ) ;
#2555 = ADVANCED_FACE ( 'NONE', ( #520 ), #2419, .T. ) ;
#2556 = EDGE_CURVE ( 'NONE', #76, #2194, #3449, .T. ) ;
#2557 = VECTOR ( 'NONE', #6149, 1000.000000000000000 ) ;
#2558 = ORIENTED_EDGE ( 'NONE', *, *, #5416, .T. ) ;
#2559 = CARTESIAN_POINT ( 'NONE',  ( -13.00000000000000000, -1.102182119232617714E-15, -7.000000000000000000 ) ) ;
#2560 = AXIS2_PLACEMENT_3D ( 'NONE', #4692, #3288, #1792 ) ;
#2561 = VERTEX_POINT ( 'NONE', #4919 ) ;
#2562 = CIRCLE ( 'NONE', #2850, 2.600000000000000089 ) ;
#2563 = FACE_OUTER_BOUND ( 'NONE', #4465, .T. ) ;
#2564 = DIRECTION ( 'NONE',  ( 0.9325400316191085892, 0.3610665997123411186, -0.000000000000000000 ) ) ;
#2565 = AXIS2_PLACEMENT_3D ( 'NONE', #743, #4574, #871 ) ;
#2566 = EDGE_LOOP ( 'NONE', ( #1764, #1074 ) ) ;
#2567 = DIRECTION ( 'NONE',  ( 0.000000000000000000, 0.000000000000000000, 1.000000000000000000 ) ) ;
#2568 = AXIS2_PLACEMENT_3D ( 'NONE', #2402, #2981, #4869 ) ;
#2569 = AXIS2_PLACEMENT_3D ( 'NONE', #759, #4027, #1634 ) ;
#2570 = ORIENTED_EDGE ( 'NONE', *, *, #2853, .T. ) ;
#2571 = DIRECTION ( 'NONE',  ( 0.000000000000000000, -0.000000000000000000, 1.000000000000000000 ) ) ;
#2572 = DIRECTION ( 'NONE',  ( 0.000000000000000000, 0.000000000000000000, 1.000000000000000000 ) ) ;
#2573 = VERTEX_POINT ( 'NONE', #70 ) ;
#2574 = ORIENTED_EDGE ( 'NONE', *, *, #1817, .F. ) ;
#2575 = DIRECTION ( 'NONE',  ( 0.000000000000000000, 0.000000000000000000, 1.000000000000000000 ) ) ;
#2576 = FACE_OUTER_BOUND ( 'NONE', #3865, .T. ) ;
#2577 = DIRECTION ( 'NONE',  ( 1.000000000000000000, 0.000000000000000000, 0.000000000000000000 ) ) ;
#2578 = ORIENTED_EDGE ( 'NONE', *, *, #1068, .F. ) ;
#2579 = ORIENTED_EDGE ( 'NONE', *, *, #2164, .T. ) ;
#2580 = DIRECTION ( 'NONE',  ( 0.2220375279487548370, -0.9750381203739707514, -0.000000000000000000 ) ) ;
#2581 = ORIENTED_EDGE ( 'NONE', *, *, #1103, .T. ) ;
#2582 = FACE_OUTER_BOUND ( 'NONE', #1469, .T. ) ;
#2583 = VERTEX_POINT ( 'NONE', #3920 ) ;
#2584 = DIRECTION ( 'NONE',  ( -0.000000000000000000, -0.000000000000000000, -1.000000000000000000 ) ) ;
#2585 = ORIENTED_EDGE ( 'NONE', *, *, #2007, .F. ) ;
#2586 = LINE ( 'NONE', #1517, #4613 ) ;
#2587 = VERTEX_POINT ( 'NONE', #5824 ) ;
#2588 = FACE_OUTER_BOUND ( 'NONE', #1449, .T. ) ;
#2589 = ORIENTED_EDGE ( 'NONE', *, *, #1744, .F. ) ;
#2590 = DIRECTION ( 'NONE',  ( 0.000000000000000000, 0.000000000000000000, 1.000000000000000000 ) ) ;
#2591 = EDGE_CURVE ( 'NONE', #1982, #5258, #5355, .T. ) ;
#2592 = EDGE_CURVE ( 'NONE', #5319, #5688, #650, .T. ) ;
#2593 = ORIENTED_EDGE ( 'NONE', *, *, #5353, .T. ) ;
#2594 = ORIENTED_EDGE ( 'NONE', *, *, #5595, .F. ) ;
#2595 = DIRECTION ( 'NONE',  ( -0.000000000000000000, -0.000000000000000000, 1.000000000000000000 ) ) ;
#2596 = AXIS2_PLACEMENT_3D ( 'NONE', #3799, #4412, #3306 ) ;
#2597 = DIRECTION ( 'NONE',  ( 1.000000000000000000, 0.000000000000000000, 0.000000000000000000 ) ) ;
#2598 = AXIS2_PLACEMENT_3D ( 'NONE', #2615, #5055, #793 ) ;
#2599 = DIRECTION ( 'NONE',  ( 1.000000000000000000, 0.000000000000000000, 0.000000000000000000 ) ) ;
#2600 = AXIS2_PLACEMENT_3D ( 'NONE', #4504, #221, #2128 ) ;
#2601 = FACE_BOUND ( 'NONE', #916, .T. ) ;
#2602 = ORIENTED_EDGE ( 'NONE', *, *, #5372, .T. ) ;
#2603 = ORIENTED_EDGE ( 'NONE', *, *, #1146, .F. ) ;
#2604 = CIRCLE ( 'NONE', #3989, 4.005000000000001670 ) ;
#2605 = CIRCLE ( 'NONE', #1300, 4.005000000000006111 ) ;
#2606 = VECTOR ( 'NONE', #510, 1000.000000000000114 ) ;
#2607 = AXIS2_PLACEMENT_3D ( 'NONE', #2250, #4176, #3618 ) ;
#2608 = LINE ( 'NONE', #1076, #4880 ) ;
#2609 = AXIS2_PLACEMENT_3D ( 'NONE', #3024, #5699, #4915 ) ;
#2610 = DIRECTION ( 'NONE',  ( 0.000000000000000000, 0.000000000000000000, 1.000000000000000000 ) ) ;
#2611 = ORIENTED_EDGE ( 'NONE', *, *, #5128, .F. ) ;
#2612 =( GEOMETRIC_REPRESENTATION_CONTEXT ( 3 ) GLOBAL_UNCERTAINTY_ASSIGNED_CONTEXT ( ( #2529 ) ) GLOBAL_UNIT_ASSIGNED_CONTEXT ( ( #6106, #1365, #6136 ) ) REPRESENTATION_CONTEXT ( 'NONE', 'WORKASPACE' ) );
#2613 = LINE ( 'NONE', #5964, #4848 ) ;
#2614 = CARTESIAN_POINT ( 'NONE',  ( -12.24625202109920075, -38.89978764190311722, 0.000000000000000000 ) ) ;
#2615 = CARTESIAN_POINT ( 'NONE',  ( 36.33288492289325688, 20.94598947935136835, 3.000000000000000000 ) ) ;
#2616 = VERTEX_POINT ( 'NONE', #3483 ) ;
#2617 = CARTESIAN_POINT ( 'NONE',  ( -23.73575383944879391, -33.07778457408817729, 3.000000000000000000 ) ) ;
#2618 = EDGE_CURVE ( 'NONE', #3184, #2742, #2051, .T. ) ;
#2619 = ORIENTED_EDGE ( 'NONE', *, *, #45, .F. ) ;
#2620 = LINE ( 'NONE', #5001, #4744 ) ;
#2621 = CARTESIAN_POINT ( 'NONE',  ( -12.33792604892874323, -38.88526790231296104, 0.000000000000000000 ) ) ;
#2622 = ORIENTED_EDGE ( 'NONE', *, *, #5293, .T. ) ;
#2623 = VERTEX_POINT ( 'NONE', #3370 ) ;
#2624 = CARTESIAN_POINT ( 'NONE',  ( -12.12627944162881732, -5.500000000000010658, -7.000000000000000000 ) ) ;
#2625 = CARTESIAN_POINT ( 'NONE',  ( -32.82325911375684768, 23.94971689001924986, 0.000000000000000000 ) ) ;
#2626 = ADVANCED_FACE ( 'NONE', ( #2995 ), #141, .F. ) ;
#2627 = EDGE_CURVE ( 'NONE', #2081, #5871, #6138, .T. ) ;
#2628 = CARTESIAN_POINT ( 'NONE',  ( 7.825468090788501918, 28.71491074616242756, 3.000000000000000000 ) ) ;
#2629 = ADVANCED_FACE ( 'NONE', ( #550 ), #2901, .F. ) ;
#2630 = CYLINDRICAL_SURFACE ( 'NONE', #5177, 8.694264425220769255 ) ;
#2631 = ORIENTED_EDGE ( 'NONE', *, *, #4499, .T. ) ;
#2632 = ORIENTED_EDGE ( 'NONE', *, *, #723, .F. ) ;
#2633 = ORIENTED_EDGE ( 'NONE', *, *, #3158, .F. ) ;
#2634 = EDGE_CURVE ( 'NONE', #353, #4019, #1563, .T. ) ;
#2635 = ADVANCED_FACE ( 'NONE', ( #4889 ), #2521, .F. ) ;
#2636 = EDGE_CURVE ( 'NONE', #4595, #5754, #5295, .T. ) ;
#2637 = DIRECTION ( 'NONE',  ( 1.000000000000000000, 0.000000000000000000, 0.000000000000000000 ) ) ;
#2638 = FACE_OUTER_BOUND ( 'NONE', #639, .T. ) ;
#2639 = EDGE_LOOP ( 'NONE', ( #1225, #823, #1488, #1055 ) ) ;
#2640 = DIRECTION ( 'NONE',  ( 0.000000000000000000, 0.000000000000000000, 1.000000000000000000 ) ) ;
#2641 = EDGE_LOOP ( 'NONE', ( #69, #4196, #5557, #4923 ) ) ;
#2642 = LINE ( 'NONE', #3970, #1164 ) ;
#2643 = EDGE_LOOP ( 'NONE', ( #1623, #2178, #4120, #5785 ) ) ;
#2644 = DIRECTION ( 'NONE',  ( 0.9633688272853717649, -0.2681799817562968147, 0.000000000000000000 ) ) ;
#2645 = ORIENTED_EDGE ( 'NONE', *, *, #2090, .F. ) ;
#2646 = CARTESIAN_POINT ( 'NONE',  ( -29.04320082603997832, 31.15125335806428453, 0.000000000000000000 ) ) ;
#2647 = CIRCLE ( 'NONE', #845, 8.694264425220769255 ) ;
#2648 = DIRECTION ( 'NONE',  ( -0.000000000000000000, -0.000000000000000000, -1.000000000000000000 ) ) ;
#2649 = DIRECTION ( 'NONE',  ( 0.000000000000000000, 0.000000000000000000, 1.000000000000000000 ) ) ;
#2650 = ORIENTED_EDGE ( 'NONE', *, *, #81, .F. ) ;
#2651 = AXIS2_PLACEMENT_3D ( 'NONE', #3507, #5412, #3749 ) ;
#2652 = ORIENTED_EDGE ( 'NONE', *, *, #279, .F. ) ;
#2653 = DIRECTION ( 'NONE',  ( 0.000000000000000000, 0.000000000000000000, 1.000000000000000000 ) ) ;
#2654 = FACE_OUTER_BOUND ( 'NONE', #3752, .T. ) ;
#2655 = VECTOR ( 'NONE', #5411, 1000.000000000000000 ) ;
#2656 = AXIS2_PLACEMENT_3D ( 'NONE', #905, #5697, #3244 ) ;
#2657 = VECTOR ( 'NONE', #4602, 1000.000000000000000 ) ;
#2658 = CARTESIAN_POINT ( 'NONE',  ( 9.526279441628830114, -5.499999999999992006, -7.000000000000000000 ) ) ;
#2659 = VECTOR ( 'NONE', #1089, 1000.000000000000000 ) ;
#2660 = FACE_BOUND ( 'NONE', #1914, .T. ) ;
#2661 = VERTEX_POINT ( 'NONE', #5857 ) ;
#2662 = CARTESIAN_POINT ( 'NONE',  ( 38.74107973018853102, -17.69284718012270829, 0.000000000000000000 ) ) ;
#2663 = ORIENTED_EDGE ( 'NONE', *, *, #3019, .F. ) ;
#2664 = ADVANCED_FACE ( 'NONE', ( #1585, #1127, #1956, #3028, #5791, #584, #3979, #1056, #1461, #3426, #2965, #4855 ), #5758, .F. ) ;
#2665 = DIRECTION ( 'NONE',  ( 0.000000000000000000, 0.000000000000000000, 1.000000000000000000 ) ) ;
#2666 = AXIS2_PLACEMENT_3D ( 'NONE', #3379, #3870, #5370 ) ;
#2667 = AXIS2_PLACEMENT_3D ( 'NONE', #2343, #2788, #4186 ) ;
#2668 = FACE_OUTER_BOUND ( 'NONE', #3710, .T. ) ;
#2669 = EDGE_CURVE ( 'NONE', #1104, #4019, #2138, .T. ) ;
#2670 = ORIENTED_EDGE ( 'NONE', *, *, #3048, .F. ) ;
#2671 = EDGE_CURVE ( 'NONE', #2685, #1915, #230, .T. ) ;
#2672 = CARTESIAN_POINT ( 'NONE',  ( 1.815570296198429345E-13, -26.00000000000000000, 3.000000000000000000 ) ) ;
#2673 = FACE_OUTER_BOUND ( 'NONE', #4357, .T. ) ;
#2674 = EDGE_LOOP ( 'NONE', ( #1733, #4541 ) ) ;
#2675 = CARTESIAN_POINT ( 'NONE',  ( -26.56771649810094615, -30.24582191543607834, 0.000000000000000000 ) ) ;
#2676 = ORIENTED_EDGE ( 'NONE', *, *, #844, .F. ) ;
#2677 = VECTOR ( 'NONE', #1779, 1000.000000000000000 ) ;
#2678 = DIRECTION ( 'NONE',  ( 0.000000000000000000, 0.000000000000000000, 1.000000000000000000 ) ) ;
#2679 = CARTESIAN_POINT ( 'NONE',  ( -42.23646744650214657, 5.476213805227606812, 0.000000000000000000 ) ) ;
#2680 = CARTESIAN_POINT ( 'NONE',  ( -20.76266961515268150, 36.39352824830927347, 0.000000000000000000 ) ) ;
#2681 = VERTEX_POINT ( 'NONE', #5034 ) ;
#2682 = ORIENTED_EDGE ( 'NONE', *, *, #5620, .T. ) ;
#2683 = DIRECTION ( 'NONE',  ( 0.000000000000000000, 0.000000000000000000, 1.000000000000000000 ) ) ;
#2684 = DIRECTION ( 'NONE',  ( 1.000000000000000000, 0.000000000000000000, 0.000000000000000000 ) ) ;
#2685 = VERTEX_POINT ( 'NONE', #5417 ) ;
#2686 = LINE ( 'NONE', #722, #41 ) ;
#2687 = CARTESIAN_POINT ( 'NONE',  ( -4.999999999999819700, -26.00000000000000000, 3.000000000000000000 ) ) ;
#2688 = CARTESIAN_POINT ( 'NONE',  ( 5.000000000000000888, 25.99999999999999645, 0.000000000000000000 ) ) ;
#2689 = ORIENTED_EDGE ( 'NONE', *, *, #2059, .T. ) ;
#2690 = DIRECTION ( 'NONE',  ( -0.000000000000000000, -0.000000000000000000, 1.000000000000000000 ) ) ;
#2691 = ORIENTED_EDGE ( 'NONE', *, *, #943, .F. ) ;
#2692 = AXIS2_PLACEMENT_3D ( 'NONE', #6100, #1795, #2378 ) ;
#2693 = CARTESIAN_POINT ( 'NONE',  ( -20.28241655960433576, 21.03444185374861419, 3.000000000000000000 ) ) ;
#2694 = CARTESIAN_POINT ( 'NONE',  ( -8.487627998526756201, 41.04109639035725365, 0.000000000000000000 ) ) ;
#2695 = ORIENTED_EDGE ( 'NONE', *, *, #4, .T. ) ;
#2696 = CIRCLE ( 'NONE', #5171, 8.694264425220763925 ) ;
#2697 = AXIS2_PLACEMENT_3D ( 'NONE', #728, #3104, #2637 ) ;
#2698 = DIRECTION ( 'NONE',  ( -0.000000000000000000, -0.000000000000000000, 1.000000000000000000 ) ) ;
#2699 = ADVANCED_FACE ( 'NONE', ( #3511 ), #5947, .F. ) ;
#2700 = EDGE_CURVE ( 'NONE', #3661, #4403, #2620, .T. ) ;
#2701 = EDGE_CURVE ( 'NONE', #5790, #1541, #4139, .T. ) ;
#2702 = DIRECTION ( 'NONE',  ( 1.000000000000000000, 0.000000000000000000, 0.000000000000000000 ) ) ;
#2703 = ORIENTED_EDGE ( 'NONE', *, *, #6063, .F. ) ;
#2704 = DIRECTION ( 'NONE',  ( 1.000000000000000000, 0.000000000000000000, 0.000000000000000000 ) ) ;
#2705 = ORIENTED_EDGE ( 'NONE', *, *, #2314, .F. ) ;
#2706 = EDGE_LOOP ( 'NONE', ( #6095, #5077, #2050, #1643 ) ) ;
#2707 = DIRECTION ( 'NONE',  ( -1.000000000000000000, 0.000000000000000000, 0.000000000000000000 ) ) ;
#2708 = EDGE_CURVE ( 'NONE', #4111, #5809, #3542, .T. ) ;
#2709 = EDGE_CURVE ( 'NONE', #2823, #3400, #4485, .T. ) ;
#2710 = EDGE_CURVE ( 'NONE', #95, #3314, #666, .T. ) ;
#2711 = LINE ( 'NONE', #4601, #704 ) ;
#2712 = CARTESIAN_POINT ( 'NONE',  ( -16.74447303340663495, -38.39834553817248519, 0.000000000000000000 ) ) ;
#2713 = DIRECTION ( 'NONE',  ( 0.5877852522924832401, -0.8090169943749400128, 0.000000000000000000 ) ) ;
#2714 = VERTEX_POINT ( 'NONE', #2231 ) ;
#2715 = EDGE_LOOP ( 'NONE', ( #1057, #2986 ) ) ;
#2716 = CYLINDRICAL_SURFACE ( 'NONE', #3291, 4.005000000000005222 ) ;
#2717 = EDGE_LOOP ( 'NONE', ( #5153, #4116, #4413, #3794 ) ) ;
#2718 = DIRECTION ( 'NONE',  ( 0.000000000000000000, 0.000000000000000000, -1.000000000000000000 ) ) ;
#2719 = ORIENTED_EDGE ( 'NONE', *, *, #1633, .F. ) ;
#2720 = CARTESIAN_POINT ( 'NONE',  ( -38.41327205187614879, -17.29073879669979874, 0.000000000000000000 ) ) ;
#2721 = CARTESIAN_POINT ( 'NONE',  ( -9.526279441628819455, -5.500000000000010658, -5.450000000000000178 ) ) ;
#2722 = DIRECTION ( 'NONE',  ( -1.000000000000000000, 0.000000000000000000, 0.000000000000000000 ) ) ;
#2723 = VERTEX_POINT ( 'NONE', #2679 ) ;
#2724 = FACE_OUTER_BOUND ( 'NONE', #3452, .T. ) ;
#2725 = ORIENTED_EDGE ( 'NONE', *, *, #1811, .T. ) ;
#2726 = EDGE_CURVE ( 'NONE', #4605, #3145, #1273, .T. ) ;
#2727 = CARTESIAN_POINT ( 'NONE',  ( -39.96320686035490155, -3.955691804083540042, 0.000000000000000000 ) ) ;
#2728 = CARTESIAN_POINT ( 'NONE',  ( 42.30279717274500939, -4.937757726093670918, 3.000000000000000000 ) ) ;
#2729 = ORIENTED_EDGE ( 'NONE', *, *, #5209, .F. ) ;
#2730 = DIRECTION ( 'NONE',  ( 1.000000000000000000, 0.000000000000000000, 0.000000000000000000 ) ) ;
#2731 = AXIS2_PLACEMENT_3D ( 'NONE', #106, #1980, #2014 ) ;
#2732 = DIRECTION ( 'NONE',  ( -0.000000000000000000, -0.000000000000000000, -1.000000000000000000 ) ) ;
#2733 = ORIENTED_EDGE ( 'NONE', *, *, #5551, .T. ) ;
#2734 = DIRECTION ( 'NONE',  ( 1.000000000000000000, 0.000000000000000000, 0.000000000000000000 ) ) ;
#2735 = EDGE_LOOP ( 'NONE', ( #1957, #4189, #5787, #573 ) ) ;
#2736 = VERTEX_POINT ( 'NONE', #1730 ) ;
#2737 = CARTESIAN_POINT ( 'NONE',  ( 27.76240862414366362, 10.72533064227283006, 3.000000000000000000 ) ) ;
#2738 = EDGE_CURVE ( 'NONE', #5527, #5720, #2172, .T. ) ;
#2739 = FACE_OUTER_BOUND ( 'NONE', #2153, .T. ) ;
#2740 = DIRECTION ( 'NONE',  ( -0.9750381203739707514, -0.2220375279487548370, 0.000000000000000000 ) ) ;
#2741 = CARTESIAN_POINT ( 'NONE',  ( -13.82840553342282242, -34.43420388362840612, 3.000000000000000000 ) ) ;
#2742 = VERTEX_POINT ( 'NONE', #5891 ) ;
#2743 = EDGE_CURVE ( 'NONE', #1919, #815, #2562, .T. ) ;
#2744 = CARTESIAN_POINT ( 'NONE',  ( 27.36332855041479206, -24.33439643718800127, 3.000000000000000000 ) ) ;
#2745 = EDGE_CURVE ( 'NONE', #4740, #2067, #1212, .T. ) ;
#2746 = AXIS2_PLACEMENT_3D ( 'NONE', #768, #3087, #3634 ) ;
#2747 = PLANE ( 'NONE',  #2311 ) ;
#2748 = ORIENTED_EDGE ( 'NONE', *, *, #2876, .F. ) ;
#2749 = CARTESIAN_POINT ( 'NONE',  ( -34.58360451648724876, 12.63458943475418295, 0.000000000000000000 ) ) ;
#2750 = CIRCLE ( 'NONE', #1742, 8.694264425220762149 ) ;
#2751 = CARTESIAN_POINT ( 'NONE',  ( 15.28241655960402312, 21.03444185374883801, 10.00000000000000000 ) ) ;
#2752 = CARTESIAN_POINT ( 'NONE',  ( 8.975561016496627076, 39.51178793479915186, 3.000000000000000000 ) ) ;
#2753 = ORIENTED_EDGE ( 'NONE', *, *, #5902, .T. ) ;
#2754 = CIRCLE ( 'NONE', #1053, 2.600000000000000089 ) ;
#2755 = FACE_OUTER_BOUND ( 'NONE', #2526, .T. ) ;
#2756 = ORIENTED_EDGE ( 'NONE', *, *, #211, .F. ) ;
#2757 = AXIS2_PLACEMENT_3D ( 'NONE', #3381, #2032, #1912 ) ;
#2758 = CIRCLE ( 'NONE', #6030, 8.694264425220771031 ) ;
#2759 = CARTESIAN_POINT ( 'NONE',  ( 25.03650104939105248, -16.09216160756025360, 3.000000000000000000 ) ) ;
#2760 = AXIS2_PLACEMENT_3D ( 'NONE', #5545, #5954, #5484 ) ;
#2761 = AXIS2_PLACEMENT_3D ( 'NONE', #5248, #124, #4782 ) ;
#2762 = CYLINDRICAL_SURFACE ( 'NONE', #86, 4.999999999999999112 ) ;
#2763 = ORIENTED_EDGE ( 'NONE', *, *, #2046, .T. ) ;
#2764 = CARTESIAN_POINT ( 'NONE',  ( -16.89380793551028503, 38.58827080943635224, 0.000000000000000000 ) ) ;
#2765 = CIRCLE ( 'NONE', #1760, 42.59000000000001052 ) ;
#2766 = DIRECTION ( 'NONE',  ( 1.000000000000000000, 0.000000000000000000, 0.000000000000000000 ) ) ;
#2767 = LINE ( 'NONE', #3720, #5766 ) ;
#2768 = ORIENTED_EDGE ( 'NONE', *, *, #4288, .F. ) ;
#2769 = CYLINDRICAL_SURFACE ( 'NONE', #6028, 5.000000000000000888 ) ;
#2770 = FACE_OUTER_BOUND ( 'NONE', #4177, .T. ) ;
#2771 = DIRECTION ( 'NONE',  ( -0.000000000000000000, 0.000000000000000000, -1.000000000000000000 ) ) ;
#2772 = CYLINDRICAL_SURFACE ( 'NONE', #4424, 42.59000000000001052 ) ;
#2773 = VERTEX_POINT ( 'NONE', #802 ) ;
#2774 = DIRECTION ( 'NONE',  ( -0.7744898888064561948, 0.6325862882931965192, -0.000000000000000000 ) ) ;
#2775 = CIRCLE ( 'NONE', #1472, 42.59000000000001052 ) ;
#2776 = EDGE_CURVE ( 'NONE', #1086, #3207, #5975, .T. ) ;
#2777 = VERTEX_POINT ( 'NONE', #4951 ) ;
#2778 = DIRECTION ( 'NONE',  ( -1.000000000000000000, 0.000000000000000000, 0.000000000000000000 ) ) ;
#2779 = EDGE_CURVE ( 'NONE', #3679, #5892, #1262, .T. ) ;
#2780 = CARTESIAN_POINT ( 'NONE',  ( -36.77037256503043494, 16.20307056412863744, 0.000000000000000000 ) ) ;
#2781 = DIRECTION ( 'NONE',  ( 1.000000000000000000, 0.000000000000000000, 0.000000000000000000 ) ) ;
#2782 = CARTESIAN_POINT ( 'NONE',  ( 0.000000000000000000, 25.99999999999999645, 10.00000000000000000 ) ) ;
#2783 = EDGE_LOOP ( 'NONE', ( #1616, #3838, #1618, #5224 ) ) ;
#2784 = DIRECTION ( 'NONE',  ( 1.000000000000000000, 4.788601011797059897E-14, 0.000000000000000000 ) ) ;
#2785 = CARTESIAN_POINT ( 'NONE',  ( 41.19070440307643821, -8.785910185511950132, 3.000000000000000000 ) ) ;
#2786 = DIRECTION ( 'NONE',  ( 1.000000000000000000, 2.593825548056741540E-15, 0.000000000000000000 ) ) ;
#2787 = VERTEX_POINT ( 'NONE', #5536 ) ;
#2788 = DIRECTION ( 'NONE',  ( 0.000000000000000000, 0.000000000000000000, -1.000000000000000000 ) ) ;
#2789 = AXIS2_PLACEMENT_3D ( 'NONE', #2958, #2644, #4997 ) ;
#2790 = LINE ( 'NONE', #349, #5024 ) ;
#2791 = CIRCLE ( 'NONE', #1987, 42.59000000000001052 ) ;
#2792 = CARTESIAN_POINT ( 'NONE',  ( -38.58860451648724421, 12.63458943475418295, 0.000000000000000000 ) ) ;
#2793 = AXIS2_PLACEMENT_3D ( 'NONE', #4554, #4525, #1228 ) ;
#2794 = EDGE_LOOP ( 'NONE', ( #848, #4348, #2270, #2911 ) ) ;
#2795 = DIRECTION ( 'NONE',  ( 0.000000000000000000, 0.000000000000000000, 1.000000000000000000 ) ) ;
#2796 = AXIS2_PLACEMENT_3D ( 'NONE', #1031, #2933, #4824 ) ;
#2797 = VECTOR ( 'NONE', #592, 1000.000000000000114 ) ;
#2798 = AXIS2_PLACEMENT_3D ( 'NONE', #742, #328, #4983 ) ;
#2799 = DIRECTION ( 'NONE',  ( 1.000000000000000000, 0.000000000000000000, 0.000000000000000000 ) ) ;
#2800 = CARTESIAN_POINT ( 'NONE',  ( 19.72746942367407641, -8.034441853748395701, 3.000000000000000000 ) ) ;
#2801 = ORIENTED_EDGE ( 'NONE', *, *, #911, .T. ) ;
#2802 = CARTESIAN_POINT ( 'NONE',  ( 33.37444795991410018, -24.03241722527452140, 0.000000000000000000 ) ) ;
#2803 = ORIENTED_EDGE ( 'NONE', *, *, #3348, .F. ) ;
#2804 = ORIENTED_EDGE ( 'NONE', *, *, #4833, .T. ) ;
#2805 = LINE ( 'NONE', #5231, #5132 ) ;
#2806 = FACE_OUTER_BOUND ( 'NONE', #1725, .T. ) ;
#2807 = DIRECTION ( 'NONE',  ( 0.000000000000000000, 0.000000000000000000, 1.000000000000000000 ) ) ;
#2808 = DIRECTION ( 'NONE',  ( 0.9420040344146436428, 0.3356015481885250007, 0.000000000000000000 ) ) ;
#2809 = ORIENTED_EDGE ( 'NONE', *, *, #5483, .T. ) ;
#2810 = LINE ( 'NONE', #429, #918 ) ;
#2811 = AXIS2_PLACEMENT_3D ( 'NONE', #4984, #5920, #2971 ) ;
#2812 = EDGE_CURVE ( 'NONE', #3894, #2905, #3178, .T. ) ;
#2813 = DIRECTION ( 'NONE',  ( 0.000000000000000000, -0.000000000000000000, 1.000000000000000000 ) ) ;
#2814 = CARTESIAN_POINT ( 'NONE',  ( -28.04602552163483153, 31.43196547385318596, 0.000000000000000000 ) ) ;
#2815 = ORIENTED_EDGE ( 'NONE', *, *, #4635, .T. ) ;
#2816 = ADVANCED_FACE ( 'NONE', ( #2588 ), #2115, .F. ) ;
#2817 = EDGE_CURVE ( 'NONE', #3080, #84, #5238, .T. ) ;
#2818 = DIRECTION ( 'NONE',  ( -0.4016205324600811144, -0.9158061737652137824, 0.000000000000000000 ) ) ;
#2819 = AXIS2_PLACEMENT_3D ( 'NONE', #2303, #5290, #5257 ) ;
#2820 = LINE ( 'NONE', #1381, #5832 ) ;
#2821 = CARTESIAN_POINT ( 'NONE',  ( 38.65220204422475092, 17.88617838255083825, 0.000000000000000000 ) ) ;
#2822 = ORIENTED_EDGE ( 'NONE', *, *, #605, .T. ) ;
#2823 = VERTEX_POINT ( 'NONE', #1888 ) ;
#2824 = VERTEX_POINT ( 'NONE', #6077 ) ;
#2825 = FACE_BOUND ( 'NONE', #953, .T. ) ;
#2826 = CARTESIAN_POINT ( 'NONE',  ( 8.999999999999992895, 5.836711784674610467E-15, -5.450000000000000178 ) ) ;
#2827 = CARTESIAN_POINT ( 'NONE',  ( -9.526279441628833666, 5.499999999999986677, 3.000000000000000000 ) ) ;
#2828 = EDGE_LOOP ( 'NONE', ( #1658, #326, #120, #2670 ) ) ;
#2829 = CARTESIAN_POINT ( 'NONE',  ( -6.926279441628833133, 5.499999999999986677, 3.000000000000000000 ) ) ;
#2830 = EDGE_CURVE ( 'NONE', #5391, #252, #2054, .T. ) ;
#2831 = EDGE_LOOP ( 'NONE', ( #5475, #3745, #2196, #5749 ) ) ;
#2832 = AXIS2_PLACEMENT_3D ( 'NONE', #3801, #2424, #5236 ) ;
#2833 = ORIENTED_EDGE ( 'NONE', *, *, #407, .F. ) ;
#2834 = DIRECTION ( 'NONE',  ( -1.000000000000000000, 0.000000000000000000, 0.000000000000000000 ) ) ;
#2835 = LINE ( 'NONE', #521, #5726 ) ;
#2836 = DIRECTION ( 'NONE',  ( 0.000000000000000000, -0.000000000000000000, 1.000000000000000000 ) ) ;
#2837 = CARTESIAN_POINT ( 'NONE',  ( 0.000000000000000000, 0.000000000000000000, 0.000000000000000000 ) ) ;
#2838 = ORIENTED_EDGE ( 'NONE', *, *, #6165, .T. ) ;
#2839 = DIRECTION ( 'NONE',  ( -0.000000000000000000, -0.000000000000000000, -1.000000000000000000 ) ) ;
#2840 = VECTOR ( 'NONE', #2548, 1000.000000000000000 ) ;
#2841 = DIRECTION ( 'NONE',  ( -1.000000000000000000, 0.000000000000000000, 0.000000000000000000 ) ) ;
#2842 = AXIS2_PLACEMENT_3D ( 'NONE', #1481, #3416, #1577 ) ;
#2843 = CARTESIAN_POINT ( 'NONE',  ( -32.78112118826260257, 24.03241722527427271, 0.000000000000000000 ) ) ;
#2844 = VERTEX_POINT ( 'NONE', #3726 ) ;
#2845 = AXIS2_PLACEMENT_3D ( 'NONE', #5260, #1371, #3797 ) ;
#2846 = CIRCLE ( 'NONE', #245, 42.59000000000001052 ) ;
#2847 = DIRECTION ( 'NONE',  ( -0.000000000000000000, 0.000000000000000000, 1.000000000000000000 ) ) ;
#2848 = VECTOR ( 'NONE', #1564, 1000.000000000000000 ) ;
#2849 = AXIS2_PLACEMENT_3D ( 'NONE', #436, #3202, #3260 ) ;
#2850 = AXIS2_PLACEMENT_3D ( 'NONE', #2201, #3600, #1186 ) ;
#2851 = EDGE_CURVE ( 'NONE', #95, #4766, #5189, .T. ) ;
#2852 = CYLINDRICAL_SURFACE ( 'NONE', #3846, 8.694264425220762149 ) ;
#2853 = EDGE_CURVE ( 'NONE', #4182, #392, #1058, .T. ) ;
#2854 = DIRECTION ( 'NONE',  ( 0.9510565162951574170, -0.3090169943749353498, 0.000000000000000000 ) ) ;
#2855 = ORIENTED_EDGE ( 'NONE', *, *, #44, .T. ) ;
#2856 = EDGE_CURVE ( 'NONE', #2927, #1391, #4668, .T. ) ;
#2857 = VECTOR ( 'NONE', #1983, 1000.000000000000000 ) ;
#2858 = ORIENTED_EDGE ( 'NONE', *, *, #1781, .T. ) ;
#2859 = FACE_BOUND ( 'NONE', #3698, .T. ) ;
#2860 = AXIS2_PLACEMENT_3D ( 'NONE', #3693, #1442, #6118 ) ;
#2861 = FACE_OUTER_BOUND ( 'NONE', #163, .T. ) ;
#2862 = DIRECTION ( 'NONE',  ( -1.000000000000000000, 0.000000000000000000, 0.000000000000000000 ) ) ;
#2863 = EDGE_LOOP ( 'NONE', ( #2263, #4174, #2916, #5127 ) ) ;
#2864 = DIRECTION ( 'NONE',  ( 0.000000000000000000, 0.000000000000000000, 1.000000000000000000 ) ) ;
#2865 = EDGE_CURVE ( 'NONE', #1241, #4086, #5337, .T. ) ;
#2866 = VERTEX_POINT ( 'NONE', #1859 ) ;
#2867 = DIRECTION ( 'NONE',  ( 1.000000000000000000, -5.187651096113483081E-15, 0.000000000000000000 ) ) ;
#2868 = DIRECTION ( 'NONE',  ( 1.000000000000000000, 0.000000000000000000, 0.000000000000000000 ) ) ;
#2869 = CARTESIAN_POINT ( 'NONE',  ( 8.320845587068857796, 41.76926655707708846, 0.000000000000000000 ) ) ;
#2870 = VERTEX_POINT ( 'NONE', #2826 ) ;
#2871 = CARTESIAN_POINT ( 'NONE',  ( -4.017551685328701438, -41.70669424522104407, 3.000000000000000000 ) ) ;
#2872 = CARTESIAN_POINT ( 'NONE',  ( -8.382234244845783167, 39.51178793479898133, 0.000000000000000000 ) ) ;
#2873 = DIRECTION ( 'NONE',  ( -0.000000000000000000, 0.000000000000000000, -1.000000000000000000 ) ) ;
#2874 = ORIENTED_EDGE ( 'NONE', *, *, #2592, .F. ) ;
#2875 = CARTESIAN_POINT ( 'NONE',  ( -38.41327205187614879, -17.29073879669979874, 3.000000000000000000 ) ) ;
#2876 = EDGE_CURVE ( 'NONE', #2623, #2279, #3940, .T. ) ;
#2877 = CARTESIAN_POINT ( 'NONE',  ( 0.000000000000000000, 0.000000000000000000, -5.450000000000000178 ) ) ;
#2878 = CARTESIAN_POINT ( 'NONE',  ( 20.28241655960402312, 21.03444185374883801, 0.000000000000000000 ) ) ;
#2879 = LINE ( 'NONE', #1447, #4683 ) ;
#2880 = VERTEX_POINT ( 'NONE', #924 ) ;
#2881 = AXIS2_PLACEMENT_3D ( 'NONE', #4781, #505, #5095 ) ;
#2882 = AXIS2_PLACEMENT_3D ( 'NONE', #225, #4508, #2168 ) ;
#2883 = CARTESIAN_POINT ( 'NONE',  ( 0.2966633858259900558, -40.88639027866684472, 3.000000000000000000 ) ) ;
#2884 = CARTESIAN_POINT ( 'NONE',  ( 40.55653363200659101, -3.955691804083529828, 0.000000000000000000 ) ) ;
#2885 = EDGE_CURVE ( 'NONE', #1656, #1494, #3789, .T. ) ;
#2886 = ADVANCED_FACE ( 'NONE', ( #5691 ), #2299, .T. ) ;
#2887 = CIRCLE ( 'NONE', #192, 8.694264425220772807 ) ;
#2888 = LINE ( 'NONE', #4283, #5727 ) ;
#2889 = CARTESIAN_POINT ( 'NONE',  ( -3.999999999999942712, 9.526279441628854983, -5.450000000000000178 ) ) ;
#2890 = ORIENTED_EDGE ( 'NONE', *, *, #6023, .F. ) ;
#2891 = ORIENTED_EDGE ( 'NONE', *, *, #278, .T. ) ;
#2892 = EDGE_CURVE ( 'NONE', #3085, #5890, #4441, .T. ) ;
#2893 = EDGE_CURVE ( 'NONE', #3894, #265, #1652, .T. ) ;
#2894 = DIRECTION ( 'NONE',  ( -0.000000000000000000, 0.000000000000000000, 1.000000000000000000 ) ) ;
#2895 = AXIS2_PLACEMENT_3D ( 'NONE', #975, #2374, #5268 ) ;
#2896 = ADVANCED_FACE ( 'NONE', ( #4194 ), #6160, .T. ) ;
#2897 = AXIS2_PLACEMENT_3D ( 'NONE', #2218, #3161, #2157 ) ;
#2898 = EDGE_CURVE ( 'NONE', #2154, #4806, #5433, .T. ) ;
#2899 = VECTOR ( 'NONE', #1226, 1000.000000000000000 ) ;
#2900 = ORIENTED_EDGE ( 'NONE', *, *, #3345, .T. ) ;
#2901 = CYLINDRICAL_SURFACE ( 'NONE', #5033, 2.600000000000000089 ) ;
#2902 = CIRCLE ( 'NONE', #4495, 8.694264425220763925 ) ;
#2903 = CARTESIAN_POINT ( 'NONE',  ( -28.77612118826259646, 24.03241722527427271, 3.000000000000000000 ) ) ;
#2904 = CARTESIAN_POINT ( 'NONE',  ( -5.499999999999943157, 9.526279441628854983, 3.000000000000000000 ) ) ;
#2905 = VERTEX_POINT ( 'NONE', #3701 ) ;
#2906 = EDGE_CURVE ( 'NONE', #2129, #198, #5096, .T. ) ;
#2907 = DIRECTION ( 'NONE',  ( -0.000000000000000000, -0.000000000000000000, -1.000000000000000000 ) ) ;
#2908 = ORIENTED_EDGE ( 'NONE', *, *, #5326, .T. ) ;
#2909 = DIRECTION ( 'NONE',  ( -0.000000000000000000, -0.000000000000000000, -1.000000000000000000 ) ) ;
#2910 = CARTESIAN_POINT ( 'NONE',  ( 39.80845132062497527, -8.678897630670904917, 0.000000000000000000 ) ) ;
#2911 = ORIENTED_EDGE ( 'NONE', *, *, #4032, .F. ) ;
#2912 = DIRECTION ( 'NONE',  ( 1.000000000000000000, 0.000000000000000000, 0.000000000000000000 ) ) ;
#2913 = DIRECTION ( 'NONE',  ( -0.000000000000000000, -0.000000000000000000, -1.000000000000000000 ) ) ;
#2914 = DIRECTION ( 'NONE',  ( 0.000000000000000000, 0.000000000000000000, 1.000000000000000000 ) ) ;
#2915 = CARTESIAN_POINT ( 'NONE',  ( -32.78112118826224020, -24.03241722527476298, 0.000000000000000000 ) ) ;
#2916 = ORIENTED_EDGE ( 'NONE', *, *, #2238, .T. ) ;
#2917 = CYLINDRICAL_SURFACE ( 'NONE', #800, 8.694264425220771031 ) ;
#2918 = CARTESIAN_POINT ( 'NONE',  ( -38.56881604959922782, 18.06528517716168736, 3.000000000000000000 ) ) ;
#2919 = ORIENTED_EDGE ( 'NONE', *, *, #1328, .F. ) ;
#2920 = DIRECTION ( 'NONE',  ( 0.8090169943749465631, 0.5877852522924741363, 0.000000000000000000 ) ) ;
#2921 = LINE ( 'NONE', #2990, #2840 ) ;
#2922 = EDGE_LOOP ( 'NONE', ( #3886, #4967, #3637, #6012 ) ) ;
#2923 = ORIENTED_EDGE ( 'NONE', *, *, #4183, .F. ) ;
#2924 = ADVANCED_FACE ( 'NONE', ( #2861 ), #4763, .T. ) ;
#2925 = DIRECTION ( 'NONE',  ( 0.000000000000000000, 0.000000000000000000, 1.000000000000000000 ) ) ;
#2926 = ORIENTED_EDGE ( 'NONE', *, *, #402, .F. ) ;
#2927 = VERTEX_POINT ( 'NONE', #4726 ) ;
#2928 = DIRECTION ( 'NONE',  ( 0.3356015481885438745, 0.9420040344146368705, -0.000000000000000000 ) ) ;
#2929 = EDGE_LOOP ( 'NONE', ( #5356, #3110, #5996, #2391 ) ) ;
#2930 = CARTESIAN_POINT ( 'NONE',  ( 33.37444795991410018, -24.03241722527452140, 3.000000000000000000 ) ) ;
#2931 = EDGE_CURVE ( 'NONE', #3679, #4147, #447, .T. ) ;
#2932 = ADVANCED_FACE ( 'NONE', ( #1767 ), #831, .F. ) ;
#2933 = DIRECTION ( 'NONE',  ( 0.000000000000000000, 0.000000000000000000, 1.000000000000000000 ) ) ;
#2934 = ORIENTED_EDGE ( 'NONE', *, *, #610, .T. ) ;
#2935 = CARTESIAN_POINT ( 'NONE',  ( 0.000000000000000000, 0.000000000000000000, -5.450000000000000178 ) ) ;
#2936 = ORIENTED_EDGE ( 'NONE', *, *, #2348, .F. ) ;
#2937 = DIRECTION ( 'NONE',  ( 0.000000000000000000, 0.000000000000000000, 1.000000000000000000 ) ) ;
#2938 = CARTESIAN_POINT ( 'NONE',  ( 0.000000000000000000, 25.99999999999999645, 0.000000000000000000 ) ) ;
#2939 = ORIENTED_EDGE ( 'NONE', *, *, #3092, .T. ) ;
#2940 = ORIENTED_EDGE ( 'NONE', *, *, #67, .T. ) ;
#2941 = VERTEX_POINT ( 'NONE', #5814 ) ;
#2942 = AXIS2_PLACEMENT_3D ( 'NONE', #3179, #3142, #4011 ) ;
#2943 = CARTESIAN_POINT ( 'NONE',  ( 20.76059948172632019, -34.89601652554492972, 0.000000000000000000 ) ) ;
#2944 = FACE_OUTER_BOUND ( 'NONE', #4480, .T. ) ;
#2945 = CARTESIAN_POINT ( 'NONE',  ( -24.72746942367401601, 8.034441853748564455, 10.00000000000000000 ) ) ;
#2946 = DIRECTION ( 'NONE',  ( 0.000000000000000000, 0.000000000000000000, 1.000000000000000000 ) ) ;
#2947 = AXIS2_PLACEMENT_3D ( 'NONE', #5850, #27, #4377 ) ;
#2948 = ORIENTED_EDGE ( 'NONE', *, *, #2726, .F. ) ;
#2949 = DIRECTION ( 'NONE',  ( -0.000000000000000000, -0.000000000000000000, 1.000000000000000000 ) ) ;
#2950 = VERTEX_POINT ( 'NONE', #1482 ) ;
#2951 = CYLINDRICAL_SURFACE ( 'NONE', #5945, 8.694264425220763925 ) ;
#2952 = VECTOR ( 'NONE', #1886, 1000.000000000000000 ) ;
#2953 = AXIS2_PLACEMENT_3D ( 'NONE', #2373, #5206, #4267 ) ;
#2954 = AXIS2_PLACEMENT_3D ( 'NONE', #6170, #875, #2868 ) ;
#2955 = VECTOR ( 'NONE', #1617, 1000.000000000000227 ) ;
#2956 = FACE_OUTER_BOUND ( 'NONE', #4314, .T. ) ;
#2957 = AXIS2_PLACEMENT_3D ( 'NONE', #4168, #4734, #3766 ) ;
#2958 = CARTESIAN_POINT ( 'NONE',  ( -20.76266961515268150, 36.39352824830928057, 3.000000000000000000 ) ) ;
#2959 = DIRECTION ( 'NONE',  ( 0.3090169943749581649, -0.9510565162951499785, 0.000000000000000000 ) ) ;
#2960 = VERTEX_POINT ( 'NONE', #1948 ) ;
#2961 = CARTESIAN_POINT ( 'NONE',  ( 12.93125282058016090, 38.88526790231303920, 0.000000000000000000 ) ) ;
#2962 = EDGE_CURVE ( 'NONE', #2777, #1683, #4134, .T. ) ;
#2963 = VECTOR ( 'NONE', #3932, 1000.000000000000114 ) ;
#2964 = ORIENTED_EDGE ( 'NONE', *, *, #4060, .F. ) ;
#2965 = FACE_BOUND ( 'NONE', #3261, .T. ) ;
#2966 =( GEOMETRIC_REPRESENTATION_CONTEXT ( 3 ) GLOBAL_UNCERTAINTY_ASSIGNED_CONTEXT ( ( #4391 ) ) GLOBAL_UNIT_ASSIGNED_CONTEXT ( ( #705, #2221, #5933 ) ) REPRESENTATION_CONTEXT ( 'NONE', 'WORKASPACE' ) );
#2967 = ORIENTED_EDGE ( 'NONE', *, *, #5673, .F. ) ;
#2968 = CARTESIAN_POINT ( 'NONE',  ( -4.017551685328701438, -41.70669424522104407, 0.000000000000000000 ) ) ;
#2969 = DIRECTION ( 'NONE',  ( 0.000000000000000000, 0.000000000000000000, 1.000000000000000000 ) ) ;
#2970 = ORIENTED_EDGE ( 'NONE', *, *, #4484, .F. ) ;
#2971 = DIRECTION ( 'NONE',  ( -1.000000000000000000, 0.000000000000000000, 0.000000000000000000 ) ) ;
#2972 = ORIENTED_EDGE ( 'NONE', *, *, #4641, .F. ) ;
#2973 = ADVANCED_FACE ( 'NONE', ( #5784 ), #3392, .T. ) ;
#2974 = EDGE_CURVE ( 'NONE', #5754, #232, #541, .T. ) ;
#2975 = EDGE_CURVE ( 'NONE', #444, #3027, #348, .T. ) ;
#2976 = CARTESIAN_POINT ( 'NONE',  ( 31.36840236821780081, -27.82005574930078140, 0.000000000000000000 ) ) ;
#2977 = LINE ( 'NONE', #1468, #4083 ) ;
#2978 = ORIENTED_EDGE ( 'NONE', *, *, #1366, .T. ) ;
#2979 = ORIENTED_EDGE ( 'NONE', *, *, #4199, .T. ) ;
#2980 = ORIENTED_EDGE ( 'NONE', *, *, #5249, .T. ) ;
#2981 = DIRECTION ( 'NONE',  ( -0.000000000000000000, -0.000000000000000000, 1.000000000000000000 ) ) ;
#2982 = DIRECTION ( 'NONE',  ( -0.000000000000000000, -0.000000000000000000, 1.000000000000000000 ) ) ;
#2983 = DIRECTION ( 'NONE',  ( -0.9510565162951556406, 0.3090169943749414561, 0.000000000000000000 ) ) ;
#2984 = CARTESIAN_POINT ( 'NONE',  ( 0.2049893579958332324, 40.87187053907685197, 0.000000000000000000 ) ) ;
#2985 = VERTEX_POINT ( 'NONE', #4791 ) ;
#2986 = ORIENTED_EDGE ( 'NONE', *, *, #4762, .F. ) ;
#2987 = CARTESIAN_POINT ( 'NONE',  ( -6.926279441628820699, -5.500000000000010658, -7.000000000000000000 ) ) ;
#2988 = ORIENTED_EDGE ( 'NONE', *, *, #3164, .T. ) ;
#2989 = CARTESIAN_POINT ( 'NONE',  ( 12.99999999999999289, 5.591782424845139381E-15, -7.000000000000000000 ) ) ;
#2990 = CARTESIAN_POINT ( 'NONE',  ( -15.90640717830317818, -37.06703595085611624, 0.000000000000000000 ) ) ;
#2991 = CARTESIAN_POINT ( 'NONE',  ( -15.28241655960418299, -21.03444185374871367, 3.000000000000000000 ) ) ;
#2992 = ORIENTED_EDGE ( 'NONE', *, *, #4496, .F. ) ;
#2993 = DIRECTION ( 'NONE',  ( -0.000000000000000000, -0.000000000000000000, -1.000000000000000000 ) ) ;
#2994 = CIRCLE ( 'NONE', #994, 42.59000000000001052 ) ;
#2995 = FACE_OUTER_BOUND ( 'NONE', #4936, .T. ) ;
#2996 = VERTEX_POINT ( 'NONE', #102 ) ;
#2997 = DIRECTION ( 'NONE',  ( 1.000000000000000000, 0.000000000000000000, 0.000000000000000000 ) ) ;
#2998 = DIRECTION ( 'NONE',  ( -0.000000000000000000, -0.000000000000000000, 1.000000000000000000 ) ) ;
#2999 = AXIS2_PLACEMENT_3D ( 'NONE', #783, #4433, #1608 ) ;
#3000 = EDGE_LOOP ( 'NONE', ( #5803, #4719, #5459, #1131 ) ) ;
#3001 = VECTOR ( 'NONE', #274, 999.9999999999998863 ) ;
#3002 = CARTESIAN_POINT ( 'NONE',  ( 1.590152247979820466, -29.71961416015120960, 3.000000000000000000 ) ) ;
#3003 = AXIS2_PLACEMENT_3D ( 'NONE', #5705, #4711, #6115 ) ;
#3004 = VECTOR ( 'NONE', #5869, 1000.000000000000114 ) ;
#3005 = DIRECTION ( 'NONE',  ( 1.000000000000000000, 0.000000000000000000, 0.000000000000000000 ) ) ;
#3006 = EDGE_CURVE ( 'NONE', #2616, #5376, #2758, .T. ) ;
#3007 = FACE_BOUND ( 'NONE', #3879, .T. ) ;
#3008 = EDGE_LOOP ( 'NONE', ( #5175, #1156, #386, #5576 ) ) ;
#3009 = ORIENTED_EDGE ( 'NONE', *, *, #5773, .T. ) ;
#3010 = CYLINDRICAL_SURFACE ( 'NONE', #5734, 42.59000000000001052 ) ;
#3011 = CARTESIAN_POINT ( 'NONE',  ( -36.77037256503021467, -16.20307056412915969, 3.000000000000000000 ) ) ;
#3012 = DIRECTION ( 'NONE',  ( -0.000000000000000000, -0.000000000000000000, 1.000000000000000000 ) ) ;
#3013 = CARTESIAN_POINT ( 'NONE',  ( 1.815570296198429345E-13, -26.00000000000000000, 0.000000000000000000 ) ) ;
#3014 = EDGE_CURVE ( 'NONE', #5446, #843, #1750, .T. ) ;
#3015 = ORIENTED_EDGE ( 'NONE', *, *, #5093, .F. ) ;
#3016 = ADVANCED_FACE ( 'NONE', ( #2956 ), #1021, .T. ) ;
#3017 = EDGE_CURVE ( 'NONE', #3207, #4437, #4849, .T. ) ;
#3018 = CARTESIAN_POINT ( 'NONE',  ( 18.28802050313771232, -38.46370244889089918, 3.000000000000000000 ) ) ;
#3019 = EDGE_CURVE ( 'NONE', #1391, #5410, #5930, .T. ) ;
#3020 = DIRECTION ( 'NONE',  ( -0.9625863637593865541, -0.2709750769064966369, 0.000000000000000000 ) ) ;
#3021 = LINE ( 'NONE', #2383, #5328 ) ;
#3022 = ORIENTED_EDGE ( 'NONE', *, *, #715, .F. ) ;
#3023 = DIRECTION ( 'NONE',  ( 1.000000000000000000, 0.000000000000000000, 0.000000000000000000 ) ) ;
#3024 = CARTESIAN_POINT ( 'NONE',  ( -9.526279441628819455, -5.500000000000010658, -5.450000000000000178 ) ) ;
#3025 = VERTEX_POINT ( 'NONE', #3912 ) ;
#3026 = DIRECTION ( 'NONE',  ( -0.9670869526972395436, 0.2544461159514273541, 0.000000000000000000 ) ) ;
#3027 = VERTEX_POINT ( 'NONE', #3942 ) ;
#3028 = FACE_BOUND ( 'NONE', #4567, .T. ) ;
#3029 = ORIENTED_EDGE ( 'NONE', *, *, #5630, .T. ) ;
#3030 = CARTESIAN_POINT ( 'NONE',  ( -32.78112118826224020, -24.03241722527476298, 0.000000000000000000 ) ) ;
#3031 = DIRECTION ( 'NONE',  ( 0.000000000000000000, 0.000000000000000000, 1.000000000000000000 ) ) ;
#3032 = EDGE_LOOP ( 'NONE', ( #5987, #259 ) ) ;
#3033 = AXIS2_PLACEMENT_3D ( 'NONE', #3916, #4886, #170 ) ;
#3034 = DIRECTION ( 'NONE',  ( -0.000000000000000000, -0.000000000000000000, -1.000000000000000000 ) ) ;
#3035 = DIRECTION ( 'NONE',  ( 0.000000000000000000, 0.000000000000000000, 1.000000000000000000 ) ) ;
#3036 = FACE_BOUND ( 'NONE', #3229, .T. ) ;
#3037 = ORIENTED_EDGE ( 'NONE', *, *, #5050, .F. ) ;
#3038 = ORIENTED_EDGE ( 'NONE', *, *, #1082, .F. ) ;
#3039 = ORIENTED_EDGE ( 'NONE', *, *, #6131, .F. ) ;
#3040 = CIRCLE ( 'NONE', #2535, 8.694264425220769255 ) ;
#3041 = DIRECTION ( 'NONE',  ( 1.000000000000000000, 0.000000000000000000, 0.000000000000000000 ) ) ;
#3042 = FACE_OUTER_BOUND ( 'NONE', #3190, .T. ) ;
#3043 = DIRECTION ( 'NONE',  ( 0.000000000000000000, 0.000000000000000000, 1.000000000000000000 ) ) ;
#3044 = VERTEX_POINT ( 'NONE', #4409 ) ;
#3045 = CIRCLE ( 'NONE', #2136, 5.000000000000000888 ) ;
#3046 = DIRECTION ( 'NONE',  ( -0.5877852522924770229, 0.8090169943749447867, 0.000000000000000000 ) ) ;
#3047 = EDGE_CURVE ( 'NONE', #5344, #5088, #578, .T. ) ;
#3048 = EDGE_CURVE ( 'NONE', #2777, #5274, #2475, .T. ) ;
#3049 = DIRECTION ( 'NONE',  ( -0.000000000000000000, -0.000000000000000000, 1.000000000000000000 ) ) ;
#3050 = DIRECTION ( 'NONE',  ( 0.5877852522924832401, -0.8090169943749400128, 0.000000000000000000 ) ) ;
#3051 = VERTEX_POINT ( 'NONE', #5348 ) ;
#3052 = AXIS2_PLACEMENT_3D ( 'NONE', #3457, #4351, #5357 ) ;
#3053 = CARTESIAN_POINT ( 'NONE',  ( 21.27125075188002157, -36.12149989430897534, 3.000000000000000000 ) ) ;
#3054 = VECTOR ( 'NONE', #3049, 1000.000000000000000 ) ;
#3055 = AXIS2_PLACEMENT_3D ( 'NONE', #3674, #4985, #212 ) ;
#3056 = ORIENTED_EDGE ( 'NONE', *, *, #1153, .F. ) ;
#3057 = DIRECTION ( 'NONE',  ( -0.9510565162951510887, -0.3090169943749550008, 0.000000000000000000 ) ) ;
#3058 = VECTOR ( 'NONE', #2223, 1000.000000000000114 ) ;
#3059 = ORIENTED_EDGE ( 'NONE', *, *, #2015, .F. ) ;
#3060 = EDGE_CURVE ( 'NONE', #495, #5403, #62, .T. ) ;
#3061 = DIRECTION ( 'NONE',  ( -1.000000000000000000, 0.000000000000000000, 0.000000000000000000 ) ) ;
#3062 = CARTESIAN_POINT ( 'NONE',  ( -2.892291120146503136, -36.79899311745818835, 3.000000000000000000 ) ) ;
#3063 = ORIENTED_EDGE ( 'NONE', *, *, #3996, .F. ) ;
#3064 = CARTESIAN_POINT ( 'NONE',  ( 8.975561016496627076, 39.51178793479915186, 0.000000000000000000 ) ) ;
#3065 = CARTESIAN_POINT ( 'NONE',  ( 39.19645102772892642, 12.54291540692518936, 3.000000000000000000 ) ) ;
#3066 = AXIS2_PLACEMENT_3D ( 'NONE', #6171, #426, #3736 ) ;
#3067 = CIRCLE ( 'NONE', #5648, 8.694264425220771031 ) ;
#3068 = CARTESIAN_POINT ( 'NONE',  ( 0.000000000000000000, 0.000000000000000000, 3.000000000000000000 ) ) ;
#3069 = CARTESIAN_POINT ( 'NONE',  ( -17.50000000000000355, 2.143131898507868643E-15, -5.450000000000000178 ) ) ;
#3070 = VERTEX_POINT ( 'NONE', #612 ) ;
#3071 = ORIENTED_EDGE ( 'NONE', *, *, #2906, .F. ) ;
#3072 = LINE ( 'NONE', #187, #599 ) ;
#3073 = DIRECTION ( 'NONE',  ( -0.000000000000000000, 0.000000000000000000, 1.000000000000000000 ) ) ;
#3074 = ORIENTED_EDGE ( 'NONE', *, *, #1125, .T. ) ;
#3075 = VECTOR ( 'NONE', #2482, 1000.000000000000000 ) ;
#3076 = FACE_OUTER_BOUND ( 'NONE', #1415, .T. ) ;
#3077 = ORIENTED_EDGE ( 'NONE', *, *, #5745, .F. ) ;
#3078 = CARTESIAN_POINT ( 'NONE',  ( -8.382234244845783167, 39.51178793479898133, 3.000000000000000000 ) ) ;
#3079 = PLANE ( 'NONE',  #2185 ) ;
#3080 = VERTEX_POINT ( 'NONE', #1578 ) ;
#3081 = EDGE_CURVE ( 'NONE', #5192, #2036, #3021, .T. ) ;
#3082 = CARTESIAN_POINT ( 'NONE',  ( 20.76059948172632375, -34.89601652554492972, 0.000000000000000000 ) ) ;
#3083 = EDGE_CURVE ( 'NONE', #6088, #252, #2888, .T. ) ;
#3084 = EDGE_CURVE ( 'NONE', #3650, #3961, #6191, .T. ) ;
#3085 = VERTEX_POINT ( 'NONE', #1454 ) ;
#3086 = CARTESIAN_POINT ( 'NONE',  ( -15.28241655960418299, -21.03444185374871367, 3.000000000000000000 ) ) ;
#3087 = DIRECTION ( 'NONE',  ( 0.000000000000000000, 0.000000000000000000, 1.000000000000000000 ) ) ;
#3088 = EDGE_LOOP ( 'NONE', ( #804, #1160, #1739, #4980 ) ) ;
#3089 = ORIENTED_EDGE ( 'NONE', *, *, #4949, .F. ) ;
#3090 = EDGE_CURVE ( 'NONE', #3898, #2456, #4434, .T. ) ;
#3091 = DIRECTION ( 'NONE',  ( 1.000000000000000000, 0.000000000000000000, 0.000000000000000000 ) ) ;
#3092 = EDGE_CURVE ( 'NONE', #5450, #3980, #5525, .T. ) ;
#3093 = CARTESIAN_POINT ( 'NONE',  ( -38.54646659099296357, -12.71728977000985772, 0.000000000000000000 ) ) ;
#3094 = CIRCLE ( 'NONE', #1791, 2.600000000000000089 ) ;
#3095 = EDGE_CURVE ( 'NONE', #4928, #184, #1695, .T. ) ;
#3096 = DIRECTION ( 'NONE',  ( -0.000000000000000000, -0.000000000000000000, -1.000000000000000000 ) ) ;
#3097 = VECTOR ( 'NONE', #4589, 1000.000000000000000 ) ;
#3098 = FACE_OUTER_BOUND ( 'NONE', #1267, .T. ) ;
#3099 = ORIENTED_EDGE ( 'NONE', *, *, #1811, .F. ) ;
#3100 = VERTEX_POINT ( 'NONE', #3078 ) ;
#3101 = AXIS2_PLACEMENT_3D ( 'NONE', #5323, #2969, #113 ) ;
#3102 = CIRCLE ( 'NONE', #603, 2.600000000000003197 ) ;
#3103 = VECTOR ( 'NONE', #2363, 1000.000000000000000 ) ;
#3104 = DIRECTION ( 'NONE',  ( -0.000000000000000000, -0.000000000000000000, 1.000000000000000000 ) ) ;
#3105 = DIRECTION ( 'NONE',  ( 1.000000000000000000, 0.000000000000000000, 0.000000000000000000 ) ) ;
#3106 = ORIENTED_EDGE ( 'NONE', *, *, #5181, .T. ) ;
#3107 = ORIENTED_EDGE ( 'NONE', *, *, #479, .F. ) ;
#3108 = CARTESIAN_POINT ( 'NONE',  ( 0.000000000000000000, 0.000000000000000000, 3.000000000000000000 ) ) ;
#3109 = CARTESIAN_POINT ( 'NONE',  ( 21.27125075188002157, -36.12149989430897534, 3.000000000000000000 ) ) ;
#3110 = ORIENTED_EDGE ( 'NONE', *, *, #2817, .T. ) ;
#3111 = DIRECTION ( 'NONE',  ( 0.6325862882931966302, 0.7744898888064561948, -0.000000000000000000 ) ) ;
#3112 = ORIENTED_EDGE ( 'NONE', *, *, #2068, .F. ) ;
#3113 = CIRCLE ( 'NONE', #110, 8.694264425220769255 ) ;
#3114 = CARTESIAN_POINT ( 'NONE',  ( -7.957593093619077074, 41.83999058504180368, 3.000000000000000000 ) ) ;
#3115 = ORIENTED_EDGE ( 'NONE', *, *, #318, .F. ) ;
#3116 = DIRECTION ( 'NONE',  ( -0.000000000000000000, -0.000000000000000000, 1.000000000000000000 ) ) ;
#3117 = LINE ( 'NONE', #1239, #540 ) ;
#3118 = ORIENTED_EDGE ( 'NONE', *, *, #91, .F. ) ;
#3119 = ORIENTED_EDGE ( 'NONE', *, *, #5747, .F. ) ;
#3120 = CARTESIAN_POINT ( 'NONE',  ( 5.499999999999950262, -9.526279441628858535, 3.000000000000000000 ) ) ;
#3121 = LINE ( 'NONE', #3215, #4442 ) ;
#3122 = AXIS2_PLACEMENT_3D ( 'NONE', #1279, #4642, #1678 ) ;
#3123 = EDGE_CURVE ( 'NONE', #843, #1032, #733, .T. ) ;
#3124 = FACE_OUTER_BOUND ( 'NONE', #273, .T. ) ;
#3125 = EDGE_CURVE ( 'NONE', #730, #4595, #2074, .T. ) ;
#3126 = DIRECTION ( 'NONE',  ( 0.000000000000000000, 0.000000000000000000, 1.000000000000000000 ) ) ;
#3127 = VERTEX_POINT ( 'NONE', #4475 ) ;
#3128 = FACE_OUTER_BOUND ( 'NONE', #3000, .T. ) ;
#3129 = ORIENTED_EDGE ( 'NONE', *, *, #1865, .T. ) ;
#3130 = FACE_OUTER_BOUND ( 'NONE', #3967, .T. ) ;
#3131 = CARTESIAN_POINT ( 'NONE',  ( -8.487627998526756201, 41.04109639035725365, 0.000000000000000000 ) ) ;
#3132 = VERTEX_POINT ( 'NONE', #2165 ) ;
#3133 = DIRECTION ( 'NONE',  ( 1.000000000000000000, 0.000000000000000000, 0.000000000000000000 ) ) ;
#3134 = CARTESIAN_POINT ( 'NONE',  ( -39.21512454897334266, 8.678897630670645569, 0.000000000000000000 ) ) ;
#3135 = VERTEX_POINT ( 'NONE', #4560 ) ;
#3136 = AXIS2_PLACEMENT_3D ( 'NONE', #2084, #2452, #2997 ) ;
#3137 = DIRECTION ( 'NONE',  ( 1.000000000000000000, 0.000000000000000000, 0.000000000000000000 ) ) ;
#3138 = ORIENTED_EDGE ( 'NONE', *, *, #217, .F. ) ;
#3139 = LINE ( 'NONE', #6000, #4633 ) ;
#3140 = CIRCLE ( 'NONE', #1941, 4.999999999999999112 ) ;
#3141 = DIRECTION ( 'NONE',  ( -0.000000000000000000, -0.000000000000000000, 1.000000000000000000 ) ) ;
#3142 = DIRECTION ( 'NONE',  ( -0.000000000000000000, -0.000000000000000000, -1.000000000000000000 ) ) ;
#3143 = ORIENTED_EDGE ( 'NONE', *, *, #1931, .F. ) ;
#3144 = AXIS2_PLACEMENT_3D ( 'NONE', #1802, #4251, #416 ) ;
#3145 = VERTEX_POINT ( 'NONE', #1178 ) ;
#3146 = CARTESIAN_POINT ( 'NONE',  ( 10.99999999999999289, 5.591782424845139381E-15, -5.450000000000000178 ) ) ;
#3147 = DIRECTION ( 'NONE',  ( -0.5877852522924772449, 0.8090169943749444537, 0.000000000000000000 ) ) ;
#3148 = AXIS2_PLACEMENT_3D ( 'NONE', #1059, #5297, #1587 ) ;
#3149 = AXIS2_PLACEMENT_3D ( 'NONE', #3086, #4975, #713 ) ;
#3150 = EDGE_LOOP ( 'NONE', ( #5243, #4427 ) ) ;
#3151 = DIRECTION ( 'NONE',  ( -1.000000000000000000, 0.000000000000000000, 0.000000000000000000 ) ) ;
#3152 = AXIS2_PLACEMENT_3D ( 'NONE', #810, #3183, #2718 ) ;
#3153 = CYLINDRICAL_SURFACE ( 'NONE', #5030, 42.59000000000001052 ) ;
#3154 = DIRECTION ( 'NONE',  ( 0.000000000000000000, 0.000000000000000000, 1.000000000000000000 ) ) ;
#3155 = EDGE_LOOP ( 'NONE', ( #1647, #2804, #2934, #4466 ) ) ;
#3156 = DIRECTION ( 'NONE',  ( 0.000000000000000000, 0.000000000000000000, 1.000000000000000000 ) ) ;
#3157 = VERTEX_POINT ( 'NONE', #5495 ) ;
#3158 = EDGE_CURVE ( 'NONE', #1541, #3484, #281, .T. ) ;
#3159 = EDGE_CURVE ( 'NONE', #516, #1206, #2846, .T. ) ;
#3160 = EDGE_CURVE ( 'NONE', #2330, #5879, #5937, .T. ) ;
#3161 = DIRECTION ( 'NONE',  ( 0.000000000000000000, 0.000000000000000000, 1.000000000000000000 ) ) ;
#3162 = LINE ( 'NONE', #5962, #5271 ) ;
#3163 = ORIENTED_EDGE ( 'NONE', *, *, #3997, .F. ) ;
#3164 = EDGE_CURVE ( 'NONE', #4124, #4403, #4829, .T. ) ;
#3165 = EDGE_CURVE ( 'NONE', #1064, #4996, #3625, .T. ) ;
#3166 = CIRCLE ( 'NONE', #1054, 5.000000000000000888 ) ;
#3167 = ADVANCED_FACE ( 'NONE', ( #2582 ), #5025, .T. ) ;
#3168 = EDGE_CURVE ( 'NONE', #2077, #4811, #4506, .T. ) ;
#3169 = SURFACE_STYLE_USAGE ( .BOTH. , #1265 ) ;
#3170 = VERTEX_POINT ( 'NONE', #197 ) ;
#3171 = CARTESIAN_POINT ( 'NONE',  ( 9.078724974186879848, 41.13148167792090248, 0.000000000000000000 ) ) ;
#3172 = VERTEX_POINT ( 'NONE', #1667 ) ;
#3173 = DIRECTION ( 'NONE',  ( 0.000000000000000000, 0.000000000000000000, 1.000000000000000000 ) ) ;
#3174 = EDGE_CURVE ( 'NONE', #3172, #432, #2642, .T. ) ;
#3175 = ORIENTED_EDGE ( 'NONE', *, *, #4322, .F. ) ;
#3176 = CYLINDRICAL_SURFACE ( 'NONE', #2527, 7.000000000000000000 ) ;
#3177 = PLANE ( 'NONE',  #4973 ) ;
#3178 = LINE ( 'NONE', #2712, #2657 ) ;
#3179 = CARTESIAN_POINT ( 'NONE',  ( -38.60312425607723696, -12.54291540692518936, 0.000000000000000000 ) ) ;
#3180 = ORIENTED_EDGE ( 'NONE', *, *, #941, .T. ) ;
#3181 = ORIENTED_EDGE ( 'NONE', *, *, #5938, .F. ) ;
#3182 = CARTESIAN_POINT ( 'NONE',  ( -30.86710399077875522, -29.34501646314841494, 3.000000000000000000 ) ) ;
#3183 = DIRECTION ( 'NONE',  ( 0.5474664720024269293, 0.8368276178719341596, 0.000000000000000000 ) ) ;
#3184 = VERTEX_POINT ( 'NONE', #3134 ) ;
#3185 = FACE_OUTER_BOUND ( 'NONE', #5185, .T. ) ;
#3186 = CYLINDRICAL_SURFACE ( 'NONE', #1452, 2.000000000000000000 ) ;
#3187 = VECTOR ( 'NONE', #2370, 1000.000000000000000 ) ;
#3188 = DIRECTION ( 'NONE',  ( -0.000000000000000000, 0.000000000000000000, 1.000000000000000000 ) ) ;
#3189 = AXIS2_PLACEMENT_3D ( 'NONE', #351, #4243, #3697 ) ;
#3190 = EDGE_LOOP ( 'NONE', ( #1079, #3039, #2803, #4247 ) ) ;
#3191 = CARTESIAN_POINT ( 'NONE',  ( -4.094706901388667220, 41.92345198454645328, 3.000000000000000000 ) ) ;
#3192 = ORIENTED_EDGE ( 'NONE', *, *, #5084, .F. ) ;
#3193 = AXIS2_PLACEMENT_3D ( 'NONE', #6156, #1882, #5599 ) ;
#3194 = CARTESIAN_POINT ( 'NONE',  ( 35.19267991137068918, 20.46393609590061757, 3.000000000000000000 ) ) ;
#3195 = DIRECTION ( 'NONE',  ( -0.000000000000000000, -0.000000000000000000, 1.000000000000000000 ) ) ;
#3196 = ORIENTED_EDGE ( 'NONE', *, *, #3909, .T. ) ;
#3197 = CIRCLE ( 'NONE', #2390, 42.59000000000001052 ) ;
#3198 = CIRCLE ( 'NONE', #196, 8.694264425220769255 ) ;
#3199 = AXIS2_PLACEMENT_3D ( 'NONE', #399, #1341, #3246 ) ;
#3200 = ADVANCED_FACE ( 'NONE', ( #3532 ), #4941, .F. ) ;
#3201 = AXIS2_PLACEMENT_3D ( 'NONE', #1921, #5225, #4729 ) ;
#3202 = DIRECTION ( 'NONE',  ( 0.000000000000000000, 0.000000000000000000, 1.000000000000000000 ) ) ;
#3203 = EDGE_CURVE ( 'NONE', #1042, #1064, #761, .T. ) ;
#3204 = ORIENTED_EDGE ( 'NONE', *, *, #1322, .T. ) ;
#3205 = DIRECTION ( 'NONE',  ( -0.7651247178410957028, 0.6438821057838023387, -0.000000000000000000 ) ) ;
#3206 = ADVANCED_FACE ( 'NONE', ( #2673 ), #5465, .T. ) ;
#3207 = VERTEX_POINT ( 'NONE', #3109 ) ;
#3208 = DIRECTION ( 'NONE',  ( -0.000000000000000000, 0.000000000000000000, -1.000000000000000000 ) ) ;
#3209 = DIRECTION ( 'NONE',  ( 0.000000000000000000, 0.000000000000000000, 1.000000000000000000 ) ) ;
#3210 = CARTESIAN_POINT ( 'NONE',  ( -32.71548983060392146, 24.09804858293307817, 0.000000000000000000 ) ) ;
#3211 = VERTEX_POINT ( 'NONE', #4995 ) ;
#3212 = CYLINDRICAL_SURFACE ( 'NONE', #5717, 4.005000000000003446 ) ;
#3213 = ORIENTED_EDGE ( 'NONE', *, *, #5819, .F. ) ;
#3214 = CARTESIAN_POINT ( 'NONE',  ( -16.89380793551028148, 38.58827080943635224, 0.000000000000000000 ) ) ;
#3215 = CARTESIAN_POINT ( 'NONE',  ( -17.91555975686521762, 38.63859234752467842, 3.000000000000000000 ) ) ;
#3216 = ORIENTED_EDGE ( 'NONE', *, *, #3665, .T. ) ;
#3217 = CARTESIAN_POINT ( 'NONE',  ( 8.999999999999992895, 5.836711784674610467E-15, 3.000000000000000000 ) ) ;
#3218 = EDGE_CURVE ( 'NONE', #5376, #4384, #4529, .T. ) ;
#3219 = CARTESIAN_POINT ( 'NONE',  ( -40.57520715325102145, -0.09167402782957295715, 0.000000000000000000 ) ) ;
#3220 = CYLINDRICAL_SURFACE ( 'NONE', #502, 5.000000000000000888 ) ;
#3221 = ORIENTED_EDGE ( 'NONE', *, *, #1930, .F. ) ;
#3222 = CYLINDRICAL_SURFACE ( 'NONE', #199, 4.005000000000001670 ) ;
#3223 = ORIENTED_EDGE ( 'NONE', *, *, #2898, .T. ) ;
#3224 = CARTESIAN_POINT ( 'NONE',  ( 21.33342257751116122, 36.31792455201504310, 3.000000000000000000 ) ) ;
#3225 = DIRECTION ( 'NONE',  ( -0.000000000000000000, -0.000000000000000000, 1.000000000000000000 ) ) ;
#3226 = ORIENTED_EDGE ( 'NONE', *, *, #3084, .F. ) ;
#3227 = DIRECTION ( 'NONE',  ( 1.037530219222696616E-14, -1.000000000000000000, 0.000000000000000000 ) ) ;
#3228 = CARTESIAN_POINT ( 'NONE',  ( -38.41327205187614879, -17.29073879669979874, 0.000000000000000000 ) ) ;
#3229 = EDGE_LOOP ( 'NONE', ( #2214, #4224 ) ) ;
#3230 = CARTESIAN_POINT ( 'NONE',  ( -36.18304898080721443, -21.08415842533863938, 3.000000000000000000 ) ) ;
#3231 = EDGE_LOOP ( 'NONE', ( #1786, #4542, #3759, #1582 ) ) ;
#3232 = DIRECTION ( 'NONE',  ( 1.000000000000000000, 0.000000000000000000, 0.000000000000000000 ) ) ;
#3233 = EDGE_CURVE ( 'NONE', #4437, #1684, #4329, .T. ) ;
#3234 = EDGE_CURVE ( 'NONE', #76, #3650, #2790, .T. ) ;
#3235 = CARTESIAN_POINT ( 'NONE',  ( -38.58860451648708079, -12.63458943475473362, 0.000000000000000000 ) ) ;
#3236 = CARTESIAN_POINT ( 'NONE',  ( 0.2966633858254068001, 40.88639027866684472, 0.000000000000000000 ) ) ;
#3237 = DIRECTION ( 'NONE',  ( -0.000000000000000000, -0.000000000000000000, 1.000000000000000000 ) ) ;
#3238 = VERTEX_POINT ( 'NONE', #314 ) ;
#3239 = CARTESIAN_POINT ( 'NONE',  ( -8.480653458099299158, -41.25896583337042500, 0.000000000000000000 ) ) ;
#3240 = VECTOR ( 'NONE', #4042, 1000.000000000000000 ) ;
#3241 = LINE ( 'NONE', #3672, #631 ) ;
#3242 = ORIENTED_EDGE ( 'NONE', *, *, #794, .F. ) ;
#3243 = DIRECTION ( 'NONE',  ( 0.3603684498749810672, -0.9328100451510497049, -0.000000000000000000 ) ) ;
#3244 = DIRECTION ( 'NONE',  ( 1.000000000000000000, 0.000000000000000000, 0.000000000000000000 ) ) ;
#3245 = FACE_OUTER_BOUND ( 'NONE', #2094, .T. ) ;
#3246 = DIRECTION ( 'NONE',  ( 0.000000000000000000, 0.000000000000000000, -1.000000000000000000 ) ) ;
#3247 = ORIENTED_EDGE ( 'NONE', *, *, #3688, .T. ) ;
#3248 = ADVANCED_FACE ( 'NONE', ( #5621 ), #4212, .F. ) ;
#3249 = AXIS2_PLACEMENT_3D ( 'NONE', #5944, #5970, #260 ) ;
#3250 = CARTESIAN_POINT ( 'NONE',  ( 0.3883374136549826994, 40.87187053907685197, 0.000000000000000000 ) ) ;
#3251 = AXIS2_PLACEMENT_3D ( 'NONE', #3439, #2914, #3412 ) ;
#3252 = AXIS2_PLACEMENT_3D ( 'NONE', #3210, #3296, #6103 ) ;
#3253 = DIRECTION ( 'NONE',  ( -0.000000000000000000, -0.000000000000000000, 1.000000000000000000 ) ) ;
#3254 = AXIS2_PLACEMENT_3D ( 'NONE', #6083, #1809, #3706 ) ;
#3255 = CYLINDRICAL_SURFACE ( 'NONE', #1600, 2.600000000000003197 ) ;
#3256 = ORIENTED_EDGE ( 'NONE', *, *, #2738, .F. ) ;
#3257 = ORIENTED_EDGE ( 'NONE', *, *, #4023, .T. ) ;
#3258 = DIRECTION ( 'NONE',  ( 1.000000000000000000, 0.000000000000000000, 0.000000000000000000 ) ) ;
#3259 = CIRCLE ( 'NONE', #564, 42.59000000000001052 ) ;
#3260 = DIRECTION ( 'NONE',  ( 0.5877852522924711387, 0.8090169943749488946, 0.000000000000000000 ) ) ;
#3261 = EDGE_LOOP ( 'NONE', ( #1009, #5605 ) ) ;
#3262 = DIRECTION ( 'NONE',  ( 0.000000000000000000, 0.000000000000000000, 1.000000000000000000 ) ) ;
#3263 = ORIENTED_EDGE ( 'NONE', *, *, #3084, .T. ) ;
#3264 = CARTESIAN_POINT ( 'NONE',  ( 19.72746942367398759, 8.034441853748626627, 3.000000000000000000 ) ) ;
#3265 = CARTESIAN_POINT ( 'NONE',  ( 33.37444795991373780, 24.03241722527500457, 3.000000000000000000 ) ) ;
#3266 = DIRECTION ( 'NONE',  ( -0.5498945475197637434, 0.8352340909038821204, -0.000000000000000000 ) ) ;
#3267 = CIRCLE ( 'NONE', #60, 1.500000000000000444 ) ;
#3268 = ORIENTED_EDGE ( 'NONE', *, *, #2060, .F. ) ;
#3269 = EDGE_CURVE ( 'NONE', #3658, #5369, #2820, .T. ) ;
#3270 = LINE ( 'NONE', #5228, #4157 ) ;
#3271 = VECTOR ( 'NONE', #3538, 1000.000000000000000 ) ;
#3272 = ORIENTED_EDGE ( 'NONE', *, *, #2060, .T. ) ;
#3273 = ORIENTED_EDGE ( 'NONE', *, *, #3269, .T. ) ;
#3274 = DIRECTION ( 'NONE',  ( -0.8412202266195567546, 0.5406926394229364385, 0.000000000000000000 ) ) ;
#3275 = ORIENTED_EDGE ( 'NONE', *, *, #4907, .F. ) ;
#3276 = DIRECTION ( 'NONE',  ( -0.000000000000000000, -0.000000000000000000, -1.000000000000000000 ) ) ;
#3277 = EDGE_CURVE ( 'NONE', #2407, #1516, #1880, .T. ) ;
#3278 = ADVANCED_FACE ( 'NONE', ( #4188 ), #789, .F. ) ;
#3279 = CYLINDRICAL_SURFACE ( 'NONE', #1692, 8.694264425220769255 ) ;
#3280 = FACE_OUTER_BOUND ( 'NONE', #5610, .T. ) ;
#3281 = ORIENTED_EDGE ( 'NONE', *, *, #981, .F. ) ;
#3282 = FACE_OUTER_BOUND ( 'NONE', #4836, .T. ) ;
#3283 = CARTESIAN_POINT ( 'NONE',  ( 24.72746942367407641, -8.034441853748395701, 0.000000000000000000 ) ) ;
#3284 = CARTESIAN_POINT ( 'NONE',  ( 39.13979336264473829, -12.71728977000957528, 3.000000000000000000 ) ) ;
#3285 = ORIENTED_EDGE ( 'NONE', *, *, #2091, .F. ) ;
#3286 = CARTESIAN_POINT ( 'NONE',  ( 24.32908061110023112, 33.07778457408836204, 3.000000000000000000 ) ) ;
#3287 = CIRCLE ( 'NONE', #4575, 8.694264425220762149 ) ;
#3288 = DIRECTION ( 'NONE',  ( 0.000000000000000000, 0.000000000000000000, 1.000000000000000000 ) ) ;
#3289 = CARTESIAN_POINT ( 'NONE',  ( -20.16727271007438560, -34.89601652554507183, 3.000000000000000000 ) ) ;
#3290 = VERTEX_POINT ( 'NONE', #5053 ) ;
#3291 = AXIS2_PLACEMENT_3D ( 'NONE', #5506, #2176, #5452 ) ;
#3292 = ORIENTED_EDGE ( 'NONE', *, *, #3234, .F. ) ;
#3293 = CARTESIAN_POINT ( 'NONE',  ( 21.03082861136626036, -37.03528517399777087, 3.000000000000000000 ) ) ;
#3294 = AXIS2_PLACEMENT_3D ( 'NONE', #3340, #2312, #1435 ) ;
#3295 = CIRCLE ( 'NONE', #3888, 4.005000000000002558 ) ;
#3296 = DIRECTION ( 'NONE',  ( -0.000000000000000000, -0.000000000000000000, 1.000000000000000000 ) ) ;
#3297 = DIRECTION ( 'NONE',  ( 1.000000000000000000, 0.000000000000000000, 0.000000000000000000 ) ) ;
#3298 = ORIENTED_EDGE ( 'NONE', *, *, #2462, .T. ) ;
#3299 = LINE ( 'NONE', #2744, #1401 ) ;
#3300 = CARTESIAN_POINT ( 'NONE',  ( -6.999999999999944045, 9.526279441628854983, -5.450000000000000178 ) ) ;
#3301 = EDGE_CURVE ( 'NONE', #2736, #2523, #43, .T. ) ;
#3302 = ORIENTED_EDGE ( 'NONE', *, *, #2068, .T. ) ;
#3303 = CARTESIAN_POINT ( 'NONE',  ( -37.83919170818474242, 1.176297884487805590, 3.000000000000000000 ) ) ;
#3304 = CARTESIAN_POINT ( 'NONE',  ( -31.01462764118191373, 28.15835394795181301, 0.000000000000000000 ) ) ;
#3305 = DIRECTION ( 'NONE',  ( 1.000000000000000000, 0.000000000000000000, 0.000000000000000000 ) ) ;
#3306 = DIRECTION ( 'NONE',  ( 0.8090169943749583314, -0.5877852522924581491, 0.000000000000000000 ) ) ;
#3307 = VERTEX_POINT ( 'NONE', #5182 ) ;
#3308 = LINE ( 'NONE', #4741, #2005 ) ;
#3309 = VECTOR ( 'NONE', #4924, 1000.000000000000000 ) ;
#3310 = EDGE_CURVE ( 'NONE', #1020, #4595, #1753, .T. ) ;
#3311 = EDGE_CURVE ( 'NONE', #4610, #5014, #3353, .T. ) ;
#3312 = CARTESIAN_POINT ( 'NONE',  ( -42.23646744650215368, -5.476213805227550857, 0.000000000000000000 ) ) ;
#3313 = DIRECTION ( 'NONE',  ( 0.03107175031332458717, 0.9995171565973575145, -0.000000000000000000 ) ) ;
#3314 = VERTEX_POINT ( 'NONE', #1823 ) ;
#3315 = LINE ( 'NONE', #5211, #3747 ) ;
#3316 = AXIS2_PLACEMENT_3D ( 'NONE', #5507, #772, #2684 ) ;
#3317 = CARTESIAN_POINT ( 'NONE',  ( -4.999999999999819700, -26.00000000000000000, 0.000000000000000000 ) ) ;
#3318 = VERTEX_POINT ( 'NONE', #5148 ) ;
#3319 = DIRECTION ( 'NONE',  ( 1.000000000000000000, 0.000000000000000000, 0.000000000000000000 ) ) ;
#3320 = VERTEX_POINT ( 'NONE', #410 ) ;
#3321 = AXIS2_PLACEMENT_3D ( 'NONE', #5058, #6038, #797 ) ;
#3322 = ORIENTED_EDGE ( 'NONE', *, *, #3006, .T. ) ;
#3323 = DIRECTION ( 'NONE',  ( -0.000000000000000000, -0.000000000000000000, 1.000000000000000000 ) ) ;
#3324 = EDGE_CURVE ( 'NONE', #2087, #2773, #1169, .T. ) ;
#3325 = CARTESIAN_POINT ( 'NONE',  ( -23.65305350419375330, -33.11992249958244372, 3.000000000000000000 ) ) ;
#3326 = DIRECTION ( 'NONE',  ( 0.000000000000000000, 0.000000000000000000, -1.000000000000000000 ) ) ;
#3327 = ORIENTED_EDGE ( 'NONE', *, *, #6053, .F. ) ;
#3328 = DIRECTION ( 'NONE',  ( -1.000000000000000000, 0.000000000000000000, 0.000000000000000000 ) ) ;
#3329 = DIRECTION ( 'NONE',  ( 1.000000000000000000, 0.000000000000000000, 0.000000000000000000 ) ) ;
#3330 = AXIS2_PLACEMENT_3D ( 'NONE', #3680, #5615, #5107 ) ;
#3331 = ORIENTED_EDGE ( 'NONE', *, *, #4101, .T. ) ;
#3332 = DIRECTION ( 'NONE',  ( -0.000000000000000000, -0.000000000000000000, -1.000000000000000000 ) ) ;
#3333 = CYLINDRICAL_SURFACE ( 'NONE', #2656, 8.694264425220769255 ) ;
#3334 = DIRECTION ( 'NONE',  ( -0.000000000000000000, -0.000000000000000000, -1.000000000000000000 ) ) ;
#3335 = CIRCLE ( 'NONE', #3136, 8.694264425220762149 ) ;
#3336 = DIRECTION ( 'NONE',  ( 1.000000000000000000, 0.000000000000000000, 0.000000000000000000 ) ) ;
#3337 = ORIENTED_EDGE ( 'NONE', *, *, #1857, .F. ) ;
#3338 = DIRECTION ( 'NONE',  ( 1.000000000000000000, 0.000000000000000000, 0.000000000000000000 ) ) ;
#3339 = AXIS2_PLACEMENT_3D ( 'NONE', #513, #644, #3855 ) ;
#3340 = CARTESIAN_POINT ( 'NONE',  ( -15.28241655960418299, -21.03444185374871367, 0.000000000000000000 ) ) ;
#3341 = VECTOR ( 'NONE', #1827, 1000.000000000000000 ) ;
#3342 = CYLINDRICAL_SURFACE ( 'NONE', #1112, 8.694264425220769255 ) ;
#3343 = EDGE_CURVE ( 'NONE', #5950, #5344, #2256, .T. ) ;
#3344 = EDGE_LOOP ( 'NONE', ( #1023, #750, #3467, #1532 ) ) ;
#3345 = EDGE_CURVE ( 'NONE', #3626, #4111, #5732, .T. ) ;
#3346 = VECTOR ( 'NONE', #4169, 1000.000000000000000 ) ;
#3347 = VECTOR ( 'NONE', #3476, 1000.000000000000114 ) ;
#3348 = EDGE_CURVE ( 'NONE', #833, #1490, #1852, .T. ) ;
#3349 = EDGE_CURVE ( 'NONE', #1020, #2330, #2349, .T. ) ;
#3350 = LINE ( 'NONE', #3746, #4653 ) ;
#3351 = AXIS2_PLACEMENT_3D ( 'NONE', #1680, #1775, #238 ) ;
#3352 = DIRECTION ( 'NONE',  ( 1.000000000000000000, 0.000000000000000000, 0.000000000000000000 ) ) ;
#3353 = CIRCLE ( 'NONE', #2849, 4.005000000000003446 ) ;
#3354 = VECTOR ( 'NONE', #4040, 1000.000000000000000 ) ;
#3355 = CARTESIAN_POINT ( 'NONE',  ( -31.05746264471080664, 29.14347463965808416, 3.000000000000000000 ) ) ;
#3356 = AXIS2_PLACEMENT_3D ( 'NONE', #6051, #331, #3147 ) ;
#3357 = CYLINDRICAL_SURFACE ( 'NONE', #899, 2.600000000000000089 ) ;
#3358 = EDGE_CURVE ( 'NONE', #655, #4380, #2052, .T. ) ;
#3359 = ORIENTED_EDGE ( 'NONE', *, *, #5471, .T. ) ;
#3360 = ADVANCED_FACE ( 'NONE', ( #6031 ), #1761, .T. ) ;
#3361 = ORIENTED_EDGE ( 'NONE', *, *, #4524, .T. ) ;
#3362 = AXIS2_PLACEMENT_3D ( 'NONE', #4301, #1504, #3468 ) ;
#3363 = PLANE ( 'NONE',  #4533 ) ;
#3364 = EDGE_CURVE ( 'NONE', #4296, #1478, #1951, .T. ) ;
#3365 = CARTESIAN_POINT ( 'NONE',  ( -12.42062638418443399, 38.84312997681865909, 3.000000000000000000 ) ) ;
#3366 = CARTESIAN_POINT ( 'NONE',  ( -15.28241655960433754, 21.03444185374861419, 0.000000000000000000 ) ) ;
#3367 = ORIENTED_EDGE ( 'NONE', *, *, #2358, .F. ) ;
#3368 = DIRECTION ( 'NONE',  ( 0.000000000000000000, 0.000000000000000000, 1.000000000000000000 ) ) ;
#3369 = ORIENTED_EDGE ( 'NONE', *, *, #4907, .T. ) ;
#3370 = CARTESIAN_POINT ( 'NONE',  ( -3.659028418258120752, 40.25987024618069654, 0.000000000000000000 ) ) ;
#3371 = DIRECTION ( 'NONE',  ( -0.04344093826451269486, 0.9990559968703950355, -0.000000000000000000 ) ) ;
#3372 = CARTESIAN_POINT ( 'NONE',  ( -12.33792604892930278, 38.88526790231278341, 3.000000000000000000 ) ) ;
#3373 = AXIS2_PLACEMENT_3D ( 'NONE', #2329, #3368, #3 ) ;
#3374 = ORIENTED_EDGE ( 'NONE', *, *, #6163, .T. ) ;
#3375 = DIRECTION ( 'NONE',  ( 1.000000000000000000, 0.000000000000000000, 0.000000000000000000 ) ) ;
#3376 = CARTESIAN_POINT ( 'NONE',  ( -29.72746942367401601, 8.034441853748564455, 0.000000000000000000 ) ) ;
#3377 = CARTESIAN_POINT ( 'NONE',  ( -28.77612118826259646, 24.03241722527427271, 0.000000000000000000 ) ) ;
#3378 = EDGE_LOOP ( 'NONE', ( #5931, #5090, #294, #3107 ) ) ;
#3379 = CARTESIAN_POINT ( 'NONE',  ( 0.2966633858254068001, 40.88639027866684472, 3.000000000000000000 ) ) ;
#3380 = DIRECTION ( 'NONE',  ( -0.6438821057838024497, -0.7651247178410958139, 0.000000000000000000 ) ) ;
#3381 = CARTESIAN_POINT ( 'NONE',  ( 13.01395315583526013, 38.84312997681895041, 0.000000000000000000 ) ) ;
#3382 = ORIENTED_EDGE ( 'NONE', *, *, #1214, .T. ) ;
#3383 = CYLINDRICAL_SURFACE ( 'NONE', #999, 42.59000000000001052 ) ;
#3384 = ORIENTED_EDGE ( 'NONE', *, *, #91, .T. ) ;
#3385 = AXIS2_PLACEMENT_3D ( 'NONE', #4667, #1801, #1968 ) ;
#3386 = DIRECTION ( 'NONE',  ( 1.000000000000000000, 0.000000000000000000, 0.000000000000000000 ) ) ;
#3387 = ORIENTED_EDGE ( 'NONE', *, *, #1329, .T. ) ;
#3388 = DIRECTION ( 'NONE',  ( 1.000000000000000000, 0.000000000000000000, 0.000000000000000000 ) ) ;
#3389 = EDGE_CURVE ( 'NONE', #3127, #976, #534, .T. ) ;
#3390 = EDGE_CURVE ( 'NONE', #4088, #5037, #4333, .T. ) ;
#3391 = AXIS2_PLACEMENT_3D ( 'NONE', #1537, #3440, #2469 ) ;
#3392 = CYLINDRICAL_SURFACE ( 'NONE', #5629, 42.59000000000001052 ) ;
#3393 = CARTESIAN_POINT ( 'NONE',  ( -17.66384276087217486, -38.75431277831133059, 3.000000000000000000 ) ) ;
#3394 = EDGE_LOOP ( 'NONE', ( #519, #1315, #2705, #2506 ) ) ;
#3395 = CARTESIAN_POINT ( 'NONE',  ( 33.41658588540802555, 23.94971689001995330, 3.000000000000000000 ) ) ;
#3396 = AXIS2_PLACEMENT_3D ( 'NONE', #5105, #908, #4614 ) ;
#3397 = VECTOR ( 'NONE', #3902, 1000.000000000000000 ) ;
#3398 = ORIENTED_EDGE ( 'NONE', *, *, #4902, .T. ) ;
#3399 = DIRECTION ( 'NONE',  ( -1.000000000000000000, 0.000000000000000000, 0.000000000000000000 ) ) ;
#3400 = VERTEX_POINT ( 'NONE', #1969 ) ;
#3401 = DIRECTION ( 'NONE',  ( -0.8090169943749505599, 0.5877852522924685852, 0.000000000000000000 ) ) ;
#3402 = CIRCLE ( 'NONE', #1694, 2.600000000000000089 ) ;
#3403 = DIRECTION ( 'NONE',  ( -0.000000000000000000, -0.000000000000000000, -1.000000000000000000 ) ) ;
#3404 = VERTEX_POINT ( 'NONE', #2434 ) ;
#3405 = LINE ( 'NONE', #5300, #5513 ) ;
#3406 = DIRECTION ( 'NONE',  ( 0.000000000000000000, 0.000000000000000000, 1.000000000000000000 ) ) ;
#3407 = LINE ( 'NONE', #117, #4690 ) ;
#3408 = ORIENTED_EDGE ( 'NONE', *, *, #2592, .T. ) ;
#3409 = AXIS2_PLACEMENT_3D ( 'NONE', #4015, #2567, #3490 ) ;
#3410 = CARTESIAN_POINT ( 'NONE',  ( -1.369154271048361737, 29.73061497147484999, 3.000000000000000000 ) ) ;
#3411 = DIRECTION ( 'NONE',  ( -0.000000000000000000, -0.000000000000000000, 1.000000000000000000 ) ) ;
#3412 = DIRECTION ( 'NONE',  ( 1.000000000000000000, 0.000000000000000000, 0.000000000000000000 ) ) ;
#3413 = DIRECTION ( 'NONE',  ( 0.000000000000000000, -0.000000000000000000, 1.000000000000000000 ) ) ;
#3414 = ORIENTED_EDGE ( 'NONE', *, *, #488, .F. ) ;
#3415 = CARTESIAN_POINT ( 'NONE',  ( -6.999999999999944045, 9.526279441628854983, -7.000000000000000000 ) ) ;
#3416 = DIRECTION ( 'NONE',  ( 0.000000000000000000, 0.000000000000000000, 1.000000000000000000 ) ) ;
#3417 = VERTEX_POINT ( 'NONE', #1014 ) ;
#3418 = CARTESIAN_POINT ( 'NONE',  ( -32.78112118826224020, -24.03241722527476298, 0.000000000000000000 ) ) ;
#3419 = ORIENTED_EDGE ( 'NONE', *, *, #1626, .F. ) ;
#3420 = DIRECTION ( 'NONE',  ( 0.8090169943749552228, -0.5877852522924625900, 0.000000000000000000 ) ) ;
#3421 = ORIENTED_EDGE ( 'NONE', *, *, #2245, .T. ) ;
#3422 = ADVANCED_FACE ( 'NONE', ( #5307 ), #2852, .T. ) ;
#3423 = ADVANCED_FACE ( 'NONE', ( #3904 ), #947, .F. ) ;
#3424 = PLANE ( 'NONE',  #4109 ) ;
#3425 = VERTEX_POINT ( 'NONE', #3317 ) ;
#3426 = FACE_BOUND ( 'NONE', #4515, .T. ) ;
#3427 = ORIENTED_EDGE ( 'NONE', *, *, #5846, .F. ) ;
#3428 = DIRECTION ( 'NONE',  ( -0.000000000000000000, -0.000000000000000000, 1.000000000000000000 ) ) ;
#3429 = LINE ( 'NONE', #1527, #1498 ) ;
#3430 = ORIENTED_EDGE ( 'NONE', *, *, #5188, .F. ) ;
#3431 = CARTESIAN_POINT ( 'NONE',  ( -20.27059429361530718, -37.45678986490501927, 3.000000000000000000 ) ) ;
#3432 = ORIENTED_EDGE ( 'NONE', *, *, #5052, .F. ) ;
#3433 = CARTESIAN_POINT ( 'NONE',  ( -8.382234244845214732, -39.51178793479910212, 0.000000000000000000 ) ) ;
#3434 = LINE ( 'NONE', #5707, #1204 ) ;
#3435 = VERTEX_POINT ( 'NONE', #571 ) ;
#3436 = VERTEX_POINT ( 'NONE', #2878 ) ;
#3437 = CARTESIAN_POINT ( 'NONE',  ( 0.000000000000000000, 0.000000000000000000, 3.000000000000000000 ) ) ;
#3438 = FACE_OUTER_BOUND ( 'NONE', #3394, .T. ) ;
#3439 = CARTESIAN_POINT ( 'NONE',  ( 10.99999999999999289, 5.591782424845139381E-15, -5.450000000000000178 ) ) ;
#3440 = DIRECTION ( 'NONE',  ( -0.000000000000000000, -0.000000000000000000, -1.000000000000000000 ) ) ;
#3441 = AXIS2_PLACEMENT_3D ( 'NONE', #5596, #5684, #2289 ) ;
#3442 = ORIENTED_EDGE ( 'NONE', *, *, #5086, .T. ) ;
#3443 = CARTESIAN_POINT ( 'NONE',  ( 9.526279441628830114, -5.499999999999992006, -5.450000000000000178 ) ) ;
#3444 = CARTESIAN_POINT ( 'NONE',  ( 6.926279441628826028, -5.499999999999992006, -5.450000000000000178 ) ) ;
#3445 = VECTOR ( 'NONE', #1281, 1000.000000000000114 ) ;
#3446 = AXIS2_PLACEMENT_3D ( 'NONE', #425, #8, #1926 ) ;
#3447 = AXIS2_PLACEMENT_3D ( 'NONE', #5473, #4512, #685 ) ;
#3448 = CARTESIAN_POINT ( 'NONE',  ( -10.44160405161537675, 27.87035979009361597, 3.000000000000000000 ) ) ;
#3449 = CIRCLE ( 'NONE', #456, 42.59000000000001052 ) ;
#3450 = LINE ( 'NONE', #4850, #145 ) ;
#3451 = CARTESIAN_POINT ( 'NONE',  ( 35.19267991137098051, -20.46393609590010243, 3.000000000000000000 ) ) ;
#3452 = EDGE_LOOP ( 'NONE', ( #2622, #1342, #5444, #1576 ) ) ;
#3453 = DIRECTION ( 'NONE',  ( 1.000000000000000000, 0.000000000000000000, 0.000000000000000000 ) ) ;
#3454 = ORIENTED_EDGE ( 'NONE', *, *, #2556, .T. ) ;
#3455 = DIRECTION ( 'NONE',  ( -0.000000000000000000, -0.000000000000000000, 1.000000000000000000 ) ) ;
#3456 = ORIENTED_EDGE ( 'NONE', *, *, #4249, .F. ) ;
#3457 = CARTESIAN_POINT ( 'NONE',  ( -12.33792604892930278, 38.88526790231278341, 0.000000000000000000 ) ) ;
#3458 = DIRECTION ( 'NONE',  ( -0.3090169943749512815, 0.9510565162951521989, 0.000000000000000000 ) ) ;
#3459 = EDGE_LOOP ( 'NONE', ( #3738, #4765, #646, #2286 ) ) ;
#3460 = AXIS2_PLACEMENT_3D ( 'NONE', #3867, #3035, #563 ) ;
#3461 = FACE_OUTER_BOUND ( 'NONE', #4820, .T. ) ;
#3462 = EDGE_CURVE ( 'NONE', #5150, #5410, #5531, .T. ) ;
#3463 = FACE_OUTER_BOUND ( 'NONE', #3536, .T. ) ;
#3464 = EDGE_CURVE ( 'NONE', #3417, #2118, #4644, .T. ) ;
#3465 = CARTESIAN_POINT ( 'NONE',  ( -32.82325911375652083, -23.94971689001971882, 0.000000000000000000 ) ) ;
#3466 = VERTEX_POINT ( 'NONE', #4872 ) ;
#3467 = ORIENTED_EDGE ( 'NONE', *, *, #4293, .F. ) ;
#3468 = DIRECTION ( 'NONE',  ( 0.000000000000000000, 0.000000000000000000, -1.000000000000000000 ) ) ;
#3469 = DIRECTION ( 'NONE',  ( -0.000000000000000000, 0.000000000000000000, 1.000000000000000000 ) ) ;
#3470 = DIRECTION ( 'NONE',  ( -1.000000000000000000, 0.000000000000000000, 0.000000000000000000 ) ) ;
#3471 = DIRECTION ( 'NONE',  ( -0.000000000000000000, -0.000000000000000000, -1.000000000000000000 ) ) ;
#3472 = ORIENTED_EDGE ( 'NONE', *, *, #4185, .T. ) ;
#3473 = DIRECTION ( 'NONE',  ( -3.492186772799750817E-15, 1.000000000000000000, 0.000000000000000000 ) ) ;
#3474 = DIRECTION ( 'NONE',  ( -0.000000000000000000, 0.000000000000000000, 1.000000000000000000 ) ) ;
#3475 = EDGE_CURVE ( 'NONE', #2036, #1621, #3543, .T. ) ;
#3476 = DIRECTION ( 'NONE',  ( -0.9364371775568698375, -0.3508353067884179000, 0.000000000000000000 ) ) ;
#3477 = AXIS2_PLACEMENT_3D ( 'NONE', #1904, #1432, #2959 ) ;
#3478 = LINE ( 'NONE', #3393, #344 ) ;
#3479 = LINE ( 'NONE', #645, #185 ) ;
#3480 = EDGE_LOOP ( 'NONE', ( #1756, #3856, #5713, #4472 ) ) ;
#3481 = LINE ( 'NONE', #2048, #61 ) ;
#3482 = ORIENTED_EDGE ( 'NONE', *, *, #1291, .F. ) ;
#3483 = CARTESIAN_POINT ( 'NONE',  ( 9.082601838875753231, 40.87187053907685197, 3.000000000000000000 ) ) ;
#3484 = VERTEX_POINT ( 'NONE', #601 ) ;
#3485 = DIRECTION ( 'NONE',  ( 0.000000000000000000, 0.000000000000000000, 1.000000000000000000 ) ) ;
#3486 = DIRECTION ( 'NONE',  ( 1.000000000000000000, 0.000000000000000000, 0.000000000000000000 ) ) ;
#3487 = AXIS2_PLACEMENT_3D ( 'NONE', #5461, #729, #4085 ) ;
#3488 = VERTEX_POINT ( 'NONE', #4366 ) ;
#3489 = CIRCLE ( 'NONE', #5382, 5.000000000000000888 ) ;
#3490 = DIRECTION ( 'NONE',  ( -3.391925716689587670E-15, 1.000000000000000000, 0.000000000000000000 ) ) ;
#3491 = AXIS2_PLACEMENT_3D ( 'NONE', #1986, #144, #1061 ) ;
#3492 = AXIS2_PLACEMENT_3D ( 'NONE', #2782, #1314, #3709 ) ;
#3493 = AXIS2_PLACEMENT_3D ( 'NONE', #1891, #2328, #3762 ) ;
#3494 = LINE ( 'NONE', #4862, #1949 ) ;
#3495 = FACE_BOUND ( 'NONE', #1114, .T. ) ;
#3496 = ORIENTED_EDGE ( 'NONE', *, *, #1519, .F. ) ;
#3497 = ORIENTED_EDGE ( 'NONE', *, *, #1556, .T. ) ;
#3498 = EDGE_CURVE ( 'NONE', #1206, #1478, #1475, .T. ) ;
#3499 = ADVANCED_FACE ( 'NONE', ( #4753 ), #2000, .F. ) ;
#3500 = EDGE_CURVE ( 'NONE', #5544, #4246, #1163, .T. ) ;
#3501 = CARTESIAN_POINT ( 'NONE',  ( -41.84453985814433707, 7.933636244507995983, 3.000000000000000000 ) ) ;
#3502 = CARTESIAN_POINT ( 'NONE',  ( 4.597221758081750487, 41.66633502243079334, 0.000000000000000000 ) ) ;
#3503 = DIRECTION ( 'NONE',  ( -0.5877852522924656986, -0.8090169943749528914, 0.000000000000000000 ) ) ;
#3504 = ORIENTED_EDGE ( 'NONE', *, *, #2348, .T. ) ;
#3505 = ORIENTED_EDGE ( 'NONE', *, *, #4866, .T. ) ;
#3506 = DIRECTION ( 'NONE',  ( -0.000000000000000000, -0.000000000000000000, -1.000000000000000000 ) ) ;
#3507 = CARTESIAN_POINT ( 'NONE',  ( 12.93125282058016090, 38.88526790231303920, 3.000000000000000000 ) ) ;
#3508 = DIRECTION ( 'NONE',  ( -1.000000000000000000, 0.000000000000000000, 0.000000000000000000 ) ) ;
#3509 = EDGE_LOOP ( 'NONE', ( #5196, #5387, #4396, #271 ) ) ;
#3510 = DIRECTION ( 'NONE',  ( 1.000000000000000000, 0.000000000000000000, 0.000000000000000000 ) ) ;
#3511 = FACE_OUTER_BOUND ( 'NONE', #3231, .T. ) ;
#3512 = ORIENTED_EDGE ( 'NONE', *, *, #690, .T. ) ;
#3513 = CARTESIAN_POINT ( 'NONE',  ( 0.000000000000000000, 0.000000000000000000, 0.000000000000000000 ) ) ;
#3514 = CARTESIAN_POINT ( 'NONE',  ( 28.29322929044624857, -31.19974681738951716, 0.000000000000000000 ) ) ;
#3515 = ORIENTED_EDGE ( 'NONE', *, *, #4970, .F. ) ;
#3516 = AXIS2_PLACEMENT_3D ( 'NONE', #2553, #2446, #5445 ) ;
#3517 = CARTESIAN_POINT ( 'NONE',  ( 41.16853392490268959, 0.09167402782986476539, 3.000000000000000000 ) ) ;
#3518 = DIRECTION ( 'NONE',  ( 0.000000000000000000, -0.000000000000000000, 1.000000000000000000 ) ) ;
#3519 = DIRECTION ( 'NONE',  ( -0.000000000000000000, -0.000000000000000000, 1.000000000000000000 ) ) ;
#3520 = VERTEX_POINT ( 'NONE', #2467 ) ;
#3521 = ORIENTED_EDGE ( 'NONE', *, *, #4, .F. ) ;
#3522 = DIRECTION ( 'NONE',  ( 0.000000000000000000, 0.000000000000000000, 1.000000000000000000 ) ) ;
#3523 = EDGE_CURVE ( 'NONE', #5428, #5571, #5711, .T. ) ;
#3524 = CARTESIAN_POINT ( 'NONE',  ( 0.000000000000000000, 0.000000000000000000, 3.000000000000000000 ) ) ;
#3525 = ORIENTED_EDGE ( 'NONE', *, *, #5673, .T. ) ;
#3526 = EDGE_CURVE ( 'NONE', #2870, #495, #4735, .T. ) ;
#3527 = ORIENTED_EDGE ( 'NONE', *, *, #1139, .F. ) ;
#3528 = LINE ( 'NONE', #821, #3853 ) ;
#3529 = VERTEX_POINT ( 'NONE', #4273 ) ;
#3530 = AXIS2_PLACEMENT_3D ( 'NONE', #167, #5384, #615 ) ;
#3531 = EDGE_CURVE ( 'NONE', #5192, #5150, #755, .T. ) ;
#3532 = FACE_OUTER_BOUND ( 'NONE', #2111, .T. ) ;
#3533 = ADVANCED_FACE ( 'NONE', ( #5843 ), #4303, .T. ) ;
#3534 = DIRECTION ( 'NONE',  ( -0.000000000000000000, -0.000000000000000000, -1.000000000000000000 ) ) ;
#3535 = AXIS2_PLACEMENT_3D ( 'NONE', #3815, #986, #3232 ) ;
#3536 = EDGE_LOOP ( 'NONE', ( #3257, #2336, #71, #438 ) ) ;
#3537 = AXIS2_PLACEMENT_3D ( 'NONE', #2751, #367, #3470 ) ;
#3538 = DIRECTION ( 'NONE',  ( -0.000000000000000000, -0.000000000000000000, 1.000000000000000000 ) ) ;
#3539 = VECTOR ( 'NONE', #5965, 1000.000000000000000 ) ;
#3540 = AXIS2_PLACEMENT_3D ( 'NONE', #2426, #5833, #2024 ) ;
#3541 = VERTEX_POINT ( 'NONE', #1444 ) ;
#3542 = LINE ( 'NONE', #1673, #4234 ) ;
#3543 = CIRCLE ( 'NONE', #5133, 8.694264425220772807 ) ;
#3544 = CARTESIAN_POINT ( 'NONE',  ( 38.65220204422475092, 17.88617838255083825, 0.000000000000000000 ) ) ;
#3545 = VERTEX_POINT ( 'NONE', #1940 ) ;
#3546 = VERTEX_POINT ( 'NONE', #5273 ) ;
#3547 = CARTESIAN_POINT ( 'NONE',  ( 0.000000000000000000, 25.99999999999999645, 3.000000000000000000 ) ) ;
#3548 = DIRECTION ( 'NONE',  ( 1.000000000000000000, -1.237055261380907498E-14, 0.000000000000000000 ) ) ;
#3549 = AXIS2_PLACEMENT_3D ( 'NONE', #971, #1837, #3334 ) ;
#3550 = VECTOR ( 'NONE', #1321, 1000.000000000000000 ) ;
#3551 = EDGE_LOOP ( 'NONE', ( #5943, #963 ) ) ;
#3552 = CARTESIAN_POINT ( 'NONE',  ( 41.89950047026291458, 4.279516735260113336, 0.000000000000000000 ) ) ;
#3553 = ADVANCED_FACE ( 'NONE', ( #2277 ), #3186, .F. ) ;
#3554 = CARTESIAN_POINT ( 'NONE',  ( 13.01395315583583212, -38.84312997681875146, 0.000000000000000000 ) ) ;
#3555 = ORIENTED_EDGE ( 'NONE', *, *, #5438, .T. ) ;
#3556 = EDGE_CURVE ( 'NONE', #5458, #2499, #5042, .T. ) ;
#3557 = CARTESIAN_POINT ( 'NONE',  ( -38.56881604959922782, 18.06528517716168736, 3.000000000000000000 ) ) ;
#3558 = CIRCLE ( 'NONE', #2460, 8.694264425220771031 ) ;
#3559 = LINE ( 'NONE', #1662, #5675 ) ;
#3560 = ORIENTED_EDGE ( 'NONE', *, *, #4249, .T. ) ;
#3561 = VECTOR ( 'NONE', #2864, 1000.000000000000000 ) ;
#3562 = DIRECTION ( 'NONE',  ( 0.000000000000000000, 0.000000000000000000, 1.000000000000000000 ) ) ;
#3563 = DIRECTION ( 'NONE',  ( -0.000000000000000000, -0.000000000000000000, -1.000000000000000000 ) ) ;
#3564 = ORIENTED_EDGE ( 'NONE', *, *, #217, .T. ) ;
#3565 = CARTESIAN_POINT ( 'NONE',  ( 7.806255641895631925E-15, -11.00000000000000000, -5.450000000000000178 ) ) ;
#3566 = ORIENTED_EDGE ( 'NONE', *, *, #1139, .T. ) ;
#3567 = CARTESIAN_POINT ( 'NONE',  ( -28.77612118826223764, -24.03241722527476298, 3.000000000000000000 ) ) ;
#3568 = ADVANCED_FACE ( 'NONE', ( #1606 ), #5374, .T. ) ;
#3569 = ADVANCED_FACE ( 'NONE', ( #2576 ), #4469, .F. ) ;
#3570 = CARTESIAN_POINT ( 'NONE',  ( 31.42062151282033611, -28.75156767461719909, 3.000000000000000000 ) ) ;
#3571 = CARTESIAN_POINT ( 'NONE',  ( 0.000000000000000000, 0.000000000000000000, 3.000000000000000000 ) ) ;
#3572 = ORIENTED_EDGE ( 'NONE', *, *, #3165, .F. ) ;
#3573 = ORIENTED_EDGE ( 'NONE', *, *, #3712, .F. ) ;
#3574 = CARTESIAN_POINT ( 'NONE',  ( 0.000000000000000000, 0.000000000000000000, 3.000000000000000000 ) ) ;
#3575 = CARTESIAN_POINT ( 'NONE',  ( 41.72493748217464571, -4.224442581619813453, 0.000000000000000000 ) ) ;
#3576 = AXIS2_PLACEMENT_3D ( 'NONE', #4091, #4532, #6034 ) ;
#3577 = DIRECTION ( 'NONE',  ( -0.3090169943749061510, -0.9510565162951670759, 0.000000000000000000 ) ) ;
#3578 = AXIS2_PLACEMENT_3D ( 'NONE', #4993, #4022, #3105 ) ;
#3579 = CIRCLE ( 'NONE', #289, 8.694264425220769255 ) ;
#3580 = DIRECTION ( 'NONE',  ( 1.000000000000000000, 0.000000000000000000, -0.000000000000000000 ) ) ;
#3581 = ORIENTED_EDGE ( 'NONE', *, *, #1971, .F. ) ;
#3582 = CARTESIAN_POINT ( 'NONE',  ( 12.83957879275061309, 38.89978764190320959, 0.000000000000000000 ) ) ;
#3583 = EDGE_CURVE ( 'NONE', #2530, #1855, #2252, .T. ) ;
#3584 = ORIENTED_EDGE ( 'NONE', *, *, #2812, .T. ) ;
#3585 = AXIS2_PLACEMENT_3D ( 'NONE', #524, #6086, #907 ) ;
#3586 = VECTOR ( 'NONE', #3519, 1000.000000000000000 ) ;
#3587 = AXIS2_PLACEMENT_3D ( 'NONE', #5542, #5951, #1771 ) ;
#3588 = DIRECTION ( 'NONE',  ( -0.000000000000000000, -0.000000000000000000, 1.000000000000000000 ) ) ;
#3589 = CARTESIAN_POINT ( 'NONE',  ( 31.36840236821780081, -27.82005574930078140, 3.000000000000000000 ) ) ;
#3590 = EDGE_LOOP ( 'NONE', ( #1924, #4436 ) ) ;
#3591 = FACE_OUTER_BOUND ( 'NONE', #226, .T. ) ;
#3592 = CARTESIAN_POINT ( 'NONE',  ( 17.21325967034674775, 38.23122844270245224, 0.000000000000000000 ) ) ;
#3593 = ORIENTED_EDGE ( 'NONE', *, *, #5440, .T. ) ;
#3594 = EDGE_CURVE ( 'NONE', #4890, #315, #4000, .T. ) ;
#3595 = CARTESIAN_POINT ( 'NONE',  ( -6.735557395310441826E-15, 11.00000000000000000, -5.450000000000000178 ) ) ;
#3596 = ADVANCED_FACE ( 'NONE', ( #3042 ), #2070, .F. ) ;
#3597 = ORIENTED_EDGE ( 'NONE', *, *, #3523, .T. ) ;
#3598 = AXIS2_PLACEMENT_3D ( 'NONE', #2398, #11, #3832 ) ;
#3599 = CARTESIAN_POINT ( 'NONE',  ( -23.80138519710759937, -33.01215321642951039, 3.000000000000000000 ) ) ;
#3600 = DIRECTION ( 'NONE',  ( 0.000000000000000000, 0.000000000000000000, 1.000000000000000000 ) ) ;
#3601 = ORIENTED_EDGE ( 'NONE', *, *, #3301, .T. ) ;
#3602 = DIRECTION ( 'NONE',  ( -0.000000000000000000, -0.000000000000000000, 1.000000000000000000 ) ) ;
#3603 = EDGE_CURVE ( 'NONE', #1905, #1196, #2538, .T. ) ;
#3604 = ADVANCED_FACE ( 'NONE', ( #636 ), #5512, .T. ) ;
#3605 = ORIENTED_EDGE ( 'NONE', *, *, #3583, .F. ) ;
#3606 = VERTEX_POINT ( 'NONE', #2687 ) ;
#3607 = DIRECTION ( 'NONE',  ( 1.000000000000000000, 0.000000000000000000, 0.000000000000000000 ) ) ;
#3608 = CARTESIAN_POINT ( 'NONE',  ( -27.86445552330795650, -10.45734996973843245, 3.000000000000000000 ) ) ;
#3609 = CIRCLE ( 'NONE', #3316, 5.000000000000000888 ) ;
#3610 = ORIENTED_EDGE ( 'NONE', *, *, #1520, .F. ) ;
#3611 = DIRECTION ( 'NONE',  ( 0.000000000000000000, 0.000000000000000000, 1.000000000000000000 ) ) ;
#3612 = CYLINDRICAL_SURFACE ( 'NONE', #5928, 4.999999999999999112 ) ;
#3613 = EDGE_CURVE ( 'NONE', #2106, #476, #5125, .T. ) ;
#3614 = ADVANCED_FACE ( 'NONE', ( #4431 ), #3612, .F. ) ;
#3615 = CIRCLE ( 'NONE', #3321, 4.005000000000001670 ) ;
#3616 = DIRECTION ( 'NONE',  ( 0.9510565162951533091, 0.3090169943749480619, 0.000000000000000000 ) ) ;
#3617 = ORIENTED_EDGE ( 'NONE', *, *, #3348, .T. ) ;
#3618 = DIRECTION ( 'NONE',  ( 1.000000000000000000, 0.000000000000000000, 0.000000000000000000 ) ) ;
#3619 = ORIENTED_EDGE ( 'NONE', *, *, #5085, .T. ) ;
#3620 = FACE_OUTER_BOUND ( 'NONE', #2058, .T. ) ;
#3621 = DIRECTION ( 'NONE',  ( -0.000000000000000000, -0.000000000000000000, -1.000000000000000000 ) ) ;
#3622 = VERTEX_POINT ( 'NONE', #2244 ) ;
#3623 = AXIS2_PLACEMENT_3D ( 'NONE', #5731, #4232, #3375 ) ;
#3624 = DIRECTION ( 'NONE',  ( 0.000000000000000000, 0.000000000000000000, 1.000000000000000000 ) ) ;
#3625 = LINE ( 'NONE', #5995, #3734 ) ;
#3626 = VERTEX_POINT ( 'NONE', #1282 ) ;
#3627 = PLANE ( 'NONE',  #2598 ) ;
#3628 = VERTEX_POINT ( 'NONE', #5546 ) ;
#3629 = CARTESIAN_POINT ( 'NONE',  ( 20.82683300905948443, 37.15038528484934943, 0.000000000000000000 ) ) ;
#3630 = CIRCLE ( 'NONE', #4930, 8.694264425220763925 ) ;
#3631 = CARTESIAN_POINT ( 'NONE',  ( 19.72746942367398759, 8.034441853748626627, 10.00000000000000000 ) ) ;
#3632 = CIRCLE ( 'NONE', #3249, 17.50000000000000355 ) ;
#3633 = ORIENTED_EDGE ( 'NONE', *, *, #2634, .T. ) ;
#3634 = DIRECTION ( 'NONE',  ( 1.000000000000000000, 0.000000000000000000, 0.000000000000000000 ) ) ;
#3635 = ORIENTED_EDGE ( 'NONE', *, *, #4978, .T. ) ;
#3636 = VECTOR ( 'NONE', #1118, 1000.000000000000000 ) ;
#3637 = ORIENTED_EDGE ( 'NONE', *, *, #301, .T. ) ;
#3638 = FACE_OUTER_BOUND ( 'NONE', #4455, .T. ) ;
#3639 = LINE ( 'NONE', #300, #455 ) ;
#3640 = CIRCLE ( 'NONE', #6035, 4.005000000000006111 ) ;
#3641 = ADVANCED_FACE ( 'NONE', ( #1140 ), #3153, .T. ) ;
#3642 = AXIS2_PLACEMENT_3D ( 'NONE', #3695, #853, #1414 ) ;
#3643 = VECTOR ( 'NONE', #3756, 1000.000000000000000 ) ;
#3644 = EDGE_CURVE ( 'NONE', #232, #730, #5071, .T. ) ;
#3645 = ORIENTED_EDGE ( 'NONE', *, *, #6061, .F. ) ;
#3646 = DIRECTION ( 'NONE',  ( -0.000000000000000000, -0.000000000000000000, -1.000000000000000000 ) ) ;
#3647 = CIRCLE ( 'NONE', #4745, 8.694264425220769255 ) ;
#3648 = DIRECTION ( 'NONE',  ( -1.000000000000000000, 0.000000000000000000, 0.000000000000000000 ) ) ;
#3649 = CARTESIAN_POINT ( 'NONE',  ( -20.27059429361531073, -37.45678986490501927, 3.000000000000000000 ) ) ;
#3650 = VERTEX_POINT ( 'NONE', #1776 ) ;
#3651 = DIRECTION ( 'NONE',  ( -0.6325295778478632336, 0.7745362051883720733, 0.000000000000000000 ) ) ;
#3652 = ORIENTED_EDGE ( 'NONE', *, *, #610, .F. ) ;
#3653 = CIRCLE ( 'NONE', #2063, 2.000000000000000000 ) ;
#3654 = ADVANCED_FACE ( 'NONE', ( #3675 ), #5579, .F. ) ;
#3655 = EDGE_CURVE ( 'NONE', #1710, #3784, #2147, .T. ) ;
#3656 = LINE ( 'NONE', #246, #2189 ) ;
#3657 = CARTESIAN_POINT ( 'NONE',  ( 37.21864685947006990, 20.70459914970727411, 3.000000000000000000 ) ) ;
#3658 = VERTEX_POINT ( 'NONE', #1463 ) ;
#3659 = DIRECTION ( 'NONE',  ( 1.000000000000000000, 0.000000000000000000, 0.000000000000000000 ) ) ;
#3660 = CARTESIAN_POINT ( 'NONE',  ( -23.65305350419375330, -33.11992249958244372, 0.000000000000000000 ) ) ;
#3661 = VERTEX_POINT ( 'NONE', #2780 ) ;
#3662 = FACE_OUTER_BOUND ( 'NONE', #2783, .T. ) ;
#3663 = ORIENTED_EDGE ( 'NONE', *, *, #3953, .F. ) ;
#3664 = PLANE ( 'NONE',  #3739 ) ;
#3665 = EDGE_CURVE ( 'NONE', #2773, #1609, #997, .T. ) ;
#3666 = LINE ( 'NONE', #5566, #1005 ) ;
#3667 = CARTESIAN_POINT ( 'NONE',  ( -5.499999999999943157, 9.526279441628854983, 3.000000000000000000 ) ) ;
#3668 = DIRECTION ( 'NONE',  ( 1.000000000000000000, 0.000000000000000000, 0.000000000000000000 ) ) ;
#3669 = ORIENTED_EDGE ( 'NONE', *, *, #81, .T. ) ;
#3670 = ORIENTED_EDGE ( 'NONE', *, *, #2892, .F. ) ;
#3671 = DIRECTION ( 'NONE',  ( -0.000000000000000000, -0.000000000000000000, -1.000000000000000000 ) ) ;
#3672 = CARTESIAN_POINT ( 'NONE',  ( -7.713313367253148201, -41.88571232411541700, 0.000000000000000000 ) ) ;
#3673 = ORIENTED_EDGE ( 'NONE', *, *, #4652, .F. ) ;
#3674 = CARTESIAN_POINT ( 'NONE',  ( 39.19645102772892642, -12.54291540692517870, 0.000000000000000000 ) ) ;
#3675 = FACE_OUTER_BOUND ( 'NONE', #3753, .T. ) ;
#3676 = CIRCLE ( 'NONE', #6167, 5.000000000000000888 ) ;
#3677 = PLANE ( 'NONE',  #3199 ) ;
#3678 = VECTOR ( 'NONE', #5413, 1000.000000000000000 ) ;
#3679 = VERTEX_POINT ( 'NONE', #1899 ) ;
#3680 = CARTESIAN_POINT ( 'NONE',  ( 41.72493748217464571, -4.224442581619815229, 3.000000000000000000 ) ) ;
#3681 = ORIENTED_EDGE ( 'NONE', *, *, #3816, .F. ) ;
#3682 = ADVANCED_FACE ( 'NONE', ( #4737 ), #6141, .F. ) ;
#3683 = CIRCLE ( 'NONE', #1493, 8.694264425220763925 ) ;
#3684 = LINE ( 'NONE', #2759, #1201 ) ;
#3685 = CARTESIAN_POINT ( 'NONE',  ( -5.032257205299936587, 42.29165978558546612, 0.000000000000000000 ) ) ;
#3686 = EDGE_CURVE ( 'NONE', #2736, #4584, #933, .T. ) ;
#3687 = EDGE_LOOP ( 'NONE', ( #3681, #5334, #2725, #5493 ) ) ;
#3688 = EDGE_CURVE ( 'NONE', #1029, #1206, #5641, .T. ) ;
#3689 = CIRCLE ( 'NONE', #4489, 8.694264425220767478 ) ;
#3690 = AXIS2_PLACEMENT_3D ( 'NONE', #2466, #5306, #1571 ) ;
#3691 = AXIS2_PLACEMENT_3D ( 'NONE', #3443, #99, #3386 ) ;
#3692 = CIRCLE ( 'NONE', #6016, 8.694264425220771031 ) ;
#3693 = CARTESIAN_POINT ( 'NONE',  ( -11.00000000000000000, -1.347111479062088405E-15, -5.450000000000000178 ) ) ;
#3694 = VECTOR ( 'NONE', #5121, 1000.000000000000000 ) ;
#3695 = CARTESIAN_POINT ( 'NONE',  ( 24.72746942367407641, -8.034441853748395701, 3.000000000000000000 ) ) ;
#3696 = ORIENTED_EDGE ( 'NONE', *, *, #290, .F. ) ;
#3697 = DIRECTION ( 'NONE',  ( 1.000000000000000000, 0.000000000000000000, 0.000000000000000000 ) ) ;
#3698 = EDGE_LOOP ( 'NONE', ( #5402, #2645 ) ) ;
#3699 = CARTESIAN_POINT ( 'NONE',  ( 29.21897447428411354, -30.98644269145998820, 0.000000000000000000 ) ) ;
#3700 = CARTESIAN_POINT ( 'NONE',  ( 27.16104326975240824, 30.24582191543627729, 0.000000000000000000 ) ) ;
#3701 = CARTESIAN_POINT ( 'NONE',  ( -16.74447303340663495, -38.39834553817248519, 0.000000000000000000 ) ) ;
#3702 = CARTESIAN_POINT ( 'NONE',  ( -20.27059429361531073, -37.45678986490501217, 0.000000000000000000 ) ) ;
#3703 = ORIENTED_EDGE ( 'NONE', *, *, #3159, .F. ) ;
#3704 = CARTESIAN_POINT ( 'NONE',  ( 24.32908061110071429, -33.07778457408799966, 0.000000000000000000 ) ) ;
#3705 = VERTEX_POINT ( 'NONE', #2903 ) ;
#3706 = DIRECTION ( 'NONE',  ( -1.000000000000000000, 0.000000000000000000, 0.000000000000000000 ) ) ;
#3707 = DIRECTION ( 'NONE',  ( -0.000000000000000000, 0.000000000000000000, 1.000000000000000000 ) ) ;
#3708 = CYLINDRICAL_SURFACE ( 'NONE', #4339, 4.005000000000005222 ) ;
#3709 = DIRECTION ( 'NONE',  ( -1.000000000000000000, 0.000000000000000000, 0.000000000000000000 ) ) ;
#3710 = EDGE_LOOP ( 'NONE', ( #5478, #3112, #1263, #2948 ) ) ;
#3711 = CARTESIAN_POINT ( 'NONE',  ( 9.078724974186879848, 41.13148167792090248, 3.000000000000000000 ) ) ;
#3712 = EDGE_CURVE ( 'NONE', #3956, #2523, #4637, .T. ) ;
#3713 = LINE ( 'NONE', #1377, #4585 ) ;
#3714 = DIRECTION ( 'NONE',  ( 0.3508353067884179555, -0.9364371775568699485, 0.000000000000000000 ) ) ;
#3715 = VERTEX_POINT ( 'NONE', #4800 ) ;
#3716 = CYLINDRICAL_SURFACE ( 'NONE', #567, 2.600000000000000089 ) ;
#3717 = PRODUCT_DEFINITION ( 'æ™', '', #5179, #78 ) ;
#3718 = DIRECTION ( 'NONE',  ( 0.000000000000000000, 0.000000000000000000, 1.000000000000000000 ) ) ;
#3719 = ORIENTED_EDGE ( 'NONE', *, *, #3498, .F. ) ;
#3720 = CARTESIAN_POINT ( 'NONE',  ( -15.90640717830370932, 37.06703595085587466, 0.000000000000000000 ) ) ;
#3721 = ORIENTED_EDGE ( 'NONE', *, *, #2710, .T. ) ;
#3722 = FACE_OUTER_BOUND ( 'NONE', #4982, .T. ) ;
#3723 = EDGE_CURVE ( 'NONE', #2905, #4246, #2835, .T. ) ;
#3724 = EDGE_CURVE ( 'NONE', #3132, #5051, #4743, .T. ) ;
#3725 = EDGE_CURVE ( 'NONE', #3157, #2742, #249, .T. ) ;
#3726 = CARTESIAN_POINT ( 'NONE',  ( 28.14080578438306190, 31.08960764240096353, 0.000000000000000000 ) ) ;
#3727 = LINE ( 'NONE', #5660, #4121 ) ;
#3728 = EDGE_LOOP ( 'NONE', ( #688, #4988, #4844, #5505 ) ) ;
#3729 = CARTESIAN_POINT ( 'NONE',  ( 0.000000000000000000, 0.000000000000000000, 0.000000000000000000 ) ) ;
#3730 = AXIS2_PLACEMENT_3D ( 'NONE', #4603, #5449, #4540 ) ;
#3731 = CARTESIAN_POINT ( 'NONE',  ( -26.56771649810094260, -30.24582191543608189, 0.000000000000000000 ) ) ;
#3732 = ORIENTED_EDGE ( 'NONE', *, *, #301, .F. ) ;
#3733 = DIRECTION ( 'NONE',  ( 0.000000000000000000, 0.000000000000000000, -1.000000000000000000 ) ) ;
#3734 = VECTOR ( 'NONE', #1724, 1000.000000000000000 ) ;
#3735 = CYLINDRICAL_SURFACE ( 'NONE', #3446, 17.50000000000000355 ) ;
#3736 = DIRECTION ( 'NONE',  ( 1.000000000000000000, 0.000000000000000000, 0.000000000000000000 ) ) ;
#3737 = CARTESIAN_POINT ( 'NONE',  ( -41.88590963261005129, 4.492228848172467259, 3.000000000000000000 ) ) ;
#3738 = ORIENTED_EDGE ( 'NONE', *, *, #2745, .F. ) ;
#3739 = AXIS2_PLACEMENT_3D ( 'NONE', #1270, #5565, #3208 ) ;
#3740 = DIRECTION ( 'NONE',  ( -0.7829358478692646228, -0.6221024498595353336, 0.000000000000000000 ) ) ;
#3741 = VECTOR ( 'NONE', #4933, 1000.000000000000000 ) ;
#3742 = AXIS2_PLACEMENT_3D ( 'NONE', #5631, #1421, #6132 ) ;
#3743 = CARTESIAN_POINT ( 'NONE',  ( 41.00932234579961744, 8.784480569375512360, 0.000000000000000000 ) ) ;
#3744 = CARTESIAN_POINT ( 'NONE',  ( 17.50000000000000355, 0.000000000000000000, 0.000000000000000000 ) ) ;
#3745 = ORIENTED_EDGE ( 'NONE', *, *, #3767, .T. ) ;
#3746 = CARTESIAN_POINT ( 'NONE',  ( -20.76266961515268150, 36.39352824830927347, 0.000000000000000000 ) ) ;
#3747 = VECTOR ( 'NONE', #2847, 1000.000000000000000 ) ;
#3748 = AXIS2_PLACEMENT_3D ( 'NONE', #4691, #6097, #3258 ) ;
#3749 = DIRECTION ( 'NONE',  ( -0.3090169943749381254, -0.9510565162951565288, 0.000000000000000000 ) ) ;
#3750 = ORIENTED_EDGE ( 'NONE', *, *, #5704, .F. ) ;
#3751 = CARTESIAN_POINT ( 'NONE',  ( 39.18193128813866366, 12.63458943475500718, 3.000000000000000000 ) ) ;
#3752 = EDGE_LOOP ( 'NONE', ( #3077, #2354, #1382, #3812 ) ) ;
#3753 = EDGE_LOOP ( 'NONE', ( #1018, #1676, #4167, #3635 ) ) ;
#3754 = CYLINDRICAL_SURFACE ( 'NONE', #3535, 8.694264425220771031 ) ;
#3755 = EDGE_CURVE ( 'NONE', #936, #3314, #4035, .T. ) ;
#3756 = DIRECTION ( 'NONE',  ( -0.000000000000000000, -0.000000000000000000, -1.000000000000000000 ) ) ;
#3757 = CARTESIAN_POINT ( 'NONE',  ( -29.72746942367396272, -8.034441853748742091, 0.000000000000000000 ) ) ;
#3758 = VECTOR ( 'NONE', #272, 1000.000000000000114 ) ;
#3759 = ORIENTED_EDGE ( 'NONE', *, *, #1539, .T. ) ;
#3760 = ORIENTED_EDGE ( 'NONE', *, *, #758, .T. ) ;
#3761 = ADVANCED_FACE ( 'NONE', ( #2806 ), #461, .F. ) ;
#3762 = DIRECTION ( 'NONE',  ( 1.000000000000000000, 0.000000000000000000, 0.000000000000000000 ) ) ;
#3763 = EDGE_CURVE ( 'NONE', #1251, #1541, #3839, .T. ) ;
#3764 = LINE ( 'NONE', #1367, #2465 ) ;
#3765 = ORIENTED_EDGE ( 'NONE', *, *, #3977, .F. ) ;
#3766 = DIRECTION ( 'NONE',  ( 1.000000000000000000, 0.000000000000000000, 0.000000000000000000 ) ) ;
#3767 = EDGE_CURVE ( 'NONE', #4124, #2053, #1810, .T. ) ;
#3768 = DIRECTION ( 'NONE',  ( 0.000000000000000000, -0.000000000000000000, 1.000000000000000000 ) ) ;
#3769 = LINE ( 'NONE', #3828, #4944 ) ;
#3770 = DIRECTION ( 'NONE',  ( 0.000000000000000000, 0.000000000000000000, 1.000000000000000000 ) ) ;
#3771 = EDGE_LOOP ( 'NONE', ( #5521, #507, #4952, #5823 ) ) ;
#3772 = DIRECTION ( 'NONE',  ( 0.5610615262486238208, -0.8277741018922764038, 0.000000000000000000 ) ) ;
#3773 = ORIENTED_EDGE ( 'NONE', *, *, #6064, .T. ) ;
#3774 = CARTESIAN_POINT ( 'NONE',  ( 16.49973394995513587, -37.06703595085598835, 0.000000000000000000 ) ) ;
#3775 = CARTESIAN_POINT ( 'NONE',  ( -19.72746942367401246, 8.034441853748564455, 0.000000000000000000 ) ) ;
#3776 = ORIENTED_EDGE ( 'NONE', *, *, #5052, .T. ) ;
#3777 = DIRECTION ( 'NONE',  ( 0.3090169943749445647, 0.9510565162951545304, 0.000000000000000000 ) ) ;
#3778 = AXIS2_PLACEMENT_3D ( 'NONE', #889, #5655, #1354 ) ;
#3779 = DIRECTION ( 'NONE',  ( 0.000000000000000000, 0.000000000000000000, 1.000000000000000000 ) ) ;
#3780 = CIRCLE ( 'NONE', #3578, 5.000000000000000888 ) ;
#3781 = CYLINDRICAL_SURFACE ( 'NONE', #1386, 8.694264425220762149 ) ;
#3782 = EDGE_LOOP ( 'NONE', ( #3359, #5299, #4511, #3281 ) ) ;
#3783 = AXIS2_PLACEMENT_3D ( 'NONE', #5340, #2575, #4901 ) ;
#3784 = VERTEX_POINT ( 'NONE', #5728 ) ;
#3785 = CARTESIAN_POINT ( 'NONE',  ( 0.000000000000000000, 0.000000000000000000, 0.000000000000000000 ) ) ;
#3786 = CIRCLE ( 'NONE', #3294, 5.000000000000000888 ) ;
#3787 = VECTOR ( 'NONE', #4960, 1000.000000000000000 ) ;
#3788 = VECTOR ( 'NONE', #5573, 1000.000000000000000 ) ;
#3789 = LINE ( 'NONE', #4128, #3643 ) ;
#3790 = DIRECTION ( 'NONE',  ( 0.000000000000000000, -0.000000000000000000, 1.000000000000000000 ) ) ;
#3791 = ORIENTED_EDGE ( 'NONE', *, *, #6131, .T. ) ;
#3792 = LINE ( 'NONE', #929, #5801 ) ;
#3793 = ADVANCED_FACE ( 'NONE', ( #4202 ), #3333, .T. ) ;
#3794 = ORIENTED_EDGE ( 'NONE', *, *, #2282, .F. ) ;
#3795 = FACE_OUTER_BOUND ( 'NONE', #5530, .T. ) ;
#3796 = EDGE_CURVE ( 'NONE', #936, #392, #5137, .T. ) ;
#3797 = DIRECTION ( 'NONE',  ( 1.000000000000000000, 0.000000000000000000, 0.000000000000000000 ) ) ;
#3798 = DIRECTION ( 'NONE',  ( -0.000000000000000000, 0.000000000000000000, 1.000000000000000000 ) ) ;
#3799 = CARTESIAN_POINT ( 'NONE',  ( -38.54646659099314832, 12.71728977000928218, 3.000000000000000000 ) ) ;
#3800 = ORIENTED_EDGE ( 'NONE', *, *, #5380, .T. ) ;
#3801 = CARTESIAN_POINT ( 'NONE',  ( -38.58860451648708079, -12.63458943475473362, 0.000000000000000000 ) ) ;
#3802 = EDGE_CURVE ( 'NONE', #1638, #1614, #5836, .T. ) ;
#3803 = FACE_OUTER_BOUND ( 'NONE', #3937, .T. ) ;
#3804 = ADVANCED_FACE ( 'NONE', ( #5233 ), #3735, .T. ) ;
#3805 = DIRECTION ( 'NONE',  ( 0.000000000000000000, 0.000000000000000000, 1.000000000000000000 ) ) ;
#3806 = VERTEX_POINT ( 'NONE', #4387 ) ;
#3807 = DIRECTION ( 'NONE',  ( 0.000000000000000000, 0.000000000000000000, -1.000000000000000000 ) ) ;
#3808 = ADVANCED_FACE ( 'NONE', ( #4418 ), #2488, .T. ) ;
#3809 = FACE_OUTER_BOUND ( 'NONE', #4502, .T. ) ;
#3810 = DIRECTION ( 'NONE',  ( 0.000000000000000000, 0.000000000000000000, 1.000000000000000000 ) ) ;
#3811 = DIRECTION ( 'NONE',  ( 1.000000000000000000, 0.000000000000000000, 0.000000000000000000 ) ) ;
#3812 = ORIENTED_EDGE ( 'NONE', *, *, #4334, .F. ) ;
#3813 = AXIS2_PLACEMENT_3D ( 'NONE', #3887, #2925, #1124 ) ;
#3814 = ORIENTED_EDGE ( 'NONE', *, *, #2166, .F. ) ;
#3815 = CARTESIAN_POINT ( 'NONE',  ( -23.65305350419423291, 33.11992249958210266, 0.000000000000000000 ) ) ;
#3816 = EDGE_CURVE ( 'NONE', #3070, #2044, #1749, .T. ) ;
#3817 = CARTESIAN_POINT ( 'NONE',  ( 37.31885645436633325, -20.52342692969186899, 0.000000000000000000 ) ) ;
#3818 = LINE ( 'NONE', #4195, #4630 ) ;
#3819 = ORIENTED_EDGE ( 'NONE', *, *, #4370, .T. ) ;
#3820 = VERTEX_POINT ( 'NONE', #1091 ) ;
#3821 = DIRECTION ( 'NONE',  ( -0.000000000000000000, -0.000000000000000000, 1.000000000000000000 ) ) ;
#3822 = DIRECTION ( 'NONE',  ( 0.000000000000000000, 0.000000000000000000, 1.000000000000000000 ) ) ;
#3823 = ORIENTED_EDGE ( 'NONE', *, *, #5782, .F. ) ;
#3824 = AXIS2_PLACEMENT_3D ( 'NONE', #2455, #3772, #5170 ) ;
#3825 = ORIENTED_EDGE ( 'NONE', *, *, #3526, .F. ) ;
#3826 = CARTESIAN_POINT ( 'NONE',  ( 0.000000000000000000, 0.000000000000000000, 3.000000000000000000 ) ) ;
#3827 = DIRECTION ( 'NONE',  ( -0.000000000000000000, -0.000000000000000000, -1.000000000000000000 ) ) ;
#3828 = CARTESIAN_POINT ( 'NONE',  ( 8.320845587068864901, 41.76926655707708136, 3.000000000000000000 ) ) ;
#3829 = AXIS2_PLACEMENT_3D ( 'NONE', #6078, #3790, #1361 ) ;
#3830 = EDGE_LOOP ( 'NONE', ( #4899, #1211 ) ) ;
#3831 = PRODUCT_DEFINITION_SHAPE ( 'NONE', 'NONE',  #3717 ) ;
#3832 = DIRECTION ( 'NONE',  ( 1.000000000000000000, 0.000000000000000000, 0.000000000000000000 ) ) ;
#3833 = EDGE_CURVE ( 'NONE', #3145, #1143, #26, .T. ) ;
#3834 = AXIS2_PLACEMENT_3D ( 'NONE', #4219, #4284, #4727 ) ;
#3835 = CARTESIAN_POINT ( 'NONE',  ( -16.89380793551028503, 38.58827080943635224, 3.000000000000000000 ) ) ;
#3836 = AXIS2_PLACEMENT_3D ( 'NONE', #3599, #5031, #6073 ) ;
#3837 = CARTESIAN_POINT ( 'NONE',  ( -38.58860451648708079, -12.63458943475473362, 3.000000000000000000 ) ) ;
#3838 = ORIENTED_EDGE ( 'NONE', *, *, #1102, .T. ) ;
#3839 = CIRCLE ( 'NONE', #4535, 4.005000000000001670 ) ;
#3840 = VECTOR ( 'NONE', #1147, 1000.000000000000000 ) ;
#3841 = EDGE_CURVE ( 'NONE', #5509, #5140, #1841, .T. ) ;
#3842 = EDGE_CURVE ( 'NONE', #317, #5289, #3335, .T. ) ;
#3843 = FACE_OUTER_BOUND ( 'NONE', #3978, .T. ) ;
#3844 = AXIS2_PLACEMENT_3D ( 'NONE', #2495, #1165, #3005 ) ;
#3845 = DIRECTION ( 'NONE',  ( 0.9510565162951533091, 0.3090169943749481729, 0.000000000000000000 ) ) ;
#3846 = AXIS2_PLACEMENT_3D ( 'NONE', #2377, #90, #5742 ) ;
#3847 = CARTESIAN_POINT ( 'NONE',  ( -23.73575383944928063, 33.07778457408781492, 0.000000000000000000 ) ) ;
#3848 = ORIENTED_EDGE ( 'NONE', *, *, #1857, .T. ) ;
#3849 = CYLINDRICAL_SURFACE ( 'NONE', #699, 4.005000000000005222 ) ;
#3850 = ORIENTED_EDGE ( 'NONE', *, *, #4597, .F. ) ;
#3851 = DIRECTION ( 'NONE',  ( -0.000000000000000000, -0.000000000000000000, -1.000000000000000000 ) ) ;
#3852 = DIRECTION ( 'NONE',  ( 0.000000000000000000, 0.000000000000000000, -1.000000000000000000 ) ) ;
#3853 = VECTOR ( 'NONE', #5435, 1000.000000000000000 ) ;
#3854 = DIRECTION ( 'NONE',  ( 1.000000000000000000, 0.000000000000000000, 0.000000000000000000 ) ) ;
#3855 = DIRECTION ( 'NONE',  ( -0.000000000000000000, -0.000000000000000000, -1.000000000000000000 ) ) ;
#3856 = ORIENTED_EDGE ( 'NONE', *, *, #2200, .T. ) ;
#3857 = VERTEX_POINT ( 'NONE', #3981 ) ;
#3858 = CARTESIAN_POINT ( 'NONE',  ( -34.59935313971915605, -20.46393609590036178, 0.000000000000000000 ) ) ;
#3859 = EDGE_LOOP ( 'NONE', ( #490, #2258, #121, #1209 ) ) ;
#3860 = DIRECTION ( 'NONE',  ( 1.000000000000000000, 0.000000000000000000, 0.000000000000000000 ) ) ;
#3861 = ORIENTED_EDGE ( 'NONE', *, *, #1328, .T. ) ;
#3862 = DIRECTION ( 'NONE',  ( 0.5877852522924711387, 0.8090169943749488946, 0.000000000000000000 ) ) ;
#3863 = LINE ( 'NONE', #653, #5775 ) ;
#3864 = AXIS2_PLACEMENT_3D ( 'NONE', #1583, #136, #3453 ) ;
#3865 = EDGE_LOOP ( 'NONE', ( #5149, #3597, #5396, #3256 ) ) ;
#3866 = DIRECTION ( 'NONE',  ( -0.000000000000000000, 0.000000000000000000, 1.000000000000000000 ) ) ;
#3867 = CARTESIAN_POINT ( 'NONE',  ( -32.71548983060356619, -24.09804858293355778, 3.000000000000000000 ) ) ;
#3868 = FACE_OUTER_BOUND ( 'NONE', #4852, .T. ) ;
#3869 = ORIENTED_EDGE ( 'NONE', *, *, #3047, .T. ) ;
#3870 = DIRECTION ( 'NONE',  ( 0.000000000000000000, 0.000000000000000000, 1.000000000000000000 ) ) ;
#3871 = CARTESIAN_POINT ( 'NONE',  ( 5.000000000000182077, -26.00000000000000000, 3.000000000000000000 ) ) ;
#3872 = EDGE_CURVE ( 'NONE', #4019, #353, #1441, .T. ) ;
#3873 = DIRECTION ( 'NONE',  ( -0.9510565162951517548, 0.3090169943749529469, 0.000000000000000000 ) ) ;
#3874 = ADVANCED_FACE ( 'NONE', ( #2055 ), #2020, .F. ) ;
#3875 = CARTESIAN_POINT ( 'NONE',  ( 9.082601838876325218, -40.87187053907685907, 3.000000000000000000 ) ) ;
#3876 = ORIENTED_EDGE ( 'NONE', *, *, #5657, .T. ) ;
#3877 = AXIS2_PLACEMENT_3D ( 'NONE', #1669, #3173, #1697 ) ;
#3878 = DIRECTION ( 'NONE',  ( 0.000000000000000000, 0.000000000000000000, 1.000000000000000000 ) ) ;
#3879 = EDGE_LOOP ( 'NONE', ( #3367, #5303 ) ) ;
#3880 = DIRECTION ( 'NONE',  ( -1.000000000000000000, 0.000000000000000000, 0.000000000000000000 ) ) ;
#3881 = VECTOR ( 'NONE', #1818, 1000.000000000000000 ) ;
#3882 = VECTOR ( 'NONE', #4021, 1000.000000000000000 ) ;
#3883 = CARTESIAN_POINT ( 'NONE',  ( 0.3883374136549826994, 40.87187053907685197, 3.000000000000000000 ) ) ;
#3884 = ORIENTED_EDGE ( 'NONE', *, *, #3954, .F. ) ;
#3885 = LINE ( 'NONE', #133, #5721 ) ;
#3886 = ORIENTED_EDGE ( 'NONE', *, *, #4185, .F. ) ;
#3887 = CARTESIAN_POINT ( 'NONE',  ( -38.58860451648724421, 12.63458943475418295, 0.000000000000000000 ) ) ;
#3888 = AXIS2_PLACEMENT_3D ( 'NONE', #2843, #565, #5767 ) ;
#3889 = ORIENTED_EDGE ( 'NONE', *, *, #2463, .F. ) ;
#3890 = DIRECTION ( 'NONE',  ( 0.000000000000000000, 0.000000000000000000, 1.000000000000000000 ) ) ;
#3891 = ORIENTED_EDGE ( 'NONE', *, *, #3019, .T. ) ;
#3892 = CARTESIAN_POINT ( 'NONE',  ( 29.71546981942840659, 1.665804133324426450, 3.000000000000000000 ) ) ;
#3893 = CARTESIAN_POINT ( 'NONE',  ( 10.28241655960402134, 21.03444185374883801, 0.000000000000000000 ) ) ;
#3894 = VERTEX_POINT ( 'NONE', #143 ) ;
#3895 = CYLINDRICAL_SURFACE ( 'NONE', #667, 4.005000000000005222 ) ;
#3896 = DIRECTION ( 'NONE',  ( -0.000000000000000000, -0.000000000000000000, -1.000000000000000000 ) ) ;
#3897 = DIRECTION ( 'NONE',  ( -1.000000000000000000, 0.000000000000000000, 0.000000000000000000 ) ) ;
#3898 = VERTEX_POINT ( 'NONE', #5394 ) ;
#3899 = VECTOR ( 'NONE', #1375, 1000.000000000000227 ) ;
#3900 = VERTEX_POINT ( 'NONE', #3952 ) ;
#3901 = CARTESIAN_POINT ( 'NONE',  ( -7.000000000000000000, 0.000000000000000000, 3.000000000000000000 ) ) ;
#3902 = DIRECTION ( 'NONE',  ( 0.000000000000000000, 0.000000000000000000, -1.000000000000000000 ) ) ;
#3903 = EDGE_CURVE ( 'NONE', #3400, #4916, #4891, .T. ) ;
#3904 = FACE_OUTER_BOUND ( 'NONE', #297, .T. ) ;
#3905 = DIRECTION ( 'NONE',  ( -0.000000000000000000, -0.000000000000000000, 1.000000000000000000 ) ) ;
#3906 = ORIENTED_EDGE ( 'NONE', *, *, #721, .T. ) ;
#3907 = LINE ( 'NONE', #1944, #1376 ) ;
#3908 = CARTESIAN_POINT ( 'NONE',  ( 8.320845587068864901, 41.76926655707708136, 3.000000000000000000 ) ) ;
#3909 = EDGE_CURVE ( 'NONE', #2129, #2623, #4625, .T. ) ;
#3910 = AXIS2_PLACEMENT_3D ( 'NONE', #3395, #5637, #4672 ) ;
#3911 = EDGE_CURVE ( 'NONE', #5571, #5720, #5021, .T. ) ;
#3912 = CARTESIAN_POINT ( 'NONE',  ( -28.04602552163483153, 31.43196547385318596, 3.000000000000000000 ) ) ;
#3913 = CARTESIAN_POINT ( 'NONE',  ( 16.49973394995460652, 37.06703595085621572, 3.000000000000000000 ) ) ;
#3914 = DIRECTION ( 'NONE',  ( 0.000000000000000000, 0.000000000000000000, 1.000000000000000000 ) ) ;
#3915 = ORIENTED_EDGE ( 'NONE', *, *, #3833, .T. ) ;
#3916 = CARTESIAN_POINT ( 'NONE',  ( 0.000000000000000000, 0.000000000000000000, 3.000000000000000000 ) ) ;
#3917 = EDGE_CURVE ( 'NONE', #3172, #4610, #2338, .T. ) ;
#3918 = ADVANCED_FACE ( 'NONE', ( #2563 ), #4456, .F. ) ;
#3919 = ORIENTED_EDGE ( 'NONE', *, *, #5353, .F. ) ;
#3920 = CARTESIAN_POINT ( 'NONE',  ( 41.81598255950387255, -8.082802891526450040, 0.000000000000000000 ) ) ;
#3921 = ORIENTED_EDGE ( 'NONE', *, *, #1773, .F. ) ;
#3922 = DIRECTION ( 'NONE',  ( 0.6294706930507643072, -0.7770242252273673600, -0.000000000000000000 ) ) ;
#3923 = DIRECTION ( 'NONE',  ( 1.000000000000000000, 0.000000000000000000, 0.000000000000000000 ) ) ;
#3924 = EDGE_LOOP ( 'NONE', ( #4220, #5040, #3129, #2174 ) ) ;
#3925 = FACE_OUTER_BOUND ( 'NONE', #4906, .T. ) ;
#3926 = LINE ( 'NONE', #5898, #766 ) ;
#3927 = CARTESIAN_POINT ( 'NONE',  ( 9.526279441628830114, -5.499999999999992006, -5.450000000000000178 ) ) ;
#3928 = ORIENTED_EDGE ( 'NONE', *, *, #692, .F. ) ;
#3929 = ORIENTED_EDGE ( 'NONE', *, *, #3531, .T. ) ;
#3930 = EDGE_LOOP ( 'NONE', ( #2967, #697, #3560, #201 ) ) ;
#3931 = CIRCLE ( 'NONE', #1248, 42.59000000000001052 ) ;
#3932 = DIRECTION ( 'NONE',  ( 0.9744671053377608194, 0.2245303111266835350, -0.000000000000000000 ) ) ;
#3933 = CARTESIAN_POINT ( 'NONE',  ( -7.733749285332010004, -28.73974898971143688, 3.000000000000000000 ) ) ;
#3934 = CARTESIAN_POINT ( 'NONE',  ( -5.499999999999943157, 9.526279441628854983, -7.000000000000000000 ) ) ;
#3935 = PLANE ( 'NONE',  #2089 ) ;
#3936 = ORIENTED_EDGE ( 'NONE', *, *, #1103, .F. ) ;
#3937 = EDGE_LOOP ( 'NONE', ( #4521, #4132, #4290, #1175 ) ) ;
#3938 = CARTESIAN_POINT ( 'NONE',  ( 0.3883374136549826994, 40.87187053907685197, 0.000000000000000000 ) ) ;
#3939 = AXIS2_PLACEMENT_3D ( 'NONE', #472, #6185, #4400 ) ;
#3940 = CIRCLE ( 'NONE', #157, 4.005000000000001670 ) ;
#3941 = CIRCLE ( 'NONE', #1757, 17.50000000000000355 ) ;
#3942 = CARTESIAN_POINT ( 'NONE',  ( -34.59935313971945448, 20.46393609589984308, 0.000000000000000000 ) ) ;
#3943 = VECTOR ( 'NONE', #3455, 1000.000000000000000 ) ;
#3944 = DIRECTION ( 'NONE',  ( -0.5198528545566009074, 0.8542558221103051519, -0.000000000000000000 ) ) ;
#3945 = CARTESIAN_POINT ( 'NONE',  ( -20.27059429361530718, -37.45678986490501927, 0.000000000000000000 ) ) ;
#3946 = ORIENTED_EDGE ( 'NONE', *, *, #2591, .T. ) ;
#3947 = EDGE_CURVE ( 'NONE', #663, #626, #648, .T. ) ;
#3948 = CARTESIAN_POINT ( 'NONE',  ( -41.84453985814432997, 7.933636244507994206, 0.000000000000000000 ) ) ;
#3949 = ORIENTED_EDGE ( 'NONE', *, *, #5630, .F. ) ;
#3950 = CARTESIAN_POINT ( 'NONE',  ( -6.735557395310441826E-15, 11.00000000000000000, -7.000000000000000000 ) ) ;
#3951 = VERTEX_POINT ( 'NONE', #1526 ) ;
#3952 = CARTESIAN_POINT ( 'NONE',  ( -2.600000000000006750, 11.00000000000000000, -5.450000000000000178 ) ) ;
#3953 = EDGE_CURVE ( 'NONE', #325, #3172, #687, .T. ) ;
#3954 = EDGE_CURVE ( 'NONE', #5879, #4929, #2647, .T. ) ;
#3955 = FACE_OUTER_BOUND ( 'NONE', #2204, .T. ) ;
#3956 = VERTEX_POINT ( 'NONE', #2968 ) ;
#3957 = AXIS2_PLACEMENT_3D ( 'NONE', #14, #1006, #1933 ) ;
#3958 = DIRECTION ( 'NONE',  ( 0.9985716658061524198, 0.05342872120054900642, -0.000000000000000000 ) ) ;
#3959 = DIRECTION ( 'NONE',  ( 0.9648138802460274333, -0.2629337872632654949, -0.000000000000000000 ) ) ;
#3960 = DIRECTION ( 'NONE',  ( 0.6221024498595353336, -0.7829358478692646228, 0.000000000000000000 ) ) ;
#3961 = VERTEX_POINT ( 'NONE', #4857 ) ;
#3962 = ORIENTED_EDGE ( 'NONE', *, *, #1358, .T. ) ;
#3963 = EDGE_CURVE ( 'NONE', #2107, #1433, #586, .T. ) ;
#3964 = LINE ( 'NONE', #3501, #5172 ) ;
#3965 = CARTESIAN_POINT ( 'NONE',  ( 10.99999999999999289, 5.591782424845139381E-15, -7.000000000000000000 ) ) ;
#3966 = DIRECTION ( 'NONE',  ( -1.000000000000000000, 0.000000000000000000, 0.000000000000000000 ) ) ;
#3967 = EDGE_LOOP ( 'NONE', ( #5162, #4571, #4859, #1417 ) ) ;
#3968 = ORIENTED_EDGE ( 'NONE', *, *, #6163, .F. ) ;
#3969 = LINE ( 'NONE', #1117, #2655 ) ;
#3970 = CARTESIAN_POINT ( 'NONE',  ( -31.34464484366561976, -20.63642933302962490, 3.000000000000000000 ) ) ;
#3971 = VERTEX_POINT ( 'NONE', #5826 ) ;
#3972 = CARTESIAN_POINT ( 'NONE',  ( -27.83620412999733063, -31.29407560814120970, 0.000000000000000000 ) ) ;
#3973 = DIRECTION ( 'NONE',  ( -0.000000000000000000, -0.000000000000000000, 1.000000000000000000 ) ) ;
#3974 = ORIENTED_EDGE ( 'NONE', *, *, #4682, .F. ) ;
#3975 = CYLINDRICAL_SURFACE ( 'NONE', #5751, 4.005000000000005222 ) ;
#3976 = VECTOR ( 'NONE', #1843, 1000.000000000000000 ) ;
#3977 = EDGE_CURVE ( 'NONE', #285, #3956, #293, .T. ) ;
#3978 = EDGE_LOOP ( 'NONE', ( #2097, #1404, #3919, #473 ) ) ;
#3979 = FACE_BOUND ( 'NONE', #1445, .T. ) ;
#3980 = VERTEX_POINT ( 'NONE', #5035 ) ;
#3981 = CARTESIAN_POINT ( 'NONE',  ( 29.06372042894345853, 31.13210970731369542, 0.000000000000000000 ) ) ;
#3982 = CARTESIAN_POINT ( 'NONE',  ( 4.597221758081748710, 41.66633502243079334, 0.000000000000000000 ) ) ;
#3983 = CIRCLE ( 'NONE', #6081, 4.005000000000005222 ) ;
#3984 = ORIENTED_EDGE ( 'NONE', *, *, #1146, .T. ) ;
#3985 = CYLINDRICAL_SURFACE ( 'NONE', #1709, 42.59000000000001052 ) ;
#3986 = ADVANCED_FACE ( 'NONE', ( #5474 ), #1702, .F. ) ;
#3987 = EDGE_CURVE ( 'NONE', #4620, #3290, #5503, .T. ) ;
#3988 = CIRCLE ( 'NONE', #5978, 4.005000000000006111 ) ;
#3989 = AXIS2_PLACEMENT_3D ( 'NONE', #2308, #3154, #2722 ) ;
#3990 = EDGE_CURVE ( 'NONE', #2960, #1253, #2239, .T. ) ;
#3991 = ORIENTED_EDGE ( 'NONE', *, *, #5247, .F. ) ;
#3992 = FACE_OUTER_BOUND ( 'NONE', #872, .T. ) ;
#3993 = LINE ( 'NONE', #3069, #3787 ) ;
#3994 = ORIENTED_EDGE ( 'NONE', *, *, #2669, .F. ) ;
#3995 = VERTEX_POINT ( 'NONE', #2680 ) ;
#3996 = EDGE_CURVE ( 'NONE', #1143, #618, #6046, .T. ) ;
#3997 = EDGE_CURVE ( 'NONE', #2397, #3980, #1046, .T. ) ;
#3998 = ADVANCED_FACE ( 'NONE', ( #324 ), #3212, .F. ) ;
#3999 = CARTESIAN_POINT ( 'NONE',  ( 39.80845132062497527, -8.678897630670904917, 0.000000000000000000 ) ) ;
#4000 = LINE ( 'NONE', #4903, #1850 ) ;
#4001 = DIRECTION ( 'NONE',  ( -0.000000000000000000, -0.000000000000000000, -1.000000000000000000 ) ) ;
#4002 = ORIENTED_EDGE ( 'NONE', *, *, #299, .F. ) ;
#4003 = FILL_AREA_STYLE_COLOUR ( '', #6048 ) ;
#4004 = ORIENTED_EDGE ( 'NONE', *, *, #2282, .T. ) ;
#4005 = DIRECTION ( 'NONE',  ( -0.8542558221103052629, -0.5198528545566010184, 0.000000000000000000 ) ) ;
#4006 = FACE_OUTER_BOUND ( 'NONE', #5504, .T. ) ;
#4007 = EDGE_LOOP ( 'NONE', ( #4534, #1589, #214, #6158 ) ) ;
#4008 = DIRECTION ( 'NONE',  ( 1.000000000000000000, 0.000000000000000000, 0.000000000000000000 ) ) ;
#4009 = ORIENTED_EDGE ( 'NONE', *, *, #5463, .F. ) ;
#4010 = CARTESIAN_POINT ( 'NONE',  ( -38.58860451648724421, 12.63458943475418295, 0.000000000000000000 ) ) ;
#4011 = DIRECTION ( 'NONE',  ( 1.000000000000000000, -1.237055261380907498E-14, 0.000000000000000000 ) ) ;
#4012 = ORIENTED_EDGE ( 'NONE', *, *, #3963, .T. ) ;
#4013 = ORIENTED_EDGE ( 'NONE', *, *, #1828, .T. ) ;
#4014 = DIRECTION ( 'NONE',  ( 0.000000000000000000, 0.000000000000000000, -1.000000000000000000 ) ) ;
#4015 = CARTESIAN_POINT ( 'NONE',  ( -12.24625202109920075, -38.89978764190311722, 3.000000000000000000 ) ) ;
#4016 = CARTESIAN_POINT ( 'NONE',  ( 0.3883374136549826994, 40.87187053907685197, 3.000000000000000000 ) ) ;
#4017 = CARTESIAN_POINT ( 'NONE',  ( -41.88590963261005840, -4.492228848172470812, 0.000000000000000000 ) ) ;
#4018 = PRODUCT_RELATED_PRODUCT_CATEGORY ( 'part', '', ( #1496 ) ) ;
#4019 = VERTEX_POINT ( 'NONE', #5097 ) ;
#4020 = EDGE_LOOP ( 'NONE', ( #5625, #3143, #1977, #2585 ) ) ;
#4021 = DIRECTION ( 'NONE',  ( 0.000000000000000000, 0.000000000000000000, 1.000000000000000000 ) ) ;
#4022 = DIRECTION ( 'NONE',  ( 0.000000000000000000, 0.000000000000000000, 1.000000000000000000 ) ) ;
#4023 = EDGE_CURVE ( 'NONE', #1621, #2880, #4318, .T. ) ;
#4024 = EDGE_LOOP ( 'NONE', ( #1993, #909, #2939, #1460 ) ) ;
#4025 = ADVANCED_FACE ( 'NONE', ( #1644 ), #739, .T. ) ;
#4026 = VECTOR ( 'NONE', #4131, 1000.000000000000227 ) ;
#4027 = DIRECTION ( 'NONE',  ( -0.000000000000000000, -0.000000000000000000, 1.000000000000000000 ) ) ;
#4028 = ORIENTED_EDGE ( 'NONE', *, *, #836, .F. ) ;
#4029 = DIRECTION ( 'NONE',  ( 0.000000000000000000, -0.000000000000000000, 1.000000000000000000 ) ) ;
#4030 = ORIENTED_EDGE ( 'NONE', *, *, #391, .F. ) ;
#4031 = CARTESIAN_POINT ( 'NONE',  ( 41.81598255950387255, -8.082802891526450040, 3.000000000000000000 ) ) ;
#4032 = EDGE_CURVE ( 'NONE', #3027, #3044, #6003, .T. ) ;
#4033 = AXIS2_PLACEMENT_3D ( 'NONE', #194, #4878, #3046 ) ;
#4034 = EDGE_LOOP ( 'NONE', ( #3337, #2423, #2137, #2619 ) ) ;
#4035 = CIRCLE ( 'NONE', #1254, 8.694264425220762149 ) ;
#4036 = CARTESIAN_POINT ( 'NONE',  ( 41.00932234579961744, 8.784480569375514136, 0.000000000000000000 ) ) ;
#4037 = VECTOR ( 'NONE', #5221, 1000.000000000000000 ) ;
#4038 = AXIS2_PLACEMENT_3D ( 'NONE', #1835, #4201, #2867 ) ;
#4039 = VERTEX_POINT ( 'NONE', #4513 ) ;
#4040 = DIRECTION ( 'NONE',  ( -0.000000000000000000, -0.000000000000000000, -1.000000000000000000 ) ) ;
#4041 = AXIS2_PLACEMENT_3D ( 'NONE', #5087, #3779, #5113 ) ;
#4042 = DIRECTION ( 'NONE',  ( -0.000000000000000000, -0.000000000000000000, 1.000000000000000000 ) ) ;
#4043 = ORIENTED_EDGE ( 'NONE', *, *, #5552, .F. ) ;
#4044 = ORIENTED_EDGE ( 'NONE', *, *, #4452, .F. ) ;
#4045 = FACE_OUTER_BOUND ( 'NONE', #1723, .T. ) ;
#4046 = LINE ( 'NONE', #3575, #926 ) ;
#4047 = AXIS2_PLACEMENT_3D ( 'NONE', #376, #6183, #2912 ) ;
#4048 = AXIS2_PLACEMENT_3D ( 'NONE', #4622, #2698, #4118 ) ;
#4049 = CARTESIAN_POINT ( 'NONE',  ( -19.72746942367396272, -8.034441853748742091, 10.00000000000000000 ) ) ;
#4050 = CYLINDRICAL_SURFACE ( 'NONE', #1003, 5.000000000000000888 ) ;
#4051 = ORIENTED_EDGE ( 'NONE', *, *, #1125, .F. ) ;
#4052 = LINE ( 'NONE', #3018, #2170 ) ;
#4053 = VERTEX_POINT ( 'NONE', #206 ) ;
#4054 = CYLINDRICAL_SURFACE ( 'NONE', #1107, 42.59000000000001052 ) ;
#4055 = AXIS2_PLACEMENT_3D ( 'NONE', #3582, #4404, #24 ) ;
#4056 = DIRECTION ( 'NONE',  ( 0.5528493477548883650, 0.8332812242496494548, -0.000000000000000000 ) ) ;
#4057 = ORIENTED_EDGE ( 'NONE', *, *, #4321, .T. ) ;
#4058 = LINE ( 'NONE', #2130, #50 ) ;
#4059 = EDGE_CURVE ( 'NONE', #2397, #2081, #3117, .T. ) ;
#4060 = EDGE_CURVE ( 'NONE', #2114, #5088, #3045, .T. ) ;
#4061 = CARTESIAN_POINT ( 'NONE',  ( -28.77612118826223764, -24.03241722527476298, 0.000000000000000000 ) ) ;
#4062 = ORIENTED_EDGE ( 'NONE', *, *, #680, .T. ) ;
#4063 = DIRECTION ( 'NONE',  ( 0.000000000000000000, 0.000000000000000000, 1.000000000000000000 ) ) ;
#4064 = VERTEX_POINT ( 'NONE', #4067 ) ;
#4065 = DIRECTION ( 'NONE',  ( -0.000000000000000000, -0.000000000000000000, -1.000000000000000000 ) ) ;
#4066 = CARTESIAN_POINT ( 'NONE',  ( 36.58374904398474570, -3.532912161448328980, 3.000000000000000000 ) ) ;
#4067 = CARTESIAN_POINT ( 'NONE',  ( 20.76059948172632375, -34.89601652554492972, 3.000000000000000000 ) ) ;
#4068 = ORIENTED_EDGE ( 'NONE', *, *, #4363, .T. ) ;
#4069 = ORIENTED_EDGE ( 'NONE', *, *, #1666, .F. ) ;
#4070 = DIRECTION ( 'NONE',  ( -0.000000000000000000, -0.000000000000000000, -1.000000000000000000 ) ) ;
#4071 = DIRECTION ( 'NONE',  ( -0.000000000000000000, -0.000000000000000000, 1.000000000000000000 ) ) ;
#4072 = AXIS2_PLACEMENT_3D ( 'NONE', #4593, #1268, #763 ) ;
#4073 = EDGE_CURVE ( 'NONE', #5258, #5886, #5623, .T. ) ;
#4074 = ORIENTED_EDGE ( 'NONE', *, *, #2200, .F. ) ;
#4075 = CARTESIAN_POINT ( 'NONE',  ( -31.01462764118191373, 28.15835394795181301, 3.000000000000000000 ) ) ;
#4076 = VECTOR ( 'NONE', #404, 1000.000000000000000 ) ;
#4077 = VECTOR ( 'NONE', #5038, 1000.000000000000000 ) ;
#4078 = CARTESIAN_POINT ( 'NONE',  ( -6.926279441628833133, 5.499999999999986677, -7.000000000000000000 ) ) ;
#4079 = ORIENTED_EDGE ( 'NONE', *, *, #3556, .F. ) ;
#4080 = CYLINDRICAL_SURFACE ( 'NONE', #1007, 42.59000000000001052 ) ;
#4081 = ORIENTED_EDGE ( 'NONE', *, *, #2314, .T. ) ;
#4082 = VECTOR ( 'NONE', #2909, 1000.000000000000000 ) ;
#4083 = VECTOR ( 'NONE', #2429, 1000.000000000000000 ) ;
#4084 = CARTESIAN_POINT ( 'NONE',  ( 0.000000000000000000, 0.000000000000000000, 3.000000000000000000 ) ) ;
#4085 = DIRECTION ( 'NONE',  ( 1.000000000000000000, 0.000000000000000000, 0.000000000000000000 ) ) ;
#4086 = VERTEX_POINT ( 'NONE', #803 ) ;
#4087 = CARTESIAN_POINT ( 'NONE',  ( 27.16104326975240824, 30.24582191543627729, 3.000000000000000000 ) ) ;
#4088 = VERTEX_POINT ( 'NONE', #5538 ) ;
#4089 = DIRECTION ( 'NONE',  ( 0.9364371775568698375, 0.3508353067884179000, -0.000000000000000000 ) ) ;
#4090 = ORIENTED_EDGE ( 'NONE', *, *, #4496, .T. ) ;
#4091 = CARTESIAN_POINT ( 'NONE',  ( 0.000000000000000000, 0.000000000000000000, 0.000000000000000000 ) ) ;
#4092 = ORIENTED_EDGE ( 'NONE', *, *, #5161, .T. ) ;
#4093 = EDGE_CURVE ( 'NONE', #1688, #5369, #340, .T. ) ;
#4094 = CARTESIAN_POINT ( 'NONE',  ( -34.59935313971915605, -20.46393609590036178, 3.000000000000000000 ) ) ;
#4095 = CARTESIAN_POINT ( 'NONE',  ( 28.78256221127057302, -7.572856961168087153, 3.000000000000000000 ) ) ;
#4096 = CARTESIAN_POINT ( 'NONE',  ( -38.58860451648708079, -12.63458943475473362, 0.000000000000000000 ) ) ;
#4097 = ORIENTED_EDGE ( 'NONE', *, *, #4715, .T. ) ;
#4098 = ORIENTED_EDGE ( 'NONE', *, *, #3310, .T. ) ;
#4099 = EDGE_CURVE ( 'NONE', #2866, #2456, #746, .T. ) ;
#4100 = DIRECTION ( 'NONE',  ( 0.000000000000000000, 0.000000000000000000, 1.000000000000000000 ) ) ;
#4101 = EDGE_CURVE ( 'NONE', #5157, #419, #239, .T. ) ;
#4102 = CARTESIAN_POINT ( 'NONE',  ( -10.28241655960418122, -21.03444185374871367, 10.00000000000000000 ) ) ;
#4103 = ADVANCED_FACE ( 'NONE', ( #1187 ), #2173, .F. ) ;
#4104 = CIRCLE ( 'NONE', #4999, 4.005000000000004334 ) ;
#4105 = ORIENTED_EDGE ( 'NONE', *, *, #3233, .F. ) ;
#4106 = ORIENTED_EDGE ( 'NONE', *, *, #681, .F. ) ;
#4107 = FACE_OUTER_BOUND ( 'NONE', #5958, .T. ) ;
#4108 = CARTESIAN_POINT ( 'NONE',  ( -23.65305350419423291, 33.11992249958210266, 3.000000000000000000 ) ) ;
#4109 = AXIS2_PLACEMENT_3D ( 'NONE', #3053, #3026, #2518 ) ;
#4110 = CARTESIAN_POINT ( 'NONE',  ( -27.83620412999734128, -31.29407560814120970, 3.000000000000000000 ) ) ;
#4111 = VERTEX_POINT ( 'NONE', #2800 ) ;
#4112 = PLANE ( 'NONE',  #3330 ) ;
#4113 = EDGE_LOOP ( 'NONE', ( #2650, #4467, #6032, #764 ) ) ;
#4114 = DIRECTION ( 'NONE',  ( 1.000000000000000000, 3.591450758847795554E-15, 0.000000000000000000 ) ) ;
#4115 = LINE ( 'NONE', #5556, #4482 ) ;
#4116 = ORIENTED_EDGE ( 'NONE', *, *, #6124, .T. ) ;
#4117 = VECTOR ( 'NONE', #4356, 1000.000000000000000 ) ;
#4118 = DIRECTION ( 'NONE',  ( 1.000000000000000000, 0.000000000000000000, 0.000000000000000000 ) ) ;
#4119 = DIRECTION ( 'NONE',  ( 0.000000000000000000, 0.000000000000000000, 1.000000000000000000 ) ) ;
#4120 = ORIENTED_EDGE ( 'NONE', *, *, #1879, .T. ) ;
#4121 = VECTOR ( 'NONE', #6161, 1000.000000000000000 ) ;
#4122 = CARTESIAN_POINT ( 'NONE',  ( 9.082501176170758583, -40.91370791742377122, 0.000000000000000000 ) ) ;
#4123 = ORIENTED_EDGE ( 'NONE', *, *, #5181, .F. ) ;
#4124 = VERTEX_POINT ( 'NONE', #1830 ) ;
#4125 = CARTESIAN_POINT ( 'NONE',  ( 0.000000000000000000, 0.000000000000000000, 3.001000000000000334 ) ) ;
#4126 = VECTOR ( 'NONE', #2477, 1000.000000000000114 ) ;
#4127 = LINE ( 'NONE', #6042, #4786 ) ;
#4128 = CARTESIAN_POINT ( 'NONE',  ( -7.000000000000000000, 0.000000000000000000, 3.001000000000000334 ) ) ;
#4129 = AXIS2_PLACEMENT_3D ( 'NONE', #1542, #3852, #3880 ) ;
#4130 = ORIENTED_EDGE ( 'NONE', *, *, #4796, .T. ) ;
#4131 = DIRECTION ( 'NONE',  ( -0.09612335676128865025, -0.9953694290488038776, 0.000000000000000000 ) ) ;
#4132 = ORIENTED_EDGE ( 'NONE', *, *, #3165, .T. ) ;
#4133 = VECTOR ( 'NONE', #4704, 1000.000000000000000 ) ;
#4134 = CIRCLE ( 'NONE', #2253, 42.59000000000001052 ) ;
#4135 = ORIENTED_EDGE ( 'NONE', *, *, #2046, .F. ) ;
#4136 = LINE ( 'NONE', #6050, #4888 ) ;
#4137 = CARTESIAN_POINT ( 'NONE',  ( -29.04320082603998188, 31.15125335806428453, 0.000000000000000000 ) ) ;
#4138 = AXIS2_PLACEMENT_3D ( 'NONE', #2457, #1992, #1097 ) ;
#4139 = CIRCLE ( 'NONE', #2148, 8.694264425220762149 ) ;
#4140 = EDGE_CURVE ( 'NONE', #3784, #1710, #2334, .T. ) ;
#4141 = ORIENTED_EDGE ( 'NONE', *, *, #4713, .F. ) ;
#4142 = CARTESIAN_POINT ( 'NONE',  ( 33.37444795991373780, 24.03241722527500457, 0.000000000000000000 ) ) ;
#4143 = ADVANCED_FACE ( 'NONE', ( #6133 ), #2772, .T. ) ;
#4144 = AXIS2_PLACEMENT_3D ( 'NONE', #4544, #5066, #6010 ) ;
#4145 = CARTESIAN_POINT ( 'NONE',  ( -15.28241655960433754, 21.03444185374861419, 10.00000000000000000 ) ) ;
#4146 = CARTESIAN_POINT ( 'NONE',  ( -38.21857202264962439, 17.13203161488413073, 0.000000000000000000 ) ) ;
#4147 = VERTEX_POINT ( 'NONE', #5124 ) ;
#4148 = CIRCLE ( 'NONE', #2666, 4.005000000000001670 ) ;
#4149 = DIRECTION ( 'NONE',  ( -0.000000000000000000, 0.000000000000000000, -1.000000000000000000 ) ) ;
#4150 = VERTEX_POINT ( 'NONE', #2326 ) ;
#4151 = DIRECTION ( 'NONE',  ( -1.000000000000000000, 0.000000000000000000, 0.000000000000000000 ) ) ;
#4152 = DIRECTION ( 'NONE',  ( 0.9307905240376860290, -0.3655530062270719305, -0.000000000000000000 ) ) ;
#4153 = ORIENTED_EDGE ( 'NONE', *, *, #4761, .F. ) ;
#4154 = DIRECTION ( 'NONE',  ( -0.000000000000000000, -0.000000000000000000, -1.000000000000000000 ) ) ;
#4155 = CARTESIAN_POINT ( 'NONE',  ( 0.000000000000000000, 0.000000000000000000, 3.000000000000000000 ) ) ;
#4156 = ORIENTED_EDGE ( 'NONE', *, *, #5247, .T. ) ;
#4157 = VECTOR ( 'NONE', #1458, 1000.000000000000000 ) ;
#4158 = CARTESIAN_POINT ( 'NONE',  ( 29.06372042894345853, 31.13210970731368832, 3.000000000000000000 ) ) ;
#4159 = ORIENTED_EDGE ( 'NONE', *, *, #561, .T. ) ;
#4160 = PLANE ( 'NONE',  #2439 ) ;
#4161 = DIRECTION ( 'NONE',  ( 1.000000000000000000, 0.000000000000000000, 0.000000000000000000 ) ) ;
#4162 = DIRECTION ( 'NONE',  ( 0.000000000000000000, 0.000000000000000000, 1.000000000000000000 ) ) ;
#4163 = CYLINDRICAL_SURFACE ( 'NONE', #3829, 8.694264425220769255 ) ;
#4164 = VERTEX_POINT ( 'NONE', #1333 ) ;
#4165 = LINE ( 'NONE', #3214, #1115 ) ;
#4166 = CYLINDRICAL_SURFACE ( 'NONE', #4144, 42.59000000000001052 ) ;
#4167 = ORIENTED_EDGE ( 'NONE', *, *, #211, .T. ) ;
#4168 = CARTESIAN_POINT ( 'NONE',  ( 7.806255641895631925E-15, -11.00000000000000000, 3.000000000000000000 ) ) ;
#4169 = DIRECTION ( 'NONE',  ( -0.000000000000000000, -0.000000000000000000, -1.000000000000000000 ) ) ;
#4170 = DIRECTION ( 'NONE',  ( 0.3090169943749581649, -0.9510565162951499785, 0.000000000000000000 ) ) ;
#4171 = AXIS2_PLACEMENT_3D ( 'NONE', #5816, #168, #5670 ) ;
#4172 = FACE_OUTER_BOUND ( 'NONE', #769, .T. ) ;
#4173 = AXIS2_PLACEMENT_3D ( 'NONE', #3751, #2264, #5184 ) ;
#4174 = ORIENTED_EDGE ( 'NONE', *, *, #988, .T. ) ;
#4175 = ORIENTED_EDGE ( 'NONE', *, *, #1291, .T. ) ;
#4176 = DIRECTION ( 'NONE',  ( -0.000000000000000000, -0.000000000000000000, 1.000000000000000000 ) ) ;
#4177 = EDGE_LOOP ( 'NONE', ( #1514, #173, #3382, #2756 ) ) ;
#4178 = EDGE_CURVE ( 'NONE', #4380, #655, #2541, .T. ) ;
#4179 = ADVANCED_FACE ( 'NONE', ( #4669 ), #4163, .T. ) ;
#4180 = PLANE ( 'NONE',  #3003 ) ;
#4181 = DIRECTION ( 'NONE',  ( 0.000000000000000000, -0.000000000000000000, -1.000000000000000000 ) ) ;
#4182 = VERTEX_POINT ( 'NONE', #1918 ) ;
#4183 = EDGE_CURVE ( 'NONE', #1793, #4721, #3727, .T. ) ;
#4184 = VECTOR ( 'NONE', #88, 1000.000000000000000 ) ;
#4185 = EDGE_CURVE ( 'NONE', #1895, #1656, #1152, .T. ) ;
#4186 = DIRECTION ( 'NONE',  ( -1.000000000000000000, 0.000000000000000000, 0.000000000000000000 ) ) ;
#4187 = CIRCLE ( 'NONE', #3201, 8.694264425220771031 ) ;
#4188 = FACE_OUTER_BOUND ( 'NONE', #2706, .T. ) ;
#4189 = ORIENTED_EDGE ( 'NONE', *, *, #3095, .F. ) ;
#4190 = DIRECTION ( 'NONE',  ( 0.000000000000000000, 0.000000000000000000, 1.000000000000000000 ) ) ;
#4191 = ORIENTED_EDGE ( 'NONE', *, *, #4910, .F. ) ;
#4192 = DIRECTION ( 'NONE',  ( 0.000000000000000000, 0.000000000000000000, 1.000000000000000000 ) ) ;
#4193 = CARTESIAN_POINT ( 'NONE',  ( 40.55653363200658390, 3.955691804083540042, 0.000000000000000000 ) ) ;
#4194 = FACE_OUTER_BOUND ( 'NONE', #2142, .T. ) ;
#4195 = CARTESIAN_POINT ( 'NONE',  ( 12.12627944162882088, 5.500000000000009770, -7.000000000000000000 ) ) ;
#4196 = ORIENTED_EDGE ( 'NONE', *, *, #218, .F. ) ;
#4197 = CARTESIAN_POINT ( 'NONE',  ( 4.252355189908948674, 40.25987024618078891, 0.000000000000000000 ) ) ;
#4198 = DIRECTION ( 'NONE',  ( -0.3090169943749515036, 0.9510565162951523099, 0.000000000000000000 ) ) ;
#4199 = EDGE_CURVE ( 'NONE', #6088, #1479, #2038, .T. ) ;
#4200 = ORIENTED_EDGE ( 'NONE', *, *, #4199, .F. ) ;
#4201 = DIRECTION ( 'NONE',  ( -0.000000000000000000, -0.000000000000000000, -1.000000000000000000 ) ) ;
#4202 = FACE_OUTER_BOUND ( 'NONE', #6047, .T. ) ;
#4203 = DIRECTION ( 'NONE',  ( 0.000000000000000000, 0.000000000000000000, 1.000000000000000000 ) ) ;
#4204 = LINE ( 'NONE', #5139, #5979 ) ;
#4205 = ORIENTED_EDGE ( 'NONE', *, *, #3158, .T. ) ;
#4206 = CARTESIAN_POINT ( 'NONE',  ( 39.80845132062484737, 8.678897630671487562, 0.000000000000000000 ) ) ;
#4207 = FACE_OUTER_BOUND ( 'NONE', #380, .T. ) ;
#4208 = CARTESIAN_POINT ( 'NONE',  ( -19.73075383944878780, -33.07778457408817729, 3.000000000000000000 ) ) ;
#4209 = EDGE_LOOP ( 'NONE', ( #1123, #4453, #5169, #2408 ) ) ;
#4210 = DIRECTION ( 'NONE',  ( -0.000000000000000000, -0.000000000000000000, 1.000000000000000000 ) ) ;
#4211 = EDGE_CURVE ( 'NONE', #292, #4584, #1159, .T. ) ;
#4212 = PLANE ( 'NONE',  #2342 ) ;
#4213 = EDGE_CURVE ( 'NONE', #5544, #325, #1803, .T. ) ;
#4214 = VERTEX_POINT ( 'NONE', #482 ) ;
#4215 = LINE ( 'NONE', #4158, #4678 ) ;
#4216 = ORIENTED_EDGE ( 'NONE', *, *, #2126, .F. ) ;
#4217 = DIRECTION ( 'NONE',  ( 0.000000000000000000, 0.000000000000000000, 1.000000000000000000 ) ) ;
#4218 = DIRECTION ( 'NONE',  ( -0.000000000000000000, 0.000000000000000000, 1.000000000000000000 ) ) ;
#4219 = CARTESIAN_POINT ( 'NONE',  ( 0.000000000000000000, 0.000000000000000000, 3.000000000000000000 ) ) ;
#4220 = ORIENTED_EDGE ( 'NONE', *, *, #3123, .F. ) ;
#4221 = AXIS2_PLACEMENT_3D ( 'NONE', #3030, #5760, #4921 ) ;
#4222 = CARTESIAN_POINT ( 'NONE',  ( 24.72746942367407641, -8.034441853748395701, 3.000000000000000000 ) ) ;
#4223 = EDGE_LOOP ( 'NONE', ( #3889, #4028, #2224, #5939 ) ) ;
#4224 = ORIENTED_EDGE ( 'NONE', *, *, #1364, .F. ) ;
#4225 = CARTESIAN_POINT ( 'NONE',  ( -40.94573803496157893, -8.778039249333795979, 0.000000000000000000 ) ) ;
#4226 = VERTEX_POINT ( 'NONE', #832 ) ;
#4227 = AXIS2_PLACEMENT_3D ( 'NONE', #3418, #5287, #2920 ) ;
#4228 = CARTESIAN_POINT ( 'NONE',  ( 41.16853392490268959, 0.09167402782986476539, 0.000000000000000000 ) ) ;
#4229 = CARTESIAN_POINT ( 'NONE',  ( 33.30881660225507090, 24.09804858293381002, 0.000000000000000000 ) ) ;
#4230 = LINE ( 'NONE', #3649, #6181 ) ;
#4231 = ORIENTED_EDGE ( 'NONE', *, *, #4099, .F. ) ;
#4232 = DIRECTION ( 'NONE',  ( 0.000000000000000000, 0.000000000000000000, 1.000000000000000000 ) ) ;
#4233 = VECTOR ( 'NONE', #116, 1000.000000000000000 ) ;
#4234 = VECTOR ( 'NONE', #2648, 1000.000000000000000 ) ;
#4235 = AXIS2_PLACEMENT_3D ( 'NONE', #179, #1161, #2597 ) ;
#4236 = DIRECTION ( 'NONE',  ( 0.000000000000000000, 0.000000000000000000, -1.000000000000000000 ) ) ;
#4237 = CIRCLE ( 'NONE', #2957, 2.599999999999998757 ) ;
#4238 = CARTESIAN_POINT ( 'NONE',  ( -20.16727271007489719, 34.89601652554476630, 0.000000000000000000 ) ) ;
#4239 = ORIENTED_EDGE ( 'NONE', *, *, #2345, .F. ) ;
#4240 = DIRECTION ( 'NONE',  ( -0.000000000000000000, -0.000000000000000000, 1.000000000000000000 ) ) ;
#4241 = CIRCLE ( 'NONE', #6044, 8.694264425220769255 ) ;
#4242 = DIRECTION ( 'NONE',  ( 0.000000000000000000, 0.000000000000000000, 1.000000000000000000 ) ) ;
#4243 = DIRECTION ( 'NONE',  ( -0.000000000000000000, -0.000000000000000000, 1.000000000000000000 ) ) ;
#4244 = CIRCLE ( 'NONE', #5043, 8.694264425220771031 ) ;
#4245 = ORIENTED_EDGE ( 'NONE', *, *, #5164, .F. ) ;
#4246 = VERTEX_POINT ( 'NONE', #1422 ) ;
#4247 = ORIENTED_EDGE ( 'NONE', *, *, #485, .F. ) ;
#4248 = CARTESIAN_POINT ( 'NONE',  ( -8.480653458099299158, -41.25896583337042500, 3.000000000000000000 ) ) ;
#4249 = EDGE_CURVE ( 'NONE', #4226, #815, #3818, .T. ) ;
#4250 = EDGE_CURVE ( 'NONE', #1027, #4147, #3140, .T. ) ;
#4251 = DIRECTION ( 'NONE',  ( 0.000000000000000000, 0.000000000000000000, 1.000000000000000000 ) ) ;
#4252 = DIRECTION ( 'NONE',  ( 1.000000000000000000, 0.000000000000000000, 0.000000000000000000 ) ) ;
#4253 = ORIENTED_EDGE ( 'NONE', *, *, #3833, .F. ) ;
#4254 = EDGE_LOOP ( 'NONE', ( #193, #2226, #1240, #4205 ) ) ;
#4255 = DIRECTION ( 'NONE',  ( -0.000000000000000000, -0.000000000000000000, -1.000000000000000000 ) ) ;
#4256 = DIRECTION ( 'NONE',  ( 0.000000000000000000, 0.000000000000000000, 1.000000000000000000 ) ) ;
#4257 = EDGE_LOOP ( 'NONE', ( #3285, #5054, #1965, #5993 ) ) ;
#4258 = EDGE_CURVE ( 'NONE', #292, #4605, #385, .T. ) ;
#4259 = EDGE_CURVE ( 'NONE', #5274, #237, #439, .T. ) ;
#4260 = ORIENTED_EDGE ( 'NONE', *, *, #3060, .F. ) ;
#4261 = CARTESIAN_POINT ( 'NONE',  ( -15.28241655960418299, -21.03444185374871367, 0.000000000000000000 ) ) ;
#4262 = DIRECTION ( 'NONE',  ( -0.5087179096133378486, 0.8609332659612101146, 0.000000000000000000 ) ) ;
#4263 = CARTESIAN_POINT ( 'NONE',  ( 0.000000000000000000, 0.000000000000000000, 3.000000000000000000 ) ) ;
#4264 = DIRECTION ( 'NONE',  ( 0.000000000000000000, 0.000000000000000000, -1.000000000000000000 ) ) ;
#4265 = ORIENTED_EDGE ( 'NONE', *, *, #2876, .T. ) ;
#4266 = CARTESIAN_POINT ( 'NONE',  ( -5.000000000000000888, 25.99999999999999645, 0.000000000000000000 ) ) ;
#4267 = DIRECTION ( 'NONE',  ( 1.000000000000000000, 7.981001686328431716E-16, 0.000000000000000000 ) ) ;
#4268 = AXIS2_PLACEMENT_3D ( 'NONE', #5852, #4264, #5386 ) ;
#4269 = CYLINDRICAL_SURFACE ( 'NONE', #5888, 5.000000000000000888 ) ;
#4270 = ORIENTED_EDGE ( 'NONE', *, *, #4636, .F. ) ;
#4271 = DIRECTION ( 'NONE',  ( -0.9279672837807629859, 0.3726616699266950272, -0.000000000000000000 ) ) ;
#4272 = CIRCLE ( 'NONE', #4173, 4.005000000000006111 ) ;
#4273 = CARTESIAN_POINT ( 'NONE',  ( -26.56771649810138669, 30.24582191543568044, 0.000000000000000000 ) ) ;
#4274 = VERTEX_POINT ( 'NONE', #3757 ) ;
#4275 = VECTOR ( 'NONE', #4056, 1000.000000000000000 ) ;
#4276 = PLANE ( 'NONE',  #792 ) ;
#4277 = ORIENTED_EDGE ( 'NONE', *, *, #5326, .F. ) ;
#4278 = CIRCLE ( 'NONE', #3783, 2.599999999999998312 ) ;
#4279 = ORIENTED_EDGE ( 'NONE', *, *, #12, .T. ) ;
#4280 = FACE_BOUND ( 'NONE', #3551, .T. ) ;
#4281 = AXIS2_PLACEMENT_3D ( 'NONE', #2453, #2998, #3923 ) ;
#4282 = VECTOR ( 'NONE', #5582, 1000.000000000000114 ) ;
#4283 = CARTESIAN_POINT ( 'NONE',  ( -5.000000000000000888, 25.99999999999999645, 10.00000000000000000 ) ) ;
#4284 = DIRECTION ( 'NONE',  ( -0.000000000000000000, -0.000000000000000000, -1.000000000000000000 ) ) ;
#4285 = EDGE_CURVE ( 'NONE', #3417, #4728, #6104, .T. ) ;
#4286 = ORIENTED_EDGE ( 'NONE', *, *, #914, .F. ) ;
#4287 = CARTESIAN_POINT ( 'NONE',  ( -6.735557395310441826E-15, 11.00000000000000000, -5.450000000000000178 ) ) ;
#4288 = EDGE_CURVE ( 'NONE', #5336, #3545, #3931, .T. ) ;
#4289 = LINE ( 'NONE', #6137, #3561 ) ;
#4290 = ORIENTED_EDGE ( 'NONE', *, *, #4794, .T. ) ;
#4291 = DIRECTION ( 'NONE',  ( -1.000000000000000000, 0.000000000000000000, 0.000000000000000000 ) ) ;
#4292 = DIRECTION ( 'NONE',  ( -0.3090169943749512815, 0.9510565162951521989, 0.000000000000000000 ) ) ;
#4293 = EDGE_CURVE ( 'NONE', #5790, #2723, #5190, .T. ) ;
#4294 = EDGE_CURVE ( 'NONE', #5217, #2985, #2750, .T. ) ;
#4295 = DIRECTION ( 'NONE',  ( 0.000000000000000000, 0.000000000000000000, 1.000000000000000000 ) ) ;
#4296 = VERTEX_POINT ( 'NONE', #5753 ) ;
#4297 = CARTESIAN_POINT ( 'NONE',  ( 9.526279441628821232, 5.500000000000009770, -5.450000000000000178 ) ) ;
#4298 = FACE_OUTER_BOUND ( 'NONE', #4020, .T. ) ;
#4299 = DIRECTION ( 'NONE',  ( -1.000000000000000000, 0.000000000000000000, 0.000000000000000000 ) ) ;
#4300 = EDGE_LOOP ( 'NONE', ( #1584, #4159, #1037, #1770 ) ) ;
#4301 = CARTESIAN_POINT ( 'NONE',  ( -38.21857202264962439, 17.13203161488413073, 3.000000000000000000 ) ) ;
#4302 = DIRECTION ( 'NONE',  ( -0.000000000000000000, -0.000000000000000000, -1.000000000000000000 ) ) ;
#4303 = CYLINDRICAL_SURFACE ( 'NONE', #2757, 8.694264425220772807 ) ;
#4304 = ORIENTED_EDGE ( 'NONE', *, *, #1539, .F. ) ;
#4305 = FACE_OUTER_BOUND ( 'NONE', #105, .T. ) ;
#4306 = VERTEX_POINT ( 'NONE', #4411 ) ;
#4307 = DIRECTION ( 'NONE',  ( 1.000000000000000000, 0.000000000000000000, 0.000000000000000000 ) ) ;
#4308 = CARTESIAN_POINT ( 'NONE',  ( 27.16104326975240824, 30.24582191543627729, 0.000000000000000000 ) ) ;
#4309 = CARTESIAN_POINT ( 'NONE',  ( 0.000000000000000000, 0.000000000000000000, 3.000000000000000000 ) ) ;
#4310 = DIRECTION ( 'NONE',  ( 0.000000000000000000, 0.000000000000000000, -1.000000000000000000 ) ) ;
#4311 = EDGE_LOOP ( 'NONE', ( #4501, #5811, #787, #1796 ) ) ;
#4312 = CARTESIAN_POINT ( 'NONE',  ( 0.000000000000000000, 0.000000000000000000, 0.000000000000000000 ) ) ;
#4313 = ORIENTED_EDGE ( 'NONE', *, *, #1705, .T. ) ;
#4314 = EDGE_LOOP ( 'NONE', ( #2026, #4520, #3369, #6108 ) ) ;
#4315 = DIRECTION ( 'NONE',  ( 0.000000000000000000, 0.000000000000000000, 1.000000000000000000 ) ) ;
#4316 = DIRECTION ( 'NONE',  ( 0.000000000000000000, 0.000000000000000000, 1.000000000000000000 ) ) ;
#4317 = CARTESIAN_POINT ( 'NONE',  ( -37.15235299575964945, -20.82332266662719533, 0.000000000000000000 ) ) ;
#4318 = CIRCLE ( 'NONE', #1640, 4.005000000000001670 ) ;
#4319 = ORIENTED_EDGE ( 'NONE', *, *, #5136, .T. ) ;
#4320 = DIRECTION ( 'NONE',  ( -0.000000000000000000, 0.000000000000000000, 1.000000000000000000 ) ) ;
#4321 = EDGE_CURVE ( 'NONE', #4435, #595, #4730, .T. ) ;
#4322 = EDGE_CURVE ( 'NONE', #4459, #1508, #1120, .T. ) ;
#4323 = AXIS2_PLACEMENT_3D ( 'NONE', #4634, #5604, #961 ) ;
#4324 = CARTESIAN_POINT ( 'NONE',  ( 4.252355189908948674, 40.25987024618078891, 0.000000000000000000 ) ) ;
#4325 = CIRCLE ( 'NONE', #4129, 5.000000000000000888 ) ;
#4326 = CARTESIAN_POINT ( 'NONE',  ( 30.54248530126200833, -26.86437988392668430, 3.000000000000000000 ) ) ;
#4327 = VERTEX_POINT ( 'NONE', #4816 ) ;
#4328 = AXIS2_PLACEMENT_3D ( 'NONE', #4108, #1313, #5905 ) ;
#4329 = CIRCLE ( 'NONE', #3441, 8.694264425220762149 ) ;
#4330 = FACE_OUTER_BOUND ( 'NONE', #3378, .T. ) ;
#4331 = AXIS2_PLACEMENT_3D ( 'NONE', #2449, #4416, #3860 ) ;
#4332 = CARTESIAN_POINT ( 'NONE',  ( 41.18305366449268945, 6.168419232913219439E-15, 0.000000000000000000 ) ) ;
#4333 = CIRCLE ( 'NONE', #4940, 4.005000000000004334 ) ;
#4334 = EDGE_CURVE ( 'NONE', #4615, #2685, #3885, .T. ) ;
#4335 = DIRECTION ( 'NONE',  ( 0.5877852522924832401, -0.8090169943749400128, 0.000000000000000000 ) ) ;
#4336 = CARTESIAN_POINT ( 'NONE',  ( -28.67190290015362208, 7.981605984022343669, 3.000000000000000000 ) ) ;
#4337 = ORIENTED_EDGE ( 'NONE', *, *, #532, .T. ) ;
#4338 = ORIENTED_EDGE ( 'NONE', *, *, #1865, .F. ) ;
#4339 = AXIS2_PLACEMENT_3D ( 'NONE', #4705, #1903, #4676 ) ;
#4340 = DIRECTION ( 'NONE',  ( 0.000000000000000000, 0.000000000000000000, 1.000000000000000000 ) ) ;
#4341 = VECTOR ( 'NONE', #313, 1000.000000000000114 ) ;
#4342 = EDGE_CURVE ( 'NONE', #516, #5117, #5786, .T. ) ;
#4343 = DIRECTION ( 'NONE',  ( 1.000000000000000000, 0.000000000000000000, 0.000000000000000000 ) ) ;
#4344 = FACE_OUTER_BOUND ( 'NONE', #1675, .T. ) ;
#4345 = ORIENTED_EDGE ( 'NONE', *, *, #1068, .T. ) ;
#4346 = CARTESIAN_POINT ( 'NONE',  ( -2.600000000000006750, 11.00000000000000000, -7.000000000000000000 ) ) ;
#4347 = VECTOR ( 'NONE', #2949, 1000.000000000000000 ) ;
#4348 = ORIENTED_EDGE ( 'NONE', *, *, #6005, .T. ) ;
#4349 = CARTESIAN_POINT ( 'NONE',  ( 0.000000000000000000, 0.000000000000000000, 3.000000000000000000 ) ) ;
#4350 = ORIENTED_EDGE ( 'NONE', *, *, #402, .T. ) ;
#4351 = DIRECTION ( 'NONE',  ( 0.000000000000000000, 0.000000000000000000, 1.000000000000000000 ) ) ;
#4352 = CYLINDRICAL_SURFACE ( 'NONE', #501, 8.694264425220762149 ) ;
#4353 = VECTOR ( 'NONE', #1026, 1000.000000000000000 ) ;
#4354 = EDGE_LOOP ( 'NONE', ( #1778, #5408, #1337, #5863 ) ) ;
#4355 = EDGE_CURVE ( 'NONE', #2742, #3541, #2546, .T. ) ;
#4356 = DIRECTION ( 'NONE',  ( 0.000000000000000000, -0.000000000000000000, 1.000000000000000000 ) ) ;
#4357 = EDGE_LOOP ( 'NONE', ( #5829, #1374, #2083, #3059 ) ) ;
#4358 = CYLINDRICAL_SURFACE ( 'NONE', #1455, 42.59000000000001052 ) ;
#4359 = DIRECTION ( 'NONE',  ( 0.9510565162951533091, 0.3090169943749481729, 0.000000000000000000 ) ) ;
#4360 = VERTEX_POINT ( 'NONE', #2011 ) ;
#4361 = EDGE_CURVE ( 'NONE', #1029, #4487, #3630, .T. ) ;
#4362 = ORIENTED_EDGE ( 'NONE', *, *, #4912, .F. ) ;
#4363 = EDGE_CURVE ( 'NONE', #5879, #77, #2443, .T. ) ;
#4364 = CYLINDRICAL_SURFACE ( 'NONE', #865, 2.600000000000000089 ) ;
#4365 = DIRECTION ( 'NONE',  ( 1.000000000000000000, 0.000000000000000000, 0.000000000000000000 ) ) ;
#4366 = CARTESIAN_POINT ( 'NONE',  ( -42.23646744650214657, 5.476213805227606812, 3.000000000000000000 ) ) ;
#4367 = DIRECTION ( 'NONE',  ( 0.000000000000000000, 0.000000000000000000, 1.000000000000000000 ) ) ;
#4368 = ADVANCED_FACE ( 'NONE', ( #28 ), #5885, .F. ) ;
#4369 = ORIENTED_EDGE ( 'NONE', *, *, #2962, .T. ) ;
#4370 = EDGE_CURVE ( 'NONE', #3307, #265, #2921, .T. ) ;
#4371 = AXIS2_PLACEMENT_3D ( 'NONE', #2821, #440, #5116 ) ;
#4372 = LINE ( 'NONE', #5076, #3758 ) ;
#4373 = EDGE_CURVE ( 'NONE', #3025, #1073, #1646, .T. ) ;
#4374 = DIRECTION ( 'NONE',  ( 0.000000000000000000, 0.000000000000000000, -1.000000000000000000 ) ) ;
#4375 = VECTOR ( 'NONE', #1198, 1000.000000000000114 ) ;
#4376 = VECTOR ( 'NONE', #267, 1000.000000000000000 ) ;
#4377 = DIRECTION ( 'NONE',  ( 1.000000000000000000, 0.000000000000000000, 0.000000000000000000 ) ) ;
#4378 = DIRECTION ( 'NONE',  ( 0.9510565162951574170, -0.3090169943749353498, 0.000000000000000000 ) ) ;
#4379 = CARTESIAN_POINT ( 'NONE',  ( -40.94573803496157893, -8.778039249333797756, 0.000000000000000000 ) ) ;
#4380 = VERTEX_POINT ( 'NONE', #1483 ) ;
#4381 = AXIS2_PLACEMENT_3D ( 'NONE', #1812, #5261, #2781 ) ;
#4382 = FACE_OUTER_BOUND ( 'NONE', #585, .T. ) ;
#4383 = CIRCLE ( 'NONE', #503, 1.500000000000000444 ) ;
#4384 = VERTEX_POINT ( 'NONE', #3913 ) ;
#4385 = DIRECTION ( 'NONE',  ( -0.000000000000000000, -0.000000000000000000, 1.000000000000000000 ) ) ;
#4386 = ORIENTED_EDGE ( 'NONE', *, *, #2006, .T. ) ;
#4387 = CARTESIAN_POINT ( 'NONE',  ( 9.082501176170758583, -40.91370791742377122, 0.000000000000000000 ) ) ;
#4388 = CARTESIAN_POINT ( 'NONE',  ( -32.82325911375684768, 23.94971689001924986, 0.000000000000000000 ) ) ;
#4389 = ORIENTED_EDGE ( 'NONE', *, *, #642, .T. ) ;
#4390 = DIRECTION ( 'NONE',  ( -1.000000000000000000, 0.000000000000000000, 0.000000000000000000 ) ) ;
#4391 = UNCERTAINTY_MEASURE_WITH_UNIT (LENGTH_MEASURE( 1.000000000000000082E-05 ), #705, 'distance_accuracy_value', 'NONE');
#4392 = CARTESIAN_POINT ( 'NONE',  ( -36.77037256503021467, -16.20307056412915969, 0.000000000000000000 ) ) ;
#4393 = CARTESIAN_POINT ( 'NONE',  ( 8.975561016497188405, -39.51178793479904527, 0.000000000000000000 ) ) ;
#4394 = EDGE_LOOP ( 'NONE', ( #5618, #4074, #1062, #33 ) ) ;
#4395 = ORIENTED_EDGE ( 'NONE', *, *, #3947, .T. ) ;
#4396 = ORIENTED_EDGE ( 'NONE', *, *, #2885, .T. ) ;
#4397 = LINE ( 'NONE', #5305, #358 ) ;
#4398 = CARTESIAN_POINT ( 'NONE',  ( 31.27027864416265857, 28.91500948497899515, 3.000000000000000000 ) ) ;
#4399 = ADVANCED_FACE ( 'NONE', ( #4344 ), #5815, .F. ) ;
#4400 = DIRECTION ( 'NONE',  ( 1.000000000000000000, 2.663971070690487566E-15, 0.000000000000000000 ) ) ;
#4401 = ORIENTED_EDGE ( 'NONE', *, *, #251, .T. ) ;
#4402 = CARTESIAN_POINT ( 'NONE',  ( -5.032257205299954350, 42.29165978558547323, 0.000000000000000000 ) ) ;
#4403 = VERTEX_POINT ( 'NONE', #990 ) ;
#4404 = DIRECTION ( 'NONE',  ( 0.000000000000000000, 0.000000000000000000, 1.000000000000000000 ) ) ;
#4405 = FACE_OUTER_BOUND ( 'NONE', #1731, .T. ) ;
#4406 = CIRCLE ( 'NONE', #1718, 4.005000000000003446 ) ;
#4407 = ADVANCED_FACE ( 'NONE', ( #4882 ), #5851, .F. ) ;
#4408 = EDGE_CURVE ( 'NONE', #4998, #5509, #3450, .T. ) ;
#4409 = CARTESIAN_POINT ( 'NONE',  ( -34.59935313971945448, 20.46393609589984308, 3.000000000000000000 ) ) ;
#4410 = CIRCLE ( 'NONE', #1427, 2.600000000000003197 ) ;
#4411 = CARTESIAN_POINT ( 'NONE',  ( -12.12627944162883331, 5.499999999999986677, -5.450000000000000178 ) ) ;
#4412 = DIRECTION ( 'NONE',  ( -0.000000000000000000, -0.000000000000000000, -1.000000000000000000 ) ) ;
#4413 = ORIENTED_EDGE ( 'NONE', *, *, #279, .T. ) ;
#4414 = LINE ( 'NONE', #5820, #16 ) ;
#4415 = ORIENTED_EDGE ( 'NONE', *, *, #4979, .F. ) ;
#4416 = DIRECTION ( 'NONE',  ( -0.000000000000000000, -0.000000000000000000, 1.000000000000000000 ) ) ;
#4417 = ORIENTED_EDGE ( 'NONE', *, *, #1787, .T. ) ;
#4418 = FACE_OUTER_BOUND ( 'NONE', #5924, .T. ) ;
#4419 = CARTESIAN_POINT ( 'NONE',  ( 39.13979336264454645, 12.71728977001014371, 0.000000000000000000 ) ) ;
#4420 = ORIENTED_EDGE ( 'NONE', *, *, #1397, .T. ) ;
#4421 = VECTOR ( 'NONE', #1840, 1000.000000000000000 ) ;
#4422 = CARTESIAN_POINT ( 'NONE',  ( 41.18305366449268945, 6.168419232913219439E-15, 3.000000000000000000 ) ) ;
#4423 = CARTESIAN_POINT ( 'NONE',  ( 36.33288492289325688, 20.94598947935136835, 0.000000000000000000 ) ) ;
#4424 = AXIS2_PLACEMENT_3D ( 'NONE', #2300, #1389, #5222 ) ;
#4425 = FACE_OUTER_BOUND ( 'NONE', #441, .T. ) ;
#4426 = ORIENTED_EDGE ( 'NONE', *, *, #4564, .F. ) ;
#4427 = ORIENTED_EDGE ( 'NONE', *, *, #988, .F. ) ;
#4428 = AXIS2_PLACEMENT_3D ( 'NONE', #1860, #925, #2384 ) ;
#4429 = DIRECTION ( 'NONE',  ( 0.05597060578770764877, -0.9984324169856251263, -0.000000000000000000 ) ) ;
#4430 = VECTOR ( 'NONE', #3323, 1000.000000000000000 ) ;
#4431 = FACE_OUTER_BOUND ( 'NONE', #3008, .T. ) ;
#4432 = AXIS2_PLACEMENT_3D ( 'NONE', #6110, #1836, #4292 ) ;
#4433 = DIRECTION ( 'NONE',  ( 0.000000000000000000, 0.000000000000000000, 1.000000000000000000 ) ) ;
#4434 = CIRCLE ( 'NONE', #659, 8.694264425220760373 ) ;
#4435 = VERTEX_POINT ( 'NONE', #2889 ) ;
#4436 = ORIENTED_EDGE ( 'NONE', *, *, #794, .T. ) ;
#4437 = VERTEX_POINT ( 'NONE', #2412 ) ;
#4438 = CARTESIAN_POINT ( 'NONE',  ( 42.30279717274500939, -4.937757726093670918, 3.000000000000000000 ) ) ;
#4439 = AXIS2_PLACEMENT_3D ( 'NONE', #628, #5301, #5398 ) ;
#4440 = AXIS2_PLACEMENT_3D ( 'NONE', #3660, #4623, #2262 ) ;
#4441 = CIRCLE ( 'NONE', #2554, 4.005000000000006111 ) ;
#4442 = VECTOR ( 'NONE', #5039, 1000.000000000000000 ) ;
#4443 = CARTESIAN_POINT ( 'NONE',  ( -32.82325911375684768, 23.94971689001924986, 3.000000000000000000 ) ) ;
#4444 = CARTESIAN_POINT ( 'NONE',  ( -20.27059429361531073, -37.45678986490501217, 0.000000000000000000 ) ) ;
#4445 = DIRECTION ( 'NONE',  ( 1.000000000000000000, 0.000000000000000000, 0.000000000000000000 ) ) ;
#4446 = CIRCLE ( 'NONE', #1069, 42.59000000000001052 ) ;
#4447 = ORIENTED_EDGE ( 'NONE', *, *, #2463, .T. ) ;
#4448 = EDGE_CURVE ( 'NONE', #4246, #2561, #3478, .T. ) ;
#4449 = ADVANCED_FACE ( 'NONE', ( #1978 ), #1048, .F. ) ;
#4450 = PLANE ( 'NONE',  #1137 ) ;
#4451 = CIRCLE ( 'NONE', #1362, 8.694264425220762149 ) ;
#4452 = EDGE_CURVE ( 'NONE', #4620, #4039, #1685, .T. ) ;
#4453 = ORIENTED_EDGE ( 'NONE', *, *, #3168, .T. ) ;
#4454 = CARTESIAN_POINT ( 'NONE',  ( -38.58860451648708079, -12.63458943475473362, 3.000000000000000000 ) ) ;
#4455 = EDGE_LOOP ( 'NONE', ( #2691, #5895, #774, #509 ) ) ;
#4456 = CYLINDRICAL_SURFACE ( 'NONE', #1937, 5.000000000000000888 ) ;
#4457 = CARTESIAN_POINT ( 'NONE',  ( 6.926279441628820699, 5.500000000000009770, 3.000000000000000000 ) ) ;
#4458 = ADVANCED_FACE ( 'NONE', ( #2195 ), #1179, .F. ) ;
#4459 = VERTEX_POINT ( 'NONE', #1235 ) ;
#4460 = EDGE_CURVE ( 'NONE', #5527, #5428, #4478, .T. ) ;
#4461 = EDGE_CURVE ( 'NONE', #4053, #2583, #5528, .T. ) ;
#4462 = FACE_OUTER_BOUND ( 'NONE', #6105, .T. ) ;
#4463 = LINE ( 'NONE', #2976, #2848 ) ;
#4464 = LINE ( 'NONE', #181, #904 ) ;
#4465 = EDGE_LOOP ( 'NONE', ( #1231, #5256, #3593, #3652 ) ) ;
#4466 = ORIENTED_EDGE ( 'NONE', *, *, #1593, .T. ) ;
#4467 = ORIENTED_EDGE ( 'NONE', *, *, #4321, .F. ) ;
#4468 = LINE ( 'NONE', #3933, #1799 ) ;
#4469 = CYLINDRICAL_SURFACE ( 'NONE', #5524, 2.599999999999998757 ) ;
#4470 = CARTESIAN_POINT ( 'NONE',  ( 13.71742021474484297, 34.92802557393365959, 3.000000000000000000 ) ) ;
#4471 = ORIENTED_EDGE ( 'NONE', *, *, #3301, .F. ) ;
#4472 = ORIENTED_EDGE ( 'NONE', *, *, #5667, .T. ) ;
#4473 = DIRECTION ( 'NONE',  ( -0.000000000000000000, -0.000000000000000000, 1.000000000000000000 ) ) ;
#4474 = ORIENTED_EDGE ( 'NONE', *, *, #715, .T. ) ;
#4475 = CARTESIAN_POINT ( 'NONE',  ( 41.77658695461929739, 8.284013666281188293, 3.000000000000000000 ) ) ;
#4476 = ORIENTED_EDGE ( 'NONE', *, *, #3500, .T. ) ;
#4477 = AXIS2_PLACEMENT_3D ( 'NONE', #382, #2433, #5272 ) ;
#4478 = CIRCLE ( 'NONE', #1981, 2.599999999999998757 ) ;
#4479 = FACE_OUTER_BOUND ( 'NONE', #2828, .T. ) ;
#4480 = EDGE_LOOP ( 'NONE', ( #921, #2682, #5914, #5183 ) ) ;
#4481 = CARTESIAN_POINT ( 'NONE',  ( 12.12627944162882088, 5.500000000000009770, 3.000000000000000000 ) ) ;
#4482 = VECTOR ( 'NONE', #6066, 1000.000000000000000 ) ;
#4483 = ADVANCED_FACE ( 'NONE', ( #4006 ), #257, .T. ) ;
#4484 = EDGE_CURVE ( 'NONE', #595, #4435, #1596, .T. ) ;
#4485 = LINE ( 'NONE', #3570, #5635 ) ;
#4486 = DIRECTION ( 'NONE',  ( -0.000000000000000000, -0.000000000000000000, 1.000000000000000000 ) ) ;
#4487 = VERTEX_POINT ( 'NONE', #5940 ) ;
#4488 = ORIENTED_EDGE ( 'NONE', *, *, #345, .T. ) ;
#4489 = AXIS2_PLACEMENT_3D ( 'NONE', #1745, #4739, #2042 ) ;
#4490 = ORIENTED_EDGE ( 'NONE', *, *, #6147, .T. ) ;
#4491 = LINE ( 'NONE', #808, #96 ) ;
#4492 = VECTOR ( 'NONE', #668, 1000.000000000000000 ) ;
#4493 = CIRCLE ( 'NONE', #5280, 2.000000000000000000 ) ;
#4494 = DIRECTION ( 'NONE',  ( -0.000000000000000000, -0.000000000000000000, 1.000000000000000000 ) ) ;
#4495 = AXIS2_PLACEMENT_3D ( 'NONE', #5710, #3209, #1272 ) ;
#4496 = EDGE_CURVE ( 'NONE', #1073, #2866, #591, .T. ) ;
#4497 = CIRCLE ( 'NONE', #3493, 42.59000000000001052 ) ;
#4498 = CARTESIAN_POINT ( 'NONE',  ( -38.60312425607723696, 12.54291540692517870, 0.000000000000000000 ) ) ;
#4499 = EDGE_CURVE ( 'NONE', #626, #3320, #316, .T. ) ;
#4500 = PLANE ( 'NONE',  #1399 ) ;
#4501 = ORIENTED_EDGE ( 'NONE', *, *, #1932, .F. ) ;
#4502 = EDGE_LOOP ( 'NONE', ( #224, #825, #4415, #4079 ) ) ;
#4503 = DIRECTION ( 'NONE',  ( -0.000000000000000000, -0.000000000000000000, -1.000000000000000000 ) ) ;
#4504 = CARTESIAN_POINT ( 'NONE',  ( 15.28241655960402312, 21.03444185374883801, 0.000000000000000000 ) ) ;
#4505 = ORIENTED_EDGE ( 'NONE', *, *, #4460, .T. ) ;
#4506 = LINE ( 'NONE', #2131, #852 ) ;
#4507 = EDGE_LOOP ( 'NONE', ( #4200, #4723 ) ) ;
#4508 = DIRECTION ( 'NONE',  ( -0.000000000000000000, -0.000000000000000000, -1.000000000000000000 ) ) ;
#4509 = ORIENTED_EDGE ( 'NONE', *, *, #1364, .T. ) ;
#4510 = FACE_OUTER_BOUND ( 'NONE', #29, .T. ) ;
#4511 = ORIENTED_EDGE ( 'NONE', *, *, #1998, .T. ) ;
#4512 = DIRECTION ( 'NONE',  ( 0.000000000000000000, 0.000000000000000000, 1.000000000000000000 ) ) ;
#4513 = CARTESIAN_POINT ( 'NONE',  ( 37.21864685947006990, 20.70459914970727411, 0.000000000000000000 ) ) ;
#4514 = ORIENTED_EDGE ( 'NONE', *, *, #330, .F. ) ;
#4515 = EDGE_LOOP ( 'NONE', ( #5598, #5876 ) ) ;
#4516 = CARTESIAN_POINT ( 'NONE',  ( -5.000000000000000888, 25.99999999999999645, 3.000000000000000000 ) ) ;
#4517 = CARTESIAN_POINT ( 'NONE',  ( 12.12627944162883331, -5.499999999999992006, 3.000000000000000000 ) ) ;
#4518 = DIRECTION ( 'NONE',  ( 1.000000000000000000, 0.000000000000000000, 0.000000000000000000 ) ) ;
#4519 = FACE_OUTER_BOUND ( 'NONE', #5583, .T. ) ;
#4520 = ORIENTED_EDGE ( 'NONE', *, *, #1519, .T. ) ;
#4521 = ORIENTED_EDGE ( 'NONE', *, *, #1474, .F. ) ;
#4522 = ORIENTED_EDGE ( 'NONE', *, *, #1932, .T. ) ;
#4523 = ADVANCED_FACE ( 'NONE', ( #200 ), #3079, .F. ) ;
#4524 = EDGE_CURVE ( 'NONE', #3806, #1143, #4563, .T. ) ;
#4525 = DIRECTION ( 'NONE',  ( 0.000000000000000000, 0.000000000000000000, 1.000000000000000000 ) ) ;
#4526 = DIRECTION ( 'NONE',  ( 0.000000000000000000, 0.000000000000000000, 1.000000000000000000 ) ) ;
#4527 = EDGE_LOOP ( 'NONE', ( #1877, #3776, #3089, #5813 ) ) ;
#4528 = DIRECTION ( 'NONE',  ( 0.000000000000000000, -0.000000000000000000, -1.000000000000000000 ) ) ;
#4529 = CIRCLE ( 'NONE', #2651, 4.005000000000005222 ) ;
#4530 = DIRECTION ( 'NONE',  ( -0.5528493477548883650, -0.8332812242496494548, 0.000000000000000000 ) ) ;
#4531 = EDGE_LOOP ( 'NONE', ( #5296, #3071, #178, #588 ) ) ;
#4532 = DIRECTION ( 'NONE',  ( 0.000000000000000000, 0.000000000000000000, 1.000000000000000000 ) ) ;
#4533 = AXIS2_PLACEMENT_3D ( 'NONE', #6190, #4217, #1916 ) ;
#4534 = ORIENTED_EDGE ( 'NONE', *, *, #4294, .F. ) ;
#4535 = AXIS2_PLACEMENT_3D ( 'NONE', #397, #3707, #6085 ) ;
#4536 = DIRECTION ( 'NONE',  ( -1.000000000000000000, 0.000000000000000000, 0.000000000000000000 ) ) ;
#4537 = VECTOR ( 'NONE', #2771, 1000.000000000000000 ) ;
#4538 = CARTESIAN_POINT ( 'NONE',  ( 2.600000000000006306, -11.00000000000000000, -7.000000000000000000 ) ) ;
#4539 = ORIENTED_EDGE ( 'NONE', *, *, #5130, .F. ) ;
#4540 = DIRECTION ( 'NONE',  ( 1.000000000000000000, 0.000000000000000000, 0.000000000000000000 ) ) ;
#4541 = ORIENTED_EDGE ( 'NONE', *, *, #2743, .F. ) ;
#4542 = ORIENTED_EDGE ( 'NONE', *, *, #6017, .T. ) ;
#4543 = LINE ( 'NONE', #1735, #4077 ) ;
#4544 = CARTESIAN_POINT ( 'NONE',  ( 0.000000000000000000, 0.000000000000000000, 3.000000000000000000 ) ) ;
#4545 = EDGE_CURVE ( 'NONE', #3425, #2787, #5967, .T. ) ;
#4546 = AXIS2_PLACEMENT_3D ( 'NONE', #597, #2029, #19 ) ;
#4547 = STYLED_ITEM ( 'NONE', ( #786 ), #1407 ) ;
#4548 = CYLINDRICAL_SURFACE ( 'NONE', #2365, 8.694264425220762149 ) ;
#4549 = FACE_BOUND ( 'NONE', #3032, .T. ) ;
#4550 = ORIENTED_EDGE ( 'NONE', *, *, #2164, .F. ) ;
#4551 = ORIENTED_EDGE ( 'NONE', *, *, #5620, .F. ) ;
#4552 = CARTESIAN_POINT ( 'NONE',  ( -8.332926048929298446, 38.88526790231278341, 3.000000000000000000 ) ) ;
#4553 = ORIENTED_EDGE ( 'NONE', *, *, #5855, .F. ) ;
#4554 = CARTESIAN_POINT ( 'NONE',  ( -38.58860451648724421, 12.63458943475418295, 3.000000000000000000 ) ) ;
#4555 = PLANE ( 'NONE',  #1200 ) ;
#4556 = ORIENTED_EDGE ( 'NONE', *, *, #1394, .F. ) ;
#4557 = EDGE_CURVE ( 'NONE', #4605, #618, #283, .T. ) ;
#4558 = CARTESIAN_POINT ( 'NONE',  ( 24.39471196875951620, -33.01215321642932565, 0.000000000000000000 ) ) ;
#4559 = ADVANCED_FACE ( 'NONE', ( #1207 ), #3627, .F. ) ;
#4560 = CARTESIAN_POINT ( 'NONE',  ( -39.96320686035490155, -3.955691804083540042, 3.000000000000000000 ) ) ;
#4561 = EDGE_CURVE ( 'NONE', #222, #3900, #3094, .T. ) ;
#4562 = ORIENTED_EDGE ( 'NONE', *, *, #1060, .T. ) ;
#4563 = LINE ( 'NONE', #4122, #1098 ) ;
#4564 = EDGE_CURVE ( 'NONE', #4916, #5140, #3287, .T. ) ;
#4565 = ADVANCED_FACE ( 'NONE', ( #4479 ), #2110, .F. ) ;
#4566 = VERTEX_POINT ( 'NONE', #4969 ) ;
#4567 = EDGE_LOOP ( 'NONE', ( #927, #4490 ) ) ;
#4568 = DIRECTION ( 'NONE',  ( 1.000000000000000000, 0.000000000000000000, 0.000000000000000000 ) ) ;
#4569 = DIRECTION ( 'NONE',  ( 1.000000000000000000, 0.000000000000000000, 0.000000000000000000 ) ) ;
#4570 = DIRECTION ( 'NONE',  ( 0.000000000000000000, 0.000000000000000000, 1.000000000000000000 ) ) ;
#4571 = ORIENTED_EDGE ( 'NONE', *, *, #6129, .T. ) ;
#4572 = EDGE_LOOP ( 'NONE', ( #2028, #3760, #841, #4607 ) ) ;
#4573 = CARTESIAN_POINT ( 'NONE',  ( -4.999999999999819700, -26.00000000000000000, 10.00000000000000000 ) ) ;
#4574 = DIRECTION ( 'NONE',  ( 0.000000000000000000, 0.000000000000000000, 1.000000000000000000 ) ) ;
#4575 = AXIS2_PLACEMENT_3D ( 'NONE', #2225, #4942, #678 ) ;
#4576 = VERTEX_POINT ( 'NONE', #709 ) ;
#4577 = CARTESIAN_POINT ( 'NONE',  ( 0.000000000000000000, 0.000000000000000000, 3.001000000000000334 ) ) ;
#4578 = CIRCLE ( 'NONE', #2600, 5.000000000000000888 ) ;
#4579 = CARTESIAN_POINT ( 'NONE',  ( 0.000000000000000000, 0.000000000000000000, 3.000000000000000000 ) ) ;
#4580 = CIRCLE ( 'NONE', #1989, 8.694264425220763925 ) ;
#4581 = DIRECTION ( 'NONE',  ( 0.000000000000000000, 0.000000000000000000, 1.000000000000000000 ) ) ;
#4582 = ORIENTED_EDGE ( 'NONE', *, *, #1024, .T. ) ;
#4583 = CARTESIAN_POINT ( 'NONE',  ( -36.77037256503021467, -16.20307056412915969, 0.000000000000000000 ) ) ;
#4584 = VERTEX_POINT ( 'NONE', #379 ) ;
#4585 = VECTOR ( 'NONE', #974, 1000.000000000000114 ) ;
#4586 = AXIS2_PLACEMENT_3D ( 'NONE', #3837, #3805, #4359 ) ;
#4587 = CIRCLE ( 'NONE', #6091, 4.999999999999999112 ) ;
#4588 = CARTESIAN_POINT ( 'NONE',  ( 33.41658588540837371, -23.94971689001946658, 3.000000000000000000 ) ) ;
#4589 = DIRECTION ( 'NONE',  ( -0.000000000000000000, -0.000000000000000000, 1.000000000000000000 ) ) ;
#4590 = ORIENTED_EDGE ( 'NONE', *, *, #253, .F. ) ;
#4591 = CARTESIAN_POINT ( 'NONE',  ( -17.91555975686522117, 38.63859234752467842, 0.000000000000000000 ) ) ;
#4592 = EDGE_LOOP ( 'NONE', ( #4426, #4627, #4175, #1465 ) ) ;
#4593 = CARTESIAN_POINT ( 'NONE',  ( -5.499999999999943157, 9.526279441628854983, -5.450000000000000178 ) ) ;
#4594 = ORIENTED_EDGE ( 'NONE', *, *, #836, .T. ) ;
#4595 = VERTEX_POINT ( 'NONE', #2351 ) ;
#4596 = FACE_OUTER_BOUND ( 'NONE', #5724, .T. ) ;
#4597 = EDGE_CURVE ( 'NONE', #2573, #3488, #2994, .T. ) ;
#4598 = ADVANCED_FACE ( 'NONE', ( #3662 ), #3781, .T. ) ;
#4599 = EDGE_CURVE ( 'NONE', #10, #1086, #4875, .T. ) ;
#4600 = EDGE_CURVE ( 'NONE', #3820, #315, #5467, .T. ) ;
#4601 = CARTESIAN_POINT ( 'NONE',  ( 38.65220204422474382, 17.88617838255083470, 3.000000000000000000 ) ) ;
#4602 = DIRECTION ( 'NONE',  ( 0.000000000000000000, 0.000000000000000000, -1.000000000000000000 ) ) ;
#4603 = CARTESIAN_POINT ( 'NONE',  ( 9.526279441628830114, -5.499999999999992006, 3.000000000000000000 ) ) ;
#4604 = ORIENTED_EDGE ( 'NONE', *, *, #4648, .T. ) ;
#4605 = VERTEX_POINT ( 'NONE', #949 ) ;
#4606 = DIRECTION ( 'NONE',  ( -0.000000000000000000, -0.000000000000000000, 1.000000000000000000 ) ) ;
#4607 = ORIENTED_EDGE ( 'NONE', *, *, #2125, .F. ) ;
#4608 = CARTESIAN_POINT ( 'NONE',  ( 12.99999999999999289, 5.591782424845139381E-15, -5.450000000000000178 ) ) ;
#4609 = EDGE_CURVE ( 'NONE', #184, #1274, #474, .T. ) ;
#4610 = VERTEX_POINT ( 'NONE', #3289 ) ;
#4611 = CYLINDRICAL_SURFACE ( 'NONE', #151, 4.005000000000001670 ) ;
#4612 = CARTESIAN_POINT ( 'NONE',  ( -17.91555975686522117, 38.63859234752467842, 0.000000000000000000 ) ) ;
#4613 = VECTOR ( 'NONE', #202, 1000.000000000000000 ) ;
#4614 = DIRECTION ( 'NONE',  ( 1.000000000000000000, 0.000000000000000000, 0.000000000000000000 ) ) ;
#4615 = VERTEX_POINT ( 'NONE', #3230 ) ;
#4616 = LINE ( 'NONE', #4654, #2899 ) ;
#4617 = EDGE_LOOP ( 'NONE', ( #3823, #2703, #1540, #3272 ) ) ;
#4618 = CARTESIAN_POINT ( 'NONE',  ( 39.19645102772892642, 12.54291540692518936, 0.000000000000000000 ) ) ;
#4619 = FACE_OUTER_BOUND ( 'NONE', #1720, .T. ) ;
#4620 = VERTEX_POINT ( 'NONE', #4663 ) ;
#4621 = CIRCLE ( 'NONE', #3598, 4.005000000000001670 ) ;
#4622 = CARTESIAN_POINT ( 'NONE',  ( -9.526279441628819455, -5.500000000000010658, -7.000000000000000000 ) ) ;
#4623 = DIRECTION ( 'NONE',  ( -0.000000000000000000, -0.000000000000000000, 1.000000000000000000 ) ) ;
#4624 = ORIENTED_EDGE ( 'NONE', *, *, #4978, .F. ) ;
#4625 = CIRCLE ( 'NONE', #1243, 8.694264425220771031 ) ;
#4626 = FACE_OUTER_BOUND ( 'NONE', #4223, .T. ) ;
#4627 = ORIENTED_EDGE ( 'NONE', *, *, #2217, .T. ) ;
#4628 = ORIENTED_EDGE ( 'NONE', *, *, #5551, .F. ) ;
#4629 = DIRECTION ( 'NONE',  ( 0.000000000000000000, 0.000000000000000000, 1.000000000000000000 ) ) ;
#4630 = VECTOR ( 'NONE', #3237, 1000.000000000000000 ) ;
#4631 = FACE_OUTER_BOUND ( 'NONE', #2735, .T. ) ;
#4632 = DIRECTION ( 'NONE',  ( -0.000000000000000000, -0.000000000000000000, -1.000000000000000000 ) ) ;
#4633 = VECTOR ( 'NONE', #1671, 1000.000000000000000 ) ;
#4634 = CARTESIAN_POINT ( 'NONE',  ( 0.000000000000000000, 0.000000000000000000, 0.000000000000000000 ) ) ;
#4635 = EDGE_CURVE ( 'NONE', #4214, #4306, #5267, .T. ) ;
#4636 = EDGE_CURVE ( 'NONE', #2087, #1793, #856, .T. ) ;
#4637 = CIRCLE ( 'NONE', #2845, 8.694264425220763925 ) ;
#4638 = AXIS2_PLACEMENT_3D ( 'NONE', #5883, #4005, #3563 ) ;
#4639 = EDGE_LOOP ( 'NONE', ( #4651, #6135 ) ) ;
#4640 = DIRECTION ( 'NONE',  ( 1.000000000000000000, 0.000000000000000000, 0.000000000000000000 ) ) ;
#4641 = EDGE_CURVE ( 'NONE', #4766, #726, #4272, .T. ) ;
#4642 = DIRECTION ( 'NONE',  ( 0.000000000000000000, 0.000000000000000000, 1.000000000000000000 ) ) ;
#4643 = CIRCLE ( 'NONE', #4138, 42.59000000000001052 ) ;
#4644 = CIRCLE ( 'NONE', #2761, 8.694264425220772807 ) ;
#4645 = ORIENTED_EDGE ( 'NONE', *, *, #2080, .T. ) ;
#4646 = CARTESIAN_POINT ( 'NONE',  ( 0.000000000000000000, 0.000000000000000000, 3.000000000000000000 ) ) ;
#4647 = DIRECTION ( 'NONE',  ( 1.000000000000000000, 0.000000000000000000, 0.000000000000000000 ) ) ;
#4648 = EDGE_CURVE ( 'NONE', #3628, #3661, #5377, .T. ) ;
#4649 = ADVANCED_FACE ( 'NONE', ( #6071 ), #2320, .F. ) ;
#4650 = DIRECTION ( 'NONE',  ( -0.2544461159514273541, -0.9670869526972395436, 0.000000000000000000 ) ) ;
#4651 = ORIENTED_EDGE ( 'NONE', *, *, #522, .T. ) ;
#4652 = EDGE_CURVE ( 'NONE', #6070, #5466, #2382, .T. ) ;
#4653 = VECTOR ( 'NONE', #3807, 1000.000000000000000 ) ;
#4654 = CARTESIAN_POINT ( 'NONE',  ( -19.73075383944878780, -33.07778457408817729, 0.000000000000000000 ) ) ;
#4655 = MECHANICAL_DESIGN_GEOMETRIC_PRESENTATION_REPRESENTATION (  '', ( #4547 ), #2966 ) ;
#4656 = DIRECTION ( 'NONE',  ( 0.000000000000000000, 0.000000000000000000, 1.000000000000000000 ) ) ;
#4657 = CARTESIAN_POINT ( 'NONE',  ( 27.16104326975284522, -30.24582191543587584, 3.000000000000000000 ) ) ;
#4658 = ORIENTED_EDGE ( 'NONE', *, *, #3724, .F. ) ;
#4659 = CARTESIAN_POINT ( 'NONE',  ( -27.83620412999733063, -31.29407560814120970, 0.000000000000000000 ) ) ;
#4660 = DIRECTION ( 'NONE',  ( 0.000000000000000000, 0.000000000000000000, 1.000000000000000000 ) ) ;
#4661 = ORIENTED_EDGE ( 'NONE', *, *, #98, .T. ) ;
#4662 = AXIS2_PLACEMENT_3D ( 'NONE', #1893, #1426, #992 ) ;
#4663 = CARTESIAN_POINT ( 'NONE',  ( 38.65220204422475092, 17.88617838255083470, 0.000000000000000000 ) ) ;
#4664 = ADVANCED_FACE ( 'NONE', ( #4756 ), #4276, .F. ) ;
#4665 = ORIENTED_EDGE ( 'NONE', *, *, #4499, .F. ) ;
#4666 = CARTESIAN_POINT ( 'NONE',  ( 24.72746942367407641, -8.034441853748395701, 10.00000000000000000 ) ) ;
#4667 = CARTESIAN_POINT ( 'NONE',  ( 15.28241655960402312, 21.03444185374883801, 10.00000000000000000 ) ) ;
#4668 = LINE ( 'NONE', #357, #4537 ) ;
#4669 = FACE_OUTER_BOUND ( 'NONE', #1808, .T. ) ;
#4670 = ORIENTED_EDGE ( 'NONE', *, *, #2591, .F. ) ;
#4671 = APPLICATION_PROTOCOL_DEFINITION ( 'draft international standard', 'automotive_design', 1998, #2162 ) ;
#4672 = DIRECTION ( 'NONE',  ( -0.9510565162951566398, -0.3090169943749380699, 0.000000000000000000 ) ) ;
#4673 = ORIENTED_EDGE ( 'NONE', *, *, #1705, .F. ) ;
#4674 = DIRECTION ( 'NONE',  ( -0.03107175031332458717, -0.9995171565973575145, 0.000000000000000000 ) ) ;
#4675 = DIRECTION ( 'NONE',  ( -0.5877852522924865708, 0.8090169943749377923, 0.000000000000000000 ) ) ;
#4676 = DIRECTION ( 'NONE',  ( 1.000000000000000000, 0.000000000000000000, 0.000000000000000000 ) ) ;
#4677 = DIRECTION ( 'NONE',  ( -0.05342872120054900642, 0.9985716658061524198, 0.000000000000000000 ) ) ;
#4678 = VECTOR ( 'NONE', #3262, 1000.000000000000000 ) ;
#4679 = EDGE_LOOP ( 'NONE', ( #4043, #1955, #3968, #3765 ) ) ;
#4680 = LINE ( 'NONE', #4206, #4421 ) ;
#4681 = ADVANCED_FACE ( 'NONE', ( #4626 ), #4718, .F. ) ;
#4682 = EDGE_CURVE ( 'NONE', #3857, #5757, #4215, .T. ) ;
#4683 = VECTOR ( 'NONE', #2435, 1000.000000000000000 ) ;
#4684 = EDGE_CURVE ( 'NONE', #325, #308, #5878, .T. ) ;
#4685 = VECTOR ( 'NONE', #3469, 1000.000000000000000 ) ;
#4686 = CARTESIAN_POINT ( 'NONE',  ( -8.332926048929298446, 38.88526790231278341, 0.000000000000000000 ) ) ;
#4687 = CARTESIAN_POINT ( 'NONE',  ( 35.19267991137098051, -20.46393609590010243, 0.000000000000000000 ) ) ;
#4688 = ORIENTED_EDGE ( 'NONE', *, *, #3017, .T. ) ;
#4689 = CIRCLE ( 'NONE', #2796, 17.50000000000000355 ) ;
#4690 = VECTOR ( 'NONE', #5302, 1000.000000000000000 ) ;
#4691 = CARTESIAN_POINT ( 'NONE',  ( 15.28241655960402312, 21.03444185374883801, 3.000000000000000000 ) ) ;
#4692 = CARTESIAN_POINT ( 'NONE',  ( 0.2966633858259900558, -40.88639027866684472, 0.000000000000000000 ) ) ;
#4693 = ORIENTED_EDGE ( 'NONE', *, *, #3390, .F. ) ;
#4694 = DIRECTION ( 'NONE',  ( -0.3655530062270720415, -0.9307905240376861400, 0.000000000000000000 ) ) ;
#4695 = ORIENTED_EDGE ( 'NONE', *, *, #1592, .T. ) ;
#4696 = LINE ( 'NONE', #4308, #3341 ) ;
#4697 = CARTESIAN_POINT ( 'NONE',  ( 0.000000000000000000, 0.000000000000000000, 0.000000000000000000 ) ) ;
#4698 = CARTESIAN_POINT ( 'NONE',  ( 0.000000000000000000, 0.000000000000000000, 0.000000000000000000 ) ) ;
#4699 = CIRCLE ( 'NONE', #1221, 7.000000000000000000 ) ;
#4700 = ORIENTED_EDGE ( 'NONE', *, *, #6023, .T. ) ;
#4701 = DIRECTION ( 'NONE',  ( 0.000000000000000000, 0.000000000000000000, 1.000000000000000000 ) ) ;
#4702 = ORIENTED_EDGE ( 'NONE', *, *, #5483, .F. ) ;
#4703 = CYLINDRICAL_SURFACE ( 'NONE', #3254, 4.999999999999999112 ) ;
#4704 = DIRECTION ( 'NONE',  ( 0.8375721637704570677, -0.5463267067212388417, -0.000000000000000000 ) ) ;
#4705 = CARTESIAN_POINT ( 'NONE',  ( -32.78112118826260257, 24.03241722527427271, 0.000000000000000000 ) ) ;
#4706 = CARTESIAN_POINT ( 'NONE',  ( 12.99999999999999289, 5.591782424845139381E-15, 3.000000000000000000 ) ) ;
#4707 = ORIENTED_EDGE ( 'NONE', *, *, #2708, .F. ) ;
#4708 = EDGE_CURVE ( 'NONE', #4360, #476, #2767, .T. ) ;
#4709 = CARTESIAN_POINT ( 'NONE',  ( -29.72746942367396272, -8.034441853748742091, 3.000000000000000000 ) ) ;
#4710 = CIRCLE ( 'NONE', #2819, 5.000000000000000888 ) ;
#4711 = DIRECTION ( 'NONE',  ( -0.5463267067212389527, -0.8375721637704571787, 0.000000000000000000 ) ) ;
#4712 = CARTESIAN_POINT ( 'NONE',  ( 17.21325967034674775, 38.23122844270245224, 3.000000000000000000 ) ) ;
#4713 = EDGE_CURVE ( 'NONE', #5258, #5664, #6125, .T. ) ;
#4714 = ORIENTED_EDGE ( 'NONE', *, *, #5322, .T. ) ;
#4715 = EDGE_CURVE ( 'NONE', #3170, #5907, #80, .T. ) ;
#4716 = CARTESIAN_POINT ( 'NONE',  ( 12.83957879275116731, -38.89978764190303906, 0.000000000000000000 ) ) ;
#4717 = DIRECTION ( 'NONE',  ( -0.000000000000000000, -0.000000000000000000, 1.000000000000000000 ) ) ;
#4718 = CYLINDRICAL_SURFACE ( 'NONE', #3189, 4.005000000000001670 ) ;
#4719 = ORIENTED_EDGE ( 'NONE', *, *, #2007, .T. ) ;
#4720 = ADVANCED_FACE ( 'NONE', ( #5844 ), #2033, .F. ) ;
#4721 = VERTEX_POINT ( 'NONE', #2001 ) ;
#4722 = ADVANCED_FACE ( 'NONE', ( #4873 ), #3849, .F. ) ;
#4723 = ORIENTED_EDGE ( 'NONE', *, *, #6015, .F. ) ;
#4724 = FACE_BOUND ( 'NONE', #1819, .T. ) ;
#4725 = ADVANCED_FACE ( 'NONE', ( #1041 ), #3935, .F. ) ;
#4726 = CARTESIAN_POINT ( 'NONE',  ( 38.40817702442034687, -16.83113193255801221, 3.000000000000000000 ) ) ;
#4727 = DIRECTION ( 'NONE',  ( 1.000000000000000000, 0.000000000000000000, 0.000000000000000000 ) ) ;
#4728 = VERTEX_POINT ( 'NONE', #5712 ) ;
#4729 = DIRECTION ( 'NONE',  ( 1.000000000000000000, -6.384801349062746950E-15, 0.000000000000000000 ) ) ;
#4730 = CIRCLE ( 'NONE', #3530, 1.500000000000000444 ) ;
#4731 = DIRECTION ( 'NONE',  ( 0.5877852522924832401, -0.8090169943749400128, 0.000000000000000000 ) ) ;
#4732 = AXIS2_PLACEMENT_3D ( 'NONE', #1945, #6159, #4759 ) ;
#4733 = EDGE_LOOP ( 'NONE', ( #5294, #762, #4550, #791 ) ) ;
#4734 = DIRECTION ( 'NONE',  ( 0.000000000000000000, 0.000000000000000000, 1.000000000000000000 ) ) ;
#4735 = CIRCLE ( 'NONE', #3251, 2.000000000000000000 ) ;
#4736 = AXIS2_PLACEMENT_3D ( 'NONE', #2039, #1544, #4343 ) ;
#4737 = FACE_OUTER_BOUND ( 'NONE', #5497, .T. ) ;
#4738 = FACE_OUTER_BOUND ( 'NONE', #1575, .T. ) ;
#4739 = DIRECTION ( 'NONE',  ( 0.000000000000000000, 0.000000000000000000, 1.000000000000000000 ) ) ;
#4740 = VERTEX_POINT ( 'NONE', #1113 ) ;
#4741 = CARTESIAN_POINT ( 'NONE',  ( 42.27830066339484461, 5.143286207823522638, 3.000000000000000000 ) ) ;
#4742 = VECTOR ( 'NONE', #1223, 1000.000000000000000 ) ;
#4743 = CIRCLE ( 'NONE', #2440, 8.694264425220769255 ) ;
#4744 = VECTOR ( 'NONE', #3141, 1000.000000000000000 ) ;
#4745 = AXIS2_PLACEMENT_3D ( 'NONE', #589, #5360, #3548 ) ;
#4746 = DIRECTION ( 'NONE',  ( 0.000000000000000000, -0.000000000000000000, -1.000000000000000000 ) ) ;
#4747 = AXIS2_PLACEMENT_3D ( 'NONE', #6169, #932, #2834 ) ;
#4748 = ADVANCED_FACE ( 'NONE', ( #535 ), #6187, .F. ) ;
#4749 = CYLINDRICAL_SURFACE ( 'NONE', #2393, 4.005000000000001670 ) ;
#4750 = ORIENTED_EDGE ( 'NONE', *, *, #407, .T. ) ;
#4751 = CARTESIAN_POINT ( 'NONE',  ( 31.27027864416265857, 28.91500948497899870, 0.000000000000000000 ) ) ;
#4752 = EDGE_CURVE ( 'NONE', #4566, #3898, #1477, .T. ) ;
#4753 = FACE_OUTER_BOUND ( 'NONE', #6126, .T. ) ;
#4754 = ORIENTED_EDGE ( 'NONE', *, *, #4258, .T. ) ;
#4755 = EDGE_CURVE ( 'NONE', #1251, #3466, #2879, .T. ) ;
#4756 = FACE_OUTER_BOUND ( 'NONE', #4531, .T. ) ;
#4757 = ORIENTED_EDGE ( 'NONE', *, *, #3990, .F. ) ;
#4758 = ORIENTED_EDGE ( 'NONE', *, *, #6192, .F. ) ;
#4759 = DIRECTION ( 'NONE',  ( 1.000000000000000000, 0.000000000000000000, 0.000000000000000000 ) ) ;
#4760 = ADVANCED_FACE ( 'NONE', ( #5808 ), #3357, .F. ) ;
#4761 = EDGE_CURVE ( 'NONE', #817, #2714, #1106, .T. ) ;
#4762 = EDGE_CURVE ( 'NONE', #2787, #3425, #2490, .T. ) ;
#4763 = CYLINDRICAL_SURFACE ( 'NONE', #2049, 42.59000000000001052 ) ;
#4764 = DIRECTION ( 'NONE',  ( 0.000000000000000000, 0.000000000000000000, 1.000000000000000000 ) ) ;
#4765 = ORIENTED_EDGE ( 'NONE', *, *, #6062, .F. ) ;
#4766 = VERTEX_POINT ( 'NONE', #4784 ) ;
#4767 = CARTESIAN_POINT ( 'NONE',  ( 8.564230350490797505, -41.72004384589897086, 3.000000000000000000 ) ) ;
#4768 = ORIENTED_EDGE ( 'NONE', *, *, #4073, .F. ) ;
#4769 = CYLINDRICAL_SURFACE ( 'NONE', #5529, 42.59000000000001052 ) ;
#4770 = DIRECTION ( 'NONE',  ( 0.000000000000000000, 0.000000000000000000, -1.000000000000000000 ) ) ;
#4771 = DIRECTION ( 'NONE',  ( 0.000000000000000000, 0.000000000000000000, 1.000000000000000000 ) ) ;
#4772 = ORIENTED_EDGE ( 'NONE', *, *, #366, .F. ) ;
#4773 = CYLINDRICAL_SURFACE ( 'NONE', #5422, 8.694264425220772807 ) ;
#4774 = CARTESIAN_POINT ( 'NONE',  ( 12.12627944162883331, -5.499999999999992006, -7.000000000000000000 ) ) ;
#4775 = AXIS2_PLACEMENT_3D ( 'NONE', #2877, #20, #2267 ) ;
#4776 = AXIS2_PLACEMENT_3D ( 'NONE', #1637, #3111, #3534 ) ;
#4777 = DIRECTION ( 'NONE',  ( 1.000000000000000000, 0.000000000000000000, 0.000000000000000000 ) ) ;
#4778 = ORIENTED_EDGE ( 'NONE', *, *, #3977, .T. ) ;
#4779 = DIRECTION ( 'NONE',  ( -0.9989412903386071241, -0.04600324397951118666, 0.000000000000000000 ) ) ;
#4780 = AXIS2_PLACEMENT_3D ( 'NONE', #1876, #2219, #1754 ) ;
#4781 = CARTESIAN_POINT ( 'NONE',  ( -15.28241655960433754, 21.03444185374861419, 3.000000000000000000 ) ) ;
#4782 = DIRECTION ( 'NONE',  ( 1.000000000000000000, 0.000000000000000000, 0.000000000000000000 ) ) ;
#4783 = AXIS2_PLACEMENT_3D ( 'NONE', #369, #4581, #3616 ) ;
#4784 = CARTESIAN_POINT ( 'NONE',  ( 37.36369933668176913, 16.20307056412941904, 3.000000000000000000 ) ) ;
#4785 = ORIENTED_EDGE ( 'NONE', *, *, #4648, .F. ) ;
#4786 = VECTOR ( 'NONE', #1766, 1000.000000000000000 ) ;
#4787 = CIRCLE ( 'NONE', #2100, 8.694264425220762149 ) ;
#4788 = DIRECTION ( 'NONE',  ( 0.000000000000000000, 0.000000000000000000, 1.000000000000000000 ) ) ;
#4789 = DIRECTION ( 'NONE',  ( -0.000000000000000000, -0.000000000000000000, -1.000000000000000000 ) ) ;
#4790 = AXIS2_PLACEMENT_3D ( 'NONE', #3729, #1425, #4640 ) ;
#4791 = CARTESIAN_POINT ( 'NONE',  ( -29.94915852961052849, 26.86437988392645337, 3.000000000000000000 ) ) ;
#4792 = DIRECTION ( 'NONE',  ( 0.000000000000000000, 0.000000000000000000, 1.000000000000000000 ) ) ;
#4793 = ORIENTED_EDGE ( 'NONE', *, *, #5862, .F. ) ;
#4794 = EDGE_CURVE ( 'NONE', #4996, #2044, #3683, .T. ) ;
#4795 = EDGE_LOOP ( 'NONE', ( #4051, #679, #2002, #6049 ) ) ;
#4796 = EDGE_CURVE ( 'NONE', #5410, #2880, #56, .T. ) ;
#4797 = LINE ( 'NONE', #6107, #5456 ) ;
#4798 = ORIENTED_EDGE ( 'NONE', *, *, #4752, .T. ) ;
#4799 = DIRECTION ( 'NONE',  ( 0.000000000000000000, 0.000000000000000000, 1.000000000000000000 ) ) ;
#4800 = CARTESIAN_POINT ( 'NONE',  ( 12.12627944162883331, -5.499999999999992006, -5.450000000000000178 ) ) ;
#4801 = FACE_OUTER_BOUND ( 'NONE', #1294, .T. ) ;
#4802 = ORIENTED_EDGE ( 'NONE', *, *, #3963, .F. ) ;
#4803 = DIRECTION ( 'NONE',  ( 0.3090169943749447867, 0.9510565162951544194, 0.000000000000000000 ) ) ;
#4804 = LINE ( 'NONE', #5616, #5028 ) ;
#4805 = LINE ( 'NONE', #3377, #1500 ) ;
#4806 = VERTEX_POINT ( 'NONE', #508 ) ;
#4807 = CARTESIAN_POINT ( 'NONE',  ( 41.89950047026291458, 4.279516735260113336, 3.000000000000000000 ) ) ;
#4808 = CARTESIAN_POINT ( 'NONE',  ( -6.926279441628820699, -5.500000000000010658, 3.000000000000000000 ) ) ;
#4809 = DIRECTION ( 'NONE',  ( 1.000000000000000000, 0.000000000000000000, 0.000000000000000000 ) ) ;
#4810 = DIRECTION ( 'NONE',  ( -0.000000000000000000, -0.000000000000000000, 1.000000000000000000 ) ) ;
#4811 = VERTEX_POINT ( 'NONE', #3875 ) ;
#4812 = CARTESIAN_POINT ( 'NONE',  ( 36.50678595023187967, -21.00327226225745392, 3.000000000000000000 ) ) ;
#4813 = CARTESIAN_POINT ( 'NONE',  ( 31.27027864416266567, 28.91500948497898094, 0.000000000000000000 ) ) ;
#4814 = CARTESIAN_POINT ( 'NONE',  ( 21.27125075188002157, -36.12149989430897534, 0.000000000000000000 ) ) ;
#4815 = ADVANCED_FACE ( 'NONE', ( #2505 ), #94, .T. ) ;
#4816 = CARTESIAN_POINT ( 'NONE',  ( 29.21897447428411354, -30.98644269145998820, 3.000000000000000000 ) ) ;
#4817 = ORIENTED_EDGE ( 'NONE', *, *, #4708, .T. ) ;
#4818 = ORIENTED_EDGE ( 'NONE', *, *, #1322, .F. ) ;
#4819 = CARTESIAN_POINT ( 'NONE',  ( 15.28241655960402312, 21.03444185374883801, 3.000000000000000000 ) ) ;
#4820 = EDGE_LOOP ( 'NONE', ( #5695, #1016, #4695, #1277 ) ) ;
#4821 = CARTESIAN_POINT ( 'NONE',  ( 1.815570296198429345E-13, -26.00000000000000000, 10.00000000000000000 ) ) ;
#4822 = VERTEX_POINT ( 'NONE', #4402 ) ;
#4823 = CARTESIAN_POINT ( 'NONE',  ( -24.72746942367396272, -8.034441853748742091, 10.00000000000000000 ) ) ;
#4824 = DIRECTION ( 'NONE',  ( 1.000000000000000000, 0.000000000000000000, 0.000000000000000000 ) ) ;
#4825 = VECTOR ( 'NONE', #4977, 1000.000000000000000 ) ;
#4826 = ORIENTED_EDGE ( 'NONE', *, *, #2975, .T. ) ;
#4827 = LINE ( 'NONE', #1033, #3899 ) ;
#4828 = EDGE_LOOP ( 'NONE', ( #1960, #83, #5023, #2858 ) ) ;
#4829 = CIRCLE ( 'NONE', #1052, 8.694264425220763925 ) ;
#4830 = EDGE_CURVE ( 'NONE', #4615, #984, #4879, .T. ) ;
#4831 = LINE ( 'NONE', #1962, #4233 ) ;
#4832 = ADVANCED_FACE ( 'NONE', ( #4305 ), #3383, .T. ) ;
#4833 = EDGE_CURVE ( 'NONE', #3435, #276, #3780, .T. ) ;
#4834 = VECTOR ( 'NONE', #1450, 1000.000000000000000 ) ;
#4835 = CARTESIAN_POINT ( 'NONE',  ( -32.78112118826224020, -24.03241722527476298, 3.000000000000000000 ) ) ;
#4836 = EDGE_LOOP ( 'NONE', ( #2013, #5870, #2315, #5316 ) ) ;
#4837 = AXIS2_PLACEMENT_3D ( 'NONE', #2721, #1712, #1743 ) ;
#4838 = ORIENTED_EDGE ( 'NONE', *, *, #4833, .F. ) ;
#4839 = VECTOR ( 'NONE', #643, 1000.000000000000000 ) ;
#4840 = CARTESIAN_POINT ( 'NONE',  ( -42.23646744650215368, -5.476213805227550857, 3.000000000000000000 ) ) ;
#4841 = CARTESIAN_POINT ( 'NONE',  ( 0.3883374136555626244, -40.87187053907685907, 0.000000000000000000 ) ) ;
#4842 = DIRECTION ( 'NONE',  ( -0.000000000000000000, -0.000000000000000000, -1.000000000000000000 ) ) ;
#4843 = DIRECTION ( 'NONE',  ( 1.000000000000000000, 0.000000000000000000, 0.000000000000000000 ) ) ;
#4844 = ORIENTED_EDGE ( 'NONE', *, *, #2462, .F. ) ;
#4845 = DIRECTION ( 'NONE',  ( -0.000000000000000000, 0.000000000000000000, 1.000000000000000000 ) ) ;
#4846 = AXIS2_PLACEMENT_3D ( 'NONE', #1413, #4154, #3227 ) ;
#4847 = CARTESIAN_POINT ( 'NONE',  ( 0.3883374136555626244, -40.87187053907685907, 0.000000000000000000 ) ) ;
#4848 = VECTOR ( 'NONE', #4528, 1000.000000000000000 ) ;
#4849 = LINE ( 'NONE', #4814, #5126 ) ;
#4850 = CARTESIAN_POINT ( 'NONE',  ( 35.19267991137098051, -20.46393609590010243, 0.000000000000000000 ) ) ;
#4851 = LINE ( 'NONE', #580, #1486 ) ;
#4852 = EDGE_LOOP ( 'NONE', ( #23, #773, #1547, #2633 ) ) ;
#4853 = CYLINDRICAL_SURFACE ( 'NONE', #830, 5.000000000000000888 ) ;
#4854 = ORIENTED_EDGE ( 'NONE', *, *, #978, .F. ) ;
#4855 = FACE_OUTER_BOUND ( 'NONE', #712, .T. ) ;
#4856 = ORIENTED_EDGE ( 'NONE', *, *, #42, .T. ) ;
#4857 = CARTESIAN_POINT ( 'NONE',  ( 36.50678595023187967, -21.00327226225745392, 0.000000000000000000 ) ) ;
#4858 = CARTESIAN_POINT ( 'NONE',  ( 12.93125282058071335, -38.88526790231286867, 3.000000000000000000 ) ) ;
#4859 = ORIENTED_EDGE ( 'NONE', *, *, #1060, .F. ) ;
#4860 = DIRECTION ( 'NONE',  ( -0.000000000000000000, 0.000000000000000000, 1.000000000000000000 ) ) ;
#4861 = ADVANCED_FACE ( 'NONE', ( #4964 ), #5406, .F. ) ;
#4862 = CARTESIAN_POINT ( 'NONE',  ( 36.50678595023187967, -21.00327226225745392, 0.000000000000000000 ) ) ;
#4863 = DIRECTION ( 'NONE',  ( 1.000000000000000000, 0.000000000000000000, 0.000000000000000000 ) ) ;
#4864 = ORIENTED_EDGE ( 'NONE', *, *, #3014, .T. ) ;
#4865 = EDGE_LOOP ( 'NONE', ( #4971, #3732 ) ) ;
#4866 = EDGE_CURVE ( 'NONE', #4306, #4214, #5381, .T. ) ;
#4867 = EDGE_CURVE ( 'NONE', #710, #5592, #3983, .T. ) ;
#4868 = ORIENTED_EDGE ( 'NONE', *, *, #2743, .T. ) ;
#4869 = DIRECTION ( 'NONE',  ( 1.000000000000000000, 0.000000000000000000, 0.000000000000000000 ) ) ;
#4870 = EDGE_CURVE ( 'NONE', #2205, #5790, #3559, .T. ) ;
#4871 = CARTESIAN_POINT ( 'NONE',  ( -31.01462764118191373, 28.15835394795180946, 0.000000000000000000 ) ) ;
#4872 = CARTESIAN_POINT ( 'NONE',  ( -36.58472689284099744, -6.071532165918824830E-15, 3.000000000000000000 ) ) ;
#4873 = FACE_OUTER_BOUND ( 'NONE', #3771, .T. ) ;
#4874 = ORIENTED_EDGE ( 'NONE', *, *, #944, .F. ) ;
#4875 = CIRCLE ( 'NONE', #5067, 42.59000000000001052 ) ;
#4876 = CARTESIAN_POINT ( 'NONE',  ( 18.28802050313770877, -38.46370244889089918, 0.000000000000000000 ) ) ;
#4877 = EDGE_CURVE ( 'NONE', #4822, #4150, #3197, .T. ) ;
#4878 = DIRECTION ( 'NONE',  ( 0.000000000000000000, 0.000000000000000000, 1.000000000000000000 ) ) ;
#4879 = CIRCLE ( 'NONE', #703, 8.694264425220767478 ) ;
#4880 = VECTOR ( 'NONE', #2982, 1000.000000000000000 ) ;
#4881 = DIRECTION ( 'NONE',  ( -0.000000000000000000, -0.000000000000000000, 1.000000000000000000 ) ) ;
#4882 = FACE_OUTER_BOUND ( 'NONE', #2542, .T. ) ;
#4883 = CARTESIAN_POINT ( 'NONE',  ( -29.94915852961013059, -26.86437988392690457, 0.000000000000000000 ) ) ;
#4884 = ORIENTED_EDGE ( 'NONE', *, *, #2776, .T. ) ;
#4885 = VECTOR ( 'NONE', #1875, 1000.000000000000000 ) ;
#4886 = DIRECTION ( 'NONE',  ( 0.000000000000000000, 0.000000000000000000, 1.000000000000000000 ) ) ;
#4887 = ADVANCED_FACE ( 'NONE', ( #2638 ), #672, .T. ) ;
#4888 = VECTOR ( 'NONE', #4070, 1000.000000000000000 ) ;
#4889 = FACE_OUTER_BOUND ( 'NONE', #2016, .T. ) ;
#4890 = VERTEX_POINT ( 'NONE', #5992 ) ;
#4891 = LINE ( 'NONE', #3892, #5324 ) ;
#4892 = DIRECTION ( 'NONE',  ( 0.000000000000000000, 0.000000000000000000, 1.000000000000000000 ) ) ;
#4893 = ORIENTED_EDGE ( 'NONE', *, *, #5471, .F. ) ;
#4894 = DIRECTION ( 'NONE',  ( 0.000000000000000000, 0.000000000000000000, 1.000000000000000000 ) ) ;
#4895 = LINE ( 'NONE', #4049, #352 ) ;
#4896 = DIRECTION ( 'NONE',  ( 1.000000000000000000, 0.000000000000000000, 0.000000000000000000 ) ) ;
#4897 = ORIENTED_EDGE ( 'NONE', *, *, #1631, .T. ) ;
#4898 = EDGE_LOOP ( 'NONE', ( #1222, #1135 ) ) ;
#4899 = ORIENTED_EDGE ( 'NONE', *, *, #2519, .F. ) ;
#4900 = CYLINDRICAL_SURFACE ( 'NONE', #4546, 5.000000000000000888 ) ;
#4901 = DIRECTION ( 'NONE',  ( 1.000000000000000000, 0.000000000000000000, 0.000000000000000000 ) ) ;
#4902 = EDGE_CURVE ( 'NONE', #198, #5393, #701, .T. ) ;
#4903 = CARTESIAN_POINT ( 'NONE',  ( 10.28241655960448675, -21.03444185374849695, 10.00000000000000000 ) ) ;
#4904 = EDGE_CURVE ( 'NONE', #4306, #4380, #3162, .T. ) ;
#4905 = DIRECTION ( 'NONE',  ( -1.000000000000000000, 0.000000000000000000, 0.000000000000000000 ) ) ;
#4906 = EDGE_LOOP ( 'NONE', ( #620, #3527, #1195, #5901 ) ) ;
#4907 = EDGE_CURVE ( 'NONE', #3995, #5037, #2696, .T. ) ;
#4908 = LINE ( 'NONE', #538, #1650 ) ;
#4909 = CIRCLE ( 'NONE', #3122, 1.500000000000000444 ) ;
#4910 = EDGE_CURVE ( 'NONE', #4996, #4150, #1719, .T. ) ;
#4911 = CARTESIAN_POINT ( 'NONE',  ( -7.713313367253138431, -41.88571232411541700, 3.000000000000000000 ) ) ;
#4912 = EDGE_CURVE ( 'NONE', #1508, #626, #389, .T. ) ;
#4913 = CIRCLE ( 'NONE', #2222, 4.005000000000003446 ) ;
#4914 = DIRECTION ( 'NONE',  ( 0.000000000000000000, 0.000000000000000000, -1.000000000000000000 ) ) ;
#4915 = DIRECTION ( 'NONE',  ( 1.000000000000000000, 0.000000000000000000, 0.000000000000000000 ) ) ;
#4916 = VERTEX_POINT ( 'NONE', #3589 ) ;
#4917 = CARTESIAN_POINT ( 'NONE',  ( -28.77612118826223764, -24.03241722527476298, 0.000000000000000000 ) ) ;
#4918 = EDGE_LOOP ( 'NONE', ( #556, #332, #2980, #2448 ) ) ;
#4919 = CARTESIAN_POINT ( 'NONE',  ( -17.66384276087217486, -38.75431277831133059, 3.000000000000000000 ) ) ;
#4920 = EDGE_LOOP ( 'NONE', ( #4793, #171, #6006, #3029 ) ) ;
#4921 = DIRECTION ( 'NONE',  ( 1.000000000000000000, 0.000000000000000000, 0.000000000000000000 ) ) ;
#4922 = LINE ( 'NONE', #2525, #2103 ) ;
#4923 = ORIENTED_EDGE ( 'NONE', *, *, #2851, .T. ) ;
#4924 = DIRECTION ( 'NONE',  ( 0.000000000000000000, -0.000000000000000000, 1.000000000000000000 ) ) ;
#4925 = CYLINDRICAL_SURFACE ( 'NONE', #1752, 4.005000000000001670 ) ;
#4926 = AXIS2_PLACEMENT_3D ( 'NONE', #2621, #3602, #3668 ) ;
#4927 = DIRECTION ( 'NONE',  ( 0.000000000000000000, -0.000000000000000000, 1.000000000000000000 ) ) ;
#4928 = VERTEX_POINT ( 'NONE', #756 ) ;
#4929 = VERTEX_POINT ( 'NONE', #1230 ) ;
#4930 = AXIS2_PLACEMENT_3D ( 'NONE', #2075, #4792, #3023 ) ;
#4931 = CARTESIAN_POINT ( 'NONE',  ( -37.15235299575964945, -20.82332266662719533, 3.000000000000000000 ) ) ;
#4932 = VECTOR ( 'NONE', #2198, 1000.000000000000000 ) ;
#4933 = DIRECTION ( 'NONE',  ( 0.7829358478692646228, 0.6221024498595353336, -0.000000000000000000 ) ) ;
#4934 = CARTESIAN_POINT ( 'NONE',  ( 0.3883374136549826994, 40.87187053907685197, 0.000000000000000000 ) ) ;
#4935 = VECTOR ( 'NONE', #1304, 1000.000000000000000 ) ;
#4936 = EDGE_LOOP ( 'NONE', ( #740, #727, #1632, #49 ) ) ;
#4937 = CARTESIAN_POINT ( 'NONE',  ( -5.499999999999943157, 9.526279441628854983, -7.000000000000000000 ) ) ;
#4938 = ADVANCED_FACE ( 'NONE', ( #2668 ), #4555, .F. ) ;
#4939 = VECTOR ( 'NONE', #5329, 1000.000000000000000 ) ;
#4940 = AXIS2_PLACEMENT_3D ( 'NONE', #3847, #5341, #4335 ) ;
#4941 = PLANE ( 'NONE',  #4638 ) ;
#4942 = DIRECTION ( 'NONE',  ( 0.000000000000000000, 0.000000000000000000, 1.000000000000000000 ) ) ;
#4943 = ORIENTED_EDGE ( 'NONE', *, *, #437, .T. ) ;
#4944 = VECTOR ( 'NONE', #5234, 1000.000000000000000 ) ;
#4945 = ORIENTED_EDGE ( 'NONE', *, *, #4211, .F. ) ;
#4946 = FACE_OUTER_BOUND ( 'NONE', #2470, .T. ) ;
#4947 = AXIS2_PLACEMENT_3D ( 'NONE', #1975, #5311, #1044 ) ;
#4948 = EDGE_CURVE ( 'NONE', #5685, #3170, #5049, .T. ) ;
#4949 = EDGE_CURVE ( 'NONE', #4053, #1188, #5770, .T. ) ;
#4950 = ORIENTED_EDGE ( 'NONE', *, *, #2671, .T. ) ;
#4951 = CARTESIAN_POINT ( 'NONE',  ( -7.713313367253139319, -41.88571232411542411, 3.000000000000000000 ) ) ;
#4952 = ORIENTED_EDGE ( 'NONE', *, *, #5747, .T. ) ;
#4953 = CARTESIAN_POINT ( 'NONE',  ( -23.73575383944879391, -33.07778457408817729, 0.000000000000000000 ) ) ;
#4954 = CARTESIAN_POINT ( 'NONE',  ( 12.83957879275061309, 38.89978764190320959, 3.000000000000000000 ) ) ;
#4955 = ORIENTED_EDGE ( 'NONE', *, *, #2556, .F. ) ;
#4956 = CARTESIAN_POINT ( 'NONE',  ( 38.56089682255161222, 16.94070134733178890, 0.000000000000000000 ) ) ;
#4957 = FACE_OUTER_BOUND ( 'NONE', #942, .T. ) ;
#4958 = LINE ( 'NONE', #2628, #3445 ) ;
#4959 = CIRCLE ( 'NONE', #577, 5.000000000000000888 ) ;
#4960 = DIRECTION ( 'NONE',  ( 0.000000000000000000, 0.000000000000000000, 1.000000000000000000 ) ) ;
#4961 = ORIENTED_EDGE ( 'NONE', *, *, #4213, .T. ) ;
#4962 = ORIENTED_EDGE ( 'NONE', *, *, #5321, .T. ) ;
#4963 = CARTESIAN_POINT ( 'NONE',  ( -24.72746942367396272, -8.034441853748742091, 3.000000000000000000 ) ) ;
#4964 = FACE_OUTER_BOUND ( 'NONE', #2929, .T. ) ;
#4965 = ORIENTED_EDGE ( 'NONE', *, *, #2709, .T. ) ;
#4966 = CARTESIAN_POINT ( 'NONE',  ( -39.96320686035490866, 3.955691804083529828, 0.000000000000000000 ) ) ;
#4967 = ORIENTED_EDGE ( 'NONE', *, *, #2422, .T. ) ;
#4968 = AXIS2_PLACEMENT_3D ( 'NONE', #983, #604, #22 ) ;
#4969 = CARTESIAN_POINT ( 'NONE',  ( -20.50176531472157393, 37.33076102867553914, 3.000000000000000000 ) ) ;
#4970 = EDGE_CURVE ( 'NONE', #1568, #3857, #2791, .T. ) ;
#4971 = ORIENTED_EDGE ( 'NONE', *, *, #5593, .F. ) ;
#4972 = CARTESIAN_POINT ( 'NONE',  ( 9.526279441628830114, -5.499999999999992006, 3.000000000000000000 ) ) ;
#4973 = AXIS2_PLACEMENT_3D ( 'NONE', #356, #3380, #2913 ) ;
#4974 = ORIENTED_EDGE ( 'NONE', *, *, #5093, .T. ) ;
#4975 = DIRECTION ( 'NONE',  ( 0.000000000000000000, 0.000000000000000000, 1.000000000000000000 ) ) ;
#4976 = ORIENTED_EDGE ( 'NONE', *, *, #2853, .F. ) ;
#4977 = DIRECTION ( 'NONE',  ( 0.000000000000000000, 0.000000000000000000, 1.000000000000000000 ) ) ;
#4978 = EDGE_CURVE ( 'NONE', #1909, #3436, #4578, .T. ) ;
#4979 = EDGE_CURVE ( 'NONE', #2499, #2407, #2313, .T. ) ;
#4980 = ORIENTED_EDGE ( 'NONE', *, *, #3872, .T. ) ;
#4981 = AXIS2_PLACEMENT_3D ( 'NONE', #3372, #5669, #4170 ) ;
#4982 = EDGE_LOOP ( 'NONE', ( #5541, #725, #3891, #4130 ) ) ;
#4983 = DIRECTION ( 'NONE',  ( -0.000000000000000000, 0.000000000000000000, -1.000000000000000000 ) ) ;
#4984 = CARTESIAN_POINT ( 'NONE',  ( 39.19645102772892642, -12.54291540692517870, 3.000000000000000000 ) ) ;
#4985 = DIRECTION ( 'NONE',  ( 0.000000000000000000, 0.000000000000000000, 1.000000000000000000 ) ) ;
#4986 = CARTESIAN_POINT ( 'NONE',  ( 33.30881660225542618, -24.09804858293331975, 0.000000000000000000 ) ) ;
#4987 = EDGE_LOOP ( 'NONE', ( #5960, #5759, #3750, #3496 ) ) ;
#4988 = ORIENTED_EDGE ( 'NONE', *, *, #4682, .T. ) ;
#4989 = VERTEX_POINT ( 'NONE', #1346 ) ;
#4990 = ADVANCED_FACE ( 'NONE', ( #4619 ), #3255, .F. ) ;
#4991 = DIRECTION ( 'NONE',  ( 0.000000000000000000, 0.000000000000000000, 1.000000000000000000 ) ) ;
#4992 = AXIS2_PLACEMENT_3D ( 'NONE', #3517, #4894, #2023 ) ;
#4993 = CARTESIAN_POINT ( 'NONE',  ( -24.72746942367396272, -8.034441853748742091, 3.000000000000000000 ) ) ;
#4994 = ORIENTED_EDGE ( 'NONE', *, *, #6064, .F. ) ;
#4995 = CARTESIAN_POINT ( 'NONE',  ( 20.28241655960448497, -21.03444185374849695, 3.000000000000000000 ) ) ;
#4996 = VERTEX_POINT ( 'NONE', #2694 ) ;
#4997 = DIRECTION ( 'NONE',  ( 0.000000000000000000, 0.000000000000000000, -1.000000000000000000 ) ) ;
#4998 = VERTEX_POINT ( 'NONE', #4687 ) ;
#4999 = AXIS2_PLACEMENT_3D ( 'NONE', #1864, #3822, #4731 ) ;
#5000 = LINE ( 'NONE', #1237, #4932 ) ;
#5001 = CARTESIAN_POINT ( 'NONE',  ( -36.77037256503043494, 16.20307056412863744, 0.000000000000000000 ) ) ;
#5002 = DIRECTION ( 'NONE',  ( -0.9510565162951556406, 0.3090169943749414561, 0.000000000000000000 ) ) ;
#5003 = VERTEX_POINT ( 'NONE', #3744 ) ;
#5004 = ORIENTED_EDGE ( 'NONE', *, *, #3603, .T. ) ;
#5005 = FACE_OUTER_BOUND ( 'NONE', #4920, .T. ) ;
#5006 = CARTESIAN_POINT ( 'NONE',  ( 0.000000000000000000, 0.000000000000000000, 0.000000000000000000 ) ) ;
#5007 = ADVANCED_FACE ( 'NONE', ( #5081 ), #5110, .F. ) ;
#5008 = EDGE_CURVE ( 'NONE', #2124, #3157, #2340, .T. ) ;
#5009 = CYLINDRICAL_SURFACE ( 'NONE', #467, 2.600000000000003197 ) ;
#5010 = CARTESIAN_POINT ( 'NONE',  ( 35.19267991137068918, 20.46393609590061757, 0.000000000000000000 ) ) ;
#5011 = ORIENTED_EDGE ( 'NONE', *, *, #2709, .F. ) ;
#5012 = EDGE_LOOP ( 'NONE', ( #3442, #1363, #411, #5262 ) ) ;
#5013 = CYLINDRICAL_SURFACE ( 'NONE', #131, 8.694264425220762149 ) ;
#5014 = VERTEX_POINT ( 'NONE', #4208 ) ;
#5015 = EDGE_CURVE ( 'NONE', #3980, #5871, #819, .T. ) ;
#5016 = ADVANCED_FACE ( 'NONE', ( #5617 ), #2762, .F. ) ;
#5017 = AXIS2_PLACEMENT_3D ( 'NONE', #5859, #3485, #652 ) ;
#5018 = CYLINDRICAL_SURFACE ( 'NONE', #1690, 42.59000000000001052 ) ;
#5019 = CARTESIAN_POINT ( 'NONE',  ( 24.32908061110023112, 33.07778457408836204, 0.000000000000000000 ) ) ;
#5020 = ORIENTED_EDGE ( 'NONE', *, *, #1102, .F. ) ;
#5021 = CIRCLE ( 'NONE', #5017, 2.599999999999998757 ) ;
#5022 = SURFACE_STYLE_FILL_AREA ( #2190 ) ;
#5023 = ORIENTED_EDGE ( 'NONE', *, *, #1788, .F. ) ;
#5024 = VECTOR ( 'NONE', #1353, 1000.000000000000000 ) ;
#5025 = CYLINDRICAL_SURFACE ( 'NONE', #446, 8.694264425220763925 ) ;
#5026 = ORIENTED_EDGE ( 'NONE', *, *, #1256, .T. ) ;
#5027 = DIRECTION ( 'NONE',  ( 0.000000000000000000, 0.000000000000000000, 1.000000000000000000 ) ) ;
#5028 = VECTOR ( 'NONE', #2813, 1000.000000000000000 ) ;
#5029 = ORIENTED_EDGE ( 'NONE', *, *, #614, .F. ) ;
#5030 = AXIS2_PLACEMENT_3D ( 'NONE', #4579, #304, #3648 ) ;
#5031 = DIRECTION ( 'NONE',  ( -0.000000000000000000, -0.000000000000000000, -1.000000000000000000 ) ) ;
#5032 = VECTOR ( 'NONE', #6002, 1000.000000000000000 ) ;
#5033 = AXIS2_PLACEMENT_3D ( 'NONE', #3950, #1028, #172 ) ;
#5034 = CARTESIAN_POINT ( 'NONE',  ( -29.94915852961013059, -26.86437988392690457, 3.000000000000000000 ) ) ;
#5035 = CARTESIAN_POINT ( 'NONE',  ( -39.21512454897323607, -8.678897630671206898, 0.000000000000000000 ) ) ;
#5036 = ORIENTED_EDGE ( 'NONE', *, *, #5511, .T. ) ;
#5037 = VERTEX_POINT ( 'NONE', #4238 ) ;
#5038 = DIRECTION ( 'NONE',  ( -0.000000000000000000, -0.000000000000000000, 1.000000000000000000 ) ) ;
#5039 = DIRECTION ( 'NONE',  ( -0.000000000000000000, -0.000000000000000000, -1.000000000000000000 ) ) ;
#5040 = ORIENTED_EDGE ( 'NONE', *, *, #3014, .F. ) ;
#5041 = DIRECTION ( 'NONE',  ( -0.000000000000000000, -0.000000000000000000, 1.000000000000000000 ) ) ;
#5042 = LINE ( 'NONE', #776, #3346 ) ;
#5043 = AXIS2_PLACEMENT_3D ( 'NONE', #4016, #1653, #3577 ) ;
#5044 = CARTESIAN_POINT ( 'NONE',  ( -12.33792604892874323, -38.88526790231296104, 0.000000000000000000 ) ) ;
#5045 = VERTEX_POINT ( 'NONE', #883 ) ;
#5046 = LINE ( 'NONE', #4583, #1302 ) ;
#5047 = ORIENTED_EDGE ( 'NONE', *, *, #1604, .F. ) ;
#5048 = DIRECTION ( 'NONE',  ( -0.000000000000000000, -0.000000000000000000, -1.000000000000000000 ) ) ;
#5049 = LINE ( 'NONE', #189, #1689 ) ;
#5050 = EDGE_CURVE ( 'NONE', #3961, #4998, #1299, .T. ) ;
#5051 = VERTEX_POINT ( 'NONE', #4657 ) ;
#5052 = EDGE_CURVE ( 'NONE', #1433, #1188, #374, .T. ) ;
#5053 = CARTESIAN_POINT ( 'NONE',  ( 38.56089682255161222, 16.94070134733178890, 0.000000000000000000 ) ) ;
#5054 = ORIENTED_EDGE ( 'NONE', *, *, #3160, .T. ) ;
#5055 = DIRECTION ( 'NONE',  ( -0.2629337872632654949, -0.9648138802460274333, 0.000000000000000000 ) ) ;
#5056 = VERTEX_POINT ( 'NONE', #3657 ) ;
#5057 = ORIENTED_EDGE ( 'NONE', *, *, #3531, .F. ) ;
#5058 = CARTESIAN_POINT ( 'NONE',  ( -40.58972689284099999, -6.071532165918824830E-15, 3.000000000000000000 ) ) ;
#5059 = CARTESIAN_POINT ( 'NONE',  ( 40.55653363200658390, 3.955691804083540042, 3.000000000000000000 ) ) ;
#5060 = VECTOR ( 'NONE', #3973, 1000.000000000000000 ) ;
#5061 = DIRECTION ( 'NONE',  ( -0.000000000000000000, -0.000000000000000000, -1.000000000000000000 ) ) ;
#5062 = CARTESIAN_POINT ( 'NONE',  ( 39.19645102772892642, -12.54291540692517870, 0.000000000000000000 ) ) ;
#5063 = ORIENTED_EDGE ( 'NONE', *, *, #5738, .T. ) ;
#5064 = ORIENTED_EDGE ( 'NONE', *, *, #2974, .T. ) ;
#5065 = LINE ( 'NONE', #1706, #799 ) ;
#5066 = DIRECTION ( 'NONE',  ( -0.000000000000000000, -0.000000000000000000, -1.000000000000000000 ) ) ;
#5067 = AXIS2_PLACEMENT_3D ( 'NONE', #5214, #4190, #1383 ) ;
#5068 = ORIENTED_EDGE ( 'NONE', *, *, #5322, .F. ) ;
#5069 = DIRECTION ( 'NONE',  ( 1.000000000000000000, 0.000000000000000000, 0.000000000000000000 ) ) ;
#5070 = AXIS2_PLACEMENT_3D ( 'NONE', #4712, #3714, #4181 ) ;
#5071 = LINE ( 'NONE', #160, #1260 ) ;
#5072 = AXIS2_PLACEMENT_3D ( 'NONE', #4963, #3522, #3041 ) ;
#5073 = CLOSED_SHELL ( 'NONE', ( #912, #4483, #2544, #1331, #3569, #2425, #2512, #2161, #2008, #3423, #3553, #2629, #3614, #3499, #3918, #5371, #1700, #2537, #2502, #4458, #5559, #876, #4407, #4722, #6004, #2699, #1258, #1289, #1561, #4720, #1738, #2816, #5178, #5913, #137, #3641, #2973, #2924, #4815, #329, #5590, #2246, #2481, #460, #1707, #6094, #6096, #4143, #5736, #5972, #2545, #4832, #5223, #1095, #3808, #2555, #2388, #1388, #4681, #1858, #413, #2417, #2886, #5821, #2093, #1096, #154, #3016, #5903, #2896, #1783, #4598, #1824, #790, #4887, #406, #1885, #288, #2427, #5364, #421, #3533, #1741, #219, #1832, #5558, #3793, #4025, #3422, #4179, #107, #1141, #2274, #5627, #1900, #5286, #5283, #3998, #3206, #5830, #3360, #13, #3986, #3167, #466, #1822, #4748, #5956, #1665, #3874, #3568, #327, #5212, #3604, #280, #5361, #3654, #5204, #1108, #6119, #2626, #4861, #1964, #5291, #5016, #4664, #3596, #959, #228, #855, #3248, #5628, #4725, #4399, #4565, #4938, #4368, #1782, #3761, #3278, #4523, #4649, #2932, #3200, #5645, #5400, #1601, #2357, #4449, #5343, #5292, #5007, #890, #4559, #2045, #216, #6033, #1025, #857, #2496, #97, #5118, #5363, #517, #478, #4760, #4103, #1183, #2635, #2199, #1440, #4990, #1257, #3682, #1594, #2664, #3804, #2386 ) ) ;
#5074 = DIRECTION ( 'NONE',  ( -1.000000000000000000, 0.000000000000000000, 0.000000000000000000 ) ) ;
#5075 = ORIENTED_EDGE ( 'NONE', *, *, #2726, .T. ) ;
#5076 = CARTESIAN_POINT ( 'NONE',  ( -35.74820238481292733, -12.73577567293000712, 3.000000000000000000 ) ) ;
#5077 = ORIENTED_EDGE ( 'NONE', *, *, #3081, .F. ) ;
#5078 = CIRCLE ( 'NONE', #2191, 8.694264425220771031 ) ;
#5079 = VECTOR ( 'NONE', #2595, 1000.000000000000000 ) ;
#5080 = DIRECTION ( 'NONE',  ( 0.000000000000000000, 0.000000000000000000, 1.000000000000000000 ) ) ;
#5081 = FACE_OUTER_BOUND ( 'NONE', #1154, .T. ) ;
#5082 = ORIENTED_EDGE ( 'NONE', *, *, #616, .T. ) ;
#5083 = DIRECTION ( 'NONE',  ( -0.9987894080279211551, 0.04919063336891354998, -0.000000000000000000 ) ) ;
#5084 = EDGE_CURVE ( 'NONE', #77, #1020, #6150, .T. ) ;
#5085 = EDGE_CURVE ( 'NONE', #4822, #2129, #1378, .T. ) ;
#5086 = EDGE_CURVE ( 'NONE', #4890, #3211, #5575, .T. ) ;
#5087 = CARTESIAN_POINT ( 'NONE',  ( -24.72746942367401601, 8.034441853748564455, 3.000000000000000000 ) ) ;
#5088 = VERTEX_POINT ( 'NONE', #3775 ) ;
#5089 = CARTESIAN_POINT ( 'NONE',  ( -9.526279441628833666, 5.499999999999986677, -5.450000000000000178 ) ) ;
#5090 = ORIENTED_EDGE ( 'NONE', *, *, #3953, .T. ) ;
#5091 = CARTESIAN_POINT ( 'NONE',  ( -9.000000000000000000, -1.347111479062088405E-15, -7.000000000000000000 ) ) ;
#5092 = EDGE_CURVE ( 'NONE', #5564, #2787, #4115, .T. ) ;
#5093 = EDGE_CURVE ( 'NONE', #4088, #2866, #5679, .T. ) ;
#5094 = EDGE_CURVE ( 'NONE', #1, #5509, #2887, .T. ) ;
#5095 = DIRECTION ( 'NONE',  ( 1.000000000000000000, 0.000000000000000000, 0.000000000000000000 ) ) ;
#5096 = LINE ( 'NONE', #1829, #4037 ) ;
#5097 = CARTESIAN_POINT ( 'NONE',  ( 19.72746942367398759, 8.034441853748626627, 0.000000000000000000 ) ) ;
#5098 = ORIENTED_EDGE ( 'NONE', *, *, #3092, .F. ) ;
#5099 = DIRECTION ( 'NONE',  ( -0.000000000000000000, -0.000000000000000000, 1.000000000000000000 ) ) ;
#5100 = FACE_OUTER_BOUND ( 'NONE', #1866, .T. ) ;
#5101 = EDGE_CURVE ( 'NONE', #108, #2194, #915, .T. ) ;
#5102 = VERTEX_POINT ( 'NONE', #1411 ) ;
#5103 = DIRECTION ( 'NONE',  ( -0.000000000000000000, -0.000000000000000000, 1.000000000000000000 ) ) ;
#5104 = DIRECTION ( 'NONE',  ( -0.000000000000000000, -0.000000000000000000, -1.000000000000000000 ) ) ;
#5105 = CARTESIAN_POINT ( 'NONE',  ( 24.24638027584568079, -33.11992249958226608, 0.000000000000000000 ) ) ;
#5106 = ORIENTED_EDGE ( 'NONE', *, *, #2238, .F. ) ;
#5107 = DIRECTION ( 'NONE',  ( 0.000000000000000000, 0.000000000000000000, -1.000000000000000000 ) ) ;
#5108 = ORIENTED_EDGE ( 'NONE', *, *, #979, .T. ) ;
#5109 = FACE_OUTER_BOUND ( 'NONE', #6188, .T. ) ;
#5110 = PLANE ( 'NONE',  #5070 ) ;
#5111 = EDGE_LOOP ( 'NONE', ( #4624, #5737 ) ) ;
#5112 = DIRECTION ( 'NONE',  ( 1.000000000000000000, 0.000000000000000000, 0.000000000000000000 ) ) ;
#5113 = DIRECTION ( 'NONE',  ( 1.000000000000000000, 0.000000000000000000, 0.000000000000000000 ) ) ;
#5114 = EDGE_LOOP ( 'NONE', ( #2027, #2430, #1236, #306 ) ) ;
#5115 = AXIS2_PLACEMENT_3D ( 'NONE', #5062, #4486, #264 ) ;
#5116 = DIRECTION ( 'NONE',  ( -0.000000000000000000, -0.000000000000000000, -1.000000000000000000 ) ) ;
#5117 = VERTEX_POINT ( 'NONE', #2814 ) ;
#5118 = ADVANCED_FACE ( 'NONE', ( #1288 ), #5834, .F. ) ;
#5119 = FACE_BOUND ( 'NONE', #63, .T. ) ;
#5120 = EDGE_CURVE ( 'NONE', #3027, #3318, #3295, .T. ) ;
#5121 = DIRECTION ( 'NONE',  ( -0.000000000000000000, -0.000000000000000000, 1.000000000000000000 ) ) ;
#5122 = DIRECTION ( 'NONE',  ( 1.047656031839925206E-14, -1.000000000000000000, 0.000000000000000000 ) ) ;
#5123 = CIRCLE ( 'NONE', #1350, 5.000000000000000888 ) ;
#5124 = CARTESIAN_POINT ( 'NONE',  ( -10.28241655960433754, 21.03444185374861419, 0.000000000000000000 ) ) ;
#5125 = CIRCLE ( 'NONE', #4328, 8.694264425220769255 ) ;
#5126 = VECTOR ( 'NONE', #2411, 1000.000000000000000 ) ;
#5127 = ORIENTED_EDGE ( 'NONE', *, *, #4060, .T. ) ;
#5128 = EDGE_CURVE ( 'NONE', #3318, #3705, #4805, .T. ) ;
#5129 = LINE ( 'NONE', #2271, #5588 ) ;
#5130 = EDGE_CURVE ( 'NONE', #1451, #3806, #529, .T. ) ;
#5131 = CARTESIAN_POINT ( 'NONE',  ( 35.19267991137068918, 20.46393609590061757, 0.000000000000000000 ) ) ;
#5132 = VECTOR ( 'NONE', #3243, 999.9999999999998863 ) ;
#5133 = AXIS2_PLACEMENT_3D ( 'NONE', #506, #1040, #3873 ) ;
#5134 = EDGE_LOOP ( 'NONE', ( #869, #2900, #1369, #5338 ) ) ;
#5135 = CYLINDRICAL_SURFACE ( 'NONE', #5841, 2.600000000000000089 ) ;
#5136 = EDGE_CURVE ( 'NONE', #3951, #5051, #2977, .T. ) ;
#5137 = LINE ( 'NONE', #1430, #4133 ) ;
#5138 = CYLINDRICAL_SURFACE ( 'NONE', #2360, 4.005000000000001670 ) ;
#5139 = CARTESIAN_POINT ( 'NONE',  ( -35.74820238481232337, 12.73577567293060042, 3.000000000000000000 ) ) ;
#5140 = VERTEX_POINT ( 'NONE', #4326 ) ;
#5141 = DIRECTION ( 'NONE',  ( 1.000000000000000000, 0.000000000000000000, 0.000000000000000000 ) ) ;
#5142 = VECTOR ( 'NONE', #4340, 1000.000000000000000 ) ;
#5143 = DIRECTION ( 'NONE',  ( 0.000000000000000000, 0.000000000000000000, 1.000000000000000000 ) ) ;
#5144 = CARTESIAN_POINT ( 'NONE',  ( -15.28241655960433754, 21.03444185374861419, 10.00000000000000000 ) ) ;
#5145 = ORIENTED_EDGE ( 'NONE', *, *, #5867, .F. ) ;
#5146 = EDGE_CURVE ( 'NONE', #204, #4566, #1935, .T. ) ;
#5147 = CARTESIAN_POINT ( 'NONE',  ( -31.05746264471080664, 29.14347463965808416, 3.000000000000000000 ) ) ;
#5148 = CARTESIAN_POINT ( 'NONE',  ( -28.77612118826259646, 24.03241722527427271, 0.000000000000000000 ) ) ;
#5149 = ORIENTED_EDGE ( 'NONE', *, *, #235, .F. ) ;
#5150 = VERTEX_POINT ( 'NONE', #2910 ) ;
#5151 = CIRCLE ( 'NONE', #3864, 2.000000000000000000 ) ;
#5152 = CARTESIAN_POINT ( 'NONE',  ( -41.88590963261005840, -4.492228848172470812, 0.000000000000000000 ) ) ;
#5153 = ORIENTED_EDGE ( 'NONE', *, *, #5661, .F. ) ;
#5154 = CYLINDRICAL_SURFACE ( 'NONE', #5229, 8.694264425220762149 ) ;
#5155 = DIRECTION ( 'NONE',  ( 0.000000000000000000, 0.000000000000000000, 1.000000000000000000 ) ) ;
#5156 = CARTESIAN_POINT ( 'NONE',  ( 31.48356039147243024, 27.97842081040597506, 0.000000000000000000 ) ) ;
#5157 = VERTEX_POINT ( 'NONE', #2025 ) ;
#5158 = DIRECTION ( 'NONE',  ( 1.000000000000000000, 0.000000000000000000, 0.000000000000000000 ) ) ;
#5159 = CARTESIAN_POINT ( 'NONE',  ( 0.3883374136555626244, -40.87187053907685907, 3.000000000000000000 ) ) ;
#5160 = ORIENTED_EDGE ( 'NONE', *, *, #4293, .T. ) ;
#5161 = EDGE_CURVE ( 'NONE', #1276, #3715, #3102, .T. ) ;
#5162 = ORIENTED_EDGE ( 'NONE', *, *, #4877, .T. ) ;
#5163 = CYLINDRICAL_SURFACE ( 'NONE', #4747, 5.000000000000000888 ) ;
#5164 = EDGE_CURVE ( 'NONE', #1614, #156, #5799, .T. ) ;
#5165 = DIRECTION ( 'NONE',  ( 1.000000000000000000, 0.000000000000000000, 0.000000000000000000 ) ) ;
#5166 = EDGE_CURVE ( 'NONE', #5708, #2081, #5477, .T. ) ;
#5167 = DIRECTION ( 'NONE',  ( 1.000000000000000000, 0.000000000000000000, 0.000000000000000000 ) ) ;
#5168 = CARTESIAN_POINT ( 'NONE',  ( -15.28241655960418299, -21.03444185374871367, 10.00000000000000000 ) ) ;
#5169 = ORIENTED_EDGE ( 'NONE', *, *, #642, .F. ) ;
#5170 = DIRECTION ( 'NONE',  ( -0.000000000000000000, -0.000000000000000000, -1.000000000000000000 ) ) ;
#5171 = AXIS2_PLACEMENT_3D ( 'NONE', #5929, #4526, #2159 ) ;
#5172 = VECTOR ( 'NONE', #4503, 1000.000000000000000 ) ;
#5173 = CARTESIAN_POINT ( 'NONE',  ( -11.00000000000000000, -1.347111479062088405E-15, -7.000000000000000000 ) ) ;
#5174 = DIRECTION ( 'NONE',  ( -0.000000000000000000, -0.000000000000000000, -1.000000000000000000 ) ) ;
#5175 = ORIENTED_EDGE ( 'NONE', *, *, #5595, .T. ) ;
#5176 = AXIS2_PLACEMENT_3D ( 'NONE', #2021, #555, #3486 ) ;
#5177 = AXIS2_PLACEMENT_3D ( 'NONE', #4986, #4927, #240 ) ;
#5178 = ADVANCED_FACE ( 'NONE', ( #3868 ), #4749, .F. ) ;
#5179 = PRODUCT_DEFINITION_FORMATION_WITH_SPECIFIED_SOURCE ( 'å¯', '', #1496, .NOT_KNOWN. ) ;
#5180 = DIRECTION ( 'NONE',  ( 0.000000000000000000, 0.000000000000000000, 1.000000000000000000 ) ) ;
#5181 = EDGE_CURVE ( 'NONE', #252, #5391, #296, .T. ) ;
#5182 = CARTESIAN_POINT ( 'NONE',  ( -15.90640717830317818, -37.06703595085611624, 0.000000000000000000 ) ) ;
#5183 = ORIENTED_EDGE ( 'NONE', *, *, #5438, .F. ) ;
#5184 = DIRECTION ( 'NONE',  ( -0.9510565162951510887, -0.3090169943749550008, 0.000000000000000000 ) ) ;
#5185 = EDGE_LOOP ( 'NONE', ( #475, #3719, #2078, #3213 ) ) ;
#5186 = ORIENTED_EDGE ( 'NONE', *, *, #3842, .F. ) ;
#5187 = LINE ( 'NONE', #2884, #4430 ) ;
#5188 = EDGE_CURVE ( 'NONE', #4435, #4086, #3407, .T. ) ;
#5189 = LINE ( 'NONE', #864, #6134 ) ;
#5190 = LINE ( 'NONE', #2361, #2243 ) ;
#5191 = AXIS2_PLACEMENT_3D ( 'NONE', #5397, #693, #1562 ) ;
#5192 = VERTEX_POINT ( 'NONE', #1531 ) ;
#5193 = LINE ( 'NONE', #453, #5682 ) ;
#5194 = CARTESIAN_POINT ( 'NONE',  ( -29.72746942367396272, -8.034441853748742091, 10.00000000000000000 ) ) ;
#5195 = EDGE_CURVE ( 'NONE', #3622, #317, #3434, .T. ) ;
#5196 = ORIENTED_EDGE ( 'NONE', *, *, #2422, .F. ) ;
#5197 = CARTESIAN_POINT ( 'NONE',  ( -9.526279441628833666, 5.499999999999986677, -7.000000000000000000 ) ) ;
#5198 = ORIENTED_EDGE ( 'NONE', *, *, #3655, .F. ) ;
#5199 = DIRECTION ( 'NONE',  ( 1.000000000000000000, 0.000000000000000000, 0.000000000000000000 ) ) ;
#5200 = PLANE ( 'NONE',  #3549 ) ;
#5201 = CARTESIAN_POINT ( 'NONE',  ( -3.659028418258120752, 40.25987024618069654, 0.000000000000000000 ) ) ;
#5202 = ORIENTED_EDGE ( 'NONE', *, *, #523, .T. ) ;
#5203 = CARTESIAN_POINT ( 'NONE',  ( 24.39471196875903303, 33.01215321642968092, 0.000000000000000000 ) ) ;
#5204 = ADVANCED_FACE ( 'NONE', ( #2400 ), #4269, .F. ) ;
#5205 = VECTOR ( 'NONE', #2144, 1000.000000000000114 ) ;
#5206 = DIRECTION ( 'NONE',  ( -0.000000000000000000, -0.000000000000000000, -1.000000000000000000 ) ) ;
#5207 = DIRECTION ( 'NONE',  ( 1.000000000000000000, 0.000000000000000000, 0.000000000000000000 ) ) ;
#5208 = ORIENTED_EDGE ( 'NONE', *, *, #4101, .F. ) ;
#5209 = EDGE_CURVE ( 'NONE', #2681, #1032, #5390, .T. ) ;
#5210 = EDGE_CURVE ( 'NONE', #1478, #5217, #6178, .T. ) ;
#5211 = CARTESIAN_POINT ( 'NONE',  ( 8.975561016496627076, 39.51178793479915186, 0.000000000000000000 ) ) ;
#5212 = ADVANCED_FACE ( 'NONE', ( #1566 ), #3342, .T. ) ;
#5213 = CARTESIAN_POINT ( 'NONE',  ( 39.18193128813884840, -12.63458943475443519, 0.000000000000000000 ) ) ;
#5214 = CARTESIAN_POINT ( 'NONE',  ( 0.000000000000000000, 0.000000000000000000, 3.000000000000000000 ) ) ;
#5215 = ORIENTED_EDGE ( 'NONE', *, *, #3947, .F. ) ;
#5216 = CIRCLE ( 'NONE', #335, 2.600000000000000089 ) ;
#5217 = VERTEX_POINT ( 'NONE', #5735 ) ;
#5218 = ORIENTED_EDGE ( 'NONE', *, *, #3343, .T. ) ;
#5219 = DIRECTION ( 'NONE',  ( 0.000000000000000000, 0.000000000000000000, 1.000000000000000000 ) ) ;
#5220 = AXIS2_PLACEMENT_3D ( 'NONE', #2930, #4316, #3401 ) ;
#5221 = DIRECTION ( 'NONE',  ( -0.000000000000000000, -0.000000000000000000, 1.000000000000000000 ) ) ;
#5222 = DIRECTION ( 'NONE',  ( -1.000000000000000000, 0.000000000000000000, 0.000000000000000000 ) ) ;
#5223 = ADVANCED_FACE ( 'NONE', ( #17, #724, #4549, #695, #2660, #5457, #1681, #3036, #5485, #2601, #5957, #213, #1625, #270, #1193, #152, #5426, #5923, #3007, #3495, #747, #1655 ), #4500, .T. ) ;
#5224 = ORIENTED_EDGE ( 'NONE', *, *, #6148, .T. ) ;
#5225 = DIRECTION ( 'NONE',  ( -0.000000000000000000, -0.000000000000000000, -1.000000000000000000 ) ) ;
#5226 = VECTOR ( 'NONE', #3266, 999.9999999999998863 ) ;
#5227 = APPLICATION_CONTEXT ( 'automotive_design' ) ;
#5228 = CARTESIAN_POINT ( 'NONE',  ( -26.56771649810138669, 30.24582191543568044, 0.000000000000000000 ) ) ;
#5229 = AXIS2_PLACEMENT_3D ( 'NONE', #892, #5781, #676 ) ;
#5230 = EDGE_LOOP ( 'NONE', ( #5925, #1090 ) ) ;
#5231 = CARTESIAN_POINT ( 'NONE',  ( 38.40817702442034687, -16.83113193255801221, 0.000000000000000000 ) ) ;
#5232 = AXIS2_PLACEMENT_3D ( 'NONE', #255, #2193, #1266 ) ;
#5233 = FACE_OUTER_BOUND ( 'NONE', #6155, .T. ) ;
#5234 = DIRECTION ( 'NONE',  ( -0.000000000000000000, -0.000000000000000000, -1.000000000000000000 ) ) ;
#5235 = ORIENTED_EDGE ( 'NONE', *, *, #5597, .F. ) ;
#5236 = DIRECTION ( 'NONE',  ( 1.000000000000000000, 0.000000000000000000, 0.000000000000000000 ) ) ;
#5237 = CIRCLE ( 'NONE', #2760, 42.59000000000001052 ) ;
#5238 = CIRCLE ( 'NONE', #3149, 5.000000000000000888 ) ;
#5239 = CIRCLE ( 'NONE', #2565, 8.694264425220763925 ) ;
#5240 = LINE ( 'NONE', #3774, #4885 ) ;
#5241 = VECTOR ( 'NONE', #4779, 1000.000000000000227 ) ;
#5242 = DIRECTION ( 'NONE',  ( 1.000000000000000000, 0.000000000000000000, 0.000000000000000000 ) ) ;
#5243 = ORIENTED_EDGE ( 'NONE', *, *, #3343, .F. ) ;
#5244 = VECTOR ( 'NONE', #2163, 1000.000000000000000 ) ;
#5245 = DIRECTION ( 'NONE',  ( 1.000000000000000000, 0.000000000000000000, 0.000000000000000000 ) ) ;
#5246 = CARTESIAN_POINT ( 'NONE',  ( -2.599999999999990763, -11.00000000000000000, 3.000000000000000000 ) ) ;
#5247 = EDGE_CURVE ( 'NONE', #5369, #5687, #2122, .T. ) ;
#5248 = CARTESIAN_POINT ( 'NONE',  ( 24.39471196875903303, 33.01215321642968092, 0.000000000000000000 ) ) ;
#5249 = EDGE_CURVE ( 'NONE', #4214, #655, #1099, .T. ) ;
#5250 = CARTESIAN_POINT ( 'NONE',  ( -12.33792604892930278, 38.88526790231278341, 0.000000000000000000 ) ) ;
#5251 = ORIENTED_EDGE ( 'NONE', *, *, #1666, .T. ) ;
#5252 = ORIENTED_EDGE ( 'NONE', *, *, #1892, .F. ) ;
#5253 = FACE_OUTER_BOUND ( 'NONE', #5134, .T. ) ;
#5254 = DIRECTION ( 'NONE',  ( 0.000000000000000000, 0.000000000000000000, 1.000000000000000000 ) ) ;
#5255 = DIRECTION ( 'NONE',  ( -0.000000000000000000, -0.000000000000000000, -1.000000000000000000 ) ) ;
#5256 = ORIENTED_EDGE ( 'NONE', *, *, #2283, .T. ) ;
#5257 = DIRECTION ( 'NONE',  ( 1.000000000000000000, 0.000000000000000000, 0.000000000000000000 ) ) ;
#5258 = VERTEX_POINT ( 'NONE', #4017 ) ;
#5259 = DIRECTION ( 'NONE',  ( 1.000000000000000000, 0.000000000000000000, 0.000000000000000000 ) ) ;
#5260 = CARTESIAN_POINT ( 'NONE',  ( -12.24625202109920075, -38.89978764190311722, 0.000000000000000000 ) ) ;
#5261 = DIRECTION ( 'NONE',  ( 0.000000000000000000, 0.000000000000000000, 1.000000000000000000 ) ) ;
#5262 = ORIENTED_EDGE ( 'NONE', *, *, #3594, .F. ) ;
#5263 = CARTESIAN_POINT ( 'NONE',  ( 30.54248530126200833, -26.86437988392668430, 0.000000000000000000 ) ) ;
#5264 = EDGE_LOOP ( 'NONE', ( #183, #190, #3564, #1984 ) ) ;
#5265 = CARTESIAN_POINT ( 'NONE',  ( 30.54248530126161043, 26.86437988392712484, 0.000000000000000000 ) ) ;
#5266 = VECTOR ( 'NONE', #2076, 1000.000000000000000 ) ;
#5267 = CIRCLE ( 'NONE', #1887, 2.600000000000000089 ) ;
#5268 = DIRECTION ( 'NONE',  ( 0.000000000000000000, 0.000000000000000000, -1.000000000000000000 ) ) ;
#5269 = ORIENTED_EDGE ( 'NONE', *, *, #2125, .T. ) ;
#5270 = FACE_OUTER_BOUND ( 'NONE', #4918, .T. ) ;
#5271 = VECTOR ( 'NONE', #250, 1000.000000000000000 ) ;
#5272 = DIRECTION ( 'NONE',  ( -1.000000000000000000, 0.000000000000000000, 0.000000000000000000 ) ) ;
#5273 = CARTESIAN_POINT ( 'NONE',  ( 42.27830066339485171, 5.143286207823522638, 3.000000000000000000 ) ) ;
#5274 = VERTEX_POINT ( 'NONE', #5366 ) ;
#5275 = AXIS2_PLACEMENT_3D ( 'NONE', #5350, #3914, #463 ) ;
#5276 = DIRECTION ( 'NONE',  ( 1.000000000000000000, 0.000000000000000000, 0.000000000000000000 ) ) ;
#5277 = ORIENTED_EDGE ( 'NONE', *, *, #2091, .T. ) ;
#5278 = CIRCLE ( 'NONE', #5072, 5.000000000000000888 ) ;
#5279 = CIRCLE ( 'NONE', #5581, 4.005000000000001670 ) ;
#5280 = AXIS2_PLACEMENT_3D ( 'NONE', #1747, #3156, #5141 ) ;
#5281 = CARTESIAN_POINT ( 'NONE',  ( 20.82683300905948443, 37.15038528484934943, 3.000000000000000000 ) ) ;
#5282 = CARTESIAN_POINT ( 'NONE',  ( 6.999999999999950262, -9.526279441628858535, -5.450000000000000178 ) ) ;
#5283 = ADVANCED_FACE ( 'NONE', ( #3098 ), #2630, .T. ) ;
#5284 = CIRCLE ( 'NONE', #4171, 4.005000000000002558 ) ;
#5285 = VECTOR ( 'NONE', #3671, 1000.000000000000000 ) ;
#5286 = ADVANCED_FACE ( 'NONE', ( #4519 ), #1224, .T. ) ;
#5287 = DIRECTION ( 'NONE',  ( 0.000000000000000000, 0.000000000000000000, 1.000000000000000000 ) ) ;
#5288 = CARTESIAN_POINT ( 'NONE',  ( -29.04320082603997832, 31.15125335806428453, 0.000000000000000000 ) ) ;
#5289 = VERTEX_POINT ( 'NONE', #5010 ) ;
#5290 = DIRECTION ( 'NONE',  ( 0.000000000000000000, 0.000000000000000000, 1.000000000000000000 ) ) ;
#5291 = ADVANCED_FACE ( 'NONE', ( #2152 ), #4050, .F. ) ;
#5292 = ADVANCED_FACE ( 'NONE', ( #4425 ), #1597, .F. ) ;
#5293 = EDGE_CURVE ( 'NONE', #2499, #1915, #195, .T. ) ;
#5294 = ORIENTED_EDGE ( 'NONE', *, *, #2892, .T. ) ;
#5295 = LINE ( 'NONE', #34, #2857 ) ;
#5296 = ORIENTED_EDGE ( 'NONE', *, *, #4902, .F. ) ;
#5297 = DIRECTION ( 'NONE',  ( -0.000000000000000000, -0.000000000000000000, -1.000000000000000000 ) ) ;
#5298 = DIRECTION ( 'NONE',  ( -0.000000000000000000, -0.000000000000000000, 1.000000000000000000 ) ) ;
#5299 = ORIENTED_EDGE ( 'NONE', *, *, #457, .T. ) ;
#5300 = CARTESIAN_POINT ( 'NONE',  ( 29.21897447428411354, -30.98644269145999175, 0.000000000000000000 ) ) ;
#5301 = DIRECTION ( 'NONE',  ( -0.000000000000000000, -0.000000000000000000, -1.000000000000000000 ) ) ;
#5302 = DIRECTION ( 'NONE',  ( -0.000000000000000000, -0.000000000000000000, 1.000000000000000000 ) ) ;
#5303 = ORIENTED_EDGE ( 'NONE', *, *, #562, .F. ) ;
#5304 = ORIENTED_EDGE ( 'NONE', *, *, #3311, .F. ) ;
#5305 = CARTESIAN_POINT ( 'NONE',  ( 23.12589166868112045, 18.73438508540967362, 3.000000000000000000 ) ) ;
#5306 = DIRECTION ( 'NONE',  ( -0.000000000000000000, -0.000000000000000000, -1.000000000000000000 ) ) ;
#5307 = FACE_OUTER_BOUND ( 'NONE', #4592, .T. ) ;
#5308 = DIRECTION ( 'NONE',  ( -0.2681799817562967592, -0.9633688272853716539, 0.000000000000000000 ) ) ;
#5309 = ORIENTED_EDGE ( 'NONE', *, *, #3462, .T. ) ;
#5310 = ORIENTED_EDGE ( 'NONE', *, *, #4288, .T. ) ;
#5311 = DIRECTION ( 'NONE',  ( -0.000000000000000000, -0.000000000000000000, 1.000000000000000000 ) ) ;
#5312 = EDGE_LOOP ( 'NONE', ( #4556, #5029 ) ) ;
#5313 = CARTESIAN_POINT ( 'NONE',  ( -19.72746942367401246, 8.034441853748564455, 10.00000000000000000 ) ) ;
#5314 = DIRECTION ( 'NONE',  ( 1.000000000000000000, 0.000000000000000000, 0.000000000000000000 ) ) ;
#5315 = CARTESIAN_POINT ( 'NONE',  ( 6.999999999999950262, -9.526279441628858535, -7.000000000000000000 ) ) ;
#5316 = ORIENTED_EDGE ( 'NONE', *, *, #5166, .T. ) ;
#5317 = FACE_OUTER_BOUND ( 'NONE', #5114, .T. ) ;
#5318 = CARTESIAN_POINT ( 'NONE',  ( 24.72746942367399114, 8.034441853748626627, 0.000000000000000000 ) ) ;
#5319 = VERTEX_POINT ( 'NONE', #1167 ) ;
#5320 = DIRECTION ( 'NONE',  ( -0.5877852522924610357, -0.8090169943749561110, 0.000000000000000000 ) ) ;
#5321 = EDGE_CURVE ( 'NONE', #1276, #5157, #4464, .T. ) ;
#5322 = EDGE_CURVE ( 'NONE', #2941, #6082, #3993, .T. ) ;
#5323 = CARTESIAN_POINT ( 'NONE',  ( 0.000000000000000000, 0.000000000000000000, 3.000000000000000000 ) ) ;
#5324 = VECTOR ( 'NONE', #72, 999.9999999999998863 ) ;
#5325 = ORIENTED_EDGE ( 'NONE', *, *, #2233, .F. ) ;
#5326 = EDGE_CURVE ( 'NONE', #432, #5544, #4230, .T. ) ;
#5327 = CARTESIAN_POINT ( 'NONE',  ( -23.73575383944879391, -33.07778457408817729, 0.000000000000000000 ) ) ;
#5328 = VECTOR ( 'NONE', #2513, 1000.000000000000000 ) ;
#5329 = DIRECTION ( 'NONE',  ( -0.000000000000000000, -0.000000000000000000, 1.000000000000000000 ) ) ;
#5330 = ORIENTED_EDGE ( 'NONE', *, *, #987, .T. ) ;
#5331 = AXIS2_PLACEMENT_3D ( 'NONE', #4937, #2037, #1511 ) ;
#5332 = CIRCLE ( 'NONE', #2953, 8.694264425220772807 ) ;
#5333 = DIRECTION ( 'NONE',  ( 0.000000000000000000, -0.000000000000000000, -1.000000000000000000 ) ) ;
#5334 = ORIENTED_EDGE ( 'NONE', *, *, #2085, .T. ) ;
#5335 = AXIS2_PLACEMENT_3D ( 'NONE', #2368, #4262, #2394 ) ;
#5336 = VERTEX_POINT ( 'NONE', #6057 ) ;
#5337 = CIRCLE ( 'NONE', #2347, 1.500000000000000444 ) ;
#5338 = ORIENTED_EDGE ( 'NONE', *, *, #1439, .T. ) ;
#5339 = CARTESIAN_POINT ( 'NONE',  ( 8.975561016497188405, -39.51178793479904527, 0.000000000000000000 ) ) ;
#5340 = CARTESIAN_POINT ( 'NONE',  ( -9.526279441628819455, -5.500000000000010658, 3.000000000000000000 ) ) ;
#5341 = DIRECTION ( 'NONE',  ( 0.000000000000000000, 0.000000000000000000, 1.000000000000000000 ) ) ;
#5342 = CARTESIAN_POINT ( 'NONE',  ( 0.000000000000000000, 0.000000000000000000, 3.000000000000000000 ) ) ;
#5343 = ADVANCED_FACE ( 'NONE', ( #2278 ), #3677, .F. ) ;
#5344 = VERTEX_POINT ( 'NONE', #1373 ) ;
#5345 = LINE ( 'NONE', #4876, #2606 ) ;
#5346 = AXIS2_PLACEMENT_3D ( 'NONE', #1790, #5594, #5112 ) ;
#5347 = CYLINDRICAL_SURFACE ( 'NONE', #969, 8.694264425220771031 ) ;
#5348 = CARTESIAN_POINT ( 'NONE',  ( -38.56881604959922782, 18.06528517716168736, 0.000000000000000000 ) ) ;
#5349 = DIRECTION ( 'NONE',  ( 0.000000000000000000, 0.000000000000000000, 1.000000000000000000 ) ) ;
#5350 = CARTESIAN_POINT ( 'NONE',  ( -32.78112118826260257, 24.03241722527427271, 0.000000000000000000 ) ) ;
#5351 = ORIENTED_EDGE ( 'NONE', *, *, #2015, .T. ) ;
#5352 = LINE ( 'NONE', #4346, #3271 ) ;
#5353 = EDGE_CURVE ( 'NONE', #2053, #3051, #1777, .T. ) ;
#5354 = ORIENTED_EDGE ( 'NONE', *, *, #5745, .T. ) ;
#5355 = LINE ( 'NONE', #1552, #5638 ) ;
#5356 = ORIENTED_EDGE ( 'NONE', *, *, #457, .F. ) ;
#5357 = DIRECTION ( 'NONE',  ( 0.3090169943749581649, -0.9510565162951499785, 0.000000000000000000 ) ) ;
#5358 = DIRECTION ( 'NONE',  ( 1.000000000000000000, 0.000000000000000000, 0.000000000000000000 ) ) ;
#5359 = ORIENTED_EDGE ( 'NONE', *, *, #5249, .F. ) ;
#5360 = DIRECTION ( 'NONE',  ( 0.000000000000000000, -0.000000000000000000, -1.000000000000000000 ) ) ;
#5361 = ADVANCED_FACE ( 'NONE', ( #4172 ), #814, .F. ) ;
#5362 = EDGE_CURVE ( 'NONE', #5664, #1688, #4204, .T. ) ;
#5363 = ADVANCED_FACE ( 'NONE', ( #6018 ), #6087, .F. ) ;
#5364 = ADVANCED_FACE ( 'NONE', ( #3280 ), #5547, .T. ) ;
#5365 = LINE ( 'NONE', #3433, #4939 ) ;
#5366 = CARTESIAN_POINT ( 'NONE',  ( -7.713313367253139319, -41.88571232411542411, 0.000000000000000000 ) ) ;
#5367 = ORIENTED_EDGE ( 'NONE', *, *, #1556, .F. ) ;
#5368 = ORIENTED_EDGE ( 'NONE', *, *, #2166, .T. ) ;
#5369 = VERTEX_POINT ( 'NONE', #5514 ) ;
#5370 = DIRECTION ( 'NONE',  ( 1.047656031839925206E-14, -1.000000000000000000, 0.000000000000000000 ) ) ;
#5371 = ADVANCED_FACE ( 'NONE', ( #879 ), #3220, .F. ) ;
#5372 = EDGE_CURVE ( 'NONE', #1663, #5451, #2604, .T. ) ;
#5373 = CARTESIAN_POINT ( 'NONE',  ( 20.76059948172580860, 34.89601652554522815, 0.000000000000000000 ) ) ;
#5374 = CYLINDRICAL_SURFACE ( 'NONE', #450, 8.694264425220771031 ) ;
#5375 = DIRECTION ( 'NONE',  ( 1.000000000000000000, 0.000000000000000000, 0.000000000000000000 ) ) ;
#5376 = VERTEX_POINT ( 'NONE', #2752 ) ;
#5377 = CIRCLE ( 'NONE', #2288, 4.005000000000001670 ) ;
#5378 = FACE_OUTER_BOUND ( 'NONE', #2717, .T. ) ;
#5379 = DIRECTION ( 'NONE',  ( 1.000000000000000000, 0.000000000000000000, 0.000000000000000000 ) ) ;
#5380 = EDGE_CURVE ( 'NONE', #5796, #1638, #1308, .T. ) ;
#5381 = CIRCLE ( 'NONE', #3487, 2.600000000000000089 ) ;
#5382 = AXIS2_PLACEMENT_3D ( 'NONE', #3547, #4100, #3607 ) ;
#5383 = DIRECTION ( 'NONE',  ( 0.000000000000000000, 0.000000000000000000, 1.000000000000000000 ) ) ;
#5384 = DIRECTION ( 'NONE',  ( 0.000000000000000000, 0.000000000000000000, 1.000000000000000000 ) ) ;
#5385 = ORIENTED_EDGE ( 'NONE', *, *, #5293, .F. ) ;
#5386 = DIRECTION ( 'NONE',  ( -1.000000000000000000, 0.000000000000000000, 0.000000000000000000 ) ) ;
#5387 = ORIENTED_EDGE ( 'NONE', *, *, #244, .F. ) ;
#5388 = CIRCLE ( 'NONE', #1570, 2.000000000000000000 ) ;
#5389 = CARTESIAN_POINT ( 'NONE',  ( -17.91555975686522117, 38.63859234752467842, 0.000000000000000000 ) ) ;
#5390 = CIRCLE ( 'NONE', #1991, 4.005000000000006111 ) ;
#5391 = VERTEX_POINT ( 'NONE', #2688 ) ;
#5392 = CARTESIAN_POINT ( 'NONE',  ( -39.21512454897334266, 8.678897630670645569, 0.000000000000000000 ) ) ;
#5393 = VERTEX_POINT ( 'NONE', #840 ) ;
#5394 = CARTESIAN_POINT ( 'NONE',  ( -20.76266961515268150, 36.39352824830927347, 3.000000000000000000 ) ) ;
#5395 = CARTESIAN_POINT ( 'NONE',  ( -12.12627944162881732, -5.500000000000010658, -5.450000000000000178 ) ) ;
#5396 = ORIENTED_EDGE ( 'NONE', *, *, #3911, .T. ) ;
#5397 = CARTESIAN_POINT ( 'NONE',  ( 0.000000000000000000, 0.000000000000000000, 0.000000000000000000 ) ) ;
#5398 = DIRECTION ( 'NONE',  ( 1.000000000000000000, 5.187651096113483081E-15, 0.000000000000000000 ) ) ;
#5399 = CARTESIAN_POINT ( 'NONE',  ( 0.000000000000000000, 0.000000000000000000, 0.000000000000000000 ) ) ;
#5400 = ADVANCED_FACE ( 'NONE', ( #6112 ), #1838, .F. ) ;
#5401 = ORIENTED_EDGE ( 'NONE', *, *, #1557, .F. ) ;
#5402 = ORIENTED_EDGE ( 'NONE', *, *, #1439, .F. ) ;
#5403 = VERTEX_POINT ( 'NONE', #4706 ) ;
#5404 = CARTESIAN_POINT ( 'NONE',  ( 19.72746942367407641, -8.034441853748395701, 0.000000000000000000 ) ) ;
#5405 = DIRECTION ( 'NONE',  ( -0.000000000000000000, -0.000000000000000000, 1.000000000000000000 ) ) ;
#5406 = CYLINDRICAL_SURFACE ( 'NONE', #2291, 5.000000000000000888 ) ;
#5407 = EDGE_CURVE ( 'NONE', #4437, #3545, #2247, .T. ) ;
#5408 = ORIENTED_EDGE ( 'NONE', *, *, #4460, .F. ) ;
#5409 = EDGE_CURVE ( 'NONE', #5687, #5871, #2104, .T. ) ;
#5410 = VERTEX_POINT ( 'NONE', #1250 ) ;
#5411 = DIRECTION ( 'NONE',  ( -0.000000000000000000, 0.000000000000000000, 1.000000000000000000 ) ) ;
#5412 = DIRECTION ( 'NONE',  ( 0.000000000000000000, 0.000000000000000000, 1.000000000000000000 ) ) ;
#5413 = DIRECTION ( 'NONE',  ( -0.000000000000000000, -0.000000000000000000, 1.000000000000000000 ) ) ;
#5414 = EDGE_LOOP ( 'NONE', ( #780, #3512, #266, #4707 ) ) ;
#5415 = LINE ( 'NONE', #1051, #3075 ) ;
#5416 = EDGE_CURVE ( 'NONE', #4806, #3307, #2099, .T. ) ;
#5417 = CARTESIAN_POINT ( 'NONE',  ( -36.18304898080721443, -21.08415842533863938, 0.000000000000000000 ) ) ;
#5418 = ORIENTED_EDGE ( 'NONE', *, *, #5479, .F. ) ;
#5419 = DIRECTION ( 'NONE',  ( 0.000000000000000000, 0.000000000000000000, 1.000000000000000000 ) ) ;
#5420 = FACE_OUTER_BOUND ( 'NONE', #581, .T. ) ;
#5421 = ORIENTED_EDGE ( 'NONE', *, *, #4355, .F. ) ;
#5422 = AXIS2_PLACEMENT_3D ( 'NONE', #5203, #3866, #496 ) ;
#5423 = DIRECTION ( 'NONE',  ( 0.000000000000000000, 0.000000000000000000, 1.000000000000000000 ) ) ;
#5424 = CARTESIAN_POINT ( 'NONE',  ( -3.659028418257547877, -40.25987024618076049, 3.000000000000000000 ) ) ;
#5425 = AXIS2_PLACEMENT_3D ( 'NONE', #1555, #1129, #1030 ) ;
#5426 = FACE_BOUND ( 'NONE', #5515, .T. ) ;
#5427 = ORIENTED_EDGE ( 'NONE', *, *, #4877, .F. ) ;
#5428 = VERTEX_POINT ( 'NONE', #2213 ) ;
#5429 = AXIS2_PLACEMENT_3D ( 'NONE', #1515, #542, #1613 ) ;
#5430 = CARTESIAN_POINT ( 'NONE',  ( -20.76266961515268150, 36.39352824830928057, 0.000000000000000000 ) ) ;
#5431 = CIRCLE ( 'NONE', #2550, 42.59000000000001052 ) ;
#5432 = DIRECTION ( 'NONE',  ( -1.000000000000000000, 0.000000000000000000, 0.000000000000000000 ) ) ;
#5433 = CIRCLE ( 'NONE', #3144, 4.005000000000006111 ) ;
#5434 = ORIENTED_EDGE ( 'NONE', *, *, #3006, .F. ) ;
#5435 = DIRECTION ( 'NONE',  ( 0.000000000000000000, -0.000000000000000000, 1.000000000000000000 ) ) ;
#5436 = VECTOR ( 'NONE', #5764, 1000.000000000000000 ) ;
#5437 = AXIS2_PLACEMENT_3D ( 'NONE', #4155, #4660, #377 ) ;
#5438 = EDGE_CURVE ( 'NONE', #4811, #156, #3689, .T. ) ;
#5439 = EDGE_CURVE ( 'NONE', #3318, #4487, #1798, .T. ) ;
#5440 = EDGE_CURVE ( 'NONE', #922, #4274, #1010, .T. ) ;
#5441 = DIRECTION ( 'NONE',  ( 0.000000000000000000, -0.000000000000000000, 1.000000000000000000 ) ) ;
#5442 = DIRECTION ( 'NONE',  ( 0.000000000000000000, 0.000000000000000000, 1.000000000000000000 ) ) ;
#5443 = VECTOR ( 'NONE', #4271, 1000.000000000000000 ) ;
#5444 = ORIENTED_EDGE ( 'NONE', *, *, #5860, .F. ) ;
#5445 = DIRECTION ( 'NONE',  ( -0.5877852522924653655, -0.8090169943749530024, 0.000000000000000000 ) ) ;
#5446 = VERTEX_POINT ( 'NONE', #4883 ) ;
#5447 = CARTESIAN_POINT ( 'NONE',  ( 39.18193128813866366, 12.63458943475500718, 0.000000000000000000 ) ) ;
#5448 = ORIENTED_EDGE ( 'NONE', *, *, #3613, .F. ) ;
#5449 = DIRECTION ( 'NONE',  ( 0.000000000000000000, 0.000000000000000000, 1.000000000000000000 ) ) ;
#5450 = VERTEX_POINT ( 'NONE', #4379 ) ;
#5451 = VERTEX_POINT ( 'NONE', #617 ) ;
#5452 = DIRECTION ( 'NONE',  ( 1.000000000000000000, 0.000000000000000000, 0.000000000000000000 ) ) ;
#5453 = CARTESIAN_POINT ( 'NONE',  ( 17.33022984358321139, -38.38842295929327264, 0.000000000000000000 ) ) ;
#5454 = ORIENTED_EDGE ( 'NONE', *, *, #4259, .F. ) ;
#5455 = DIRECTION ( 'NONE',  ( 0.000000000000000000, 0.000000000000000000, -1.000000000000000000 ) ) ;
#5456 = VECTOR ( 'NONE', #1833, 1000.000000000000000 ) ;
#5457 = FACE_BOUND ( 'NONE', #2674, .T. ) ;
#5458 = VERTEX_POINT ( 'NONE', #1122 ) ;
#5459 = ORIENTED_EDGE ( 'NONE', *, *, #3755, .T. ) ;
#5460 = CARTESIAN_POINT ( 'NONE',  ( -29.72746942367401601, 8.034441853748564455, 3.000000000000000000 ) ) ;
#5461 = CARTESIAN_POINT ( 'NONE',  ( -9.526279441628833666, 5.499999999999986677, -5.450000000000000178 ) ) ;
#5462 = ORIENTED_EDGE ( 'NONE', *, *, #1182, .F. ) ;
#5463 = EDGE_CURVE ( 'NONE', #5037, #2456, #2549, .T. ) ;
#5464 = LINE ( 'NONE', #5994, #5244 ) ;
#5465 = CYLINDRICAL_SURFACE ( 'NONE', #2141, 8.694264425220772807 ) ;
#5466 = VERTEX_POINT ( 'NONE', #2516 ) ;
#5467 = CIRCLE ( 'NONE', #3778, 4.999999999999999112 ) ;
#5468 = CARTESIAN_POINT ( 'NONE',  ( 42.27830066339485171, 5.143286207823535960, 0.000000000000000000 ) ) ;
#5469 = ORIENTED_EDGE ( 'NONE', *, *, #52, .F. ) ;
#5470 = LINE ( 'NONE', #2737, #634 ) ;
#5471 = EDGE_CURVE ( 'NONE', #84, #3080, #3676, .T. ) ;
#5472 = CIRCLE ( 'NONE', #2793, 4.005000000000001670 ) ;
#5473 = CARTESIAN_POINT ( 'NONE',  ( -15.28241655960433754, 21.03444185374861419, 3.000000000000000000 ) ) ;
#5474 = FACE_OUTER_BOUND ( 'NONE', #2022, .T. ) ;
#5475 = ORIENTED_EDGE ( 'NONE', *, *, #3164, .F. ) ;
#5476 = CIRCLE ( 'NONE', #6180, 8.694264425220762149 ) ;
#5477 = CIRCLE ( 'NONE', #4586, 4.005000000000004334 ) ;
#5478 = ORIENTED_EDGE ( 'NONE', *, *, #4258, .F. ) ;
#5479 = EDGE_CURVE ( 'NONE', #1253, #3971, #935, .T. ) ;
#5480 = DIRECTION ( 'NONE',  ( -0.000000000000000000, -0.000000000000000000, -1.000000000000000000 ) ) ;
#5481 = EDGE_CURVE ( 'NONE', #2583, #1433, #1590, .T. ) ;
#5482 = DIRECTION ( 'NONE',  ( -0.000000000000000000, 0.000000000000000000, 1.000000000000000000 ) ) ;
#5483 = EDGE_CURVE ( 'NONE', #3705, #2985, #5284, .T. ) ;
#5484 = DIRECTION ( 'NONE',  ( 1.000000000000000000, 0.000000000000000000, 0.000000000000000000 ) ) ;
#5485 = FACE_BOUND ( 'NONE', #2210, .T. ) ;
#5486 = ORIENTED_EDGE ( 'NONE', *, *, #4597, .T. ) ;
#5487 = ORIENTED_EDGE ( 'NONE', *, *, #2700, .F. ) ;
#5488 = CARTESIAN_POINT ( 'NONE',  ( 37.36369933668176913, 16.20307056412941904, 0.000000000000000000 ) ) ;
#5489 = ORIENTED_EDGE ( 'NONE', *, *, #3090, .T. ) ;
#5490 = CYLINDRICAL_SURFACE ( 'NONE', #2697, 8.694264425220762149 ) ;
#5491 = CIRCLE ( 'NONE', #2811, 8.694264425220762149 ) ;
#5492 = DIRECTION ( 'NONE',  ( 1.000000000000000000, 0.000000000000000000, 0.000000000000000000 ) ) ;
#5493 = ORIENTED_EDGE ( 'NONE', *, *, #877, .F. ) ;
#5494 = DIRECTION ( 'NONE',  ( -0.000000000000000000, -0.000000000000000000, 1.000000000000000000 ) ) ;
#5495 = CARTESIAN_POINT ( 'NONE',  ( -41.20483350998640049, 8.763110157246291720, 3.000000000000000000 ) ) ;
#5496 = EDGE_CURVE ( 'NONE', #4327, #1000, #1049, .T. ) ;
#5497 = EDGE_LOOP ( 'NONE', ( #2890, #3605, #3984, #5063 ) ) ;
#5498 = DIRECTION ( 'NONE',  ( -0.9158061737652137824, 0.4016205324600811144, 0.000000000000000000 ) ) ;
#5499 = ORIENTED_EDGE ( 'NONE', *, *, #2233, .T. ) ;
#5500 = AXIS2_PLACEMENT_3D ( 'NONE', #4312, #1922, #965 ) ;
#5501 = DIRECTION ( 'NONE',  ( -0.6645383049372406425, -0.7472542012402064726, 0.000000000000000000 ) ) ;
#5502 = DIRECTION ( 'NONE',  ( 1.000000000000000000, 0.000000000000000000, 0.000000000000000000 ) ) ;
#5503 = LINE ( 'NONE', #3544, #4026 ) ;
#5504 = EDGE_LOOP ( 'NONE', ( #1180, #4714, #5672, #3928 ) ) ;
#5505 = ORIENTED_EDGE ( 'NONE', *, *, #5846, .T. ) ;
#5506 = CARTESIAN_POINT ( 'NONE',  ( -23.73575383944879391, -33.07778457408817729, 0.000000000000000000 ) ) ;
#5507 = CARTESIAN_POINT ( 'NONE',  ( 24.72746942367399114, 8.034441853748626627, 3.000000000000000000 ) ) ;
#5508 = EDGE_CURVE ( 'NONE', #5685, #3044, #6075, .T. ) ;
#5509 = VERTEX_POINT ( 'NONE', #3451 ) ;
#5510 = FACE_OUTER_BOUND ( 'NONE', #3509, .T. ) ;
#5511 = EDGE_CURVE ( 'NONE', #2623, #3238, #134, .T. ) ;
#5512 = CYLINDRICAL_SURFACE ( 'NONE', #35, 8.694264425220762149 ) ;
#5513 = VECTOR ( 'NONE', #2372, 1000.000000000000114 ) ;
#5514 = CARTESIAN_POINT ( 'NONE',  ( -41.78782610431022704, -8.227131302946929736, 3.000000000000000000 ) ) ;
#5515 = EDGE_LOOP ( 'NONE', ( #2362, #2574 ) ) ;
#5516 = CARTESIAN_POINT ( 'NONE',  ( 10.28241655960402134, 21.03444185374883801, 10.00000000000000000 ) ) ;
#5517 = ORIENTED_EDGE ( 'NONE', *, *, #3500, .F. ) ;
#5518 = AXIS2_PLACEMENT_3D ( 'NONE', #866, #1456, #359 ) ;
#5519 = CARTESIAN_POINT ( 'NONE',  ( -42.23646744650214657, 5.476213805227606812, 3.000000000000000000 ) ) ;
#5520 = DIRECTION ( 'NONE',  ( 0.3726616699266950272, 0.9279672837807629859, -0.000000000000000000 ) ) ;
#5521 = ORIENTED_EDGE ( 'NONE', *, *, #1216, .F. ) ;
#5522 = VECTOR ( 'NONE', #4310, 1000.000000000000000 ) ;
#5523 = CARTESIAN_POINT ( 'NONE',  ( 1.855005300366584731, 37.66488697038539613, 3.000000000000000000 ) ) ;
#5524 = AXIS2_PLACEMENT_3D ( 'NONE', #813, #670, #4647 ) ;
#5525 = CIRCLE ( 'NONE', #5232, 8.694264425220762149 ) ;
#5526 = DIRECTION ( 'NONE',  ( 1.000000000000000000, 0.000000000000000000, 0.000000000000000000 ) ) ;
#5527 = VERTEX_POINT ( 'NONE', #1085 ) ;
#5528 = LINE ( 'NONE', #4031, #2484 ) ;
#5529 = AXIS2_PLACEMENT_3D ( 'NONE', #3826, #2392, #4291 ) ;
#5530 = EDGE_LOOP ( 'NONE', ( #689, #549, #2401, #5548 ) ) ;
#5531 = CIRCLE ( 'NONE', #354, 4.005000000000001670 ) ;
#5532 = LINE ( 'NONE', #5091, #5927 ) ;
#5533 = AXIS2_PLACEMENT_3D ( 'NONE', #4697, #1359, #2799 ) ;
#5534 = VECTOR ( 'NONE', #1336, 1000.000000000000000 ) ;
#5535 = AXIS2_PLACEMENT_3D ( 'NONE', #4821, #621, #1523 ) ;
#5536 = CARTESIAN_POINT ( 'NONE',  ( 5.000000000000182077, -26.00000000000000000, 0.000000000000000000 ) ) ;
#5537 = ORIENTED_EDGE ( 'NONE', *, *, #3763, .T. ) ;
#5538 = CARTESIAN_POINT ( 'NONE',  ( -19.73075383944927452, 33.07778457408781492, 0.000000000000000000 ) ) ;
#5539 = ORIENTED_EDGE ( 'NONE', *, *, #6120, .F. ) ;
#5540 = CIRCLE ( 'NONE', #2860, 2.000000000000000000 ) ;
#5541 = ORIENTED_EDGE ( 'NONE', *, *, #5941, .F. ) ;
#5542 = CARTESIAN_POINT ( 'NONE',  ( 39.13979336264454645, 12.71728977001014371, 3.000000000000000000 ) ) ;
#5543 = DIRECTION ( 'NONE',  ( 0.000000000000000000, -0.000000000000000000, 1.000000000000000000 ) ) ;
#5544 = VERTEX_POINT ( 'NONE', #3945 ) ;
#5545 = CARTESIAN_POINT ( 'NONE',  ( 0.000000000000000000, 0.000000000000000000, 3.000000000000000000 ) ) ;
#5546 = CARTESIAN_POINT ( 'NONE',  ( -34.58360451648724876, 12.63458943475418295, 0.000000000000000000 ) ) ;
#5547 = CYLINDRICAL_SURFACE ( 'NONE', #396, 8.694264425220762149 ) ;
#5548 = ORIENTED_EDGE ( 'NONE', *, *, #6053, .T. ) ;
#5549 = DIRECTION ( 'NONE',  ( -0.000000000000000000, -0.000000000000000000, -1.000000000000000000 ) ) ;
#5550 = ORIENTED_EDGE ( 'NONE', *, *, #3203, .F. ) ;
#5551 = EDGE_CURVE ( 'NONE', #1855, #2530, #993, .T. ) ;
#5552 = EDGE_CURVE ( 'NONE', #1683, #285, #3479, .T. ) ;
#5553 = EDGE_CURVE ( 'NONE', #476, #146, #698, .T. ) ;
#5554 = EDGE_CURVE ( 'NONE', #3157, #2573, #4851, .T. ) ;
#5555 = CARTESIAN_POINT ( 'NONE',  ( 0.000000000000000000, 0.000000000000000000, 3.000000000000000000 ) ) ;
#5556 = CARTESIAN_POINT ( 'NONE',  ( 5.000000000000182077, -26.00000000000000000, 10.00000000000000000 ) ) ;
#5557 = ORIENTED_EDGE ( 'NONE', *, *, #2710, .F. ) ;
#5558 = ADVANCED_FACE ( 'NONE', ( #2479 ), #104, .F. ) ;
#5559 = ADVANCED_FACE ( 'NONE', ( #2770 ), #6184, .F. ) ;
#5560 = CARTESIAN_POINT ( 'NONE',  ( 6.926279441628820699, 5.500000000000009770, -5.450000000000000178 ) ) ;
#5561 = DIRECTION ( 'NONE',  ( 1.000000000000000000, 0.000000000000000000, 0.000000000000000000 ) ) ;
#5562 = ORIENTED_EDGE ( 'NONE', *, *, #4557, .F. ) ;
#5563 = DIRECTION ( 'NONE',  ( -0.000000000000000000, -0.000000000000000000, -1.000000000000000000 ) ) ;
#5564 = VERTEX_POINT ( 'NONE', #3871 ) ;
#5565 = DIRECTION ( 'NONE',  ( -0.9984324169856251263, -0.05597060578770764877, 0.000000000000000000 ) ) ;
#5566 = CARTESIAN_POINT ( 'NONE',  ( 6.926279441628820699, 5.500000000000009770, -7.000000000000000000 ) ) ;
#5567 = AXIS2_PLACEMENT_3D ( 'NONE', #1443, #863, #4302 ) ;
#5568 = VECTOR ( 'NONE', #3205, 1000.000000000000114 ) ;
#5569 = DIRECTION ( 'NONE',  ( 1.000000000000000000, 0.000000000000000000, 0.000000000000000000 ) ) ;
#5570 = CARTESIAN_POINT ( 'NONE',  ( 12.93125282058071335, -38.88526790231286867, 0.000000000000000000 ) ) ;
#5571 = VERTEX_POINT ( 'NONE', #5246 ) ;
#5572 = ORIENTED_EDGE ( 'NONE', *, *, #3644, .F. ) ;
#5573 = DIRECTION ( 'NONE',  ( -0.000000000000000000, 0.000000000000000000, 1.000000000000000000 ) ) ;
#5574 = DIRECTION ( 'NONE',  ( 0.2598520581446853162, 0.9656484390698154563, 0.000000000000000000 ) ) ;
#5575 = CIRCLE ( 'NONE', #4780, 4.999999999999999112 ) ;
#5576 = ORIENTED_EDGE ( 'NONE', *, *, #309, .F. ) ;
#5577 = DIRECTION ( 'NONE',  ( 1.000000000000000000, 0.000000000000000000, 0.000000000000000000 ) ) ;
#5578 = AXIS2_PLACEMENT_3D ( 'NONE', #5044, #777, #305 ) ;
#5579 = CYLINDRICAL_SURFACE ( 'NONE', #3537, 5.000000000000000888 ) ;
#5580 = AXIS2_PLACEMENT_3D ( 'NONE', #753, #4991, #1659 ) ;
#5581 = AXIS2_PLACEMENT_3D ( 'NONE', #2883, #4788, #3473 ) ;
#5582 = DIRECTION ( 'NONE',  ( -0.3513643657326206426, 0.9362387956570231706, -0.000000000000000000 ) ) ;
#5583 = EDGE_LOOP ( 'NONE', ( #3056, #4688, #65, #6157 ) ) ;
#5584 = CARTESIAN_POINT ( 'NONE',  ( 24.39471196875903303, 33.01215321642968092, 3.000000000000000000 ) ) ;
#5585 = EDGE_LOOP ( 'NONE', ( #3181, #3063, #873, #4539 ) ) ;
#5586 = VECTOR ( 'NONE', #5298, 1000.000000000000000 ) ;
#5587 = CIRCLE ( 'NONE', #2881, 4.999999999999999112 ) ;
#5588 = VECTOR ( 'NONE', #2302, 1000.000000000000000 ) ;
#5589 = DIRECTION ( 'NONE',  ( -0.000000000000000000, -0.000000000000000000, -1.000000000000000000 ) ) ;
#5590 = ADVANCED_FACE ( 'NONE', ( #980 ), #5602, .T. ) ;
#5591 = CARTESIAN_POINT ( 'NONE',  ( -41.20483350998640049, 8.763110157246289944, 0.000000000000000000 ) ) ;
#5592 = VERTEX_POINT ( 'NONE', #3700 ) ;
#5593 = EDGE_CURVE ( 'NONE', #1494, #2996, #1789, .T. ) ;
#5594 = DIRECTION ( 'NONE',  ( -0.000000000000000000, -0.000000000000000000, 1.000000000000000000 ) ) ;
#5595 = EDGE_CURVE ( 'NONE', #5892, #3679, #5587, .T. ) ;
#5596 = CARTESIAN_POINT ( 'NONE',  ( 13.01395315583583212, -38.84312997681875146, 0.000000000000000000 ) ) ;
#5597 = EDGE_CURVE ( 'NONE', #1663, #5654, #54, .T. ) ;
#5598 = ORIENTED_EDGE ( 'NONE', *, *, #6063, .T. ) ;
#5599 = DIRECTION ( 'NONE',  ( 1.000000000000000000, 0.000000000000000000, 0.000000000000000000 ) ) ;
#5600 = ORIENTED_EDGE ( 'NONE', *, *, #4830, .T. ) ;
#5601 = FACE_BOUND ( 'NONE', #5230, .T. ) ;
#5602 = CYLINDRICAL_SURFACE ( 'NONE', #4477, 42.59000000000001052 ) ;
#5603 = DIRECTION ( 'NONE',  ( 0.000000000000000000, 0.000000000000000000, 1.000000000000000000 ) ) ;
#5604 = DIRECTION ( 'NONE',  ( 0.000000000000000000, 0.000000000000000000, 1.000000000000000000 ) ) ;
#5605 = ORIENTED_EDGE ( 'NONE', *, *, #1082, .T. ) ;
#5606 = APPLICATION_PROTOCOL_DEFINITION ( 'draft international standard', 'automotive_design', 1998, #5227 ) ;
#5607 = DIRECTION ( 'NONE',  ( 0.000000000000000000, 0.000000000000000000, 1.000000000000000000 ) ) ;
#5608 = ORIENTED_EDGE ( 'NONE', *, *, #5553, .F. ) ;
#5609 = CARTESIAN_POINT ( 'NONE',  ( 29.72746942367407641, -8.034441853748395701, 0.000000000000000000 ) ) ;
#5610 = EDGE_LOOP ( 'NONE', ( #2676, #3861, #4013, #3566 ) ) ;
#5611 = CARTESIAN_POINT ( 'NONE',  ( 33.30881660225542618, -24.09804858293331975, 3.000000000000000000 ) ) ;
#5612 = DIRECTION ( 'NONE',  ( 1.000000000000000000, 0.000000000000000000, 0.000000000000000000 ) ) ;
#5613 = DIRECTION ( 'NONE',  ( 1.000000000000000000, 0.000000000000000000, 0.000000000000000000 ) ) ;
#5614 = ORIENTED_EDGE ( 'NONE', *, *, #1410, .T. ) ;
#5615 = DIRECTION ( 'NONE',  ( -0.7770242252273673600, -0.6294706930507644183, -0.000000000000000000 ) ) ;
#5616 = CARTESIAN_POINT ( 'NONE',  ( 4.665144956892896211, -41.86101464414971218, 0.000000000000000000 ) ) ;
#5617 = FACE_OUTER_BOUND ( 'NONE', #3859, .T. ) ;
#5618 = ORIENTED_EDGE ( 'NONE', *, *, #2316, .F. ) ;
#5619 = CARTESIAN_POINT ( 'NONE',  ( 0.2049893579958332324, 40.87187053907685197, 3.000000000000000000 ) ) ;
#5620 = EDGE_CURVE ( 'NONE', #2077, #1614, #2902, .T. ) ;
#5621 = FACE_OUTER_BOUND ( 'NONE', #2098, .T. ) ;
#5622 = ORIENTED_EDGE ( 'NONE', *, *, #2511, .T. ) ;
#5623 = CIRCLE ( 'NONE', #2942, 8.694264425220769255 ) ;
#5624 = DIRECTION ( 'NONE',  ( -0.000000000000000000, -0.000000000000000000, 1.000000000000000000 ) ) ;
#5625 = ORIENTED_EDGE ( 'NONE', *, *, #3389, .F. ) ;
#5626 = FACE_BOUND ( 'NONE', #4898, .T. ) ;
#5627 = ADVANCED_FACE ( 'NONE', ( #2739 ), #2298, .T. ) ;
#5628 = ADVANCED_FACE ( 'NONE', ( #3809 ), #2403, .F. ) ;
#5629 = AXIS2_PLACEMENT_3D ( 'NONE', #130, #512, #1047 ) ;
#5630 = EDGE_CURVE ( 'NONE', #315, #3820, #203, .T. ) ;
#5631 = CARTESIAN_POINT ( 'NONE',  ( 0.000000000000000000, 25.99999999999999645, 0.000000000000000000 ) ) ;
#5632 = CIRCLE ( 'NONE', #32, 5.000000000000000888 ) ;
#5633 = VECTOR ( 'NONE', #430, 1000.000000000000000 ) ;
#5634 = DIRECTION ( 'NONE',  ( -0.000000000000000000, 0.000000000000000000, 1.000000000000000000 ) ) ;
#5635 = VECTOR ( 'NONE', #1155, 1000.000000000000000 ) ;
#5636 = ORIENTED_EDGE ( 'NONE', *, *, #1931, .T. ) ;
#5637 = DIRECTION ( 'NONE',  ( -0.000000000000000000, -0.000000000000000000, -1.000000000000000000 ) ) ;
#5638 = VECTOR ( 'NONE', #2928, 1000.000000000000114 ) ;
#5639 = ORIENTED_EDGE ( 'NONE', *, *, #1973, .F. ) ;
#5640 = LINE ( 'NONE', #2749, #2146 ) ;
#5641 = LINE ( 'NONE', #3304, #6029 ) ;
#5642 = CYLINDRICAL_SURFACE ( 'NONE', #3066, 4.005000000000004334 ) ;
#5643 = DIRECTION ( 'NONE',  ( -0.000000000000000000, -0.000000000000000000, -1.000000000000000000 ) ) ;
#5644 = ORIENTED_EDGE ( 'NONE', *, *, #5971, .T. ) ;
#5645 = ADVANCED_FACE ( 'NONE', ( #4631 ), #3177, .F. ) ;
#5646 = CIRCLE ( 'NONE', #4047, 8.694264425220762149 ) ;
#5647 = CARTESIAN_POINT ( 'NONE',  ( 41.16853392490268959, 0.09167402782986476539, 0.000000000000000000 ) ) ;
#5648 = AXIS2_PLACEMENT_3D ( 'NONE', #1610, #3506, #3388 ) ;
#5649 = DIRECTION ( 'NONE',  ( -0.9985716658061524198, -0.05342872120054900642, 0.000000000000000000 ) ) ;
#5650 = DIRECTION ( 'NONE',  ( -0.000000000000000000, -0.000000000000000000, -1.000000000000000000 ) ) ;
#5651 = VERTEX_POINT ( 'NONE', #4808 ) ;
#5652 = DIRECTION ( 'NONE',  ( -0.000000000000000000, -0.000000000000000000, -1.000000000000000000 ) ) ;
#5653 = DIRECTION ( 'NONE',  ( 0.9420040344146369815, -0.3356015481885439300, 0.000000000000000000 ) ) ;
#5654 = VERTEX_POINT ( 'NONE', #5059 ) ;
#5655 = DIRECTION ( 'NONE',  ( 0.000000000000000000, 0.000000000000000000, -1.000000000000000000 ) ) ;
#5656 = ORIENTED_EDGE ( 'NONE', *, *, #5496, .F. ) ;
#5657 = EDGE_CURVE ( 'NONE', #2202, #2397, #5882, .T. ) ;
#5658 = DIRECTION ( 'NONE',  ( -1.000000000000000000, 0.000000000000000000, 0.000000000000000000 ) ) ;
#5659 = CARTESIAN_POINT ( 'NONE',  ( -38.54646659099314832, 12.71728977000928218, 0.000000000000000000 ) ) ;
#5660 = CARTESIAN_POINT ( 'NONE',  ( -31.14679297339820252, -28.36078583729581837, 0.000000000000000000 ) ) ;
#5661 = EDGE_CURVE ( 'NONE', #995, #2154, #87, .T. ) ;
#5662 = ORIENTED_EDGE ( 'NONE', *, *, #944, .T. ) ;
#5663 = DIRECTION ( 'NONE',  ( 1.000000000000000000, 0.000000000000000000, 0.000000000000000000 ) ) ;
#5664 = VERTEX_POINT ( 'NONE', #321 ) ;
#5665 = CARTESIAN_POINT ( 'NONE',  ( -6.926279441628820699, -5.500000000000010658, -5.450000000000000178 ) ) ;
#5666 = CARTESIAN_POINT ( 'NONE',  ( -28.83146179316142010, -31.34732701315175873, 3.000000000000000000 ) ) ;
#5667 = EDGE_CURVE ( 'NONE', #2067, #4620, #2711, .T. ) ;
#5668 = EDGE_CURVE ( 'NONE', #5393, #4822, #4127, .T. ) ;
#5669 = DIRECTION ( 'NONE',  ( 0.000000000000000000, 0.000000000000000000, 1.000000000000000000 ) ) ;
#5670 = DIRECTION ( 'NONE',  ( 0.8090169943749551118, -0.5877852522924625900, 0.000000000000000000 ) ) ;
#5671 = AXIS2_PLACEMENT_3D ( 'NONE', #5910, #5027, #3050 ) ;
#5672 = ORIENTED_EDGE ( 'NONE', *, *, #487, .F. ) ;
#5673 = EDGE_CURVE ( 'NONE', #1356, #1919, #3666, .T. ) ;
#5674 = CARTESIAN_POINT ( 'NONE',  ( 2.599999999999992983, 11.00000000000000000, -5.450000000000000178 ) ) ;
#5675 = VECTOR ( 'NONE', #162, 1000.000000000000000 ) ;
#5676 = AXIS2_PLACEMENT_3D ( 'NONE', #3235, #6074, #3845 ) ;
#5677 = LINE ( 'NONE', #1409, #4082 ) ;
#5678 = EDGE_CURVE ( 'NONE', #276, #3435, #5278, .T. ) ;
#5679 = LINE ( 'NONE', #1785, #2095 ) ;
#5680 = EDGE_LOOP ( 'NONE', ( #2134, #2923, #4270, #4994 ) ) ;
#5681 = AXIS2_PLACEMENT_3D ( 'NONE', #5173, #3253, #6092 ) ;
#5682 = VECTOR ( 'NONE', #928, 1000.000000000000000 ) ;
#5683 = CARTESIAN_POINT ( 'NONE',  ( -39.96320686035490866, 3.955691804083529828, 0.000000000000000000 ) ) ;
#5684 = DIRECTION ( 'NONE',  ( 0.000000000000000000, 0.000000000000000000, 1.000000000000000000 ) ) ;
#5685 = VERTEX_POINT ( 'NONE', #600 ) ;
#5686 = DIRECTION ( 'NONE',  ( 1.000000000000000000, 0.000000000000000000, 0.000000000000000000 ) ) ;
#5687 = VERTEX_POINT ( 'NONE', #2501 ) ;
#5688 = VERTEX_POINT ( 'NONE', #1629 ) ;
#5689 = ORIENTED_EDGE ( 'NONE', *, *, #3364, .T. ) ;
#5690 = CARTESIAN_POINT ( 'NONE',  ( -40.57520715325101435, 0.09167402782899834734, 0.000000000000000000 ) ) ;
#5691 = FACE_OUTER_BOUND ( 'NONE', #2794, .T. ) ;
#5692 = DIRECTION ( 'NONE',  ( 0.000000000000000000, 0.000000000000000000, 1.000000000000000000 ) ) ;
#5693 = ORIENTED_EDGE ( 'NONE', *, *, #4361, .F. ) ;
#5694 = DIRECTION ( 'NONE',  ( 0.000000000000000000, -0.000000000000000000, 1.000000000000000000 ) ) ;
#5695 = ORIENTED_EDGE ( 'NONE', *, *, #4830, .F. ) ;
#5696 = CYLINDRICAL_SURFACE ( 'NONE', #2151, 42.59000000000001052 ) ;
#5697 = DIRECTION ( 'NONE',  ( -0.000000000000000000, -0.000000000000000000, 1.000000000000000000 ) ) ;
#5698 = LINE ( 'NONE', #2869, #1172 ) ;
#5699 = DIRECTION ( 'NONE',  ( 0.000000000000000000, 0.000000000000000000, 1.000000000000000000 ) ) ;
#5700 = ORIENTED_EDGE ( 'NONE', *, *, #950, .F. ) ;
#5701 = DIRECTION ( 'NONE',  ( 1.000000000000000000, 0.000000000000000000, 0.000000000000000000 ) ) ;
#5702 = ORIENTED_EDGE ( 'NONE', *, *, #437, .F. ) ;
#5703 = EDGE_CURVE ( 'NONE', #710, #4929, #635, .T. ) ;
#5704 = EDGE_CURVE ( 'NONE', #3995, #204, #1109, .T. ) ;
#5705 = CARTESIAN_POINT ( 'NONE',  ( 41.00932234579961744, 8.784480569375514136, 3.000000000000000000 ) ) ;
#5706 = CIRCLE ( 'NONE', #3836, 8.694264425220771031 ) ;
#5707 = CARTESIAN_POINT ( 'NONE',  ( 36.33288492289326399, 20.94598947935136835, 0.000000000000000000 ) ) ;
#5708 = VERTEX_POINT ( 'NONE', #3011 ) ;
#5709 = CYLINDRICAL_SURFACE ( 'NONE', #5346, 4.005000000000005222 ) ;
#5710 = CARTESIAN_POINT ( 'NONE',  ( 0.3883374136555626244, -40.87187053907685907, 0.000000000000000000 ) ) ;
#5711 = LINE ( 'NONE', #2404, #2047 ) ;
#5712 = CARTESIAN_POINT ( 'NONE',  ( 31.48356039147243024, 27.97842081040597506, 3.000000000000000000 ) ) ;
#5713 = ORIENTED_EDGE ( 'NONE', *, *, #1329, .F. ) ;
#5714 = CIRCLE ( 'NONE', #3623, 2.599999999999998757 ) ;
#5715 = ORIENTED_EDGE ( 'NONE', *, *, #3083, .F. ) ;
#5716 = LINE ( 'NONE', #862, #4834 ) ;
#5717 = AXIS2_PLACEMENT_3D ( 'NONE', #5570, #1305, #2232 ) ;
#5718 = DIRECTION ( 'NONE',  ( -0.8609332659612101146, -0.5087179096133378486, 0.000000000000000000 ) ) ;
#5719 = DIRECTION ( 'NONE',  ( 0.9279672837807629859, -0.3726616699266950272, -0.000000000000000000 ) ) ;
#5720 = VERTEX_POINT ( 'NONE', #1138 ) ;
#5721 = VECTOR ( 'NONE', #4914, 1000.000000000000000 ) ;
#5722 = LINE ( 'NONE', #31, #4353 ) ;
#5723 = CIRCLE ( 'NONE', #1946, 8.694264425220765702 ) ;
#5724 = EDGE_LOOP ( 'NONE', ( #5462, #3581, #337, #3327 ) ) ;
#5725 = CARTESIAN_POINT ( 'NONE',  ( 9.526279441628821232, 5.500000000000009770, -7.000000000000000000 ) ) ;
#5726 = VECTOR ( 'NONE', #1868, 1000.000000000000000 ) ;
#5727 = VECTOR ( 'NONE', #1917, 1000.000000000000000 ) ;
#5728 = CARTESIAN_POINT ( 'NONE',  ( 2.599999999999992983, 11.00000000000000000, 3.000000000000000000 ) ) ;
#5729 = DIRECTION ( 'NONE',  ( -0.000000000000000000, -0.000000000000000000, -1.000000000000000000 ) ) ;
#5730 = ORIENTED_EDGE ( 'NONE', *, *, #5936, .T. ) ;
#5731 = CARTESIAN_POINT ( 'NONE',  ( 7.806255641895631925E-15, -11.00000000000000000, -5.450000000000000178 ) ) ;
#5732 = CIRCLE ( 'NONE', #3642, 5.000000000000000888 ) ;
#5733 = CARTESIAN_POINT ( 'NONE',  ( 38.65220204422475092, 17.88617838255083470, 3.000000000000000000 ) ) ;
#5734 = AXIS2_PLACEMENT_3D ( 'NONE', #4263, #5729, #398 ) ;
#5735 = CARTESIAN_POINT ( 'NONE',  ( -31.01462764118191373, 28.15835394795180946, 3.000000000000000000 ) ) ;
#5736 = ADVANCED_FACE ( 'NONE', ( #3438 ), #700, .T. ) ;
#5737 = ORIENTED_EDGE ( 'NONE', *, *, #1214, .F. ) ;
#5738 = EDGE_CURVE ( 'NONE', #5651, #2371, #4278, .T. ) ;
#5739 = VECTOR ( 'NONE', #5083, 1000.000000000000000 ) ;
#5740 = LINE ( 'NONE', #53, #2963 ) ;
#5741 = CARTESIAN_POINT ( 'NONE',  ( 0.2049893579964236490, -40.87187053907685907, 0.000000000000000000 ) ) ;
#5742 = DIRECTION ( 'NONE',  ( 1.000000000000000000, 0.000000000000000000, 0.000000000000000000 ) ) ;
#5743 = ORIENTED_EDGE ( 'NONE', *, *, #3802, .F. ) ;
#5744 = CARTESIAN_POINT ( 'NONE',  ( -30.86710399077874811, -29.34501646314842560, 0.000000000000000000 ) ) ;
#5745 = EDGE_CURVE ( 'NONE', #5746, #4615, #4468, .T. ) ;
#5746 = VERTEX_POINT ( 'NONE', #4931 ) ;
#5747 = EDGE_CURVE ( 'NONE', #1032, #984, #2605, .T. ) ;
#5748 = CARTESIAN_POINT ( 'NONE',  ( -34.59935313971915605, -20.46393609590036178, 0.000000000000000000 ) ) ;
#5749 = ORIENTED_EDGE ( 'NONE', *, *, #2700, .T. ) ;
#5750 = CARTESIAN_POINT ( 'NONE',  ( 20.28241655960402312, 21.03444185374883801, 10.00000000000000000 ) ) ;
#5751 = AXIS2_PLACEMENT_3D ( 'NONE', #2961, #2079, #4008 ) ;
#5752 = DIRECTION ( 'NONE',  ( -0.000000000000000000, -0.000000000000000000, -1.000000000000000000 ) ) ;
#5753 = CARTESIAN_POINT ( 'NONE',  ( -29.04320082603998188, 31.15125335806428453, 3.000000000000000000 ) ) ;
#5754 = VERTEX_POINT ( 'NONE', #1605 ) ;
#5755 = ORIENTED_EDGE ( 'NONE', *, *, #3996, .T. ) ;
#5756 = CARTESIAN_POINT ( 'NONE',  ( 20.76059948172580860, 34.89601652554522815, 0.000000000000000000 ) ) ;
#5757 = VERTEX_POINT ( 'NONE', #1505 ) ;
#5758 = PLANE ( 'NONE',  #2442 ) ;
#5759 = ORIENTED_EDGE ( 'NONE', *, *, #5146, .F. ) ;
#5760 = DIRECTION ( 'NONE',  ( -0.000000000000000000, -0.000000000000000000, 1.000000000000000000 ) ) ;
#5761 = LINE ( 'NONE', #1492, #5586 ) ;
#5762 = ORIENTED_EDGE ( 'NONE', *, *, #5407, .F. ) ;
#5763 = CARTESIAN_POINT ( 'NONE',  ( 4.665144956892894434, -41.86101464414971218, 3.000000000000000000 ) ) ;
#5764 = DIRECTION ( 'NONE',  ( -0.000000000000000000, -0.000000000000000000, 1.000000000000000000 ) ) ;
#5765 = ORIENTED_EDGE ( 'NONE', *, *, #5440, .F. ) ;
#5766 = VECTOR ( 'NONE', #5624, 1000.000000000000000 ) ;
#5767 = DIRECTION ( 'NONE',  ( 0.8090169943749551118, -0.5877852522924625900, 0.000000000000000000 ) ) ;
#5768 = EDGE_LOOP ( 'NONE', ( #4893, #778 ) ) ;
#5769 = DIRECTION ( 'NONE',  ( 1.000000000000000000, 0.000000000000000000, 0.000000000000000000 ) ) ;
#5770 = CIRCLE ( 'NONE', #2999, 42.59000000000001052 ) ;
#5771 = CIRCLE ( 'NONE', #2897, 8.694264425220763925 ) ;
#5772 = CARTESIAN_POINT ( 'NONE',  ( -23.80138519710808254, 33.01215321642914091, 0.000000000000000000 ) ) ;
#5773 = EDGE_CURVE ( 'NONE', #2661, #2823, #3072, .T. ) ;
#5774 = DIRECTION ( 'NONE',  ( -1.000000000000000000, 0.000000000000000000, 0.000000000000000000 ) ) ;
#5775 = VECTOR ( 'NONE', #2564, 1000.000000000000000 ) ;
#5776 = VECTOR ( 'NONE', #4650, 1000.000000000000000 ) ;
#5777 = DIRECTION ( 'NONE',  ( -0.000000000000000000, -0.000000000000000000, 1.000000000000000000 ) ) ;
#5778 = ORIENTED_EDGE ( 'NONE', *, *, #5481, .F. ) ;
#5779 = AXIS2_PLACEMENT_3D ( 'NONE', #3574, #5480, #1219 ) ;
#5780 = LINE ( 'NONE', #3415, #4347 ) ;
#5781 = DIRECTION ( 'NONE',  ( 0.000000000000000000, -0.000000000000000000, 1.000000000000000000 ) ) ;
#5782 = EDGE_CURVE ( 'NONE', #2870, #2485, #2608, .T. ) ;
#5783 = EDGE_CURVE ( 'NONE', #2573, #5045, #3964, .T. ) ;
#5784 = FACE_OUTER_BOUND ( 'NONE', #6045, .T. ) ;
#5785 = ORIENTED_EDGE ( 'NONE', *, *, #175, .F. ) ;
#5786 = LINE ( 'NONE', #5288, #4126 ) ;
#5787 = ORIENTED_EDGE ( 'NONE', *, *, #1787, .F. ) ;
#5788 = CARTESIAN_POINT ( 'NONE',  ( 17.33022984358321139, -38.38842295929327264, 3.000000000000000000 ) ) ;
#5789 = VERTEX_POINT ( 'NONE', #5805 ) ;
#5790 = VERTEX_POINT ( 'NONE', #220 ) ;
#5791 = FACE_BOUND ( 'NONE', #3590, .T. ) ;
#5792 = CIRCLE ( 'NONE', #4992, 8.694264425220763925 ) ;
#5793 = ORIENTED_EDGE ( 'NONE', *, *, #5661, .T. ) ;
#5794 = CARTESIAN_POINT ( 'NONE',  ( 24.72746942367399114, 8.034441853748626627, 0.000000000000000000 ) ) ;
#5795 = DIRECTION ( 'NONE',  ( -0.000000000000000000, -0.000000000000000000, -1.000000000000000000 ) ) ;
#5796 = VERTEX_POINT ( 'NONE', #159 ) ;
#5797 = DIRECTION ( 'NONE',  ( 1.000000000000000000, 0.000000000000000000, 0.000000000000000000 ) ) ;
#5798 = CARTESIAN_POINT ( 'NONE',  ( 39.18193128813884840, -12.63458943475443519, 0.000000000000000000 ) ) ;
#5799 = LINE ( 'NONE', #4393, #2192 ) ;
#5800 = ORIENTED_EDGE ( 'NONE', *, *, #4910, .T. ) ;
#5801 = VECTOR ( 'NONE', #5694, 1000.000000000000000 ) ;
#5802 = ORIENTED_EDGE ( 'NONE', *, *, #1358, .F. ) ;
#5803 = ORIENTED_EDGE ( 'NONE', *, *, #363, .F. ) ;
#5804 = DIRECTION ( 'NONE',  ( 0.000000000000000000, 0.000000000000000000, -1.000000000000000000 ) ) ;
#5805 = CARTESIAN_POINT ( 'NONE',  ( 41.72493748217464571, -4.224442581619813453, 3.000000000000000000 ) ) ;
#5806 = DIRECTION ( 'NONE',  ( -0.000000000000000000, -0.000000000000000000, 1.000000000000000000 ) ) ;
#5807 = VERTEX_POINT ( 'NONE', #5873 ) ;
#5808 = FACE_OUTER_BOUND ( 'NONE', #6019, .T. ) ;
#5809 = VERTEX_POINT ( 'NONE', #5404 ) ;
#5810 = CARTESIAN_POINT ( 'NONE',  ( 37.31885645436632615, -20.52342692969187254, 3.000000000000000000 ) ) ;
#5811 = ORIENTED_EDGE ( 'NONE', *, *, #4448, .F. ) ;
#5812 = LINE ( 'NONE', #4813, #148 ) ;
#5813 = ORIENTED_EDGE ( 'NONE', *, *, #4461, .T. ) ;
#5814 = CARTESIAN_POINT ( 'NONE',  ( -17.50000000000000355, 2.143131898507868643E-15, -5.450000000000000178 ) ) ;
#5815 = PLANE ( 'NONE',  #5828 ) ;
#5816 = CARTESIAN_POINT ( 'NONE',  ( -32.78112118826260257, 24.03241722527427271, 3.000000000000000000 ) ) ;
#5817 = ORIENTED_EDGE ( 'NONE', *, *, #4979, .T. ) ;
#5818 = EDGE_CURVE ( 'NONE', #5150, #1621, #2101, .T. ) ;
#5819 = EDGE_CURVE ( 'NONE', #5217, #1029, #5904, .T. ) ;
#5820 = CARTESIAN_POINT ( 'NONE',  ( -4.770920966160784538, -42.32193772896803807, 3.000000000000000000 ) ) ;
#5821 = ADVANCED_FACE ( 'NONE', ( #123 ), #2127, .T. ) ;
#5822 = AXIS2_PLACEMENT_3D ( 'NONE', #6193, #4764, #4252 ) ;
#5823 = ORIENTED_EDGE ( 'NONE', *, *, #596, .F. ) ;
#5824 = CARTESIAN_POINT ( 'NONE',  ( -20.28241655960418299, -21.03444185374871367, 0.000000000000000000 ) ) ;
#5825 = ORIENTED_EDGE ( 'NONE', *, *, #2830, .T. ) ;
#5826 = CARTESIAN_POINT ( 'NONE',  ( 6.999999999999950262, -9.526279441628858535, 3.000000000000000000 ) ) ;
#5827 = DIRECTION ( 'NONE',  ( -0.000000000000000000, 0.000000000000000000, 1.000000000000000000 ) ) ;
#5828 = AXIS2_PLACEMENT_3D ( 'NONE', #4444, #1545, #5255 ) ;
#5829 = ORIENTED_EDGE ( 'NONE', *, *, #5380, .F. ) ;
#5830 = ADVANCED_FACE ( 'NONE', ( #2944 ), #1535, .T. ) ;
#5831 = DIRECTION ( 'NONE',  ( -0.000000000000000000, -0.000000000000000000, -1.000000000000000000 ) ) ;
#5832 = VECTOR ( 'NONE', #3718, 1000.000000000000000 ) ;
#5833 = DIRECTION ( 'NONE',  ( -0.000000000000000000, -0.000000000000000000, 1.000000000000000000 ) ) ;
#5834 = PLANE ( 'NONE',  #2895 ) ;
#5835 = ORIENTED_EDGE ( 'NONE', *, *, #5101, .T. ) ;
#5836 = CIRCLE ( 'NONE', #4432, 4.005000000000008775 ) ;
#5837 = EDGE_LOOP ( 'NONE', ( #3825, #1170, #3180, #4260 ) ) ;
#5838 = VECTOR ( 'NONE', #205, 1000.000000000000227 ) ;
#5839 = LINE ( 'NONE', #3410, #5241 ) ;
#5840 = AXIS2_PLACEMENT_3D ( 'NONE', #362, #5543, #1310 ) ;
#5841 = AXIS2_PLACEMENT_3D ( 'NONE', #5725, #2276, #1925 ) ;
#5842 = DIRECTION ( 'NONE',  ( -0.000000000000000000, -0.000000000000000000, -1.000000000000000000 ) ) ;
#5843 = FACE_OUTER_BOUND ( 'NONE', #4257, .T. ) ;
#5844 = FACE_OUTER_BOUND ( 'NONE', #3687, .T. ) ;
#5845 = ORIENTED_EDGE ( 'NONE', *, *, #721, .F. ) ;
#5846 = EDGE_CURVE ( 'NONE', #452, #1568, #2031, .T. ) ;
#5847 = CARTESIAN_POINT ( 'NONE',  ( 18.28802050313771232, -38.46370244889089918, 3.000000000000000000 ) ) ;
#5848 = FACE_OUTER_BOUND ( 'NONE', #4113, .T. ) ;
#5849 = AXIS2_PLACEMENT_3D ( 'NONE', #4646, #1370, #491 ) ;
#5850 = CARTESIAN_POINT ( 'NONE',  ( -12.42062638418443399, 38.84312997681865909, 0.000000000000000000 ) ) ;
#5851 = CYLINDRICAL_SURFACE ( 'NONE', #948, 4.005000000000001670 ) ;
#5852 = CARTESIAN_POINT ( 'NONE',  ( -24.72746942367396272, -8.034441853748742091, 0.000000000000000000 ) ) ;
#5853 = ORIENTED_EDGE ( 'NONE', *, *, #5496, .T. ) ;
#5854 = DIRECTION ( 'NONE',  ( 0.7918623653020087083, -0.6106995942509771957, 0.000000000000000000 ) ) ;
#5855 = EDGE_CURVE ( 'NONE', #3650, #108, #6176, .T. ) ;
#5856 = EDGE_LOOP ( 'NONE', ( #2309, #3216, #5539, #3773 ) ) ;
#5857 = CARTESIAN_POINT ( 'NONE',  ( 31.36840236821780081, -27.82005574930078140, 0.000000000000000000 ) ) ;
#5858 = ORIENTED_EDGE ( 'NONE', *, *, #5902, .F. ) ;
#5859 = CARTESIAN_POINT ( 'NONE',  ( 7.806255641895631925E-15, -11.00000000000000000, 3.000000000000000000 ) ) ;
#5860 = EDGE_CURVE ( 'NONE', #5458, #5746, #1495, .T. ) ;
#5861 = DIRECTION ( 'NONE',  ( 0.000000000000000000, 0.000000000000000000, 1.000000000000000000 ) ) ;
#5862 = EDGE_CURVE ( 'NONE', #3211, #3820, #3656, .T. ) ;
#5863 = ORIENTED_EDGE ( 'NONE', *, *, #2519, .T. ) ;
#5864 = DIRECTION ( 'NONE',  ( 0.5877852522924711387, 0.8090169943749488946, 0.000000000000000000 ) ) ;
#5865 = EDGE_CURVE ( 'NONE', #2723, #3488, #310, .T. ) ;
#5866 = CARTESIAN_POINT ( 'NONE',  ( 2.599999999999992983, 11.00000000000000000, -7.000000000000000000 ) ) ;
#5867 = EDGE_CURVE ( 'NONE', #2905, #3307, #5771, .T. ) ;
#5868 = EDGE_CURVE ( 'NONE', #5045, #2124, #5926, .T. ) ;
#5869 = DIRECTION ( 'NONE',  ( 0.8368276178719341596, -0.5474664720024269293, -0.000000000000000000 ) ) ;
#5870 = ORIENTED_EDGE ( 'NONE', *, *, #5657, .F. ) ;
#5871 = VERTEX_POINT ( 'NONE', #818 ) ;
#5872 = AXIS2_PLACEMENT_3D ( 'NONE', #2837, #3770, #4445 ) ;
#5873 = CARTESIAN_POINT ( 'NONE',  ( 9.082601838875753231, 40.87187053907685197, 0.000000000000000000 ) ) ;
#5874 = CARTESIAN_POINT ( 'NONE',  ( -6.735557395310441826E-15, 11.00000000000000000, 3.000000000000000000 ) ) ;
#5875 = CARTESIAN_POINT ( 'NONE',  ( 5.569638057863651071, -42.22424933500177957, 0.000000000000000000 ) ) ;
#5876 = ORIENTED_EDGE ( 'NONE', *, *, #3526, .T. ) ;
#5877 = VERTEX_POINT ( 'NONE', #1287 ) ;
#5878 = CIRCLE ( 'NONE', #3193, 8.694264425220771031 ) ;
#5879 = VERTEX_POINT ( 'NONE', #3224 ) ;
#5880 = DIRECTION ( 'NONE',  ( -1.000000000000000000, 0.000000000000000000, 0.000000000000000000 ) ) ;
#5881 = AXIS2_PLACEMENT_3D ( 'NONE', #1687, #2610, #2105 ) ;
#5882 = CIRCLE ( 'NONE', #5676, 4.005000000000004334 ) ;
#5883 = CARTESIAN_POINT ( 'NONE',  ( 20.82683300905948087, 37.15038528484935654, 0.000000000000000000 ) ) ;
#5884 = ORIENTED_EDGE ( 'NONE', *, *, #129, .F. ) ;
#5885 = PLANE ( 'NONE',  #3339 ) ;
#5886 = VERTEX_POINT ( 'NONE', #2727 ) ;
#5887 = FACE_OUTER_BOUND ( 'NONE', #1269, .T. ) ;
#5888 = AXIS2_PLACEMENT_3D ( 'NONE', #1070, #1035, #4299 ) ;
#5889 = CIRCLE ( 'NONE', #1901, 8.694264425220769255 ) ;
#5890 = VERTEX_POINT ( 'NONE', #3194 ) ;
#5891 = CARTESIAN_POINT ( 'NONE',  ( -39.21512454897334266, 8.678897630670645569, 3.000000000000000000 ) ) ;
#5892 = VERTEX_POINT ( 'NONE', #2693 ) ;
#5893 = DIRECTION ( 'NONE',  ( 0.000000000000000000, 0.000000000000000000, -1.000000000000000000 ) ) ;
#5894 = FACE_OUTER_BOUND ( 'NONE', #3155, .T. ) ;
#5895 = ORIENTED_EDGE ( 'NONE', *, *, #5101, .F. ) ;
#5896 = ORIENTED_EDGE ( 'NONE', *, *, #5855, .T. ) ;
#5897 = DIRECTION ( 'NONE',  ( 1.000000000000000000, 0.000000000000000000, 0.000000000000000000 ) ) ;
#5898 = CARTESIAN_POINT ( 'NONE',  ( 37.21864685947006990, 20.70459914970727766, 3.000000000000000000 ) ) ;
#5899 = CARTESIAN_POINT ( 'NONE',  ( -16.29376525559260003, -24.90576768131583663, 3.000000000000000000 ) ) ;
#5900 = ORIENTED_EDGE ( 'NONE', *, *, #3389, .T. ) ;
#5901 = ORIENTED_EDGE ( 'NONE', *, *, #5703, .T. ) ;
#5902 = EDGE_CURVE ( 'NONE', #2379, #1663, #3579, .T. ) ;
#5903 = ADVANCED_FACE ( 'NONE', ( #3620 ), #1784, .F. ) ;
#5904 = LINE ( 'NONE', #4871, #3397 ) ;
#5905 = DIRECTION ( 'NONE',  ( 0.3090169943749541126, -0.9510565162951513107, 0.000000000000000000 ) ) ;
#5906 = DIRECTION ( 'NONE',  ( -0.8277741018922764038, -0.5610615262486238208, 0.000000000000000000 ) ) ;
#5907 = VERTEX_POINT ( 'NONE', #3557 ) ;
#5908 = CYLINDRICAL_SURFACE ( 'NONE', #4048, 2.599999999999998312 ) ;
#5909 = DIRECTION ( 'NONE',  ( 0.000000000000000000, -0.000000000000000000, 1.000000000000000000 ) ) ;
#5910 = CARTESIAN_POINT ( 'NONE',  ( -23.73575383944928063, 33.07778457408781492, 3.000000000000000000 ) ) ;
#5911 = ORIENTED_EDGE ( 'NONE', *, *, #330, .T. ) ;
#5912 = FACE_OUTER_BOUND ( 'NONE', #1093, .T. ) ;
#5913 = ADVANCED_FACE ( 'NONE', ( #5109 ), #4054, .T. ) ;
#5914 = ORIENTED_EDGE ( 'NONE', *, *, #5164, .T. ) ;
#5915 = DIRECTION ( 'NONE',  ( -0.000000000000000000, -0.000000000000000000, 1.000000000000000000 ) ) ;
#5916 = DIRECTION ( 'NONE',  ( 0.000000000000000000, 0.000000000000000000, 1.000000000000000000 ) ) ;
#5917 = ORIENTED_EDGE ( 'NONE', *, *, #4715, .F. ) ;
#5918 = ORIENTED_EDGE ( 'NONE', *, *, #5195, .T. ) ;
#5919 = LINE ( 'NONE', #4956, #3788 ) ;
#5920 = DIRECTION ( 'NONE',  ( 0.000000000000000000, 0.000000000000000000, 1.000000000000000000 ) ) ;
#5921 = LINE ( 'NONE', #694, #2255 ) ;
#5922 = VECTOR ( 'NONE', #3428, 1000.000000000000000 ) ;
#5923 = FACE_BOUND ( 'NONE', #2474, .T. ) ;
#5924 = EDGE_LOOP ( 'NONE', ( #6026, #2551, #3850, #717 ) ) ;
#5925 = ORIENTED_EDGE ( 'NONE', *, *, #2514, .F. ) ;
#5926 = LINE ( 'NONE', #1318, #3001 ) ;
#5927 = VECTOR ( 'NONE', #711, 1000.000000000000000 ) ;
#5928 = AXIS2_PLACEMENT_3D ( 'NONE', #4145, #5104, #6014 ) ;
#5929 = CARTESIAN_POINT ( 'NONE',  ( -12.42062638418443399, 38.84312997681865909, 0.000000000000000000 ) ) ;
#5930 = CIRCLE ( 'NONE', #4736, 8.694264425220762149 ) ;
#5931 = ORIENTED_EDGE ( 'NONE', *, *, #4684, .F. ) ;
#5932 = EDGE_CURVE ( 'NONE', #1196, #6186, #781, .T. ) ;
#5933 =( NAMED_UNIT ( * ) SI_UNIT ( $, .STERADIAN. ) SOLID_ANGLE_UNIT ( ) );
#5934 = CIRCLE ( 'NONE', #4038, 8.694264425220769255 ) ;
#5935 = VECTOR ( 'NONE', #3810, 1000.000000000000000 ) ;
#5936 = EDGE_CURVE ( 'NONE', #3290, #95, #3198, .T. ) ;
#5937 = LINE ( 'NONE', #708, #3840 ) ;
#5938 = EDGE_CURVE ( 'NONE', #618, #1451, #3684, .T. ) ;
#5939 = ORIENTED_EDGE ( 'NONE', *, *, #4355, .T. ) ;
#5940 = CARTESIAN_POINT ( 'NONE',  ( -29.94915852961053204, 26.86437988392644982, 0.000000000000000000 ) ) ;
#5941 = EDGE_CURVE ( 'NONE', #2927, #2880, #4580, .T. ) ;
#5942 = CIRCLE ( 'NONE', #669, 1.500000000000000444 ) ;
#5943 = ORIENTED_EDGE ( 'NONE', *, *, #3872, .F. ) ;
#5944 = CARTESIAN_POINT ( 'NONE',  ( 0.000000000000000000, 0.000000000000000000, -5.450000000000000178 ) ) ;
#5945 = AXIS2_PLACEMENT_3D ( 'NONE', #4847, #575, #2473 ) ;
#5946 = ORIENTED_EDGE ( 'NONE', *, *, #299, .T. ) ;
#5947 = CYLINDRICAL_SURFACE ( 'NONE', #1851, 4.005000000000003446 ) ;
#5948 = CARTESIAN_POINT ( 'NONE',  ( 8.564230350490797505, -41.72004384589897086, 3.000000000000000000 ) ) ;
#5949 = ORIENTED_EDGE ( 'NONE', *, *, #723, .T. ) ;
#5950 = VERTEX_POINT ( 'NONE', #5460 ) ;
#5951 = DIRECTION ( 'NONE',  ( 0.000000000000000000, 0.000000000000000000, 1.000000000000000000 ) ) ;
#5952 = DIRECTION ( 'NONE',  ( -0.5877852522924772449, 0.8090169943749444537, 0.000000000000000000 ) ) ;
#5953 = EDGE_LOOP ( 'NONE', ( #2416, #1696 ) ) ;
#5954 = DIRECTION ( 'NONE',  ( 0.000000000000000000, 0.000000000000000000, 1.000000000000000000 ) ) ;
#5955 = CIRCLE ( 'NONE', #1967, 4.005000000000003446 ) ;
#5956 = ADVANCED_FACE ( 'NONE', ( #1197 ), #5490, .T. ) ;
#5957 = FACE_BOUND ( 'NONE', #470, .T. ) ;
#5958 = EDGE_LOOP ( 'NONE', ( #2611, #343, #731, #4474 ) ) ;
#5959 = ORIENTED_EDGE ( 'NONE', *, *, #1788, .T. ) ;
#5960 = ORIENTED_EDGE ( 'NONE', *, *, #4752, .F. ) ;
#5961 = DIRECTION ( 'NONE',  ( 1.000000000000000000, 2.793350590214952185E-15, 0.000000000000000000 ) ) ;
#5962 = CARTESIAN_POINT ( 'NONE',  ( -12.12627944162883331, 5.499999999999986677, -7.000000000000000000 ) ) ;
#5963 = ORIENTED_EDGE ( 'NONE', *, *, #941, .F. ) ;
#5964 = CARTESIAN_POINT ( 'NONE',  ( 28.14080578438306190, 31.08960764240096353, 0.000000000000000000 ) ) ;
#5965 = DIRECTION ( 'NONE',  ( -0.000000000000000000, 0.000000000000000000, 1.000000000000000000 ) ) ;
#5966 = ORIENTED_EDGE ( 'NONE', *, *, #4448, .T. ) ;
#5967 = CIRCLE ( 'NONE', #893, 5.000000000000000888 ) ;
#5968 = DIRECTION ( 'NONE',  ( 0.000000000000000000, 0.000000000000000000, -1.000000000000000000 ) ) ;
#5969 = ORIENTED_EDGE ( 'NONE', *, *, #943, .T. ) ;
#5970 = DIRECTION ( 'NONE',  ( 0.000000000000000000, 0.000000000000000000, 1.000000000000000000 ) ) ;
#5971 = EDGE_CURVE ( 'NONE', #3541, #4403, #5472, .T. ) ;
#5972 = ADVANCED_FACE ( 'NONE', ( #3130 ), #5018, .T. ) ;
#5973 = AXIS2_PLACEMENT_3D ( 'NONE', #4934, #3073, #5492 ) ;
#5974 = AXIS2_PLACEMENT_3D ( 'NONE', #4841, #570, #4365 ) ;
#5975 = LINE ( 'NONE', #4095, #5032 ) ;
#5976 = CARTESIAN_POINT ( 'NONE',  ( -34.59935313971945448, 20.46393609589984308, 0.000000000000000000 ) ) ;
#5977 = ORIENTED_EDGE ( 'NONE', *, *, #3390, .T. ) ;
#5978 = AXIS2_PLACEMENT_3D ( 'NONE', #998, #493, #2307 ) ;
#5979 = VECTOR ( 'NONE', #6143, 1000.000000000000114 ) ;
#5980 = EDGE_LOOP ( 'NONE', ( #1826, #734, #649, #5359 ) ) ;
#5981 = FACE_OUTER_BOUND ( 'NONE', #1119, .T. ) ;
#5982 = AXIS2_PLACEMENT_3D ( 'NONE', #834, #6164, #3328 ) ;
#5983 = CARTESIAN_POINT ( 'NONE',  ( -15.90640717830370932, 37.06703595085587466, 3.000000000000000000 ) ) ;
#5984 = ORIENTED_EDGE ( 'NONE', *, *, #2085, .F. ) ;
#5985 = CARTESIAN_POINT ( 'NONE',  ( 10.28241655960402134, 21.03444185374883801, 3.000000000000000000 ) ) ;
#5986 = DIRECTION ( 'NONE',  ( 0.000000000000000000, -0.000000000000000000, 1.000000000000000000 ) ) ;
#5987 = ORIENTED_EDGE ( 'NONE', *, *, #5738, .F. ) ;
#5988 = CARTESIAN_POINT ( 'NONE',  ( 33.37444795991410018, -24.03241722527452140, 0.000000000000000000 ) ) ;
#5989 = ORIENTED_EDGE ( 'NONE', *, *, #2507, .F. ) ;
#5990 = DIRECTION ( 'NONE',  ( -0.000000000000000000, -0.000000000000000000, -1.000000000000000000 ) ) ;
#5991 = CIRCLE ( 'NONE', #5191, 42.59000000000001052 ) ;
#5992 = CARTESIAN_POINT ( 'NONE',  ( 10.28241655960448675, -21.03444185374849695, 3.000000000000000000 ) ) ;
#5993 = ORIENTED_EDGE ( 'NONE', *, *, #5703, .F. ) ;
#5994 = CARTESIAN_POINT ( 'NONE',  ( -39.96320686035490155, -3.955691804083540042, 0.000000000000000000 ) ) ;
#5995 = CARTESIAN_POINT ( 'NONE',  ( -8.487627998526756201, 41.04109639035725365, 0.000000000000000000 ) ) ;
#5996 = ORIENTED_EDGE ( 'NONE', *, *, #981, .T. ) ;
#5997 = DIRECTION ( 'NONE',  ( -0.5406926394229364385, -0.8412202266195567546, 0.000000000000000000 ) ) ;
#5998 = EDGE_LOOP ( 'NONE', ( #5884, #539, #2235, #2248 ) ) ;
#5999 = CIRCLE ( 'NONE', #3373, 2.599999999999998312 ) ;
#6000 = CARTESIAN_POINT ( 'NONE',  ( -42.23646744650215368, -5.476213805227551745, 3.000000000000000000 ) ) ;
#6001 = CIRCLE ( 'NONE', #3516, 8.694264425220763925 ) ;
#6002 = DIRECTION ( 'NONE',  ( 0.2544461159514273541, 0.9670869526972395436, -0.000000000000000000 ) ) ;
#6003 = LINE ( 'NONE', #5976, #3240 ) ;
#6004 = ADVANCED_FACE ( 'NONE', ( #5981 ), #2716, .F. ) ;
#6005 = EDGE_CURVE ( 'NONE', #444, #5685, #4543, .T. ) ;
#6006 = ORIENTED_EDGE ( 'NONE', *, *, #3594, .T. ) ;
#6007 = ORIENTED_EDGE ( 'NONE', *, *, #5094, .F. ) ;
#6008 = CARTESIAN_POINT ( 'NONE',  ( -15.28241655960433754, 21.03444185374861419, 0.000000000000000000 ) ) ;
#6009 = EDGE_CURVE ( 'NONE', #3606, #3425, #771, .T. ) ;
#6010 = DIRECTION ( 'NONE',  ( -1.000000000000000000, 0.000000000000000000, 0.000000000000000000 ) ) ;
#6011 = VERTEX_POINT ( 'NONE', #1190 ) ;
#6012 = ORIENTED_EDGE ( 'NONE', *, *, #2885, .F. ) ;
#6013 = CYLINDRICAL_SURFACE ( 'NONE', #3351, 4.005000000000005222 ) ;
#6014 = DIRECTION ( 'NONE',  ( -1.000000000000000000, 0.000000000000000000, 0.000000000000000000 ) ) ;
#6015 = EDGE_CURVE ( 'NONE', #1479, #6088, #3489, .T. ) ;
#6016 = AXIS2_PLACEMENT_3D ( 'NONE', #3250, #6059, #1815 ) ;
#6017 = EDGE_CURVE ( 'NONE', #4806, #142, #5065, .T. ) ;
#6018 = FACE_OUTER_BOUND ( 'NONE', #868, .T. ) ;
#6019 = EDGE_LOOP ( 'NONE', ( #2385, #2181, #5269, #5 ) ) ;
#6020 = DIRECTION ( 'NONE',  ( -0.000000000000000000, -0.000000000000000000, -1.000000000000000000 ) ) ;
#6021 = ORIENTED_EDGE ( 'NONE', *, *, #5136, .F. ) ;
#6022 = EDGE_CURVE ( 'NONE', #3971, #4576, #4383, .T. ) ;
#6023 = EDGE_CURVE ( 'NONE', #1855, #2371, #298, .T. ) ;
#6024 = CARTESIAN_POINT ( 'NONE',  ( 5.337150639699440369, 42.25426514624478358, 3.000000000000000000 ) ) ;
#6025 = CARTESIAN_POINT ( 'NONE',  ( 38.74107973018853102, -17.69284718012270829, 3.000000000000000000 ) ) ;
#6026 = ORIENTED_EDGE ( 'NONE', *, *, #782, .T. ) ;
#6027 = AXIS2_PLACEMENT_3D ( 'NONE', #895, #5692, #449 ) ;
#6028 = AXIS2_PLACEMENT_3D ( 'NONE', #4666, #4789, #5658 ) ;
#6029 = VECTOR ( 'NONE', #3371, 1000.000000000000114 ) ;
#6030 = AXIS2_PLACEMENT_3D ( 'NONE', #3883, #1513, #2009 ) ;
#6031 = FACE_OUTER_BOUND ( 'NONE', #651, .T. ) ;
#6032 = ORIENTED_EDGE ( 'NONE', *, *, #5188, .T. ) ;
#6033 = ADVANCED_FACE ( 'NONE', ( #3638 ), #2208, .F. ) ;
#6034 = DIRECTION ( 'NONE',  ( 1.000000000000000000, 0.000000000000000000, 0.000000000000000000 ) ) ;
#6035 = AXIS2_PLACEMENT_3D ( 'NONE', #2092, #2937, #590 ) ;
#6036 = ORIENTED_EDGE ( 'NONE', *, *, #2080, .F. ) ;
#6037 = VECTOR ( 'NONE', #919, 1000.000000000000000 ) ;
#6038 = DIRECTION ( 'NONE',  ( -0.000000000000000000, 0.000000000000000000, 1.000000000000000000 ) ) ;
#6039 = AXIS2_PLACEMENT_3D ( 'NONE', #5447, #1701, #3057 ) ;
#6040 = CIRCLE ( 'NONE', #3356, 4.005000000000003446 ) ;
#6041 = EDGE_CURVE ( 'NONE', #4147, #1027, #4587, .T. ) ;
#6042 = CARTESIAN_POINT ( 'NONE',  ( -5.032257205299954350, 42.29165978558547323, 3.000000000000000000 ) ) ;
#6043 = DIRECTION ( 'NONE',  ( -0.000000000000000000, -0.000000000000000000, -1.000000000000000000 ) ) ;
#6044 = AXIS2_PLACEMENT_3D ( 'NONE', #4716, #5652, #2260 ) ;
#6045 = EDGE_LOOP ( 'NONE', ( #2415, #2801, #6144, #1522 ) ) ;
#6046 = LINE ( 'NONE', #5948, #4825 ) ;
#6047 = EDGE_LOOP ( 'NONE', ( #5858, #854, #859, #5235 ) ) ;
#6048 = COLOUR_RGB ( '',0.7921568627450980005, 0.8196078431372548767, 0.9333333333333333481 ) ;
#6049 = ORIENTED_EDGE ( 'NONE', *, *, #2618, .F. ) ;
#6050 = CARTESIAN_POINT ( 'NONE',  ( -29.04320082603998543, 31.15125335806428808, 3.000000000000000000 ) ) ;
#6051 = CARTESIAN_POINT ( 'NONE',  ( 24.32908061110071429, -33.07778457408799966, 3.000000000000000000 ) ) ;
#6052 = EDGE_CURVE ( 'NONE', #4721, #2824, #4491, .T. ) ;
#6053 = EDGE_CURVE ( 'NONE', #4296, #516, #4136, .T. ) ;
#6054 = ORIENTED_EDGE ( 'NONE', *, *, #1470, .F. ) ;
#6055 = DIRECTION ( 'NONE',  ( -0.000000000000000000, 0.000000000000000000, 1.000000000000000000 ) ) ;
#6056 = DIRECTION ( 'NONE',  ( 0.000000000000000000, -0.000000000000000000, -1.000000000000000000 ) ) ;
#6057 = CARTESIAN_POINT ( 'NONE',  ( 18.28802050313771232, -38.46370244889089918, 0.000000000000000000 ) ) ;
#6058 = EDGE_LOOP ( 'NONE', ( #1746, #2265, #74, #4338 ) ) ;
#6059 = DIRECTION ( 'NONE',  ( -0.000000000000000000, -0.000000000000000000, -1.000000000000000000 ) ) ;
#6060 = ORIENTED_EDGE ( 'NONE', *, *, #4794, .F. ) ;
#6061 = EDGE_CURVE ( 'NONE', #3622, #5890, #2395, .T. ) ;
#6062 = EDGE_CURVE ( 'NONE', #3290, #4740, #5919, .T. ) ;
#6063 = EDGE_CURVE ( 'NONE', #495, #2870, #906, .T. ) ;
#6064 = EDGE_CURVE ( 'NONE', #2824, #2087, #1278, .T. ) ;
#6065 = DIRECTION ( 'NONE',  ( -0.000000000000000000, -0.000000000000000000, -1.000000000000000000 ) ) ;
#6066 = DIRECTION ( 'NONE',  ( -0.000000000000000000, -0.000000000000000000, -1.000000000000000000 ) ) ;
#6067 = ORIENTED_EDGE ( 'NONE', *, *, #3234, .T. ) ;
#6068 = FACE_OUTER_BOUND ( 'NONE', #1510, .T. ) ;
#6069 = DIRECTION ( 'NONE',  ( -0.000000000000000000, -0.000000000000000000, -1.000000000000000000 ) ) ;
#6070 = VERTEX_POINT ( 'NONE', #3064 ) ;
#6071 = FACE_OUTER_BOUND ( 'NONE', #3459, .T. ) ;
#6072 = ORIENTED_EDGE ( 'NONE', *, *, #176, .T. ) ;
#6073 = DIRECTION ( 'NONE',  ( 0.8090169943749491166, 0.5877852522924708056, 0.000000000000000000 ) ) ;
#6074 = DIRECTION ( 'NONE',  ( 0.000000000000000000, 0.000000000000000000, 1.000000000000000000 ) ) ;
#6075 = CIRCLE ( 'NONE', #2596, 8.694264425220771031 ) ;
#6076 = AXIS2_PLACEMENT_3D ( 'NONE', #1015, #2946, #5375 ) ;
#6077 = CARTESIAN_POINT ( 'NONE',  ( -30.86710399077875167, -29.34501646314841139, 3.000000000000000000 ) ) ;
#6078 = CARTESIAN_POINT ( 'NONE',  ( 39.13979336264473829, -12.71728977000957528, 0.000000000000000000 ) ) ;
#6079 = ORIENTED_EDGE ( 'NONE', *, *, #5210, .T. ) ;
#6080 = CYLINDRICAL_SURFACE ( 'NONE', #5840, 4.005000000000004334 ) ;
#6081 = AXIS2_PLACEMENT_3D ( 'NONE', #5019, #275, #3503 ) ;
#6082 = VERTEX_POINT ( 'NONE', #1648 ) ;
#6083 = CARTESIAN_POINT ( 'NONE',  ( 15.28241655960448675, -21.03444185374849695, 10.00000000000000000 ) ) ;
#6084 = VECTOR ( 'NONE', #1502, 1000.000000000000000 ) ;
#6085 = DIRECTION ( 'NONE',  ( 1.000000000000000000, 0.000000000000000000, 0.000000000000000000 ) ) ;
#6086 = DIRECTION ( 'NONE',  ( -0.000000000000000000, -0.000000000000000000, 1.000000000000000000 ) ) ;
#6087 = PLANE ( 'NONE',  #806 ) ;
#6088 = VERTEX_POINT ( 'NONE', #4516 ) ;
#6089 = CYLINDRICAL_SURFACE ( 'NONE', #2607, 4.005000000000003446 ) ;
#6090 = ORIENTED_EDGE ( 'NONE', *, *, #5941, .T. ) ;
#6091 = AXIS2_PLACEMENT_3D ( 'NONE', #6008, #4014, #1242 ) ;
#6092 = DIRECTION ( 'NONE',  ( 1.000000000000000000, 0.000000000000000000, 0.000000000000000000 ) ) ;
#6093 = CARTESIAN_POINT ( 'NONE',  ( 9.526279441628830114, -5.499999999999992006, -7.000000000000000000 ) ) ;
#6094 = ADVANCED_FACE ( 'NONE', ( #691 ), #209, .T. ) ;
#6095 = ORIENTED_EDGE ( 'NONE', *, *, #6130, .F. ) ;
#6096 = ADVANCED_FACE ( 'NONE', ( #4045 ), #1677, .T. ) ;
#6097 = DIRECTION ( 'NONE',  ( 0.000000000000000000, 0.000000000000000000, 1.000000000000000000 ) ) ;
#6098 = ORIENTED_EDGE ( 'NONE', *, *, #3802, .T. ) ;
#6099 = CARTESIAN_POINT ( 'NONE',  ( 0.000000000000000000, 0.000000000000000000, 0.000000000000000000 ) ) ;
#6100 = CARTESIAN_POINT ( 'NONE',  ( 12.93125282058016090, 38.88526790231303920, 0.000000000000000000 ) ) ;
#6101 = ORIENTED_EDGE ( 'NONE', *, *, #5554, .T. ) ;
#6102 = DIRECTION ( 'NONE',  ( 1.000000000000000000, 0.000000000000000000, 0.000000000000000000 ) ) ;
#6103 = DIRECTION ( 'NONE',  ( 1.000000000000000000, 0.000000000000000000, 0.000000000000000000 ) ) ;
#6104 = LINE ( 'NONE', #5156, #30 ) ;
#6105 = EDGE_LOOP ( 'NONE', ( #5310, #2581, #2418, #675 ) ) ;
#6106 =( LENGTH_UNIT ( ) NAMED_UNIT ( * ) SI_UNIT ( .MILLI., .METRE. ) );
#6107 = CARTESIAN_POINT ( 'NONE',  ( 9.082601838875753231, 40.87187053907685197, 0.000000000000000000 ) ) ;
#6108 = ORIENTED_EDGE ( 'NONE', *, *, #5463, .T. ) ;
#6109 = LINE ( 'NONE', #4225, #558 ) ;
#6110 = CARTESIAN_POINT ( 'NONE',  ( 12.93125282058071335, -38.88526790231286867, 0.000000000000000000 ) ) ;
#6111 = CARTESIAN_POINT ( 'NONE',  ( 0.000000000000000000, 0.000000000000000000, 0.000000000000000000 ) ) ;
#6112 = FACE_OUTER_BOUND ( 'NONE', #3344, .T. ) ;
#6113 = ORIENTED_EDGE ( 'NONE', *, *, #2974, .F. ) ;
#6114 = DIRECTION ( 'NONE',  ( 1.000000000000000000, 0.000000000000000000, 0.000000000000000000 ) ) ;
#6115 = DIRECTION ( 'NONE',  ( 0.000000000000000000, -0.000000000000000000, -1.000000000000000000 ) ) ;
#6116 = CARTESIAN_POINT ( 'NONE',  ( 20.82683300905948798, 37.15038528484935654, 3.000000000000000000 ) ) ;
#6117 = ORIENTED_EDGE ( 'NONE', *, *, #2321, .F. ) ;
#6118 = DIRECTION ( 'NONE',  ( 1.000000000000000000, 0.000000000000000000, 0.000000000000000000 ) ) ;
#6119 = ADVANCED_FACE ( 'NONE', ( #5005 ), #484, .F. ) ;
#6120 = EDGE_CURVE ( 'NONE', #2824, #1609, #4497, .T. ) ;
#6121 = CARTESIAN_POINT ( 'NONE',  ( 0.000000000000000000, 0.000000000000000000, 0.000000000000000000 ) ) ;
#6122 = ORIENTED_EDGE ( 'NONE', *, *, #1574, .T. ) ;
#6123 = VECTOR ( 'NONE', #231, 1000.000000000000000 ) ;
#6124 = EDGE_CURVE ( 'NONE', #995, #1100, #1806, .T. ) ;
#6125 = LINE ( 'NONE', #5152, #494 ) ;
#6126 = EDGE_LOOP ( 'NONE', ( #5218, #3869, #370, #5106 ) ) ;
#6127 = DIRECTION ( 'NONE',  ( 1.000000000000000000, 0.000000000000000000, 0.000000000000000000 ) ) ;
#6128 = AXIS2_PLACEMENT_3D ( 'NONE', #3325, #4162, #894 ) ;
#6129 = EDGE_CURVE ( 'NONE', #4150, #1042, #5129, .T. ) ;
#6130 = EDGE_CURVE ( 'NONE', #2036, #4053, #3299, .T. ) ;
#6131 = EDGE_CURVE ( 'NONE', #1490, #2106, #4165, .T. ) ;
#6132 = DIRECTION ( 'NONE',  ( -1.000000000000000000, 0.000000000000000000, 0.000000000000000000 ) ) ;
#6133 = FACE_OUTER_BOUND ( 'NONE', #4828, .T. ) ;
#6134 = VECTOR ( 'NONE', #4218, 1000.000000000000000 ) ;
#6135 = ORIENTED_EDGE ( 'NONE', *, *, #3990, .T. ) ;
#6136 =( NAMED_UNIT ( * ) SI_UNIT ( $, .STERADIAN. ) SOLID_ANGLE_UNIT ( ) );
#6137 = CARTESIAN_POINT ( 'NONE',  ( -37.15235299575964945, -20.82332266662719533, 3.000000000000000000 ) ) ;
#6138 = CIRCLE ( 'NONE', #760, 4.005000000000004334 ) ;
#6139 = ORIENTED_EDGE ( 'NONE', *, *, #3083, .T. ) ;
#6140 = CARTESIAN_POINT ( 'NONE',  ( -3.659028418257547877, -40.25987024618076049, 0.000000000000000000 ) ) ;
#6141 = CYLINDRICAL_SURFACE ( 'NONE', #2954, 2.599999999999998312 ) ;
#6142 = DIRECTION ( 'NONE',  ( 1.000000000000000000, 0.000000000000000000, 0.000000000000000000 ) ) ;
#6143 = DIRECTION ( 'NONE',  ( -0.3356015481885438745, -0.9420040344146368705, 0.000000000000000000 ) ) ;
#6144 = ORIENTED_EDGE ( 'NONE', *, *, #2962, .F. ) ;
#6145 = CARTESIAN_POINT ( 'NONE',  ( 10.28241655960448675, -21.03444185374849695, 0.000000000000000000 ) ) ;
#6146 = VECTOR ( 'NONE', #2818, 1000.000000000000114 ) ;
#6147 = EDGE_CURVE ( 'NONE', #3900, #222, #3402, .T. ) ;
#6148 = EDGE_CURVE ( 'NONE', #2279, #3404, #964, .T. ) ;
#6149 = DIRECTION ( 'NONE',  ( -0.000000000000000000, -0.000000000000000000, 1.000000000000000000 ) ) ;
#6150 = LINE ( 'NONE', #6116, #3976 ) ;
#6151 = ORIENTED_EDGE ( 'NONE', *, *, #5773, .F. ) ;
#6152 = CARTESIAN_POINT ( 'NONE',  ( -12.33792604892874323, -38.88526790231296104, 3.000000000000000000 ) ) ;
#6153 = CIRCLE ( 'NONE', #4055, 8.694264425220762149 ) ;
#6154 = CARTESIAN_POINT ( 'NONE',  ( 20.82683300905948087, 37.15038528484935654, 0.000000000000000000 ) ) ;
#6155 = EDGE_LOOP ( 'NONE', ( #5068, #2236, #6179, #2719 ) ) ;
#6156 = CARTESIAN_POINT ( 'NONE',  ( -12.42062638418386733, -38.84312997681885093, 0.000000000000000000 ) ) ;
#6157 = ORIENTED_EDGE ( 'NONE', *, *, #1004, .T. ) ;
#6158 = ORIENTED_EDGE ( 'NONE', *, *, #1518, .T. ) ;
#6159 = DIRECTION ( 'NONE',  ( 0.000000000000000000, 0.000000000000000000, 1.000000000000000000 ) ) ;
#6160 = CYLINDRICAL_SURFACE ( 'NONE', #3252, 8.694264425220769255 ) ;
#6161 = DIRECTION ( 'NONE',  ( -0.000000000000000000, -0.000000000000000000, 1.000000000000000000 ) ) ;
#6162 = EDGE_LOOP ( 'NONE', ( #3610, #3302, #400, #1873 ) ) ;
#6163 = EDGE_CURVE ( 'NONE', #3956, #237, #5193, .T. ) ;
#6164 = DIRECTION ( 'NONE',  ( -0.000000000000000000, -0.000000000000000000, -1.000000000000000000 ) ) ;
#6165 = EDGE_CURVE ( 'NONE', #2407, #2202, #5889, .T. ) ;
#6166 = DIRECTION ( 'NONE',  ( -0.000000000000000000, -0.000000000000000000, -1.000000000000000000 ) ) ;
#6167 = AXIS2_PLACEMENT_3D ( 'NONE', #2991, #1581, #3336 ) ;
#6168 = ORIENTED_EDGE ( 'NONE', *, *, #4093, .F. ) ;
#6169 = CARTESIAN_POINT ( 'NONE',  ( 24.72746942367407641, -8.034441853748395701, 10.00000000000000000 ) ) ;
#6170 = CARTESIAN_POINT ( 'NONE',  ( -9.526279441628819455, -5.500000000000010658, -7.000000000000000000 ) ) ;
#6171 = CARTESIAN_POINT ( 'NONE',  ( 0.2966633858254068001, 40.88639027866684472, 0.000000000000000000 ) ) ;
#6172 = DIRECTION ( 'NONE',  ( -0.000000000000000000, -0.000000000000000000, 1.000000000000000000 ) ) ;
#6173 = ORIENTED_EDGE ( 'NONE', *, *, #4609, .T. ) ;
#6174 = CARTESIAN_POINT ( 'NONE',  ( 17.21325967034674420, 38.23122844270245224, 3.000000000000000000 ) ) ;
#6175 = VECTOR ( 'NONE', #3413, 1000.000000000000000 ) ;
#6176 = CIRCLE ( 'NONE', #5580, 42.59000000000001052 ) ;
#6177 = LINE ( 'NONE', #3743, #92 ) ;
#6178 = LINE ( 'NONE', #1437, #2797 ) ;
#6179 = ORIENTED_EDGE ( 'NONE', *, *, #692, .T. ) ;
#6180 = AXIS2_PLACEMENT_3D ( 'NONE', #4388, #3031, #625 ) ;
#6181 = VECTOR ( 'NONE', #5643, 1000.000000000000000 ) ;
#6182 = AXIS2_PLACEMENT_3D ( 'NONE', #234, #718, #2143 ) ;
#6183 = DIRECTION ( 'NONE',  ( 0.000000000000000000, 0.000000000000000000, 1.000000000000000000 ) ) ;
#6184 = CYLINDRICAL_SURFACE ( 'NONE', #3385, 5.000000000000000888 ) ;
#6185 = DIRECTION ( 'NONE',  ( -0.000000000000000000, -0.000000000000000000, -1.000000000000000000 ) ) ;
#6186 = VERTEX_POINT ( 'NONE', #897 ) ;
#6187 = CYLINDRICAL_SURFACE ( 'NONE', #4968, 4.005000000000005222 ) ;
#6188 = EDGE_LOOP ( 'NONE', ( #2822, #3273, #6168, #5330 ) ) ;
#6189 = ORIENTED_EDGE ( 'NONE', *, *, #4059, .T. ) ;
#6190 = CARTESIAN_POINT ( 'NONE',  ( 0.000000000000000000, 0.000000000000000000, 0.000000000000000000 ) ) ;
#6191 = LINE ( 'NONE', #3817, #1549 ) ;
#6192 = EDGE_CURVE ( 'NONE', #1490, #4360, #4187, .T. ) ;
#6193 = CARTESIAN_POINT ( 'NONE',  ( -6.735557395310441826E-15, 11.00000000000000000, 3.000000000000000000 ) ) ;
#6194 = ORIENTED_EDGE ( 'NONE', *, *, #1879, .F. ) ;
ENDSEC;
END-ISO-10303-21;
