ISO-10303-21;
HEADER;
FILE_DESCRIPTION (( 'STEP AP214' ),
    '1' );
FILE_NAME ('±£³Ö¼ÜW3A.STEP',
    '2026-08-16T17:26:59',
    ( '' ),
    ( '' ),
    'SwSTEP 2.0',
    'SolidWorks 2025',
    '' );
FILE_SCHEMA (( 'AUTOMOTIVE_DESIGN' ));
ENDSEC;

DATA;
#1 = DIRECTION ( 'NONE',  ( 0.000000000000000000, -1.000000000000000000, 0.000000000000000000 ) ) ;
#2 = LINE ( 'NONE', #3964, #1975 ) ;
#3 = CARTESIAN_POINT ( 'NONE',  ( 0.000000000000000000, -2.000000000000000000, 0.000000000000000000 ) ) ;
#4 = VERTEX_POINT ( 'NONE', #3182 ) ;
#5 = FACE_OUTER_BOUND ( 'NONE', #3110, .T. ) ;
#6 = CIRCLE ( 'NONE', #3270, 13.00000000000000178 ) ;
#7 = ORIENTED_EDGE ( 'NONE', *, *, #3719, .T. ) ;
#8 = VECTOR ( 'NONE', #3887, 999.9999999999998863 ) ;
#9 = CARTESIAN_POINT ( 'NONE',  ( 9.461713798662529484, 13.00000000000000000, 6.492905654954260086 ) ) ;
#10 = DIRECTION ( 'NONE',  ( 0.000000000000000000, 1.000000000000000000, 0.000000000000000000 ) ) ;
#11 = CARTESIAN_POINT ( 'NONE',  ( 10.25304832719689863, -2.000000000000000000, 10.25304832721533899 ) ) ;
#12 = EDGE_CURVE ( 'NONE', #156, #3767, #981, .T. ) ;
#13 = CIRCLE ( 'NONE', #1307, 13.00000000000000000 ) ;
#14 = AXIS2_PLACEMENT_3D ( 'NONE', #1026, #2074, #691 ) ;
#15 = DIRECTION ( 'NONE',  ( 0.000000000000000000, -1.000000000000000000, 0.000000000000000000 ) ) ;
#16 = DIRECTION ( 'NONE',  ( 0.000000000000000000, -1.000000000000000000, 0.000000000000000000 ) ) ;
#17 = CARTESIAN_POINT ( 'NONE',  ( 0.000000000000000000, 12.00000000000000000, -1.250000000000000000 ) ) ;
#18 = CARTESIAN_POINT ( 'NONE',  ( -4.425805671266068941, 7.000000000000000000, 18.11733162953355247 ) ) ;
#19 = VERTEX_POINT ( 'NONE', #4214 ) ;
#20 = DIRECTION ( 'NONE',  ( -0.000000000000000000, 1.000000000000000000, 0.000000000000000000 ) ) ;
#21 = EDGE_CURVE ( 'NONE', #85, #467, #236, .T. ) ;
#22 = VERTEX_POINT ( 'NONE', #1382 ) ;
#23 = VECTOR ( 'NONE', #2283, 1000.000000000000000 ) ;
#24 = CARTESIAN_POINT ( 'NONE',  ( 1.224646799147351876E-15, 2.000000000000000000, 10.00000000000000000 ) ) ;
#25 = DIRECTION ( 'NONE',  ( 0.000000000000000000, -1.000000000000000000, 0.000000000000000000 ) ) ;
#26 = VECTOR ( 'NONE', #2221, 1000.000000000000227 ) ;
#27 = EDGE_CURVE ( 'NONE', #3350, #1259, #1045, .T. ) ;
#28 = DIRECTION ( 'NONE',  ( 0.000000000000000000, -1.000000000000000000, 0.000000000000000000 ) ) ;
#29 = AXIS2_PLACEMENT_3D ( 'NONE', #1062, #4581, #1349 ) ;
#30 = ORIENTED_EDGE ( 'NONE', *, *, #3456, .F. ) ;
#31 = CIRCLE ( 'NONE', #2477, 0.5000000000000004441 ) ;
#32 = ORIENTED_EDGE ( 'NONE', *, *, #2540, .F. ) ;
#33 = DIRECTION ( 'NONE',  ( 0.000000000000000000, -1.000000000000000000, 0.000000000000000000 ) ) ;
#34 = VERTEX_POINT ( 'NONE', #3086 ) ;
#35 = AXIS2_PLACEMENT_3D ( 'NONE', #3127, #3102, #540 ) ;
#36 = DIRECTION ( 'NONE',  ( 0.000000000000000000, -1.000000000000000000, 0.000000000000000000 ) ) ;
#37 = CARTESIAN_POINT ( 'NONE',  ( 5.443804946588110515E-12, -2.000000000000000000, 5.443804946597200616E-12 ) ) ;
#38 = CIRCLE ( 'NONE', #883, 0.5000000000000004441 ) ;
#39 = EDGE_CURVE ( 'NONE', #3871, #3942, #1335, .T. ) ;
#40 = DIRECTION ( 'NONE',  ( 0.9659258262888520408, 0.000000000000000000, 0.2588190451033275385 ) ) ;
#41 = ADVANCED_FACE ( 'NONE', ( #2384 ), #2008, .T. ) ;
#42 = FACE_OUTER_BOUND ( 'NONE', #1123, .T. ) ;
#43 = LINE ( 'NONE', #2577, #2806 ) ;
#44 = DIRECTION ( 'NONE',  ( 0.000000000000000000, 1.000000000000000000, 0.000000000000000000 ) ) ;
#45 = DIRECTION ( 'NONE',  ( 0.000000000000000000, 0.000000000000000000, -1.000000000000000000 ) ) ;
#46 = ORIENTED_EDGE ( 'NONE', *, *, #2736, .F. ) ;
#47 = DIRECTION ( 'NONE',  ( 0.000000000000000000, 1.000000000000000000, 0.000000000000000000 ) ) ;
#48 = VECTOR ( 'NONE', #3516, 1000.000000000000000 ) ;
#49 = VECTOR ( 'NONE', #1759, 1000.000000000000114 ) ;
#50 = ORIENTED_EDGE ( 'NONE', *, *, #4180, .T. ) ;
#51 = LINE ( 'NONE', #346, #705 ) ;
#52 = CARTESIAN_POINT ( 'NONE',  ( 3.752876153999289865, 1.100000000000000089, -11.20592448119607987 ) ) ;
#53 = EDGE_CURVE ( 'NONE', #304, #618, #212, .T. ) ;
#54 = VERTEX_POINT ( 'NONE', #587 ) ;
#55 = CYLINDRICAL_SURFACE ( 'NONE', #1951, 2.999999999999999112 ) ;
#56 = EDGE_LOOP ( 'NONE', ( #3717, #3317 ) ) ;
#57 = ORIENTED_EDGE ( 'NONE', *, *, #1398, .T. ) ;
#58 = EDGE_CURVE ( 'NONE', #1573, #3377, #2365, .T. ) ;
#59 = CARTESIAN_POINT ( 'NONE',  ( 4.440892098500625152E-13, 7.000000000000000000, 6.050715484207100722E-12 ) ) ;
#60 = ORIENTED_EDGE ( 'NONE', *, *, #4499, .F. ) ;
#61 = DIRECTION ( 'NONE',  ( 0.000000000000000000, -1.000000000000000000, 0.000000000000000000 ) ) ;
#62 = VERTEX_POINT ( 'NONE', #4564 ) ;
#63 = VERTEX_POINT ( 'NONE', #3806 ) ;
#64 = UNCERTAINTY_MEASURE_WITH_UNIT (LENGTH_MEASURE( 1.000000000000000082E-05 ), #3542, 'distance_accuracy_value', 'NONE');
#65 = AXIS2_PLACEMENT_3D ( 'NONE', #789, #3393, #1883 ) ;
#66 = CARTESIAN_POINT ( 'NONE',  ( -13.79763841420336057, 7.000000000000000000, -5.312357039982740226 ) ) ;
#67 = AXIS2_PLACEMENT_3D ( 'NONE', #3852, #3878, #1718 ) ;
#68 = EDGE_CURVE ( 'NONE', #1967, #3254, #2076, .T. ) ;
#69 = DIRECTION ( 'NONE',  ( 0.000000000000000000, -1.000000000000000000, 0.000000000000000000 ) ) ;
#70 = VERTEX_POINT ( 'NONE', #1357 ) ;
#71 = CYLINDRICAL_SURFACE ( 'NONE', #1536, 0.5000000000000004441 ) ;
#72 = CARTESIAN_POINT ( 'NONE',  ( 16.51733162954249678, 10.44999999999999929, -2.825805671237445083 ) ) ;
#73 = CARTESIAN_POINT ( 'NONE',  ( 4.440892098500625152E-13, 7.000000000000000000, 6.050715484207100722E-12 ) ) ;
#74 = EDGE_CURVE ( 'NONE', #3686, #1429, #437, .T. ) ;
#75 = ORIENTED_EDGE ( 'NONE', *, *, #3881, .T. ) ;
#76 = VERTEX_POINT ( 'NONE', #2756 ) ;
#77 = DIRECTION ( 'NONE',  ( 0.000000000000000000, 0.000000000000000000, 1.000000000000000000 ) ) ;
#78 = AXIS2_PLACEMENT_3D ( 'NONE', #2785, #588, #2734 ) ;
#79 = ORIENTED_EDGE ( 'NONE', *, *, #1430, .F. ) ;
#80 = FACE_OUTER_BOUND ( 'NONE', #4121, .T. ) ;
#81 = DIRECTION ( 'NONE',  ( 0.000000000000000000, 1.000000000000000000, 0.000000000000000000 ) ) ;
#82 = ADVANCED_FACE ( 'NONE', ( #3487 ), #3440, .F. ) ;
#83 = VERTEX_POINT ( 'NONE', #4191 ) ;
#84 = AXIS2_PLACEMENT_3D ( 'NONE', #3164, #4221, #987 ) ;
#85 = VERTEX_POINT ( 'NONE', #568 ) ;
#86 = FACE_OUTER_BOUND ( 'NONE', #1072, .T. ) ;
#87 = CARTESIAN_POINT ( 'NONE',  ( 8.931861529967430758E-12, 3.000000000000000000, -2.393285083853395459E-12 ) ) ;
#88 = CARTESIAN_POINT ( 'NONE',  ( -5.379452833000149425, -2.000000000000000000, -20.07639128970820153 ) ) ;
#89 = EDGE_CURVE ( 'NONE', #1560, #1420, #2030, .T. ) ;
#90 = CIRCLE ( 'NONE', #1156, 11.00000000000000000 ) ;
#91 = DIRECTION ( 'NONE',  ( 0.000000000000000000, 0.000000000000000000, -1.000000000000000000 ) ) ;
#92 = CIRCLE ( 'NONE', #4569, 2.499999999999999556 ) ;
#93 = ORIENTED_EDGE ( 'NONE', *, *, #2340, .F. ) ;
#94 = CARTESIAN_POINT ( 'NONE',  ( 16.51733162954249678, 10.44999999999999929, -4.425805671237439398 ) ) ;
#95 = VERTEX_POINT ( 'NONE', #3853 ) ;
#96 = DIRECTION ( 'NONE',  ( 0.000000000000000000, 1.000000000000000000, 0.000000000000000000 ) ) ;
#97 = ADVANCED_FACE ( 'NONE', ( #1688 ), #3131, .T. ) ;
#98 = DIRECTION ( 'NONE',  ( -0.000000000000000000, 1.000000000000000000, 0.000000000000000000 ) ) ;
#99 = AXIS2_PLACEMENT_3D ( 'NONE', #390, #1126, #2586 ) ;
#100 = VERTEX_POINT ( 'NONE', #4327 ) ;
#101 = CARTESIAN_POINT ( 'NONE',  ( -6.098336270100209511, -2.000000000000000000, -13.15523830028056018 ) ) ;
#102 = VECTOR ( 'NONE', #4301, 1000.000000000000000 ) ;
#103 = EDGE_LOOP ( 'NONE', ( #1665, #363, #4343, #462 ) ) ;
#104 = ORIENTED_EDGE ( 'NONE', *, *, #2334, .F. ) ;
#105 = VERTEX_POINT ( 'NONE', #3659 ) ;
#106 = CIRCLE ( 'NONE', #1093, 18.00000000000000000 ) ;
#107 = CARTESIAN_POINT ( 'NONE',  ( 9.190343882090010297, 13.00000000000000000, 6.912856090576640078 ) ) ;
#108 = EDGE_LOOP ( 'NONE', ( #485, #2057, #292, #504 ) ) ;
#109 = EDGE_LOOP ( 'NONE', ( #2933, #1053, #4128, #4015 ) ) ;
#110 = AXIS2_PLACEMENT_3D ( 'NONE', #2601, #1036, #2110 ) ;
#111 = LINE ( 'NONE', #1204, #1705 ) ;
#112 = CIRCLE ( 'NONE', #1025, 3.000000000000000000 ) ;
#113 = CARTESIAN_POINT ( 'NONE',  ( 7.985737366234038959, 7.000000000000000000, 12.69755876999722055 ) ) ;
#114 = VECTOR ( 'NONE', #3850, 1000.000000000000000 ) ;
#115 = AXIS2_PLACEMENT_3D ( 'NONE', #682, #2137, #4364 ) ;
#116 = DIRECTION ( 'NONE',  ( 0.000000000000000000, 0.000000000000000000, 1.000000000000000000 ) ) ;
#117 = EDGE_LOOP ( 'NONE', ( #1511, #1385, #1371, #3280 ) ) ;
#118 = DIRECTION ( 'NONE',  ( 0.000000000000000000, 1.000000000000000000, 0.000000000000000000 ) ) ;
#119 = EDGE_LOOP ( 'NONE', ( #1794, #1174, #2259, #2388 ) ) ;
#120 = DIRECTION ( 'NONE',  ( 0.000000000000000000, 0.000000000000000000, 1.000000000000000000 ) ) ;
#121 = EDGE_CURVE ( 'NONE', #95, #3254, #43, .T. ) ;
#122 = AXIS2_PLACEMENT_3D ( 'NONE', #4419, #941, #1647 ) ;
#123 = CARTESIAN_POINT ( 'NONE',  ( 5.795554957733430435, -16.01280737409345178, 1.552914270620700199 ) ) ;
#124 = EDGE_CURVE ( 'NONE', #4435, #1562, #1763, .T. ) ;
#125 = EDGE_LOOP ( 'NONE', ( #1296, #1776 ) ) ;
#126 = ORIENTED_EDGE ( 'NONE', *, *, #839, .F. ) ;
#127 = CARTESIAN_POINT ( 'NONE',  ( 0.000000000000000000, 12.00000000000000000, 0.000000000000000000 ) ) ;
#128 = VERTEX_POINT ( 'NONE', #2552 ) ;
#129 = VERTEX_POINT ( 'NONE', #743 ) ;
#130 = CYLINDRICAL_SURFACE ( 'NONE', #429, 13.00000000000000000 ) ;
#131 = ORIENTED_EDGE ( 'NONE', *, *, #4223, .T. ) ;
#132 = ORIENTED_EDGE ( 'NONE', *, *, #3732, .F. ) ;
#133 = CARTESIAN_POINT ( 'NONE',  ( -14.92816230493646046, 13.00000000000000000, 1.107091175205354050 ) ) ;
#134 = DIRECTION ( 'NONE',  ( 0.000000000000000000, 0.000000000000000000, 1.000000000000000000 ) ) ;
#135 = DIRECTION ( 'NONE',  ( 0.000000000000000000, 1.000000000000000000, 0.000000000000000000 ) ) ;
#136 = VERTEX_POINT ( 'NONE', #668 ) ;
#137 = CARTESIAN_POINT ( 'NONE',  ( 0.000000000000000000, 7.000000000000000000, -23.98000000000000043 ) ) ;
#138 = ORIENTED_EDGE ( 'NONE', *, *, #4237, .F. ) ;
#139 = CARTESIAN_POINT ( 'NONE',  ( -15.72981011290974784, 13.00000000000000000, 8.750604196962301629 ) ) ;
#140 = CARTESIAN_POINT ( 'NONE',  ( -11.41549931669258022, 7.000000000000000000, 1.391537046074598161 ) ) ;
#141 = CIRCLE ( 'NONE', #1660, 2.500000000000000444 ) ;
#142 = VERTEX_POINT ( 'NONE', #4307 ) ;
#144 = CARTESIAN_POINT ( 'NONE',  ( 9.190343882090010297, 13.00000000000000000, 6.912856090576640078 ) ) ;
#143 = AXIS2_PLACEMENT_3D ( 'NONE', #1808, #1425, #3205 ) ;
#145 = VERTEX_POINT ( 'NONE', #382 ) ;
#146 = ORIENTED_EDGE ( 'NONE', *, *, #3866, .F. ) ;
#147 = FACE_OUTER_BOUND ( 'NONE', #3907, .T. ) ;
#148 = EDGE_CURVE ( 'NONE', #3334, #3137, #4102, .T. ) ;
#149 = ORIENTED_EDGE ( 'NONE', *, *, #3770, .F. ) ;
#150 = AXIS2_PLACEMENT_3D ( 'NONE', #716, #4352, #3296 ) ;
#151 = EDGE_LOOP ( 'NONE', ( #1504, #2635, #4198, #3111 ) ) ;
#152 = ORIENTED_EDGE ( 'NONE', *, *, #2877, .T. ) ;
#153 = CIRCLE ( 'NONE', #2730, 0.5000000000000004441 ) ;
#154 = FACE_BOUND ( 'NONE', #4059, .T. ) ;
#155 = EDGE_CURVE ( 'NONE', #3686, #761, #2191, .T. ) ;
#156 = VERTEX_POINT ( 'NONE', #1049 ) ;
#157 = CARTESIAN_POINT ( 'NONE',  ( 17.42992601232629823, -2.000000000000000000, 1.564506057929730076 ) ) ;
#158 = CARTESIAN_POINT ( 'NONE',  ( -0.7636791219763329197, 7.000000000000000000, 16.37305085188605247 ) ) ;
#159 = CARTESIAN_POINT ( 'NONE',  ( -9.292926858961608971, 7.000000000000000000, 11.49945535768140026 ) ) ;
#160 = ORIENTED_EDGE ( 'NONE', *, *, #21, .F. ) ;
#161 = DIRECTION ( 'NONE',  ( 0.000000000000000000, 1.000000000000000000, 0.000000000000000000 ) ) ;
#162 = EDGE_CURVE ( 'NONE', #2857, #2303, #1497, .T. ) ;
#163 = CYLINDRICAL_SURFACE ( 'NONE', #1327, 11.00000000000000000 ) ;
#164 = FACE_OUTER_BOUND ( 'NONE', #2428, .T. ) ;
#165 = EDGE_CURVE ( 'NONE', #3623, #3402, #768, .T. ) ;
#166 = CYLINDRICAL_SURFACE ( 'NONE', #3027, 0.5000000000000004441 ) ;
#167 = EDGE_LOOP ( 'NONE', ( #1839, #506, #2464, #3021 ) ) ;
#168 = CARTESIAN_POINT ( 'NONE',  ( -10.06986499670492030, 3.000000000000000000, 11.31250568379293853 ) ) ;
#169 = AXIS2_PLACEMENT_3D ( 'NONE', #679, #1390, #3937 ) ;
#170 = ORIENTED_EDGE ( 'NONE', *, *, #3921, .T. ) ;
#171 = AXIS2_PLACEMENT_3D ( 'NONE', #3100, #2724, #4556 ) ;
#172 = ORIENTED_EDGE ( 'NONE', *, *, #3891, .F. ) ;
#173 = VERTEX_POINT ( 'NONE', #2874 ) ;
#174 = EDGE_CURVE ( 'NONE', #3902, #3005, #4252, .T. ) ;
#175 = DIRECTION ( 'NONE',  ( 0.000000000000000000, 0.000000000000000000, -1.000000000000000000 ) ) ;
#176 = DIRECTION ( 'NONE',  ( 0.000000000000000000, 1.000000000000000000, 0.000000000000000000 ) ) ;
#177 = EDGE_CURVE ( 'NONE', #903, #486, #1595, .T. ) ;
#178 = ORIENTED_EDGE ( 'NONE', *, *, #2052, .T. ) ;
#179 = ADVANCED_FACE ( 'NONE', ( #4663 ), #1447, .F. ) ;
#180 = CARTESIAN_POINT ( 'NONE',  ( 4.502643226144499522, 13.00000000000000000, -10.58188092816824089 ) ) ;
#181 = ADVANCED_FACE ( 'NONE', ( #2124 ), #1809, .F. ) ;
#182 = CARTESIAN_POINT ( 'NONE',  ( -7.080123992924840515, -16.01280737409345178, -12.02987146124861795 ) ) ;
#183 = ORIENTED_EDGE ( 'NONE', *, *, #4290, .T. ) ;
#184 = CIRCLE ( 'NONE', #4212, 2.799999999992524913 ) ;
#185 = AXIS2_PLACEMENT_3D ( 'NONE', #3221, #283, #255 ) ;
#186 = CARTESIAN_POINT ( 'NONE',  ( -15.87701174170375040, 3.000000000000000000, -7.360061015662139994 ) ) ;
#187 = EDGE_LOOP ( 'NONE', ( #2320, #2317, #1146, #659, #2958, #2508, #3425, #3943, #1990, #3523, #2538 ) ) ;
#188 = CARTESIAN_POINT ( 'NONE',  ( 10.25304832719691994, 13.00000000000000000, 10.25304832721533899 ) ) ;
#189 = EDGE_CURVE ( 'NONE', #3171, #2602, #990, .T. ) ;
#190 = CARTESIAN_POINT ( 'NONE',  ( -12.09152595827489840, 10.44999999999999929, -14.34152595829761978 ) ) ;
#191 = DIRECTION ( 'NONE',  ( 0.000000000000000000, 0.000000000000000000, -1.000000000000000000 ) ) ;
#192 = AXIS2_PLACEMENT_3D ( 'NONE', #3346, #96, #4117 ) ;
#193 = AXIS2_PLACEMENT_3D ( 'NONE', #1996, #3819, #4229 ) ;
#194 = DIRECTION ( 'NONE',  ( 0.000000000000000000, 0.000000000000000000, -1.000000000000000000 ) ) ;
#195 = DIRECTION ( 'NONE',  ( 0.000000000000000000, -1.000000000000000000, 0.000000000000000000 ) ) ;
#196 = CARTESIAN_POINT ( 'NONE',  ( -10.58188092818446080, 7.000000000000000000, 4.502643226125169207 ) ) ;
#197 = ORIENTED_EDGE ( 'NONE', *, *, #3627, .T. ) ;
#198 = ORIENTED_EDGE ( 'NONE', *, *, #2625, .F. ) ;
#199 = ORIENTED_EDGE ( 'NONE', *, *, #1149, .F. ) ;
#200 = DIRECTION ( 'NONE',  ( 0.000000000000000000, -1.000000000000000000, 0.000000000000000000 ) ) ;
#201 = DIRECTION ( 'NONE',  ( 0.000000000000000000, 0.000000000000000000, 1.000000000000000000 ) ) ;
#202 = EDGE_CURVE ( 'NONE', #3998, #2593, #3643, .T. ) ;
#203 = LINE ( 'NONE', #2329, #4593 ) ;
#204 = CARTESIAN_POINT ( 'NONE',  ( -4.425805671266068941, 10.44999999999999929, 16.51733162953355105 ) ) ;
#205 = EDGE_CURVE ( 'NONE', #1932, #1952, #3094, .T. ) ;
#206 = CARTESIAN_POINT ( 'NONE',  ( -17.27600000000304803, 13.00000000000000000, 2.791025617924929758 ) ) ;
#207 = ORIENTED_EDGE ( 'NONE', *, *, #1391, .T. ) ;
#208 = CARTESIAN_POINT ( 'NONE',  ( -14.92816230493646046, 13.00000000000000000, 1.107091175205354050 ) ) ;
#209 = CARTESIAN_POINT ( 'NONE',  ( 0.000000000000000000, 7.000000000000000000, 0.000000000000000000 ) ) ;
#210 = LINE ( 'NONE', #1715, #1777 ) ;
#211 = CARTESIAN_POINT ( 'NONE',  ( 0.000000000000000000, -2.000000000000000000, 0.000000000000000000 ) ) ;
#212 = LINE ( 'NONE', #3159, #2860 ) ;
#213 = CARTESIAN_POINT ( 'NONE',  ( 4.440892098500625152E-13, 13.00000000000000000, 6.050715484207100722E-12 ) ) ;
#214 = EDGE_CURVE ( 'NONE', #1577, #2567, #902, .T. ) ;
#215 = ORIENTED_EDGE ( 'NONE', *, *, #2084, .F. ) ;
#216 = ORIENTED_EDGE ( 'NONE', *, *, #3427, .F. ) ;
#217 = AXIS2_PLACEMENT_3D ( 'NONE', #4337, #4695, #4411 ) ;
#218 = ORIENTED_EDGE ( 'NONE', *, *, #2058, .F. ) ;
#219 = DIRECTION ( 'NONE',  ( 0.000000000000000000, 0.000000000000000000, -1.000000000000000000 ) ) ;
#220 = FACE_OUTER_BOUND ( 'NONE', #3617, .T. ) ;
#221 = EDGE_LOOP ( 'NONE', ( #4501, #1312 ) ) ;
#222 = CARTESIAN_POINT ( 'NONE',  ( 3.752876153999289865, 1.100000000000000089, -14.00592448118869981 ) ) ;
#223 = ADVANCED_FACE ( 'NONE', ( #3587 ), #335, .T. ) ;
#224 = FACE_OUTER_BOUND ( 'NONE', #2645, .T. ) ;
#225 = CYLINDRICAL_SURFACE ( 'NONE', #3604, 1.649999999999999911 ) ;
#226 = EDGE_CURVE ( 'NONE', #4230, #4037, #1895, .T. ) ;
#227 = EDGE_LOOP ( 'NONE', ( #4152, #1274, #1557, #4606 ) ) ;
#228 = DIRECTION ( 'NONE',  ( 0.000000000000000000, -1.000000000000000000, 0.000000000000000000 ) ) ;
#229 = ORIENTED_EDGE ( 'NONE', *, *, #3816, .F. ) ;
#230 = FACE_OUTER_BOUND ( 'NONE', #1431, .T. ) ;
#231 = EDGE_CURVE ( 'NONE', #3630, #4017, #3417, .T. ) ;
#232 = LINE ( 'NONE', #1657, #1946 ) ;
#233 = LINE ( 'NONE', #979, #3986 ) ;
#234 = EDGE_CURVE ( 'NONE', #4611, #3809, #3557, .T. ) ;
#235 = LINE ( 'NONE', #3464, #908 ) ;
#236 = LINE ( 'NONE', #4643, #48 ) ;
#237 = EDGE_CURVE ( 'NONE', #4435, #1481, #3326, .T. ) ;
#238 = DIRECTION ( 'NONE',  ( 0.000000000000000000, 1.000000000000000000, 0.000000000000000000 ) ) ;
#239 = ORIENTED_EDGE ( 'NONE', *, *, #4588, .F. ) ;
#240 = VERTEX_POINT ( 'NONE', #1141 ) ;
#241 = AXIS2_PLACEMENT_3D ( 'NONE', #196, #3352, #820 ) ;
#242 = AXIS2_PLACEMENT_3D ( 'NONE', #11, #332, #763 ) ;
#243 = EDGE_LOOP ( 'NONE', ( #874, #2471, #1097, #1666, #654, #3026, #2092, #773, #2760 ) ) ;
#244 = CARTESIAN_POINT ( 'NONE',  ( 0.000000000000000000, 4.000000000000000000, 0.000000000000000000 ) ) ;
#245 = ORIENTED_EDGE ( 'NONE', *, *, #580, .T. ) ;
#246 = LINE ( 'NONE', #2016, #1482 ) ;
#247 = VECTOR ( 'NONE', #1565, 1000.000000000000000 ) ;
#248 = VECTOR ( 'NONE', #3391, 1000.000000000000227 ) ;
#249 = CARTESIAN_POINT ( 'NONE',  ( 9.461713798662529484, 13.00000000000000000, 6.492905654954260086 ) ) ;
#250 = ADVANCED_FACE ( 'NONE', ( #432 ), #2945, .F. ) ;
#251 = DIRECTION ( 'NONE',  ( 0.000000000000000000, -1.000000000000000000, 0.000000000000000000 ) ) ;
#252 = CARTESIAN_POINT ( 'NONE',  ( 9.247113055971459161, 7.000000000000000000, 15.44315058950980024 ) ) ;
#253 = ORIENTED_EDGE ( 'NONE', *, *, #746, .F. ) ;
#254 = AXIS2_PLACEMENT_3D ( 'NONE', #2820, #3582, #330 ) ;
#255 = DIRECTION ( 'NONE',  ( 0.000000000000000000, 0.000000000000000000, -1.000000000000000000 ) ) ;
#256 = ORIENTED_EDGE ( 'NONE', *, *, #970, .F. ) ;
#257 = DIRECTION ( 'NONE',  ( 0.000000000000000000, 1.000000000000000000, 0.000000000000000000 ) ) ;
#258 = CARTESIAN_POINT ( 'NONE',  ( 16.51733162954249678, 10.44999999999999929, -4.425805671237444727 ) ) ;
#259 = LINE ( 'NONE', #2802, #1024 ) ;
#260 = AXIS2_PLACEMENT_3D ( 'NONE', #2655, #851, #3389 ) ;
#261 = DIRECTION ( 'NONE',  ( 0.000000000000000000, -1.000000000000000000, 0.000000000000000000 ) ) ;
#262 = AXIS2_PLACEMENT_3D ( 'NONE', #503, #98, #4118 ) ;
#263 = DIRECTION ( 'NONE',  ( 0.000000000000000000, -1.000000000000000000, 0.000000000000000000 ) ) ;
#264 = DIRECTION ( 'NONE',  ( 0.000000000000000000, 1.000000000000000000, 0.000000000000000000 ) ) ;
#265 = ADVANCED_FACE ( 'NONE', ( #1568 ), #4073, .F. ) ;
#266 = CARTESIAN_POINT ( 'NONE',  ( -14.89038704414983982, 13.00000000000000000, 8.804191108950000455 ) ) ;
#267 = AXIS2_PLACEMENT_3D ( 'NONE', #581, #1043, #2844 ) ;
#268 = CIRCLE ( 'NONE', #1408, 5.000000000000000000 ) ;
#269 = CIRCLE ( 'NONE', #4071, 18.00000000000000000 ) ;
#270 = EDGE_CURVE ( 'NONE', #2805, #2053, #4395, .T. ) ;
#271 = ORIENTED_EDGE ( 'NONE', *, *, #846, .F. ) ;
#272 = VECTOR ( 'NONE', #1114, 1000.000000000000227 ) ;
#273 = ORIENTED_EDGE ( 'NONE', *, *, #2515, .T. ) ;
#274 = CARTESIAN_POINT ( 'NONE',  ( -9.121111998001438792, 7.000000000000000000, -13.52441736210528056 ) ) ;
#275 = AXIS2_PLACEMENT_3D ( 'NONE', #107, #1559, #2299 ) ;
#276 = DIRECTION ( 'NONE',  ( 0.000000000000000000, -1.000000000000000000, 0.000000000000000000 ) ) ;
#277 = ORIENTED_EDGE ( 'NONE', *, *, #121, .T. ) ;
#278 = CARTESIAN_POINT ( 'NONE',  ( 8.990248804416699713, 7.000000000000000000, 15.01417418424579964 ) ) ;
#279 = DIRECTION ( 'NONE',  ( 0.000000000000000000, -1.000000000000000000, 0.000000000000000000 ) ) ;
#280 = DIRECTION ( 'NONE',  ( 0.000000000000000000, 1.000000000000000000, 0.000000000000000000 ) ) ;
#281 = VERTEX_POINT ( 'NONE', #2659 ) ;
#282 = ADVANCED_FACE ( 'NONE', ( #3752 ), #1191, .T. ) ;
#283 = DIRECTION ( 'NONE',  ( 0.000000000000000000, -1.000000000000000000, 0.000000000000000000 ) ) ;
#284 = DIRECTION ( 'NONE',  ( 0.000000000000000000, 1.000000000000000000, 0.000000000000000000 ) ) ;
#285 = CYLINDRICAL_SURFACE ( 'NONE', #1556, 1.599999999999999867 ) ;
#286 = CARTESIAN_POINT ( 'NONE',  ( -12.09152595827489840, 13.00000000000000000, -12.09152595829761800 ) ) ;
#287 = CIRCLE ( 'NONE', #513, 10.00000000000000000 ) ;
#288 = DIRECTION ( 'NONE',  ( 0.000000000000000000, 1.000000000000000000, 0.000000000000000000 ) ) ;
#289 = PLANE ( 'NONE',  #2723 ) ;
#290 = CARTESIAN_POINT ( 'NONE',  ( 9.190343882090010297, 7.000000000000000000, 6.912856090576640078 ) ) ;
#291 = CARTESIAN_POINT ( 'NONE',  ( -7.525159905998109799, -16.01280737409345178, 14.56131753616203994 ) ) ;
#292 = ORIENTED_EDGE ( 'NONE', *, *, #830, .T. ) ;
#293 = ORIENTED_EDGE ( 'NONE', *, *, #226, .F. ) ;
#294 = FACE_OUTER_BOUND ( 'NONE', #2297, .T. ) ;
#295 = ADVANCED_FACE ( 'NONE', ( #2311 ), #3728, .T. ) ;
#296 = LINE ( 'NONE', #3188, #1707 ) ;
#297 = CIRCLE ( 'NONE', #217, 11.00000000000000000 ) ;
#298 = CARTESIAN_POINT ( 'NONE',  ( 12.69755876998357991, 7.000000000000000000, 7.985737366255740710 ) ) ;
#299 = FACE_BOUND ( 'NONE', #2302, .T. ) ;
#300 = VECTOR ( 'NONE', #2804, 1000.000000000000000 ) ;
#301 = ADVANCED_FACE ( 'NONE', ( #499 ), #1959, .F. ) ;
#302 = DIRECTION ( 'NONE',  ( 0.000000000000000000, -1.000000000000000000, 0.000000000000000000 ) ) ;
#303 = EDGE_CURVE ( 'NONE', #1005, #3686, #477, .T. ) ;
#304 = VERTEX_POINT ( 'NONE', #1591 ) ;
#305 = VERTEX_POINT ( 'NONE', #3707 ) ;
#306 = CYLINDRICAL_SURFACE ( 'NONE', #4068, 2.999999999999999112 ) ;
#307 = CARTESIAN_POINT ( 'NONE',  ( 2.298183056504294886, 7.000000000000000000, 14.60528389892253820 ) ) ;
#308 = CARTESIAN_POINT ( 'NONE',  ( 10.25304832719689863, 1.100000000000000089, 10.25304832721533899 ) ) ;
#309 = ADVANCED_FACE ( 'NONE', ( #3035 ), #71, .T. ) ;
#310 = CARTESIAN_POINT ( 'NONE',  ( 8.297635003253589048, 4.000000000000000000, -8.435001680661869727 ) ) ;
#311 = LINE ( 'NONE', #4279, #1235 ) ;
#312 = DIRECTION ( 'NONE',  ( 0.000000000000000000, -1.000000000000000000, 0.000000000000000000 ) ) ;
#313 = DIRECTION ( 'NONE',  ( 0.000000000000000000, 0.000000000000000000, 1.000000000000000000 ) ) ;
#314 = DIRECTION ( 'NONE',  ( 0.000000000000000000, 0.000000000000000000, -1.000000000000000000 ) ) ;
#315 = AXIS2_PLACEMENT_3D ( 'NONE', #1667, #595, #1314 ) ;
#316 = ORIENTED_EDGE ( 'NONE', *, *, #3088, .F. ) ;
#317 = EDGE_CURVE ( 'NONE', #2818, #1042, #2679, .T. ) ;
#318 = ORIENTED_EDGE ( 'NONE', *, *, #2282, .T. ) ;
#319 = FACE_OUTER_BOUND ( 'NONE', #2702, .T. ) ;
#320 = ADVANCED_FACE ( 'NONE', ( #885 ), #2333, .F. ) ;
#321 = FACE_OUTER_BOUND ( 'NONE', #3070, .T. ) ;
#322 = CARTESIAN_POINT ( 'NONE',  ( -9.292926858961608971, -16.01280737409345178, 11.49945535768140026 ) ) ;
#323 = EDGE_CURVE ( 'NONE', #4017, #1728, #3353, .T. ) ;
#324 = CARTESIAN_POINT ( 'NONE',  ( 2.791025617962304750, 13.00000000000000000, -17.27599999999049984 ) ) ;
#325 = AXIS2_PLACEMENT_3D ( 'NONE', #3963, #1, #4336 ) ;
#326 = ORIENTED_EDGE ( 'NONE', *, *, #1149, .T. ) ;
#327 = ORIENTED_EDGE ( 'NONE', *, *, #3954, .F. ) ;
#328 = EDGE_CURVE ( 'NONE', #1429, #3686, #2376, .T. ) ;
#329 = CARTESIAN_POINT ( 'NONE',  ( 3.156108234789909872, -16.01280737409345178, 11.40346354448010047 ) ) ;
#330 = DIRECTION ( 'NONE',  ( 0.000000000000000000, 0.000000000000000000, -1.000000000000000000 ) ) ;
#331 = DIRECTION ( 'NONE',  ( 0.000000000000000000, 1.000000000000000000, 0.000000000000000000 ) ) ;
#332 = DIRECTION ( 'NONE',  ( 0.000000000000000000, -1.000000000000000000, 0.000000000000000000 ) ) ;
#333 = FACE_OUTER_BOUND ( 'NONE', #2604, .T. ) ;
#334 = LINE ( 'NONE', #639, #4704 ) ;
#335 = CYLINDRICAL_SURFACE ( 'NONE', #2350, 0.5000000000000004441 ) ;
#336 = CIRCLE ( 'NONE', #4060, 0.5000000000000056621 ) ;
#337 = DIRECTION ( 'NONE',  ( 0.000000000000000000, 0.000000000000000000, 1.000000000000000000 ) ) ;
#338 = ORIENTED_EDGE ( 'NONE', *, *, #2391, .T. ) ;
#339 = AXIS2_PLACEMENT_3D ( 'NONE', #620, #1387, #434 ) ;
#340 = ORIENTED_EDGE ( 'NONE', *, *, #2671, .F. ) ;
#341 = EDGE_LOOP ( 'NONE', ( #2054, #2664, #3740, #398 ) ) ;
#342 = AXIS2_PLACEMENT_3D ( 'NONE', #2912, #3314, #1875 ) ;
#343 = CYLINDRICAL_SURFACE ( 'NONE', #3500, 2.799999999992634603 ) ;
#344 = ORIENTED_EDGE ( 'NONE', *, *, #4714, .F. ) ;
#345 = VECTOR ( 'NONE', #466, 1000.000000000000000 ) ;
#346 = CARTESIAN_POINT ( 'NONE',  ( -6.047198315376909328, -16.01280737409345178, 14.95733615081470091 ) ) ;
#347 = CARTESIAN_POINT ( 'NONE',  ( 16.27304500596659764, -16.01280737409345178, -1.136906019981513971 ) ) ;
#348 = AXIS2_PLACEMENT_3D ( 'NONE', #4243, #1770, #573 ) ;
#349 = CARTESIAN_POINT ( 'NONE',  ( 0.000000000000000000, 7.000000000000000000, 0.000000000000000000 ) ) ;
#350 = EDGE_LOOP ( 'NONE', ( #2429, #1741, #482, #4679 ) ) ;
#351 = ORIENTED_EDGE ( 'NONE', *, *, #523, .F. ) ;
#352 = EDGE_CURVE ( 'NONE', #1348, #2414, #1923, .T. ) ;
#353 = DIRECTION ( 'NONE',  ( 0.000000000000000000, 1.000000000000000000, 0.000000000000000000 ) ) ;
#354 = VERTEX_POINT ( 'NONE', #999 ) ;
#355 = DIRECTION ( 'NONE',  ( 0.000000000000000000, 1.000000000000000000, 0.000000000000000000 ) ) ;
#356 = ADVANCED_FACE ( 'NONE', ( #3872, #2380 ), #953, .T. ) ;
#357 = DIRECTION ( 'NONE',  ( 0.000000000000000000, -1.000000000000000000, 0.000000000000000000 ) ) ;
#358 = ADVANCED_FACE ( 'NONE', ( #1712 ), #3482, .T. ) ;
#359 = DIRECTION ( 'NONE',  ( 0.000000000000000000, -1.000000000000000000, 0.000000000000000000 ) ) ;
#360 = DIRECTION ( 'NONE',  ( 0.000000000000000000, 0.000000000000000000, -1.000000000000000000 ) ) ;
#361 = DIRECTION ( 'NONE',  ( -8.673617379884038430E-16, 0.000000000000000000, -1.000000000000000000 ) ) ;
#362 = CARTESIAN_POINT ( 'NONE',  ( 0.000000000000000000, 0.000000000000000000, 0.000000000000000000 ) ) ;
#363 = ORIENTED_EDGE ( 'NONE', *, *, #1524, .F. ) ;
#364 = ORIENTED_EDGE ( 'NONE', *, *, #1639, .F. ) ;
#365 = CARTESIAN_POINT ( 'NONE',  ( 12.69755876998357991, 4.000000000000000000, 7.985737366255740710 ) ) ;
#366 = EDGE_CURVE ( 'NONE', #1410, #1581, #2976, .T. ) ;
#367 = PLANE ( 'NONE',  #4344 ) ;
#368 = CARTESIAN_POINT ( 'NONE',  ( 0.000000000000000000, 0.000000000000000000, 0.000000000000000000 ) ) ;
#369 = EDGE_CURVE ( 'NONE', #2370, #100, #4199, .T. ) ;
#370 = CARTESIAN_POINT ( 'NONE',  ( 3.752876153999289865, 1.100000000000000089, -11.20592448119607987 ) ) ;
#371 = ORIENTED_EDGE ( 'NONE', *, *, #2800, .T. ) ;
#372 = CIRCLE ( 'NONE', #3020, 24.00000000000000000 ) ;
#373 = DIRECTION ( 'NONE',  ( 0.000000000000000000, 0.000000000000000000, 1.000000000000000000 ) ) ;
#374 = ORIENTED_EDGE ( 'NONE', *, *, #3770, .T. ) ;
#375 = LINE ( 'NONE', #3631, #2101 ) ;
#376 = DIRECTION ( 'NONE',  ( 0.000000000000000000, 0.000000000000000000, -1.000000000000000000 ) ) ;
#377 = FILL_AREA_STYLE ('',( #1853 ) ) ;
#378 = EDGE_CURVE ( 'NONE', #3669, #1520, #92, .T. ) ;
#379 = CARTESIAN_POINT ( 'NONE',  ( 0.000000000000000000, 4.000000000000000000, 0.000000000000000000 ) ) ;
#380 = VECTOR ( 'NONE', #1742, 1000.000000000000000 ) ;
#381 = LINE ( 'NONE', #2459, #3640 ) ;
#382 = CARTESIAN_POINT ( 'NONE',  ( 1.530808498934190091E-16, 2.000000000000000000, 1.250000000000000000 ) ) ;
#383 = CARTESIAN_POINT ( 'NONE',  ( 4.440892098500625152E-13, 13.00000000000000000, 6.050715484207100722E-12 ) ) ;
#384 = DIRECTION ( 'NONE',  ( 0.000000000000000000, 0.000000000000000000, 1.000000000000000000 ) ) ;
#385 = ORIENTED_EDGE ( 'NONE', *, *, #4089, .T. ) ;
#386 = EDGE_CURVE ( 'NONE', #4384, #1477, #3973, .T. ) ;
#387 = ORIENTED_EDGE ( 'NONE', *, *, #3885, .T. ) ;
#388 = CARTESIAN_POINT ( 'NONE',  ( -10.35387814089142111, 7.000000000000000000, 4.947631685511029609 ) ) ;
#389 = VERTEX_POINT ( 'NONE', #3435 ) ;
#390 = CARTESIAN_POINT ( 'NONE',  ( 16.51733162954249678, 10.44999999999999929, -4.425805671237444727 ) ) ;
#391 = ORIENTED_EDGE ( 'NONE', *, *, #2701, .F. ) ;
#392 = CARTESIAN_POINT ( 'NONE',  ( 2.212024512716165113E-11, 13.00000000000000000, -17.49999999999394973 ) ) ;
#393 = EDGE_CURVE ( 'NONE', #304, #2715, #475, .T. ) ;
#394 = CARTESIAN_POINT ( 'NONE',  ( -8.847890945889549386, 4.000000000000000000, -13.79763841421666015 ) ) ;
#395 = ORIENTED_EDGE ( 'NONE', *, *, #2534, .F. ) ;
#396 = ORIENTED_EDGE ( 'NONE', *, *, #2391, .F. ) ;
#397 = CARTESIAN_POINT ( 'NONE',  ( -17.76960000000315176, 7.000000000000000000, 2.870769207008320389 ) ) ;
#398 = ORIENTED_EDGE ( 'NONE', *, *, #39, .T. ) ;
#399 = EDGE_CURVE ( 'NONE', #105, #1850, #2719, .T. ) ;
#400 = VECTOR ( 'NONE', #3305, 1000.000000000000000 ) ;
#401 = DIRECTION ( 'NONE',  ( 0.000000000000000000, 0.000000000000000000, -1.000000000000000000 ) ) ;
#402 = CARTESIAN_POINT ( 'NONE',  ( -12.02987146123531836, 7.000000000000000000, -7.080123992947440215 ) ) ;
#403 = CYLINDRICAL_SURFACE ( 'NONE', #1615, 0.5000000000000004441 ) ;
#404 = DIRECTION ( 'NONE',  ( 0.000000000000000000, 1.000000000000000000, 0.000000000000000000 ) ) ;
#405 = CARTESIAN_POINT ( 'NONE',  ( -9.992851429320360523, 4.000000000000000000, 0.3780480280733105047 ) ) ;
#406 = DIRECTION ( 'NONE',  ( 0.000000000000000000, 0.000000000000000000, -1.000000000000000000 ) ) ;
#407 = ORIENTED_EDGE ( 'NONE', *, *, #3802, .F. ) ;
#408 = CARTESIAN_POINT ( 'NONE',  ( -11.41549931669258022, 13.00000000000000000, 0.8915370460745949410 ) ) ;
#409 = VERTEX_POINT ( 'NONE', #2097 ) ;
#410 = ADVANCED_FACE ( 'NONE', ( #1299 ), #3538, .F. ) ;
#411 = CIRCLE ( 'NONE', #2163, 5.000000000000000000 ) ;
#412 = ORIENTED_EDGE ( 'NONE', *, *, #2480, .T. ) ;
#413 = AXIS2_PLACEMENT_3D ( 'NONE', #758, #1463, #373 ) ;
#414 = DIRECTION ( 'NONE',  ( 0.000000000000000000, 0.000000000000000000, 1.000000000000000000 ) ) ;
#415 = ORIENTED_EDGE ( 'NONE', *, *, #4668, .F. ) ;
#416 = CARTESIAN_POINT ( 'NONE',  ( -4.425805671266068941, 10.44999999999999929, 14.91733162953354075 ) ) ;
#417 = ORIENTED_EDGE ( 'NONE', *, *, #165, .T. ) ;
#418 = CYLINDRICAL_SURFACE ( 'NONE', #652, 0.5000000000000004441 ) ;
#419 = CIRCLE ( 'NONE', #2548, 2.999999999999999112 ) ;
#420 = ORIENTED_EDGE ( 'NONE', *, *, #1810, .F. ) ;
#421 = VECTOR ( 'NONE', #3170, 1000.000000000000000 ) ;
#422 = ORIENTED_EDGE ( 'NONE', *, *, #464, .F. ) ;
#423 = PLANE ( 'NONE',  #342 ) ;
#424 = VERTEX_POINT ( 'NONE', #4510 ) ;
#425 = CIRCLE ( 'NONE', #3074, 2.999999999999999112 ) ;
#426 = DIRECTION ( 'NONE',  ( 0.000000000000000000, 0.000000000000000000, -1.000000000000000000 ) ) ;
#427 = ORIENTED_EDGE ( 'NONE', *, *, #2282, .F. ) ;
#428 = FACE_OUTER_BOUND ( 'NONE', #2529, .T. ) ;
#429 = AXIS2_PLACEMENT_3D ( 'NONE', #2233, #2935, #1949 ) ;
#430 = DIRECTION ( 'NONE',  ( 0.000000000000000000, -1.000000000000000000, 0.000000000000000000 ) ) ;
#431 = ORIENTED_EDGE ( 'NONE', *, *, #1111, .F. ) ;
#432 = FACE_OUTER_BOUND ( 'NONE', #3812, .T. ) ;
#433 = CARTESIAN_POINT ( 'NONE',  ( -12.19118534026280010, -2.000000000000000000, 12.19118534023154155 ) ) ;
#434 = DIRECTION ( 'NONE',  ( 0.000000000000000000, 0.000000000000000000, -1.000000000000000000 ) ) ;
#435 = ORIENTED_EDGE ( 'NONE', *, *, #4110, .T. ) ;
#436 = CARTESIAN_POINT ( 'NONE',  ( 4.440892098500625152E-13, 7.000000000000000000, 6.050715484207100722E-12 ) ) ;
#437 = CIRCLE ( 'NONE', #3084, 24.98000000000000043 ) ;
#438 = CIRCLE ( 'NONE', #4534, 2.500000000000000444 ) ;
#439 = EDGE_LOOP ( 'NONE', ( #2281, #4072, #2832, #528 ) ) ;
#440 = DIRECTION ( 'NONE',  ( 0.000000000000000000, -1.000000000000000000, 0.000000000000000000 ) ) ;
#441 = EDGE_CURVE ( 'NONE', #2242, #1160, #2430, .T. ) ;
#442 = FACE_OUTER_BOUND ( 'NONE', #4457, .T. ) ;
#443 = ORIENTED_EDGE ( 'NONE', *, *, #237, .F. ) ;
#444 = ORIENTED_EDGE ( 'NONE', *, *, #3078, .T. ) ;
#445 = EDGE_CURVE ( 'NONE', #2239, #409, #3763, .T. ) ;
#446 = PLANE ( 'NONE',  #3991 ) ;
#447 = ORIENTED_EDGE ( 'NONE', *, *, #323, .T. ) ;
#448 = CARTESIAN_POINT ( 'NONE',  ( 0.000000000000000000, 3.000000000000000000, 0.000000000000000000 ) ) ;
#449 = AXIS2_PLACEMENT_3D ( 'NONE', #94, #4424, #2969 ) ;
#450 = DIRECTION ( 'NONE',  ( 0.000000000000000000, -1.000000000000000000, 0.000000000000000000 ) ) ;
#451 = DIRECTION ( 'NONE',  ( 0.000000000000000000, 1.000000000000000000, 0.000000000000000000 ) ) ;
#452 = ORIENTED_EDGE ( 'NONE', *, *, #3929, .T. ) ;
#453 = DIRECTION ( 'NONE',  ( 0.000000000000000000, -1.000000000000000000, 0.000000000000000000 ) ) ;
#454 = EDGE_CURVE ( 'NONE', #842, #3405, #2780, .T. ) ;
#455 = DIRECTION ( 'NONE',  ( 0.000000000000000000, -1.000000000000000000, 0.000000000000000000 ) ) ;
#456 = DIRECTION ( 'NONE',  ( 0.000000000000000000, -1.000000000000000000, 0.000000000000000000 ) ) ;
#457 = VERTEX_POINT ( 'NONE', #4163 ) ;
#458 = ADVANCED_FACE ( 'NONE', ( #230 ), #904, .F. ) ;
#459 = LINE ( 'NONE', #1600, #698 ) ;
#460 = AXIS2_PLACEMENT_3D ( 'NONE', #3930, #3831, #4215 ) ;
#461 = ORIENTED_EDGE ( 'NONE', *, *, #2143, .T. ) ;
#462 = ORIENTED_EDGE ( 'NONE', *, *, #2893, .T. ) ;
#463 = EDGE_CURVE ( 'NONE', #518, #4599, #2752, .T. ) ;
#464 = EDGE_CURVE ( 'NONE', #1562, #4567, #648, .T. ) ;
#465 = VERTEX_POINT ( 'NONE', #4538 ) ;
#466 = DIRECTION ( 'NONE',  ( 0.000000000000000000, -1.000000000000000000, 0.000000000000000000 ) ) ;
#467 = VERTEX_POINT ( 'NONE', #1277 ) ;
#468 = AXIS2_PLACEMENT_3D ( 'NONE', #3909, #3550, #4647 ) ;
#469 = ORIENTED_EDGE ( 'NONE', *, *, #844, .F. ) ;
#470 = DIRECTION ( 'NONE',  ( 0.000000000000000000, -1.000000000000000000, 0.000000000000000000 ) ) ;
#471 = PLANE ( 'NONE',  #4572 ) ;
#472 = EDGE_CURVE ( 'NONE', #3402, #2666, #1087, .T. ) ;
#473 = CIRCLE ( 'NONE', #931, 2.999999999999999112 ) ;
#474 = DIRECTION ( 'NONE',  ( 0.000000000000000000, -1.000000000000000000, 0.000000000000000000 ) ) ;
#475 = CIRCLE ( 'NONE', #3121, 2.249999999999998668 ) ;
#476 = ORIENTED_EDGE ( 'NONE', *, *, #3002, .T. ) ;
#477 = LINE ( 'NONE', #137, #1766 ) ;
#478 = CARTESIAN_POINT ( 'NONE',  ( 20.07639128970200204, 3.000000000000000000, 5.379452833032860148 ) ) ;
#479 = DIRECTION ( 'NONE',  ( 0.000000000000000000, 0.000000000000000000, 1.000000000000000000 ) ) ;
#480 = AXIS2_PLACEMENT_3D ( 'NONE', #1088, #2545, #3339 ) ;
#481 = AXIS2_PLACEMENT_3D ( 'NONE', #2060, #623, #4267 ) ;
#482 = ORIENTED_EDGE ( 'NONE', *, *, #1037, .F. ) ;
#483 = VERTEX_POINT ( 'NONE', #760 ) ;
#484 = CARTESIAN_POINT ( 'NONE',  ( -8.277230311867999291, -2.000000000000000000, -19.29993415440305071 ) ) ;
#485 = ORIENTED_EDGE ( 'NONE', *, *, #2566, .F. ) ;
#486 = VERTEX_POINT ( 'NONE', #1063 ) ;
#487 = CIRCLE ( 'NONE', #1472, 2.499999999999999556 ) ;
#488 = CARTESIAN_POINT ( 'NONE',  ( 10.25304832719689863, -2.000000000000000000, 7.453048327221840630 ) ) ;
#489 = VERTEX_POINT ( 'NONE', #307 ) ;
#490 = ORIENTED_EDGE ( 'NONE', *, *, #4499, .T. ) ;
#491 = AXIS2_PLACEMENT_3D ( 'NONE', #4265, #4628, #384 ) ;
#492 = CARTESIAN_POINT ( 'NONE',  ( 0.000000000000000000, 3.000000000000000000, 0.000000000000000000 ) ) ;
#493 = AXIS2_PLACEMENT_3D ( 'NONE', #3337, #3724, #807 ) ;
#494 = CARTESIAN_POINT ( 'NONE',  ( 4.440892098500625152E-13, 13.00000000000000000, 6.050715484207100722E-12 ) ) ;
#495 = AXIS2_PLACEMENT_3D ( 'NONE', #3370, #2359, #120 ) ;
#496 = DIRECTION ( 'NONE',  ( 0.000000000000000000, -1.000000000000000000, 0.000000000000000000 ) ) ;
#497 = AXIS2_PLACEMENT_3D ( 'NONE', #4527, #532, #4224 ) ;
#498 = ORIENTED_EDGE ( 'NONE', *, *, #3552, .F. ) ;
#499 = FACE_OUTER_BOUND ( 'NONE', #3935, .T. ) ;
#500 = EDGE_CURVE ( 'NONE', #2906, #142, #2325, .T. ) ;
#501 = DIRECTION ( 'NONE',  ( 0.000000000000000000, -1.000000000000000000, 0.000000000000000000 ) ) ;
#502 = CIRCLE ( 'NONE', #1333, 13.00000000000000000 ) ;
#503 = CARTESIAN_POINT ( 'NONE',  ( 0.000000000000000000, 13.00000000000000000, 0.000000000000000000 ) ) ;
#504 = ORIENTED_EDGE ( 'NONE', *, *, #3134, .T. ) ;
#505 = DIRECTION ( 'NONE',  ( 0.000000000000000000, 0.000000000000000000, 1.000000000000000000 ) ) ;
#506 = ORIENTED_EDGE ( 'NONE', *, *, #1917, .T. ) ;
#507 = ADVANCED_FACE ( 'NONE', ( #3923 ), #1020, .F. ) ;
#508 = ORIENTED_EDGE ( 'NONE', *, *, #554, .F. ) ;
#509 = DIRECTION ( 'NONE',  ( 0.000000000000000000, -1.000000000000000000, 0.000000000000000000 ) ) ;
#510 = ORIENTED_EDGE ( 'NONE', *, *, #3696, .T. ) ;
#511 = EDGE_LOOP ( 'NONE', ( #57, #2747, #551, #3691 ) ) ;
#512 = DIRECTION ( 'NONE',  ( 0.9659258262892843616, 0.000000000000000000, -0.2588190451017146620 ) ) ;
#513 = AXIS2_PLACEMENT_3D ( 'NONE', #711, #4323, #3948 ) ;
#514 = ORIENTED_EDGE ( 'NONE', *, *, #2217, .F. ) ;
#515 = CARTESIAN_POINT ( 'NONE',  ( 14.66132338209818009, 4.000000000000000000, -7.151933007938380271 ) ) ;
#516 = DIRECTION ( 'NONE',  ( 0.000000000000000000, 1.000000000000000000, 0.000000000000000000 ) ) ;
#517 = DIRECTION ( 'NONE',  ( -0.9659258262893112290, 0.000000000000000000, 0.2588190451016140758 ) ) ;
#518 = VERTEX_POINT ( 'NONE', #4701 ) ;
#519 = CARTESIAN_POINT ( 'NONE',  ( -1.552914270609994984, -16.01280737409345178, -5.795554957737060420 ) ) ;
#520 = CARTESIAN_POINT ( 'NONE',  ( 9.190343882090010297, 13.00000000000000000, 6.912856090576640078 ) ) ;
#521 = FACE_OUTER_BOUND ( 'NONE', #3421, .T. ) ;
#522 = CIRCLE ( 'NONE', #832, 27.50000000000000000 ) ;
#523 = EDGE_CURVE ( 'NONE', #2542, #1792, #425, .T. ) ;
#524 = DIRECTION ( 'NONE',  ( 0.000000000000000000, -1.000000000000000000, 0.000000000000000000 ) ) ;
#525 = ORIENTED_EDGE ( 'NONE', *, *, #4462, .F. ) ;
#526 = CYLINDRICAL_SURFACE ( 'NONE', #1008, 1.250000000000000000 ) ;
#527 = EDGE_CURVE ( 'NONE', #672, #2855, #1033, .T. ) ;
#528 = ORIENTED_EDGE ( 'NONE', *, *, #21, .T. ) ;
#529 = ORIENTED_EDGE ( 'NONE', *, *, #3710, .T. ) ;
#530 = CARTESIAN_POINT ( 'NONE',  ( 0.000000000000000000, 3.000000000000000000, 0.000000000000000000 ) ) ;
#531 = AXIS2_PLACEMENT_3D ( 'NONE', #1663, #2807, #2412 ) ;
#532 = DIRECTION ( 'NONE',  ( 0.000000000000000000, 1.000000000000000000, 0.000000000000000000 ) ) ;
#533 = ORIENTED_EDGE ( 'NONE', *, *, #593, .F. ) ;
#534 = EDGE_CURVE ( 'NONE', #136, #3939, #3533, .T. ) ;
#535 = CARTESIAN_POINT ( 'NONE',  ( 14.69693845671599952, -2.000000000000000000, -14.69693845668058074 ) ) ;
#536 = DIRECTION ( 'NONE',  ( 0.000000000000000000, -1.000000000000000000, 0.000000000000000000 ) ) ;
#537 = AXIS2_PLACEMENT_3D ( 'NONE', #2788, #3572, #2036 ) ;
#538 = DIRECTION ( 'NONE',  ( 0.000000000000000000, 0.000000000000000000, 1.000000000000000000 ) ) ;
#539 = EDGE_LOOP ( 'NONE', ( #2379, #4103, #655, #998 ) ) ;
#540 = DIRECTION ( 'NONE',  ( 0.000000000000000000, 0.000000000000000000, -1.000000000000000000 ) ) ;
#541 = FACE_OUTER_BOUND ( 'NONE', #2861, .T. ) ;
#542 = DIRECTION ( 'NONE',  ( 0.000000000000000000, 1.000000000000000000, 0.000000000000000000 ) ) ;
#543 = AXIS2_PLACEMENT_3D ( 'NONE', #3041, #2687, #3734 ) ;
#544 = ORIENTED_EDGE ( 'NONE', *, *, #3078, .F. ) ;
#545 = DIRECTION ( 'NONE',  ( 0.000000000000000000, -1.000000000000000000, 0.000000000000000000 ) ) ;
#546 = DIRECTION ( 'NONE',  ( 0.000000000000000000, -1.000000000000000000, 0.000000000000000000 ) ) ;
#547 = DIRECTION ( 'NONE',  ( 0.000000000000000000, 1.000000000000000000, 0.000000000000000000 ) ) ;
#548 = VECTOR ( 'NONE', #1380, 1000.000000000000000 ) ;
#549 = ORIENTED_EDGE ( 'NONE', *, *, #4673, .F. ) ;
#550 = CIRCLE ( 'NONE', #4273, 1.250000000000000000 ) ;
#551 = ORIENTED_EDGE ( 'NONE', *, *, #3024, .F. ) ;
#552 = ORIENTED_EDGE ( 'NONE', *, *, #393, .F. ) ;
#553 = CARTESIAN_POINT ( 'NONE',  ( -14.00592448119571998, 13.00000000000000000, 2.102876153975159923 ) ) ;
#554 = EDGE_CURVE ( 'NONE', #2485, #1237, #1737, .T. ) ;
#555 = DIRECTION ( 'NONE',  ( 0.000000000000000000, 0.000000000000000000, 1.000000000000000000 ) ) ;
#556 = CARTESIAN_POINT ( 'NONE',  ( 1.296305019404839998, -2.000000000000000000, 14.44193869593185831 ) ) ;
#557 = DIRECTION ( 'NONE',  ( 0.000000000000000000, -1.000000000000000000, 0.000000000000000000 ) ) ;
#558 = ORIENTED_EDGE ( 'NONE', *, *, #4425, .T. ) ;
#559 = AXIS2_PLACEMENT_3D ( 'NONE', #1332, #4586, #664 ) ;
#560 = AXIS2_PLACEMENT_3D ( 'NONE', #922, #3361, #2720 ) ;
#561 = CARTESIAN_POINT ( 'NONE',  ( -14.00592448119571998, 1.100000000000000089, 3.752876153975159834 ) ) ;
#562 = ORIENTED_EDGE ( 'NONE', *, *, #4479, .T. ) ;
#563 = DIRECTION ( 'NONE',  ( 0.000000000000000000, 1.000000000000000000, 0.000000000000000000 ) ) ;
#564 = CYLINDRICAL_SURFACE ( 'NONE', #643, 2.250000000000000444 ) ;
#565 = DIRECTION ( 'NONE',  ( 0.000000000000000000, -1.000000000000000000, 0.000000000000000000 ) ) ;
#566 = CIRCLE ( 'NONE', #2843, 3.000000000000000000 ) ;
#567 = DIRECTION ( 'NONE',  ( 0.000000000000000000, 0.000000000000000000, 1.000000000000000000 ) ) ;
#568 = CARTESIAN_POINT ( 'NONE',  ( 0.6182535036234589887, 13.00000000000000000, -14.82310169949654011 ) ) ;
#569 = LINE ( 'NONE', #3517, #1066 ) ;
#570 = ORIENTED_EDGE ( 'NONE', *, *, #2231, .T. ) ;
#571 = EDGE_LOOP ( 'NONE', ( #3019, #1503, #707, #1525 ) ) ;
#572 = VERTEX_POINT ( 'NONE', #3607 ) ;
#573 = DIRECTION ( 'NONE',  ( 0.000000000000000000, 0.000000000000000000, -1.000000000000000000 ) ) ;
#574 = CARTESIAN_POINT ( 'NONE',  ( 15.46718419403264910, -16.01280737409345178, -4.144419513958909285 ) ) ;
#575 = EDGE_CURVE ( 'NONE', #1477, #3282, #375, .T. ) ;
#576 = CARTESIAN_POINT ( 'NONE',  ( -2.968461863797929645, 7.000000000000000000, -11.45374323805004124 ) ) ;
#577 = CARTESIAN_POINT ( 'NONE',  ( -17.31600000000240414, 13.00000000000000000, 2.292628186149809455 ) ) ;
#578 = CARTESIAN_POINT ( 'NONE',  ( 3.752876153999289865, -2.000000000000000000, -11.20592448119607987 ) ) ;
#579 = VERTEX_POINT ( 'NONE', #3561 ) ;
#580 = EDGE_CURVE ( 'NONE', #3794, #3883, #1699, .T. ) ;
#581 = CARTESIAN_POINT ( 'NONE',  ( 0.000000000000000000, 2.000000000000000000, 0.000000000000000000 ) ) ;
#582 = VERTEX_POINT ( 'NONE', #4657 ) ;
#583 = CARTESIAN_POINT ( 'NONE',  ( -9.459691784991999697, 3.000000000000000000, -22.05706760503205288 ) ) ;
#584 = LINE ( 'NONE', #3177, #2095 ) ;
#585 = CARTESIAN_POINT ( 'NONE',  ( 14.56131753617669844, -16.01280737409345178, -7.525159905972679475 ) ) ;
#586 = CARTESIAN_POINT ( 'NONE',  ( 2.791025617962304750, 13.00000000000000000, -17.27599999999049984 ) ) ;
#587 = CARTESIAN_POINT ( 'NONE',  ( -8.435001680676270652, 7.000000000000000000, 8.297635003239978602 ) ) ;
#588 = DIRECTION ( 'NONE',  ( 0.000000000000000000, 1.000000000000000000, 0.000000000000000000 ) ) ;
#589 = ORIENTED_EDGE ( 'NONE', *, *, #3944, .T. ) ;
#590 = ORIENTED_EDGE ( 'NONE', *, *, #2900, .F. ) ;
#591 = VERTEX_POINT ( 'NONE', #1757 ) ;
#592 = VECTOR ( 'NONE', #3257, 1000.000000000000000 ) ;
#593 = EDGE_CURVE ( 'NONE', #4127, #4384, #4275, .T. ) ;
#594 = ORIENTED_EDGE ( 'NONE', *, *, #237, .T. ) ;
#595 = DIRECTION ( 'NONE',  ( 0.000000000000000000, 1.000000000000000000, 0.000000000000000000 ) ) ;
#596 = ORIENTED_EDGE ( 'NONE', *, *, #74, .F. ) ;
#597 = PLANE ( 'NONE',  #3149 ) ;
#598 = AXIS2_PLACEMENT_3D ( 'NONE', #2827, #1381, #1786 ) ;
#599 = VECTOR ( 'NONE', #2410, 999.9999999999998863 ) ;
#600 = PLANE ( 'NONE',  #1083 ) ;
#601 = CARTESIAN_POINT ( 'NONE',  ( 15.46718419403264910, 7.000000000000000000, -4.144419513958909285 ) ) ;
#602 = VERTEX_POINT ( 'NONE', #4018 ) ;
#603 = DIRECTION ( 'NONE',  ( 0.000000000000000000, -1.000000000000000000, 0.000000000000000000 ) ) ;
#604 = ORIENTED_EDGE ( 'NONE', *, *, #3602, .F. ) ;
#605 = CARTESIAN_POINT ( 'NONE',  ( 4.669026518497020106, 4.000000000000000000, -8.843087208072290650 ) ) ;
#606 = EDGE_LOOP ( 'NONE', ( #4138, #3793 ) ) ;
#607 = DIRECTION ( 'NONE',  ( 0.000000000000000000, -1.000000000000000000, 0.000000000000000000 ) ) ;
#608 = DIRECTION ( 'NONE',  ( 0.000000000000000000, 1.000000000000000000, 0.000000000000000000 ) ) ;
#609 = EDGE_CURVE ( 'NONE', #2641, #4219, #4354, .T. ) ;
#610 = CYLINDRICAL_SURFACE ( 'NONE', #4587, 2.299999999980435916 ) ;
#611 = CARTESIAN_POINT ( 'NONE',  ( -6.098336270100209511, 3.000000000000000000, -13.15523830028056018 ) ) ;
#612 = DIRECTION ( 'NONE',  ( 0.000000000000000000, -1.000000000000000000, 0.000000000000000000 ) ) ;
#613 = CARTESIAN_POINT ( 'NONE',  ( -11.44053734045487758, 13.00000000000000000, 0.8921643422089570175 ) ) ;
#614 = DIRECTION ( 'NONE',  ( 0.000000000000000000, -1.000000000000000000, 0.000000000000000000 ) ) ;
#615 = ORIENTED_EDGE ( 'NONE', *, *, #4237, .T. ) ;
#616 = AXIS2_PLACEMENT_3D ( 'NONE', #1502, #4693, #1478 ) ;
#617 = CIRCLE ( 'NONE', #2377, 2.999999999999999112 ) ;
#618 = VERTEX_POINT ( 'NONE', #3200 ) ;
#619 = DIRECTION ( 'NONE',  ( 0.000000000000000000, 0.000000000000000000, 1.000000000000000000 ) ) ;
#620 = CARTESIAN_POINT ( 'NONE',  ( 0.000000000000000000, 3.000000000000000000, 0.000000000000000000 ) ) ;
#621 = AXIS2_PLACEMENT_3D ( 'NONE', #852, #3775, #3029 ) ;
#622 = CIRCLE ( 'NONE', #2462, 10.00000000000000000 ) ;
#623 = DIRECTION ( 'NONE',  ( 0.7071067811858829932, 0.000000000000000000, 0.7071067811872121522 ) ) ;
#624 = CARTESIAN_POINT ( 'NONE',  ( -14.00592448119571998, 1.100000000000000089, 6.552876153967680750 ) ) ;
#625 = CARTESIAN_POINT ( 'NONE',  ( 4.440892098500625152E-13, 7.000000000000000000, 6.050715484207100722E-12 ) ) ;
#626 = ADVANCED_FACE ( 'NONE', ( #4638 ), #2140, .T. ) ;
#627 = ORIENTED_EDGE ( 'NONE', *, *, #3548, .T. ) ;
#628 = DIRECTION ( 'NONE',  ( 0.000000000000000000, 0.000000000000000000, -1.000000000000000000 ) ) ;
#629 = ORIENTED_EDGE ( 'NONE', *, *, #1002, .T. ) ;
#630 = DIRECTION ( 'NONE',  ( 0.000000000000000000, 0.000000000000000000, -1.000000000000000000 ) ) ;
#631 = DIRECTION ( 'NONE',  ( 0.7071067811858829932, 0.000000000000000000, 0.7071067811872121522 ) ) ;
#632 = EDGE_CURVE ( 'NONE', #3211, #3350, #1375, .T. ) ;
#633 = CARTESIAN_POINT ( 'NONE',  ( 2.212024512716165113E-11, 13.00000000000000000, -17.49999999999394973 ) ) ;
#634 = CIRCLE ( 'NONE', #3749, 23.98000000000000043 ) ;
#635 = CIRCLE ( 'NONE', #1784, 2.299999999980435916 ) ;
#636 = ADVANCED_FACE ( 'NONE', ( #2500 ), #1044, .T. ) ;
#637 = DIRECTION ( 'NONE',  ( 0.000000000000000000, 1.000000000000000000, 0.000000000000000000 ) ) ;
#638 = CIRCLE ( 'NONE', #2764, 2.250000000000000000 ) ;
#639 = CARTESIAN_POINT ( 'NONE',  ( -4.425805671266068941, 10.44999999999999929, 14.26733162953354039 ) ) ;
#640 = DIRECTION ( 'NONE',  ( 0.000000000000000000, 1.000000000000000000, 0.000000000000000000 ) ) ;
#641 = CARTESIAN_POINT ( 'NONE',  ( 0.000000000000000000, 7.000000000000000000, 0.000000000000000000 ) ) ;
#642 = CIRCLE ( 'NONE', #3526, 2.250000000000000444 ) ;
#643 = AXIS2_PLACEMENT_3D ( 'NONE', #3461, #2003, #4539 ) ;
#644 = VECTOR ( 'NONE', #557, 1000.000000000000000 ) ;
#645 = ORIENTED_EDGE ( 'NONE', *, *, #4425, .F. ) ;
#646 = ADVANCED_FACE ( 'NONE', ( #1779 ), #2518, .F. ) ;
#647 = EDGE_CURVE ( 'NONE', #457, #4533, #4322, .T. ) ;
#648 = CIRCLE ( 'NONE', #1867, 0.5000000000000004441 ) ;
#649 = ORIENTED_EDGE ( 'NONE', *, *, #4605, .T. ) ;
#650 = DIRECTION ( 'NONE',  ( 0.000000000000000000, 1.000000000000000000, 0.000000000000000000 ) ) ;
#651 = EDGE_LOOP ( 'NONE', ( #2108, #422, #2614, #3667, #3822, #1180, #3238, #683, #2779 ) ) ;
#652 = AXIS2_PLACEMENT_3D ( 'NONE', #4388, #1128, #1872 ) ;
#653 = CARTESIAN_POINT ( 'NONE',  ( 7.003539777745520389, 7.000000000000000000, -13.26463081210841999 ) ) ;
#654 = ORIENTED_EDGE ( 'NONE', *, *, #2877, .F. ) ;
#655 = ORIENTED_EDGE ( 'NONE', *, *, #234, .T. ) ;
#656 = DIRECTION ( 'NONE',  ( 0.000000000000000000, -1.000000000000000000, 0.000000000000000000 ) ) ;
#657 = DIRECTION ( 'NONE',  ( 0.000000000000000000, -1.000000000000000000, 0.000000000000000000 ) ) ;
#658 = CYLINDRICAL_SURFACE ( 'NONE', #726, 0.4999999999999987232 ) ;
#659 = ORIENTED_EDGE ( 'NONE', *, *, #2531, .T. ) ;
#660 = ORIENTED_EDGE ( 'NONE', *, *, #4619, .F. ) ;
#661 = LINE ( 'NONE', #2450, #2248 ) ;
#662 = CARTESIAN_POINT ( 'NONE',  ( 2.001326003441140444E-12, 3.000000000000000000, -7.469050327326141492E-12 ) ) ;
#663 = CYLINDRICAL_SURFACE ( 'NONE', #2337, 2.500000000000000444 ) ;
#664 = DIRECTION ( 'NONE',  ( 0.000000000000000000, 0.000000000000000000, -1.000000000000000000 ) ) ;
#665 = VECTOR ( 'NONE', #3201, 1000.000000000000000 ) ;
#666 = FACE_OUTER_BOUND ( 'NONE', #1822, .T. ) ;
#667 = SHAPE_DEFINITION_REPRESENTATION ( #3737, #3772 ) ;
#668 = CARTESIAN_POINT ( 'NONE',  ( -8.277230311867999291, 3.000000000000000000, -22.29993415440305071 ) ) ;
#669 = VERTEX_POINT ( 'NONE', #1135 ) ;
#670 = CARTESIAN_POINT ( 'NONE',  ( 23.83182677144225181, 3.000000000000000000, 2.836200404761485050 ) ) ;
#671 = EDGE_CURVE ( 'NONE', #2322, #3091, #2757, .T. ) ;
#672 = VERTEX_POINT ( 'NONE', #3655 ) ;
#673 = EDGE_CURVE ( 'NONE', #2303, #1198, #4580, .T. ) ;
#674 = ORIENTED_EDGE ( 'NONE', *, *, #1029, .T. ) ;
#675 = AXIS2_PLACEMENT_3D ( 'NONE', #2505, #3953, #693 ) ;
#676 = DIRECTION ( 'NONE',  ( -0.2588190451034276252, 0.000000000000000000, 0.9659258262888252844 ) ) ;
#677 = EDGE_CURVE ( 'NONE', #2906, #129, #3132, .T. ) ;
#678 = CIRCLE ( 'NONE', #3251, 1.649999999999998579 ) ;
#679 = CARTESIAN_POINT ( 'NONE',  ( -12.09152595827489840, 13.00000000000000000, -12.09152595829761800 ) ) ;
#680 = DIRECTION ( 'NONE',  ( 0.000000000000000000, -1.000000000000000000, 0.000000000000000000 ) ) ;
#681 = VECTOR ( 'NONE', #4280, 1000.000000000000000 ) ;
#682 = CARTESIAN_POINT ( 'NONE',  ( 0.000000000000000000, 7.000000000000000000, 0.000000000000000000 ) ) ;
#683 = ORIENTED_EDGE ( 'NONE', *, *, #4084, .F. ) ;
#684 = ORIENTED_EDGE ( 'NONE', *, *, #4129, .T. ) ;
#685 = DIRECTION ( 'NONE',  ( 0.000000000000000000, 0.000000000000000000, -1.000000000000000000 ) ) ;
#686 = CARTESIAN_POINT ( 'NONE',  ( 0.000000000000000000, -2.000000000000000000, 0.000000000000000000 ) ) ;
#687 = DIRECTION ( 'NONE',  ( 0.000000000000000000, 0.000000000000000000, 1.000000000000000000 ) ) ;
#688 = CIRCLE ( 'NONE', #1290, 13.00000000000000178 ) ;
#689 = CARTESIAN_POINT ( 'NONE',  ( -13.15523830027090035, -2.000000000000000000, -6.098336270121020419 ) ) ;
#690 = EDGE_CURVE ( 'NONE', #389, #2990, #4206, .T. ) ;
#691 = DIRECTION ( 'NONE',  ( 0.000000000000000000, 0.000000000000000000, 1.000000000000000000 ) ) ;
#692 = DIRECTION ( 'NONE',  ( 0.000000000000000000, 0.000000000000000000, 1.000000000000000000 ) ) ;
#693 = DIRECTION ( 'NONE',  ( 0.000000000000000000, 0.000000000000000000, 1.000000000000000000 ) ) ;
#694 = FACE_OUTER_BOUND ( 'NONE', #3771, .T. ) ;
#695 = AXIS2_PLACEMENT_3D ( 'NONE', #3492, #3839, #3472 ) ;
#696 = ORIENTED_EDGE ( 'NONE', *, *, #4516, .T. ) ;
#697 = CARTESIAN_POINT ( 'NONE',  ( 3.752876153999289865, 1.100000000000000089, -14.00592448118869981 ) ) ;
#698 = VECTOR ( 'NONE', #2646, 1000.000000000000000 ) ;
#699 = AXIS2_PLACEMENT_3D ( 'NONE', #2989, #2243, #3322 ) ;
#700 = LINE ( 'NONE', #2155, #1685 ) ;
#701 = ADVANCED_FACE ( 'NONE', ( #917 ), #894, .T. ) ;
#702 = CARTESIAN_POINT ( 'NONE',  ( 1.530808498934190091E-16, 12.00000000000000000, 1.250000000000000000 ) ) ;
#703 = PLANE ( 'NONE',  #3759 ) ;
#704 = CIRCLE ( 'NONE', #3354, 2.299999999994954969 ) ;
#705 = VECTOR ( 'NONE', #3648, 1000.000000000000000 ) ;
#706 = ORIENTED_EDGE ( 'NONE', *, *, #1378, .T. ) ;
#707 = ORIENTED_EDGE ( 'NONE', *, *, #2294, .T. ) ;
#708 = DIRECTION ( 'NONE',  ( 0.000000000000000000, 0.000000000000000000, -1.000000000000000000 ) ) ;
#709 = ORIENTED_EDGE ( 'NONE', *, *, #3452, .F. ) ;
#710 = DIRECTION ( 'NONE',  ( 0.000000000000000000, 0.000000000000000000, -1.000000000000000000 ) ) ;
#711 = CARTESIAN_POINT ( 'NONE',  ( 0.000000000000000000, 7.000000000000000000, 0.000000000000000000 ) ) ;
#712 = CARTESIAN_POINT ( 'NONE',  ( 2.001326003441140444E-12, -2.000000000000000000, -7.469050327326141492E-12 ) ) ;
#713 = CIRCLE ( 'NONE', #3362, 3.000000000000000000 ) ;
#714 = LINE ( 'NONE', #611, #4653 ) ;
#715 = FACE_OUTER_BOUND ( 'NONE', #4547, .T. ) ;
#716 = CARTESIAN_POINT ( 'NONE',  ( 16.51733162954249678, 4.000000000000000000, -4.425805671237439398 ) ) ;
#717 = EDGE_CURVE ( 'NONE', #3942, #62, #713, .T. ) ;
#718 = AXIS2_PLACEMENT_3D ( 'NONE', #3347, #542, #2004 ) ;
#719 = DIRECTION ( 'NONE',  ( 0.000000000000000000, 0.000000000000000000, 1.000000000000000000 ) ) ;
#720 = VECTOR ( 'NONE', #2972, 1000.000000000000000 ) ;
#721 = ORIENTED_EDGE ( 'NONE', *, *, #1532, .F. ) ;
#722 = AXIS2_PLACEMENT_3D ( 'NONE', #3844, #1564, #1649 ) ;
#723 = DIRECTION ( 'NONE',  ( -0.9659258262888252844, 0.000000000000000000, -0.2588190451034276252 ) ) ;
#724 = VERTEX_POINT ( 'NONE', #3814 ) ;
#725 = AXIS2_PLACEMENT_3D ( 'NONE', #520, #455, #3730 ) ;
#726 = AXIS2_PLACEMENT_3D ( 'NONE', #2115, #302, #1017 ) ;
#727 = EDGE_CURVE ( 'NONE', #4311, #3140, #3982, .T. ) ;
#728 = AXIS2_PLACEMENT_3D ( 'NONE', #988, #512, #4603 ) ;
#729 = FACE_OUTER_BOUND ( 'NONE', #4518, .T. ) ;
#730 = LINE ( 'NONE', #3650, #2581 ) ;
#731 = CIRCLE ( 'NONE', #122, 0.5000000000000004441 ) ;
#732 = CARTESIAN_POINT ( 'NONE',  ( -14.98927714398053901, 4.000000000000000000, 0.5670720421099659792 ) ) ;
#733 = ADVANCED_FACE ( 'NONE', ( #3448 ), #3338, .T. ) ;
#734 = ORIENTED_EDGE ( 'NONE', *, *, #2493, .T. ) ;
#735 = DIRECTION ( 'NONE',  ( 0.000000000000000000, 0.000000000000000000, 1.000000000000000000 ) ) ;
#736 = ORIENTED_EDGE ( 'NONE', *, *, #2176, .F. ) ;
#737 = DIRECTION ( 'NONE',  ( 0.000000000000000000, 0.000000000000000000, -1.000000000000000000 ) ) ;
#738 = LINE ( 'NONE', #2871, #1731 ) ;
#739 = CARTESIAN_POINT ( 'NONE',  ( 15.06984668219419987, 13.00000000000000000, 8.493357897950810198 ) ) ;
#740 = EDGE_CURVE ( 'NONE', #4599, #2817, #731, .T. ) ;
#741 = CARTESIAN_POINT ( 'NONE',  ( -17.76960000000315176, 13.00000000000000000, 2.870769207008320389 ) ) ;
#742 = APPLICATION_PROTOCOL_DEFINITION ( 'draft international standard', 'automotive_design', 1998, #2397 ) ;
#743 = CARTESIAN_POINT ( 'NONE',  ( -8.343602425842540526, 3.000000000000000000, 11.85893328085889920 ) ) ;
#744 = DIRECTION ( 'NONE',  ( 0.000000000000000000, 0.000000000000000000, 1.000000000000000000 ) ) ;
#745 = FACE_OUTER_BOUND ( 'NONE', #4461, .T. ) ;
#746 = EDGE_CURVE ( 'NONE', #3232, #2841, #1953, .T. ) ;
#747 = VERTEX_POINT ( 'NONE', #1851 ) ;
#748 = DIRECTION ( 'NONE',  ( 1.040834085586084059E-15, 0.000000000000000000, 1.000000000000000000 ) ) ;
#749 = EDGE_CURVE ( 'NONE', #1924, #3623, #1108, .T. ) ;
#750 = ORIENTED_EDGE ( 'NONE', *, *, #632, .T. ) ;
#751 = CARTESIAN_POINT ( 'NONE',  ( 5.323824910822690271, 4.000000000000000000, 8.465039179998150587 ) ) ;
#752 = LINE ( 'NONE', #1963, #1508 ) ;
#753 = CARTESIAN_POINT ( 'NONE',  ( -2.004019880282560483E-12, 3.000000000000000000, 7.479104012567640395E-12 ) ) ;
#754 = CIRCLE ( 'NONE', #1055, 0.5000000000000004441 ) ;
#755 = ORIENTED_EDGE ( 'NONE', *, *, #1437, .T. ) ;
#756 = ORIENTED_EDGE ( 'NONE', *, *, #3891, .T. ) ;
#757 = AXIS2_PLACEMENT_3D ( 'NONE', #2190, #4351, #692 ) ;
#758 = CARTESIAN_POINT ( 'NONE',  ( 0.000000000000000000, -2.000000000000000000, 0.000000000000000000 ) ) ;
#759 = ORIENTED_EDGE ( 'NONE', *, *, #4554, .T. ) ;
#760 = CARTESIAN_POINT ( 'NONE',  ( 9.190343882090010297, 13.00000000000000000, 6.412856090576640966 ) ) ;
#761 = VERTEX_POINT ( 'NONE', #2345 ) ;
#762 = DIRECTION ( 'NONE',  ( 0.000000000000000000, 0.000000000000000000, -1.000000000000000000 ) ) ;
#763 = DIRECTION ( 'NONE',  ( 0.000000000000000000, 0.000000000000000000, -1.000000000000000000 ) ) ;
#764 = ADVANCED_FACE ( 'NONE', ( #2694 ), #4064, .T. ) ;
#765 = AXIS2_PLACEMENT_3D ( 'NONE', #1092, #3249, #2891 ) ;
#766 = CARTESIAN_POINT ( 'NONE',  ( 0.000000000000000000, 7.000000000000000000, 0.000000000000000000 ) ) ;
#767 = VECTOR ( 'NONE', #2923, 1000.000000000000000 ) ;
#768 = LINE ( 'NONE', #2147, #3642 ) ;
#769 = EDGE_CURVE ( 'NONE', #2593, #305, #3790, .T. ) ;
#770 = DIRECTION ( 'NONE',  ( 0.000000000000000000, 1.000000000000000000, 0.000000000000000000 ) ) ;
#771 = LINE ( 'NONE', #1144, #26 ) ;
#772 = EDGE_LOOP ( 'NONE', ( #3061, #822 ) ) ;
#773 = ORIENTED_EDGE ( 'NONE', *, *, #4576, .T. ) ;
#774 = FACE_OUTER_BOUND ( 'NONE', #3823, .T. ) ;
#775 = ORIENTED_EDGE ( 'NONE', *, *, #4177, .F. ) ;
#776 = ORIENTED_EDGE ( 'NONE', *, *, #956, .T. ) ;
#777 = CARTESIAN_POINT ( 'NONE',  ( 13.85823044024329853, 4.000000000000000000, -0.4898584072274800860 ) ) ;
#778 = CARTESIAN_POINT ( 'NONE',  ( 8.990248804416699713, 13.00000000000000000, 15.01417418424579964 ) ) ;
#779 = CARTESIAN_POINT ( 'NONE',  ( -10.12179914869816066, 13.00000000000000000, 4.306876129337370074 ) ) ;
#780 = EDGE_LOOP ( 'NONE', ( #2527, #2197, #892, #1889, #4477, #856, #4525, #104, #706 ) ) ;
#781 = VERTEX_POINT ( 'NONE', #4526 ) ;
#782 = FACE_OUTER_BOUND ( 'NONE', #2647, .T. ) ;
#783 = ORIENTED_EDGE ( 'NONE', *, *, #1388, .F. ) ;
#784 = CARTESIAN_POINT ( 'NONE',  ( 8.990248804416699713, 13.00000000000000000, 15.01417418424579964 ) ) ;
#785 = CYLINDRICAL_SURFACE ( 'NONE', #3738, 18.00000000000000000 ) ;
#786 = CIRCLE ( 'NONE', #4051, 0.4999999999999908962 ) ;
#787 = FACE_BOUND ( 'NONE', #4366, .T. ) ;
#788 = ORIENTED_EDGE ( 'NONE', *, *, #1848, .F. ) ;
#789 = CARTESIAN_POINT ( 'NONE',  ( -13.26463081212039974, 4.000000000000000000, 7.003539777722839865 ) ) ;
#790 = CARTESIAN_POINT ( 'NONE',  ( -12.09152595827489840, 2.474516600406095002, -12.09152595829761800 ) ) ;
#791 = CARTESIAN_POINT ( 'NONE',  ( -16.65346887701375067, 3.000000000000000000, -4.462283536795579764 ) ) ;
#792 = EDGE_CURVE ( 'NONE', #1134, #467, #502, .T. ) ;
#793 = ORIENTED_EDGE ( 'NONE', *, *, #4151, .F. ) ;
#794 = CARTESIAN_POINT ( 'NONE',  ( -2.004019880282560483E-12, 3.000000000000000000, 7.479104012567640395E-12 ) ) ;
#795 = ORIENTED_EDGE ( 'NONE', *, *, #1632, .T. ) ;
#796 = AXIS2_PLACEMENT_3D ( 'NONE', #3609, #1399, #3949 ) ;
#797 = EDGE_CURVE ( 'NONE', #3360, #4637, #3151, .T. ) ;
#798 = ORIENTED_EDGE ( 'NONE', *, *, #3663, .T. ) ;
#799 = CARTESIAN_POINT ( 'NONE',  ( -11.41549931669258022, 7.000000000000000000, 0.8915370460745949410 ) ) ;
#800 = LINE ( 'NONE', #3281, #1716 ) ;
#801 = AXIS2_PLACEMENT_3D ( 'NONE', #3750, #3415, #2402 ) ;
#802 = AXIS2_PLACEMENT_3D ( 'NONE', #4584, #1279, #978 ) ;
#803 = ORIENTED_EDGE ( 'NONE', *, *, #1157, .T. ) ;
#804 = AXIS2_PLACEMENT_3D ( 'NONE', #4181, #2021, #1704 ) ;
#805 = ORIENTED_EDGE ( 'NONE', *, *, #89, .T. ) ;
#806 = ADVANCED_FACE ( 'NONE', ( #1991 ), #2263, .F. ) ;
#807 = DIRECTION ( 'NONE',  ( 0.000000000000000000, 0.000000000000000000, 1.000000000000000000 ) ) ;
#808 = VERTEX_POINT ( 'NONE', #3114 ) ;
#809 = DIRECTION ( 'NONE',  ( 0.000000000000000000, 0.000000000000000000, -1.000000000000000000 ) ) ;
#810 = ORIENTED_EDGE ( 'NONE', *, *, #3910, .F. ) ;
#811 = FACE_OUTER_BOUND ( 'NONE', #3652, .T. ) ;
#812 = ADVANCED_FACE ( 'NONE', ( #2811 ), #1411, .F. ) ;
#813 = CYLINDRICAL_SURFACE ( 'NONE', #171, 2.500000000000000444 ) ;
#814 = ORIENTED_EDGE ( 'NONE', *, *, #4506, .T. ) ;
#815 = DIRECTION ( 'NONE',  ( 0.000000000000000000, 0.000000000000000000, -1.000000000000000000 ) ) ;
#816 = ORIENTED_EDGE ( 'NONE', *, *, #1572, .F. ) ;
#817 = CARTESIAN_POINT ( 'NONE',  ( 1.224646799147351876E-15, 2.000000000000000000, 10.00000000000000000 ) ) ;
#818 = CYLINDRICAL_SURFACE ( 'NONE', #949, 0.5000000000000000000 ) ;
#819 = ORIENTED_EDGE ( 'NONE', *, *, #4502, .F. ) ;
#820 = DIRECTION ( 'NONE',  ( 0.000000000000000000, 0.000000000000000000, 1.000000000000000000 ) ) ;
#821 = ADVANCED_FACE ( 'NONE', ( #294 ), #2418, .T. ) ;
#822 = ORIENTED_EDGE ( 'NONE', *, *, #1586, .F. ) ;
#823 = ORIENTED_EDGE ( 'NONE', *, *, #1166, .F. ) ;
#824 = ADVANCED_FACE ( 'NONE', ( #2488 ), #4313, .T. ) ;
#825 = DIRECTION ( 'NONE',  ( 0.000000000000000000, -1.000000000000000000, 0.000000000000000000 ) ) ;
#826 = ORIENTED_EDGE ( 'NONE', *, *, #4312, .T. ) ;
#827 = ORIENTED_EDGE ( 'NONE', *, *, #4532, .T. ) ;
#828 = PLANE ( 'NONE',  #950 ) ;
#829 = DIRECTION ( 'NONE',  ( 0.000000000000000000, -1.000000000000000000, 0.000000000000000000 ) ) ;
#830 = EDGE_CURVE ( 'NONE', #1952, #2386, #3210, .T. ) ;
#831 = EDGE_CURVE ( 'NONE', #3744, #2268, #958, .T. ) ;
#832 = AXIS2_PLACEMENT_3D ( 'NONE', #368, #4517, #2711 ) ;
#833 = CYLINDRICAL_SURFACE ( 'NONE', #4126, 2.799999999993505462 ) ;
#834 = EDGE_LOOP ( 'NONE', ( #2487, #533, #3301, #2310 ) ) ;
#835 = DIRECTION ( 'NONE',  ( 0.000000000000000000, -1.000000000000000000, 0.000000000000000000 ) ) ;
#836 = ORIENTED_EDGE ( 'NONE', *, *, #2725, .F. ) ;
#837 = CARTESIAN_POINT ( 'NONE',  ( 8.804191108979491531, 13.00000000000000000, -14.89038704412350000 ) ) ;
#838 = LINE ( 'NONE', #2708, #2392 ) ;
#839 = EDGE_CURVE ( 'NONE', #1601, #4284, #1563, .T. ) ;
#840 = ORIENTED_EDGE ( 'NONE', *, *, #12, .F. ) ;
#841 = DIRECTION ( 'NONE',  ( 0.000000000000000000, 1.000000000000000000, 0.000000000000000000 ) ) ;
#842 = VERTEX_POINT ( 'NONE', #3859 ) ;
#843 = ORIENTED_EDGE ( 'NONE', *, *, #2554, .F. ) ;
#844 = EDGE_CURVE ( 'NONE', #2831, #1160, #2519, .T. ) ;
#845 = ORIENTED_EDGE ( 'NONE', *, *, #3253, .T. ) ;
#846 = EDGE_CURVE ( 'NONE', #486, #281, #2597, .T. ) ;
#847 = CYLINDRICAL_SURFACE ( 'NONE', #275, 0.5000000000000004441 ) ;
#848 = ORIENTED_EDGE ( 'NONE', *, *, #1423, .F. ) ;
#849 = ORIENTED_EDGE ( 'NONE', *, *, #1871, .T. ) ;
#850 = EDGE_CURVE ( 'NONE', #3209, #1673, #1916, .T. ) ;
#851 = DIRECTION ( 'NONE',  ( 0.000000000000000000, 1.000000000000000000, 0.000000000000000000 ) ) ;
#852 = CARTESIAN_POINT ( 'NONE',  ( -8.277230311867999291, 3.000000000000000000, -19.29993415440305071 ) ) ;
#853 = EDGE_CURVE ( 'NONE', #1964, #1311, #3342, .T. ) ;
#854 = CIRCLE ( 'NONE', #1228, 5.000000000000000888 ) ;
#855 = LINE ( 'NONE', #3798, #876 ) ;
#856 = ORIENTED_EDGE ( 'NONE', *, *, #4061, .T. ) ;
#857 = DIRECTION ( 'NONE',  ( 0.000000000000000000, 1.000000000000000000, 0.000000000000000000 ) ) ;
#858 = CARTESIAN_POINT ( 'NONE',  ( 16.51733162954249678, 7.000000000000000000, -6.025805671237450589 ) ) ;
#859 = CARTESIAN_POINT ( 'NONE',  ( -8.847890945889549386, 7.000000000000000000, -13.79763841421666015 ) ) ;
#860 = CIRCLE ( 'NONE', #1459, 1.599999999999999867 ) ;
#861 = AXIS2_PLACEMENT_3D ( 'NONE', #4044, #1139, #4023 ) ;
#862 = DIRECTION ( 'NONE',  ( 0.000000000000000000, 0.000000000000000000, -1.000000000000000000 ) ) ;
#863 = ORIENTED_EDGE ( 'NONE', *, *, #1586, .T. ) ;
#864 = CARTESIAN_POINT ( 'NONE',  ( 0.000000000000000000, 3.000000000000000000, 0.000000000000000000 ) ) ;
#865 = ORIENTED_EDGE ( 'NONE', *, *, #445, .T. ) ;
#866 = VECTOR ( 'NONE', #1269, 1000.000000000000000 ) ;
#867 = EDGE_LOOP ( 'NONE', ( #3234, #245, #3672, #1267 ) ) ;
#868 = ORIENTED_EDGE ( 'NONE', *, *, #3621, .T. ) ;
#869 = CIRCLE ( 'NONE', #4357, 1.649999999999999911 ) ;
#870 = DIRECTION ( 'NONE',  ( 0.000000000000000000, 1.000000000000000000, 0.000000000000000000 ) ) ;
#871 = ADVANCED_FACE ( 'NONE', ( #3522 ), #2763, .F. ) ;
#872 = AXIS2_PLACEMENT_3D ( 'NONE', #133, #2374, #3818 ) ;
#873 = ORIENTED_EDGE ( 'NONE', *, *, #4110, .F. ) ;
#874 = ORIENTED_EDGE ( 'NONE', *, *, #1291, .T. ) ;
#875 = CARTESIAN_POINT ( 'NONE',  ( -11.45374323804448125, 7.000000000000000000, -2.968461863819449764 ) ) ;
#876 = VECTOR ( 'NONE', #4161, 1000.000000000000000 ) ;
#877 = CARTESIAN_POINT ( 'NONE',  ( 4.947631685529810142, 13.00000000000000000, -10.35387814087413894 ) ) ;
#878 = CIRCLE ( 'NONE', #3683, 1.599999999999999867 ) ;
#879 = ADVANCED_FACE ( 'NONE', ( #2056 ), #3187, .F. ) ;
#880 = AXIS2_PLACEMENT_3D ( 'NONE', #4634, #4678, #3259 ) ;
#881 = AXIS2_PLACEMENT_3D ( 'NONE', #2886, #1465, #2185 ) ;
#882 = CARTESIAN_POINT ( 'NONE',  ( 1.552914270609370151, 7.000000000000000000, 5.795554957734689872 ) ) ;
#883 = AXIS2_PLACEMENT_3D ( 'NONE', #2393, #3073, #3428 ) ;
#884 = VERTEX_POINT ( 'NONE', #274 ) ;
#885 = FACE_OUTER_BOUND ( 'NONE', #167, .T. ) ;
#886 = DIRECTION ( 'NONE',  ( -0.7071067811872115971, 0.000000000000000000, 0.7071067811858834373 ) ) ;
#887 = EDGE_CURVE ( 'NONE', #3998, #4094, #924, .T. ) ;
#888 = CARTESIAN_POINT ( 'NONE',  ( 0.000000000000000000, 7.000000000000000000, 0.000000000000000000 ) ) ;
#889 = DIRECTION ( 'NONE',  ( 0.000000000000000000, 0.000000000000000000, -1.000000000000000000 ) ) ;
#890 = ORIENTED_EDGE ( 'NONE', *, *, #1484, .F. ) ;
#891 = CARTESIAN_POINT ( 'NONE',  ( 0.000000000000000000, 3.000000000000000000, 0.000000000000000000 ) ) ;
#892 = ORIENTED_EDGE ( 'NONE', *, *, #1516, .T. ) ;
#893 = ORIENTED_EDGE ( 'NONE', *, *, #2971, .T. ) ;
#894 = PLANE ( 'NONE',  #2159 ) ;
#895 = FACE_OUTER_BOUND ( 'NONE', #3042, .T. ) ;
#896 = EDGE_CURVE ( 'NONE', #3837, #1042, #3574, .T. ) ;
#897 = CIRCLE ( 'NONE', #3547, 1.649999999999998579 ) ;
#898 = EDGE_LOOP ( 'NONE', ( #277, #2870, #427, #4232, #1350, #2235, #4655, #615, #4030, #848, #1672, #198, #2158, #490, #1110, #4646, #4468, #3810, #2737, #1322, #197, #1455, #2582, #2988, #2081, #3000, #2902, #476, #420, #1517, #1086, #2064, #805, #1950, #2237, #271, #1337, #4431, #4579, #3366, #1531 ) ) ;
#899 = DIRECTION ( 'NONE',  ( 0.000000000000000000, -1.000000000000000000, 0.000000000000000000 ) ) ;
#900 = FACE_OUTER_BOUND ( 'NONE', #1317, .T. ) ;
#901 = DIRECTION ( 'NONE',  ( 0.000000000000000000, 0.000000000000000000, -1.000000000000000000 ) ) ;
#902 = CIRCLE ( 'NONE', #675, 0.5000000000000004441 ) ;
#903 = VERTEX_POINT ( 'NONE', #1011 ) ;
#904 = CYLINDRICAL_SURFACE ( 'NONE', #35, 2.999999999999999112 ) ;
#905 = CARTESIAN_POINT ( 'NONE',  ( 4.242640687123274468, -16.01280737409345178, -4.242640687115304843 ) ) ;
#906 = ORIENTED_EDGE ( 'NONE', *, *, #4368, .F. ) ;
#907 = CARTESIAN_POINT ( 'NONE',  ( 2.870769207046929949, 13.00000000000000000, -17.76959999999040107 ) ) ;
#908 = VECTOR ( 'NONE', #545, 1000.000000000000000 ) ;
#909 = EDGE_CURVE ( 'NONE', #83, #2086, #1527, .T. ) ;
#911 = DIRECTION ( 'NONE',  ( 0.000000000000000000, -1.000000000000000000, 0.000000000000000000 ) ) ;
#910 = CIRCLE ( 'NONE', #598, 1.650000000000000355 ) ;
#912 = DIRECTION ( 'NONE',  ( 0.000000000000000000, -1.000000000000000000, 0.000000000000000000 ) ) ;
#913 = DIRECTION ( 'NONE',  ( 0.000000000000000000, 0.000000000000000000, -1.000000000000000000 ) ) ;
#914 = ORIENTED_EDGE ( 'NONE', *, *, #3921, .F. ) ;
#915 = ORIENTED_EDGE ( 'NONE', *, *, #2736, .T. ) ;
#916 = VERTEX_POINT ( 'NONE', #1386 ) ;
#917 = FACE_OUTER_BOUND ( 'NONE', #243, .T. ) ;
#918 = VECTOR ( 'NONE', #4664, 1000.000000000000000 ) ;
#919 = CARTESIAN_POINT ( 'NONE',  ( 14.44193869592979951, -2.000000000000000000, 1.296305019427693717 ) ) ;
#920 = ORIENTED_EDGE ( 'NONE', *, *, #3537, .T. ) ;
#921 = EDGE_CURVE ( 'NONE', #424, #3767, #3191, .T. ) ;
#922 = CARTESIAN_POINT ( 'NONE',  ( 0.000000000000000000, 2.000000000000000000, 0.000000000000000000 ) ) ;
#923 = DIRECTION ( 'NONE',  ( 0.000000000000000000, 0.000000000000000000, -1.000000000000000000 ) ) ;
#924 = CIRCLE ( 'NONE', #4561, 2.500000000000000444 ) ;
#925 = ORIENTED_EDGE ( 'NONE', *, *, #534, .F. ) ;
#926 = FACE_OUTER_BOUND ( 'NONE', #2611, .T. ) ;
#927 = ORIENTED_EDGE ( 'NONE', *, *, #3802, .T. ) ;
#928 = CARTESIAN_POINT ( 'NONE',  ( -4.425805671266068941, 4.000000000000000000, 16.51733162953355105 ) ) ;
#929 = CARTESIAN_POINT ( 'NONE',  ( 16.51733162954249678, 2.474516600406095002, -4.425805671237444727 ) ) ;
#930 = CARTESIAN_POINT ( 'NONE',  ( 0.000000000000000000, -2.000000000000000000, -10.00000000000000000 ) ) ;
#931 = AXIS2_PLACEMENT_3D ( 'NONE', #1450, #2584, #1074 ) ;
#932 = AXIS2_PLACEMENT_3D ( 'NONE', #1329, #2404, #1680 ) ;
#933 = CYLINDRICAL_SURFACE ( 'NONE', #985, 2.999999999999999112 ) ;
#934 = ORIENTED_EDGE ( 'NONE', *, *, #3590, .T. ) ;
#935 = DIRECTION ( 'NONE',  ( 0.000000000000000000, 0.000000000000000000, -1.000000000000000000 ) ) ;
#936 = AXIS2_PLACEMENT_3D ( 'NONE', #3862, #1700, #2836 ) ;
#937 = ADVANCED_FACE ( 'NONE', ( #319 ), #1813, .F. ) ;
#938 = ORIENTED_EDGE ( 'NONE', *, *, #4300, .F. ) ;
#939 = ORIENTED_EDGE ( 'NONE', *, *, #177, .T. ) ;
#940 = ORIENTED_EDGE ( 'NONE', *, *, #393, .T. ) ;
#941 = DIRECTION ( 'NONE',  ( 0.000000000000000000, 1.000000000000000000, 0.000000000000000000 ) ) ;
#942 = FACE_OUTER_BOUND ( 'NONE', #4099, .T. ) ;
#943 = EDGE_CURVE ( 'NONE', #761, #2451, #3804, .T. ) ;
#944 = FACE_OUTER_BOUND ( 'NONE', #3499, .T. ) ;
#945 = CARTESIAN_POINT ( 'NONE',  ( -4.425805671266068941, 10.44999999999999929, 16.51733162953355105 ) ) ;
#946 = CIRCLE ( 'NONE', #4136, 1.650000000000000355 ) ;
#947 = CARTESIAN_POINT ( 'NONE',  ( 0.000000000000000000, 13.00000000000000000, 0.000000000000000000 ) ) ;
#948 = ORIENTED_EDGE ( 'NONE', *, *, #3194, .F. ) ;
#949 = AXIS2_PLACEMENT_3D ( 'NONE', #1961, #4166, #1982 ) ;
#950 = AXIS2_PLACEMENT_3D ( 'NONE', #4369, #4087, #1085 ) ;
#951 = FACE_OUTER_BOUND ( 'NONE', #571, .T. ) ;
#952 = ORIENTED_EDGE ( 'NONE', *, *, #3715, .T. ) ;
#953 = PLANE ( 'NONE',  #1159 ) ;
#954 = DIRECTION ( 'NONE',  ( 0.000000000000000000, 0.000000000000000000, 1.000000000000000000 ) ) ;
#955 = CARTESIAN_POINT ( 'NONE',  ( -12.09152595827489840, 10.44999999999999929, -9.841525958297630439 ) ) ;
#956 = EDGE_CURVE ( 'NONE', #2066, #2809, #3233, .T. ) ;
#957 = AXIS2_PLACEMENT_3D ( 'NONE', #3865, #3077, #1346 ) ;
#958 = CIRCLE ( 'NONE', #3610, 2.500000000000000444 ) ;
#959 = DIRECTION ( 'NONE',  ( 0.000000000000000000, 0.000000000000000000, -1.000000000000000000 ) ) ;
#960 = CARTESIAN_POINT ( 'NONE',  ( -11.32276468004479852, 7.000000000000000000, -11.32276468006605974 ) ) ;
#961 = CARTESIAN_POINT ( 'NONE',  ( -12.09152595827489840, 2.474516600406095002, -10.49152595829762014 ) ) ;
#962 = ORIENTED_EDGE ( 'NONE', *, *, #1658, .T. ) ;
#963 = VERTEX_POINT ( 'NONE', #3330 ) ;
#964 = EDGE_LOOP ( 'NONE', ( #3848, #2962, #3235, #1286 ) ) ;
#965 = EDGE_CURVE ( 'NONE', #916, #2857, #473, .T. ) ;
#966 = DIRECTION ( 'NONE',  ( 0.000000000000000000, 0.000000000000000000, 1.000000000000000000 ) ) ;
#967 = PLANE ( 'NONE',  #728 ) ;
#968 = ORIENTED_EDGE ( 'NONE', *, *, #2625, .T. ) ;
#969 = CARTESIAN_POINT ( 'NONE',  ( -11.32276468004479852, 4.000000000000000000, -11.32276468006605974 ) ) ;
#970 = EDGE_CURVE ( 'NONE', #2255, #3699, #2072, .T. ) ;
#971 = DIRECTION ( 'NONE',  ( -0.000000000000000000, 1.000000000000000000, 0.000000000000000000 ) ) ;
#972 = CARTESIAN_POINT ( 'NONE',  ( -4.242640687123274468, 4.000000000000000000, 4.242640687115299514 ) ) ;
#973 = ORIENTED_EDGE ( 'NONE', *, *, #4036, .F. ) ;
#974 = LINE ( 'NONE', #329, #2020 ) ;
#975 = VERTEX_POINT ( 'NONE', #4382 ) ;
#976 = VERTEX_POINT ( 'NONE', #388 ) ;
#977 = DIRECTION ( 'NONE',  ( 0.000000000000000000, 0.000000000000000000, 1.000000000000000000 ) ) ;
#978 = DIRECTION ( 'NONE',  ( 0.000000000000000000, 0.000000000000000000, -1.000000000000000000 ) ) ;
#979 = CARTESIAN_POINT ( 'NONE',  ( -8.927672494450140625E-12, 3.000000000000000000, 2.392162635169475256E-12 ) ) ;
#980 = CARTESIAN_POINT ( 'NONE',  ( 15.44315058948244967, 7.000000000000000000, 9.247113056013439802 ) ) ;
#981 = LINE ( 'NONE', #613, #2035 ) ;
#982 = LINE ( 'NONE', #3087, #3721 ) ;
#983 = VECTOR ( 'NONE', #4590, 1000.000000000000114 ) ;
#984 = ORIENTED_EDGE ( 'NONE', *, *, #2800, .F. ) ;
#985 = AXIS2_PLACEMENT_3D ( 'NONE', #3439, #612, #194 ) ;
#986 = ORIENTED_EDGE ( 'NONE', *, *, #1790, .T. ) ;
#987 = DIRECTION ( 'NONE',  ( 0.000000000000000000, 0.000000000000000000, -1.000000000000000000 ) ) ;
#988 = CARTESIAN_POINT ( 'NONE',  ( -8.927672494450140625E-12, 3.000000000000000000, 2.392162635169475256E-12 ) ) ;
#989 = VECTOR ( 'NONE', #2173, 1000.000000000000000 ) ;
#990 = CIRCLE ( 'NONE', #3412, 1.600000000000000755 ) ;
#991 = VECTOR ( 'NONE', #3250, 1000.000000000000000 ) ;
#992 = DIRECTION ( 'NONE',  ( 0.000000000000000000, -1.000000000000000000, 0.000000000000000000 ) ) ;
#993 = CARTESIAN_POINT ( 'NONE',  ( -14.69693845671758048, -2.000000000000000000, 14.69693845668214038 ) ) ;
#994 = DIRECTION ( 'NONE',  ( 0.000000000000000000, 0.000000000000000000, 1.000000000000000000 ) ) ;
#995 = ADVANCED_FACE ( 'NONE', ( #2251, #1054, #2560, #3255, #2952 ), #2530, .T. ) ;
#996 = ORIENTED_EDGE ( 'NONE', *, *, #3501, .F. ) ;
#997 = CARTESIAN_POINT ( 'NONE',  ( 0.000000000000000000, 4.000000000000000000, -1.250000000000000000 ) ) ;
#998 = ORIENTED_EDGE ( 'NONE', *, *, #4532, .F. ) ;
#999 = CARTESIAN_POINT ( 'NONE',  ( -15.72981011290974784, 7.000000000000000000, 8.750604196962301629 ) ) ;
#1000 = LINE ( 'NONE', #4210, #3527 ) ;
#1001 = CARTESIAN_POINT ( 'NONE',  ( 12.24650881637490230, 7.000000000000000000, -6.504885395184340169 ) ) ;
#1002 = EDGE_CURVE ( 'NONE', #518, #572, #4494, .T. ) ;
#1003 = CYLINDRICAL_SURFACE ( 'NONE', #1609, 2.500000000000000000 ) ;
#1004 = LINE ( 'NONE', #2504, #681 ) ;
#1005 = VERTEX_POINT ( 'NONE', #1099 ) ;
#1006 = LINE ( 'NONE', #291, #380 ) ;
#1007 = ORIENTED_EDGE ( 'NONE', *, *, #4683, .T. ) ;
#1008 = AXIS2_PLACEMENT_3D ( 'NONE', #127, #1642, #4433 ) ;
#1009 = VECTOR ( 'NONE', #1424, 1000.000000000000000 ) ;
#1010 = VERTEX_POINT ( 'NONE', #408 ) ;
#1011 = CARTESIAN_POINT ( 'NONE',  ( -9.847124473056830141, 7.000000000000000000, -11.93290069816901955 ) ) ;
#1012 = CARTESIAN_POINT ( 'NONE',  ( -13.79763841420004056, 4.000000000000000000, -8.847890945915480643 ) ) ;
#1013 = AXIS2_PLACEMENT_3D ( 'NONE', #2966, #69, #1518 ) ;
#1014 = EDGE_CURVE ( 'NONE', #2878, #2968, #2509, .T. ) ;
#1015 = CARTESIAN_POINT ( 'NONE',  ( -17.27600000000304803, 13.00000000000000000, 2.791025617924929758 ) ) ;
#1016 = CARTESIAN_POINT ( 'NONE',  ( -11.32276468004479852, 7.000000000000000000, -11.32276468006605974 ) ) ;
#1017 = DIRECTION ( 'NONE',  ( 0.000000000000000000, 0.000000000000000000, -1.000000000000000000 ) ) ;
#1018 = ORIENTED_EDGE ( 'NONE', *, *, #3368, .F. ) ;
#1019 = CARTESIAN_POINT ( 'NONE',  ( 4.440892098500625152E-13, 13.00000000000000000, 6.050715484207100722E-12 ) ) ;
#1020 = CYLINDRICAL_SURFACE ( 'NONE', #4520, 2.799999999992524913 ) ;
#1021 = EDGE_CURVE ( 'NONE', #1348, #1309, #6, .T. ) ;
#1022 = CARTESIAN_POINT ( 'NONE',  ( -6.098336270100209511, 3.000000000000000000, -13.15523830028056018 ) ) ;
#1023 = DIRECTION ( 'NONE',  ( 0.000000000000000000, 0.000000000000000000, -1.000000000000000000 ) ) ;
#1024 = VECTOR ( 'NONE', #4257, 1000.000000000000000 ) ;
#1025 = AXIS2_PLACEMENT_3D ( 'NONE', #157, #3028, #4179 ) ;
#1026 = CARTESIAN_POINT ( 'NONE',  ( -17.27600000000304803, 7.000000000000000000, 2.791025617924929758 ) ) ;
#1027 =( NAMED_UNIT ( * ) PLANE_ANGLE_UNIT ( ) SI_UNIT ( $, .RADIAN. ) );
#1028 = DIRECTION ( 'NONE',  ( 0.000000000000000000, -1.000000000000000000, 0.000000000000000000 ) ) ;
#1029 = EDGE_CURVE ( 'NONE', #1134, #1529, #2744, .T. ) ;
#1030 = DIRECTION ( 'NONE',  ( 0.000000000000000000, -1.000000000000000000, 0.000000000000000000 ) ) ;
#1031 = AXIS2_PLACEMENT_3D ( 'NONE', #1778, #4320, #4636 ) ;
#1032 = AXIS2_PLACEMENT_3D ( 'NONE', #1629, #2794, #2722 ) ;
#1033 = CIRCLE ( 'NONE', #881, 27.50000000000000000 ) ;
#1034 = ORIENTED_EDGE ( 'NONE', *, *, #3495, .F. ) ;
#1035 = DIRECTION ( 'NONE',  ( 0.000000000000000000, 0.000000000000000000, 1.000000000000000000 ) ) ;
#1036 = DIRECTION ( 'NONE',  ( 0.000000000000000000, 1.000000000000000000, 0.000000000000000000 ) ) ;
#1037 = EDGE_CURVE ( 'NONE', #4710, #2878, #1534, .T. ) ;
#1038 = CARTESIAN_POINT ( 'NONE',  ( -11.41549931669258022, 13.00000000000000000, 0.8915370460745949410 ) ) ;
#1039 = LINE ( 'NONE', #322, #4098 ) ;
#1040 = EDGE_CURVE ( 'NONE', #1573, #3942, #3275, .T. ) ;
#1041 = CARTESIAN_POINT ( 'NONE',  ( 10.25304832719689863, 1.100000000000000089, 10.25304832721533899 ) ) ;
#1042 = VERTEX_POINT ( 'NONE', #3692 ) ;
#1043 = DIRECTION ( 'NONE',  ( 0.000000000000000000, -1.000000000000000000, 0.000000000000000000 ) ) ;
#1044 = CYLINDRICAL_SURFACE ( 'NONE', #254, 18.00000000000000000 ) ;
#1045 = CIRCLE ( 'NONE', #2709, 0.5000000000000004441 ) ;
#1046 = DIRECTION ( 'NONE',  ( 0.000000000000000000, 0.000000000000000000, -1.000000000000000000 ) ) ;
#1047 = CYLINDRICAL_SURFACE ( 'NONE', #1838, 4.999999999999999112 ) ;
#1048 = DIRECTION ( 'NONE',  ( 0.9659258262893115621, 0.000000000000000000, -0.2588190451016129101 ) ) ;
#1049 = CARTESIAN_POINT ( 'NONE',  ( -11.44053734045487758, 13.00000000000000000, 0.8921643422089570175 ) ) ;
#1050 = DIRECTION ( 'NONE',  ( 0.000000000000000000, 1.000000000000000000, 0.000000000000000000 ) ) ;
#1051 = EDGE_CURVE ( 'NONE', #579, #1769, #854, .T. ) ;
#1052 = ORIENTED_EDGE ( 'NONE', *, *, #1173, .F. ) ;
#1053 = ORIENTED_EDGE ( 'NONE', *, *, #2867, .F. ) ;
#1054 = FACE_BOUND ( 'NONE', #2288, .T. ) ;
#1055 = AXIS2_PLACEMENT_3D ( 'NONE', #144, #2881, #2316 ) ;
#1056 = CARTESIAN_POINT ( 'NONE',  ( 16.51733162954249678, 7.000000000000000000, -2.175805671237445171 ) ) ;
#1057 = ORIENTED_EDGE ( 'NONE', *, *, #3764, .T. ) ;
#1058 = LINE ( 'NONE', #1016, #1624 ) ;
#1059 = CYLINDRICAL_SURFACE ( 'NONE', #3224, 24.98000000000000043 ) ;
#1060 = VERTEX_POINT ( 'NONE', #3960 ) ;
#1061 = ORIENTED_EDGE ( 'NONE', *, *, #717, .F. ) ;
#1062 = CARTESIAN_POINT ( 'NONE',  ( 0.000000000000000000, 4.000000000000000000, 0.000000000000000000 ) ) ;
#1063 = CARTESIAN_POINT ( 'NONE',  ( -12.09152595827489840, 7.000000000000000000, -14.34152595829761978 ) ) ;
#1064 = ORIENTED_EDGE ( 'NONE', *, *, #1836, .F. ) ;
#1065 = DIRECTION ( 'NONE',  ( 0.000000000000000000, -1.000000000000000000, 0.000000000000000000 ) ) ;
#1066 = VECTOR ( 'NONE', #614, 1000.000000000000000 ) ;
#1067 = PRESENTATION_STYLE_ASSIGNMENT (( #2917 ) ) ;
#1068 = CARTESIAN_POINT ( 'NONE',  ( 8.493357897909710630, 13.00000000000000000, 15.06984668221980073 ) ) ;
#1069 = CARTESIAN_POINT ( 'NONE',  ( 8.750604196993760908, 13.00000000000000000, -15.72981011288349862 ) ) ;
#1070 = CARTESIAN_POINT ( 'NONE',  ( -12.57561811315970068, -2.000000000000000000, 16.81825880024355158 ) ) ;
#1071 = DIRECTION ( 'NONE',  ( 0.000000000000000000, 1.000000000000000000, 0.000000000000000000 ) ) ;
#1072 = EDGE_LOOP ( 'NONE', ( #3175, #3241, #3321, #4153 ) ) ;
#1073 = ORIENTED_EDGE ( 'NONE', *, *, #3931, .F. ) ;
#1074 = DIRECTION ( 'NONE',  ( 0.000000000000000000, 0.000000000000000000, -1.000000000000000000 ) ) ;
#1075 = ORIENTED_EDGE ( 'NONE', *, *, #2766, .T. ) ;
#1076 = EDGE_CURVE ( 'NONE', #4613, #4175, #90, .T. ) ;
#1077 = CIRCLE ( 'NONE', #2149, 2.999999999999999112 ) ;
#1078 = LINE ( 'NONE', #2533, #1539 ) ;
#1079 = CARTESIAN_POINT ( 'NONE',  ( -17.49999999999955236, 7.000000000000000000, -1.580874320339375057E-11 ) ) ;
#1080 = ADVANCED_FACE ( 'NONE', ( #774 ), #343, .F. ) ;
#1081 = LINE ( 'NONE', #3626, #1254 ) ;
#1082 = AXIS2_PLACEMENT_3D ( 'NONE', #4420, #3747, #1879 ) ;
#1083 = AXIS2_PLACEMENT_3D ( 'NONE', #1368, #992, #1674 ) ;
#1084 = ORIENTED_EDGE ( 'NONE', *, *, #3300, .T. ) ;
#1085 = DIRECTION ( 'NONE',  ( 1.000000000000000000, 0.000000000000000000, 0.000000000000000000 ) ) ;
#1086 = ORIENTED_EDGE ( 'NONE', *, *, #1632, .F. ) ;
#1087 = LINE ( 'NONE', #662, #272 ) ;
#1088 = CARTESIAN_POINT ( 'NONE',  ( 0.000000000000000000, 2.000000000000000000, 0.000000000000000000 ) ) ;
#1089 = DIRECTION ( 'NONE',  ( 0.000000000000000000, 0.000000000000000000, 1.000000000000000000 ) ) ;
#1090 = CARTESIAN_POINT ( 'NONE',  ( -4.144419513987694259, -16.01280737409345178, 15.46718419402389877 ) ) ;
#1091 = CARTESIAN_POINT ( 'NONE',  ( 0.000000000000000000, 0.000000000000000000, 0.000000000000000000 ) ) ;
#1092 = CARTESIAN_POINT ( 'NONE',  ( -4.425805671271993980, 13.00000000000000000, 16.51733162954329970 ) ) ;
#1093 = AXIS2_PLACEMENT_3D ( 'NONE', #2291, #2336, #3803 ) ;
#1094 = FACE_OUTER_BOUND ( 'NONE', #4597, .T. ) ;
#1095 = ORIENTED_EDGE ( 'NONE', *, *, #3910, .T. ) ;
#1096 = VECTOR ( 'NONE', #2579, 1000.000000000000000 ) ;
#1097 = ORIENTED_EDGE ( 'NONE', *, *, #1040, .T. ) ;
#1098 = AXIS2_PLACEMENT_3D ( 'NONE', #3076, #1583, #4132 ) ;
#1099 = CARTESIAN_POINT ( 'NONE',  ( 0.000000000000000000, 7.000000000000000000, -23.98000000000000043 ) ) ;
#1100 = ORIENTED_EDGE ( 'NONE', *, *, #27, .T. ) ;
#1101 = AXIS2_PLACEMENT_3D ( 'NONE', #732, #3195, #1370 ) ;
#1102 = AXIS2_PLACEMENT_3D ( 'NONE', #188, #4255, #1636 ) ;
#1103 = ORIENTED_EDGE ( 'NONE', *, *, #1117, .T. ) ;
#1104 = EDGE_CURVE ( 'NONE', #2242, #3410, #2456, .T. ) ;
#1105 = CIRCLE ( 'NONE', #497, 3.000000000000000000 ) ;
#1106 = CARTESIAN_POINT ( 'NONE',  ( 4.440892098500625152E-13, 13.00000000000000000, 6.050715484207100722E-12 ) ) ;
#1107 = DIRECTION ( 'NONE',  ( 0.000000000000000000, 0.000000000000000000, -1.000000000000000000 ) ) ;
#1108 = CIRCLE ( 'NONE', #3381, 2.999999999999999112 ) ;
#1109 = CARTESIAN_POINT ( 'NONE',  ( -14.00592448119571998, 13.00000000000000000, 3.752876153975159834 ) ) ;
#1110 = ORIENTED_EDGE ( 'NONE', *, *, #3495, .T. ) ;
#1111 = EDGE_CURVE ( 'NONE', #4669, #4, #1077, .T. ) ;
#1112 = CARTESIAN_POINT ( 'NONE',  ( 16.51733162954249678, 10.44999999999999929, -4.425805671237439398 ) ) ;
#1113 = EDGE_LOOP ( 'NONE', ( #2631, #3252, #3429, #75 ) ) ;
#1114 = DIRECTION ( 'NONE',  ( 0.9659258262888520408, 0.000000000000000000, 0.2588190451033275385 ) ) ;
#1115 = CARTESIAN_POINT ( 'NONE',  ( 8.297635003253589048, -16.01280737409345178, -8.435001680661869727 ) ) ;
#1116 = FACE_BOUND ( 'NONE', #2389, .T. ) ;
#1117 = EDGE_CURVE ( 'NONE', #1619, #2182, #4079, .T. ) ;
#1118 = DIRECTION ( 'NONE',  ( 0.000000000000000000, -1.000000000000000000, 0.000000000000000000 ) ) ;
#1119 = FACE_OUTER_BOUND ( 'NONE', #119, .T. ) ;
#1120 = CONICAL_SURFACE ( 'NONE', #1885, 23.98000000000000043, 0.7853981633974532750 ) ;
#1121 = CARTESIAN_POINT ( 'NONE',  ( -15.38741903619775009, 13.00000000000000000, 0.9093963224872910756 ) ) ;
#1122 = ORIENTED_EDGE ( 'NONE', *, *, #673, .F. ) ;
#1123 = EDGE_LOOP ( 'NONE', ( #4241, #3215, #1588, #4523 ) ) ;
#1124 = DIRECTION ( 'NONE',  ( -0.9659258262888520408, 0.000000000000000000, -0.2588190451033275385 ) ) ;
#1125 = ORIENTED_EDGE ( 'NONE', *, *, #2867, .T. ) ;
#1126 = DIRECTION ( 'NONE',  ( 0.000000000000000000, 1.000000000000000000, 0.000000000000000000 ) ) ;
#1127 = CARTESIAN_POINT ( 'NONE',  ( -10.06986499670492030, -2.000000000000000000, 14.31250568379296162 ) ) ;
#1128 = DIRECTION ( 'NONE',  ( 0.000000000000000000, -1.000000000000000000, 0.000000000000000000 ) ) ;
#1129 = AXIS2_PLACEMENT_3D ( 'NONE', #1687, #911, #889 ) ;
#1130 = VERTEX_POINT ( 'NONE', #101 ) ;
#1131 = ORIENTED_EDGE ( 'NONE', *, *, #472, .F. ) ;
#1132 = CIRCLE ( 'NONE', #143, 2.499999999999999556 ) ;
#1133 = CYLINDRICAL_SURFACE ( 'NONE', #413, 27.50000000000000000 ) ;
#1134 = VERTEX_POINT ( 'NONE', #3716 ) ;
#1135 = CARTESIAN_POINT ( 'NONE',  ( 3.367778697655219730E-15, 0.000000000000000000, -27.50000000000000000 ) ) ;
#1136 = CARTESIAN_POINT ( 'NONE',  ( 14.49431029698941842, 10.44999999999999929, -5.410632908896499949 ) ) ;
#1137 = ADVANCED_FACE ( 'NONE', ( #2009 ), #4100, .F. ) ;
#1138 = ORIENTED_EDGE ( 'NONE', *, *, #1284, .T. ) ;
#1139 = DIRECTION ( 'NONE',  ( 0.000000000000000000, -1.000000000000000000, 0.000000000000000000 ) ) ;
#1140 = VECTOR ( 'NONE', #2437, 1000.000000000000114 ) ;
#1141 = CARTESIAN_POINT ( 'NONE',  ( 8.297635003253589048, 7.000000000000000000, -8.435001680661869727 ) ) ;
#1142 = DIRECTION ( 'NONE',  ( 0.000000000000000000, 1.000000000000000000, 0.000000000000000000 ) ) ;
#1143 = ADVANCED_FACE ( 'NONE', ( #2665 ), #1196, .T. ) ;
#1144 = CARTESIAN_POINT ( 'NONE',  ( 8.931861529967430758E-12, -2.000000000000000000, -2.393285083853395459E-12 ) ) ;
#1145 = EDGE_LOOP ( 'NONE', ( #3359, #529, #3376, #3025, #2415, #3407, #721, #1580, #4460, #3729, #865, #4055 ) ) ;
#1146 = ORIENTED_EDGE ( 'NONE', *, *, #3165, .F. ) ;
#1147 = DIRECTION ( 'NONE',  ( 0.000000000000000000, 0.000000000000000000, 1.000000000000000000 ) ) ;
#1148 = AXIS2_PLACEMENT_3D ( 'NONE', #3936, #4288, #1035 ) ;
#1149 = EDGE_CURVE ( 'NONE', #976, #4175, #3971, .T. ) ;
#1150 = VERTEX_POINT ( 'NONE', #4170 ) ;
#1151 = ORIENTED_EDGE ( 'NONE', *, *, #3618, .F. ) ;
#1152 = CYLINDRICAL_SURFACE ( 'NONE', #3739, 5.000000000000000888 ) ;
#1153 = CARTESIAN_POINT ( 'NONE',  ( 12.14650297045339933, -16.01280737409345178, -6.878112293218640261 ) ) ;
#1154 = DIRECTION ( 'NONE',  ( 0.000000000000000000, 1.000000000000000000, 0.000000000000000000 ) ) ;
#1155 = ADVANCED_FACE ( 'NONE', ( #3807 ), #526, .F. ) ;
#1156 = AXIS2_PLACEMENT_3D ( 'NONE', #436, #1890, #77 ) ;
#1157 = EDGE_CURVE ( 'NONE', #1602, #3744, #459, .T. ) ;
#1158 = VERTEX_POINT ( 'NONE', #1552 ) ;
#1159 = AXIS2_PLACEMENT_3D ( 'NONE', #3154, #4234, #3800 ) ;
#1160 = VERTEX_POINT ( 'NONE', #1176 ) ;
#1161 = DIRECTION ( 'NONE',  ( 0.000000000000000000, 1.000000000000000000, 0.000000000000000000 ) ) ;
#1162 = ORIENTED_EDGE ( 'NONE', *, *, #1076, .F. ) ;
#1163 = CIRCLE ( 'NONE', #2528, 5.000000000000000888 ) ;
#1164 = CARTESIAN_POINT ( 'NONE',  ( 16.51733162954249678, 7.000000000000000000, -4.425805671237439398 ) ) ;
#1165 = CYLINDRICAL_SURFACE ( 'NONE', #621, 2.999999999999999112 ) ;
#1166 = EDGE_CURVE ( 'NONE', #1429, #2451, #3785, .T. ) ;
#1167 = DIRECTION ( 'NONE',  ( 0.000000000000000000, -1.000000000000000000, 0.000000000000000000 ) ) ;
#1168 = ORIENTED_EDGE ( 'NONE', *, *, #2515, .F. ) ;
#1169 = DIRECTION ( 'NONE',  ( -0.2588190451016129101, 0.000000000000000000, -0.9659258262893115621 ) ) ;
#1170 = DIRECTION ( 'NONE',  ( 0.000000000000000000, -1.000000000000000000, 0.000000000000000000 ) ) ;
#1171 = LINE ( 'NONE', #4289, #4589 ) ;
#1172 = ADVANCED_FACE ( 'NONE', ( #1265 ), #1915, .T. ) ;
#1173 = EDGE_CURVE ( 'NONE', #173, #4567, #2300, .T. ) ;
#1174 = ORIENTED_EDGE ( 'NONE', *, *, #3276, .T. ) ;
#1175 = ORIENTED_EDGE ( 'NONE', *, *, #328, .T. ) ;
#1176 = CARTESIAN_POINT ( 'NONE',  ( 2.298183056504294886, 4.000000000000000000, 14.60528389892253820 ) ) ;
#1177 = AXIS2_PLACEMENT_3D ( 'NONE', #1001, #2478, #3178 ) ;
#1178 = ORIENTED_EDGE ( 'NONE', *, *, #1373, .T. ) ;
#1179 = VECTOR ( 'NONE', #2065, 1000.000000000000000 ) ;
#1180 = ORIENTED_EDGE ( 'NONE', *, *, #4616, .T. ) ;
#1181 = CARTESIAN_POINT ( 'NONE',  ( 16.27304500596659764, 4.000000000000000000, -1.136906019981511973 ) ) ;
#1182 = CIRCLE ( 'NONE', #1031, 10.00000000000000000 ) ;
#1183 = EDGE_LOOP ( 'NONE', ( #2227, #2212 ) ) ;
#1184 = VERTEX_POINT ( 'NONE', #4455 ) ;
#1185 = AXIS2_PLACEMENT_3D ( 'NONE', #1164, #1877, #1289 ) ;
#1186 = DIRECTION ( 'NONE',  ( 0.000000000000000000, -1.000000000000000000, 0.000000000000000000 ) ) ;
#1187 = ADVANCED_FACE ( 'NONE', ( #1216 ), #3379, .T. ) ;
#1188 = DIRECTION ( 'NONE',  ( -0.7071067811871379893, 0.000000000000000000, 0.7071067811859570451 ) ) ;
#1189 = DIRECTION ( 'NONE',  ( 0.000000000000000000, 0.000000000000000000, -1.000000000000000000 ) ) ;
#1190 = ORIENTED_EDGE ( 'NONE', *, *, #909, .F. ) ;
#1191 = CYLINDRICAL_SURFACE ( 'NONE', #449, 2.249999999999999556 ) ;
#1192 = DIRECTION ( 'NONE',  ( 0.000000000000000000, -1.000000000000000000, 0.000000000000000000 ) ) ;
#1193 = DIRECTION ( 'NONE',  ( 0.000000000000000000, 1.000000000000000000, 0.000000000000000000 ) ) ;
#1194 = EDGE_CURVE ( 'NONE', #1311, #842, #3199, .T. ) ;
#1195 = ORIENTED_EDGE ( 'NONE', *, *, #3463, .F. ) ;
#1196 = CYLINDRICAL_SURFACE ( 'NONE', #3048, 14.50000000001340084 ) ;
#1197 = ADVANCED_FACE ( 'NONE', ( #3762 ), #4495, .F. ) ;
#1198 = VERTEX_POINT ( 'NONE', #168 ) ;
#1199 = ORIENTED_EDGE ( 'NONE', *, *, #1795, .F. ) ;
#1200 = VERTEX_POINT ( 'NONE', #1966 ) ;
#1201 = LINE ( 'NONE', #3720, #1866 ) ;
#1202 = EDGE_LOOP ( 'NONE', ( #2532, #452, #649, #4092 ) ) ;
#1203 = VERTEX_POINT ( 'NONE', #3401 ) ;
#1204 = CARTESIAN_POINT ( 'NONE',  ( -14.89038704414983982, 13.00000000000000000, 8.804191108950000455 ) ) ;
#1205 = DIRECTION ( 'NONE',  ( 0.000000000000000000, 0.000000000000000000, 1.000000000000000000 ) ) ;
#1206 = ADVANCED_FACE ( 'NONE', ( #147 ), #1618, .F. ) ;
#1207 = AXIS2_PLACEMENT_3D ( 'NONE', #2793, #3237, #4057 ) ;
#1208 = CARTESIAN_POINT ( 'NONE',  ( 0.000000000000000000, 4.000000000000000000, 0.000000000000000000 ) ) ;
#1209 = EDGE_LOOP ( 'NONE', ( #2270, #2652, #253, #1339 ) ) ;
#1210 = DIRECTION ( 'NONE',  ( 0.000000000000000000, 0.000000000000000000, 1.000000000000000000 ) ) ;
#1211 = DIRECTION ( 'NONE',  ( 0.000000000000000000, 0.000000000000000000, -1.000000000000000000 ) ) ;
#1212 = AXIS2_PLACEMENT_3D ( 'NONE', #1828, #4006, #361 ) ;
#1213 = PLANE ( 'NONE',  #262 ) ;
#1214 = AXIS2_PLACEMENT_3D ( 'NONE', #1336, #238, #4565 ) ;
#1215 = ORIENTED_EDGE ( 'NONE', *, *, #270, .T. ) ;
#1216 = FACE_OUTER_BOUND ( 'NONE', #511, .T. ) ;
#1217 = ORIENTED_EDGE ( 'NONE', *, *, #769, .T. ) ;
#1218 = ORIENTED_EDGE ( 'NONE', *, *, #1727, .F. ) ;
#1219 = VERTEX_POINT ( 'NONE', #3109 ) ;
#1220 = ADVANCED_FACE ( 'NONE', ( #3568 ), #3854, .F. ) ;
#1221 = CARTESIAN_POINT ( 'NONE',  ( -14.00592448119571998, 13.00000000000000000, 5.402876153975159745 ) ) ;
#1222 = EDGE_LOOP ( 'NONE', ( #469, #1878, #4045, #4271 ) ) ;
#1223 = EDGE_LOOP ( 'NONE', ( #3481, #1283, #709, #4063 ) ) ;
#1224 = EDGE_CURVE ( 'NONE', #1850, #4611, #569, .T. ) ;
#1225 = DIRECTION ( 'NONE',  ( 0.000000000000000000, -1.000000000000000000, 0.000000000000000000 ) ) ;
#1226 = DIRECTION ( 'NONE',  ( 0.000000000000000000, -1.000000000000000000, 0.000000000000000000 ) ) ;
#1227 = ORIENTED_EDGE ( 'NONE', *, *, #690, .F. ) ;
#1228 = AXIS2_PLACEMENT_3D ( 'NONE', #365, #3645, #1526 ) ;
#1229 = AXIS2_PLACEMENT_3D ( 'NONE', #777, #2512, #414 ) ;
#1230 = LINE ( 'NONE', #1610, #248 ) ;
#1231 = ORIENTED_EDGE ( 'NONE', *, *, #3340, .F. ) ;
#1232 = CARTESIAN_POINT ( 'NONE',  ( 10.25304832719691994, 1.100000000000000089, 10.25304832721533899 ) ) ;
#1233 = DIRECTION ( 'NONE',  ( 5.204170427930421283E-15, 0.000000000000000000, 1.000000000000000000 ) ) ;
#1234 = CARTESIAN_POINT ( 'NONE',  ( -14.69693845671758048, 3.000000000000000000, 14.69693845668214038 ) ) ;
#1235 = VECTOR ( 'NONE', #4661, 1000.000000000000000 ) ;
#1236 = LINE ( 'NONE', #702, #3327 ) ;
#1237 = VERTEX_POINT ( 'NONE', #2031 ) ;
#1238 = DIRECTION ( 'NONE',  ( 0.000000000000000000, -1.000000000000000000, 0.000000000000000000 ) ) ;
#1239 = EDGE_LOOP ( 'NONE', ( #823, #1175, #3283, #2898 ) ) ;
#1240 = EDGE_LOOP ( 'NONE', ( #2001, #2234, #4624, #3444, #2941, #3553, #3274, #1887, #4557, #1842 ) ) ;
#1241 = ORIENTED_EDGE ( 'NONE', *, *, #3470, .T. ) ;
#1242 = DIRECTION ( 'NONE',  ( 0.000000000000000000, 1.000000000000000000, 0.000000000000000000 ) ) ;
#1243 = CIRCLE ( 'NONE', #796, 4.999999999999999112 ) ;
#1244 = LINE ( 'NONE', #1342, #2698 ) ;
#1245 = VECTOR ( 'NONE', #1272, 1000.000000000000000 ) ;
#1246 = EDGE_CURVE ( 'NONE', #4284, #3005, #982, .T. ) ;
#1247 = ORIENTED_EDGE ( 'NONE', *, *, #4619, .T. ) ;
#1248 = ORIENTED_EDGE ( 'NONE', *, *, #2649, .T. ) ;
#1249 = VECTOR ( 'NONE', #1500, 1000.000000000000000 ) ;
#1250 = DIRECTION ( 'NONE',  ( 0.000000000000000000, -1.000000000000000000, 0.000000000000000000 ) ) ;
#1251 = CIRCLE ( 'NONE', #801, 23.98000000000000043 ) ;
#1252 = DIRECTION ( 'NONE',  ( 0.000000000000000000, 1.000000000000000000, 0.000000000000000000 ) ) ;
#1253 = VECTOR ( 'NONE', #1170, 1000.000000000000000 ) ;
#1254 = VECTOR ( 'NONE', #2537, 1000.000000000000000 ) ;
#1255 = EDGE_CURVE ( 'NONE', #2161, #3714, #4329, .T. ) ;
#1256 = AXIS2_PLACEMENT_3D ( 'NONE', #208, #1260, #3081 ) ;
#1257 = CYLINDRICAL_SURFACE ( 'NONE', #3445, 3.000000000000000000 ) ;
#1258 = AXIS2_PLACEMENT_3D ( 'NONE', #3841, #3115, #4571 ) ;
#1259 = VERTEX_POINT ( 'NONE', #2078 ) ;
#1260 = DIRECTION ( 'NONE',  ( 0.000000000000000000, 1.000000000000000000, 0.000000000000000000 ) ) ;
#1261 = FACE_OUTER_BOUND ( 'NONE', #3644, .T. ) ;
#1262 = LINE ( 'NONE', #1548, #2387 ) ;
#1263 = LINE ( 'NONE', #4190, #2651 ) ;
#1264 = ORIENTED_EDGE ( 'NONE', *, *, #2041, .T. ) ;
#1265 = FACE_OUTER_BOUND ( 'NONE', #4335, .T. ) ;
#1266 = ORIENTED_EDGE ( 'NONE', *, *, #4084, .T. ) ;
#1267 = ORIENTED_EDGE ( 'NONE', *, *, #3103, .T. ) ;
#1268 = ORIENTED_EDGE ( 'NONE', *, *, #4685, .T. ) ;
#1269 = DIRECTION ( 'NONE',  ( 0.000000000000000000, -1.000000000000000000, 0.000000000000000000 ) ) ;
#1270 = CARTESIAN_POINT ( 'NONE',  ( 4.242640687123274468, 4.000000000000000000, -4.242640687115304843 ) ) ;
#1271 = AXIS2_PLACEMENT_3D ( 'NONE', #1852, #3656, #3924 ) ;
#1272 = DIRECTION ( 'NONE',  ( 0.000000000000000000, 1.000000000000000000, 0.000000000000000000 ) ) ;
#1273 = DIRECTION ( 'NONE',  ( 0.000000000000000000, 1.000000000000000000, 0.000000000000000000 ) ) ;
#1274 = ORIENTED_EDGE ( 'NONE', *, *, #2014, .F. ) ;
#1275 = DIRECTION ( 'NONE',  ( 0.000000000000000000, 1.000000000000000000, 0.000000000000000000 ) ) ;
#1276 = EDGE_LOOP ( 'NONE', ( #3034, #4298, #2670, #2050 ) ) ;
#1277 = CARTESIAN_POINT ( 'NONE',  ( 0.6182535036234589887, 7.000000000000000000, -14.82310169949654011 ) ) ;
#1278 = ADVANCED_FACE ( 'NONE', ( #3183 ), #2125, .T. ) ;
#1279 = DIRECTION ( 'NONE',  ( 0.000000000000000000, -1.000000000000000000, 0.000000000000000000 ) ) ;
#1280 = CARTESIAN_POINT ( 'NONE',  ( -13.26463081212039974, 7.000000000000000000, 7.003539777722839865 ) ) ;
#1281 = CIRCLE ( 'NONE', #3945, 2.250000000000000000 ) ;
#1282 = LINE ( 'NONE', #2029, #4174 ) ;
#1283 = ORIENTED_EDGE ( 'NONE', *, *, #231, .F. ) ;
#1284 = EDGE_CURVE ( 'NONE', #2841, #4386, #3184, .T. ) ;
#1285 = CARTESIAN_POINT ( 'NONE',  ( -12.09152595827489840, 10.44999999999999929, -12.09152595829761800 ) ) ;
#1286 = ORIENTED_EDGE ( 'NONE', *, *, #3051, .T. ) ;
#1287 = ORIENTED_EDGE ( 'NONE', *, *, #769, .F. ) ;
#1288 = EDGE_LOOP ( 'NONE', ( #4318, #1724, #1328, #4482 ) ) ;
#1289 = DIRECTION ( 'NONE',  ( 0.000000000000000000, 0.000000000000000000, 1.000000000000000000 ) ) ;
#1290 = AXIS2_PLACEMENT_3D ( 'NONE', #3297, #1050, #1764 ) ;
#1291 = EDGE_CURVE ( 'NONE', #4, #1361, #1669, .T. ) ;
#1292 = DIRECTION ( 'NONE',  ( 0.000000000000000000, 0.000000000000000000, -1.000000000000000000 ) ) ;
#1293 = DIRECTION ( 'NONE',  ( 0.000000000000000000, 0.000000000000000000, 1.000000000000000000 ) ) ;
#1294 = CARTESIAN_POINT ( 'NONE',  ( 10.25304832719689863, -2.000000000000000000, 10.25304832721533899 ) ) ;
#1295 = AXIS2_PLACEMENT_3D ( 'NONE', #1863, #3302, #4712 ) ;
#1296 = ORIENTED_EDGE ( 'NONE', *, *, #3621, .F. ) ;
#1297 = CARTESIAN_POINT ( 'NONE',  ( -14.00592448119571998, -2.000000000000000000, 3.752876153975159834 ) ) ;
#1298 = ORIENTED_EDGE ( 'NONE', *, *, #1029, .F. ) ;
#1299 = FACE_OUTER_BOUND ( 'NONE', #1491, .T. ) ;
#1300 = LINE ( 'NONE', #3155, #2845 ) ;
#1301 = DIRECTION ( 'NONE',  ( 0.000000000000000000, -1.000000000000000000, 0.000000000000000000 ) ) ;
#1302 = AXIS2_PLACEMENT_3D ( 'NONE', #2997, #2713, #3422 ) ;
#1303 = AXIS2_PLACEMENT_3D ( 'NONE', #2620, #453, #815 ) ;
#1304 = FACE_OUTER_BOUND ( 'NONE', #1223, .T. ) ;
#1305 = CARTESIAN_POINT ( 'NONE',  ( 5.443804946588110515E-12, 3.000000000000000000, 5.443804946597200616E-12 ) ) ;
#1306 = DIRECTION ( 'NONE',  ( 0.000000000000000000, 0.000000000000000000, -1.000000000000000000 ) ) ;
#1307 = AXIS2_PLACEMENT_3D ( 'NONE', #3413, #1955, #134 ) ;
#1308 = AXIS2_PLACEMENT_3D ( 'NONE', #1015, #3842, #2038 ) ;
#1309 = VERTEX_POINT ( 'NONE', #266 ) ;
#1310 = ADVANCED_FACE ( 'NONE', ( #2051 ), #1721, .T. ) ;
#1311 = VERTEX_POINT ( 'NONE', #1689 ) ;
#1312 = ORIENTED_EDGE ( 'NONE', *, *, #2852, .T. ) ;
#1313 = ORIENTED_EDGE ( 'NONE', *, *, #4135, .T. ) ;
#1314 = DIRECTION ( 'NONE',  ( 1.156482317317871725E-15, 0.000000000000000000, -1.000000000000000000 ) ) ;
#1315 = DIRECTION ( 'NONE',  ( -0.9659258262893112290, 0.000000000000000000, 0.2588190451016140758 ) ) ;
#1316 = AXIS2_PLACEMENT_3D ( 'NONE', #3263, #3947, #3176 ) ;
#1317 = EDGE_LOOP ( 'NONE', ( #4184, #3722, #1138, #3336, #2950, #1360, #2232, #3535, #594 ) ) ;
#1318 = LINE ( 'NONE', #3146, #8 ) ;
#1319 = DIRECTION ( 'NONE',  ( 0.000000000000000000, -1.000000000000000000, 0.000000000000000000 ) ) ;
#1320 = VECTOR ( 'NONE', #3826, 1000.000000000000000 ) ;
#1321 = FACE_OUTER_BOUND ( 'NONE', #834, .T. ) ;
#1322 = ORIENTED_EDGE ( 'NONE', *, *, #1771, .F. ) ;
#1323 = AXIS2_PLACEMENT_3D ( 'NONE', #73, #3661, #4428 ) ;
#1324 = ADVANCED_FACE ( 'NONE', ( #3160 ), #4282, .F. ) ;
#1325 = VECTOR ( 'NONE', #1538, 1000.000000000000227 ) ;
#1326 = FACE_OUTER_BOUND ( 'NONE', #1276, .T. ) ;
#1327 = AXIS2_PLACEMENT_3D ( 'NONE', #4095, #4165, #1211 ) ;
#1328 = ORIENTED_EDGE ( 'NONE', *, *, #1917, .F. ) ;
#1329 = CARTESIAN_POINT ( 'NONE',  ( -10.58188092818446080, 13.00000000000000000, 4.502643226125169207 ) ) ;
#1330 = CARTESIAN_POINT ( 'NONE',  ( 11.40346354447549970, 4.000000000000000000, 3.156108234809185120 ) ) ;
#1331 = AXIS2_PLACEMENT_3D ( 'NONE', #1844, #81, #2633 ) ;
#1332 = CARTESIAN_POINT ( 'NONE',  ( 12.24650881637490230, 10.44999999999999929, -6.504885395184340169 ) ) ;
#1333 = AXIS2_PLACEMENT_3D ( 'NONE', #3092, #4550, #3702 ) ;
#1334 = CARTESIAN_POINT ( 'NONE',  ( -10.91917325944504036, 7.000000000000000000, 1.331035435375965914 ) ) ;
#1335 = LINE ( 'NONE', #3465, #1646 ) ;
#1336 = CARTESIAN_POINT ( 'NONE',  ( -12.09152595827489840, 2.474516600406095002, -12.09152595829761800 ) ) ;
#1337 = ORIENTED_EDGE ( 'NONE', *, *, #177, .F. ) ;
#1338 = ORIENTED_EDGE ( 'NONE', *, *, #3961, .F. ) ;
#1339 = ORIENTED_EDGE ( 'NONE', *, *, #3463, .T. ) ;
#1340 = CARTESIAN_POINT ( 'NONE',  ( -7.080123992924840515, 4.000000000000000000, -12.02987146124861795 ) ) ;
#1341 = EDGE_CURVE ( 'NONE', #618, #1940, #4240, .T. ) ;
#1342 = CARTESIAN_POINT ( 'NONE',  ( 11.40346354447549970, 7.000000000000000000, 3.156108234809190005 ) ) ;
#1343 = CYLINDRICAL_SURFACE ( 'NONE', #936, 3.000000000000000000 ) ;
#1344 = DIRECTION ( 'NONE',  ( 0.000000000000000000, 1.000000000000000000, 0.000000000000000000 ) ) ;
#1345 = ADVANCED_FACE ( 'NONE', ( #2758 ), #2484, .T. ) ;
#1346 = DIRECTION ( 'NONE',  ( 0.000000000000000000, 0.000000000000000000, 1.000000000000000000 ) ) ;
#1347 = EDGE_CURVE ( 'NONE', #1970, #2370, #2106, .T. ) ;
#1348 = VERTEX_POINT ( 'NONE', #3880 ) ;
#1349 = DIRECTION ( 'NONE',  ( 0.000000000000000000, 0.000000000000000000, 1.000000000000000000 ) ) ;
#1350 = ORIENTED_EDGE ( 'NONE', *, *, #2731, .T. ) ;
#1351 = CARTESIAN_POINT ( 'NONE',  ( -10.06986499670492030, -2.000000000000000000, 14.31250568379296162 ) ) ;
#1352 = DIRECTION ( 'NONE',  ( 0.000000000000000000, 0.000000000000000000, 1.000000000000000000 ) ) ;
#1353 = EDGE_CURVE ( 'NONE', #3714, #2161, #2209, .T. ) ;
#1354 = CYLINDRICAL_SURFACE ( 'NONE', #1782, 13.00000000000000000 ) ;
#1355 = LINE ( 'NONE', #3248, #2978 ) ;
#1356 = DIRECTION ( 'NONE',  ( 1.000000000000000000, 0.000000000000000000, 0.000000000000000000 ) ) ;
#1357 = CARTESIAN_POINT ( 'NONE',  ( -14.00592448119571998, -2.000000000000000000, 0.9528761539826340332 ) ) ;
#1358 = DIRECTION ( 'NONE',  ( 0.000000000000000000, 0.000000000000000000, 1.000000000000000000 ) ) ;
#1359 = CIRCLE ( 'NONE', #1207, 2.500000000000000444 ) ;
#1360 = ORIENTED_EDGE ( 'NONE', *, *, #4454, .T. ) ;
#1361 = VERTEX_POINT ( 'NONE', #670 ) ;
#1362 = DIRECTION ( 'NONE',  ( 0.000000000000000000, 0.000000000000000000, 1.000000000000000000 ) ) ;
#1363 = CARTESIAN_POINT ( 'NONE',  ( 16.51733162954809586, 13.00000000000000000, -4.425805671227474036 ) ) ;
#1364 = AXIS2_PLACEMENT_3D ( 'NONE', #1641, #3830, #2733 ) ;
#1365 = VERTEX_POINT ( 'NONE', #4261 ) ;
#1366 = EDGE_CURVE ( 'NONE', #1567, #4160, #1749, .T. ) ;
#1367 = AXIS2_PLACEMENT_3D ( 'NONE', #3466, #4644, #935 ) ;
#1368 = CARTESIAN_POINT ( 'NONE',  ( 0.000000000000000000, 3.000000000000000000, 0.000000000000000000 ) ) ;
#1369 = LINE ( 'NONE', #577, #3678 ) ;
#1370 = DIRECTION ( 'NONE',  ( 0.000000000000000000, 0.000000000000000000, 1.000000000000000000 ) ) ;
#1371 = ORIENTED_EDGE ( 'NONE', *, *, #2107, .F. ) ;
#1372 = EDGE_CURVE ( 'NONE', #2809, #2255, #1006, .T. ) ;
#1373 = EDGE_CURVE ( 'NONE', #1909, #1361, #3980, .T. ) ;
#1374 = LINE ( 'NONE', #3946, #3292 ) ;
#1375 = LINE ( 'NONE', #9, #102 ) ;
#1376 = DIRECTION ( 'NONE',  ( 0.7071067811858829932, 0.000000000000000000, 0.7071067811872121522 ) ) ;
#1377 = CARTESIAN_POINT ( 'NONE',  ( 11.49945535769937877, -16.01280737409345178, -9.292926858941919832 ) ) ;
#1378 = EDGE_CURVE ( 'NONE', #3377, #1909, #1519, .T. ) ;
#1379 = EDGE_CURVE ( 'NONE', #2451, #761, #3957, .T. ) ;
#1380 = DIRECTION ( 'NONE',  ( 0.000000000000000000, -1.000000000000000000, 0.000000000000000000 ) ) ;
#1381 = DIRECTION ( 'NONE',  ( 0.000000000000000000, -1.000000000000000000, 0.000000000000000000 ) ) ;
#1382 = CARTESIAN_POINT ( 'NONE',  ( -22.05706760501695030, 3.000000000000000000, -9.459691785027230182 ) ) ;
#1383 = CARTESIAN_POINT ( 'NONE',  ( 3.752876153999289865, -2.000000000000000000, -14.00592448118869981 ) ) ;
#1384 = AXIS2_PLACEMENT_3D ( 'NONE', #4350, #3877, #4705 ) ;
#1385 = ORIENTED_EDGE ( 'NONE', *, *, #3881, .F. ) ;
#1386 = CARTESIAN_POINT ( 'NONE',  ( -14.37213498646821996, 3.000000000000000000, 19.22086720027834872 ) ) ;
#1387 = DIRECTION ( 'NONE',  ( 0.000000000000000000, -1.000000000000000000, 0.000000000000000000 ) ) ;
#1388 = EDGE_CURVE ( 'NONE', #4219, #2906, #4308, .T. ) ;
#1389 = VECTOR ( 'NONE', #474, 1000.000000000000000 ) ;
#1390 = DIRECTION ( 'NONE',  ( 0.000000000000000000, 1.000000000000000000, 0.000000000000000000 ) ) ;
#1391 = EDGE_CURVE ( 'NONE', #2055, #100, #4025, .T. ) ;
#1392 = LINE ( 'NONE', #4677, #3521 ) ;
#1393 = CARTESIAN_POINT ( 'NONE',  ( 3.156108234789909872, 4.000000000000000000, 11.40346354448010047 ) ) ;
#1394 = VERTEX_POINT ( 'NONE', #4402 ) ;
#1395 = CARTESIAN_POINT ( 'NONE',  ( 0.9093963225183560040, 7.000000000000000000, -15.38741903618920048 ) ) ;
#1396 = DIRECTION ( 'NONE',  ( 0.000000000000000000, 0.000000000000000000, 1.000000000000000000 ) ) ;
#1397 = CARTESIAN_POINT ( 'NONE',  ( -16.65346887701375067, -2.000000000000000000, -4.462283536795579764 ) ) ;
#1398 = EDGE_CURVE ( 'NONE', #4568, #34, #3646, .T. ) ;
#1399 = DIRECTION ( 'NONE',  ( 0.000000000000000000, -1.000000000000000000, 0.000000000000000000 ) ) ;
#1400 = AXIS2_PLACEMENT_3D ( 'NONE', #2272, #3058, #4451 ) ;
#1401 = AXIS2_PLACEMENT_3D ( 'NONE', #1112, #4039, #3285 ) ;
#1402 = LINE ( 'NONE', #2145, #2674 ) ;
#1403 = LINE ( 'NONE', #2873, #300 ) ;
#1404 = DIRECTION ( 'NONE',  ( 0.000000000000000000, 0.000000000000000000, -1.000000000000000000 ) ) ;
#1405 = CARTESIAN_POINT ( 'NONE',  ( 6.492905654926359738, 13.00000000000000000, 9.461713798683430099 ) ) ;
#1406 = CIRCLE ( 'NONE', #3220, 2.799999999992524913 ) ;
#1407 = ADVANCED_FACE ( 'NONE', ( #2600 ), #3616, .T. ) ;
#1408 = AXIS2_PLACEMENT_3D ( 'NONE', #4511, #1192, #1233 ) ;
#1409 = CIRCLE ( 'NONE', #1032, 2.500000000000000444 ) ;
#1410 = VERTEX_POINT ( 'NONE', #1498 ) ;
#1411 = PLANE ( 'NONE',  #4003 ) ;
#1412 = ORIENTED_EDGE ( 'NONE', *, *, #831, .F. ) ;
#1413 = CARTESIAN_POINT ( 'NONE',  ( -9.292926858961608971, 4.000000000000000000, 11.49945535768140026 ) ) ;
#1414 = ORIENTED_EDGE ( 'NONE', *, *, #3719, .F. ) ;
#1415 = CARTESIAN_POINT ( 'NONE',  ( -10.06986499670492030, 3.000000000000000000, 14.31250568379296162 ) ) ;
#1416 = CARTESIAN_POINT ( 'NONE',  ( -5.446258216054800642E-12, -2.000000000000000000, -5.446258216063890743E-12 ) ) ;
#1417 = VERTEX_POINT ( 'NONE', #2524 ) ;
#1418 = CARTESIAN_POINT ( 'NONE',  ( 10.25304832719691994, 13.00000000000000000, 10.25304832721533899 ) ) ;
#1419 = DIRECTION ( 'NONE',  ( 0.000000000000000000, 0.000000000000000000, -1.000000000000000000 ) ) ;
#1420 = VERTEX_POINT ( 'NONE', #4353 ) ;
#1421 = DIRECTION ( 'NONE',  ( 0.000000000000000000, 0.000000000000000000, -1.000000000000000000 ) ) ;
#1422 = CARTESIAN_POINT ( 'NONE',  ( 3.752876153999289865, 13.00000000000000000, -12.35592448118870124 ) ) ;
#1423 = EDGE_CURVE ( 'NONE', #4637, #4168, #4182, .T. ) ;
#1424 = DIRECTION ( 'NONE',  ( 0.000000000000000000, -1.000000000000000000, 0.000000000000000000 ) ) ;
#1425 = DIRECTION ( 'NONE',  ( 0.000000000000000000, 1.000000000000000000, 0.000000000000000000 ) ) ;
#1426 = DIRECTION ( 'NONE',  ( 0.000000000000000000, 0.000000000000000000, -1.000000000000000000 ) ) ;
#1427 = DIRECTION ( 'NONE',  ( 0.000000000000000000, -1.000000000000000000, 0.000000000000000000 ) ) ;
#1428 = EDGE_CURVE ( 'NONE', #2400, #3135, #3335, .T. ) ;
#1429 = VERTEX_POINT ( 'NONE', #4708 ) ;
#1430 = EDGE_CURVE ( 'NONE', #1200, #3837, #2132, .T. ) ;
#1431 = EDGE_LOOP ( 'NONE', ( #1720, #2982, #1986, #508 ) ) ;
#1432 = EDGE_CURVE ( 'NONE', #3913, #467, #153, .T. ) ;
#1433 = CARTESIAN_POINT ( 'NONE',  ( 2.870769207046929949, 13.00000000000000000, -17.76959999999040107 ) ) ;
#1434 = CIRCLE ( 'NONE', #1129, 2.999999999999999112 ) ;
#1435 = FACE_BOUND ( 'NONE', #1183, .T. ) ;
#1436 = CARTESIAN_POINT ( 'NONE',  ( 2.292628186187264827, 13.00000000000000000, -17.31599999999110295 ) ) ;
#1437 = EDGE_CURVE ( 'NONE', #976, #4120, #688, .T. ) ;
#1438 = CARTESIAN_POINT ( 'NONE',  ( -12.19118534026280010, 3.000000000000000000, 12.19118534023154155 ) ) ;
#1439 = ORIENTED_EDGE ( 'NONE', *, *, #2554, .T. ) ;
#1440 = DIRECTION ( 'NONE',  ( 0.000000000000000000, 0.000000000000000000, 1.000000000000000000 ) ) ;
#1441 = ORIENTED_EDGE ( 'NONE', *, *, #1897, .F. ) ;
#1442 = CARTESIAN_POINT ( 'NONE',  ( -14.00592448119571998, 1.100000000000000089, 3.752876153975159834 ) ) ;
#1443 = DIRECTION ( 'NONE',  ( 0.000000000000000000, -1.000000000000000000, 0.000000000000000000 ) ) ;
#1444 = CARTESIAN_POINT ( 'NONE',  ( 0.000000000000000000, 2.000000000000000000, -1.250000000000000000 ) ) ;
#1445 = LINE ( 'NONE', #2122, #548 ) ;
#1446 = CARTESIAN_POINT ( 'NONE',  ( 0.000000000000000000, 13.00000000000000000, 0.000000000000000000 ) ) ;
#1447 = CYLINDRICAL_SURFACE ( 'NONE', #2206, 2.499999999999999556 ) ;
#1448 = DIRECTION ( 'NONE',  ( 0.000000000000000000, 0.000000000000000000, 1.000000000000000000 ) ) ;
#1449 = ORIENTED_EDGE ( 'NONE', *, *, #1756, .F. ) ;
#1450 = CARTESIAN_POINT ( 'NONE',  ( -12.57561811315970068, 3.000000000000000000, 16.81825880024355158 ) ) ;
#1451 = EDGE_CURVE ( 'NONE', #1481, #4567, #4328, .T. ) ;
#1452 = VECTOR ( 'NONE', #3441, 1000.000000000000000 ) ;
#1453 = CIRCLE ( 'NONE', #1384, 2.500000000000000000 ) ;
#1454 = ORIENTED_EDGE ( 'NONE', *, *, #3513, .F. ) ;
#1455 = ORIENTED_EDGE ( 'NONE', *, *, #1341, .F. ) ;
#1456 = DIRECTION ( 'NONE',  ( 0.000000000000000000, -1.000000000000000000, 0.000000000000000000 ) ) ;
#1457 = DIRECTION ( 'NONE',  ( 0.000000000000000000, 1.000000000000000000, 0.000000000000000000 ) ) ;
#1458 = DIRECTION ( 'NONE',  ( 0.000000000000000000, -1.000000000000000000, 0.000000000000000000 ) ) ;
#1459 = AXIS2_PLACEMENT_3D ( 'NONE', #2265, #1226, #4134 ) ;
#1460 = CIRCLE ( 'NONE', #14, 0.4999999999999908962 ) ;
#1461 = ORIENTED_EDGE ( 'NONE', *, *, #1353, .F. ) ;
#1462 = VERTEX_POINT ( 'NONE', #2174 ) ;
#1463 = DIRECTION ( 'NONE',  ( 0.000000000000000000, 1.000000000000000000, 0.000000000000000000 ) ) ;
#1464 = ORIENTED_EDGE ( 'NONE', *, *, #2353, .F. ) ;
#1465 = DIRECTION ( 'NONE',  ( 0.000000000000000000, -1.000000000000000000, 0.000000000000000000 ) ) ;
#1466 = CARTESIAN_POINT ( 'NONE',  ( 3.752876153999289865, 13.00000000000000000, -14.00592448118869981 ) ) ;
#1467 = SURFACE_STYLE_FILL_AREA ( #377 ) ;
#1468 = ADVANCED_FACE ( 'NONE', ( #1094 ), #2555, .F. ) ;
#1469 = AXIS2_PLACEMENT_3D ( 'NONE', #2985, #1493, #4444 ) ;
#1470 = CARTESIAN_POINT ( 'NONE',  ( -4.462283536769159120, -2.000000000000000000, -16.65346887702055056 ) ) ;
#1471 = CARTESIAN_POINT ( 'NONE',  ( -4.425805671266068941, 7.000000000000000000, 16.51733162953355105 ) ) ;
#1472 = AXIS2_PLACEMENT_3D ( 'NONE', #1659, #4236, #3156 ) ;
#1473 = DIRECTION ( 'NONE',  ( 0.000000000000000000, 0.000000000000000000, 1.000000000000000000 ) ) ;
#1474 = CYLINDRICAL_SURFACE ( 'NONE', #3524, 12.99999999999999822 ) ;
#1475 = CIRCLE ( 'NONE', #1098, 1.599999999999999867 ) ;
#1476 = AXIS2_PLACEMENT_3D ( 'NONE', #2466, #3911, #3298 ) ;
#1477 = VERTEX_POINT ( 'NONE', #405 ) ;
#1478 = DIRECTION ( 'NONE',  ( 0.000000000000000000, 0.000000000000000000, 1.000000000000000000 ) ) ;
#1479 = AXIS2_PLACEMENT_3D ( 'NONE', #4159, #2447, #4553 ) ;
#1480 = AXIS2_PLACEMENT_3D ( 'NONE', #4345, #4372, #737 ) ;
#1481 = VERTEX_POINT ( 'NONE', #1405 ) ;
#1482 = VECTOR ( 'NONE', #3408, 1000.000000000000000 ) ;
#1483 = DIRECTION ( 'NONE',  ( 0.000000000000000000, 0.000000000000000000, 1.000000000000000000 ) ) ;
#1484 = EDGE_CURVE ( 'NONE', #3883, #3089, #1829, .T. ) ;
#1485 = DIRECTION ( 'NONE',  ( 0.000000000000000000, -1.000000000000000000, 0.000000000000000000 ) ) ;
#1486 = CARTESIAN_POINT ( 'NONE',  ( -19.29993415438984883, 3.000000000000000000, -8.277230311898829740 ) ) ;
#1487 = VERTEX_POINT ( 'NONE', #4377 ) ;
#1488 = ORIENTED_EDGE ( 'NONE', *, *, #3748, .T. ) ;
#1489 = ADVANCED_FACE ( 'NONE', ( #1119 ), #2220, .F. ) ;
#1490 = DIRECTION ( 'NONE',  ( 0.000000000000000000, 0.000000000000000000, -1.000000000000000000 ) ) ;
#1491 = EDGE_LOOP ( 'NONE', ( #1599, #1812, #1227, #30 ) ) ;
#1492 = ADVANCED_FACE ( 'NONE', ( #694 ), #3011, .T. ) ;
#1493 = DIRECTION ( 'NONE',  ( 0.000000000000000000, -1.000000000000000000, 0.000000000000000000 ) ) ;
#1494 = DIRECTION ( 'NONE',  ( 0.000000000000000000, -1.000000000000000000, 0.000000000000000000 ) ) ;
#1495 = LINE ( 'NONE', #2574, #3284 ) ;
#1496 = CARTESIAN_POINT ( 'NONE',  ( -13.79763841420004056, -16.01280737409345178, -8.847890945915480643 ) ) ;
#1497 = LINE ( 'NONE', #4024, #3868 ) ;
#1498 = CARTESIAN_POINT ( 'NONE',  ( -10.06986499670492030, -2.000000000000000000, 11.31250568379293853 ) ) ;
#1499 = VECTOR ( 'NONE', #2501, 1000.000000000000000 ) ;
#1500 = DIRECTION ( 'NONE',  ( 0.000000000000000000, -1.000000000000000000, 0.000000000000000000 ) ) ;
#1501 = ORIENTED_EDGE ( 'NONE', *, *, #909, .T. ) ;
#1502 = CARTESIAN_POINT ( 'NONE',  ( 4.440892098500625152E-13, 13.00000000000000000, 6.050715484207100722E-12 ) ) ;
#1503 = ORIENTED_EDGE ( 'NONE', *, *, #189, .T. ) ;
#1504 = ORIENTED_EDGE ( 'NONE', *, *, #4595, .F. ) ;
#1505 = DIRECTION ( 'NONE',  ( 0.000000000000000000, 0.000000000000000000, -1.000000000000000000 ) ) ;
#1506 = DIRECTION ( 'NONE',  ( 0.000000000000000000, 0.000000000000000000, 1.000000000000000000 ) ) ;
#1507 = CARTESIAN_POINT ( 'NONE',  ( 1.564506057902144809, 3.000000000000000000, 17.42992601232879935 ) ) ;
#1508 = VECTOR ( 'NONE', #2608, 1000.000000000000000 ) ;
#1509 = ADVANCED_FACE ( 'NONE', ( #1547 ), #1980, .T. ) ;
#1510 = ORIENTED_EDGE ( 'NONE', *, *, #399, .F. ) ;
#1511 = ORIENTED_EDGE ( 'NONE', *, *, #1903, .F. ) ;
#1512 = LINE ( 'NONE', #3653, #23 ) ;
#1513 = ORIENTED_EDGE ( 'NONE', *, *, #68, .F. ) ;
#1514 = CARTESIAN_POINT ( 'NONE',  ( 3.752876153999289865, 13.00000000000000000, -14.00592448118869981 ) ) ;
#1515 = CARTESIAN_POINT ( 'NONE',  ( 0.000000000000000000, 10.44999999999999929, 0.000000000000000000 ) ) ;
#1516 = EDGE_CURVE ( 'NONE', #1792, #4162, #419, .T. ) ;
#1517 = ORIENTED_EDGE ( 'NONE', *, *, #2420, .T. ) ;
#1518 = DIRECTION ( 'NONE',  ( 0.000000000000000000, 0.000000000000000000, -1.000000000000000000 ) ) ;
#1519 = CIRCLE ( 'NONE', #3030, 3.000000000000000000 ) ;
#1520 = VERTEX_POINT ( 'NONE', #2271 ) ;
#1521 = CARTESIAN_POINT ( 'NONE',  ( 6.912856090549380106, 13.00000000000000000, 9.190343882111898566 ) ) ;
#1522 = DIRECTION ( 'NONE',  ( 0.000000000000000000, -1.000000000000000000, 0.000000000000000000 ) ) ;
#1523 = CARTESIAN_POINT ( 'NONE',  ( -14.00592448119571998, 1.100000000000000089, 3.752876153975159834 ) ) ;
#1524 = EDGE_CURVE ( 'NONE', #19, #1010, #2321, .T. ) ;
#1525 = ORIENTED_EDGE ( 'NONE', *, *, #2639, .T. ) ;
#1526 = DIRECTION ( 'NONE',  ( 0.000000000000000000, 0.000000000000000000, 1.000000000000000000 ) ) ;
#1527 = CIRCLE ( 'NONE', #468, 2.250000000000000444 ) ;
#1528 = ADVANCED_FACE ( 'NONE', ( #4427 ), #2335, .T. ) ;
#1529 = VERTEX_POINT ( 'NONE', #3395 ) ;
#1530 = EDGE_LOOP ( 'NONE', ( #1414, #4104, #4085, #461 ) ) ;
#1531 = ORIENTED_EDGE ( 'NONE', *, *, #2157, .T. ) ;
#1532 = EDGE_CURVE ( 'NONE', #19, #2414, #1864, .T. ) ;
#1533 = DIRECTION ( 'NONE',  ( 0.000000000000000000, 0.000000000000000000, -1.000000000000000000 ) ) ;
#1534 = CIRCLE ( 'NONE', #3351, 18.00000000000000000 ) ;
#1535 = ORIENTED_EDGE ( 'NONE', *, *, #3403, .F. ) ;
#1536 = AXIS2_PLACEMENT_3D ( 'NONE', #1521, #2642, #4469 ) ;
#1537 = ORIENTED_EDGE ( 'NONE', *, *, #1532, .T. ) ;
#1538 = DIRECTION ( 'NONE',  ( 0.2588190451017146065, 0.000000000000000000, 0.9659258262892842506 ) ) ;
#1539 = VECTOR ( 'NONE', #1456, 1000.000000000000000 ) ;
#1540 = DIRECTION ( 'NONE',  ( 0.000000000000000000, 1.000000000000000000, 0.000000000000000000 ) ) ;
#1541 = CARTESIAN_POINT ( 'NONE',  ( 5.379452833000840428, 3.000000000000000000, 20.07639128971080211 ) ) ;
#1542 = CYLINDRICAL_SURFACE ( 'NONE', #3431, 2.250000000000000444 ) ;
#1543 = ORIENTED_EDGE ( 'NONE', *, *, #4466, .F. ) ;
#1544 = DIRECTION ( 'NONE',  ( -0.9659258262893115621, 0.000000000000000000, 0.2588190451016129101 ) ) ;
#1545 = EDGE_CURVE ( 'NONE', #1888, #4549, #268, .T. ) ;
#1546 = ORIENTED_EDGE ( 'NONE', *, *, #2995, .T. ) ;
#1547 = FACE_OUTER_BOUND ( 'NONE', #4340, .T. ) ;
#1548 = CARTESIAN_POINT ( 'NONE',  ( 16.37305085188800291, 7.000000000000000000, -0.7636791219474990955 ) ) ;
#1549 = AXIS2_PLACEMENT_3D ( 'NONE', #4176, #2740, #1622 ) ;
#1550 = CIRCLE ( 'NONE', #2621, 0.5000000000000000000 ) ;
#1551 = ORIENTED_EDGE ( 'NONE', *, *, #3031, .T. ) ;
#1552 = CARTESIAN_POINT ( 'NONE',  ( -14.00592448119571998, 1.100000000000000089, 0.9528761539826340332 ) ) ;
#1553 = CIRCLE ( 'NONE', #4442, 4.999999999999999112 ) ;
#1554 = ORIENTED_EDGE ( 'NONE', *, *, #831, .T. ) ;
#1555 = AXIS2_PLACEMENT_3D ( 'NONE', #945, #4529, #1293 ) ;
#1556 = AXIS2_PLACEMENT_3D ( 'NONE', #929, #1738, #3825 ) ;
#1557 = ORIENTED_EDGE ( 'NONE', *, *, #148, .F. ) ;
#1558 = AXIS2_PLACEMENT_3D ( 'NONE', #1109, #3578, #2864 ) ;
#1559 = DIRECTION ( 'NONE',  ( 0.000000000000000000, -1.000000000000000000, 0.000000000000000000 ) ) ;
#1560 = VERTEX_POINT ( 'NONE', #4141 ) ;
#1561 = VECTOR ( 'NONE', #3815, 1000.000000000000000 ) ;
#1562 = VERTEX_POINT ( 'NONE', #1613 ) ;
#1563 = CIRCLE ( 'NONE', #2739, 10.00000000000000000 ) ;
#1564 = DIRECTION ( 'NONE',  ( 0.000000000000000000, -1.000000000000000000, 0.000000000000000000 ) ) ;
#1565 = DIRECTION ( 'NONE',  ( 0.000000000000000000, 1.000000000000000000, 0.000000000000000000 ) ) ;
#1566 = DIRECTION ( 'NONE',  ( 0.000000000000000000, 0.000000000000000000, 1.000000000000000000 ) ) ;
#1567 = VERTEX_POINT ( 'NONE', #3780 ) ;
#1568 = FACE_OUTER_BOUND ( 'NONE', #4309, .T. ) ;
#1569 = EDGE_CURVE ( 'NONE', #2805, #1577, #4450, .T. ) ;
#1570 = DIRECTION ( 'NONE',  ( 0.000000000000000000, 1.000000000000000000, 0.000000000000000000 ) ) ;
#1571 = FACE_BOUND ( 'NONE', #3416, .T. ) ;
#1572 = EDGE_CURVE ( 'NONE', #3135, #354, #3418, .T. ) ;
#1573 = VERTEX_POINT ( 'NONE', #478 ) ;
#1574 = DIRECTION ( 'NONE',  ( 0.000000000000000000, 0.000000000000000000, -1.000000000000000000 ) ) ;
#1575 = EDGE_CURVE ( 'NONE', #1417, #240, #4470, .T. ) ;
#1576 = VERTEX_POINT ( 'NONE', #72 ) ;
#1577 = VERTEX_POINT ( 'NONE', #2643 ) ;
#1578 = EDGE_LOOP ( 'NONE', ( #3375, #3424, #3383, #2138, #4582, #3694, #4432, #4339, #3144 ) ) ;
#1579 = DIRECTION ( 'NONE',  ( -0.9659258262888520408, 0.000000000000000000, -0.2588190451033275385 ) ) ;
#1580 = ORIENTED_EDGE ( 'NONE', *, *, #1524, .T. ) ;
#1581 = VERTEX_POINT ( 'NONE', #433 ) ;
#1582 = ADVANCED_FACE ( 'NONE', ( #1261 ), #163, .F. ) ;
#1583 = DIRECTION ( 'NONE',  ( 0.000000000000000000, -1.000000000000000000, 0.000000000000000000 ) ) ;
#1584 = CIRCLE ( 'NONE', #4473, 2.299999999994954969 ) ;
#1585 = PLANE ( 'NONE',  #1690 ) ;
#1586 = EDGE_CURVE ( 'NONE', #4481, #4533, #1710, .T. ) ;
#1587 = ADVANCED_FACE ( 'NONE', ( #3709 ), #3057, .T. ) ;
#1588 = ORIENTED_EDGE ( 'NONE', *, *, #4101, .F. ) ;
#1589 = CARTESIAN_POINT ( 'NONE',  ( -15.87701174170375040, 3.000000000000000000, -7.360061015662139994 ) ) ;
#1590 = ORIENTED_EDGE ( 'NONE', *, *, #2294, .F. ) ;
#1591 = CARTESIAN_POINT ( 'NONE',  ( -2.241640712596424834, 4.000000000000000000, 15.97703223723370058 ) ) ;
#1592 = FACE_OUTER_BOUND ( 'NONE', #2208, .T. ) ;
#1593 = AXIS2_PLACEMENT_3D ( 'NONE', #4281, #1028, #3979 ) ;
#1594 = DIRECTION ( 'NONE',  ( 0.000000000000000000, 0.000000000000000000, 1.000000000000000000 ) ) ;
#1595 = CIRCLE ( 'NONE', #1983, 2.250000000000000444 ) ;
#1596 = AXIS2_PLACEMENT_3D ( 'NONE', #2875, #2892, #1473 ) ;
#1597 = DIRECTION ( 'NONE',  ( 0.000000000000000000, 1.000000000000000000, 0.000000000000000000 ) ) ;
#1598 = ORIENTED_EDGE ( 'NONE', *, *, #174, .F. ) ;
#1599 = ORIENTED_EDGE ( 'NONE', *, *, #3666, .F. ) ;
#1600 = CARTESIAN_POINT ( 'NONE',  ( -7.080123992924840515, -16.01280737409345178, -14.52987146124861972 ) ) ;
#1601 = VERTEX_POINT ( 'NONE', #817 ) ;
#1602 = VERTEX_POINT ( 'NONE', #2290 ) ;
#1603 = ORIENTED_EDGE ( 'NONE', *, *, #1799, .F. ) ;
#1604 = EDGE_CURVE ( 'NONE', #2857, #4230, #1960, .T. ) ;
#1605 = CARTESIAN_POINT ( 'NONE',  ( -4.425805671271993980, 13.00000000000000000, 16.51733162954329970 ) ) ;
#1606 = EDGE_LOOP ( 'NONE', ( #776, #3832, #3138, #3504 ) ) ;
#1607 = FACE_OUTER_BOUND ( 'NONE', #3647, .T. ) ;
#1608 = DIRECTION ( 'NONE',  ( 0.000000000000000000, 0.000000000000000000, 1.000000000000000000 ) ) ;
#1609 = AXIS2_PLACEMENT_3D ( 'NONE', #3900, #3586, #360 ) ;
#1610 = CARTESIAN_POINT ( 'NONE',  ( 8.931861529967430758E-12, 3.000000000000000000, -2.393285083853395459E-12 ) ) ;
#1611 = ORIENTED_EDGE ( 'NONE', *, *, #3755, .F. ) ;
#1612 = DIRECTION ( 'NONE',  ( 2.775557561562891351E-15, 0.000000000000000000, 1.000000000000000000 ) ) ;
#1613 = CARTESIAN_POINT ( 'NONE',  ( 6.612297130090730057, 7.000000000000000000, 8.790763713324698969 ) ) ;
#1614 = DIRECTION ( 'NONE',  ( 0.000000000000000000, 0.000000000000000000, 1.000000000000000000 ) ) ;
#1615 = AXIS2_PLACEMENT_3D ( 'NONE', #4421, #1167, #1189 ) ;
#1616 = DIRECTION ( 'NONE',  ( 0.000000000000000000, -1.000000000000000000, 0.000000000000000000 ) ) ;
#1617 = ORIENTED_EDGE ( 'NONE', *, *, #2907, .T. ) ;
#1618 = CYLINDRICAL_SURFACE ( 'NONE', #4197, 1.650000000000000355 ) ;
#1619 = VERTEX_POINT ( 'NONE', #858 ) ;
#1620 = ORIENTED_EDGE ( 'NONE', *, *, #1432, .F. ) ;
#1621 = ORIENTED_EDGE ( 'NONE', *, *, #2162, .F. ) ;
#1622 = DIRECTION ( 'NONE',  ( 1.156482317317871133E-15, 0.000000000000000000, -1.000000000000000000 ) ) ;
#1623 = DIRECTION ( 'NONE',  ( 0.000000000000000000, 0.000000000000000000, -1.000000000000000000 ) ) ;
#1624 = VECTOR ( 'NONE', #1752, 999.9999999999998863 ) ;
#1625 = ORIENTED_EDGE ( 'NONE', *, *, #3981, .T. ) ;
#1626 = ADVANCED_FACE ( 'NONE', ( #1592 ), #3898, .F. ) ;
#1627 = CARTESIAN_POINT ( 'NONE',  ( 0.000000000000000000, -2.000000000000000000, 27.50000000000000000 ) ) ;
#1628 = AXIS2_PLACEMENT_3D ( 'NONE', #1418, #4656, #708 ) ;
#1629 = CARTESIAN_POINT ( 'NONE',  ( -7.080123992924840515, 7.000000000000000000, -12.02987146124861795 ) ) ;
#1630 = AXIS2_PLACEMENT_3D ( 'NONE', #3003, #4130, #2324 ) ;
#1631 = ORIENTED_EDGE ( 'NONE', *, *, #303, .F. ) ;
#1632 = EDGE_CURVE ( 'NONE', #1978, #4127, #232, .T. ) ;
#1633 = CARTESIAN_POINT ( 'NONE',  ( -7.080123992924840515, 4.000000000000000000, -14.52987146124861972 ) ) ;
#1634 = ORIENTED_EDGE ( 'NONE', *, *, #887, .F. ) ;
#1635 = ORIENTED_EDGE ( 'NONE', *, *, #846, .T. ) ;
#1636 = DIRECTION ( 'NONE',  ( 0.000000000000000000, 0.000000000000000000, -1.000000000000000000 ) ) ;
#1637 = FACE_OUTER_BOUND ( 'NONE', #109, .T. ) ;
#1638 = DIRECTION ( 'NONE',  ( 0.9659258262888250623, 0.000000000000000000, 0.2588190451034285133 ) ) ;
#1639 = EDGE_CURVE ( 'NONE', #2805, #4710, #2022, .T. ) ;
#1640 = CARTESIAN_POINT ( 'NONE',  ( -8.435001680676270652, 4.000000000000000000, 8.297635003239978602 ) ) ;
#1641 = CARTESIAN_POINT ( 'NONE',  ( 0.000000000000000000, 3.000000000000000000, 0.000000000000000000 ) ) ;
#1642 = DIRECTION ( 'NONE',  ( 0.000000000000000000, -1.000000000000000000, 0.000000000000000000 ) ) ;
#1643 = ORIENTED_EDGE ( 'NONE', *, *, #2676, .T. ) ;
#1644 = EDGE_LOOP ( 'NONE', ( #396, #1693, #2032, #2250 ) ) ;
#1645 = EDGE_LOOP ( 'NONE', ( #2327, #1178, #3985, #2495 ) ) ;
#1646 = VECTOR ( 'NONE', #2784, 1000.000000000000000 ) ;
#1647 = DIRECTION ( 'NONE',  ( 0.000000000000000000, 0.000000000000000000, 1.000000000000000000 ) ) ;
#1648 = CYLINDRICAL_SURFACE ( 'NONE', #2175, 2.500000000000000444 ) ;
#1649 = DIRECTION ( 'NONE',  ( 0.000000000000000000, 0.000000000000000000, 1.000000000000000000 ) ) ;
#1650 = LINE ( 'NONE', #2090, #2171 ) ;
#1651 = EDGE_LOOP ( 'NONE', ( #1464, #3958, #4600, #873 ) ) ;
#1652 = CARTESIAN_POINT ( 'NONE',  ( -12.09152595827489840, 10.44999999999999929, -12.09152595829761800 ) ) ;
#1653 = ORIENTED_EDGE ( 'NONE', *, *, #2014, .T. ) ;
#1654 = AXIS2_PLACEMENT_3D ( 'NONE', #4115, #857, #2598 ) ;
#1655 = ORIENTED_EDGE ( 'NONE', *, *, #1378, .F. ) ;
#1656 = DIRECTION ( 'NONE',  ( 0.000000000000000000, 1.000000000000000000, 0.000000000000000000 ) ) ;
#1657 = CARTESIAN_POINT ( 'NONE',  ( -4.242640687123274468, 7.000000000000000000, 4.242640687115299514 ) ) ;
#1658 = EDGE_CURVE ( 'NONE', #1576, #2182, #878, .T. ) ;
#1659 = CARTESIAN_POINT ( 'NONE',  ( -11.75665040912342185, 7.000000000000000000, -7.353345045058829577 ) ) ;
#1660 = AXIS2_PLACEMENT_3D ( 'NONE', #4387, #1485, #2905 ) ;
#1661 = CARTESIAN_POINT ( 'NONE',  ( 2.836200404723414614, 3.000000000000000000, 23.83182677144674955 ) ) ;
#1662 = EDGE_LOOP ( 'NONE', ( #4555, #3243, #629, #4114 ) ) ;
#1663 = CARTESIAN_POINT ( 'NONE',  ( 3.752876153999289865, -2.000000000000000000, -14.00592448118869981 ) ) ;
#1664 = VERTEX_POINT ( 'NONE', #2453 ) ;
#1665 = ORIENTED_EDGE ( 'NONE', *, *, #3253, .F. ) ;
#1666 = ORIENTED_EDGE ( 'NONE', *, *, #717, .T. ) ;
#1667 = CARTESIAN_POINT ( 'NONE',  ( -8.277230311867999291, -2.000000000000000000, -19.29993415440305071 ) ) ;
#1668 = ORIENTED_EDGE ( 'NONE', *, *, #2353, .T. ) ;
#1669 = CIRCLE ( 'NONE', #1367, 24.00000000000000000 ) ;
#1670 = CARTESIAN_POINT ( 'NONE',  ( 0.000000000000000000, -2.000000000000000000, 0.000000000000000000 ) ) ;
#1671 = ORIENTED_EDGE ( 'NONE', *, *, #1373, .F. ) ;
#1672 = ORIENTED_EDGE ( 'NONE', *, *, #797, .F. ) ;
#1673 = VERTEX_POINT ( 'NONE', #1713 ) ;
#1674 = DIRECTION ( 'NONE',  ( 0.000000000000000000, 0.000000000000000000, -1.000000000000000000 ) ) ;
#1675 = CARTESIAN_POINT ( 'NONE',  ( 0.8921643422301500648, 13.00000000000000000, -11.44053734044719839 ) ) ;
#1676 = CARTESIAN_POINT ( 'NONE',  ( -14.00592448119571998, 13.00000000000000000, 3.752876153975159834 ) ) ;
#1677 = ORIENTED_EDGE ( 'NONE', *, *, #4246, .T. ) ;
#1678 = CARTESIAN_POINT ( 'NONE',  ( -4.425805671266068941, 2.474516600406095002, 16.51733162953355105 ) ) ;
#1679 = ORIENTED_EDGE ( 'NONE', *, *, #234, .F. ) ;
#1680 = DIRECTION ( 'NONE',  ( 0.000000000000000000, 0.000000000000000000, 1.000000000000000000 ) ) ;
#1681 = DIRECTION ( 'NONE',  ( 0.000000000000000000, 0.000000000000000000, -1.000000000000000000 ) ) ;
#1682 = EDGE_CURVE ( 'NONE', #602, #85, #3373, .T. ) ;
#1683 = CYLINDRICAL_SURFACE ( 'NONE', #559, 2.500000000000000444 ) ;
#1684 = AXIS2_PLACEMENT_3D ( 'NONE', #2899, #4356, #748 ) ;
#1685 = VECTOR ( 'NONE', #2228, 1000.000000000000000 ) ;
#1686 = EDGE_CURVE ( 'NONE', #3387, #465, #1300, .T. ) ;
#1687 = CARTESIAN_POINT ( 'NONE',  ( 16.81825880027384912, 3.000000000000000000, -12.57561811311916067 ) ) ;
#1688 = FACE_OUTER_BOUND ( 'NONE', #2342, .T. ) ;
#1689 = CARTESIAN_POINT ( 'NONE',  ( -8.277230311867999291, -2.000000000000000000, -22.29993415440305071 ) ) ;
#1690 = AXIS2_PLACEMENT_3D ( 'NONE', #1515, #3053, #2240 ) ;
#1691 = AXIS2_PLACEMENT_3D ( 'NONE', #1826, #15, #2241 ) ;
#1692 = ORIENTED_EDGE ( 'NONE', *, *, #797, .T. ) ;
#1693 = ORIENTED_EDGE ( 'NONE', *, *, #3179, .F. ) ;
#1694 = EDGE_CURVE ( 'NONE', #483, #1259, #2753, .T. ) ;
#1695 = ORIENTED_EDGE ( 'NONE', *, *, #4598, .F. ) ;
#1696 = DIRECTION ( 'NONE',  ( 0.000000000000000000, 1.000000000000000000, 0.000000000000000000 ) ) ;
#1697 = EDGE_LOOP ( 'NONE', ( #152, #920, #3882, #2686 ) ) ;
#1698 = CARTESIAN_POINT ( 'NONE',  ( 0.000000000000000000, 1.100000000000000089, 0.000000000000000000 ) ) ;
#1699 = CIRCLE ( 'NONE', #1937, 1.250000000000000000 ) ;
#1700 = DIRECTION ( 'NONE',  ( 0.000000000000000000, -1.000000000000000000, 0.000000000000000000 ) ) ;
#1701 = PLANE ( 'NONE',  #3559 ) ;
#1702 = EDGE_CURVE ( 'NONE', #3091, #2322, #4594, .T. ) ;
#1703 = CIRCLE ( 'NONE', #718, 0.5000000000000000000 ) ;
#1704 = DIRECTION ( 'NONE',  ( 2.081668171172168908E-15, 0.000000000000000000, 1.000000000000000000 ) ) ;
#1705 = VECTOR ( 'NONE', #3453, 1000.000000000000000 ) ;
#1706 = EDGE_LOOP ( 'NONE', ( #1918, #1122, #415, #3473 ) ) ;
#1707 = VECTOR ( 'NONE', #4008, 1000.000000000000000 ) ;
#1708 = CIRCLE ( 'NONE', #1555, 1.600000000000000755 ) ;
#1709 = CARTESIAN_POINT ( 'NONE',  ( 16.51733162954249678, 10.44999999999999929, -2.175805671237445171 ) ) ;
#1710 = CIRCLE ( 'NONE', #3912, 1.649999999999999911 ) ;
#1711 = ORIENTED_EDGE ( 'NONE', *, *, #3068, .F. ) ;
#1712 = FACE_OUTER_BOUND ( 'NONE', #2980, .T. ) ;
#1713 = CARTESIAN_POINT ( 'NONE',  ( 3.752876153999289865, 1.100000000000000089, -15.65592448118869839 ) ) ;
#1714 = CIRCLE ( 'NONE', #957, 10.00000000000000000 ) ;
#1715 = CARTESIAN_POINT ( 'NONE',  ( -5.795554957732480084, 4.000000000000000000, -1.552914270620439963 ) ) ;
#1716 = VECTOR ( 'NONE', #28, 1000.000000000000000 ) ;
#1717 = CARTESIAN_POINT ( 'NONE',  ( -14.92816230493646046, 13.00000000000000000, 1.107091175205354050 ) ) ;
#1718 = DIRECTION ( 'NONE',  ( 0.000000000000000000, 0.000000000000000000, 1.000000000000000000 ) ) ;
#1719 = DIRECTION ( 'NONE',  ( 0.000000000000000000, 0.000000000000000000, 1.000000000000000000 ) ) ;
#1720 = ORIENTED_EDGE ( 'NONE', *, *, #2682, .F. ) ;
#1721 = CYLINDRICAL_SURFACE ( 'NONE', #3797, 24.98000000000000043 ) ;
#1722 = ADVANCED_FACE ( 'NONE', ( #4235 ), #4256, .T. ) ;
#1723 = ORIENTED_EDGE ( 'NONE', *, *, #1569, .F. ) ;
#1724 = ORIENTED_EDGE ( 'NONE', *, *, #2222, .F. ) ;
#1725 = DIRECTION ( 'NONE',  ( -0.9659258262893112290, 0.000000000000000000, 0.2588190451016140758 ) ) ;
#1726 = DIRECTION ( 'NONE',  ( 0.000000000000000000, 0.000000000000000000, 1.000000000000000000 ) ) ;
#1727 = EDGE_CURVE ( 'NONE', #1203, #2712, #1000, .T. ) ;
#1728 = VERTEX_POINT ( 'NONE', #1022 ) ;
#1729 = DIRECTION ( 'NONE',  ( 0.000000000000000000, -1.000000000000000000, 0.000000000000000000 ) ) ;
#1730 = CARTESIAN_POINT ( 'NONE',  ( 16.51733162954249678, 10.44999999999999929, -4.425805671237439398 ) ) ;
#1731 = VECTOR ( 'NONE', #1494, 1000.000000000000000 ) ;
#1732 = CARTESIAN_POINT ( 'NONE',  ( 3.156108234789909872, 7.000000000000000000, 11.40346354448010047 ) ) ;
#1733 = ADVANCED_FACE ( 'NONE', ( #2046 ), #3483, .F. ) ;
#1734 = ORIENTED_EDGE ( 'NONE', *, *, #189, .F. ) ;
#1735 = FACE_BOUND ( 'NONE', #125, .T. ) ;
#1736 = ORIENTED_EDGE ( 'NONE', *, *, #3537, .F. ) ;
#1737 = LINE ( 'NONE', #2914, #4149 ) ;
#1738 = DIRECTION ( 'NONE',  ( 0.000000000000000000, 1.000000000000000000, 0.000000000000000000 ) ) ;
#1739 = DIRECTION ( 'NONE',  ( 0.000000000000000000, 0.000000000000000000, -1.000000000000000000 ) ) ;
#1740 = CARTESIAN_POINT ( 'NONE',  ( -8.343602425842540526, 3.000000000000000000, 11.85893328085889920 ) ) ;
#1741 = ORIENTED_EDGE ( 'NONE', *, *, #1014, .F. ) ;
#1742 = DIRECTION ( 'NONE',  ( 0.000000000000000000, 1.000000000000000000, 0.000000000000000000 ) ) ;
#1743 = CIRCLE ( 'NONE', #2280, 3.000000000000000888 ) ;
#1744 = ORIENTED_EDGE ( 'NONE', *, *, #3576, .F. ) ;
#1745 = AXIS2_PLACEMENT_3D ( 'NONE', #3614, #312, #3636 ) ;
#1746 = VERTEX_POINT ( 'NONE', #3539 ) ;
#1747 = DIRECTION ( 'NONE',  ( 0.000000000000000000, 1.000000000000000000, 0.000000000000000000 ) ) ;
#1748 = CARTESIAN_POINT ( 'NONE',  ( 12.19118534026090117, 3.000000000000000000, -12.19118534022963907 ) ) ;
#1749 = CIRCLE ( 'NONE', #2438, 4.999999999999999112 ) ;
#1750 = CARTESIAN_POINT ( 'NONE',  ( 14.60528389891874035, 4.000000000000000000, 2.298183056529814916 ) ) ;
#1751 = ADVANCED_FACE ( 'NONE', ( #2431 ), #285, .F. ) ;
#1752 = DIRECTION ( 'NONE',  ( 0.7071067811872121522, 0.000000000000000000, -0.7071067811858829932 ) ) ;
#1753 = CARTESIAN_POINT ( 'NONE',  ( 0.000000000000000000, 0.000000000000000000, 0.000000000000000000 ) ) ;
#1754 = ORIENTED_EDGE ( 'NONE', *, *, #2367, .T. ) ;
#1755 = DIRECTION ( 'NONE',  ( 0.000000000000000000, 1.000000000000000000, 0.000000000000000000 ) ) ;
#1756 = EDGE_CURVE ( 'NONE', #83, #486, #2405, .T. ) ;
#1757 = CARTESIAN_POINT ( 'NONE',  ( 2.997935364312719535E-15, 7.000000000000000000, 23.98000000000000043 ) ) ;
#1758 = AXIS2_PLACEMENT_3D ( 'NONE', #2129, #2442, #219 ) ;
#1759 = DIRECTION ( 'NONE',  ( -0.7071067811871375453, 0.000000000000000000, 0.7071067811859576002 ) ) ;
#1760 = DIRECTION ( 'NONE',  ( 0.000000000000000000, 0.000000000000000000, 1.000000000000000000 ) ) ;
#1761 = CARTESIAN_POINT ( 'NONE',  ( -14.37213498646821996, 3.000000000000000000, 19.22086720027834872 ) ) ;
#1762 = DIRECTION ( 'NONE',  ( 0.000000000000000000, -1.000000000000000000, 0.000000000000000000 ) ) ;
#1763 = LINE ( 'NONE', #3615, #4029 ) ;
#1764 = DIRECTION ( 'NONE',  ( 0.000000000000000000, 0.000000000000000000, 1.000000000000000000 ) ) ;
#1765 = VECTOR ( 'NONE', #1124, 1000.000000000000227 ) ;
#1766 = VECTOR ( 'NONE', #3010, 999.9999999999998863 ) ;
#1767 = EDGE_CURVE ( 'NONE', #3126, #4398, #3128, .T. ) ;
#1768 = AXIS2_PLACEMENT_3D ( 'NONE', #1090, #4259, #3514 ) ;
#1769 = VERTEX_POINT ( 'NONE', #1330 ) ;
#1770 = DIRECTION ( 'NONE',  ( 0.000000000000000000, -1.000000000000000000, 0.000000000000000000 ) ) ;
#1771 = EDGE_CURVE ( 'NONE', #489, #2154, #584, .T. ) ;
#1772 = DIRECTION ( 'NONE',  ( 0.000000000000000000, 1.000000000000000000, 0.000000000000000000 ) ) ;
#1773 = CARTESIAN_POINT ( 'NONE',  ( -5.795554957732480084, -16.01280737409345178, -1.552914270620439963 ) ) ;
#1774 = CYLINDRICAL_SURFACE ( 'NONE', #3295, 2.799999999993505462 ) ;
#1775 = ADVANCED_FACE ( 'NONE', ( #541 ), #564, .T. ) ;
#1776 = ORIENTED_EDGE ( 'NONE', *, *, #580, .F. ) ;
#1777 = VECTOR ( 'NONE', #3512, 1000.000000000000114 ) ;
#1778 = CARTESIAN_POINT ( 'NONE',  ( 0.000000000000000000, -2.000000000000000000, 0.000000000000000000 ) ) ;
#1779 = FACE_OUTER_BOUND ( 'NONE', #227, .T. ) ;
#1780 = CARTESIAN_POINT ( 'NONE',  ( 7.003539777745520389, 4.000000000000000000, -8.264630812108418212 ) ) ;
#1781 = CARTESIAN_POINT ( 'NONE',  ( -15.72981011290974784, 13.00000000000000000, 8.750604196962301629 ) ) ;
#1782 = AXIS2_PLACEMENT_3D ( 'NONE', #286, #565, #1023 ) ;
#1783 = ADVANCED_FACE ( 'NONE', ( #1637 ), #1120, .T. ) ;
#1784 = AXIS2_PLACEMENT_3D ( 'NONE', #2984, #3700, #735 ) ;
#1785 = CARTESIAN_POINT ( 'NONE',  ( -4.242640687123274468, -16.01280737409345178, 4.242640687115299514 ) ) ;
#1786 = DIRECTION ( 'NONE',  ( 0.000000000000000000, 0.000000000000000000, -1.000000000000000000 ) ) ;
#1787 = CARTESIAN_POINT ( 'NONE',  ( -10.58188092818446080, 13.00000000000000000, 4.502643226125169207 ) ) ;
#1788 = DIRECTION ( 'NONE',  ( 0.000000000000000000, 0.000000000000000000, 1.000000000000000000 ) ) ;
#1789 = CIRCLE ( 'NONE', #1479, 0.5000000000000004441 ) ;
#1790 = EDGE_CURVE ( 'NONE', #4674, #4412, #4020, .T. ) ;
#1791 = AXIS2_PLACEMENT_3D ( 'NONE', #87, #2238, #3287 ) ;
#1792 = VERTEX_POINT ( 'NONE', #2476 ) ;
#1793 = DIRECTION ( 'NONE',  ( 1.000000000000000000, 0.000000000000000000, 0.000000000000000000 ) ) ;
#1794 = ORIENTED_EDGE ( 'NONE', *, *, #1391, .F. ) ;
#1795 = EDGE_CURVE ( 'NONE', #2268, #2798, #3289, .T. ) ;
#1796 = DIRECTION ( 'NONE',  ( 1.000000000000000000, 0.000000000000000000, 0.000000000000000000 ) ) ;
#1797 = CARTESIAN_POINT ( 'NONE',  ( -11.93290069815052057, 4.000000000000000000, -9.847124473079249540 ) ) ;
#1798 = DIRECTION ( 'NONE',  ( -0.000000000000000000, 1.000000000000000000, 0.000000000000000000 ) ) ;
#1799 = EDGE_CURVE ( 'NONE', #2715, #2066, #2569, .T. ) ;
#1800 = ORIENTED_EDGE ( 'NONE', *, *, #1104, .T. ) ;
#1801 = CARTESIAN_POINT ( 'NONE',  ( 1.224646799147351876E-15, -2.000000000000000000, 10.00000000000000000 ) ) ;
#1802 = ORIENTED_EDGE ( 'NONE', *, *, #2540, .T. ) ;
#1803 = CARTESIAN_POINT ( 'NONE',  ( 2.481675354132989675, 3.000000000000000000, 20.85284842501589964 ) ) ;
#1804 = EDGE_CURVE ( 'NONE', #2414, #4175, #738, .T. ) ;
#1805 = CARTESIAN_POINT ( 'NONE',  ( 0.000000000000000000, 3.000000000000000000, 0.000000000000000000 ) ) ;
#1806 = DIRECTION ( 'NONE',  ( 0.000000000000000000, -1.000000000000000000, 0.000000000000000000 ) ) ;
#1807 = CYLINDRICAL_SURFACE ( 'NONE', #2897, 0.5000000000000000000 ) ;
#1808 = CARTESIAN_POINT ( 'NONE',  ( -11.75665040912342185, 4.000000000000000000, -7.353345045058829577 ) ) ;
#1809 = CYLINDRICAL_SURFACE ( 'NONE', #765, 13.00000000000000000 ) ;
#1810 = EDGE_CURVE ( 'NONE', #3282, #1487, #287, .T. ) ;
#1811 = CARTESIAN_POINT ( 'NONE',  ( 1.296305019404839998, 3.000000000000000000, 14.44193869593185831 ) ) ;
#1812 = ORIENTED_EDGE ( 'NONE', *, *, #2187, .F. ) ;
#1813 = CYLINDRICAL_SURFACE ( 'NONE', #1295, 11.00000000000000000 ) ;
#1814 = AXIS2_PLACEMENT_3D ( 'NONE', #2446, #2088, #3888 ) ;
#1815 = ORIENTED_EDGE ( 'NONE', *, *, #3045, .F. ) ;
#1816 = CYLINDRICAL_SURFACE ( 'NONE', #2825, 3.000000000000000000 ) ;
#1817 = CARTESIAN_POINT ( 'NONE',  ( -11.45374323804448125, 4.000000000000000000, -2.968461863819449764 ) ) ;
#1818 = EDGE_CURVE ( 'NONE', #3140, #4311, #897, .T. ) ;
#1819 = FACE_OUTER_BOUND ( 'NONE', #341, .T. ) ;
#1820 = ORIENTED_EDGE ( 'NONE', *, *, #445, .F. ) ;
#1821 = DIRECTION ( 'NONE',  ( -0.000000000000000000, 1.000000000000000000, 0.000000000000000000 ) ) ;
#1822 = EDGE_LOOP ( 'NONE', ( #1018, #4173, #775, #1287 ) ) ;
#1823 = DIRECTION ( 'NONE',  ( 0.000000000000000000, -1.000000000000000000, 0.000000000000000000 ) ) ;
#1824 = CARTESIAN_POINT ( 'NONE',  ( -8.843087208080271822, 4.000000000000000000, 4.669026518481900645 ) ) ;
#1825 = DIRECTION ( 'NONE',  ( 0.000000000000000000, -1.000000000000000000, 0.000000000000000000 ) ) ;
#1826 = CARTESIAN_POINT ( 'NONE',  ( -0.1166315092177653973, 7.000000000000000000, 13.95823628616395951 ) ) ;
#1827 = CARTESIAN_POINT ( 'NONE',  ( -10.06986499670492030, 3.000000000000000000, 14.31250568379296162 ) ) ;
#1828 = CARTESIAN_POINT ( 'NONE',  ( 2.481675354132989675, -2.000000000000000000, 20.85284842501589964 ) ) ;
#1829 = LINE ( 'NONE', #17, #767 ) ;
#1830 = LINE ( 'NONE', #3525, #1096 ) ;
#1831 = ADVANCED_FACE ( 'NONE', ( #2848 ), #663, .F. ) ;
#1832 = ORIENTED_EDGE ( 'NONE', *, *, #3456, .T. ) ;
#1833 = EDGE_LOOP ( 'NONE', ( #4409, #4426, #3520, #2116 ) ) ;
#1834 = ORIENTED_EDGE ( 'NONE', *, *, #3397, .T. ) ;
#1835 = DIRECTION ( 'NONE',  ( 0.000000000000000000, 1.000000000000000000, 0.000000000000000000 ) ) ;
#1836 = EDGE_CURVE ( 'NONE', #3410, #128, #4396, .T. ) ;
#1837 = AXIS2_PLACEMENT_3D ( 'NONE', #891, #1238, #1574 ) ;
#1838 = AXIS2_PLACEMENT_3D ( 'NONE', #2188, #4348, #1089 ) ;
#1839 = ORIENTED_EDGE ( 'NONE', *, *, #1575, .T. ) ;
#1840 = LINE ( 'NONE', #4385, #3271 ) ;
#1841 = DIRECTION ( 'NONE',  ( 0.2588190451016140758, 0.000000000000000000, 0.9659258262893112290 ) ) ;
#1842 = ORIENTED_EDGE ( 'NONE', *, *, #2682, .T. ) ;
#1843 = VERTEX_POINT ( 'NONE', #4000 ) ;
#1844 = CARTESIAN_POINT ( 'NONE',  ( 9.190343882090010297, 7.000000000000000000, 6.912856090576640078 ) ) ;
#1845 = VECTOR ( 'NONE', #4467, 1000.000000000000000 ) ;
#1846 = ORIENTED_EDGE ( 'NONE', *, *, #214, .T. ) ;
#1847 = ORIENTED_EDGE ( 'NONE', *, *, #1727, .T. ) ;
#1848 = EDGE_CURVE ( 'NONE', #1978, #1560, #438, .T. ) ;
#1849 = CARTESIAN_POINT ( 'NONE',  ( 2.481675354132989675, 3.000000000000000000, 20.85284842501589964 ) ) ;
#1850 = VERTEX_POINT ( 'NONE', #3608 ) ;
#1851 = CARTESIAN_POINT ( 'NONE',  ( -14.00592448119571998, 13.00000000000000000, 5.402876153975159745 ) ) ;
#1852 = CARTESIAN_POINT ( 'NONE',  ( -4.425805671266068941, 4.000000000000000000, 16.51733162953355105 ) ) ;
#1853 = FILL_AREA_STYLE_COLOUR ( '', #2089 ) ;
#1854 = EDGE_CURVE ( 'NONE', #1200, #4160, #3562, .T. ) ;
#1855 = DIRECTION ( 'NONE',  ( 0.000000000000000000, 1.000000000000000000, 0.000000000000000000 ) ) ;
#1856 = DIRECTION ( 'NONE',  ( 0.000000000000000000, -1.000000000000000000, 0.000000000000000000 ) ) ;
#1857 = AXIS2_PLACEMENT_3D ( 'NONE', #4703, #1806, #4303 ) ;
#1858 = DIRECTION ( 'NONE',  ( 0.000000000000000000, 1.000000000000000000, 0.000000000000000000 ) ) ;
#1859 = DIRECTION ( 'NONE',  ( 0.000000000000000000, 1.000000000000000000, 0.000000000000000000 ) ) ;
#1860 = AXIS2_PLACEMENT_3D ( 'NONE', #4464, #899, #4552 ) ;
#1861 = ORIENTED_EDGE ( 'NONE', *, *, #3965, .F. ) ;
#1862 = AXIS2_PLACEMENT_3D ( 'NONE', #1019, #3198, #2499 ) ;
#1863 = CARTESIAN_POINT ( 'NONE',  ( 4.440892098500625152E-13, 13.00000000000000000, 6.050715484207100722E-12 ) ) ;
#1864 = CIRCLE ( 'NONE', #3446, 11.00000000000000000 ) ;
#1865 = EDGE_CURVE ( 'NONE', #4162, #389, #2142, .T. ) ;
#1866 = VECTOR ( 'NONE', #1579, 1000.000000000000227 ) ;
#1867 = AXIS2_PLACEMENT_3D ( 'NONE', #3510, #257, #2002 ) ;
#1868 = VERTEX_POINT ( 'NONE', #3584 ) ;
#1869 = CARTESIAN_POINT ( 'NONE',  ( 8.790763713303510585, 13.00000000000000000, 6.612297130117049448 ) ) ;
#1870 = FACE_OUTER_BOUND ( 'NONE', #1209, .T. ) ;
#1871 = EDGE_CURVE ( 'NONE', #1952, #1932, #2114, .T. ) ;
#1872 = DIRECTION ( 'NONE',  ( 0.000000000000000000, 0.000000000000000000, -1.000000000000000000 ) ) ;
#1873 = ORIENTED_EDGE ( 'NONE', *, *, #4194, .F. ) ;
#1874 = ORIENTED_EDGE ( 'NONE', *, *, #2847, .F. ) ;
#1875 = DIRECTION ( 'NONE',  ( 0.000000000000000000, -1.000000000000000000, 0.000000000000000000 ) ) ;
#1876 = ORIENTED_EDGE ( 'NONE', *, *, #2308, .T. ) ;
#1877 = DIRECTION ( 'NONE',  ( 0.000000000000000000, 1.000000000000000000, 0.000000000000000000 ) ) ;
#1878 = ORIENTED_EDGE ( 'NONE', *, *, #2703, .F. ) ;
#1879 = DIRECTION ( 'NONE',  ( 0.000000000000000000, 0.000000000000000000, -1.000000000000000000 ) ) ;
#1880 = CLOSED_SHELL ( 'NONE', ( #3313, #97, #295, #2205, #4193, #1528, #806, #179, #1831, #2136, #4463, #2931, #3469, #250, #3693, #1468, #3496, #812, #2790, #4321, #320, #824, #2449, #2254, #3564, #1492, #3197, #1722, #4026, #2292, #4050, #1489, #301, #3782, #1783, #1155, #871, #1206, #2204, #4189, #879, #2416, #646, #4618, #410, #3258, #3348, #1962, #2406, #3723, #4654, #1913, #82, #1942, #821, #764, #701, #1137, #2328, #1345, #41, #3247, #1733, #2510, #1143, #4080, #4310, #3820, #356, #3704, #2454, #3612, #2553, #1080, #3378, #626, #3956, #3319, #3638, #2027, #282, #4334, #733, #4709, #1172, #3409, #2278, #2630, #3682, #1324, #1587, #2973, #2411, #3036, #2195, #309, #937, #1509, #2938, #1187, #1997, #4397, #181, #2775, #3565, #2347, #2361, #1582, #223, #2408, #4631, #636, #3303, #3897, #1310, #3611, #265, #3876, #3962, #995, #2287, #358, #2792, #2425, #3323, #1278, #1407, #1775, #4077, #3306, #2211, #507, #4169, #3169, #3903, #458, #4713, #2858, #3843, #1993, #1197, #4304, #1626, #1751, #1220, #2561, #3118 ) ) ;
#1881 = DIRECTION ( 'NONE',  ( 0.000000000000000000, -1.000000000000000000, 0.000000000000000000 ) ) ;
#1882 = ORIENTED_EDGE ( 'NONE', *, *, #1076, .T. ) ;
#1883 = DIRECTION ( 'NONE',  ( 0.000000000000000000, 0.000000000000000000, 1.000000000000000000 ) ) ;
#1884 = CARTESIAN_POINT ( 'NONE',  ( -14.00592448119571998, 1.100000000000000089, 3.752876153975159834 ) ) ;
#1885 = AXIS2_PLACEMENT_3D ( 'NONE', #209, #2186, #1046 ) ;
#1886 = LINE ( 'NONE', #2834, #1249 ) ;
#1887 = ORIENTED_EDGE ( 'NONE', *, *, #677, .F. ) ;
#1888 = VERTEX_POINT ( 'NONE', #2215 ) ;
#1889 = ORIENTED_EDGE ( 'NONE', *, *, #1865, .T. ) ;
#1890 = DIRECTION ( 'NONE',  ( 0.000000000000000000, 1.000000000000000000, 0.000000000000000000 ) ) ;
#1891 = ORIENTED_EDGE ( 'NONE', *, *, #3045, .T. ) ;
#1892 = ORIENTED_EDGE ( 'NONE', *, *, #4554, .F. ) ;
#1893 = EDGE_LOOP ( 'NONE', ( #906, #604, #788, #4081 ) ) ;
#1894 = ORIENTED_EDGE ( 'NONE', *, *, #2071, .T. ) ;
#1895 = CIRCLE ( 'NONE', #4317, 2.999999999999999112 ) ;
#1896 = CARTESIAN_POINT ( 'NONE',  ( 2.791025617962304750, 7.000000000000000000, -17.27599999999049984 ) ) ;
#1897 = EDGE_CURVE ( 'NONE', #1487, #1888, #2943, .T. ) ;
#1898 = ORIENTED_EDGE ( 'NONE', *, *, #1545, .F. ) ;
#1899 = DIRECTION ( 'NONE',  ( -0.2588190451033275941, 0.000000000000000000, 0.9659258262888521518 ) ) ;
#1900 = CONICAL_SURFACE ( 'NONE', #4245, 23.98000000000000043, 0.7853981633974532750 ) ;
#1901 = VERTEX_POINT ( 'NONE', #1397 ) ;
#1902 = ORIENTED_EDGE ( 'NONE', *, *, #2662, .T. ) ;
#1903 = EDGE_CURVE ( 'NONE', #1219, #4019, #3312, .T. ) ;
#1904 = CARTESIAN_POINT ( 'NONE',  ( 0.000000000000000000, -2.000000000000000000, 0.000000000000000000 ) ) ;
#1905 = DIRECTION ( 'NONE',  ( 0.000000000000000000, 0.000000000000000000, -1.000000000000000000 ) ) ;
#1906 = CARTESIAN_POINT ( 'NONE',  ( 10.25304832719689863, 1.100000000000000089, 7.453048327221840630 ) ) ;
#1907 = FACE_OUTER_BOUND ( 'NONE', #4393, .T. ) ;
#1908 = VECTOR ( 'NONE', #3268, 1000.000000000000000 ) ;
#1909 = VERTEX_POINT ( 'NONE', #2916 ) ;
#1910 = CARTESIAN_POINT ( 'NONE',  ( 6.912856090549380106, 13.00000000000000000, 9.190343882111898566 ) ) ;
#1911 = DIRECTION ( 'NONE',  ( 0.000000000000000000, 1.000000000000000000, 0.000000000000000000 ) ) ;
#1912 = DIRECTION ( 'NONE',  ( 0.000000000000000000, 0.000000000000000000, -1.000000000000000000 ) ) ;
#1913 = ADVANCED_FACE ( 'NONE', ( #4682 ), #2520, .T. ) ;
#1914 = EDGE_LOOP ( 'NONE', ( #1264, #3932 ) ) ;
#1915 = CYLINDRICAL_SURFACE ( 'NONE', #1302, 0.5000000000000004441 ) ;
#1916 = CIRCLE ( 'NONE', #1758, 1.649999999999998579 ) ;
#1917 = EDGE_CURVE ( 'NONE', #240, #2974, #4702, .T. ) ;
#1918 = ORIENTED_EDGE ( 'NONE', *, *, #2662, .F. ) ;
#1919 = ORIENTED_EDGE ( 'NONE', *, *, #4180, .F. ) ;
#1920 = CARTESIAN_POINT ( 'NONE',  ( -11.41549931669258022, 13.00000000000000000, 1.391537046074598161 ) ) ;
#1921 = VECTOR ( 'NONE', #4406, 1000.000000000000000 ) ;
#1922 = ORIENTED_EDGE ( 'NONE', *, *, #4389, .T. ) ;
#1923 = CIRCLE ( 'NONE', #932, 0.5000000000000004441 ) ;
#1924 = VERTEX_POINT ( 'NONE', #4347 ) ;
#1925 = PRODUCT ( '\X2\4fdd630167b6\X0\W3A', '\X2\4fdd630167b6\X0\W3A', '', ( #2104 ) ) ;
#1926 = DIRECTION ( 'NONE',  ( 0.000000000000000000, 0.000000000000000000, 1.000000000000000000 ) ) ;
#1927 = VECTOR ( 'NONE', #2307, 1000.000000000000114 ) ;
#1928 = DIRECTION ( 'NONE',  ( -0.7071067811859570451, 0.000000000000000000, -0.7071067811871379893 ) ) ;
#1929 = EDGE_CURVE ( 'NONE', #145, #3089, #2474, .T. ) ;
#1930 = ORIENTED_EDGE ( 'NONE', *, *, #1929, .T. ) ;
#1931 = DIRECTION ( 'NONE',  ( 0.000000000000000000, -1.000000000000000000, 0.000000000000000000 ) ) ;
#1932 = VERTEX_POINT ( 'NONE', #4088 ) ;
#1933 = DIRECTION ( 'NONE',  ( 0.000000000000000000, 0.000000000000000000, 1.000000000000000000 ) ) ;
#1934 = CARTESIAN_POINT ( 'NONE',  ( -14.69693845671758048, -2.000000000000000000, 14.69693845668214038 ) ) ;
#1935 = EDGE_CURVE ( 'NONE', #128, #2154, #2748, .T. ) ;
#1936 = CARTESIAN_POINT ( 'NONE',  ( -15.29287094310670092, 7.000000000000000000, 8.507531858157960869 ) ) ;
#1937 = AXIS2_PLACEMENT_3D ( 'NONE', #2869, #284, #2572 ) ;
#1938 = EDGE_CURVE ( 'NONE', #3699, #54, #2638, .T. ) ;
#1939 = ORIENTED_EDGE ( 'NONE', *, *, #366, .T. ) ;
#1940 = VERTEX_POINT ( 'NONE', #158 ) ;
#1941 = DIRECTION ( 'NONE',  ( 0.000000000000000000, 0.000000000000000000, -1.000000000000000000 ) ) ;
#1942 = ADVANCED_FACE ( 'NONE', ( #1976 ), #471, .F. ) ;
#1943 = CIRCLE ( 'NONE', #2167, 2.999999999999999112 ) ;
#1944 = EDGE_LOOP ( 'NONE', ( #1218, #1891, #2632, #2202 ) ) ;
#1945 = CIRCLE ( 'NONE', #3064, 14.50000000001340084 ) ;
#1946 = VECTOR ( 'NONE', #631, 999.9999999999998863 ) ;
#1947 = ORIENTED_EDGE ( 'NONE', *, *, #4502, .T. ) ;
#1948 = AXIS2_PLACEMENT_3D ( 'NONE', #1294, #536, #2745 ) ;
#1949 = DIRECTION ( 'NONE',  ( 0.000000000000000000, 0.000000000000000000, -1.000000000000000000 ) ) ;
#1950 = ORIENTED_EDGE ( 'NONE', *, *, #3017, .T. ) ;
#1951 = AXIS2_PLACEMENT_3D ( 'NONE', #1507, #2957, #1533 ) ;
#1952 = VERTEX_POINT ( 'NONE', #1906 ) ;
#1953 = CIRCLE ( 'NONE', #4604, 0.5000000000000004441 ) ;
#1954 = LINE ( 'NONE', #4203, #2624 ) ;
#1955 = DIRECTION ( 'NONE',  ( 0.000000000000000000, 1.000000000000000000, 0.000000000000000000 ) ) ;
#1956 = ORIENTED_EDGE ( 'NONE', *, *, #3031, .F. ) ;
#1957 = DIRECTION ( 'NONE',  ( 0.000000000000000000, 0.000000000000000000, 1.000000000000000000 ) ) ;
#1958 = ORIENTED_EDGE ( 'NONE', *, *, #162, .F. ) ;
#1959 = CYLINDRICAL_SURFACE ( 'NONE', #699, 1.599999999999999867 ) ;
#1960 = LINE ( 'NONE', #1934, #3758 ) ;
#1961 = CARTESIAN_POINT ( 'NONE',  ( -14.92816230493646046, 13.00000000000000000, 1.107091175205354050 ) ) ;
#1962 = ADVANCED_FACE ( 'NONE', ( #3007 ), #1165, .F. ) ;
#1963 = CARTESIAN_POINT ( 'NONE',  ( 1.552914270609370151, 4.000000000000000000, 5.795554957734689872 ) ) ;
#1964 = VERTEX_POINT ( 'NONE', #88 ) ;
#1965 = ORIENTED_EDGE ( 'NONE', *, *, #2157, .F. ) ;
#1966 = CARTESIAN_POINT ( 'NONE',  ( 7.003539777745520389, 4.000000000000000000, -8.264630812108418212 ) ) ;
#1967 = VERTEX_POINT ( 'NONE', #2617 ) ;
#1968 = ORIENTED_EDGE ( 'NONE', *, *, #527, .T. ) ;
#1969 = VERTEX_POINT ( 'NONE', #4066 ) ;
#1970 = VERTEX_POINT ( 'NONE', #3318 ) ;
#1971 = DIRECTION ( 'NONE',  ( 0.000000000000000000, 0.000000000000000000, 1.000000000000000000 ) ) ;
#1972 = ORIENTED_EDGE ( 'NONE', *, *, #1051, .T. ) ;
#1973 = ORIENTED_EDGE ( 'NONE', *, *, #1246, .T. ) ;
#1974 = CARTESIAN_POINT ( 'NONE',  ( 14.49431029698941842, 7.000000000000000000, -5.410632908896499949 ) ) ;
#1975 = VECTOR ( 'NONE', #2564, 1000.000000000000000 ) ;
#1976 = FACE_OUTER_BOUND ( 'NONE', #2298, .T. ) ;
#1977 = CARTESIAN_POINT ( 'NONE',  ( -13.79763841420334103, -16.01280737409345178, -5.312357039982729567 ) ) ;
#1978 = VERTEX_POINT ( 'NONE', #66 ) ;
#1979 = DIRECTION ( 'NONE',  ( 0.000000000000000000, 0.000000000000000000, -1.000000000000000000 ) ) ;
#1980 = CYLINDRICAL_SURFACE ( 'NONE', #725, 0.5000000000000004441 ) ;
#1981 = AXIS2_PLACEMENT_3D ( 'NONE', #4591, #4707, #313 ) ;
#1982 = DIRECTION ( 'NONE',  ( 0.000000000000000000, 0.000000000000000000, -1.000000000000000000 ) ) ;
#1983 = AXIS2_PLACEMENT_3D ( 'NONE', #3637, #404, #3230 ) ;
#1984 = AXIS2_PLACEMENT_3D ( 'NONE', #3231, #44, #2148 ) ;
#1985 = CARTESIAN_POINT ( 'NONE',  ( 15.46718419403264910, 4.000000000000000000, -4.144419513958909285 ) ) ;
#1986 = ORIENTED_EDGE ( 'NONE', *, *, #3590, .F. ) ;
#1987 = CARTESIAN_POINT ( 'NONE',  ( 16.81825880027384912, 3.000000000000000000, -12.57561811311916067 ) ) ;
#1988 = EDGE_CURVE ( 'NONE', #4168, #3998, #3725, .T. ) ;
#1989 = ORIENTED_EDGE ( 'NONE', *, *, #2971, .F. ) ;
#1990 = ORIENTED_EDGE ( 'NONE', *, *, #1037, .T. ) ;
#1991 = FACE_OUTER_BOUND ( 'NONE', #1893, .T. ) ;
#1992 = LINE ( 'NONE', #1270, #1561 ) ;
#1993 = ADVANCED_FACE ( 'NONE', ( #428 ), #3703, .F. ) ;
#1994 = ORIENTED_EDGE ( 'NONE', *, *, #121, .F. ) ;
#1995 = FACE_OUTER_BOUND ( 'NONE', #1288, .T. ) ;
#1996 = CARTESIAN_POINT ( 'NONE',  ( -12.09152595827489840, 4.000000000000000000, -12.09152595829761800 ) ) ;
#1997 = ADVANCED_FACE ( 'NONE', ( #811 ), #785, .T. ) ;
#1998 = EDGE_CURVE ( 'NONE', #1577, #2817, #13, .T. ) ;
#1999 = AXIS2_PLACEMENT_3D ( 'NONE', #2872, #288, #3951 ) ;
#2000 = CARTESIAN_POINT ( 'NONE',  ( -14.92816230493646046, 7.000000000000000000, 1.107091175205354050 ) ) ;
#2001 = ORIENTED_EDGE ( 'NONE', *, *, #3715, .F. ) ;
#2002 = DIRECTION ( 'NONE',  ( 0.000000000000000000, 0.000000000000000000, 1.000000000000000000 ) ) ;
#2003 = DIRECTION ( 'NONE',  ( 0.000000000000000000, -1.000000000000000000, 0.000000000000000000 ) ) ;
#2004 = DIRECTION ( 'NONE',  ( 0.000000000000000000, 0.000000000000000000, 1.000000000000000000 ) ) ;
#2005 = AXIS2_PLACEMENT_3D ( 'NONE', #1785, #3228, #4686 ) ;
#2006 = EDGE_CURVE ( 'NONE', #3628, #2589, #704, .T. ) ;
#2007 = CARTESIAN_POINT ( 'NONE',  ( 16.51733162954809586, 7.000000000000000000, -4.425805671227474036 ) ) ;
#2008 = PLANE ( 'NONE',  #2490 ) ;
#2009 = FACE_OUTER_BOUND ( 'NONE', #1645, .T. ) ;
#2010 = ORIENTED_EDGE ( 'NONE', *, *, #2852, .F. ) ;
#2011 = ORIENTED_EDGE ( 'NONE', *, *, #3663, .F. ) ;
#2012 = ORIENTED_EDGE ( 'NONE', *, *, #2649, .F. ) ;
#2013 = ORIENTED_EDGE ( 'NONE', *, *, #4404, .F. ) ;
#2014 = EDGE_CURVE ( 'NONE', #3137, #963, #4112, .T. ) ;
#2015 = DIRECTION ( 'NONE',  ( 0.000000000000000000, -1.000000000000000000, 0.000000000000000000 ) ) ;
#2016 = CARTESIAN_POINT ( 'NONE',  ( 15.46718419403264910, 4.000000000000000000, -4.144419513958909285 ) ) ;
#2017 = CIRCLE ( 'NONE', #2394, 2.500000000000000000 ) ;
#2018 = EDGE_CURVE ( 'NONE', #1664, #4254, #3976, .T. ) ;
#2019 = CARTESIAN_POINT ( 'NONE',  ( -14.89038704414983982, 7.000000000000000000, 8.804191108950000455 ) ) ;
#2020 = VECTOR ( 'NONE', #4680, 1000.000000000000000 ) ;
#2021 = DIRECTION ( 'NONE',  ( 0.000000000000000000, -1.000000000000000000, 0.000000000000000000 ) ) ;
#2022 = CIRCLE ( 'NONE', #4292, 0.5000000000000004441 ) ;
#2023 = CARTESIAN_POINT ( 'NONE',  ( 3.752876153999289865, -2.000000000000000000, -16.80592448118134996 ) ) ;
#2024 = EDGE_LOOP ( 'NONE', ( #1125, #2363 ) ) ;
#2025 = CARTESIAN_POINT ( 'NONE',  ( 5.795554957733430435, 4.000000000000000000, 1.552914270620700199 ) ) ;
#2026 = DIRECTION ( 'NONE',  ( 0.000000000000000000, -1.000000000000000000, 0.000000000000000000 ) ) ;
#2027 = ADVANCED_FACE ( 'NONE', ( #2675, #2656 ), #1585, .T. ) ;
#2028 = DIRECTION ( 'NONE',  ( 0.000000000000000000, -1.000000000000000000, 0.000000000000000000 ) ) ;
#2029 = CARTESIAN_POINT ( 'NONE',  ( -16.65346887701375067, -2.000000000000000000, -4.462283536795579764 ) ) ;
#2030 = LINE ( 'NONE', #960, #599 ) ;
#2031 = CARTESIAN_POINT ( 'NONE',  ( 4.462283536770000225, -2.000000000000000000, 16.65346887702364853 ) ) ;
#2032 = ORIENTED_EDGE ( 'NONE', *, *, #454, .F. ) ;
#2033 = ORIENTED_EDGE ( 'NONE', *, *, #740, .F. ) ;
#2034 = VERTEX_POINT ( 'NONE', #4486 ) ;
#2035 = VECTOR ( 'NONE', #4239, 1000.000000000000000 ) ;
#2036 = DIRECTION ( 'NONE',  ( 0.000000000000000000, 0.000000000000000000, 1.000000000000000000 ) ) ;
#2037 = CARTESIAN_POINT ( 'NONE',  ( 0.000000000000000000, 1.100000000000000089, 0.000000000000000000 ) ) ;
#2038 = DIRECTION ( 'NONE',  ( 0.000000000000000000, 0.000000000000000000, -1.000000000000000000 ) ) ;
#2039 = DIRECTION ( 'NONE',  ( 0.000000000000000000, 0.000000000000000000, 1.000000000000000000 ) ) ;
#2040 = DIRECTION ( 'NONE',  ( 1.000000000000000000, 0.000000000000000000, 0.000000000000000000 ) ) ;
#2041 = EDGE_CURVE ( 'NONE', #4284, #1601, #2305, .T. ) ;
#2042 = ORIENTED_EDGE ( 'NONE', *, *, #3996, .F. ) ;
#2043 = FACE_OUTER_BOUND ( 'NONE', #3701, .T. ) ;
#2044 = ORIENTED_EDGE ( 'NONE', *, *, #2893, .F. ) ;
#2045 = DIRECTION ( 'NONE',  ( 0.000000000000000000, 0.000000000000000000, -1.000000000000000000 ) ) ;
#2046 = FACE_OUTER_BOUND ( 'NONE', #3860, .T. ) ;
#2047 = DIRECTION ( 'NONE',  ( 0.000000000000000000, 1.000000000000000000, 0.000000000000000000 ) ) ;
#2048 = CIRCLE ( 'NONE', #4698, 1.649999999999999911 ) ;
#2049 = DIRECTION ( 'NONE',  ( 0.000000000000000000, 1.000000000000000000, 0.000000000000000000 ) ) ;
#2050 = ORIENTED_EDGE ( 'NONE', *, *, #2599, .T. ) ;
#2051 = FACE_OUTER_BOUND ( 'NONE', #1239, .T. ) ;
#2052 = EDGE_CURVE ( 'NONE', #1969, #1619, #860, .T. ) ;
#2053 = VERTEX_POINT ( 'NONE', #877 ) ;
#2054 = ORIENTED_EDGE ( 'NONE', *, *, #1040, .F. ) ;
#2055 = VERTEX_POINT ( 'NONE', #4609 ) ;
#2056 = FACE_OUTER_BOUND ( 'NONE', #1706, .T. ) ;
#2057 = ORIENTED_EDGE ( 'NONE', *, *, #1871, .F. ) ;
#2058 = EDGE_CURVE ( 'NONE', #4390, #2386, #4125, .T. ) ;
#2059 = CARTESIAN_POINT ( 'NONE',  ( 4.462283536770000225, 3.000000000000000000, 16.65346887702364853 ) ) ;
#2060 = CARTESIAN_POINT ( 'NONE',  ( -11.32276468004479852, -16.01280737409345178, -11.32276468006605974 ) ) ;
#2061 = LINE ( 'NONE', #3498, #4399 ) ;
#2062 = ORIENTED_EDGE ( 'NONE', *, *, #4290, .F. ) ;
#2063 = LINE ( 'NONE', #4249, #2550 ) ;
#2064 = ORIENTED_EDGE ( 'NONE', *, *, #1848, .T. ) ;
#2065 = DIRECTION ( 'NONE',  ( 0.000000000000000000, 1.000000000000000000, 0.000000000000000000 ) ) ;
#2066 = VERTEX_POINT ( 'NONE', #2375 ) ;
#2067 = DIRECTION ( 'NONE',  ( 0.000000000000000000, -1.000000000000000000, 0.000000000000000000 ) ) ;
#2068 = EDGE_CURVE ( 'NONE', #1417, #1394, #2253, .T. ) ;
#2069 = DIRECTION ( 'NONE',  ( 0.000000000000000000, -1.000000000000000000, 0.000000000000000000 ) ) ;
#2070 = DIRECTION ( 'NONE',  ( 0.000000000000000000, -1.000000000000000000, 0.000000000000000000 ) ) ;
#2071 = EDGE_CURVE ( 'NONE', #1843, #808, #3449, .T. ) ;
#2072 = CIRCLE ( 'NONE', #1684, 2.500000000000000444 ) ;
#2073 = VECTOR ( 'NONE', #637, 1000.000000000000000 ) ;
#2074 = DIRECTION ( 'NONE',  ( 0.000000000000000000, 1.000000000000000000, 0.000000000000000000 ) ) ;
#2075 = DIRECTION ( 'NONE',  ( -0.2588190451016140758, 0.000000000000000000, -0.9659258262893112290 ) ) ;
#2076 = LINE ( 'NONE', #4622, #4531 ) ;
#2077 = EDGE_CURVE ( 'NONE', #4412, #4019, #4145, .T. ) ;
#2078 = CARTESIAN_POINT ( 'NONE',  ( 9.190343882090010297, 7.000000000000000000, 6.412856090576640966 ) ) ;
#2079 = CIRCLE ( 'NONE', #1013, 3.000000000000000888 ) ;
#2080 = EDGE_LOOP ( 'NONE', ( #93, #3240, #2357, #4578 ) ) ;
#2081 = ORIENTED_EDGE ( 'NONE', *, *, #4610, .F. ) ;
#2082 = CARTESIAN_POINT ( 'NONE',  ( 0.000000000000000000, 2.000000000000000000, 0.000000000000000000 ) ) ;
#2083 = ORIENTED_EDGE ( 'NONE', *, *, #148, .T. ) ;
#2084 = EDGE_CURVE ( 'NONE', #4384, #3708, #2354, .T. ) ;
#2085 = DIRECTION ( 'NONE',  ( 0.000000000000000000, -1.000000000000000000, 0.000000000000000000 ) ) ;
#2086 = VERTEX_POINT ( 'NONE', #4504 ) ;
#2087 = CARTESIAN_POINT ( 'NONE',  ( 3.752876153999289865, 1.100000000000000089, -12.35592448118870124 ) ) ;
#2088 = DIRECTION ( 'NONE',  ( 0.000000000000000000, -1.000000000000000000, 0.000000000000000000 ) ) ;
#2089 = COLOUR_RGB ( '',0.7921568627450980005, 0.8196078431372548767, 0.9333333333333333481 ) ;
#2090 = CARTESIAN_POINT ( 'NONE',  ( 11.85893328088027943, 3.000000000000000000, -8.343602425812150614 ) ) ;
#2091 = VECTOR ( 'NONE', #3530, 1000.000000000000000 ) ;
#2092 = ORIENTED_EDGE ( 'NONE', *, *, #4452, .F. ) ;
#2093 = AXIS2_PLACEMENT_3D ( 'NONE', #3012, #2661, #479 ) ;
#2094 = DIRECTION ( 'NONE',  ( 0.000000000000000000, -1.000000000000000000, 0.000000000000000000 ) ) ;
#2095 = VECTOR ( 'NONE', #2781, 1000.000000000000227 ) ;
#2096 = ORIENTED_EDGE ( 'NONE', *, *, #1767, .T. ) ;
#2097 = CARTESIAN_POINT ( 'NONE',  ( -14.92816230493646046, 13.00000000000000000, 0.6070911752053550492 ) ) ;
#2098 = CARTESIAN_POINT ( 'NONE',  ( 3.752876153999289865, 1.100000000000000089, -14.00592448118869981 ) ) ;
#2099 = AXIS2_PLACEMENT_3D ( 'NONE', #2882, #3216, #2496 ) ;
#2100 = LINE ( 'NONE', #955, #3136 ) ;
#2101 = VECTOR ( 'NONE', #355, 1000.000000000000000 ) ;
#2102 = VECTOR ( 'NONE', #2085, 1000.000000000000000 ) ;
#2103 = CARTESIAN_POINT ( 'NONE',  ( 0.9093963225183560040, 13.00000000000000000, -15.38741903618920048 ) ) ;
#2104 = PRODUCT_CONTEXT ( 'NONE', #2397, 'mechanical' ) ;
#2105 = CARTESIAN_POINT ( 'NONE',  ( 0.000000000000000000, 6.000000000000000000, 0.000000000000000000 ) ) ;
#2106 = LINE ( 'NONE', #961, #2362 ) ;
#2107 = EDGE_CURVE ( 'NONE', #903, #884, #4596, .T. ) ;
#2108 = ORIENTED_EDGE ( 'NONE', *, *, #1173, .T. ) ;
#2109 = CARTESIAN_POINT ( 'NONE',  ( -10.06986499670492030, 3.000000000000000000, 14.31250568379296162 ) ) ;
#2110 = DIRECTION ( 'NONE',  ( 0.000000000000000000, 0.000000000000000000, 1.000000000000000000 ) ) ;
#2111 = ORIENTED_EDGE ( 'NONE', *, *, #39, .F. ) ;
#2112 = CARTESIAN_POINT ( 'NONE',  ( -4.425805671266068941, 7.000000000000000000, 14.91733162953354075 ) ) ;
#2113 = CARTESIAN_POINT ( 'NONE',  ( -15.38741903619775009, 7.000000000000000000, 0.9093963224872910756 ) ) ;
#2114 = CIRCLE ( 'NONE', #2710, 2.799999999993505462 ) ;
#2115 = CARTESIAN_POINT ( 'NONE',  ( 8.507531858188388085, 13.00000000000000000, -15.29287094308104855 ) ) ;
#2116 = ORIENTED_EDGE ( 'NONE', *, *, #4119, .T. ) ;
#2117 = DIRECTION ( 'NONE',  ( 0.000000000000000000, -1.000000000000000000, 0.000000000000000000 ) ) ;
#2118 = DIRECTION ( 'NONE',  ( 0.000000000000000000, 1.000000000000000000, 0.000000000000000000 ) ) ;
#2119 = DIRECTION ( 'NONE',  ( 0.000000000000000000, -1.000000000000000000, 0.000000000000000000 ) ) ;
#2120 = LINE ( 'NONE', #585, #3827 ) ;
#2121 = AXIS2_PLACEMENT_3D ( 'NONE', #1232, #835, #3344 ) ;
#2122 = CARTESIAN_POINT ( 'NONE',  ( -14.92816230493646046, 13.00000000000000000, 0.6070911752053550492 ) ) ;
#2123 = DIRECTION ( 'NONE',  ( -0.9659258262888252844, 0.000000000000000000, -0.2588190451034276252 ) ) ;
#2124 = FACE_OUTER_BOUND ( 'NONE', #4380, .T. ) ;
#2125 = CYLINDRICAL_SURFACE ( 'NONE', #2590, 2.250000000000000444 ) ;
#2126 = CIRCLE ( 'NONE', #67, 2.249999999999998668 ) ;
#2127 = AXIS2_PLACEMENT_3D ( 'NONE', #2007, #2435, #567 ) ;
#2128 = ORIENTED_EDGE ( 'NONE', *, *, #3388, .F. ) ;
#2129 = CARTESIAN_POINT ( 'NONE',  ( 3.752876153999289865, 1.100000000000000089, -14.00592448118869981 ) ) ;
#2130 = EDGE_CURVE ( 'NONE', #1477, #1888, #1714, .T. ) ;
#2131 = EDGE_LOOP ( 'NONE', ( #674, #1535, #3392, #3778 ) ) ;
#2132 = CIRCLE ( 'NONE', #2808, 4.999999999999999112 ) ;
#2133 = FACE_OUTER_BOUND ( 'NONE', #3892, .T. ) ;
#2134 = CARTESIAN_POINT ( 'NONE',  ( -4.425805671266068941, 7.000000000000000000, 18.76733162953355105 ) ) ;
#2135 = VERTEX_POINT ( 'NONE', #252 ) ;
#2136 = ADVANCED_FACE ( 'NONE', ( #3432 ), #3890, .F. ) ;
#2137 = DIRECTION ( 'NONE',  ( 0.000000000000000000, 1.000000000000000000, 0.000000000000000000 ) ) ;
#2138 = ORIENTED_EDGE ( 'NONE', *, *, #2486, .T. ) ;
#2139 = CARTESIAN_POINT ( 'NONE',  ( 14.66132338209818009, -16.01280737409345178, -7.151933007938380271 ) ) ;
#2140 = CYLINDRICAL_SURFACE ( 'NONE', #2315, 27.50000000000000000 ) ;
#2141 = AXIS2_PLACEMENT_3D ( 'NONE', #2198, #47, #1147 ) ;
#2142 = LINE ( 'NONE', #37, #49 ) ;
#2143 = EDGE_CURVE ( 'NONE', #1868, #579, #3455, .T. ) ;
#2144 = LINE ( 'NONE', #3657, #3593 ) ;
#2145 = CARTESIAN_POINT ( 'NONE',  ( 1.564506057902144809, 3.000000000000000000, 14.42992601232880112 ) ) ;
#2146 = DIRECTION ( 'NONE',  ( 0.000000000000000000, 0.000000000000000000, -1.000000000000000000 ) ) ;
#2147 = CARTESIAN_POINT ( 'NONE',  ( -20.07639128969984910, 3.000000000000000000, -5.379452833032269510 ) ) ;
#2148 = DIRECTION ( 'NONE',  ( 0.000000000000000000, 0.000000000000000000, 1.000000000000000000 ) ) ;
#2149 = AXIS2_PLACEMENT_3D ( 'NONE', #1987, #4519, #3016 ) ;
#2150 = AXIS2_PLACEMENT_3D ( 'NONE', #4186, #563, #4614 ) ;
#2151 = AXIS2_PLACEMENT_3D ( 'NONE', #4247, #3212, #3116 ) ;
#2152 = ORIENTED_EDGE ( 'NONE', *, *, #2162, .T. ) ;
#2153 = DIRECTION ( 'NONE',  ( 0.000000000000000000, -1.000000000000000000, 0.000000000000000000 ) ) ;
#2154 = VERTEX_POINT ( 'NONE', #1732 ) ;
#2155 = CARTESIAN_POINT ( 'NONE',  ( 2.292628186187264827, 13.00000000000000000, -17.31599999999110295 ) ) ;
#2156 = FACE_OUTER_BOUND ( 'NONE', #2612, .T. ) ;
#2157 = EDGE_CURVE ( 'NONE', #1602, #95, #1409, .T. ) ;
#2158 = ORIENTED_EDGE ( 'NONE', *, *, #4177, .T. ) ;
#2159 = AXIS2_PLACEMENT_3D ( 'NONE', #448, #61, #2717 ) ;
#2160 = DIRECTION ( 'NONE',  ( 0.000000000000000000, 0.000000000000000000, -1.000000000000000000 ) ) ;
#2161 = VERTEX_POINT ( 'NONE', #578 ) ;
#2162 = EDGE_CURVE ( 'NONE', #4669, #1792, #2063, .T. ) ;
#2163 = AXIS2_PLACEMENT_3D ( 'NONE', #1280, #2729, #4188 ) ;
#2164 = DIRECTION ( 'NONE',  ( 0.000000000000000000, -1.000000000000000000, 0.000000000000000000 ) ) ;
#2165 = DIRECTION ( 'NONE',  ( 0.000000000000000000, -1.000000000000000000, 0.000000000000000000 ) ) ;
#2166 = DIRECTION ( 'NONE',  ( 0.000000000000000000, 1.000000000000000000, 0.000000000000000000 ) ) ;
#2167 = AXIS2_PLACEMENT_3D ( 'NONE', #2247, #276, #406 ) ;
#2168 = VECTOR ( 'NONE', #4111, 1000.000000000000000 ) ;
#2169 = AXIS2_PLACEMENT_3D ( 'NONE', #3082, #1376, #2821 ) ;
#2170 = PLANE ( 'NONE',  #2005 ) ;
#2171 = VECTOR ( 'NONE', #1252, 1000.000000000000000 ) ;
#2172 = CYLINDRICAL_SURFACE ( 'NONE', #1745, 2.999999999999999112 ) ;
#2173 = DIRECTION ( 'NONE',  ( 0.000000000000000000, -1.000000000000000000, 0.000000000000000000 ) ) ;
#2174 = CARTESIAN_POINT ( 'NONE',  ( -14.92816230493646046, 7.000000000000000000, 0.6070911752053550492 ) ) ;
#2175 = AXIS2_PLACEMENT_3D ( 'NONE', #2348, #3093, #1292 ) ;
#2176 = EDGE_CURVE ( 'NONE', #3968, #354, #269, .T. ) ;
#2177 = ORIENTED_EDGE ( 'NONE', *, *, #2486, .F. ) ;
#2178 = DIRECTION ( 'NONE',  ( 0.000000000000000000, 1.000000000000000000, 0.000000000000000000 ) ) ;
#2179 = DIRECTION ( 'NONE',  ( 0.000000000000000000, -1.000000000000000000, 0.000000000000000000 ) ) ;
#2180 = DIRECTION ( 'NONE',  ( 0.000000000000000000, 1.000000000000000000, 0.000000000000000000 ) ) ;
#2181 = DIRECTION ( 'NONE',  ( 0.000000000000000000, 1.000000000000000000, 0.000000000000000000 ) ) ;
#2182 = VERTEX_POINT ( 'NONE', #3098 ) ;
#2183 = CARTESIAN_POINT ( 'NONE',  ( 0.000000000000000000, 7.000000000000000000, 0.000000000000000000 ) ) ;
#2184 = ORIENTED_EDGE ( 'NONE', *, *, #2440, .T. ) ;
#2185 = DIRECTION ( 'NONE',  ( 0.000000000000000000, 0.000000000000000000, -1.000000000000000000 ) ) ;
#2186 = DIRECTION ( 'NONE',  ( 0.000000000000000000, -1.000000000000000000, 0.000000000000000000 ) ) ;
#2187 = EDGE_CURVE ( 'NONE', #2990, #781, #1650, .T. ) ;
#2188 = CARTESIAN_POINT ( 'NONE',  ( 7.003539777745520389, 4.000000000000000000, -13.26463081210841999 ) ) ;
#2189 = LINE ( 'NONE', #3635, #2830 ) ;
#2190 = CARTESIAN_POINT ( 'NONE',  ( 2.791025617962304750, 7.000000000000000000, -17.27599999999049984 ) ) ;
#2191 = LINE ( 'NONE', #4376, #989 ) ;
#2192 = DIRECTION ( 'NONE',  ( 0.000000000000000000, 1.000000000000000000, 0.000000000000000000 ) ) ;
#2193 = EDGE_CURVE ( 'NONE', #483, #3387, #1789, .T. ) ;
#2194 = DIRECTION ( 'NONE',  ( 0.000000000000000000, 0.000000000000000000, 1.000000000000000000 ) ) ;
#2195 = ADVANCED_FACE ( 'NONE', ( #3148, #900 ), #4204, .T. ) ;
#2196 = AXIS2_PLACEMENT_3D ( 'NONE', #1127, #1457, #862 ) ;
#2197 = ORIENTED_EDGE ( 'NONE', *, *, #523, .T. ) ;
#2198 = CARTESIAN_POINT ( 'NONE',  ( 0.000000000000000000, 0.000000000000000000, 0.000000000000000000 ) ) ;
#2199 = PRODUCT_DEFINITION_FORMATION_WITH_SPECIFIED_SOURCE ( 'å¯', '', #1925, .NOT_KNOWN. ) ;
#2200 = ORIENTED_EDGE ( 'NONE', *, *, #4129, .F. ) ;
#2201 = FACE_BOUND ( 'NONE', #2842, .T. ) ;
#2202 = ORIENTED_EDGE ( 'NONE', *, *, #3602, .T. ) ;
#2203 = CARTESIAN_POINT ( 'NONE',  ( -14.00592448119571998, 1.100000000000000089, 5.402876153975159745 ) ) ;
#2204 = ADVANCED_FACE ( 'NONE', ( #3478 ), #225, .F. ) ;
#2205 = ADVANCED_FACE ( 'NONE', ( #1321 ), #2773, .T. ) ;
#2206 = AXIS2_PLACEMENT_3D ( 'NONE', #3267, #16, #1404 ) ;
#2207 = FACE_OUTER_BOUND ( 'NONE', #2293, .T. ) ;
#2208 = EDGE_LOOP ( 'NONE', ( #371, #1241, #3969, #1590 ) ) ;
#2209 = CIRCLE ( 'NONE', #531, 2.799999999992634603 ) ;
#2210 = CARTESIAN_POINT ( 'NONE',  ( 0.000000000000000000, -2.000000000000000000, 0.000000000000000000 ) ) ;
#2211 = ADVANCED_FACE ( 'NONE', ( #2815 ), #1774, .F. ) ;
#2212 = ORIENTED_EDGE ( 'NONE', *, *, #1379, .F. ) ;
#2213 = CARTESIAN_POINT ( 'NONE',  ( -11.45374323804448125, -16.01280737409345178, -2.968461863819449764 ) ) ;
#2214 = ORIENTED_EDGE ( 'NONE', *, *, #4714, .T. ) ;
#2215 = CARTESIAN_POINT ( 'NONE',  ( -8.843087208080261163, 4.000000000000000000, 4.669026518481889987 ) ) ;
#2216 = DIRECTION ( 'NONE',  ( 0.000000000000000000, 0.000000000000000000, -1.000000000000000000 ) ) ;
#2217 = EDGE_CURVE ( 'NONE', #3867, #669, #4367, .T. ) ;
#2218 = LINE ( 'NONE', #4447, #1389 ) ;
#2219 = DIRECTION ( 'NONE',  ( 0.000000000000000000, 1.000000000000000000, 0.000000000000000000 ) ) ;
#2220 = CYLINDRICAL_SURFACE ( 'NONE', #3293, 1.600000000000000755 ) ;
#2221 = DIRECTION ( 'NONE',  ( -0.2588190451017146065, 0.000000000000000000, -0.9659258262892842506 ) ) ;
#2222 = EDGE_CURVE ( 'NONE', #2974, #1200, #3994, .T. ) ;
#2223 = EDGE_LOOP ( 'NONE', ( #2062, #4474, #1692, #344 ) ) ;
#2224 = DIRECTION ( 'NONE',  ( 0.000000000000000000, 0.000000000000000000, 1.000000000000000000 ) ) ;
#2225 = ORIENTED_EDGE ( 'NONE', *, *, #4689, .T. ) ;
#2226 = AXIS2_PLACEMENT_3D ( 'NONE', #3278, #440, #2607 ) ;
#2227 = ORIENTED_EDGE ( 'NONE', *, *, #943, .F. ) ;
#2228 = DIRECTION ( 'NONE',  ( 0.000000000000000000, -1.000000000000000000, 0.000000000000000000 ) ) ;
#2229 = ORIENTED_EDGE ( 'NONE', *, *, #2703, .T. ) ;
#2230 = DIRECTION ( 'NONE',  ( 0.000000000000000000, -1.000000000000000000, 0.000000000000000000 ) ) ;
#2231 = EDGE_CURVE ( 'NONE', #4230, #1581, #4296, .T. ) ;
#2232 = ORIENTED_EDGE ( 'NONE', *, *, #2193, .T. ) ;
#2233 = CARTESIAN_POINT ( 'NONE',  ( -4.425805671271993980, 13.00000000000000000, 16.51733162954329970 ) ) ;
#2234 = ORIENTED_EDGE ( 'NONE', *, *, #4021, .T. ) ;
#2235 = ORIENTED_EDGE ( 'NONE', *, *, #1575, .F. ) ;
#2236 = CARTESIAN_POINT ( 'NONE',  ( -8.927672494450140625E-12, -2.000000000000000000, 2.392162635169475256E-12 ) ) ;
#2237 = ORIENTED_EDGE ( 'NONE', *, *, #2995, .F. ) ;
#2238 = DIRECTION ( 'NONE',  ( -0.9659258262892843616, 0.000000000000000000, 0.2588190451017146620 ) ) ;
#2239 = VERTEX_POINT ( 'NONE', #4269 ) ;
#2240 = DIRECTION ( 'NONE',  ( 1.000000000000000000, 0.000000000000000000, 0.000000000000000000 ) ) ;
#2241 = DIRECTION ( 'NONE',  ( 0.000000000000000000, 0.000000000000000000, 1.000000000000000000 ) ) ;
#2242 = VERTEX_POINT ( 'NONE', #1393 ) ;
#2243 = DIRECTION ( 'NONE',  ( 0.000000000000000000, 1.000000000000000000, 0.000000000000000000 ) ) ;
#2244 = ORIENTED_EDGE ( 'NONE', *, *, #2130, .T. ) ;
#2245 = VECTOR ( 'NONE', #4002, 1000.000000000000000 ) ;
#2246 = DIRECTION ( 'NONE',  ( 0.000000000000000000, 1.000000000000000000, 0.000000000000000000 ) ) ;
#2247 = CARTESIAN_POINT ( 'NONE',  ( 1.564506057902144809, 3.000000000000000000, 17.42992601232879935 ) ) ;
#2248 = VECTOR ( 'NONE', #2117, 1000.000000000000000 ) ;
#2249 = ORIENTED_EDGE ( 'NONE', *, *, #2084, .T. ) ;
#2250 = ORIENTED_EDGE ( 'NONE', *, *, #1194, .F. ) ;
#2251 = FACE_BOUND ( 'NONE', #2568, .T. ) ;
#2252 = AXIS2_PLACEMENT_3D ( 'NONE', #905, #886, #2622 ) ;
#2253 = CIRCLE ( 'NONE', #804, 2.499999999999999556 ) ;
#2254 = ADVANCED_FACE ( 'NONE', ( #2207 ), #4316, .T. ) ;
#2255 = VERTEX_POINT ( 'NONE', #2565 ) ;
#2256 = CYLINDRICAL_SURFACE ( 'NONE', #2226, 0.5000000000000004441 ) ;
#2257 = EDGE_CURVE ( 'NONE', #2542, #1909, #3145, .T. ) ;
#2258 = DIRECTION ( 'NONE',  ( 0.000000000000000000, 0.000000000000000000, 1.000000000000000000 ) ) ;
#2259 = ORIENTED_EDGE ( 'NONE', *, *, #1347, .T. ) ;
#2260 = ORIENTED_EDGE ( 'NONE', *, *, #53, .T. ) ;
#2261 = CARTESIAN_POINT ( 'NONE',  ( -4.462283536769159120, 3.000000000000000000, -16.65346887702055056 ) ) ;
#2262 = ORIENTED_EDGE ( 'NONE', *, *, #3329, .F. ) ;
#2263 = CYLINDRICAL_SURFACE ( 'NONE', #2401, 2.500000000000000444 ) ;
#2264 = ORIENTED_EDGE ( 'NONE', *, *, #4437, .T. ) ;
#2265 = CARTESIAN_POINT ( 'NONE',  ( 16.51733162954249678, 7.000000000000000000, -4.425805671237444727 ) ) ;
#2266 = EDGE_CURVE ( 'NONE', #2878, #76, #31, .T. ) ;
#2267 = DIRECTION ( 'NONE',  ( 0.000000000000000000, 1.000000000000000000, 0.000000000000000000 ) ) ;
#2268 = VERTEX_POINT ( 'NONE', #394 ) ;
#2269 = DIRECTION ( 'NONE',  ( 0.000000000000000000, -1.000000000000000000, 0.000000000000000000 ) ) ;
#2270 = ORIENTED_EDGE ( 'NONE', *, *, #3225, .T. ) ;
#2271 = CARTESIAN_POINT ( 'NONE',  ( 11.49945535769937877, 4.000000000000000000, -9.292926858941919832 ) ) ;
#2272 = CARTESIAN_POINT ( 'NONE',  ( -14.00592448119571998, 13.00000000000000000, 3.752876153975159834 ) ) ;
#2273 = ORIENTED_EDGE ( 'NONE', *, *, #454, .T. ) ;
#2274 = DIRECTION ( 'NONE',  ( 0.000000000000000000, -1.000000000000000000, 0.000000000000000000 ) ) ;
#2275 = ORIENTED_EDGE ( 'NONE', *, *, #4535, .T. ) ;
#2276 = ORIENTED_EDGE ( 'NONE', *, *, #4043, .T. ) ;
#2277 = EDGE_LOOP ( 'NONE', ( #4416, #1095, #4109, #3718 ) ) ;
#2278 = ADVANCED_FACE ( 'NONE', ( #3917 ), #658, .T. ) ;
#2279 = FACE_OUTER_BOUND ( 'NONE', #1833, .T. ) ;
#2280 = AXIS2_PLACEMENT_3D ( 'NONE', #1415, #1319, #3193 ) ;
#2281 = ORIENTED_EDGE ( 'NONE', *, *, #792, .F. ) ;
#2282 = EDGE_CURVE ( 'NONE', #1567, #2818, #2323, .T. ) ;
#2283 = DIRECTION ( 'NONE',  ( 0.000000000000000000, 1.000000000000000000, 0.000000000000000000 ) ) ;
#2284 = DIRECTION ( 'NONE',  ( 0.000000000000000000, 1.000000000000000000, 0.000000000000000000 ) ) ;
#2285 = EDGE_CURVE ( 'NONE', #457, #747, #2695, .T. ) ;
#2286 = FACE_BOUND ( 'NONE', #4448, .T. ) ;
#2287 = ADVANCED_FACE ( 'NONE', ( #3651 ), #1059, .T. ) ;
#2288 = EDGE_LOOP ( 'NONE', ( #696, #46, #407, #3573, #1874, #2044, #1882, #199, #755, #2616, #736, #2762 ) ) ;
#2289 = DIRECTION ( 'NONE',  ( 0.000000000000000000, -1.000000000000000000, 0.000000000000000000 ) ) ;
#2290 = CARTESIAN_POINT ( 'NONE',  ( -7.080123992924840515, 7.000000000000000000, -14.52987146124861972 ) ) ;
#2291 = CARTESIAN_POINT ( 'NONE',  ( 4.440892098500625152E-13, 7.000000000000000000, 6.050715484207100722E-12 ) ) ;
#2292 = ADVANCED_FACE ( 'NONE', ( #3990 ), #703, .T. ) ;
#2293 = EDGE_LOOP ( 'NONE', ( #660, #4635, #138, #3050 ) ) ;
#2294 = EDGE_CURVE ( 'NONE', #2602, #1060, #2909, .T. ) ;
#2295 = CARTESIAN_POINT ( 'NONE',  ( -4.425805671271993980, 7.000000000000000000, 16.51733162954329970 ) ) ;
#2296 = EDGE_LOOP ( 'NONE', ( #925, #338, #3706, #3044 ) ) ;
#2297 = EDGE_LOOP ( 'NONE', ( #1861, #4346, #3858, #627 ) ) ;
#2298 = EDGE_LOOP ( 'NONE', ( #570, #4196, #1958, #4711 ) ) ;
#2299 = DIRECTION ( 'NONE',  ( 0.000000000000000000, 0.000000000000000000, -1.000000000000000000 ) ) ;
#2300 = CIRCLE ( 'NONE', #2894, 13.00000000000000178 ) ;
#2301 = CIRCLE ( 'NONE', #99, 1.599999999999999867 ) ;
#2302 = EDGE_LOOP ( 'NONE', ( #4358, #973 ) ) ;
#2303 = VERTEX_POINT ( 'NONE', #1438 ) ;
#2304 = CARTESIAN_POINT ( 'NONE',  ( 7.003539777745520389, 7.000000000000000000, -8.264630812108418212 ) ) ;
#2305 = CIRCLE ( 'NONE', #2896, 10.00000000000000000 ) ;
#2306 = CIRCLE ( 'NONE', #1691, 2.499999999999998668 ) ;
#2307 = DIRECTION ( 'NONE',  ( 0.2588190451034280692, 0.000000000000000000, -0.9659258262888250623 ) ) ;
#2308 = EDGE_CURVE ( 'NONE', #1969, #1576, #1081, .T. ) ;
#2309 = DIRECTION ( 'NONE',  ( 0.000000000000000000, -1.000000000000000000, 0.000000000000000000 ) ) ;
#2310 = ORIENTED_EDGE ( 'NONE', *, *, #575, .F. ) ;
#2311 = FACE_OUTER_BOUND ( 'NONE', #3185, .T. ) ;
#2312 = EDGE_LOOP ( 'NONE', ( #1919, #4441 ) ) ;
#2313 = DIRECTION ( 'NONE',  ( 0.000000000000000000, 0.000000000000000000, -1.000000000000000000 ) ) ;
#2314 = PLANE ( 'NONE',  #4140 ) ;
#2315 = AXIS2_PLACEMENT_3D ( 'NONE', #686, #4681, #1396 ) ;
#2316 = DIRECTION ( 'NONE',  ( 0.000000000000000000, 0.000000000000000000, 1.000000000000000000 ) ) ;
#2317 = ORIENTED_EDGE ( 'NONE', *, *, #1682, .T. ) ;
#2318 = DIRECTION ( 'NONE',  ( 0.000000000000000000, 0.000000000000000000, 1.000000000000000000 ) ) ;
#2319 = AXIS2_PLACEMENT_3D ( 'NONE', #1936, #2644, #1614 ) ;
#2320 = ORIENTED_EDGE ( 'NONE', *, *, #4437, .F. ) ;
#2321 = CIRCLE ( 'NONE', #192, 0.5000000000000000000 ) ;
#2322 = VERTEX_POINT ( 'NONE', #370 ) ;
#2323 = CIRCLE ( 'NONE', #115, 10.00000000000000000 ) ;
#2324 = DIRECTION ( 'NONE',  ( 0.000000000000000000, 0.000000000000000000, -1.000000000000000000 ) ) ;
#2325 = CIRCLE ( 'NONE', #2925, 2.999999999999999112 ) ;
#2326 = ORIENTED_EDGE ( 'NONE', *, *, #1432, .T. ) ;
#2327 = ORIENTED_EDGE ( 'NONE', *, *, #2257, .T. ) ;
#2328 = ADVANCED_FACE ( 'NONE', ( #1819 ), #4013, .F. ) ;
#2329 = CARTESIAN_POINT ( 'NONE',  ( -5.312357039956809857, 4.000000000000000000, -13.79763841421334014 ) ) ;
#2330 = CARTESIAN_POINT ( 'NONE',  ( -5.795554957732480084, 7.000000000000000000, -1.552914270620439963 ) ) ;
#2331 = DIRECTION ( 'NONE',  ( 0.000000000000000000, 1.000000000000000000, 0.000000000000000000 ) ) ;
#2332 = ORIENTED_EDGE ( 'NONE', *, *, #3519, .T. ) ;
#2333 = PLANE ( 'NONE',  #4422 ) ;
#2334 = EDGE_CURVE ( 'NONE', #3377, #3871, #1201, .T. ) ;
#2335 = CYLINDRICAL_SURFACE ( 'NONE', #495, 4.999999999999999112 ) ;
#2336 = DIRECTION ( 'NONE',  ( 0.000000000000000000, 1.000000000000000000, 0.000000000000000000 ) ) ;
#2337 = AXIS2_PLACEMENT_3D ( 'NONE', #3974, #2573, #376 ) ;
#2338 = DIRECTION ( 'NONE',  ( 0.000000000000000000, 0.000000000000000000, 1.000000000000000000 ) ) ;
#2339 = EDGE_LOOP ( 'NONE', ( #2244, #4082, #4218, #170, #2413, #1603, #552, #2653, #3592, #4666, #1800, #7, #1972, #562, #2276, #3075, #3208, #3399, #4097, #1247, #2663, #3423, #4414, #2559, #4266, #3589, #273, #2332, #1554, #4272, #4078, #4537, #2489, #1847, #3404, #215, #3186 ) ) ;
#2340 = EDGE_CURVE ( 'NONE', #747, #4481, #4035, .T. ) ;
#2341 = CARTESIAN_POINT ( 'NONE',  ( 0.000000000000000000, 12.00000000000000000, 0.000000000000000000 ) ) ;
#2342 = EDGE_LOOP ( 'NONE', ( #3799, #810, #4220, #1064 ) ) ;
#2343 = ORIENTED_EDGE ( 'NONE', *, *, #2639, .F. ) ;
#2344 = EDGE_LOOP ( 'NONE', ( #2951, #216 ) ) ;
#2345 = CARTESIAN_POINT ( 'NONE',  ( 0.000000000000000000, 0.000000000000000000, -24.98000000000000043 ) ) ;
#2346 = EDGE_CURVE ( 'NONE', #3135, #1309, #4293, .T. ) ;
#2347 = ADVANCED_FACE ( 'NONE', ( #2588 ), #2668, .F. ) ;
#2348 = CARTESIAN_POINT ( 'NONE',  ( -7.080123992924840515, -16.01280737409345178, -12.02987146124861795 ) ) ;
#2349 = ORIENTED_EDGE ( 'NONE', *, *, #2058, .T. ) ;
#2350 = AXIS2_PLACEMENT_3D ( 'NONE', #1787, #4688, #1426 ) ;
#2351 = LINE ( 'NONE', #3774, #2168 ) ;
#2352 = VECTOR ( 'NONE', #2513, 1000.000000000000000 ) ;
#2353 = EDGE_CURVE ( 'NONE', #2855, #672, #3072, .T. ) ;
#2354 = LINE ( 'NONE', #972, #2849 ) ;
#2355 =( GEOMETRIC_REPRESENTATION_CONTEXT ( 3 ) GLOBAL_UNCERTAINTY_ASSIGNED_CONTEXT ( ( #64 ) ) GLOBAL_UNIT_ASSIGNED_CONTEXT ( ( #3542, #1027, #2522 ) ) REPRESENTATION_CONTEXT ( 'NONE', 'WORKASPACE' ) );
#2356 = DIRECTION ( 'NONE',  ( 0.000000000000000000, 1.000000000000000000, 0.000000000000000000 ) ) ;
#2357 = ORIENTED_EDGE ( 'NONE', *, *, #647, .T. ) ;
#2358 = DIRECTION ( 'NONE',  ( 0.000000000000000000, 0.000000000000000000, -1.000000000000000000 ) ) ;
#2359 = DIRECTION ( 'NONE',  ( 0.000000000000000000, 1.000000000000000000, 0.000000000000000000 ) ) ;
#2360 = CARTESIAN_POINT ( 'NONE',  ( -14.00592448119571998, 1.100000000000000089, 3.752876153975159834 ) ) ;
#2361 = ADVANCED_FACE ( 'NONE', ( #4439 ), #3333, .T. ) ;
#2362 = VECTOR ( 'NONE', #3133, 1000.000000000000000 ) ;
#2363 = ORIENTED_EDGE ( 'NONE', *, *, #3816, .T. ) ;
#2364 = DIRECTION ( 'NONE',  ( 0.000000000000000000, -1.000000000000000000, 0.000000000000000000 ) ) ;
#2365 = LINE ( 'NONE', #4260, #3309 ) ;
#2366 = DIRECTION ( 'NONE',  ( 0.000000000000000000, -1.000000000000000000, 0.000000000000000000 ) ) ;
#2367 = EDGE_CURVE ( 'NONE', #1259, #465, #2770, .T. ) ;
#2368 = ORIENTED_EDGE ( 'NONE', *, *, #12, .T. ) ;
#2369 = ORIENTED_EDGE ( 'NONE', *, *, #1854, .T. ) ;
#2370 = VERTEX_POINT ( 'NONE', #2650 ) ;
#2371 = DIRECTION ( 'NONE',  ( 0.000000000000000000, 0.000000000000000000, -1.000000000000000000 ) ) ;
#2372 = CARTESIAN_POINT ( 'NONE',  ( 14.69693845671599952, 3.000000000000000000, -14.69693845668058074 ) ) ;
#2373 = EDGE_LOOP ( 'NONE', ( #3458, #3855, #948, #32 ) ) ;
#2374 = DIRECTION ( 'NONE',  ( 0.000000000000000000, 1.000000000000000000, 0.000000000000000000 ) ) ;
#2375 = CARTESIAN_POINT ( 'NONE',  ( -6.047198315376909328, 4.000000000000000000, 14.95733615081470091 ) ) ;
#2376 = CIRCLE ( 'NONE', #3736, 24.98000000000000043 ) ;
#2377 = AXIS2_PLACEMENT_3D ( 'NONE', #4676, #4607, #4574 ) ;
#2378 = CYLINDRICAL_SURFACE ( 'NONE', #4349, 2.799999999992524913 ) ;
#2379 = ORIENTED_EDGE ( 'NONE', *, *, #3013, .F. ) ;
#2380 = FACE_OUTER_BOUND ( 'NONE', #221, .T. ) ;
#2381 = DIRECTION ( 'NONE',  ( 0.000000000000000000, 1.000000000000000000, 0.000000000000000000 ) ) ;
#2382 = CARTESIAN_POINT ( 'NONE',  ( 10.25304832719691994, 13.00000000000000000, 10.25304832721533899 ) ) ;
#2383 = FACE_OUTER_BOUND ( 'NONE', #2691, .T. ) ;
#2384 = FACE_OUTER_BOUND ( 'NONE', #2787, .T. ) ;
#2385 = CARTESIAN_POINT ( 'NONE',  ( -4.144419513987694259, 7.000000000000000000, 15.46718419402389877 ) ) ;
#2386 = VERTEX_POINT ( 'NONE', #488 ) ;
#2387 = VECTOR ( 'NONE', #2993, 1000.000000000000000 ) ;
#2388 = ORIENTED_EDGE ( 'NONE', *, *, #369, .T. ) ;
#2389 = EDGE_LOOP ( 'NONE', ( #3459, #149 ) ) ;
#2390 = DIRECTION ( 'NONE',  ( 0.000000000000000000, 0.000000000000000000, -1.000000000000000000 ) ) ;
#2391 = EDGE_CURVE ( 'NONE', #136, #1311, #800, .T. ) ;
#2392 = VECTOR ( 'NONE', #3419, 1000.000000000000000 ) ;
#2393 = CARTESIAN_POINT ( 'NONE',  ( 1.391537046095730146, 13.00000000000000000, -11.41549931668370021 ) ) ;
#2394 = AXIS2_PLACEMENT_3D ( 'NONE', #4392, #2636, #4016 ) ;
#2395 = CARTESIAN_POINT ( 'NONE',  ( -12.09152595827489840, 7.000000000000000000, -12.09152595829761800 ) ) ;
#2396 = LINE ( 'NONE', #1627, #1245 ) ;
#2397 = APPLICATION_CONTEXT ( 'automotive_design' ) ;
#2398 = DIRECTION ( 'NONE',  ( 0.000000000000000000, -1.000000000000000000, 0.000000000000000000 ) ) ;
#2399 = VECTOR ( 'NONE', #2181, 1000.000000000000000 ) ;
#2400 = VERTEX_POINT ( 'NONE', #4459 ) ;
#2401 = AXIS2_PLACEMENT_3D ( 'NONE', #3316, #1540, #3426 ) ;
#2402 = DIRECTION ( 'NONE',  ( 0.000000000000000000, 0.000000000000000000, 1.000000000000000000 ) ) ;
#2403 = ORIENTED_EDGE ( 'NONE', *, *, #1998, .T. ) ;
#2404 = DIRECTION ( 'NONE',  ( 0.000000000000000000, 1.000000000000000000, 0.000000000000000000 ) ) ;
#2405 = LINE ( 'NONE', #190, #114 ) ;
#2406 = ADVANCED_FACE ( 'NONE', ( #442 ), #3697, .F. ) ;
#2407 = DIRECTION ( 'NONE',  ( 0.000000000000000000, 0.000000000000000000, -1.000000000000000000 ) ) ;
#2408 = ADVANCED_FACE ( 'NONE', ( #2279 ), #130, .F. ) ;
#2409 = DIRECTION ( 'NONE',  ( 0.000000000000000000, -1.000000000000000000, 0.000000000000000000 ) ) ;
#2410 = DIRECTION ( 'NONE',  ( 0.7071067811872121522, 0.000000000000000000, -0.7071067811858829932 ) ) ;
#2411 = ADVANCED_FACE ( 'NONE', ( #2981 ), #418, .T. ) ;
#2412 = DIRECTION ( 'NONE',  ( 0.000000000000000000, 0.000000000000000000, -1.000000000000000000 ) ) ;
#2413 = ORIENTED_EDGE ( 'NONE', *, *, #956, .F. ) ;
#2414 = VERTEX_POINT ( 'NONE', #779 ) ;
#2415 = ORIENTED_EDGE ( 'NONE', *, *, #1021, .F. ) ;
#2416 = ADVANCED_FACE ( 'NONE', ( #3308 ), #55, .F. ) ;
#2417 = VERTEX_POINT ( 'NONE', #1181 ) ;
#2418 = CYLINDRICAL_SURFACE ( 'NONE', #348, 14.50000000001340084 ) ;
#2419 = PLANE ( 'NONE',  #3765 ) ;
#2420 = EDGE_CURVE ( 'NONE', #3282, #4127, #4001, .T. ) ;
#2421 = DIRECTION ( 'NONE',  ( -0.7071067811872121522, 0.000000000000000000, 0.7071067811858829932 ) ) ;
#2422 = DIRECTION ( 'NONE',  ( 1.000000000000000000, 0.000000000000000000, 0.000000000000000000 ) ) ;
#2423 = DIRECTION ( 'NONE',  ( 0.000000000000000000, -1.000000000000000000, 0.000000000000000000 ) ) ;
#2424 = VERTEX_POINT ( 'NONE', #4083 ) ;
#2425 = ADVANCED_FACE ( 'NONE', ( #3358 ), #847, .T. ) ;
#2426 = VECTOR ( 'NONE', #2230, 1000.000000000000000 ) ;
#2427 = CARTESIAN_POINT ( 'NONE',  ( -6.878112293239539987, 4.000000000000000000, 12.14650297043998073 ) ) ;
#2428 = EDGE_LOOP ( 'NONE', ( #1892, #3571, #863, #2726 ) ) ;
#2429 = ORIENTED_EDGE ( 'NONE', *, *, #2823, .T. ) ;
#2430 = LINE ( 'NONE', #2025, #3690 ) ;
#2431 = FACE_OUTER_BOUND ( 'NONE', #3018, .T. ) ;
#2432 = DIRECTION ( 'NONE',  ( 0.2588190451017146065, 0.000000000000000000, 0.9659258262892842506 ) ) ;
#2433 = AXIS2_PLACEMENT_3D ( 'NONE', #586, #2049, #2338 ) ;
#2435 = DIRECTION ( 'NONE',  ( 0.000000000000000000, 1.000000000000000000, 0.000000000000000000 ) ) ;
#2434 = VECTOR ( 'NONE', #2075, 1000.000000000000000 ) ;
#2436 = ORIENTED_EDGE ( 'NONE', *, *, #1423, .T. ) ;
#2437 = DIRECTION ( 'NONE',  ( 0.9659258262888252844, 0.000000000000000000, 0.2588190451034276252 ) ) ;
#2438 = AXIS2_PLACEMENT_3D ( 'NONE', #4623, #3544, #1358 ) ;
#2439 = ORIENTED_EDGE ( 'NONE', *, *, #593, .T. ) ;
#2440 = EDGE_CURVE ( 'NONE', #3232, #1481, #2479, .T. ) ;
#2441 = ORIENTED_EDGE ( 'NONE', *, *, #1804, .F. ) ;
#2442 = DIRECTION ( 'NONE',  ( 0.000000000000000000, -1.000000000000000000, 0.000000000000000000 ) ) ;
#2443 = DIRECTION ( 'NONE',  ( 0.000000000000000000, 1.000000000000000000, 0.000000000000000000 ) ) ;
#2444 = EDGE_LOOP ( 'NONE', ( #2810, #4116, #2885, #2591 ) ) ;
#2445 = LINE ( 'NONE', #969, #3355 ) ;
#2446 = CARTESIAN_POINT ( 'NONE',  ( 20.85284842501194902, 3.000000000000000000, 2.481675354166299918 ) ) ;
#2447 = DIRECTION ( 'NONE',  ( 0.000000000000000000, 1.000000000000000000, 0.000000000000000000 ) ) ;
#2448 = ORIENTED_EDGE ( 'NONE', *, *, #527, .F. ) ;
#2449 = ADVANCED_FACE ( 'NONE', ( #895 ), #597, .T. ) ;
#2450 = CARTESIAN_POINT ( 'NONE',  ( 2.836200404723414614, 3.000000000000000000, 23.83182677144674955 ) ) ;
#2451 = VERTEX_POINT ( 'NONE', #2718 ) ;
#2452 = DIRECTION ( 'NONE',  ( 0.000000000000000000, -1.000000000000000000, 0.000000000000000000 ) ) ;
#2453 = CARTESIAN_POINT ( 'NONE',  ( -6.047198315376909328, 7.000000000000000000, 14.95733615081470091 ) ) ;
#2454 = ADVANCED_FACE ( 'NONE', ( #4244, #942 ), #2419, .T. ) ;
#2455 = CARTESIAN_POINT ( 'NONE',  ( 16.51733162954809586, 13.00000000000000000, -4.425805671227474036 ) ) ;
#2456 = CIRCLE ( 'NONE', #3889, 5.000000000000000888 ) ;
#2457 = AXIS2_PLACEMENT_3D ( 'NONE', #2395, #3497, #2491 ) ;
#2458 = CARTESIAN_POINT ( 'NONE',  ( -7.360061015637009874, -2.000000000000000000, -15.87701174171539797 ) ) ;
#2459 = CARTESIAN_POINT ( 'NONE',  ( -12.19118534026280010, 3.000000000000000000, 12.19118534023154155 ) ) ;
#2460 = EDGE_LOOP ( 'NONE', ( #50, #207, #3743, #4691 ) ) ;
#2461 = DIRECTION ( 'NONE',  ( 0.000000000000000000, -1.000000000000000000, 0.000000000000000000 ) ) ;
#2462 = AXIS2_PLACEMENT_3D ( 'NONE', #766, #1855, #1566 ) ;
#2463 = ORIENTED_EDGE ( 'NONE', *, *, #1428, .F. ) ;
#2464 = ORIENTED_EDGE ( 'NONE', *, *, #3454, .T. ) ;
#2465 = DIRECTION ( 'NONE',  ( 0.000000000000000000, 0.000000000000000000, -1.000000000000000000 ) ) ;
#2466 = CARTESIAN_POINT ( 'NONE',  ( -11.41549931669258022, 13.00000000000000000, 1.391537046074598161 ) ) ;
#2467 = CYLINDRICAL_SURFACE ( 'NONE', #3662, 2.799999999992634603 ) ;
#2468 = FACE_OUTER_BOUND ( 'NONE', #2751, .T. ) ;
#2469 = CIRCLE ( 'NONE', #2911, 2.250000000000000444 ) ;
#2470 = DIRECTION ( 'NONE',  ( 0.000000000000000000, 0.000000000000000000, -1.000000000000000000 ) ) ;
#2471 = ORIENTED_EDGE ( 'NONE', *, *, #4283, .T. ) ;
#2472 = CIRCLE ( 'NONE', #2627, 0.5000000000000000000 ) ;
#2473 = FACE_OUTER_BOUND ( 'NONE', #1530, .T. ) ;
#2474 = CIRCLE ( 'NONE', #480, 1.250000000000000000 ) ;
#2475 = DIRECTION ( 'NONE',  ( 0.000000000000000000, -1.000000000000000000, 0.000000000000000000 ) ) ;
#2476 = CARTESIAN_POINT ( 'NONE',  ( 16.81825880027384912, -2.000000000000000000, -15.57561811311915001 ) ) ;
#2477 = AXIS2_PLACEMENT_3D ( 'NONE', #324, #3556, #3940 ) ;
#2478 = DIRECTION ( 'NONE',  ( 0.000000000000000000, -1.000000000000000000, 0.000000000000000000 ) ) ;
#2479 = CIRCLE ( 'NONE', #4602, 13.00000000000000178 ) ;
#2480 = EDGE_CURVE ( 'NONE', #1924, #842, #2774, .T. ) ;
#2481 = LINE ( 'NONE', #1761, #3503 ) ;
#2482 = CARTESIAN_POINT ( 'NONE',  ( 10.25304832719689863, 1.100000000000000089, 10.25304832721533899 ) ) ;
#2483 = VERTEX_POINT ( 'NONE', #919 ) ;
#2484 = CYLINDRICAL_SURFACE ( 'NONE', #460, 14.50000000001340084 ) ;
#2485 = VERTEX_POINT ( 'NONE', #2059 ) ;
#2486 = EDGE_CURVE ( 'NONE', #1901, #3126, #1105, .T. ) ;
#2487 = ORIENTED_EDGE ( 'NONE', *, *, #386, .F. ) ;
#2488 = FACE_OUTER_BOUND ( 'NONE', #4522, .T. ) ;
#2489 = ORIENTED_EDGE ( 'NONE', *, *, #4665, .T. ) ;
#2490 = AXIS2_PLACEMENT_3D ( 'NONE', #1305, #2828, #912 ) ;
#2491 = DIRECTION ( 'NONE',  ( 0.000000000000000000, 0.000000000000000000, 1.000000000000000000 ) ) ;
#2492 = DIRECTION ( 'NONE',  ( 0.000000000000000000, -1.000000000000000000, 0.000000000000000000 ) ) ;
#2493 = EDGE_CURVE ( 'NONE', #2239, #156, #4374, .T. ) ;
#2494 = VECTOR ( 'NONE', #2166, 1000.000000000000000 ) ;
#2495 = ORIENTED_EDGE ( 'NONE', *, *, #3857, .T. ) ;
#2496 = DIRECTION ( 'NONE',  ( 0.000000000000000000, 1.000000000000000000, 0.000000000000000000 ) ) ;
#2497 = ORIENTED_EDGE ( 'NONE', *, *, #1682, .F. ) ;
#2498 = VERTEX_POINT ( 'NONE', #2372 ) ;
#2499 = DIRECTION ( 'NONE',  ( 0.000000000000000000, 0.000000000000000000, 1.000000000000000000 ) ) ;
#2500 = FACE_OUTER_BOUND ( 'NONE', #3080, .T. ) ;
#2501 = DIRECTION ( 'NONE',  ( 0.000000000000000000, -1.000000000000000000, 0.000000000000000000 ) ) ;
#2502 = CARTESIAN_POINT ( 'NONE',  ( -8.343602425842540526, -2.000000000000000000, 11.85893328085889920 ) ) ;
#2503 = CARTESIAN_POINT ( 'NONE',  ( -17.31600000000240414, 7.000000000000000000, 2.292628186149809455 ) ) ;
#2504 = CARTESIAN_POINT ( 'NONE',  ( -4.425805671266068941, 10.44999999999999929, 18.76733162953355105 ) ) ;
#2505 = CARTESIAN_POINT ( 'NONE',  ( 8.507531858188388085, 7.000000000000000000, -15.29287094308104855 ) ) ;
#2506 = DIRECTION ( 'NONE',  ( 0.000000000000000000, 0.000000000000000000, 1.000000000000000000 ) ) ;
#2507 = AXIS2_PLACEMENT_3D ( 'NONE', #778, #3988, #1107 ) ;
#2508 = ORIENTED_EDGE ( 'NONE', *, *, #4101, .T. ) ;
#2509 = LINE ( 'NONE', #1433, #1921 ) ;
#2510 = ADVANCED_FACE ( 'NONE', ( #220 ), #967, .F. ) ;
#2511 = AXIS2_PLACEMENT_3D ( 'NONE', #213, #1030, #1306 ) ;
#2512 = DIRECTION ( 'NONE',  ( 0.000000000000000000, 1.000000000000000000, 0.000000000000000000 ) ) ;
#2513 = DIRECTION ( 'NONE',  ( 0.000000000000000000, -1.000000000000000000, 0.000000000000000000 ) ) ;
#2514 = CARTESIAN_POINT ( 'NONE',  ( 0.000000000000000000, 7.000000000000000000, 0.000000000000000000 ) ) ;
#2515 = EDGE_CURVE ( 'NONE', #1967, #2424, #1992, .T. ) ;
#2516 = ORIENTED_EDGE ( 'NONE', *, *, #1569, .T. ) ;
#2517 = LINE ( 'NONE', #1709, #2840 ) ;
#2518 = CYLINDRICAL_SURFACE ( 'NONE', #2908, 2.999999999999999112 ) ;
#2519 = CIRCLE ( 'NONE', #695, 2.499999999999998668 ) ;
#2520 = PLANE ( 'NONE',  #3162 ) ;
#2521 = LINE ( 'NONE', #2103, #3203 ) ;
#2522 =( NAMED_UNIT ( * ) SI_UNIT ( $, .STERADIAN. ) SOLID_ANGLE_UNIT ( ) );
#2523 = DIRECTION ( 'NONE',  ( 0.000000000000000000, 1.000000000000000000, 0.000000000000000000 ) ) ;
#2524 = CARTESIAN_POINT ( 'NONE',  ( 11.49945535769940008, 7.000000000000000000, -9.292926858941919832 ) ) ;
#2525 = AXIS2_PLACEMENT_3D ( 'NONE', #2341, #509, #913 ) ;
#2526 = AXIS2_PLACEMENT_3D ( 'NONE', #2727, #607, #1612 ) ;
#2527 = ORIENTED_EDGE ( 'NONE', *, *, #2257, .F. ) ;
#2528 = AXIS2_PLACEMENT_3D ( 'NONE', #298, #3475, #4294 ) ;
#2529 = EDGE_LOOP ( 'NONE', ( #2742, #4157, #3310, #3995 ) ) ;
#2530 = PLANE ( 'NONE',  #3119 ) ;
#2531 = EDGE_CURVE ( 'NONE', #1184, #572, #38, .T. ) ;
#2532 = ORIENTED_EDGE ( 'NONE', *, *, #3108, .F. ) ;
#2533 = CARTESIAN_POINT ( 'NONE',  ( 1.331035435395933941, 13.00000000000000000, -10.91917325943632022 ) ) ;
#2534 = EDGE_CURVE ( 'NONE', #3254, #2818, #2926, .T. ) ;
#2535 = CARTESIAN_POINT ( 'NONE',  ( 6.612297130090730057, 13.00000000000000000, 8.790763713324698969 ) ) ;
#2536 = VECTOR ( 'NONE', #1823, 1000.000000000000000 ) ;
#2537 = DIRECTION ( 'NONE',  ( 0.000000000000000000, 1.000000000000000000, 0.000000000000000000 ) ) ;
#2538 = ORIENTED_EDGE ( 'NONE', *, *, #4595, .T. ) ;
#2539 = STYLED_ITEM ( 'NONE', ( #1067 ), #3046 ) ;
#2540 = EDGE_CURVE ( 'NONE', #1769, #975, #1244, .T. ) ;
#2541 = CARTESIAN_POINT ( 'NONE',  ( -12.09152595827489840, 10.44999999999999929, -12.09152595829761800 ) ) ;
#2542 = VERTEX_POINT ( 'NONE', #3494 ) ;
#2543 = EDGE_CURVE ( 'NONE', #3654, #2417, #246, .T. ) ;
#2544 = CARTESIAN_POINT ( 'NONE',  ( 1.564506057902144809, 3.000000000000000000, 17.42992601232879935 ) ) ;
#2545 = DIRECTION ( 'NONE',  ( 0.000000000000000000, -1.000000000000000000, 0.000000000000000000 ) ) ;
#2546 =( NAMED_UNIT ( * ) SI_UNIT ( $, .STERADIAN. ) SOLID_ANGLE_UNIT ( ) );
#2547 = CIRCLE ( 'NONE', #3989, 2.799999999992524913 ) ;
#2548 = AXIS2_PLACEMENT_3D ( 'NONE', #2680, #1911, #3324 ) ;
#2549 = FACE_BOUND ( 'NONE', #1578, .T. ) ;
#2550 = VECTOR ( 'NONE', #2398, 1000.000000000000000 ) ;
#2551 = FACE_BOUND ( 'NONE', #606, .T. ) ;
#2552 = CARTESIAN_POINT ( 'NONE',  ( 5.323824910822690271, 7.000000000000000000, 8.465039179998150587 ) ) ;
#2553 = ADVANCED_FACE ( 'NONE', ( #154, #2789 ), #2696, .T. ) ;
#2554 = EDGE_CURVE ( 'NONE', #808, #1843, #4150, .T. ) ;
#2555 = CYLINDRICAL_SURFACE ( 'NONE', #3414, 2.500000000000000444 ) ;
#2556 = CARTESIAN_POINT ( 'NONE',  ( -10.06986499670492030, 3.000000000000000000, 11.31250568379293853 ) ) ;
#2557 = AXIS2_PLACEMENT_3D ( 'NONE', #1670, #3474, #2765 ) ;
#2558 = AXIS2_PLACEMENT_3D ( 'NONE', #2963, #200, #401 ) ;
#2559 = ORIENTED_EDGE ( 'NONE', *, *, #1430, .T. ) ;
#2560 = FACE_BOUND ( 'NONE', #651, .T. ) ;
#2561 = ADVANCED_FACE ( 'NONE', ( #3791 ), #1648, .F. ) ;
#2562 = ORIENTED_EDGE ( 'NONE', *, *, #1686, .T. ) ;
#2563 = CARTESIAN_POINT ( 'NONE',  ( -20.07639128969984910, 3.000000000000000000, -5.379452833032269510 ) ) ;
#2564 = DIRECTION ( 'NONE',  ( 0.000000000000000000, -1.000000000000000000, 0.000000000000000000 ) ) ;
#2565 = CARTESIAN_POINT ( 'NONE',  ( -7.525159905998109799, 7.000000000000000000, 14.56131753616203994 ) ) ;
#2566 = EDGE_CURVE ( 'NONE', #1932, #4390, #2741, .T. ) ;
#2567 = VERTEX_POINT ( 'NONE', #3886 ) ;
#2568 = EDGE_LOOP ( 'NONE', ( #4355, #1231, #3189, #3895, #2678, #2403, #2033, #1643, #1298, #2776, #1620 ) ) ;
#2569 = CIRCLE ( 'NONE', #1271, 2.249999999999998668 ) ;
#2570 = PLANE ( 'NONE',  #3757 ) ;
#2571 = ORIENTED_EDGE ( 'NONE', *, *, #2566, .T. ) ;
#2572 = DIRECTION ( 'NONE',  ( 0.000000000000000000, 0.000000000000000000, 1.000000000000000000 ) ) ;
#2573 = DIRECTION ( 'NONE',  ( 0.000000000000000000, -1.000000000000000000, 0.000000000000000000 ) ) ;
#2574 = CARTESIAN_POINT ( 'NONE',  ( -14.82310169950456036, 13.00000000000000000, 0.6182535035941340018 ) ) ;
#2575 = EDGE_CURVE ( 'NONE', #1158, #582, #2547, .T. ) ;
#2576 = CARTESIAN_POINT ( 'NONE',  ( 1.564506057902144809, -2.000000000000000000, 17.42992601232879935 ) ) ;
#2577 = CARTESIAN_POINT ( 'NONE',  ( 4.242640687123274468, 7.000000000000000000, -4.242640687115304843 ) ) ;
#2578 = DIRECTION ( 'NONE',  ( 0.000000000000000000, 0.000000000000000000, -1.000000000000000000 ) ) ;
#2579 = DIRECTION ( 'NONE',  ( 0.000000000000000000, -1.000000000000000000, 0.000000000000000000 ) ) ;
#2580 = ORIENTED_EDGE ( 'NONE', *, *, #1341, .T. ) ;
#2581 = VECTOR ( 'NONE', #1841, 1000.000000000000000 ) ;
#2582 = ORIENTED_EDGE ( 'NONE', *, *, #4585, .F. ) ;
#2583 = ORIENTED_EDGE ( 'NONE', *, *, #202, .T. ) ;
#2584 = DIRECTION ( 'NONE',  ( 0.000000000000000000, -1.000000000000000000, 0.000000000000000000 ) ) ;
#2585 = ORIENTED_EDGE ( 'NONE', *, *, #4404, .T. ) ;
#2586 = DIRECTION ( 'NONE',  ( 0.000000000000000000, 0.000000000000000000, 1.000000000000000000 ) ) ;
#2587 = DIRECTION ( 'NONE',  ( 0.000000000000000000, 1.000000000000000000, 0.000000000000000000 ) ) ;
#2588 = FACE_OUTER_BOUND ( 'NONE', #3122, .T. ) ;
#2589 = VERTEX_POINT ( 'NONE', #1121 ) ;
#2590 = AXIS2_PLACEMENT_3D ( 'NONE', #1285, #2829, #3904 ) ;
#2591 = ORIENTED_EDGE ( 'NONE', *, *, #155, .F. ) ;
#2592 = DIRECTION ( 'NONE',  ( -0.000000000000000000, 1.000000000000000000, 0.000000000000000000 ) ) ;
#2593 = VERTEX_POINT ( 'NONE', #2924 ) ;
#2594 = CARTESIAN_POINT ( 'NONE',  ( 17.42992601232629823, 3.000000000000000000, 1.564506057929730076 ) ) ;
#2595 = CARTESIAN_POINT ( 'NONE',  ( -17.49999999999955236, 13.00000000000000000, -1.580874320339375057E-11 ) ) ;
#2596 = CARTESIAN_POINT ( 'NONE',  ( -20.07639128969984910, -2.000000000000000000, -5.379452833032269510 ) ) ;
#2597 = CIRCLE ( 'NONE', #537, 2.250000000000000444 ) ;
#2598 = DIRECTION ( 'NONE',  ( 0.000000000000000000, 0.000000000000000000, 1.000000000000000000 ) ) ;
#2599 = EDGE_CURVE ( 'NONE', #2589, #4263, #1830, .T. ) ;
#2600 = FACE_OUTER_BOUND ( 'NONE', #2223, .T. ) ;
#2601 = CARTESIAN_POINT ( 'NONE',  ( -14.92816230493646046, 7.000000000000000000, 1.107091175205354050 ) ) ;
#2602 = VERTEX_POINT ( 'NONE', #18 ) ;
#2603 = CARTESIAN_POINT ( 'NONE',  ( -4.144419513987694259, 4.000000000000000000, 15.46718419402389877 ) ) ;
#2604 = EDGE_LOOP ( 'NONE', ( #795, #2439, #2249, #510 ) ) ;
#2605 = ORIENTED_EDGE ( 'NONE', *, *, #317, .F. ) ;
#2606 = CIRCLE ( 'NONE', #4270, 0.5000000000000004441 ) ;
#2607 = DIRECTION ( 'NONE',  ( 0.000000000000000000, 0.000000000000000000, -1.000000000000000000 ) ) ;
#2608 = DIRECTION ( 'NONE',  ( 0.9659258262893112290, 0.000000000000000000, -0.2588190451016140758 ) ) ;
#2609 = CARTESIAN_POINT ( 'NONE',  ( -12.09152595827489840, 13.00000000000000000, -12.09152595829761800 ) ) ;
#2610 = VECTOR ( 'NONE', #2331, 1000.000000000000000 ) ;
#2611 = EDGE_LOOP ( 'NONE', ( #2128, #4242, #1973, #4440 ) ) ;
#2612 = EDGE_LOOP ( 'NONE', ( #4423, #4014, #3870, #4009 ) ) ;
#2613 = FACE_OUTER_BOUND ( 'NONE', #2312, .T. ) ;
#2614 = ORIENTED_EDGE ( 'NONE', *, *, #4456, .T. ) ;
#2615 = CARTESIAN_POINT ( 'NONE',  ( -19.29993415438984883, -2.000000000000000000, -8.277230311898829740 ) ) ;
#2616 = ORIENTED_EDGE ( 'NONE', *, *, #2766, .F. ) ;
#2617 = CARTESIAN_POINT ( 'NONE',  ( -2.968461863797929645, 4.000000000000000000, -11.45374323805004124 ) ) ;
#2618 = CARTESIAN_POINT ( 'NONE',  ( 0.000000000000000000, 6.000000000000000000, -24.98000000000000043 ) ) ;
#2619 = EDGE_LOOP ( 'NONE', ( #868, #814, #1930, #890 ) ) ;
#2620 = CARTESIAN_POINT ( 'NONE',  ( -7.360061015637009874, 3.000000000000000000, -15.87701174171539797 ) ) ;
#2621 = AXIS2_PLACEMENT_3D ( 'NONE', #140, #4491, #1594 ) ;
#2622 = DIRECTION ( 'NONE',  ( 0.000000000000000000, 1.000000000000000000, 0.000000000000000000 ) ) ;
#2623 = CARTESIAN_POINT ( 'NONE',  ( 8.804191108979491531, 13.00000000000000000, -14.89038704412350000 ) ) ;
#2624 = VECTOR ( 'NONE', #3095, 1000.000000000000000 ) ;
#2625 = EDGE_CURVE ( 'NONE', #305, #3360, #638, .T. ) ;
#2626 = ORIENTED_EDGE ( 'NONE', *, *, #1702, .T. ) ;
#2627 = AXIS2_PLACEMENT_3D ( 'NONE', #2000, #4137, #4536 ) ;
#2628 = CARTESIAN_POINT ( 'NONE',  ( 3.059167704270089870E-15, 7.000000000000000000, 24.98000000000000043 ) ) ;
#2629 = AXIS2_PLACEMENT_3D ( 'NONE', #182, #603, #923 ) ;
#2630 = ADVANCED_FACE ( 'NONE', ( #745 ), #1474, .F. ) ;
#2631 = ORIENTED_EDGE ( 'NONE', *, *, #3190, .F. ) ;
#2632 = ORIENTED_EDGE ( 'NONE', *, *, #89, .F. ) ;
#2633 = DIRECTION ( 'NONE',  ( 0.000000000000000000, 0.000000000000000000, 1.000000000000000000 ) ) ;
#2634 = ORIENTED_EDGE ( 'NONE', *, *, #4576, .F. ) ;
#2635 = ORIENTED_EDGE ( 'NONE', *, *, #4462, .T. ) ;
#2636 = DIRECTION ( 'NONE',  ( 0.000000000000000000, 1.000000000000000000, 0.000000000000000000 ) ) ;
#2637 = PRODUCT_DEFINITION_CONTEXT ( 'detailed design', #3605, 'design' ) ;
#2638 = LINE ( 'NONE', #2330, #1927 ) ;
#2639 = EDGE_CURVE ( 'NONE', #1060, #4391, #2918, .T. ) ;
#2640 = FACE_OUTER_BOUND ( 'NONE', #2930, .T. ) ;
#2641 = VERTEX_POINT ( 'NONE', #3166 ) ;
#2642 = DIRECTION ( 'NONE',  ( 0.000000000000000000, -1.000000000000000000, 0.000000000000000000 ) ) ;
#2643 = CARTESIAN_POINT ( 'NONE',  ( 8.804191108979491531, 7.000000000000000000, -14.89038704412350000 ) ) ;
#2644 = DIRECTION ( 'NONE',  ( 0.000000000000000000, 1.000000000000000000, 0.000000000000000000 ) ) ;
#2645 = EDGE_LOOP ( 'NONE', ( #1501, #1057 ) ) ;
#2646 = DIRECTION ( 'NONE',  ( 0.000000000000000000, -1.000000000000000000, 0.000000000000000000 ) ) ;
#2647 = EDGE_LOOP ( 'NONE', ( #3489, #2275, #1711, #417 ) ) ;
#2648 = ORIENTED_EDGE ( 'NONE', *, *, #4660, .F. ) ;
#2649 = EDGE_CURVE ( 'NONE', #3137, #1237, #771, .T. ) ;
#2650 = CARTESIAN_POINT ( 'NONE',  ( -12.09152595827489840, 10.44999999999999929, -10.49152595829762014 ) ) ;
#2651 = VECTOR ( 'NONE', #4167, 1000.000000000000000 ) ;
#2652 = ORIENTED_EDGE ( 'NONE', *, *, #4540, .F. ) ;
#2653 = ORIENTED_EDGE ( 'NONE', *, *, #4683, .F. ) ;
#2654 = AXIS2_PLACEMENT_3D ( 'NONE', #1091, #4706, #4005 ) ;
#2655 = CARTESIAN_POINT ( 'NONE',  ( 7.003539777745520389, 4.000000000000000000, -13.26463081210841999 ) ) ;
#2656 = FACE_OUTER_BOUND ( 'NONE', #2954, .T. ) ;
#2657 = DIRECTION ( 'NONE',  ( 0.000000000000000000, -1.000000000000000000, 0.000000000000000000 ) ) ;
#2658 = EDGE_LOOP ( 'NONE', ( #126, #3490, #4528, #2928 ) ) ;
#2659 = CARTESIAN_POINT ( 'NONE',  ( -12.09152595827489840, 7.000000000000000000, -9.841525958297630439 ) ) ;
#2660 = DIRECTION ( 'NONE',  ( 0.000000000000000000, -1.000000000000000000, 0.000000000000000000 ) ) ;
#2661 = DIRECTION ( 'NONE',  ( 0.000000000000000000, -1.000000000000000000, 0.000000000000000000 ) ) ;
#2662 = EDGE_CURVE ( 'NONE', #1198, #1410, #3641, .T. ) ;
#2663 = ORIENTED_EDGE ( 'NONE', *, *, #378, .T. ) ;
#2664 = ORIENTED_EDGE ( 'NONE', *, *, #58, .T. ) ;
#2665 = FACE_OUTER_BOUND ( 'NONE', #4250, .T. ) ;
#2666 = VERTEX_POINT ( 'NONE', #791 ) ;
#2667 = ORIENTED_EDGE ( 'NONE', *, *, #124, .F. ) ;
#2668 = CYLINDRICAL_SURFACE ( 'NONE', #3685, 13.00000000000000000 ) ;
#2669 = CIRCLE ( 'NONE', #242, 2.799999999993505462 ) ;
#2670 = ORIENTED_EDGE ( 'NONE', *, *, #2006, .T. ) ;
#2671 = EDGE_CURVE ( 'NONE', #22, #3405, #3369, .T. ) ;
#2672 = CYLINDRICAL_SURFACE ( 'NONE', #560, 10.00000000000000000 ) ;
#2673 = VECTOR ( 'NONE', #829, 1000.000000000000000 ) ;
#2674 = VECTOR ( 'NONE', #261, 1000.000000000000000 ) ;
#2675 = FACE_BOUND ( 'NONE', #2344, .T. ) ;
#2676 = EDGE_CURVE ( 'NONE', #4599, #1529, #3291, .T. ) ;
#2677 = CARTESIAN_POINT ( 'NONE',  ( 1.530808498934190091E-16, 4.000000000000000000, 1.250000000000000000 ) ) ;
#2678 = ORIENTED_EDGE ( 'NONE', *, *, #214, .F. ) ;
#2679 = LINE ( 'NONE', #4139, #3813 ) ;
#2680 = CARTESIAN_POINT ( 'NONE',  ( 16.81825880027384912, -2.000000000000000000, -12.57561811311916067 ) ) ;
#2681 = CARTESIAN_POINT ( 'NONE',  ( 3.367778697655219730E-15, -2.000000000000000000, -27.50000000000000000 ) ) ;
#2682 = EDGE_CURVE ( 'NONE', #142, #2485, #1943, .T. ) ;
#2683 = VECTOR ( 'NONE', #40, 1000.000000000000227 ) ;
#2684 = ORIENTED_EDGE ( 'NONE', *, *, #53, .F. ) ;
#2685 = DIRECTION ( 'NONE',  ( 0.000000000000000000, 0.000000000000000000, -1.000000000000000000 ) ) ;
#2686 = ORIENTED_EDGE ( 'NONE', *, *, #2187, .T. ) ;
#2687 = DIRECTION ( 'NONE',  ( 0.000000000000000000, -1.000000000000000000, 0.000000000000000000 ) ) ;
#2688 = ORIENTED_EDGE ( 'NONE', *, *, #1572, .T. ) ;
#2689 = AXIS2_PLACEMENT_3D ( 'NONE', #2210, #470, #1490 ) ;
#2690 = CIRCLE ( 'NONE', #110, 0.5000000000000000000 ) ;
#2691 = EDGE_LOOP ( 'NONE', ( #1075, #3471, #4032, #2688 ) ) ;
#2692 = CIRCLE ( 'NONE', #3288, 2.500000000000000444 ) ;
#2693 = ORIENTED_EDGE ( 'NONE', *, *, #4540, .T. ) ;
#2694 = FACE_OUTER_BOUND ( 'NONE', #2983, .T. ) ;
#2695 = CIRCLE ( 'NONE', #1558, 1.649999999999999911 ) ;
#2696 = PLANE ( 'NONE',  #3919 ) ;
#2697 = ORIENTED_EDGE ( 'NONE', *, *, #3002, .F. ) ;
#2698 = VECTOR ( 'NONE', #176, 1000.000000000000000 ) ;
#2699 = CARTESIAN_POINT ( 'NONE',  ( 16.27304500596659764, 7.000000000000000000, -1.136906019981513971 ) ) ;
#2700 = DIRECTION ( 'NONE',  ( -0.7071067811858829932, 0.000000000000000000, -0.7071067811872121522 ) ) ;
#2701 = EDGE_CURVE ( 'NONE', #2855, #669, #1171, .T. ) ;
#2702 = EDGE_LOOP ( 'NONE', ( #4208, #2667, #387, #2562 ) ) ;
#2703 = EDGE_CURVE ( 'NONE', #1940, #2831, #1886, .T. ) ;
#2704 = CARTESIAN_POINT ( 'NONE',  ( -13.79763841420334103, 4.000000000000000000, -5.312357039982729567 ) ) ;
#2705 = DIRECTION ( 'NONE',  ( 0.000000000000000000, 1.000000000000000000, 0.000000000000000000 ) ) ;
#2706 = CARTESIAN_POINT ( 'NONE',  ( -1.552914270609994984, 7.000000000000000000, -5.795554957737060420 ) ) ;
#2707 = EDGE_CURVE ( 'NONE', #3211, #1150, #3598, .T. ) ;
#2708 = CARTESIAN_POINT ( 'NONE',  ( 3.752876153999289865, 1.100000000000000089, -16.80592448118134996 ) ) ;
#2709 = AXIS2_PLACEMENT_3D ( 'NONE', #290, #3107, #1719 ) ;
#2710 = AXIS2_PLACEMENT_3D ( 'NONE', #308, #357, #762 ) ;
#2711 = DIRECTION ( 'NONE',  ( 0.000000000000000000, 0.000000000000000000, -1.000000000000000000 ) ) ;
#2712 = VERTEX_POINT ( 'NONE', #1012 ) ;
#2713 = DIRECTION ( 'NONE',  ( 0.000000000000000000, -1.000000000000000000, 0.000000000000000000 ) ) ;
#2714 = VERTEX_POINT ( 'NONE', #1748 ) ;
#2715 = VERTEX_POINT ( 'NONE', #3269 ) ;
#2716 = ORIENTED_EDGE ( 'NONE', *, *, #4135, .F. ) ;
#2717 = DIRECTION ( 'NONE',  ( 0.000000000000000000, 0.000000000000000000, -1.000000000000000000 ) ) ;
#2718 = CARTESIAN_POINT ( 'NONE',  ( 3.059167704270089870E-15, 0.000000000000000000, 24.98000000000000043 ) ) ;
#2719 = CIRCLE ( 'NONE', #1102, 1.650000000000000355 ) ;
#2720 = DIRECTION ( 'NONE',  ( 0.000000000000000000, 0.000000000000000000, -1.000000000000000000 ) ) ;
#2721 = AXIS2_PLACEMENT_3D ( 'NONE', #2783, #524, #2685 ) ;
#2722 = DIRECTION ( 'NONE',  ( 0.000000000000000000, 0.000000000000000000, 1.000000000000000000 ) ) ;
#2723 = AXIS2_PLACEMENT_3D ( 'NONE', #1446, #3901, #1356 ) ;
#2724 = DIRECTION ( 'NONE',  ( 0.000000000000000000, -1.000000000000000000, 0.000000000000000000 ) ) ;
#2725 = EDGE_CURVE ( 'NONE', #1010, #156, #3141, .T. ) ;
#2726 = ORIENTED_EDGE ( 'NONE', *, *, #647, .F. ) ;
#2727 = CARTESIAN_POINT ( 'NONE',  ( -14.98927714398053901, 4.000000000000000000, 0.5670720421099659792 ) ) ;
#2728 = CARTESIAN_POINT ( 'NONE',  ( 8.507531858188388085, 13.00000000000000000, -15.29287094308104855 ) ) ;
#2729 = DIRECTION ( 'NONE',  ( 0.000000000000000000, 1.000000000000000000, 0.000000000000000000 ) ) ;
#2730 = AXIS2_PLACEMENT_3D ( 'NONE', #4047, #1858, #337 ) ;
#2731 = EDGE_CURVE ( 'NONE', #4160, #240, #1553, .T. ) ;
#2732 = DIRECTION ( 'NONE',  ( 0.000000000000000000, -1.000000000000000000, 0.000000000000000000 ) ) ;
#2733 = DIRECTION ( 'NONE',  ( 0.000000000000000000, 0.000000000000000000, -1.000000000000000000 ) ) ;
#2734 = DIRECTION ( 'NONE',  ( 0.000000000000000000, 0.000000000000000000, 1.000000000000000000 ) ) ;
#2735 = EDGE_LOOP ( 'NONE', ( #4067, #3787, #3043, #1815 ) ) ;
#2736 = EDGE_CURVE ( 'NONE', #1462, #4263, #2690, .T. ) ;
#2737 = ORIENTED_EDGE ( 'NONE', *, *, #1935, .T. ) ;
#2738 = VERTEX_POINT ( 'NONE', #3551 ) ;
#2739 = AXIS2_PLACEMENT_3D ( 'NONE', #2082, #4601, #2390 ) ;
#2740 = DIRECTION ( 'NONE',  ( 0.000000000000000000, 1.000000000000000000, 0.000000000000000000 ) ) ;
#2741 = LINE ( 'NONE', #4201, #2102 ) ;
#2742 = ORIENTED_EDGE ( 'NONE', *, *, #1818, .F. ) ;
#2743 = CARTESIAN_POINT ( 'NONE',  ( -12.09152595827489840, 7.000000000000000000, -12.09152595829761800 ) ) ;
#2744 = CIRCLE ( 'NONE', #3581, 0.5000000000000004441 ) ;
#2745 = DIRECTION ( 'NONE',  ( 0.000000000000000000, 0.000000000000000000, -1.000000000000000000 ) ) ;
#2746 = AXIS2_PLACEMENT_3D ( 'NONE', #1351, #1656, #630 ) ;
#2747 = ORIENTED_EDGE ( 'NONE', *, *, #3051, .F. ) ;
#2748 = CIRCLE ( 'NONE', #3505, 5.000000000000000888 ) ;
#2749 = VECTOR ( 'NONE', #1729, 1000.000000000000000 ) ;
#2750 = DIRECTION ( 'NONE',  ( 0.000000000000000000, -1.000000000000000000, 0.000000000000000000 ) ) ;
#2751 = EDGE_LOOP ( 'NONE', ( #229, #1084, #596, #1631 ) ) ;
#2752 = LINE ( 'NONE', #4583, #4371 ) ;
#2753 = LINE ( 'NONE', #3873, #3069 ) ;
#2754 = CARTESIAN_POINT ( 'NONE',  ( 15.01417418421904948, 13.00000000000000000, 8.990248804457680265 ) ) ;
#2755 = CARTESIAN_POINT ( 'NONE',  ( -14.00592448119571998, 1.100000000000000089, 2.102876153975159923 ) ) ;
#2756 = CARTESIAN_POINT ( 'NONE',  ( 2.791025617962304750, 13.00000000000000000, -17.77599999999049984 ) ) ;
#2757 = CIRCLE ( 'NONE', #1469, 2.799999999992634603 ) ;
#2758 = FACE_OUTER_BOUND ( 'NONE', #1697, .T. ) ;
#2759 = EDGE_CURVE ( 'NONE', #3939, #1964, #296, .T. ) ;
#2760 = ORIENTED_EDGE ( 'NONE', *, *, #1111, .T. ) ;
#2761 = ORIENTED_EDGE ( 'NONE', *, *, #2977, .F. ) ;
#2762 = ORIENTED_EDGE ( 'NONE', *, *, #3545, .F. ) ;
#2763 = CYLINDRICAL_SURFACE ( 'NONE', #84, 1.649999999999998579 ) ;
#2764 = AXIS2_PLACEMENT_3D ( 'NONE', #2812, #4048, #1726 ) ;
#2765 = DIRECTION ( 'NONE',  ( 0.000000000000000000, 0.000000000000000000, -1.000000000000000000 ) ) ;
#2766 = EDGE_CURVE ( 'NONE', #354, #4120, #4363, .T. ) ;
#2767 = CIRCLE ( 'NONE', #722, 2.500000000000000000 ) ;
#2768 = AXIS2_PLACEMENT_3D ( 'NONE', #4639, #4615, #1352 ) ;
#2769 = ORIENTED_EDGE ( 'NONE', *, *, #4151, .T. ) ;
#2770 = CIRCLE ( 'NONE', #1331, 0.5000000000000004441 ) ;
#2771 = FACE_OUTER_BOUND ( 'NONE', #3090, .T. ) ;
#2772 = CARTESIAN_POINT ( 'NONE',  ( 0.000000000000000000, 2.000000000000000000, 0.000000000000000000 ) ) ;
#2773 = CYLINDRICAL_SURFACE ( 'NONE', #1101, 5.000000000000000000 ) ;
#2774 = CIRCLE ( 'NONE', #2557, 24.00000000000000000 ) ;
#2775 = ADVANCED_FACE ( 'NONE', ( #1571, #3781 ), #1213, .T. ) ;
#2776 = ORIENTED_EDGE ( 'NONE', *, *, #792, .T. ) ;
#2777 = AXIS2_PLACEMENT_3D ( 'NONE', #1514, #2015, #1905 ) ;
#2778 = LINE ( 'NONE', #605, #4143 ) ;
#2779 = ORIENTED_EDGE ( 'NONE', *, *, #3225, .F. ) ;
#2780 = LINE ( 'NONE', #583, #3918 ) ;
#2781 = DIRECTION ( 'NONE',  ( 0.2588190451034285133, 0.000000000000000000, -0.9659258262888249513 ) ) ;
#2782 = CARTESIAN_POINT ( 'NONE',  ( 2.870769207046929949, 7.000000000000000000, -17.76959999999040107 ) ) ;
#2783 = CARTESIAN_POINT ( 'NONE',  ( 0.000000000000000000, -2.000000000000000000, 0.000000000000000000 ) ) ;
#2784 = DIRECTION ( 'NONE',  ( 0.000000000000000000, 1.000000000000000000, 0.000000000000000000 ) ) ;
#2785 = CARTESIAN_POINT ( 'NONE',  ( 4.440892098500625152E-13, 13.00000000000000000, 6.050715484207100722E-12 ) ) ;
#2786 = ORIENTED_EDGE ( 'NONE', *, *, #4452, .T. ) ;
#2787 = EDGE_LOOP ( 'NONE', ( #2786, #1832, #3315, #131 ) ) ;
#2788 = CARTESIAN_POINT ( 'NONE',  ( -12.09152595827489840, 7.000000000000000000, -12.09152595829761800 ) ) ;
#2789 = FACE_OUTER_BOUND ( 'NONE', #3649, .T. ) ;
#2790 = ADVANCED_FACE ( 'NONE', ( #3711 ), #2314, .F. ) ;
#2791 = FACE_OUTER_BOUND ( 'NONE', #2296, .T. ) ;
#2792 = ADVANCED_FACE ( 'NONE', ( #521 ), #818, .T. ) ;
#2793 = CARTESIAN_POINT ( 'NONE',  ( -12.02987146123531836, 4.000000000000000000, -7.080123992947440215 ) ) ;
#2794 = DIRECTION ( 'NONE',  ( 0.000000000000000000, -1.000000000000000000, 0.000000000000000000 ) ) ;
#2795 = ORIENTED_EDGE ( 'NONE', *, *, #4106, .T. ) ;
#2796 = AXIS2_PLACEMENT_3D ( 'NONE', #392, #2587, #1506 ) ;
#2797 = CARTESIAN_POINT ( 'NONE',  ( 16.65346887701635126, -2.000000000000000000, 4.462283536796289418 ) ) ;
#2798 = VERTEX_POINT ( 'NONE', #859 ) ;
#2799 = DIRECTION ( 'NONE',  ( 0.000000000000000000, 1.000000000000000000, 0.000000000000000000 ) ) ;
#2800 = EDGE_CURVE ( 'NONE', #2602, #3171, #2991, .T. ) ;
#2801 = DIRECTION ( 'NONE',  ( 0.000000000000000000, -1.000000000000000000, 0.000000000000000000 ) ) ;
#2802 = CARTESIAN_POINT ( 'NONE',  ( -13.52441736208814049, -16.01280737409345178, -9.121111998026860235 ) ) ;
#2803 = DIRECTION ( 'NONE',  ( 0.000000000000000000, 1.000000000000000000, 0.000000000000000000 ) ) ;
#2804 = DIRECTION ( 'NONE',  ( 0.000000000000000000, -1.000000000000000000, 0.000000000000000000 ) ) ;
#2805 = VERTEX_POINT ( 'NONE', #2623 ) ;
#2806 = VECTOR ( 'NONE', #3567, 1000.000000000000000 ) ;
#2807 = DIRECTION ( 'NONE',  ( 0.000000000000000000, -1.000000000000000000, 0.000000000000000000 ) ) ;
#2808 = AXIS2_PLACEMENT_3D ( 'NONE', #2946, #3688, #1448 ) ;
#2809 = VERTEX_POINT ( 'NONE', #3756 ) ;
#2810 = ORIENTED_EDGE ( 'NONE', *, *, #74, .T. ) ;
#2811 = FACE_OUTER_BOUND ( 'NONE', #4205, .T. ) ;
#2812 = CARTESIAN_POINT ( 'NONE',  ( 16.51733162954249678, 7.000000000000000000, -4.425805671237439398 ) ) ;
#2813 = CARTESIAN_POINT ( 'NONE',  ( 2.292628186187264827, 7.000000000000000000, -17.31599999999110295 ) ) ;
#2814 = FACE_OUTER_BOUND ( 'NONE', #3099, .T. ) ;
#2815 = FACE_OUTER_BOUND ( 'NONE', #3846, .T. ) ;
#2816 = EDGE_CURVE ( 'NONE', #3091, #3714, #838, .T. ) ;
#2817 = VERTEX_POINT ( 'NONE', #4096 ) ;
#2818 = VERTEX_POINT ( 'NONE', #3083 ) ;
#2819 = DIRECTION ( 'NONE',  ( 0.000000000000000000, -1.000000000000000000, 0.000000000000000000 ) ) ;
#2820 = CARTESIAN_POINT ( 'NONE',  ( 4.440892098500625152E-13, 13.00000000000000000, 6.050715484207100722E-12 ) ) ;
#2821 = DIRECTION ( 'NONE',  ( 0.000000000000000000, -1.000000000000000000, 0.000000000000000000 ) ) ;
#2822 = CARTESIAN_POINT ( 'NONE',  ( 3.752876153999289865, 13.00000000000000000, -15.65592448118869839 ) ) ;
#2823 = EDGE_CURVE ( 'NONE', #2567, #2968, #106, .T. ) ;
#2824 = EDGE_CURVE ( 'NONE', #4533, #4481, #869, .T. ) ;
#2825 = AXIS2_PLACEMENT_3D ( 'NONE', #4033, #4056, #2862 ) ;
#2826 = CARTESIAN_POINT ( 'NONE',  ( -4.425805671266068941, 2.474516600406095002, 14.91733162953354075 ) ) ;
#2827 = CARTESIAN_POINT ( 'NONE',  ( 10.25304832719691994, 1.100000000000000089, 10.25304832721533899 ) ) ;
#2828 = DIRECTION ( 'NONE',  ( 0.7071067811859576002, 0.000000000000000000, 0.7071067811871375453 ) ) ;
#2829 = DIRECTION ( 'NONE',  ( 0.000000000000000000, -1.000000000000000000, 0.000000000000000000 ) ) ;
#2830 = VECTOR ( 'NONE', #1931, 1000.000000000000000 ) ;
#2831 = VERTEX_POINT ( 'NONE', #3396 ) ;
#2832 = ORIENTED_EDGE ( 'NONE', *, *, #3165, .T. ) ;
#2833 = CARTESIAN_POINT ( 'NONE',  ( 1.552914270609370151, -16.01280737409345178, 5.795554957734689872 ) ) ;
#2834 = CARTESIAN_POINT ( 'NONE',  ( -0.7636791219763340299, 4.000000000000000000, 16.37305085188605247 ) ) ;
#2835 = EDGE_CURVE ( 'NONE', #3654, #1365, #1262, .T. ) ;
#2836 = DIRECTION ( 'NONE',  ( 0.000000000000000000, 0.000000000000000000, -1.000000000000000000 ) ) ;
#2837 = DIRECTION ( 'NONE',  ( 0.000000000000000000, 1.000000000000000000, 0.000000000000000000 ) ) ;
#2838 = PRESENTATION_LAYER_ASSIGNMENT (  '', '', ( #2539 ) ) ;
#2839 = DIRECTION ( 'NONE',  ( 0.000000000000000000, 0.000000000000000000, -1.000000000000000000 ) ) ;
#2840 = VECTOR ( 'NONE', #2094, 1000.000000000000000 ) ;
#2841 = VERTEX_POINT ( 'NONE', #3371 ) ;
#2842 = EDGE_LOOP ( 'NONE', ( #2343, #4185 ) ) ;
#2843 = AXIS2_PLACEMENT_3D ( 'NONE', #186, #2750, #901 ) ;
#2844 = DIRECTION ( 'NONE',  ( 0.000000000000000000, 0.000000000000000000, -1.000000000000000000 ) ) ;
#2845 = VECTOR ( 'NONE', #2801, 1000.000000000000000 ) ;
#2846 = DIRECTION ( 'NONE',  ( -1.156482317317871725E-15, 0.000000000000000000, -1.000000000000000000 ) ) ;
#2847 = EDGE_CURVE ( 'NONE', #3356, #3767, #1550, .T. ) ;
#2848 = FACE_OUTER_BOUND ( 'NONE', #117, .T. ) ;
#2849 = VECTOR ( 'NONE', #2700, 999.9999999999998863 ) ;
#2850 = LINE ( 'NONE', #4305, #1009 ) ;
#2851 = DIRECTION ( 'NONE',  ( 0.000000000000000000, 0.000000000000000000, -1.000000000000000000 ) ) ;
#2852 = EDGE_CURVE ( 'NONE', #582, #1158, #184, .T. ) ;
#2853 = DIRECTION ( 'NONE',  ( 0.000000000000000000, 0.000000000000000000, -1.000000000000000000 ) ) ;
#2854 = ORIENTED_EDGE ( 'NONE', *, *, #1686, .F. ) ;
#2855 = VERTEX_POINT ( 'NONE', #2681 ) ;
#2856 = CARTESIAN_POINT ( 'NONE',  ( -4.144419513987694259, -16.01280737409345178, 15.46718419402389877 ) ) ;
#2857 = VERTEX_POINT ( 'NONE', #1234 ) ;
#2858 = ADVANCED_FACE ( 'NONE', ( #164 ), #4142, .F. ) ;
#2859 = ORIENTED_EDGE ( 'NONE', *, *, #2071, .F. ) ;
#2860 = VECTOR ( 'NONE', #640, 1000.000000000000000 ) ;
#2861 = EDGE_LOOP ( 'NONE', ( #843, #2225, #4108, #2684, #940, #2648 ) ) ;
#2862 = DIRECTION ( 'NONE',  ( 0.000000000000000000, 0.000000000000000000, -1.000000000000000000 ) ) ;
#2863 = DIRECTION ( 'NONE',  ( 0.000000000000000000, 0.000000000000000000, -1.000000000000000000 ) ) ;
#2864 = DIRECTION ( 'NONE',  ( 0.000000000000000000, 0.000000000000000000, -1.000000000000000000 ) ) ;
#2865 = ORIENTED_EDGE ( 'NONE', *, *, #2231, .F. ) ;
#2866 = ORIENTED_EDGE ( 'NONE', *, *, #534, .T. ) ;
#2867 = EDGE_CURVE ( 'NONE', #1005, #591, #634, .T. ) ;
#2868 = FACE_OUTER_BOUND ( 'NONE', #4332, .T. ) ;
#2869 = CARTESIAN_POINT ( 'NONE',  ( 0.000000000000000000, 4.000000000000000000, 0.000000000000000000 ) ) ;
#2870 = ORIENTED_EDGE ( 'NONE', *, *, #2534, .T. ) ;
#2871 = CARTESIAN_POINT ( 'NONE',  ( -10.12179914869816066, 13.00000000000000000, 4.306876129337370074 ) ) ;
#2872 = CARTESIAN_POINT ( 'NONE',  ( -7.080123992924840515, 4.000000000000000000, -12.02987146124861795 ) ) ;
#2873 = CARTESIAN_POINT ( 'NONE',  ( 16.51733162954249678, 10.44999999999999929, -6.675805671237439398 ) ) ;
#2874 = CARTESIAN_POINT ( 'NONE',  ( 8.493357897909710630, 7.000000000000000000, 15.06984668221980073 ) ) ;
#2875 = CARTESIAN_POINT ( 'NONE',  ( 16.51733162954249678, 7.000000000000000000, -4.425805671237439398 ) ) ;
#2876 = VECTOR ( 'NONE', #3597, 1000.000000000000114 ) ;
#2877 = EDGE_CURVE ( 'NONE', #781, #62, #3214, .T. ) ;
#2878 = VERTEX_POINT ( 'NONE', #907 ) ;
#2879 = CARTESIAN_POINT ( 'NONE',  ( -4.425805671271993980, 13.00000000000000000, 16.51733162954329970 ) ) ;
#2880 = PLANE ( 'NONE',  #325 ) ;
#2881 = DIRECTION ( 'NONE',  ( 0.000000000000000000, 1.000000000000000000, 0.000000000000000000 ) ) ;
#2882 = CARTESIAN_POINT ( 'NONE',  ( 15.46718419403264910, -16.01280737409345178, -4.144419513958909285 ) ) ;
#2883 = ORIENTED_EDGE ( 'NONE', *, *, #3545, .T. ) ;
#2884 = CARTESIAN_POINT ( 'NONE',  ( -14.37213498646821996, -2.000000000000000000, 19.22086720027834872 ) ) ;
#2885 = ORIENTED_EDGE ( 'NONE', *, *, #1379, .T. ) ;
#2886 = CARTESIAN_POINT ( 'NONE',  ( 0.000000000000000000, -2.000000000000000000, 0.000000000000000000 ) ) ;
#2887 = DIRECTION ( 'NONE',  ( 0.000000000000000000, 0.000000000000000000, -1.000000000000000000 ) ) ;
#2888 = FACE_OUTER_BOUND ( 'NONE', #3009, .T. ) ;
#2889 = DIRECTION ( 'NONE',  ( 0.000000000000000000, -1.000000000000000000, 0.000000000000000000 ) ) ;
#2890 = FACE_OUTER_BOUND ( 'NONE', #187, .T. ) ;
#2891 = DIRECTION ( 'NONE',  ( 0.000000000000000000, 0.000000000000000000, -1.000000000000000000 ) ) ;
#2892 = DIRECTION ( 'NONE',  ( 0.000000000000000000, 1.000000000000000000, 0.000000000000000000 ) ) ;
#2893 = EDGE_CURVE ( 'NONE', #4613, #3356, #1703, .T. ) ;
#2894 = AXIS2_PLACEMENT_3D ( 'NONE', #2295, #841, #2318 ) ;
#2895 = CIRCLE ( 'NONE', #3049, 2.999999999999999112 ) ;
#2896 = AXIS2_PLACEMENT_3D ( 'NONE', #2986, #4446, #2964 ) ;
#2897 = AXIS2_PLACEMENT_3D ( 'NONE', #1717, #2920, #4004 ) ;
#2898 = ORIENTED_EDGE ( 'NONE', *, *, #943, .T. ) ;
#2899 = CARTESIAN_POINT ( 'NONE',  ( -6.878112293239539987, 7.000000000000000000, 12.14650297043998073 ) ) ;
#2900 = EDGE_CURVE ( 'NONE', #63, #4168, #3364, .T. ) ;
#2901 = EDGE_CURVE ( 'NONE', #1520, #1417, #4211, .T. ) ;
#2902 = ORIENTED_EDGE ( 'NONE', *, *, #1938, .T. ) ;
#2903 = ORIENTED_EDGE ( 'NONE', *, *, #231, .T. ) ;
#2904 = CARTESIAN_POINT ( 'NONE',  ( -9.459691784991999697, 3.000000000000000000, -22.05706760503205288 ) ) ;
#2905 = DIRECTION ( 'NONE',  ( 0.000000000000000000, 0.000000000000000000, 1.000000000000000000 ) ) ;
#2906 = VERTEX_POINT ( 'NONE', #3105 ) ;
#2907 = EDGE_CURVE ( 'NONE', #4311, #1673, #3462, .T. ) ;
#2908 = AXIS2_PLACEMENT_3D ( 'NONE', #1803, #3222, #1419 ) ;
#2909 = LINE ( 'NONE', #4696, #2399 ) ;
#2910 = EDGE_LOOP ( 'NONE', ( #2010, #3558, #374, #2011 ) ) ;
#2911 = AXIS2_PLACEMENT_3D ( 'NONE', #3925, #3563, #1760 ) ;
#2912 = CARTESIAN_POINT ( 'NONE',  ( 2.001326003441140444E-12, 3.000000000000000000, -7.469050327326141492E-12 ) ) ;
#2913 = ORIENTED_EDGE ( 'NONE', *, *, #1451, .F. ) ;
#2914 = CARTESIAN_POINT ( 'NONE',  ( 4.462283536770000225, -2.000000000000000000, 16.65346887702364853 ) ) ;
#2915 = CIRCLE ( 'NONE', #872, 0.5000000000000000000 ) ;
#2916 = CARTESIAN_POINT ( 'NONE',  ( 23.83182677144225181, -2.000000000000000000, 2.836200404761485050 ) ) ;
#2917 = SURFACE_STYLE_USAGE ( .BOTH. , #4684 ) ;
#2918 = CIRCLE ( 'NONE', #3753, 1.600000000000000755 ) ;
#2919 = AXIS2_PLACEMENT_3D ( 'NONE', #1208, #135, #3054 ) ;
#2920 = DIRECTION ( 'NONE',  ( 0.000000000000000000, -1.000000000000000000, 0.000000000000000000 ) ) ;
#2921 = AXIS2_PLACEMENT_3D ( 'NONE', #4530, #2423, #994 ) ;
#2922 = DIRECTION ( 'NONE',  ( 0.000000000000000000, 0.000000000000000000, 1.000000000000000000 ) ) ;
#2923 = DIRECTION ( 'NONE',  ( 0.000000000000000000, -1.000000000000000000, 0.000000000000000000 ) ) ;
#2924 = CARTESIAN_POINT ( 'NONE',  ( 15.25775738197975073, 4.000000000000000000, -2.561409598811670296 ) ) ;
#2925 = AXIS2_PLACEMENT_3D ( 'NONE', #2544, #2475, #710 ) ;
#2926 = CIRCLE ( 'NONE', #3534, 4.999999999999999112 ) ;
#2927 = ORIENTED_EDGE ( 'NONE', *, *, #3764, .F. ) ;
#2928 = ORIENTED_EDGE ( 'NONE', *, *, #1246, .F. ) ;
#2929 = CARTESIAN_POINT ( 'NONE',  ( 4.440892098500625152E-13, 13.00000000000000000, 6.050715484207100722E-12 ) ) ;
#2930 = EDGE_LOOP ( 'NONE', ( #1968, #1668 ) ) ;
#2931 = ADVANCED_FACE ( 'NONE', ( #3540 ), #1683, .F. ) ;
#2932 = FACE_OUTER_BOUND ( 'NONE', #3834, .T. ) ;
#2933 = ORIENTED_EDGE ( 'NONE', *, *, #3300, .F. ) ;
#2934 = CARTESIAN_POINT ( 'NONE',  ( -19.29993415438984883, 3.000000000000000000, -8.277230311898829740 ) ) ;
#2935 = DIRECTION ( 'NONE',  ( 0.000000000000000000, -1.000000000000000000, 0.000000000000000000 ) ) ;
#2936 = ORIENTED_EDGE ( 'NONE', *, *, #2308, .F. ) ;
#2937 = ORIENTED_EDGE ( 'NONE', *, *, #4454, .F. ) ;
#2938 = ADVANCED_FACE ( 'NONE', ( #4641 ), #3851, .F. ) ;
#2939 = VECTOR ( 'NONE', #4373, 1000.000000000000000 ) ;
#2940 = DIRECTION ( 'NONE',  ( 0.000000000000000000, 0.000000000000000000, -1.000000000000000000 ) ) ;
#2941 = ORIENTED_EDGE ( 'NONE', *, *, #162, .T. ) ;
#2942 = DIRECTION ( 'NONE',  ( 0.000000000000000000, 0.000000000000000000, 1.000000000000000000 ) ) ;
#2943 = LINE ( 'NONE', #1824, #665 ) ;
#2944 = FACE_BOUND ( 'NONE', #3698, .T. ) ;
#2945 = CYLINDRICAL_SURFACE ( 'NONE', #3941, 2.500000000000000000 ) ;
#2946 = CARTESIAN_POINT ( 'NONE',  ( 7.003539777745520389, 4.000000000000000000, -13.26463081210841999 ) ) ;
#2947 = DIRECTION ( 'NONE',  ( 0.000000000000000000, 1.000000000000000000, 0.000000000000000000 ) ) ;
#2948 = AXIS2_PLACEMENT_3D ( 'NONE', #3779, #4046, #4401 ) ;
#2949 = CIRCLE ( 'NONE', #1814, 3.000000000000000000 ) ;
#2950 = ORIENTED_EDGE ( 'NONE', *, *, #2707, .F. ) ;
#2951 = ORIENTED_EDGE ( 'NONE', *, *, #1658, .F. ) ;
#2952 = FACE_OUTER_BOUND ( 'NONE', #2024, .T. ) ;
#2953 = ORIENTED_EDGE ( 'NONE', *, *, #3484, .F. ) ;
#2954 = EDGE_LOOP ( 'NONE', ( #4297, #183 ) ) ;
#2955 = DIRECTION ( 'NONE',  ( 0.000000000000000000, 0.000000000000000000, 1.000000000000000000 ) ) ;
#2956 = LINE ( 'NONE', #4034, #2876 ) ;
#2957 = DIRECTION ( 'NONE',  ( 0.000000000000000000, -1.000000000000000000, 0.000000000000000000 ) ) ;
#2958 = ORIENTED_EDGE ( 'NONE', *, *, #1002, .F. ) ;
#2959 = AXIS2_PLACEMENT_3D ( 'NONE', #3588, #1427, #2853 ) ;
#2960 = EDGE_LOOP ( 'NONE', ( #1634, #3286, #590, #1073 ) ) ;
#2961 = CARTESIAN_POINT ( 'NONE',  ( 0.000000000000000000, 7.000000000000000000, 0.000000000000000000 ) ) ;
#2962 = ORIENTED_EDGE ( 'NONE', *, *, #632, .F. ) ;
#2963 = CARTESIAN_POINT ( 'NONE',  ( -12.09152595827489840, 10.44999999999999929, -12.09152595829761800 ) ) ;
#2964 = DIRECTION ( 'NONE',  ( 0.000000000000000000, 0.000000000000000000, -1.000000000000000000 ) ) ;
#2965 = EDGE_CURVE ( 'NONE', #1394, #3669, #2120, .T. ) ;
#2966 = CARTESIAN_POINT ( 'NONE',  ( 14.31250568381875965, 3.000000000000000000, -10.06986499666824031 ) ) ;
#2967 = AXIS2_PLACEMENT_3D ( 'NONE', #2109, #4627, #2465 ) ;
#2968 = VERTEX_POINT ( 'NONE', #2782 ) ;
#2969 = DIRECTION ( 'NONE',  ( 0.000000000000000000, 0.000000000000000000, -1.000000000000000000 ) ) ;
#2970 = DIRECTION ( 'NONE',  ( 0.000000000000000000, 0.000000000000000000, -1.000000000000000000 ) ) ;
#2971 = EDGE_CURVE ( 'NONE', #2086, #281, #2100, .T. ) ;
#2972 = DIRECTION ( 'NONE',  ( 0.000000000000000000, -1.000000000000000000, 0.000000000000000000 ) ) ;
#2973 = ADVANCED_FACE ( 'NONE', ( #3129 ), #1354, .F. ) ;
#2974 = VERTEX_POINT ( 'NONE', #310 ) ;
#2975 = DIRECTION ( 'NONE',  ( 0.000000000000000000, -1.000000000000000000, 0.000000000000000000 ) ) ;
#2976 = CIRCLE ( 'NONE', #2746, 3.000000000000000888 ) ;
#2977 = EDGE_CURVE ( 'NONE', #4549, #3174, #210, .T. ) ;
#2978 = VECTOR ( 'NONE', #1048, 1000.000000000000000 ) ;
#2979 = ORIENTED_EDGE ( 'NONE', *, *, #2847, .T. ) ;
#2980 = EDGE_LOOP ( 'NONE', ( #836, #845, #2979, #840 ) ) ;
#2981 = FACE_OUTER_BOUND ( 'NONE', #3959, .T. ) ;
#2982 = ORIENTED_EDGE ( 'NONE', *, *, #3552, .T. ) ;
#2983 = EDGE_LOOP ( 'NONE', ( #2012, #1653, #952, #3491 ) ) ;
#2984 = CARTESIAN_POINT ( 'NONE',  ( 2.212024512716165113E-11, 7.000000000000000000, -17.49999999999394973 ) ) ;
#2985 = CARTESIAN_POINT ( 'NONE',  ( 3.752876153999289865, 1.100000000000000089, -14.00592448118869981 ) ) ;
#2986 = CARTESIAN_POINT ( 'NONE',  ( 0.000000000000000000, 2.000000000000000000, 0.000000000000000000 ) ) ;
#2987 = CARTESIAN_POINT ( 'NONE',  ( 16.37305085188800291, 4.000000000000000000, -0.7636791219474990955 ) ) ;
#2988 = ORIENTED_EDGE ( 'NONE', *, *, #2018, .F. ) ;
#2989 = CARTESIAN_POINT ( 'NONE',  ( 16.51733162954249678, 2.474516600406095002, -4.425805671237444727 ) ) ;
#2990 = VERTEX_POINT ( 'NONE', #4617 ) ;
#2991 = CIRCLE ( 'NONE', #2093, 1.600000000000000755 ) ;
#2992 = CARTESIAN_POINT ( 'NONE',  ( 4.440892098500625152E-13, 13.00000000000000000, 6.050715484207100722E-12 ) ) ;
#2993 = DIRECTION ( 'NONE',  ( 0.000000000000000000, 1.000000000000000000, 0.000000000000000000 ) ) ;
#2994 = AXIS2_PLACEMENT_3D ( 'NONE', #1904, #1186, #3261 ) ;
#2995 = EDGE_CURVE ( 'NONE', #281, #4674, #2469, .T. ) ;
#2996 = ORIENTED_EDGE ( 'NONE', *, *, #609, .T. ) ;
#2997 = CARTESIAN_POINT ( 'NONE',  ( 2.791025617962304750, 13.00000000000000000, -17.27599999999049984 ) ) ;
#2998 = AXIS2_PLACEMENT_3D ( 'NONE', #204, #280, #3532 ) ;
#2999 = VECTOR ( 'NONE', #3139, 1000.000000000000000 ) ;
#3000 = ORIENTED_EDGE ( 'NONE', *, *, #970, .T. ) ;
#3001 = ORIENTED_EDGE ( 'NONE', *, *, #2176, .T. ) ;
#3002 = EDGE_CURVE ( 'NONE', #54, #1487, #411, .T. ) ;
#3003 = CARTESIAN_POINT ( 'NONE',  ( 0.000000000000000000, -2.000000000000000000, 0.000000000000000000 ) ) ;
#3004 = EDGE_LOOP ( 'NONE', ( #3451, #3789, #798, #589 ) ) ;
#3005 = VERTEX_POINT ( 'NONE', #930 ) ;
#3006 = DIRECTION ( 'NONE',  ( 0.000000000000000000, 0.000000000000000000, 1.000000000000000000 ) ) ;
#3007 = FACE_OUTER_BOUND ( 'NONE', #1644, .T. ) ;
#3008 = FACE_BOUND ( 'NONE', #780, .T. ) ;
#3009 = EDGE_LOOP ( 'NONE', ( #79, #2369, #4331, #172 ) ) ;
#3010 = DIRECTION ( 'NONE',  ( 0.000000000000000000, -0.7071067811865441310, -0.7071067811865510144 ) ) ;
#3011 = PLANE ( 'NONE',  #2252 ) ;
#3012 = CARTESIAN_POINT ( 'NONE',  ( -4.425805671266068941, 7.000000000000000000, 16.51733162953355105 ) ) ;
#3013 = EDGE_CURVE ( 'NONE', #1850, #105, #946, .T. ) ;
#3014 = ORIENTED_EDGE ( 'NONE', *, *, #1284, .F. ) ;
#3015 = ORIENTED_EDGE ( 'NONE', *, *, #749, .F. ) ;
#3016 = DIRECTION ( 'NONE',  ( 0.000000000000000000, 0.000000000000000000, -1.000000000000000000 ) ) ;
#3017 = EDGE_CURVE ( 'NONE', #1420, #4674, #487, .T. ) ;
#3018 = EDGE_LOOP ( 'NONE', ( #178, #1103, #4475, #2936 ) ) ;
#3019 = ORIENTED_EDGE ( 'NONE', *, *, #3470, .F. ) ;
#3020 = AXIS2_PLACEMENT_3D ( 'NONE', #211, #2732, #3158 ) ;
#3021 = ORIENTED_EDGE ( 'NONE', *, *, #2901, .T. ) ;
#3022 = CARTESIAN_POINT ( 'NONE',  ( -15.29287094310670092, 13.00000000000000000, 8.507531858157960869 ) ) ;
#3023 = CIRCLE ( 'NONE', #2127, 13.00000000000000000 ) ;
#3024 = EDGE_CURVE ( 'NONE', #4386, #1150, #336, .T. ) ;
#3025 = ORIENTED_EDGE ( 'NONE', *, *, #2346, .T. ) ;
#3026 = ORIENTED_EDGE ( 'NONE', *, *, #3666, .T. ) ;
#3027 = AXIS2_PLACEMENT_3D ( 'NONE', #4146, #1616, #3060 ) ;
#3028 = DIRECTION ( 'NONE',  ( 0.000000000000000000, 1.000000000000000000, 0.000000000000000000 ) ) ;
#3029 = DIRECTION ( 'NONE',  ( 0.000000000000000000, 0.000000000000000000, -1.000000000000000000 ) ) ;
#3030 = AXIS2_PLACEMENT_3D ( 'NONE', #3955, #2192, #2578 ) ;
#3031 = EDGE_CURVE ( 'NONE', #3939, #4017, #233, .T. ) ;
#3032 = EDGE_LOOP ( 'NONE', ( #3508, #2913, #443, #4172 ) ) ;
#3033 = CARTESIAN_POINT ( 'NONE',  ( 14.60528389891874035, 4.000000000000000000, 2.298183056529814916 ) ) ;
#3034 = ORIENTED_EDGE ( 'NONE', *, *, #4516, .F. ) ;
#3035 = FACE_OUTER_BOUND ( 'NONE', #3032, .T. ) ;
#3036 = ADVANCED_FACE ( 'NONE', ( #3875 ), #610, .F. ) ;
#3037 = DIRECTION ( 'NONE',  ( 0.000000000000000000, -1.000000000000000000, 0.000000000000000000 ) ) ;
#3038 = DIRECTION ( 'NONE',  ( 0.000000000000000000, -1.000000000000000000, 0.000000000000000000 ) ) ;
#3039 = LINE ( 'NONE', #347, #2426 ) ;
#3040 = ORIENTED_EDGE ( 'NONE', *, *, #3576, .T. ) ;
#3041 = CARTESIAN_POINT ( 'NONE',  ( 15.01417418421904948, 13.00000000000000000, 8.990248804457680265 ) ) ;
#3042 = EDGE_LOOP ( 'NONE', ( #4478, #4700, #60, #1922 ) ) ;
#3043 = ORIENTED_EDGE ( 'NONE', *, *, #3017, .F. ) ;
#3044 = ORIENTED_EDGE ( 'NONE', *, *, #2759, .F. ) ;
#3045 = EDGE_CURVE ( 'NONE', #1203, #1420, #259, .T. ) ;
#3046 = MANIFOLD_SOLID_BREP ( 'NONE', #1880 ) ;
#3047 = CARTESIAN_POINT ( 'NONE',  ( 0.5670720421381290066, 7.000000000000000000, -14.98927714397946076 ) ) ;
#3048 = AXIS2_PLACEMENT_3D ( 'NONE', #864, #4148, #4476 ) ;
#3049 = AXIS2_PLACEMENT_3D ( 'NONE', #2458, #3978, #4325 ) ;
#3050 = ORIENTED_EDGE ( 'NONE', *, *, #2965, .T. ) ;
#3051 = EDGE_CURVE ( 'NONE', #1150, #34, #3975, .T. ) ;
#3052 = CARTESIAN_POINT ( 'NONE',  ( -10.12179914869816066, 7.000000000000000000, 4.306876129337370074 ) ) ;
#3053 = DIRECTION ( 'NONE',  ( -0.000000000000000000, 1.000000000000000000, 0.000000000000000000 ) ) ;
#3054 = DIRECTION ( 'NONE',  ( 0.000000000000000000, 0.000000000000000000, 1.000000000000000000 ) ) ;
#3055 = ORIENTED_EDGE ( 'NONE', *, *, #1224, .F. ) ;
#3056 = CARTESIAN_POINT ( 'NONE',  ( 14.31250568381875965, 3.000000000000000000, -10.06986499666824031 ) ) ;
#3057 = CYLINDRICAL_SURFACE ( 'NONE', #4217, 0.5000000000000004441 ) ;
#3058 = DIRECTION ( 'NONE',  ( 0.000000000000000000, -1.000000000000000000, 0.000000000000000000 ) ) ;
#3059 = AXIS2_PLACEMENT_3D ( 'NONE', #3731, #456, #1912 ) ;
#3060 = DIRECTION ( 'NONE',  ( 0.000000000000000000, 0.000000000000000000, -1.000000000000000000 ) ) ;
#3061 = ORIENTED_EDGE ( 'NONE', *, *, #2824, .F. ) ;
#3062 = CARTESIAN_POINT ( 'NONE',  ( 10.25304832719691994, 13.00000000000000000, 10.25304832721533899 ) ) ;
#3063 = ORIENTED_EDGE ( 'NONE', *, *, #3755, .T. ) ;
#3064 = AXIS2_PLACEMENT_3D ( 'NONE', #492, #1225, #3745 ) ;
#3065 = ORIENTED_EDGE ( 'NONE', *, *, #921, .F. ) ;
#3066 = ORIENTED_EDGE ( 'NONE', *, *, #4324, .T. ) ;
#3067 = AXIS2_PLACEMENT_3D ( 'NONE', #1678, #3125, #3777 ) ;
#3068 = EDGE_CURVE ( 'NONE', #3623, #1901, #3633, .T. ) ;
#3069 = VECTOR ( 'NONE', #2069, 1000.000000000000000 ) ;
#3070 = EDGE_LOOP ( 'NONE', ( #2883, #1744, #3467, #1677 ) ) ;
#3071 = DIRECTION ( 'NONE',  ( 0.000000000000000000, 1.000000000000000000, 0.000000000000000000 ) ) ;
#3072 = CIRCLE ( 'NONE', #1630, 27.50000000000000000 ) ;
#3073 = DIRECTION ( 'NONE',  ( 0.000000000000000000, 1.000000000000000000, 0.000000000000000000 ) ) ;
#3074 = AXIS2_PLACEMENT_3D ( 'NONE', #3972, #2118, #2846 ) ;
#3075 = ORIENTED_EDGE ( 'NONE', *, *, #2543, .T. ) ;
#3076 = CARTESIAN_POINT ( 'NONE',  ( 16.51733162954249678, 7.000000000000000000, -4.425805671237444727 ) ) ;
#3077 = DIRECTION ( 'NONE',  ( 0.000000000000000000, 1.000000000000000000, 0.000000000000000000 ) ) ;
#3078 = EDGE_CURVE ( 'NONE', #2239, #424, #1495, .T. ) ;
#3079 = LINE ( 'NONE', #1977, #2610 ) ;
#3080 = EDGE_LOOP ( 'NONE', ( #3001, #816, #2463, #3040 ) ) ;
#3081 = DIRECTION ( 'NONE',  ( 0.000000000000000000, 0.000000000000000000, 1.000000000000000000 ) ) ;
#3082 = CARTESIAN_POINT ( 'NONE',  ( -11.32276468004479852, -16.01280737409345178, -11.32276468006605974 ) ) ;
#3083 = CARTESIAN_POINT ( 'NONE',  ( 0.3780480280920860414, 7.000000000000000000, -9.992851429319649981 ) ) ;
#3084 = AXIS2_PLACEMENT_3D ( 'NONE', #2105, #195, #3543 ) ;
#3085 = CARTESIAN_POINT ( 'NONE',  ( -14.00592448119571998, 13.00000000000000000, 3.752876153975159834 ) ) ;
#3086 = CARTESIAN_POINT ( 'NONE',  ( 15.06984668219419987, 7.000000000000000000, 8.493357897950810198 ) ) ;
#3087 = CARTESIAN_POINT ( 'NONE',  ( 0.000000000000000000, 2.000000000000000000, -10.00000000000000000 ) ) ;
#3088 = EDGE_CURVE ( 'NONE', #19, #4613, #2144, .T. ) ;
#3089 = VERTEX_POINT ( 'NONE', #1444 ) ;
#3090 = EDGE_LOOP ( 'NONE', ( #3727, #2585, #3673, #3579 ) ) ;
#3091 = VERTEX_POINT ( 'NONE', #4022 ) ;
#3092 = CARTESIAN_POINT ( 'NONE',  ( -12.09152595827489840, 7.000000000000000000, -12.09152595829761800 ) ) ;
#3093 = DIRECTION ( 'NONE',  ( 0.000000000000000000, -1.000000000000000000, 0.000000000000000000 ) ) ;
#3094 = CIRCLE ( 'NONE', #3712, 2.799999999993505462 ) ;
#3095 = DIRECTION ( 'NONE',  ( 0.000000000000000000, 1.000000000000000000, 0.000000000000000000 ) ) ;
#3096 = CIRCLE ( 'NONE', #2196, 3.000000000000000888 ) ;
#3097 = EDGE_CURVE ( 'NONE', #1042, #1967, #1243, .T. ) ;
#3098 = CARTESIAN_POINT ( 'NONE',  ( 16.51733162954249678, 10.44999999999999929, -6.025805671237450589 ) ) ;
#3099 = EDGE_LOOP ( 'NONE', ( #2761, #3920, #4625, #826 ) ) ;
#3100 = CARTESIAN_POINT ( 'NONE',  ( -0.1166315092177653973, -16.01280737409345178, 13.95823628616395951 ) ) ;
#3101 = ORIENTED_EDGE ( 'NONE', *, *, #4164, .F. ) ;
#3102 = DIRECTION ( 'NONE',  ( 0.000000000000000000, -1.000000000000000000, 0.000000000000000000 ) ) ;
#3103 = EDGE_CURVE ( 'NONE', #3089, #145, #3906, .T. ) ;
#3104 = CARTESIAN_POINT ( 'NONE',  ( 1.107091175234934166, 13.00000000000000000, -14.92816230492726071 ) ) ;
#3105 = CARTESIAN_POINT ( 'NONE',  ( 1.296305019404839998, 3.000000000000000000, 14.44193869593185831 ) ) ;
#3106 = CARTESIAN_POINT ( 'NONE',  ( 10.25304832719691994, 1.100000000000000089, 11.90304832721533934 ) ) ;
#3107 = DIRECTION ( 'NONE',  ( 0.000000000000000000, 1.000000000000000000, 0.000000000000000000 ) ) ;
#3108 = EDGE_CURVE ( 'NONE', #4649, #916, #4505, .T. ) ;
#3109 = CARTESIAN_POINT ( 'NONE',  ( -9.121111998001438792, 4.000000000000000000, -13.52441736210528056 ) ) ;
#3110 = EDGE_LOOP ( 'NONE', ( #984, #1734 ) ) ;
#3111 = ORIENTED_EDGE ( 'NONE', *, *, #3384, .F. ) ;
#3112 = ORIENTED_EDGE ( 'NONE', *, *, #3513, .T. ) ;
#3113 = ORIENTED_EDGE ( 'NONE', *, *, #3732, .T. ) ;
#3114 = CARTESIAN_POINT ( 'NONE',  ( -4.425805671266068941, 10.44999999999999929, 18.76733162953355105 ) ) ;
#3115 = DIRECTION ( 'NONE',  ( 0.000000000000000000, 1.000000000000000000, 0.000000000000000000 ) ) ;
#3116 = DIRECTION ( 'NONE',  ( 0.000000000000000000, 0.000000000000000000, -1.000000000000000000 ) ) ;
#3117 = PLANE ( 'NONE',  #3713 ) ;
#3118 = ADVANCED_FACE ( 'NONE', ( #2888 ), #1047, .T. ) ;
#3119 = AXIS2_PLACEMENT_3D ( 'NONE', #3984, #20, #1793 ) ;
#3120 = DIRECTION ( 'NONE',  ( 0.000000000000000000, -1.000000000000000000, 0.000000000000000000 ) ) ;
#3121 = AXIS2_PLACEMENT_3D ( 'NONE', #928, #3896, #4558 ) ;
#3122 = EDGE_LOOP ( 'NONE', ( #3065, #544, #734, #2368 ) ) ;
#3123 = VERTEX_POINT ( 'NONE', #2502 ) ;
#3124 = AXIS2_PLACEMENT_3D ( 'NONE', #4042, #4465, #1205 ) ;
#3125 = DIRECTION ( 'NONE',  ( 0.000000000000000000, 1.000000000000000000, 0.000000000000000000 ) ) ;
#3126 = VERTEX_POINT ( 'NONE', #689 ) ;
#3127 = CARTESIAN_POINT ( 'NONE',  ( 1.564506057902144809, 3.000000000000000000, 17.42992601232879935 ) ) ;
#3128 = LINE ( 'NONE', #4187, #4144 ) ;
#3129 = FACE_OUTER_BOUND ( 'NONE', #439, .T. ) ;
#3130 = CARTESIAN_POINT ( 'NONE',  ( 4.306876129355624805, 7.000000000000000000, -10.12179914868242037 ) ) ;
#3131 = CYLINDRICAL_SURFACE ( 'NONE', #1981, 5.000000000000000888 ) ;
#3132 = CIRCLE ( 'NONE', #3746, 14.50000000001340084 ) ;
#3133 = DIRECTION ( 'NONE',  ( 0.000000000000000000, 1.000000000000000000, 0.000000000000000000 ) ) ;
#3134 = EDGE_CURVE ( 'NONE', #2386, #4390, #2669, .T. ) ;
#3135 = VERTEX_POINT ( 'NONE', #1781 ) ;
#3136 = VECTOR ( 'NONE', #1301, 1000.000000000000000 ) ;
#3137 = VERTEX_POINT ( 'NONE', #3226 ) ;
#3138 = ORIENTED_EDGE ( 'NONE', *, *, #4610, .T. ) ;
#3139 = DIRECTION ( 'NONE',  ( 0.000000000000000000, -1.000000000000000000, 0.000000000000000000 ) ) ;
#3140 = VERTEX_POINT ( 'NONE', #1422 ) ;
#3141 = CIRCLE ( 'NONE', #1476, 0.5000000000000000000 ) ;
#3142 = DIRECTION ( 'NONE',  ( 0.000000000000000000, 1.000000000000000000, 0.000000000000000000 ) ) ;
#3143 = CIRCLE ( 'NONE', #2994, 14.50000000001340084 ) ;
#3144 = ORIENTED_EDGE ( 'NONE', *, *, #1194, .T. ) ;
#3145 = CIRCLE ( 'NONE', #4675, 24.00000000000000000 ) ;
#3146 = CARTESIAN_POINT ( 'NONE',  ( 2.936703024355349594E-15, 7.000000000000000000, 23.98000000000000043 ) ) ;
#3147 = LINE ( 'NONE', #1675, #3634 ) ;
#3148 = FACE_BOUND ( 'NONE', #56, .T. ) ;
#3149 = AXIS2_PLACEMENT_3D ( 'NONE', #574, #1315, #4500 ) ;
#3150 = ORIENTED_EDGE ( 'NONE', *, *, #205, .T. ) ;
#3151 = CIRCLE ( 'NONE', #1185, 2.250000000000000000 ) ;
#3152 = CYLINDRICAL_SURFACE ( 'NONE', #1628, 1.650000000000000355 ) ;
#3153 = ORIENTED_EDGE ( 'NONE', *, *, #1255, .F. ) ;
#3154 = CARTESIAN_POINT ( 'NONE',  ( 0.000000000000000000, 1.100000000000000089, 0.000000000000000000 ) ) ;
#3155 = CARTESIAN_POINT ( 'NONE',  ( 8.790763713303510585, 13.00000000000000000, 6.612297130117049448 ) ) ;
#3156 = DIRECTION ( 'NONE',  ( 2.081668171172168908E-15, 0.000000000000000000, 1.000000000000000000 ) ) ;
#3157 = FACE_OUTER_BOUND ( 'NONE', #1606, .T. ) ;
#3158 = DIRECTION ( 'NONE',  ( 0.000000000000000000, 0.000000000000000000, -1.000000000000000000 ) ) ;
#3159 = CARTESIAN_POINT ( 'NONE',  ( -2.241640712596424834, -16.01280737409345178, 15.97703223723370058 ) ) ;
#3160 = FACE_OUTER_BOUND ( 'NONE', #1662, .T. ) ;
#3161 = VERTEX_POINT ( 'NONE', #2813 ) ;
#3162 = AXIS2_PLACEMENT_3D ( 'NONE', #1805, #3245, #2887 ) ;
#3163 = EDGE_LOOP ( 'NONE', ( #3664, #2605, #395, #1513 ) ) ;
#3164 = CARTESIAN_POINT ( 'NONE',  ( 3.752876153999289865, 13.00000000000000000, -14.00592448118869981 ) ) ;
#3165 = EDGE_CURVE ( 'NONE', #1184, #85, #4429, .T. ) ;
#3166 = CARTESIAN_POINT ( 'NONE',  ( 1.564506057902144809, -2.000000000000000000, 14.42992601232880112 ) ) ;
#3167 = CYLINDRICAL_SURFACE ( 'NONE', #1308, 0.4999999999999908962 ) ;
#3168 = DIRECTION ( 'NONE',  ( 0.000000000000000000, -1.000000000000000000, 0.000000000000000000 ) ) ;
#3169 = ADVANCED_FACE ( 'NONE', ( #2791 ), #3529, .F. ) ;
#3170 = DIRECTION ( 'NONE',  ( 0.7071067811871379893, 0.000000000000000000, -0.7071067811859570451 ) ) ;
#3171 = VERTEX_POINT ( 'NONE', #2112 ) ;
#3172 = CIRCLE ( 'NONE', #2796, 2.299999999980435916 ) ;
#3173 = CARTESIAN_POINT ( 'NONE',  ( -9.121111998001438792, -16.01280737409345178, -13.52441736210528056 ) ) ;
#3174 = VERTEX_POINT ( 'NONE', #1413 ) ;
#3175 = ORIENTED_EDGE ( 'NONE', *, *, #2130, .F. ) ;
#3176 = DIRECTION ( 'NONE',  ( 0.000000000000000000, 0.000000000000000000, -1.000000000000000000 ) ) ;
#3177 = CARTESIAN_POINT ( 'NONE',  ( 5.795554957733430435, 7.000000000000000000, 1.552914270620700199 ) ) ;
#3178 = DIRECTION ( 'NONE',  ( -2.081668171172168119E-15, 0.000000000000000000, 1.000000000000000000 ) ) ;
#3179 = EDGE_CURVE ( 'NONE', #3405, #136, #617, .T. ) ;
#3180 = DIRECTION ( 'NONE',  ( 0.000000000000000000, -1.000000000000000000, 0.000000000000000000 ) ) ;
#3181 = CARTESIAN_POINT ( 'NONE',  ( 16.81825880027384912, 3.000000000000000000, -15.57561811311915001 ) ) ;
#3182 = CARTESIAN_POINT ( 'NONE',  ( 19.22086720031299834, 3.000000000000000000, -14.37213498642189968 ) ) ;
#3183 = FACE_OUTER_BOUND ( 'NONE', #3993, .T. ) ;
#3184 = CIRCLE ( 'NONE', #78, 18.00000000000000000 ) ;
#3185 = EDGE_LOOP ( 'NONE', ( #1898, #1441, #2697, #1338 ) ) ;
#3186 = ORIENTED_EDGE ( 'NONE', *, *, #386, .T. ) ;
#3187 = CYLINDRICAL_SURFACE ( 'NONE', #2967, 3.000000000000000888 ) ;
#3188 = CARTESIAN_POINT ( 'NONE',  ( -5.379452833000149425, -2.000000000000000000, -20.07639128970820153 ) ) ;
#3189 = ORIENTED_EDGE ( 'NONE', *, *, #4685, .F. ) ;
#3190 = EDGE_CURVE ( 'NONE', #2268, #1219, #2445, .T. ) ;
#3191 = CIRCLE ( 'NONE', #1148, 13.00000000000000000 ) ;
#3192 = CARTESIAN_POINT ( 'NONE',  ( -9.992851429320360523, 7.000000000000000000, 0.3780480280733105047 ) ) ;
#3193 = DIRECTION ( 'NONE',  ( 0.000000000000000000, 0.000000000000000000, -1.000000000000000000 ) ) ;
#3194 = EDGE_CURVE ( 'NONE', #975, #1868, #1163, .T. ) ;
#3195 = DIRECTION ( 'NONE',  ( 0.000000000000000000, 1.000000000000000000, 0.000000000000000000 ) ) ;
#3196 = ORIENTED_EDGE ( 'NONE', *, *, #4535, .F. ) ;
#3197 = ADVANCED_FACE ( 'NONE', ( #4202 ), #3915, .T. ) ;
#3198 = DIRECTION ( 'NONE',  ( 0.000000000000000000, 1.000000000000000000, 0.000000000000000000 ) ) ;
#3199 = CIRCLE ( 'NONE', #3811, 2.999999999999999112 ) ;
#3200 = CARTESIAN_POINT ( 'NONE',  ( -2.241640712596424834, 7.000000000000000000, 15.97703223723370058 ) ) ;
#3201 = DIRECTION ( 'NONE',  ( 0.000000000000000000, -1.000000000000000000, 0.000000000000000000 ) ) ;
#3202 = DIRECTION ( 'NONE',  ( 0.000000000000000000, -1.000000000000000000, 0.000000000000000000 ) ) ;
#3203 = VECTOR ( 'NONE', #3566, 1000.000000000000000 ) ;
#3204 = LINE ( 'NONE', #1068, #3817 ) ;
#3205 = DIRECTION ( 'NONE',  ( 0.000000000000000000, 0.000000000000000000, 1.000000000000000000 ) ) ;
#3206 = DIRECTION ( 'NONE',  ( 0.7071067811871379893, 0.000000000000000000, -0.7071067811859570451 ) ) ;
#3207 = DIRECTION ( 'NONE',  ( 0.000000000000000000, 1.000000000000000000, 0.000000000000000000 ) ) ;
#3208 = ORIENTED_EDGE ( 'NONE', *, *, #3368, .T. ) ;
#3209 = VERTEX_POINT ( 'NONE', #2087 ) ;
#3210 = LINE ( 'NONE', #3884, #2999 ) ;
#3211 = VERTEX_POINT ( 'NONE', #249 ) ;
#3212 = DIRECTION ( 'NONE',  ( 0.000000000000000000, -1.000000000000000000, 0.000000000000000000 ) ) ;
#3213 = DIRECTION ( 'NONE',  ( 0.000000000000000000, -1.000000000000000000, 0.000000000000000000 ) ) ;
#3214 = CIRCLE ( 'NONE', #3059, 14.50000000001340084 ) ;
#3215 = ORIENTED_EDGE ( 'NONE', *, *, #4324, .F. ) ;
#3216 = DIRECTION ( 'NONE',  ( -0.9659258262893112290, 0.000000000000000000, 0.2588190451016140758 ) ) ;
#3217 = CIRCLE ( 'NONE', #185, 2.799999999992524913 ) ;
#3218 = ORIENTED_EDGE ( 'NONE', *, *, #1604, .F. ) ;
#3219 = EDGE_LOOP ( 'NONE', ( #996, #1820, #444, #927 ) ) ;
#3220 = AXIS2_PLACEMENT_3D ( 'NONE', #1297, #228, #4207 ) ;
#3221 = CARTESIAN_POINT ( 'NONE',  ( -14.00592448119571998, -2.000000000000000000, 3.752876153975159834 ) ) ;
#3222 = DIRECTION ( 'NONE',  ( 0.000000000000000000, -1.000000000000000000, 0.000000000000000000 ) ) ;
#3223 = CARTESIAN_POINT ( 'NONE',  ( 5.323824910822690271, 4.000000000000000000, 8.465039179998150587 ) ) ;
#3224 = AXIS2_PLACEMENT_3D ( 'NONE', #2514, #3966, #2160 ) ;
#3225 = EDGE_CURVE ( 'NONE', #173, #2135, #2606, .T. ) ;
#3226 = CARTESIAN_POINT ( 'NONE',  ( 5.379452833000849310, -2.000000000000000000, 20.07639128971080211 ) ) ;
#3227 = VECTOR ( 'NONE', #3071, 1000.000000000000000 ) ;
#3228 = DIRECTION ( 'NONE',  ( -0.7071067811872121522, 0.000000000000000000, 0.7071067811858829932 ) ) ;
#3229 = LINE ( 'NONE', #4687, #3950 ) ;
#3230 = DIRECTION ( 'NONE',  ( 0.000000000000000000, 0.000000000000000000, 1.000000000000000000 ) ) ;
#3231 = CARTESIAN_POINT ( 'NONE',  ( 15.01417418421904948, 7.000000000000000000, 8.990248804457680265 ) ) ;
#3232 = VERTEX_POINT ( 'NONE', #4630 ) ;
#3233 = LINE ( 'NONE', #2603, #4122 ) ;
#3234 = ORIENTED_EDGE ( 'NONE', *, *, #4506, .F. ) ;
#3235 = ORIENTED_EDGE ( 'NONE', *, *, #2707, .T. ) ;
#3236 = CARTESIAN_POINT ( 'NONE',  ( 12.69755876998357991, 4.000000000000000000, 7.985737366255740710 ) ) ;
#3237 = DIRECTION ( 'NONE',  ( 0.000000000000000000, 1.000000000000000000, 0.000000000000000000 ) ) ;
#3238 = ORIENTED_EDGE ( 'NONE', *, *, #1398, .F. ) ;
#3239 = DIRECTION ( 'NONE',  ( 1.000000000000000000, 0.000000000000000000, 0.000000000000000000 ) ) ;
#3240 = ORIENTED_EDGE ( 'NONE', *, *, #2285, .F. ) ;
#3241 = ORIENTED_EDGE ( 'NONE', *, *, #575, .T. ) ;
#3242 = CARTESIAN_POINT ( 'NONE',  ( 14.49431029698941842, 4.000000000000000000, -5.410632908896499949 ) ) ;
#3243 = ORIENTED_EDGE ( 'NONE', *, *, #463, .F. ) ;
#3244 = DIRECTION ( 'NONE',  ( 0.000000000000000000, -1.000000000000000000, 0.000000000000000000 ) ) ;
#3245 = DIRECTION ( 'NONE',  ( 0.000000000000000000, -1.000000000000000000, 0.000000000000000000 ) ) ;
#3246 =( NAMED_UNIT ( * ) PLANE_ANGLE_UNIT ( ) SI_UNIT ( $, .RADIAN. ) );
#3247 = ADVANCED_FACE ( 'NONE', ( #2133 ), #600, .T. ) ;
#3248 = CARTESIAN_POINT ( 'NONE',  ( -1.552914270609994984, 4.000000000000000000, -5.795554957737060420 ) ) ;
#3249 = DIRECTION ( 'NONE',  ( 0.000000000000000000, -1.000000000000000000, 0.000000000000000000 ) ) ;
#3250 = DIRECTION ( 'NONE',  ( 0.000000000000000000, 1.000000000000000000, 0.000000000000000000 ) ) ;
#3251 = AXIS2_PLACEMENT_3D ( 'NONE', #4542, #2409, #3805 ) ;
#3252 = ORIENTED_EDGE ( 'NONE', *, *, #1795, .T. ) ;
#3253 = EDGE_CURVE ( 'NONE', #1010, #3356, #4650, .T. ) ;
#3254 = VERTEX_POINT ( 'NONE', #576 ) ;
#3255 = FACE_BOUND ( 'NONE', #898, .T. ) ;
#3256 = CARTESIAN_POINT ( 'NONE',  ( 20.07639128970200204, -2.000000000000000000, 5.379452833032860148 ) ) ;
#3257 = DIRECTION ( 'NONE',  ( 0.000000000000000000, -1.000000000000000000, 0.000000000000000000 ) ) ;
#3258 = ADVANCED_FACE ( 'NONE', ( #944 ), #1343, .F. ) ;
#3259 = DIRECTION ( 'NONE',  ( 1.058181320345852485E-14, 0.000000000000000000, 1.000000000000000000 ) ) ;
#3260 = ORIENTED_EDGE ( 'NONE', *, *, #1988, .T. ) ;
#3261 = DIRECTION ( 'NONE',  ( 0.000000000000000000, 0.000000000000000000, -1.000000000000000000 ) ) ;
#3262 = ORIENTED_EDGE ( 'NONE', *, *, #3384, .T. ) ;
#3263 = CARTESIAN_POINT ( 'NONE',  ( 1.564506057902144809, -2.000000000000000000, 17.42992601232879935 ) ) ;
#3264 = DIRECTION ( 'NONE',  ( 0.000000000000000000, 0.000000000000000000, 1.000000000000000000 ) ) ;
#3265 = CARTESIAN_POINT ( 'NONE',  ( 0.000000000000000000, 3.000000000000000000, 0.000000000000000000 ) ) ;
#3266 = PLANE ( 'NONE',  #861 ) ;
#3267 = CARTESIAN_POINT ( 'NONE',  ( -11.75665040912342185, 10.44999999999999929, -7.353345045058829577 ) ) ;
#3268 = DIRECTION ( 'NONE',  ( 0.000000000000000000, -1.000000000000000000, 0.000000000000000000 ) ) ;
#3269 = CARTESIAN_POINT ( 'NONE',  ( -4.425805671266068941, 4.000000000000000000, 14.26733162953354039 ) ) ;
#3270 = AXIS2_PLACEMENT_3D ( 'NONE', #2879, #1835, #3591 ) ;
#3271 = VECTOR ( 'NONE', #2179, 1000.000000000000000 ) ;
#3272 = ORIENTED_EDGE ( 'NONE', *, *, #1451, .T. ) ;
#3273 = AXIS2_PLACEMENT_3D ( 'NONE', #2576, #2267, #3726 ) ;
#3274 = ORIENTED_EDGE ( 'NONE', *, *, #4300, .T. ) ;
#3275 = LINE ( 'NONE', #794, #1765 ) ;
#3276 = EDGE_CURVE ( 'NONE', #2055, #1970, #3977, .T. ) ;
#3277 = VERTEX_POINT ( 'NONE', #1750 ) ;
#3278 = CARTESIAN_POINT ( 'NONE',  ( 2.791025617962304750, 13.00000000000000000, -17.27599999999049984 ) ) ;
#3279 = DIRECTION ( 'NONE',  ( 0.000000000000000000, 0.000000000000000000, -1.000000000000000000 ) ) ;
#3280 = ORIENTED_EDGE ( 'NONE', *, *, #4106, .F. ) ;
#3281 = CARTESIAN_POINT ( 'NONE',  ( -8.277230311867999291, 3.000000000000000000, -22.29993415440305071 ) ) ;
#3282 = VERTEX_POINT ( 'NONE', #3192 ) ;
#3283 = ORIENTED_EDGE ( 'NONE', *, *, #155, .T. ) ;
#3284 = VECTOR ( 'NONE', #4659, 1000.000000000000000 ) ;
#3285 = DIRECTION ( 'NONE',  ( 0.000000000000000000, 0.000000000000000000, 1.000000000000000000 ) ) ;
#3286 = ORIENTED_EDGE ( 'NONE', *, *, #1988, .F. ) ;
#3287 = DIRECTION ( 'NONE',  ( 0.000000000000000000, 1.000000000000000000, 0.000000000000000000 ) ) ;
#3288 = AXIS2_PLACEMENT_3D ( 'NONE', #2427, #1755, #3869 ) ;
#3289 = LINE ( 'NONE', #3632, #4383 ) ;
#3290 =( LENGTH_UNIT ( ) NAMED_UNIT ( * ) SI_UNIT ( .MILLI., .METRE. ) );
#3291 = CIRCLE ( 'NONE', #1323, 11.00000000000000000 ) ;
#3292 = VECTOR ( 'NONE', #2819, 1000.000000000000000 ) ;
#3293 = AXIS2_PLACEMENT_3D ( 'NONE', #790, #2246, #2506 ) ;
#3294 = LINE ( 'NONE', #741, #1845 ) ;
#3295 = AXIS2_PLACEMENT_3D ( 'NONE', #1041, #3599, #4652 ) ;
#3296 = DIRECTION ( 'NONE',  ( 0.000000000000000000, 0.000000000000000000, 1.000000000000000000 ) ) ;
#3297 = CARTESIAN_POINT ( 'NONE',  ( -4.425805671271993980, 7.000000000000000000, 16.51733162954329970 ) ) ;
#3298 = DIRECTION ( 'NONE',  ( 0.000000000000000000, 0.000000000000000000, 1.000000000000000000 ) ) ;
#3299 = AXIS2_PLACEMENT_3D ( 'NONE', #3056, #4209, #2045 ) ;
#3300 = EDGE_CURVE ( 'NONE', #591, #1429, #1318, .T. ) ;
#3301 = ORIENTED_EDGE ( 'NONE', *, *, #2420, .F. ) ;
#3302 = DIRECTION ( 'NONE',  ( 0.000000000000000000, -1.000000000000000000, 0.000000000000000000 ) ) ;
#3303 = ADVANCED_FACE ( 'NONE', ( #321 ), #3167, .T. ) ;
#3304 = ORIENTED_EDGE ( 'NONE', *, *, #3103, .F. ) ;
#3305 = DIRECTION ( 'NONE',  ( 0.000000000000000000, -1.000000000000000000, 0.000000000000000000 ) ) ;
#3306 = ADVANCED_FACE ( 'NONE', ( #2771 ), #2467, .F. ) ;
#3307 = CARTESIAN_POINT ( 'NONE',  ( -13.15523830027090035, 3.000000000000000000, -6.098336270121020419 ) ) ;
#3308 = FACE_OUTER_BOUND ( 'NONE', #3479, .T. ) ;
#3309 = VECTOR ( 'NONE', #546, 1000.000000000000000 ) ;
#3310 = ORIENTED_EDGE ( 'NONE', *, *, #850, .T. ) ;
#3311 = ORIENTED_EDGE ( 'NONE', *, *, #3808, .F. ) ;
#3312 = CIRCLE ( 'NONE', #3934, 2.500000000000000444 ) ;
#3313 = ADVANCED_FACE ( 'NONE', ( #4227 ), #1152, .T. ) ;
#3314 = DIRECTION ( 'NONE',  ( 0.2588190451033275941, 0.000000000000000000, -0.9659258262888521518 ) ) ;
#3315 = ORIENTED_EDGE ( 'NONE', *, *, #1865, .F. ) ;
#3316 = CARTESIAN_POINT ( 'NONE',  ( -12.02987146123531836, -16.01280737409345178, -7.080123992947440215 ) ) ;
#3317 = ORIENTED_EDGE ( 'NONE', *, *, #3013, .T. ) ;
#3318 = CARTESIAN_POINT ( 'NONE',  ( -12.09152595827489840, 7.000000000000000000, -10.49152595829762014 ) ) ;
#3319 = ADVANCED_FACE ( 'NONE', ( #2201, #729 ), #367, .T. ) ;
#3320 = DIRECTION ( 'NONE',  ( 0.000000000000000000, 0.000000000000000000, -1.000000000000000000 ) ) ;
#3321 = ORIENTED_EDGE ( 'NONE', *, *, #1810, .T. ) ;
#3322 = DIRECTION ( 'NONE',  ( 0.000000000000000000, 0.000000000000000000, 1.000000000000000000 ) ) ;
#3323 = ADVANCED_FACE ( 'NONE', ( #3624 ), #2256, .T. ) ;
#3324 = DIRECTION ( 'NONE',  ( 0.000000000000000000, 0.000000000000000000, -1.000000000000000000 ) ) ;
#3325 = DIRECTION ( 'NONE',  ( 0.000000000000000000, -1.000000000000000000, 0.000000000000000000 ) ) ;
#3326 = CIRCLE ( 'NONE', #4171, 0.5000000000000004441 ) ;
#3327 = VECTOR ( 'NONE', #25, 1000.000000000000000 ) ;
#3328 = ORIENTED_EDGE ( 'NONE', *, *, #3548, .F. ) ;
#3329 = EDGE_CURVE ( 'NONE', #4386, #4568, #1840, .T. ) ;
#3330 = CARTESIAN_POINT ( 'NONE',  ( 5.379452833000849310, 3.000000000000000000, 20.07639128971080211 ) ) ;
#3331 = ORIENTED_EDGE ( 'NONE', *, *, #4660, .T. ) ;
#3332 = DIRECTION ( 'NONE',  ( 0.000000000000000000, 1.000000000000000000, 0.000000000000000000 ) ) ;
#3333 = CYLINDRICAL_SURFACE ( 'NONE', #3374, 0.5000000000000000000 ) ;
#3334 = VERTEX_POINT ( 'NONE', #3987 ) ;
#3335 = CIRCLE ( 'NONE', #4640, 18.00000000000000000 ) ;
#3336 = ORIENTED_EDGE ( 'NONE', *, *, #3024, .T. ) ;
#3337 = CARTESIAN_POINT ( 'NONE',  ( 0.000000000000000000, 4.000000000000000000, 0.000000000000000000 ) ) ;
#3338 = CYLINDRICAL_SURFACE ( 'NONE', #2558, 2.250000000000000444 ) ;
#3339 = DIRECTION ( 'NONE',  ( 0.000000000000000000, 0.000000000000000000, -1.000000000000000000 ) ) ;
#3340 = EDGE_CURVE ( 'NONE', #4233, #3161, #3585, .T. ) ;
#3341 = DIRECTION ( 'NONE',  ( 0.000000000000000000, -1.000000000000000000, 0.000000000000000000 ) ) ;
#3342 = CIRCLE ( 'NONE', #315, 2.999999999999999112 ) ;
#3343 = ORIENTED_EDGE ( 'NONE', *, *, #3179, .T. ) ;
#3344 = DIRECTION ( 'NONE',  ( 0.000000000000000000, 0.000000000000000000, -1.000000000000000000 ) ) ;
#3345 = ORIENTED_EDGE ( 'NONE', *, *, #1353, .T. ) ;
#3346 = CARTESIAN_POINT ( 'NONE',  ( -11.41549931669258022, 13.00000000000000000, 1.391537046074598161 ) ) ;
#3347 = CARTESIAN_POINT ( 'NONE',  ( -11.41549931669258022, 7.000000000000000000, 1.391537046074598161 ) ) ;
#3348 = ADVANCED_FACE ( 'NONE', ( #80 ), #1816, .F. ) ;
#3349 = ORIENTED_EDGE ( 'NONE', *, *, #226, .T. ) ;
#3350 = VERTEX_POINT ( 'NONE', #4314 ) ;
#3351 = AXIS2_PLACEMENT_3D ( 'NONE', #2929, #2178, #3620 ) ;
#3352 = DIRECTION ( 'NONE',  ( 0.000000000000000000, 1.000000000000000000, 0.000000000000000000 ) ) ;
#3353 = CIRCLE ( 'NONE', #1303, 2.999999999999999112 ) ;
#3354 = AXIS2_PLACEMENT_3D ( 'NONE', #2595, #516, #1608 ) ;
#3355 = VECTOR ( 'NONE', #2421, 999.9999999999998863 ) ;
#3356 = VERTEX_POINT ( 'NONE', #799 ) ;
#3357 = ORIENTED_EDGE ( 'NONE', *, *, #965, .F. ) ;
#3358 = FACE_OUTER_BOUND ( 'NONE', #4430, .T. ) ;
#3359 = ORIENTED_EDGE ( 'NONE', *, *, #2006, .F. ) ;
#3360 = VERTEX_POINT ( 'NONE', #1056 ) ;
#3361 = DIRECTION ( 'NONE',  ( 0.000000000000000000, -1.000000000000000000, 0.000000000000000000 ) ) ;
#3362 = AXIS2_PLACEMENT_3D ( 'NONE', #2594, #4154, #2371 ) ;
#3363 = DIRECTION ( 'NONE',  ( 0.000000000000000000, 0.000000000000000000, -1.000000000000000000 ) ) ;
#3364 = CIRCLE ( 'NONE', #1177, 2.500000000000000444 ) ;
#3365 = CARTESIAN_POINT ( 'NONE',  ( 10.25304832719689863, 1.100000000000000089, 10.25304832721533899 ) ) ;
#3366 = ORIENTED_EDGE ( 'NONE', *, *, #4466, .T. ) ;
#3367 = DIRECTION ( 'NONE',  ( 0.000000000000000000, 0.000000000000000000, -1.000000000000000000 ) ) ;
#3368 = EDGE_CURVE ( 'NONE', #2417, #2593, #3735, .T. ) ;
#3369 = CIRCLE ( 'NONE', #339, 24.00000000000000000 ) ;
#3370 = CARTESIAN_POINT ( 'NONE',  ( 0.5670720421381290066, 4.000000000000000000, -14.98927714397946076 ) ) ;
#3371 = CARTESIAN_POINT ( 'NONE',  ( 9.247113055971459161, 13.00000000000000000, 15.44315058950980024 ) ) ;
#3372 = CIRCLE ( 'NONE', #4445, 1.600000000000000755 ) ;
#3373 = CIRCLE ( 'NONE', #3601, 0.5000000000000004441 ) ;
#3374 = AXIS2_PLACEMENT_3D ( 'NONE', #1920, #4058, #3769 ) ;
#3375 = ORIENTED_EDGE ( 'NONE', *, *, #2480, .F. ) ;
#3376 = ORIENTED_EDGE ( 'NONE', *, *, #1428, .T. ) ;
#3377 = VERTEX_POINT ( 'NONE', #3256 ) ;
#3378 = ADVANCED_FACE ( 'NONE', ( #1435, #2932 ), #2880, .F. ) ;
#3379 = CYLINDRICAL_SURFACE ( 'NONE', #543, 0.5000000000000056621 ) ;
#3380 = AXIS2_PLACEMENT_3D ( 'NONE', #1486, #825, #3385 ) ;
#3381 = AXIS2_PLACEMENT_3D ( 'NONE', #2615, #4200, #426 ) ;
#3382 = ORIENTED_EDGE ( 'NONE', *, *, #1998, .F. ) ;
#3383 = ORIENTED_EDGE ( 'NONE', *, *, #3068, .T. ) ;
#3384 = EDGE_CURVE ( 'NONE', #4509, #3161, #700, .T. ) ;
#3385 = DIRECTION ( 'NONE',  ( 0.000000000000000000, 0.000000000000000000, -1.000000000000000000 ) ) ;
#3386 = ORIENTED_EDGE ( 'NONE', *, *, #58, .F. ) ;
#3387 = VERTEX_POINT ( 'NONE', #1869 ) ;
#3388 = EDGE_CURVE ( 'NONE', #1601, #3902, #3596, .T. ) ;
#3389 = DIRECTION ( 'NONE',  ( 0.000000000000000000, 0.000000000000000000, 1.000000000000000000 ) ) ;
#3390 = DIRECTION ( 'NONE',  ( 0.000000000000000000, 0.000000000000000000, 1.000000000000000000 ) ) ;
#3391 = DIRECTION ( 'NONE',  ( -0.2588190451017146065, 0.000000000000000000, -0.9659258262892842506 ) ) ;
#3392 = ORIENTED_EDGE ( 'NONE', *, *, #2531, .F. ) ;
#3393 = DIRECTION ( 'NONE',  ( 0.000000000000000000, 1.000000000000000000, 0.000000000000000000 ) ) ;
#3394 = ORIENTED_EDGE ( 'NONE', *, *, #4089, .F. ) ;
#3395 = CARTESIAN_POINT ( 'NONE',  ( 1.331035435395933941, 7.000000000000000000, -10.91917325943632022 ) ) ;
#3396 = CARTESIAN_POINT ( 'NONE',  ( -0.7636791219763340299, 4.000000000000000000, 16.37305085188605247 ) ) ;
#3397 = EDGE_CURVE ( 'NONE', #2066, #1664, #51, .T. ) ;
#3398 = CARTESIAN_POINT ( 'NONE',  ( 15.44315058948244967, 13.00000000000000000, 9.247113056013439802 ) ) ;
#3399 = ORIENTED_EDGE ( 'NONE', *, *, #202, .F. ) ;
#3400 = EDGE_LOOP ( 'NONE', ( #1846, #4286, #364, #2516 ) ) ;
#3401 = CARTESIAN_POINT ( 'NONE',  ( -13.52441736208814049, 4.000000000000000000, -9.121111998026860235 ) ) ;
#3402 = VERTEX_POINT ( 'NONE', #2563 ) ;
#3403 = EDGE_CURVE ( 'NONE', #572, #1529, #1078, .T. ) ;
#3404 = ORIENTED_EDGE ( 'NONE', *, *, #4368, .T. ) ;
#3405 = VERTEX_POINT ( 'NONE', #2904 ) ;
#3406 = CIRCLE ( 'NONE', #2721, 14.50000000001340084 ) ;
#3407 = ORIENTED_EDGE ( 'NONE', *, *, #352, .T. ) ;
#3408 = DIRECTION ( 'NONE',  ( -0.2588190451016140758, 0.000000000000000000, -0.9659258262893112290 ) ) ;
#3409 = ADVANCED_FACE ( 'NONE', ( #4360 ), #3668, .T. ) ;
#3410 = VERTEX_POINT ( 'NONE', #751 ) ;
#3411 = DIRECTION ( 'NONE',  ( 0.000000000000000000, 0.000000000000000000, 1.000000000000000000 ) ) ;
#3412 = AXIS2_PLACEMENT_3D ( 'NONE', #1471, #1118, #2922 ) ;
#3413 = CARTESIAN_POINT ( 'NONE',  ( 16.51733162954809586, 7.000000000000000000, -4.425805671227474036 ) ) ;
#3414 = AXIS2_PLACEMENT_3D ( 'NONE', #4007, #3207, #744 ) ;
#3415 = DIRECTION ( 'NONE',  ( 0.000000000000000000, 1.000000000000000000, 0.000000000000000000 ) ) ;
#3416 = EDGE_LOOP ( 'NONE', ( #4038, #759 ) ) ;
#3417 = LINE ( 'NONE', #3687, #4545 ) ;
#3418 = LINE ( 'NONE', #139, #3992 ) ;
#3419 = DIRECTION ( 'NONE',  ( 0.000000000000000000, -1.000000000000000000, 0.000000000000000000 ) ) ;
#3420 = LINE ( 'NONE', #3515, #3477 ) ;
#3421 = EDGE_LOOP ( 'NONE', ( #1873, #3905, #915, #4040 ) ) ;
#3422 = DIRECTION ( 'NONE',  ( 0.000000000000000000, 0.000000000000000000, -1.000000000000000000 ) ) ;
#3423 = ORIENTED_EDGE ( 'NONE', *, *, #3454, .F. ) ;
#3424 = ORIENTED_EDGE ( 'NONE', *, *, #749, .T. ) ;
#3425 = ORIENTED_EDGE ( 'NONE', *, *, #270, .F. ) ;
#3426 = DIRECTION ( 'NONE',  ( 0.000000000000000000, 0.000000000000000000, 1.000000000000000000 ) ) ;
#3427 = EDGE_CURVE ( 'NONE', #2182, #1576, #2301, .T. ) ;
#3428 = DIRECTION ( 'NONE',  ( 0.000000000000000000, 0.000000000000000000, 1.000000000000000000 ) ) ;
#3429 = ORIENTED_EDGE ( 'NONE', *, *, #4258, .F. ) ;
#3430 = CYLINDRICAL_SURFACE ( 'NONE', #260, 4.999999999999999112 ) ;
#3431 = AXIS2_PLACEMENT_3D ( 'NONE', #4375, #1881, #3320 ) ;
#3432 = FACE_OUTER_BOUND ( 'NONE', #4028, .T. ) ;
#3433 = LINE ( 'NONE', #882, #4672 ) ;
#3434 = ORIENTED_EDGE ( 'NONE', *, *, #4043, .F. ) ;
#3435 = CARTESIAN_POINT ( 'NONE',  ( 12.19118534026090117, -2.000000000000000000, -12.19118534022963907 ) ) ;
#3436 = DIRECTION ( 'NONE',  ( 0.000000000000000000, 1.000000000000000000, 0.000000000000000000 ) ) ;
#3437 = DIRECTION ( 'NONE',  ( 0.000000000000000000, -1.000000000000000000, 0.000000000000000000 ) ) ;
#3438 = AXIS2_PLACEMENT_3D ( 'NONE', #3265, #359, #2216 ) ;
#3439 = CARTESIAN_POINT ( 'NONE',  ( 16.81825880027384912, 3.000000000000000000, -12.57561811311916067 ) ) ;
#3440 = CYLINDRICAL_SURFACE ( 'NONE', #1364, 24.00000000000000000 ) ;
#3441 = DIRECTION ( 'NONE',  ( 0.000000000000000000, 1.000000000000000000, 0.000000000000000000 ) ) ;
#3442 = CIRCLE ( 'NONE', #4065, 2.999999999999999112 ) ;
#3443 = ORIENTED_EDGE ( 'NONE', *, *, #1157, .F. ) ;
#3444 = ORIENTED_EDGE ( 'NONE', *, *, #965, .T. ) ;
#3445 = AXIS2_PLACEMENT_3D ( 'NONE', #1589, #2309, #3821 ) ;
#3446 = AXIS2_PLACEMENT_3D ( 'NONE', #2992, #1570, #3754 ) ;
#3447 = ORIENTED_EDGE ( 'NONE', *, *, #352, .F. ) ;
#3448 = FACE_OUTER_BOUND ( 'NONE', #4436, .T. ) ;
#3449 = CIRCLE ( 'NONE', #2998, 2.249999999999998668 ) ;
#3450 = CARTESIAN_POINT ( 'NONE',  ( -4.425805671266068941, 10.44999999999999929, 16.51733162953355105 ) ) ;
#3451 = ORIENTED_EDGE ( 'NONE', *, *, #4251, .F. ) ;
#3452 = EDGE_CURVE ( 'NONE', #1130, #3630, #2895, .T. ) ;
#3453 = DIRECTION ( 'NONE',  ( 0.000000000000000000, -1.000000000000000000, 0.000000000000000000 ) ) ;
#3454 = EDGE_CURVE ( 'NONE', #2974, #1520, #1355, .T. ) ;
#3455 = LINE ( 'NONE', #3796, #644 ) ;
#3456 = EDGE_CURVE ( 'NONE', #2714, #389, #2850, .T. ) ;
#3457 = LINE ( 'NONE', #3033, #3836 ) ;
#3458 = ORIENTED_EDGE ( 'NONE', *, *, #1051, .F. ) ;
#3459 = ORIENTED_EDGE ( 'NONE', *, *, #3944, .F. ) ;
#3460 = DIRECTION ( 'NONE',  ( -0.2588190451034285133, 0.000000000000000000, 0.9659258262888249513 ) ) ;
#3461 = CARTESIAN_POINT ( 'NONE',  ( -4.425805671266068941, 10.44999999999999929, 16.51733162953355105 ) ) ;
#3462 = LINE ( 'NONE', #2822, #1320 ) ;
#3463 = EDGE_CURVE ( 'NONE', #3232, #173, #3204, .T. ) ;
#3464 = CARTESIAN_POINT ( 'NONE',  ( 10.25304832719691994, 13.00000000000000000, 8.603048327215340407 ) ) ;
#3465 = CARTESIAN_POINT ( 'NONE',  ( 16.65346887701635126, 3.000000000000000000, 4.462283536796289418 ) ) ;
#3466 = CARTESIAN_POINT ( 'NONE',  ( 0.000000000000000000, 3.000000000000000000, 0.000000000000000000 ) ) ;
#3467 = ORIENTED_EDGE ( 'NONE', *, *, #3710, .F. ) ;
#3468 = ORIENTED_EDGE ( 'NONE', *, *, #68, .T. ) ;
#3469 = ADVANCED_FACE ( 'NONE', ( #666 ), #1003, .F. ) ;
#3470 = EDGE_CURVE ( 'NONE', #3171, #4391, #4642, .T. ) ;
#3471 = ORIENTED_EDGE ( 'NONE', *, *, #4119, .F. ) ;
#3472 = DIRECTION ( 'NONE',  ( 0.000000000000000000, 0.000000000000000000, 1.000000000000000000 ) ) ;
#3473 = ORIENTED_EDGE ( 'NONE', *, *, #366, .F. ) ;
#3474 = DIRECTION ( 'NONE',  ( 0.000000000000000000, -1.000000000000000000, 0.000000000000000000 ) ) ;
#3475 = DIRECTION ( 'NONE',  ( 0.000000000000000000, 1.000000000000000000, 0.000000000000000000 ) ) ;
#3476 = DIRECTION ( 'NONE',  ( 0.9659258262888251734, 0.000000000000000000, 0.2588190451034281248 ) ) ;
#3477 = VECTOR ( 'NONE', #2364, 1000.000000000000000 ) ;
#3478 = FACE_OUTER_BOUND ( 'NONE', #2080, .T. ) ;
#3479 = EDGE_LOOP ( 'NONE', ( #498, #3622, #783, #4405 ) ) ;
#3480 = DIRECTION ( 'NONE',  ( 0.000000000000000000, 0.000000000000000000, -1.000000000000000000 ) ) ;
#3481 = ORIENTED_EDGE ( 'NONE', *, *, #323, .F. ) ;
#3482 = CYLINDRICAL_SURFACE ( 'NONE', #3583, 0.5000000000000000000 ) ;
#3483 = CYLINDRICAL_SURFACE ( 'NONE', #802, 24.00000000000000000 ) ;
#3484 = EDGE_CURVE ( 'NONE', #4037, #916, #2481, .T. ) ;
#3485 = DIRECTION ( 'NONE',  ( 0.000000000000000000, 0.000000000000000000, 1.000000000000000000 ) ) ;
#3486 = CARTESIAN_POINT ( 'NONE',  ( -4.144419513987694259, 7.000000000000000000, 15.46718419402389877 ) ) ;
#3487 = FACE_OUTER_BOUND ( 'NONE', #1202, .T. ) ;
#3488 = DIRECTION ( 'NONE',  ( 0.000000000000000000, -1.000000000000000000, 0.000000000000000000 ) ) ;
#3489 = ORIENTED_EDGE ( 'NONE', *, *, #472, .T. ) ;
#3490 = ORIENTED_EDGE ( 'NONE', *, *, #3388, .T. ) ;
#3491 = ORIENTED_EDGE ( 'NONE', *, *, #554, .T. ) ;
#3492 = CARTESIAN_POINT ( 'NONE',  ( -0.1166315092177653973, 4.000000000000000000, 13.95823628616395951 ) ) ;
#3493 = EDGE_LOOP ( 'NONE', ( #2042, #1454, #2264, #3262 ) ) ;
#3494 = CARTESIAN_POINT ( 'NONE',  ( 19.22086720031299834, -2.000000000000000000, -14.37213498642189968 ) ) ;
#3495 = EDGE_CURVE ( 'NONE', #1365, #2738, #1453, .T. ) ;
#3496 = ADVANCED_FACE ( 'NONE', ( #3157 ), #3926, .F. ) ;
#3497 = DIRECTION ( 'NONE',  ( 0.000000000000000000, -1.000000000000000000, 0.000000000000000000 ) ) ;
#3498 = CARTESIAN_POINT ( 'NONE',  ( 8.750604196993760908, 13.00000000000000000, -15.72981011288349862 ) ) ;
#3499 = EDGE_LOOP ( 'NONE', ( #1061, #2111, #3101, #1736 ) ) ;
#3500 = AXIS2_PLACEMENT_3D ( 'NONE', #697, #2153, #4031 ) ;
#3501 = EDGE_CURVE ( 'NONE', #409, #1462, #1445, .T. ) ;
#3502 = DIRECTION ( 'NONE',  ( 0.000000000000000000, 0.000000000000000000, 1.000000000000000000 ) ) ;
#3503 = VECTOR ( 'NONE', #2803, 1000.000000000000000 ) ;
#3504 = ORIENTED_EDGE ( 'NONE', *, *, #3397, .F. ) ;
#3505 = AXIS2_PLACEMENT_3D ( 'NONE', #113, #2284, #3390 ) ;
#3506 = CIRCLE ( 'NONE', #3273, 2.999999999999999112 ) ;
#3507 = CARTESIAN_POINT ( 'NONE',  ( -5.379452833000149425, 3.000000000000000000, -20.07639128970820153 ) ) ;
#3508 = ORIENTED_EDGE ( 'NONE', *, *, #464, .T. ) ;
#3509 = ORIENTED_EDGE ( 'NONE', *, *, #3967, .F. ) ;
#3510 = CARTESIAN_POINT ( 'NONE',  ( 6.912856090549380106, 7.000000000000000000, 9.190343882111898566 ) ) ;
#3511 = DIRECTION ( 'NONE',  ( 0.000000000000000000, 0.000000000000000000, 1.000000000000000000 ) ) ;
#3512 = DIRECTION ( 'NONE',  ( -0.2588190451034280692, 0.000000000000000000, 0.9659258262888250623 ) ) ;
#3513 = EDGE_CURVE ( 'NONE', #602, #3913, #2521, .T. ) ;
#3514 = DIRECTION ( 'NONE',  ( 0.000000000000000000, 1.000000000000000000, 0.000000000000000000 ) ) ;
#3515 = CARTESIAN_POINT ( 'NONE',  ( 9.247113055971459161, 13.00000000000000000, 15.44315058950980024 ) ) ;
#3516 = DIRECTION ( 'NONE',  ( 0.000000000000000000, -1.000000000000000000, 0.000000000000000000 ) ) ;
#3517 = CARTESIAN_POINT ( 'NONE',  ( 10.25304832719691994, 13.00000000000000000, 11.90304832721533934 ) ) ;
#3518 = VERTEX_POINT ( 'NONE', #2503 ) ;
#3519 = EDGE_CURVE ( 'NONE', #2424, #3744, #4049, .T. ) ;
#3520 = ORIENTED_EDGE ( 'NONE', *, *, #1021, .T. ) ;
#3521 = VECTOR ( 'NONE', #1344, 1000.000000000000000 ) ;
#3522 = FACE_OUTER_BOUND ( 'NONE', #4498, .T. ) ;
#3523 = ORIENTED_EDGE ( 'NONE', *, *, #2266, .T. ) ;
#3524 = AXIS2_PLACEMENT_3D ( 'NONE', #1363, #4027, #45 ) ;
#3525 = CARTESIAN_POINT ( 'NONE',  ( -15.38741903619775009, 13.00000000000000000, 0.9093963224872910756 ) ) ;
#3526 = AXIS2_PLACEMENT_3D ( 'NONE', #1652, #1275, #538 ) ;
#3527 = VECTOR ( 'NONE', #4276, 999.9999999999998863 ) ;
#3528 = AXIS2_PLACEMENT_3D ( 'NONE', #1753, #4338, #2470 ) ;
#3529 = CYLINDRICAL_SURFACE ( 'NONE', #2151, 2.999999999999999112 ) ;
#3530 = DIRECTION ( 'NONE',  ( 0.2588190451016140758, 0.000000000000000000, 0.9659258262893112290 ) ) ;
#3531 = EDGE_CURVE ( 'NONE', #1728, #1130, #714, .T. ) ;
#3532 = DIRECTION ( 'NONE',  ( 0.000000000000000000, 0.000000000000000000, 1.000000000000000000 ) ) ;
#3533 = CIRCLE ( 'NONE', #1480, 2.999999999999999112 ) ;
#3534 = AXIS2_PLACEMENT_3D ( 'NONE', #3047, #4551, #555 ) ;
#3535 = ORIENTED_EDGE ( 'NONE', *, *, #3885, .F. ) ;
#3536 = DIRECTION ( 'NONE',  ( 0.000000000000000000, -1.000000000000000000, 0.000000000000000000 ) ) ;
#3537 = EDGE_CURVE ( 'NONE', #62, #2483, #311, .T. ) ;
#3538 = CYLINDRICAL_SURFACE ( 'NONE', #3299, 3.000000000000000888 ) ;
#3539 = CARTESIAN_POINT ( 'NONE',  ( 16.51733162954249678, 10.44999999999999929, -2.175805671237445171 ) ) ;
#3540 = FACE_OUTER_BOUND ( 'NONE', #2960, .T. ) ;
#3541 = DIRECTION ( 'NONE',  ( 0.000000000000000000, -1.000000000000000000, 0.000000000000000000 ) ) ;
#3542 =( LENGTH_UNIT ( ) NAMED_UNIT ( * ) SI_UNIT ( .MILLI., .METRE. ) );
#3543 = DIRECTION ( 'NONE',  ( 0.000000000000000000, 0.000000000000000000, 1.000000000000000000 ) ) ;
#3544 = DIRECTION ( 'NONE',  ( 0.000000000000000000, 1.000000000000000000, 0.000000000000000000 ) ) ;
#3545 = EDGE_CURVE ( 'NONE', #3518, #3968, #1460, .T. ) ;
#3546 = ORIENTED_EDGE ( 'NONE', *, *, #2217, .T. ) ;
#3547 = AXIS2_PLACEMENT_3D ( 'NONE', #1466, #1065, #1421 ) ;
#3548 = EDGE_CURVE ( 'NONE', #129, #3123, #4620, .T. ) ;
#3549 = ORIENTED_EDGE ( 'NONE', *, *, #1694, .F. ) ;
#3550 = DIRECTION ( 'NONE',  ( 0.000000000000000000, 1.000000000000000000, 0.000000000000000000 ) ) ;
#3551 = CARTESIAN_POINT ( 'NONE',  ( 14.60528389891874035, 7.000000000000000000, 2.298183056529814916 ) ) ;
#3552 = EDGE_CURVE ( 'NONE', #142, #2641, #1402, .T. ) ;
#3553 = ORIENTED_EDGE ( 'NONE', *, *, #673, .T. ) ;
#3554 = DIRECTION ( 'NONE',  ( 0.000000000000000000, 0.000000000000000000, -1.000000000000000000 ) ) ;
#3555 = DIRECTION ( 'NONE',  ( 0.000000000000000000, 0.000000000000000000, -1.000000000000000000 ) ) ;
#3556 = DIRECTION ( 'NONE',  ( 0.000000000000000000, 1.000000000000000000, 0.000000000000000000 ) ) ;
#3557 = CIRCLE ( 'NONE', #2121, 1.650000000000000355 ) ;
#3558 = ORIENTED_EDGE ( 'NONE', *, *, #4251, .T. ) ;
#3559 = AXIS2_PLACEMENT_3D ( 'NONE', #1773, #3476, #3213 ) ;
#3560 = CARTESIAN_POINT ( 'NONE',  ( 0.000000000000000000, 0.000000000000000000, 27.50000000000000000 ) ) ;
#3561 = CARTESIAN_POINT ( 'NONE',  ( 8.465039179989050311, 4.000000000000000000, 5.323824910837160473 ) ) ;
#3562 = LINE ( 'NONE', #1780, #2939 ) ;
#3563 = DIRECTION ( 'NONE',  ( 0.000000000000000000, 1.000000000000000000, 0.000000000000000000 ) ) ;
#3564 = ADVANCED_FACE ( 'NONE', ( #333 ), #2170, .F. ) ;
#3565 = ADVANCED_FACE ( 'NONE', ( #3613 ), #1807, .T. ) ;
#3566 = DIRECTION ( 'NONE',  ( 0.000000000000000000, -1.000000000000000000, 0.000000000000000000 ) ) ;
#3567 = DIRECTION ( 'NONE',  ( 0.7071067811858835483, 0.000000000000000000, 0.7071067811872115971 ) ) ;
#3568 = FACE_OUTER_BOUND ( 'NONE', #2460, .T. ) ;
#3569 = AXIS2_PLACEMENT_3D ( 'NONE', #362, #1071, #1788 ) ;
#3570 = ORIENTED_EDGE ( 'NONE', *, *, #1516, .F. ) ;
#3571 = ORIENTED_EDGE ( 'NONE', *, *, #2340, .T. ) ;
#3572 = DIRECTION ( 'NONE',  ( 0.000000000000000000, 1.000000000000000000, 0.000000000000000000 ) ) ;
#3573 = ORIENTED_EDGE ( 'NONE', *, *, #921, .T. ) ;
#3574 = CIRCLE ( 'NONE', #4415, 10.00000000000000000 ) ;
#3575 = DIRECTION ( 'NONE',  ( 0.000000000000000000, 0.000000000000000000, 1.000000000000000000 ) ) ;
#3576 = EDGE_CURVE ( 'NONE', #2400, #3968, #3294, .T. ) ;
#3577 = CARTESIAN_POINT ( 'NONE',  ( 0.000000000000000000, 7.000000000000000000, 0.000000000000000000 ) ) ;
#3578 = DIRECTION ( 'NONE',  ( 0.000000000000000000, -1.000000000000000000, 0.000000000000000000 ) ) ;
#3579 = ORIENTED_EDGE ( 'NONE', *, *, #2816, .F. ) ;
#3580 = CARTESIAN_POINT ( 'NONE',  ( 16.65346887701635126, 3.000000000000000000, 4.462283536796289418 ) ) ;
#3581 = AXIS2_PLACEMENT_3D ( 'NONE', #4053, #4333, #2224 ) ;
#3582 = DIRECTION ( 'NONE',  ( 0.000000000000000000, -1.000000000000000000, 0.000000000000000000 ) ) ;
#3583 = AXIS2_PLACEMENT_3D ( 'NONE', #3824, #2452, #2358 ) ;
#3584 = CARTESIAN_POINT ( 'NONE',  ( 8.465039179989050311, 7.000000000000000000, 5.323824910837160473 ) ) ;
#3585 = CIRCLE ( 'NONE', #4124, 0.5000000000000004441 ) ;
#3586 = DIRECTION ( 'NONE',  ( 0.000000000000000000, -1.000000000000000000, 0.000000000000000000 ) ) ;
#3587 = FACE_OUTER_BOUND ( 'NONE', #4408, .T. ) ;
#3588 = CARTESIAN_POINT ( 'NONE',  ( 16.51733162954249678, 10.44999999999999929, -4.425805671237439398 ) ) ;
#3589 = ORIENTED_EDGE ( 'NONE', *, *, #3097, .T. ) ;
#3590 = EDGE_CURVE ( 'NONE', #1237, #2641, #3506, .T. ) ;
#3591 = DIRECTION ( 'NONE',  ( 0.000000000000000000, 0.000000000000000000, 1.000000000000000000 ) ) ;
#3592 = ORIENTED_EDGE ( 'NONE', *, *, #844, .T. ) ;
#3593 = VECTOR ( 'NONE', #1825, 1000.000000000000000 ) ;
#3594 = EDGE_CURVE ( 'NONE', #128, #1868, #622, .T. ) ;
#3595 = ORIENTED_EDGE ( 'NONE', *, *, #4605, .F. ) ;
#3596 = LINE ( 'NONE', #24, #400 ) ;
#3597 = DIRECTION ( 'NONE',  ( -0.7071067811871375453, 0.000000000000000000, 0.7071067811859576002 ) ) ;
#3598 = CIRCLE ( 'NONE', #491, 13.00000000000000000 ) ;
#3599 = DIRECTION ( 'NONE',  ( 0.000000000000000000, -1.000000000000000000, 0.000000000000000000 ) ) ;
#3600 = AXIS2_PLACEMENT_3D ( 'NONE', #59, #1161, #3411 ) ;
#3601 = AXIS2_PLACEMENT_3D ( 'NONE', #3104, #3801, #4559 ) ;
#3602 = EDGE_CURVE ( 'NONE', #1560, #2712, #3684, .T. ) ;
#3603 = EDGE_LOOP ( 'NONE', ( #3304, #4497 ) ) ;
#3604 = AXIS2_PLACEMENT_3D ( 'NONE', #1676, #3120, #4577 ) ;
#3605 = APPLICATION_CONTEXT ( 'automotive_design' ) ;
#3606 = DIRECTION ( 'NONE',  ( 0.000000000000000000, -1.000000000000000000, 0.000000000000000000 ) ) ;
#3607 = CARTESIAN_POINT ( 'NONE',  ( 1.331035435395933941, 13.00000000000000000, -10.91917325943632022 ) ) ;
#3608 = CARTESIAN_POINT ( 'NONE',  ( 10.25304832719691994, 13.00000000000000000, 11.90304832721533934 ) ) ;
#3609 = CARTESIAN_POINT ( 'NONE',  ( 0.5670720421381290066, 4.000000000000000000, -14.98927714397946076 ) ) ;
#3610 = AXIS2_PLACEMENT_3D ( 'NONE', #1340, #4671, #619 ) ;
#3611 = ADVANCED_FACE ( 'NONE', ( #2286, #3008, #2549, #787, #2944, #1116, #4400, #2640 ), #3266, .T. ) ;
#3612 = ADVANCED_FACE ( 'NONE', ( #4091 ), #833, .F. ) ;
#3613 = FACE_OUTER_BOUND ( 'NONE', #3219, .T. ) ;
#3614 = CARTESIAN_POINT ( 'NONE',  ( -7.360061015637009874, 3.000000000000000000, -15.87701174171539797 ) ) ;
#3615 = CARTESIAN_POINT ( 'NONE',  ( 6.612297130090730057, 13.00000000000000000, 8.790763713324698969 ) ) ;
#3616 = CYLINDRICAL_SURFACE ( 'NONE', #2959, 2.249999999999999556 ) ;
#3617 = EDGE_LOOP ( 'NONE', ( #1625, #2903, #1956, #4453 ) ) ;
#3618 = EDGE_CURVE ( 'NONE', #3140, #3209, #2189, .T. ) ;
#3619 = ORIENTED_EDGE ( 'NONE', *, *, #4312, .F. ) ;
#3620 = DIRECTION ( 'NONE',  ( 0.000000000000000000, 0.000000000000000000, 1.000000000000000000 ) ) ;
#3621 = EDGE_CURVE ( 'NONE', #3883, #3794, #550, .T. ) ;
#3622 = ORIENTED_EDGE ( 'NONE', *, *, #500, .F. ) ;
#3623 = VERTEX_POINT ( 'NONE', #2596 ) ;
#3624 = FACE_OUTER_BOUND ( 'NONE', #151, .T. ) ;
#3625 = DIRECTION ( 'NONE',  ( 0.000000000000000000, 0.000000000000000000, 1.000000000000000000 ) ) ;
#3626 = CARTESIAN_POINT ( 'NONE',  ( 16.51733162954249678, 2.474516600406095002, -2.825805671237445083 ) ) ;
#3627 = EDGE_CURVE ( 'NONE', #489, #1940, #2306, .T. ) ;
#3628 = VERTEX_POINT ( 'NONE', #3705 ) ;
#3629 = DIRECTION ( 'NONE',  ( 1.000000000000000000, 0.000000000000000000, 0.000000000000000000 ) ) ;
#3630 = VERTEX_POINT ( 'NONE', #1470 ) ;
#3631 = CARTESIAN_POINT ( 'NONE',  ( -9.992851429320360523, 4.000000000000000000, 0.3780480280733105047 ) ) ;
#3632 = CARTESIAN_POINT ( 'NONE',  ( -8.847890945889549386, 7.000000000000000000, -13.79763841421666015 ) ) ;
#3633 = LINE ( 'NONE', #712, #2683 ) ;
#3634 = VECTOR ( 'NONE', #4315, 1000.000000000000000 ) ;
#3635 = CARTESIAN_POINT ( 'NONE',  ( 3.752876153999289865, 13.00000000000000000, -12.35592448118870124 ) ) ;
#3636 = DIRECTION ( 'NONE',  ( 0.000000000000000000, 0.000000000000000000, -1.000000000000000000 ) ) ;
#3637 = CARTESIAN_POINT ( 'NONE',  ( -12.09152595827489840, 7.000000000000000000, -12.09152595829761800 ) ) ;
#3638 = ADVANCED_FACE ( 'NONE', ( #1907 ), #1542, .T. ) ;
#3639 = CARTESIAN_POINT ( 'NONE',  ( -12.09152595827489840, 2.474516600406095002, -13.69152595829761943 ) ) ;
#3640 = VECTOR ( 'NONE', #4326, 1000.000000000000000 ) ;
#3641 = LINE ( 'NONE', #2556, #720 ) ;
#3642 = VECTOR ( 'NONE', #2219, 1000.000000000000000 ) ;
#3643 = CIRCLE ( 'NONE', #150, 2.250000000000000000 ) ;
#3644 = EDGE_LOOP ( 'NONE', ( #1162, #316, #1537, #4434 ) ) ;
#3645 = DIRECTION ( 'NONE',  ( 0.000000000000000000, -1.000000000000000000, 0.000000000000000000 ) ) ;
#3646 = CIRCLE ( 'NONE', #1984, 0.5000000000000056621 ) ;
#3647 = EDGE_LOOP ( 'NONE', ( #3357, #2953, #293, #3218 ) ) ;
#3648 = DIRECTION ( 'NONE',  ( 0.000000000000000000, 1.000000000000000000, 0.000000000000000000 ) ) ;
#3649 = EDGE_LOOP ( 'NONE', ( #2626, #4370 ) ) ;
#3650 = CARTESIAN_POINT ( 'NONE',  ( 15.46718419403264910, 7.000000000000000000, -4.144419513958909285 ) ) ;
#3651 = FACE_OUTER_BOUND ( 'NONE', #2444, .T. ) ;
#3652 = EDGE_LOOP ( 'NONE', ( #1266, #2262, #3014, #2693 ) ) ;
#3653 = CARTESIAN_POINT ( 'NONE',  ( -8.435001680676270652, 7.000000000000000000, 8.297635003239978602 ) ) ;
#3654 = VERTEX_POINT ( 'NONE', #2987 ) ;
#3655 = CARTESIAN_POINT ( 'NONE',  ( 0.000000000000000000, -2.000000000000000000, 27.50000000000000000 ) ) ;
#3656 = DIRECTION ( 'NONE',  ( 0.000000000000000000, 1.000000000000000000, 0.000000000000000000 ) ) ;
#3657 = CARTESIAN_POINT ( 'NONE',  ( -10.91917325944504036, 13.00000000000000000, 1.331035435375965914 ) ) ;
#3658 = CARTESIAN_POINT ( 'NONE',  ( 14.56131753617669844, 4.000000000000000000, -7.525159905972679475 ) ) ;
#3659 = CARTESIAN_POINT ( 'NONE',  ( 10.25304832719691994, 13.00000000000000000, 8.603048327215340407 ) ) ;
#3660 = CARTESIAN_POINT ( 'NONE',  ( 6.492905654926359738, 13.00000000000000000, 9.461713798683430099 ) ) ;
#3661 = DIRECTION ( 'NONE',  ( 0.000000000000000000, 1.000000000000000000, 0.000000000000000000 ) ) ;
#3662 = AXIS2_PLACEMENT_3D ( 'NONE', #222, #656, #3554 ) ;
#3663 = EDGE_CURVE ( 'NONE', #1158, #70, #2218, .T. ) ;
#3664 = ORIENTED_EDGE ( 'NONE', *, *, #3097, .F. ) ;
#3665 = DIRECTION ( 'NONE',  ( 0.000000000000000000, 0.000000000000000000, 1.000000000000000000 ) ) ;
#3666 = EDGE_CURVE ( 'NONE', #781, #2714, #2079, .T. ) ;
#3667 = ORIENTED_EDGE ( 'NONE', *, *, #2367, .F. ) ;
#3668 = CYLINDRICAL_SURFACE ( 'NONE', #4573, 18.00000000000000000 ) ;
#3669 = VERTEX_POINT ( 'NONE', #3658 ) ;
#3670 = CARTESIAN_POINT ( 'NONE',  ( 10.25304832719689863, -2.000000000000000000, 13.05304832720884001 ) ) ;
#3671 = DIRECTION ( 'NONE',  ( 0.000000000000000000, 0.000000000000000000, -1.000000000000000000 ) ) ;
#3672 = ORIENTED_EDGE ( 'NONE', *, *, #1484, .T. ) ;
#3673 = ORIENTED_EDGE ( 'NONE', *, *, #1255, .T. ) ;
#3674 = MECHANICAL_DESIGN_GEOMETRIC_PRESENTATION_REPRESENTATION (  '', ( #2539 ), #4285 ) ;
#3675 = FACE_OUTER_BOUND ( 'NONE', #1651, .T. ) ;
#3676 = ORIENTED_EDGE ( 'NONE', *, *, #1372, .F. ) ;
#3677 = DIRECTION ( 'NONE',  ( 0.000000000000000000, -1.000000000000000000, 0.000000000000000000 ) ) ;
#3679 = ORIENTED_EDGE ( 'NONE', *, *, #1767, .F. ) ;
#3678 = VECTOR ( 'NONE', #3168, 1000.000000000000000 ) ;
#3680 = CARTESIAN_POINT ( 'NONE',  ( -5.446258216054800642E-12, 3.000000000000000000, -5.446258216063890743E-12 ) ) ;
#3681 = VECTOR ( 'NONE', #3606, 1000.000000000000000 ) ;
#3682 = ADVANCED_FACE ( 'NONE', ( #42 ), #403, .T. ) ;
#3683 = AXIS2_PLACEMENT_3D ( 'NONE', #258, #608, #954 ) ;
#3684 = LINE ( 'NONE', #1496, #4496 ) ;
#3685 = AXIS2_PLACEMENT_3D ( 'NONE', #2609, #4413, #3671 ) ;
#3686 = VERTEX_POINT ( 'NONE', #2618 ) ;
#3687 = CARTESIAN_POINT ( 'NONE',  ( -4.462283536769159120, 3.000000000000000000, -16.65346887702055056 ) ) ;
#3688 = DIRECTION ( 'NONE',  ( 0.000000000000000000, -1.000000000000000000, 0.000000000000000000 ) ) ;
#3689 = DIRECTION ( 'NONE',  ( 0.000000000000000000, 1.000000000000000000, 0.000000000000000000 ) ) ;
#3690 = VECTOR ( 'NONE', #3460, 1000.000000000000227 ) ;
#3691 = ORIENTED_EDGE ( 'NONE', *, *, #3329, .T. ) ;
#3692 = CARTESIAN_POINT ( 'NONE',  ( 0.3780480280920860414, 4.000000000000000000, -9.992851429319649981 ) ) ;
#3693 = ADVANCED_FACE ( 'NONE', ( #4070 ), #813, .F. ) ;
#3694 = ORIENTED_EDGE ( 'NONE', *, *, #3452, .T. ) ;
#3695 = DIRECTION ( 'NONE',  ( -0.000000000000000000, 1.000000000000000000, 0.000000000000000000 ) ) ;
#3696 = EDGE_CURVE ( 'NONE', #3708, #1978, #3079, .T. ) ;
#3697 = CYLINDRICAL_SURFACE ( 'NONE', #3380, 2.999999999999999112 ) ;
#3698 = EDGE_LOOP ( 'NONE', ( #3933, #218 ) ) ;
#3699 = VERTEX_POINT ( 'NONE', #159 ) ;
#3700 = DIRECTION ( 'NONE',  ( 0.000000000000000000, 1.000000000000000000, 0.000000000000000000 ) ) ;
#3701 = EDGE_LOOP ( 'NONE', ( #1611, #3679, #2177, #3196 ) ) ;
#3702 = DIRECTION ( 'NONE',  ( 0.000000000000000000, 0.000000000000000000, 1.000000000000000000 ) ) ;
#3703 = CYLINDRICAL_SURFACE ( 'NONE', #1082, 1.649999999999998579 ) ;
#3704 = ADVANCED_FACE ( 'NONE', ( #4508 ), #2378, .F. ) ;
#3705 = CARTESIAN_POINT ( 'NONE',  ( -17.31600000000240414, 13.00000000000000000, 2.292628186149809455 ) ) ;
#3706 = ORIENTED_EDGE ( 'NONE', *, *, #853, .F. ) ;
#3707 = CARTESIAN_POINT ( 'NONE',  ( 15.25775738197975073, 7.000000000000000000, -2.561409598811670296 ) ) ;
#3708 = VERTEX_POINT ( 'NONE', #2704 ) ;
#3709 = FACE_OUTER_BOUND ( 'NONE', #2131, .T. ) ;
#3710 = EDGE_CURVE ( 'NONE', #3628, #2400, #786, .T. ) ;
#3711 = FACE_OUTER_BOUND ( 'NONE', #2277, .T. ) ;
#3712 = AXIS2_PLACEMENT_3D ( 'NONE', #2482, #3928, #2851 ) ;
#3713 = AXIS2_PLACEMENT_3D ( 'NONE', #4228, #971, #2422 ) ;
#3714 = VERTEX_POINT ( 'NONE', #2023 ) ;
#3715 = EDGE_CURVE ( 'NONE', #963, #2485, #1230, .T. ) ;
#3716 = CARTESIAN_POINT ( 'NONE',  ( 0.8921643422301500648, 7.000000000000000000, -11.44053734044719839 ) ) ;
#3717 = ORIENTED_EDGE ( 'NONE', *, *, #399, .T. ) ;
#3718 = ORIENTED_EDGE ( 'NONE', *, *, #4562, .T. ) ;
#3719 = EDGE_CURVE ( 'NONE', #3410, #579, #4667, .T. ) ;
#3720 = CARTESIAN_POINT ( 'NONE',  ( -2.004019880282560483E-12, -2.000000000000000000, 7.479104012567640395E-12 ) ) ;
#3721 = VECTOR ( 'NONE', #4592, 1000.000000000000000 ) ;
#3722 = ORIENTED_EDGE ( 'NONE', *, *, #746, .T. ) ;
#3723 = ADVANCED_FACE ( 'NONE', ( #2043 ), #1257, .F. ) ;
#3724 = DIRECTION ( 'NONE',  ( 0.000000000000000000, 1.000000000000000000, 0.000000000000000000 ) ) ;
#3725 = LINE ( 'NONE', #1136, #2673 ) ;
#3726 = DIRECTION ( 'NONE',  ( 8.673617379884038430E-16, 0.000000000000000000, -1.000000000000000000 ) ) ;
#3727 = ORIENTED_EDGE ( 'NONE', *, *, #671, .F. ) ;
#3728 = CYLINDRICAL_SURFACE ( 'NONE', #65, 5.000000000000000000 ) ;
#3729 = ORIENTED_EDGE ( 'NONE', *, *, #2493, .F. ) ;
#3730 = DIRECTION ( 'NONE',  ( 0.000000000000000000, 0.000000000000000000, -1.000000000000000000 ) ) ;
#3731 = CARTESIAN_POINT ( 'NONE',  ( 0.000000000000000000, 3.000000000000000000, 0.000000000000000000 ) ) ;
#3732 = EDGE_CURVE ( 'NONE', #2738, #3277, #3457, .T. ) ;
#3733 = ORIENTED_EDGE ( 'NONE', *, *, #3531, .T. ) ;
#3734 = DIRECTION ( 'NONE',  ( 0.000000000000000000, 0.000000000000000000, -1.000000000000000000 ) ) ;
#3735 = CIRCLE ( 'NONE', #1229, 2.500000000000000000 ) ;
#3736 = AXIS2_PLACEMENT_3D ( 'NONE', #4449, #4093, #1933 ) ;
#3737 = PRODUCT_DEFINITION_SHAPE ( 'NONE', 'NONE',  #3838 ) ;
#3738 = AXIS2_PLACEMENT_3D ( 'NONE', #494, #450, #3363 ) ;
#3739 = AXIS2_PLACEMENT_3D ( 'NONE', #3236, #4410, #2955 ) ;
#3740 = ORIENTED_EDGE ( 'NONE', *, *, #2334, .T. ) ;
#3741 = ORIENTED_EDGE ( 'NONE', *, *, #850, .F. ) ;
#3742 = DIRECTION ( 'NONE',  ( 0.000000000000000000, 1.000000000000000000, 0.000000000000000000 ) ) ;
#3743 = ORIENTED_EDGE ( 'NONE', *, *, #4036, .T. ) ;
#3744 = VERTEX_POINT ( 'NONE', #1633 ) ;
#3745 = DIRECTION ( 'NONE',  ( 0.000000000000000000, 0.000000000000000000, -1.000000000000000000 ) ) ;
#3746 = AXIS2_PLACEMENT_3D ( 'NONE', #530, #3677, #809 ) ;
#3747 = DIRECTION ( 'NONE',  ( 0.000000000000000000, -1.000000000000000000, 0.000000000000000000 ) ) ;
#3748 = EDGE_CURVE ( 'NONE', #1348, #976, #855, .T. ) ;
#3749 = AXIS2_PLACEMENT_3D ( 'NONE', #888, #1193, #4512 ) ;
#3750 = CARTESIAN_POINT ( 'NONE',  ( 0.000000000000000000, 7.000000000000000000, 0.000000000000000000 ) ) ;
#3751 = ORIENTED_EDGE ( 'NONE', *, *, #1014, .T. ) ;
#3752 = FACE_OUTER_BOUND ( 'NONE', #4379, .T. ) ;
#3753 = AXIS2_PLACEMENT_3D ( 'NONE', #4648, #3689, #2194 ) ;
#3754 = DIRECTION ( 'NONE',  ( 0.000000000000000000, 0.000000000000000000, 1.000000000000000000 ) ) ;
#3755 = EDGE_CURVE ( 'NONE', #4398, #2666, #566, .T. ) ;
#3756 = CARTESIAN_POINT ( 'NONE',  ( -7.525159905998109799, 4.000000000000000000, 14.56131753616203994 ) ) ;
#3757 = AXIS2_PLACEMENT_3D ( 'NONE', #2961, #1821, #4443 ) ;
#3758 = VECTOR ( 'NONE', #2660, 1000.000000000000000 ) ;
#3759 = AXIS2_PLACEMENT_3D ( 'NONE', #349, #1798, #3239 ) ;
#3760 = CYLINDRICAL_SURFACE ( 'NONE', #4629, 2.499999999999999556 ) ;
#3761 = EDGE_LOOP ( 'NONE', ( #146, #1598 ) ) ;
#3762 = FACE_OUTER_BOUND ( 'NONE', #2619, .T. ) ;
#3763 = CIRCLE ( 'NONE', #1256, 0.5000000000000000000 ) ;
#3764 = EDGE_CURVE ( 'NONE', #2086, #83, #642, .T. ) ;
#3765 = AXIS2_PLACEMENT_3D ( 'NONE', #2037, #3861, #4178 ) ;
#3766 = ORIENTED_EDGE ( 'NONE', *, *, #2193, .F. ) ;
#3767 = VERTEX_POINT ( 'NONE', #4113 ) ;
#3768 = ORIENTED_EDGE ( 'NONE', *, *, #830, .F. ) ;
#3769 = DIRECTION ( 'NONE',  ( 0.000000000000000000, 0.000000000000000000, -1.000000000000000000 ) ) ;
#3770 = EDGE_CURVE ( 'NONE', #2034, #70, #1406, .T. ) ;
#3771 = EDGE_LOOP ( 'NONE', ( #1168, #3468, #1994, #1313 ) ) ;
#3772 = ADVANCED_BREP_SHAPE_REPRESENTATION ( '\X2\4fdd630167b6\X0\W3A', ( #3046, #2654 ), #2355 ) ;
#3773 = ORIENTED_EDGE ( 'NONE', *, *, #205, .F. ) ;
#3774 = CARTESIAN_POINT ( 'NONE',  ( -22.05706760501695030, 3.000000000000000000, -9.459691785027230182 ) ) ;
#3775 = DIRECTION ( 'NONE',  ( 0.000000000000000000, -1.000000000000000000, 0.000000000000000000 ) ) ;
#3776 = VECTOR ( 'NONE', #1443, 1000.000000000000000 ) ;
#3777 = DIRECTION ( 'NONE',  ( 0.000000000000000000, 0.000000000000000000, 1.000000000000000000 ) ) ;
#3778 = ORIENTED_EDGE ( 'NONE', *, *, #4277, .T. ) ;
#3779 = CARTESIAN_POINT ( 'NONE',  ( 0.000000000000000000, 4.000000000000000000, 0.000000000000000000 ) ) ;
#3780 = CARTESIAN_POINT ( 'NONE',  ( 4.669026518497010336, 7.000000000000000000, -8.843087208072290650 ) ) ;
#3781 = FACE_OUTER_BOUND ( 'NONE', #1145, .T. ) ;
#3782 = ADVANCED_FACE ( 'NONE', ( #951 ), #4487, .F. ) ;
#3783 = LINE ( 'NONE', #1985, #2434 ) ;
#3784 = ORIENTED_EDGE ( 'NONE', *, *, #4598, .T. ) ;
#3785 = LINE ( 'NONE', #2628, #4342 ) ;
#3786 = ORIENTED_EDGE ( 'NONE', *, *, #1799, .T. ) ;
#3787 = ORIENTED_EDGE ( 'NONE', *, *, #1790, .F. ) ;
#3788 = CIRCLE ( 'NONE', #2433, 0.5000000000000004441 ) ;
#3789 = ORIENTED_EDGE ( 'NONE', *, *, #2575, .F. ) ;
#3790 = LINE ( 'NONE', #4394, #3227 ) ;
#3791 = FACE_OUTER_BOUND ( 'NONE', #4381, .T. ) ;
#3792 = CIRCLE ( 'NONE', #757, 0.5000000000000004441 ) ;
#3793 = ORIENTED_EDGE ( 'NONE', *, *, #1818, .T. ) ;
#3794 = VERTEX_POINT ( 'NONE', #2677 ) ;
#3795 = DIRECTION ( 'NONE',  ( 0.000000000000000000, -1.000000000000000000, 0.000000000000000000 ) ) ;
#3796 = CARTESIAN_POINT ( 'NONE',  ( 8.465039179989050311, 4.000000000000000000, 5.323824910837160473 ) ) ;
#3797 = AXIS2_PLACEMENT_3D ( 'NONE', #641, #3488, #4192 ) ;
#3798 = CARTESIAN_POINT ( 'NONE',  ( -10.35387814089142111, 13.00000000000000000, 4.947631685511029609 ) ) ;
#3799 = ORIENTED_EDGE ( 'NONE', *, *, #1104, .F. ) ;
#3800 = DIRECTION ( 'NONE',  ( 0.000000000000000000, 0.000000000000000000, -1.000000000000000000 ) ) ;
#3801 = DIRECTION ( 'NONE',  ( 0.000000000000000000, 1.000000000000000000, 0.000000000000000000 ) ) ;
#3802 = EDGE_CURVE ( 'NONE', #424, #1462, #2472, .T. ) ;
#3803 = DIRECTION ( 'NONE',  ( 0.000000000000000000, 0.000000000000000000, 1.000000000000000000 ) ) ;
#3804 = CIRCLE ( 'NONE', #2141, 24.98000000000000043 ) ;
#3805 = DIRECTION ( 'NONE',  ( 0.000000000000000000, 0.000000000000000000, -1.000000000000000000 ) ) ;
#3806 = CARTESIAN_POINT ( 'NONE',  ( 14.66132338209818009, 7.000000000000000000, -7.151933007938380271 ) ) ;
#3807 = FACE_OUTER_BOUND ( 'NONE', #867, .T. ) ;
#3808 = EDGE_CURVE ( 'NONE', #2738, #975, #3433, .T. ) ;
#3809 = VERTEX_POINT ( 'NONE', #4183 ) ;
#3810 = ORIENTED_EDGE ( 'NONE', *, *, #3594, .F. ) ;
#3811 = AXIS2_PLACEMENT_3D ( 'NONE', #484, #547, #1941 ) ;
#3812 = EDGE_LOOP ( 'NONE', ( #3434, #132, #1034, #4105 ) ) ;
#3813 = VECTOR ( 'NONE', #2269, 1000.000000000000000 ) ;
#3814 = CARTESIAN_POINT ( 'NONE',  ( 16.51733162954249678, 10.44999999999999929, -6.675805671237439398 ) ) ;
#3815 = DIRECTION ( 'NONE',  ( -0.7071067811858835483, 0.000000000000000000, -0.7071067811872115971 ) ) ;
#3816 = EDGE_CURVE ( 'NONE', #591, #1005, #1251, .T. ) ;
#3817 = VECTOR ( 'NONE', #2889, 1000.000000000000000 ) ;
#3818 = DIRECTION ( 'NONE',  ( 0.000000000000000000, 0.000000000000000000, 1.000000000000000000 ) ) ;
#3819 = DIRECTION ( 'NONE',  ( 0.000000000000000000, 1.000000000000000000, 0.000000000000000000 ) ) ;
#3820 = ADVANCED_FACE ( 'NONE', ( #926 ), #3847, .F. ) ;
#3821 = DIRECTION ( 'NONE',  ( 0.000000000000000000, 0.000000000000000000, -1.000000000000000000 ) ) ;
#3822 = ORIENTED_EDGE ( 'NONE', *, *, #27, .F. ) ;
#3823 = EDGE_LOOP ( 'NONE', ( #2013, #3983, #4262, #3345 ) ) ;
#3824 = CARTESIAN_POINT ( 'NONE',  ( -11.41549931669258022, 13.00000000000000000, 1.391537046074598161 ) ) ;
#3825 = DIRECTION ( 'NONE',  ( 0.000000000000000000, 0.000000000000000000, 1.000000000000000000 ) ) ;
#3826 = DIRECTION ( 'NONE',  ( 0.000000000000000000, -1.000000000000000000, 0.000000000000000000 ) ) ;
#3827 = VECTOR ( 'NONE', #3202, 1000.000000000000000 ) ;
#3828 = AXIS2_PLACEMENT_3D ( 'NONE', #2455, #4560, #4278 ) ;
#3829 = CARTESIAN_POINT ( 'NONE',  ( 16.51733162954249678, 7.000000000000000000, -6.675805671237439398 ) ) ;
#3830 = DIRECTION ( 'NONE',  ( 0.000000000000000000, -1.000000000000000000, 0.000000000000000000 ) ) ;
#3831 = DIRECTION ( 'NONE',  ( 0.000000000000000000, -1.000000000000000000, 0.000000000000000000 ) ) ;
#3832 = ORIENTED_EDGE ( 'NONE', *, *, #1372, .T. ) ;
#3833 = CIRCLE ( 'NONE', #1401, 2.250000000000000000 ) ;
#3834 = EDGE_LOOP ( 'NONE', ( #514, #3856 ) ) ;
#3835 = ORIENTED_EDGE ( 'NONE', *, *, #317, .T. ) ;
#3836 = VECTOR ( 'NONE', #2657, 1000.000000000000000 ) ;
#3837 = VERTEX_POINT ( 'NONE', #4612 ) ;
#3838 = PRODUCT_DEFINITION ( 'æ™', '', #2199, #2637 ) ;
#3839 = DIRECTION ( 'NONE',  ( 0.000000000000000000, 1.000000000000000000, 0.000000000000000000 ) ) ;
#3840 = AXIS2_PLACEMENT_3D ( 'NONE', #947, #3845, #2040 ) ;
#3841 = CARTESIAN_POINT ( 'NONE',  ( -12.09152595827489840, 13.00000000000000000, -12.09152595829761800 ) ) ;
#3842 = DIRECTION ( 'NONE',  ( 0.000000000000000000, -1.000000000000000000, 0.000000000000000000 ) ) ;
#3843 = ADVANCED_FACE ( 'NONE', ( #4299 ), #3152, .F. ) ;
#3844 = CARTESIAN_POINT ( 'NONE',  ( 13.85823044024329853, 7.000000000000000000, -0.4898584072274800860 ) ) ;
#3845 = DIRECTION ( 'NONE',  ( -0.000000000000000000, 1.000000000000000000, 0.000000000000000000 ) ) ;
#3846 = EDGE_LOOP ( 'NONE', ( #3773, #2571, #2349, #3768 ) ) ;
#3847 = CYLINDRICAL_SURFACE ( 'NONE', #267, 10.00000000000000000 ) ;
#3848 = ORIENTED_EDGE ( 'NONE', *, *, #4616, .F. ) ;
#3849 = CARTESIAN_POINT ( 'NONE',  ( 12.14650297045339933, 4.000000000000000000, -6.878112293218640261 ) ) ;
#3850 = DIRECTION ( 'NONE',  ( 0.000000000000000000, -1.000000000000000000, 0.000000000000000000 ) ) ;
#3851 = CYLINDRICAL_SURFACE ( 'NONE', #3828, 12.99999999999999822 ) ;
#3852 = CARTESIAN_POINT ( 'NONE',  ( -4.425805671266068941, 7.000000000000000000, 16.51733162953355105 ) ) ;
#3853 = CARTESIAN_POINT ( 'NONE',  ( -5.312357039956820515, 7.000000000000000000, -13.79763841421334014 ) ) ;
#3854 = CYLINDRICAL_SURFACE ( 'NONE', #1214, 1.600000000000000755 ) ;
#3855 = ORIENTED_EDGE ( 'NONE', *, *, #2143, .F. ) ;
#3856 = ORIENTED_EDGE ( 'NONE', *, *, #4524, .F. ) ;
#3857 = EDGE_CURVE ( 'NONE', #4, #2542, #1374, .T. ) ;
#3858 = ORIENTED_EDGE ( 'NONE', *, *, #677, .T. ) ;
#3859 = CARTESIAN_POINT ( 'NONE',  ( -9.459691784991999697, -2.000000000000000000, -22.05706760503205288 ) ) ;
#3860 = EDGE_LOOP ( 'NONE', ( #340, #2769, #412, #2273 ) ) ;
#3861 = DIRECTION ( 'NONE',  ( 0.000000000000000000, -1.000000000000000000, 0.000000000000000000 ) ) ;
#3862 = CARTESIAN_POINT ( 'NONE',  ( 17.42992601232629823, 3.000000000000000000, 1.564506057929730076 ) ) ;
#3863 = LINE ( 'NONE', #624, #4507 ) ;
#3864 = CIRCLE ( 'NONE', #4319, 2.999999999999999112 ) ;
#3865 = CARTESIAN_POINT ( 'NONE',  ( 0.000000000000000000, 4.000000000000000000, 0.000000000000000000 ) ) ;
#3866 = EDGE_CURVE ( 'NONE', #3005, #3902, #1182, .T. ) ;
#3867 = VERTEX_POINT ( 'NONE', #3560 ) ;
#3868 = VECTOR ( 'NONE', #3206, 1000.000000000000000 ) ;
#3869 = DIRECTION ( 'NONE',  ( 0.000000000000000000, 0.000000000000000000, 1.000000000000000000 ) ) ;
#3870 = ORIENTED_EDGE ( 'NONE', *, *, #2068, .F. ) ;
#3871 = VERTEX_POINT ( 'NONE', #2797 ) ;
#3872 = FACE_BOUND ( 'NONE', #772, .T. ) ;
#3873 = CARTESIAN_POINT ( 'NONE',  ( 9.190343882090010297, 13.00000000000000000, 6.412856090576640966 ) ) ;
#3874 = AXIS2_PLACEMENT_3D ( 'NONE', #1383, #2461, #4544 ) ;
#3875 = FACE_OUTER_BOUND ( 'NONE', #3493, .T. ) ;
#3876 = ADVANCED_FACE ( 'NONE', ( #2473 ), #3970, .F. ) ;
#3877 = DIRECTION ( 'NONE',  ( 0.000000000000000000, -1.000000000000000000, 0.000000000000000000 ) ) ;
#3878 = DIRECTION ( 'NONE',  ( 0.000000000000000000, 1.000000000000000000, 0.000000000000000000 ) ) ;
#3879 = ORIENTED_EDGE ( 'NONE', *, *, #3519, .F. ) ;
#3880 = CARTESIAN_POINT ( 'NONE',  ( -10.35387814089142111, 13.00000000000000000, 4.947631685511029609 ) ) ;
#3881 = EDGE_CURVE ( 'NONE', #884, #1219, #4253, .T. ) ;
#3882 = ORIENTED_EDGE ( 'NONE', *, *, #4061, .F. ) ;
#3883 = VERTEX_POINT ( 'NONE', #997 ) ;
#3884 = CARTESIAN_POINT ( 'NONE',  ( 10.25304832719689863, 1.100000000000000089, 7.453048327221840630 ) ) ;
#3885 = EDGE_CURVE ( 'NONE', #4435, #3387, #4291, .T. ) ;
#3886 = CARTESIAN_POINT ( 'NONE',  ( 8.750604196993760908, 7.000000000000000000, -15.72981011288349862 ) ) ;
#3887 = DIRECTION ( 'NONE',  ( 8.659560562354980929E-17, -0.7071067811865441310, 0.7071067811865510144 ) ) ;
#3888 = DIRECTION ( 'NONE',  ( 0.000000000000000000, 0.000000000000000000, -1.000000000000000000 ) ) ;
#3889 = AXIS2_PLACEMENT_3D ( 'NONE', #4010, #2975, #3665 ) ;
#3890 = CYLINDRICAL_SURFACE ( 'NONE', #2629, 2.500000000000000444 ) ;
#3891 = EDGE_CURVE ( 'NONE', #3837, #1567, #2778, .T. ) ;
#3892 = EDGE_LOOP ( 'NONE', ( #1551, #447, #2200, #3063, #1131, #1947, #4147, #3343, #2866 ) ) ;
#3893 = VECTOR ( 'NONE', #3180, 1000.000000000000000 ) ;
#3894 = LINE ( 'NONE', #2139, #1179 ) ;
#3895 = ORIENTED_EDGE ( 'NONE', *, *, #2823, .F. ) ;
#3896 = DIRECTION ( 'NONE',  ( 0.000000000000000000, 1.000000000000000000, 0.000000000000000000 ) ) ;
#3897 = ADVANCED_FACE ( 'NONE', ( #1326 ), #4274, .F. ) ;
#3898 = CYLINDRICAL_SURFACE ( 'NONE', #2768, 1.600000000000000755 ) ;
#3899 = DIRECTION ( 'NONE',  ( 0.000000000000000000, 1.000000000000000000, 0.000000000000000000 ) ) ;
#3900 = CARTESIAN_POINT ( 'NONE',  ( 13.85823044024329853, 10.44999999999999929, -0.4898584072274800860 ) ) ;
#3901 = DIRECTION ( 'NONE',  ( -0.000000000000000000, 1.000000000000000000, 0.000000000000000000 ) ) ;
#3902 = VERTEX_POINT ( 'NONE', #1801 ) ;
#3903 = ADVANCED_FACE ( 'NONE', ( #2868 ), #306, .F. ) ;
#3904 = DIRECTION ( 'NONE',  ( 0.000000000000000000, 0.000000000000000000, -1.000000000000000000 ) ) ;
#3905 = ORIENTED_EDGE ( 'NONE', *, *, #3501, .T. ) ;
#3906 = CIRCLE ( 'NONE', #1857, 1.250000000000000000 ) ;
#3907 = EDGE_LOOP ( 'NONE', ( #3055, #1510, #827, #4546 ) ) ;
#3908 = AXIS2_PLACEMENT_3D ( 'NONE', #2743, #3795, #3006 ) ;
#3909 = CARTESIAN_POINT ( 'NONE',  ( -12.09152595827489840, 10.44999999999999929, -12.09152595829761800 ) ) ;
#3910 = EDGE_CURVE ( 'NONE', #2154, #2242, #974, .T. ) ;
#3911 = DIRECTION ( 'NONE',  ( 0.000000000000000000, 1.000000000000000000, 0.000000000000000000 ) ) ;
#3912 = AXIS2_PLACEMENT_3D ( 'NONE', #1884, #501, #2313 ) ;
#3913 = VERTEX_POINT ( 'NONE', #1395 ) ;
#3914 = AXIS2_PLACEMENT_3D ( 'NONE', #753, #1899, #870 ) ;
#3915 = PLANE ( 'NONE',  #481 ) ;
#3916 = CARTESIAN_POINT ( 'NONE',  ( 4.947631685529810142, 13.00000000000000000, -10.35387814087413894 ) ) ;
#3917 = FACE_OUTER_BOUND ( 'NONE', #3400, .T. ) ;
#3918 = VECTOR ( 'NONE', #2705, 1000.000000000000000 ) ;
#3919 = AXIS2_PLACEMENT_3D ( 'NONE', #1698, #4155, #1623 ) ;
#3920 = ORIENTED_EDGE ( 'NONE', *, *, #3961, .T. ) ;
#3921 = EDGE_CURVE ( 'NONE', #3174, #2809, #2692, .T. ) ;
#3922 = CARTESIAN_POINT ( 'NONE',  ( -17.49999999999955236, 13.00000000000000000, -1.580874320339375057E-11 ) ) ;
#3923 = FACE_OUTER_BOUND ( 'NONE', #2910, .T. ) ;
#3924 = DIRECTION ( 'NONE',  ( 0.000000000000000000, 0.000000000000000000, 1.000000000000000000 ) ) ;
#3925 = CARTESIAN_POINT ( 'NONE',  ( -12.09152595827489840, 7.000000000000000000, -12.09152595829761800 ) ) ;
#3926 = PLANE ( 'NONE',  #1768 ) ;
#3927 = APPLICATION_PROTOCOL_DEFINITION ( 'draft international standard', 'automotive_design', 1998, #3605 ) ;
#3928 = DIRECTION ( 'NONE',  ( 0.000000000000000000, -1.000000000000000000, 0.000000000000000000 ) ) ;
#3929 = EDGE_CURVE ( 'NONE', #4649, #3334, #661, .T. ) ;
#3930 = CARTESIAN_POINT ( 'NONE',  ( 0.000000000000000000, 3.000000000000000000, 0.000000000000000000 ) ) ;
#3931 = EDGE_CURVE ( 'NONE', #4094, #63, #3894, .T. ) ;
#3932 = ORIENTED_EDGE ( 'NONE', *, *, #839, .T. ) ;
#3933 = ORIENTED_EDGE ( 'NONE', *, *, #3134, .F. ) ;
#3934 = AXIS2_PLACEMENT_3D ( 'NONE', #4302, #331, #3264 ) ;
#3935 = EDGE_LOOP ( 'NONE', ( #4074, #385, #1876, #962 ) ) ;
#3936 = CARTESIAN_POINT ( 'NONE',  ( -12.09152595827489840, 7.000000000000000000, -12.09152595829761800 ) ) ;
#3937 = DIRECTION ( 'NONE',  ( 0.000000000000000000, 0.000000000000000000, 1.000000000000000000 ) ) ;
#3938 = CARTESIAN_POINT ( 'NONE',  ( 0.000000000000000000, 2.000000000000000000, -10.00000000000000000 ) ) ;
#3939 = VERTEX_POINT ( 'NONE', #3507 ) ;
#3940 = DIRECTION ( 'NONE',  ( 0.000000000000000000, 0.000000000000000000, 1.000000000000000000 ) ) ;
#3941 = AXIS2_PLACEMENT_3D ( 'NONE', #4489, #2289, #3367 ) ;
#3942 = VERTEX_POINT ( 'NONE', #3580 ) ;
#3943 = ORIENTED_EDGE ( 'NONE', *, *, #1639, .T. ) ;
#3944 = EDGE_CURVE ( 'NONE', #70, #2034, #3217, .T. ) ;
#3945 = AXIS2_PLACEMENT_3D ( 'NONE', #1730, #2837, #2039 ) ;
#3946 = CARTESIAN_POINT ( 'NONE',  ( 19.22086720031299834, 3.000000000000000000, -14.37213498642189968 ) ) ;
#3947 = DIRECTION ( 'NONE',  ( 0.000000000000000000, 1.000000000000000000, 0.000000000000000000 ) ) ;
#3948 = DIRECTION ( 'NONE',  ( 0.000000000000000000, 0.000000000000000000, 1.000000000000000000 ) ) ;
#3949 = DIRECTION ( 'NONE',  ( 0.000000000000000000, 0.000000000000000000, 1.000000000000000000 ) ) ;
#3950 = VECTOR ( 'NONE', #2123, 1000.000000000000114 ) ;
#3951 = DIRECTION ( 'NONE',  ( 0.000000000000000000, 0.000000000000000000, 1.000000000000000000 ) ) ;
#3952 = CARTESIAN_POINT ( 'NONE',  ( -11.93290069815052057, 7.000000000000000000, -9.847124473079249540 ) ) ;
#3953 = DIRECTION ( 'NONE',  ( 0.000000000000000000, 1.000000000000000000, 0.000000000000000000 ) ) ;
#3954 = EDGE_CURVE ( 'NONE', #1746, #3360, #2517, .T. ) ;
#3955 = CARTESIAN_POINT ( 'NONE',  ( 20.85284842501194902, -2.000000000000000000, 2.481675354166299918 ) ) ;
#3956 = ADVANCED_FACE ( 'NONE', ( #1735, #4341 ), #828, .T. ) ;
#3957 = CIRCLE ( 'NONE', #3569, 24.98000000000000043 ) ;
#3958 = ORIENTED_EDGE ( 'NONE', *, *, #2701, .T. ) ;
#3959 = EDGE_LOOP ( 'NONE', ( #2326, #160, #2497, #3112 ) ) ;
#3960 = CARTESIAN_POINT ( 'NONE',  ( -4.425805671266068941, 10.44999999999999929, 18.11733162953355247 ) ) ;
#3961 = EDGE_CURVE ( 'NONE', #4549, #54, #1512, .T. ) ;
#3962 = ADVANCED_FACE ( 'NONE', ( #86 ), #4062, .F. ) ;
#3963 = CARTESIAN_POINT ( 'NONE',  ( 0.000000000000000000, 0.000000000000000000, 0.000000000000000000 ) ) ;
#3964 = CARTESIAN_POINT ( 'NONE',  ( 2.791025617962304750, 13.00000000000000000, -17.77599999999049984 ) ) ;
#3965 = EDGE_CURVE ( 'NONE', #4219, #3123, #4216, .T. ) ;
#3966 = DIRECTION ( 'NONE',  ( 0.000000000000000000, -1.000000000000000000, 0.000000000000000000 ) ) ;
#3967 = EDGE_CURVE ( 'NONE', #724, #1746, #3833, .T. ) ;
#3968 = VERTEX_POINT ( 'NONE', #397 ) ;
#3969 = ORIENTED_EDGE ( 'NONE', *, *, #4090, .T. ) ;
#3970 = CYLINDRICAL_SURFACE ( 'NONE', #29, 10.00000000000000000 ) ;
#3971 = CIRCLE ( 'NONE', #241, 0.5000000000000004441 ) ;
#3972 = CARTESIAN_POINT ( 'NONE',  ( 16.81825880027384912, -2.000000000000000000, -12.57561811311916067 ) ) ;
#3973 = CIRCLE ( 'NONE', #2526, 5.000000000000000000 ) ;
#3974 = CARTESIAN_POINT ( 'NONE',  ( -7.353345045036739691, 10.44999999999999929, -11.75665040913724013 ) ) ;
#3975 = LINE ( 'NONE', #739, #2245 ) ;
#3976 = CIRCLE ( 'NONE', #3124, 2.249999999999998668 ) ;
#3977 = CIRCLE ( 'NONE', #2457, 1.600000000000000755 ) ;
#3978 = DIRECTION ( 'NONE',  ( 0.000000000000000000, 1.000000000000000000, 0.000000000000000000 ) ) ;
#3979 = DIRECTION ( 'NONE',  ( 0.000000000000000000, 0.000000000000000000, -1.000000000000000000 ) ) ;
#3980 = LINE ( 'NONE', #4690, #918 ) ;
#3981 = EDGE_CURVE ( 'NONE', #1964, #3630, #4417, .T. ) ;
#3982 = CIRCLE ( 'NONE', #2777, 1.649999999999998579 ) ;
#3983 = ORIENTED_EDGE ( 'NONE', *, *, #1702, .F. ) ;
#3984 = CARTESIAN_POINT ( 'NONE',  ( 0.000000000000000000, 7.000000000000000000, 0.000000000000000000 ) ) ;
#3985 = ORIENTED_EDGE ( 'NONE', *, *, #1291, .F. ) ;
#3986 = VECTOR ( 'NONE', #2432, 1000.000000000000227 ) ;
#3987 = CARTESIAN_POINT ( 'NONE',  ( 2.836200404723414614, -2.000000000000000000, 23.83182677144674955 ) ) ;
#3988 = DIRECTION ( 'NONE',  ( 0.000000000000000000, -1.000000000000000000, 0.000000000000000000 ) ) ;
#3989 = AXIS2_PLACEMENT_3D ( 'NONE', #1523, #3325, #4378 ) ;
#3990 = FACE_OUTER_BOUND ( 'NONE', #4195, .T. ) ;
#3991 = AXIS2_PLACEMENT_3D ( 'NONE', #2183, #2592, #3629 ) ;
#3992 = VECTOR ( 'NONE', #3037, 1000.000000000000000 ) ;
#3993 = EDGE_LOOP ( 'NONE', ( #2927, #893, #1546, #986, #4086, #2795, #939, #1449 ) ) ;
#3994 = CIRCLE ( 'NONE', #880, 4.999999999999999112 ) ;
#3995 = ORIENTED_EDGE ( 'NONE', *, *, #2907, .F. ) ;
#3996 = EDGE_CURVE ( 'NONE', #3913, #3161, #635, .T. ) ;
#3997 = CARTESIAN_POINT ( 'NONE',  ( -9.847124473056830141, 4.000000000000000000, -11.93290069816901955 ) ) ;
#3998 = VERTEX_POINT ( 'NONE', #3242 ) ;
#3999 = DIRECTION ( 'NONE',  ( 0.000000000000000000, 0.000000000000000000, -1.000000000000000000 ) ) ;
#4000 = CARTESIAN_POINT ( 'NONE',  ( -4.425805671266068941, 10.44999999999999929, 14.26733162953354039 ) ) ;
#4001 = CIRCLE ( 'NONE', #4521, 5.000000000000000000 ) ;
#4002 = DIRECTION ( 'NONE',  ( 0.000000000000000000, -1.000000000000000000, 0.000000000000000000 ) ) ;
#4003 = AXIS2_PLACEMENT_3D ( 'NONE', #2856, #676, #1747 ) ;
#4004 = DIRECTION ( 'NONE',  ( 0.000000000000000000, 0.000000000000000000, -1.000000000000000000 ) ) ;
#4005 = DIRECTION ( 'NONE',  ( 1.000000000000000000, 0.000000000000000000, 0.000000000000000000 ) ) ;
#4006 = DIRECTION ( 'NONE',  ( 0.000000000000000000, 1.000000000000000000, 0.000000000000000000 ) ) ;
#4007 = CARTESIAN_POINT ( 'NONE',  ( -6.878112293239539987, -16.01280737409345178, 12.14650297043998073 ) ) ;
#4008 = DIRECTION ( 'NONE',  ( 0.000000000000000000, -1.000000000000000000, 0.000000000000000000 ) ) ;
#4009 = ORIENTED_EDGE ( 'NONE', *, *, #2901, .F. ) ;
#4010 = CARTESIAN_POINT ( 'NONE',  ( 7.985737366234038959, 4.000000000000000000, 12.69755876999722055 ) ) ;
#4011 = DIRECTION ( 'NONE',  ( 0.000000000000000000, -1.000000000000000000, 0.000000000000000000 ) ) ;
#4012 = LINE ( 'NONE', #52, #592 ) ;
#4013 = PLANE ( 'NONE',  #3914 ) ;
#4014 = ORIENTED_EDGE ( 'NONE', *, *, #2965, .F. ) ;
#4015 = ORIENTED_EDGE ( 'NONE', *, *, #328, .F. ) ;
#4016 = DIRECTION ( 'NONE',  ( 0.000000000000000000, 0.000000000000000000, 1.000000000000000000 ) ) ;
#4017 = VERTEX_POINT ( 'NONE', #2261 ) ;
#4018 = CARTESIAN_POINT ( 'NONE',  ( 0.9093963225183560040, 13.00000000000000000, -15.38741903618920048 ) ) ;
#4019 = VERTEX_POINT ( 'NONE', #3997 ) ;
#4020 = LINE ( 'NONE', #4658, #1499 ) ;
#4021 = EDGE_CURVE ( 'NONE', #963, #4649, #3442, .T. ) ;
#4022 = CARTESIAN_POINT ( 'NONE',  ( 3.752876153999289865, 1.100000000000000089, -16.80592448118134996 ) ) ;
#4023 = DIRECTION ( 'NONE',  ( 0.000000000000000000, 0.000000000000000000, -1.000000000000000000 ) ) ;
#4024 = CARTESIAN_POINT ( 'NONE',  ( -5.446258216054800642E-12, 3.000000000000000000, -5.446258216063890743E-12 ) ) ;
#4025 = LINE ( 'NONE', #3639, #4407 ) ;
#4026 = ADVANCED_FACE ( 'NONE', ( #2613 ), #2570, .T. ) ;
#4027 = DIRECTION ( 'NONE',  ( 0.000000000000000000, -1.000000000000000000, 0.000000000000000000 ) ) ;
#4028 = EDGE_LOOP ( 'NONE', ( #3443, #1543, #1199, #1412 ) ) ;
#4029 = VECTOR ( 'NONE', #1856, 1000.000000000000000 ) ;
#4030 = ORIENTED_EDGE ( 'NONE', *, *, #2900, .T. ) ;
#4031 = DIRECTION ( 'NONE',  ( 0.000000000000000000, 0.000000000000000000, -1.000000000000000000 ) ) ;
#4032 = ORIENTED_EDGE ( 'NONE', *, *, #2346, .F. ) ;
#4033 = CARTESIAN_POINT ( 'NONE',  ( 20.85284842501194902, 3.000000000000000000, 2.481675354166299918 ) ) ;
#4034 = CARTESIAN_POINT ( 'NONE',  ( 5.443804946588110515E-12, 3.000000000000000000, 5.443804946597200616E-12 ) ) ;
#4035 = LINE ( 'NONE', #1221, #345 ) ;
#4036 = EDGE_CURVE ( 'NONE', #100, #2370, #3372, .T. ) ;
#4037 = VERTEX_POINT ( 'NONE', #2884 ) ;
#4038 = ORIENTED_EDGE ( 'NONE', *, *, #2285, .T. ) ;
#4039 = DIRECTION ( 'NONE',  ( 0.000000000000000000, 1.000000000000000000, 0.000000000000000000 ) ) ;
#4040 = ORIENTED_EDGE ( 'NONE', *, *, #2599, .F. ) ;
#4041 = CARTESIAN_POINT ( 'NONE',  ( -10.06986499670492030, 3.000000000000000000, 14.31250568379296162 ) ) ;
#4042 = CARTESIAN_POINT ( 'NONE',  ( -4.425805671266068941, 7.000000000000000000, 16.51733162953355105 ) ) ;
#4043 = EDGE_CURVE ( 'NONE', #3277, #3654, #2017, .T. ) ;
#4044 = CARTESIAN_POINT ( 'NONE',  ( 0.000000000000000000, -2.000000000000000000, 0.000000000000000000 ) ) ;
#4045 = ORIENTED_EDGE ( 'NONE', *, *, #3627, .F. ) ;
#4046 = DIRECTION ( 'NONE',  ( 0.000000000000000000, 1.000000000000000000, 0.000000000000000000 ) ) ;
#4047 = CARTESIAN_POINT ( 'NONE',  ( 1.107091175234934166, 7.000000000000000000, -14.92816230492726071 ) ) ;
#4048 = DIRECTION ( 'NONE',  ( 0.000000000000000000, 1.000000000000000000, 0.000000000000000000 ) ) ;
#4049 = CIRCLE ( 'NONE', #1999, 2.500000000000000444 ) ;
#4050 = ADVANCED_FACE ( 'NONE', ( #5 ), #446, .T. ) ;
#4051 = AXIS2_PLACEMENT_3D ( 'NONE', #206, #2356, #1957 ) ;
#4052 = ORIENTED_EDGE ( 'NONE', *, *, #2266, .F. ) ;
#4053 = CARTESIAN_POINT ( 'NONE',  ( 1.391537046095730146, 7.000000000000000000, -11.41549931668370021 ) ) ;
#4054 = ORIENTED_EDGE ( 'NONE', *, *, #1694, .T. ) ;
#4055 = ORIENTED_EDGE ( 'NONE', *, *, #4194, .T. ) ;
#4056 = DIRECTION ( 'NONE',  ( 0.000000000000000000, -1.000000000000000000, 0.000000000000000000 ) ) ;
#4057 = DIRECTION ( 'NONE',  ( 0.000000000000000000, 0.000000000000000000, 1.000000000000000000 ) ) ;
#4058 = DIRECTION ( 'NONE',  ( 0.000000000000000000, -1.000000000000000000, 0.000000000000000000 ) ) ;
#4059 = EDGE_LOOP ( 'NONE', ( #1695, #3741 ) ) ;
#4060 = AXIS2_PLACEMENT_3D ( 'NONE', #2754, #2047, #3485 ) ;
#4061 = EDGE_CURVE ( 'NONE', #2990, #2483, #3143, .T. ) ;
#4062 = CYLINDRICAL_SURFACE ( 'NONE', #493, 10.00000000000000000 ) ;
#4063 = ORIENTED_EDGE ( 'NONE', *, *, #3531, .F. ) ;
#4064 = PLANE ( 'NONE',  #1791 ) ;
#4065 = AXIS2_PLACEMENT_3D ( 'NONE', #1849, #33, #2940 ) ;
#4066 = CARTESIAN_POINT ( 'NONE',  ( 16.51733162954249678, 7.000000000000000000, -2.825805671237445083 ) ) ;
#4067 = ORIENTED_EDGE ( 'NONE', *, *, #4665, .F. ) ;
#4068 = AXIS2_PLACEMENT_3D ( 'NONE', #4231, #3536, #685 ) ;
#4069 = VECTOR ( 'NONE', #4490, 1000.000000000000000 ) ;
#4070 = FACE_OUTER_BOUND ( 'NONE', #1222, .T. ) ;
#4071 = AXIS2_PLACEMENT_3D ( 'NONE', #625, #1273, #3502 ) ;
#4072 = ORIENTED_EDGE ( 'NONE', *, *, #4277, .F. ) ;
#4073 = CYLINDRICAL_SURFACE ( 'NONE', #2948, 10.00000000000000000 ) ;
#4074 = ORIENTED_EDGE ( 'NONE', *, *, #1117, .F. ) ;
#4075 = CARTESIAN_POINT ( 'NONE',  ( 1.391537046095730146, 13.00000000000000000, -11.41549931668370021 ) ) ;
#4076 = DIRECTION ( 'NONE',  ( 0.000000000000000000, 0.000000000000000000, -1.000000000000000000 ) ) ;
#4077 = ADVANCED_FACE ( 'NONE', ( #3675 ), #1133, .T. ) ;
#4078 = ORIENTED_EDGE ( 'NONE', *, *, #1903, .T. ) ;
#4079 = LINE ( 'NONE', #4123, #1452 ) ;
#4080 = ADVANCED_FACE ( 'NONE', ( #782 ), #423, .T. ) ;
#4081 = ORIENTED_EDGE ( 'NONE', *, *, #3696, .F. ) ;
#4082 = ORIENTED_EDGE ( 'NONE', *, *, #1545, .T. ) ;
#4083 = CARTESIAN_POINT ( 'NONE',  ( -5.312357039956809857, 4.000000000000000000, -13.79763841421334014 ) ) ;
#4084 = EDGE_CURVE ( 'NONE', #2135, #4568, #4287, .T. ) ;
#4085 = ORIENTED_EDGE ( 'NONE', *, *, #3594, .T. ) ;
#4086 = ORIENTED_EDGE ( 'NONE', *, *, #2077, .T. ) ;
#4087 = DIRECTION ( 'NONE',  ( -0.000000000000000000, 1.000000000000000000, 0.000000000000000000 ) ) ;
#4088 = CARTESIAN_POINT ( 'NONE',  ( 10.25304832719689863, 1.100000000000000089, 13.05304832720884001 ) ) ;
#4089 = EDGE_CURVE ( 'NONE', #1619, #1969, #1475, .T. ) ;
#4090 = EDGE_CURVE ( 'NONE', #4391, #1060, #1708, .T. ) ;
#4091 = FACE_OUTER_BOUND ( 'NONE', #108, .T. ) ;
#4092 = ORIENTED_EDGE ( 'NONE', *, *, #3484, .T. ) ;
#4093 = DIRECTION ( 'NONE',  ( 0.000000000000000000, -1.000000000000000000, 0.000000000000000000 ) ) ;
#4094 = VERTEX_POINT ( 'NONE', #515 ) ;
#4095 = CARTESIAN_POINT ( 'NONE',  ( 4.440892098500625152E-13, 13.00000000000000000, 6.050715484207100722E-12 ) ) ;
#4096 = CARTESIAN_POINT ( 'NONE',  ( 4.947631685529810142, 7.000000000000000000, -10.35387814087413894 ) ) ;
#4097 = ORIENTED_EDGE ( 'NONE', *, *, #887, .T. ) ;
#4098 = VECTOR ( 'NONE', #2492, 1000.000000000000000 ) ;
#4099 = EDGE_LOOP ( 'NONE', ( #849, #3150 ) ) ;
#4100 = CYLINDRICAL_SURFACE ( 'NONE', #1837, 24.00000000000000000 ) ;
#4101 = EDGE_CURVE ( 'NONE', #518, #2053, #4670, .T. ) ;
#4102 = CIRCLE ( 'NONE', #1212, 2.999999999999999112 ) ;
#4103 = ORIENTED_EDGE ( 'NONE', *, *, #1224, .T. ) ;
#4104 = ORIENTED_EDGE ( 'NONE', *, *, #1836, .T. ) ;
#4105 = ORIENTED_EDGE ( 'NONE', *, *, #2835, .F. ) ;
#4106 = EDGE_CURVE ( 'NONE', #4019, #903, #1954, .T. ) ;
#4107 = CARTESIAN_POINT ( 'NONE',  ( -14.98927714398053901, 7.000000000000000000, 0.5670720421099659792 ) ) ;
#4108 = ORIENTED_EDGE ( 'NONE', *, *, #4585, .T. ) ;
#4109 = ORIENTED_EDGE ( 'NONE', *, *, #441, .T. ) ;
#4110 = EDGE_CURVE ( 'NONE', #672, #3867, #2396, .T. ) ;
#4111 = DIRECTION ( 'NONE',  ( 0.000000000000000000, -1.000000000000000000, 0.000000000000000000 ) ) ;
#4112 = LINE ( 'NONE', #1541, #247 ) ;
#4113 = CARTESIAN_POINT ( 'NONE',  ( -11.44053734045487758, 7.000000000000000000, 0.8921643422089570175 ) ) ;
#4114 = ORIENTED_EDGE ( 'NONE', *, *, #3403, .T. ) ;
#4115 = CARTESIAN_POINT ( 'NONE',  ( 16.51733162954809586, 13.00000000000000000, -4.425805671227474036 ) ) ;
#4116 = ORIENTED_EDGE ( 'NONE', *, *, #1166, .T. ) ;
#4117 = DIRECTION ( 'NONE',  ( 0.000000000000000000, 0.000000000000000000, 1.000000000000000000 ) ) ;
#4118 = DIRECTION ( 'NONE',  ( 1.000000000000000000, 0.000000000000000000, 0.000000000000000000 ) ) ;
#4119 = EDGE_CURVE ( 'NONE', #1309, #4120, #111, .T. ) ;
#4120 = VERTEX_POINT ( 'NONE', #2019 ) ;
#4121 = EDGE_LOOP ( 'NONE', ( #4543, #1671, #1655, #3386 ) ) ;
#4122 = VECTOR ( 'NONE', #723, 1000.000000000000114 ) ;
#4123 = CARTESIAN_POINT ( 'NONE',  ( 16.51733162954249678, 2.474516600406095002, -6.025805671237450589 ) ) ;
#4124 = AXIS2_PLACEMENT_3D ( 'NONE', #1896, #3332, #1483 ) ;
#4125 = CIRCLE ( 'NONE', #1948, 2.799999999993505462 ) ;
#4126 = AXIS2_PLACEMENT_3D ( 'NONE', #3365, #3341, #91 ) ;
#4127 = VERTEX_POINT ( 'NONE', #875 ) ;
#4128 = ORIENTED_EDGE ( 'NONE', *, *, #303, .T. ) ;
#4129 = EDGE_CURVE ( 'NONE', #4398, #1728, #1945, .T. ) ;
#4130 = DIRECTION ( 'NONE',  ( 0.000000000000000000, -1.000000000000000000, 0.000000000000000000 ) ) ;
#4131 = ORIENTED_EDGE ( 'NONE', *, *, #2018, .T. ) ;
#4132 = DIRECTION ( 'NONE',  ( 0.000000000000000000, 0.000000000000000000, 1.000000000000000000 ) ) ;
#4133 = AXIS2_PLACEMENT_3D ( 'NONE', #4041, #36, #175 ) ;
#4134 = DIRECTION ( 'NONE',  ( 0.000000000000000000, 0.000000000000000000, 1.000000000000000000 ) ) ;
#4135 = EDGE_CURVE ( 'NONE', #95, #2424, #203, .T. ) ;
#4136 = AXIS2_PLACEMENT_3D ( 'NONE', #2382, #2028, #2407 ) ;
#4137 = DIRECTION ( 'NONE',  ( 0.000000000000000000, 1.000000000000000000, 0.000000000000000000 ) ) ;
#4138 = ORIENTED_EDGE ( 'NONE', *, *, #727, .T. ) ;
#4139 = CARTESIAN_POINT ( 'NONE',  ( 0.3780480280920860414, 4.000000000000000000, -9.992851429319649981 ) ) ;
#4140 = AXIS2_PLACEMENT_3D ( 'NONE', #123, #1638, #3437 ) ;
#4141 = CARTESIAN_POINT ( 'NONE',  ( -13.79763841420004056, 7.000000000000000000, -8.847890945915480643 ) ) ;
#4142 = CYLINDRICAL_SURFACE ( 'NONE', #1400, 1.649999999999999911 ) ;
#4143 = VECTOR ( 'NONE', #353, 1000.000000000000000 ) ;
#4144 = VECTOR ( 'NONE', #2381, 1000.000000000000000 ) ;
#4145 = CIRCLE ( 'NONE', #193, 2.250000000000000444 ) ;
#4146 = CARTESIAN_POINT ( 'NONE',  ( -15.29287094310670092, 13.00000000000000000, 8.507531858157960869 ) ) ;
#4147 = ORIENTED_EDGE ( 'NONE', *, *, #2671, .T. ) ;
#4148 = DIRECTION ( 'NONE',  ( 0.000000000000000000, -1.000000000000000000, 0.000000000000000000 ) ) ;
#4149 = VECTOR ( 'NONE', #2165, 1000.000000000000000 ) ;
#4150 = CIRCLE ( 'NONE', #4222, 2.249999999999998668 ) ;
#4151 = EDGE_CURVE ( 'NONE', #22, #1924, #2351, .T. ) ;
#4152 = ORIENTED_EDGE ( 'NONE', *, *, #4021, .F. ) ;
#4153 = ORIENTED_EDGE ( 'NONE', *, *, #1897, .T. ) ;
#4154 = DIRECTION ( 'NONE',  ( 0.000000000000000000, -1.000000000000000000, 0.000000000000000000 ) ) ;
#4155 = DIRECTION ( 'NONE',  ( 0.000000000000000000, -1.000000000000000000, 0.000000000000000000 ) ) ;
#4156 = VERTEX_POINT ( 'NONE', #2699 ) ;
#4157 = ORIENTED_EDGE ( 'NONE', *, *, #3618, .T. ) ;
#4158 = CYLINDRICAL_SURFACE ( 'NONE', #1860, 2.999999999999999112 ) ;
#4159 = CARTESIAN_POINT ( 'NONE',  ( 9.190343882090010297, 13.00000000000000000, 6.912856090576640078 ) ) ;
#4160 = VERTEX_POINT ( 'NONE', #2304 ) ;
#4161 = DIRECTION ( 'NONE',  ( 0.000000000000000000, -1.000000000000000000, 0.000000000000000000 ) ) ;
#4162 = VERTEX_POINT ( 'NONE', #535 ) ;
#4163 = CARTESIAN_POINT ( 'NONE',  ( -14.00592448119571998, 13.00000000000000000, 2.102876153975159923 ) ) ;
#4164 = EDGE_CURVE ( 'NONE', #2483, #3871, #112, .T. ) ;
#4165 = DIRECTION ( 'NONE',  ( 0.000000000000000000, -1.000000000000000000, 0.000000000000000000 ) ) ;
#4166 = DIRECTION ( 'NONE',  ( 0.000000000000000000, -1.000000000000000000, 0.000000000000000000 ) ) ;
#4167 = DIRECTION ( 'NONE',  ( 0.000000000000000000, 1.000000000000000000, 0.000000000000000000 ) ) ;
#4168 = VERTEX_POINT ( 'NONE', #1974 ) ;
#4169 = ADVANCED_FACE ( 'NONE', ( #4484 ), #2672, .F. ) ;
#4170 = CARTESIAN_POINT ( 'NONE',  ( 15.06984668219419987, 13.00000000000000000, 8.493357897950810198 ) ) ;
#4171 = AXIS2_PLACEMENT_3D ( 'NONE', #1910, #118, #1210 ) ;
#4172 = ORIENTED_EDGE ( 'NONE', *, *, #124, .T. ) ;
#4173 = ORIENTED_EDGE ( 'NONE', *, *, #4389, .F. ) ;
#4174 = VECTOR ( 'NONE', #4213, 1000.000000000000000 ) ;
#4175 = VERTEX_POINT ( 'NONE', #3052 ) ;
#4176 = CARTESIAN_POINT ( 'NONE',  ( 14.31250568381875965, -2.000000000000000000, -10.06986499666824031 ) ) ;
#4177 = EDGE_CURVE ( 'NONE', #305, #4156, #2767, .T. ) ;
#4178 = DIRECTION ( 'NONE',  ( 0.000000000000000000, 0.000000000000000000, -1.000000000000000000 ) ) ;
#4179 = DIRECTION ( 'NONE',  ( -1.156482317317871331E-15, 0.000000000000000000, -1.000000000000000000 ) ) ;
#4180 = EDGE_CURVE ( 'NONE', #1970, #2055, #4359, .T. ) ;
#4181 = CARTESIAN_POINT ( 'NONE',  ( 12.14650297045339933, 7.000000000000000000, -6.878112293218640261 ) ) ;
#4182 = CIRCLE ( 'NONE', #1596, 2.250000000000000000 ) ;
#4183 = CARTESIAN_POINT ( 'NONE',  ( 10.25304832719691994, 1.100000000000000089, 8.603048327215340407 ) ) ;
#4184 = ORIENTED_EDGE ( 'NONE', *, *, #2440, .F. ) ;
#4185 = ORIENTED_EDGE ( 'NONE', *, *, #4090, .F. ) ;
#4186 = CARTESIAN_POINT ( 'NONE',  ( -12.09152595827489840, 10.44999999999999929, -12.09152595829761800 ) ) ;
#4187 = CARTESIAN_POINT ( 'NONE',  ( -13.15523830027090035, 3.000000000000000000, -6.098336270121020419 ) ) ;
#4188 = DIRECTION ( 'NONE',  ( 0.000000000000000000, 0.000000000000000000, 1.000000000000000000 ) ) ;
#4189 = ADVANCED_FACE ( 'NONE', ( #1607 ), #4158, .F. ) ;
#4190 = CARTESIAN_POINT ( 'NONE',  ( 2.298183056504294886, 7.000000000000000000, 14.60528389892253820 ) ) ;
#4191 = CARTESIAN_POINT ( 'NONE',  ( -12.09152595827489840, 10.44999999999999929, -14.34152595829761978 ) ) ;
#4192 = DIRECTION ( 'NONE',  ( 0.000000000000000000, 0.000000000000000000, -1.000000000000000000 ) ) ;
#4193 = ADVANCED_FACE ( 'NONE', ( #1995 ), #3430, .T. ) ;
#4194 = EDGE_CURVE ( 'NONE', #409, #2589, #2915, .T. ) ;
#4195 = EDGE_LOOP ( 'NONE', ( #4493, #3394 ) ) ;
#4196 = ORIENTED_EDGE ( 'NONE', *, *, #4668, .T. ) ;
#4197 = AXIS2_PLACEMENT_3D ( 'NONE', #3062, #2366, #314 ) ;
#4198 = ORIENTED_EDGE ( 'NONE', *, *, #3340, .T. ) ;
#4199 = CIRCLE ( 'NONE', #2150, 1.600000000000000755 ) ;
#4200 = DIRECTION ( 'NONE',  ( 0.000000000000000000, 1.000000000000000000, 0.000000000000000000 ) ) ;
#4201 = CARTESIAN_POINT ( 'NONE',  ( 10.25304832719689863, 1.100000000000000089, 13.05304832720884001 ) ) ;
#4202 = FACE_OUTER_BOUND ( 'NONE', #1113, .T. ) ;
#4203 = CARTESIAN_POINT ( 'NONE',  ( -9.847124473056830141, 10.44999999999999929, -11.93290069816901955 ) ) ;
#4204 = PLANE ( 'NONE',  #3840 ) ;
#4205 = EDGE_LOOP ( 'NONE', ( #2580, #2229, #1007, #2260 ) ) ;
#4206 = CIRCLE ( 'NONE', #1549, 3.000000000000000888 ) ;
#4207 = DIRECTION ( 'NONE',  ( 0.000000000000000000, 0.000000000000000000, -1.000000000000000000 ) ) ;
#4208 = ORIENTED_EDGE ( 'NONE', *, *, #4456, .F. ) ;
#4209 = DIRECTION ( 'NONE',  ( 0.000000000000000000, -1.000000000000000000, 0.000000000000000000 ) ) ;
#4210 = CARTESIAN_POINT ( 'NONE',  ( -11.32276468004479852, 4.000000000000000000, -11.32276468006605974 ) ) ;
#4211 = LINE ( 'NONE', #1377, #4438 ) ;
#4212 = AXIS2_PLACEMENT_3D ( 'NONE', #2360, #3038, #4076 ) ;
#4213 = DIRECTION ( 'NONE',  ( 0.000000000000000000, -1.000000000000000000, 0.000000000000000000 ) ) ;
#4214 = CARTESIAN_POINT ( 'NONE',  ( -10.91917325944504036, 13.00000000000000000, 1.331035435375965914 ) ) ;
#4215 = DIRECTION ( 'NONE',  ( 0.000000000000000000, 0.000000000000000000, -1.000000000000000000 ) ) ;
#4216 = CIRCLE ( 'NONE', #2689, 14.50000000001340084 ) ;
#4217 = AXIS2_PLACEMENT_3D ( 'NONE', #4075, #1522, #2970 ) ;
#4218 = ORIENTED_EDGE ( 'NONE', *, *, #2977, .T. ) ;
#4219 = VERTEX_POINT ( 'NONE', #556 ) ;
#4220 = ORIENTED_EDGE ( 'NONE', *, *, #1935, .F. ) ;
#4221 = DIRECTION ( 'NONE',  ( 0.000000000000000000, -1.000000000000000000, 0.000000000000000000 ) ) ;
#4222 = AXIS2_PLACEMENT_3D ( 'NONE', #3450, #3142, #201 ) ;
#4223 = EDGE_CURVE ( 'NONE', #4162, #2498, #1392, .T. ) ;
#4224 = DIRECTION ( 'NONE',  ( 0.000000000000000000, 0.000000000000000000, -1.000000000000000000 ) ) ;
#4225 = AXIS2_PLACEMENT_3D ( 'NONE', #2833, #4570, #1725 ) ;
#4226 = ORIENTED_EDGE ( 'NONE', *, *, #896, .F. ) ;
#4227 = FACE_OUTER_BOUND ( 'NONE', #2373, .T. ) ;
#4228 = CARTESIAN_POINT ( 'NONE',  ( 0.000000000000000000, 10.44999999999999929, 0.000000000000000000 ) ) ;
#4229 = DIRECTION ( 'NONE',  ( 0.000000000000000000, 0.000000000000000000, 1.000000000000000000 ) ) ;
#4230 = VERTEX_POINT ( 'NONE', #993 ) ;
#4231 = CARTESIAN_POINT ( 'NONE',  ( 16.81825880027384912, 3.000000000000000000, -12.57561811311916067 ) ) ;
#4232 = ORIENTED_EDGE ( 'NONE', *, *, #1366, .T. ) ;
#4233 = VERTEX_POINT ( 'NONE', #4575 ) ;
#4234 = DIRECTION ( 'NONE',  ( 0.000000000000000000, -1.000000000000000000, 0.000000000000000000 ) ) ;
#4235 = FACE_OUTER_BOUND ( 'NONE', #1944, .T. ) ;
#4236 = DIRECTION ( 'NONE',  ( 0.000000000000000000, -1.000000000000000000, 0.000000000000000000 ) ) ;
#4237 = EDGE_CURVE ( 'NONE', #1394, #63, #4248, .T. ) ;
#4238 = CARTESIAN_POINT ( 'NONE',  ( 6.492905654926359738, 7.000000000000000000, 9.461713798683430099 ) ) ;
#4239 = DIRECTION ( 'NONE',  ( 0.000000000000000000, -1.000000000000000000, 0.000000000000000000 ) ) ;
#4240 = LINE ( 'NONE', #2385, #1140 ) ;
#4241 = ORIENTED_EDGE ( 'NONE', *, *, #740, .T. ) ;
#4242 = ORIENTED_EDGE ( 'NONE', *, *, #2041, .F. ) ;
#4243 = CARTESIAN_POINT ( 'NONE',  ( 0.000000000000000000, 3.000000000000000000, 0.000000000000000000 ) ) ;
#4244 = FACE_BOUND ( 'NONE', #4458, .T. ) ;
#4245 = AXIS2_PLACEMENT_3D ( 'NONE', #3577, #279, #2863 ) ;
#4246 = EDGE_CURVE ( 'NONE', #3628, #3518, #1369, .T. ) ;
#4247 = CARTESIAN_POINT ( 'NONE',  ( -8.277230311867999291, 3.000000000000000000, -19.29993415440305071 ) ) ;
#4248 = LINE ( 'NONE', #601, #2091 ) ;
#4249 = CARTESIAN_POINT ( 'NONE',  ( 16.81825880027384912, 3.000000000000000000, -15.57561811311915001 ) ) ;
#4250 = EDGE_LOOP ( 'NONE', ( #684, #3733, #239, #2096 ) ) ;
#4251 = EDGE_CURVE ( 'NONE', #582, #2034, #3863, .T. ) ;
#4252 = CIRCLE ( 'NONE', #1593, 10.00000000000000000 ) ;
#4253 = LINE ( 'NONE', #3173, #3681 ) ;
#4254 = VERTEX_POINT ( 'NONE', #2134 ) ;
#4255 = DIRECTION ( 'NONE',  ( 0.000000000000000000, -1.000000000000000000, 0.000000000000000000 ) ) ;
#4256 = PLANE ( 'NONE',  #2169 ) ;
#4257 = DIRECTION ( 'NONE',  ( 0.000000000000000000, 1.000000000000000000, 0.000000000000000000 ) ) ;
#4258 = EDGE_CURVE ( 'NONE', #884, #2798, #1058, .T. ) ;
#4259 = DIRECTION ( 'NONE',  ( -0.2588190451034276252, 0.000000000000000000, 0.9659258262888252844 ) ) ;
#4260 = CARTESIAN_POINT ( 'NONE',  ( 20.07639128970200204, -2.000000000000000000, 5.379452833032860148 ) ) ;
#4261 = CARTESIAN_POINT ( 'NONE',  ( 16.37305085188800291, 7.000000000000000000, -0.7636791219474999837 ) ) ;
#4262 = ORIENTED_EDGE ( 'NONE', *, *, #2816, .T. ) ;
#4263 = VERTEX_POINT ( 'NONE', #2113 ) ;
#4264 = CARTESIAN_POINT ( 'NONE',  ( 12.24650881637490230, 4.000000000000000000, -6.504885395184340169 ) ) ;
#4265 = CARTESIAN_POINT ( 'NONE',  ( 16.51733162954809586, 13.00000000000000000, -4.425805671227474036 ) ) ;
#4266 = ORIENTED_EDGE ( 'NONE', *, *, #896, .T. ) ;
#4267 = DIRECTION ( 'NONE',  ( 0.000000000000000000, -1.000000000000000000, 0.000000000000000000 ) ) ;
#4268 = LINE ( 'NONE', #3916, #2352 ) ;
#4269 = CARTESIAN_POINT ( 'NONE',  ( -14.82310169950456036, 13.00000000000000000, 0.6182535035941340018 ) ) ;
#4270 = AXIS2_PLACEMENT_3D ( 'NONE', #278, #1772, #3575 ) ;
#4271 = ORIENTED_EDGE ( 'NONE', *, *, #4562, .F. ) ;
#4272 = ORIENTED_EDGE ( 'NONE', *, *, #3190, .T. ) ;
#4273 = AXIS2_PLACEMENT_3D ( 'NONE', #379, #451, #116 ) ;
#4274 = CYLINDRICAL_SURFACE ( 'NONE', #4513, 2.299999999994954969 ) ;
#4275 = LINE ( 'NONE', #2213, #2536 ) ;
#4276 = DIRECTION ( 'NONE',  ( -0.7071067811872121522, 0.000000000000000000, 0.7071067811858829932 ) ) ;
#4277 = EDGE_CURVE ( 'NONE', #1184, #1134, #3147, .T. ) ;
#4278 = DIRECTION ( 'NONE',  ( 0.000000000000000000, 0.000000000000000000, -1.000000000000000000 ) ) ;
#4279 = CARTESIAN_POINT ( 'NONE',  ( 14.44193869592979951, 3.000000000000000000, 1.296305019427693717 ) ) ;
#4280 = DIRECTION ( 'NONE',  ( 0.000000000000000000, -1.000000000000000000, 0.000000000000000000 ) ) ;
#4281 = CARTESIAN_POINT ( 'NONE',  ( 0.000000000000000000, -2.000000000000000000, 0.000000000000000000 ) ) ;
#4282 = CYLINDRICAL_SURFACE ( 'NONE', #2511, 11.00000000000000000 ) ;
#4283 = EDGE_CURVE ( 'NONE', #1361, #1573, #2949, .T. ) ;
#4284 = VERTEX_POINT ( 'NONE', #3938 ) ;
#4285 =( GEOMETRIC_REPRESENTATION_CONTEXT ( 3 ) GLOBAL_UNCERTAINTY_ASSIGNED_CONTEXT ( ( #4485 ) ) GLOBAL_UNIT_ASSIGNED_CONTEXT ( ( #3290, #3246, #2546 ) ) REPRESENTATION_CONTEXT ( 'NONE', 'WORKASPACE' ) );
#4286 = ORIENTED_EDGE ( 'NONE', *, *, #4361, .F. ) ;
#4287 = CIRCLE ( 'NONE', #3600, 18.00000000000000000 ) ;
#4288 = DIRECTION ( 'NONE',  ( 0.000000000000000000, 1.000000000000000000, 0.000000000000000000 ) ) ;
#4289 = CARTESIAN_POINT ( 'NONE',  ( 3.367778697655219730E-15, -2.000000000000000000, -27.50000000000000000 ) ) ;
#4290 = EDGE_CURVE ( 'NONE', #1746, #724, #1281, .T. ) ;
#4291 = CIRCLE ( 'NONE', #1862, 11.00000000000000000 ) ;
#4292 = AXIS2_PLACEMENT_3D ( 'NONE', #2728, #3436, #3511 ) ;
#4293 = CIRCLE ( 'NONE', #4515, 0.5000000000000004441 ) ;
#4294 = DIRECTION ( 'NONE',  ( 0.000000000000000000, 0.000000000000000000, 1.000000000000000000 ) ) ;
#4295 = FACE_BOUND ( 'NONE', #3603, .T. ) ;
#4296 = LINE ( 'NONE', #1416, #421 ) ;
#4297 = ORIENTED_EDGE ( 'NONE', *, *, #3967, .T. ) ;
#4298 = ORIENTED_EDGE ( 'NONE', *, *, #4246, .F. ) ;
#4299 = FACE_OUTER_BOUND ( 'NONE', #539, .T. ) ;
#4300 = EDGE_CURVE ( 'NONE', #1198, #129, #1743, .T. ) ;
#4301 = DIRECTION ( 'NONE',  ( 0.000000000000000000, -1.000000000000000000, 0.000000000000000000 ) ) ;
#4302 = CARTESIAN_POINT ( 'NONE',  ( -7.353345045036739691, 4.000000000000000000, -11.75665040913724013 ) ) ;
#4303 = DIRECTION ( 'NONE',  ( 0.000000000000000000, 0.000000000000000000, -1.000000000000000000 ) ) ;
#4304 = ADVANCED_FACE ( 'NONE', ( #2468 ), #1900, .T. ) ;
#4305 = CARTESIAN_POINT ( 'NONE',  ( 12.19118534026090117, -2.000000000000000000, -12.19118534022963907 ) ) ;
#4306 = DIRECTION ( 'NONE',  ( 0.000000000000000000, -1.000000000000000000, 0.000000000000000000 ) ) ;
#4307 = CARTESIAN_POINT ( 'NONE',  ( 1.564506057902144809, 3.000000000000000000, 14.42992601232880112 ) ) ;
#4308 = LINE ( 'NONE', #1811, #991 ) ;
#4309 = EDGE_LOOP ( 'NONE', ( #318, #3835, #4226, #756 ) ) ;
#4310 = ADVANCED_FACE ( 'NONE', ( #4295, #4632 ), #4651, .T. ) ;
#4311 = VERTEX_POINT ( 'NONE', #4608 ) ;
#4312 = EDGE_CURVE ( 'NONE', #3699, #3174, #1039, .T. ) ;
#4313 = PLANE ( 'NONE',  #4225 ) ;
#4314 = CARTESIAN_POINT ( 'NONE',  ( 9.461713798662529484, 7.000000000000000000, 6.492905654954260086 ) ) ;
#4315 = DIRECTION ( 'NONE',  ( 0.000000000000000000, -1.000000000000000000, 0.000000000000000000 ) ) ;
#4316 = PLANE ( 'NONE',  #2099 ) ;
#4317 = AXIS2_PLACEMENT_3D ( 'NONE', #1070, #2523, #1979 ) ;
#4318 = ORIENTED_EDGE ( 'NONE', *, *, #1854, .F. ) ;
#4319 = AXIS2_PLACEMENT_3D ( 'NONE', #2934, #4492, #3279 ) ;
#4320 = DIRECTION ( 'NONE',  ( 0.000000000000000000, -1.000000000000000000, 0.000000000000000000 ) ) ;
#4321 = ADVANCED_FACE ( 'NONE', ( #2814 ), #1701, .T. ) ;
#4322 = LINE ( 'NONE', #553, #866 ) ;
#4323 = DIRECTION ( 'NONE',  ( 0.000000000000000000, 1.000000000000000000, 0.000000000000000000 ) ) ;
#4324 = EDGE_CURVE ( 'NONE', #2053, #2817, #4268, .T. ) ;
#4325 = DIRECTION ( 'NONE',  ( -8.673617379884038430E-16, 0.000000000000000000, -1.000000000000000000 ) ) ;
#4326 = DIRECTION ( 'NONE',  ( 0.000000000000000000, 1.000000000000000000, 0.000000000000000000 ) ) ;
#4327 = CARTESIAN_POINT ( 'NONE',  ( -12.09152595827489840, 10.44999999999999929, -13.69152595829761943 ) ) ;
#4328 = LINE ( 'NONE', #3660, #1908 ) ;
#4329 = CIRCLE ( 'NONE', #3874, 2.799999999992634603 ) ;
#4330 = ORIENTED_EDGE ( 'NONE', *, *, #165, .F. ) ;
#4331 = ORIENTED_EDGE ( 'NONE', *, *, #1366, .F. ) ;
#4332 = EDGE_LOOP ( 'NONE', ( #431, #2152, #351, #4692 ) ) ;
#4333 = DIRECTION ( 'NONE',  ( 0.000000000000000000, 1.000000000000000000, 0.000000000000000000 ) ) ;
#4334 = ADVANCED_FACE ( 'NONE', ( #299, #224 ), #3117, .T. ) ;
#4335 = EDGE_LOOP ( 'NONE', ( #525, #4052, #3751, #1268 ) ) ;
#4336 = DIRECTION ( 'NONE',  ( 0.000000000000000000, 0.000000000000000000, -1.000000000000000000 ) ) ;
#4337 = CARTESIAN_POINT ( 'NONE',  ( 4.440892098500625152E-13, 7.000000000000000000, 6.050715484207100722E-12 ) ) ;
#4338 = DIRECTION ( 'NONE',  ( 0.000000000000000000, -1.000000000000000000, 0.000000000000000000 ) ) ;
#4339 = ORIENTED_EDGE ( 'NONE', *, *, #853, .T. ) ;
#4340 = EDGE_LOOP ( 'NONE', ( #3549, #2937, #750, #1100 ) ) ;
#4341 = FACE_OUTER_BOUND ( 'NONE', #2339, .T. ) ;
#4342 = VECTOR ( 'NONE', #2274, 1000.000000000000000 ) ;
#4343 = ORIENTED_EDGE ( 'NONE', *, *, #3088, .T. ) ;
#4344 = AXIS2_PLACEMENT_3D ( 'NONE', #4694, #3695, #1796 ) ;
#4345 = CARTESIAN_POINT ( 'NONE',  ( -8.277230311867999291, 3.000000000000000000, -19.29993415440305071 ) ) ;
#4346 = ORIENTED_EDGE ( 'NONE', *, *, #1388, .T. ) ;
#4347 = CARTESIAN_POINT ( 'NONE',  ( -22.05706760501695030, -2.000000000000000000, -9.459691785027230182 ) ) ;
#4348 = DIRECTION ( 'NONE',  ( 0.000000000000000000, 1.000000000000000000, 0.000000000000000000 ) ) ;
#4349 = AXIS2_PLACEMENT_3D ( 'NONE', #561, #496, #3480 ) ;
#4350 = CARTESIAN_POINT ( 'NONE',  ( 13.95823628616470025, 7.000000000000000000, -0.1166315091934642112 ) ) ;
#4351 = DIRECTION ( 'NONE',  ( 0.000000000000000000, 1.000000000000000000, 0.000000000000000000 ) ) ;
#4352 = DIRECTION ( 'NONE',  ( 0.000000000000000000, 1.000000000000000000, 0.000000000000000000 ) ) ;
#4353 = CARTESIAN_POINT ( 'NONE',  ( -13.52441736208814049, 7.000000000000000000, -9.121111998026860235 ) ) ;
#4354 = CIRCLE ( 'NONE', #1316, 2.999999999999999112 ) ;
#4355 = ORIENTED_EDGE ( 'NONE', *, *, #3996, .T. ) ;
#4356 = DIRECTION ( 'NONE',  ( 0.000000000000000000, -1.000000000000000000, 0.000000000000000000 ) ) ;
#4357 = AXIS2_PLACEMENT_3D ( 'NONE', #4471, #4541, #191 ) ;
#4358 = ORIENTED_EDGE ( 'NONE', *, *, #369, .F. ) ;
#4359 = CIRCLE ( 'NONE', #3908, 1.600000000000000755 ) ;
#4360 = FACE_OUTER_BOUND ( 'NONE', #350, .T. ) ;
#4361 = EDGE_CURVE ( 'NONE', #4710, #2567, #2061, .T. ) ;
#4362 = CYLINDRICAL_SURFACE ( 'NONE', #2507, 0.5000000000000004441 ) ;
#4363 = CIRCLE ( 'NONE', #2319, 0.5000000000000004441 ) ;
#4364 = DIRECTION ( 'NONE',  ( 0.000000000000000000, 0.000000000000000000, 1.000000000000000000 ) ) ;
#4365 = AXIS2_PLACEMENT_3D ( 'NONE', #180, #4503, #1926 ) ;
#4366 = EDGE_LOOP ( 'NONE', ( #1461, #3153 ) ) ;
#4367 = CIRCLE ( 'NONE', #3528, 27.50000000000000000 ) ;
#4368 = EDGE_CURVE ( 'NONE', #2712, #3708, #1359, .T. ) ;
#4369 = CARTESIAN_POINT ( 'NONE',  ( 0.000000000000000000, 4.000000000000000000, 0.000000000000000000 ) ) ;
#4370 = ORIENTED_EDGE ( 'NONE', *, *, #671, .T. ) ;
#4371 = VECTOR ( 'NONE', #2067, 1000.000000000000000 ) ;
#4372 = DIRECTION ( 'NONE',  ( 0.000000000000000000, -1.000000000000000000, 0.000000000000000000 ) ) ;
#4373 = DIRECTION ( 'NONE',  ( 0.000000000000000000, 1.000000000000000000, 0.000000000000000000 ) ) ;
#4374 = CIRCLE ( 'NONE', #1258, 13.00000000000000000 ) ;
#4375 = CARTESIAN_POINT ( 'NONE',  ( -4.425805671266068941, 10.44999999999999929, 16.51733162953355105 ) ) ;
#4376 = CARTESIAN_POINT ( 'NONE',  ( 0.000000000000000000, 7.000000000000000000, -24.98000000000000043 ) ) ;
#4377 = CARTESIAN_POINT ( 'NONE',  ( -8.843087208080261163, 7.000000000000000000, 4.669026518481889987 ) ) ;
#4378 = DIRECTION ( 'NONE',  ( 0.000000000000000000, 0.000000000000000000, -1.000000000000000000 ) ) ;
#4379 = EDGE_LOOP ( 'NONE', ( #327, #3509, #2214, #2436, #3260, #2583, #1217, #968 ) ) ;
#4380 = EDGE_LOOP ( 'NONE', ( #1052, #1195, #2184, #3272 ) ) ;
#4381 = EDGE_LOOP ( 'NONE', ( #1965, #803, #3879, #2716 ) ) ;
#4382 = CARTESIAN_POINT ( 'NONE',  ( 11.40346354447549970, 7.000000000000000000, 3.156108234809190005 ) ) ;
#4383 = VECTOR ( 'NONE', #10, 1000.000000000000000 ) ;
#4384 = VERTEX_POINT ( 'NONE', #1817 ) ;
#4385 = CARTESIAN_POINT ( 'NONE',  ( 15.44315058948244967, 13.00000000000000000, 9.247113056013439802 ) ) ;
#4386 = VERTEX_POINT ( 'NONE', #3398 ) ;
#4387 = CARTESIAN_POINT ( 'NONE',  ( -7.080123992924840515, 7.000000000000000000, -12.02987146124861795 ) ) ;
#4388 = CARTESIAN_POINT ( 'NONE',  ( 1.107091175234934166, 13.00000000000000000, -14.92816230492726071 ) ) ;
#4389 = EDGE_CURVE ( 'NONE', #4156, #2417, #3039, .T. ) ;
#4390 = VERTEX_POINT ( 'NONE', #3670 ) ;
#4391 = VERTEX_POINT ( 'NONE', #416 ) ;
#4392 = CARTESIAN_POINT ( 'NONE',  ( 13.95823628616470025, 4.000000000000000000, -0.1166315091934642112 ) ) ;
#4393 = EDGE_LOOP ( 'NONE', ( #4483, #2859, #3331, #3786, #1834, #4131 ) ) ;
#4394 = CARTESIAN_POINT ( 'NONE',  ( 15.25775738197975073, 10.44999999999999929, -2.561409598811670296 ) ) ;
#4395 = CIRCLE ( 'NONE', #1654, 13.00000000000000000 ) ;
#4396 = LINE ( 'NONE', #3223, #2494 ) ;
#4397 = ADVANCED_FACE ( 'NONE', ( #1870 ), #4362, .T. ) ;
#4398 = VERTEX_POINT ( 'NONE', #3307 ) ;
#4399 = VECTOR ( 'NONE', #251, 1000.000000000000000 ) ;
#4400 = FACE_BOUND ( 'NONE', #3761, .T. ) ;
#4401 = DIRECTION ( 'NONE',  ( 0.000000000000000000, 0.000000000000000000, 1.000000000000000000 ) ) ;
#4402 = CARTESIAN_POINT ( 'NONE',  ( 14.56131753617669844, 7.000000000000000000, -7.525159905972679475 ) ) ;
#4403 = DIRECTION ( 'NONE',  ( 0.000000000000000000, 0.000000000000000000, 1.000000000000000000 ) ) ;
#4404 = EDGE_CURVE ( 'NONE', #2322, #2161, #4012, .T. ) ;
#4405 = ORIENTED_EDGE ( 'NONE', *, *, #609, .F. ) ;
#4406 = DIRECTION ( 'NONE',  ( 0.000000000000000000, -1.000000000000000000, 0.000000000000000000 ) ) ;
#4407 = VECTOR ( 'NONE', #770, 1000.000000000000000 ) ;
#4408 = EDGE_LOOP ( 'NONE', ( #326, #2441, #3447, #1488 ) ) ;
#4409 = ORIENTED_EDGE ( 'NONE', *, *, #1437, .F. ) ;
#4410 = DIRECTION ( 'NONE',  ( 0.000000000000000000, 1.000000000000000000, 0.000000000000000000 ) ) ;
#4411 = DIRECTION ( 'NONE',  ( 0.000000000000000000, 0.000000000000000000, 1.000000000000000000 ) ) ;
#4412 = VERTEX_POINT ( 'NONE', #1797 ) ;
#4413 = DIRECTION ( 'NONE',  ( 0.000000000000000000, -1.000000000000000000, 0.000000000000000000 ) ) ;
#4414 = ORIENTED_EDGE ( 'NONE', *, *, #2222, .T. ) ;
#4415 = AXIS2_PLACEMENT_3D ( 'NONE', #244, #1696, #1362 ) ;
#4416 = ORIENTED_EDGE ( 'NONE', *, *, #1771, .T. ) ;
#4417 = LINE ( 'NONE', #2236, #1325 ) ;
#4418 = EDGE_LOOP ( 'NONE', ( #1621, #2634, #4645, #3570 ) ) ;
#4419 = CARTESIAN_POINT ( 'NONE',  ( 4.502643226144499522, 7.000000000000000000, -10.58188092816824089 ) ) ;
#4420 = CARTESIAN_POINT ( 'NONE',  ( 3.752876153999289865, 13.00000000000000000, -14.00592448118869981 ) ) ;
#4421 = CARTESIAN_POINT ( 'NONE',  ( 4.502643226144499522, 13.00000000000000000, -10.58188092816824089 ) ) ;
#4422 = AXIS2_PLACEMENT_3D ( 'NONE', #519, #1169, #1544 ) ;
#4423 = ORIENTED_EDGE ( 'NONE', *, *, #378, .F. ) ;
#4424 = DIRECTION ( 'NONE',  ( 0.000000000000000000, -1.000000000000000000, 0.000000000000000000 ) ) ;
#4425 = EDGE_CURVE ( 'NONE', #3123, #1410, #3096, .T. ) ;
#4426 = ORIENTED_EDGE ( 'NONE', *, *, #3748, .F. ) ;
#4427 = FACE_OUTER_BOUND ( 'NONE', #3163, .T. ) ;
#4428 = DIRECTION ( 'NONE',  ( 0.000000000000000000, 0.000000000000000000, 1.000000000000000000 ) ) ;
#4429 = CIRCLE ( 'NONE', #169, 13.00000000000000000 ) ;
#4430 = EDGE_LOOP ( 'NONE', ( #3766, #4054, #1754, #2854 ) ) ;
#4431 = ORIENTED_EDGE ( 'NONE', *, *, #2107, .T. ) ;
#4432 = ORIENTED_EDGE ( 'NONE', *, *, #3981, .F. ) ;
#4433 = DIRECTION ( 'NONE',  ( 0.000000000000000000, 0.000000000000000000, -1.000000000000000000 ) ) ;
#4434 = ORIENTED_EDGE ( 'NONE', *, *, #1804, .T. ) ;
#4435 = VERTEX_POINT ( 'NONE', #2535 ) ;
#4436 = EDGE_LOOP ( 'NONE', ( #1989, #1190, #4488, #1635 ) ) ;
#4437 = EDGE_CURVE ( 'NONE', #602, #4509, #3172, .T. ) ;
#4438 = VECTOR ( 'NONE', #3899, 1000.000000000000000 ) ;
#4439 = FACE_OUTER_BOUND ( 'NONE', #103, .T. ) ;
#4440 = ORIENTED_EDGE ( 'NONE', *, *, #3866, .T. ) ;
#4441 = ORIENTED_EDGE ( 'NONE', *, *, #3276, .F. ) ;
#4442 = AXIS2_PLACEMENT_3D ( 'NONE', #653, #2947, #4403 ) ;
#4443 = DIRECTION ( 'NONE',  ( 1.000000000000000000, 0.000000000000000000, 0.000000000000000000 ) ) ;
#4444 = DIRECTION ( 'NONE',  ( 0.000000000000000000, 0.000000000000000000, -1.000000000000000000 ) ) ;
#4445 = AXIS2_PLACEMENT_3D ( 'NONE', #2541, #4699, #1440 ) ;
#4446 = DIRECTION ( 'NONE',  ( 0.000000000000000000, -1.000000000000000000, 0.000000000000000000 ) ) ;
#4447 = CARTESIAN_POINT ( 'NONE',  ( -14.00592448119571998, 1.100000000000000089, 0.9528761539826340332 ) ) ;
#4448 = EDGE_LOOP ( 'NONE', ( #3595, #2083, #1248, #934, #2996, #4697, #558, #1939, #2865, #3349 ) ) ;
#4449 = CARTESIAN_POINT ( 'NONE',  ( 0.000000000000000000, 6.000000000000000000, 0.000000000000000000 ) ) ;
#4450 = LINE ( 'NONE', #837, #1253 ) ;
#4451 = DIRECTION ( 'NONE',  ( 0.000000000000000000, 0.000000000000000000, -1.000000000000000000 ) ) ;
#4452 = EDGE_CURVE ( 'NONE', #2498, #2714, #2956, .T. ) ;
#4453 = ORIENTED_EDGE ( 'NONE', *, *, #2759, .T. ) ;
#4454 = EDGE_CURVE ( 'NONE', #3211, #483, #754, .T. ) ;
#4455 = CARTESIAN_POINT ( 'NONE',  ( 0.8921643422301500648, 13.00000000000000000, -11.44053734044719839 ) ) ;
#4456 = EDGE_CURVE ( 'NONE', #1562, #465, #297, .T. ) ;
#4457 = EDGE_LOOP ( 'NONE', ( #819, #4330, #3015, #793 ) ) ;
#4458 = EDGE_LOOP ( 'NONE', ( #549, #1679 ) ) ;
#4459 = CARTESIAN_POINT ( 'NONE',  ( -17.76960000000315176, 13.00000000000000000, 2.870769207008320389 ) ) ;
#4460 = ORIENTED_EDGE ( 'NONE', *, *, #2725, .T. ) ;
#4461 = EDGE_LOOP ( 'NONE', ( #3382, #1723, #1215, #3066 ) ) ;
#4462 = EDGE_CURVE ( 'NONE', #76, #4233, #2, .T. ) ;
#4463 = ADVANCED_FACE ( 'NONE', ( #2156 ), #3760, .F. ) ;
#4464 = CARTESIAN_POINT ( 'NONE',  ( -12.57561811315970068, 3.000000000000000000, 16.81825880024355158 ) ) ;
#4465 = DIRECTION ( 'NONE',  ( 0.000000000000000000, 1.000000000000000000, 0.000000000000000000 ) ) ;
#4466 = EDGE_CURVE ( 'NONE', #2798, #1602, #141, .T. ) ;
#4467 = DIRECTION ( 'NONE',  ( 0.000000000000000000, -1.000000000000000000, 0.000000000000000000 ) ) ;
#4468 = ORIENTED_EDGE ( 'NONE', *, *, #3194, .T. ) ;
#4469 = DIRECTION ( 'NONE',  ( 0.000000000000000000, 0.000000000000000000, -1.000000000000000000 ) ) ;
#4470 = LINE ( 'NONE', #2706, #4069 ) ;
#4471 = CARTESIAN_POINT ( 'NONE',  ( -14.00592448119571998, 1.100000000000000089, 3.752876153975159834 ) ) ;
#4472 = EDGE_LOOP ( 'NONE', ( #391, #2448, #435, #3546 ) ) ;
#4473 = AXIS2_PLACEMENT_3D ( 'NONE', #1079, #2180, #3625 ) ;
#4474 = ORIENTED_EDGE ( 'NONE', *, *, #3954, .T. ) ;
#4475 = ORIENTED_EDGE ( 'NONE', *, *, #3427, .T. ) ;
#4476 = DIRECTION ( 'NONE',  ( 0.000000000000000000, 0.000000000000000000, -1.000000000000000000 ) ) ;
#4477 = ORIENTED_EDGE ( 'NONE', *, *, #690, .T. ) ;
#4478 = ORIENTED_EDGE ( 'NONE', *, *, #2543, .F. ) ;
#4479 = EDGE_CURVE ( 'NONE', #1769, #3277, #752, .T. ) ;
#4480 = DIRECTION ( 'NONE',  ( 0.000000000000000000, 0.000000000000000000, 1.000000000000000000 ) ) ;
#4481 = VERTEX_POINT ( 'NONE', #2203 ) ;
#4482 = ORIENTED_EDGE ( 'NONE', *, *, #2731, .F. ) ;
#4483 = ORIENTED_EDGE ( 'NONE', *, *, #4689, .F. ) ;
#4484 = FACE_OUTER_BOUND ( 'NONE', #2658, .T. ) ;
#4485 = UNCERTAINTY_MEASURE_WITH_UNIT (LENGTH_MEASURE( 1.000000000000000082E-05 ), #3290, 'distance_accuracy_value', 'NONE');
#4486 = CARTESIAN_POINT ( 'NONE',  ( -14.00592448119571998, -2.000000000000000000, 6.552876153967680750 ) ) ;
#4487 = CYLINDRICAL_SURFACE ( 'NONE', #3067, 1.600000000000000755 ) ;
#4488 = ORIENTED_EDGE ( 'NONE', *, *, #1756, .T. ) ;
#4489 = CARTESIAN_POINT ( 'NONE',  ( 13.95823628616470025, -16.01280737409345178, -0.1166315091934642112 ) ) ;
#4490 = DIRECTION ( 'NONE',  ( -0.9659258262893115621, 0.000000000000000000, 0.2588190451016129101 ) ) ;
#4491 = DIRECTION ( 'NONE',  ( 0.000000000000000000, 1.000000000000000000, 0.000000000000000000 ) ) ;
#4492 = DIRECTION ( 'NONE',  ( 0.000000000000000000, -1.000000000000000000, 0.000000000000000000 ) ) ;
#4493 = ORIENTED_EDGE ( 'NONE', *, *, #2052, .F. ) ;
#4494 = CIRCLE ( 'NONE', #616, 11.00000000000000000 ) ;
#4495 = CYLINDRICAL_SURFACE ( 'NONE', #2525, 1.250000000000000000 ) ;
#4496 = VECTOR ( 'NONE', #430, 1000.000000000000000 ) ;
#4497 = ORIENTED_EDGE ( 'NONE', *, *, #1929, .F. ) ;
#4498 = EDGE_LOOP ( 'NONE', ( #1151, #4715, #1617, #3784 ) ) ;
#4499 = EDGE_CURVE ( 'NONE', #4156, #1365, #730, .T. ) ;
#4500 = DIRECTION ( 'NONE',  ( 0.000000000000000000, 1.000000000000000000, 0.000000000000000000 ) ) ;
#4501 = ORIENTED_EDGE ( 'NONE', *, *, #2575, .T. ) ;
#4502 = EDGE_CURVE ( 'NONE', #3402, #22, #3864, .T. ) ;
#4503 = DIRECTION ( 'NONE',  ( 0.000000000000000000, 1.000000000000000000, 0.000000000000000000 ) ) ;
#4504 = CARTESIAN_POINT ( 'NONE',  ( -12.09152595827489840, 10.44999999999999929, -9.841525958297630439 ) ) ;
#4505 = CIRCLE ( 'NONE', #3438, 24.00000000000000000 ) ;
#4506 = EDGE_CURVE ( 'NONE', #3794, #145, #1236, .T. ) ;
#4507 = VECTOR ( 'NONE', #657, 1000.000000000000000 ) ;
#4508 = FACE_OUTER_BOUND ( 'NONE', #3004, .T. ) ;
#4509 = VERTEX_POINT ( 'NONE', #1436 ) ;
#4510 = CARTESIAN_POINT ( 'NONE',  ( -14.82310169950456036, 7.000000000000000000, 0.6182535035941330026 ) ) ;
#4511 = CARTESIAN_POINT ( 'NONE',  ( -13.26463081212039974, 4.000000000000000000, 7.003539777722839865 ) ) ;
#4512 = DIRECTION ( 'NONE',  ( 0.000000000000000000, 0.000000000000000000, 1.000000000000000000 ) ) ;
#4513 = AXIS2_PLACEMENT_3D ( 'NONE', #3922, #2164, #628 ) ;
#4514 = AXIS2_PLACEMENT_3D ( 'NONE', #2098, #2026, #1681 ) ;
#4515 = AXIS2_PLACEMENT_3D ( 'NONE', #3022, #3742, #4480 ) ;
#4516 = EDGE_CURVE ( 'NONE', #3518, #4263, #1584, .T. ) ;
#4517 = DIRECTION ( 'NONE',  ( 0.000000000000000000, -1.000000000000000000, 0.000000000000000000 ) ) ;
#4518 = EDGE_LOOP ( 'NONE', ( #1894, #1439 ) ) ;
#4519 = DIRECTION ( 'NONE',  ( 0.000000000000000000, -1.000000000000000000, 0.000000000000000000 ) ) ;
#4520 = AXIS2_PLACEMENT_3D ( 'NONE', #1442, #3244, #3999 ) ;
#4521 = AXIS2_PLACEMENT_3D ( 'NONE', #4107, #1154, #2258 ) ;
#4522 = EDGE_LOOP ( 'NONE', ( #4566, #1802, #3311, #3113 ) ) ;
#4523 = ORIENTED_EDGE ( 'NONE', *, *, #463, .T. ) ;
#4524 = EDGE_CURVE ( 'NONE', #669, #3867, #522, .T. ) ;
#4525 = ORIENTED_EDGE ( 'NONE', *, *, #4164, .T. ) ;
#4526 = CARTESIAN_POINT ( 'NONE',  ( 11.85893328088027943, 3.000000000000000000, -8.343602425812150614 ) ) ;
#4527 = CARTESIAN_POINT ( 'NONE',  ( -15.87701174170375040, -2.000000000000000000, -7.360061015662139994 ) ) ;
#4528 = ORIENTED_EDGE ( 'NONE', *, *, #174, .T. ) ;
#4529 = DIRECTION ( 'NONE',  ( 0.000000000000000000, 1.000000000000000000, 0.000000000000000000 ) ) ;
#4530 = CARTESIAN_POINT ( 'NONE',  ( -7.353345045036739691, 7.000000000000000000, -11.75665040913724013 ) ) ;
#4531 = VECTOR ( 'NONE', #264, 1000.000000000000000 ) ;
#4532 = EDGE_CURVE ( 'NONE', #105, #3809, #235, .T. ) ;
#4533 = VERTEX_POINT ( 'NONE', #2755 ) ;
#4534 = AXIS2_PLACEMENT_3D ( 'NONE', #402, #2119, #687 ) ;
#4535 = EDGE_CURVE ( 'NONE', #2666, #1901, #1282, .T. ) ;
#4536 = DIRECTION ( 'NONE',  ( 0.000000000000000000, 0.000000000000000000, 1.000000000000000000 ) ) ;
#4537 = ORIENTED_EDGE ( 'NONE', *, *, #2077, .F. ) ;
#4538 = CARTESIAN_POINT ( 'NONE',  ( 8.790763713303510585, 7.000000000000000000, 6.612297130117049448 ) ) ;
#4539 = DIRECTION ( 'NONE',  ( 0.000000000000000000, 0.000000000000000000, -1.000000000000000000 ) ) ;
#4540 = EDGE_CURVE ( 'NONE', #2841, #2135, #3420, .T. ) ;
#4541 = DIRECTION ( 'NONE',  ( 0.000000000000000000, -1.000000000000000000, 0.000000000000000000 ) ) ;
#4542 = CARTESIAN_POINT ( 'NONE',  ( 3.752876153999289865, 1.100000000000000089, -14.00592448118869981 ) ) ;
#4543 = ORIENTED_EDGE ( 'NONE', *, *, #4283, .F. ) ;
#4544 = DIRECTION ( 'NONE',  ( 0.000000000000000000, 0.000000000000000000, -1.000000000000000000 ) ) ;
#4545 = VECTOR ( 'NONE', #161, 1000.000000000000000 ) ;
#4546 = ORIENTED_EDGE ( 'NONE', *, *, #4673, .T. ) ;
#4547 = EDGE_LOOP ( 'NONE', ( #938, #1902, #645, #3328 ) ) ;
#4548 = AXIS2_PLACEMENT_3D ( 'NONE', #2772, #680, #3555 ) ;
#4549 = VERTEX_POINT ( 'NONE', #1640 ) ;
#4550 = DIRECTION ( 'NONE',  ( 0.000000000000000000, 1.000000000000000000, 0.000000000000000000 ) ) ;
#4551 = DIRECTION ( 'NONE',  ( 0.000000000000000000, 1.000000000000000000, 0.000000000000000000 ) ) ;
#4552 = DIRECTION ( 'NONE',  ( 0.000000000000000000, 0.000000000000000000, -1.000000000000000000 ) ) ;
#4553 = DIRECTION ( 'NONE',  ( 0.000000000000000000, 0.000000000000000000, 1.000000000000000000 ) ) ;
#4554 = EDGE_CURVE ( 'NONE', #747, #457, #2048, .T. ) ;
#4555 = ORIENTED_EDGE ( 'NONE', *, *, #2676, .F. ) ;
#4556 = DIRECTION ( 'NONE',  ( 0.000000000000000000, 0.000000000000000000, -1.000000000000000000 ) ) ;
#4557 = ORIENTED_EDGE ( 'NONE', *, *, #500, .T. ) ;
#4558 = DIRECTION ( 'NONE',  ( 0.000000000000000000, 0.000000000000000000, 1.000000000000000000 ) ) ;
#4559 = DIRECTION ( 'NONE',  ( 0.000000000000000000, 0.000000000000000000, 1.000000000000000000 ) ) ;
#4560 = DIRECTION ( 'NONE',  ( 0.000000000000000000, -1.000000000000000000, 0.000000000000000000 ) ) ;
#4561 = AXIS2_PLACEMENT_3D ( 'NONE', #4264, #650, #966 ) ;
#4562 = EDGE_CURVE ( 'NONE', #1160, #489, #1263, .T. ) ;
#4563 = FACE_OUTER_BOUND ( 'NONE', #4418, .T. ) ;
#4564 = CARTESIAN_POINT ( 'NONE',  ( 14.44193869592979951, 3.000000000000000000, 1.296305019427693717 ) ) ;
#4565 = DIRECTION ( 'NONE',  ( 0.000000000000000000, 0.000000000000000000, 1.000000000000000000 ) ) ;
#4566 = ORIENTED_EDGE ( 'NONE', *, *, #4479, .F. ) ;
#4567 = VERTEX_POINT ( 'NONE', #4238 ) ;
#4568 = VERTEX_POINT ( 'NONE', #980 ) ;
#4569 = AXIS2_PLACEMENT_3D ( 'NONE', #3849, #2799, #977 ) ;
#4570 = DIRECTION ( 'NONE',  ( -0.2588190451016140758, 0.000000000000000000, -0.9659258262893112290 ) ) ;
#4571 = DIRECTION ( 'NONE',  ( 0.000000000000000000, 0.000000000000000000, 1.000000000000000000 ) ) ;
#4572 = AXIS2_PLACEMENT_3D ( 'NONE', #3680, #1928, #1188 ) ;
#4573 = AXIS2_PLACEMENT_3D ( 'NONE', #1106, #4011, #1505 ) ;
#4574 = DIRECTION ( 'NONE',  ( 0.000000000000000000, 0.000000000000000000, -1.000000000000000000 ) ) ;
#4575 = CARTESIAN_POINT ( 'NONE',  ( 2.791025617962304750, 7.000000000000000000, -17.77599999999049984 ) ) ;
#4576 = EDGE_CURVE ( 'NONE', #2498, #4669, #1434, .T. ) ;
#4577 = DIRECTION ( 'NONE',  ( 0.000000000000000000, 0.000000000000000000, -1.000000000000000000 ) ) ;
#4578 = ORIENTED_EDGE ( 'NONE', *, *, #2824, .T. ) ;
#4579 = ORIENTED_EDGE ( 'NONE', *, *, #4258, .T. ) ;
#4580 = CIRCLE ( 'NONE', #4133, 3.000000000000000888 ) ;
#4581 = DIRECTION ( 'NONE',  ( 0.000000000000000000, 1.000000000000000000, 0.000000000000000000 ) ) ;
#4582 = ORIENTED_EDGE ( 'NONE', *, *, #4588, .T. ) ;
#4583 = CARTESIAN_POINT ( 'NONE',  ( 4.306876129355624805, 13.00000000000000000, -10.12179914868242037 ) ) ;
#4584 = CARTESIAN_POINT ( 'NONE',  ( 0.000000000000000000, 3.000000000000000000, 0.000000000000000000 ) ) ;
#4585 = EDGE_CURVE ( 'NONE', #4254, #618, #2126, .T. ) ;
#4586 = DIRECTION ( 'NONE',  ( 0.000000000000000000, -1.000000000000000000, 0.000000000000000000 ) ) ;
#4587 = AXIS2_PLACEMENT_3D ( 'NONE', #633, #2070, #1739 ) ;
#4588 = EDGE_CURVE ( 'NONE', #3126, #1130, #3406, .T. ) ;
#4589 = VECTOR ( 'NONE', #1859, 1000.000000000000000 ) ;
#4590 = DIRECTION ( 'NONE',  ( 0.9659258262888252844, 0.000000000000000000, 0.2588190451034276252 ) ) ;
#4591 = CARTESIAN_POINT ( 'NONE',  ( 7.985737366234038959, 4.000000000000000000, 12.69755876999722055 ) ) ;
#4592 = DIRECTION ( 'NONE',  ( 0.000000000000000000, -1.000000000000000000, 0.000000000000000000 ) ) ;
#4593 = VECTOR ( 'NONE', #1250, 1000.000000000000000 ) ;
#4594 = CIRCLE ( 'NONE', #4514, 2.799999999992634603 ) ;
#4595 = EDGE_CURVE ( 'NONE', #76, #4509, #3788, .T. ) ;
#4596 = CIRCLE ( 'NONE', #2921, 2.500000000000000444 ) ;
#4597 = EDGE_LOOP ( 'NONE', ( #914, #3619, #256, #3676 ) ) ;
#4598 = EDGE_CURVE ( 'NONE', #1673, #3209, #678, .T. ) ;
#4599 = VERTEX_POINT ( 'NONE', #3130 ) ;
#4600 = ORIENTED_EDGE ( 'NONE', *, *, #4524, .T. ) ;
#4601 = DIRECTION ( 'NONE',  ( 0.000000000000000000, -1.000000000000000000, 0.000000000000000000 ) ) ;
#4602 = AXIS2_PLACEMENT_3D ( 'NONE', #1605, #2443, #1971 ) ;
#4603 = DIRECTION ( 'NONE',  ( 0.000000000000000000, -1.000000000000000000, 0.000000000000000000 ) ) ;
#4604 = AXIS2_PLACEMENT_3D ( 'NONE', #784, #1242, #2942 ) ;
#4605 = EDGE_CURVE ( 'NONE', #3334, #4037, #372, .T. ) ;
#4606 = ORIENTED_EDGE ( 'NONE', *, *, #3929, .F. ) ;
#4607 = DIRECTION ( 'NONE',  ( 0.000000000000000000, -1.000000000000000000, 0.000000000000000000 ) ) ;
#4608 = CARTESIAN_POINT ( 'NONE',  ( 3.752876153999289865, 13.00000000000000000, -15.65592448118869839 ) ) ;
#4609 = CARTESIAN_POINT ( 'NONE',  ( -12.09152595827489840, 7.000000000000000000, -13.69152595829761943 ) ) ;
#4610 = EDGE_CURVE ( 'NONE', #2255, #1664, #4621, .T. ) ;
#4611 = VERTEX_POINT ( 'NONE', #3106 ) ;
#4612 = CARTESIAN_POINT ( 'NONE',  ( 4.669026518497010336, 4.000000000000000000, -8.843087208072290650 ) ) ;
#4613 = VERTEX_POINT ( 'NONE', #1334 ) ;
#4614 = DIRECTION ( 'NONE',  ( 0.000000000000000000, 0.000000000000000000, 1.000000000000000000 ) ) ;
#4615 = DIRECTION ( 'NONE',  ( 0.000000000000000000, 1.000000000000000000, 0.000000000000000000 ) ) ;
#4616 = EDGE_CURVE ( 'NONE', #3350, #34, #3023, .T. ) ;
#4617 = CARTESIAN_POINT ( 'NONE',  ( 11.85893328088027943, -2.000000000000000000, -8.343602425812150614 ) ) ;
#4618 = ADVANCED_FACE ( 'NONE', ( #4563 ), #933, .F. ) ;
#4619 = EDGE_CURVE ( 'NONE', #4094, #3669, #3783, .T. ) ;
#4620 = LINE ( 'NONE', #1740, #3893 ) ;
#4621 = LINE ( 'NONE', #3486, #983 ) ;
#4622 = CARTESIAN_POINT ( 'NONE',  ( -2.968461863797929645, 7.000000000000000000, -11.45374323805004124 ) ) ;
#4623 = CARTESIAN_POINT ( 'NONE',  ( 7.003539777745520389, 7.000000000000000000, -13.26463081210841999 ) ) ;
#4624 = ORIENTED_EDGE ( 'NONE', *, *, #3108, .T. ) ;
#4625 = ORIENTED_EDGE ( 'NONE', *, *, #1938, .F. ) ;
#4626 = PRODUCT_RELATED_PRODUCT_CATEGORY ( 'part', '', ( #1925 ) ) ;
#4627 = DIRECTION ( 'NONE',  ( 0.000000000000000000, -1.000000000000000000, 0.000000000000000000 ) ) ;
#4628 = DIRECTION ( 'NONE',  ( 0.000000000000000000, 1.000000000000000000, 0.000000000000000000 ) ) ;
#4629 = AXIS2_PLACEMENT_3D ( 'NONE', #1153, #1597, #505 ) ;
#4630 = CARTESIAN_POINT ( 'NONE',  ( 8.493357897909710630, 13.00000000000000000, 15.06984668221980073 ) ) ;
#4631 = ADVANCED_FACE ( 'NONE', ( #2383 ), #166, .T. ) ;
#4632 = FACE_OUTER_BOUND ( 'NONE', #1914, .T. ) ;
#4633 = AXIS2_PLACEMENT_3D ( 'NONE', #1827, #4306, #2146 ) ;
#4634 = CARTESIAN_POINT ( 'NONE',  ( 7.003539777745520389, 4.000000000000000000, -13.26463081210841999 ) ) ;
#4635 = ORIENTED_EDGE ( 'NONE', *, *, #3931, .T. ) ;
#4636 = DIRECTION ( 'NONE',  ( 0.000000000000000000, 0.000000000000000000, -1.000000000000000000 ) ) ;
#4637 = VERTEX_POINT ( 'NONE', #3829 ) ;
#4638 = FACE_OUTER_BOUND ( 'NONE', #4472, .T. ) ;
#4639 = CARTESIAN_POINT ( 'NONE',  ( -4.425805671266068941, 2.474516600406095002, 16.51733162953355105 ) ) ;
#4640 = AXIS2_PLACEMENT_3D ( 'NONE', #383, #1142, #719 ) ;
#4641 = FACE_OUTER_BOUND ( 'NONE', #964, .T. ) ;
#4642 = LINE ( 'NONE', #2826, #2073 ) ;
#4643 = CARTESIAN_POINT ( 'NONE',  ( 0.6182535036234589887, 13.00000000000000000, -14.82310169949654011 ) ) ;
#4644 = DIRECTION ( 'NONE',  ( 0.000000000000000000, -1.000000000000000000, 0.000000000000000000 ) ) ;
#4645 = ORIENTED_EDGE ( 'NONE', *, *, #4223, .F. ) ;
#4646 = ORIENTED_EDGE ( 'NONE', *, *, #3808, .T. ) ;
#4647 = DIRECTION ( 'NONE',  ( 0.000000000000000000, 0.000000000000000000, 1.000000000000000000 ) ) ;
#4648 = CARTESIAN_POINT ( 'NONE',  ( -4.425805671266068941, 10.44999999999999929, 16.51733162953355105 ) ) ;
#4649 = VERTEX_POINT ( 'NONE', #1661 ) ;
#4650 = LINE ( 'NONE', #1038, #2749 ) ;
#4651 = PLANE ( 'NONE',  #4548 ) ;
#4652 = DIRECTION ( 'NONE',  ( 0.000000000000000000, 0.000000000000000000, -1.000000000000000000 ) ) ;
#4653 = VECTOR ( 'NONE', #3541, 1000.000000000000000 ) ;
#4654 = ADVANCED_FACE ( 'NONE', ( #1304 ), #2172, .F. ) ;
#4655 = ORIENTED_EDGE ( 'NONE', *, *, #2068, .T. ) ;
#4656 = DIRECTION ( 'NONE',  ( 0.000000000000000000, -1.000000000000000000, 0.000000000000000000 ) ) ;
#4657 = CARTESIAN_POINT ( 'NONE',  ( -14.00592448119571998, 1.100000000000000089, 6.552876153967680750 ) ) ;
#4658 = CARTESIAN_POINT ( 'NONE',  ( -11.93290069815052057, 10.44999999999999929, -9.847124473079249540 ) ) ;
#4659 = DIRECTION ( 'NONE',  ( 0.000000000000000000, -1.000000000000000000, 0.000000000000000000 ) ) ;
#4660 = EDGE_CURVE ( 'NONE', #1843, #2715, #334, .T. ) ;
#4661 = DIRECTION ( 'NONE',  ( 0.000000000000000000, -1.000000000000000000, 0.000000000000000000 ) ) ;
#4662 = CYLINDRICAL_SURFACE ( 'NONE', #4633, 3.000000000000000888 ) ;
#4663 = FACE_OUTER_BOUND ( 'NONE', #2735, .T. ) ;
#4664 = DIRECTION ( 'NONE',  ( 0.000000000000000000, 1.000000000000000000, 0.000000000000000000 ) ) ;
#4665 = EDGE_CURVE ( 'NONE', #4412, #1203, #1132, .T. ) ;
#4666 = ORIENTED_EDGE ( 'NONE', *, *, #441, .F. ) ;
#4667 = CIRCLE ( 'NONE', #2919, 10.00000000000000000 ) ;
#4668 = EDGE_CURVE ( 'NONE', #1581, #2303, #381, .T. ) ;
#4669 = VERTEX_POINT ( 'NONE', #3181 ) ;
#4670 = CIRCLE ( 'NONE', #4365, 0.5000000000000004441 ) ;
#4671 = DIRECTION ( 'NONE',  ( 0.000000000000000000, 1.000000000000000000, 0.000000000000000000 ) ) ;
#4672 = VECTOR ( 'NONE', #517, 1000.000000000000000 ) ;
#4673 = EDGE_CURVE ( 'NONE', #3809, #4611, #910, .T. ) ;
#4674 = VERTEX_POINT ( 'NONE', #3952 ) ;
#4675 = AXIS2_PLACEMENT_3D ( 'NONE', #3, #1458, #2839 ) ;
#4676 = CARTESIAN_POINT ( 'NONE',  ( -8.277230311867999291, 3.000000000000000000, -19.29993415440305071 ) ) ;
#4677 = CARTESIAN_POINT ( 'NONE',  ( 14.69693845671599952, 3.000000000000000000, -14.69693845668058074 ) ) ;
#4678 = DIRECTION ( 'NONE',  ( 0.000000000000000000, -1.000000000000000000, 0.000000000000000000 ) ) ;
#4679 = ORIENTED_EDGE ( 'NONE', *, *, #4361, .T. ) ;
#4680 = DIRECTION ( 'NONE',  ( 0.000000000000000000, -1.000000000000000000, 0.000000000000000000 ) ) ;
#4681 = DIRECTION ( 'NONE',  ( 0.000000000000000000, 1.000000000000000000, 0.000000000000000000 ) ) ;
#4682 = FACE_OUTER_BOUND ( 'NONE', #1240, .T. ) ;
#4683 = EDGE_CURVE ( 'NONE', #2831, #304, #3229, .T. ) ;
#4684 = SURFACE_SIDE_STYLE ('',( #1467 ) ) ;
#4685 = EDGE_CURVE ( 'NONE', #2968, #4233, #3792, .T. ) ;
#4686 = DIRECTION ( 'NONE',  ( 0.000000000000000000, 1.000000000000000000, 0.000000000000000000 ) ) ;
#4687 = CARTESIAN_POINT ( 'NONE',  ( -4.144419513987694259, 4.000000000000000000, 15.46718419402389877 ) ) ;
#4688 = DIRECTION ( 'NONE',  ( 0.000000000000000000, -1.000000000000000000, 0.000000000000000000 ) ) ;
#4689 = EDGE_CURVE ( 'NONE', #808, #4254, #1004, .T. ) ;
#4690 = CARTESIAN_POINT ( 'NONE',  ( 23.83182677144225181, 3.000000000000000000, 2.836200404761485050 ) ) ;
#4691 = ORIENTED_EDGE ( 'NONE', *, *, #1347, .F. ) ;
#4692 = ORIENTED_EDGE ( 'NONE', *, *, #3857, .F. ) ;
#4693 = DIRECTION ( 'NONE',  ( 0.000000000000000000, 1.000000000000000000, 0.000000000000000000 ) ) ;
#4694 = CARTESIAN_POINT ( 'NONE',  ( 0.000000000000000000, 10.44999999999999929, 0.000000000000000000 ) ) ;
#4695 = DIRECTION ( 'NONE',  ( 0.000000000000000000, 1.000000000000000000, 0.000000000000000000 ) ) ;
#4696 = CARTESIAN_POINT ( 'NONE',  ( -4.425805671266068941, 2.474516600406095002, 18.11733162953355247 ) ) ;
#4697 = ORIENTED_EDGE ( 'NONE', *, *, #3965, .T. ) ;
#4698 = AXIS2_PLACEMENT_3D ( 'NONE', #3085, #263, #959 ) ;
#4699 = DIRECTION ( 'NONE',  ( 0.000000000000000000, 1.000000000000000000, 0.000000000000000000 ) ) ;
#4700 = ORIENTED_EDGE ( 'NONE', *, *, #2835, .T. ) ;
#4701 = CARTESIAN_POINT ( 'NONE',  ( 4.306876129355624805, 13.00000000000000000, -10.12179914868242037 ) ) ;
#4702 = LINE ( 'NONE', #1115, #3776 ) ;
#4703 = CARTESIAN_POINT ( 'NONE',  ( 0.000000000000000000, 2.000000000000000000, 0.000000000000000000 ) ) ;
#4704 = VECTOR ( 'NONE', #1762, 1000.000000000000000 ) ;
#4705 = DIRECTION ( 'NONE',  ( -6.938893903907228378E-16, 0.000000000000000000, 1.000000000000000000 ) ) ;
#4706 = DIRECTION ( 'NONE',  ( 0.000000000000000000, 0.000000000000000000, 1.000000000000000000 ) ) ;
#4707 = DIRECTION ( 'NONE',  ( 0.000000000000000000, 1.000000000000000000, 0.000000000000000000 ) ) ;
#4708 = CARTESIAN_POINT ( 'NONE',  ( 3.059167704270089870E-15, 6.000000000000000000, 24.98000000000000043 ) ) ;
#4709 = ADVANCED_FACE ( 'NONE', ( #2551, #2890 ), #289, .T. ) ;
#4710 = VERTEX_POINT ( 'NONE', #1069 ) ;
#4711 = ORIENTED_EDGE ( 'NONE', *, *, #1604, .T. ) ;
#4712 = DIRECTION ( 'NONE',  ( 0.000000000000000000, 0.000000000000000000, -1.000000000000000000 ) ) ;
#4713 = ADVANCED_FACE ( 'NONE', ( #715 ), #4662, .F. ) ;
#4714 = EDGE_CURVE ( 'NONE', #724, #4637, #1403, .T. ) ;
#4715 = ORIENTED_EDGE ( 'NONE', *, *, #727, .F. ) ;
ENDSEC;
END-ISO-10303-21;
