ISO-10303-21;
HEADER;
FILE_DESCRIPTION (( 'STEP AP214' ),
    '1' );
FILE_NAME ('Ë«Áª³ÝÂÖ2A.STEP',
    '2026-08-16T17:26:58',
    ( '' ),
    ( '' ),
    'SwSTEP 2.0',
    'SolidWorks 2025',
    '' );
FILE_SCHEMA (( 'AUTOMOTIVE_DESIGN' ));
ENDSEC;

DATA;
#1 = CARTESIAN_POINT ( 'NONE',  ( -6.450000000000000178, 6.938893903907229640E-14, 1.179611963664229834E-13 ) ) ;
#2 = LINE ( 'NONE', #3648, #5543 ) ;
#3 = DIRECTION ( 'NONE',  ( 1.000000000000000000, 0.000000000000000000, 0.000000000000000000 ) ) ;
#4 = DIRECTION ( 'NONE',  ( 1.000000000000000000, 0.000000000000000000, 0.000000000000000000 ) ) ;
#5 = DIRECTION ( 'NONE',  ( -1.000000000000000000, 0.000000000000000000, 0.000000000000000000 ) ) ;
#6 = DIRECTION ( 'NONE',  ( -1.000000000000000000, 0.000000000000000000, 0.000000000000000000 ) ) ;
#7 = VERTEX_POINT ( 'NONE', #4580 ) ;
#8 = ORIENTED_EDGE ( 'NONE', *, *, #6360, .T. ) ;
#9 = ORIENTED_EDGE ( 'NONE', *, *, #5890, .F. ) ;
#10 = DIRECTION ( 'NONE',  ( 1.000000000000000000, 0.000000000000000000, 0.000000000000000000 ) ) ;
#11 = DIRECTION ( 'NONE',  ( -1.000000000000000000, 0.000000000000000000, 0.000000000000000000 ) ) ;
#12 = CARTESIAN_POINT ( 'NONE',  ( 0.000000000000000000, 6.464524009011429762, -9.239325152756018511 ) ) ;
#13 = ADVANCED_FACE ( 'NONE', ( #481 ), #5193, .T. ) ;
#14 = ORIENTED_EDGE ( 'NONE', *, *, #2899, .T. ) ;
#15 = EDGE_CURVE ( 'NONE', #5477, #3613, #4039, .T. ) ;
#16 = VERTEX_POINT ( 'NONE', #2913 ) ;
#17 = EDGE_CURVE ( 'NONE', #5348, #4648, #6872, .T. ) ;
#18 = ORIENTED_EDGE ( 'NONE', *, *, #7128, .F. ) ;
#19 = CYLINDRICAL_SURFACE ( 'NONE', #1835, 1.199999999999755929 ) ;
#20 = DIRECTION ( 'NONE',  ( 0.000000000000000000, -0.3090169943749550563, 0.9510565162951510887 ) ) ;
#21 = CARTESIAN_POINT ( 'NONE',  ( 0.000000000000000000, 6.938893903907229640E-14, 1.179611963664229834E-13 ) ) ;
#22 = DIRECTION ( 'NONE',  ( -1.000000000000000000, 0.000000000000000000, 0.000000000000000000 ) ) ;
#23 = ORIENTED_EDGE ( 'NONE', *, *, #122, .T. ) ;
#24 = ADVANCED_FACE ( 'NONE', ( #4537 ), #7445, .T. ) ;
#25 = AXIS2_PLACEMENT_3D ( 'NONE', #2402, #6536, #5950 ) ;
#26 = DIRECTION ( 'NONE',  ( -1.000000000000000000, 0.000000000000000000, 0.000000000000000000 ) ) ;
#27 = DIRECTION ( 'NONE',  ( 1.000000000000000000, 0.000000000000000000, 0.000000000000000000 ) ) ;
#28 = CARTESIAN_POINT ( 'NONE',  ( 4.000000000000000000, -5.345544729564120523, 9.897734717811889738 ) ) ;
#29 = AXIS2_PLACEMENT_3D ( 'NONE', #4833, #7093, #7632 ) ;
#30 = ORIENTED_EDGE ( 'NONE', *, *, #1456, .F. ) ;
#31 = CARTESIAN_POINT ( 'NONE',  ( -6.450000000000000178, 2.005781281108515390, 1.017272064077842098 ) ) ;
#32 = DIRECTION ( 'NONE',  ( 0.000000000000000000, 0.000000000000000000, -1.000000000000000000 ) ) ;
#33 = VECTOR ( 'NONE', #3066, 1000.000000000000000 ) ;
#34 = DIRECTION ( 'NONE',  ( -1.000000000000000000, 0.000000000000000000, 0.000000000000000000 ) ) ;
#35 = DIRECTION ( 'NONE',  ( 1.000000000000000000, 0.000000000000000000, 0.000000000000000000 ) ) ;
#36 = LINE ( 'NONE', #5448, #1415 ) ;
#37 = FACE_OUTER_BOUND ( 'NONE', #6976, .T. ) ;
#38 = DIRECTION ( 'NONE',  ( -1.000000000000000000, 0.000000000000000000, 0.000000000000000000 ) ) ;
#39 = CIRCLE ( 'NONE', #5733, 4.799999999999040590 ) ;
#40 = CIRCLE ( 'NONE', #4015, 4.799999999999029932 ) ;
#41 = CIRCLE ( 'NONE', #3518, 4.799999999999019273 ) ;
#42 = CIRCLE ( 'NONE', #5738, 4.799999999999039701 ) ;
#43 = ORIENTED_EDGE ( 'NONE', *, *, #1448, .T. ) ;
#44 = AXIS2_PLACEMENT_3D ( 'NONE', #1673, #578, #545 ) ;
#45 = AXIS2_PLACEMENT_3D ( 'NONE', #3915, #891, #4365 ) ;
#46 = ORIENTED_EDGE ( 'NONE', *, *, #6268, .T. ) ;
#47 = CARTESIAN_POINT ( 'NONE',  ( 3.500000000000000000, -8.114299373255109415, -7.830283878802029918 ) ) ;
#48 = DIRECTION ( 'NONE',  ( 0.000000000000000000, 0.000000000000000000, 1.000000000000000000 ) ) ;
#49 = CARTESIAN_POINT ( 'NONE',  ( 1.750000000000000000, 9.699936772440372224, -8.041842239847509788 ) ) ;
#50 = AXIS2_PLACEMENT_3D ( 'NONE', #2290, #4642, #7155 ) ;
#51 = EDGE_CURVE ( 'NONE', #2320, #478, #5014, .T. ) ;
#52 = EDGE_CURVE ( 'NONE', #3866, #1620, #2685, .T. ) ;
#53 = CIRCLE ( 'NONE', #2052, 4.799999999999039701 ) ;
#54 = ORIENTED_EDGE ( 'NONE', *, *, #1874, .T. ) ;
#55 = ORIENTED_EDGE ( 'NONE', *, *, #6118, .T. ) ;
#56 = ORIENTED_EDGE ( 'NONE', *, *, #799, .F. ) ;
#57 = CARTESIAN_POINT ( 'NONE',  ( 3.500000000000000000, -9.256392760211157977, -6.392119685101310012 ) ) ;
#58 =( NAMED_UNIT ( * ) PLANE_ANGLE_UNIT ( ) SI_UNIT ( $, .RADIAN. ) );
#59 = FACE_OUTER_BOUND ( 'NONE', #378, .T. ) ;
#60 = EDGE_CURVE ( 'NONE', #6801, #759, #2586, .T. ) ;
#61 = ADVANCED_FACE ( 'NONE', ( #4652 ), #1021, .T. ) ;
#62 = CARTESIAN_POINT ( 'NONE',  ( 3.500000000000000000, 0.000000000000000000, 0.000000000000000000 ) ) ;
#63 = ORIENTED_EDGE ( 'NONE', *, *, #3097, .F. ) ;
#64 = DIRECTION ( 'NONE',  ( 0.000000000000000000, 0.1564344650402308690, -0.9876883405951377704 ) ) ;
#65 = FACE_OUTER_BOUND ( 'NONE', #3703, .T. ) ;
#66 = LINE ( 'NONE', #4758, #6215 ) ;
#67 = AXIS2_PLACEMENT_3D ( 'NONE', #1570, #6318, #3932 ) ;
#68 = ADVANCED_FACE ( 'NONE', ( #6280 ), #7527, .T. ) ;
#69 = EDGE_CURVE ( 'NONE', #1965, #1541, #1604, .T. ) ;
#70 = AXIS2_PLACEMENT_3D ( 'NONE', #1431, #3296, #4326 ) ;
#71 = VERTEX_POINT ( 'NONE', #1099 ) ;
#72 = VERTEX_POINT ( 'NONE', #3356 ) ;
#73 = CARTESIAN_POINT ( 'NONE',  ( 1.750000000000000000, 1.172449887844730032, -12.54533224990190021 ) ) ;
#74 = DIRECTION ( 'NONE',  ( -1.000000000000000000, 0.000000000000000000, 0.000000000000000000 ) ) ;
#75 = DIRECTION ( 'NONE',  ( 0.000000000000000000, 0.000000000000000000, -1.000000000000000000 ) ) ;
#76 = CARTESIAN_POINT ( 'NONE',  ( 0.000000000000000000, 0.2694376985535589797, -11.24577273141099987 ) ) ;
#77 = CARTESIAN_POINT ( 'NONE',  ( 0.000000000000000000, -2.815982290881379857, -0.1320747280206844010 ) ) ;
#78 = DIRECTION ( 'NONE',  ( 0.000000000000000000, 0.000000000000000000, 1.000000000000000000 ) ) ;
#79 = EDGE_CURVE ( 'NONE', #1344, #4411, #5224, .T. ) ;
#80 = VERTEX_POINT ( 'NONE', #5120 ) ;
#81 = CARTESIAN_POINT ( 'NONE',  ( 0.000000000000000000, 2.172984797950585190, 2.870215508959459871 ) ) ;
#82 = EDGE_CURVE ( 'NONE', #6233, #6860, #3213, .T. ) ;
#83 = ORIENTED_EDGE ( 'NONE', *, *, #5387, .F. ) ;
#84 = ORIENTED_EDGE ( 'NONE', *, *, #79, .F. ) ;
#85 = CARTESIAN_POINT ( 'NONE',  ( 0.000000000000000000, 0.000000000000000000, 0.000000000000000000 ) ) ;
#86 = DIRECTION ( 'NONE',  ( 0.000000000000000000, 0.000000000000000000, -1.000000000000000000 ) ) ;
#87 = ORIENTED_EDGE ( 'NONE', *, *, #1809, .T. ) ;
#88 = ORIENTED_EDGE ( 'NONE', *, *, #5441, .T. ) ;
#89 = CIRCLE ( 'NONE', #6271, 11.24899999999769840 ) ;
#90 = CARTESIAN_POINT ( 'NONE',  ( 4.000000000000000000, -10.77862626476109931, -3.218884409939644975 ) ) ;
#91 = CIRCLE ( 'NONE', #2203, 11.24899999999773925 ) ;
#92 = ORIENTED_EDGE ( 'NONE', *, *, #4438, .F. ) ;
#93 = AXIS2_PLACEMENT_3D ( 'NONE', #4307, #3190, #4997 ) ;
#94 = CIRCLE ( 'NONE', #223, 12.59999999999749853 ) ;
#95 = ORIENTED_EDGE ( 'NONE', *, *, #5308, .F. ) ;
#96 = ORIENTED_EDGE ( 'NONE', *, *, #2116, .F. ) ;
#97 = CARTESIAN_POINT ( 'NONE',  ( 3.500000000000000000, 7.761440934309160156, -8.142483381817829269 ) ) ;
#98 = DIRECTION ( 'NONE',  ( 0.000000000000000000, 1.000000000000000000, 0.000000000000000000 ) ) ;
#99 = ORIENTED_EDGE ( 'NONE', *, *, #6105, .F. ) ;
#100 = DIRECTION ( 'NONE',  ( 0.000000000000000000, 0.000000000000000000, -1.000000000000000000 ) ) ;
#101 = AXIS2_PLACEMENT_3D ( 'NONE', #4057, #2854, #3546 ) ;
#102 = DIRECTION ( 'NONE',  ( 0.000000000000000000, 0.000000000000000000, -1.000000000000000000 ) ) ;
#103 = ORIENTED_EDGE ( 'NONE', *, *, #5235, .F. ) ;
#104 = CIRCLE ( 'NONE', #6662, 4.799999999999049471 ) ;
#105 = ADVANCED_FACE ( 'NONE', ( #6906 ), #449, .T. ) ;
#106 = AXIS2_PLACEMENT_3D ( 'NONE', #711, #3076, #6587 ) ;
#107 = EDGE_CURVE ( 'NONE', #740, #3740, #6532, .T. ) ;
#108 = CARTESIAN_POINT ( 'NONE',  ( -6.450000000000000178, 6.938893903907229640E-14, 1.179611963664229834E-13 ) ) ;
#109 = ORIENTED_EDGE ( 'NONE', *, *, #7170, .T. ) ;
#110 = CARTESIAN_POINT ( 'NONE',  ( 0.000000000000000000, -0.9957969144633199710, 2.637344972028785151 ) ) ;
#111 = DIRECTION ( 'NONE',  ( 0.000000000000000000, 0.000000000000000000, -1.000000000000000000 ) ) ;
#112 = AXIS2_PLACEMENT_3D ( 'NONE', #5552, #5585, #4885 ) ;
#113 = ADVANCED_FACE ( 'NONE', ( #660 ), #1175, .T. ) ;
#114 = ORIENTED_EDGE ( 'NONE', *, *, #4871, .T. ) ;
#115 = CARTESIAN_POINT ( 'NONE',  ( 0.000000000000000000, 0.000000000000000000, 0.000000000000000000 ) ) ;
#116 = EDGE_CURVE ( 'NONE', #3792, #2680, #3215, .T. ) ;
#117 = CARTESIAN_POINT ( 'NONE',  ( 4.000000000000000000, 0.000000000000000000, 0.000000000000000000 ) ) ;
#118 = DIRECTION ( 'NONE',  ( 1.000000000000000000, 0.000000000000000000, 0.000000000000000000 ) ) ;
#119 = CARTESIAN_POINT ( 'NONE',  ( 3.500000000000000000, 0.000000000000000000, 0.000000000000000000 ) ) ;
#120 = CYLINDRICAL_SURFACE ( 'NONE', #2393, 4.799999999999039701 ) ;
#121 = DIRECTION ( 'NONE',  ( 1.000000000000000000, 0.000000000000000000, 0.000000000000000000 ) ) ;
#122 = EDGE_CURVE ( 'NONE', #3371, #2154, #6618, .T. ) ;
#123 = AXIS2_PLACEMENT_3D ( 'NONE', #1814, #6528, #4753 ) ;
#124 = ORIENTED_EDGE ( 'NONE', *, *, #4248, .F. ) ;
#125 = DIRECTION ( 'NONE',  ( -1.000000000000000000, 0.000000000000000000, 0.000000000000000000 ) ) ;
#126 = EDGE_CURVE ( 'NONE', #6636, #6801, #4563, .T. ) ;
#127 = ORIENTED_EDGE ( 'NONE', *, *, #4443, .T. ) ;
#128 = FACE_OUTER_BOUND ( 'NONE', #4643, .T. ) ;
#129 = DIRECTION ( 'NONE',  ( 0.000000000000000000, 0.000000000000000000, 1.000000000000000000 ) ) ;
#130 = CARTESIAN_POINT ( 'NONE',  ( 3.500000000000000000, 0.000000000000000000, 11.24899999999770017 ) ) ;
#131 = ORIENTED_EDGE ( 'NONE', *, *, #5787, .T. ) ;
#132 = ORIENTED_EDGE ( 'NONE', *, *, #635, .T. ) ;
#133 = ORIENTED_EDGE ( 'NONE', *, *, #7506, .F. ) ;
#134 = DIRECTION ( 'NONE',  ( 1.000000000000000000, 0.000000000000000000, 0.000000000000000000 ) ) ;
#135 = CIRCLE ( 'NONE', #761, 1.199999999999757927 ) ;
#136 = CARTESIAN_POINT ( 'NONE',  ( -10.00000000000000000, 0.000000000000000000, 0.000000000000000000 ) ) ;
#137 = ORIENTED_EDGE ( 'NONE', *, *, #3251, .T. ) ;
#138 = CARTESIAN_POINT ( 'NONE',  ( -7.000000000000000000, 0.3476627225245345065, -2.221965713363804884 ) ) ;
#139 = ORIENTED_EDGE ( 'NONE', *, *, #1928, .T. ) ;
#140 = CARTESIAN_POINT ( 'NONE',  ( 1.750000000000000000, -11.71025399327550076, 4.650801158178119010 ) ) ;
#141 = AXIS2_PLACEMENT_3D ( 'NONE', #1601, #2869, #3966 ) ;
#142 = LINE ( 'NONE', #1935, #875 ) ;
#143 = VERTEX_POINT ( 'NONE', #2440 ) ;
#144 = CARTESIAN_POINT ( 'NONE',  ( 4.000000000000000000, 10.64569177227129870, -6.740122156884929439 ) ) ;
#145 = CARTESIAN_POINT ( 'NONE',  ( 1.750000000000000000, -1.172449887844629890, 12.54533224990190021 ) ) ;
#146 = DIRECTION ( 'NONE',  ( 0.000000000000000000, 0.000000000000000000, 1.000000000000000000 ) ) ;
#147 = AXIS2_PLACEMENT_3D ( 'NONE', #7592, #1824, #2977 ) ;
#148 = EDGE_LOOP ( 'NONE', ( #3073, #2042, #23, #5940 ) ) ;
#149 = ORIENTED_EDGE ( 'NONE', *, *, #6081, .T. ) ;
#150 = ORIENTED_EDGE ( 'NONE', *, *, #7271, .F. ) ;
#151 = DIRECTION ( 'NONE',  ( 0.000000000000000000, 0.8090169943749491166, -0.5877852522924710277 ) ) ;
#152 = CARTESIAN_POINT ( 'NONE',  ( 4.000000000000000000, 0.000000000000000000, 0.000000000000000000 ) ) ;
#153 = DIRECTION ( 'NONE',  ( -1.000000000000000000, 0.000000000000000000, 0.000000000000000000 ) ) ;
#154 = CARTESIAN_POINT ( 'NONE',  ( 4.000000000000000000, 0.000000000000000000, 0.000000000000000000 ) ) ;
#155 = DIRECTION ( 'NONE',  ( -1.000000000000000000, 0.000000000000000000, 0.000000000000000000 ) ) ;
#156 = CYLINDRICAL_SURFACE ( 'NONE', #6345, 4.799999999999039701 ) ;
#157 = VECTOR ( 'NONE', #3719, 1000.000000000000000 ) ;
#158 = EDGE_CURVE ( 'NONE', #513, #3403, #4191, .T. ) ;
#159 = EDGE_CURVE ( 'NONE', #7196, #1541, #2, .T. ) ;
#160 = CIRCLE ( 'NONE', #4011, 4.799999999999039701 ) ;
#161 = VERTEX_POINT ( 'NONE', #6504 ) ;
#162 = CARTESIAN_POINT ( 'NONE',  ( 0.000000000000000000, 0.000000000000000000, 0.000000000000000000 ) ) ;
#163 = VERTEX_POINT ( 'NONE', #1867 ) ;
#164 = DIRECTION ( 'NONE',  ( 0.000000000000000000, 1.078060571631619849E-14, -1.000000000000000000 ) ) ;
#165 = CIRCLE ( 'NONE', #5363, 12.59999999999745945 ) ;
#166 = CARTESIAN_POINT ( 'NONE',  ( 4.000000000000000000, -1.493105967824162050, -11.14946795003226043 ) ) ;
#167 = VECTOR ( 'NONE', #6436, 1000.000000000000000 ) ;
#168 = DIRECTION ( 'NONE',  ( 1.000000000000000000, 0.000000000000000000, 0.000000000000000000 ) ) ;
#169 = EDGE_CURVE ( 'NONE', #3056, #6006, #1207, .T. ) ;
#170 = AXIS2_PLACEMENT_3D ( 'NONE', #1366, #2064, #4908 ) ;
#171 = AXIS2_PLACEMENT_3D ( 'NONE', #1391, #2009, #6687 ) ;
#172 = AXIS2_PLACEMENT_3D ( 'NONE', #6001, #4193, #2480 ) ;
#173 = ORIENTED_EDGE ( 'NONE', *, *, #5197, .F. ) ;
#174 = EDGE_LOOP ( 'NONE', ( #2862, #5583, #2840, #5269 ) ) ;
#175 = ORIENTED_EDGE ( 'NONE', *, *, #4474, .T. ) ;
#176 = DIRECTION ( 'NONE',  ( 0.000000000000000000, 0.000000000000000000, -1.000000000000000000 ) ) ;
#177 = VECTOR ( 'NONE', #2760, 1000.000000000000000 ) ;
#178 = CARTESIAN_POINT ( 'NONE',  ( 4.000000000000000000, 4.865403235017229377, 10.14237902864180008 ) ) ;
#179 = ORIENTED_EDGE ( 'NONE', *, *, #5039, .T. ) ;
#180 = CIRCLE ( 'NONE', #806, 12.59999999999751985 ) ;
#181 = DIRECTION ( 'NONE',  ( 0.000000000000000000, 0.000000000000000000, -1.000000000000000000 ) ) ;
#182 = ORIENTED_EDGE ( 'NONE', *, *, #1700, .F. ) ;
#183 = EDGE_CURVE ( 'NONE', #4622, #258, #1756, .T. ) ;
#184 = DIRECTION ( 'NONE',  ( -1.000000000000000000, 0.000000000000000000, 0.000000000000000000 ) ) ;
#185 = AXIS2_PLACEMENT_3D ( 'NONE', #4564, #1042, #2176 ) ;
#186 = EDGE_CURVE ( 'NONE', #3452, #4181, #2411, .T. ) ;
#187 = CARTESIAN_POINT ( 'NONE',  ( 4.000000000000000000, -5.345544729563990849, -9.897734717811950134 ) ) ;
#188 = ORIENTED_EDGE ( 'NONE', *, *, #5870, .F. ) ;
#189 = EDGE_LOOP ( 'NONE', ( #1342, #4410, #3992, #2313 ) ) ;
#190 = DIRECTION ( 'NONE',  ( 1.000000000000000000, 0.000000000000000000, 0.000000000000000000 ) ) ;
#191 = DIRECTION ( 'NONE',  ( 0.000000000000000000, 0.000000000000000000, -1.000000000000000000 ) ) ;
#192 = DIRECTION ( 'NONE',  ( 0.000000000000000000, 0.000000000000000000, -1.000000000000000000 ) ) ;
#193 = ORIENTED_EDGE ( 'NONE', *, *, #304, .F. ) ;
#194 = VERTEX_POINT ( 'NONE', #5330 ) ;
#195 = CARTESIAN_POINT ( 'NONE',  ( 4.000000000000000000, 11.71025399327550076, 4.650801158178199834 ) ) ;
#196 = CARTESIAN_POINT ( 'NONE',  ( 0.000000000000000000, 0.000000000000000000, 0.000000000000000000 ) ) ;
#197 = CYLINDRICAL_SURFACE ( 'NONE', #3765, 4.799999999999039701 ) ;
#198 = DIRECTION ( 'NONE',  ( -1.000000000000000000, 0.000000000000000000, 0.000000000000000000 ) ) ;
#199 = LINE ( 'NONE', #2556, #1771 ) ;
#200 = CARTESIAN_POINT ( 'NONE',  ( 0.000000000000000000, 10.85095572334249958, -4.982104301616580244 ) ) ;
#201 = ORIENTED_EDGE ( 'NONE', *, *, #494, .T. ) ;
#202 = CARTESIAN_POINT ( 'NONE',  ( 0.000000000000000000, -11.16713147563269892, 1.565367224445439964 ) ) ;
#203 = ORIENTED_EDGE ( 'NONE', *, *, #6806, .F. ) ;
#204 = DIRECTION ( 'NONE',  ( -1.000000000000000000, 0.000000000000000000, 0.000000000000000000 ) ) ;
#205 = EDGE_CURVE ( 'NONE', #6644, #6480, #2133, .T. ) ;
#206 = DIRECTION ( 'NONE',  ( 0.000000000000000000, 0.000000000000000000, -1.000000000000000000 ) ) ;
#207 = CARTESIAN_POINT ( 'NONE',  ( 3.500000000000000000, 0.000000000000000000, 0.000000000000000000 ) ) ;
#208 = VERTEX_POINT ( 'NONE', #4798 ) ;
#209 = VERTEX_POINT ( 'NONE', #7163 ) ;
#210 = ORIENTED_EDGE ( 'NONE', *, *, #1873, .F. ) ;
#211 = DIRECTION ( 'NONE',  ( 0.000000000000000000, 0.000000000000000000, 1.000000000000000000 ) ) ;
#212 = EDGE_CURVE ( 'NONE', #5035, #1732, #6694, .T. ) ;
#213 = CIRCLE ( 'NONE', #1706, 4.799999999999029043 ) ;
#214 = ADVANCED_FACE ( 'NONE', ( #7055 ), #2369, .T. ) ;
#215 = DIRECTION ( 'NONE',  ( -1.000000000000000000, 0.000000000000000000, 0.000000000000000000 ) ) ;
#216 = ORIENTED_EDGE ( 'NONE', *, *, #501, .T. ) ;
#217 = SURFACE_SIDE_STYLE ('',( #1385 ) ) ;
#218 = ORIENTED_EDGE ( 'NONE', *, *, #6781, .F. ) ;
#219 = AXIS2_PLACEMENT_3D ( 'NONE', #3455, #2833, #1704 ) ;
#220 = CARTESIAN_POINT ( 'NONE',  ( 0.000000000000000000, 9.897734717811900396, 5.345544729564080555 ) ) ;
#221 = CIRCLE ( 'NONE', #5546, 11.24899999999770195 ) ;
#222 = AXIS2_PLACEMENT_3D ( 'NONE', #2649, #2612, #6160 ) ;
#223 = AXIS2_PLACEMENT_3D ( 'NONE', #2204, #1584, #4447 ) ;
#224 = CARTESIAN_POINT ( 'NONE',  ( 3.500000000000000000, -9.003236172274160509, -6.789472613369119891 ) ) ;
#225 = VERTEX_POINT ( 'NONE', #585 ) ;
#226 = EDGE_CURVE ( 'NONE', #4170, #3444, #2753, .T. ) ;
#227 = DIRECTION ( 'NONE',  ( 0.000000000000000000, 0.000000000000000000, 1.000000000000000000 ) ) ;
#228 = ORIENTED_EDGE ( 'NONE', *, *, #1121, .T. ) ;
#229 = CIRCLE ( 'NONE', #5287, 1.199999999999759925 ) ;
#230 = DIRECTION ( 'NONE',  ( -1.000000000000000000, 0.000000000000000000, 0.000000000000000000 ) ) ;
#231 = ORIENTED_EDGE ( 'NONE', *, *, #7505, .F. ) ;
#232 = AXIS2_PLACEMENT_3D ( 'NONE', #5586, #5132, #957 ) ;
#233 = CARTESIAN_POINT ( 'NONE',  ( 3.500000000000000000, -11.10429823301639907, -1.962080705186209917 ) ) ;
#234 = CARTESIAN_POINT ( 'NONE',  ( -7.000000000000000000, 2.220648660249960216, 0.3559782686182469957 ) ) ;
#235 = VECTOR ( 'NONE', #6930, 1000.000000000000000 ) ;
#236 = ORIENTED_EDGE ( 'NONE', *, *, #7609, .T. ) ;
#237 = CIRCLE ( 'NONE', #5896, 4.799999999999041478 ) ;
#238 = AXIS2_PLACEMENT_3D ( 'NONE', #5372, #3023, #3683 ) ;
#239 = ORIENTED_EDGE ( 'NONE', *, *, #3840, .F. ) ;
#240 = ORIENTED_EDGE ( 'NONE', *, *, #410, .T. ) ;
#241 = CARTESIAN_POINT ( 'NONE',  ( 4.000000000000000000, 0.000000000000000000, 0.000000000000000000 ) ) ;
#242 = DIRECTION ( 'NONE',  ( 0.000000000000000000, 0.000000000000000000, 1.000000000000000000 ) ) ;
#243 = DIRECTION ( 'NONE',  ( 1.000000000000000000, 0.000000000000000000, 0.000000000000000000 ) ) ;
#244 = DIRECTION ( 'NONE',  ( 1.000000000000000000, 0.000000000000000000, 0.000000000000000000 ) ) ;
#245 = AXIS2_PLACEMENT_3D ( 'NONE', #6256, #3831, #2708 ) ;
#246 = CYLINDRICAL_SURFACE ( 'NONE', #1044, 1.199999999999755929 ) ;
#247 = DIRECTION ( 'NONE',  ( 0.000000000000000000, 0.000000000000000000, 1.000000000000000000 ) ) ;
#248 = ORIENTED_EDGE ( 'NONE', *, *, #3484, .T. ) ;
#249 = DIRECTION ( 'NONE',  ( 0.000000000000000000, 1.000000000000000000, 3.491481338843129805E-15 ) ) ;
#250 = CIRCLE ( 'NONE', #4576, 12.59999999999747899 ) ;
#251 = DIRECTION ( 'NONE',  ( -1.000000000000000000, 0.000000000000000000, 0.000000000000000000 ) ) ;
#252 = ORIENTED_EDGE ( 'NONE', *, *, #2817, .F. ) ;
#253 = DIRECTION ( 'NONE',  ( -1.000000000000000000, 0.000000000000000000, 0.000000000000000000 ) ) ;
#254 = DIRECTION ( 'NONE',  ( 0.000000000000000000, 0.000000000000000000, -1.000000000000000000 ) ) ;
#255 = CARTESIAN_POINT ( 'NONE',  ( 4.000000000000000000, -6.789472613369089693, 9.003236172274180049 ) ) ;
#256 = VERTEX_POINT ( 'NONE', #6543 ) ;
#257 = ORIENTED_EDGE ( 'NONE', *, *, #5647, .T. ) ;
#258 = VERTEX_POINT ( 'NONE', #5409 ) ;
#259 = CARTESIAN_POINT ( 'NONE',  ( 0.000000000000000000, 7.761440934309160156, -8.142483381817829269 ) ) ;
#260 = DIRECTION ( 'NONE',  ( 0.000000000000000000, 0.000000000000000000, 1.000000000000000000 ) ) ;
#261 = ORIENTED_EDGE ( 'NONE', *, *, #7319, .T. ) ;
#262 = DIRECTION ( 'NONE',  ( 0.000000000000000000, 0.000000000000000000, 1.000000000000000000 ) ) ;
#263 = ADVANCED_FACE ( 'NONE', ( #4830 ), #1827, .T. ) ;
#264 = DIRECTION ( 'NONE',  ( -1.000000000000000000, 0.000000000000000000, 0.000000000000000000 ) ) ;
#265 = EDGE_CURVE ( 'NONE', #209, #3828, #2331, .T. ) ;
#266 = ADVANCED_FACE ( 'NONE', ( #3536 ), #2944, .T. ) ;
#267 = EDGE_CURVE ( 'NONE', #5135, #6757, #6740, .T. ) ;
#268 = DIRECTION ( 'NONE',  ( 1.000000000000000000, 0.000000000000000000, 0.000000000000000000 ) ) ;
#269 = ORIENTED_EDGE ( 'NONE', *, *, #5316, .F. ) ;
#270 = CARTESIAN_POINT ( 'NONE',  ( 0.000000000000000000, -2.058247931882010384, 2.953576721688234930 ) ) ;
#271 = DIRECTION ( 'NONE',  ( 0.000000000000000000, 0.000000000000000000, 1.000000000000000000 ) ) ;
#272 = CARTESIAN_POINT ( 'NONE',  ( 0.000000000000000000, -3.120537423421589907, 12.20746682112890191 ) ) ;
#273 = DIRECTION ( 'NONE',  ( -1.000000000000000000, 0.000000000000000000, 0.000000000000000000 ) ) ;
#274 = ADVANCED_FACE ( 'NONE', ( #7242 ), #861, .T. ) ;
#275 = EDGE_LOOP ( 'NONE', ( #7565, #4242, #2963, #7180 ) ) ;
#276 = ORIENTED_EDGE ( 'NONE', *, *, #3453, .T. ) ;
#277 = ORIENTED_EDGE ( 'NONE', *, *, #593, .T. ) ;
#278 = CARTESIAN_POINT ( 'NONE',  ( -6.450000000000000178, 0.3476627225245345065, -2.221965713363804884 ) ) ;
#279 = CARTESIAN_POINT ( 'NONE',  ( 0.000000000000000000, 0.000000000000000000, 0.000000000000000000 ) ) ;
#280 = FACE_OUTER_BOUND ( 'NONE', #3209, .T. ) ;
#281 = DIRECTION ( 'NONE',  ( -1.000000000000000000, 0.000000000000000000, 0.000000000000000000 ) ) ;
#282 = CARTESIAN_POINT ( 'NONE',  ( 0.000000000000000000, -5.345544729563970421, -9.897734717811959015 ) ) ;
#283 = DIRECTION ( 'NONE',  ( -1.000000000000000000, 0.000000000000000000, 0.000000000000000000 ) ) ;
#284 = EDGE_CURVE ( 'NONE', #7, #615, #4347, .T. ) ;
#285 = EDGE_CURVE ( 'NONE', #4096, #3320, #4712, .T. ) ;
#286 = EDGE_LOOP ( 'NONE', ( #5862, #7603, #6916, #7563 ) ) ;
#287 = DIRECTION ( 'NONE',  ( -1.000000000000000000, 0.000000000000000000, 0.000000000000000000 ) ) ;
#288 = AXIS2_PLACEMENT_3D ( 'NONE', #7232, #5395, #6565 ) ;
#289 = CYLINDRICAL_SURFACE ( 'NONE', #2209, 4.799999999999039701 ) ;
#290 = EDGE_LOOP ( 'NONE', ( #2637, #6625, #2179, #3367 ) ) ;
#291 = DIRECTION ( 'NONE',  ( 0.000000000000000000, 0.000000000000000000, -1.000000000000000000 ) ) ;
#292 = EDGE_CURVE ( 'NONE', #1299, #7159, #2374, .T. ) ;
#293 = AXIS2_PLACEMENT_3D ( 'NONE', #2363, #3563, #4220 ) ;
#294 = DIRECTION ( 'NONE',  ( 1.000000000000000000, 0.000000000000000000, 0.000000000000000000 ) ) ;
#295 = CARTESIAN_POINT ( 'NONE',  ( 3.500000000000000000, 11.10429823301639907, -1.962080705185970109 ) ) ;
#296 = VERTEX_POINT ( 'NONE', #5571 ) ;
#297 = ORIENTED_EDGE ( 'NONE', *, *, #3581, .T. ) ;
#298 = AXIS2_PLACEMENT_3D ( 'NONE', #4842, #4277, #2492 ) ;
#299 = ORIENTED_EDGE ( 'NONE', *, *, #2345, .F. ) ;
#300 = DIRECTION ( 'NONE',  ( -1.000000000000000000, 0.000000000000000000, 0.000000000000000000 ) ) ;
#301 = DIRECTION ( 'NONE',  ( 1.000000000000000000, 0.000000000000000000, 0.000000000000000000 ) ) ;
#302 = ORIENTED_EDGE ( 'NONE', *, *, #885, .T. ) ;
#303 = CIRCLE ( 'NONE', #5843, 3.599999999999274891 ) ;
#304 = EDGE_CURVE ( 'NONE', #986, #4170, #3877, .T. ) ;
#305 = DIRECTION ( 'NONE',  ( -1.000000000000000000, 0.000000000000000000, 0.000000000000000000 ) ) ;
#306 = DIRECTION ( 'NONE',  ( -1.000000000000000000, 0.000000000000000000, 0.000000000000000000 ) ) ;
#307 = AXIS2_PLACEMENT_3D ( 'NONE', #7307, #190, #7235 ) ;
#308 = AXIS2_PLACEMENT_3D ( 'NONE', #6546, #4802, #6577 ) ;
#309 = DIRECTION ( 'NONE',  ( -1.000000000000000000, 0.000000000000000000, 0.000000000000000000 ) ) ;
#310 = ORIENTED_EDGE ( 'NONE', *, *, #4517, .F. ) ;
#311 = CIRCLE ( 'NONE', #3014, 12.59999999999749853 ) ;
#312 = AXIS2_PLACEMENT_3D ( 'NONE', #3913, #7510, #7469 ) ;
#313 = CARTESIAN_POINT ( 'NONE',  ( 3.500000000000000000, 0.2008292820900360043, -11.27452294072310046 ) ) ;
#314 = DIRECTION ( 'NONE',  ( -1.000000000000000000, 0.000000000000000000, 0.000000000000000000 ) ) ;
#315 = DIRECTION ( 'NONE',  ( 0.000000000000000000, 0.000000000000000000, 1.000000000000000000 ) ) ;
#316 = FACE_OUTER_BOUND ( 'NONE', #2761, .T. ) ;
#317 = VECTOR ( 'NONE', #2917, 1000.000000000000000 ) ;
#318 = ORIENTED_EDGE ( 'NONE', *, *, #3618, .F. ) ;
#319 = ORIENTED_EDGE ( 'NONE', *, *, #2946, .T. ) ;
#320 = ORIENTED_EDGE ( 'NONE', *, *, #2866, .F. ) ;
#321 = DIRECTION ( 'NONE',  ( 0.000000000000000000, 0.000000000000000000, 1.000000000000000000 ) ) ;
#322 = DIRECTION ( 'NONE',  ( -1.000000000000000000, 0.000000000000000000, 0.000000000000000000 ) ) ;
#323 = EDGE_CURVE ( 'NONE', #4519, #2320, #3848, .T. ) ;
#324 = EDGE_CURVE ( 'NONE', #6708, #380, #1272, .T. ) ;
#325 = CARTESIAN_POINT ( 'NONE',  ( 0.000000000000000000, 0.000000000000000000, 0.000000000000000000 ) ) ;
#326 = CARTESIAN_POINT ( 'NONE',  ( 0.000000000000000000, -0.7445758530190920155, -2.718971643000315019 ) ) ;
#327 = CIRCLE ( 'NONE', #4929, 12.59999999999749853 ) ;
#328 = EDGE_CURVE ( 'NONE', #2059, #955, #6958, .T. ) ;
#329 = ORIENTED_EDGE ( 'NONE', *, *, #1982, .T. ) ;
#330 = DIRECTION ( 'NONE',  ( -1.000000000000000000, 0.000000000000000000, 0.000000000000000000 ) ) ;
#331 = DIRECTION ( 'NONE',  ( 0.000000000000000000, 0.000000000000000000, -1.000000000000000000 ) ) ;
#332 = EDGE_LOOP ( 'NONE', ( #1697, #203, #4556, #4701 ) ) ;
#333 = CARTESIAN_POINT ( 'NONE',  ( 0.000000000000000000, -10.13684808343399979, -4.939586103593740063 ) ) ;
#334 = EDGE_CURVE ( 'NONE', #1002, #5256, #905, .T. ) ;
#335 = CARTESIAN_POINT ( 'NONE',  ( 4.000000000000000000, -3.293019194759020163, -10.78476817202779969 ) ) ;
#336 = LINE ( 'NONE', #1532, #2887 ) ;
#337 = ORIENTED_EDGE ( 'NONE', *, *, #7359, .T. ) ;
#338 = ORIENTED_EDGE ( 'NONE', *, *, #1921, .T. ) ;
#339 = ORIENTED_EDGE ( 'NONE', *, *, #5705, .F. ) ;
#340 = DIRECTION ( 'NONE',  ( 0.000000000000000000, 0.000000000000000000, 1.000000000000000000 ) ) ;
#341 = DIRECTION ( 'NONE',  ( -1.000000000000000000, 0.000000000000000000, 0.000000000000000000 ) ) ;
#342 = CARTESIAN_POINT ( 'NONE',  ( 0.000000000000000000, 6.938893903907229640E-14, 1.179611963664229834E-13 ) ) ;
#343 = DIRECTION ( 'NONE',  ( 0.000000000000000000, 0.000000000000000000, 1.000000000000000000 ) ) ;
#344 = CYLINDRICAL_SURFACE ( 'NONE', #3042, 4.799999999999039701 ) ;
#345 = ORIENTED_EDGE ( 'NONE', *, *, #1547, .T. ) ;
#346 = DIRECTION ( 'NONE',  ( -1.000000000000000000, 0.000000000000000000, 0.000000000000000000 ) ) ;
#347 = DIRECTION ( 'NONE',  ( -1.000000000000000000, 0.000000000000000000, 0.000000000000000000 ) ) ;
#348 = CYLINDRICAL_SURFACE ( 'NONE', #6358, 11.24899999999770017 ) ;
#349 = CYLINDRICAL_SURFACE ( 'NONE', #5838, 4.799999999999039701 ) ;
#350 = VECTOR ( 'NONE', #1023, 1000.000000000000000 ) ;
#351 = EDGE_CURVE ( 'NONE', #2139, #2287, #4985, .T. ) ;
#352 = AXIS2_PLACEMENT_3D ( 'NONE', #4984, #3962, #3847 ) ;
#353 = ORIENTED_EDGE ( 'NONE', *, *, #5671, .F. ) ;
#354 = VERTEX_POINT ( 'NONE', #2605 ) ;
#355 = CIRCLE ( 'NONE', #1214, 4.799999999999037925 ) ;
#356 = AXIS2_PLACEMENT_3D ( 'NONE', #5640, #1553, #6926 ) ;
#357 = VERTEX_POINT ( 'NONE', #6659 ) ;
#358 = DIRECTION ( 'NONE',  ( 0.000000000000000000, 0.000000000000000000, -1.000000000000000000 ) ) ;
#359 = DIRECTION ( 'NONE',  ( 0.000000000000000000, 0.000000000000000000, -1.000000000000000000 ) ) ;
#360 = FACE_OUTER_BOUND ( 'NONE', #1458, .T. ) ;
#361 = DIRECTION ( 'NONE',  ( -1.000000000000000000, 0.000000000000000000, 0.000000000000000000 ) ) ;
#362 = PLANE ( 'NONE',  #3006 ) ;
#363 = CIRCLE ( 'NONE', #5669, 4.799999999999039701 ) ;
#364 = EDGE_CURVE ( 'NONE', #7159, #6148, #2634, .T. ) ;
#365 = EDGE_CURVE ( 'NONE', #3982, #4731, #7360, .T. ) ;
#366 = ORIENTED_EDGE ( 'NONE', *, *, #785, .T. ) ;
#367 = DIRECTION ( 'NONE',  ( 1.000000000000000000, 0.000000000000000000, 0.000000000000000000 ) ) ;
#368 = CIRCLE ( 'NONE', #989, 11.24899999999770017 ) ;
#369 = CARTESIAN_POINT ( 'NONE',  ( 4.000000000000000000, -3.293019194759180035, 10.78476817202770022 ) ) ;
#370 = ORIENTED_EDGE ( 'NONE', *, *, #1675, .T. ) ;
#371 = CARTESIAN_POINT ( 'NONE',  ( -7.000000000000000000, 3.445051977127905118, -1.044804706575420017 ) ) ;
#372 = DIRECTION ( 'NONE',  ( 0.000000000000000000, 0.000000000000000000, -1.000000000000000000 ) ) ;
#373 = DIRECTION ( 'NONE',  ( 1.000000000000000000, 0.000000000000000000, 0.000000000000000000 ) ) ;
#374 = EDGE_CURVE ( 'NONE', #6860, #5485, #5488, .T. ) ;
#375 = VECTOR ( 'NONE', #253, 1000.000000000000000 ) ;
#376 = ADVANCED_FACE ( 'NONE', ( #3101 ), #5446, .T. ) ;
#377 = CIRCLE ( 'NONE', #3836, 11.24899999999771971 ) ;
#378 = EDGE_LOOP ( 'NONE', ( #632, #1393, #3098, #4202 ) ) ;
#379 = ORIENTED_EDGE ( 'NONE', *, *, #5876, .F. ) ;
#380 = VERTEX_POINT ( 'NONE', #2553 ) ;
#381 = DIRECTION ( 'NONE',  ( 0.000000000000000000, 0.000000000000000000, 1.000000000000000000 ) ) ;
#382 = CARTESIAN_POINT ( 'NONE',  ( 0.000000000000000000, 0.000000000000000000, 0.000000000000000000 ) ) ;
#383 = VERTEX_POINT ( 'NONE', #5473 ) ;
#384 = FACE_OUTER_BOUND ( 'NONE', #5264, .T. ) ;
#385 = EDGE_CURVE ( 'NONE', #7577, #919, #3044, .T. ) ;
#386 = ORIENTED_EDGE ( 'NONE', *, *, #3626, .T. ) ;
#387 = ORIENTED_EDGE ( 'NONE', *, *, #3052, .T. ) ;
#388 = CYLINDRICAL_SURFACE ( 'NONE', #6026, 11.24899999999770017 ) ;
#389 = CYLINDRICAL_SURFACE ( 'NONE', #6590, 11.24899999999770017 ) ;
#390 = CARTESIAN_POINT ( 'NONE',  ( 0.000000000000000000, 4.650801158178159866, 11.71025399327550076 ) ) ;
#391 = CARTESIAN_POINT ( 'NONE',  ( -7.000000000000000000, -1.587303728247745127, 1.593257001958239938 ) ) ;
#392 = ORIENTED_EDGE ( 'NONE', *, *, #3526, .T. ) ;
#393 = ORIENTED_EDGE ( 'NONE', *, *, #3061, .F. ) ;
#394 = EDGE_LOOP ( 'NONE', ( #4445, #7442, #850, #2972 ) ) ;
#395 = CYLINDRICAL_SURFACE ( 'NONE', #3446, 3.599999999999279776 ) ;
#396 = CIRCLE ( 'NONE', #6821, 1.500000000000000000 ) ;
#397 = DIRECTION ( 'NONE',  ( 1.000000000000000000, 0.000000000000000000, 0.000000000000000000 ) ) ;
#398 = ORIENTED_EDGE ( 'NONE', *, *, #3806, .T. ) ;
#399 = CARTESIAN_POINT ( 'NONE',  ( 1.750000000000000000, 6.425429397282369948, -10.83853574337769921 ) ) ;
#400 = DIRECTION ( 'NONE',  ( 0.000000000000000000, 1.000000000000000000, 3.491481338843129805E-15 ) ) ;
#401 = AXIS2_PLACEMENT_3D ( 'NONE', #1905, #623, #1751 ) ;
#402 = AXIS2_PLACEMENT_3D ( 'NONE', #326, #361, #7583 ) ;
#403 = EDGE_LOOP ( 'NONE', ( #4710, #4345, #83, #529 ) ) ;
#404 = CARTESIAN_POINT ( 'NONE',  ( 0.000000000000000000, -3.731385367829089805, -10.61210460920450060 ) ) ;
#405 = CARTESIAN_POINT ( 'NONE',  ( 0.000000000000000000, 0.000000000000000000, 0.000000000000000000 ) ) ;
#406 = EDGE_CURVE ( 'NONE', #256, #2049, #1650, .T. ) ;
#407 = DIRECTION ( 'NONE',  ( -1.000000000000000000, 0.000000000000000000, 0.000000000000000000 ) ) ;
#408 = DIRECTION ( 'NONE',  ( 1.000000000000000000, 0.000000000000000000, 0.000000000000000000 ) ) ;
#409 = DIRECTION ( 'NONE',  ( 1.000000000000000000, 0.000000000000000000, 0.000000000000000000 ) ) ;
#410 = EDGE_CURVE ( 'NONE', #763, #5463, #1854, .T. ) ;
#411 = CARTESIAN_POINT ( 'NONE',  ( 0.000000000000000000, -2.005781281108399927, 1.017272064077794136 ) ) ;
#412 = EDGE_CURVE ( 'NONE', #5164, #2989, #5959, .T. ) ;
#413 = ORIENTED_EDGE ( 'NONE', *, *, #744, .F. ) ;
#414 = AXIS2_PLACEMENT_3D ( 'NONE', #1248, #3605, #657 ) ;
#415 = ORIENTED_EDGE ( 'NONE', *, *, #3150, .T. ) ;
#416 = CIRCLE ( 'NONE', #5218, 4.799999999999039701 ) ;
#417 = EDGE_LOOP ( 'NONE', ( #4743, #5253, #5823, #677 ) ) ;
#418 = CARTESIAN_POINT ( 'NONE',  ( 0.000000000000000000, -4.939586103593559763, -10.13684808343399979 ) ) ;
#419 = DIRECTION ( 'NONE',  ( -1.000000000000000000, 0.000000000000000000, 0.000000000000000000 ) ) ;
#420 = ORIENTED_EDGE ( 'NONE', *, *, #634, .F. ) ;
#421 = ADVANCED_FACE ( 'NONE', ( #6493 ), #4858, .T. ) ;
#422 = EDGE_CURVE ( 'NONE', #3659, #6529, #6180, .T. ) ;
#423 = DIRECTION ( 'NONE',  ( 0.000000000000000000, 0.000000000000000000, -1.000000000000000000 ) ) ;
#424 = AXIS2_PLACEMENT_3D ( 'NONE', #7363, #7288, #5530 ) ;
#425 = VERTEX_POINT ( 'NONE', #1239 ) ;
#426 = ORIENTED_EDGE ( 'NONE', *, *, #5752, .T. ) ;
#427 = CIRCLE ( 'NONE', #2775, 1.199999999999755929 ) ;
#428 = DIRECTION ( 'NONE',  ( 0.000000000000000000, 0.000000000000000000, -1.000000000000000000 ) ) ;
#429 = ADVANCED_FACE ( 'NONE', ( #1194 ), #5320, .T. ) ;
#430 = DIRECTION ( 'NONE',  ( -1.000000000000000000, 0.000000000000000000, 0.000000000000000000 ) ) ;
#431 = AXIS2_PLACEMENT_3D ( 'NONE', #2835, #7552, #3996 ) ;
#432 = EDGE_CURVE ( 'NONE', #5824, #4105, #5988, .T. ) ;
#433 = CARTESIAN_POINT ( 'NONE',  ( -6.450000000000000178, 6.938893903907229640E-14, -3.599999999999154987 ) ) ;
#434 = DIRECTION ( 'NONE',  ( 0.000000000000000000, -0.9876883405951359940, -0.1564344650402419989 ) ) ;
#435 = CIRCLE ( 'NONE', #4256, 4.799999999999029932 ) ;
#436 = CIRCLE ( 'NONE', #4744, 1.199999999999755929 ) ;
#437 = VECTOR ( 'NONE', #5596, 1000.000000000000000 ) ;
#438 = ORIENTED_EDGE ( 'NONE', *, *, #1566, .F. ) ;
#439 = ORIENTED_EDGE ( 'NONE', *, *, #6453, .F. ) ;
#440 = FACE_OUTER_BOUND ( 'NONE', #6330, .T. ) ;
#441 = DIRECTION ( 'NONE',  ( 0.000000000000000000, 0.000000000000000000, -1.000000000000000000 ) ) ;
#442 = AXIS2_PLACEMENT_3D ( 'NONE', #5185, #5652, #472 ) ;
#443 = PLANE ( 'NONE',  #2041 ) ;
#444 = DIRECTION ( 'NONE',  ( 1.000000000000000000, 0.000000000000000000, 0.000000000000000000 ) ) ;
#445 = VECTOR ( 'NONE', #3754, 1000.000000000000000 ) ;
#446 = ORIENTED_EDGE ( 'NONE', *, *, #5944, .F. ) ;
#447 = CARTESIAN_POINT ( 'NONE',  ( 3.500000000000000000, 11.27452294072310046, 5.000829282088959715 ) ) ;
#448 = DIRECTION ( 'NONE',  ( 1.000000000000000000, 0.000000000000000000, 0.000000000000000000 ) ) ;
#449 = CYLINDRICAL_SURFACE ( 'NONE', #6653, 2.248999999999549804 ) ;
#450 = DIRECTION ( 'NONE',  ( 1.000000000000000000, 0.000000000000000000, 0.000000000000000000 ) ) ;
#451 = DIRECTION ( 'NONE',  ( 1.000000000000000000, 0.000000000000000000, 0.000000000000000000 ) ) ;
#452 = DIRECTION ( 'NONE',  ( 0.000000000000000000, 0.000000000000000000, -1.000000000000000000 ) ) ;
#453 = ORIENTED_EDGE ( 'NONE', *, *, #7513, .F. ) ;
#454 = EDGE_CURVE ( 'NONE', #1802, #1437, #2855, .T. ) ;
#455 = EDGE_CURVE ( 'NONE', #6801, #2856, #142, .T. ) ;
#456 = ORIENTED_EDGE ( 'NONE', *, *, #3309, .T. ) ;
#457 = ORIENTED_EDGE ( 'NONE', *, *, #2860, .T. ) ;
#458 = DIRECTION ( 'NONE',  ( 1.000000000000000000, 0.000000000000000000, 0.000000000000000000 ) ) ;
#459 = DIRECTION ( 'NONE',  ( -1.000000000000000000, 0.000000000000000000, 0.000000000000000000 ) ) ;
#460 = ORIENTED_EDGE ( 'NONE', *, *, #226, .F. ) ;
#461 = EDGE_CURVE ( 'NONE', #5891, #2851, #3095, .T. ) ;
#462 = ORIENTED_EDGE ( 'NONE', *, *, #1333, .T. ) ;
#463 = EDGE_CURVE ( 'NONE', #2059, #5005, #5809, .T. ) ;
#464 = DIRECTION ( 'NONE',  ( -1.000000000000000000, 0.000000000000000000, 0.000000000000000000 ) ) ;
#465 = DIRECTION ( 'NONE',  ( 0.000000000000000000, -0.3090169943749349057, -0.9510565162951575280 ) ) ;
#466 = DIRECTION ( 'NONE',  ( -1.000000000000000000, 0.000000000000000000, 0.000000000000000000 ) ) ;
#467 = CYLINDRICAL_SURFACE ( 'NONE', #7287, 4.799999999999039701 ) ;
#468 = ORIENTED_EDGE ( 'NONE', *, *, #971, .T. ) ;
#469 = ORIENTED_EDGE ( 'NONE', *, *, #3097, .T. ) ;
#470 = EDGE_CURVE ( 'NONE', #4181, #1583, #7171, .T. ) ;
#471 = DIRECTION ( 'NONE',  ( -1.000000000000000000, 0.000000000000000000, 0.000000000000000000 ) ) ;
#472 = DIRECTION ( 'NONE',  ( 0.000000000000000000, 0.000000000000000000, 1.000000000000000000 ) ) ;
#473 = CIRCLE ( 'NONE', #967, 4.799999999999039701 ) ;
#474 = LINE ( 'NONE', #1164, #3137 ) ;
#475 = DIRECTION ( 'NONE',  ( -1.000000000000000000, 0.000000000000000000, 0.000000000000000000 ) ) ;
#476 = VECTOR ( 'NONE', #5766, 1000.000000000000000 ) ;
#477 = CIRCLE ( 'NONE', #1591, 2.248999999999549804 ) ;
#478 = VERTEX_POINT ( 'NONE', #6643 ) ;
#479 = DIRECTION ( 'NONE',  ( -1.000000000000000000, 0.000000000000000000, 0.000000000000000000 ) ) ;
#480 = DIRECTION ( 'NONE',  ( 1.000000000000000000, 0.000000000000000000, 0.000000000000000000 ) ) ;
#481 = FACE_OUTER_BOUND ( 'NONE', #286, .T. ) ;
#482 = CARTESIAN_POINT ( 'NONE',  ( 4.000000000000000000, 0.2008292820898810171, 11.27452294072310046 ) ) ;
#483 = CARTESIAN_POINT ( 'NONE',  ( 4.000000000000000000, 0.000000000000000000, 11.24899999999771971 ) ) ;
#484 = CIRCLE ( 'NONE', #4308, 1.199999999999759925 ) ;
#485 = LINE ( 'NONE', #1719, #5600 ) ;
#486 = AXIS2_PLACEMENT_3D ( 'NONE', #1001, #3984, #5713 ) ;
#487 = CARTESIAN_POINT ( 'NONE',  ( 4.000000000000000000, -11.06516926556250091, 2.025346914580235413 ) ) ;
#488 = ORIENTED_EDGE ( 'NONE', *, *, #6119, .F. ) ;
#489 = VECTOR ( 'NONE', #1296, 1000.000000000000000 ) ;
#490 = ORIENTED_EDGE ( 'NONE', *, *, #4199, .T. ) ;
#491 = ORIENTED_EDGE ( 'NONE', *, *, #1809, .F. ) ;
#492 = CARTESIAN_POINT ( 'NONE',  ( 4.000000000000000000, 6.425429397282369948, -10.83853574337769921 ) ) ;
#493 = CARTESIAN_POINT ( 'NONE',  ( -7.000000000000000000, -2.058247931881969972, -2.953576721688035089 ) ) ;
#494 = EDGE_CURVE ( 'NONE', #5631, #684, #4457, .T. ) ;
#495 = VERTEX_POINT ( 'NONE', #4821 ) ;
#496 = ORIENTED_EDGE ( 'NONE', *, *, #7551, .T. ) ;
#497 = FACE_OUTER_BOUND ( 'NONE', #2178, .T. ) ;
#498 = AXIS2_PLACEMENT_3D ( 'NONE', #2564, #831, #5036 ) ;
#499 = DIRECTION ( 'NONE',  ( -1.000000000000000000, 0.000000000000000000, 0.000000000000000000 ) ) ;
#500 = DIRECTION ( 'NONE',  ( -1.000000000000000000, 0.000000000000000000, 0.000000000000000000 ) ) ;
#501 = EDGE_CURVE ( 'NONE', #7396, #2663, #5946, .T. ) ;
#502 = EDGE_CURVE ( 'NONE', #4200, #5717, #1891, .T. ) ;
#503 = AXIS2_PLACEMENT_3D ( 'NONE', #2396, #7112, #3127 ) ;
#504 = ORIENTED_EDGE ( 'NONE', *, *, #2253, .T. ) ;
#505 = ORIENTED_EDGE ( 'NONE', *, *, #4931, .F. ) ;
#506 = FACE_OUTER_BOUND ( 'NONE', #6051, .T. ) ;
#507 = ADVANCED_FACE ( 'NONE', ( #5360 ), #4252, .T. ) ;
#508 = CARTESIAN_POINT ( 'NONE',  ( 4.000000000000000000, 0.000000000000000000, 0.000000000000000000 ) ) ;
#509 = CARTESIAN_POINT ( 'NONE',  ( 3.500000000000000000, 10.13684808343399979, -4.939586103593669009 ) ) ;
#510 = FACE_OUTER_BOUND ( 'NONE', #4695, .T. ) ;
#511 = ADVANCED_FACE ( 'NONE', ( #6607 ), #7150, .T. ) ;
#512 = VECTOR ( 'NONE', #1281, 1000.000000000000000 ) ;
#513 = VERTEX_POINT ( 'NONE', #187 ) ;
#514 = FACE_OUTER_BOUND ( 'NONE', #332, .T. ) ;
#515 = DIRECTION ( 'NONE',  ( 0.000000000000000000, 0.000000000000000000, 1.000000000000000000 ) ) ;
#516 = DIRECTION ( 'NONE',  ( -1.000000000000000000, 0.000000000000000000, 0.000000000000000000 ) ) ;
#517 = CYLINDRICAL_SURFACE ( 'NONE', #2484, 11.24899999999770017 ) ;
#518 = EDGE_CURVE ( 'NONE', #3922, #7450, #3834, .T. ) ;
#519 = DIRECTION ( 'NONE',  ( 0.000000000000000000, 0.000000000000000000, -1.000000000000000000 ) ) ;
#520 = LINE ( 'NONE', #6947, #6474 ) ;
#521 = CYLINDRICAL_SURFACE ( 'NONE', #6589, 11.24899999999770017 ) ;
#522 = EDGE_CURVE ( 'NONE', #2611, #4169, #6430, .T. ) ;
#523 = VERTEX_POINT ( 'NONE', #6843 ) ;
#524 = EDGE_LOOP ( 'NONE', ( #4360, #1503, #4598, #1276 ) ) ;
#525 = ORIENTED_EDGE ( 'NONE', *, *, #7457, .F. ) ;
#526 = DIRECTION ( 'NONE',  ( 0.000000000000000000, 0.000000000000000000, 1.000000000000000000 ) ) ;
#527 = DIRECTION ( 'NONE',  ( 0.000000000000000000, 0.7071067811865439090, 0.7071067811865512365 ) ) ;
#528 = VERTEX_POINT ( 'NONE', #4893 ) ;
#529 = ORIENTED_EDGE ( 'NONE', *, *, #4572, .F. ) ;
#530 = ORIENTED_EDGE ( 'NONE', *, *, #4524, .T. ) ;
#531 = DIRECTION ( 'NONE',  ( 1.000000000000000000, 0.000000000000000000, 0.000000000000000000 ) ) ;
#532 = LINE ( 'NONE', #2894, #2286 ) ;
#533 = AXIS2_PLACEMENT_3D ( 'NONE', #2292, #7660, #7120 ) ;
#534 = DIRECTION ( 'NONE',  ( -1.000000000000000000, 0.000000000000000000, 0.000000000000000000 ) ) ;
#535 = AXIS2_PLACEMENT_3D ( 'NONE', #1139, #6508, #1832 ) ;
#536 = ORIENTED_EDGE ( 'NONE', *, *, #5030, .T. ) ;
#537 = ORIENTED_EDGE ( 'NONE', *, *, #1684, .T. ) ;
#538 = EDGE_CURVE ( 'NONE', #7460, #3922, #5379, .T. ) ;
#539 = VERTEX_POINT ( 'NONE', #4444 ) ;
#540 = DIRECTION ( 'NONE',  ( 1.000000000000000000, 0.000000000000000000, 0.000000000000000000 ) ) ;
#541 = CIRCLE ( 'NONE', #4855, 4.799999999999039701 ) ;
#542 = AXIS2_PLACEMENT_3D ( 'NONE', #5196, #2878, #7019 ) ;
#543 = CARTESIAN_POINT ( 'NONE',  ( 4.000000000000000000, 0.000000000000000000, 0.000000000000000000 ) ) ;
#544 = ORIENTED_EDGE ( 'NONE', *, *, #3476, .T. ) ;
#545 = DIRECTION ( 'NONE',  ( 0.000000000000000000, 0.000000000000000000, -1.000000000000000000 ) ) ;
#546 = CARTESIAN_POINT ( 'NONE',  ( 4.000000000000000000, 0.000000000000000000, 0.000000000000000000 ) ) ;
#547 = EDGE_CURVE ( 'NONE', #6500, #7270, #6131, .T. ) ;
#548 = ORIENTED_EDGE ( 'NONE', *, *, #5694, .T. ) ;
#549 = DIRECTION ( 'NONE',  ( 1.000000000000000000, 0.000000000000000000, 0.000000000000000000 ) ) ;
#550 = EDGE_CURVE ( 'NONE', #3602, #3645, #6756, .T. ) ;
#551 = AXIS2_PLACEMENT_3D ( 'NONE', #3060, #3230, #6036 ) ;
#552 = CIRCLE ( 'NONE', #1552, 4.799999999999039701 ) ;
#553 = CARTESIAN_POINT ( 'NONE',  ( 0.000000000000000000, 9.954498911157401153, -5.297466504773900020 ) ) ;
#554 = CARTESIAN_POINT ( 'NONE',  ( 0.000000000000000000, 0.000000000000000000, 0.000000000000000000 ) ) ;
#555 = DIRECTION ( 'NONE',  ( 0.000000000000000000, 0.000000000000000000, -1.000000000000000000 ) ) ;
#556 = DIRECTION ( 'NONE',  ( 1.000000000000000000, 0.000000000000000000, 0.000000000000000000 ) ) ;
#557 = VECTOR ( 'NONE', #2207, 1000.000000000000000 ) ;
#558 = CARTESIAN_POINT ( 'NONE',  ( 0.000000000000000000, 7.830283878802059228, -8.114299373255079217 ) ) ;
#559 = CARTESIAN_POINT ( 'NONE',  ( -7.000000000000000000, -1.587303728247710266, -1.593257001958030106 ) ) ;
#560 = ORIENTED_EDGE ( 'NONE', *, *, #1684, .F. ) ;
#561 = EDGE_CURVE ( 'NONE', #4131, #3894, #5637, .T. ) ;
#562 = EDGE_LOOP ( 'NONE', ( #6124, #7272, #5137, #4657 ) ) ;
#563 = EDGE_CURVE ( 'NONE', #614, #2953, #3433, .T. ) ;
#564 = EDGE_LOOP ( 'NONE', ( #426, #6197, #5781, #968 ) ) ;
#565 = DIRECTION ( 'NONE',  ( -1.000000000000000000, 0.000000000000000000, 0.000000000000000000 ) ) ;
#566 = CARTESIAN_POINT ( 'NONE',  ( 4.000000000000000000, 11.71025399327560024, -4.650801158178039962 ) ) ;
#567 = ADVANCED_FACE ( 'NONE', ( #3751 ), #6098, .T. ) ;
#568 = ORIENTED_EDGE ( 'NONE', *, *, #6399, .T. ) ;
#569 = ORIENTED_EDGE ( 'NONE', *, *, #5002, .F. ) ;
#570 = ORIENTED_EDGE ( 'NONE', *, *, #3672, .T. ) ;
#571 = DIRECTION ( 'NONE',  ( -1.000000000000000000, 0.000000000000000000, 0.000000000000000000 ) ) ;
#572 = CARTESIAN_POINT ( 'NONE',  ( 0.000000000000000000, 10.77862626476109931, 3.218884409939569924 ) ) ;
#573 = DIRECTION ( 'NONE',  ( 0.000000000000000000, 0.000000000000000000, 1.000000000000000000 ) ) ;
#574 = VERTEX_POINT ( 'NONE', #810 ) ;
#575 = ORIENTED_EDGE ( 'NONE', *, *, #4572, .T. ) ;
#576 = DIRECTION ( 'NONE',  ( 0.000000000000000000, 0.000000000000000000, -1.000000000000000000 ) ) ;
#577 = LINE ( 'NONE', #2936, #5983 ) ;
#578 = DIRECTION ( 'NONE',  ( 1.000000000000000000, 0.000000000000000000, 0.000000000000000000 ) ) ;
#579 = CARTESIAN_POINT ( 'NONE',  ( 0.000000000000000000, 1.962080705186249885, -11.10429823301639907 ) ) ;
#580 = ADVANCED_FACE ( 'NONE', ( #3171 ), #344, .T. ) ;
#581 = AXIS2_PLACEMENT_3D ( 'NONE', #4392, #7328, #7408 ) ;
#582 = EDGE_LOOP ( 'NONE', ( #4814, #776, #4246, #6877 ) ) ;
#583 = CARTESIAN_POINT ( 'NONE',  ( -10.00000000000000000, 0.000000000000000000, 0.000000000000000000 ) ) ;
#584 = CYLINDRICAL_SURFACE ( 'NONE', #2574, 11.24899999999770017 ) ;
#585 = CARTESIAN_POINT ( 'NONE',  ( -6.450000000000000178, 2.355809106513210072, 0.3483421618009954757 ) ) ;
#586 = CARTESIAN_POINT ( 'NONE',  ( 0.000000000000000000, -12.54533224990199969, 1.172449887844499994 ) ) ;
#587 = ADVANCED_FACE ( 'NONE', ( #5013 ), #5513, .T. ) ;
#588 = CARTESIAN_POINT ( 'NONE',  ( 0.000000000000000000, -3.293019194759020163, -10.78476817202779969 ) ) ;
#589 = DIRECTION ( 'NONE',  ( 0.000000000000000000, 0.000000000000000000, -1.000000000000000000 ) ) ;
#590 = CARTESIAN_POINT ( 'NONE',  ( 0.000000000000000000, 3.293019194759099655, 10.78476817202779969 ) ) ;
#591 = AXIS2_PLACEMENT_3D ( 'NONE', #2126, #5636, #4478 ) ;
#592 = VECTOR ( 'NONE', #2256, 1000.000000000000000 ) ;
#593 = EDGE_CURVE ( 'NONE', #6761, #6940, #2068, .T. ) ;
#594 = EDGE_CURVE ( 'NONE', #3358, #949, #4936, .T. ) ;
#595 = ORIENTED_EDGE ( 'NONE', *, *, #681, .T. ) ;
#596 = ORIENTED_EDGE ( 'NONE', *, *, #6701, .F. ) ;
#597 = AXIS2_PLACEMENT_3D ( 'NONE', #3109, #2488, #4838 ) ;
#598 = ORIENTED_EDGE ( 'NONE', *, *, #6939, .T. ) ;
#599 = CARTESIAN_POINT ( 'NONE',  ( 0.000000000000000000, 0.000000000000000000, 0.000000000000000000 ) ) ;
#600 = CARTESIAN_POINT ( 'NONE',  ( 0.000000000000000000, 11.06516926556250091, 2.025346914580320234 ) ) ;
#601 = CARTESIAN_POINT ( 'NONE',  ( 3.500000000000000000, 0.000000000000000000, 0.000000000000000000 ) ) ;
#602 = EDGE_CURVE ( 'NONE', #6398, #1299, #6382, .T. ) ;
#603 = AXIS2_PLACEMENT_3D ( 'NONE', #7368, #251, #6871 ) ;
#604 = CIRCLE ( 'NONE', #6914, 11.24899999999773925 ) ;
#605 = ORIENTED_EDGE ( 'NONE', *, *, #1895, .F. ) ;
#606 = ORIENTED_EDGE ( 'NONE', *, *, #51, .T. ) ;
#607 = ORIENTED_EDGE ( 'NONE', *, *, #4770, .T. ) ;
#608 = DIRECTION ( 'NONE',  ( 0.000000000000000000, -0.4539904997395349806, -0.8910065241883738940 ) ) ;
#609 = CIRCLE ( 'NONE', #1845, 2.248999999999549804 ) ;
#610 = CARTESIAN_POINT ( 'NONE',  ( 3.500000000000000000, -10.13684808343399979, 4.939586103593599731 ) ) ;
#611 = DIRECTION ( 'NONE',  ( -1.000000000000000000, 0.000000000000000000, 0.000000000000000000 ) ) ;
#612 = DIRECTION ( 'NONE',  ( 1.000000000000000000, 0.000000000000000000, 0.000000000000000000 ) ) ;
#613 = AXIS2_PLACEMENT_3D ( 'NONE', #2653, #7370, #908 ) ;
#614 = VERTEX_POINT ( 'NONE', #7385 ) ;
#615 = VERTEX_POINT ( 'NONE', #6140 ) ;
#616 = AXIS2_PLACEMENT_3D ( 'NONE', #4879, #204, #1920 ) ;
#617 = CARTESIAN_POINT ( 'NONE',  ( 4.000000000000000000, -11.10429823301639907, -1.962080705186209917 ) ) ;
#618 = DIRECTION ( 'NONE',  ( -1.000000000000000000, 0.000000000000000000, 0.000000000000000000 ) ) ;
#619 = DIRECTION ( 'NONE',  ( 1.000000000000000000, 0.000000000000000000, 0.000000000000000000 ) ) ;
#620 = ORIENTED_EDGE ( 'NONE', *, *, #5188, .F. ) ;
#621 = DIRECTION ( 'NONE',  ( 0.000000000000000000, 0.000000000000000000, -1.000000000000000000 ) ) ;
#622 = CARTESIAN_POINT ( 'NONE',  ( -7.000000000000000000, 2.172984797950585190, 2.870215508959459871 ) ) ;
#623 = DIRECTION ( 'NONE',  ( 1.000000000000000000, 0.000000000000000000, 0.000000000000000000 ) ) ;
#624 = ORIENTED_EDGE ( 'NONE', *, *, #1960, .F. ) ;
#625 = EDGE_CURVE ( 'NONE', #2601, #80, #7375, .T. ) ;
#626 = DIRECTION ( 'NONE',  ( 0.000000000000000000, 0.000000000000000000, -1.000000000000000000 ) ) ;
#627 = DIRECTION ( 'NONE',  ( 0.000000000000000000, 0.000000000000000000, -1.000000000000000000 ) ) ;
#628 = DIRECTION ( 'NONE',  ( 0.000000000000000000, 1.000000000000000000, 3.614007241619070973E-15 ) ) ;
#629 = DIRECTION ( 'NONE',  ( 0.000000000000000000, 0.000000000000000000, -1.000000000000000000 ) ) ;
#630 = ORIENTED_EDGE ( 'NONE', *, *, #3061, .T. ) ;
#631 = ORIENTED_EDGE ( 'NONE', *, *, #4443, .F. ) ;
#632 = ORIENTED_EDGE ( 'NONE', *, *, #169, .F. ) ;
#633 = CYLINDRICAL_SURFACE ( 'NONE', #1687, 2.248999999999639954 ) ;
#634 = EDGE_CURVE ( 'NONE', #4404, #1452, #1511, .T. ) ;
#635 = EDGE_CURVE ( 'NONE', #3378, #3761, #5764, .T. ) ;
#636 = EDGE_CURVE ( 'NONE', #1942, #5818, #2053, .T. ) ;
#637 = DIRECTION ( 'NONE',  ( 1.000000000000000000, 0.000000000000000000, 0.000000000000000000 ) ) ;
#638 = DIRECTION ( 'NONE',  ( -1.000000000000000000, 0.000000000000000000, 0.000000000000000000 ) ) ;
#639 = ORIENTED_EDGE ( 'NONE', *, *, #107, .F. ) ;
#640 = VERTEX_POINT ( 'NONE', #1171 ) ;
#641 = ORIENTED_EDGE ( 'NONE', *, *, #4507, .F. ) ;
#642 = ADVANCED_FACE ( 'NONE', ( #2366 ), #2329, .T. ) ;
#643 = ADVANCED_FACE ( 'NONE', ( #4650 ), #2942, .T. ) ;
#644 = CYLINDRICAL_SURFACE ( 'NONE', #4549, 11.24899999999770017 ) ;
#645 = LINE ( 'NONE', #7040, #5241 ) ;
#646 = CARTESIAN_POINT ( 'NONE',  ( 4.000000000000000000, 2.761654759435635320, 12.29362692575399940 ) ) ;
#647 = DIRECTION ( 'NONE',  ( 1.000000000000000000, 0.000000000000000000, 0.000000000000000000 ) ) ;
#648 = VERTEX_POINT ( 'NONE', #1749 ) ;
#649 = VECTOR ( 'NONE', #7315, 1000.000000000000000 ) ;
#650 = AXIS2_PLACEMENT_3D ( 'NONE', #579, #6570, #1246 ) ;
#651 = ADVANCED_FACE ( 'NONE', ( #5295 ), #6541, .T. ) ;
#652 = DIRECTION ( 'NONE',  ( -1.000000000000000000, 0.000000000000000000, 0.000000000000000000 ) ) ;
#653 = DIRECTION ( 'NONE',  ( 1.000000000000000000, 0.000000000000000000, 0.000000000000000000 ) ) ;
#654 = ORIENTED_EDGE ( 'NONE', *, *, #1448, .F. ) ;
#655 = DIRECTION ( 'NONE',  ( 0.000000000000000000, 0.000000000000000000, -1.000000000000000000 ) ) ;
#656 = ORIENTED_EDGE ( 'NONE', *, *, #4332, .T. ) ;
#657 = DIRECTION ( 'NONE',  ( 0.000000000000000000, 0.000000000000000000, 1.000000000000000000 ) ) ;
#658 = DIRECTION ( 'NONE',  ( -1.000000000000000000, 0.000000000000000000, 0.000000000000000000 ) ) ;
#659 = AXIS2_PLACEMENT_3D ( 'NONE', #5415, #6548, #6664 ) ;
#660 = FACE_OUTER_BOUND ( 'NONE', #775, .T. ) ;
#661 = ORIENTED_EDGE ( 'NONE', *, *, #4856, .F. ) ;
#662 = DIRECTION ( 'NONE',  ( 0.000000000000000000, 0.000000000000000000, -1.000000000000000000 ) ) ;
#663 = CARTESIAN_POINT ( 'NONE',  ( -6.450000000000000178, -1.587303728247745127, 1.593257001958239938 ) ) ;
#664 = DIRECTION ( 'NONE',  ( 0.000000000000000000, 0.000000000000000000, 1.000000000000000000 ) ) ;
#665 = ORIENTED_EDGE ( 'NONE', *, *, #7523, .F. ) ;
#666 = CARTESIAN_POINT ( 'NONE',  ( 0.000000000000000000, 6.938893903907229640E-14, 1.179611963664229834E-13 ) ) ;
#667 = CIRCLE ( 'NONE', #3009, 1.199999999999757927 ) ;
#668 = CIRCLE ( 'NONE', #6724, 4.799999999999039701 ) ;
#669 = CIRCLE ( 'NONE', #4865, 4.799999999999039701 ) ;
#670 = CIRCLE ( 'NONE', #1167, 4.799999999999038813 ) ;
#671 = ORIENTED_EDGE ( 'NONE', *, *, #3476, .F. ) ;
#672 = VECTOR ( 'NONE', #4757, 1000.000000000000000 ) ;
#673 = CIRCLE ( 'NONE', #45, 4.799999999999039701 ) ;
#674 = ORIENTED_EDGE ( 'NONE', *, *, #6073, .T. ) ;
#675 = DIRECTION ( 'NONE',  ( 0.000000000000000000, 0.000000000000000000, -1.000000000000000000 ) ) ;
#676 = DIRECTION ( 'NONE',  ( 1.000000000000000000, 0.000000000000000000, 0.000000000000000000 ) ) ;
#677 = ORIENTED_EDGE ( 'NONE', *, *, #374, .T. ) ;
#678 = FACE_OUTER_BOUND ( 'NONE', #2124, .T. ) ;
#679 = VECTOR ( 'NONE', #5804, 1000.000000000000000 ) ;
#680 = VECTOR ( 'NONE', #5626, 1000.000000000000000 ) ;
#681 = EDGE_CURVE ( 'NONE', #3217, #7515, #1764, .T. ) ;
#682 = EDGE_LOOP ( 'NONE', ( #3641, #3986, #6441, #6373 ) ) ;
#683 = ORIENTED_EDGE ( 'NONE', *, *, #116, .F. ) ;
#684 = VERTEX_POINT ( 'NONE', #6388 ) ;
#685 = DIRECTION ( 'NONE',  ( 0.000000000000000000, 0.000000000000000000, -1.000000000000000000 ) ) ;
#686 = ORIENTED_EDGE ( 'NONE', *, *, #3820, .F. ) ;
#687 = CARTESIAN_POINT ( 'NONE',  ( 1.750000000000000000, -10.64569177227129870, 6.740122156885020033 ) ) ;
#688 = CARTESIAN_POINT ( 'NONE',  ( 4.000000000000000000, -12.57428996311180036, 0.8045072551091070334 ) ) ;
#689 = CIRCLE ( 'NONE', #1934, 11.24899999999769662 ) ;
#690 = EDGE_CURVE ( 'NONE', #7635, #2700, #773, .T. ) ;
#691 = ADVANCED_FACE ( 'NONE', ( #514 ), #1790, .T. ) ;
#692 = DIRECTION ( 'NONE',  ( 1.000000000000000000, 0.000000000000000000, 0.000000000000000000 ) ) ;
#693 = ORIENTED_EDGE ( 'NONE', *, *, #4707, .F. ) ;
#694 = CARTESIAN_POINT ( 'NONE',  ( 0.000000000000000000, 12.29362692575399940, 2.761654759435690387 ) ) ;
#695 = CARTESIAN_POINT ( 'NONE',  ( 4.000000000000000000, 6.740122156885049343, 10.64569177227120100 ) ) ;
#696 = CARTESIAN_POINT ( 'NONE',  ( 0.000000000000000000, 2.200545951850900295, -1.762043560793029817 ) ) ;
#697 = VECTOR ( 'NONE', #4043, 1000.000000000000000 ) ;
#698 = EDGE_CURVE ( 'NONE', #4518, #5902, #7627, .T. ) ;
#699 = ORIENTED_EDGE ( 'NONE', *, *, #3807, .T. ) ;
#700 = DIRECTION ( 'NONE',  ( 0.000000000000000000, 0.000000000000000000, 1.000000000000000000 ) ) ;
#701 = CARTESIAN_POINT ( 'NONE',  ( 3.500000000000000000, 0.000000000000000000, 0.000000000000000000 ) ) ;
#702 = CARTESIAN_POINT ( 'NONE',  ( 0.000000000000000000, 0.000000000000000000, 0.000000000000000000 ) ) ;
#703 = CARTESIAN_POINT ( 'NONE',  ( 1.750000000000000000, -2.761654759435560269, -12.29362692575399940 ) ) ;
#704 = CARTESIAN_POINT ( 'NONE',  ( 0.000000000000000000, -0.7445758530191349811, 2.718971643000535288 ) ) ;
#705 = DIRECTION ( 'NONE',  ( 0.000000000000000000, 0.000000000000000000, -1.000000000000000000 ) ) ;
#706 = DIRECTION ( 'NONE',  ( 0.000000000000000000, 0.000000000000000000, -1.000000000000000000 ) ) ;
#707 = ORIENTED_EDGE ( 'NONE', *, *, #4055, .F. ) ;
#708 = DIRECTION ( 'NONE',  ( 0.000000000000000000, 0.000000000000000000, 1.000000000000000000 ) ) ;
#709 = VERTEX_POINT ( 'NONE', #5328 ) ;
#710 = DIRECTION ( 'NONE',  ( 0.000000000000000000, 0.000000000000000000, -1.000000000000000000 ) ) ;
#711 = CARTESIAN_POINT ( 'NONE',  ( 4.000000000000000000, 1.962080705186089791, 11.10429823301639907 ) ) ;
#712 = CARTESIAN_POINT ( 'NONE',  ( 0.000000000000000000, 4.991786971164040132, -11.56901304495999838 ) ) ;
#713 = UNCERTAINTY_MEASURE_WITH_UNIT (LENGTH_MEASURE( 1.000000000000000082E-05 ), #4382, 'distance_accuracy_value', 'NONE');
#714 = CIRCLE ( 'NONE', #1709, 4.799999999999038813 ) ;
#715 = VERTEX_POINT ( 'NONE', #31 ) ;
#716 = AXIS2_PLACEMENT_3D ( 'NONE', #868, #1953, #5454 ) ;
#717 = CIRCLE ( 'NONE', #4789, 1.199999999999757927 ) ;
#718 = EDGE_LOOP ( 'NONE', ( #4177, #859, #5762, #1143 ) ) ;
#719 = ORIENTED_EDGE ( 'NONE', *, *, #1784, .T. ) ;
#720 = DIRECTION ( 'NONE',  ( 0.000000000000000000, 0.000000000000000000, 1.000000000000000000 ) ) ;
#721 = CYLINDRICAL_SURFACE ( 'NONE', #5288, 12.59999999999749853 ) ;
#722 = EDGE_LOOP ( 'NONE', ( #2162, #5431, #150, #3400 ) ) ;
#723 = EDGE_CURVE ( 'NONE', #6655, #3371, #5721, .T. ) ;
#724 = CARTESIAN_POINT ( 'NONE',  ( 0.000000000000000000, -8.142483381817967825, 7.761440934309010053 ) ) ;
#725 = CYLINDRICAL_SURFACE ( 'NONE', #7634, 12.59999999999749853 ) ;
#726 = CIRCLE ( 'NONE', #852, 12.59999999999749853 ) ;
#727 = AXIS2_PLACEMENT_3D ( 'NONE', #136, #1930, #5428 ) ;
#728 = CARTESIAN_POINT ( 'NONE',  ( 3.500000000000000000, 11.06516926556250091, 2.025346914580320234 ) ) ;
#729 = ORIENTED_EDGE ( 'NONE', *, *, #7259, .T. ) ;
#730 = AXIS2_PLACEMENT_3D ( 'NONE', #1701, #1193, #4066 ) ;
#731 = EDGE_CURVE ( 'NONE', #5479, #5035, #1205, .T. ) ;
#732 = CARTESIAN_POINT ( 'NONE',  ( 3.500000000000000000, 6.789472613369020415, 9.003236172274229787 ) ) ;
#733 = EDGE_CURVE ( 'NONE', #6856, #7313, #2765, .T. ) ;
#734 = ADVANCED_FACE ( 'NONE', ( #1712 ), #3496, .T. ) ;
#735 = CARTESIAN_POINT ( 'NONE',  ( -10.00000000000000000, 0.000000000000000000, 0.000000000000000000 ) ) ;
#736 = DIRECTION ( 'NONE',  ( 1.000000000000000000, 0.000000000000000000, 0.000000000000000000 ) ) ;
#737 = ORIENTED_EDGE ( 'NONE', *, *, #3716, .T. ) ;
#738 = EDGE_CURVE ( 'NONE', #1883, #5084, #7053, .T. ) ;
#739 = ADVANCED_FACE ( 'NONE', ( #7123 ), #4189, .T. ) ;
#740 = VERTEX_POINT ( 'NONE', #5257 ) ;
#741 = LINE ( 'NONE', #6697, #6444 ) ;
#742 = CARTESIAN_POINT ( 'NONE',  ( 0.000000000000000000, 0.000000000000000000, 0.000000000000000000 ) ) ;
#743 = CARTESIAN_POINT ( 'NONE',  ( 0.000000000000000000, 1.587303728247835055, 1.593257001958279906 ) ) ;
#744 = EDGE_CURVE ( 'NONE', #1150, #2278, #6465, .T. ) ;
#745 = DIRECTION ( 'NONE',  ( 1.000000000000000000, 0.000000000000000000, 0.000000000000000000 ) ) ;
#746 = CARTESIAN_POINT ( 'NONE',  ( 3.500000000000000000, -5.345544729564120523, 9.897734717811879079 ) ) ;
#747 = CARTESIAN_POINT ( 'NONE',  ( 4.000000000000000000, 11.16713147563269892, -1.565367224445519900 ) ) ;
#748 = AXIS2_PLACEMENT_3D ( 'NONE', #5909, #22, #766 ) ;
#749 = ORIENTED_EDGE ( 'NONE', *, *, #304, .T. ) ;
#750 = DIRECTION ( 'NONE',  ( 1.000000000000000000, 0.000000000000000000, 0.000000000000000000 ) ) ;
#751 = ORIENTED_EDGE ( 'NONE', *, *, #2863, .F. ) ;
#752 = DIRECTION ( 'NONE',  ( -1.000000000000000000, 0.000000000000000000, 0.000000000000000000 ) ) ;
#753 = ADVANCED_FACE ( 'NONE', ( #4795 ), #1678, .T. ) ;
#754 = CARTESIAN_POINT ( 'NONE',  ( 4.000000000000000000, -11.71025399327550076, 4.650801158178119010 ) ) ;
#755 = DIRECTION ( 'NONE',  ( 1.000000000000000000, 0.000000000000000000, 0.000000000000000000 ) ) ;
#756 = ORIENTED_EDGE ( 'NONE', *, *, #7321, .T. ) ;
#757 = ORIENTED_EDGE ( 'NONE', *, *, #6972, .F. ) ;
#758 = VECTOR ( 'NONE', #4501, 1000.000000000000000 ) ;
#759 = VERTEX_POINT ( 'NONE', #7161 ) ;
#760 = CARTESIAN_POINT ( 'NONE',  ( -7.000000000000000000, -3.401226394052255131, 1.179685982114272003 ) ) ;
#761 = AXIS2_PLACEMENT_3D ( 'NONE', #2514, #1945, #4299 ) ;
#762 = CYLINDRICAL_SURFACE ( 'NONE', #1223, 4.799999999999037925 ) ;
#763 = VERTEX_POINT ( 'NONE', #2639 ) ;
#764 = CARTESIAN_POINT ( 'NONE',  ( 4.000000000000000000, 0.000000000000000000, 0.000000000000000000 ) ) ;
#765 = DIRECTION ( 'NONE',  ( 0.000000000000000000, 0.000000000000000000, 1.000000000000000000 ) ) ;
#766 = DIRECTION ( 'NONE',  ( 0.000000000000000000, -0.9510565162951500895, -0.3090169943749580539 ) ) ;
#767 = ORIENTED_EDGE ( 'NONE', *, *, #5890, .T. ) ;
#768 = ORIENTED_EDGE ( 'NONE', *, *, #2395, .F. ) ;
#769 = DIRECTION ( 'NONE',  ( 0.000000000000000000, 0.000000000000000000, 1.000000000000000000 ) ) ;
#770 = CARTESIAN_POINT ( 'NONE',  ( 3.500000000000000000, 0.2694376985535589797, -11.24577273141099987 ) ) ;
#771 = DIRECTION ( 'NONE',  ( 1.000000000000000000, 0.000000000000000000, 0.000000000000000000 ) ) ;
#772 = EDGE_CURVE ( 'NONE', #1690, #6962, #1320, .T. ) ;
#773 = CIRCLE ( 'NONE', #147, 4.799999999999037925 ) ;
#774 = CIRCLE ( 'NONE', #533, 12.59999999999749853 ) ;
#775 = EDGE_LOOP ( 'NONE', ( #1245, #2933, #7280, #5735 ) ) ;
#776 = ORIENTED_EDGE ( 'NONE', *, *, #7661, .F. ) ;
#777 = CARTESIAN_POINT ( 'NONE',  ( 4.000000000000000000, -11.14946795003230129, -1.493105967824349900 ) ) ;
#778 = DIRECTION ( 'NONE',  ( -1.000000000000000000, 0.000000000000000000, 0.000000000000000000 ) ) ;
#779 = CYLINDRICAL_SURFACE ( 'NONE', #5737, 3.599999999999274891 ) ;
#780 = DIRECTION ( 'NONE',  ( -1.000000000000000000, 0.000000000000000000, 0.000000000000000000 ) ) ;
#781 = CARTESIAN_POINT ( 'NONE',  ( 3.500000000000000000, 4.939586103593779143, -10.13684808343390031 ) ) ;
#782 = DIRECTION ( 'NONE',  ( -1.000000000000000000, 0.000000000000000000, 0.000000000000000000 ) ) ;
#783 = CIRCLE ( 'NONE', #1757, 11.24899999999770017 ) ;
#784 = EDGE_CURVE ( 'NONE', #3556, #1631, #741, .T. ) ;
#785 = EDGE_CURVE ( 'NONE', #3792, #3844, #4264, .T. ) ;
#786 = CIRCLE ( 'NONE', #920, 4.799999999999009503 ) ;
#787 = VERTEX_POINT ( 'NONE', #4829 ) ;
#788 = DIRECTION ( 'NONE',  ( 0.000000000000000000, 0.000000000000000000, -1.000000000000000000 ) ) ;
#789 = ORIENTED_EDGE ( 'NONE', *, *, #1303, .F. ) ;
#790 = CARTESIAN_POINT ( 'NONE',  ( 3.500000000000000000, 11.16713147563269892, 1.565367224445670002 ) ) ;
#791 = AXIS2_PLACEMENT_3D ( 'NONE', #6620, #780, #6576 ) ;
#792 = DIRECTION ( 'NONE',  ( 0.000000000000000000, 0.000000000000000000, 1.000000000000000000 ) ) ;
#793 = AXIS2_PLACEMENT_3D ( 'NONE', #7265, #5391, #6137 ) ;
#794 = FACE_OUTER_BOUND ( 'NONE', #999, .T. ) ;
#795 = PRODUCT_DEFINITION_CONTEXT ( 'detailed design', #6289, 'design' ) ;
#796 = VECTOR ( 'NONE', #5225, 1000.000000000000000 ) ;
#797 = CIRCLE ( 'NONE', #6728, 11.24899999999775879 ) ;
#798 = AXIS2_PLACEMENT_3D ( 'NONE', #735, #3718, #5480 ) ;
#799 = EDGE_CURVE ( 'NONE', #2423, #1583, #4223, .T. ) ;
#800 = ORIENTED_EDGE ( 'NONE', *, *, #51, .F. ) ;
#801 = VERTEX_POINT ( 'NONE', #1364 ) ;
#802 = ORIENTED_EDGE ( 'NONE', *, *, #3110, .F. ) ;
#803 = FACE_OUTER_BOUND ( 'NONE', #394, .T. ) ;
#804 = CARTESIAN_POINT ( 'NONE',  ( 0.000000000000000000, 11.24577273141099987, -0.2694376985534400193 ) ) ;
#805 = VERTEX_POINT ( 'NONE', #278 ) ;
#806 = AXIS2_PLACEMENT_3D ( 'NONE', #7617, #7572, #3552 ) ;
#807 = DIRECTION ( 'NONE',  ( -1.000000000000000000, 0.000000000000000000, 0.000000000000000000 ) ) ;
#808 = DIRECTION ( 'NONE',  ( 0.000000000000000000, 0.000000000000000000, 1.000000000000000000 ) ) ;
#809 = AXIS2_PLACEMENT_3D ( 'NONE', #3375, #638, #5897 ) ;
#810 = CARTESIAN_POINT ( 'NONE',  ( 4.000000000000000000, 9.256392760211298310, -6.392119685101109283 ) ) ;
#811 = ORIENTED_EDGE ( 'NONE', *, *, #3661, .F. ) ;
#812 = ORIENTED_EDGE ( 'NONE', *, *, #971, .F. ) ;
#813 = CYLINDRICAL_SURFACE ( 'NONE', #3277, 1.199999999999759925 ) ;
#814 = ORIENTED_EDGE ( 'NONE', *, *, #4112, .F. ) ;
#815 = CARTESIAN_POINT ( 'NONE',  ( 3.500000000000000000, 0.000000000000000000, 0.000000000000000000 ) ) ;
#816 = FACE_OUTER_BOUND ( 'NONE', #6593, .T. ) ;
#817 = ORIENTED_EDGE ( 'NONE', *, *, #3253, .F. ) ;
#818 = ORIENTED_EDGE ( 'NONE', *, *, #4185, .T. ) ;
#819 = DIRECTION ( 'NONE',  ( -1.000000000000000000, 0.000000000000000000, 0.000000000000000000 ) ) ;
#820 = CARTESIAN_POINT ( 'NONE',  ( 1.750000000000000000, 3.120537423421680057, -12.20746682112880066 ) ) ;
#821 = DIRECTION ( 'NONE',  ( 0.000000000000000000, 0.000000000000000000, 1.000000000000000000 ) ) ;
#822 = CARTESIAN_POINT ( 'NONE',  ( 4.000000000000000000, -11.71025399327550076, -4.650801158178289541 ) ) ;
#823 = DIRECTION ( 'NONE',  ( -1.000000000000000000, 0.000000000000000000, 0.000000000000000000 ) ) ;
#824 = EDGE_CURVE ( 'NONE', #1304, #6459, #3228, .T. ) ;
#825 = CARTESIAN_POINT ( 'NONE',  ( -10.00000000000000000, 0.000000000000000000, 0.000000000000000000 ) ) ;
#826 = AXIS2_PLACEMENT_3D ( 'NONE', #224, #2128, #6257 ) ;
#827 = ORIENTED_EDGE ( 'NONE', *, *, #4525, .F. ) ;
#828 = CARTESIAN_POINT ( 'NONE',  ( 0.000000000000000000, -10.66064884975999938, 3.675019189548059728 ) ) ;
#829 = CARTESIAN_POINT ( 'NONE',  ( 3.500000000000000000, 0.000000000000000000, 0.000000000000000000 ) ) ;
#830 = ORIENTED_EDGE ( 'NONE', *, *, #3571, .F. ) ;
#831 = DIRECTION ( 'NONE',  ( 1.000000000000000000, 0.000000000000000000, 0.000000000000000000 ) ) ;
#832 = DIRECTION ( 'NONE',  ( -1.000000000000000000, 0.000000000000000000, 0.000000000000000000 ) ) ;
#833 = EDGE_CURVE ( 'NONE', #2079, #4960, #1131, .T. ) ;
#834 = DIRECTION ( 'NONE',  ( 0.000000000000000000, 0.000000000000000000, 1.000000000000000000 ) ) ;
#835 = ADVANCED_FACE ( 'NONE', ( #6072 ), #3182, .T. ) ;
#836 = EDGE_LOOP ( 'NONE', ( #3469, #1931, #6111, #4588 ) ) ;
#837 = ORIENTED_EDGE ( 'NONE', *, *, #1123, .F. ) ;
#838 = VERTEX_POINT ( 'NONE', #2551 ) ;
#839 = DIRECTION ( 'NONE',  ( 1.000000000000000000, 0.000000000000000000, 0.000000000000000000 ) ) ;
#840 = CIRCLE ( 'NONE', #7391, 1.199999999999761480 ) ;
#841 = CYLINDRICAL_SURFACE ( 'NONE', #1720, 4.799999999999039701 ) ;
#842 = ORIENTED_EDGE ( 'NONE', *, *, #7345, .T. ) ;
#843 = DIRECTION ( 'NONE',  ( 1.000000000000000000, 0.000000000000000000, 0.000000000000000000 ) ) ;
#844 = EDGE_CURVE ( 'NONE', #16, #3922, #3486, .T. ) ;
#845 = VECTOR ( 'NONE', #4244, 1000.000000000000000 ) ;
#846 = CARTESIAN_POINT ( 'NONE',  ( 0.000000000000000000, 0.000000000000000000, 0.000000000000000000 ) ) ;
#847 = VECTOR ( 'NONE', #1624, 1000.000000000000000 ) ;
#848 = VECTOR ( 'NONE', #330, 1000.000000000000000 ) ;
#849 = DIRECTION ( 'NONE',  ( -1.000000000000000000, 0.000000000000000000, 0.000000000000000000 ) ) ;
#850 = ORIENTED_EDGE ( 'NONE', *, *, #4103, .F. ) ;
#851 = CYLINDRICAL_SURFACE ( 'NONE', #982, 4.799999999999039701 ) ;
#852 = AXIS2_PLACEMENT_3D ( 'NONE', #7526, #7306, #6183 ) ;
#853 = DIRECTION ( 'NONE',  ( 0.000000000000000000, 0.000000000000000000, -1.000000000000000000 ) ) ;
#854 = VECTOR ( 'NONE', #3366, 1000.000000000000000 ) ;
#855 = DIRECTION ( 'NONE',  ( -1.000000000000000000, 0.000000000000000000, 0.000000000000000000 ) ) ;
#856 = DIRECTION ( 'NONE',  ( 0.000000000000000000, 0.000000000000000000, 1.000000000000000000 ) ) ;
#857 = CIRCLE ( 'NONE', #3699, 1.500000000000000000 ) ;
#858 = ORIENTED_EDGE ( 'NONE', *, *, #5765, .F. ) ;
#859 = ORIENTED_EDGE ( 'NONE', *, *, #6282, .F. ) ;
#860 = DIRECTION ( 'NONE',  ( -1.000000000000000000, 0.000000000000000000, 0.000000000000000000 ) ) ;
#861 = CYLINDRICAL_SURFACE ( 'NONE', #1387, 4.799999999999039701 ) ;
#862 = DIRECTION ( 'NONE',  ( 0.000000000000000000, 0.000000000000000000, -1.000000000000000000 ) ) ;
#863 = LINE ( 'NONE', #1564, #6974 ) ;
#864 = DIRECTION ( 'NONE',  ( -1.000000000000000000, 0.000000000000000000, 0.000000000000000000 ) ) ;
#865 = AXIS2_PLACEMENT_3D ( 'NONE', #1966, #2665, #3826 ) ;
#866 = ADVANCED_FACE ( 'NONE', ( #5570 ), #7197, .T. ) ;
#867 = EDGE_LOOP ( 'NONE', ( #2489, #7620, #2831, #2496 ) ) ;
#868 = CARTESIAN_POINT ( 'NONE',  ( -10.00000000000000000, 0.000000000000000000, 0.000000000000000000 ) ) ;
#869 = CIRCLE ( 'NONE', #7167, 4.799999999999038813 ) ;
#870 = CARTESIAN_POINT ( 'NONE',  ( 4.000000000000000000, 8.142483381818019339, -7.761440934308960315 ) ) ;
#871 = ORIENTED_EDGE ( 'NONE', *, *, #5975, .F. ) ;
#872 = DIRECTION ( 'NONE',  ( 1.000000000000000000, 0.000000000000000000, 0.000000000000000000 ) ) ;
#873 = CARTESIAN_POINT ( 'NONE',  ( 0.000000000000000000, 2.761654759435640205, 12.29362692575399940 ) ) ;
#874 = CARTESIAN_POINT ( 'NONE',  ( 4.000000000000000000, 0.2694376985533885049, 11.24577273141099987 ) ) ;
#875 = VECTOR ( 'NONE', #1270, 1000.000000000000000 ) ;
#876 = VERTEX_POINT ( 'NONE', #2477 ) ;
#877 = ORIENTED_EDGE ( 'NONE', *, *, #6951, .F. ) ;
#878 = VERTEX_POINT ( 'NONE', #777 ) ;
#879 = DIRECTION ( 'NONE',  ( 1.000000000000000000, 0.000000000000000000, 0.000000000000000000 ) ) ;
#880 = CARTESIAN_POINT ( 'NONE',  ( 4.000000000000000000, -9.239325152756039827, -6.464524009011389793 ) ) ;
#881 = ORIENTED_EDGE ( 'NONE', *, *, #3067, .F. ) ;
#882 = CYLINDRICAL_SURFACE ( 'NONE', #7580, 4.799999999999039701 ) ;
#883 = CARTESIAN_POINT ( 'NONE',  ( 4.000000000000000000, 0.000000000000000000, 0.000000000000000000 ) ) ;
#884 = DIRECTION ( 'NONE',  ( -1.000000000000000000, 0.000000000000000000, 0.000000000000000000 ) ) ;
#885 = EDGE_CURVE ( 'NONE', #5903, #5818, #7183, .T. ) ;
#886 = ORIENTED_EDGE ( 'NONE', *, *, #7367, .F. ) ;
#887 = EDGE_CURVE ( 'NONE', #1631, #6292, #6066, .T. ) ;
#888 = FACE_OUTER_BOUND ( 'NONE', #6656, .T. ) ;
#889 = ORIENTED_EDGE ( 'NONE', *, *, #6511, .T. ) ;
#890 = CARTESIAN_POINT ( 'NONE',  ( 3.500000000000000000, -0.2694376985534799873, 11.24577273141099987 ) ) ;
#891 = DIRECTION ( 'NONE',  ( 1.000000000000000000, 0.000000000000000000, 0.000000000000000000 ) ) ;
#892 = CARTESIAN_POINT ( 'NONE',  ( 0.000000000000000000, 8.939649748968628629, -6.828079039211130130 ) ) ;
#893 = EDGE_LOOP ( 'NONE', ( #7336, #4163, #3700, #6299 ) ) ;
#894 = ORIENTED_EDGE ( 'NONE', *, *, #2995, .T. ) ;
#895 = EDGE_CURVE ( 'NONE', #2120, #7173, #135, .T. ) ;
#896 = VERTEX_POINT ( 'NONE', #7314 ) ;
#897 = CYLINDRICAL_SURFACE ( 'NONE', #352, 4.799999999999039701 ) ;
#898 = CARTESIAN_POINT ( 'NONE',  ( 0.000000000000000000, -10.66064884975989990, -3.675019189548209830 ) ) ;
#899 = CYLINDRICAL_SURFACE ( 'NONE', #6863, 11.24899999999770017 ) ;
#900 = CARTESIAN_POINT ( 'NONE',  ( 0.000000000000000000, 6.938893903907229640E-14, 1.179611963664229834E-13 ) ) ;
#901 = DIRECTION ( 'NONE',  ( -1.000000000000000000, 0.000000000000000000, 0.000000000000000000 ) ) ;
#902 = DIRECTION ( 'NONE',  ( -1.000000000000000000, 0.000000000000000000, 0.000000000000000000 ) ) ;
#903 = VERTEX_POINT ( 'NONE', #6658 ) ;
#904 = CARTESIAN_POINT ( 'NONE',  ( 0.000000000000000000, -6.464524009011360484, 9.239325152756059367 ) ) ;
#905 = CIRCLE ( 'NONE', #6578, 11.24899999999771971 ) ;
#906 = CARTESIAN_POINT ( 'NONE',  ( 3.500000000000000000, -8.142483381817967825, 7.761440934309010053 ) ) ;
#907 = VERTEX_POINT ( 'NONE', #5487 ) ;
#908 = DIRECTION ( 'NONE',  ( 0.000000000000000000, 0.000000000000000000, -1.000000000000000000 ) ) ;
#909 = AXIS2_PLACEMENT_3D ( 'NONE', #696, #1783, #7051 ) ;
#910 = DIRECTION ( 'NONE',  ( 1.000000000000000000, 0.000000000000000000, 0.000000000000000000 ) ) ;
#911 = CARTESIAN_POINT ( 'NONE',  ( 1.750000000000000000, 6.425429397282219846, 10.83853574337780046 ) ) ;
#912 = VERTEX_POINT ( 'NONE', #5526 ) ;
#913 = ORIENTED_EDGE ( 'NONE', *, *, #2542, .T. ) ;
#914 = VECTOR ( 'NONE', #1418, 1000.000000000000000 ) ;
#915 = AXIS2_PLACEMENT_3D ( 'NONE', #558, #4269, #705 ) ;
#916 = ORIENTED_EDGE ( 'NONE', *, *, #2493, .T. ) ;
#917 = DIRECTION ( 'NONE',  ( 0.000000000000000000, 0.000000000000000000, 1.000000000000000000 ) ) ;
#918 = DIRECTION ( 'NONE',  ( -1.000000000000000000, 0.000000000000000000, 0.000000000000000000 ) ) ;
#919 = VERTEX_POINT ( 'NONE', #195 ) ;
#920 = AXIS2_PLACEMENT_3D ( 'NONE', #7246, #2446, #1950 ) ;
#921 = DIRECTION ( 'NONE',  ( 0.000000000000000000, 0.000000000000000000, 1.000000000000000000 ) ) ;
#922 = CARTESIAN_POINT ( 'NONE',  ( 1.750000000000000000, 4.991786971164040132, -11.56901304495999838 ) ) ;
#923 = CIRCLE ( 'NONE', #4255, 4.799999999999039701 ) ;
#924 = AXIS2_PLACEMENT_3D ( 'NONE', #2724, #7437, #5573 ) ;
#925 = AXIS2_PLACEMENT_3D ( 'NONE', #3501, #1831, #5333 ) ;
#926 = DIRECTION ( 'NONE',  ( 0.000000000000000000, 0.000000000000000000, 1.000000000000000000 ) ) ;
#927 = VERTEX_POINT ( 'NONE', #1399 ) ;
#928 = CIRCLE ( 'NONE', #3152, 4.799999999999039701 ) ;
#929 = CYLINDRICAL_SURFACE ( 'NONE', #2937, 4.799999999999039701 ) ;
#930 = CIRCLE ( 'NONE', #1536, 11.24899999999773925 ) ;
#931 = CYLINDRICAL_SURFACE ( 'NONE', #4621, 4.799999999999039701 ) ;
#932 = CARTESIAN_POINT ( 'NONE',  ( 4.000000000000000000, 3.675019189548100140, 10.66064884975999938 ) ) ;
#933 = CARTESIAN_POINT ( 'NONE',  ( 4.000000000000000000, 0.2008292820900360043, -11.27452294072310046 ) ) ;
#934 = EDGE_CURVE ( 'NONE', #3045, #2407, #5081, .T. ) ;
#935 = EDGE_CURVE ( 'NONE', #209, #6380, #5822, .T. ) ;
#936 = AXIS2_PLACEMENT_3D ( 'NONE', #1298, #2454, #6009 ) ;
#937 = ORIENTED_EDGE ( 'NONE', *, *, #6746, .F. ) ;
#938 = EDGE_LOOP ( 'NONE', ( #4868, #6324, #84, #1069 ) ) ;
#939 = ORIENTED_EDGE ( 'NONE', *, *, #3581, .F. ) ;
#940 = DIRECTION ( 'NONE',  ( 1.000000000000000000, 0.000000000000000000, 0.000000000000000000 ) ) ;
#941 = CARTESIAN_POINT ( 'NONE',  ( 4.000000000000000000, 1.962080705186249885, -11.10429823301639907 ) ) ;
#942 = FACE_OUTER_BOUND ( 'NONE', #3881, .T. ) ;
#943 = DIRECTION ( 'NONE',  ( -1.000000000000000000, 0.000000000000000000, 0.000000000000000000 ) ) ;
#944 = EDGE_CURVE ( 'NONE', #7564, #5237, #1466, .T. ) ;
#945 = CIRCLE ( 'NONE', #4276, 4.799999999999039701 ) ;
#946 = ORIENTED_EDGE ( 'NONE', *, *, #186, .F. ) ;
#947 = CARTESIAN_POINT ( 'NONE',  ( 0.000000000000000000, 10.78476817202770022, 3.293019194759300383 ) ) ;
#948 = DIRECTION ( 'NONE',  ( 0.000000000000000000, 0.000000000000000000, -1.000000000000000000 ) ) ;
#949 = VERTEX_POINT ( 'NONE', #4413 ) ;
#950 = LINE ( 'NONE', #6246, #4206 ) ;
#951 = DIRECTION ( 'NONE',  ( 0.000000000000000000, 0.000000000000000000, -1.000000000000000000 ) ) ;
#952 = DIRECTION ( 'NONE',  ( -1.000000000000000000, 0.000000000000000000, 0.000000000000000000 ) ) ;
#953 = ORIENTED_EDGE ( 'NONE', *, *, #3293, .T. ) ;
#954 = VERTEX_POINT ( 'NONE', #1012 ) ;
#955 = VERTEX_POINT ( 'NONE', #5065 ) ;
#956 = DIRECTION ( 'NONE',  ( 0.000000000000000000, -0.5877852522924622569, -0.8090169943749552228 ) ) ;
#957 = DIRECTION ( 'NONE',  ( 0.000000000000000000, 0.000000000000000000, 1.000000000000000000 ) ) ;
#958 = ORIENTED_EDGE ( 'NONE', *, *, #1169, .F. ) ;
#959 = CARTESIAN_POINT ( 'NONE',  ( 4.000000000000000000, 0.8045072551093550572, -12.57428996311180036 ) ) ;
#960 = CARTESIAN_POINT ( 'NONE',  ( -6.450000000000000178, 6.938893903907229640E-14, 1.179611963664229834E-13 ) ) ;
#961 = ORIENTED_EDGE ( 'NONE', *, *, #2486, .F. ) ;
#962 = DIRECTION ( 'NONE',  ( -1.000000000000000000, 0.000000000000000000, 0.000000000000000000 ) ) ;
#963 = DIRECTION ( 'NONE',  ( 0.000000000000000000, 0.000000000000000000, 1.000000000000000000 ) ) ;
#964 = CYLINDRICAL_SURFACE ( 'NONE', #4384, 11.24899999999770017 ) ;
#965 = ORIENTED_EDGE ( 'NONE', *, *, #4248, .T. ) ;
#966 = DIRECTION ( 'NONE',  ( 0.000000000000000000, 0.000000000000000000, -1.000000000000000000 ) ) ;
#967 = AXIS2_PLACEMENT_3D ( 'NONE', #5156, #4, #2846 ) ;
#968 = ORIENTED_EDGE ( 'NONE', *, *, #3241, .T. ) ;
#969 = EDGE_LOOP ( 'NONE', ( #3167, #7290, #1985, #3594 ) ) ;
#970 = VECTOR ( 'NONE', #479, 1000.000000000000000 ) ;
#971 = EDGE_CURVE ( 'NONE', #2167, #4131, #5521, .T. ) ;
#972 = EDGE_CURVE ( 'NONE', #2287, #6560, #4063, .T. ) ;
#973 = AXIS2_PLACEMENT_3D ( 'NONE', #3298, #346, #5016 ) ;
#974 = ORIENTED_EDGE ( 'NONE', *, *, #7216, .T. ) ;
#975 = DIRECTION ( 'NONE',  ( 0.000000000000000000, 0.000000000000000000, 1.000000000000000000 ) ) ;
#976 = ADVANCED_FACE ( 'NONE', ( #6339 ), #3380, .T. ) ;
#977 = CARTESIAN_POINT ( 'NONE',  ( 0.000000000000000000, -12.20746682112880066, -3.120537423421630319 ) ) ;
#978 = ORIENTED_EDGE ( 'NONE', *, *, #2021, .T. ) ;
#979 = LINE ( 'NONE', #5026, #3759 ) ;
#980 = LINE ( 'NONE', #5769, #2138 ) ;
#981 = SHAPE_DEFINITION_REPRESENTATION ( #4607, #7012 ) ;
#982 = AXIS2_PLACEMENT_3D ( 'NONE', #313, #4970, #6573 ) ;
#983 = AXIS2_PLACEMENT_3D ( 'NONE', #1680, #4003, #991 ) ;
#984 = AXIS2_PLACEMENT_3D ( 'NONE', #2816, #4590, #1622 ) ;
#985 = EDGE_CURVE ( 'NONE', #5503, #2693, #3423, .T. ) ;
#986 = VERTEX_POINT ( 'NONE', #6934 ) ;
#987 = CARTESIAN_POINT ( 'NONE',  ( 0.000000000000000000, -2.815982290881379857, -1.332074728020442134 ) ) ;
#988 = EDGE_CURVE ( 'NONE', #4669, #425, #5650, .T. ) ;
#989 = AXIS2_PLACEMENT_3D ( 'NONE', #5432, #6682, #7187 ) ;
#990 = DIRECTION ( 'NONE',  ( 0.000000000000000000, 0.000000000000000000, 1.000000000000000000 ) ) ;
#991 = DIRECTION ( 'NONE',  ( 0.000000000000000000, 0.000000000000000000, 1.000000000000000000 ) ) ;
#992 = DIRECTION ( 'NONE',  ( -1.000000000000000000, 0.000000000000000000, 0.000000000000000000 ) ) ;
#993 = ORIENTED_EDGE ( 'NONE', *, *, #2485, .F. ) ;
#994 = DIRECTION ( 'NONE',  ( -1.000000000000000000, 0.000000000000000000, 0.000000000000000000 ) ) ;
#995 = FACE_OUTER_BOUND ( 'NONE', #4343, .T. ) ;
#996 = EDGE_LOOP ( 'NONE', ( #7455, #6716, #5444, #4961 ) ) ;
#997 = ORIENTED_EDGE ( 'NONE', *, *, #2405, .F. ) ;
#998 = ADVANCED_FACE ( 'NONE', ( #1596 ), #1485, .T. ) ;
#999 = EDGE_LOOP ( 'NONE', ( #7274, #2682, #7117, #6992 ) ) ;
#1000 = LINE ( 'NONE', #5238, #1359 ) ;
#1001 = CARTESIAN_POINT ( 'NONE',  ( -7.000000000000000000, 6.938893903907229640E-14, 1.179611963664229834E-13 ) ) ;
#1002 = VERTEX_POINT ( 'NONE', #3342 ) ;
#1003 = DIRECTION ( 'NONE',  ( 0.000000000000000000, 0.000000000000000000, -1.000000000000000000 ) ) ;
#1004 = ORIENTED_EDGE ( 'NONE', *, *, #2578, .T. ) ;
#1005 = EDGE_LOOP ( 'NONE', ( #537, #5070, #2962, #4649 ) ) ;
#1006 = CARTESIAN_POINT ( 'NONE',  ( 3.500000000000000000, 3.293019194759259971, -10.78476817202770022 ) ) ;
#1007 = DIRECTION ( 'NONE',  ( 0.000000000000000000, 0.000000000000000000, 1.000000000000000000 ) ) ;
#1008 = CARTESIAN_POINT ( 'NONE',  ( 4.000000000000000000, 10.66064884975999938, -3.675019189547990006 ) ) ;
#1009 = CARTESIAN_POINT ( 'NONE',  ( 50.00005080000000390, 0.000000000000000000, 1.500000000000000000 ) ) ;
#1010 = ORIENTED_EDGE ( 'NONE', *, *, #7216, .F. ) ;
#1011 = VERTEX_POINT ( 'NONE', #2103 ) ;
#1012 = CARTESIAN_POINT ( 'NONE',  ( 0.000000000000000000, 11.49673527345744084, -3.223302876579280163 ) ) ;
#1013 = FACE_OUTER_BOUND ( 'NONE', #1188, .T. ) ;
#1014 = CARTESIAN_POINT ( 'NONE',  ( 0.000000000000000000, -1.172449887844450034, -12.54533224990199969 ) ) ;
#1015 = CARTESIAN_POINT ( 'NONE',  ( 0.000000000000000000, 3.731385367829159971, 10.61210460920450060 ) ) ;
#1016 = ADVANCED_FACE ( 'NONE', ( #1633 ), #897, .T. ) ;
#1017 = AXIS2_PLACEMENT_3D ( 'NONE', #5883, #5260, #3569 ) ;
#1018 = ORIENTED_EDGE ( 'NONE', *, *, #2908, .F. ) ;
#1019 = CARTESIAN_POINT ( 'NONE',  ( 0.000000000000000000, -10.83853574337780046, 6.425429397282179877 ) ) ;
#1020 = DIRECTION ( 'NONE',  ( 0.000000000000000000, 0.000000000000000000, -1.000000000000000000 ) ) ;
#1021 = CYLINDRICAL_SURFACE ( 'NONE', #6288, 12.59999999999749853 ) ;
#1022 = LINE ( 'NONE', #2150, #1241 ) ;
#1023 = DIRECTION ( 'NONE',  ( -1.000000000000000000, 0.000000000000000000, 0.000000000000000000 ) ) ;
#1024 = CARTESIAN_POINT ( 'NONE',  ( 0.000000000000000000, 10.66064884975999938, -3.675019189547990006 ) ) ;
#1025 = EDGE_CURVE ( 'NONE', #1541, #5369, #5779, .T. ) ;
#1026 = ADVANCED_FACE ( 'NONE', ( #2062 ), #2721, .T. ) ;
#1027 = EDGE_CURVE ( 'NONE', #208, #5689, #4178, .T. ) ;
#1028 = ORIENTED_EDGE ( 'NONE', *, *, #4481, .T. ) ;
#1029 = ORIENTED_EDGE ( 'NONE', *, *, #2790, .T. ) ;
#1030 = EDGE_LOOP ( 'NONE', ( #7305, #4813, #2964, #5182 ) ) ;
#1031 = CARTESIAN_POINT ( 'NONE',  ( 1.750000000000000000, -0.8045072551092400381, 12.57428996311180036 ) ) ;
#1032 = DIRECTION ( 'NONE',  ( -1.000000000000000000, 0.000000000000000000, 0.000000000000000000 ) ) ;
#1033 = ORIENTED_EDGE ( 'NONE', *, *, #733, .F. ) ;
#1034 = ADVANCED_FACE ( 'NONE', ( #5024 ), #395, .T. ) ;
#1035 = ADVANCED_FACE ( 'NONE', ( #440 ), #3306, .T. ) ;
#1036 = VERTEX_POINT ( 'NONE', #4490 ) ;
#1037 = AXIS2_PLACEMENT_3D ( 'NONE', #5011, #4440, #6176 ) ;
#1038 = ORIENTED_EDGE ( 'NONE', *, *, #1088, .F. ) ;
#1039 = CYLINDRICAL_SURFACE ( 'NONE', #5040, 4.799999999999039701 ) ;
#1040 = DIRECTION ( 'NONE',  ( 0.000000000000000000, 0.000000000000000000, 1.000000000000000000 ) ) ;
#1041 = VECTOR ( 'NONE', #1286, 1000.000000000000000 ) ;
#1042 = DIRECTION ( 'NONE',  ( -1.000000000000000000, 0.000000000000000000, 0.000000000000000000 ) ) ;
#1043 = CARTESIAN_POINT ( 'NONE',  ( 3.500000000000000000, 7.830283878802059228, -8.114299373255079217 ) ) ;
#1044 = AXIS2_PLACEMENT_3D ( 'NONE', #1990, #2609, #4874 ) ;
#1045 = CIRCLE ( 'NONE', #3283, 11.24899999999769662 ) ;
#1046 = AXIS2_PLACEMENT_3D ( 'NONE', #5096, #7388, #6184 ) ;
#1047 = ORIENTED_EDGE ( 'NONE', *, *, #2221, .F. ) ;
#1048 = EDGE_CURVE ( 'NONE', #787, #5554, #91, .T. ) ;
#1049 = ORIENTED_EDGE ( 'NONE', *, *, #4646, .T. ) ;
#1050 = VECTOR ( 'NONE', #5186, 1000.000000000000000 ) ;
#1051 = AXIS2_PLACEMENT_3D ( 'NONE', #6144, #855, #3223 ) ;
#1052 = DIRECTION ( 'NONE',  ( -1.000000000000000000, 0.000000000000000000, 0.000000000000000000 ) ) ;
#1053 = FACE_OUTER_BOUND ( 'NONE', #6402, .T. ) ;
#1054 = VERTEX_POINT ( 'NONE', #2181 ) ;
#1055 = AXIS2_PLACEMENT_3D ( 'NONE', #941, #5107, #441 ) ;
#1056 = DIRECTION ( 'NONE',  ( -1.000000000000000000, 0.000000000000000000, 0.000000000000000000 ) ) ;
#1057 = CARTESIAN_POINT ( 'NONE',  ( 3.500000000000000000, -1.565367224445399996, -11.16713147563269892 ) ) ;
#1058 = AXIS2_PLACEMENT_3D ( 'NONE', #3116, #6714, #1455 ) ;
#1059 = ORIENTED_EDGE ( 'NONE', *, *, #6935, .F. ) ;
#1060 = ORIENTED_EDGE ( 'NONE', *, *, #731, .T. ) ;
#1061 = LINE ( 'NONE', #4535, #592 ) ;
#1062 = CARTESIAN_POINT ( 'NONE',  ( 4.000000000000000000, 0.000000000000000000, 0.000000000000000000 ) ) ;
#1063 = DIRECTION ( 'NONE',  ( 0.000000000000000000, 0.000000000000000000, 1.000000000000000000 ) ) ;
#1064 = FACE_OUTER_BOUND ( 'NONE', #1271, .T. ) ;
#1065 = CYLINDRICAL_SURFACE ( 'NONE', #1951, 1.500000000000000000 ) ;
#1066 = CARTESIAN_POINT ( 'NONE',  ( 4.000000000000000000, 10.14237902864180008, 4.865403235017240036 ) ) ;
#1067 = CYLINDRICAL_SURFACE ( 'NONE', #5341, 4.799999999999040590 ) ;
#1068 = ORIENTED_EDGE ( 'NONE', *, *, #2602, .T. ) ;
#1069 = ORIENTED_EDGE ( 'NONE', *, *, #1639, .F. ) ;
#1070 = ORIENTED_EDGE ( 'NONE', *, *, #5832, .T. ) ;
#1071 = ORIENTED_EDGE ( 'NONE', *, *, #2382, .T. ) ;
#1072 = CARTESIAN_POINT ( 'NONE',  ( 0.000000000000000000, -9.003236172274259985, 6.789472613368989329 ) ) ;
#1073 = EDGE_CURVE ( 'NONE', #2680, #6060, #2142, .T. ) ;
#1074 = EDGE_CURVE ( 'NONE', #2242, #5747, #2562, .T. ) ;
#1075 = CARTESIAN_POINT ( 'NONE',  ( 3.500000000000000000, -3.293019194759180035, 10.78476817202770022 ) ) ;
#1076 = VECTOR ( 'NONE', #884, 1000.000000000000000 ) ;
#1077 = ORIENTED_EDGE ( 'NONE', *, *, #7463, .T. ) ;
#1078 = ORIENTED_EDGE ( 'NONE', *, *, #3919, .F. ) ;
#1079 = EDGE_CURVE ( 'NONE', #3491, #523, #3557, .T. ) ;
#1080 = CARTESIAN_POINT ( 'NONE',  ( 3.500000000000000000, 0.000000000000000000, 0.000000000000000000 ) ) ;
#1081 = ORIENTED_EDGE ( 'NONE', *, *, #3445, .F. ) ;
#1082 = DIRECTION ( 'NONE',  ( -1.000000000000000000, 0.000000000000000000, 0.000000000000000000 ) ) ;
#1083 = DIRECTION ( 'NONE',  ( 1.000000000000000000, 0.000000000000000000, 0.000000000000000000 ) ) ;
#1084 = VERTEX_POINT ( 'NONE', #5872 ) ;
#1085 = ORIENTED_EDGE ( 'NONE', *, *, #3919, .T. ) ;
#1086 = EDGE_CURVE ( 'NONE', #1942, #5426, #4422, .T. ) ;
#1087 = LINE ( 'NONE', #97, #2707 ) ;
#1088 = EDGE_CURVE ( 'NONE', #4424, #3548, #3191, .T. ) ;
#1089 = DIRECTION ( 'NONE',  ( 0.000000000000000000, 0.000000000000000000, -1.000000000000000000 ) ) ;
#1090 = AXIS2_PLACEMENT_3D ( 'NONE', #588, #2371, #4583 ) ;
#1091 = CARTESIAN_POINT ( 'NONE',  ( -7.000000000000000000, -2.220648660249819883, 0.3559782686182265121 ) ) ;
#1092 = CARTESIAN_POINT ( 'NONE',  ( 3.500000000000000000, -11.16713147563269892, -1.565367224445599836 ) ) ;
#1093 = AXIS2_PLACEMENT_3D ( 'NONE', #2934, #5213, #7223 ) ;
#1094 = AXIS2_PLACEMENT_3D ( 'NONE', #2804, #2841, #6198 ) ;
#1095 = AXIS2_PLACEMENT_3D ( 'NONE', #3837, #3173, #4190 ) ;
#1096 = ORIENTED_EDGE ( 'NONE', *, *, #4895, .T. ) ;
#1097 = CARTESIAN_POINT ( 'NONE',  ( 3.500000000000000000, 0.000000000000000000, 0.000000000000000000 ) ) ;
#1098 = FACE_OUTER_BOUND ( 'NONE', #2365, .T. ) ;
#1099 = CARTESIAN_POINT ( 'NONE',  ( 4.000000000000000000, 11.27452294072310046, 5.000829282088959715 ) ) ;
#1100 = CARTESIAN_POINT ( 'NONE',  ( -6.450000000000000178, -2.200545951850770177, 1.762043560793254970 ) ) ;
#1101 = CARTESIAN_POINT ( 'NONE',  ( 3.500000000000000000, 10.78476817202770022, 3.293019194759300383 ) ) ;
#1102 = CIRCLE ( 'NONE', #4554, 12.59999999999749853 ) ;
#1103 = DIRECTION ( 'NONE',  ( -1.000000000000000000, 0.000000000000000000, 0.000000000000000000 ) ) ;
#1104 = AXIS2_PLACEMENT_3D ( 'NONE', #5389, #1306, #4849 ) ;
#1105 = DIRECTION ( 'NONE',  ( 0.000000000000000000, 0.000000000000000000, 1.000000000000000000 ) ) ;
#1106 = ORIENTED_EDGE ( 'NONE', *, *, #1862, .F. ) ;
#1107 = VECTOR ( 'NONE', #3421, 1000.000000000000000 ) ;
#1108 = VECTOR ( 'NONE', #7135, 1000.000000000000000 ) ;
#1109 = ORIENTED_EDGE ( 'NONE', *, *, #7457, .T. ) ;
#1110 = ORIENTED_EDGE ( 'NONE', *, *, #385, .T. ) ;
#1111 = CARTESIAN_POINT ( 'NONE',  ( 1.750000000000000000, 6.740122156885210103, -10.64569177227120100 ) ) ;
#1112 = DIRECTION ( 'NONE',  ( -1.000000000000000000, 0.000000000000000000, 0.000000000000000000 ) ) ;
#1113 = AXIS2_PLACEMENT_3D ( 'NONE', #3289, #5465, #3787 ) ;
#1114 = EDGE_CURVE ( 'NONE', #3602, #6055, #1886, .T. ) ;
#1115 = VERTEX_POINT ( 'NONE', #7578 ) ;
#1116 = ORIENTED_EDGE ( 'NONE', *, *, #5079, .F. ) ;
#1117 = EDGE_LOOP ( 'NONE', ( #43, #3245, #2255, #6132 ) ) ;
#1118 = DIRECTION ( 'NONE',  ( -1.000000000000000000, 0.000000000000000000, 0.000000000000000000 ) ) ;
#1119 = CARTESIAN_POINT ( 'NONE',  ( 0.000000000000000000, 0.7445758530192119196, 2.718971643000560157 ) ) ;
#1120 = DIRECTION ( 'NONE',  ( -1.000000000000000000, 0.000000000000000000, 0.000000000000000000 ) ) ;
#1121 = EDGE_CURVE ( 'NONE', #4897, #3139, #7138, .T. ) ;
#1122 = AXIS2_PLACEMENT_3D ( 'NONE', #4175, #3598, #2503 ) ;
#1123 = EDGE_CURVE ( 'NONE', #495, #7591, #5660, .T. ) ;
#1124 = ORIENTED_EDGE ( 'NONE', *, *, #944, .F. ) ;
#1125 = CARTESIAN_POINT ( 'NONE',  ( 3.500000000000000000, -4.865403235017290662, 10.14237902864180008 ) ) ;
#1126 = DIRECTION ( 'NONE',  ( 1.000000000000000000, 0.000000000000000000, 0.000000000000000000 ) ) ;
#1127 = CARTESIAN_POINT ( 'NONE',  ( 4.000000000000000000, 11.27452294072310046, -0.2008292820897600028 ) ) ;
#1128 = DIRECTION ( 'NONE',  ( 1.000000000000000000, 0.000000000000000000, 0.000000000000000000 ) ) ;
#1129 = ADVANCED_FACE ( 'NONE', ( #506 ), #3527, .T. ) ;
#1130 = VECTOR ( 'NONE', #3431, 1000.000000000000000 ) ;
#1131 = CIRCLE ( 'NONE', #5440, 12.59999999999745945 ) ;
#1132 = ORIENTED_EDGE ( 'NONE', *, *, #7410, .F. ) ;
#1133 = CARTESIAN_POINT ( 'NONE',  ( -7.000000000000000000, -2.058247931882010384, 2.953576721688234930 ) ) ;
#1134 = CYLINDRICAL_SURFACE ( 'NONE', #4915, 1.199999999999763922 ) ;
#1135 = VERTEX_POINT ( 'NONE', #4034 ) ;
#1136 = CARTESIAN_POINT ( 'NONE',  ( 0.000000000000000000, 3.445051977127905118, -1.044804706575420017 ) ) ;
#1137 = DIRECTION ( 'NONE',  ( 1.000000000000000000, 0.000000000000000000, 0.000000000000000000 ) ) ;
#1138 = LINE ( 'NONE', #1253, #6341 ) ;
#1139 = CARTESIAN_POINT ( 'NONE',  ( 0.000000000000000000, -2.355809106513079954, 1.548342161800734917 ) ) ;
#1140 = AXIS2_PLACEMENT_3D ( 'NONE', #742, #34, #6574 ) ;
#1141 = AXIS2_PLACEMENT_3D ( 'NONE', #7438, #444, #4602 ) ;
#1142 = EDGE_LOOP ( 'NONE', ( #4884, #2679, #319, #5749 ) ) ;
#1143 = ORIENTED_EDGE ( 'NONE', *, *, #1025, .T. ) ;
#1144 = EDGE_LOOP ( 'NONE', ( #1649, #1839, #3582, #6046 ) ) ;
#1145 = CARTESIAN_POINT ( 'NONE',  ( 4.000000000000000000, -8.041842239847690976, 9.699936772440230115 ) ) ;
#1146 = CARTESIAN_POINT ( 'NONE',  ( 3.500000000000000000, -11.16713147563269892, 1.565367224445439964 ) ) ;
#1147 = AXIS2_PLACEMENT_3D ( 'NONE', #7664, #5952, #3462 ) ;
#1148 = EDGE_LOOP ( 'NONE', ( #3413, #3189, #5800, #3340 ) ) ;
#1149 = ORIENTED_EDGE ( 'NONE', *, *, #5651, .F. ) ;
#1150 = VERTEX_POINT ( 'NONE', #6596 ) ;
#1151 = DIRECTION ( 'NONE',  ( -1.000000000000000000, 0.000000000000000000, 0.000000000000000000 ) ) ;
#1152 = EDGE_CURVE ( 'NONE', #495, #6560, #6397, .T. ) ;
#1153 = CARTESIAN_POINT ( 'NONE',  ( -6.450000000000000178, 2.815982290881520189, 0.1320747280209413899 ) ) ;
#1154 = CYLINDRICAL_SURFACE ( 'NONE', #730, 1.199999999999759925 ) ;
#1155 = CIRCLE ( 'NONE', #5468, 4.799999999999029932 ) ;
#1156 = ORIENTED_EDGE ( 'NONE', *, *, #1254, .F. ) ;
#1157 = CYLINDRICAL_SURFACE ( 'NONE', #5033, 12.59999999999749853 ) ;
#1158 = CIRCLE ( 'NONE', #6858, 12.59999999999745945 ) ;
#1159 = AXIS2_PLACEMENT_3D ( 'NONE', #6762, #1103, #4965 ) ;
#1160 = DIRECTION ( 'NONE',  ( 0.000000000000000000, 0.000000000000000000, -1.000000000000000000 ) ) ;
#1161 = ADVANCED_FACE ( 'NONE', ( #3665 ), #1157, .T. ) ;
#1162 = ORIENTED_EDGE ( 'NONE', *, *, #2257, .T. ) ;
#1163 = EDGE_CURVE ( 'NONE', #2719, #16, #714, .T. ) ;
#1164 = CARTESIAN_POINT ( 'NONE',  ( -7.000000000000000000, 2.815982290881520189, -1.332074728020415932 ) ) ;
#1165 = FACE_OUTER_BOUND ( 'NONE', #1381, .T. ) ;
#1166 = CIRCLE ( 'NONE', #4498, 11.24899999999769840 ) ;
#1167 = AXIS2_PLACEMENT_3D ( 'NONE', #7081, #5290, #1780 ) ;
#1168 = AXIS2_PLACEMENT_3D ( 'NONE', #5109, #3804, #6237 ) ;
#1169 = EDGE_CURVE ( 'NONE', #6616, #1299, #1087, .T. ) ;
#1170 = ORIENTED_EDGE ( 'NONE', *, *, #3783, .T. ) ;
#1171 = CARTESIAN_POINT ( 'NONE',  ( 0.000000000000000000, 0.000000000000000000, 11.24899999999770017 ) ) ;
#1172 = VECTOR ( 'NONE', #3456, 1000.000000000000000 ) ;
#1173 = CIRCLE ( 'NONE', #4506, 4.799999999999049471 ) ;
#1174 = DIRECTION ( 'NONE',  ( -1.000000000000000000, 0.000000000000000000, 0.000000000000000000 ) ) ;
#1175 = CYLINDRICAL_SURFACE ( 'NONE', #5914, 11.24899999999770017 ) ;
#1176 = DIRECTION ( 'NONE',  ( 1.000000000000000000, 0.000000000000000000, 0.000000000000000000 ) ) ;
#1177 = EDGE_CURVE ( 'NONE', #7313, #5479, #3686, .T. ) ;
#1178 = CARTESIAN_POINT ( 'NONE',  ( 0.000000000000000000, 11.56901304496009963, -4.991786971163749698 ) ) ;
#1179 = AXIS2_PLACEMENT_3D ( 'NONE', #2992, #3622, #5760 ) ;
#1180 = CARTESIAN_POINT ( 'NONE',  ( 4.000000000000000000, 11.10429823301639907, -1.962080705185970109 ) ) ;
#1181 = DIRECTION ( 'NONE',  ( 0.000000000000000000, -0.4539904997395541875, 0.8910065241883641241 ) ) ;
#1182 = ORIENTED_EDGE ( 'NONE', *, *, #2432, .F. ) ;
#1183 = ORIENTED_EDGE ( 'NONE', *, *, #5411, .F. ) ;
#1184 = ORIENTED_EDGE ( 'NONE', *, *, #6502, .F. ) ;
#1185 = CARTESIAN_POINT ( 'NONE',  ( 0.000000000000000000, -2.761654759435560269, -12.29362692575399940 ) ) ;
#1186 = DIRECTION ( 'NONE',  ( -1.000000000000000000, 0.000000000000000000, 0.000000000000000000 ) ) ;
#1187 = FACE_OUTER_BOUND ( 'NONE', #1640, .T. ) ;
#1188 = EDGE_LOOP ( 'NONE', ( #5523, #1326, #5678, #5327 ) ) ;
#1189 = ORIENTED_EDGE ( 'NONE', *, *, #6164, .T. ) ;
#1190 = ORIENTED_EDGE ( 'NONE', *, *, #1086, .F. ) ;
#1191 = DIRECTION ( 'NONE',  ( 1.000000000000000000, 0.000000000000000000, 0.000000000000000000 ) ) ;
#1192 = DIRECTION ( 'NONE',  ( 0.000000000000000000, 0.000000000000000000, 1.000000000000000000 ) ) ;
#1193 = DIRECTION ( 'NONE',  ( 1.000000000000000000, 0.000000000000000000, 0.000000000000000000 ) ) ;
#1194 = FACE_OUTER_BOUND ( 'NONE', #290, .T. ) ;
#1195 = EDGE_CURVE ( 'NONE', #1084, #7133, #6922, .T. ) ;
#1196 = VERTEX_POINT ( 'NONE', #2864 ) ;
#1197 = CARTESIAN_POINT ( 'NONE',  ( 0.000000000000000000, -4.650801158178079930, -11.71025399327560024 ) ) ;
#1198 = DIRECTION ( 'NONE',  ( 0.000000000000000000, 0.000000000000000000, -1.000000000000000000 ) ) ;
#1199 = CARTESIAN_POINT ( 'NONE',  ( 0.000000000000000000, 10.77862626476109931, -3.218884409939410052 ) ) ;
#1200 = EDGE_CURVE ( 'NONE', #684, #6292, #2497, .T. ) ;
#1201 = EDGE_CURVE ( 'NONE', #3846, #2857, #2594, .T. ) ;
#1202 = EDGE_CURVE ( 'NONE', #715, #5551, #5427, .T. ) ;
#1203 = AXIS2_PLACEMENT_3D ( 'NONE', #5885, #1137, #5775 ) ;
#1204 = ORIENTED_EDGE ( 'NONE', *, *, #6118, .F. ) ;
#1205 = LINE ( 'NONE', #2408, #5457 ) ;
#1206 = DIRECTION ( 'NONE',  ( 0.000000000000000000, 0.08824317028766637261, -0.9960989624016189925 ) ) ;
#1207 = LINE ( 'NONE', #2478, #7068 ) ;
#1208 = DIRECTION ( 'NONE',  ( 0.000000000000000000, 0.9510565162951520879, 0.3090169943749520032 ) ) ;
#1209 = CYLINDRICAL_SURFACE ( 'NONE', #5158, 4.799999999999039701 ) ;
#1210 = AXIS2_PLACEMENT_3D ( 'NONE', #2217, #1052, #975 ) ;
#1211 = FACE_OUTER_BOUND ( 'NONE', #6224, .T. ) ;
#1212 = DIRECTION ( 'NONE',  ( -1.000000000000000000, 0.000000000000000000, 0.000000000000000000 ) ) ;
#1213 = VECTOR ( 'NONE', #6213, 1000.000000000000000 ) ;
#1214 = AXIS2_PLACEMENT_3D ( 'NONE', #1641, #3428, #5577 ) ;
#1215 = CIRCLE ( 'NONE', #4067, 11.24899999999779432 ) ;
#1216 = ADVANCED_FACE ( 'NONE', ( #7622 ), #4848, .T. ) ;
#1217 = ADVANCED_FACE ( 'NONE', ( #4962 ), #4436, .T. ) ;
#1218 = ORIENTED_EDGE ( 'NONE', *, *, #3979, .T. ) ;
#1219 = ORIENTED_EDGE ( 'NONE', *, *, #4072, .F. ) ;
#1220 = VECTOR ( 'NONE', #1174, 1000.000000000000000 ) ;
#1221 = ORIENTED_EDGE ( 'NONE', *, *, #6411, .T. ) ;
#1222 = LINE ( 'NONE', #2990, #1728 ) ;
#1223 = AXIS2_PLACEMENT_3D ( 'NONE', #1383, #6054, #2002 ) ;
#1224 = CARTESIAN_POINT ( 'NONE',  ( 1.750000000000000000, 4.650801158178330397, -11.71025399327550076 ) ) ;
#1225 = ORIENTED_EDGE ( 'NONE', *, *, #5042, .F. ) ;
#1226 = CARTESIAN_POINT ( 'NONE',  ( 0.000000000000000000, 0.000000000000000000, 0.000000000000000000 ) ) ;
#1227 = CIRCLE ( 'NONE', #2585, 2.248999999999549804 ) ;
#1228 = EDGE_CURVE ( 'NONE', #3371, #715, #4446, .T. ) ;
#1229 = AXIS2_PLACEMENT_3D ( 'NONE', #5239, #6482, #7608 ) ;
#1230 = VECTOR ( 'NONE', #1250, 1000.000000000000000 ) ;
#1231 = ADVANCED_FACE ( 'NONE', ( #1504 ), #2082, .T. ) ;
#1232 = ORIENTED_EDGE ( 'NONE', *, *, #3820, .T. ) ;
#1233 = ORIENTED_EDGE ( 'NONE', *, *, #2382, .F. ) ;
#1234 = ORIENTED_EDGE ( 'NONE', *, *, #1371, .T. ) ;
#1235 = FACE_OUTER_BOUND ( 'NONE', #6494, .T. ) ;
#1236 = DIRECTION ( 'NONE',  ( -1.000000000000000000, 0.000000000000000000, 0.000000000000000000 ) ) ;
#1237 = CIRCLE ( 'NONE', #112, 4.799999999999038813 ) ;
#1238 = DIRECTION ( 'NONE',  ( 0.000000000000000000, 0.000000000000000000, 1.000000000000000000 ) ) ;
#1239 = CARTESIAN_POINT ( 'NONE',  ( 0.000000000000000000, -0.07091128299295369752, 3.599301541957820483 ) ) ;
#1240 = ORIENTED_EDGE ( 'NONE', *, *, #7559, .F. ) ;
#1241 = VECTOR ( 'NONE', #3392, 1000.000000000000000 ) ;
#1242 = DIRECTION ( 'NONE',  ( 1.000000000000000000, 0.000000000000000000, 0.000000000000000000 ) ) ;
#1243 = VERTEX_POINT ( 'NONE', #6802 ) ;
#1244 = CARTESIAN_POINT ( 'NONE',  ( 3.500000000000000000, 10.61210460920450060, 3.731385367829199939 ) ) ;
#1245 = ORIENTED_EDGE ( 'NONE', *, *, #6642, .F. ) ;
#1246 = DIRECTION ( 'NONE',  ( 0.000000000000000000, -0.8090169943749401238, -0.5877852522924831291 ) ) ;
#1247 = ORIENTED_EDGE ( 'NONE', *, *, #3963, .F. ) ;
#1248 = CARTESIAN_POINT ( 'NONE',  ( 3.500000000000000000, 7.830283878801939323, 8.114299373255189352 ) ) ;
#1249 = CARTESIAN_POINT ( 'NONE',  ( -6.450000000000000178, 6.938893903907229640E-14, 1.179611963664229834E-13 ) ) ;
#1250 = DIRECTION ( 'NONE',  ( -1.000000000000000000, 0.000000000000000000, 0.000000000000000000 ) ) ;
#1251 = DIRECTION ( 'NONE',  ( -1.000000000000000000, 0.000000000000000000, 0.000000000000000000 ) ) ;
#1252 = DIRECTION ( 'NONE',  ( 0.000000000000000000, 0.000000000000000000, 1.000000000000000000 ) ) ;
#1253 = CARTESIAN_POINT ( 'NONE',  ( 3.500000000000000000, -4.865403235017140560, -10.14237902864189955 ) ) ;
#1254 = EDGE_CURVE ( 'NONE', #759, #3479, #4569, .T. ) ;
#1255 = DIRECTION ( 'NONE',  ( -1.000000000000000000, 0.000000000000000000, 0.000000000000000000 ) ) ;
#1256 = ORIENTED_EDGE ( 'NONE', *, *, #6703, .F. ) ;
#1257 = ORIENTED_EDGE ( 'NONE', *, *, #4372, .F. ) ;
#1258 = FACE_OUTER_BOUND ( 'NONE', #4243, .T. ) ;
#1259 = DIRECTION ( 'NONE',  ( -1.000000000000000000, 0.000000000000000000, 0.000000000000000000 ) ) ;
#1260 = EDGE_CURVE ( 'NONE', #6387, #2635, #2465, .T. ) ;
#1261 = DIRECTION ( 'NONE',  ( 0.000000000000000000, 0.000000000000000000, 1.000000000000000000 ) ) ;
#1262 = EDGE_CURVE ( 'NONE', #6860, #6856, #377, .T. ) ;
#1263 = VERTEX_POINT ( 'NONE', #4318 ) ;
#1264 = ORIENTED_EDGE ( 'NONE', *, *, #1333, .F. ) ;
#1265 = ORIENTED_EDGE ( 'NONE', *, *, #1657, .F. ) ;
#1266 = CARTESIAN_POINT ( 'NONE',  ( 3.500000000000000000, 0.000000000000000000, 0.000000000000000000 ) ) ;
#1267 = VERTEX_POINT ( 'NONE', #1382 ) ;
#1268 = EDGE_CURVE ( 'NONE', #2635, #6500, #4472, .T. ) ;
#1269 = DIRECTION ( 'NONE',  ( -1.000000000000000000, 0.000000000000000000, 0.000000000000000000 ) ) ;
#1270 = DIRECTION ( 'NONE',  ( -1.000000000000000000, 0.000000000000000000, 0.000000000000000000 ) ) ;
#1271 = EDGE_LOOP ( 'NONE', ( #2597, #379, #7249, #1724 ) ) ;
#1272 = CIRCLE ( 'NONE', #5590, 11.24899999999770728 ) ;
#1273 = VECTOR ( 'NONE', #6145, 1000.000000000000000 ) ;
#1274 = DIRECTION ( 'NONE',  ( 1.000000000000000000, 0.000000000000000000, 0.000000000000000000 ) ) ;
#1275 = CYLINDRICAL_SURFACE ( 'NONE', #1420, 12.59999999999749853 ) ;
#1276 = ORIENTED_EDGE ( 'NONE', *, *, #4236, .T. ) ;
#1277 = DIRECTION ( 'NONE',  ( 1.000000000000000000, 0.000000000000000000, 0.000000000000000000 ) ) ;
#1278 = AXIS2_PLACEMENT_3D ( 'NONE', #3395, #373, #7493 ) ;
#1279 = AXIS2_PLACEMENT_3D ( 'NONE', #2847, #4615, #4006 ) ;
#1280 = VERTEX_POINT ( 'NONE', #4398 ) ;
#1281 = DIRECTION ( 'NONE',  ( -1.000000000000000000, 0.000000000000000000, 0.000000000000000000 ) ) ;
#1282 = CARTESIAN_POINT ( 'NONE',  ( 4.000000000000000000, 0.8045072551091639879, 12.57428996311180036 ) ) ;
#1283 = VECTOR ( 'NONE', #6579, 1000.000000000000000 ) ;
#1284 = CARTESIAN_POINT ( 'NONE',  ( 4.000000000000000000, 3.293019194759099655, 10.78476817202779969 ) ) ;
#1285 = LINE ( 'NONE', #7091, #2517 ) ;
#1286 = DIRECTION ( 'NONE',  ( 1.000000000000000000, 0.000000000000000000, 0.000000000000000000 ) ) ;
#1287 = CARTESIAN_POINT ( 'NONE',  ( 0.000000000000000000, -2.200545951850770177, 1.762043560793254970 ) ) ;
#1288 = VECTOR ( 'NONE', #6812, 1000.000000000000000 ) ;
#1289 = DIRECTION ( 'NONE',  ( -1.000000000000000000, 0.000000000000000000, 0.000000000000000000 ) ) ;
#1290 = CIRCLE ( 'NONE', #1168, 4.799999999999039701 ) ;
#1291 = EDGE_CURVE ( 'NONE', #380, #2099, #1237, .T. ) ;
#1292 = ORIENTED_EDGE ( 'NONE', *, *, #698, .T. ) ;
#1293 = AXIS2_PLACEMENT_3D ( 'NONE', #1940, #2974, #191 ) ;
#1294 = VERTEX_POINT ( 'NONE', #7261 ) ;
#1295 = CARTESIAN_POINT ( 'NONE',  ( -7.000000000000000000, 0.000000000000000000, 0.000000000000000000 ) ) ;
#1296 = DIRECTION ( 'NONE',  ( -1.000000000000000000, 0.000000000000000000, 0.000000000000000000 ) ) ;
#1297 = ORIENTED_EDGE ( 'NONE', *, *, #7257, .T. ) ;
#1298 = CARTESIAN_POINT ( 'NONE',  ( -7.000000000000000000, 2.355809106513230056, -1.548342161800480010 ) ) ;
#1299 = VERTEX_POINT ( 'NONE', #259 ) ;
#1300 = ADVANCED_FACE ( 'NONE', ( #803 ), #7417, .T. ) ;
#1301 = ADVANCED_FACE ( 'NONE', ( #6677 ), #5632, .T. ) ;
#1302 = ORIENTED_EDGE ( 'NONE', *, *, #1613, .T. ) ;
#1303 = EDGE_CURVE ( 'NONE', #896, #2648, #2230, .T. ) ;
#1304 = VERTEX_POINT ( 'NONE', #3743 ) ;
#1305 = DIRECTION ( 'NONE',  ( 0.000000000000000000, 0.000000000000000000, -1.000000000000000000 ) ) ;
#1306 = DIRECTION ( 'NONE',  ( -1.000000000000000000, 0.000000000000000000, 0.000000000000000000 ) ) ;
#1307 = VERTEX_POINT ( 'NONE', #6091 ) ;
#1308 = CARTESIAN_POINT ( 'NONE',  ( 0.000000000000000000, 6.740122156885210103, -10.64569177227120100 ) ) ;
#1309 = ORIENTED_EDGE ( 'NONE', *, *, #6846, .T. ) ;
#1310 = DIRECTION ( 'NONE',  ( 0.000000000000000000, -0.8090169943749532244, 0.5877852522924651435 ) ) ;
#1311 = CARTESIAN_POINT ( 'NONE',  ( -6.450000000000000178, 6.938893903907229640E-14, 1.179611963664229834E-13 ) ) ;
#1312 = ORIENTED_EDGE ( 'NONE', *, *, #3618, .T. ) ;
#1313 = EDGE_CURVE ( 'NONE', #5951, #3602, #3087, .T. ) ;
#1314 = DIRECTION ( 'NONE',  ( 1.000000000000000000, 0.000000000000000000, 0.000000000000000000 ) ) ;
#1315 = DIRECTION ( 'NONE',  ( 0.000000000000000000, 0.000000000000000000, -1.000000000000000000 ) ) ;
#1316 = CARTESIAN_POINT ( 'NONE',  ( 3.500000000000000000, 5.297466504774010154, 9.954498911157338981 ) ) ;
#1317 = ADVANCED_FACE ( 'NONE', ( #4926 ), #2702, .T. ) ;
#1318 = ADVANCED_FACE ( 'NONE', ( #7380 ), #5048, .T. ) ;
#1319 = ORIENTED_EDGE ( 'NONE', *, *, #6270, .F. ) ;
#1320 = LINE ( 'NONE', #6034, #2129 ) ;
#1321 = DIRECTION ( 'NONE',  ( -1.000000000000000000, 0.000000000000000000, 0.000000000000000000 ) ) ;
#1322 = CARTESIAN_POINT ( 'NONE',  ( 4.000000000000000000, -8.322493165920699099, -9.460238237123828497 ) ) ;
#1323 = DIRECTION ( 'NONE',  ( -1.000000000000000000, 0.000000000000000000, 0.000000000000000000 ) ) ;
#1324 = DIRECTION ( 'NONE',  ( 1.000000000000000000, 0.000000000000000000, 0.000000000000000000 ) ) ;
#1325 = CARTESIAN_POINT ( 'NONE',  ( 0.000000000000000000, -2.200545951850750193, -1.762043560793055130 ) ) ;
#1326 = ORIENTED_EDGE ( 'NONE', *, *, #7118, .T. ) ;
#1327 = FACE_OUTER_BOUND ( 'NONE', #938, .T. ) ;
#1328 = EDGE_LOOP ( 'NONE', ( #2812, #7260, #2071, #4847 ) ) ;
#1329 = CARTESIAN_POINT ( 'NONE',  ( 0.000000000000000000, 6.828079039211229606, 8.939649748968559351 ) ) ;
#1330 = CARTESIAN_POINT ( 'NONE',  ( 4.000000000000000000, 0.000000000000000000, 0.000000000000000000 ) ) ;
#1331 = DIRECTION ( 'NONE',  ( 0.000000000000000000, 0.000000000000000000, -1.000000000000000000 ) ) ;
#1332 = EDGE_CURVE ( 'NONE', #5426, #5903, #6719, .T. ) ;
#1333 = EDGE_CURVE ( 'NONE', #2776, #4051, #1577, .T. ) ;
#1334 = AXIS2_PLACEMENT_3D ( 'NONE', #2683, #6820, #7481 ) ;
#1335 = ORIENTED_EDGE ( 'NONE', *, *, #6933, .T. ) ;
#1336 = AXIS2_PLACEMENT_3D ( 'NONE', #3855, #5034, #5697 ) ;
#1337 = CIRCLE ( 'NONE', #973, 4.799999999999040590 ) ;
#1338 = ORIENTED_EDGE ( 'NONE', *, *, #7085, .T. ) ;
#1339 = VERTEX_POINT ( 'NONE', #5673 ) ;
#1340 = DIRECTION ( 'NONE',  ( 0.000000000000000000, 0.000000000000000000, -1.000000000000000000 ) ) ;
#1341 = CARTESIAN_POINT ( 'NONE',  ( 1.750000000000000000, 11.56901304496009963, -4.991786971163760356 ) ) ;
#1342 = ORIENTED_EDGE ( 'NONE', *, *, #4375, .T. ) ;
#1343 = CYLINDRICAL_SURFACE ( 'NONE', #5851, 11.24899999999770017 ) ;
#1344 = VERTEX_POINT ( 'NONE', #3439 ) ;
#1345 = DIRECTION ( 'NONE',  ( -1.000000000000000000, 0.000000000000000000, 0.000000000000000000 ) ) ;
#1346 = CIRCLE ( 'NONE', #6158, 3.599999999999274891 ) ;
#1347 = ADVANCED_FACE ( 'NONE', ( #2308 ), #2781, .T. ) ;
#1348 = AXIS2_PLACEMENT_3D ( 'NONE', #1075, #7641, #4128 ) ;
#1349 = EDGE_CURVE ( 'NONE', #3491, #354, #5131, .T. ) ;
#1350 = DIRECTION ( 'NONE',  ( -1.000000000000000000, 0.000000000000000000, 0.000000000000000000 ) ) ;
#1351 = ORIENTED_EDGE ( 'NONE', *, *, #5651, .T. ) ;
#1352 = AXIS2_PLACEMENT_3D ( 'NONE', #4819, #1269, #3169 ) ;
#1353 = CARTESIAN_POINT ( 'NONE',  ( 4.000000000000000000, 0.000000000000000000, 0.000000000000000000 ) ) ;
#1354 = CARTESIAN_POINT ( 'NONE',  ( -7.000000000000000000, 6.938893903907229640E-14, 1.179611963664229834E-13 ) ) ;
#1355 = DIRECTION ( 'NONE',  ( 0.000000000000000000, 0.000000000000000000, -1.000000000000000000 ) ) ;
#1356 = EDGE_CURVE ( 'NONE', #3835, #3181, #7045, .T. ) ;
#1357 = EDGE_CURVE ( 'NONE', #2536, #495, #1000, .T. ) ;
#1358 = CIRCLE ( 'NONE', #3347, 2.248999999999549804 ) ;
#1359 = VECTOR ( 'NONE', #1691, 1000.000000000000000 ) ;
#1360 = ORIENTED_EDGE ( 'NONE', *, *, #4395, .F. ) ;
#1361 = VERTEX_POINT ( 'NONE', #2742 ) ;
#1362 = ADVANCED_FACE ( 'NONE', ( #1621 ), #2195, .T. ) ;
#1363 = ORIENTED_EDGE ( 'NONE', *, *, #3713, .T. ) ;
#1364 = CARTESIAN_POINT ( 'NONE',  ( 4.000000000000000000, -0.8045072551092520285, 12.57428996311180036 ) ) ;
#1365 = DIRECTION ( 'NONE',  ( 0.000000000000000000, 0.000000000000000000, 1.000000000000000000 ) ) ;
#1366 = CARTESIAN_POINT ( 'NONE',  ( 3.500000000000000000, -11.27452294072310046, -0.2008292820900010045 ) ) ;
#1367 = LINE ( 'NONE', #2443, #2654 ) ;
#1368 = FACE_OUTER_BOUND ( 'NONE', #6681, .T. ) ;
#1369 = ADVANCED_FACE ( 'NONE', ( #7027 ), #4661, .T. ) ;
#1370 = CARTESIAN_POINT ( 'NONE',  ( 1.750000000000000000, 8.041842239847760254, -9.699936772440159061 ) ) ;
#1371 = EDGE_CURVE ( 'NONE', #3570, #2983, #5802, .T. ) ;
#1372 = ORIENTED_EDGE ( 'NONE', *, *, #4150, .T. ) ;
#1373 = CARTESIAN_POINT ( 'NONE',  ( -6.450000000000000178, 0.7445758530192119196, 2.718971643000560157 ) ) ;
#1374 = ORIENTED_EDGE ( 'NONE', *, *, #5550, .F. ) ;
#1375 = CARTESIAN_POINT ( 'NONE',  ( 4.000000000000000000, 2.025346914580445024, -11.06516926556252045 ) ) ;
#1376 = DIRECTION ( 'NONE',  ( -1.000000000000000000, 0.000000000000000000, 0.000000000000000000 ) ) ;
#1377 = DIRECTION ( 'NONE',  ( -1.000000000000000000, 0.000000000000000000, 0.000000000000000000 ) ) ;
#1378 = ORIENTED_EDGE ( 'NONE', *, *, #5559, .T. ) ;
#1379 = ORIENTED_EDGE ( 'NONE', *, *, #3053, .F. ) ;
#1380 = CIRCLE ( 'NONE', #1746, 1.199999999999751932 ) ;
#1381 = EDGE_LOOP ( 'NONE', ( #1738, #6298, #2819, #3081 ) ) ;
#1382 = CARTESIAN_POINT ( 'NONE',  ( 0.000000000000000000, 9.897734717811980332, -5.345544729563940223 ) ) ;
#1383 = CARTESIAN_POINT ( 'NONE',  ( 3.500000000000000000, 1.962080705186089791, 11.10429823301639907 ) ) ;
#1384 = EDGE_LOOP ( 'NONE', ( #6765, #4435, #6147, #1184 ) ) ;
#1385 = SURFACE_STYLE_FILL_AREA ( #6680 ) ;
#1386 = LINE ( 'NONE', #4891, #6038 ) ;
#1387 = AXIS2_PLACEMENT_3D ( 'NONE', #5527, #6153, #3724 ) ;
#1388 = CIRCLE ( 'NONE', #5712, 1.199999999999755929 ) ;
#1389 = DIRECTION ( 'NONE',  ( 0.000000000000000000, 0.000000000000000000, -1.000000000000000000 ) ) ;
#1390 = ORIENTED_EDGE ( 'NONE', *, *, #2746, .T. ) ;
#1391 = CARTESIAN_POINT ( 'NONE',  ( 0.000000000000000000, -1.565367224445399996, -11.16713147563269892 ) ) ;
#1392 = DIRECTION ( 'NONE',  ( 1.000000000000000000, 0.000000000000000000, 0.000000000000000000 ) ) ;
#1393 = ORIENTED_EDGE ( 'NONE', *, *, #5145, .F. ) ;
#1394 = CARTESIAN_POINT ( 'NONE',  ( 4.000000000000000000, 11.16713147563269892, 1.565367224445670002 ) ) ;
#1395 = CIRCLE ( 'NONE', #4844, 11.24899999999771971 ) ;
#1396 = ORIENTED_EDGE ( 'NONE', *, *, #4665, .F. ) ;
#1397 = EDGE_CURVE ( 'NONE', #3364, #5689, #6251, .T. ) ;
#1398 = ORIENTED_EDGE ( 'NONE', *, *, #4702, .F. ) ;
#1399 = CARTESIAN_POINT ( 'NONE',  ( 0.000000000000000000, 2.058247931882085435, 2.953576721688280227 ) ) ;
#1400 = EDGE_CURVE ( 'NONE', #801, #6636, #3302, .T. ) ;
#1401 = CARTESIAN_POINT ( 'NONE',  ( 3.500000000000000000, -11.14946795003230129, 1.493105967824200020 ) ) ;
#1402 = CARTESIAN_POINT ( 'NONE',  ( -7.000000000000000000, 2.355809106513210072, 0.3483421618009934773 ) ) ;
#1403 = DIRECTION ( 'NONE',  ( 0.000000000000000000, 0.000000000000000000, 1.000000000000000000 ) ) ;
#1404 = DIRECTION ( 'NONE',  ( 0.000000000000000000, 0.000000000000000000, 1.000000000000000000 ) ) ;
#1405 = CYLINDRICAL_SURFACE ( 'NONE', #3888, 11.24899999999770017 ) ;
#1406 = CIRCLE ( 'NONE', #5726, 11.24899999999771971 ) ;
#1407 = EDGE_CURVE ( 'NONE', #539, #2955, #7456, .T. ) ;
#1408 = AXIS2_PLACEMENT_3D ( 'NONE', #5776, #2624, #1509 ) ;
#1409 = AXIS2_PLACEMENT_3D ( 'NONE', #3505, #4769, #1798 ) ;
#1410 = ORIENTED_EDGE ( 'NONE', *, *, #6997, .T. ) ;
#1411 = CARTESIAN_POINT ( 'NONE',  ( 3.500000000000000000, 0.000000000000000000, 0.000000000000000000 ) ) ;
#1412 = EDGE_CURVE ( 'NONE', #6188, #1036, #945, .T. ) ;
#1413 = EDGE_LOOP ( 'NONE', ( #1110, #103, #6266, #5536 ) ) ;
#1414 = DIRECTION ( 'NONE',  ( -1.000000000000000000, 0.000000000000000000, 0.000000000000000000 ) ) ;
#1415 = VECTOR ( 'NONE', #2518, 1000.000000000000000 ) ;
#1416 = DIRECTION ( 'NONE',  ( 1.000000000000000000, 0.000000000000000000, 0.000000000000000000 ) ) ;
#1417 = CIRCLE ( 'NONE', #6232, 4.799999999999039701 ) ;
#1418 = DIRECTION ( 'NONE',  ( -1.000000000000000000, 0.000000000000000000, 0.000000000000000000 ) ) ;
#1419 = AXIS2_PLACEMENT_3D ( 'NONE', #6434, #5572, #4872 ) ;
#1420 = AXIS2_PLACEMENT_3D ( 'NONE', #3093, #618, #4790 ) ;
#1421 = ORIENTED_EDGE ( 'NONE', *, *, #7321, .F. ) ;
#1422 = VERTEX_POINT ( 'NONE', #4512 ) ;
#1423 = VERTEX_POINT ( 'NONE', #5784 ) ;
#1424 = CARTESIAN_POINT ( 'NONE',  ( 4.000000000000000000, -6.464524009011360484, 9.239325152756059367 ) ) ;
#1425 = CIRCLE ( 'NONE', #5746, 4.799999999999037925 ) ;
#1426 = DIRECTION ( 'NONE',  ( 0.000000000000000000, 0.000000000000000000, 1.000000000000000000 ) ) ;
#1427 = VERTEX_POINT ( 'NONE', #492 ) ;
#1428 = DIRECTION ( 'NONE',  ( 0.000000000000000000, 0.000000000000000000, 1.000000000000000000 ) ) ;
#1429 = LINE ( 'NONE', #3790, #5898 ) ;
#1430 = CIRCLE ( 'NONE', #1293, 12.59999999999749853 ) ;
#1431 = CARTESIAN_POINT ( 'NONE',  ( 0.000000000000000000, -6.789472613368959131, -9.003236172274279525 ) ) ;
#1432 = ORIENTED_EDGE ( 'NONE', *, *, #895, .F. ) ;
#1433 = DIRECTION ( 'NONE',  ( -1.000000000000000000, 0.000000000000000000, 0.000000000000000000 ) ) ;
#1434 = CARTESIAN_POINT ( 'NONE',  ( 0.000000000000000000, 11.16713147563269892, 3.234632775553519579 ) ) ;
#1435 = CARTESIAN_POINT ( 'NONE',  ( 3.500000000000000000, -8.939649748968578891, 6.828079039211189638 ) ) ;
#1436 = CARTESIAN_POINT ( 'NONE',  ( 0.000000000000000000, -2.761654759435729911, 12.29362692575390170 ) ) ;
#1437 = VERTEX_POINT ( 'NONE', #4548 ) ;
#1438 = EDGE_LOOP ( 'NONE', ( #439, #3663, #3592, #6255 ) ) ;
#1439 = CARTESIAN_POINT ( 'NONE',  ( -7.000000000000000000, -0.07091128299289209402, -3.599301541957579786 ) ) ;
#1440 = DIRECTION ( 'NONE',  ( 1.000000000000000000, 0.000000000000000000, 0.000000000000000000 ) ) ;
#1441 = CARTESIAN_POINT ( 'NONE',  ( 3.500000000000000000, 7.761440934309040252, 8.142483381817939403 ) ) ;
#1442 = CARTESIAN_POINT ( 'NONE',  ( 4.000000000000000000, 4.991786971164070330, -11.56901304495995930 ) ) ;
#1443 = DIRECTION ( 'NONE',  ( -1.000000000000000000, 0.000000000000000000, 0.000000000000000000 ) ) ;
#1444 = DIRECTION ( 'NONE',  ( 0.000000000000000000, 0.000000000000000000, 1.000000000000000000 ) ) ;
#1445 = ADVANCED_FACE ( 'NONE', ( #6879 ), #6293, .T. ) ;
#1446 = VECTOR ( 'NONE', #4359, 1000.000000000000000 ) ;
#1447 = ADVANCED_FACE ( 'NONE', ( #6327 ), #3404, .T. ) ;
#1448 = EDGE_CURVE ( 'NONE', #3320, #801, #5751, .T. ) ;
#1449 = ORIENTED_EDGE ( 'NONE', *, *, #2782, .F. ) ;
#1450 = LINE ( 'NONE', #7250, #3947 ) ;
#1451 = FACE_OUTER_BOUND ( 'NONE', #682, .T. ) ;
#1452 = VERTEX_POINT ( 'NONE', #1145 ) ;
#1453 = CARTESIAN_POINT ( 'NONE',  ( 4.000000000000000000, 0.000000000000000000, 0.000000000000000000 ) ) ;
#1454 = DIRECTION ( 'NONE',  ( 1.000000000000000000, 0.000000000000000000, 0.000000000000000000 ) ) ;
#1455 = DIRECTION ( 'NONE',  ( 0.000000000000000000, 0.000000000000000000, -1.000000000000000000 ) ) ;
#1456 = EDGE_CURVE ( 'NONE', #3332, #6325, #5007, .T. ) ;
#1457 = EDGE_CURVE ( 'NONE', #7460, #2003, #689, .T. ) ;
#1458 = EDGE_LOOP ( 'NONE', ( #4077, #7453, #5819, #7542 ) ) ;
#1459 = ORIENTED_EDGE ( 'NONE', *, *, #6651, .F. ) ;
#1460 = ORIENTED_EDGE ( 'NONE', *, *, #17, .T. ) ;
#1461 = DIRECTION ( 'NONE',  ( 0.000000000000000000, 0.000000000000000000, -1.000000000000000000 ) ) ;
#1462 = CIRCLE ( 'NONE', #3808, 12.59999999999747899 ) ;
#1463 = DIRECTION ( 'NONE',  ( 1.000000000000000000, 0.000000000000000000, 0.000000000000000000 ) ) ;
#1464 = ORIENTED_EDGE ( 'NONE', *, *, #3396, .F. ) ;
#1465 = DIRECTION ( 'NONE',  ( 0.000000000000000000, 0.000000000000000000, 1.000000000000000000 ) ) ;
#1466 = CIRCLE ( 'NONE', #6645, 1.199999999999761702 ) ;
#1467 = VERTEX_POINT ( 'NONE', #3031 ) ;
#1468 = CARTESIAN_POINT ( 'NONE',  ( 0.000000000000000000, -6.828079039211159440, -8.939649748968610865 ) ) ;
#1469 = ADVANCED_FACE ( 'NONE', ( #2451 ), #6554, .T. ) ;
#1470 = VECTOR ( 'NONE', #7366, 1000.000000000000000 ) ;
#1471 = VECTOR ( 'NONE', #3519, 1000.000000000000000 ) ;
#1472 = DIRECTION ( 'NONE',  ( 0.000000000000000000, 0.000000000000000000, 1.000000000000000000 ) ) ;
#1473 = ORIENTED_EDGE ( 'NONE', *, *, #3091, .T. ) ;
#1474 = CARTESIAN_POINT ( 'NONE',  ( 0.000000000000000000, -11.49673527345734136, -3.223302876579515086 ) ) ;
#1475 = CIRCLE ( 'NONE', #3454, 11.24899999999773925 ) ;
#1476 = CARTESIAN_POINT ( 'NONE',  ( 4.000000000000000000, 6.392119685101219417, 9.256392760211229032 ) ) ;
#1477 = AXIS2_PLACEMENT_3D ( 'NONE', #880, #301, #2666 ) ;
#1478 = CARTESIAN_POINT ( 'NONE',  ( 4.000000000000000000, -1.493105967824310154, 11.14946795003230129 ) ) ;
#1479 = FACE_OUTER_BOUND ( 'NONE', #6674, .T. ) ;
#1480 = CIRCLE ( 'NONE', #2954, 11.24899999999770017 ) ;
#1481 = ORIENTED_EDGE ( 'NONE', *, *, #3206, .T. ) ;
#1482 = AXIS2_PLACEMENT_3D ( 'NONE', #4919, #5544, #129 ) ;
#1483 = ORIENTED_EDGE ( 'NONE', *, *, #2828, .F. ) ;
#1484 = ORIENTED_EDGE ( 'NONE', *, *, #7085, .F. ) ;
#1485 = CYLINDRICAL_SURFACE ( 'NONE', #2444, 4.799999999999039701 ) ;
#1486 = DIRECTION ( 'NONE',  ( 0.000000000000000000, -0.7071067811865541231, 0.7071067811865409114 ) ) ;
#1487 = CYLINDRICAL_SURFACE ( 'NONE', #170, 4.799999999999038813 ) ;
#1488 = CARTESIAN_POINT ( 'NONE',  ( 4.000000000000000000, -11.27452294072310046, -0.2008292820900010045 ) ) ;
#1489 = CARTESIAN_POINT ( 'NONE',  ( 4.000000000000000000, -2.761654759435710371, 12.29362692575391947 ) ) ;
#1490 = ADVANCED_FACE ( 'NONE', ( #2923 ), #633, .T. ) ;
#1491 = EDGE_LOOP ( 'NONE', ( #598, #3379, #3304, #5435 ) ) ;
#1492 = FACE_OUTER_BOUND ( 'NONE', #4663, .T. ) ;
#1493 = LINE ( 'NONE', #906, #7530 ) ;
#1494 = ORIENTED_EDGE ( 'NONE', *, *, #2269, .T. ) ;
#1495 = CYLINDRICAL_SURFACE ( 'NONE', #5557, 11.24899999999770017 ) ;
#1496 = EDGE_CURVE ( 'NONE', #3364, #6055, #3034, .T. ) ;
#1497 = CARTESIAN_POINT ( 'NONE',  ( 4.000000000000000000, 3.675019189548250242, -10.66064884975989990 ) ) ;
#1498 = CARTESIAN_POINT ( 'NONE',  ( 0.000000000000000000, 1.962080705186089791, 11.10429823301639907 ) ) ;
#1499 = AXIS2_PLACEMENT_3D ( 'NONE', #62, #4215, #4783 ) ;
#1500 = ORIENTED_EDGE ( 'NONE', *, *, #5788, .F. ) ;
#1501 = ORIENTED_EDGE ( 'NONE', *, *, #7076, .F. ) ;
#1502 = ORIENTED_EDGE ( 'NONE', *, *, #988, .F. ) ;
#1503 = ORIENTED_EDGE ( 'NONE', *, *, #3317, .F. ) ;
#1504 = FACE_OUTER_BOUND ( 'NONE', #6738, .T. ) ;
#1505 = EDGE_CURVE ( 'NONE', #5008, #2293, #7364, .T. ) ;
#1506 = EDGE_CURVE ( 'NONE', #4463, #1150, #327, .T. ) ;
#1507 = CYLINDRICAL_SURFACE ( 'NONE', #2951, 11.24899999999770017 ) ;
#1508 = ORIENTED_EDGE ( 'NONE', *, *, #2829, .T. ) ;
#1509 = DIRECTION ( 'NONE',  ( 0.000000000000000000, 0.000000000000000000, -1.000000000000000000 ) ) ;
#1510 = CARTESIAN_POINT ( 'NONE',  ( 4.000000000000000000, 0.000000000000000000, 0.000000000000000000 ) ) ;
#1511 = LINE ( 'NONE', #3869, #2809 ) ;
#1512 = ORIENTED_EDGE ( 'NONE', *, *, #7310, .F. ) ;
#1513 = EDGE_CURVE ( 'NONE', #2983, #4632, #6007, .T. ) ;
#1514 = DIRECTION ( 'NONE',  ( 0.000000000000000000, 0.000000000000000000, 1.000000000000000000 ) ) ;
#1515 = DIRECTION ( 'NONE',  ( 1.000000000000000000, 0.000000000000000000, 0.000000000000000000 ) ) ;
#1516 = DIRECTION ( 'NONE',  ( 0.000000000000000000, 1.078060571631619849E-14, -1.000000000000000000 ) ) ;
#1517 = CARTESIAN_POINT ( 'NONE',  ( -7.000000000000000000, 2.220648660249965101, -0.3559782686179764899 ) ) ;
#1518 = ORIENTED_EDGE ( 'NONE', *, *, #158, .T. ) ;
#1519 = ORIENTED_EDGE ( 'NONE', *, *, #324, .T. ) ;
#1520 = ORIENTED_EDGE ( 'NONE', *, *, #2253, .F. ) ;
#1521 = DIRECTION ( 'NONE',  ( 1.000000000000000000, 0.000000000000000000, 0.000000000000000000 ) ) ;
#1522 = DIRECTION ( 'NONE',  ( -1.000000000000000000, 0.000000000000000000, 0.000000000000000000 ) ) ;
#1523 = DIRECTION ( 'NONE',  ( -1.000000000000000000, 0.000000000000000000, 0.000000000000000000 ) ) ;
#1524 = DIRECTION ( 'NONE',  ( 0.000000000000000000, 0.000000000000000000, -1.000000000000000000 ) ) ;
#1525 = VERTEX_POINT ( 'NONE', #7210 ) ;
#1526 = CYLINDRICAL_SURFACE ( 'NONE', #1094, 11.24899999999770017 ) ;
#1527 = CARTESIAN_POINT ( 'NONE',  ( 4.000000000000000000, -12.57428996311180036, -0.8045072551092931068 ) ) ;
#1528 = ORIENTED_EDGE ( 'NONE', *, *, #3308, .T. ) ;
#1529 = DIRECTION ( 'NONE',  ( 1.000000000000000000, 0.000000000000000000, 0.000000000000000000 ) ) ;
#1530 = AXIS2_PLACEMENT_3D ( 'NONE', #7625, #2435, #3530 ) ;
#1531 = LINE ( 'NONE', #3814, #4419 ) ;
#1532 = CARTESIAN_POINT ( 'NONE',  ( 1.750000000000000000, -9.460238237123798299, 8.322493165920729297 ) ) ;
#1533 = CIRCLE ( 'NONE', #3274, 4.799999999999037925 ) ;
#1534 = ORIENTED_EDGE ( 'NONE', *, *, #3585, .F. ) ;
#1535 = ORIENTED_EDGE ( 'NONE', *, *, #4751, .F. ) ;
#1536 = AXIS2_PLACEMENT_3D ( 'NONE', #4776, #6556, #6672 ) ;
#1537 = PRESENTATION_LAYER_ASSIGNMENT (  '', '', ( #2027 ) ) ;
#1538 = ORIENTED_EDGE ( 'NONE', *, *, #2482, .T. ) ;
#1539 = DIRECTION ( 'NONE',  ( 0.000000000000000000, 0.000000000000000000, -1.000000000000000000 ) ) ;
#1540 = CARTESIAN_POINT ( 'NONE',  ( 0.000000000000000000, -6.425429397282299782, 10.83853574337769921 ) ) ;
#1541 = VERTEX_POINT ( 'NONE', #5381 ) ;
#1542 = CIRCLE ( 'NONE', #7593, 11.24899999999779787 ) ;
#1543 = CYLINDRICAL_SURFACE ( 'NONE', #6921, 4.799999999999039701 ) ;
#1544 = AXIS2_PLACEMENT_3D ( 'NONE', #3560, #2400, #4180 ) ;
#1545 = AXIS2_PLACEMENT_3D ( 'NONE', #509, #1635, #3383 ) ;
#1546 = ADVANCED_FACE ( 'NONE', ( #128 ), #4696, .T. ) ;
#1547 = EDGE_CURVE ( 'NONE', #5662, #4060, #1616, .T. ) ;
#1548 = EDGE_CURVE ( 'NONE', #161, #7396, #5298, .T. ) ;
#1549 = CARTESIAN_POINT ( 'NONE',  ( 3.500000000000000000, -10.13684808343399979, -4.939586103593740063 ) ) ;
#1550 = ORIENTED_EDGE ( 'NONE', *, *, #5975, .T. ) ;
#1551 = AXIS2_PLACEMENT_3D ( 'NONE', #3102, #3849, #1947 ) ;
#1552 = AXIS2_PLACEMENT_3D ( 'NONE', #2390, #4065, #7003 ) ;
#1553 = DIRECTION ( 'NONE',  ( -1.000000000000000000, 0.000000000000000000, 0.000000000000000000 ) ) ;
#1554 = AXIS2_PLACEMENT_3D ( 'NONE', #5564, #2630, #4975 ) ;
#1555 = CARTESIAN_POINT ( 'NONE',  ( 4.000000000000000000, -8.142483381817859467, -7.761440934309130846 ) ) ;
#1556 = DIRECTION ( 'NONE',  ( 0.000000000000000000, 0.5877852522924739143, -0.8090169943749467851 ) ) ;
#1557 = CARTESIAN_POINT ( 'NONE',  ( 3.500000000000000000, 0.000000000000000000, 0.000000000000000000 ) ) ;
#1558 = EDGE_CURVE ( 'NONE', #2953, #4730, #4809, .T. ) ;
#1559 = ORIENTED_EDGE ( 'NONE', *, *, #3963, .T. ) ;
#1560 = ORIENTED_EDGE ( 'NONE', *, *, #3609, .F. ) ;
#1561 = VERTEX_POINT ( 'NONE', #7175 ) ;
#1562 = DIRECTION ( 'NONE',  ( 1.000000000000000000, 0.000000000000000000, 0.000000000000000000 ) ) ;
#1563 = LINE ( 'NONE', #7398, #177 ) ;
#1564 = CARTESIAN_POINT ( 'NONE',  ( 3.500000000000000000, 11.14946795003230129, -1.493105967824120084 ) ) ;
#1565 = DIRECTION ( 'NONE',  ( 0.000000000000000000, 0.000000000000000000, -1.000000000000000000 ) ) ;
#1566 = EDGE_CURVE ( 'NONE', #5575, #6159, #1222, .T. ) ;
#1567 = VERTEX_POINT ( 'NONE', #1185 ) ;
#1568 = DIRECTION ( 'NONE',  ( 0.000000000000000000, 0.000000000000000000, 1.000000000000000000 ) ) ;
#1569 = DIRECTION ( 'NONE',  ( 0.000000000000000000, -0.8910065241883722287, 0.4539904997395381447 ) ) ;
#1570 = CARTESIAN_POINT ( 'NONE',  ( 4.000000000000000000, -11.10429823301639907, 1.962080705186049823 ) ) ;
#1571 = DIRECTION ( 'NONE',  ( 1.000000000000000000, 0.000000000000000000, 0.000000000000000000 ) ) ;
#1572 = CARTESIAN_POINT ( 'NONE',  ( 0.000000000000000000, 1.024773626581970021, -2.001959044101470298 ) ) ;
#1573 = DIRECTION ( 'NONE',  ( -1.000000000000000000, 0.000000000000000000, 0.000000000000000000 ) ) ;
#1574 = ORIENTED_EDGE ( 'NONE', *, *, #1291, .T. ) ;
#1575 = EDGE_LOOP ( 'NONE', ( #3980, #1808, #3082, #5210 ) ) ;
#1576 = ORIENTED_EDGE ( 'NONE', *, *, #6322, .F. ) ;
#1577 = LINE ( 'NONE', #4626, #6168 ) ;
#1578 = CARTESIAN_POINT ( 'NONE',  ( 3.500000000000000000, 0.000000000000000000, 0.000000000000000000 ) ) ;
#1579 = VERTEX_POINT ( 'NONE', #5894 ) ;
#1580 = DIRECTION ( 'NONE',  ( 1.000000000000000000, 0.000000000000000000, 0.000000000000000000 ) ) ;
#1581 = ORIENTED_EDGE ( 'NONE', *, *, #6452, .T. ) ;
#1582 = AXIS2_PLACEMENT_3D ( 'NONE', #5123, #7492, #519 ) ;
#1583 = VERTEX_POINT ( 'NONE', #5307 ) ;
#1584 = DIRECTION ( 'NONE',  ( -1.000000000000000000, 0.000000000000000000, 0.000000000000000000 ) ) ;
#1585 = CARTESIAN_POINT ( 'NONE',  ( 0.000000000000000000, 0.000000000000000000, 0.000000000000000000 ) ) ;
#1586 = EDGE_CURVE ( 'NONE', #5657, #6447, #3708, .T. ) ;
#1587 = VECTOR ( 'NONE', #4249, 1000.000000000000000 ) ;
#1588 = DIRECTION ( 'NONE',  ( 0.000000000000000000, 0.000000000000000000, 1.000000000000000000 ) ) ;
#1589 = CARTESIAN_POINT ( 'NONE',  ( 0.000000000000000000, 0.9957969144634400971, -2.637344972028559997 ) ) ;
#1590 = CIRCLE ( 'NONE', #2447, 12.59999999999743991 ) ;
#1591 = AXIS2_PLACEMENT_3D ( 'NONE', #5515, #4938, #3221 ) ;
#1592 = EDGE_LOOP ( 'NONE', ( #3604, #6755, #7536, #6955 ) ) ;
#1593 = EDGE_LOOP ( 'NONE', ( #1964, #661, #4740, #1081 ) ) ;
#1594 = VECTOR ( 'NONE', #4800, 1000.000000000000000 ) ;
#1595 = VECTOR ( 'NONE', #419, 1000.000000000000000 ) ;
#1596 = FACE_OUTER_BOUND ( 'NONE', #867, .T. ) ;
#1597 = DIRECTION ( 'NONE',  ( 1.000000000000000000, 0.000000000000000000, 0.000000000000000000 ) ) ;
#1598 = ADVANCED_FACE ( 'NONE', ( #1258 ), #5340, .T. ) ;
#1599 = EDGE_CURVE ( 'NONE', #949, #7524, #1358, .T. ) ;
#1600 = DIRECTION ( 'NONE',  ( 0.000000000000000000, 0.000000000000000000, -1.000000000000000000 ) ) ;
#1601 = CARTESIAN_POINT ( 'NONE',  ( 0.000000000000000000, 0.000000000000000000, 0.000000000000000000 ) ) ;
#1602 = DIRECTION ( 'NONE',  ( 0.000000000000000000, 0.000000000000000000, -1.000000000000000000 ) ) ;
#1603 = AXIS2_PLACEMENT_3D ( 'NONE', #2187, #4536, #6123 ) ;
#1604 = CIRCLE ( 'NONE', #4561, 3.599999999999279776 ) ;
#1605 = AXIS2_PLACEMENT_3D ( 'NONE', #6713, #1259, #792 ) ;
#1606 = AXIS2_PLACEMENT_3D ( 'NONE', #2228, #4080, #6433 ) ;
#1607 = ORIENTED_EDGE ( 'NONE', *, *, #6346, .T. ) ;
#1608 = DIRECTION ( 'NONE',  ( 1.000000000000000000, 0.000000000000000000, 0.000000000000000000 ) ) ;
#1609 = CIRCLE ( 'NONE', #5918, 4.799999999999038813 ) ;
#1610 = DIRECTION ( 'NONE',  ( 0.000000000000000000, 0.000000000000000000, 1.000000000000000000 ) ) ;
#1611 = DIRECTION ( 'NONE',  ( 1.000000000000000000, 0.000000000000000000, 0.000000000000000000 ) ) ;
#1612 = DIRECTION ( 'NONE',  ( 1.000000000000000000, 0.000000000000000000, 0.000000000000000000 ) ) ;
#1613 = EDGE_CURVE ( 'NONE', #225, #3659, #6300, .T. ) ;
#1614 = DIRECTION ( 'NONE',  ( 1.000000000000000000, 0.000000000000000000, 0.000000000000000000 ) ) ;
#1615 = LINE ( 'NONE', #6795, #6965 ) ;
#1616 = CIRCLE ( 'NONE', #6043, 12.59999999999749853 ) ;
#1617 = ORIENTED_EDGE ( 'NONE', *, *, #6452, .F. ) ;
#1618 = AXIS2_PLACEMENT_3D ( 'NONE', #6047, #872, #291 ) ;
#1619 = ORIENTED_EDGE ( 'NONE', *, *, #3702, .T. ) ;
#1620 = VERTEX_POINT ( 'NONE', #7293 ) ;
#1621 = FACE_OUTER_BOUND ( 'NONE', #6881, .T. ) ;
#1622 = DIRECTION ( 'NONE',  ( 0.000000000000000000, 0.000000000000000000, 1.000000000000000000 ) ) ;
#1623 = EDGE_LOOP ( 'NONE', ( #3179, #5015, #1018, #4316 ) ) ;
#1624 = DIRECTION ( 'NONE',  ( -1.000000000000000000, 0.000000000000000000, 0.000000000000000000 ) ) ;
#1625 = ORIENTED_EDGE ( 'NONE', *, *, #1637, .T. ) ;
#1626 = ORIENTED_EDGE ( 'NONE', *, *, #461, .T. ) ;
#1627 = CARTESIAN_POINT ( 'NONE',  ( 4.000000000000000000, 11.14946795003226043, -1.493105967824114089 ) ) ;
#1628 = DIRECTION ( 'NONE',  ( -1.000000000000000000, 0.000000000000000000, 0.000000000000000000 ) ) ;
#1629 = DIRECTION ( 'NONE',  ( -1.000000000000000000, 0.000000000000000000, 0.000000000000000000 ) ) ;
#1630 = DIRECTION ( 'NONE',  ( -1.000000000000000000, 0.000000000000000000, 0.000000000000000000 ) ) ;
#1631 = VERTEX_POINT ( 'NONE', #1329 ) ;
#1632 = VERTEX_POINT ( 'NONE', #6163 ) ;
#1633 = FACE_OUTER_BOUND ( 'NONE', #4828, .T. ) ;
#1634 = LINE ( 'NONE', #3964, #7474 ) ;
#1635 = DIRECTION ( 'NONE',  ( -1.000000000000000000, 0.000000000000000000, 0.000000000000000000 ) ) ;
#1636 = CARTESIAN_POINT ( 'NONE',  ( 0.000000000000000000, 6.740122156885060001, 10.64569177227120100 ) ) ;
#1637 = EDGE_CURVE ( 'NONE', #4850, #6398, #5456, .T. ) ;
#1638 = EDGE_CURVE ( 'NONE', #3987, #5854, #3967, .T. ) ;
#1639 = EDGE_CURVE ( 'NONE', #6757, #1344, #2348, .T. ) ;
#1640 = EDGE_LOOP ( 'NONE', ( #7382, #4534, #1264, #231 ) ) ;
#1641 = CARTESIAN_POINT ( 'NONE',  ( 0.000000000000000000, 7.830283878801939323, 8.114299373255189352 ) ) ;
#1642 = CARTESIAN_POINT ( 'NONE',  ( -7.000000000000000000, -0.9957969144633199710, 2.637344972028785151 ) ) ;
#1643 = CARTESIAN_POINT ( 'NONE',  ( -7.000000000000000000, 6.938893903907229640E-14, 1.179611963664229834E-13 ) ) ;
#1644 = CARTESIAN_POINT ( 'NONE',  ( 0.000000000000000000, 3.120537423421500201, 12.20746682112890191 ) ) ;
#1645 = CARTESIAN_POINT ( 'NONE',  ( 4.000000000000000000, 4.865403235017369710, -10.14237902864180008 ) ) ;
#1646 = DIRECTION ( 'NONE',  ( 1.000000000000000000, 0.000000000000000000, 0.000000000000000000 ) ) ;
#1647 = CARTESIAN_POINT ( 'NONE',  ( -6.450000000000000178, -0.7445758530191349811, 2.718971643000535288 ) ) ;
#1648 = ADVANCED_FACE ( 'NONE', ( #3695 ), #5498, .T. ) ;
#1649 = ORIENTED_EDGE ( 'NONE', *, *, #4922, .F. ) ;
#1650 = CIRCLE ( 'NONE', #288, 4.799999999999039701 ) ;
#1651 = ORIENTED_EDGE ( 'NONE', *, *, #6070, .F. ) ;
#1652 = AXIS2_PLACEMENT_3D ( 'NONE', #3133, #7277, #111 ) ;
#1653 = ORIENTED_EDGE ( 'NONE', *, *, #1254, .T. ) ;
#1654 = CARTESIAN_POINT ( 'NONE',  ( 4.000000000000000000, 0.000000000000000000, 0.000000000000000000 ) ) ;
#1655 = DIRECTION ( 'NONE',  ( -1.000000000000000000, 0.000000000000000000, 0.000000000000000000 ) ) ;
#1656 = VECTOR ( 'NONE', #168, 1000.000000000000000 ) ;
#1657 = EDGE_CURVE ( 'NONE', #3332, #1135, #869, .T. ) ;
#1658 = EDGE_LOOP ( 'NONE', ( #5569, #7500, #3949, #5031 ) ) ;
#1659 = MECHANICAL_DESIGN_GEOMETRIC_PRESENTATION_REPRESENTATION (  '', ( #2027 ), #4736 ) ;
#1660 = EDGE_LOOP ( 'NONE', ( #7000, #4955, #2852, #1390 ) ) ;
#1661 = VECTOR ( 'NONE', #1212, 1000.000000000000000 ) ;
#1662 = DIRECTION ( 'NONE',  ( -1.000000000000000000, 0.000000000000000000, 0.000000000000000000 ) ) ;
#1663 = CIRCLE ( 'NONE', #6971, 4.799999999999049471 ) ;
#1664 = DIRECTION ( 'NONE',  ( -1.000000000000000000, 0.000000000000000000, 0.000000000000000000 ) ) ;
#1665 = DIRECTION ( 'NONE',  ( -1.000000000000000000, 0.000000000000000000, 0.000000000000000000 ) ) ;
#1666 = VECTOR ( 'NONE', #1949, 1000.000000000000000 ) ;
#1667 = VECTOR ( 'NONE', #153, 1000.000000000000000 ) ;
#1668 = CIRCLE ( 'NONE', #1544, 4.799999999999040590 ) ;
#1669 = EDGE_LOOP ( 'NONE', ( #3624, #2900, #802, #7331, #131, #4812, #4451, #5808, #2984, #3929, #3422, #4718, #2185, #3550, #6478, #965, #6207, #575, #1132, #4837, #916, #3085, #353, #5973, #1847, #4937, #2986, #4335, #2214, #3136, #6464, #3471, #4029, #297, #7098, #6583, #4396, #978, #4363, #3255, #3111, #3862, #6595, #7568, #1396, #6368, #3958, #3516, #6924, #937, #6136, #2525, #6510, #6915, #7569, #2119, #2888, #5517, #5233, #2884, #4784, #756, #3163, #1789, #2032, #4024, #569, #5497, #3117, #5322, #3667, #2376, #3131, #3599, #2499, #1626, #2999, #6408, #2149, #2758, #5619, #1335, #4061, #257, #2113, #6571, #2941, #7638, #4779, #4390, #5396, #4980, #6785, #5920, #6337, #6721, #1998, #7312, #5006, #4016, #7152, #3509, #2367, #5429, #6067, #749, #3712, #4439, #5416, #6211, #2994, #2061, #7071, #1077, #7108, #4996, #6798, #6919, #6726, #4412, #1884, #5474, #4586, #1607, #1363, #1265, #4508, #5510, #3584, #5082, #606, #1109, #6515, #4235, #99, #302, #1070, #4488, #3370, #3731, #4568, #4126, #1944, #6696, #1519, #1574, #1338, #2830, #6523, #5606, #415, #605, #6559, #4049, #6990, #4032, #6295, #1619, #1234, #210, #3438, #127, #7186, #6885, #1096, #5638, #3921, #4638, #4916, #530 ) ) ;
#1670 = AXIS2_PLACEMENT_3D ( 'NONE', #2362, #7582, #4037 ) ;
#1671 = DIRECTION ( 'NONE',  ( 1.000000000000000000, 0.000000000000000000, 0.000000000000000000 ) ) ;
#1672 = CARTESIAN_POINT ( 'NONE',  ( 0.000000000000000000, -11.27452294072310046, -0.2008292820900010045 ) ) ;
#1673 = CARTESIAN_POINT ( 'NONE',  ( 4.000000000000000000, 11.27452294072310046, 0.2008292820899199860 ) ) ;
#1674 = DIRECTION ( 'NONE',  ( 1.000000000000000000, 0.000000000000000000, 0.000000000000000000 ) ) ;
#1675 = EDGE_CURVE ( 'NONE', #1135, #4846, #4425, .T. ) ;
#1676 = CIRCLE ( 'NONE', #6365, 4.799999999999039701 ) ;
#1677 = VERTEX_POINT ( 'NONE', #4956 ) ;
#1678 = CYLINDRICAL_SURFACE ( 'NONE', #1876, 12.59999999999749853 ) ;
#1679 = CARTESIAN_POINT ( 'NONE',  ( 0.000000000000000000, 0.000000000000000000, 0.000000000000000000 ) ) ;
#1680 = CARTESIAN_POINT ( 'NONE',  ( 3.500000000000000000, 1.565367224445479932, 11.16713147563269892 ) ) ;
#1681 = DIRECTION ( 'NONE',  ( 0.000000000000000000, 0.000000000000000000, 1.000000000000000000 ) ) ;
#1682 = DIRECTION ( 'NONE',  ( 0.000000000000000000, 0.000000000000000000, 1.000000000000000000 ) ) ;
#1683 = DIRECTION ( 'NONE',  ( 1.000000000000000000, 0.000000000000000000, 0.000000000000000000 ) ) ;
#1684 = EDGE_CURVE ( 'NONE', #4060, #6018, #6790, .T. ) ;
#1685 = ADVANCED_FACE ( 'NONE', ( #1995 ), #1495, .T. ) ;
#1686 = FACE_OUTER_BOUND ( 'NONE', #5102, .T. ) ;
#1687 = AXIS2_PLACEMENT_3D ( 'NONE', #1295, #5934, #5857 ) ;
#1688 = ORIENTED_EDGE ( 'NONE', *, *, #1638, .F. ) ;
#1689 = VERTEX_POINT ( 'NONE', #6125 ) ;
#1690 = VERTEX_POINT ( 'NONE', #2529 ) ;
#1691 = DIRECTION ( 'NONE',  ( -1.000000000000000000, 0.000000000000000000, 0.000000000000000000 ) ) ;
#1692 = DIRECTION ( 'NONE',  ( 0.000000000000000000, -1.000000000000000000, -1.047444401652940164E-14 ) ) ;
#1693 = EDGE_CURVE ( 'NONE', #5495, #7575, #1856, .T. ) ;
#1694 = EDGE_CURVE ( 'NONE', #6018, #1823, #6547, .T. ) ;
#1695 = ORIENTED_EDGE ( 'NONE', *, *, #6366, .F. ) ;
#1696 = VERTEX_POINT ( 'NONE', #1375 ) ;
#1697 = ORIENTED_EDGE ( 'NONE', *, *, #5387, .T. ) ;
#1698 = DIRECTION ( 'NONE',  ( 0.000000000000000000, 0.4539904997395479702, -0.8910065241883673437 ) ) ;
#1699 = CARTESIAN_POINT ( 'NONE',  ( 4.000000000000000000, -10.78476817202770022, -3.293019194759220003 ) ) ;
#1700 = EDGE_CURVE ( 'NONE', #3441, #3844, #6178, .T. ) ;
#1701 = CARTESIAN_POINT ( 'NONE',  ( -7.000000000000000000, 0.9957969144633960212, 2.637344972028809575 ) ) ;
#1702 = ORIENTED_EDGE ( 'NONE', *, *, #7076, .T. ) ;
#1703 = VERTEX_POINT ( 'NONE', #3238 ) ;
#1704 = DIRECTION ( 'NONE',  ( 0.000000000000000000, 0.000000000000000000, -1.000000000000000000 ) ) ;
#1705 = DIRECTION ( 'NONE',  ( -1.000000000000000000, 0.000000000000000000, 0.000000000000000000 ) ) ;
#1706 = AXIS2_PLACEMENT_3D ( 'NONE', #335, #2695, #6166 ) ;
#1707 = FACE_OUTER_BOUND ( 'NONE', #1669, .T. ) ;
#1708 = CARTESIAN_POINT ( 'NONE',  ( 3.500000000000000000, -11.14946795003230129, -1.493105967824359892 ) ) ;
#1709 = AXIS2_PLACEMENT_3D ( 'NONE', #4599, #5830, #2321 ) ;
#1710 = AXIS2_PLACEMENT_3D ( 'NONE', #7443, #2147, #3389 ) ;
#1711 = ORIENTED_EDGE ( 'NONE', *, *, #6322, .T. ) ;
#1712 = FACE_OUTER_BOUND ( 'NONE', #1328, .T. ) ;
#1713 = CARTESIAN_POINT ( 'NONE',  ( 4.000000000000000000, 0.000000000000000000, 0.000000000000000000 ) ) ;
#1714 = ORIENTED_EDGE ( 'NONE', *, *, #412, .T. ) ;
#1715 = VERTEX_POINT ( 'NONE', #6083 ) ;
#1716 = CARTESIAN_POINT ( 'NONE',  ( 4.000000000000000000, 0.000000000000000000, 0.000000000000000000 ) ) ;
#1717 = DIRECTION ( 'NONE',  ( 0.000000000000000000, 0.000000000000000000, -1.000000000000000000 ) ) ;
#1718 = AXIS2_PLACEMENT_3D ( 'NONE', #1062, #480, #4002 ) ;
#1719 = CARTESIAN_POINT ( 'NONE',  ( -7.000000000000000000, -2.220648660249819883, -0.3559782686179940314 ) ) ;
#1720 = AXIS2_PLACEMENT_3D ( 'NONE', #3208, #6760, #3744 ) ;
#1721 = DIRECTION ( 'NONE',  ( 1.000000000000000000, 0.000000000000000000, 0.000000000000000000 ) ) ;
#1722 = EDGE_LOOP ( 'NONE', ( #490, #3237 ) ) ;
#1723 = ORIENTED_EDGE ( 'NONE', *, *, #5870, .T. ) ;
#1724 = ORIENTED_EDGE ( 'NONE', *, *, #5091, .T. ) ;
#1725 = CARTESIAN_POINT ( 'NONE',  ( 3.500000000000000000, 11.16713147563269892, -1.565367224445519900 ) ) ;
#1726 = CARTESIAN_POINT ( 'NONE',  ( -6.450000000000000178, 6.938893903907229640E-14, 1.179611963664229834E-13 ) ) ;
#1727 = ORIENTED_EDGE ( 'NONE', *, *, #1027, .F. ) ;
#1728 = VECTOR ( 'NONE', #6481, 1000.000000000000000 ) ;
#1729 = AXIS2_PLACEMENT_3D ( 'NONE', #6964, #4071, #2902 ) ;
#1730 = VERTEX_POINT ( 'NONE', #2075 ) ;
#1731 = EDGE_CURVE ( 'NONE', #2662, #896, #4933, .T. ) ;
#1732 = VERTEX_POINT ( 'NONE', #1955 ) ;
#1733 = ADVANCED_FACE ( 'NONE', ( #4310 ), #3734, .T. ) ;
#1734 = ORIENTED_EDGE ( 'NONE', *, *, #4022, .T. ) ;
#1735 = FACE_OUTER_BOUND ( 'NONE', #1438, .T. ) ;
#1736 = CARTESIAN_POINT ( 'NONE',  ( 0.000000000000000000, 1.565367224445640026, -11.16713147563269892 ) ) ;
#1737 = DIRECTION ( 'NONE',  ( 0.000000000000000000, 0.000000000000000000, 1.000000000000000000 ) ) ;
#1738 = ORIENTED_EDGE ( 'NONE', *, *, #6029, .T. ) ;
#1739 = VERTEX_POINT ( 'NONE', #5579 ) ;
#1740 = EDGE_CURVE ( 'NONE', #3056, #805, #2600, .T. ) ;
#1741 = DIRECTION ( 'NONE',  ( 0.000000000000000000, 0.000000000000000000, -1.000000000000000000 ) ) ;
#1742 = CARTESIAN_POINT ( 'NONE',  ( 1.750000000000000000, -12.54533224990190021, -1.172449887844670080 ) ) ;
#1743 = EDGE_LOOP ( 'NONE', ( #393, #1124, #3029, #1232 ) ) ;
#1744 = DIRECTION ( 'NONE',  ( 0.000000000000000000, 0.000000000000000000, -1.000000000000000000 ) ) ;
#1745 = CARTESIAN_POINT ( 'NONE',  ( 4.000000000000000000, -1.565367224445560090, 11.16713147563269892 ) ) ;
#1746 = AXIS2_PLACEMENT_3D ( 'NONE', #1100, #2875, #5074 ) ;
#1747 = AXIS2_PLACEMENT_3D ( 'NONE', #1986, #4336, #3762 ) ;
#1748 = ORIENTED_EDGE ( 'NONE', *, *, #406, .F. ) ;
#1749 = CARTESIAN_POINT ( 'NONE',  ( 0.000000000000000000, 10.61210460920450060, 3.731385367829199939 ) ) ;
#1750 = CARTESIAN_POINT ( 'NONE',  ( 0.000000000000000000, 6.425429397282369948, -10.83853574337769921 ) ) ;
#1751 = DIRECTION ( 'NONE',  ( 0.000000000000000000, 0.000000000000000000, -1.000000000000000000 ) ) ;
#1752 = DIRECTION ( 'NONE',  ( 0.000000000000000000, 0.000000000000000000, 1.000000000000000000 ) ) ;
#1753 = DIRECTION ( 'NONE',  ( 1.000000000000000000, 0.000000000000000000, 0.000000000000000000 ) ) ;
#1754 = DIRECTION ( 'NONE',  ( -1.000000000000000000, 0.000000000000000000, 0.000000000000000000 ) ) ;
#1755 = CARTESIAN_POINT ( 'NONE',  ( 0.000000000000000000, 9.239325152756089565, 6.464524009011320516 ) ) ;
#1756 = CIRCLE ( 'NONE', #1017, 12.59999999999749853 ) ;
#1757 = AXIS2_PLACEMENT_3D ( 'NONE', #6344, #4575, #400 ) ;
#1758 = ORIENTED_EDGE ( 'NONE', *, *, #7588, .F. ) ;
#1759 = ORIENTED_EDGE ( 'NONE', *, *, #3914, .T. ) ;
#1760 = EDGE_LOOP ( 'NONE', ( #2549, #339, #5244, #6679 ) ) ;
#1761 = CARTESIAN_POINT ( 'NONE',  ( -7.000000000000000000, -2.815982290881379857, -1.332074728020442134 ) ) ;
#1762 = DIRECTION ( 'NONE',  ( -1.000000000000000000, 0.000000000000000000, 0.000000000000000000 ) ) ;
#1763 = DIRECTION ( 'NONE',  ( 0.000000000000000000, 0.000000000000000000, 1.000000000000000000 ) ) ;
#1764 = CIRCLE ( 'NONE', #1147, 12.59999999999751985 ) ;
#1765 = AXIS2_PLACEMENT_3D ( 'NONE', #4716, #3603, #6427 ) ;
#1766 = ORIENTED_EDGE ( 'NONE', *, *, #4796, .F. ) ;
#1767 = ORIENTED_EDGE ( 'NONE', *, *, #602, .F. ) ;
#1768 = ORIENTED_EDGE ( 'NONE', *, *, #1774, .T. ) ;
#1769 = DIRECTION ( 'NONE',  ( -1.000000000000000000, 0.000000000000000000, 0.000000000000000000 ) ) ;
#1770 = DIRECTION ( 'NONE',  ( 0.000000000000000000, 0.000000000000000000, -1.000000000000000000 ) ) ;
#1771 = VECTOR ( 'NONE', #823, 1000.000000000000000 ) ;
#1772 = DIRECTION ( 'NONE',  ( -1.000000000000000000, 0.000000000000000000, 0.000000000000000000 ) ) ;
#1773 = EDGE_CURVE ( 'NONE', #2091, #5339, #250, .T. ) ;
#1774 = EDGE_CURVE ( 'NONE', #1739, #7144, #1022, .T. ) ;
#1775 = CARTESIAN_POINT ( 'NONE',  ( 3.500000000000000000, -9.897734717811939475, 5.345544729564010389 ) ) ;
#1776 = ORIENTED_EDGE ( 'NONE', *, *, #1821, .F. ) ;
#1777 = ORIENTED_EDGE ( 'NONE', *, *, #784, .T. ) ;
#1778 = AXIS2_PLACEMENT_3D ( 'NONE', #154, #1907, #2413 ) ;
#1779 = CIRCLE ( 'NONE', #6097, 1.199999999999759925 ) ;
#1780 = DIRECTION ( 'NONE',  ( 0.000000000000000000, 0.7071067811865491270, -0.7071067811865461294 ) ) ;
#1781 = LINE ( 'NONE', #5731, #1050 ) ;
#1782 = ORIENTED_EDGE ( 'NONE', *, *, #4278, .F. ) ;
#1783 = DIRECTION ( 'NONE',  ( -1.000000000000000000, 0.000000000000000000, 0.000000000000000000 ) ) ;
#1784 = EDGE_CURVE ( 'NONE', #5554, #2242, #2235, .T. ) ;
#1785 = EDGE_CURVE ( 'NONE', #6675, #4976, #950, .T. ) ;
#1786 = CIRCLE ( 'NONE', #2039, 12.59999999999749853 ) ;
#1787 = CIRCLE ( 'NONE', #2786, 12.59999999999749853 ) ;
#1788 = CIRCLE ( 'NONE', #6102, 1.199999999999764144 ) ;
#1789 = ORIENTED_EDGE ( 'NONE', *, *, #602, .T. ) ;
#1790 = CYLINDRICAL_SURFACE ( 'NONE', #6836, 4.799999999999039701 ) ;
#1791 = CIRCLE ( 'NONE', #6107, 11.24899999999773925 ) ;
#1792 = CARTESIAN_POINT ( 'NONE',  ( 3.500000000000000000, -1.565367224445560090, 11.16713147563269892 ) ) ;
#1793 = DIRECTION ( 'NONE',  ( 1.000000000000000000, 0.000000000000000000, 0.000000000000000000 ) ) ;
#1794 = CARTESIAN_POINT ( 'NONE',  ( 3.500000000000000000, 11.49673527345744084, -3.223302876579274834 ) ) ;
#1795 = FACE_OUTER_BOUND ( 'NONE', #1030, .T. ) ;
#1796 = AXIS2_PLACEMENT_3D ( 'NONE', #601, #466, #1588 ) ;
#1797 = CARTESIAN_POINT ( 'NONE',  ( 0.000000000000000000, -11.24577273141099987, -0.2694376985535190117 ) ) ;
#1798 = DIRECTION ( 'NONE',  ( 0.000000000000000000, 0.1564344650402239856, 0.9876883405951388806 ) ) ;
#1799 = EDGE_CURVE ( 'NONE', #4295, #1965, #5699, .T. ) ;
#1800 = ORIENTED_EDGE ( 'NONE', *, *, #6366, .T. ) ;
#1801 = ORIENTED_EDGE ( 'NONE', *, *, #4717, .T. ) ;
#1802 = VERTEX_POINT ( 'NONE', #5663 ) ;
#1803 = DIRECTION ( 'NONE',  ( -1.000000000000000000, 0.000000000000000000, 0.000000000000000000 ) ) ;
#1804 = CARTESIAN_POINT ( 'NONE',  ( 3.500000000000000000, 6.392119685101209647, 9.256392760211229032 ) ) ;
#1805 = LINE ( 'NONE', #49, #5356 ) ;
#1806 = ORIENTED_EDGE ( 'NONE', *, *, #4438, .T. ) ;
#1807 = VERTEX_POINT ( 'NONE', #6831 ) ;
#1808 = ORIENTED_EDGE ( 'NONE', *, *, #2818, .F. ) ;
#1809 = EDGE_CURVE ( 'NONE', #6608, #3217, #6907, .T. ) ;
#1810 = DIRECTION ( 'NONE',  ( -1.000000000000000000, 0.000000000000000000, 0.000000000000000000 ) ) ;
#1811 = DIRECTION ( 'NONE',  ( 0.000000000000000000, 0.000000000000000000, 1.000000000000000000 ) ) ;
#1812 = CARTESIAN_POINT ( 'NONE',  ( 0.000000000000000000, 6.938893903907229640E-14, 1.179611963664229834E-13 ) ) ;
#1813 = AXIS2_PLACEMENT_3D ( 'NONE', #2710, #2090, #3216 ) ;
#1814 = CARTESIAN_POINT ( 'NONE',  ( 3.500000000000000000, -1.962080705186169949, 11.10429823301639907 ) ) ;
#1815 = ORIENTED_EDGE ( 'NONE', *, *, #6712, .T. ) ;
#1816 = ADVANCED_FACE ( 'NONE', ( #2734 ), #2807, .T. ) ;
#1817 = DIRECTION ( 'NONE',  ( 0.000000000000000000, 0.000000000000000000, -1.000000000000000000 ) ) ;
#1818 = VERTEX_POINT ( 'NONE', #2189 ) ;
#1819 = CARTESIAN_POINT ( 'NONE',  ( -6.450000000000000178, -2.172984797950524793, 2.870215508959410133 ) ) ;
#1820 = DIRECTION ( 'NONE',  ( 0.000000000000000000, 0.000000000000000000, -1.000000000000000000 ) ) ;
#1821 = EDGE_CURVE ( 'NONE', #6761, #6818, #5742, .T. ) ;
#1822 = VECTOR ( 'NONE', #4873, 1000.000000000000000 ) ;
#1823 = VERTEX_POINT ( 'NONE', #1644 ) ;
#1824 = DIRECTION ( 'NONE',  ( -1.000000000000000000, 0.000000000000000000, 0.000000000000000000 ) ) ;
#1825 = EDGE_CURVE ( 'NONE', #1579, #7460, #2771, .T. ) ;
#1826 = LINE ( 'NONE', #622, #3069 ) ;
#1827 = CYLINDRICAL_SURFACE ( 'NONE', #7440, 4.799999999999039701 ) ;
#1828 = DIRECTION ( 'NONE',  ( 1.000000000000000000, 0.000000000000000000, 0.000000000000000000 ) ) ;
#1829 = LINE ( 'NONE', #1948, #1041 ) ;
#1830 = AXIS2_PLACEMENT_3D ( 'NONE', #5147, #7433, #5687 ) ;
#1831 = DIRECTION ( 'NONE',  ( -1.000000000000000000, 0.000000000000000000, 0.000000000000000000 ) ) ;
#1832 = DIRECTION ( 'NONE',  ( 0.000000000000000000, 0.000000000000000000, 1.000000000000000000 ) ) ;
#1833 = VECTOR ( 'NONE', #4515, 1000.000000000000000 ) ;
#1834 = AXIS2_PLACEMENT_3D ( 'NONE', #3313, #5658, #5071 ) ;
#1835 = AXIS2_PLACEMENT_3D ( 'NONE', #4212, #1191, #3628 ) ;
#1836 = ORIENTED_EDGE ( 'NONE', *, *, #1700, .T. ) ;
#1837 = EDGE_CURVE ( 'NONE', #1883, #4794, #1380, .T. ) ;
#1838 = AXIS2_PLACEMENT_3D ( 'NONE', #2873, #7595, #5259 ) ;
#1839 = ORIENTED_EDGE ( 'NONE', *, *, #1074, .F. ) ;
#1840 = CARTESIAN_POINT ( 'NONE',  ( 0.000000000000000000, 6.938893903907229640E-14, 1.179611963664229834E-13 ) ) ;
#1841 = VECTOR ( 'NONE', #3706, 1000.000000000000000 ) ;
#1842 = CARTESIAN_POINT ( 'NONE',  ( 4.000000000000000000, 0.000000000000000000, 0.000000000000000000 ) ) ;
#1843 = DIRECTION ( 'NONE',  ( -1.000000000000000000, 0.000000000000000000, 0.000000000000000000 ) ) ;
#1844 = EDGE_LOOP ( 'NONE', ( #4146, #1360, #3631, #228 ) ) ;
#1845 = AXIS2_PLACEMENT_3D ( 'NONE', #3748, #3041, #7230 ) ;
#1846 = AXIS2_PLACEMENT_3D ( 'NONE', #4775, #1762, #7031 ) ;
#1847 = ORIENTED_EDGE ( 'NONE', *, *, #6884, .T. ) ;
#1848 = ORIENTED_EDGE ( 'NONE', *, *, #1799, .T. ) ;
#1849 = ORIENTED_EDGE ( 'NONE', *, *, #4229, .T. ) ;
#1850 = DIRECTION ( 'NONE',  ( 0.000000000000000000, 0.000000000000000000, 1.000000000000000000 ) ) ;
#1851 = CYLINDRICAL_SURFACE ( 'NONE', #7213, 3.599999999999274891 ) ;
#1852 = AXIS2_PLACEMENT_3D ( 'NONE', #2580, #3905, #2046 ) ;
#1853 = CARTESIAN_POINT ( 'NONE',  ( 0.000000000000000000, -1.172449887844629890, 12.54533224990190021 ) ) ;
#1854 = LINE ( 'NONE', #1775, #6214 ) ;
#1855 = ORIENTED_EDGE ( 'NONE', *, *, #3816, .T. ) ;
#1856 = CIRCLE ( 'NONE', #498, 4.799999999999039701 ) ;
#1857 = FACE_OUTER_BOUND ( 'NONE', #5455, .T. ) ;
#1858 = VERTEX_POINT ( 'NONE', #5155 ) ;
#1859 = LINE ( 'NONE', #4863, #672 ) ;
#1860 = DIRECTION ( 'NONE',  ( 1.000000000000000000, 0.000000000000000000, 0.000000000000000000 ) ) ;
#1861 = VECTOR ( 'NONE', #7268, 1000.000000000000000 ) ;
#1862 = EDGE_CURVE ( 'NONE', #4648, #3993, #396, .T. ) ;
#1863 = ORIENTED_EDGE ( 'NONE', *, *, #455, .T. ) ;
#1864 = ORIENTED_EDGE ( 'NONE', *, *, #833, .T. ) ;
#1865 = CARTESIAN_POINT ( 'NONE',  ( 1.750000000000000000, -11.71025399327550076, -4.650801158178279771 ) ) ;
#1866 = CARTESIAN_POINT ( 'NONE',  ( 4.000000000000000000, 3.293019194759259971, -10.78476817202770022 ) ) ;
#1867 = CARTESIAN_POINT ( 'NONE',  ( 0.000000000000000000, -1.587303728247745127, 1.593257001958239938 ) ) ;
#1868 = CARTESIAN_POINT ( 'NONE',  ( 0.000000000000000000, 5.345544729564180919, -9.897734717811850658 ) ) ;
#1869 = FACE_OUTER_BOUND ( 'NONE', #6130, .T. ) ;
#1870 = CARTESIAN_POINT ( 'NONE',  ( 0.000000000000000000, 0.000000000000000000, 0.000000000000000000 ) ) ;
#1871 = DIRECTION ( 'NONE',  ( 1.000000000000000000, 0.000000000000000000, 0.000000000000000000 ) ) ;
#1872 = EDGE_CURVE ( 'NONE', #3118, #6581, #3895, .T. ) ;
#1873 = EDGE_CURVE ( 'NONE', #2545, #2983, #6063, .T. ) ;
#1874 = EDGE_CURVE ( 'NONE', #1294, #2091, #5080, .T. ) ;
#1875 = ADVANCED_FACE ( 'NONE', ( #4045 ), #517, .T. ) ;
#1876 = AXIS2_PLACEMENT_3D ( 'NONE', #2018, #3682, #6617 ) ;
#1877 = ORIENTED_EDGE ( 'NONE', *, *, #4843, .T. ) ;
#1878 = ORIENTED_EDGE ( 'NONE', *, *, #5368, .F. ) ;
#1879 = DIRECTION ( 'NONE',  ( -1.000000000000000000, 0.000000000000000000, 0.000000000000000000 ) ) ;
#1880 = DIRECTION ( 'NONE',  ( 0.000000000000000000, 0.000000000000000000, 1.000000000000000000 ) ) ;
#1881 = LINE ( 'NONE', #6588, #2026 ) ;
#1882 = ADVANCED_FACE ( 'NONE', ( #1064 ), #6873, .T. ) ;
#1883 = VERTEX_POINT ( 'NONE', #2229 ) ;
#1884 = ORIENTED_EDGE ( 'NONE', *, *, #972, .T. ) ;
#1885 = ORIENTED_EDGE ( 'NONE', *, *, #4291, .T. ) ;
#1886 = LINE ( 'NONE', #1125, #845 ) ;
#1887 = CARTESIAN_POINT ( 'NONE',  ( -6.450000000000000178, -0.9957969144633199710, 2.637344972028785151 ) ) ;
#1888 = ORIENTED_EDGE ( 'NONE', *, *, #292, .F. ) ;
#1889 = DIRECTION ( 'NONE',  ( 0.000000000000000000, 0.000000000000000000, 1.000000000000000000 ) ) ;
#1890 = EDGE_CURVE ( 'NONE', #4609, #6459, #3485, .T. ) ;
#1891 = LINE ( 'NONE', #728, #4211 ) ;
#1892 = EDGE_LOOP ( 'NONE', ( #4124, #751, #5424, #7086 ) ) ;
#1893 = VECTOR ( 'NONE', #3673, 1000.000000000000000 ) ;
#1894 = VECTOR ( 'NONE', #5565, 1000.000000000000000 ) ;
#1895 = EDGE_CURVE ( 'NONE', #2698, #4404, #4467, .T. ) ;
#1896 = CYLINDRICAL_SURFACE ( 'NONE', #4020, 12.59999999999749853 ) ;
#1897 = ORIENTED_EDGE ( 'NONE', *, *, #69, .T. ) ;
#1898 = DIRECTION ( 'NONE',  ( 1.000000000000000000, 0.000000000000000000, 0.000000000000000000 ) ) ;
#1899 = CYLINDRICAL_SURFACE ( 'NONE', #6334, 4.799999999999039701 ) ;
#1900 = AXIS2_PLACEMENT_3D ( 'NONE', #295, #7372, #5004 ) ;
#1901 = VECTOR ( 'NONE', #6094, 1000.000000000000000 ) ;
#1902 = ORIENTED_EDGE ( 'NONE', *, *, #6813, .T. ) ;
#1903 = CARTESIAN_POINT ( 'NONE',  ( 0.000000000000000000, 9.954498911157321217, 5.297466504774040352 ) ) ;
#1904 = CIRCLE ( 'NONE', #6227, 12.59999999999749853 ) ;
#1905 = CARTESIAN_POINT ( 'NONE',  ( -7.000000000000000000, -0.7445758530190920155, -2.718971643000315019 ) ) ;
#1906 = DIRECTION ( 'NONE',  ( -1.000000000000000000, 0.000000000000000000, 0.000000000000000000 ) ) ;
#1907 = DIRECTION ( 'NONE',  ( 1.000000000000000000, 0.000000000000000000, 0.000000000000000000 ) ) ;
#1908 = DIRECTION ( 'NONE',  ( 0.000000000000000000, 0.000000000000000000, -1.000000000000000000 ) ) ;
#1909 = AXIS2_PLACEMENT_3D ( 'NONE', #3753, #230, #769 ) ;
#1910 = CARTESIAN_POINT ( 'NONE',  ( 0.000000000000000000, 11.27452294072310046, 5.000829282088959715 ) ) ;
#1911 = AXIS2_PLACEMENT_3D ( 'NONE', #6661, #4832, #3727 ) ;
#1912 = CIRCLE ( 'NONE', #6975, 12.59999999999749853 ) ;
#1913 = AXIS2_PLACEMENT_3D ( 'NONE', #3885, #4571, #2143 ) ;
#1914 = AXIS2_PLACEMENT_3D ( 'NONE', #4595, #4172, #181 ) ;
#1915 = ORIENTED_EDGE ( 'NONE', *, *, #1693, .T. ) ;
#1916 = CARTESIAN_POINT ( 'NONE',  ( -10.00000000000000000, 0.000000000000000000, 0.000000000000000000 ) ) ;
#1917 = CIRCLE ( 'NONE', #5618, 4.799999999999059241 ) ;
#1918 = ORIENTED_EDGE ( 'NONE', *, *, #4711, .T. ) ;
#1919 = ADVANCED_FACE ( 'NONE', ( #4723 ), #3572, .T. ) ;
#1920 = DIRECTION ( 'NONE',  ( 0.000000000000000000, 0.000000000000000000, 1.000000000000000000 ) ) ;
#1921 = EDGE_CURVE ( 'NONE', #4271, #1579, #3106, .T. ) ;
#1922 = CARTESIAN_POINT ( 'NONE',  ( 3.500000000000000000, 3.731385367829310074, -10.61210460920450060 ) ) ;
#1923 = FACE_OUTER_BOUND ( 'NONE', #6540, .T. ) ;
#1924 = ORIENTED_EDGE ( 'NONE', *, *, #7247, .F. ) ;
#1925 = ORIENTED_EDGE ( 'NONE', *, *, #1513, .T. ) ;
#1926 = EDGE_LOOP ( 'NONE', ( #2803, #4941, #607, #2997 ) ) ;
#1927 = DIRECTION ( 'NONE',  ( -1.000000000000000000, 0.000000000000000000, 0.000000000000000000 ) ) ;
#1928 = EDGE_CURVE ( 'NONE', #3879, #3479, #7017, .T. ) ;
#1929 = EDGE_CURVE ( 'NONE', #5346, #1304, #3409, .T. ) ;
#1930 = DIRECTION ( 'NONE',  ( -1.000000000000000000, 0.000000000000000000, 0.000000000000000000 ) ) ;
#1931 = ORIENTED_EDGE ( 'NONE', *, *, #6415, .F. ) ;
#1932 = CARTESIAN_POINT ( 'NONE',  ( -6.450000000000000178, -2.815982290881379857, -1.332074728020443910 ) ) ;
#1933 = CARTESIAN_POINT ( 'NONE',  ( -10.00000000000000000, 0.000000000000000000, 0.000000000000000000 ) ) ;
#1934 = AXIS2_PLACEMENT_3D ( 'NONE', #599, #4840, #3545 ) ;
#1935 = CARTESIAN_POINT ( 'NONE',  ( 3.500000000000000000, -1.493105967824319924, 11.14946795003230129 ) ) ;
#1936 = ORIENTED_EDGE ( 'NONE', *, *, #1496, .F. ) ;
#1937 = EDGE_CURVE ( 'NONE', #1730, #1732, #2163, .T. ) ;
#1938 = EDGE_CURVE ( 'NONE', #2955, #5005, #1786, .T. ) ;
#1939 = FACE_OUTER_BOUND ( 'NONE', #3046, .T. ) ;
#1940 = CARTESIAN_POINT ( 'NONE',  ( 4.000000000000000000, 0.000000000000000000, 0.000000000000000000 ) ) ;
#1941 = LINE ( 'NONE', #4942, #1273 ) ;
#1942 = VERTEX_POINT ( 'NONE', #6505 ) ;
#1943 = ORIENTED_EDGE ( 'NONE', *, *, #365, .T. ) ;
#1944 = ORIENTED_EDGE ( 'NONE', *, *, #183, .T. ) ;
#1945 = DIRECTION ( 'NONE',  ( -1.000000000000000000, 0.000000000000000000, 0.000000000000000000 ) ) ;
#1946 = CARTESIAN_POINT ( 'NONE',  ( 3.500000000000000000, 10.78476817202779969, -3.293019194759140067 ) ) ;
#1947 = DIRECTION ( 'NONE',  ( 0.000000000000000000, 0.000000000000000000, -1.000000000000000000 ) ) ;
#1948 = CARTESIAN_POINT ( 'NONE',  ( -7.000000000000000000, 3.401226394052359936, 1.179685982114357934 ) ) ;
#1949 = DIRECTION ( 'NONE',  ( -1.000000000000000000, 0.000000000000000000, 0.000000000000000000 ) ) ;
#1950 = DIRECTION ( 'NONE',  ( 0.000000000000000000, 0.000000000000000000, -1.000000000000000000 ) ) ;
#1951 = AXIS2_PLACEMENT_3D ( 'NONE', #5847, #3574, #2915 ) ;
#1952 = ORIENTED_EDGE ( 'NONE', *, *, #1313, .T. ) ;
#1953 = DIRECTION ( 'NONE',  ( -1.000000000000000000, 0.000000000000000000, 0.000000000000000000 ) ) ;
#1954 = ORIENTED_EDGE ( 'NONE', *, *, #4987, .T. ) ;
#1955 = CARTESIAN_POINT ( 'NONE',  ( 0.000000000000000000, 12.57428996311180036, 0.8045072551091970725 ) ) ;
#1956 = AXIS2_PLACEMENT_3D ( 'NONE', #2051, #6019, #100 ) ;
#1957 = FACE_OUTER_BOUND ( 'NONE', #524, .T. ) ;
#1958 = AXIS2_PLACEMENT_3D ( 'NONE', #7057, #5301, #2299 ) ;
#1959 = CARTESIAN_POINT ( 'NONE',  ( 0.000000000000000000, 0.000000000000000000, 0.000000000000000000 ) ) ;
#1960 = EDGE_CURVE ( 'NONE', #6666, #6886, #3143, .T. ) ;
#1961 = ORIENTED_EDGE ( 'NONE', *, *, #2876, .T. ) ;
#1962 = CIRCLE ( 'NONE', #3068, 4.799999999999039701 ) ;
#1963 = AXIS2_PLACEMENT_3D ( 'NONE', #2858, #5351, #2892 ) ;
#1964 = ORIENTED_EDGE ( 'NONE', *, *, #2452, .F. ) ;
#1965 = VERTEX_POINT ( 'NONE', #1136 ) ;
#1966 = CARTESIAN_POINT ( 'NONE',  ( 3.500000000000000000, 0.000000000000000000, 0.000000000000000000 ) ) ;
#1967 = CYLINDRICAL_SURFACE ( 'NONE', #2576, 4.799999999999039701 ) ;
#1968 = ORIENTED_EDGE ( 'NONE', *, *, #7281, .T. ) ;
#1969 = DIRECTION ( 'NONE',  ( 1.000000000000000000, 0.000000000000000000, 0.000000000000000000 ) ) ;
#1970 = LINE ( 'NONE', #3670, #5676 ) ;
#1971 = AXIS2_PLACEMENT_3D ( 'NONE', #6542, #6503, #1206 ) ;
#1972 = AXIS2_PLACEMENT_3D ( 'NONE', #6354, #3430, #3464 ) ;
#1973 = EDGE_CURVE ( 'NONE', #2545, #3894, #1542, .T. ) ;
#1974 = EDGE_CURVE ( 'NONE', #5485, #6364, #5859, .T. ) ;
#1975 = DIRECTION ( 'NONE',  ( -1.000000000000000000, 0.000000000000000000, 0.000000000000000000 ) ) ;
#1976 = ORIENTED_EDGE ( 'NONE', *, *, #5267, .F. ) ;
#1977 = AXIS2_PLACEMENT_3D ( 'NONE', #5599, #7472, #6852 ) ;
#1978 = CYLINDRICAL_SURFACE ( 'NONE', #3410, 4.799999999999039701 ) ;
#1979 = LINE ( 'NONE', #3176, #2792 ) ;
#1980 = DIRECTION ( 'NONE',  ( 0.000000000000000000, 0.000000000000000000, 1.000000000000000000 ) ) ;
#1981 = VECTOR ( 'NONE', #1571, 1000.000000000000000 ) ;
#1982 = EDGE_CURVE ( 'NONE', #1427, #539, #311, .T. ) ;
#1983 = VERTEX_POINT ( 'NONE', #76 ) ;
#1984 = VERTEX_POINT ( 'NONE', #586 ) ;
#1985 = ORIENTED_EDGE ( 'NONE', *, *, #5091, .F. ) ;
#1986 = CARTESIAN_POINT ( 'NONE',  ( 4.000000000000000000, 0.000000000000000000, 0.000000000000000000 ) ) ;
#1987 = DIRECTION ( 'NONE',  ( -1.000000000000000000, 0.000000000000000000, 0.000000000000000000 ) ) ;
#1988 = LINE ( 'NONE', #1402, #5980 ) ;
#1989 = LINE ( 'NONE', #4767, #1822 ) ;
#1990 = CARTESIAN_POINT ( 'NONE',  ( -7.000000000000000000, 2.815982290881520189, -0.1320747280206593932 ) ) ;
#1991 = CYLINDRICAL_SURFACE ( 'NONE', #6970, 12.59999999999749853 ) ;
#1992 = ORIENTED_EDGE ( 'NONE', *, *, #4707, .T. ) ;
#1993 = DIRECTION ( 'NONE',  ( 0.000000000000000000, 0.000000000000000000, -1.000000000000000000 ) ) ;
#1994 = ORIENTED_EDGE ( 'NONE', *, *, #681, .F. ) ;
#1995 = FACE_OUTER_BOUND ( 'NONE', #5151, .T. ) ;
#1996 = LINE ( 'NONE', #1922, #4442 ) ;
#1997 = DIRECTION ( 'NONE',  ( 0.000000000000000000, 0.000000000000000000, 1.000000000000000000 ) ) ;
#1998 = ORIENTED_EDGE ( 'NONE', *, *, #2241, .T. ) ;
#1999 = ORIENTED_EDGE ( 'NONE', *, *, #547, .T. ) ;
#2000 = VERTEX_POINT ( 'NONE', #3537 ) ;
#2001 = CARTESIAN_POINT ( 'NONE',  ( -7.000000000000000000, 6.938893903907229640E-14, 1.179611963664229834E-13 ) ) ;
#2002 = DIRECTION ( 'NONE',  ( 0.000000000000000000, 0.000000000000000000, 1.000000000000000000 ) ) ;
#2003 = VERTEX_POINT ( 'NONE', #4192 ) ;
#2004 = CARTESIAN_POINT ( 'NONE',  ( 3.500000000000000000, 0.000000000000000000, 0.000000000000000000 ) ) ;
#2005 = LINE ( 'NONE', #140, #1587 ) ;
#2006 = CARTESIAN_POINT ( 'NONE',  ( 3.500000000000000000, -3.218884409939600122, 10.77862626476109931 ) ) ;
#2007 = ORIENTED_EDGE ( 'NONE', *, *, #3543, .F. ) ;
#2008 = CARTESIAN_POINT ( 'NONE',  ( 4.000000000000000000, 3.120537423421674728, -12.20746682112880066 ) ) ;
#2009 = DIRECTION ( 'NONE',  ( -1.000000000000000000, 0.000000000000000000, 0.000000000000000000 ) ) ;
#2010 = ADVANCED_FACE ( 'NONE', ( #7597 ), #2945, .T. ) ;
#2011 = EDGE_CURVE ( 'NONE', #3761, #7540, #1285, .T. ) ;
#2012 = FACE_OUTER_BOUND ( 'NONE', #5278, .T. ) ;
#2013 = CARTESIAN_POINT ( 'NONE',  ( 4.000000000000000000, -9.256392760211248572, 6.392119685101179449 ) ) ;
#2014 = ORIENTED_EDGE ( 'NONE', *, *, #1821, .T. ) ;
#2015 = AXIS2_PLACEMENT_3D ( 'NONE', #1589, #1630, #5019 ) ;
#2016 = ORIENTED_EDGE ( 'NONE', *, *, #6859, .F. ) ;
#2017 = ORIENTED_EDGE ( 'NONE', *, *, #6217, .T. ) ;
#2018 = CARTESIAN_POINT ( 'NONE',  ( -10.00000000000000000, 0.000000000000000000, 0.000000000000000000 ) ) ;
#2019 = DIRECTION ( 'NONE',  ( -1.000000000000000000, 0.000000000000000000, 0.000000000000000000 ) ) ;
#2020 = DIRECTION ( 'NONE',  ( -1.000000000000000000, 0.000000000000000000, 0.000000000000000000 ) ) ;
#2021 = EDGE_CURVE ( 'NONE', #5717, #4232, #4628, .T. ) ;
#2022 = EDGE_CURVE ( 'NONE', #4290, #954, #2370, .T. ) ;
#2023 = DIRECTION ( 'NONE',  ( 1.000000000000000000, 0.000000000000000000, 0.000000000000000000 ) ) ;
#2024 = CARTESIAN_POINT ( 'NONE',  ( 3.500000000000000000, -11.16713147563269892, 1.565367224445439964 ) ) ;
#2025 = CARTESIAN_POINT ( 'NONE',  ( 4.000000000000000000, -10.78476817202779969, 3.293019194759069901 ) ) ;
#2026 = VECTOR ( 'NONE', #3660, 1000.000000000000000 ) ;
#2027 = STYLED_ITEM ( 'NONE', ( #2500 ), #3019 ) ;
#2028 = CIRCLE ( 'NONE', #535, 1.199999999999764144 ) ;
#2029 = ORIENTED_EDGE ( 'NONE', *, *, #2180, .F. ) ;
#2030 = CARTESIAN_POINT ( 'NONE',  ( 4.000000000000000000, 11.27452294072310046, 0.2008292820899199860 ) ) ;
#2031 = CARTESIAN_POINT ( 'NONE',  ( -6.450000000000000178, -1.024773626581853891, 2.001959044101710106 ) ) ;
#2032 = ORIENTED_EDGE ( 'NONE', *, *, #292, .T. ) ;
#2033 = CARTESIAN_POINT ( 'NONE',  ( 0.000000000000000000, 11.16713147563269892, -1.565367224445519900 ) ) ;
#2034 = CIRCLE ( 'NONE', #791, 4.799999999999041478 ) ;
#2035 = ADVANCED_FACE ( 'NONE', ( #6575 ), #3024, .T. ) ;
#2036 = LINE ( 'NONE', #5701, #7262 ) ;
#2037 = CIRCLE ( 'NONE', #6348, 4.799999999999039701 ) ;
#2038 = DIRECTION ( 'NONE',  ( 0.000000000000000000, 0.000000000000000000, 1.000000000000000000 ) ) ;
#2039 = AXIS2_PLACEMENT_3D ( 'NONE', #6469, #7630, #6544 ) ;
#2040 = AXIS2_PLACEMENT_3D ( 'NONE', #6333, #4448, #2205 ) ;
#2041 = AXIS2_PLACEMENT_3D ( 'NONE', #5149, #5874, #4715 ) ;
#2042 = ORIENTED_EDGE ( 'NONE', *, *, #1228, .F. ) ;
#2043 = CIRCLE ( 'NONE', #2288, 4.799999999999039701 ) ;
#2044 = ORIENTED_EDGE ( 'NONE', *, *, #4573, .T. ) ;
#2045 = EDGE_LOOP ( 'NONE', ( #5695, #7060, #2528, #1915 ) ) ;
#2046 = DIRECTION ( 'NONE',  ( 0.000000000000000000, 0.000000000000000000, -1.000000000000000000 ) ) ;
#2047 = CIRCLE ( 'NONE', #3415, 11.24899999999771971 ) ;
#2048 = CARTESIAN_POINT ( 'NONE',  ( 4.000000000000000000, -10.85095572334239833, -4.982104301616810282 ) ) ;
#2049 = VERTEX_POINT ( 'NONE', #4799 ) ;
#2050 = CARTESIAN_POINT ( 'NONE',  ( -7.000000000000000000, -0.3476627225244099950, 2.221965713364035366 ) ) ;
#2051 = CARTESIAN_POINT ( 'NONE',  ( 4.000000000000000000, 0.000000000000000000, 0.000000000000000000 ) ) ;
#2052 = AXIS2_PLACEMENT_3D ( 'NONE', #1024, #3319, #452 ) ;
#2053 = LINE ( 'NONE', #4720, #3504 ) ;
#2054 = ORIENTED_EDGE ( 'NONE', *, *, #2811, .F. ) ;
#2055 = DIRECTION ( 'NONE',  ( 0.000000000000000000, 0.000000000000000000, 1.000000000000000000 ) ) ;
#2056 = DIRECTION ( 'NONE',  ( 1.000000000000000000, 0.000000000000000000, 0.000000000000000000 ) ) ;
#2057 = DIRECTION ( 'NONE',  ( 0.000000000000000000, 0.000000000000000000, -1.000000000000000000 ) ) ;
#2058 = CARTESIAN_POINT ( 'NONE',  ( 0.000000000000000000, -2.355809106513079954, -1.548342161800505101 ) ) ;
#2059 = VERTEX_POINT ( 'NONE', #1868 ) ;
#2060 = ORIENTED_EDGE ( 'NONE', *, *, #4934, .T. ) ;
#2061 = ORIENTED_EDGE ( 'NONE', *, *, #538, .F. ) ;
#2062 = FACE_OUTER_BOUND ( 'NONE', #1658, .T. ) ;
#2063 = CARTESIAN_POINT ( 'NONE',  ( 3.500000000000000000, -3.731385367829089805, -10.61210460920450060 ) ) ;
#2064 = DIRECTION ( 'NONE',  ( -1.000000000000000000, 0.000000000000000000, 0.000000000000000000 ) ) ;
#2065 = CARTESIAN_POINT ( 'NONE',  ( 4.000000000000000000, -4.939586103593559763, -10.13684808343399979 ) ) ;
#2066 = CARTESIAN_POINT ( 'NONE',  ( 4.000000000000000000, 0.000000000000000000, 0.000000000000000000 ) ) ;
#2067 = APPLICATION_PROTOCOL_DEFINITION ( 'draft international standard', 'automotive_design', 1998, #3878 ) ;
#2068 = CIRCLE ( 'NONE', #4406, 3.599999999999274891 ) ;
#2069 = EDGE_CURVE ( 'NONE', #3920, #1567, #6000, .T. ) ;
#2070 = EDGE_CURVE ( 'NONE', #4328, #5047, #6727, .T. ) ;
#2071 = ORIENTED_EDGE ( 'NONE', *, *, #5639, .T. ) ;
#2072 = CARTESIAN_POINT ( 'NONE',  ( 4.000000000000000000, -11.14946795003226043, 1.493105967824202018 ) ) ;
#2073 = DIRECTION ( 'NONE',  ( 0.000000000000000000, 0.000000000000000000, -1.000000000000000000 ) ) ;
#2074 = EDGE_LOOP ( 'NONE', ( #1378, #1372, #3288, #1723, #6841, #1004, #5334, #1351, #88, #2140, #5083, #7100, #3985, #132, #3549, #1302, #5941, #6367, #3752, #4597, #1312, #5063, #2550, #1581, #4000, #3362, #2777, #277, #7013, #3616, #6052, #3234, #7431, #7251, #5634, #6912, #3508, #536, #5587, #4254, #2017, #7296, #2660, #7354, #3312 ) ) ;
#2075 = CARTESIAN_POINT ( 'NONE',  ( 0.000000000000000000, 11.24577273141099987, 0.2694376985534409630 ) ) ;
#2076 = CARTESIAN_POINT ( 'NONE',  ( 4.000000000000000000, 5.297466504774150486, -9.954498911157259045 ) ) ;
#2077 = CARTESIAN_POINT ( 'NONE',  ( 4.000000000000000000, 0.000000000000000000, 0.000000000000000000 ) ) ;
#2078 = EDGE_CURVE ( 'NONE', #6708, #258, #4378, .T. ) ;
#2079 = VERTEX_POINT ( 'NONE', #3684 ) ;
#2080 = EDGE_LOOP ( 'NONE', ( #800, #5710, #2882, #656 ) ) ;
#2081 = EDGE_LOOP ( 'NONE', ( #3890, #6894, #2014, #544 ) ) ;
#2082 = CYLINDRICAL_SURFACE ( 'NONE', #4082, 2.248999999999549804 ) ;
#2083 = FACE_OUTER_BOUND ( 'NONE', #4263, .T. ) ;
#2084 = ORIENTED_EDGE ( 'NONE', *, *, #7513, .T. ) ;
#2085 = CARTESIAN_POINT ( 'NONE',  ( 0.000000000000000000, -6.740122156884980065, -10.64569177227129870 ) ) ;
#2086 = AXIS2_PLACEMENT_3D ( 'NONE', #4455, #1521, #7397 ) ;
#2087 = DIRECTION ( 'NONE',  ( 0.000000000000000000, 0.06866745788016750951, -0.9976396043803971159 ) ) ;
#2088 = VECTOR ( 'NONE', #6350, 1000.000000000000000 ) ;
#2089 = AXIS2_PLACEMENT_3D ( 'NONE', #7387, #2822, #5057 ) ;
#2090 = DIRECTION ( 'NONE',  ( 1.000000000000000000, 0.000000000000000000, 0.000000000000000000 ) ) ;
#2091 = VERTEX_POINT ( 'NONE', #1322 ) ;
#2092 = DIRECTION ( 'NONE',  ( 0.000000000000000000, 0.000000000000000000, 1.000000000000000000 ) ) ;
#2093 = VECTOR ( 'NONE', #5296, 1000.000000000000000 ) ;
#2094 = DIRECTION ( 'NONE',  ( -1.000000000000000000, 0.000000000000000000, 0.000000000000000000 ) ) ;
#2095 = AXIS2_PLACEMENT_3D ( 'NONE', #4627, #6996, #1692 ) ;
#2096 = DIRECTION ( 'NONE',  ( 1.000000000000000000, 0.000000000000000000, 0.000000000000000000 ) ) ;
#2097 = LINE ( 'NONE', #7512, #3212 ) ;
#2098 = VECTOR ( 'NONE', #3301, 1000.000000000000000 ) ;
#2099 = VERTEX_POINT ( 'NONE', #6741 ) ;
#2100 = CIRCLE ( 'NONE', #5796, 11.24899999999775879 ) ;
#2101 = VERTEX_POINT ( 'NONE', #4338 ) ;
#2102 = ORIENTED_EDGE ( 'NONE', *, *, #285, .F. ) ;
#2103 = CARTESIAN_POINT ( 'NONE',  ( 0.000000000000000000, 9.256392760211298310, -6.392119685101109283 ) ) ;
#2104 = DIRECTION ( 'NONE',  ( 0.000000000000000000, -0.4539904997395541875, 0.8910065241883641241 ) ) ;
#2105 = DIRECTION ( 'NONE',  ( 0.000000000000000000, 0.000000000000000000, 1.000000000000000000 ) ) ;
#2106 = CYLINDRICAL_SURFACE ( 'NONE', #7587, 4.799999999999041478 ) ;
#2107 = EDGE_CURVE ( 'NONE', #4764, #1823, #669, .T. ) ;
#2108 = CYLINDRICAL_SURFACE ( 'NONE', #5603, 11.24899999999770017 ) ;
#2109 = AXIS2_PLACEMENT_3D ( 'NONE', #6134, #6209, #917 ) ;
#2110 = ORIENTED_EDGE ( 'NONE', *, *, #625, .T. ) ;
#2111 = CARTESIAN_POINT ( 'NONE',  ( 4.000000000000000000, -10.61210460920450060, -3.731385367829285205 ) ) ;
#2112 = DIRECTION ( 'NONE',  ( -1.000000000000000000, 0.000000000000000000, 0.000000000000000000 ) ) ;
#2113 = ORIENTED_EDGE ( 'NONE', *, *, #5716, .T. ) ;
#2114 = DIRECTION ( 'NONE',  ( 0.000000000000000000, 0.000000000000000000, -1.000000000000000000 ) ) ;
#2115 = CYLINDRICAL_SURFACE ( 'NONE', #581, 4.799999999999039701 ) ;
#2116 = EDGE_CURVE ( 'NONE', #5348, #7298, #6978, .T. ) ;
#2117 = CARTESIAN_POINT ( 'NONE',  ( 4.000000000000000000, 0.000000000000000000, 1.500000000000000000 ) ) ;
#2118 = ADVANCED_FACE ( 'NONE', ( #6619 ), #779, .T. ) ;
#2119 = ORIENTED_EDGE ( 'NONE', *, *, #5461, .T. ) ;
#2120 = VERTEX_POINT ( 'NONE', #7243 ) ;
#2121 = EDGE_LOOP ( 'NONE', ( #3391, #1204, #5220, #7143 ) ) ;
#2122 = CARTESIAN_POINT ( 'NONE',  ( -7.000000000000000000, 6.938893903907229640E-14, 1.179611963664229834E-13 ) ) ;
#2123 = CARTESIAN_POINT ( 'NONE',  ( -6.450000000000000178, 6.938893903907229640E-14, 1.179611963664229834E-13 ) ) ;
#2124 = EDGE_LOOP ( 'NONE', ( #1374, #5672, #6520, #6819 ) ) ;
#2125 = ADVANCED_FACE ( 'NONE', ( #7316 ), #1487, .T. ) ;
#2126 = CARTESIAN_POINT ( 'NONE',  ( 0.000000000000000000, 1.565367224445479932, 11.16713147563269892 ) ) ;
#2127 = AXIS2_PLACEMENT_3D ( 'NONE', #4538, #1612, #626 ) ;
#2128 = DIRECTION ( 'NONE',  ( -1.000000000000000000, 0.000000000000000000, 0.000000000000000000 ) ) ;
#2129 = VECTOR ( 'NONE', #3140, 1000.000000000000000 ) ;
#2130 = ORIENTED_EDGE ( 'NONE', *, *, #1547, .F. ) ;
#2131 = FACE_OUTER_BOUND ( 'NONE', #5206, .T. ) ;
#2132 = CYLINDRICAL_SURFACE ( 'NONE', #6855, 4.799999999999039701 ) ;
#2133 = CIRCLE ( 'NONE', #4107, 12.59999999999749853 ) ;
#2134 = EDGE_CURVE ( 'NONE', #5933, #5249, #6192, .T. ) ;
#2135 = CARTESIAN_POINT ( 'NONE',  ( 4.000000000000000000, 11.24577273141099987, 0.2694376985534404634 ) ) ;
#2136 = ORIENTED_EDGE ( 'NONE', *, *, #3960, .T. ) ;
#2137 = DIRECTION ( 'NONE',  ( -1.000000000000000000, 0.000000000000000000, 0.000000000000000000 ) ) ;
#2138 = VECTOR ( 'NONE', #5187, 1000.000000000000000 ) ;
#2139 = VERTEX_POINT ( 'NONE', #3725 ) ;
#2140 = ORIENTED_EDGE ( 'NONE', *, *, #5077, .T. ) ;
#2141 = ORIENTED_EDGE ( 'NONE', *, *, #6323, .T. ) ;
#2142 = LINE ( 'NONE', #6861, #6518 ) ;
#2143 = DIRECTION ( 'NONE',  ( 0.000000000000000000, 0.000000000000000000, 1.000000000000000000 ) ) ;
#2144 = DIRECTION ( 'NONE',  ( 0.000000000000000000, -0.8090169943749532244, 0.5877852522924652545 ) ) ;
#2145 = DIRECTION ( 'NONE',  ( 0.000000000000000000, 0.000000000000000000, 1.000000000000000000 ) ) ;
#2146 = ORIENTED_EDGE ( 'NONE', *, *, #2116, .T. ) ;
#2147 = DIRECTION ( 'NONE',  ( 1.000000000000000000, 0.000000000000000000, 0.000000000000000000 ) ) ;
#2148 = DIRECTION ( 'NONE',  ( 1.000000000000000000, 0.000000000000000000, 0.000000000000000000 ) ) ;
#2149 = ORIENTED_EDGE ( 'NONE', *, *, #7030, .F. ) ;
#2150 = CARTESIAN_POINT ( 'NONE',  ( 1.750000000000000000, 10.64569177227120100, 6.740122156885089311 ) ) ;
#2151 = AXIS2_PLACEMENT_3D ( 'NONE', #5837, #5326, #655 ) ;
#2152 = DIRECTION ( 'NONE',  ( -1.000000000000000000, 0.000000000000000000, 0.000000000000000000 ) ) ;
#2153 = CARTESIAN_POINT ( 'NONE',  ( 0.000000000000000000, 0.000000000000000000, 0.000000000000000000 ) ) ;
#2154 = VERTEX_POINT ( 'NONE', #743 ) ;
#2155 = EDGE_CURVE ( 'NONE', #709, #2723, #1166, .T. ) ;
#2156 = VERTEX_POINT ( 'NONE', #4948 ) ;
#2157 = VECTOR ( 'NONE', #5614, 1000.000000000000000 ) ;
#2158 = COLOUR_RGB ( '',0.7921568627450980005, 0.8196078431372548767, 0.9333333333333333481 ) ;
#2159 = VERTEX_POINT ( 'NONE', #3764 ) ;
#2160 = DIRECTION ( 'NONE',  ( 0.000000000000000000, 0.000000000000000000, 1.000000000000000000 ) ) ;
#2161 = CYLINDRICAL_SURFACE ( 'NONE', #486, 3.599999999999274891 ) ;
#2162 = ORIENTED_EDGE ( 'NONE', *, *, #3969, .F. ) ;
#2163 = CIRCLE ( 'NONE', #5117, 4.799999999999039701 ) ;
#2164 = DIRECTION ( 'NONE',  ( 1.000000000000000000, 0.000000000000000000, 0.000000000000000000 ) ) ;
#2165 = AXIS2_PLACEMENT_3D ( 'NONE', #6646, #5478, #3795 ) ;
#2166 = VECTOR ( 'NONE', #7010, 1000.000000000000000 ) ;
#2167 = VERTEX_POINT ( 'NONE', #6699 ) ;
#2168 = ADVANCED_FACE ( 'NONE', ( #280 ), #7285, .T. ) ;
#2169 = ORIENTED_EDGE ( 'NONE', *, *, #6598, .F. ) ;
#2170 = ADVANCED_FACE ( 'NONE', ( #4266 ), #6075, .T. ) ;
#2171 = CIRCLE ( 'NONE', #1055, 4.799999999999030820 ) ;
#2172 = CIRCLE ( 'NONE', #6866, 1.199999999999763922 ) ;
#2173 = LINE ( 'NONE', #6887, #3818 ) ;
#2174 = AXIS2_PLACEMENT_3D ( 'NONE', #1226, #1843, #1261 ) ;
#2175 = CARTESIAN_POINT ( 'NONE',  ( 0.000000000000000000, 0.000000000000000000, 0.000000000000000000 ) ) ;
#2176 = DIRECTION ( 'NONE',  ( 0.000000000000000000, 0.000000000000000000, 1.000000000000000000 ) ) ;
#2177 = CARTESIAN_POINT ( 'NONE',  ( 0.000000000000000000, -10.83853574337769921, -6.425429397282339750 ) ) ;
#2178 = EDGE_LOOP ( 'NONE', ( #87, #1116, #5865, #5547 ) ) ;
#2179 = ORIENTED_EDGE ( 'NONE', *, *, #5692, .F. ) ;
#2180 = EDGE_CURVE ( 'NONE', #225, #1307, #1988, .T. ) ;
#2181 = CARTESIAN_POINT ( 'NONE',  ( 4.000000000000000000, 12.20746682112890191, -3.120537423421385181 ) ) ;
#2182 = CARTESIAN_POINT ( 'NONE',  ( 4.000000000000000000, 4.991786971163899800, 11.56901304495999838 ) ) ;
#2183 = DIRECTION ( 'NONE',  ( 0.000000000000000000, 0.000000000000000000, 1.000000000000000000 ) ) ;
#2184 = DIRECTION ( 'NONE',  ( -1.000000000000000000, 0.000000000000000000, 0.000000000000000000 ) ) ;
#2185 = ORIENTED_EDGE ( 'NONE', *, *, #6935, .T. ) ;
#2186 = DIRECTION ( 'NONE',  ( 0.000000000000000000, 0.000000000000000000, -1.000000000000000000 ) ) ;
#2187 = CARTESIAN_POINT ( 'NONE',  ( 3.500000000000000000, 3.675019189548250242, -10.66064884975989990 ) ) ;
#2188 = VERTEX_POINT ( 'NONE', #5489 ) ;
#2189 = CARTESIAN_POINT ( 'NONE',  ( 4.000000000000000000, -8.142483381817967825, 7.761440934309020712 ) ) ;
#2190 = DIRECTION ( 'NONE',  ( 0.000000000000000000, 0.000000000000000000, -1.000000000000000000 ) ) ;
#2191 = DIRECTION ( 'NONE',  ( 0.000000000000000000, 0.000000000000000000, -1.000000000000000000 ) ) ;
#2192 = ORIENTED_EDGE ( 'NONE', *, *, #5692, .T. ) ;
#2193 = ORIENTED_EDGE ( 'NONE', *, *, #7128, .T. ) ;
#2194 = ORIENTED_EDGE ( 'NONE', *, *, #5741, .F. ) ;
#2195 = CYLINDRICAL_SURFACE ( 'NONE', #5418, 12.59999999999749853 ) ;
#2196 = LINE ( 'NONE', #5049, #4912 ) ;
#2197 = ORIENTED_EDGE ( 'NONE', *, *, #3806, .F. ) ;
#2198 = DIRECTION ( 'NONE',  ( -1.000000000000000000, 0.000000000000000000, 0.000000000000000000 ) ) ;
#2199 = ADVANCED_FACE ( 'NONE', ( #2641 ), #197, .T. ) ;
#2200 = EDGE_LOOP ( 'NONE', ( #1060, #993, #3090, #1560 ) ) ;
#2201 = CIRCLE ( 'NONE', #4174, 4.799999999999039701 ) ;
#2202 = EDGE_LOOP ( 'NONE', ( #4315, #5304, #3108, #3203 ) ) ;
#2203 = AXIS2_PLACEMENT_3D ( 'NONE', #2759, #7517, #5106 ) ;
#2204 = CARTESIAN_POINT ( 'NONE',  ( 0.000000000000000000, 0.000000000000000000, 0.000000000000000000 ) ) ;
#2205 = DIRECTION ( 'NONE',  ( 0.000000000000000000, 0.000000000000000000, 1.000000000000000000 ) ) ;
#2206 = AXIS2_PLACEMENT_3D ( 'NONE', #883, #1580, #1003 ) ;
#2207 = DIRECTION ( 'NONE',  ( -1.000000000000000000, 0.000000000000000000, 0.000000000000000000 ) ) ;
#2208 = DIRECTION ( 'NONE',  ( -1.000000000000000000, 0.000000000000000000, 0.000000000000000000 ) ) ;
#2209 = AXIS2_PLACEMENT_3D ( 'NONE', #6244, #2692, #7405 ) ;
#2210 = EDGE_CURVE ( 'NONE', #805, #6761, #5613, .T. ) ;
#2211 = AXIS2_PLACEMENT_3D ( 'NONE', #4635, #4671, #4097 ) ;
#2212 = EDGE_CURVE ( 'NONE', #3172, #513, #41, .T. ) ;
#2213 = ORIENTED_EDGE ( 'NONE', *, *, #6174, .T. ) ;
#2214 = ORIENTED_EDGE ( 'NONE', *, *, #5361, .T. ) ;
#2215 = VECTOR ( 'NONE', #2912, 1000.000000000000000 ) ;
#2216 = CIRCLE ( 'NONE', #3202, 4.799999999999039701 ) ;
#2217 = CARTESIAN_POINT ( 'NONE',  ( 3.500000000000000000, 8.114299373255159153, 7.830283878801969522 ) ) ;
#2218 = DIRECTION ( 'NONE',  ( 0.000000000000000000, -0.8910065241883722287, 0.4539904997395380892 ) ) ;
#2219 = FACE_OUTER_BOUND ( 'NONE', #3566, .T. ) ;
#2220 = DIRECTION ( 'NONE',  ( 0.000000000000000000, 0.3090169943749480064, -0.9510565162951534202 ) ) ;
#2221 = EDGE_CURVE ( 'NONE', #2635, #5504, #436, .T. ) ;
#2222 = AXIS2_PLACEMENT_3D ( 'NONE', #7075, #6526, #7618 ) ;
#2223 = AXIS2_PLACEMENT_3D ( 'NONE', #7016, #7490, #6944 ) ;
#2224 = ORIENTED_EDGE ( 'NONE', *, *, #1086, .T. ) ;
#2225 = CARTESIAN_POINT ( 'NONE',  ( 3.500000000000000000, -6.464524009011360484, 9.239325152756059367 ) ) ;
#2226 = CIRCLE ( 'NONE', #4546, 4.799999999999039701 ) ;
#2227 = DIRECTION ( 'NONE',  ( 1.000000000000000000, 0.000000000000000000, 0.000000000000000000 ) ) ;
#2228 = CARTESIAN_POINT ( 'NONE',  ( 0.000000000000000000, 0.000000000000000000, 0.000000000000000000 ) ) ;
#2229 = CARTESIAN_POINT ( 'NONE',  ( -6.450000000000000178, -2.058247931882015269, 2.953576721688230045 ) ) ;
#2230 = CIRCLE ( 'NONE', #6539, 12.59999999999749853 ) ;
#2231 = FACE_OUTER_BOUND ( 'NONE', #5425, .T. ) ;
#2232 = CARTESIAN_POINT ( 'NONE',  ( 0.000000000000000000, 9.699936772440372224, -8.041842239847509788 ) ) ;
#2233 = DIRECTION ( 'NONE',  ( -1.000000000000000000, 0.000000000000000000, 0.000000000000000000 ) ) ;
#2234 = ORIENTED_EDGE ( 'NONE', *, *, #2684, .F. ) ;
#2235 = CIRCLE ( 'NONE', #3225, 4.799999999999049471 ) ;
#2236 = EDGE_CURVE ( 'NONE', #7174, #4609, #7224, .T. ) ;
#2237 = EDGE_LOOP ( 'NONE', ( #46, #2638, #7005, #1189 ) ) ;
#2238 = ORIENTED_EDGE ( 'NONE', *, *, #1825, .T. ) ;
#2239 = CARTESIAN_POINT ( 'NONE',  ( 3.500000000000000000, -8.939649748968479415, -6.828079039211329082 ) ) ;
#2240 = CARTESIAN_POINT ( 'NONE',  ( 4.000000000000000000, 8.142483381817909205, 7.761440934309080220 ) ) ;
#2241 = EDGE_CURVE ( 'NONE', #1084, #3403, #1045, .T. ) ;
#2242 = VERTEX_POINT ( 'NONE', #2182 ) ;
#2243 = ORIENTED_EDGE ( 'NONE', *, *, #4093, .F. ) ;
#2244 = ADVANCED_FACE ( 'NONE', ( #1053 ), #7518, .T. ) ;
#2245 = DIRECTION ( 'NONE',  ( 0.000000000000000000, 0.000000000000000000, 1.000000000000000000 ) ) ;
#2246 = DIRECTION ( 'NONE',  ( 0.000000000000000000, 0.000000000000000000, -1.000000000000000000 ) ) ;
#2247 = CARTESIAN_POINT ( 'NONE',  ( 4.000000000000000000, -10.66064884975999938, 3.675019189548059728 ) ) ;
#2248 = ORIENTED_EDGE ( 'NONE', *, *, #6061, .F. ) ;
#2249 = CARTESIAN_POINT ( 'NONE',  ( 0.000000000000000000, -1.962080705186010077, -11.10429823301639907 ) ) ;
#2250 = DIRECTION ( 'NONE',  ( 1.000000000000000000, 0.000000000000000000, 0.000000000000000000 ) ) ;
#2251 = LINE ( 'NONE', #4601, #5354 ) ;
#2252 = CYLINDRICAL_SURFACE ( 'NONE', #3386, 11.24899999999770017 ) ;
#2253 = EDGE_CURVE ( 'NONE', #6006, #4544, #5240, .T. ) ;
#2254 = EDGE_CURVE ( 'NONE', #3548, #3332, #5767, .T. ) ;
#2255 = ORIENTED_EDGE ( 'NONE', *, *, #2728, .T. ) ;
#2256 = DIRECTION ( 'NONE',  ( 1.000000000000000000, 0.000000000000000000, 0.000000000000000000 ) ) ;
#2257 = EDGE_CURVE ( 'NONE', #4625, #3677, #1634, .T. ) ;
#2258 = DIRECTION ( 'NONE',  ( 0.000000000000000000, 0.000000000000000000, -1.000000000000000000 ) ) ;
#2259 = ADVANCED_FACE ( 'NONE', ( #4529 ), #6896, .T. ) ;
#2260 = CARTESIAN_POINT ( 'NONE',  ( 0.000000000000000000, 6.938893903907229640E-14, 1.179611963664229834E-13 ) ) ;
#2261 = CARTESIAN_POINT ( 'NONE',  ( 4.000000000000000000, -8.114299373255109415, -7.830283878802029918 ) ) ;
#2262 = CYLINDRICAL_SURFACE ( 'NONE', #3680, 2.248999999999549804 ) ;
#2263 = CARTESIAN_POINT ( 'NONE',  ( 1.750000000000000000, 3.120537423421500201, 12.20746682112890191 ) ) ;
#2264 = CARTESIAN_POINT ( 'NONE',  ( 3.500000000000000000, -11.49673527345734136, -3.223302876579515086 ) ) ;
#2265 = ORIENTED_EDGE ( 'NONE', *, *, #5358, .F. ) ;
#2266 = AXIS2_PLACEMENT_3D ( 'NONE', #196, #6074, #2640 ) ;
#2267 = EDGE_LOOP ( 'NONE', ( #3669, #4792, #299, #3721 ) ) ;
#2268 = CIRCLE ( 'NONE', #1765, 12.59999999999749853 ) ;
#2269 = EDGE_CURVE ( 'NONE', #3227, #4925, #2047, .T. ) ;
#2270 = ORIENTED_EDGE ( 'NONE', *, *, #6942, .T. ) ;
#2271 = CARTESIAN_POINT ( 'NONE',  ( 3.500000000000000000, 11.10429823301639907, 1.962080705186130203 ) ) ;
#2272 = CARTESIAN_POINT ( 'NONE',  ( 4.000000000000000000, 5.345544729564200459, -9.897734717811879079 ) ) ;
#2273 = AXIS2_PLACEMENT_3D ( 'NONE', #5545, #7177, #4881 ) ;
#2274 = ORIENTED_EDGE ( 'NONE', *, *, #7030, .T. ) ;
#2275 = AXIS2_PLACEMENT_3D ( 'NONE', #7420, #3867, #2706 ) ;
#2276 = ORIENTED_EDGE ( 'NONE', *, *, #1268, .T. ) ;
#2277 = CIRCLE ( 'NONE', #5970, 4.799999999999037925 ) ;
#2278 = VERTEX_POINT ( 'NONE', #4491 ) ;
#2279 = CYLINDRICAL_SURFACE ( 'NONE', #7142, 11.24899999999770017 ) ;
#2280 = CIRCLE ( 'NONE', #1046, 4.799999999999039701 ) ;
#2281 = DIRECTION ( 'NONE',  ( -1.000000000000000000, 0.000000000000000000, 0.000000000000000000 ) ) ;
#2282 = AXIS2_PLACEMENT_3D ( 'NONE', #2642, #244, #2608 ) ;
#2283 = DIRECTION ( 'NONE',  ( 0.000000000000000000, 0.000000000000000000, -1.000000000000000000 ) ) ;
#2284 = AXIS2_PLACEMENT_3D ( 'NONE', #6195, #6743, #5615 ) ;
#2285 = AXIS2_PLACEMENT_3D ( 'NONE', #4157, #5845, #4118 ) ;
#2286 = VECTOR ( 'NONE', #2966, 1000.000000000000000 ) ;
#2287 = VERTEX_POINT ( 'NONE', #977 ) ;
#2288 = AXIS2_PLACEMENT_3D ( 'NONE', #12, #2347, #2381 ) ;
#2289 = DIRECTION ( 'NONE',  ( -1.000000000000000000, 0.000000000000000000, 0.000000000000000000 ) ) ;
#2290 = CARTESIAN_POINT ( 'NONE',  ( 4.000000000000000000, 0.000000000000000000, 0.000000000000000000 ) ) ;
#2291 = DIRECTION ( 'NONE',  ( 1.000000000000000000, 0.000000000000000000, 0.000000000000000000 ) ) ;
#2292 = CARTESIAN_POINT ( 'NONE',  ( 4.000000000000000000, 0.000000000000000000, 0.000000000000000000 ) ) ;
#2293 = VERTEX_POINT ( 'NONE', #4456 ) ;
#2294 = CARTESIAN_POINT ( 'NONE',  ( -7.000000000000000000, 6.938893903907229640E-14, 1.179611963664229834E-13 ) ) ;
#2295 = DIRECTION ( 'NONE',  ( -1.000000000000000000, 0.000000000000000000, 0.000000000000000000 ) ) ;
#2296 = ORIENTED_EDGE ( 'NONE', *, *, #1773, .T. ) ;
#2297 = DIRECTION ( 'NONE',  ( 0.000000000000000000, 0.000000000000000000, 1.000000000000000000 ) ) ;
#2298 = DIRECTION ( 'NONE',  ( -1.000000000000000000, 0.000000000000000000, 0.000000000000000000 ) ) ;
#2299 = DIRECTION ( 'NONE',  ( 0.000000000000000000, 0.000000000000000000, 1.000000000000000000 ) ) ;
#2300 = DIRECTION ( 'NONE',  ( -1.000000000000000000, 0.000000000000000000, 0.000000000000000000 ) ) ;
#2301 = CARTESIAN_POINT ( 'NONE',  ( 0.000000000000000000, -11.27452294072310046, 0.2008292820898389952 ) ) ;
#2302 = AXIS2_PLACEMENT_3D ( 'NONE', #6584, #565, #5271 ) ;
#2303 = EDGE_CURVE ( 'NONE', #7189, #4853, #3995, .T. ) ;
#2304 = ADVANCED_FACE ( 'NONE', ( #1013 ), #899, .T. ) ;
#2305 = ORIENTED_EDGE ( 'NONE', *, *, #3494, .T. ) ;
#2306 = ORIENTED_EDGE ( 'NONE', *, *, #5197, .T. ) ;
#2307 = ORIENTED_EDGE ( 'NONE', *, *, #1177, .T. ) ;
#2308 = FACE_OUTER_BOUND ( 'NONE', #6230, .T. ) ;
#2309 = CARTESIAN_POINT ( 'NONE',  ( 0.000000000000000000, 12.20746682112890191, -3.120537423421379852 ) ) ;
#2310 = EDGE_LOOP ( 'NONE', ( #7240, #811, #2970, #1484 ) ) ;
#2311 = EDGE_CURVE ( 'NONE', #5270, #927, #3343, .T. ) ;
#2312 = ORIENTED_EDGE ( 'NONE', *, *, #4700, .F. ) ;
#2313 = ORIENTED_EDGE ( 'NONE', *, *, #2575, .F. ) ;
#2314 = ORIENTED_EDGE ( 'NONE', *, *, #4820, .T. ) ;
#2315 = DIRECTION ( 'NONE',  ( 0.000000000000000000, 0.000000000000000000, 1.000000000000000000 ) ) ;
#2316 = LINE ( 'NONE', #6377, #5483 ) ;
#2317 = CARTESIAN_POINT ( 'NONE',  ( 0.000000000000000000, 0.000000000000000000, 0.000000000000000000 ) ) ;
#2318 = EDGE_CURVE ( 'NONE', #6940, #3792, #3523, .T. ) ;
#2319 = ORIENTED_EDGE ( 'NONE', *, *, #5716, .F. ) ;
#2320 = VERTEX_POINT ( 'NONE', #2834 ) ;
#2321 = DIRECTION ( 'NONE',  ( 0.000000000000000000, -0.5877852522924802425, 0.8090169943749421222 ) ) ;
#2322 = CARTESIAN_POINT ( 'NONE',  ( 4.000000000000000000, -11.27452294072310046, 5.000829282088889549 ) ) ;
#2323 = CIRCLE ( 'NONE', #6770, 11.24899999999771971 ) ;
#2324 = EDGE_CURVE ( 'NONE', #6159, #6265, #1425, .T. ) ;
#2325 = DIRECTION ( 'NONE',  ( 1.000000000000000000, 0.000000000000000000, 0.000000000000000000 ) ) ;
#2326 = CARTESIAN_POINT ( 'NONE',  ( 4.000000000000000000, 0.000000000000000000, 0.000000000000000000 ) ) ;
#2327 = AXIS2_PLACEMENT_3D ( 'NONE', #1080, #6301, #3333 ) ;
#2328 = ORIENTED_EDGE ( 'NONE', *, *, #5079, .T. ) ;
#2329 = CYLINDRICAL_SURFACE ( 'NONE', #6456, 12.59999999999749853 ) ;
#2330 = DIRECTION ( 'NONE',  ( -1.000000000000000000, 0.000000000000000000, 0.000000000000000000 ) ) ;
#2331 = LINE ( 'NONE', #4686, #5442 ) ;
#2332 = EDGE_CURVE ( 'NONE', #954, #5725, #2789, .T. ) ;
#2333 = DIRECTION ( 'NONE',  ( 1.000000000000000000, 0.000000000000000000, 0.000000000000000000 ) ) ;
#2334 = CARTESIAN_POINT ( 'NONE',  ( -7.000000000000000000, 2.058247931882130288, -2.953576721688015105 ) ) ;
#2335 = AXIS2_PLACEMENT_3D ( 'NONE', #7444, #4999, #948 ) ;
#2336 = DIRECTION ( 'NONE',  ( 0.000000000000000000, 0.000000000000000000, 1.000000000000000000 ) ) ;
#2337 = VECTOR ( 'NONE', #637, 1000.000000000000000 ) ;
#2338 = CARTESIAN_POINT ( 'NONE',  ( 0.000000000000000000, 6.938893903907229640E-14, 1.179611963664229834E-13 ) ) ;
#2339 = ORIENTED_EDGE ( 'NONE', *, *, #3008, .T. ) ;
#2340 = AXIS2_PLACEMENT_3D ( 'NONE', #1933, #264, #808 ) ;
#2341 = ORIENTED_EDGE ( 'NONE', *, *, #6419, .F. ) ;
#2342 = ORIENTED_EDGE ( 'NONE', *, *, #5020, .F. ) ;
#2343 = DIRECTION ( 'NONE',  ( 1.000000000000000000, 0.000000000000000000, 0.000000000000000000 ) ) ;
#2344 = EDGE_CURVE ( 'NONE', #1011, #7396, #6484, .T. ) ;
#2345 = EDGE_CURVE ( 'NONE', #7221, #1115, #1563, .T. ) ;
#2346 = DIRECTION ( 'NONE',  ( 0.000000000000000000, 0.3090169943749408454, 0.9510565162951557516 ) ) ;
#2347 = DIRECTION ( 'NONE',  ( 1.000000000000000000, 0.000000000000000000, 0.000000000000000000 ) ) ;
#2348 = CIRCLE ( 'NONE', #4321, 12.59999999999749853 ) ;
#2349 = AXIS2_PLACEMENT_3D ( 'NONE', #1725, #3942, #2160 ) ;
#2350 = ORIENTED_EDGE ( 'NONE', *, *, #7411, .T. ) ;
#2351 = EDGE_LOOP ( 'NONE', ( #6181, #2494, #6291, #2274 ) ) ;
#2352 = EDGE_LOOP ( 'NONE', ( #6326, #96 ) ) ;
#2353 = EDGE_CURVE ( 'NONE', #539, #209, #2171, .T. ) ;
#2354 = ADVANCED_FACE ( 'NONE', ( #5148 ), #2431, .T. ) ;
#2355 = CYLINDRICAL_SURFACE ( 'NONE', #1963, 1.500000000000000000 ) ;
#2356 = DIRECTION ( 'NONE',  ( 0.000000000000000000, 0.000000000000000000, -1.000000000000000000 ) ) ;
#2357 = CARTESIAN_POINT ( 'NONE',  ( 4.000000000000000000, -7.830283878801889585, -8.114299373255239090 ) ) ;
#2358 = CARTESIAN_POINT ( 'NONE',  ( 0.000000000000000000, -11.27452294072310046, 0.2008292820898389952 ) ) ;
#2359 = VERTEX_POINT ( 'NONE', #4756 ) ;
#2360 = EDGE_CURVE ( 'NONE', #1054, #4114, #4505, .T. ) ;
#2361 = LINE ( 'NONE', #4713, #5125 ) ;
#2362 = CARTESIAN_POINT ( 'NONE',  ( 0.000000000000000000, 0.000000000000000000, 0.000000000000000000 ) ) ;
#2363 = CARTESIAN_POINT ( 'NONE',  ( 0.000000000000000000, -0.2008292820899620079, 11.27452294072310046 ) ) ;
#2364 = AXIS2_PLACEMENT_3D ( 'NONE', #3975, #6391, #7447 ) ;
#2365 = EDGE_LOOP ( 'NONE', ( #5130, #6016, #6717, #7185 ) ) ;
#2366 = FACE_OUTER_BOUND ( 'NONE', #2267, .T. ) ;
#2367 = ORIENTED_EDGE ( 'NONE', *, *, #5300, .T. ) ;
#2368 = DIRECTION ( 'NONE',  ( 1.000000000000000000, 0.000000000000000000, 0.000000000000000000 ) ) ;
#2369 = CYLINDRICAL_SURFACE ( 'NONE', #401, 1.199999999999760369 ) ;
#2370 = LINE ( 'NONE', #1794, #6599 ) ;
#2371 = DIRECTION ( 'NONE',  ( -1.000000000000000000, 0.000000000000000000, 0.000000000000000000 ) ) ;
#2372 = CARTESIAN_POINT ( 'NONE',  ( 0.000000000000000000, -0.8045072551092400381, 12.57428996311180036 ) ) ;
#2373 = CARTESIAN_POINT ( 'NONE',  ( 4.000000000000000000, -10.83853574337769921, -6.425429397282329980 ) ) ;
#2374 = CIRCLE ( 'NONE', #5217, 4.799999999999038813 ) ;
#2375 = CIRCLE ( 'NONE', #141, 11.24899999999769662 ) ;
#2376 = ORIENTED_EDGE ( 'NONE', *, *, #328, .T. ) ;
#2377 = EDGE_LOOP ( 'NONE', ( #5770, #2987, #1162, #5519 ) ) ;
#2378 = ORIENTED_EDGE ( 'NONE', *, *, #2570, .F. ) ;
#2379 = DIRECTION ( 'NONE',  ( 1.000000000000000000, 0.000000000000000000, 0.000000000000000000 ) ) ;
#2380 = DIRECTION ( 'NONE',  ( -1.000000000000000000, 0.000000000000000000, 0.000000000000000000 ) ) ;
#2381 = DIRECTION ( 'NONE',  ( 0.000000000000000000, 0.000000000000000000, -1.000000000000000000 ) ) ;
#2382 = EDGE_CURVE ( 'NONE', #5627, #896, #5831, .T. ) ;
#2383 = EDGE_CURVE ( 'NONE', #7220, #4764, #5915, .T. ) ;
#2384 = AXIS2_PLACEMENT_3D ( 'NONE', #1097, #2872, #5370 ) ;
#2385 = AXIS2_PLACEMENT_3D ( 'NONE', #2058, #4259, #1980 ) ;
#2386 = EDGE_LOOP ( 'NONE', ( #620, #1379, #1878, #1943 ) ) ;
#2387 = EDGE_LOOP ( 'NONE', ( #491, #1976, #5840, #1994 ) ) ;
#2388 = EDGE_LOOP ( 'NONE', ( #6633, #7072, #2424, #2535 ) ) ;
#2389 = FACE_OUTER_BOUND ( 'NONE', #3321, .T. ) ;
#2390 = CARTESIAN_POINT ( 'NONE',  ( 4.000000000000000000, -9.954498911157360297, 5.297466504773971074 ) ) ;
#2391 = CIRCLE ( 'NONE', #6715, 2.248999999999549804 ) ;
#2392 = DIRECTION ( 'NONE',  ( 1.000000000000000000, 0.000000000000000000, 0.000000000000000000 ) ) ;
#2393 = AXIS2_PLACEMENT_3D ( 'NONE', #2982, #6471, #78 ) ;
#2394 = EDGE_CURVE ( 'NONE', #6249, #2091, #7115, .T. ) ;
#2395 = EDGE_CURVE ( 'NONE', #3542, #4666, #3021, .T. ) ;
#2396 = CARTESIAN_POINT ( 'NONE',  ( 0.000000000000000000, 9.003236172274300841, -6.789472613368929821 ) ) ;
#2397 = EDGE_LOOP ( 'NONE', ( #5169, #7533, #3018, #6601 ) ) ;
#2398 = AXIS2_PLACEMENT_3D ( 'NONE', #704, #198, #7165 ) ;
#2399 = CIRCLE ( 'NONE', #925, 12.59999999999749853 ) ;
#2400 = DIRECTION ( 'NONE',  ( -1.000000000000000000, 0.000000000000000000, 0.000000000000000000 ) ) ;
#2401 = DIRECTION ( 'NONE',  ( -1.000000000000000000, 0.000000000000000000, 0.000000000000000000 ) ) ;
#2402 = CARTESIAN_POINT ( 'NONE',  ( 3.500000000000000000, -6.789472613369089693, 9.003236172274180049 ) ) ;
#2403 = AXIS2_PLACEMENT_3D ( 'NONE', #108, #2546, #2629 ) ;
#2404 = CIRCLE ( 'NONE', #4021, 4.799999999999029043 ) ;
#2405 = EDGE_CURVE ( 'NONE', #4188, #4477, #3773, .T. ) ;
#2406 = AXIS2_PLACEMENT_3D ( 'NONE', #6262, #4940, #7308 ) ;
#2407 = VERTEX_POINT ( 'NONE', #4108 ) ;
#2408 = CARTESIAN_POINT ( 'NONE',  ( 1.750000000000000000, 12.54533224990190021, 1.172449887844590144 ) ) ;
#2409 = AXIS2_PLACEMENT_3D ( 'NONE', #4036, #397, #359 ) ;
#2410 = DIRECTION ( 'NONE',  ( 0.000000000000000000, 0.000000000000000000, 1.000000000000000000 ) ) ;
#2411 = LINE ( 'NONE', #4225, #3113 ) ;
#2412 = DIRECTION ( 'NONE',  ( 0.000000000000000000, 0.000000000000000000, 1.000000000000000000 ) ) ;
#2413 = DIRECTION ( 'NONE',  ( 0.000000000000000000, 0.000000000000000000, -1.000000000000000000 ) ) ;
#2414 = CIRCLE ( 'NONE', #2406, 11.24899999999770017 ) ;
#2415 = CYLINDRICAL_SURFACE ( 'NONE', #308, 3.599999999999274891 ) ;
#2416 = CARTESIAN_POINT ( 'NONE',  ( 0.000000000000000000, 3.675019189548100140, 10.66064884975999938 ) ) ;
#2417 = EDGE_LOOP ( 'NONE', ( #1695, #320, #4726, #4432 ) ) ;
#2418 = ORIENTED_EDGE ( 'NONE', *, *, #5833, .F. ) ;
#2419 = DIRECTION ( 'NONE',  ( -1.000000000000000000, 0.000000000000000000, 0.000000000000000000 ) ) ;
#2420 = CYLINDRICAL_SURFACE ( 'NONE', #5913, 4.799999999999041478 ) ;
#2421 = DIRECTION ( 'NONE',  ( 0.000000000000000000, 0.000000000000000000, 1.000000000000000000 ) ) ;
#2422 = ORIENTED_EDGE ( 'NONE', *, *, #7256, .T. ) ;
#2423 = VERTEX_POINT ( 'NONE', #2322 ) ;
#2424 = ORIENTED_EDGE ( 'NONE', *, *, #2746, .F. ) ;
#2425 = DIRECTION ( 'NONE',  ( -1.000000000000000000, 0.000000000000000000, 0.000000000000000000 ) ) ;
#2426 = DIRECTION ( 'NONE',  ( 0.000000000000000000, 0.000000000000000000, -1.000000000000000000 ) ) ;
#2427 = DIRECTION ( 'NONE',  ( 1.000000000000000000, 0.000000000000000000, 0.000000000000000000 ) ) ;
#2428 = AXIS2_PLACEMENT_3D ( 'NONE', #6764, #3254, #4479 ) ;
#2429 = CARTESIAN_POINT ( 'NONE',  ( 1.750000000000000000, 10.64569177227129870, -6.740122156884939209 ) ) ;
#2430 = ORIENTED_EDGE ( 'NONE', *, *, #7610, .F. ) ;
#2431 = CYLINDRICAL_SURFACE ( 'NONE', #7104, 4.799999999999040590 ) ;
#2432 = EDGE_CURVE ( 'NONE', #1196, #7174, #3151, .T. ) ;
#2433 = ADVANCED_FACE ( 'NONE', ( #1857 ), #7623, .T. ) ;
#2434 = CYLINDRICAL_SURFACE ( 'NONE', #7099, 12.59999999999749853 ) ;
#2435 = DIRECTION ( 'NONE',  ( -1.000000000000000000, 0.000000000000000000, 0.000000000000000000 ) ) ;
#2436 = EDGE_LOOP ( 'NONE', ( #1398, #7106, #4839, #5977 ) ) ;
#2437 = ORIENTED_EDGE ( 'NONE', *, *, #7026, .T. ) ;
#2438 = DIRECTION ( 'NONE',  ( 0.000000000000000000, 0.000000000000000000, -1.000000000000000000 ) ) ;
#2439 = CARTESIAN_POINT ( 'NONE',  ( 3.500000000000000000, 3.218884409939680058, -10.77862626476100161 ) ) ;
#2440 = CARTESIAN_POINT ( 'NONE',  ( 0.000000000000000000, -2.058247931881965087, -2.953576721688035089 ) ) ;
#2441 = CARTESIAN_POINT ( 'NONE',  ( 3.500000000000000000, -0.2008292820897989994, -11.27452294072310046 ) ) ;
#2442 = EDGE_CURVE ( 'NONE', #5504, #7270, #2361, .T. ) ;
#2443 = CARTESIAN_POINT ( 'NONE',  ( 3.500000000000000000, -2.025346914580200330, -11.06516926556250091 ) ) ;
#2444 = AXIS2_PLACEMENT_3D ( 'NONE', #6190, #471, #6267 ) ;
#2445 = CARTESIAN_POINT ( 'NONE',  ( 0.000000000000000000, -5.297466504773931106, -9.954498911157379837 ) ) ;
#2446 = DIRECTION ( 'NONE',  ( 1.000000000000000000, 0.000000000000000000, 0.000000000000000000 ) ) ;
#2447 = AXIS2_PLACEMENT_3D ( 'NONE', #6870, #3354, #3854 ) ;
#2448 = CIRCLE ( 'NONE', #1095, 11.24899999999770372 ) ;
#2449 = ORIENTED_EDGE ( 'NONE', *, *, #522, .F. ) ;
#2450 = ORIENTED_EDGE ( 'NONE', *, *, #2996, .F. ) ;
#2451 = FACE_OUTER_BOUND ( 'NONE', #1743, .T. ) ;
#2452 = EDGE_CURVE ( 'NONE', #3036, #7554, #6425, .T. ) ;
#2453 = CARTESIAN_POINT ( 'NONE',  ( 4.000000000000000000, -4.991786971163950426, 11.56901304495999838 ) ) ;
#2454 = DIRECTION ( 'NONE',  ( 1.000000000000000000, 0.000000000000000000, 0.000000000000000000 ) ) ;
#2455 = AXIS2_PLACEMENT_3D ( 'NONE', #2896, #7573, #2283 ) ;
#2456 = CIRCLE ( 'NONE', #1229, 4.799999999999039701 ) ;
#2457 = ORIENTED_EDGE ( 'NONE', *, *, #4372, .T. ) ;
#2458 = ORIENTED_EDGE ( 'NONE', *, *, #7229, .T. ) ;
#2459 = ORIENTED_EDGE ( 'NONE', *, *, #4796, .T. ) ;
#2460 = ORIENTED_EDGE ( 'NONE', *, *, #3150, .F. ) ;
#2461 = CARTESIAN_POINT ( 'NONE',  ( 0.000000000000000000, -0.2008292820897989994, -11.27452294072310046 ) ) ;
#2462 = FACE_OUTER_BOUND ( 'NONE', #6963, .T. ) ;
#2463 = ORIENTED_EDGE ( 'NONE', *, *, #6173, .F. ) ;
#2464 =( NAMED_UNIT ( * ) SI_UNIT ( $, .STERADIAN. ) SOLID_ANGLE_UNIT ( ) );
#2465 = CIRCLE ( 'NONE', #2109, 3.599999999999274891 ) ;
#2466 = DIRECTION ( 'NONE',  ( 0.000000000000000000, 0.000000000000000000, -1.000000000000000000 ) ) ;
#2467 = EDGE_CURVE ( 'NONE', #2857, #3866, #1791, .T. ) ;
#2468 = DIRECTION ( 'NONE',  ( 0.000000000000000000, 0.000000000000000000, -1.000000000000000000 ) ) ;
#2469 = VERTEX_POINT ( 'NONE', #7049 ) ;
#2470 = DIRECTION ( 'NONE',  ( 0.000000000000000000, 0.000000000000000000, -1.000000000000000000 ) ) ;
#2471 = DIRECTION ( 'NONE',  ( 0.000000000000000000, 0.5877852522924739143, -0.8090169943749467851 ) ) ;
#2472 = FACE_OUTER_BOUND ( 'NONE', #4025, .T. ) ;
#2473 = AXIS2_PLACEMENT_3D ( 'NONE', #3635, #612, #4289 ) ;
#2474 = EDGE_CURVE ( 'NONE', #2156, #5549, #3489, .T. ) ;
#2475 = ORIENTED_EDGE ( 'NONE', *, *, #6120, .T. ) ;
#2476 = ORIENTED_EDGE ( 'NONE', *, *, #538, .T. ) ;
#2477 = CARTESIAN_POINT ( 'NONE',  ( 4.000000000000000000, 8.041842239847760254, -9.699936772440159061 ) ) ;
#2478 = CARTESIAN_POINT ( 'NONE',  ( -7.000000000000000000, 1.024773626581970021, -2.001959044101470298 ) ) ;
#2479 = DIRECTION ( 'NONE',  ( 1.000000000000000000, 0.000000000000000000, 0.000000000000000000 ) ) ;
#2480 = DIRECTION ( 'NONE',  ( 0.000000000000000000, 0.000000000000000000, 1.000000000000000000 ) ) ;
#2481 = CARTESIAN_POINT ( 'NONE',  ( 4.000000000000000000, -1.172449887844433825, -12.54533224990199969 ) ) ;
#2482 = EDGE_CURVE ( 'NONE', #4477, #912, #797, .T. ) ;
#2483 = DIRECTION ( 'NONE',  ( 0.000000000000000000, 0.000000000000000000, -1.000000000000000000 ) ) ;
#2484 = AXIS2_PLACEMENT_3D ( 'NONE', #7528, #7558, #1681 ) ;
#2485 = EDGE_CURVE ( 'NONE', #4232, #5035, #7218, .T. ) ;
#2486 = EDGE_CURVE ( 'NONE', #5174, #740, #577, .T. ) ;
#2487 = ORIENTED_EDGE ( 'NONE', *, *, #1599, .T. ) ;
#2488 = DIRECTION ( 'NONE',  ( -1.000000000000000000, 0.000000000000000000, 0.000000000000000000 ) ) ;
#2489 = ORIENTED_EDGE ( 'NONE', *, *, #6312, .T. ) ;
#2490 = CARTESIAN_POINT ( 'NONE',  ( -7.000000000000000000, 6.938893903907229640E-14, 1.179611963664229834E-13 ) ) ;
#2491 = CARTESIAN_POINT ( 'NONE',  ( 3.500000000000000000, 0.000000000000000000, 0.000000000000000000 ) ) ;
#2492 = DIRECTION ( 'NONE',  ( 0.000000000000000000, 0.000000000000000000, 1.000000000000000000 ) ) ;
#2493 = EDGE_CURVE ( 'NONE', #6208, #72, #670, .T. ) ;
#2494 = ORIENTED_EDGE ( 'NONE', *, *, #2876, .F. ) ;
#2495 = ORIENTED_EDGE ( 'NONE', *, *, #772, .F. ) ;
#2496 = ORIENTED_EDGE ( 'NONE', *, *, #7446, .T. ) ;
#2497 = LINE ( 'NONE', #4679, #5919 ) ;
#2498 = CARTESIAN_POINT ( 'NONE',  ( 0.000000000000000000, 9.256392760211209492, 6.392119685101249615 ) ) ;
#2499 = ORIENTED_EDGE ( 'NONE', *, *, #3241, .F. ) ;
#2500 = PRESENTATION_STYLE_ASSIGNMENT (( #4287 ) ) ;
#2501 = VERTEX_POINT ( 'NONE', #4148 ) ;
#2502 = CARTESIAN_POINT ( 'NONE',  ( 4.000000000000000000, -0.2694376985532949687, -11.24577273141099987 ) ) ;
#2503 = DIRECTION ( 'NONE',  ( 0.000000000000000000, 0.000000000000000000, -1.000000000000000000 ) ) ;
#2504 = VERTEX_POINT ( 'NONE', #1197 ) ;
#2505 = AXIS2_PLACEMENT_3D ( 'NONE', #933, #2677, #966 ) ;
#2506 = DIRECTION ( 'NONE',  ( -1.000000000000000000, 0.000000000000000000, 0.000000000000000000 ) ) ;
#2507 = DIRECTION ( 'NONE',  ( -1.000000000000000000, 0.000000000000000000, 0.000000000000000000 ) ) ;
#2508 = LINE ( 'NONE', #234, #4967 ) ;
#2509 = ORIENTED_EDGE ( 'NONE', *, *, #784, .F. ) ;
#2510 = ORIENTED_EDGE ( 'NONE', *, *, #5899, .T. ) ;
#2511 = CIRCLE ( 'NONE', #6850, 4.799999999999039701 ) ;
#2512 = AXIS2_PLACEMENT_3D ( 'NONE', #3829, #4048, #6359 ) ;
#2513 = EDGE_LOOP ( 'NONE', ( #5649, #318, #7282, #5871 ) ) ;
#2514 = CARTESIAN_POINT ( 'NONE',  ( 0.000000000000000000, -0.9957969144632770053, -2.637344972028564438 ) ) ;
#2515 = DIRECTION ( 'NONE',  ( -1.000000000000000000, 0.000000000000000000, 0.000000000000000000 ) ) ;
#2516 = CARTESIAN_POINT ( 'NONE',  ( 3.500000000000000000, -8.114299373255219550, 7.830283878801910014 ) ) ;
#2517 = VECTOR ( 'NONE', #4081, 1000.000000000000000 ) ;
#2518 = DIRECTION ( 'NONE',  ( 1.000000000000000000, 0.000000000000000000, 0.000000000000000000 ) ) ;
#2519 = CYLINDRICAL_SURFACE ( 'NONE', #4109, 4.799999999999039701 ) ;
#2520 = CIRCLE ( 'NONE', #171, 4.799999999999038813 ) ;
#2521 = CARTESIAN_POINT ( 'NONE',  ( 1.750000000000000000, -4.991786971163790554, -11.56901304496009963 ) ) ;
#2522 = AXIS2_PLACEMENT_3D ( 'NONE', #3310, #7399, #2105 ) ;
#2523 = AXIS2_PLACEMENT_3D ( 'NONE', #6496, #1126, #3011 ) ;
#2524 = AXIS2_PLACEMENT_3D ( 'NONE', #5867, #1664, #5795 ) ;
#2525 = ORIENTED_EDGE ( 'NONE', *, *, #5617, .T. ) ;
#2526 = CYLINDRICAL_SURFACE ( 'NONE', #222, 12.59999999999749853 ) ;
#2527 = CIRCLE ( 'NONE', #7599, 1.199999999999754152 ) ;
#2528 = ORIENTED_EDGE ( 'NONE', *, *, #5358, .T. ) ;
#2529 = CARTESIAN_POINT ( 'NONE',  ( -6.450000000000000178, 0.3476627225245069730, 2.221965713364045136 ) ) ;
#2530 = CARTESIAN_POINT ( 'NONE',  ( 0.000000000000000000, -3.218884409939450020, -10.77862626476109931 ) ) ;
#2531 = EDGE_CURVE ( 'NONE', #2697, #208, #1668, .T. ) ;
#2532 = CARTESIAN_POINT ( 'NONE',  ( 4.000000000000000000, 3.218884409939525071, 10.77862626476107977 ) ) ;
#2533 = ADVANCED_FACE ( 'NONE', ( #5948 ), #813, .T. ) ;
#2534 = ORIENTED_EDGE ( 'NONE', *, *, #1163, .F. ) ;
#2535 = ORIENTED_EDGE ( 'NONE', *, *, #3914, .F. ) ;
#2536 = VERTEX_POINT ( 'NONE', #6143 ) ;
#2537 = DIRECTION ( 'NONE',  ( 1.000000000000000000, 0.000000000000000000, 0.000000000000000000 ) ) ;
#2538 = DIRECTION ( 'NONE',  ( -1.000000000000000000, 0.000000000000000000, 0.000000000000000000 ) ) ;
#2539 = ORIENTED_EDGE ( 'NONE', *, *, #5361, .F. ) ;
#2540 = EDGE_CURVE ( 'NONE', #4693, #4632, #1663, .T. ) ;
#2541 = DIRECTION ( 'NONE',  ( 1.000000000000000000, 0.000000000000000000, 0.000000000000000000 ) ) ;
#2542 = EDGE_CURVE ( 'NONE', #6940, #3441, #4257, .T. ) ;
#2543 = CARTESIAN_POINT ( 'NONE',  ( 4.000000000000000000, 11.06516926556252045, 2.025346914580325119 ) ) ;
#2544 = CARTESIAN_POINT ( 'NONE',  ( 1.750000000000000000, -10.83853574337769921, -6.425429397282339750 ) ) ;
#2545 = VERTEX_POINT ( 'NONE', #3130 ) ;
#2546 = DIRECTION ( 'NONE',  ( -1.000000000000000000, 0.000000000000000000, 0.000000000000000000 ) ) ;
#2547 = LINE ( 'NONE', #770, #6240 ) ;
#2548 = CARTESIAN_POINT ( 'NONE',  ( 0.000000000000000000, 1.024773626581945818, 2.001959044101719876 ) ) ;
#2549 = ORIENTED_EDGE ( 'NONE', *, *, #5219, .T. ) ;
#2550 = ORIENTED_EDGE ( 'NONE', *, *, #4086, .T. ) ;
#2551 = CARTESIAN_POINT ( 'NONE',  ( -6.450000000000000178, -2.355809106513079954, 0.3483421618009714393 ) ) ;
#2552 = VERTEX_POINT ( 'NONE', #3222 ) ;
#2553 = CARTESIAN_POINT ( 'NONE',  ( 0.000000000000000000, -8.939649748968578891, 6.828079039211200296 ) ) ;
#2554 = CARTESIAN_POINT ( 'NONE',  ( 3.500000000000000000, 11.27452294072310046, 0.2008292820899199860 ) ) ;
#2555 = LINE ( 'NONE', #2981, #6591 ) ;
#2556 = CARTESIAN_POINT ( 'NONE',  ( 1.750000000000000000, -12.29362692575399940, 2.761654759435599793 ) ) ;
#2557 = FACE_OUTER_BOUND ( 'NONE', #5129, .T. ) ;
#2558 = CIRCLE ( 'NONE', #5029, 4.799999999999039701 ) ;
#2559 = ADVANCED_FACE ( 'NONE', ( #1939 ), #3174, .T. ) ;
#2560 = ORIENTED_EDGE ( 'NONE', *, *, #4931, .T. ) ;
#2561 = DIRECTION ( 'NONE',  ( -1.000000000000000000, 0.000000000000000000, 0.000000000000000000 ) ) ;
#2562 = CIRCLE ( 'NONE', #3327, 12.59999999999745945 ) ;
#2563 = ORIENTED_EDGE ( 'NONE', *, *, #1260, .F. ) ;
#2564 = CARTESIAN_POINT ( 'NONE',  ( 0.000000000000000000, 11.27452294072310046, -0.2008292820897600028 ) ) ;
#2565 = CIRCLE ( 'NONE', #5162, 4.799999999999030820 ) ;
#2566 = DIRECTION ( 'NONE',  ( 1.000000000000000000, 0.000000000000000000, 0.000000000000000000 ) ) ;
#2567 = CIRCLE ( 'NONE', #6023, 11.24899999999775879 ) ;
#2568 = CIRCLE ( 'NONE', #6647, 4.799999999999039701 ) ;
#2569 = DIRECTION ( 'NONE',  ( -1.000000000000000000, 0.000000000000000000, 0.000000000000000000 ) ) ;
#2570 = EDGE_CURVE ( 'NONE', #4518, #2101, #3892, .T. ) ;
#2571 = EDGE_CURVE ( 'NONE', #2953, #194, #3637, .T. ) ;
#2572 = ORIENTED_EDGE ( 'NONE', *, *, #6040, .F. ) ;
#2573 = ORIENTED_EDGE ( 'NONE', *, *, #1357, .F. ) ;
#2574 = AXIS2_PLACEMENT_3D ( 'NONE', #5811, #6466, #515 ) ;
#2575 = EDGE_CURVE ( 'NONE', #4279, #5630, #5853, .T. ) ;
#2576 = AXIS2_PLACEMENT_3D ( 'NONE', #3039, #6678, #6092 ) ;
#2577 = EDGE_LOOP ( 'NONE', ( #4298, #4168, #3297, #7194 ) ) ;
#2578 = EDGE_CURVE ( 'NONE', #4669, #1467, #7585, .T. ) ;
#2579 = ORIENTED_EDGE ( 'NONE', *, *, #2241, .F. ) ;
#2580 = CARTESIAN_POINT ( 'NONE',  ( 4.000000000000000000, -0.2008292820899620079, 11.27452294072310046 ) ) ;
#2581 = CARTESIAN_POINT ( 'NONE',  ( -6.450000000000000178, -2.005781281108405256, 1.017272064077791915 ) ) ;
#2582 = ORIENTED_EDGE ( 'NONE', *, *, #1929, .T. ) ;
#2583 = DIRECTION ( 'NONE',  ( -1.000000000000000000, 0.000000000000000000, 0.000000000000000000 ) ) ;
#2584 = CARTESIAN_POINT ( 'NONE',  ( 4.000000000000000000, -10.14237902864180008, -4.865403235017329742 ) ) ;
#2585 = AXIS2_PLACEMENT_3D ( 'NONE', #1812, #500, #1737 ) ;
#2586 = CIRCLE ( 'NONE', #1972, 11.24899999999775879 ) ;
#2587 = AXIS2_PLACEMENT_3D ( 'NONE', #5786, #1186, #4735 ) ;
#2588 = VECTOR ( 'NONE', #1793, 1000.000000000000000 ) ;
#2589 = DIRECTION ( 'NONE',  ( -1.000000000000000000, 0.000000000000000000, 0.000000000000000000 ) ) ;
#2590 = EDGE_CURVE ( 'NONE', #1280, #5955, #6352, .T. ) ;
#2591 = EDGE_LOOP ( 'NONE', ( #1010, #6133, #886, #624 ) ) ;
#2592 = EDGE_CURVE ( 'NONE', #6169, #1703, #4991, .T. ) ;
#2593 = AXIS2_PLACEMENT_3D ( 'NONE', #2357, #2392, #4749 ) ;
#2594 = CIRCLE ( 'NONE', #4807, 4.799999999999039701 ) ;
#2595 = FACE_OUTER_BOUND ( 'NONE', #2387, .T. ) ;
#2596 = DIRECTION ( 'NONE',  ( -1.000000000000000000, 0.000000000000000000, 0.000000000000000000 ) ) ;
#2597 = ORIENTED_EDGE ( 'NONE', *, *, #461, .F. ) ;
#2598 = DIRECTION ( 'NONE',  ( 0.000000000000000000, 0.000000000000000000, 1.000000000000000000 ) ) ;
#2599 = DIRECTION ( 'NONE',  ( 0.000000000000000000, 0.000000000000000000, -1.000000000000000000 ) ) ;
#2600 = CIRCLE ( 'NONE', #3591, 2.248999999999549804 ) ;
#2601 = VERTEX_POINT ( 'NONE', #5398 ) ;
#2602 = EDGE_CURVE ( 'NONE', #5174, #7189, #4137, .T. ) ;
#2603 = VERTEX_POINT ( 'NONE', #7273 ) ;
#2604 = DIRECTION ( 'NONE',  ( 0.000000000000000000, 0.3090169943749409009, 0.9510565162951556406 ) ) ;
#2605 = CARTESIAN_POINT ( 'NONE',  ( 0.000000000000000000, -8.939649748968479415, -6.828079039211329082 ) ) ;
#2606 = DIRECTION ( 'NONE',  ( 0.000000000000000000, -0.9876883405951393247, 0.1564344650402210157 ) ) ;
#2607 = ORIENTED_EDGE ( 'NONE', *, *, #698, .F. ) ;
#2608 = DIRECTION ( 'NONE',  ( 0.000000000000000000, 0.000000000000000000, -1.000000000000000000 ) ) ;
#2609 = DIRECTION ( 'NONE',  ( 1.000000000000000000, 0.000000000000000000, 0.000000000000000000 ) ) ;
#2610 = DIRECTION ( 'NONE',  ( 0.000000000000000000, 0.000000000000000000, 1.000000000000000000 ) ) ;
#2611 = VERTEX_POINT ( 'NONE', #4971 ) ;
#2612 = DIRECTION ( 'NONE',  ( -1.000000000000000000, 0.000000000000000000, 0.000000000000000000 ) ) ;
#2613 = CARTESIAN_POINT ( 'NONE',  ( 4.000000000000000000, 7.830283878802059228, -8.114299373255079217 ) ) ;
#2614 = ORIENTED_EDGE ( 'NONE', *, *, #3067, .T. ) ;
#2615 = CARTESIAN_POINT ( 'NONE',  ( 1.750000000000000000, -12.57428996311180036, -0.8045072551092850022 ) ) ;
#2616 = DIRECTION ( 'NONE',  ( 1.000000000000000000, 0.000000000000000000, 0.000000000000000000 ) ) ;
#2617 = DIRECTION ( 'NONE',  ( 0.000000000000000000, -0.1564344650402168524, -0.9876883405951398798 ) ) ;
#2618 = ORIENTED_EDGE ( 'NONE', *, *, #4835, .F. ) ;
#2619 = ORIENTED_EDGE ( 'NONE', *, *, #4072, .T. ) ;
#2620 = ORIENTED_EDGE ( 'NONE', *, *, #6781, .T. ) ;
#2621 = DIRECTION ( 'NONE',  ( -1.000000000000000000, 0.000000000000000000, 0.000000000000000000 ) ) ;
#2622 = PLANE ( 'NONE',  #6290 ) ;
#2623 = EDGE_LOOP ( 'NONE', ( #2044, #1766, #6553, #5525 ) ) ;
#2624 = DIRECTION ( 'NONE',  ( 1.000000000000000000, 0.000000000000000000, 0.000000000000000000 ) ) ;
#2625 = CARTESIAN_POINT ( 'NONE',  ( 4.000000000000000000, 10.83853574337786085, -6.425429397282090171 ) ) ;
#2626 = DIRECTION ( 'NONE',  ( 1.000000000000000000, 0.000000000000000000, 0.000000000000000000 ) ) ;
#2627 = VERTEX_POINT ( 'NONE', #5992 ) ;
#2628 = CYLINDRICAL_SURFACE ( 'NONE', #3561, 11.24899999999770017 ) ;
#2629 = DIRECTION ( 'NONE',  ( 0.000000000000000000, 0.000000000000000000, 1.000000000000000000 ) ) ;
#2630 = DIRECTION ( 'NONE',  ( -1.000000000000000000, 0.000000000000000000, 0.000000000000000000 ) ) ;
#2631 = CARTESIAN_POINT ( 'NONE',  ( -7.000000000000000000, -2.200545951850750193, -1.762043560793055130 ) ) ;
#2632 = ADVANCED_FACE ( 'NONE', ( #7348 ), #1978, .T. ) ;
#2633 = EDGE_CURVE ( 'NONE', #2851, #6757, #2520, .T. ) ;
#2634 = CIRCLE ( 'NONE', #7571, 12.59999999999749853 ) ;
#2635 = VERTEX_POINT ( 'NONE', #4364 ) ;
#2636 = VECTOR ( 'NONE', #4075, 1000.000000000000000 ) ;
#2637 = ORIENTED_EDGE ( 'NONE', *, *, #4009, .T. ) ;
#2638 = ORIENTED_EDGE ( 'NONE', *, *, #6557, .F. ) ;
#2639 = CARTESIAN_POINT ( 'NONE',  ( 4.000000000000000000, -9.897734717811939475, 5.345544729564020159 ) ) ;
#2640 = DIRECTION ( 'NONE',  ( 0.000000000000000000, -0.8910065241883626808, -0.4539904997395568520 ) ) ;
#2641 = FACE_OUTER_BOUND ( 'NONE', #7046, .T. ) ;
#2642 = CARTESIAN_POINT ( 'NONE',  ( 4.000000000000000000, 10.78476817202770022, 3.293019194759300383 ) ) ;
#2643 = CARTESIAN_POINT ( 'NONE',  ( 0.000000000000000000, 6.938893903907229640E-14, 1.179611963664229834E-13 ) ) ;
#2644 = EDGE_CURVE ( 'NONE', #4719, #6249, #923, .T. ) ;
#2645 = CIRCLE ( 'NONE', #3003, 12.59999999999749853 ) ;
#2646 = VECTOR ( 'NONE', #2541, 1000.000000000000000 ) ;
#2647 = AXIS2_PLACEMENT_3D ( 'NONE', #825, #1255, #3147 ) ;
#2648 = VERTEX_POINT ( 'NONE', #694 ) ;
#2649 = CARTESIAN_POINT ( 'NONE',  ( -10.00000000000000000, 0.000000000000000000, 0.000000000000000000 ) ) ;
#2650 = AXIS2_PLACEMENT_3D ( 'NONE', #2903, #5873, #64 ) ;
#2651 = FACE_OUTER_BOUND ( 'NONE', #2351, .T. ) ;
#2652 = EDGE_LOOP ( 'NONE', ( #1481, #4923, #3507, #2814 ) ) ;
#2653 = CARTESIAN_POINT ( 'NONE',  ( 4.000000000000000000, 0.000000000000000000, 0.000000000000000000 ) ) ;
#2654 = VECTOR ( 'NONE', #3766, 1000.000000000000000 ) ;
#2655 = DIRECTION ( 'NONE',  ( 0.000000000000000000, 0.000000000000000000, -1.000000000000000000 ) ) ;
#2656 = CARTESIAN_POINT ( 'NONE',  ( 3.500000000000000000, -11.24577273141099987, 0.2694376985533610269 ) ) ;
#2657 = AXIS2_PLACEMENT_3D ( 'NONE', #7482, #1597, #6269 ) ;
#2658 = CIRCLE ( 'NONE', #7227, 11.24899999999769840 ) ;
#2659 = AXIS2_PLACEMENT_3D ( 'NONE', #4182, #27, #1198 ) ;
#2660 = ORIENTED_EDGE ( 'NONE', *, *, #1260, .T. ) ;
#2661 = AXIS2_PLACEMENT_3D ( 'NONE', #2960, #1629, #4167 ) ;
#2662 = VERTEX_POINT ( 'NONE', #1434 ) ;
#2663 = VERTEX_POINT ( 'NONE', #144 ) ;
#2664 = ORIENTED_EDGE ( 'NONE', *, *, #7551, .F. ) ;
#2665 = DIRECTION ( 'NONE',  ( -1.000000000000000000, 0.000000000000000000, 0.000000000000000000 ) ) ;
#2666 = DIRECTION ( 'NONE',  ( 0.000000000000000000, 0.000000000000000000, -1.000000000000000000 ) ) ;
#2667 = ORIENTED_EDGE ( 'NONE', *, *, #2988, .F. ) ;
#2668 = CYLINDRICAL_SURFACE ( 'NONE', #2275, 12.59999999999749853 ) ;
#2669 = FACE_OUTER_BOUND ( 'NONE', #562, .T. ) ;
#2670 = CIRCLE ( 'NONE', #2273, 4.799999999999039701 ) ;
#2671 = CARTESIAN_POINT ( 'NONE',  ( 0.000000000000000000, 0.000000000000000000, 0.000000000000000000 ) ) ;
#2672 = ORIENTED_EDGE ( 'NONE', *, *, #7234, .T. ) ;
#2673 = ADVANCED_FACE ( 'NONE', ( #3047 ), #1896, .T. ) ;
#2674 = FACE_OUTER_BOUND ( 'NONE', #6264, .T. ) ;
#2675 = CARTESIAN_POINT ( 'NONE',  ( 0.000000000000000000, -9.256392760211157977, -6.392119685101310012 ) ) ;
#2676 = FACE_OUTER_BOUND ( 'NONE', #5880, .T. ) ;
#2677 = DIRECTION ( 'NONE',  ( 1.000000000000000000, 0.000000000000000000, 0.000000000000000000 ) ) ;
#2678 = VECTOR ( 'NONE', #6917, 1000.000000000000000 ) ;
#2679 = ORIENTED_EDGE ( 'NONE', *, *, #4291, .F. ) ;
#2680 = VERTEX_POINT ( 'NONE', #6062 ) ;
#2681 = ADVANCED_FACE ( 'NONE', ( #3953 ), #2132, .T. ) ;
#2682 = ORIENTED_EDGE ( 'NONE', *, *, #2257, .F. ) ;
#2683 = CARTESIAN_POINT ( 'NONE',  ( 0.000000000000000000, 0.000000000000000000, 0.000000000000000000 ) ) ;
#2684 = EDGE_CURVE ( 'NONE', #1525, #1243, #2893, .T. ) ;
#2685 = CIRCLE ( 'NONE', #67, 4.799999999999029932 ) ;
#2686 = CARTESIAN_POINT ( 'NONE',  ( 0.000000000000000000, 11.10429823301639907, -1.962080705185970109 ) ) ;
#2687 = DIRECTION ( 'NONE',  ( -1.000000000000000000, 0.000000000000000000, 0.000000000000000000 ) ) ;
#2688 = DIRECTION ( 'NONE',  ( 0.000000000000000000, 0.000000000000000000, 1.000000000000000000 ) ) ;
#2689 = ORIENTED_EDGE ( 'NONE', *, *, #3160, .T. ) ;
#2690 = DIRECTION ( 'NONE',  ( 1.000000000000000000, 0.000000000000000000, 0.000000000000000000 ) ) ;
#2691 = ADVANCED_FACE ( 'NONE', ( #2752 ), #931, .T. ) ;
#2692 = DIRECTION ( 'NONE',  ( -1.000000000000000000, 0.000000000000000000, 0.000000000000000000 ) ) ;
#2693 = VERTEX_POINT ( 'NONE', #4521 ) ;
#2694 = CARTESIAN_POINT ( 'NONE',  ( 3.500000000000000000, 0.000000000000000000, 0.000000000000000000 ) ) ;
#2695 = DIRECTION ( 'NONE',  ( 1.000000000000000000, 0.000000000000000000, 0.000000000000000000 ) ) ;
#2696 = DIRECTION ( 'NONE',  ( 1.000000000000000000, 0.000000000000000000, 0.000000000000000000 ) ) ;
#2697 = VERTEX_POINT ( 'NONE', #6302 ) ;
#2698 = VERTEX_POINT ( 'NONE', #4483 ) ;
#2699 = EDGE_CURVE ( 'NONE', #3825, #3320, #42, .T. ) ;
#2700 = VERTEX_POINT ( 'NONE', #3418 ) ;
#2701 = ORIENTED_EDGE ( 'NONE', *, *, #7504, .T. ) ;
#2702 = CYLINDRICAL_SURFACE ( 'NONE', #5056, 11.24899999999770017 ) ;
#2703 = AXIS2_PLACEMENT_3D ( 'NONE', #6946, #3432, #1682 ) ;
#2704 = DIRECTION ( 'NONE',  ( 0.000000000000000000, 0.000000000000000000, 1.000000000000000000 ) ) ;
#2705 = EDGE_LOOP ( 'NONE', ( #830, #2788, #4676, #4486 ) ) ;
#2706 = DIRECTION ( 'NONE',  ( 0.000000000000000000, 0.000000000000000000, 1.000000000000000000 ) ) ;
#2707 = VECTOR ( 'NONE', #7007, 1000.000000000000000 ) ;
#2708 = DIRECTION ( 'NONE',  ( 0.000000000000000000, 0.000000000000000000, 1.000000000000000000 ) ) ;
#2709 = CIRCLE ( 'NONE', #7640, 4.799999999999037925 ) ;
#2710 = CARTESIAN_POINT ( 'NONE',  ( 4.000000000000000000, 0.000000000000000000, 0.000000000000000000 ) ) ;
#2711 = ORIENTED_EDGE ( 'NONE', *, *, #5878, .T. ) ;
#2712 = CARTESIAN_POINT ( 'NONE',  ( 0.000000000000000000, 0.000000000000000000, 0.000000000000000000 ) ) ;
#2713 = CIRCLE ( 'NONE', #1838, 4.799999999999039701 ) ;
#2714 = DIRECTION ( 'NONE',  ( 0.000000000000000000, 0.000000000000000000, 1.000000000000000000 ) ) ;
#2715 = DIRECTION ( 'NONE',  ( 1.000000000000000000, 0.000000000000000000, 0.000000000000000000 ) ) ;
#2716 = DIRECTION ( 'NONE',  ( 0.000000000000000000, 0.000000000000000000, 1.000000000000000000 ) ) ;
#2717 = AXIS2_PLACEMENT_3D ( 'NONE', #5061, #2137, #2716 ) ;
#2718 = ORIENTED_EDGE ( 'NONE', *, *, #1837, .F. ) ;
#2719 = VERTEX_POINT ( 'NONE', #2675 ) ;
#2720 = ORIENTED_EDGE ( 'NONE', *, *, #4103, .T. ) ;
#2721 = CYLINDRICAL_SURFACE ( 'NONE', #4785, 4.799999999999039701 ) ;
#2722 = DIRECTION ( 'NONE',  ( 1.000000000000000000, 0.000000000000000000, 0.000000000000000000 ) ) ;
#2723 = VERTEX_POINT ( 'NONE', #6928 ) ;
#2724 = CARTESIAN_POINT ( 'NONE',  ( -10.00000000000000000, 0.000000000000000000, 0.000000000000000000 ) ) ;
#2725 = DIRECTION ( 'NONE',  ( 0.000000000000000000, 0.000000000000000000, 1.000000000000000000 ) ) ;
#2726 = AXIS2_PLACEMENT_3D ( 'NONE', #47, #2419, #7134 ) ;
#2727 = AXIS2_PLACEMENT_3D ( 'NONE', #5711, #3323, #381 ) ;
#2728 = EDGE_CURVE ( 'NONE', #1703, #3825, #6767, .T. ) ;
#2729 = ORIENTED_EDGE ( 'NONE', *, *, #4974, .T. ) ;
#2730 = ORIENTED_EDGE ( 'NONE', *, *, #3445, .T. ) ;
#2731 = FACE_OUTER_BOUND ( 'NONE', #996, .T. ) ;
#2732 = CYLINDRICAL_SURFACE ( 'NONE', #4179, 4.799999999999039701 ) ;
#2733 = ORIENTED_EDGE ( 'NONE', *, *, #824, .T. ) ;
#2734 = FACE_OUTER_BOUND ( 'NONE', #7615, .T. ) ;
#2735 = DIRECTION ( 'NONE',  ( 1.000000000000000000, 0.000000000000000000, 0.000000000000000000 ) ) ;
#2736 = CARTESIAN_POINT ( 'NONE',  ( 4.000000000000000000, 0.000000000000000000, 0.000000000000000000 ) ) ;
#2737 = EDGE_CURVE ( 'NONE', #3677, #6033, #5604, .T. ) ;
#2738 = ADVANCED_FACE ( 'NONE', ( #3299 ), #5058, .T. ) ;
#2739 = ORIENTED_EDGE ( 'NONE', *, *, #1960, .T. ) ;
#2740 = VERTEX_POINT ( 'NONE', #1555 ) ;
#2741 = ORIENTED_EDGE ( 'NONE', *, *, #6892, .T. ) ;
#2742 = CARTESIAN_POINT ( 'NONE',  ( 0.000000000000000000, -8.041842239847550644, -9.699936772440340249 ) ) ;
#2743 = CARTESIAN_POINT ( 'NONE',  ( 4.000000000000000000, 12.20746682112890191, 3.120537423421549938 ) ) ;
#2744 = ORIENTED_EDGE ( 'NONE', *, *, #2467, .T. ) ;
#2745 = CYLINDRICAL_SURFACE ( 'NONE', #3558, 12.59999999999749853 ) ;
#2746 = EDGE_CURVE ( 'NONE', #6242, #955, #5140, .T. ) ;
#2747 = ADVANCED_FACE ( 'NONE', ( #5176 ), #389, .T. ) ;
#2748 = AXIS2_PLACEMENT_3D ( 'NONE', #6281, #992, #5774 ) ;
#2749 = EDGE_LOOP ( 'NONE', ( #3363, #7543, #1190, #5362 ) ) ;
#2750 = ORIENTED_EDGE ( 'NONE', *, *, #1291, .F. ) ;
#2751 = CARTESIAN_POINT ( 'NONE',  ( 0.000000000000000000, 0.000000000000000000, 0.000000000000000000 ) ) ;
#2752 = FACE_OUTER_BOUND ( 'NONE', #3903, .T. ) ;
#2753 = CIRCLE ( 'NONE', #3374, 12.59999999999749853 ) ;
#2754 = CARTESIAN_POINT ( 'NONE',  ( 4.000000000000000000, 11.14946795003230129, 1.493105967824272184 ) ) ;
#2755 = LINE ( 'NONE', #7546, #6787 ) ;
#2756 = VERTEX_POINT ( 'NONE', #1476 ) ;
#2757 = ORIENTED_EDGE ( 'NONE', *, *, #2467, .F. ) ;
#2758 = ORIENTED_EDGE ( 'NONE', *, *, #3969, .T. ) ;
#2759 = CARTESIAN_POINT ( 'NONE',  ( 4.000000000000000000, 0.000000000000000000, 0.000000000000000000 ) ) ;
#2760 = DIRECTION ( 'NONE',  ( 1.000000000000000000, 0.000000000000000000, 0.000000000000000000 ) ) ;
#2761 = EDGE_LOOP ( 'NONE', ( #5670, #2766, #1257, #5730 ) ) ;
#2762 = CARTESIAN_POINT ( 'NONE',  ( 0.000000000000000000, 0.000000000000000000, 0.000000000000000000 ) ) ;
#2763 = CARTESIAN_POINT ( 'NONE',  ( -6.450000000000000178, 2.815982290881520189, -0.1320747280206593932 ) ) ;
#2764 = DIRECTION ( 'NONE',  ( 1.000000000000000000, 0.000000000000000000, 0.000000000000000000 ) ) ;
#2765 = CIRCLE ( 'NONE', #7452, 4.799999999999039701 ) ;
#2766 = ORIENTED_EDGE ( 'NONE', *, *, #4770, .F. ) ;
#2767 = CYLINDRICAL_SURFACE ( 'NONE', #3689, 4.799999999999039701 ) ;
#2768 = DIRECTION ( 'NONE',  ( 1.000000000000000000, 0.000000000000000000, 0.000000000000000000 ) ) ;
#2769 = CARTESIAN_POINT ( 'NONE',  ( -10.00000000000000000, 0.000000000000000000, 0.000000000000000000 ) ) ;
#2770 = EDGE_CURVE ( 'NONE', #1561, #5725, #1787, .T. ) ;
#2771 = LINE ( 'NONE', #4581, #5704 ) ;
#2772 = AXIS2_PLACEMENT_3D ( 'NONE', #2643, #4417, #4990 ) ;
#2773 = CYLINDRICAL_SURFACE ( 'NONE', #2932, 3.599999999999274891 ) ;
#2774 = LINE ( 'NONE', #4540, #7579 ) ;
#2775 = AXIS2_PLACEMENT_3D ( 'NONE', #3729, #5531, #7320 ) ;
#2776 = VERTEX_POINT ( 'NONE', #3257 ) ;
#2777 = ORIENTED_EDGE ( 'NONE', *, *, #2210, .T. ) ;
#2778 = AXIS2_PLACEMENT_3D ( 'NONE', #4267, #1323, #2144 ) ;
#2779 = CIRCLE ( 'NONE', #1408, 12.59999999999747899 ) ;
#2780 = VERTEX_POINT ( 'NONE', #5017 ) ;
#2781 = CYLINDRICAL_SURFACE ( 'NONE', #2727, 12.59999999999749853 ) ;
#2782 = EDGE_CURVE ( 'NONE', #5955, #709, #6260, .T. ) ;
#2783 = EDGE_CURVE ( 'NONE', #709, #6608, #2280, .T. ) ;
#2784 = DIRECTION ( 'NONE',  ( 0.000000000000000000, 0.000000000000000000, 1.000000000000000000 ) ) ;
#2785 = CARTESIAN_POINT ( 'NONE',  ( 4.000000000000000000, -4.865403235017120132, -10.14237902864186047 ) ) ;
#2786 = AXIS2_PLACEMENT_3D ( 'NONE', #5720, #347, #2714 ) ;
#2787 = ORIENTED_EDGE ( 'NONE', *, *, #4332, .F. ) ;
#2788 = ORIENTED_EDGE ( 'NONE', *, *, #1349, .F. ) ;
#2789 = CIRCLE ( 'NONE', #2409, 4.799999999999039701 ) ;
#2790 = EDGE_CURVE ( 'NONE', #4087, #3745, #5352, .T. ) ;
#2791 = CARTESIAN_POINT ( 'NONE',  ( 0.000000000000000000, 1.493105967824400082, -11.14946795003230129 ) ) ;
#2792 = VECTOR ( 'NONE', #3336, 1000.000000000000000 ) ;
#2793 = ORIENTED_EDGE ( 'NONE', *, *, #6685, .F. ) ;
#2794 = CARTESIAN_POINT ( 'NONE',  ( 4.000000000000000000, 10.61210460920460008, -3.731385367829049837 ) ) ;
#2795 = CARTESIAN_POINT ( 'NONE',  ( 0.000000000000000000, 0.3476627225245014774, 2.221965713364045136 ) ) ;
#2796 = CARTESIAN_POINT ( 'NONE',  ( 4.000000000000000000, 0.000000000000000000, 0.000000000000000000 ) ) ;
#2797 = ORIENTED_EDGE ( 'NONE', *, *, #4149, .T. ) ;
#2798 = ORIENTED_EDGE ( 'NONE', *, *, #594, .T. ) ;
#2799 = DIRECTION ( 'NONE',  ( -1.000000000000000000, 0.000000000000000000, 0.000000000000000000 ) ) ;
#2800 = DIRECTION ( 'NONE',  ( 0.000000000000000000, 0.000000000000000000, 1.000000000000000000 ) ) ;
#2801 = CARTESIAN_POINT ( 'NONE',  ( 0.000000000000000000, 10.14237902864180008, 4.865403235017249806 ) ) ;
#2802 = FACE_OUTER_BOUND ( 'NONE', #969, .T. ) ;
#2803 = ORIENTED_EDGE ( 'NONE', *, *, #2394, .T. ) ;
#2804 = CARTESIAN_POINT ( 'NONE',  ( 3.500000000000000000, 0.000000000000000000, 0.000000000000000000 ) ) ;
#2805 = CARTESIAN_POINT ( 'NONE',  ( 3.500000000000000000, -10.77862626476109931, -3.218884409939640090 ) ) ;
#2806 = DIRECTION ( 'NONE',  ( 0.000000000000000000, 0.000000000000000000, -1.000000000000000000 ) ) ;
#2807 = CYLINDRICAL_SURFACE ( 'NONE', #6690, 4.799999999999039701 ) ;
#2808 = CARTESIAN_POINT ( 'NONE',  ( 1.750000000000000000, -10.83853574337780046, 6.425429397282179877 ) ) ;
#2809 = VECTOR ( 'NONE', #2626, 1000.000000000000000 ) ;
#2810 = DIRECTION ( 'NONE',  ( 0.000000000000000000, 0.000000000000000000, -1.000000000000000000 ) ) ;
#2811 = EDGE_CURVE ( 'NONE', #143, #2120, #4381, .T. ) ;
#2812 = ORIENTED_EDGE ( 'NONE', *, *, #2311, .F. ) ;
#2813 = VERTEX_POINT ( 'NONE', #2794 ) ;
#2814 = ORIENTED_EDGE ( 'NONE', *, *, #4185, .F. ) ;
#2815 = DIRECTION ( 'NONE',  ( -1.000000000000000000, 0.000000000000000000, 0.000000000000000000 ) ) ;
#2816 = CARTESIAN_POINT ( 'NONE',  ( 0.000000000000000000, 0.000000000000000000, 0.000000000000000000 ) ) ;
#2817 = EDGE_CURVE ( 'NONE', #5551, #1858, #3900, .T. ) ;
#2818 = EDGE_CURVE ( 'NONE', #2293, #1452, #552, .T. ) ;
#2819 = ORIENTED_EDGE ( 'NONE', *, *, #410, .F. ) ;
#2820 = ORIENTED_EDGE ( 'NONE', *, *, #2442, .F. ) ;
#2821 = AXIS2_PLACEMENT_3D ( 'NONE', #6014, #4284, #6053 ) ;
#2822 = DIRECTION ( 'NONE',  ( 1.000000000000000000, 0.000000000000000000, 0.000000000000000000 ) ) ;
#2823 = CARTESIAN_POINT ( 'NONE',  ( 4.000000000000000000, 0.000000000000000000, 0.000000000000000000 ) ) ;
#2824 = DIRECTION ( 'NONE',  ( 0.000000000000000000, 0.000000000000000000, -1.000000000000000000 ) ) ;
#2825 = CARTESIAN_POINT ( 'NONE',  ( 3.500000000000000000, -3.675019189548169862, 10.66064884975989990 ) ) ;
#2826 = CIRCLE ( 'NONE', #1834, 11.24899999999770017 ) ;
#2827 = AXIS2_PLACEMENT_3D ( 'NONE', #7650, #531, #4171 ) ;
#2828 = EDGE_CURVE ( 'NONE', #4519, #2359, #1173, .T. ) ;
#2829 = EDGE_CURVE ( 'NONE', #5668, #7524, #2316, .T. ) ;
#2830 = ORIENTED_EDGE ( 'NONE', *, *, #4481, .F. ) ;
#2831 = ORIENTED_EDGE ( 'NONE', *, *, #502, .T. ) ;
#2832 = AXIS2_PLACEMENT_3D ( 'NONE', #1866, #5998, #32 ) ;
#2833 = DIRECTION ( 'NONE',  ( 1.000000000000000000, 0.000000000000000000, 0.000000000000000000 ) ) ;
#2834 = CARTESIAN_POINT ( 'NONE',  ( 0.000000000000000000, -11.14946795003230129, 1.493105967824200020 ) ) ;
#2835 = CARTESIAN_POINT ( 'NONE',  ( 4.000000000000000000, 4.939586103593779143, -10.13684808343390031 ) ) ;
#2836 = DIRECTION ( 'NONE',  ( -1.000000000000000000, 0.000000000000000000, 0.000000000000000000 ) ) ;
#2837 = AXIS2_PLACEMENT_3D ( 'NONE', #1557, #6815, #3956 ) ;
#2838 = CIRCLE ( 'NONE', #4562, 4.799999999999029932 ) ;
#2839 = EDGE_CURVE ( 'NONE', #4924, #4352, #7074, .T. ) ;
#2840 = ORIENTED_EDGE ( 'NONE', *, *, #1558, .T. ) ;
#2841 = DIRECTION ( 'NONE',  ( -1.000000000000000000, 0.000000000000000000, 0.000000000000000000 ) ) ;
#2842 = DIRECTION ( 'NONE',  ( 0.000000000000000000, 0.000000000000000000, 1.000000000000000000 ) ) ;
#2843 = CARTESIAN_POINT ( 'NONE',  ( 0.000000000000000000, 0.000000000000000000, 0.000000000000000000 ) ) ;
#2844 = DIRECTION ( 'NONE',  ( 0.000000000000000000, 0.000000000000000000, 1.000000000000000000 ) ) ;
#2845 = AXIS2_PLACEMENT_3D ( 'NONE', #7299, #879, #3165 ) ;
#2846 = DIRECTION ( 'NONE',  ( 0.000000000000000000, 0.000000000000000000, -1.000000000000000000 ) ) ;
#2847 = CARTESIAN_POINT ( 'NONE',  ( 4.000000000000000000, 0.000000000000000000, 0.000000000000000000 ) ) ;
#2848 = LINE ( 'NONE', #3435, #1661 ) ;
#2849 = ORIENTED_EDGE ( 'NONE', *, *, #2383, .T. ) ;
#2850 = AXIS2_PLACEMENT_3D ( 'NONE', #790, #3157, #4346 ) ;
#2851 = VERTEX_POINT ( 'NONE', #6959 ) ;
#2852 = ORIENTED_EDGE ( 'NONE', *, *, #7611, .F. ) ;
#2853 = DIRECTION ( 'NONE',  ( 0.000000000000000000, 0.000000000000000000, 1.000000000000000000 ) ) ;
#2854 = DIRECTION ( 'NONE',  ( -1.000000000000000000, 0.000000000000000000, 0.000000000000000000 ) ) ;
#2855 = CIRCLE ( 'NONE', #4092, 4.799999999999029932 ) ;
#2856 = VERTEX_POINT ( 'NONE', #4705 ) ;
#2857 = VERTEX_POINT ( 'NONE', #4139 ) ;
#2858 = CARTESIAN_POINT ( 'NONE',  ( 50.00005080000000390, 0.000000000000000000, 0.000000000000000000 ) ) ;
#2859 = CARTESIAN_POINT ( 'NONE',  ( 0.000000000000000000, 0.000000000000000000, 0.000000000000000000 ) ) ;
#2860 = EDGE_CURVE ( 'NONE', #3745, #425, #3284, .T. ) ;
#2861 = CARTESIAN_POINT ( 'NONE',  ( 3.500000000000000000, 1.212710337028160035E-13, -11.24899999999770017 ) ) ;
#2862 = ORIENTED_EDGE ( 'NONE', *, *, #5199, .F. ) ;
#2863 = EDGE_CURVE ( 'NONE', #838, #6387, #4145, .T. ) ;
#2864 = CARTESIAN_POINT ( 'NONE',  ( 4.000000000000000000, -11.49673527345734136, -3.223302876579509757 ) ) ;
#2865 = DIRECTION ( 'NONE',  ( 1.000000000000000000, 0.000000000000000000, 0.000000000000000000 ) ) ;
#2866 = EDGE_CURVE ( 'NONE', #715, #3378, #2172, .T. ) ;
#2867 = EDGE_CURVE ( 'NONE', #5893, #296, #7485, .T. ) ;
#2868 = DIRECTION ( 'NONE',  ( 0.000000000000000000, 0.000000000000000000, -1.000000000000000000 ) ) ;
#2869 = DIRECTION ( 'NONE',  ( -1.000000000000000000, 0.000000000000000000, 0.000000000000000000 ) ) ;
#2870 = EDGE_CURVE ( 'NONE', #4742, #5627, #180, .T. ) ;
#2871 = ORIENTED_EDGE ( 'NONE', *, *, #5399, .F. ) ;
#2872 = DIRECTION ( 'NONE',  ( -1.000000000000000000, 0.000000000000000000, 0.000000000000000000 ) ) ;
#2873 = CARTESIAN_POINT ( 'NONE',  ( 4.000000000000000000, 1.565367224445640026, -11.16713147563269892 ) ) ;
#2874 = DIRECTION ( 'NONE',  ( -1.000000000000000000, 0.000000000000000000, 0.000000000000000000 ) ) ;
#2875 = DIRECTION ( 'NONE',  ( -1.000000000000000000, 0.000000000000000000, 0.000000000000000000 ) ) ;
#2876 = EDGE_CURVE ( 'NONE', #1696, #4411, #6485, .T. ) ;
#2877 = CYLINDRICAL_SURFACE ( 'NONE', #3055, 4.799999999999039701 ) ;
#2878 = DIRECTION ( 'NONE',  ( -1.000000000000000000, 0.000000000000000000, 0.000000000000000000 ) ) ;
#2879 = DIRECTION ( 'NONE',  ( -1.000000000000000000, 0.000000000000000000, 0.000000000000000000 ) ) ;
#2880 = EDGE_LOOP ( 'NONE', ( #3339, #5540, #3824, #6252 ) ) ;
#2881 = AXIS2_PLACEMENT_3D ( 'NONE', #3005, #4144, #102 ) ;
#2882 = ORIENTED_EDGE ( 'NONE', *, *, #3573, .F. ) ;
#2883 = CIRCLE ( 'NONE', #7205, 4.799999999999069900 ) ;
#2884 = ORIENTED_EDGE ( 'NONE', *, *, #6473, .T. ) ;
#2885 = DIRECTION ( 'NONE',  ( -1.000000000000000000, 0.000000000000000000, 0.000000000000000000 ) ) ;
#2886 = CARTESIAN_POINT ( 'NONE',  ( 1.750000000000000000, -12.20746682112890191, 3.120537423421460232 ) ) ;
#2887 = VECTOR ( 'NONE', #2696, 1000.000000000000000 ) ;
#2888 = ORIENTED_EDGE ( 'NONE', *, *, #5316, .T. ) ;
#2889 = VERTEX_POINT ( 'NONE', #572 ) ;
#2890 = VECTOR ( 'NONE', #7633, 1000.000000000000000 ) ;
#2891 = ORIENTED_EDGE ( 'NONE', *, *, #2442, .T. ) ;
#2892 = DIRECTION ( 'NONE',  ( 0.000000000000000000, 0.000000000000000000, 1.000000000000000000 ) ) ;
#2893 = CIRCLE ( 'NONE', #6477, 12.59999999999749853 ) ;
#2894 = CARTESIAN_POINT ( 'NONE',  ( -7.000000000000000000, -3.445051977127760345, 1.044804706575674036 ) ) ;
#2895 = CIRCLE ( 'NONE', #7219, 4.799999999999029932 ) ;
#2896 = CARTESIAN_POINT ( 'NONE',  ( 4.000000000000000000, 0.000000000000000000, 0.000000000000000000 ) ) ;
#2897 = AXIS2_PLACEMENT_3D ( 'NONE', #4226, #2298, #7127 ) ;
#2898 = VECTOR ( 'NONE', #4031, 1000.000000000000000 ) ;
#2899 = EDGE_CURVE ( 'NONE', #4633, #5174, #6979, .T. ) ;
#2900 = ORIENTED_EDGE ( 'NONE', *, *, #107, .T. ) ;
#2901 = CIRCLE ( 'NONE', #1554, 4.799999999999040590 ) ;
#2902 = DIRECTION ( 'NONE',  ( 0.000000000000000000, 0.000000000000000000, -1.000000000000000000 ) ) ;
#2903 = CARTESIAN_POINT ( 'NONE',  ( 0.000000000000000000, 10.78476817202779969, -3.293019194759140067 ) ) ;
#2904 = ORIENTED_EDGE ( 'NONE', *, *, #17, .F. ) ;
#2905 = LINE ( 'NONE', #5254, #4141 ) ;
#2906 = DIRECTION ( 'NONE',  ( -1.000000000000000000, 0.000000000000000000, 0.000000000000000000 ) ) ;
#2907 = EDGE_CURVE ( 'NONE', #684, #3556, #928, .T. ) ;
#2908 = EDGE_CURVE ( 'NONE', #5892, #2700, #3481, .T. ) ;
#2909 = EDGE_CURVE ( 'NONE', #5346, #4328, #2658, .T. ) ;
#2910 = ORIENTED_EDGE ( 'NONE', *, *, #2925, .T. ) ;
#2911 = CARTESIAN_POINT ( 'NONE',  ( -7.000000000000000000, 2.200545951850874982, 1.762043560793300045 ) ) ;
#2912 = DIRECTION ( 'NONE',  ( -1.000000000000000000, 0.000000000000000000, 0.000000000000000000 ) ) ;
#2913 = CARTESIAN_POINT ( 'NONE',  ( 0.000000000000000000, -10.64569177227120100, -6.740122156885170135 ) ) ;
#2914 = DIRECTION ( 'NONE',  ( -1.000000000000000000, 0.000000000000000000, 0.000000000000000000 ) ) ;
#2915 = DIRECTION ( 'NONE',  ( 0.000000000000000000, 0.000000000000000000, 1.000000000000000000 ) ) ;
#2916 = DIRECTION ( 'NONE',  ( -1.000000000000000000, 0.000000000000000000, 0.000000000000000000 ) ) ;
#2917 = DIRECTION ( 'NONE',  ( -1.000000000000000000, 0.000000000000000000, 0.000000000000000000 ) ) ;
#2918 = ADVANCED_FACE ( 'NONE', ( #5281 ), #4747, .T. ) ;
#2919 = ADVANCED_FACE ( 'NONE', ( #4030 ), #3596, .T. ) ;
#2920 = EDGE_LOOP ( 'NONE', ( #124, #3861, #6623, #1777 ) ) ;
#2921 = ORIENTED_EDGE ( 'NONE', *, *, #7574, .T. ) ;
#2922 = ORIENTED_EDGE ( 'NONE', *, *, #5461, .F. ) ;
#2923 = FACE_OUTER_BOUND ( 'NONE', #6552, .T. ) ;
#2924 = DIRECTION ( 'NONE',  ( -1.000000000000000000, 0.000000000000000000, 0.000000000000000000 ) ) ;
#2925 = EDGE_CURVE ( 'NONE', #6387, #7647, #532, .T. ) ;
#2926 = ORIENTED_EDGE ( 'NONE', *, *, #4711, .F. ) ;
#2927 = ORIENTED_EDGE ( 'NONE', *, *, #547, .F. ) ;
#2928 = ORIENTED_EDGE ( 'NONE', *, *, #2360, .T. ) ;
#2929 = CARTESIAN_POINT ( 'NONE',  ( 3.500000000000000000, 9.003236172274210247, 6.789472613369049725 ) ) ;
#2930 = DIRECTION ( 'NONE',  ( -1.000000000000000000, 0.000000000000000000, 0.000000000000000000 ) ) ;
#2931 = CARTESIAN_POINT ( 'NONE',  ( 0.000000000000000000, -9.460238237123679284, -8.322493165920858971 ) ) ;
#2932 = AXIS2_PLACEMENT_3D ( 'NONE', #4539, #1454, #6283 ) ;
#2933 = ORIENTED_EDGE ( 'NONE', *, *, #2383, .F. ) ;
#2934 = CARTESIAN_POINT ( 'NONE',  ( 0.000000000000000000, 0.000000000000000000, 0.000000000000000000 ) ) ;
#2935 = CIRCLE ( 'NONE', #7522, 12.59999999999751985 ) ;
#2936 = CARTESIAN_POINT ( 'NONE',  ( 1.750000000000000000, 0.8045072551091521085, 12.57428996311180036 ) ) ;
#2937 = AXIS2_PLACEMENT_3D ( 'NONE', #5758, #464, #2245 ) ;
#2938 = DIRECTION ( 'NONE',  ( 0.000000000000000000, 0.000000000000000000, -1.000000000000000000 ) ) ;
#2939 = CARTESIAN_POINT ( 'NONE',  ( 4.000000000000000000, -4.650801158178079930, -11.71025399327560024 ) ) ;
#2940 = CIRCLE ( 'NONE', #3943, 11.24899999999779610 ) ;
#2941 = ORIENTED_EDGE ( 'NONE', *, *, #5267, .T. ) ;
#2942 = CYLINDRICAL_SURFACE ( 'NONE', #5097, 3.599999999999279776 ) ;
#2943 = CARTESIAN_POINT ( 'NONE',  ( 4.000000000000000000, -6.392119685101279813, 9.256392760211200610 ) ) ;
#2944 = CYLINDRICAL_SURFACE ( 'NONE', #5085, 1.199999999999759925 ) ;
#2945 = CYLINDRICAL_SURFACE ( 'NONE', #6854, 1.199999999999763922 ) ;
#2946 = EDGE_CURVE ( 'NONE', #6380, #3122, #645, .T. ) ;
#2947 = FACE_OUTER_BOUND ( 'NONE', #4216, .T. ) ;
#2948 = AXIS2_PLACEMENT_3D ( 'NONE', #2613, #4954, #7489 ) ;
#2949 = CARTESIAN_POINT ( 'NONE',  ( -6.450000000000000178, 6.938893903907229640E-14, 1.179611963664229834E-13 ) ) ;
#2950 = EDGE_CURVE ( 'NONE', #3556, #2756, #4261, .T. ) ;
#2951 = AXIS2_PLACEMENT_3D ( 'NONE', #1578, #341, #2784 ) ;
#2952 = CARTESIAN_POINT ( 'NONE',  ( 3.500000000000000000, 0.000000000000000000, 0.000000000000000000 ) ) ;
#2953 = VERTEX_POINT ( 'NONE', #1932 ) ;
#2954 = AXIS2_PLACEMENT_3D ( 'NONE', #4450, #6379, #434 ) ;
#2955 = VERTEX_POINT ( 'NONE', #1308 ) ;
#2956 = ORIENTED_EDGE ( 'NONE', *, *, #2212, .T. ) ;
#2957 = DIRECTION ( 'NONE',  ( -1.000000000000000000, 0.000000000000000000, 0.000000000000000000 ) ) ;
#2958 = FACE_OUTER_BOUND ( 'NONE', #7480, .T. ) ;
#2959 = ADVANCED_FACE ( 'NONE', ( #4890 ), #6637, .T. ) ;
#2960 = CARTESIAN_POINT ( 'NONE',  ( 3.500000000000000000, -5.297466504773931106, -9.954498911157379837 ) ) ;
#2961 = ADVANCED_FACE ( 'NONE', ( #4322 ), #1343, .T. ) ;
#2962 = ORIENTED_EDGE ( 'NONE', *, *, #3716, .F. ) ;
#2963 = ORIENTED_EDGE ( 'NONE', *, *, #4988, .F. ) ;
#2964 = ORIENTED_EDGE ( 'NONE', *, *, #6024, .T. ) ;
#2965 = CARTESIAN_POINT ( 'NONE',  ( 1.750000000000000000, 8.322493165920759495, 9.460238237123769878 ) ) ;
#2966 = DIRECTION ( 'NONE',  ( 1.000000000000000000, 0.000000000000000000, 0.000000000000000000 ) ) ;
#2967 = EDGE_CURVE ( 'NONE', #258, #1620, #7302, .T. ) ;
#2968 = DIRECTION ( 'NONE',  ( 0.000000000000000000, 0.000000000000000000, 1.000000000000000000 ) ) ;
#2969 = DIRECTION ( 'NONE',  ( -1.000000000000000000, 0.000000000000000000, 0.000000000000000000 ) ) ;
#2970 = ORIENTED_EDGE ( 'NONE', *, *, #7376, .F. ) ;
#2971 = ORIENTED_EDGE ( 'NONE', *, *, #7178, .T. ) ;
#2972 = ORIENTED_EDGE ( 'NONE', *, *, #2839, .T. ) ;
#2973 = DIRECTION ( 'NONE',  ( 1.000000000000000000, 0.000000000000000000, 0.000000000000000000 ) ) ;
#2974 = DIRECTION ( 'NONE',  ( 1.000000000000000000, 0.000000000000000000, 0.000000000000000000 ) ) ;
#2975 = CYLINDRICAL_SURFACE ( 'NONE', #2151, 3.599999999999279776 ) ;
#2976 = ORIENTED_EDGE ( 'NONE', *, *, #6473, .F. ) ;
#2977 = DIRECTION ( 'NONE',  ( 0.000000000000000000, 0.4539904997395479702, -0.8910065241883673437 ) ) ;
#2978 = CARTESIAN_POINT ( 'NONE',  ( 0.000000000000000000, 8.322493165920759495, 9.460238237123769878 ) ) ;
#2979 = CARTESIAN_POINT ( 'NONE',  ( 3.500000000000000000, -5.345544729563970421, -9.897734717811959015 ) ) ;
#2980 = DIRECTION ( 'NONE',  ( 0.000000000000000000, 0.000000000000000000, -1.000000000000000000 ) ) ;
#2981 = CARTESIAN_POINT ( 'NONE',  ( 1.750000000000000000, 12.29362692575399940, 2.761654759435690387 ) ) ;
#2982 = CARTESIAN_POINT ( 'NONE',  ( 3.500000000000000000, -6.464524009011229921, -9.239325152756160620 ) ) ;
#2983 = VERTEX_POINT ( 'NONE', #3709 ) ;
#2984 = ORIENTED_EDGE ( 'NONE', *, *, #4751, .T. ) ;
#2985 = DIRECTION ( 'NONE',  ( -1.000000000000000000, 0.000000000000000000, 0.000000000000000000 ) ) ;
#2986 = ORIENTED_EDGE ( 'NONE', *, *, #6174, .F. ) ;
#2987 = ORIENTED_EDGE ( 'NONE', *, *, #5039, .F. ) ;
#2988 = EDGE_CURVE ( 'NONE', #2359, #4208, #4132, .T. ) ;
#2989 = VERTEX_POINT ( 'NONE', #3086 ) ;
#2990 = CARTESIAN_POINT ( 'NONE',  ( 3.500000000000000000, -10.85095572334239833, -4.982104301616820052 ) ) ;
#2991 = DIRECTION ( 'NONE',  ( -1.000000000000000000, 0.000000000000000000, 0.000000000000000000 ) ) ;
#2992 = CARTESIAN_POINT ( 'NONE',  ( 4.000000000000000000, 9.239325152756180159, -6.464524009011189953 ) ) ;
#2993 = CIRCLE ( 'NONE', #7454, 4.799999999999049471 ) ;
#2994 = ORIENTED_EDGE ( 'NONE', *, *, #844, .T. ) ;
#2995 = EDGE_CURVE ( 'NONE', #5093, #1965, #1779, .T. ) ;
#2996 = EDGE_CURVE ( 'NONE', #6893, #3879, #5231, .T. ) ;
#2997 = ORIENTED_EDGE ( 'NONE', *, *, #2644, .T. ) ;
#2998 = EDGE_CURVE ( 'NONE', #6616, #4850, #3515, .T. ) ;
#2999 = ORIENTED_EDGE ( 'NONE', *, *, #2633, .T. ) ;
#3000 = DIRECTION ( 'NONE',  ( -1.000000000000000000, 0.000000000000000000, 0.000000000000000000 ) ) ;
#3001 = DIRECTION ( 'NONE',  ( 1.000000000000000000, 0.000000000000000000, 0.000000000000000000 ) ) ;
#3002 = CARTESIAN_POINT ( 'NONE',  ( 0.000000000000000000, 11.71025399327560024, -4.650801158178039962 ) ) ;
#3003 = AXIS2_PLACEMENT_3D ( 'NONE', #1959, #1377, #2038 ) ;
#3004 = AXIS2_PLACEMENT_3D ( 'NONE', #1287, #2916, #2336 ) ;
#3005 = CARTESIAN_POINT ( 'NONE',  ( 0.000000000000000000, 0.2008292820898810171, 11.27452294072310046 ) ) ;
#3006 = AXIS2_PLACEMENT_3D ( 'NONE', #4992, #902, #6744 ) ;
#3007 = ORIENTED_EDGE ( 'NONE', *, *, #7026, .F. ) ;
#3008 = EDGE_CURVE ( 'NONE', #912, #5060, #4857, .T. ) ;
#3009 = AXIS2_PLACEMENT_3D ( 'NONE', #77, #6076, #1403 ) ;
#3010 = CIRCLE ( 'NONE', #5236, 2.248999999999549804 ) ;
#3011 = DIRECTION ( 'NONE',  ( 0.000000000000000000, 0.000000000000000000, -1.000000000000000000 ) ) ;
#3012 = DIRECTION ( 'NONE',  ( 0.000000000000000000, 0.000000000000000000, 1.000000000000000000 ) ) ;
#3013 = FACE_OUTER_BOUND ( 'NONE', #4496, .T. ) ;
#3014 = AXIS2_PLACEMENT_3D ( 'NONE', #3610, #5331, #7056 ) ;
#3015 = AXIS2_PLACEMENT_3D ( 'NONE', #7050, #5291, #4110 ) ;
#3016 = CIRCLE ( 'NONE', #6735, 4.799999999999040590 ) ;
#3017 = ADVANCED_FACE ( 'NONE', ( #5469 ), #1851, .T. ) ;
#3018 = ORIENTED_EDGE ( 'NONE', *, *, #6120, .F. ) ;
#3019 = MANIFOLD_SOLID_BREP ( 'NONE', #4647 ) ;
#3020 = DIRECTION ( 'NONE',  ( -1.000000000000000000, 0.000000000000000000, 0.000000000000000000 ) ) ;
#3021 = CIRCLE ( 'NONE', #4995, 4.799999999999030820 ) ;
#3022 = DIRECTION ( 'NONE',  ( 0.000000000000000000, 0.000000000000000000, 1.000000000000000000 ) ) ;
#3023 = DIRECTION ( 'NONE',  ( -1.000000000000000000, 0.000000000000000000, 0.000000000000000000 ) ) ;
#3024 = CYLINDRICAL_SURFACE ( 'NONE', #5475, 4.799999999999039701 ) ;
#3025 = DIRECTION ( 'NONE',  ( -1.000000000000000000, 0.000000000000000000, 0.000000000000000000 ) ) ;
#3026 = AXIS2_PLACEMENT_3D ( 'NONE', #3360, #7449, #4504 ) ;
#3027 = FACE_OUTER_BOUND ( 'NONE', #5407, .T. ) ;
#3028 = DIRECTION ( 'NONE',  ( 0.000000000000000000, 0.000000000000000000, 1.000000000000000000 ) ) ;
#3029 = ORIENTED_EDGE ( 'NONE', *, *, #5833, .T. ) ;
#3030 = ORIENTED_EDGE ( 'NONE', *, *, #1513, .F. ) ;
#3031 = CARTESIAN_POINT ( 'NONE',  ( -6.450000000000000178, 0.07091128299300909765, 3.599301541957824924 ) ) ;
#3032 = FACE_OUTER_BOUND ( 'NONE', #6170, .T. ) ;
#3033 = ORIENTED_EDGE ( 'NONE', *, *, #6372, .F. ) ;
#3034 = CIRCLE ( 'NONE', #2302, 11.24899999999770372 ) ;
#3035 = DIRECTION ( 'NONE',  ( 1.000000000000000000, 0.000000000000000000, 0.000000000000000000 ) ) ;
#3036 = VERTEX_POINT ( 'NONE', #4247 ) ;
#3037 = ORIENTED_EDGE ( 'NONE', *, *, #5199, .T. ) ;
#3038 = ORIENTED_EDGE ( 'NONE', *, *, #2998, .F. ) ;
#3039 = CARTESIAN_POINT ( 'NONE',  ( 3.500000000000000000, -4.939586103593559763, -10.13684808343399979 ) ) ;
#3040 = ORIENTED_EDGE ( 'NONE', *, *, #4324, .T. ) ;
#3041 = DIRECTION ( 'NONE',  ( -1.000000000000000000, 0.000000000000000000, 0.000000000000000000 ) ) ;
#3042 = AXIS2_PLACEMENT_3D ( 'NONE', #1549, #309, #7423 ) ;
#3043 = EDGE_CURVE ( 'NONE', #5339, #4924, #5114, .T. ) ;
#3044 = LINE ( 'NONE', #7078, #1893 ) ;
#3045 = VERTEX_POINT ( 'NONE', #724 ) ;
#3046 = EDGE_LOOP ( 'NONE', ( #3863, #193, #1924, #6817 ) ) ;
#3047 = FACE_OUTER_BOUND ( 'NONE', #6099, .T. ) ;
#3048 = ORIENTED_EDGE ( 'NONE', *, *, #6925, .T. ) ;
#3049 = CARTESIAN_POINT ( 'NONE',  ( -10.00000000000000000, 0.000000000000000000, 0.000000000000000000 ) ) ;
#3050 = ORIENTED_EDGE ( 'NONE', *, *, #6119, .T. ) ;
#3051 = DIRECTION ( 'NONE',  ( -1.000000000000000000, 0.000000000000000000, 0.000000000000000000 ) ) ;
#3052 = EDGE_CURVE ( 'NONE', #805, #4544, #5430, .T. ) ;
#3053 = EDGE_CURVE ( 'NONE', #3664, #5893, #520, .T. ) ;
#3054 = ORIENTED_EDGE ( 'NONE', *, *, #1079, .T. ) ;
#3055 = AXIS2_PLACEMENT_3D ( 'NONE', #5262, #5195, #7631 ) ;
#3056 = VERTEX_POINT ( 'NONE', #6212 ) ;
#3057 = ORIENTED_EDGE ( 'NONE', *, *, #5899, .F. ) ;
#3058 = CARTESIAN_POINT ( 'NONE',  ( 0.000000000000000000, 0.000000000000000000, 0.000000000000000000 ) ) ;
#3059 = DIRECTION ( 'NONE',  ( 0.000000000000000000, 0.000000000000000000, 1.000000000000000000 ) ) ;
#3060 = CARTESIAN_POINT ( 'NONE',  ( 0.000000000000000000, -11.10429823301639907, 1.962080705186049823 ) ) ;
#3061 = EDGE_CURVE ( 'NONE', #5237, #2159, #485, .T. ) ;
#3062 = DIRECTION ( 'NONE',  ( 0.000000000000000000, 0.000000000000000000, 1.000000000000000000 ) ) ;
#3063 = AXIS2_PLACEMENT_3D ( 'NONE', #5289, #4640, #7182 ) ;
#3064 = DIRECTION ( 'NONE',  ( 1.000000000000000000, 0.000000000000000000, 0.000000000000000000 ) ) ;
#3065 = ORIENTED_EDGE ( 'NONE', *, *, #4702, .T. ) ;
#3066 = DIRECTION ( 'NONE',  ( 1.000000000000000000, 0.000000000000000000, 0.000000000000000000 ) ) ;
#3067 = EDGE_CURVE ( 'NONE', #4209, #3745, #5635, .T. ) ;
#3068 = AXIS2_PLACEMENT_3D ( 'NONE', #202, #3692, #4953 ) ;
#3069 = VECTOR ( 'NONE', #6730, 1000.000000000000000 ) ;
#3070 = ORIENTED_EDGE ( 'NONE', *, *, #3043, .F. ) ;
#3071 = FACE_OUTER_BOUND ( 'NONE', #1005, .T. ) ;
#3072 = CIRCLE ( 'NONE', #7401, 4.799999999999039701 ) ;
#3073 = ORIENTED_EDGE ( 'NONE', *, *, #1202, .F. ) ;
#3074 = CARTESIAN_POINT ( 'NONE',  ( 1.750000000000000000, -4.650801158178239803, 11.71025399327550076 ) ) ;
#3075 = VECTOR ( 'NONE', #1112, 1000.000000000000000 ) ;
#3076 = DIRECTION ( 'NONE',  ( 1.000000000000000000, 0.000000000000000000, 0.000000000000000000 ) ) ;
#3077 = DIRECTION ( 'NONE',  ( 1.000000000000000000, 0.000000000000000000, 0.000000000000000000 ) ) ;
#3078 = AXIS2_PLACEMENT_3D ( 'NONE', #5906, #611, #7654 ) ;
#3079 = AXIS2_PLACEMENT_3D ( 'NONE', #6555, #832, #4312 ) ;
#3080 = ORIENTED_EDGE ( 'NONE', *, *, #2828, .T. ) ;
#3081 = ORIENTED_EDGE ( 'NONE', *, *, #7234, .F. ) ;
#3082 = ORIENTED_EDGE ( 'NONE', *, *, #5648, .T. ) ;
#3083 = DIRECTION ( 'NONE',  ( 1.000000000000000000, 0.000000000000000000, 0.000000000000000000 ) ) ;
#3084 = DIRECTION ( 'NONE',  ( 0.000000000000000000, 0.000000000000000000, 1.000000000000000000 ) ) ;
#3085 = ORIENTED_EDGE ( 'NONE', *, *, #3272, .T. ) ;
#3086 = CARTESIAN_POINT ( 'NONE',  ( 0.000000000000000000, 4.991786971163880260, 11.56901304495999838 ) ) ;
#3087 = CIRCLE ( 'NONE', #1852, 4.799999999999029932 ) ;
#3088 = CARTESIAN_POINT ( 'NONE',  ( -10.00000000000000000, 0.000000000000000000, 0.000000000000000000 ) ) ;
#3089 = CARTESIAN_POINT ( 'NONE',  ( 3.500000000000000000, -7.830283878801889585, -8.114299373255239090 ) ) ;
#3090 = ORIENTED_EDGE ( 'NONE', *, *, #6399, .F. ) ;
#3091 = EDGE_CURVE ( 'NONE', #1823, #5662, #7383, .T. ) ;
#3092 = DIRECTION ( 'NONE',  ( 1.000000000000000000, 0.000000000000000000, 0.000000000000000000 ) ) ;
#3093 = CARTESIAN_POINT ( 'NONE',  ( -10.00000000000000000, 0.000000000000000000, 0.000000000000000000 ) ) ;
#3094 = CARTESIAN_POINT ( 'NONE',  ( 4.000000000000000000, 1.493105967824398084, -11.14946795003230129 ) ) ;
#3095 = CIRCLE ( 'NONE', #748, 11.24899999999779787 ) ;
#3096 = ADVANCED_FACE ( 'NONE', ( #3434 ), #3210, .T. ) ;
#3097 = EDGE_CURVE ( 'NONE', #2663, #4188, #3634, .T. ) ;
#3098 = ORIENTED_EDGE ( 'NONE', *, *, #6139, .T. ) ;
#3099 = DIRECTION ( 'NONE',  ( 1.000000000000000000, 0.000000000000000000, 0.000000000000000000 ) ) ;
#3100 = EDGE_CURVE ( 'NONE', #7450, #3542, #2779, .T. ) ;
#3101 = FACE_OUTER_BOUND ( 'NONE', #2200, .T. ) ;
#3102 = CARTESIAN_POINT ( 'NONE',  ( 4.000000000000000000, 0.000000000000000000, 0.000000000000000000 ) ) ;
#3103 = DIRECTION ( 'NONE',  ( -1.000000000000000000, 0.000000000000000000, 0.000000000000000000 ) ) ;
#3104 = FACE_OUTER_BOUND ( 'NONE', #3200, .T. ) ;
#3105 = CARTESIAN_POINT ( 'NONE',  ( -10.00000000000000000, 0.000000000000000000, 0.000000000000000000 ) ) ;
#3106 = CIRCLE ( 'NONE', #6351, 11.24899999999775879 ) ;
#3107 = AXIS2_PLACEMENT_3D ( 'NONE', #3058, #5408, #2604 ) ;
#3108 = ORIENTED_EDGE ( 'NONE', *, *, #7319, .F. ) ;
#3109 = CARTESIAN_POINT ( 'NONE',  ( 3.500000000000000000, 6.464524009011290318, 9.239325152756109105 ) ) ;
#3110 = EDGE_CURVE ( 'NONE', #2627, #3740, #4978, .T. ) ;
#3111 = ORIENTED_EDGE ( 'NONE', *, *, #1937, .F. ) ;
#3112 = DIRECTION ( 'NONE',  ( -1.000000000000000000, 0.000000000000000000, 0.000000000000000000 ) ) ;
#3113 = VECTOR ( 'NONE', #5999, 1000.000000000000000 ) ;
#3114 = DIRECTION ( 'NONE',  ( 1.000000000000000000, 0.000000000000000000, 0.000000000000000000 ) ) ;
#3115 = CIRCLE ( 'NONE', #5103, 12.59999999999751985 ) ;
#3116 = CARTESIAN_POINT ( 'NONE',  ( 4.000000000000000000, -9.003236172274259985, 6.789472613368989329 ) ) ;
#3117 = ORIENTED_EDGE ( 'NONE', *, *, #3726, .T. ) ;
#3118 = VERTEX_POINT ( 'NONE', #1066 ) ;
#3119 = EDGE_LOOP ( 'NONE', ( #18, #1727, #6004, #6394 ) ) ;
#3120 = DIRECTION ( 'NONE',  ( 0.000000000000000000, 0.000000000000000000, 1.000000000000000000 ) ) ;
#3121 = FACE_OUTER_BOUND ( 'NONE', #1148, .T. ) ;
#3122 = VERTEX_POINT ( 'NONE', #6393 ) ;
#3123 = CARTESIAN_POINT ( 'NONE',  ( 4.000000000000000000, 11.27452294072310046, -0.2008292820897600028 ) ) ;
#3124 = CARTESIAN_POINT ( 'NONE',  ( -6.450000000000000178, -0.3476627225244079966, 2.221965713364019823 ) ) ;
#3125 = VECTOR ( 'NONE', #549, 1000.000000000000000 ) ;
#3126 = ADVANCED_FACE ( 'NONE', ( #3292 ), #882, .T. ) ;
#3127 = DIRECTION ( 'NONE',  ( 0.000000000000000000, 0.000000000000000000, -1.000000000000000000 ) ) ;
#3128 = ORIENTED_EDGE ( 'NONE', *, *, #6585, .F. ) ;
#3129 = AXIS2_PLACEMENT_3D ( 'NONE', #5292, #1277, #3224 ) ;
#3130 = CARTESIAN_POINT ( 'NONE',  ( 0.000000000000000000, -3.731385367829239907, 10.61210460920450060 ) ) ;
#3131 = ORIENTED_EDGE ( 'NONE', *, *, #5938, .T. ) ;
#3132 = CARTESIAN_POINT ( 'NONE',  ( 0.000000000000000000, -9.256392760211259230, 6.392119685101179449 ) ) ;
#3133 = CARTESIAN_POINT ( 'NONE',  ( 4.000000000000000000, 0.000000000000000000, 0.000000000000000000 ) ) ;
#3134 = AXIS2_PLACEMENT_3D ( 'NONE', #6157, #3349, #5112 ) ;
#3135 = ADVANCED_FACE ( 'NONE', ( #7600 ), #4400, .T. ) ;
#3136 = ORIENTED_EDGE ( 'NONE', *, *, #690, .T. ) ;
#3137 = VECTOR ( 'NONE', #6968, 1000.000000000000000 ) ;
#3138 = VECTOR ( 'NONE', #3652, 1000.000000000000000 ) ;
#3139 = VERTEX_POINT ( 'NONE', #2085 ) ;
#3140 = DIRECTION ( 'NONE',  ( 1.000000000000000000, 0.000000000000000000, 0.000000000000000000 ) ) ;
#3141 = CARTESIAN_POINT ( 'NONE',  ( 0.000000000000000000, 0.000000000000000000, 0.000000000000000000 ) ) ;
#3142 = DIRECTION ( 'NONE',  ( 0.000000000000000000, 0.000000000000000000, 1.000000000000000000 ) ) ;
#3143 = CIRCLE ( 'NONE', #6100, 12.59999999999745945 ) ;
#3144 = LINE ( 'NONE', #6037, #3401 ) ;
#3145 = DIRECTION ( 'NONE',  ( -1.000000000000000000, 0.000000000000000000, 0.000000000000000000 ) ) ;
#3146 = VECTOR ( 'NONE', #1274, 1000.000000000000000 ) ;
#3147 = DIRECTION ( 'NONE',  ( 0.000000000000000000, 0.000000000000000000, 1.000000000000000000 ) ) ;
#3148 = VECTOR ( 'NONE', #2507, 1000.000000000000000 ) ;
#3149 = ADVANCED_FACE ( 'NONE', ( #4084 ), #7561, .T. ) ;
#3150 = EDGE_CURVE ( 'NONE', #383, #4404, #5343, .T. ) ;
#3151 = CIRCLE ( 'NONE', #6363, 4.799999999999029932 ) ;
#3152 = AXIS2_PLACEMENT_3D ( 'NONE', #6525, #4098, #2246 ) ;
#3153 = ORIENTED_EDGE ( 'NONE', *, *, #1637, .F. ) ;
#3154 = CARTESIAN_POINT ( 'NONE',  ( 0.000000000000000000, 2.025346914580440583, -11.06516926556250091 ) ) ;
#3155 = AXIS2_PLACEMENT_3D ( 'NONE', #4698, #7066, #1763 ) ;
#3156 = ORIENTED_EDGE ( 'NONE', *, *, #334, .T. ) ;
#3157 = DIRECTION ( 'NONE',  ( -1.000000000000000000, 0.000000000000000000, 0.000000000000000000 ) ) ;
#3158 = DIRECTION ( 'NONE',  ( 1.000000000000000000, 0.000000000000000000, 0.000000000000000000 ) ) ;
#3159 = LINE ( 'NONE', #7215, #3651 ) ;
#3160 = EDGE_CURVE ( 'NONE', #1858, #7540, #7473, .T. ) ;
#3161 = ADVANCED_FACE ( 'NONE', ( #3468 ), #7338, .T. ) ;
#3162 = VERTEX_POINT ( 'NONE', #5227 ) ;
#3163 = ORIENTED_EDGE ( 'NONE', *, *, #7248, .F. ) ;
#3164 = ORIENTED_EDGE ( 'NONE', *, *, #1785, .F. ) ;
#3165 = DIRECTION ( 'NONE',  ( 0.000000000000000000, 0.000000000000000000, -1.000000000000000000 ) ) ;
#3166 = FACE_BOUND ( 'NONE', #2352, .T. ) ;
#3167 = ORIENTED_EDGE ( 'NONE', *, *, #267, .T. ) ;
#3168 = DIRECTION ( 'NONE',  ( 0.000000000000000000, 0.000000000000000000, 1.000000000000000000 ) ) ;
#3169 = DIRECTION ( 'NONE',  ( 0.000000000000000000, 0.000000000000000000, 1.000000000000000000 ) ) ;
#3170 = ADVANCED_FACE ( 'NONE', ( #6805 ), #2668, .T. ) ;
#3171 = FACE_OUTER_BOUND ( 'NONE', #5756, .T. ) ;
#3172 = VERTEX_POINT ( 'NONE', #5051 ) ;
#3173 = DIRECTION ( 'NONE',  ( -1.000000000000000000, 0.000000000000000000, 0.000000000000000000 ) ) ;
#3174 = CYLINDRICAL_SURFACE ( 'NONE', #7344, 4.799999999999039701 ) ;
#3175 = ORIENTED_EDGE ( 'NONE', *, *, #2011, .T. ) ;
#3176 = CARTESIAN_POINT ( 'NONE',  ( 1.750000000000000000, -3.120537423421419820, -12.20746682112890191 ) ) ;
#3177 = ORIENTED_EDGE ( 'NONE', *, *, #1586, .T. ) ;
#3178 = DIRECTION ( 'NONE',  ( -1.000000000000000000, 0.000000000000000000, 0.000000000000000000 ) ) ;
#3179 = ORIENTED_EDGE ( 'NONE', *, *, #385, .F. ) ;
#3180 = EDGE_LOOP ( 'NONE', ( #6057, #7430, #1758, #6509, #7369, #2927, #7626, #4683, #6489, #7406, #686, #6669, #5436, #4286, #3812, #1432, #2054, #5312, #3461, #4088, #182, #671, #7425, #1520, #5337, #453, #6171, #4733, #7279, #5584, #3779, #5062, #2341, #1256, #2664, #7614, #252, #6448, #3910, #4033, #3950, #173, #5143, #7126, #3341 ) ) ;
#3181 = VERTEX_POINT ( 'NONE', #2232 ) ;
#3182 = CYLINDRICAL_SURFACE ( 'NONE', #7436, 4.799999999999039701 ) ;
#3183 = CARTESIAN_POINT ( 'NONE',  ( 1.750000000000000000, -12.20746682112880066, -3.120537423421630319 ) ) ;
#3184 = CARTESIAN_POINT ( 'NONE',  ( -6.450000000000000178, -0.7445758530190920155, -2.718971643000315019 ) ) ;
#3185 = LINE ( 'NONE', #399, #2157 ) ;
#3186 = CARTESIAN_POINT ( 'NONE',  ( 4.000000000000000000, -8.939649748968479415, -6.828079039211329082 ) ) ;
#3187 = CARTESIAN_POINT ( 'NONE',  ( 4.000000000000000000, 12.54533224990199969, -1.172449887844390082 ) ) ;
#3188 = AXIS2_PLACEMENT_3D ( 'NONE', #1842, #6085, #7253 ) ;
#3189 = ORIENTED_EDGE ( 'NONE', *, *, #3713, .F. ) ;
#3190 = DIRECTION ( 'NONE',  ( -1.000000000000000000, 0.000000000000000000, 0.000000000000000000 ) ) ;
#3191 = CIRCLE ( 'NONE', #7021, 11.24899999999771971 ) ;
#3192 = DIRECTION ( 'NONE',  ( -1.000000000000000000, 0.000000000000000000, 0.000000000000000000 ) ) ;
#3193 = EDGE_LOOP ( 'NONE', ( #14, #1068, #55, #5834, #6400, #4969, #4373, #5104, #1653, #3625, #468, #5205, #7035, #6445, #1952, #7181, #109, #1864, #5390, #5968, #4221, #5313, #4133, #2475, #1085, #6604, #7386, #2744, #7516, #2620, #2672, #6631, #3916, #5829, #7379, #6800, #2224, #4620, #3615, #3694, #6758, #4351, #3080, #6272, #5879, #3883, #3970, #4366, #6109, #7297, #3655, #1550, #1918, #4134, #5021, #7547, #5189, #889, #1218, #338, #1877, #3747, #4905, #2711, #3054, #1954, #3904, #2457, #54, #2296, #6410, #2720, #7393, #4639, #2956, #3978, #4771, #1806, #818, #7132, #2729, #3050, #6949, #4773, #2328, #595, #5989, #5000, #1494, #3244, #5243, #149, #3414, #1961, #7648, #3785, #2110, #114, #5105, #1759, #6205, #1968, #329, #5982, #6089, #1885, #5783, #4510, #3477, #2437, #7508, #4222, #392, #1528, #469, #7374, #1538, #2339, #5755, #1855, #7301, #1801, #179, #6331, #2928, #2270, #3156, #5718, #2730, #7052, #6306, #3845, #2307, #6686, #2314, #2971, #5535, #5073, #1559, #2510, #7255, #337, #5684, #6837, #7025, #7140, #570, #7476, #1702, #456, #2060, #4551, #4878, #6737, #201, #6307, #4460, #767, #2739, #674, #4845, #719, #3503, #4514, #5453, #3291, #345, #5727, #6993, #2459 ) ) ;
#3194 = DIRECTION ( 'NONE',  ( -1.000000000000000000, 0.000000000000000000, 0.000000000000000000 ) ) ;
#3195 = AXIS2_PLACEMENT_3D ( 'NONE', #4553, #2164, #5589 ) ;
#3196 = DIRECTION ( 'NONE',  ( -1.000000000000000000, 0.000000000000000000, 0.000000000000000000 ) ) ;
#3197 = AXIS2_PLACEMENT_3D ( 'NONE', #369, #4389, #3778 ) ;
#3198 = AXIS2_PLACEMENT_3D ( 'NONE', #7038, #1769, #6490 ) ;
#3199 = LINE ( 'NONE', #6167, #1656 ) ;
#3200 = EDGE_LOOP ( 'NONE', ( #4273, #2926, #5108, #310 ) ) ;
#3201 = CIRCLE ( 'NONE', #6031, 4.799999999999049471 ) ;
#3202 = AXIS2_PLACEMENT_3D ( 'NONE', #6328, #5168, #6954 ) ;
#3203 = ORIENTED_EDGE ( 'NONE', *, *, #3908, .F. ) ;
#3204 = ORIENTED_EDGE ( 'NONE', *, *, #1784, .F. ) ;
#3205 = CARTESIAN_POINT ( 'NONE',  ( 0.000000000000000000, 0.000000000000000000, 0.000000000000000000 ) ) ;
#3206 = EDGE_CURVE ( 'NONE', #3758, #2504, #7130, .T. ) ;
#3207 = ADVANCED_FACE ( 'NONE', ( #3027 ), #120, .T. ) ;
#3208 = CARTESIAN_POINT ( 'NONE',  ( 3.500000000000000000, -0.2008292820899620079, 11.27452294072310046 ) ) ;
#3209 = EDGE_LOOP ( 'NONE', ( #3040, #6012, #4306, #665 ) ) ;
#3210 = CYLINDRICAL_SURFACE ( 'NONE', #3756, 12.59999999999749853 ) ;
#3211 = CARTESIAN_POINT ( 'NONE',  ( 0.000000000000000000, -9.954498911157278584, -5.297466504774110518 ) ) ;
#3212 = VECTOR ( 'NONE', #2208, 1000.000000000000000 ) ;
#3213 = CIRCLE ( 'NONE', #2223, 4.799999999999049471 ) ;
#3214 = VECTOR ( 'NONE', #7064, 1000.000000000000000 ) ;
#3215 = CIRCLE ( 'NONE', #238, 1.199999999999751932 ) ;
#3216 = DIRECTION ( 'NONE',  ( 0.000000000000000000, 0.000000000000000000, -1.000000000000000000 ) ) ;
#3217 = VERTEX_POINT ( 'NONE', #2481 ) ;
#3218 = AXIS2_PLACEMENT_3D ( 'NONE', #1411, #2561, #7291 ) ;
#3219 = ADVANCED_FACE ( 'NONE', ( #3576 ), #4228, .T. ) ;
#3220 = VECTOR ( 'NONE', #2885, 1000.000000000000000 ) ;
#3221 = DIRECTION ( 'NONE',  ( 0.000000000000000000, 0.000000000000000000, 1.000000000000000000 ) ) ;
#3222 = CARTESIAN_POINT ( 'NONE',  ( 0.000000000000000000, -12.29362692575399940, 2.761654759435599793 ) ) ;
#3223 = DIRECTION ( 'NONE',  ( 0.000000000000000000, 0.000000000000000000, 1.000000000000000000 ) ) ;
#3224 = DIRECTION ( 'NONE',  ( 0.000000000000000000, 0.000000000000000000, -1.000000000000000000 ) ) ;
#3225 = AXIS2_PLACEMENT_3D ( 'NONE', #482, #408, #6319 ) ;
#3226 = ORIENTED_EDGE ( 'NONE', *, *, #374, .F. ) ;
#3227 = VERTEX_POINT ( 'NONE', #5302 ) ;
#3228 = LINE ( 'NONE', #1865, #4468 ) ;
#3229 = DIRECTION ( 'NONE',  ( -1.000000000000000000, 0.000000000000000000, 0.000000000000000000 ) ) ;
#3230 = DIRECTION ( 'NONE',  ( 1.000000000000000000, 0.000000000000000000, 0.000000000000000000 ) ) ;
#3231 = CARTESIAN_POINT ( 'NONE',  ( 0.000000000000000000, 8.142483381818019339, -7.761440934308960315 ) ) ;
#3232 = DIRECTION ( 'NONE',  ( 0.000000000000000000, 0.000000000000000000, -1.000000000000000000 ) ) ;
#3233 = APPLICATION_PROTOCOL_DEFINITION ( 'draft international standard', 'automotive_design', 1998, #6289 ) ;
#3234 = ORIENTED_EDGE ( 'NONE', *, *, #2570, .T. ) ;
#3235 = CYLINDRICAL_SURFACE ( 'NONE', #3218, 11.24899999999770017 ) ;
#3236 = CYLINDRICAL_SURFACE ( 'NONE', #6149, 11.24899999999770017 ) ;
#3237 = ORIENTED_EDGE ( 'NONE', *, *, #1862, .T. ) ;
#3238 = CARTESIAN_POINT ( 'NONE',  ( 4.000000000000000000, -0.2694376985534694957, 11.24577273141098210 ) ) ;
#3239 = CARTESIAN_POINT ( 'NONE',  ( 0.000000000000000000, -11.16713147563269892, -1.565367224445599836 ) ) ;
#3240 = DIRECTION ( 'NONE',  ( 1.000000000000000000, 0.000000000000000000, 0.000000000000000000 ) ) ;
#3241 = EDGE_CURVE ( 'NONE', #5891, #1807, #3273, .T. ) ;
#3242 = EDGE_CURVE ( 'NONE', #4454, #1084, #1138, .T. ) ;
#3243 = ORIENTED_EDGE ( 'NONE', *, *, #3979, .F. ) ;
#3244 = ORIENTED_EDGE ( 'NONE', *, *, #6557, .T. ) ;
#3245 = ORIENTED_EDGE ( 'NONE', *, *, #3261, .F. ) ;
#3246 = DIRECTION ( 'NONE',  ( 1.000000000000000000, 0.000000000000000000, 0.000000000000000000 ) ) ;
#3247 = FACE_OUTER_BOUND ( 'NONE', #5792, .T. ) ;
#3248 = ORIENTED_EDGE ( 'NONE', *, *, #1177, .F. ) ;
#3249 = DIRECTION ( 'NONE',  ( -1.000000000000000000, 0.000000000000000000, 0.000000000000000000 ) ) ;
#3250 = DIRECTION ( 'NONE',  ( 1.000000000000000000, 0.000000000000000000, 0.000000000000000000 ) ) ;
#3251 = EDGE_CURVE ( 'NONE', #5084, #4087, #3397, .T. ) ;
#3252 = ADVANCED_FACE ( 'NONE', ( #1211 ), #5263, .T. ) ;
#3253 = EDGE_CURVE ( 'NONE', #6265, #1304, #1912, .T. ) ;
#3254 = DIRECTION ( 'NONE',  ( -1.000000000000000000, 0.000000000000000000, 0.000000000000000000 ) ) ;
#3255 = ORIENTED_EDGE ( 'NONE', *, *, #212, .T. ) ;
#3256 = CYLINDRICAL_SURFACE ( 'NONE', #3564, 4.799999999999039701 ) ;
#3257 = CARTESIAN_POINT ( 'NONE',  ( 0.000000000000000000, -11.56901304495999838, 4.991786971163840292 ) ) ;
#3258 = CARTESIAN_POINT ( 'NONE',  ( 4.000000000000000000, 11.24577273141099987, -0.2694376985534249758 ) ) ;
#3259 = ORIENTED_EDGE ( 'NONE', *, *, #5889, .F. ) ;
#3260 = CARTESIAN_POINT ( 'NONE',  ( 0.000000000000000000, -0.2694376985534799873, 11.24577273141099987 ) ) ;
#3261 = EDGE_CURVE ( 'NONE', #1703, #801, #5974, .T. ) ;
#3262 = VECTOR ( 'NONE', #778, 1000.000000000000000 ) ;
#3263 = ORIENTED_EDGE ( 'NONE', *, *, #3626, .F. ) ;
#3264 = EDGE_LOOP ( 'NONE', ( #6245, #4210, #3263, #1240 ) ) ;
#3265 = ORIENTED_EDGE ( 'NONE', *, *, #1371, .F. ) ;
#3266 = DIRECTION ( 'NONE',  ( 0.000000000000000000, 0.000000000000000000, 1.000000000000000000 ) ) ;
#3267 = CARTESIAN_POINT ( 'NONE',  ( 4.000000000000000000, 0.000000000000000000, 0.000000000000000000 ) ) ;
#3268 = DIRECTION ( 'NONE',  ( -1.000000000000000000, 0.000000000000000000, 0.000000000000000000 ) ) ;
#3269 = CARTESIAN_POINT ( 'NONE',  ( 3.500000000000000000, 0.000000000000000000, 0.000000000000000000 ) ) ;
#3270 = CARTESIAN_POINT ( 'NONE',  ( -7.000000000000000000, -2.355809106513079954, 0.3483421618009714393 ) ) ;
#3271 = AXIS2_PLACEMENT_3D ( 'NONE', #2736, #3240, #2810 ) ;
#3272 = EDGE_CURVE ( 'NONE', #72, #7221, #2399, .T. ) ;
#3273 = CIRCLE ( 'NONE', #915, 4.799999999999039701 ) ;
#3274 = AXIS2_PLACEMENT_3D ( 'NONE', #590, #2879, #7601 ) ;
#3275 = ORIENTED_EDGE ( 'NONE', *, *, #3961, .T. ) ;
#3276 = DIRECTION ( 'NONE',  ( -1.000000000000000000, 0.000000000000000000, 0.000000000000000000 ) ) ;
#3277 = AXIS2_PLACEMENT_3D ( 'NONE', #6025, #5437, #7191 ) ;
#3278 = DIRECTION ( 'NONE',  ( -1.000000000000000000, 0.000000000000000000, 0.000000000000000000 ) ) ;
#3279 = ORIENTED_EDGE ( 'NONE', *, *, #4113, .T. ) ;
#3280 = DIRECTION ( 'NONE',  ( 0.000000000000000000, 0.000000000000000000, 1.000000000000000000 ) ) ;
#3281 = CARTESIAN_POINT ( 'NONE',  ( 0.000000000000000000, -0.3476627225243744679, -2.221965713363814654 ) ) ;
#3282 = DIRECTION ( 'NONE',  ( -1.000000000000000000, 0.000000000000000000, 0.000000000000000000 ) ) ;
#3283 = AXIS2_PLACEMENT_3D ( 'NONE', #5066, #3307, #2218 ) ;
#3284 = CIRCLE ( 'NONE', #4866, 1.199999999999759925 ) ;
#3285 = VERTEX_POINT ( 'NONE', #5848 ) ;
#3286 = CIRCLE ( 'NONE', #809, 12.59999999999749853 ) ;
#3287 = ORIENTED_EDGE ( 'NONE', *, *, #4388, .F. ) ;
#3288 = ORIENTED_EDGE ( 'NONE', *, *, #1837, .T. ) ;
#3289 = CARTESIAN_POINT ( 'NONE',  ( -6.450000000000000178, 6.938893903907229640E-14, 1.179611963664229834E-13 ) ) ;
#3290 = LINE ( 'NONE', #5754, #1595 ) ;
#3291 = ORIENTED_EDGE ( 'NONE', *, *, #3714, .T. ) ;
#3292 = FACE_OUTER_BOUND ( 'NONE', #1844, .T. ) ;
#3293 = EDGE_CURVE ( 'NONE', #6060, #5902, #4624, .T. ) ;
#3294 = DIRECTION ( 'NONE',  ( 0.000000000000000000, 0.000000000000000000, -1.000000000000000000 ) ) ;
#3295 = AXIS2_PLACEMENT_3D ( 'NONE', #4656, #2985, #1105 ) ;
#3296 = DIRECTION ( 'NONE',  ( 1.000000000000000000, 0.000000000000000000, 0.000000000000000000 ) ) ;
#3297 = ORIENTED_EDGE ( 'NONE', *, *, #158, .F. ) ;
#3298 = CARTESIAN_POINT ( 'NONE',  ( 0.000000000000000000, 6.789472613369149201, -9.003236172274139193 ) ) ;
#3299 = FACE_OUTER_BOUND ( 'NONE', #1623, .T. ) ;
#3300 = DIRECTION ( 'NONE',  ( -1.000000000000000000, 0.000000000000000000, 0.000000000000000000 ) ) ;
#3301 = DIRECTION ( 'NONE',  ( -1.000000000000000000, 0.000000000000000000, 0.000000000000000000 ) ) ;
#3302 = CIRCLE ( 'NONE', #7613, 12.59999999999749853 ) ;
#3303 = ORIENTED_EDGE ( 'NONE', *, *, #5494, .F. ) ;
#3304 = ORIENTED_EDGE ( 'NONE', *, *, #3807, .F. ) ;
#3305 = ORIENTED_EDGE ( 'NONE', *, *, #5559, .F. ) ;
#3306 = CYLINDRICAL_SURFACE ( 'NONE', #1830, 12.59999999999749853 ) ;
#3307 = DIRECTION ( 'NONE',  ( -1.000000000000000000, 0.000000000000000000, 0.000000000000000000 ) ) ;
#3308 = EDGE_CURVE ( 'NONE', #574, #2663, #40, .T. ) ;
#3309 = EDGE_CURVE ( 'NONE', #5503, #1115, #435, .T. ) ;
#3310 = CARTESIAN_POINT ( 'NONE',  ( 3.500000000000000000, 10.13684808343399979, 4.939586103593669009 ) ) ;
#3311 = CARTESIAN_POINT ( 'NONE',  ( 4.000000000000000000, -10.64569177227117969, -6.740122156885149707 ) ) ;
#3312 = ORIENTED_EDGE ( 'NONE', *, *, #4055, .T. ) ;
#3313 = CARTESIAN_POINT ( 'NONE',  ( 0.000000000000000000, 0.000000000000000000, 0.000000000000000000 ) ) ;
#3314 = CARTESIAN_POINT ( 'NONE',  ( 0.000000000000000000, 0.2694376985533999957, 11.24577273141099987 ) ) ;
#3315 = ORIENTED_EDGE ( 'NONE', *, *, #5020, .T. ) ;
#3316 = DIRECTION ( 'NONE',  ( 1.000000000000000000, 0.000000000000000000, 0.000000000000000000 ) ) ;
#3317 = EDGE_CURVE ( 'NONE', #4169, #614, #3010, .T. ) ;
#3318 = CARTESIAN_POINT ( 'NONE',  ( 3.500000000000000000, -7.761440934309100648, 8.142483381817889665 ) ) ;
#3319 = DIRECTION ( 'NONE',  ( 1.000000000000000000, 0.000000000000000000, 0.000000000000000000 ) ) ;
#3320 = VERTEX_POINT ( 'NONE', #2372 ) ;
#3321 = EDGE_LOOP ( 'NONE', ( #6718, #1059, #2169, #4480 ) ) ;
#3322 = ORIENTED_EDGE ( 'NONE', *, *, #6598, .T. ) ;
#3323 = DIRECTION ( 'NONE',  ( -1.000000000000000000, 0.000000000000000000, 0.000000000000000000 ) ) ;
#3324 = CIRCLE ( 'NONE', #4900, 4.799999999999039701 ) ;
#3325 = DIRECTION ( 'NONE',  ( 0.000000000000000000, -0.3090169943749349057, -0.9510565162951575280 ) ) ;
#3326 = ORIENTED_EDGE ( 'NONE', *, *, #1397, .T. ) ;
#3327 = AXIS2_PLACEMENT_3D ( 'NONE', #4815, #1671, #1305 ) ;
#3328 = LINE ( 'NONE', #5675, #1833 ) ;
#3329 = CIRCLE ( 'NONE', #6401, 11.24899999999770017 ) ;
#3330 = CIRCLE ( 'NONE', #6285, 2.248999999999555133 ) ;
#3331 = CARTESIAN_POINT ( 'NONE',  ( -7.000000000000000000, 2.005781281108530045, -1.017272064077567872 ) ) ;
#3332 = VERTEX_POINT ( 'NONE', #1797 ) ;
#3333 = DIRECTION ( 'NONE',  ( 0.000000000000000000, 0.000000000000000000, 1.000000000000000000 ) ) ;
#3334 = CARTESIAN_POINT ( 'NONE',  ( -10.00000000000000000, 0.000000000000000000, 0.000000000000000000 ) ) ;
#3335 = CIRCLE ( 'NONE', #232, 1.199999999999759925 ) ;
#3336 = DIRECTION ( 'NONE',  ( 1.000000000000000000, 0.000000000000000000, 0.000000000000000000 ) ) ;
#3337 = CARTESIAN_POINT ( 'NONE',  ( 0.000000000000000000, 5.345544729564050357, 9.897734717811919936 ) ) ;
#3338 = EDGE_CURVE ( 'NONE', #354, #3444, #1417, .T. ) ;
#3339 = ORIENTED_EDGE ( 'NONE', *, *, #5864, .F. ) ;
#3340 = ORIENTED_EDGE ( 'NONE', *, *, #4431, .F. ) ;
#3341 = ORIENTED_EDGE ( 'NONE', *, *, #2860, .F. ) ;
#3342 = CARTESIAN_POINT ( 'NONE',  ( 4.000000000000000000, 11.06516926556250091, -2.025346914580150148 ) ) ;
#3343 = LINE ( 'NONE', #6862, #7351 ) ;
#3344 = ORIENTED_EDGE ( 'NONE', *, *, #5877, .T. ) ;
#3345 = DIRECTION ( 'NONE',  ( -1.000000000000000000, 0.000000000000000000, 0.000000000000000000 ) ) ;
#3346 = CYLINDRICAL_SURFACE ( 'NONE', #3490, 4.799999999999039701 ) ;
#3347 = AXIS2_PLACEMENT_3D ( 'NONE', #1840, #3617, #4233 ) ;
#3348 = EDGE_CURVE ( 'NONE', #4853, #740, #668, .T. ) ;
#3349 = DIRECTION ( 'NONE',  ( 0.000000000000000000, 0.000000000000000000, 1.000000000000000000 ) ) ;
#3350 = VECTOR ( 'NONE', #540, 1000.000000000000000 ) ;
#3351 = ADVANCED_FACE ( 'NONE', ( #37 ), #2415, .T. ) ;
#3352 = ADVANCED_FACE ( 'NONE', ( #7400 ), #246, .T. ) ;
#3353 = ORIENTED_EDGE ( 'NONE', *, *, #5752, .F. ) ;
#3354 = DIRECTION ( 'NONE',  ( 1.000000000000000000, 0.000000000000000000, 0.000000000000000000 ) ) ;
#3355 = FACE_OUTER_BOUND ( 'NONE', #836, .T. ) ;
#3356 = CARTESIAN_POINT ( 'NONE',  ( 0.000000000000000000, 9.460238237123739680, 8.322493165920800351 ) ) ;
#3357 = CARTESIAN_POINT ( 'NONE',  ( 3.500000000000000000, 0.2008292820898810171, 11.27452294072310046 ) ) ;
#3358 = VERTEX_POINT ( 'NONE', #5027 ) ;
#3359 = LINE ( 'NONE', #2808, #5656 ) ;
#3360 = CARTESIAN_POINT ( 'NONE',  ( -10.00000000000000000, 0.000000000000000000, 0.000000000000000000 ) ) ;
#3361 = EDGE_CURVE ( 'NONE', #838, #6189, #5574, .T. ) ;
#3362 = ORIENTED_EDGE ( 'NONE', *, *, #1740, .T. ) ;
#3363 = ORIENTED_EDGE ( 'NONE', *, *, #885, .F. ) ;
#3364 = VERTEX_POINT ( 'NONE', #3852 ) ;
#3365 = DIRECTION ( 'NONE',  ( -1.000000000000000000, 0.000000000000000000, 0.000000000000000000 ) ) ;
#3366 = DIRECTION ( 'NONE',  ( -1.000000000000000000, 0.000000000000000000, 0.000000000000000000 ) ) ;
#3367 = ORIENTED_EDGE ( 'NONE', *, *, #6650, .F. ) ;
#3368 = CARTESIAN_POINT ( 'NONE',  ( 3.500000000000000000, 4.939586103593629929, 10.13684808343399979 ) ) ;
#3369 = EDGE_CURVE ( 'NONE', #6834, #2989, #4741, .T. ) ;
#3370 = ORIENTED_EDGE ( 'NONE', *, *, #7504, .F. ) ;
#3371 = VERTEX_POINT ( 'NONE', #3728 ) ;
#3372 = LINE ( 'NONE', #6957, #5167 ) ;
#3373 = DIRECTION ( 'NONE',  ( 0.000000000000000000, 0.000000000000000000, -1.000000000000000000 ) ) ;
#3374 = AXIS2_PLACEMENT_3D ( 'NONE', #702, #7125, #3059 ) ;
#3375 = CARTESIAN_POINT ( 'NONE',  ( 0.000000000000000000, 0.000000000000000000, 0.000000000000000000 ) ) ;
#3376 = CARTESIAN_POINT ( 'NONE',  ( -6.450000000000000178, 0.000000000000000000, 1.500000000000000000 ) ) ;
#3377 = CIRCLE ( 'NONE', #6446, 4.799999999999037037 ) ;
#3378 = VERTEX_POINT ( 'NONE', #6077 ) ;
#3379 = ORIENTED_EDGE ( 'NONE', *, *, #1356, .F. ) ;
#3380 = CYLINDRICAL_SURFACE ( 'NONE', #1210, 4.799999999999039701 ) ;
#3381 = CARTESIAN_POINT ( 'NONE',  ( 3.500000000000000000, 0.000000000000000000, 0.000000000000000000 ) ) ;
#3382 = ORIENTED_EDGE ( 'NONE', *, *, #2870, .F. ) ;
#3383 = DIRECTION ( 'NONE',  ( 0.000000000000000000, 0.000000000000000000, 1.000000000000000000 ) ) ;
#3384 = DIRECTION ( 'NONE',  ( 0.000000000000000000, 0.000000000000000000, 1.000000000000000000 ) ) ;
#3385 = EDGE_CURVE ( 'NONE', #2627, #6022, #4371, .T. ) ;
#3386 = AXIS2_PLACEMENT_3D ( 'NONE', #5216, #4459, #3384 ) ;
#3387 = PRODUCT ( '\X2\53cc80549f7f8f6e\X0\2A', '\X2\53cc80549f7f8f6e\X0\2A', '', ( #7439 ) ) ;
#3388 = ORIENTED_EDGE ( 'NONE', *, *, #6933, .F. ) ;
#3389 = DIRECTION ( 'NONE',  ( 0.000000000000000000, 0.000000000000000000, -1.000000000000000000 ) ) ;
#3390 = CARTESIAN_POINT ( 'NONE',  ( 4.000000000000000000, 11.16713147563269892, 1.565367224445670002 ) ) ;
#3391 = ORIENTED_EDGE ( 'NONE', *, *, #7118, .F. ) ;
#3392 = DIRECTION ( 'NONE',  ( -1.000000000000000000, 0.000000000000000000, 0.000000000000000000 ) ) ;
#3393 = CARTESIAN_POINT ( 'NONE',  ( -7.000000000000000000, 6.938893903907229640E-14, 1.179611963664229834E-13 ) ) ;
#3394 = EDGE_CURVE ( 'NONE', #648, #7577, #2037, .T. ) ;
#3395 = CARTESIAN_POINT ( 'NONE',  ( 4.000000000000000000, 0.000000000000000000, 0.000000000000000000 ) ) ;
#3396 = EDGE_CURVE ( 'NONE', #3645, #3364, #5449, .T. ) ;
#3397 = CIRCLE ( 'NONE', #3004, 1.199999999999751932 ) ;
#3398 = AXIS2_PLACEMENT_3D ( 'NONE', #2338, #6, #4692 ) ;
#3399 = ORIENTED_EDGE ( 'NONE', *, *, #2839, .F. ) ;
#3400 = ORIENTED_EDGE ( 'NONE', *, *, #4988, .T. ) ;
#3401 = VECTOR ( 'NONE', #745, 1000.000000000000000 ) ;
#3402 = AXIS2_PLACEMENT_3D ( 'NONE', #6039, #155, #2688 ) ;
#3403 = VERTEX_POINT ( 'NONE', #282 ) ;
#3404 = CYLINDRICAL_SURFACE ( 'NONE', #7239, 4.799999999999039701 ) ;
#3405 = CARTESIAN_POINT ( 'NONE',  ( -6.450000000000000178, 1.587303728247859924, -1.593257001958019892 ) ) ;
#3406 = ORIENTED_EDGE ( 'NONE', *, *, #3543, .T. ) ;
#3407 = EDGE_CURVE ( 'NONE', #1696, #4593, #6156, .T. ) ;
#3408 = ADVANCED_FACE ( 'NONE', ( #1368 ), #6704, .T. ) ;
#3409 = CIRCLE ( 'NONE', #2285, 4.799999999999039701 ) ;
#3410 = AXIS2_PLACEMENT_3D ( 'NONE', #732, #2596, #4939 ) ;
#3411 = AXIS2_PLACEMENT_3D ( 'NONE', #4824, #7193, #1315 ) ;
#3412 = CIRCLE ( 'NONE', #3777, 4.799999999999049471 ) ;
#3413 = ORIENTED_EDGE ( 'NONE', *, *, #1675, .F. ) ;
#3414 = ORIENTED_EDGE ( 'NONE', *, *, #7271, .T. ) ;
#3415 = AXIS2_PLACEMENT_3D ( 'NONE', #3424, #6967, #6309 ) ;
#3416 = DIRECTION ( 'NONE',  ( -1.000000000000000000, 0.000000000000000000, 0.000000000000000000 ) ) ;
#3417 = AXIS2_PLACEMENT_3D ( 'NONE', #207, #2569, #1997 ) ;
#3418 = CARTESIAN_POINT ( 'NONE',  ( 0.000000000000000000, 11.56901304495999838, 4.991786971163920228 ) ) ;
#3419 = ADVANCED_FACE ( 'NONE', ( #3104 ), #2106, .T. ) ;
#3420 = DIRECTION ( 'NONE',  ( -1.000000000000000000, 0.000000000000000000, 0.000000000000000000 ) ) ;
#3421 = DIRECTION ( 'NONE',  ( 1.000000000000000000, 0.000000000000000000, 0.000000000000000000 ) ) ;
#3422 = ORIENTED_EDGE ( 'NONE', *, *, #412, .F. ) ;
#3423 = LINE ( 'NONE', #6776, #4542 ) ;
#3424 = CARTESIAN_POINT ( 'NONE',  ( 4.000000000000000000, 0.000000000000000000, 0.000000000000000000 ) ) ;
#3425 = DIRECTION ( 'NONE',  ( 0.000000000000000000, 0.000000000000000000, -1.000000000000000000 ) ) ;
#3426 = FACE_OUTER_BOUND ( 'NONE', #582, .T. ) ;
#3427 = ORIENTED_EDGE ( 'NONE', *, *, #3918, .T. ) ;
#3428 = DIRECTION ( 'NONE',  ( -1.000000000000000000, 0.000000000000000000, 0.000000000000000000 ) ) ;
#3429 = LINE ( 'NONE', #2805, #5405 ) ;
#3430 = DIRECTION ( 'NONE',  ( 1.000000000000000000, 0.000000000000000000, 0.000000000000000000 ) ) ;
#3431 = DIRECTION ( 'NONE',  ( 1.000000000000000000, 0.000000000000000000, 0.000000000000000000 ) ) ;
#3432 = DIRECTION ( 'NONE',  ( -1.000000000000000000, 0.000000000000000000, 0.000000000000000000 ) ) ;
#3433 = CIRCLE ( 'NONE', #2428, 1.199999999999759925 ) ;
#3434 = FACE_OUTER_BOUND ( 'NONE', #6562, .T. ) ;
#3435 = CARTESIAN_POINT ( 'NONE',  ( 1.750000000000000000, -9.699936772440310051, 8.041842239847589724 ) ) ;
#3436 = ORIENTED_EDGE ( 'NONE', *, *, #122, .F. ) ;
#3437 = ORIENTED_EDGE ( 'NONE', *, *, #6029, .F. ) ;
#3438 = ORIENTED_EDGE ( 'NONE', *, *, #1973, .T. ) ;
#3439 = CARTESIAN_POINT ( 'NONE',  ( 0.000000000000000000, 2.761654759435820505, -12.29362692575390170 ) ) ;
#3440 = CARTESIAN_POINT ( 'NONE',  ( 0.000000000000000000, 6.464524009011290318, 9.239325152756109105 ) ) ;
#3441 = VERTEX_POINT ( 'NONE', #6621 ) ;
#3442 = ADVANCED_FACE ( 'NONE', ( #4950 ), #2519, .T. ) ;
#3443 = CIRCLE ( 'NONE', #1090, 4.799999999999040590 ) ;
#3444 = VERTEX_POINT ( 'NONE', #7245 ) ;
#3445 = EDGE_CURVE ( 'NONE', #7554, #6233, #3115, .T. ) ;
#3446 = AXIS2_PLACEMENT_3D ( 'NONE', #6234, #940, #358 ) ;
#3447 = DIRECTION ( 'NONE',  ( 1.000000000000000000, 0.000000000000000000, 0.000000000000000000 ) ) ;
#3448 = CARTESIAN_POINT ( 'NONE',  ( 1.750000000000000000, 11.56901304495999838, 4.991786971163920228 ) ) ;
#3449 = CARTESIAN_POINT ( 'NONE',  ( -6.450000000000000178, 6.938893903907229640E-14, 1.179611963664229834E-13 ) ) ;
#3450 = CIRCLE ( 'NONE', #6773, 2.248999999999555133 ) ;
#3451 = AXIS2_PLACEMENT_3D ( 'NONE', #2712, #3988, #5793 ) ;
#3452 = VERTEX_POINT ( 'NONE', #4303 ) ;
#3453 = EDGE_CURVE ( 'NONE', #927, #7537, #4473, .T. ) ;
#3454 = AXIS2_PLACEMENT_3D ( 'NONE', #1713, #2227, #4579 ) ;
#3455 = CARTESIAN_POINT ( 'NONE',  ( 4.000000000000000000, 0.000000000000000000, 0.000000000000000000 ) ) ;
#3456 = DIRECTION ( 'NONE',  ( 1.000000000000000000, 0.000000000000000000, 0.000000000000000000 ) ) ;
#3457 = DIRECTION ( 'NONE',  ( 0.000000000000000000, 0.000000000000000000, 1.000000000000000000 ) ) ;
#3458 = CARTESIAN_POINT ( 'NONE',  ( -6.450000000000000178, 6.938893903907229640E-14, 1.179611963664229834E-13 ) ) ;
#3459 = CIRCLE ( 'NONE', #2222, 4.799999999999039701 ) ;
#3460 = CIRCLE ( 'NONE', #5177, 4.799999999999019273 ) ;
#3461 = ORIENTED_EDGE ( 'NONE', *, *, #3293, .F. ) ;
#3462 = DIRECTION ( 'NONE',  ( 0.000000000000000000, 0.000000000000000000, -1.000000000000000000 ) ) ;
#3463 = CARTESIAN_POINT ( 'NONE',  ( 1.750000000000000000, 4.650801158178159866, 11.71025399327550076 ) ) ;
#3464 = DIRECTION ( 'NONE',  ( 0.000000000000000000, 0.000000000000000000, -1.000000000000000000 ) ) ;
#3465 = CARTESIAN_POINT ( 'NONE',  ( 1.750000000000000000, -1.172449887844450034, -12.54533224990199969 ) ) ;
#3466 = AXIS2_PLACEMENT_3D ( 'NONE', #1424, #2537, #1461 ) ;
#3467 = CARTESIAN_POINT ( 'NONE',  ( 0.000000000000000000, -2.355809106513079954, 0.3483421618009714393 ) ) ;
#3468 = FACE_OUTER_BOUND ( 'NONE', #4902, .T. ) ;
#3469 = ORIENTED_EDGE ( 'NONE', *, *, #6597, .F. ) ;
#3470 = DIRECTION ( 'NONE',  ( -1.000000000000000000, 0.000000000000000000, 0.000000000000000000 ) ) ;
#3471 = ORIENTED_EDGE ( 'NONE', *, *, #3394, .F. ) ;
#3472 = ORIENTED_EDGE ( 'NONE', *, *, #5789, .F. ) ;
#3473 = ORIENTED_EDGE ( 'NONE', *, *, #1890, .F. ) ;
#3474 = DIRECTION ( 'NONE',  ( 0.000000000000000000, 0.000000000000000000, 1.000000000000000000 ) ) ;
#3475 = FACE_OUTER_BOUND ( 'NONE', #2623, .T. ) ;
#3476 = EDGE_CURVE ( 'NONE', #6818, #3441, #6695, .T. ) ;
#3477 = ORIENTED_EDGE ( 'NONE', *, *, #2998, .T. ) ;
#3478 = ORIENTED_EDGE ( 'NONE', *, *, #2236, .F. ) ;
#3479 = VERTEX_POINT ( 'NONE', #1489 ) ;
#3480 = CYLINDRICAL_SURFACE ( 'NONE', #7029, 12.59999999999749853 ) ;
#3481 = LINE ( 'NONE', #3448, #5126 ) ;
#3482 = CARTESIAN_POINT ( 'NONE',  ( 3.500000000000000000, -0.2694376985533220026, -11.24577273141099987 ) ) ;
#3483 = EDGE_CURVE ( 'NONE', #5630, #6208, #6663, .T. ) ;
#3484 = EDGE_CURVE ( 'NONE', #1243, #2552, #199, .T. ) ;
#3485 = CIRCLE ( 'NONE', #7434, 4.799999999999049471 ) ;
#3486 = CIRCLE ( 'NONE', #6193, 12.59999999999749853 ) ;
#3487 = ORIENTED_EDGE ( 'NONE', *, *, #6270, .T. ) ;
#3488 = CARTESIAN_POINT ( 'NONE',  ( -7.000000000000000000, 2.005781281108510061, 1.017272064077840099 ) ) ;
#3489 = LINE ( 'NONE', #1742, #4860 ) ;
#3490 = AXIS2_PLACEMENT_3D ( 'NONE', #3927, #943, #2725 ) ;
#3491 = VERTEX_POINT ( 'NONE', #3186 ) ;
#3492 = DIRECTION ( 'NONE',  ( 1.000000000000000000, 0.000000000000000000, 0.000000000000000000 ) ) ;
#3493 = FACE_OUTER_BOUND ( 'NONE', #4013, .T. ) ;
#3494 = EDGE_CURVE ( 'NONE', #4544, #6818, #6087, .T. ) ;
#3495 = EDGE_LOOP ( 'NONE', ( #3487, #631, #7333, #812 ) ) ;
#3496 = CYLINDRICAL_SURFACE ( 'NONE', #4121, 1.199999999999757927 ) ;
#3497 = DIRECTION ( 'NONE',  ( 1.000000000000000000, 0.000000000000000000, 0.000000000000000000 ) ) ;
#3498 = CARTESIAN_POINT ( 'NONE',  ( 3.500000000000000000, 0.000000000000000000, 0.000000000000000000 ) ) ;
#3499 = DIRECTION ( 'NONE',  ( -1.000000000000000000, 0.000000000000000000, 0.000000000000000000 ) ) ;
#3500 = CYLINDRICAL_SURFACE ( 'NONE', #2703, 12.59999999999749853 ) ;
#3501 = CARTESIAN_POINT ( 'NONE',  ( 0.000000000000000000, 0.000000000000000000, 0.000000000000000000 ) ) ;
#3502 = ADVANCED_FACE ( 'NONE', ( #2802 ), #6275, .T. ) ;
#3503 = ORIENTED_EDGE ( 'NONE', *, *, #1074, .T. ) ;
#3504 = VECTOR ( 'NONE', #6431, 1000.000000000000000 ) ;
#3505 = CARTESIAN_POINT ( 'NONE',  ( 0.000000000000000000, -9.239325152756130421, 6.464524009011260119 ) ) ;
#3506 = EDGE_CURVE ( 'NONE', #4271, #2003, #4531, .T. ) ;
#3507 = ORIENTED_EDGE ( 'NONE', *, *, #365, .F. ) ;
#3508 = ORIENTED_EDGE ( 'NONE', *, *, #2571, .T. ) ;
#3509 = ORIENTED_EDGE ( 'NONE', *, *, #4278, .T. ) ;
#3510 = CARTESIAN_POINT ( 'NONE',  ( -7.000000000000000000, -2.355809106513079954, -1.548342161800505101 ) ) ;
#3511 = CARTESIAN_POINT ( 'NONE',  ( 4.000000000000000000, 11.56901304496009963, -4.991786971163749698 ) ) ;
#3512 = AXIS2_PLACEMENT_3D ( 'NONE', #2025, #1871, #7169 ) ;
#3513 = AXIS2_PLACEMENT_3D ( 'NONE', #6086, #3077, #1331 ) ;
#3514 = ORIENTED_EDGE ( 'NONE', *, *, #2540, .F. ) ;
#3515 = CIRCLE ( 'NONE', #6226, 11.24899999999773925 ) ;
#3516 = ORIENTED_EDGE ( 'NONE', *, *, #2770, .T. ) ;
#3517 = ORIENTED_EDGE ( 'NONE', *, *, #6411, .F. ) ;
#3518 = AXIS2_PLACEMENT_3D ( 'NONE', #4986, #243, #5410 ) ;
#3519 = DIRECTION ( 'NONE',  ( 1.000000000000000000, 0.000000000000000000, 0.000000000000000000 ) ) ;
#3520 = DIRECTION ( 'NONE',  ( 0.000000000000000000, 0.000000000000000000, -1.000000000000000000 ) ) ;
#3521 = CIRCLE ( 'NONE', #4502, 4.799999999999069011 ) ;
#3522 = CARTESIAN_POINT ( 'NONE',  ( 0.000000000000000000, -1.024773626581850117, 2.001959044101695007 ) ) ;
#3523 = CIRCLE ( 'NONE', #4143, 3.599999999999274891 ) ;
#3524 = AXIS2_PLACEMENT_3D ( 'NONE', #1736, #5208, #6491 ) ;
#3525 = EDGE_LOOP ( 'NONE', ( #858, #2378, #1292, #236 ) ) ;
#3526 = EDGE_CURVE ( 'NONE', #1689, #574, #4714, .T. ) ;
#3527 = CYLINDRICAL_SURFACE ( 'NONE', #3063, 1.199999999999759925 ) ;
#3528 = DIRECTION ( 'NONE',  ( 0.000000000000000000, 0.000000000000000000, -1.000000000000000000 ) ) ;
#3529 = CARTESIAN_POINT ( 'NONE',  ( 3.500000000000000000, 5.345544729564039699, 9.897734717811919936 ) ) ;
#3530 = DIRECTION ( 'NONE',  ( 0.000000000000000000, 0.000000000000000000, 1.000000000000000000 ) ) ;
#3531 = ADVANCED_FACE ( 'NONE', ( #3426 ), #5150, .T. ) ;
#3532 = EDGE_LOOP ( 'NONE', ( #5622, #693, #814, #5791 ) ) ;
#3533 = DIRECTION ( 'NONE',  ( -1.000000000000000000, 0.000000000000000000, 0.000000000000000000 ) ) ;
#3534 = EDGE_CURVE ( 'NONE', #3844, #6060, #5443, .T. ) ;
#3535 = DIRECTION ( 'NONE',  ( 1.000000000000000000, 0.000000000000000000, 0.000000000000000000 ) ) ;
#3536 = FACE_OUTER_BOUND ( 'NONE', #2417, .T. ) ;
#3537 = CARTESIAN_POINT ( 'NONE',  ( 0.000000000000000000, 6.392119685101209647, 9.256392760211229032 ) ) ;
#3538 = DIRECTION ( 'NONE',  ( 1.000000000000000000, 0.000000000000000000, 0.000000000000000000 ) ) ;
#3539 = DIRECTION ( 'NONE',  ( 1.000000000000000000, 0.000000000000000000, 0.000000000000000000 ) ) ;
#3540 = LINE ( 'NONE', #5777, #7584 ) ;
#3541 = ORIENTED_EDGE ( 'NONE', *, *, #5028, .F. ) ;
#3542 = VERTEX_POINT ( 'NONE', #3311 ) ;
#3543 = EDGE_CURVE ( 'NONE', #1732, #7313, #980, .T. ) ;
#3544 = VERTEX_POINT ( 'NONE', #5655 ) ;
#3545 = DIRECTION ( 'NONE',  ( 0.000000000000000000, -0.4539904997395541320, 0.8910065241883642351 ) ) ;
#3546 = DIRECTION ( 'NONE',  ( 0.000000000000000000, 0.000000000000000000, 1.000000000000000000 ) ) ;
#3547 = CYLINDRICAL_SURFACE ( 'NONE', #185, 12.59999999999749853 ) ;
#3548 = VERTEX_POINT ( 'NONE', #3887 ) ;
#3549 = ORIENTED_EDGE ( 'NONE', *, *, #6816, .T. ) ;
#3550 = ORIENTED_EDGE ( 'NONE', *, *, #15, .T. ) ;
#3551 = CARTESIAN_POINT ( 'NONE',  ( 0.000000000000000000, 0.000000000000000000, 0.000000000000000000 ) ) ;
#3552 = DIRECTION ( 'NONE',  ( 0.000000000000000000, 0.000000000000000000, -1.000000000000000000 ) ) ;
#3553 = CYLINDRICAL_SURFACE ( 'NONE', #7404, 1.199999999999763922 ) ;
#3554 = AXIS2_PLACEMENT_3D ( 'NONE', #1497, #910, #2655 ) ;
#3555 = DIRECTION ( 'NONE',  ( -1.000000000000000000, 0.000000000000000000, 0.000000000000000000 ) ) ;
#3556 = VERTEX_POINT ( 'NONE', #6386 ) ;
#3557 = CIRCLE ( 'NONE', #2821, 4.799999999999029043 ) ;
#3558 = AXIS2_PLACEMENT_3D ( 'NONE', #4441, #2198, #343 ) ;
#3559 = CIRCLE ( 'NONE', #7637, 12.59999999999747899 ) ;
#3560 = CARTESIAN_POINT ( 'NONE',  ( 0.000000000000000000, -1.962080705186169949, 11.10429823301639907 ) ) ;
#3561 = AXIS2_PLACEMENT_3D ( 'NONE', #701, #4405, #6142 ) ;
#3562 = DIRECTION ( 'NONE',  ( -1.000000000000000000, 0.000000000000000000, 0.000000000000000000 ) ) ;
#3563 = DIRECTION ( 'NONE',  ( -1.000000000000000000, 0.000000000000000000, 0.000000000000000000 ) ) ;
#3564 = AXIS2_PLACEMENT_3D ( 'NONE', #1792, #1433, #227 ) ;
#3565 = CIRCLE ( 'NONE', #1104, 4.799999999999037037 ) ;
#3566 = EDGE_LOOP ( 'NONE', ( #1902, #7113, #3226, #5685 ) ) ;
#3567 = CARTESIAN_POINT ( 'NONE',  ( -6.450000000000000178, 0.9957969144633960212, 2.637344972028809575 ) ) ;
#3568 = DIRECTION ( 'NONE',  ( 0.000000000000000000, 0.000000000000000000, 1.000000000000000000 ) ) ;
#3569 = DIRECTION ( 'NONE',  ( 0.000000000000000000, 0.000000000000000000, 1.000000000000000000 ) ) ;
#3570 = VERTEX_POINT ( 'NONE', #7520 ) ;
#3571 = EDGE_CURVE ( 'NONE', #354, #2719, #2375, .T. ) ;
#3572 = CYLINDRICAL_SURFACE ( 'NONE', #4100, 11.24899999999770017 ) ;
#3573 = EDGE_CURVE ( 'NONE', #7432, #4519, #1406, .T. ) ;
#3574 = DIRECTION ( 'NONE',  ( -1.000000000000000000, 0.000000000000000000, 0.000000000000000000 ) ) ;
#3575 = AXIS2_PLACEMENT_3D ( 'NONE', #2796, #1083, #7429 ) ;
#3576 = FACE_OUTER_BOUND ( 'NONE', #2121, .T. ) ;
#3577 = AXIS2_PLACEMENT_3D ( 'NONE', #2491, #3781, #1880 ) ;
#3578 = CARTESIAN_POINT ( 'NONE',  ( 0.000000000000000000, -11.27452294072310046, -0.2008292820900010045 ) ) ;
#3579 = AXIS2_PLACEMENT_3D ( 'NONE', #1284, #4156, #75 ) ;
#3580 = ADVANCED_FACE ( 'NONE', ( #510 ), #3346, .T. ) ;
#3581 = EDGE_CURVE ( 'NONE', #2889, #2662, #3377, .T. ) ;
#3582 = ORIENTED_EDGE ( 'NONE', *, *, #6846, .F. ) ;
#3583 = VERTEX_POINT ( 'NONE', #1015 ) ;
#3584 = ORIENTED_EDGE ( 'NONE', *, *, #5266, .T. ) ;
#3585 = EDGE_CURVE ( 'NONE', #5237, #2469, #2391, .T. ) ;
#3586 = DIRECTION ( 'NONE',  ( 0.000000000000000000, 0.000000000000000000, 1.000000000000000000 ) ) ;
#3587 = CARTESIAN_POINT ( 'NONE',  ( 0.000000000000000000, -10.61210460920450060, 3.731385367829120447 ) ) ;
#3588 = ORIENTED_EDGE ( 'NONE', *, *, #3736, .F. ) ;
#3589 = DIRECTION ( 'NONE',  ( 1.000000000000000000, 0.000000000000000000, 0.000000000000000000 ) ) ;
#3590 = EDGE_CURVE ( 'NONE', #3825, #640, #783, .T. ) ;
#3591 = AXIS2_PLACEMENT_3D ( 'NONE', #6709, #1414, #4391 ) ;
#3592 = ORIENTED_EDGE ( 'NONE', *, *, #1407, .F. ) ;
#3593 = ORIENTED_EDGE ( 'NONE', *, *, #6499, .F. ) ;
#3594 = ORIENTED_EDGE ( 'NONE', *, *, #6700, .F. ) ;
#3595 = CARTESIAN_POINT ( 'NONE',  ( 0.000000000000000000, 6.425429397282219846, 10.83853574337780046 ) ) ;
#3596 = CYLINDRICAL_SURFACE ( 'NONE', #7594, 4.799999999999039701 ) ;
#3597 = DIRECTION ( 'NONE',  ( -1.000000000000000000, 0.000000000000000000, 0.000000000000000000 ) ) ;
#3598 = DIRECTION ( 'NONE',  ( 1.000000000000000000, 0.000000000000000000, 0.000000000000000000 ) ) ;
#3599 = ORIENTED_EDGE ( 'NONE', *, *, #4093, .T. ) ;
#3600 = DIRECTION ( 'NONE',  ( 1.000000000000000000, 0.000000000000000000, 0.000000000000000000 ) ) ;
#3601 = CARTESIAN_POINT ( 'NONE',  ( 0.000000000000000000, 2.355809106513210072, 1.548342161800750238 ) ) ;
#3602 = VERTEX_POINT ( 'NONE', #6938 ) ;
#3603 = DIRECTION ( 'NONE',  ( -1.000000000000000000, 0.000000000000000000, 0.000000000000000000 ) ) ;
#3604 = ORIENTED_EDGE ( 'NONE', *, *, #6453, .T. ) ;
#3605 = DIRECTION ( 'NONE',  ( -1.000000000000000000, 0.000000000000000000, 0.000000000000000000 ) ) ;
#3606 = CARTESIAN_POINT ( 'NONE',  ( 0.000000000000000000, 2.172984797950634928, -2.870215508959189865 ) ) ;
#3607 = CARTESIAN_POINT ( 'NONE',  ( 3.500000000000000000, 0.000000000000000000, 0.000000000000000000 ) ) ;
#3608 = ORIENTED_EDGE ( 'NONE', *, *, #6312, .F. ) ;
#3609 = EDGE_CURVE ( 'NONE', #5479, #6857, #7070, .T. ) ;
#3610 = CARTESIAN_POINT ( 'NONE',  ( 4.000000000000000000, 0.000000000000000000, 0.000000000000000000 ) ) ;
#3611 = CARTESIAN_POINT ( 'NONE',  ( 0.000000000000000000, -11.24577273141099987, 0.2694376985533610269 ) ) ;
#3612 = DIRECTION ( 'NONE',  ( -1.000000000000000000, 0.000000000000000000, 0.000000000000000000 ) ) ;
#3613 = VERTEX_POINT ( 'NONE', #1636 ) ;
#3614 = CARTESIAN_POINT ( 'NONE',  ( 3.500000000000000000, 0.000000000000000000, 0.000000000000000000 ) ) ;
#3615 = ORIENTED_EDGE ( 'NONE', *, *, #5864, .T. ) ;
#3616 = ORIENTED_EDGE ( 'NONE', *, *, #116, .T. ) ;
#3617 = DIRECTION ( 'NONE',  ( -1.000000000000000000, 0.000000000000000000, 0.000000000000000000 ) ) ;
#3618 = EDGE_CURVE ( 'NONE', #5286, #3358, #1388, .T. ) ;
#3619 = ADVANCED_FACE ( 'NONE', ( #7484 ), #2252, .T. ) ;
#3620 = CARTESIAN_POINT ( 'NONE',  ( 0.000000000000000000, 0.2008292820900360043, -11.27452294072310046 ) ) ;
#3621 = ORIENTED_EDGE ( 'NONE', *, *, #6024, .F. ) ;
#3622 = DIRECTION ( 'NONE',  ( 1.000000000000000000, 0.000000000000000000, 0.000000000000000000 ) ) ;
#3623 = ORIENTED_EDGE ( 'NONE', *, *, #895, .T. ) ;
#3624 = ORIENTED_EDGE ( 'NONE', *, *, #3348, .T. ) ;
#3625 = ORIENTED_EDGE ( 'NONE', *, *, #3972, .T. ) ;
#3626 = EDGE_CURVE ( 'NONE', #878, #7591, #6825, .T. ) ;
#3627 = EDGE_CURVE ( 'NONE', #1339, #6006, #5961, .T. ) ;
#3628 = DIRECTION ( 'NONE',  ( 0.000000000000000000, 0.000000000000000000, -1.000000000000000000 ) ) ;
#3629 = ORIENTED_EDGE ( 'NONE', *, *, #2353, .F. ) ;
#3630 = DIRECTION ( 'NONE',  ( 1.000000000000000000, 0.000000000000000000, 0.000000000000000000 ) ) ;
#3631 = ORIENTED_EDGE ( 'NONE', *, *, #7477, .T. ) ;
#3632 = DIRECTION ( 'NONE',  ( -1.000000000000000000, 0.000000000000000000, 0.000000000000000000 ) ) ;
#3633 = AXIS2_PLACEMENT_3D ( 'NONE', #1647, #3935, #5702 ) ;
#3634 = CIRCLE ( 'NONE', #1279, 12.59999999999747899 ) ;
#3635 = CARTESIAN_POINT ( 'NONE',  ( -7.000000000000000000, 6.938893903907229640E-14, 1.179611963664229834E-13 ) ) ;
#3636 = ORIENTED_EDGE ( 'NONE', *, *, #4843, .F. ) ;
#3637 = CIRCLE ( 'NONE', #1909, 1.199999999999759925 ) ;
#3638 = CIRCLE ( 'NONE', #2398, 1.199999999999760369 ) ;
#3639 = ADVANCED_FACE ( 'NONE', ( #3013 ), #2975, .T. ) ;
#3640 = DIRECTION ( 'NONE',  ( 1.000000000000000000, 0.000000000000000000, 0.000000000000000000 ) ) ;
#3641 = ORIENTED_EDGE ( 'NONE', *, *, #4658, .F. ) ;
#3642 = CARTESIAN_POINT ( 'NONE',  ( -6.450000000000000178, 2.172984797950585190, 2.870215508959459871 ) ) ;
#3643 = CYLINDRICAL_SURFACE ( 'NONE', #3999, 11.24899999999770017 ) ;
#3644 = VECTOR ( 'NONE', #6426, 1000.000000000000000 ) ;
#3645 = VERTEX_POINT ( 'NONE', #28 ) ;
#3646 = DIRECTION ( 'NONE',  ( 0.000000000000000000, 0.000000000000000000, 1.000000000000000000 ) ) ;
#3647 = FACE_OUTER_BOUND ( 'NONE', #6952, .T. ) ;
#3648 = CARTESIAN_POINT ( 'NONE',  ( -7.000000000000000000, 3.401226394052385249, -1.179685982114059950 ) ) ;
#3649 = DIRECTION ( 'NONE',  ( -1.000000000000000000, 0.000000000000000000, 0.000000000000000000 ) ) ;
#3650 = FACE_OUTER_BOUND ( 'NONE', #4350, .T. ) ;
#3651 = VECTOR ( 'NONE', #7254, 1000.000000000000000 ) ;
#3652 = DIRECTION ( 'NONE',  ( -1.000000000000000000, 0.000000000000000000, 0.000000000000000000 ) ) ;
#3653 = CYLINDRICAL_SURFACE ( 'NONE', #659, 12.59999999999749853 ) ;
#3654 = EDGE_CURVE ( 'NONE', #1632, #2740, #5098, .T. ) ;
#3655 = ORIENTED_EDGE ( 'NONE', *, *, #5705, .T. ) ;
#3656 = ORIENTED_EDGE ( 'NONE', *, *, #3534, .T. ) ;
#3657 = CARTESIAN_POINT ( 'NONE',  ( 4.000000000000000000, 0.000000000000000000, 0.000000000000000000 ) ) ;
#3658 = DIRECTION ( 'NONE',  ( 0.000000000000000000, 0.000000000000000000, -1.000000000000000000 ) ) ;
#3659 = VERTEX_POINT ( 'NONE', #5255 ) ;
#3660 = DIRECTION ( 'NONE',  ( -1.000000000000000000, 0.000000000000000000, 0.000000000000000000 ) ) ;
#3661 = EDGE_CURVE ( 'NONE', #5115, #3846, #4487, .T. ) ;
#3662 = ORIENTED_EDGE ( 'NONE', *, *, #3672, .F. ) ;
#3663 = ORIENTED_EDGE ( 'NONE', *, *, #1938, .F. ) ;
#3664 = VERTEX_POINT ( 'NONE', #4152 ) ;
#3665 = FACE_OUTER_BOUND ( 'NONE', #5201, .T. ) ;
#3666 = CYLINDRICAL_SURFACE ( 'NONE', #6032, 12.59999999999749853 ) ;
#3667 = ORIENTED_EDGE ( 'NONE', *, *, #463, .F. ) ;
#3668 = DIRECTION ( 'NONE',  ( 1.000000000000000000, 0.000000000000000000, 0.000000000000000000 ) ) ;
#3669 = ORIENTED_EDGE ( 'NONE', *, *, #4375, .F. ) ;
#3670 = CARTESIAN_POINT ( 'NONE',  ( 1.750000000000000000, 8.322493165920890945, -9.460238237123649085 ) ) ;
#3671 = ADVANCED_FACE ( 'NONE', ( #3493 ), #3643, .T. ) ;
#3672 = EDGE_CURVE ( 'NONE', #2049, #1739, #774, .T. ) ;
#3673 = DIRECTION ( 'NONE',  ( 1.000000000000000000, 0.000000000000000000, 0.000000000000000000 ) ) ;
#3674 = ORIENTED_EDGE ( 'NONE', *, *, #2967, .F. ) ;
#3675 = CARTESIAN_POINT ( 'NONE',  ( 4.000000000000000000, -7.830283878802000608, 8.114299373255130732 ) ) ;
#3676 = CARTESIAN_POINT ( 'NONE',  ( 1.750000000000000000, -6.740122156884980065, -10.64569177227129870 ) ) ;
#3677 = VERTEX_POINT ( 'NONE', #1199 ) ;
#3678 = DIRECTION ( 'NONE',  ( 1.000000000000000000, 0.000000000000000000, 0.000000000000000000 ) ) ;
#3679 = EDGE_CURVE ( 'NONE', #3542, #16, #5366, .T. ) ;
#3680 = AXIS2_PLACEMENT_3D ( 'NONE', #4614, #1753, #627 ) ;
#3681 = ORIENTED_EDGE ( 'NONE', *, *, #4887, .T. ) ;
#3682 = DIRECTION ( 'NONE',  ( -1.000000000000000000, 0.000000000000000000, 0.000000000000000000 ) ) ;
#3683 = DIRECTION ( 'NONE',  ( 0.000000000000000000, 0.000000000000000000, 1.000000000000000000 ) ) ;
#3684 = CARTESIAN_POINT ( 'NONE',  ( 4.000000000000000000, -6.425429397282290012, 10.83853574337772052 ) ) ;
#3685 = CARTESIAN_POINT ( 'NONE',  ( 0.000000000000000000, 8.041842239847619922, 9.699936772440281629 ) ) ;
#3686 = CIRCLE ( 'NONE', #1729, 12.59999999999749853 ) ;
#3687 = CARTESIAN_POINT ( 'NONE',  ( 0.000000000000000000, 0.000000000000000000, 0.000000000000000000 ) ) ;
#3688 = CARTESIAN_POINT ( 'NONE',  ( 4.000000000000000000, 0.000000000000000000, 0.000000000000000000 ) ) ;
#3689 = AXIS2_PLACEMENT_3D ( 'NONE', #2225, #6941, #5736 ) ;
#3690 = CIRCLE ( 'NONE', #3198, 1.199999999999756151 ) ;
#3691 = VERTEX_POINT ( 'NONE', #7011 ) ;
#3692 = DIRECTION ( 'NONE',  ( -1.000000000000000000, 0.000000000000000000, 0.000000000000000000 ) ) ;
#3693 = VECTOR ( 'NONE', #7054, 1000.000000000000000 ) ;
#3694 = ORIENTED_EDGE ( 'NONE', *, *, #2684, .T. ) ;
#3695 = FACE_OUTER_BOUND ( 'NONE', #718, .T. ) ;
#3696 = VECTOR ( 'NONE', #6175, 1000.000000000000000 ) ;
#3697 = CARTESIAN_POINT ( 'NONE',  ( 4.000000000000000000, 1.493105967824236213, 11.14946795003226043 ) ) ;
#3698 = FACE_OUTER_BOUND ( 'NONE', #6845, .T. ) ;
#3699 = AXIS2_PLACEMENT_3D ( 'NONE', #5986, #4288, #765 ) ;
#3700 = ORIENTED_EDGE ( 'NONE', *, *, #4282, .F. ) ;
#3701 = ORIENTED_EDGE ( 'NONE', *, *, #7257, .F. ) ;
#3702 = EDGE_CURVE ( 'NONE', #6055, #3570, #5336, .T. ) ;
#3703 = EDGE_LOOP ( 'NONE', ( #1233, #3382, #3608, #789 ) ) ;
#3704 = DIRECTION ( 'NONE',  ( -1.000000000000000000, 0.000000000000000000, 0.000000000000000000 ) ) ;
#3705 = EDGE_CURVE ( 'NONE', #4281, #3227, #1395, .T. ) ;
#3706 = DIRECTION ( 'NONE',  ( 1.000000000000000000, 0.000000000000000000, 0.000000000000000000 ) ) ;
#3707 = ORIENTED_EDGE ( 'NONE', *, *, #7355, .T. ) ;
#3708 = CIRCLE ( 'NONE', #6665, 3.599999999999274891 ) ;
#3709 = CARTESIAN_POINT ( 'NONE',  ( 0.000000000000000000, -4.650801158178239803, 11.71025399327550076 ) ) ;
#3710 = DIRECTION ( 'NONE',  ( 0.000000000000000000, 0.4539904997395409203, 0.8910065241883708964 ) ) ;
#3711 = CARTESIAN_POINT ( 'NONE',  ( 4.000000000000000000, -3.675019189548169862, 10.66064884975989990 ) ) ;
#3712 = ORIENTED_EDGE ( 'NONE', *, *, #226, .T. ) ;
#3713 = EDGE_CURVE ( 'NONE', #5549, #1135, #2268, .T. ) ;
#3714 = EDGE_CURVE ( 'NONE', #7220, #5662, #416, .T. ) ;
#3715 = CARTESIAN_POINT ( 'NONE',  ( -10.00000000000000000, 0.000000000000000000, 0.000000000000000000 ) ) ;
#3716 = EDGE_CURVE ( 'NONE', #3987, #6022, #66, .T. ) ;
#3717 = ADVANCED_FACE ( 'NONE', ( #1165 ), #4183, .T. ) ;
#3718 = DIRECTION ( 'NONE',  ( -1.000000000000000000, 0.000000000000000000, 0.000000000000000000 ) ) ;
#3719 = DIRECTION ( 'NONE',  ( -1.000000000000000000, 0.000000000000000000, 0.000000000000000000 ) ) ;
#3720 = ORIENTED_EDGE ( 'NONE', *, *, #6268, .F. ) ;
#3721 = ORIENTED_EDGE ( 'NONE', *, *, #3272, .F. ) ;
#3722 = ORIENTED_EDGE ( 'NONE', *, *, #887, .F. ) ;
#3723 = DIRECTION ( 'NONE',  ( -1.000000000000000000, 0.000000000000000000, 0.000000000000000000 ) ) ;
#3724 = DIRECTION ( 'NONE',  ( 0.000000000000000000, 0.000000000000000000, 1.000000000000000000 ) ) ;
#3725 = CARTESIAN_POINT ( 'NONE',  ( 4.000000000000000000, -12.20746682112880066, -3.120537423421630319 ) ) ;
#3726 = EDGE_CURVE ( 'NONE', #3828, #2955, #6084, .T. ) ;
#3727 = DIRECTION ( 'NONE',  ( 0.000000000000000000, 0.000000000000000000, -1.000000000000000000 ) ) ;
#3728 = CARTESIAN_POINT ( 'NONE',  ( -6.450000000000000178, 1.587303728247839940, 1.593257001958285235 ) ) ;
#3729 = CARTESIAN_POINT ( 'NONE',  ( 0.000000000000000000, 2.355809106513210072, 1.548342161800750238 ) ) ;
#3730 = AXIS2_PLACEMENT_3D ( 'NONE', #4004, #6982, #5813 ) ;
#3731 = ORIENTED_EDGE ( 'NONE', *, *, #470, .F. ) ;
#3732 = CARTESIAN_POINT ( 'NONE',  ( 0.000000000000000000, 0.000000000000000000, 0.000000000000000000 ) ) ;
#3733 = ORIENTED_EDGE ( 'NONE', *, *, #3506, .F. ) ;
#3734 = CYLINDRICAL_SURFACE ( 'NONE', #2850, 4.799999999999038813 ) ;
#3735 = VECTOR ( 'NONE', #4947, 1000.000000000000000 ) ;
#3736 = EDGE_CURVE ( 'NONE', #4295, #7196, #5722, .T. ) ;
#3737 = CARTESIAN_POINT ( 'NONE',  ( 4.000000000000000000, 0.000000000000000000, 0.000000000000000000 ) ) ;
#3738 = AXIS2_PLACEMENT_3D ( 'NONE', #7553, #1674, #1565 ) ;
#3739 = CARTESIAN_POINT ( 'NONE',  ( 0.000000000000000000, 9.239325152756180159, -6.464524009011189953 ) ) ;
#3740 = VERTEX_POINT ( 'NONE', #5875 ) ;
#3741 = ORIENTED_EDGE ( 'NONE', *, *, #7588, .T. ) ;
#3742 = EDGE_LOOP ( 'NONE', ( #5763, #707, #2891, #4040 ) ) ;
#3743 = CARTESIAN_POINT ( 'NONE',  ( 0.000000000000000000, -11.71025399327550076, -4.650801158178279771 ) ) ;
#3744 = DIRECTION ( 'NONE',  ( 0.000000000000000000, 0.000000000000000000, 1.000000000000000000 ) ) ;
#3745 = VERTEX_POINT ( 'NONE', #7157 ) ;
#3746 = CARTESIAN_POINT ( 'NONE',  ( 0.000000000000000000, 0.000000000000000000, 0.000000000000000000 ) ) ;
#3747 = ORIENTED_EDGE ( 'NONE', *, *, #3100, .T. ) ;
#3748 = CARTESIAN_POINT ( 'NONE',  ( 0.000000000000000000, 6.938893903907229640E-14, 1.179611963664229834E-13 ) ) ;
#3749 = VECTOR ( 'NONE', #3533, 1000.000000000000000 ) ;
#3750 = VECTOR ( 'NONE', #5917, 1000.000000000000000 ) ;
#3751 = FACE_OUTER_BOUND ( 'NONE', #7495, .T. ) ;
#3752 = ORIENTED_EDGE ( 'NONE', *, *, #3736, .T. ) ;
#3753 = CARTESIAN_POINT ( 'NONE',  ( -6.450000000000000178, -2.815982290881379857, -0.1320747280206844010 ) ) ;
#3754 = DIRECTION ( 'NONE',  ( 1.000000000000000000, 0.000000000000000000, 0.000000000000000000 ) ) ;
#3755 = DIRECTION ( 'NONE',  ( -1.000000000000000000, 0.000000000000000000, 0.000000000000000000 ) ) ;
#3756 = AXIS2_PLACEMENT_3D ( 'NONE', #4584, #5555, #921 ) ;
#3757 = PRODUCT_DEFINITION_FORMATION_WITH_SPECIFIED_SOURCE ( 'å¯', '', #3387, .NOT_KNOWN. ) ;
#3758 = VERTEX_POINT ( 'NONE', #2939 ) ;
#3759 = VECTOR ( 'NONE', #5067, 1000.000000000000000 ) ;
#3760 = AXIS2_PLACEMENT_3D ( 'NONE', #6002, #3064, #7201 ) ;
#3761 = VERTEX_POINT ( 'NONE', #4791 ) ;
#3762 = DIRECTION ( 'NONE',  ( 0.000000000000000000, 0.000000000000000000, -1.000000000000000000 ) ) ;
#3763 = DIRECTION ( 'NONE',  ( 1.000000000000000000, 0.000000000000000000, 0.000000000000000000 ) ) ;
#3764 = CARTESIAN_POINT ( 'NONE',  ( 0.000000000000000000, -2.220648660249819883, -0.3559782686179940314 ) ) ;
#3765 = AXIS2_PLACEMENT_3D ( 'NONE', #2554, #6114, #821 ) ;
#3766 = DIRECTION ( 'NONE',  ( -1.000000000000000000, 0.000000000000000000, 0.000000000000000000 ) ) ;
#3767 = DIRECTION ( 'NONE',  ( 1.000000000000000000, 0.000000000000000000, 0.000000000000000000 ) ) ;
#3768 = AXIS2_PLACEMENT_3D ( 'NONE', #2175, #2094, #963 ) ;
#3769 = CARTESIAN_POINT ( 'NONE',  ( 0.000000000000000000, 11.71025399327550076, 4.650801158178199834 ) ) ;
#3770 = AXIS2_PLACEMENT_3D ( 'NONE', #1127, #2325, #2938 ) ;
#3771 = EDGE_CURVE ( 'NONE', #4060, #3987, #6580, .T. ) ;
#3772 = ADVANCED_FACE ( 'NONE', ( #2472 ), #4977, .T. ) ;
#3773 = CIRCLE ( 'NONE', #4026, 4.799999999999060130 ) ;
#3774 = EDGE_CURVE ( 'NONE', #4290, #1054, #6463, .T. ) ;
#3775 = ORIENTED_EDGE ( 'NONE', *, *, #6640, .T. ) ;
#3776 = DIRECTION ( 'NONE',  ( -1.000000000000000000, 0.000000000000000000, 0.000000000000000000 ) ) ;
#3777 = AXIS2_PLACEMENT_3D ( 'NONE', #932, #2715, #2057 ) ;
#3778 = DIRECTION ( 'NONE',  ( 0.000000000000000000, 0.000000000000000000, -1.000000000000000000 ) ) ;
#3779 = ORIENTED_EDGE ( 'NONE', *, *, #69, .F. ) ;
#3780 = DIRECTION ( 'NONE',  ( 0.000000000000000000, 0.3090169943749480064, -0.9510565162951534202 ) ) ;
#3781 = DIRECTION ( 'NONE',  ( -1.000000000000000000, 0.000000000000000000, 0.000000000000000000 ) ) ;
#3782 = CARTESIAN_POINT ( 'NONE',  ( 0.000000000000000000, -4.991786971163790554, -11.56901304496009963 ) ) ;
#3783 = EDGE_CURVE ( 'NONE', #3659, #907, #2508, .T. ) ;
#3784 = EDGE_LOOP ( 'NONE', ( #1768, #6050, #4894, #6931 ) ) ;
#3785 = ORIENTED_EDGE ( 'NONE', *, *, #6700, .T. ) ;
#3786 = ORIENTED_EDGE ( 'NONE', *, *, #4361, .F. ) ;
#3787 = DIRECTION ( 'NONE',  ( 0.000000000000000000, 0.000000000000000000, 1.000000000000000000 ) ) ;
#3788 = FACE_OUTER_BOUND ( 'NONE', #7222, .T. ) ;
#3789 = ORIENTED_EDGE ( 'NONE', *, *, #2107, .T. ) ;
#3790 = CARTESIAN_POINT ( 'NONE',  ( 3.500000000000000000, -11.06516926556250091, 2.025346914580250068 ) ) ;
#3791 = DIRECTION ( 'NONE',  ( 0.000000000000000000, -0.7071067811865390240, -0.7071067811865560104 ) ) ;
#3792 = VERTEX_POINT ( 'NONE', #5520 ) ;
#3793 = DIRECTION ( 'NONE',  ( -1.000000000000000000, 0.000000000000000000, 0.000000000000000000 ) ) ;
#3794 = AXIS2_PLACEMENT_3D ( 'NONE', #4968, #7342, #6218 ) ;
#3795 = DIRECTION ( 'NONE',  ( 0.000000000000000000, 0.000000000000000000, -1.000000000000000000 ) ) ;
#3796 = DIRECTION ( 'NONE',  ( -1.000000000000000000, 0.000000000000000000, 0.000000000000000000 ) ) ;
#3797 = ORIENTED_EDGE ( 'NONE', *, *, #3714, .F. ) ;
#3798 = FACE_OUTER_BOUND ( 'NONE', #3525, .T. ) ;
#3799 = ORIENTED_EDGE ( 'NONE', *, *, #1928, .F. ) ;
#3800 = VERTEX_POINT ( 'NONE', #3094 ) ;
#3801 = DIRECTION ( 'NONE',  ( -1.000000000000000000, 0.000000000000000000, 0.000000000000000000 ) ) ;
#3802 = DIRECTION ( 'NONE',  ( 0.000000000000000000, 0.000000000000000000, -1.000000000000000000 ) ) ;
#3803 = CARTESIAN_POINT ( 'NONE',  ( -6.450000000000000178, -2.815982290881379857, 0.1320747280208743879 ) ) ;
#3804 = DIRECTION ( 'NONE',  ( 1.000000000000000000, 0.000000000000000000, 0.000000000000000000 ) ) ;
#3805 = DIRECTION ( 'NONE',  ( 0.000000000000000000, -0.06866745788014795571, -0.9976396043803985592 ) ) ;
#3806 = EDGE_CURVE ( 'NONE', #4913, #5094, #1941, .T. ) ;
#3807 = EDGE_CURVE ( 'NONE', #1689, #3835, #7237, .T. ) ;
#3808 = AXIS2_PLACEMENT_3D ( 'NONE', #1330, #2616, #4957 ) ;
#3809 = ORIENTED_EDGE ( 'NONE', *, *, #351, .F. ) ;
#3810 = CYLINDRICAL_SURFACE ( 'NONE', #716, 12.59999999999749853 ) ;
#3811 = CARTESIAN_POINT ( 'NONE',  ( 4.000000000000000000, -6.464524009011229921, -9.239325152756160620 ) ) ;
#3812 = ORIENTED_EDGE ( 'NONE', *, *, #4236, .F. ) ;
#3813 = DIRECTION ( 'NONE',  ( 0.000000000000000000, 0.000000000000000000, -1.000000000000000000 ) ) ;
#3814 = CARTESIAN_POINT ( 'NONE',  ( -7.000000000000000000, 0.07091128299300900051, 3.599301541957820483 ) ) ;
#3815 = CIRCLE ( 'NONE', #6406, 11.24899999999775879 ) ;
#3816 = EDGE_CURVE ( 'NONE', #5817, #5824, #4729, .T. ) ;
#3817 = ADVANCED_FACE ( 'NONE', ( #6106 ), #1899, .T. ) ;
#3818 = VECTOR ( 'NONE', #3951, 1000.000000000000000 ) ;
#3819 = CARTESIAN_POINT ( 'NONE',  ( 0.000000000000000000, 11.14946795003230129, -1.493105967824120084 ) ) ;
#3820 = EDGE_CURVE ( 'NONE', #6447, #2159, #4604, .T. ) ;
#3821 = ORIENTED_EDGE ( 'NONE', *, *, #1201, .F. ) ;
#3822 = AXIS2_PLACEMENT_3D ( 'NONE', #6353, #2330, #2842 ) ;
#3823 = CIRCLE ( 'NONE', #5790, 11.24899999999770017 ) ;
#3824 = ORIENTED_EDGE ( 'NONE', *, *, #4056, .T. ) ;
#3825 = VERTEX_POINT ( 'NONE', #3260 ) ;
#3826 = DIRECTION ( 'NONE',  ( 0.000000000000000000, 0.000000000000000000, 1.000000000000000000 ) ) ;
#3827 = FACE_OUTER_BOUND ( 'NONE', #3193, .T. ) ;
#3828 = VERTEX_POINT ( 'NONE', #6186 ) ;
#3829 = CARTESIAN_POINT ( 'NONE',  ( 0.000000000000000000, -3.293019194759180035, 10.78476817202770022 ) ) ;
#3830 = ADVANCED_FACE ( 'NONE', ( #816 ), #6692, .T. ) ;
#3831 = DIRECTION ( 'NONE',  ( -1.000000000000000000, 0.000000000000000000, 0.000000000000000000 ) ) ;
#3832 = CIRCLE ( 'NONE', #2455, 11.24899999999773925 ) ;
#3833 = CIRCLE ( 'NONE', #106, 4.799999999999039701 ) ;
#3834 = LINE ( 'NONE', #2544, #1861 ) ;
#3835 = VERTEX_POINT ( 'NONE', #892 ) ;
#3836 = AXIS2_PLACEMENT_3D ( 'NONE', #4353, #3246, #5506 ) ;
#3837 = CARTESIAN_POINT ( 'NONE',  ( 0.000000000000000000, 0.000000000000000000, 0.000000000000000000 ) ) ;
#3838 = ORIENTED_EDGE ( 'NONE', *, *, #3385, .F. ) ;
#3839 = CARTESIAN_POINT ( 'NONE',  ( 3.500000000000000000, -1.493105967824160052, -11.14946795003230129 ) ) ;
#3840 = EDGE_CURVE ( 'NONE', #7292, #3583, #6028, .T. ) ;
#3841 = LINE ( 'NONE', #6185, #7231 ) ;
#3842 = CARTESIAN_POINT ( 'NONE',  ( 3.500000000000000000, -6.789472613368959131, -9.003236172274279525 ) ) ;
#3843 = VECTOR ( 'NONE', #5541, 1000.000000000000000 ) ;
#3844 = VERTEX_POINT ( 'NONE', #7309 ) ;
#3845 = ORIENTED_EDGE ( 'NONE', *, *, #733, .T. ) ;
#3846 = VERTEX_POINT ( 'NONE', #5481 ) ;
#3847 = DIRECTION ( 'NONE',  ( 0.000000000000000000, 0.000000000000000000, 1.000000000000000000 ) ) ;
#3848 = LINE ( 'NONE', #1401, #4603 ) ;
#3849 = DIRECTION ( 'NONE',  ( 1.000000000000000000, 0.000000000000000000, 0.000000000000000000 ) ) ;
#3850 = AXIS2_PLACEMENT_3D ( 'NONE', #2358, #692, #2468 ) ;
#3851 = CARTESIAN_POINT ( 'NONE',  ( 4.000000000000000000, 0.000000000000000000, 0.000000000000000000 ) ) ;
#3852 = CARTESIAN_POINT ( 'NONE',  ( 0.000000000000000000, -5.345544729564120523, 9.897734717811879079 ) ) ;
#3853 = EDGE_LOOP ( 'NONE', ( #7662, #5467, #913, #1836 ) ) ;
#3854 = DIRECTION ( 'NONE',  ( 0.000000000000000000, 0.000000000000000000, -1.000000000000000000 ) ) ;
#3855 = CARTESIAN_POINT ( 'NONE',  ( 0.000000000000000000, -2.815982290881379857, -0.1320747280206844010 ) ) ;
#3856 = ORIENTED_EDGE ( 'NONE', *, *, #6689, .F. ) ;
#3857 = CARTESIAN_POINT ( 'NONE',  ( 3.500000000000000000, 8.142483381818019339, -7.761440934308960315 ) ) ;
#3858 = CARTESIAN_POINT ( 'NONE',  ( 4.000000000000000000, 11.16713147563269892, 3.234632775553529793 ) ) ;
#3859 = DIRECTION ( 'NONE',  ( -1.000000000000000000, 0.000000000000000000, 0.000000000000000000 ) ) ;
#3860 = AXIS2_PLACEMENT_3D ( 'NONE', #1903, #3723, #151 ) ;
#3861 = ORIENTED_EDGE ( 'NONE', *, *, #5750, .F. ) ;
#3862 = ORIENTED_EDGE ( 'NONE', *, *, #6454, .T. ) ;
#3863 = ORIENTED_EDGE ( 'NONE', *, *, #6972, .T. ) ;
#3864 = DIRECTION ( 'NONE',  ( 1.000000000000000000, 0.000000000000000000, 0.000000000000000000 ) ) ;
#3865 = CYLINDRICAL_SURFACE ( 'NONE', #5045, 4.799999999999040590 ) ;
#3866 = VERTEX_POINT ( 'NONE', #2013 ) ;
#3867 = DIRECTION ( 'NONE',  ( -1.000000000000000000, 0.000000000000000000, 0.000000000000000000 ) ) ;
#3868 = CARTESIAN_POINT ( 'NONE',  ( 4.000000000000000000, 2.761654759435804962, -12.29362692575390170 ) ) ;
#3869 = CARTESIAN_POINT ( 'NONE',  ( 1.750000000000000000, -8.041842239847690976, 9.699936772440221233 ) ) ;
#3870 = ADVANCED_FACE ( 'NONE', ( #1479 ), #4367, .T. ) ;
#3871 = ORIENTED_EDGE ( 'NONE', *, *, #4922, .T. ) ;
#3872 = EDGE_CURVE ( 'NONE', #6772, #6265, #6614, .T. ) ;
#3873 = CARTESIAN_POINT ( 'NONE',  ( 0.000000000000000000, 2.200545951850874982, 1.762043560793300045 ) ) ;
#3874 = DIRECTION ( 'NONE',  ( 0.000000000000000000, 0.000000000000000000, 1.000000000000000000 ) ) ;
#3875 = DIRECTION ( 'NONE',  ( -1.000000000000000000, 0.000000000000000000, 0.000000000000000000 ) ) ;
#3876 = CYLINDRICAL_SURFACE ( 'NONE', #2717, 4.799999999999039701 ) ;
#3877 = CIRCLE ( 'NONE', #7324, 4.799999999999039701 ) ;
#3878 = APPLICATION_CONTEXT ( 'automotive_design' ) ;
#3879 = VERTEX_POINT ( 'NONE', #1436 ) ;
#3880 = CIRCLE ( 'NONE', #2505, 4.799999999999049471 ) ;
#3881 = EDGE_LOOP ( 'NONE', ( #3406, #1033, #1410, #6876 ) ) ;
#3882 = ADVANCED_FACE ( 'NONE', ( #3798 ), #6769, .T. ) ;
#3883 = ORIENTED_EDGE ( 'NONE', *, *, #1088, .T. ) ;
#3884 = CARTESIAN_POINT ( 'NONE',  ( -7.000000000000000000, -0.07091128299295369752, 3.599301541957820483 ) ) ;
#3885 = CARTESIAN_POINT ( 'NONE',  ( 0.000000000000000000, 6.938893903907229640E-14, 1.179611963664229834E-13 ) ) ;
#3886 = CARTESIAN_POINT ( 'NONE',  ( 4.000000000000000000, 6.828079039211360168, -8.939649748968459875 ) ) ;
#3887 = CARTESIAN_POINT ( 'NONE',  ( 4.000000000000000000, -11.24577273141099987, -0.2694376985535140157 ) ) ;
#3888 = AXIS2_PLACEMENT_3D ( 'NONE', #3614, #1289, #247 ) ;
#3889 = CIRCLE ( 'NONE', #3512, 4.799999999999029932 ) ;
#3890 = ORIENTED_EDGE ( 'NONE', *, *, #2542, .F. ) ;
#3891 = LINE ( 'NONE', #447, #848 ) ;
#3892 = CIRCLE ( 'NONE', #5971, 1.199999999999765921 ) ;
#3893 = CARTESIAN_POINT ( 'NONE',  ( 4.000000000000000000, 0.000000000000000000, 0.000000000000000000 ) ) ;
#3894 = VERTEX_POINT ( 'NONE', #4899 ) ;
#3895 = LINE ( 'NONE', #5194, #758 ) ;
#3896 = CIRCLE ( 'NONE', #4495, 3.599999999999274891 ) ;
#3897 = CARTESIAN_POINT ( 'NONE',  ( 0.000000000000000000, -4.865403235017290662, 10.14237902864180008 ) ) ;
#3898 = LINE ( 'NONE', #6248, #6991 ) ;
#3899 = AXIS2_PLACEMENT_3D ( 'NONE', #7549, #3268, #2800 ) ;
#3900 = CIRCLE ( 'NONE', #312, 1.199999999999759925 ) ;
#3901 = VERTEX_POINT ( 'NONE', #2548 ) ;
#3902 = AXIS2_PLACEMENT_3D ( 'NONE', #6104, #1392, #5642 ) ;
#3903 = EDGE_LOOP ( 'NONE', ( #4283, #2430, #1071, #5863 ) ) ;
#3904 = ORIENTED_EDGE ( 'NONE', *, *, #3654, .T. ) ;
#3905 = DIRECTION ( 'NONE',  ( 1.000000000000000000, 0.000000000000000000, 0.000000000000000000 ) ) ;
#3906 = CARTESIAN_POINT ( 'NONE',  ( 1.750000000000000000, -0.8045072551090640678, -12.57428996311180036 ) ) ;
#3907 = DIRECTION ( 'NONE',  ( -1.000000000000000000, 0.000000000000000000, 0.000000000000000000 ) ) ;
#3908 = EDGE_CURVE ( 'NONE', #4208, #4424, #2883, .T. ) ;
#3909 = CARTESIAN_POINT ( 'NONE',  ( 4.000000000000000000, 0.000000000000000000, 0.000000000000000000 ) ) ;
#3910 = ORIENTED_EDGE ( 'NONE', *, *, #5099, .F. ) ;
#3911 = ADVANCED_FACE ( 'NONE', ( #6961 ), #349, .T. ) ;
#3912 = CARTESIAN_POINT ( 'NONE',  ( 0.000000000000000000, 0.000000000000000000, 0.000000000000000000 ) ) ;
#3913 = CARTESIAN_POINT ( 'NONE',  ( 0.000000000000000000, 2.815982290881520189, 0.1320747280209413899 ) ) ;
#3914 = EDGE_CURVE ( 'NONE', #6480, #6242, #3880, .T. ) ;
#3915 = CARTESIAN_POINT ( 'NONE',  ( 4.000000000000000000, -9.239325152756130421, 6.464524009011260119 ) ) ;
#3916 = ORIENTED_EDGE ( 'NONE', *, *, #6372, .T. ) ;
#3917 = DIRECTION ( 'NONE',  ( 0.000000000000000000, 0.000000000000000000, 1.000000000000000000 ) ) ;
#3918 = EDGE_CURVE ( 'NONE', #7524, #5094, #5460, .T. ) ;
#3919 = EDGE_CURVE ( 'NONE', #1818, #5115, #2993, .T. ) ;
#3920 = VERTEX_POINT ( 'NONE', #5683 ) ;
#3921 = ORIENTED_EDGE ( 'NONE', *, *, #285, .T. ) ;
#3922 = VERTEX_POINT ( 'NONE', #2177 ) ;
#3923 = DIRECTION ( 'NONE',  ( 0.000000000000000000, 0.000000000000000000, 1.000000000000000000 ) ) ;
#3924 = EDGE_CURVE ( 'NONE', #6529, #5093, #3991, .T. ) ;
#3925 = DIRECTION ( 'NONE',  ( 0.000000000000000000, 0.000000000000000000, 1.000000000000000000 ) ) ;
#3926 = DIRECTION ( 'NONE',  ( -1.000000000000000000, 0.000000000000000000, 0.000000000000000000 ) ) ;
#3927 = CARTESIAN_POINT ( 'NONE',  ( 3.500000000000000000, -10.66064884975999938, 3.675019189548059728 ) ) ;
#3928 = ADVANCED_FACE ( 'NONE', ( #7390 ), #3876, .T. ) ;
#3929 = ORIENTED_EDGE ( 'NONE', *, *, #3369, .T. ) ;
#3930 = CARTESIAN_POINT ( 'NONE',  ( 0.000000000000000000, -7.761440934308990514, -8.142483381817989141 ) ) ;
#3931 = FACE_OUTER_BOUND ( 'NONE', #7096, .T. ) ;
#3932 = DIRECTION ( 'NONE',  ( 0.000000000000000000, 0.000000000000000000, -1.000000000000000000 ) ) ;
#3933 = CARTESIAN_POINT ( 'NONE',  ( -7.000000000000000000, 0.07091128299306509453, -3.599301541957579786 ) ) ;
#3934 = DIRECTION ( 'NONE',  ( 0.000000000000000000, -0.08824317028764504245, -0.9960989624016208799 ) ) ;
#3935 = DIRECTION ( 'NONE',  ( -1.000000000000000000, 0.000000000000000000, 0.000000000000000000 ) ) ;
#3936 = CIRCLE ( 'NONE', #4297, 12.59999999999749853 ) ;
#3937 = ORIENTED_EDGE ( 'NONE', *, *, #7574, .F. ) ;
#3938 = VERTEX_POINT ( 'NONE', #3337 ) ;
#3939 = CIRCLE ( 'NONE', #591, 4.799999999999038813 ) ;
#3940 = AXIS2_PLACEMENT_3D ( 'NONE', #904, #2690, #5191 ) ;
#3941 = ORIENTED_EDGE ( 'NONE', *, *, #1740, .F. ) ;
#3942 = DIRECTION ( 'NONE',  ( -1.000000000000000000, 0.000000000000000000, 0.000000000000000000 ) ) ;
#3943 = AXIS2_PLACEMENT_3D ( 'NONE', #2751, #4558, #6375 ) ;
#3944 = CYLINDRICAL_SURFACE ( 'NONE', #4678, 12.59999999999749853 ) ;
#3945 = ORIENTED_EDGE ( 'NONE', *, *, #3872, .T. ) ;
#3946 = DIRECTION ( 'NONE',  ( -1.000000000000000000, 0.000000000000000000, 0.000000000000000000 ) ) ;
#3947 = VECTOR ( 'NONE', #5417, 1000.000000000000000 ) ;
#3948 = AXIS2_PLACEMENT_3D ( 'NONE', #6720, #1463, #685 ) ;
#3949 = ORIENTED_EDGE ( 'NONE', *, *, #7028, .F. ) ;
#3950 = ORIENTED_EDGE ( 'NONE', *, *, #5222, .F. ) ;
#3951 = DIRECTION ( 'NONE',  ( -1.000000000000000000, 0.000000000000000000, 0.000000000000000000 ) ) ;
#3952 = AXIS2_PLACEMENT_3D ( 'NONE', #553, #3535, #1020 ) ;
#3953 = FACE_OUTER_BOUND ( 'NONE', #2880, .T. ) ;
#3954 = CIRCLE ( 'NONE', #5406, 4.799999999999041478 ) ;
#3955 = CARTESIAN_POINT ( 'NONE',  ( 3.500000000000000000, 5.345544729564180919, -9.897734717811850658 ) ) ;
#3956 = DIRECTION ( 'NONE',  ( 0.000000000000000000, 0.000000000000000000, 1.000000000000000000 ) ) ;
#3957 = VECTOR ( 'NONE', #7004, 1000.000000000000000 ) ;
#3958 = ORIENTED_EDGE ( 'NONE', *, *, #7116, .T. ) ;
#3959 = ORIENTED_EDGE ( 'NONE', *, *, #2311, .T. ) ;
#3960 = EDGE_CURVE ( 'NONE', #7298, #3993, #4596, .T. ) ;
#3961 = EDGE_CURVE ( 'NONE', #2780, #5505, #2097, .T. ) ;
#3962 = DIRECTION ( 'NONE',  ( -1.000000000000000000, 0.000000000000000000, 0.000000000000000000 ) ) ;
#3963 = EDGE_CURVE ( 'NONE', #5979, #1677, #104, .T. ) ;
#3964 = CARTESIAN_POINT ( 'NONE',  ( 3.500000000000000000, 10.77862626476109931, -3.218884409939410052 ) ) ;
#3965 = CYLINDRICAL_SURFACE ( 'NONE', #924, 12.59999999999749853 ) ;
#3966 = DIRECTION ( 'NONE',  ( 0.000000000000000000, -0.5877852522924801315, 0.8090169943749423442 ) ) ;
#3967 = CIRCLE ( 'NONE', #613, 11.24899999999773925 ) ;
#3968 = AXIS2_PLACEMENT_3D ( 'NONE', #5001, #3194, #4917 ) ;
#3969 = EDGE_CURVE ( 'NONE', #4593, #5285, #1480, .T. ) ;
#3970 = ORIENTED_EDGE ( 'NONE', *, *, #6611, .T. ) ;
#3971 = FACE_OUTER_BOUND ( 'NONE', #4761, .T. ) ;
#3972 = EDGE_CURVE ( 'NONE', #3479, #2167, #5794, .T. ) ;
#3973 = CARTESIAN_POINT ( 'NONE',  ( 0.000000000000000000, 12.54533224990190021, 1.172449887844590144 ) ) ;
#3974 = ORIENTED_EDGE ( 'NONE', *, *, #6891, .F. ) ;
#3975 = CARTESIAN_POINT ( 'NONE',  ( 4.000000000000000000, -3.675019189548019760, -10.66064884975999938 ) ) ;
#3976 = CARTESIAN_POINT ( 'NONE',  ( 0.000000000000000000, 2.025346914580280266, 11.06516926556250091 ) ) ;
#3977 = CARTESIAN_POINT ( 'NONE',  ( 4.000000000000000000, 12.57428996311180036, 0.8045072551092110613 ) ) ;
#3978 = ORIENTED_EDGE ( 'NONE', *, *, #7310, .T. ) ;
#3979 = EDGE_CURVE ( 'NONE', #5575, #4271, #4801, .T. ) ;
#3980 = ORIENTED_EDGE ( 'NONE', *, *, #634, .T. ) ;
#3981 = ADVANCED_FACE ( 'NONE', ( #316 ), #6304, .T. ) ;
#3982 = VERTEX_POINT ( 'NONE', #6263 ) ;
#3983 = DIRECTION ( 'NONE',  ( 0.000000000000000000, 0.000000000000000000, 1.000000000000000000 ) ) ;
#3984 = DIRECTION ( 'NONE',  ( 1.000000000000000000, 0.000000000000000000, 0.000000000000000000 ) ) ;
#3985 = ORIENTED_EDGE ( 'NONE', *, *, #2866, .T. ) ;
#3986 = ORIENTED_EDGE ( 'NONE', *, *, #4552, .F. ) ;
#3987 = VERTEX_POINT ( 'NONE', #4565 ) ;
#3988 = DIRECTION ( 'NONE',  ( -1.000000000000000000, 0.000000000000000000, 0.000000000000000000 ) ) ;
#3989 = DIRECTION ( 'NONE',  ( 0.000000000000000000, 0.000000000000000000, 1.000000000000000000 ) ) ;
#3990 = DIRECTION ( 'NONE',  ( -1.000000000000000000, 0.000000000000000000, 0.000000000000000000 ) ) ;
#3991 = LINE ( 'NONE', #1517, #2898 ) ;
#3992 = ORIENTED_EDGE ( 'NONE', *, *, #3483, .F. ) ;
#3993 = VERTEX_POINT ( 'NONE', #3376 ) ;
#3994 = CARTESIAN_POINT ( 'NONE',  ( 0.000000000000000000, 0.000000000000000000, 0.000000000000000000 ) ) ;
#3995 = LINE ( 'NONE', #6235, #4752 ) ;
#3996 = DIRECTION ( 'NONE',  ( 0.000000000000000000, 0.000000000000000000, -1.000000000000000000 ) ) ;
#3997 = CARTESIAN_POINT ( 'NONE',  ( 0.000000000000000000, 0.7445758530192559954, -2.718971643000310134 ) ) ;
#3998 = AXIS2_PLACEMENT_3D ( 'NONE', #5054, #1975, #6808 ) ;
#3999 = AXIS2_PLACEMENT_3D ( 'NONE', #7083, #3051, #6498 ) ;
#4000 = ORIENTED_EDGE ( 'NONE', *, *, #5145, .T. ) ;
#4001 = CARTESIAN_POINT ( 'NONE',  ( 4.000000000000000000, -3.731385367829239907, 10.61210460920452014 ) ) ;
#4002 = DIRECTION ( 'NONE',  ( 0.000000000000000000, 0.000000000000000000, -1.000000000000000000 ) ) ;
#4003 = DIRECTION ( 'NONE',  ( -1.000000000000000000, 0.000000000000000000, 0.000000000000000000 ) ) ;
#4004 = CARTESIAN_POINT ( 'NONE',  ( 0.000000000000000000, -7.830283878802000608, 8.114299373255130732 ) ) ;
#4005 = CARTESIAN_POINT ( 'NONE',  ( 0.000000000000000000, -8.322493165920699099, -9.460238237123828497 ) ) ;
#4006 = DIRECTION ( 'NONE',  ( 0.000000000000000000, 0.000000000000000000, -1.000000000000000000 ) ) ;
#4007 = LINE ( 'NONE', #6875, #680 ) ;
#4008 = VECTOR ( 'NONE', #6911, 1000.000000000000000 ) ;
#4009 = EDGE_CURVE ( 'NONE', #4960, #208, #6890, .T. ) ;
#4010 = EDGE_CURVE ( 'NONE', #6329, #163, #6336, .T. ) ;
#4011 = AXIS2_PLACEMENT_3D ( 'NONE', #2301, #1721, #4085 ) ;
#4012 = EDGE_LOOP ( 'NONE', ( #4822, #2667, #5202, #6488 ) ) ;
#4013 = EDGE_LOOP ( 'NONE', ( #95, #7033, #6869, #2192 ) ) ;
#4014 = AXIS2_PLACEMENT_3D ( 'NONE', #900, #1523, #6194 ) ;
#4015 = AXIS2_PLACEMENT_3D ( 'NONE', #1180, #3539, #589 ) ;
#4016 = ORIENTED_EDGE ( 'NONE', *, *, #1121, .F. ) ;
#4017 = DIRECTION ( 'NONE',  ( -1.000000000000000000, 0.000000000000000000, 0.000000000000000000 ) ) ;
#4018 = LINE ( 'NONE', #1804, #3075 ) ;
#4019 = AXIS2_PLACEMENT_3D ( 'NONE', #5261, #4688, #2980 ) ;
#4020 = AXIS2_PLACEMENT_3D ( 'NONE', #3715, #2506, #4862 ) ;
#4021 = AXIS2_PLACEMENT_3D ( 'NONE', #4898, #1898, #5949 ) ;
#4022 = EDGE_CURVE ( 'NONE', #5339, #1361, #2755, .T. ) ;
#4023 = CIRCLE ( 'NONE', #4262, 4.799999999999060130 ) ;
#4024 = ORIENTED_EDGE ( 'NONE', *, *, #364, .T. ) ;
#4025 = EDGE_LOOP ( 'NONE', ( #5245, #3636, #2238, #2476 ) ) ;
#4026 = AXIS2_PLACEMENT_3D ( 'NONE', #6384, #1242, #4073 ) ;
#4027 = CARTESIAN_POINT ( 'NONE',  ( -6.450000000000000178, 2.058247931882085435, 2.953576721688274898 ) ) ;
#4028 = CIRCLE ( 'NONE', #298, 12.59999999999749853 ) ;
#4029 = ORIENTED_EDGE ( 'NONE', *, *, #5411, .T. ) ;
#4030 = FACE_OUTER_BOUND ( 'NONE', #2202, .T. ) ;
#4031 = DIRECTION ( 'NONE',  ( 1.000000000000000000, 0.000000000000000000, 0.000000000000000000 ) ) ;
#4032 = ORIENTED_EDGE ( 'NONE', *, *, #1397, .F. ) ;
#4033 = ORIENTED_EDGE ( 'NONE', *, *, #3453, .F. ) ;
#4034 = CARTESIAN_POINT ( 'NONE',  ( 0.000000000000000000, -12.57428996311180036, -0.8045072551092850022 ) ) ;
#4035 = AXIS2_PLACEMENT_3D ( 'NONE', #1072, #7498, #6953 ) ;
#4036 = CARTESIAN_POINT ( 'NONE',  ( 0.000000000000000000, 11.16713147563269892, 1.565367224445670002 ) ) ;
#4037 = DIRECTION ( 'NONE',  ( 0.000000000000000000, -0.1564344650402169912, -0.9876883405951398798 ) ) ;
#4038 = DIRECTION ( 'NONE',  ( -1.000000000000000000, 0.000000000000000000, 0.000000000000000000 ) ) ;
#4039 = CIRCLE ( 'NONE', #4403, 12.59999999999749853 ) ;
#4040 = ORIENTED_EDGE ( 'NONE', *, *, #4664, .T. ) ;
#4041 = DIRECTION ( 'NONE',  ( 0.000000000000000000, 0.000000000000000000, 1.000000000000000000 ) ) ;
#4042 = DIRECTION ( 'NONE',  ( -1.000000000000000000, 0.000000000000000000, 0.000000000000000000 ) ) ;
#4043 = DIRECTION ( 'NONE',  ( -1.000000000000000000, 0.000000000000000000, 0.000000000000000000 ) ) ;
#4044 = ADVANCED_FACE ( 'NONE', ( #5101 ), #467, .T. ) ;
#4045 = FACE_OUTER_BOUND ( 'NONE', #4557, .T. ) ;
#4046 = CARTESIAN_POINT ( 'NONE',  ( 0.000000000000000000, -10.85095572334239833, -4.982104301616820052 ) ) ;
#4047 = AXIS2_PLACEMENT_3D ( 'NONE', #3909, #6179, #1389 ) ;
#4048 = DIRECTION ( 'NONE',  ( 1.000000000000000000, 0.000000000000000000, 0.000000000000000000 ) ) ;
#4049 = ORIENTED_EDGE ( 'NONE', *, *, #2531, .T. ) ;
#4050 = DIRECTION ( 'NONE',  ( 0.000000000000000000, 0.000000000000000000, -1.000000000000000000 ) ) ;
#4051 = VERTEX_POINT ( 'NONE', #4142 ) ;
#4052 = ORIENTED_EDGE ( 'NONE', *, *, #3206, .F. ) ;
#4053 = ORIENTED_EDGE ( 'NONE', *, *, #7170, .F. ) ;
#4054 = DIRECTION ( 'NONE',  ( -1.000000000000000000, 0.000000000000000000, 0.000000000000000000 ) ) ;
#4055 = EDGE_CURVE ( 'NONE', #5504, #6329, #5413, .T. ) ;
#4056 = EDGE_CURVE ( 'NONE', #6684, #2603, #3459, .T. ) ;
#4057 = CARTESIAN_POINT ( 'NONE',  ( 3.500000000000000000, 3.293019194759099655, 10.78476817202779969 ) ) ;
#4058 = ORIENTED_EDGE ( 'NONE', *, *, #6360, .F. ) ;
#4059 = CIRCLE ( 'NONE', #3554, 4.799999999999030820 ) ;
#4060 = VERTEX_POINT ( 'NONE', #646 ) ;
#4061 = ORIENTED_EDGE ( 'NONE', *, *, #6164, .F. ) ;
#4062 = ADVANCED_FACE ( 'NONE', ( #59 ), #3553, .T. ) ;
#4063 = CIRCLE ( 'NONE', #4670, 12.59999999999749853 ) ;
#4064 = DIRECTION ( 'NONE',  ( 0.000000000000000000, 0.000000000000000000, 1.000000000000000000 ) ) ;
#4065 = DIRECTION ( 'NONE',  ( 1.000000000000000000, 0.000000000000000000, 0.000000000000000000 ) ) ;
#4066 = DIRECTION ( 'NONE',  ( 0.000000000000000000, 0.000000000000000000, -1.000000000000000000 ) ) ;
#4067 = AXIS2_PLACEMENT_3D ( 'NONE', #7570, #571, #4704 ) ;
#4068 = ORIENTED_EDGE ( 'NONE', *, *, #2899, .F. ) ;
#4069 = AXIS2_PLACEMENT_3D ( 'NONE', #4499, #6788, #1569 ) ;
#4070 = AXIS2_PLACEMENT_3D ( 'NONE', #3551, #1810, #608 ) ;
#4071 = DIRECTION ( 'NONE',  ( 1.000000000000000000, 0.000000000000000000, 0.000000000000000000 ) ) ;
#4072 = EDGE_CURVE ( 'NONE', #3227, #5522, #4173, .T. ) ;
#4073 = DIRECTION ( 'NONE',  ( 0.000000000000000000, 0.000000000000000000, -1.000000000000000000 ) ) ;
#4074 = CARTESIAN_POINT ( 'NONE',  ( 4.000000000000000000, 7.761440934309160156, -8.142483381817829269 ) ) ;
#4075 = DIRECTION ( 'NONE',  ( -1.000000000000000000, 0.000000000000000000, 0.000000000000000000 ) ) ;
#4076 = AXIS2_PLACEMENT_3D ( 'NONE', #7147, #1772, #1238 ) ;
#4077 = ORIENTED_EDGE ( 'NONE', *, *, #518, .F. ) ;
#4078 = DIRECTION ( 'NONE',  ( 1.000000000000000000, 0.000000000000000000, 0.000000000000000000 ) ) ;
#4079 = CARTESIAN_POINT ( 'NONE',  ( 4.000000000000000000, 0.000000000000000000, 0.000000000000000000 ) ) ;
#4080 = DIRECTION ( 'NONE',  ( -1.000000000000000000, 0.000000000000000000, 0.000000000000000000 ) ) ;
#4081 = DIRECTION ( 'NONE',  ( 1.000000000000000000, 0.000000000000000000, 0.000000000000000000 ) ) ;
#4082 = AXIS2_PLACEMENT_3D ( 'NONE', #2001, #3864, #176 ) ;
#4083 = DIRECTION ( 'NONE',  ( 0.000000000000000000, 0.000000000000000000, 1.000000000000000000 ) ) ;
#4084 = FACE_OUTER_BOUND ( 'NONE', #1592, .T. ) ;
#4085 = DIRECTION ( 'NONE',  ( 0.000000000000000000, 0.000000000000000000, -1.000000000000000000 ) ) ;
#4086 = EDGE_CURVE ( 'NONE', #5668, #4913, #6297, .T. ) ;
#4087 = VERTEX_POINT ( 'NONE', #3522 ) ;
#4088 = ORIENTED_EDGE ( 'NONE', *, *, #3534, .F. ) ;
#4089 = ORIENTED_EDGE ( 'NONE', *, *, #3309, .F. ) ;
#4090 = DIRECTION ( 'NONE',  ( 0.000000000000000000, 0.000000000000000000, 1.000000000000000000 ) ) ;
#4091 = LINE ( 'NONE', #4662, #6407 ) ;
#4092 = AXIS2_PLACEMENT_3D ( 'NONE', #3711, #5433, #6059 ) ;
#4093 = EDGE_CURVE ( 'NONE', #7107, #1807, #7534, .T. ) ;
#4094 = EDGE_LOOP ( 'NONE', ( #4659, #5378, #7168, #568 ) ) ;
#4095 = ORIENTED_EDGE ( 'NONE', *, *, #2867, .T. ) ;
#4096 = VERTEX_POINT ( 'NONE', #1853 ) ;
#4097 = DIRECTION ( 'NONE',  ( 0.000000000000000000, 0.000000000000000000, 1.000000000000000000 ) ) ;
#4098 = DIRECTION ( 'NONE',  ( 1.000000000000000000, 0.000000000000000000, 0.000000000000000000 ) ) ;
#4099 = DIRECTION ( 'NONE',  ( 0.000000000000000000, 0.000000000000000000, -1.000000000000000000 ) ) ;
#4100 = AXIS2_PLACEMENT_3D ( 'NONE', #4653, #3499, #1752 ) ;
#4101 = AXIS2_PLACEMENT_3D ( 'NONE', #6112, #860, #700 ) ;
#4102 = EDGE_CURVE ( 'NONE', #2159, #5628, #1227, .T. ) ;
#4103 = EDGE_CURVE ( 'NONE', #4924, #7139, #4559, .T. ) ;
#4104 = ORIENTED_EDGE ( 'NONE', *, *, #4022, .F. ) ;
#4105 = VERTEX_POINT ( 'NONE', #3002 ) ;
#4106 = DIRECTION ( 'NONE',  ( 0.000000000000000000, 0.000000000000000000, -1.000000000000000000 ) ) ;
#4107 = AXIS2_PLACEMENT_3D ( 'NONE', #117, #4722, #5923 ) ;
#4108 = CARTESIAN_POINT ( 'NONE',  ( 0.000000000000000000, -7.761440934309100648, 8.142483381817889665 ) ) ;
#4109 = AXIS2_PLACEMENT_3D ( 'NONE', #781, #3145, #1404 ) ;
#4110 = DIRECTION ( 'NONE',  ( 0.000000000000000000, 0.9510565162951543083, -0.3090169943749451198 ) ) ;
#4111 = DIRECTION ( 'NONE',  ( 0.000000000000000000, 0.000000000000000000, -1.000000000000000000 ) ) ;
#4112 = EDGE_CURVE ( 'NONE', #3118, #256, #3832, .T. ) ;
#4113 = EDGE_CURVE ( 'NONE', #614, #3285, #6492, .T. ) ;
#4114 = VERTEX_POINT ( 'NONE', #7041 ) ;
#4115 = DIRECTION ( 'NONE',  ( 1.000000000000000000, 0.000000000000000000, 0.000000000000000000 ) ) ;
#4116 = LINE ( 'NONE', #5882, #2093 ) ;
#4117 = DIRECTION ( 'NONE',  ( 0.000000000000000000, 0.000000000000000000, 1.000000000000000000 ) ) ;
#4118 = DIRECTION ( 'NONE',  ( 0.000000000000000000, 0.000000000000000000, -1.000000000000000000 ) ) ;
#4119 = CARTESIAN_POINT ( 'NONE',  ( 4.000000000000000000, -11.16713147563269892, 3.234632775553434758 ) ) ;
#4120 = DIRECTION ( 'NONE',  ( 0.000000000000000000, 0.000000000000000000, 1.000000000000000000 ) ) ;
#4121 = AXIS2_PLACEMENT_3D ( 'NONE', #2911, #4078, #4762 ) ;
#4122 = CARTESIAN_POINT ( 'NONE',  ( 3.500000000000000000, 9.954498911157321217, 5.297466504774040352 ) ) ;
#4123 = ORIENTED_EDGE ( 'NONE', *, *, #4474, .F. ) ;
#4124 = ORIENTED_EDGE ( 'NONE', *, *, #2925, .F. ) ;
#4125 = AXIS2_PLACEMENT_3D ( 'NONE', #4825, #273, #5439 ) ;
#4126 = ORIENTED_EDGE ( 'NONE', *, *, #4207, .T. ) ;
#4127 = DIRECTION ( 'NONE',  ( 1.000000000000000000, 0.000000000000000000, 0.000000000000000000 ) ) ;
#4128 = DIRECTION ( 'NONE',  ( 0.000000000000000000, 0.000000000000000000, 1.000000000000000000 ) ) ;
#4129 = CARTESIAN_POINT ( 'NONE',  ( 4.000000000000000000, 11.10429823301639907, 1.962080705186130203 ) ) ;
#4130 = AXIS2_PLACEMENT_3D ( 'NONE', #4644, #1056, #3457 ) ;
#4131 = VERTEX_POINT ( 'NONE', #5355 ) ;
#4132 = CIRCLE ( 'NONE', #793, 12.59999999999751985 ) ;
#4133 = ORIENTED_EDGE ( 'NONE', *, *, #454, .T. ) ;
#4134 = ORIENTED_EDGE ( 'NONE', *, *, #2432, .T. ) ;
#4135 = AXIS2_PLACEMENT_3D ( 'NONE', #7361, #4301, #3142 ) ;
#4136 = CYLINDRICAL_SURFACE ( 'NONE', #4675, 4.799999999999039701 ) ;
#4137 = CIRCLE ( 'NONE', #307, 4.799999999999049471 ) ;
#4138 = ADVANCED_FACE ( 'NONE', ( #6451 ), #1154, .T. ) ;
#4139 = CARTESIAN_POINT ( 'NONE',  ( 4.000000000000000000, -8.939649748968578891, 6.828079039211189638 ) ) ;
#4140 = EDGE_CURVE ( 'NONE', #2101, #2611, #7651, .T. ) ;
#4141 = VECTOR ( 'NONE', #7624, 1000.000000000000000 ) ;
#4142 = CARTESIAN_POINT ( 'NONE',  ( 4.000000000000000000, -11.56901304495999838, 4.991786971163850950 ) ) ;
#4143 = AXIS2_PLACEMENT_3D ( 'NONE', #6342, #5688, #5729 ) ;
#4144 = DIRECTION ( 'NONE',  ( 1.000000000000000000, 0.000000000000000000, 0.000000000000000000 ) ) ;
#4145 = CIRCLE ( 'NONE', #2524, 1.199999999999761480 ) ;
#4146 = ORIENTED_EDGE ( 'NONE', *, *, #6754, .T. ) ;
#4147 = AXIS2_PLACEMENT_3D ( 'NONE', #4129, #3589, #6483 ) ;
#4148 = CARTESIAN_POINT ( 'NONE',  ( 0.000000000000000000, -9.460238237123798299, 8.322493165920729297 ) ) ;
#4149 = EDGE_CURVE ( 'NONE', #7647, #6500, #5053, .T. ) ;
#4150 = EDGE_CURVE ( 'NONE', #6675, #1883, #6913, .T. ) ;
#4151 = CARTESIAN_POINT ( 'NONE',  ( 4.000000000000000000, -11.56901304495999838, -4.991786971163990394 ) ) ;
#4152 = CARTESIAN_POINT ( 'NONE',  ( 4.000000000000000000, -3.218884409939450020, -10.77862626476107977 ) ) ;
#4153 = ORIENTED_EDGE ( 'NONE', *, *, #6939, .F. ) ;
#4154 = DIRECTION ( 'NONE',  ( -1.000000000000000000, 0.000000000000000000, 0.000000000000000000 ) ) ;
#4155 = CARTESIAN_POINT ( 'NONE',  ( 4.000000000000000000, -9.460238237123798299, 8.322493165920729297 ) ) ;
#4156 = DIRECTION ( 'NONE',  ( 1.000000000000000000, 0.000000000000000000, 0.000000000000000000 ) ) ;
#4157 = CARTESIAN_POINT ( 'NONE',  ( 0.000000000000000000, -8.114299373255109415, -7.830283878802029918 ) ) ;
#4158 = EDGE_CURVE ( 'NONE', #4281, #6188, #6563, .T. ) ;
#4159 = DIRECTION ( 'NONE',  ( -1.000000000000000000, 0.000000000000000000, 0.000000000000000000 ) ) ;
#4160 = CARTESIAN_POINT ( 'NONE',  ( 0.000000000000000000, 4.939586103593629929, 10.13684808343399979 ) ) ;
#4161 = DIRECTION ( 'NONE',  ( 0.000000000000000000, 0.000000000000000000, 1.000000000000000000 ) ) ;
#4162 = ORIENTED_EDGE ( 'NONE', *, *, #1457, .F. ) ;
#4163 = ORIENTED_EDGE ( 'NONE', *, *, #2134, .F. ) ;
#4164 = ORIENTED_EDGE ( 'NONE', *, *, #4102, .T. ) ;
#4165 = CARTESIAN_POINT ( 'NONE',  ( 0.000000000000000000, 0.000000000000000000, 0.000000000000000000 ) ) ;
#4166 = FACE_OUTER_BOUND ( 'NONE', #6569, .T. ) ;
#4167 = DIRECTION ( 'NONE',  ( 0.000000000000000000, 0.000000000000000000, 1.000000000000000000 ) ) ;
#4168 = ORIENTED_EDGE ( 'NONE', *, *, #4886, .F. ) ;
#4169 = VERTEX_POINT ( 'NONE', #5248 ) ;
#4170 = VERTEX_POINT ( 'NONE', #2931 ) ;
#4171 = DIRECTION ( 'NONE',  ( 0.000000000000000000, 0.000000000000000000, -1.000000000000000000 ) ) ;
#4172 = DIRECTION ( 'NONE',  ( 1.000000000000000000, 0.000000000000000000, 0.000000000000000000 ) ) ;
#4173 = LINE ( 'NONE', #2861, #6531 ) ;
#4174 = AXIS2_PLACEMENT_3D ( 'NONE', #4724, #556, #1717 ) ;
#4175 = CARTESIAN_POINT ( 'NONE',  ( 4.000000000000000000, 0.000000000000000000, 0.000000000000000000 ) ) ;
#4176 = ORIENTED_EDGE ( 'NONE', *, *, #2452, .T. ) ;
#4177 = ORIENTED_EDGE ( 'NONE', *, *, #6551, .F. ) ;
#4178 = CIRCLE ( 'NONE', #1334, 12.59999999999749853 ) ;
#4179 = AXIS2_PLACEMENT_3D ( 'NONE', #6199, #2112, #6749 ) ;
#4180 = DIRECTION ( 'NONE',  ( 0.000000000000000000, 0.8090169943749447867, 0.5877852522924768008 ) ) ;
#4181 = VERTEX_POINT ( 'NONE', #5282 ) ;
#4182 = CARTESIAN_POINT ( 'NONE',  ( 4.000000000000000000, -1.962080705186169949, 11.10429823301639907 ) ) ;
#4183 = CYLINDRICAL_SURFACE ( 'NONE', #25, 4.799999999999039701 ) ;
#4184 = AXIS2_PLACEMENT_3D ( 'NONE', #6161, #2148, #4423 ) ;
#4185 = EDGE_CURVE ( 'NONE', #3758, #3982, #4314, .T. ) ;
#4186 = AXIS2_PLACEMENT_3D ( 'NONE', #1887, #2538, #1426 ) ;
#4187 = ADVANCED_FACE ( 'NONE', ( #7111 ), #5512, .T. ) ;
#4188 = VERTEX_POINT ( 'NONE', #2625 ) ;
#4189 = CYLINDRICAL_SURFACE ( 'NONE', #414, 4.799999999999039701 ) ;
#4190 = DIRECTION ( 'NONE',  ( 0.000000000000000000, -0.9510565162951566398, 0.3090169943749379033 ) ) ;
#4191 = LINE ( 'NONE', #2979, #1230 ) ;
#4192 = CARTESIAN_POINT ( 'NONE',  ( 0.000000000000000000, -10.14237902864180008, -4.865403235017329742 ) ) ;
#4193 = DIRECTION ( 'NONE',  ( -1.000000000000000000, 0.000000000000000000, 0.000000000000000000 ) ) ;
#4194 = VECTOR ( 'NONE', #534, 1000.000000000000000 ) ;
#4195 = DIRECTION ( 'NONE',  ( 1.000000000000000000, 0.000000000000000000, 0.000000000000000000 ) ) ;
#4196 = AXIS2_PLACEMENT_3D ( 'NONE', #4234, #2566, #3658 ) ;
#4197 = DIRECTION ( 'NONE',  ( 1.000000000000000000, 0.000000000000000000, 0.000000000000000000 ) ) ;
#4198 = EDGE_CURVE ( 'NONE', #1802, #383, #1386, .T. ) ;
#4199 = EDGE_CURVE ( 'NONE', #3993, #4648, #857, .T. ) ;
#4200 = VERTEX_POINT ( 'NONE', #2543 ) ;
#4201 = AXIS2_PLACEMENT_3D ( 'NONE', #2461, #3083, #1741 ) ;
#4202 = ORIENTED_EDGE ( 'NONE', *, *, #3627, .T. ) ;
#4203 = DIRECTION ( 'NONE',  ( 0.000000000000000000, -6.982962677686270655E-15, 1.000000000000000000 ) ) ;
#4204 = CARTESIAN_POINT ( 'NONE',  ( 4.000000000000000000, 11.56901304495999838, 4.991786971163920228 ) ) ;
#4205 = DIRECTION ( 'NONE',  ( -1.000000000000000000, 0.000000000000000000, 0.000000000000000000 ) ) ;
#4206 = VECTOR ( 'NONE', #3316, 1000.000000000000000 ) ;
#4207 = EDGE_CURVE ( 'NONE', #5463, #4622, #5911, .T. ) ;
#4208 = VERTEX_POINT ( 'NONE', #688 ) ;
#4209 = VERTEX_POINT ( 'NONE', #3124 ) ;
#4210 = ORIENTED_EDGE ( 'NONE', *, *, #6346, .F. ) ;
#4211 = VECTOR ( 'NONE', #7188, 1000.000000000000000 ) ;
#4212 = CARTESIAN_POINT ( 'NONE',  ( -7.000000000000000000, 0.9957969144634400971, -2.637344972028559997 ) ) ;
#4213 =( LENGTH_UNIT ( ) NAMED_UNIT ( * ) SI_UNIT ( .MILLI., .METRE. ) );
#4214 = DIRECTION ( 'NONE',  ( 1.000000000000000000, 0.000000000000000000, 0.000000000000000000 ) ) ;
#4215 = DIRECTION ( 'NONE',  ( -1.000000000000000000, 0.000000000000000000, 0.000000000000000000 ) ) ;
#4216 = EDGE_LOOP ( 'NONE', ( #4176, #4928, #4778, #5161 ) ) ;
#4217 = DIRECTION ( 'NONE',  ( 0.000000000000000000, 0.000000000000000000, -1.000000000000000000 ) ) ;
#4218 = CARTESIAN_POINT ( 'NONE',  ( 0.000000000000000000, -11.16713147563269892, 3.234632775553440087 ) ) ;
#4219 = VERTEX_POINT ( 'NONE', #220 ) ;
#4220 = DIRECTION ( 'NONE',  ( 0.000000000000000000, 0.8910065241883656784, 0.4539904997395510788 ) ) ;
#4221 = ORIENTED_EDGE ( 'NONE', *, *, #2818, .T. ) ;
#4222 = ORIENTED_EDGE ( 'NONE', *, *, #6042, .T. ) ;
#4223 = LINE ( 'NONE', #4869, #512 ) ;
#4224 = FACE_OUTER_BOUND ( 'NONE', #2388, .T. ) ;
#4225 = CARTESIAN_POINT ( 'NONE',  ( 3.500000000000000000, -10.14237902864180008, 4.865403235017180528 ) ) ;
#4226 = CARTESIAN_POINT ( 'NONE',  ( 0.000000000000000000, 0.000000000000000000, 0.000000000000000000 ) ) ;
#4227 = CARTESIAN_POINT ( 'NONE',  ( 0.000000000000000000, 12.57428996311180036, -0.8045072551091970725 ) ) ;
#4228 = CYLINDRICAL_SURFACE ( 'NONE', #29, 11.24899999999770017 ) ;
#4229 = EDGE_CURVE ( 'NONE', #3691, #7159, #1970, .T. ) ;
#4230 = LINE ( 'NONE', #2521, #1283 ) ;
#4231 = EDGE_LOOP ( 'NONE', ( #2572, #5514, #5464, #7507 ) ) ;
#4232 = VERTEX_POINT ( 'NONE', #4323 ) ;
#4233 = DIRECTION ( 'NONE',  ( 0.000000000000000000, 0.000000000000000000, 1.000000000000000000 ) ) ;
#4234 = CARTESIAN_POINT ( 'NONE',  ( -7.000000000000000000, -2.815982290881379857, -0.1320747280206844010 ) ) ;
#4235 = ORIENTED_EDGE ( 'NONE', *, *, #4056, .F. ) ;
#4236 = EDGE_CURVE ( 'NONE', #7173, #3285, #609, .T. ) ;
#4237 = DIRECTION ( 'NONE',  ( -1.000000000000000000, 0.000000000000000000, 0.000000000000000000 ) ) ;
#4238 = ADVANCED_FACE ( 'NONE', ( #4854 ), #5393, .T. ) ;
#4239 = AXIS2_PLACEMENT_3D ( 'NONE', #1946, #4300, #1365 ) ;
#4240 = AXIS2_PLACEMENT_3D ( 'NONE', #5404, #1860, #5994 ) ;
#4241 = ORIENTED_EDGE ( 'NONE', *, *, #183, .F. ) ;
#4242 = ORIENTED_EDGE ( 'NONE', *, *, #6128, .F. ) ;
#4243 = EDGE_LOOP ( 'NONE', ( #2733, #3473, #548, #2582 ) ) ;
#4244 = DIRECTION ( 'NONE',  ( -1.000000000000000000, 0.000000000000000000, 0.000000000000000000 ) ) ;
#4245 = FACE_OUTER_BOUND ( 'NONE', #7377, .T. ) ;
#4246 = ORIENTED_EDGE ( 'NONE', *, *, #1332, .T. ) ;
#4247 = CARTESIAN_POINT ( 'NONE',  ( 0.000000000000000000, 12.54533224990199969, -1.172449887844410066 ) ) ;
#4248 = EDGE_CURVE ( 'NONE', #2000, #1631, #368, .T. ) ;
#4249 = DIRECTION ( 'NONE',  ( -1.000000000000000000, 0.000000000000000000, 0.000000000000000000 ) ) ;
#4250 = CIRCLE ( 'NONE', #5991, 12.59999999999747899 ) ;
#4251 = AXIS2_PLACEMENT_3D ( 'NONE', #5588, #305, #5815 ) ;
#4252 = CYLINDRICAL_SURFACE ( 'NONE', #1499, 11.24899999999770017 ) ;
#4253 = CIRCLE ( 'NONE', #3398, 3.599999999999279776 ) ;
#4254 = ORIENTED_EDGE ( 'NONE', *, *, #3585, .T. ) ;
#4255 = AXIS2_PLACEMENT_3D ( 'NONE', #6732, #3092, #4217 ) ;
#4256 = AXIS2_PLACEMENT_3D ( 'NONE', #5375, #4195, #4725 ) ;
#4257 = LINE ( 'NONE', #4292, #3146 ) ;
#4258 = DIRECTION ( 'NONE',  ( -1.000000000000000000, 0.000000000000000000, 0.000000000000000000 ) ) ;
#4259 = DIRECTION ( 'NONE',  ( -1.000000000000000000, 0.000000000000000000, 0.000000000000000000 ) ) ;
#4260 = AXIS2_PLACEMENT_3D ( 'NONE', #3184, #5528, #4831 ) ;
#4261 = CIRCLE ( 'NONE', #1914, 11.24899999999773925 ) ;
#4262 = AXIS2_PLACEMENT_3D ( 'NONE', #7428, #2096, #6814 ) ;
#4263 = EDGE_LOOP ( 'NONE', ( #7451, #2234, #1500, #5211 ) ) ;
#4264 = LINE ( 'NONE', #1439, #6823 ) ;
#4265 = DIRECTION ( 'NONE',  ( -1.000000000000000000, 0.000000000000000000, 0.000000000000000000 ) ) ;
#4266 = FACE_OUTER_BOUND ( 'NONE', #4397, .T. ) ;
#4267 = CARTESIAN_POINT ( 'NONE',  ( 0.000000000000000000, 0.000000000000000000, 0.000000000000000000 ) ) ;
#4268 = CIRCLE ( 'NONE', #6340, 4.799999999999039701 ) ;
#4269 = DIRECTION ( 'NONE',  ( 1.000000000000000000, 0.000000000000000000, 0.000000000000000000 ) ) ;
#4270 = DIRECTION ( 'NONE',  ( -1.000000000000000000, 0.000000000000000000, 0.000000000000000000 ) ) ;
#4271 = VERTEX_POINT ( 'NONE', #2584 ) ;
#4272 = DIRECTION ( 'NONE',  ( -1.000000000000000000, 0.000000000000000000, 0.000000000000000000 ) ) ;
#4273 = ORIENTED_EDGE ( 'NONE', *, *, #7411, .F. ) ;
#4274 = DIRECTION ( 'NONE',  ( 1.000000000000000000, 0.000000000000000000, 0.000000000000000000 ) ) ;
#4275 = CARTESIAN_POINT ( 'NONE',  ( 4.000000000000000000, 7.761440934309040252, 8.142483381817939403 ) ) ;
#4276 = AXIS2_PLACEMENT_3D ( 'NONE', #418, #4017, #6994 ) ;
#4277 = DIRECTION ( 'NONE',  ( -1.000000000000000000, 0.000000000000000000, 0.000000000000000000 ) ) ;
#4278 = EDGE_CURVE ( 'NONE', #4352, #1361, #1609, .T. ) ;
#4279 = VERTEX_POINT ( 'NONE', #4966 ) ;
#4280 = EDGE_CURVE ( 'NONE', #4181, #5463, #221, .T. ) ;
#4281 = VERTEX_POINT ( 'NONE', #2502 ) ;
#4282 = EDGE_CURVE ( 'NONE', #5630, #5933, #5275, .T. ) ;
#4283 = ORIENTED_EDGE ( 'NONE', *, *, #7345, .F. ) ;
#4284 = DIRECTION ( 'NONE',  ( 1.000000000000000000, 0.000000000000000000, 0.000000000000000000 ) ) ;
#4285 = LINE ( 'NONE', #1341, #1841 ) ;
#4286 = ORIENTED_EDGE ( 'NONE', *, *, #4760, .F. ) ;
#4287 = SURFACE_STYLE_USAGE ( .BOTH. , #217 ) ;
#4288 = DIRECTION ( 'NONE',  ( 1.000000000000000000, 0.000000000000000000, 0.000000000000000000 ) ) ;
#4289 = DIRECTION ( 'NONE',  ( 0.000000000000000000, 0.000000000000000000, -1.000000000000000000 ) ) ;
#4290 = VERTEX_POINT ( 'NONE', #6058 ) ;
#4291 = EDGE_CURVE ( 'NONE', #6380, #876, #6902, .T. ) ;
#4292 = CARTESIAN_POINT ( 'NONE',  ( -7.000000000000000000, 6.938893903907229640E-14, -3.599999999999159872 ) ) ;
#4293 = FACE_OUTER_BOUND ( 'NONE', #7357, .T. ) ;
#4294 = CARTESIAN_POINT ( 'NONE',  ( 4.000000000000000000, -10.13684808343399979, 4.939586103593599731 ) ) ;
#4295 = VERTEX_POINT ( 'NONE', #5470 ) ;
#4296 = EDGE_CURVE ( 'NONE', #2154, #5551, #6537, .T. ) ;
#4297 = AXIS2_PLACEMENT_3D ( 'NONE', #5624, #1614, #4426 ) ;
#4298 = ORIENTED_EDGE ( 'NONE', *, *, #7378, .T. ) ;
#4299 = DIRECTION ( 'NONE',  ( 0.000000000000000000, 0.000000000000000000, 1.000000000000000000 ) ) ;
#4300 = DIRECTION ( 'NONE',  ( -1.000000000000000000, 0.000000000000000000, 0.000000000000000000 ) ) ;
#4301 = DIRECTION ( 'NONE',  ( -1.000000000000000000, 0.000000000000000000, 0.000000000000000000 ) ) ;
#4302 = CYLINDRICAL_SURFACE ( 'NONE', #172, 4.799999999999039701 ) ;
#4303 = CARTESIAN_POINT ( 'NONE',  ( 4.000000000000000000, -10.14237902864181962, 4.865403235017189409 ) ) ;
#4304 = CARTESIAN_POINT ( 'NONE',  ( 0.000000000000000000, 1.587303728247859924, -1.593257001958019892 ) ) ;
#4305 = CIRCLE ( 'NONE', #3940, 4.799999999999039701 ) ;
#4306 = ORIENTED_EDGE ( 'NONE', *, *, #636, .F. ) ;
#4307 = CARTESIAN_POINT ( 'NONE',  ( 3.500000000000000000, 8.114299373255269288, -7.830283878801859387 ) ) ;
#4308 = AXIS2_PLACEMENT_3D ( 'NONE', #4763, #5329, #2055 ) ;
#4309 = EDGE_LOOP ( 'NONE', ( #7416, #3722, #2509, #5276 ) ) ;
#4310 = FACE_OUTER_BOUND ( 'NONE', #2377, .T. ) ;
#4311 = AXIS2_PLACEMENT_3D ( 'NONE', #3440, #5895, #5204 ) ;
#4312 = DIRECTION ( 'NONE',  ( 0.000000000000000000, 0.000000000000000000, 1.000000000000000000 ) ) ;
#4313 = CARTESIAN_POINT ( 'NONE',  ( 0.000000000000000000, -1.587303728247710266, -1.593257001958030106 ) ) ;
#4314 = CIRCLE ( 'NONE', #2593, 4.799999999999060130 ) ;
#4315 = ORIENTED_EDGE ( 'NONE', *, *, #5990, .T. ) ;
#4316 = ORIENTED_EDGE ( 'NONE', *, *, #7359, .F. ) ;
#4317 = ORIENTED_EDGE ( 'NONE', *, *, #5099, .T. ) ;
#4318 = CARTESIAN_POINT ( 'NONE',  ( 0.000000000000000000, -6.425429397282139909, -10.83853574337780046 ) ) ;
#4319 = FACE_OUTER_BOUND ( 'NONE', #4889, .T. ) ;
#4320 = ORIENTED_EDGE ( 'NONE', *, *, #824, .F. ) ;
#4321 = AXIS2_PLACEMENT_3D ( 'NONE', #6626, #752, #3280 ) ;
#4322 = FACE_OUTER_BOUND ( 'NONE', #4469, .T. ) ;
#4323 = CARTESIAN_POINT ( 'NONE',  ( 0.000000000000000000, 11.14946795003230129, 1.493105967824280178 ) ) ;
#4324 = EDGE_CURVE ( 'NONE', #5947, #1422, #2005, .T. ) ;
#4325 = ADVANCED_FACE ( 'NONE', ( #6605 ), #725, .T. ) ;
#4326 = DIRECTION ( 'NONE',  ( 0.000000000000000000, 0.000000000000000000, -1.000000000000000000 ) ) ;
#4327 = ORIENTED_EDGE ( 'NONE', *, *, #422, .F. ) ;
#4328 = VERTEX_POINT ( 'NONE', #6722 ) ;
#4329 = CARTESIAN_POINT ( 'NONE',  ( -6.450000000000000178, -2.200545951850750193, -1.762043560793055130 ) ) ;
#4330 = CARTESIAN_POINT ( 'NONE',  ( 1.750000000000000000, 4.991786971163880260, 11.56901304495999838 ) ) ;
#4331 = DIRECTION ( 'NONE',  ( 0.000000000000000000, -0.08824317028764504245, -0.9960989624016208799 ) ) ;
#4332 = EDGE_CURVE ( 'NONE', #7432, #478, #1429, .T. ) ;
#4333 = ADVANCED_FACE ( 'NONE', ( #384 ), #6763, .T. ) ;
#4334 = ORIENTED_EDGE ( 'NONE', *, *, #3308, .F. ) ;
#4335 = ORIENTED_EDGE ( 'NONE', *, *, #5976, .T. ) ;
#4336 = DIRECTION ( 'NONE',  ( 1.000000000000000000, 0.000000000000000000, 0.000000000000000000 ) ) ;
#4337 = DIRECTION ( 'NONE',  ( 0.000000000000000000, 0.5877852522924686962, 0.8090169943749505599 ) ) ;
#4338 = CARTESIAN_POINT ( 'NONE',  ( -6.450000000000000178, -2.058247931881969972, -2.953576721688045303 ) ) ;
#4339 = CARTESIAN_POINT ( 'NONE',  ( 0.000000000000000000, -11.56901304495999838, -4.991786971164000164 ) ) ;
#4340 = DIRECTION ( 'NONE',  ( 0.000000000000000000, 0.000000000000000000, -1.000000000000000000 ) ) ;
#4341 = FACE_OUTER_BOUND ( 'NONE', #1142, .T. ) ;
#4342 = ADVANCED_FACE ( 'NONE', ( #7502 ), #2745, .T. ) ;
#4343 = EDGE_LOOP ( 'NONE', ( #5560, #3248, #2007, #6349 ) ) ;
#4344 = LINE ( 'NONE', #6624, #5163 ) ;
#4345 = ORIENTED_EDGE ( 'NONE', *, *, #494, .F. ) ;
#4346 = DIRECTION ( 'NONE',  ( 0.000000000000000000, 0.06866745788016750951, -0.9976396043803971159 ) ) ;
#4347 = CIRCLE ( 'NONE', #6068, 12.59999999999749853 ) ;
#4348 = DIRECTION ( 'NONE',  ( 0.000000000000000000, 0.000000000000000000, -1.000000000000000000 ) ) ;
#4349 = CARTESIAN_POINT ( 'NONE',  ( 4.000000000000000000, -6.392119685101139481, -9.256392760211269888 ) ) ;
#4350 = EDGE_LOOP ( 'NONE', ( #1734, #1782, #3399, #3070 ) ) ;
#4351 = ORIENTED_EDGE ( 'NONE', *, *, #3573, .T. ) ;
#4352 = VERTEX_POINT ( 'NONE', #1468 ) ;
#4353 = CARTESIAN_POINT ( 'NONE',  ( 4.000000000000000000, 0.000000000000000000, 0.000000000000000000 ) ) ;
#4354 = CARTESIAN_POINT ( 'NONE',  ( 0.000000000000000000, 1.212710337028160035E-13, -11.24899999999770017 ) ) ;
#4355 = ORIENTED_EDGE ( 'NONE', *, *, #323, .T. ) ;
#4356 = DIRECTION ( 'NONE',  ( 0.000000000000000000, 0.000000000000000000, -1.000000000000000000 ) ) ;
#4357 = DIRECTION ( 'NONE',  ( 0.000000000000000000, 0.000000000000000000, 1.000000000000000000 ) ) ;
#4358 = AXIS2_PLACEMENT_3D ( 'NONE', #1316, #6734, #146 ) ;
#4359 = DIRECTION ( 'NONE',  ( 1.000000000000000000, 0.000000000000000000, 0.000000000000000000 ) ) ;
#4360 = ORIENTED_EDGE ( 'NONE', *, *, #4113, .F. ) ;
#4361 = EDGE_CURVE ( 'NONE', #6480, #7107, #5052, .T. ) ;
#4362 = CARTESIAN_POINT ( 'NONE',  ( 0.000000000000000000, 4.865403235017219608, 10.14237902864180008 ) ) ;
#4363 = ORIENTED_EDGE ( 'NONE', *, *, #2485, .T. ) ;
#4364 = CARTESIAN_POINT ( 'NONE',  ( -6.450000000000000178, -3.401226394052249802, 1.179685982114269782 ) ) ;
#4365 = DIRECTION ( 'NONE',  ( 0.000000000000000000, 0.000000000000000000, -1.000000000000000000 ) ) ;
#4366 = ORIENTED_EDGE ( 'NONE', *, *, #4431, .T. ) ;
#4367 = CYLINDRICAL_SURFACE ( 'NONE', #4358, 4.799999999999039701 ) ;
#4368 = AXIS2_PLACEMENT_3D ( 'NONE', #3746, #2583, #1428 ) ;
#4369 = ORIENTED_EDGE ( 'NONE', *, *, #2344, .T. ) ;
#4370 = CIRCLE ( 'NONE', #5345, 1.199999999999764144 ) ;
#4371 = CIRCLE ( 'NONE', #7341, 11.24899999999769840 ) ;
#4372 = EDGE_CURVE ( 'NONE', #2740, #1294, #4566, .T. ) ;
#4373 = ORIENTED_EDGE ( 'NONE', *, *, #126, .T. ) ;
#4374 = DIRECTION ( 'NONE',  ( 1.000000000000000000, 0.000000000000000000, 0.000000000000000000 ) ) ;
#4375 = EDGE_CURVE ( 'NONE', #4279, #72, #7384, .T. ) ;
#4376 = CARTESIAN_POINT ( 'NONE',  ( 0.000000000000000000, 3.675019189548250242, -10.66064884975989990 ) ) ;
#4377 = CARTESIAN_POINT ( 'NONE',  ( -7.000000000000000000, 6.938893903907229640E-14, 1.179611963664229834E-13 ) ) ;
#4378 = CIRCLE ( 'NONE', #551, 4.799999999999039701 ) ;
#4379 = CARTESIAN_POINT ( 'NONE',  ( 0.000000000000000000, -3.401226394052255131, 1.179685982114274001 ) ) ;
#4380 = DIRECTION ( 'NONE',  ( 1.000000000000000000, 0.000000000000000000, 0.000000000000000000 ) ) ;
#4381 = CIRCLE ( 'NONE', #2040, 3.599999999999279776 ) ;
#4382 =( LENGTH_UNIT ( ) NAMED_UNIT ( * ) SI_UNIT ( .MILLI., .METRE. ) );
#4383 = CIRCLE ( 'NONE', #3770, 4.799999999999039701 ) ;
#4384 = AXIS2_PLACEMENT_3D ( 'NONE', #815, #3875, #1516 ) ;
#4385 = VECTOR ( 'NONE', #1705, 1000.000000000000000 ) ;
#4386 = EDGE_LOOP ( 'NONE', ( #3809, #871, #7122, #4526 ) ) ;
#4387 = DIRECTION ( 'NONE',  ( 0.000000000000000000, 0.000000000000000000, -1.000000000000000000 ) ) ;
#4388 = EDGE_CURVE ( 'NONE', #4114, #1561, #6177, .T. ) ;
#4389 = DIRECTION ( 'NONE',  ( 1.000000000000000000, 0.000000000000000000, 0.000000000000000000 ) ) ;
#4390 = ORIENTED_EDGE ( 'NONE', *, *, #5494, .T. ) ;
#4391 = DIRECTION ( 'NONE',  ( 0.000000000000000000, 0.000000000000000000, 1.000000000000000000 ) ) ;
#4392 = CARTESIAN_POINT ( 'NONE',  ( 3.500000000000000000, 6.789472613369149201, -9.003236172274139193 ) ) ;
#4393 = DIRECTION ( 'NONE',  ( 1.000000000000000000, 0.000000000000000000, 0.000000000000000000 ) ) ;
#4394 = ORIENTED_EDGE ( 'NONE', *, *, #3726, .F. ) ;
#4395 = EDGE_CURVE ( 'NONE', #7139, #5962, #2565, .T. ) ;
#4396 = ORIENTED_EDGE ( 'NONE', *, *, #7446, .F. ) ;
#4397 = EDGE_LOOP ( 'NONE', ( #877, #7190, #2701, #462 ) ) ;
#4398 = CARTESIAN_POINT ( 'NONE',  ( 4.000000000000000000, -2.025346914580190116, -11.06516926556250091 ) ) ;
#4399 = CYLINDRICAL_SURFACE ( 'NONE', #7275, 12.59999999999749853 ) ;
#4400 = CYLINDRICAL_SURFACE ( 'NONE', #542, 4.799999999999039701 ) ;
#4401 = DIRECTION ( 'NONE',  ( -1.000000000000000000, 0.000000000000000000, 0.000000000000000000 ) ) ;
#4402 = DIRECTION ( 'NONE',  ( -1.000000000000000000, 0.000000000000000000, 0.000000000000000000 ) ) ;
#4403 = AXIS2_PLACEMENT_3D ( 'NONE', #2843, #5844, #2297 ) ;
#4404 = VERTEX_POINT ( 'NONE', #6807 ) ;
#4405 = DIRECTION ( 'NONE',  ( -1.000000000000000000, 0.000000000000000000, 0.000000000000000000 ) ) ;
#4406 = AXIS2_PLACEMENT_3D ( 'NONE', #960, #849, #5558 ) ;
#4407 = CARTESIAN_POINT ( 'NONE',  ( 3.500000000000000000, 0.000000000000000000, 0.000000000000000000 ) ) ;
#4408 = CARTESIAN_POINT ( 'NONE',  ( 4.000000000000000000, 6.425429397282210076, 10.83853574337775960 ) ) ;
#4409 = CARTESIAN_POINT ( 'NONE',  ( 1.750000000000000000, -11.56901304495999838, -4.991786971164000164 ) ) ;
#4410 = ORIENTED_EDGE ( 'NONE', *, *, #2493, .F. ) ;
#4411 = VERTEX_POINT ( 'NONE', #3868 ) ;
#4412 = ORIENTED_EDGE ( 'NONE', *, *, #4517, .T. ) ;
#4413 = CARTESIAN_POINT ( 'NONE',  ( 0.000000000000000000, 2.005781281108530045, -1.017272064077567872 ) ) ;
#4414 = DIRECTION ( 'NONE',  ( 0.000000000000000000, -0.7071067811865391350, -0.7071067811865560104 ) ) ;
#4415 = DIRECTION ( 'NONE',  ( 0.000000000000000000, 0.000000000000000000, 1.000000000000000000 ) ) ;
#4416 = DIRECTION ( 'NONE',  ( 1.000000000000000000, 0.000000000000000000, 0.000000000000000000 ) ) ;
#4417 = DIRECTION ( 'NONE',  ( -1.000000000000000000, 0.000000000000000000, 0.000000000000000000 ) ) ;
#4418 = CARTESIAN_POINT ( 'NONE',  ( 3.500000000000000000, 0.000000000000000000, 0.000000000000000000 ) ) ;
#4419 = VECTOR ( 'NONE', #6202, 1000.000000000000000 ) ;
#4420 = ORIENTED_EDGE ( 'NONE', *, *, #1566, .T. ) ;
#4421 = CARTESIAN_POINT ( 'NONE',  ( 4.000000000000000000, 0.000000000000000000, 0.000000000000000000 ) ) ;
#4422 = CIRCLE ( 'NONE', #219, 11.24899999999771971 ) ;
#4423 = DIRECTION ( 'NONE',  ( 0.000000000000000000, 0.000000000000000000, -1.000000000000000000 ) ) ;
#4424 = VERTEX_POINT ( 'NONE', #6296 ) ;
#4425 = LINE ( 'NONE', #2615, #5929 ) ;
#4426 = DIRECTION ( 'NONE',  ( 0.000000000000000000, 0.000000000000000000, -1.000000000000000000 ) ) ;
#4427 = CIRCLE ( 'NONE', #5397, 4.799999999999039701 ) ;
#4428 = AXIS2_PLACEMENT_3D ( 'NONE', #7124, #74, #3568 ) ;
#4429 = LINE ( 'NONE', #4585, #4008 ) ;
#4430 = ADVANCED_FACE ( 'NONE', ( #2669 ), #7461, .T. ) ;
#4431 = EDGE_CURVE ( 'NONE', #4846, #2156, #6519, .T. ) ;
#4432 = ORIENTED_EDGE ( 'NONE', *, *, #2817, .T. ) ;
#4433 = AXIS2_PLACEMENT_3D ( 'NONE', #1679, #2295, #6980 ) ;
#4434 = ORIENTED_EDGE ( 'NONE', *, *, #4229, .F. ) ;
#4435 = ORIENTED_EDGE ( 'NONE', *, *, #1412, .F. ) ;
#4436 = CYLINDRICAL_SURFACE ( 'NONE', #2845, 1.199999999999757927 ) ;
#4437 = CARTESIAN_POINT ( 'NONE',  ( 3.500000000000000000, -9.003236172274259985, 6.789472613368989329 ) ) ;
#4438 = EDGE_CURVE ( 'NONE', #528, #3758, #2935, .T. ) ;
#4439 = ORIENTED_EDGE ( 'NONE', *, *, #3338, .F. ) ;
#4440 = DIRECTION ( 'NONE',  ( -1.000000000000000000, 0.000000000000000000, 0.000000000000000000 ) ) ;
#4441 = CARTESIAN_POINT ( 'NONE',  ( -10.00000000000000000, 0.000000000000000000, 0.000000000000000000 ) ) ;
#4442 = VECTOR ( 'NONE', #5458, 1000.000000000000000 ) ;
#4443 = EDGE_CURVE ( 'NONE', #3894, #6893, #3939, .T. ) ;
#4444 = CARTESIAN_POINT ( 'NONE',  ( 4.000000000000000000, 6.740122156885189675, -10.64569177227116015 ) ) ;
#4445 = ORIENTED_EDGE ( 'NONE', *, *, #6376, .F. ) ;
#4446 = CIRCLE ( 'NONE', #1113, 2.248999999999549804 ) ;
#4447 = DIRECTION ( 'NONE',  ( 0.000000000000000000, 0.000000000000000000, 1.000000000000000000 ) ) ;
#4448 = DIRECTION ( 'NONE',  ( -1.000000000000000000, 0.000000000000000000, 0.000000000000000000 ) ) ;
#4449 = CARTESIAN_POINT ( 'NONE',  ( 0.000000000000000000, 0.07091128299306509453, -3.599301541957579786 ) ) ;
#4450 = CARTESIAN_POINT ( 'NONE',  ( 0.000000000000000000, 0.000000000000000000, 0.000000000000000000 ) ) ;
#4451 = ORIENTED_EDGE ( 'NONE', *, *, #2107, .F. ) ;
#4452 = ADVANCED_FACE ( 'NONE', ( #6842 ), #1543, .T. ) ;
#4453 = ORIENTED_EDGE ( 'NONE', *, *, #7376, .T. ) ;
#4454 = VERTEX_POINT ( 'NONE', #2785 ) ;
#4455 = CARTESIAN_POINT ( 'NONE',  ( 4.000000000000000000, 1.565367224445479932, 11.16713147563269892 ) ) ;
#4456 = CARTESIAN_POINT ( 'NONE',  ( 4.000000000000000000, -6.828079039211289114, 8.939649748968520271 ) ) ;
#4457 = CIRCLE ( 'NONE', #1122, 12.59999999999747899 ) ;
#4458 = CARTESIAN_POINT ( 'NONE',  ( 0.000000000000000000, -12.57428996311180036, 0.8045072551091090318 ) ) ;
#4459 = DIRECTION ( 'NONE',  ( -1.000000000000000000, 0.000000000000000000, 0.000000000000000000 ) ) ;
#4460 = ORIENTED_EDGE ( 'NONE', *, *, #2950, .T. ) ;
#4461 = CARTESIAN_POINT ( 'NONE',  ( -6.450000000000000178, 1.836970198721030181E-16, -1.500000000000000000 ) ) ;
#4462 = CARTESIAN_POINT ( 'NONE',  ( 3.500000000000000000, -7.761440934308990514, -8.142483381817989141 ) ) ;
#4463 = VERTEX_POINT ( 'NONE', #959 ) ;
#4464 = DIRECTION ( 'NONE',  ( -1.000000000000000000, 0.000000000000000000, 0.000000000000000000 ) ) ;
#4465 = CYLINDRICAL_SURFACE ( 'NONE', #5778, 4.799999999999039701 ) ;
#4466 = DIRECTION ( 'NONE',  ( 1.000000000000000000, 0.000000000000000000, 0.000000000000000000 ) ) ;
#4467 = CIRCLE ( 'NONE', #2127, 4.799999999999039701 ) ;
#4468 = VECTOR ( 'NONE', #7241, 1000.000000000000000 ) ;
#4469 = EDGE_LOOP ( 'NONE', ( #2922, #2265, #7656, #1297 ) ) ;
#4470 = ORIENTED_EDGE ( 'NONE', *, *, #2069, .T. ) ;
#4471 = EDGE_LOOP ( 'NONE', ( #438, #5924, #3945, #5127 ) ) ;
#4472 = LINE ( 'NONE', #760, #6423 ) ;
#4473 = CIRCLE ( 'NONE', #2772, 3.599999999999274891 ) ;
#4474 = EDGE_CURVE ( 'NONE', #1677, #2889, #3328, .T. ) ;
#4475 = ADVANCED_FACE ( 'NONE', ( #6707 ), #3235, .T. ) ;
#4476 = CARTESIAN_POINT ( 'NONE',  ( 0.000000000000000000, -2.220648660249819883, 0.3559782686182265121 ) ) ;
#4477 = VERTEX_POINT ( 'NONE', #6005 ) ;
#4478 = DIRECTION ( 'NONE',  ( 0.000000000000000000, 0.9510565162951521989, 0.3090169943749518922 ) ) ;
#4479 = DIRECTION ( 'NONE',  ( 0.000000000000000000, 0.000000000000000000, 1.000000000000000000 ) ) ;
#4480 = ORIENTED_EDGE ( 'NONE', *, *, #6073, .F. ) ;
#4481 = EDGE_CURVE ( 'NONE', #3045, #2501, #2226, .T. ) ;
#4482 = CARTESIAN_POINT ( 'NONE',  ( -6.450000000000000178, 2.815982290881520189, -1.332074728020415932 ) ) ;
#4483 = CARTESIAN_POINT ( 'NONE',  ( 0.000000000000000000, -6.828079039211289114, 8.939649748968509613 ) ) ;
#4484 = DIRECTION ( 'NONE',  ( -1.000000000000000000, 0.000000000000000000, 0.000000000000000000 ) ) ;
#4485 = DIRECTION ( 'NONE',  ( 0.000000000000000000, 0.000000000000000000, -1.000000000000000000 ) ) ;
#4486 = ORIENTED_EDGE ( 'NONE', *, *, #5367, .T. ) ;
#4487 = CIRCLE ( 'NONE', #7080, 12.59999999999747899 ) ;
#4488 = ORIENTED_EDGE ( 'NONE', *, *, #7505, .T. ) ;
#4489 = ORIENTED_EDGE ( 'NONE', *, *, #2909, .F. ) ;
#4490 = CARTESIAN_POINT ( 'NONE',  ( 0.000000000000000000, -0.8045072551090640678, -12.57428996311180036 ) ) ;
#4491 = CARTESIAN_POINT ( 'NONE',  ( 0.000000000000000000, 1.172449887844730032, -12.54533224990190021 ) ) ;
#4492 = FACE_OUTER_BOUND ( 'NONE', #2397, .T. ) ;
#4493 = DIRECTION ( 'NONE',  ( 1.000000000000000000, 0.000000000000000000, 0.000000000000000000 ) ) ;
#4494 = CIRCLE ( 'NONE', #7466, 4.799999999999049471 ) ;
#4495 = AXIS2_PLACEMENT_3D ( 'NONE', #5529, #7317, #2183 ) ;
#4496 = EDGE_LOOP ( 'NONE', ( #4567, #2563, #2910, #2797 ) ) ;
#4497 = CARTESIAN_POINT ( 'NONE',  ( 4.000000000000000000, 0.000000000000000000, 0.000000000000000000 ) ) ;
#4498 = AXIS2_PLACEMENT_3D ( 'NONE', #5447, #1906, #2606 ) ;
#4499 = CARTESIAN_POINT ( 'NONE',  ( 0.000000000000000000, -9.003236172274160509, -6.789472613369119891 ) ) ;
#4500 = DIRECTION ( 'NONE',  ( 0.000000000000000000, 0.1564344650402239301, 0.9876883405951388806 ) ) ;
#4501 = DIRECTION ( 'NONE',  ( -1.000000000000000000, 0.000000000000000000, 0.000000000000000000 ) ) ;
#4502 = AXIS2_PLACEMENT_3D ( 'NONE', #2065, #4416, #6779 ) ;
#4503 = DIRECTION ( 'NONE',  ( 0.000000000000000000, 0.000000000000000000, -1.000000000000000000 ) ) ;
#4504 = DIRECTION ( 'NONE',  ( 0.000000000000000000, 0.000000000000000000, 1.000000000000000000 ) ) ;
#4505 = CIRCLE ( 'NONE', #50, 12.59999999999747899 ) ;
#4506 = AXIS2_PLACEMENT_3D ( 'NONE', #1699, #7545, #3520 ) ;
#4507 = EDGE_CURVE ( 'NONE', #5951, #3570, #6667, .T. ) ;
#4508 = ORIENTED_EDGE ( 'NONE', *, *, #1456, .T. ) ;
#4509 = CIRCLE ( 'NONE', #7486, 4.799999999999039701 ) ;
#4510 = ORIENTED_EDGE ( 'NONE', *, *, #5995, .T. ) ;
#4511 = ORIENTED_EDGE ( 'NONE', *, *, #4895, .F. ) ;
#4512 = CARTESIAN_POINT ( 'NONE',  ( 0.000000000000000000, -11.71025399327550076, 4.650801158178119010 ) ) ;
#4513 = CARTESIAN_POINT ( 'NONE',  ( 0.000000000000000000, 8.114299373255269288, -7.830283878801859387 ) ) ;
#4514 = ORIENTED_EDGE ( 'NONE', *, *, #5889, .T. ) ;
#4515 = DIRECTION ( 'NONE',  ( -1.000000000000000000, 0.000000000000000000, 0.000000000000000000 ) ) ;
#4516 = EDGE_CURVE ( 'NONE', #4693, #2545, #4344, .T. ) ;
#4517 = EDGE_CURVE ( 'NONE', #5047, #2287, #1962, .T. ) ;
#4518 = VERTEX_POINT ( 'NONE', #6045 ) ;
#4519 = VERTEX_POINT ( 'NONE', #2072 ) ;
#4520 = CARTESIAN_POINT ( 'NONE',  ( 3.500000000000000000, 0.000000000000000000, 0.000000000000000000 ) ) ;
#4521 = CARTESIAN_POINT ( 'NONE',  ( 0.000000000000000000, 8.939649748968539811, 6.828079039211259804 ) ) ;
#4522 = FACE_OUTER_BOUND ( 'NONE', #7606, .T. ) ;
#4523 = CARTESIAN_POINT ( 'NONE',  ( 4.000000000000000000, 11.16713147563269892, -1.565367224445519900 ) ) ;
#4524 = EDGE_CURVE ( 'NONE', #640, #4853, #3329, .T. ) ;
#4525 = EDGE_CURVE ( 'NONE', #4209, #4669, #4904, .T. ) ;
#4526 = ORIENTED_EDGE ( 'NONE', *, *, #972, .F. ) ;
#4527 = ORIENTED_EDGE ( 'NONE', *, *, #3972, .F. ) ;
#4528 = CARTESIAN_POINT ( 'NONE',  ( 0.000000000000000000, 2.815982290881520189, -0.1320747280206593932 ) ) ;
#4529 = FACE_OUTER_BOUND ( 'NONE', #7326, .T. ) ;
#4530 = DIRECTION ( 'NONE',  ( 0.000000000000000000, 0.000000000000000000, 1.000000000000000000 ) ) ;
#4531 = LINE ( 'NONE', #5806, #7084 ) ;
#4532 = ADVANCED_FACE ( 'NONE', ( #6080 ), #2526, .T. ) ;
#4533 = ADVANCED_FACE ( 'NONE', ( #5537 ), #6122, .T. ) ;
#4534 = ORIENTED_EDGE ( 'NONE', *, *, #4608, .F. ) ;
#4535 = CARTESIAN_POINT ( 'NONE',  ( -7.000000000000000000, -2.172984797950464841, -2.870215508959214734 ) ) ;
#4536 = DIRECTION ( 'NONE',  ( -1.000000000000000000, 0.000000000000000000, 0.000000000000000000 ) ) ;
#4537 = FACE_OUTER_BOUND ( 'NONE', #1593, .T. ) ;
#4538 = CARTESIAN_POINT ( 'NONE',  ( 0.000000000000000000, -9.954498911157360297, 5.297466504773971074 ) ) ;
#4539 = CARTESIAN_POINT ( 'NONE',  ( -7.000000000000000000, 6.938893903907229640E-14, 1.179611963664229834E-13 ) ) ;
#4540 = CARTESIAN_POINT ( 'NONE',  ( 3.500000000000000000, 11.16713147563269892, 3.234632775553519579 ) ) ;
#4541 = CIRCLE ( 'NONE', #5394, 4.799999999999039701 ) ;
#4542 = VECTOR ( 'NONE', #4570, 1000.000000000000000 ) ;
#4543 = ORIENTED_EDGE ( 'NONE', *, *, #205, .F. ) ;
#4544 = VERTEX_POINT ( 'NONE', #7323 ) ;
#4545 = AXIS2_PLACEMENT_3D ( 'NONE', #6095, #4932, #2466 ) ;
#4546 = AXIS2_PLACEMENT_3D ( 'NONE', #828, #4914, #1993 ) ;
#4547 = ORIENTED_EDGE ( 'NONE', *, *, #4010, .T. ) ;
#4548 = CARTESIAN_POINT ( 'NONE',  ( 4.000000000000000000, -7.761440934309110418, 8.142483381817889665 ) ) ;
#4549 = AXIS2_PLACEMENT_3D ( 'NONE', #1266, #5866, #4064 ) ;
#4550 = CARTESIAN_POINT ( 'NONE',  ( 4.000000000000000000, 8.322493165920770153, 9.460238237123769878 ) ) ;
#4551 = ORIENTED_EDGE ( 'NONE', *, *, #2575, .T. ) ;
#4552 = EDGE_CURVE ( 'NONE', #5892, #71, #6284, .T. ) ;
#4553 = CARTESIAN_POINT ( 'NONE',  ( 4.000000000000000000, 0.000000000000000000, 0.000000000000000000 ) ) ;
#4554 = AXIS2_PLACEMENT_3D ( 'NONE', #405, #5621, #5072 ) ;
#4555 = CIRCLE ( 'NONE', #984, 12.59999999999749853 ) ;
#4556 = ORIENTED_EDGE ( 'NONE', *, *, #2134, .T. ) ;
#4557 = EDGE_LOOP ( 'NONE', ( #1459, #4755, #1501, #3275 ) ) ;
#4558 = DIRECTION ( 'NONE',  ( -1.000000000000000000, 0.000000000000000000, 0.000000000000000000 ) ) ;
#4559 = CIRCLE ( 'NONE', #6414, 11.24899999999773925 ) ;
#4560 = DIRECTION ( 'NONE',  ( -1.000000000000000000, 0.000000000000000000, 0.000000000000000000 ) ) ;
#4561 = AXIS2_PLACEMENT_3D ( 'NONE', #2260, #6390, #1063 ) ;
#4562 = AXIS2_PLACEMENT_3D ( 'NONE', #5499, #1416, #4348 ) ;
#4563 = CIRCLE ( 'NONE', #3579, 4.799999999999019273 ) ;
#4564 = CARTESIAN_POINT ( 'NONE',  ( -10.00000000000000000, 0.000000000000000000, 0.000000000000000000 ) ) ;
#4565 = CARTESIAN_POINT ( 'NONE',  ( 4.000000000000000000, 2.025346914580259838, 11.06516926556250091 ) ) ;
#4566 = CIRCLE ( 'NONE', #3195, 11.24899999999773925 ) ;
#4567 = ORIENTED_EDGE ( 'NONE', *, *, #1268, .F. ) ;
#4568 = ORIENTED_EDGE ( 'NONE', *, *, #4280, .T. ) ;
#4569 = CIRCLE ( 'NONE', #3466, 4.799999999999039701 ) ;
#4570 = DIRECTION ( 'NONE',  ( -1.000000000000000000, 0.000000000000000000, 0.000000000000000000 ) ) ;
#4571 = DIRECTION ( 'NONE',  ( -1.000000000000000000, 0.000000000000000000, 0.000000000000000000 ) ) ;
#4572 = EDGE_CURVE ( 'NONE', #6292, #5144, #5283, .T. ) ;
#4573 = EDGE_CURVE ( 'NONE', #3740, #4633, #1450, .T. ) ;
#4574 = CARTESIAN_POINT ( 'NONE',  ( 4.000000000000000000, -10.13684808343399979, -4.939586103593740063 ) ) ;
#4575 = DIRECTION ( 'NONE',  ( -1.000000000000000000, 0.000000000000000000, 0.000000000000000000 ) ) ;
#4576 = AXIS2_PLACEMENT_3D ( 'NONE', #1453, #450, #5121 ) ;
#4577 = ORIENTED_EDGE ( 'NONE', *, *, #4987, .F. ) ;
#4578 = CARTESIAN_POINT ( 'NONE',  ( 4.000000000000000000, 1.172449887844539962, 12.54533224990190021 ) ) ;
#4579 = DIRECTION ( 'NONE',  ( 0.000000000000000000, 0.000000000000000000, -1.000000000000000000 ) ) ;
#4580 = CARTESIAN_POINT ( 'NONE',  ( 4.000000000000000000, 9.460238237123860472, -8.322493165920670677 ) ) ;
#4581 = CARTESIAN_POINT ( 'NONE',  ( 3.500000000000000000, -9.897734717811859539, -5.345544729564149833 ) ) ;
#4582 = ADVANCED_FACE ( 'NONE', ( #1492 ), #3810, .T. ) ;
#4583 = DIRECTION ( 'NONE',  ( 0.000000000000000000, -0.9876883405951358830, -0.1564344650402421100 ) ) ;
#4584 = CARTESIAN_POINT ( 'NONE',  ( -10.00000000000000000, 0.000000000000000000, 0.000000000000000000 ) ) ;
#4585 = CARTESIAN_POINT ( 'NONE',  ( 1.750000000000000000, -12.54533224990199969, 1.172449887844499994 ) ) ;
#4586 = ORIENTED_EDGE ( 'NONE', *, *, #1123, .T. ) ;
#4587 = ORIENTED_EDGE ( 'NONE', *, *, #723, .F. ) ;
#4588 = ORIENTED_EDGE ( 'NONE', *, *, #7028, .T. ) ;
#4589 = DIRECTION ( 'NONE',  ( 1.000000000000000000, 0.000000000000000000, 0.000000000000000000 ) ) ;
#4590 = DIRECTION ( 'NONE',  ( -1.000000000000000000, 0.000000000000000000, 0.000000000000000000 ) ) ;
#4591 = EDGE_CURVE ( 'NONE', #876, #3691, #3559, .T. ) ;
#4592 = ORIENTED_EDGE ( 'NONE', *, *, #3960, .F. ) ;
#4593 = VERTEX_POINT ( 'NONE', #3154 ) ;
#4594 = CYLINDRICAL_SURFACE ( 'NONE', #2089, 1.199999999999763922 ) ;
#4595 = CARTESIAN_POINT ( 'NONE',  ( 4.000000000000000000, 0.000000000000000000, 0.000000000000000000 ) ) ;
#4596 = LINE ( 'NONE', #1009, #2098 ) ;
#4597 = ORIENTED_EDGE ( 'NONE', *, *, #6282, .T. ) ;
#4598 = ORIENTED_EDGE ( 'NONE', *, *, #7506, .T. ) ;
#4599 = CARTESIAN_POINT ( 'NONE',  ( 0.000000000000000000, -11.10429823301639907, -1.962080705186209917 ) ) ;
#4600 = DIRECTION ( 'NONE',  ( -1.000000000000000000, 0.000000000000000000, 0.000000000000000000 ) ) ;
#4601 = CARTESIAN_POINT ( 'NONE',  ( 3.500000000000000000, 1.493105967824239988, 11.14946795003230129 ) ) ;
#4602 = DIRECTION ( 'NONE',  ( 0.000000000000000000, 0.000000000000000000, -1.000000000000000000 ) ) ;
#4603 = VECTOR ( 'NONE', #2515, 1000.000000000000000 ) ;
#4604 = CIRCLE ( 'NONE', #2385, 1.199999999999763922 ) ;
#4605 = ADVANCED_FACE ( 'NONE', ( #3071 ), #6786, .T. ) ;
#4606 = ADVANCED_FACE ( 'NONE', ( #1327 ), #7208, .T. ) ;
#4607 = PRODUCT_DEFINITION_SHAPE ( 'NONE', 'NONE',  #6495 ) ;
#4608 = EDGE_CURVE ( 'NONE', #4051, #5947, #1590, .T. ) ;
#4609 = VERTEX_POINT ( 'NONE', #2111 ) ;
#4610 = CARTESIAN_POINT ( 'NONE',  ( 4.000000000000000000, 10.77862626476114016, -3.218884409939425151 ) ) ;
#4611 = CARTESIAN_POINT ( 'NONE',  ( 4.000000000000000000, -6.740122156885099969, 10.64569177227117969 ) ) ;
#4612 = DIRECTION ( 'NONE',  ( 0.000000000000000000, 0.000000000000000000, 1.000000000000000000 ) ) ;
#4613 = CARTESIAN_POINT ( 'NONE',  ( -6.450000000000000178, 0.000000000000000000, 0.000000000000000000 ) ) ;
#4614 = CARTESIAN_POINT ( 'NONE',  ( -7.000000000000000000, 6.938893903907229640E-14, 1.179611963664229834E-13 ) ) ;
#4615 = DIRECTION ( 'NONE',  ( 1.000000000000000000, 0.000000000000000000, 0.000000000000000000 ) ) ;
#4616 = CARTESIAN_POINT ( 'NONE',  ( 0.000000000000000000, -9.897734717811859539, -5.345544729564149833 ) ) ;
#4617 = AXIS2_PLACEMENT_3D ( 'NONE', #1498, #5745, #7409 ) ;
#4618 = VECTOR ( 'NONE', #1683, 1000.000000000000000 ) ;
#4619 = ADVANCED_FACE ( 'NONE', ( #5771 ), #1526, .T. ) ;
#4620 = ORIENTED_EDGE ( 'NONE', *, *, #7661, .T. ) ;
#4621 = AXIS2_PLACEMENT_3D ( 'NONE', #5759, #5641, #1040 ) ;
#4622 = VERTEX_POINT ( 'NONE', #1019 ) ;
#4623 = AXIS2_PLACEMENT_3D ( 'NONE', #2762, #6898, #1600 ) ;
#4624 = CIRCLE ( 'NONE', #5347, 2.248999999999555133 ) ;
#4625 = VERTEX_POINT ( 'NONE', #4610 ) ;
#4626 = CARTESIAN_POINT ( 'NONE',  ( 1.750000000000000000, -11.56901304495999838, 4.991786971163840292 ) ) ;
#4627 = CARTESIAN_POINT ( 'NONE',  ( 0.000000000000000000, 0.000000000000000000, 0.000000000000000000 ) ) ;
#4628 = CIRCLE ( 'NONE', #2897, 11.24899999999780320 ) ;
#4629 = AXIS2_PLACEMENT_3D ( 'NONE', #6450, #4636, #1770 ) ;
#4630 = VECTOR ( 'NONE', #4737, 1000.000000000000000 ) ;
#4631 = ADVANCED_FACE ( 'NONE', ( #2731 ), #6977, .T. ) ;
#4632 = VERTEX_POINT ( 'NONE', #6316 ) ;
#4633 = VERTEX_POINT ( 'NONE', #4578 ) ;
#4634 = EDGE_LOOP ( 'NONE', ( #5258, #729, #7264, #4703 ) ) ;
#4635 = CARTESIAN_POINT ( 'NONE',  ( 3.500000000000000000, -11.27452294072310046, 0.2008292820898389952 ) ) ;
#4636 = DIRECTION ( 'NONE',  ( 1.000000000000000000, 0.000000000000000000, 0.000000000000000000 ) ) ;
#4637 = CARTESIAN_POINT ( 'NONE',  ( 4.000000000000000000, 0.000000000000000000, 0.000000000000000000 ) ) ;
#4638 = ORIENTED_EDGE ( 'NONE', *, *, #2699, .F. ) ;
#4639 = ORIENTED_EDGE ( 'NONE', *, *, #6499, .T. ) ;
#4640 = DIRECTION ( 'NONE',  ( 1.000000000000000000, 0.000000000000000000, 0.000000000000000000 ) ) ;
#4641 = AXIS2_PLACEMENT_3D ( 'NONE', #3510, #2379, #675 ) ;
#4642 = DIRECTION ( 'NONE',  ( 1.000000000000000000, 0.000000000000000000, 0.000000000000000000 ) ) ;
#4643 = EDGE_LOOP ( 'NONE', ( #2607, #2871, #6810, #953 ) ) ;
#4644 = CARTESIAN_POINT ( 'NONE',  ( -10.00000000000000000, 0.000000000000000000, 0.000000000000000000 ) ) ;
#4645 = DIRECTION ( 'NONE',  ( 0.000000000000000000, 0.000000000000000000, -1.000000000000000000 ) ) ;
#4646 = EDGE_CURVE ( 'NONE', #6044, #3879, #4305, .T. ) ;
#4647 = CLOSED_SHELL ( 'NONE', ( #7653, #5561, #3219, #2691, #4827, #3531, #5421, #6883, #1733, #3817, #3419, #2125, #6610, #4935, #4452, #5357, #5753, #4605, #113, #5076, #739, #3619, #5493, #7422, #5181, #1816, #5434, #1301, #976, #507, #2632, #4619, #691, #1447, #1875, #3870, #1445, #6988, #580, #2919, #6796, #1016, #3161, #651, #2168, #6314, #6216, #263, #7467, #3717, #2244, #5602, #5548, #6438, #3580, #4044, #3671, #2354, #429, #13, #3830, #68, #7412, #4750, #5706, #1300, #3126, #6371, #3981, #274, #2559, #5601, #2035, #587, #5452, #4793, #511, #7494, #5309, #3207, #4475, #3772, #1919, #6973, #6835, #7576, #1598, #1317, #3135, #5315, #1216, #7356, #3928, #5888, #7151, #4892, #2961, #6030, #7214, #4533, #4759, #6182, #1026, #2747, #3149, #5136, #4972, #7590, #2259, #1882, #3911, #3502, #5212, #4806, #835, #3442, #5568, #7644, #998, #376, #5402, #6422, #6538, #7311, #7642, #4606, #5401, #6736, #24, #2673, #7009, #753, #6129, #7589, #5500, #6428, #1035, #5170, #4187, #5502, #4333, #5534, #6745, #1161, #4532, #6550, #61, #1347, #4325, #7067, #5646, #5511, #866, #642, #4582, #2738, #6688, #3170, #4342, #4238, #1362, #3096, #7602, #2010, #1217, #6010, #3352, #4631, #6204, #1490, #1129, #421, #6261, #1231, #734, #3351, #4138, #105, #266, #3017, #3408, #2918, #7077, #1034, #1648, #6793, #5451, #2433, #4062, #567, #214, #5703, #6844, #1546, #3882, #643, #6241, #5978, #5839, #2959, #1469, #6228, #5323, #3639, #2533, #1318, #4943, #2118, #3252, #5392, #5138, #5807, #6020, #4430, #1685, #2170, #2681, #2199, #1369, #2304 ) ) ;
#4648 = VERTEX_POINT ( 'NONE', #4461 ) ;
#4649 = ORIENTED_EDGE ( 'NONE', *, *, #3771, .F. ) ;
#4650 = FACE_OUTER_BOUND ( 'NONE', #2436, .T. ) ;
#4651 = CARTESIAN_POINT ( 'NONE',  ( 4.000000000000000000, 0.2694376985535584801, -11.24577273141098210 ) ) ;
#4652 = FACE_OUTER_BOUND ( 'NONE', #5748, .T. ) ;
#4653 = CARTESIAN_POINT ( 'NONE',  ( 3.500000000000000000, 0.000000000000000000, 0.000000000000000000 ) ) ;
#4654 = FACE_OUTER_BOUND ( 'NONE', #4945, .T. ) ;
#4655 = DIRECTION ( 'NONE',  ( -1.000000000000000000, 0.000000000000000000, 0.000000000000000000 ) ) ;
#4656 = CARTESIAN_POINT ( 'NONE',  ( 3.500000000000000000, 0.000000000000000000, 0.000000000000000000 ) ) ;
#4657 = ORIENTED_EDGE ( 'NONE', *, *, #6701, .T. ) ;
#4658 = EDGE_CURVE ( 'NONE', #71, #7635, #3891, .T. ) ;
#4659 = ORIENTED_EDGE ( 'NONE', *, *, #2021, .F. ) ;
#4660 = ORIENTED_EDGE ( 'NONE', *, *, #5639, .F. ) ;
#4661 = CYLINDRICAL_SURFACE ( 'NONE', #2349, 4.799999999999039701 ) ;
#4662 = CARTESIAN_POINT ( 'NONE',  ( 1.750000000000000000, 10.83853574337789993, -6.425429397282109711 ) ) ;
#4663 = EDGE_LOOP ( 'NONE', ( #1576, #7487, #5064, #3662 ) ) ;
#4664 = EDGE_CURVE ( 'NONE', #7270, #163, #3450, .T. ) ;
#4665 = EDGE_CURVE ( 'NONE', #7207, #3036, #4427, .T. ) ;
#4666 = VERTEX_POINT ( 'NONE', #5032 ) ;
#4667 = VECTOR ( 'NONE', #2152, 1000.000000000000000 ) ;
#4668 = EDGE_LOOP ( 'NONE', ( #5090, #269, #3701, #997 ) ) ;
#4669 = VERTEX_POINT ( 'NONE', #6904 ) ;
#4670 = AXIS2_PLACEMENT_3D ( 'NONE', #3994, #7358, #6895 ) ;
#4671 = DIRECTION ( 'NONE',  ( -1.000000000000000000, 0.000000000000000000, 0.000000000000000000 ) ) ;
#4672 = DIRECTION ( 'NONE',  ( 1.000000000000000000, 0.000000000000000000, 0.000000000000000000 ) ) ;
#4673 = EDGE_CURVE ( 'NONE', #4719, #986, #2826, .T. ) ;
#4674 = DIRECTION ( 'NONE',  ( 0.000000000000000000, 0.000000000000000000, 1.000000000000000000 ) ) ;
#4675 = AXIS2_PLACEMENT_3D ( 'NONE', #2929, #5317, #1850 ) ;
#4676 = ORIENTED_EDGE ( 'NONE', *, *, #5878, .F. ) ;
#4677 = AXIS2_PLACEMENT_3D ( 'NONE', #1, #4721, #1610 ) ;
#4678 = AXIS2_PLACEMENT_3D ( 'NONE', #7418, #7499, #6918 ) ;
#4679 = CARTESIAN_POINT ( 'NONE',  ( 1.750000000000000000, 8.041842239847619922, 9.699936772440281629 ) ) ;
#4680 = CARTESIAN_POINT ( 'NONE',  ( 3.500000000000000000, 3.218884409939530400, 10.77862626476109931 ) ) ;
#4681 = CARTESIAN_POINT ( 'NONE',  ( 0.000000000000000000, -12.29362692575390170, -2.761654759435780093 ) ) ;
#4682 = CARTESIAN_POINT ( 'NONE',  ( 1.750000000000000000, -10.64569177227120100, -6.740122156885170135 ) ) ;
#4683 = ORIENTED_EDGE ( 'NONE', *, *, #7503, .F. ) ;
#4684 = DIRECTION ( 'NONE',  ( 0.000000000000000000, 0.000000000000000000, 1.000000000000000000 ) ) ;
#4685 = CARTESIAN_POINT ( 'NONE',  ( -7.000000000000000000, -1.024773626581850117, 2.001959044101695007 ) ) ;
#4686 = CARTESIAN_POINT ( 'NONE',  ( 3.500000000000000000, 6.392119685101340210, -9.256392760211138437 ) ) ;
#4687 = AXIS2_PLACEMENT_3D ( 'NONE', #2490, #10, #7063 ) ;
#4688 = DIRECTION ( 'NONE',  ( -1.000000000000000000, 0.000000000000000000, 0.000000000000000000 ) ) ;
#4689 = AXIS2_PLACEMENT_3D ( 'NONE', #5166, #7607, #956 ) ;
#4690 = DIRECTION ( 'NONE',  ( 0.000000000000000000, 0.000000000000000000, 1.000000000000000000 ) ) ;
#4691 = DIRECTION ( 'NONE',  ( 1.000000000000000000, 0.000000000000000000, 0.000000000000000000 ) ) ;
#4692 = DIRECTION ( 'NONE',  ( 0.000000000000000000, 0.000000000000000000, 1.000000000000000000 ) ) ;
#4693 = VERTEX_POINT ( 'NONE', #4001 ) ;
#4694 = ORIENTED_EDGE ( 'NONE', *, *, #5647, .F. ) ;
#4695 = EDGE_LOOP ( 'NONE', ( #4453, #1078, #3681, #1028 ) ) ;
#4696 = CYLINDRICAL_SURFACE ( 'NONE', #4687, 2.248999999999555133 ) ;
#4697 = LINE ( 'NONE', #2886, #1108 ) ;
#4698 = CARTESIAN_POINT ( 'NONE',  ( 0.000000000000000000, 0.000000000000000000, 0.000000000000000000 ) ) ;
#4699 = ORIENTED_EDGE ( 'NONE', *, *, #1873, .T. ) ;
#4700 = EDGE_CURVE ( 'NONE', #2813, #6033, #7555, .T. ) ;
#4701 = ORIENTED_EDGE ( 'NONE', *, *, #7410, .T. ) ;
#4702 = EDGE_CURVE ( 'NONE', #2611, #2120, #1061, .T. ) ;
#4703 = ORIENTED_EDGE ( 'NONE', *, *, #5550, .T. ) ;
#4704 = DIRECTION ( 'NONE',  ( 0.000000000000000000, 0.3090169943749481174, -0.9510565162951534202 ) ) ;
#4705 = CARTESIAN_POINT ( 'NONE',  ( 0.000000000000000000, -1.493105967824319924, 11.14946795003230129 ) ) ;
#4706 = DIRECTION ( 'NONE',  ( 0.000000000000000000, 0.000000000000000000, -1.000000000000000000 ) ) ;
#4707 = EDGE_CURVE ( 'NONE', #256, #4219, #7525, .T. ) ;
#4708 = VECTOR ( 'NONE', #7491, 1000.000000000000000 ) ;
#4709 = DIRECTION ( 'NONE',  ( 0.000000000000000000, 0.000000000000000000, 1.000000000000000000 ) ) ;
#4710 = ORIENTED_EDGE ( 'NONE', *, *, #1200, .F. ) ;
#4711 = EDGE_CURVE ( 'NONE', #2139, #1196, #5901, .T. ) ;
#4712 = CIRCLE ( 'NONE', #5709, 12.59999999999749853 ) ;
#4713 = CARTESIAN_POINT ( 'NONE',  ( -7.000000000000000000, -2.005781281108399927, 1.017272064077796134 ) ) ;
#4714 = CIRCLE ( 'NONE', #1141, 11.24899999999773925 ) ;
#4715 = DIRECTION ( 'NONE',  ( 0.000000000000000000, 1.000000000000000000, 0.000000000000000000 ) ) ;
#4716 = CARTESIAN_POINT ( 'NONE',  ( 0.000000000000000000, 0.000000000000000000, 0.000000000000000000 ) ) ;
#4717 = EDGE_CURVE ( 'NONE', #2813, #4625, #2567, .T. ) ;
#4718 = ORIENTED_EDGE ( 'NONE', *, *, #5835, .T. ) ;
#4719 = VERTEX_POINT ( 'NONE', #3930 ) ;
#4720 = CARTESIAN_POINT ( 'NONE',  ( 3.500000000000000000, -10.61210460920450060, 3.731385367829120447 ) ) ;
#4721 = DIRECTION ( 'NONE',  ( -1.000000000000000000, 0.000000000000000000, 0.000000000000000000 ) ) ;
#4722 = DIRECTION ( 'NONE',  ( 1.000000000000000000, 0.000000000000000000, 0.000000000000000000 ) ) ;
#4723 = FACE_OUTER_BOUND ( 'NONE', #2705, .T. ) ;
#4724 = CARTESIAN_POINT ( 'NONE',  ( 0.000000000000000000, 4.939586103593779143, -10.13684808343390031 ) ) ;
#4725 = DIRECTION ( 'NONE',  ( 0.000000000000000000, 0.000000000000000000, -1.000000000000000000 ) ) ;
#4726 = ORIENTED_EDGE ( 'NONE', *, *, #1202, .T. ) ;
#4727 = VECTOR ( 'NONE', #4115, 1000.000000000000000 ) ;
#4728 = CARTESIAN_POINT ( 'NONE',  ( 0.000000000000000000, 9.460238237123860472, -8.322493165920670677 ) ) ;
#4729 = CIRCLE ( 'NONE', #1652, 12.59999999999749853 ) ;
#4730 = VERTEX_POINT ( 'NONE', #987 ) ;
#4731 = VERTEX_POINT ( 'NONE', #404 ) ;
#4732 = AXIS2_PLACEMENT_3D ( 'NONE', #3997, #5068, #2145 ) ;
#4733 = ORIENTED_EDGE ( 'NONE', *, *, #1599, .F. ) ;
#4734 = CARTESIAN_POINT ( 'NONE',  ( 0.000000000000000000, 6.938893903907229640E-14, 1.179611963664229834E-13 ) ) ;
#4735 = DIRECTION ( 'NONE',  ( 0.000000000000000000, 0.8910065241883687870, -0.4539904997395449171 ) ) ;
#4736 =( GEOMETRIC_REPRESENTATION_CONTEXT ( 3 ) GLOBAL_UNCERTAINTY_ASSIGNED_CONTEXT ( ( #6673 ) ) GLOBAL_UNIT_ASSIGNED_CONTEXT ( ( #4213, #58, #2464 ) ) REPRESENTATION_CONTEXT ( 'NONE', 'WORKASPACE' ) );
#4737 = DIRECTION ( 'NONE',  ( -1.000000000000000000, 0.000000000000000000, 0.000000000000000000 ) ) ;
#4738 = CIRCLE ( 'NONE', #7089, 11.24899999999778011 ) ;
#4739 = CIRCLE ( 'NONE', #4014, 2.248999999999549804 ) ;
#4740 = ORIENTED_EDGE ( 'NONE', *, *, #6813, .F. ) ;
#4741 = CIRCLE ( 'NONE', #3402, 12.59999999999749853 ) ;
#4742 = VERTEX_POINT ( 'NONE', #5696 ) ;
#4743 = ORIENTED_EDGE ( 'NONE', *, *, #6454, .F. ) ;
#4744 = AXIS2_PLACEMENT_3D ( 'NONE', #3803, #7199, #7435 ) ;
#4745 = FACE_OUTER_BOUND ( 'NONE', #7043, .T. ) ;
#4746 = AXIS2_PLACEMENT_3D ( 'NONE', #1353, #1314, #2470 ) ;
#4747 = CYLINDRICAL_SURFACE ( 'NONE', #5616, 2.248999999999549804 ) ;
#4748 = CIRCLE ( 'NONE', #3411, 4.799999999999039701 ) ;
#4749 = DIRECTION ( 'NONE',  ( 0.000000000000000000, 0.000000000000000000, -1.000000000000000000 ) ) ;
#4750 = ADVANCED_FACE ( 'NONE', ( #3971 ), #2767, .T. ) ;
#4751 = EDGE_CURVE ( 'NONE', #3583, #6834, #355, .T. ) ;
#4752 = VECTOR ( 'NONE', #4600, 1000.000000000000000 ) ;
#4753 = DIRECTION ( 'NONE',  ( 0.000000000000000000, 0.000000000000000000, 1.000000000000000000 ) ) ;
#4754 = EDGE_LOOP ( 'NONE', ( #4808, #446, #420, #2460 ) ) ;
#4755 = ORIENTED_EDGE ( 'NONE', *, *, #985, .F. ) ;
#4756 = CARTESIAN_POINT ( 'NONE',  ( 4.000000000000000000, -12.54533224990199969, 1.172449887844480010 ) ) ;
#4757 = DIRECTION ( 'NONE',  ( 1.000000000000000000, 0.000000000000000000, 0.000000000000000000 ) ) ;
#4758 = CARTESIAN_POINT ( 'NONE',  ( 3.500000000000000000, 2.025346914580280266, 11.06516926556250091 ) ) ;
#4759 = ADVANCED_FACE ( 'NONE', ( #3355 ), #3236, .T. ) ;
#4760 = EDGE_CURVE ( 'NONE', #3285, #4730, #7141, .T. ) ;
#4761 = EDGE_LOOP ( 'NONE', ( #139, #1156, #3344, #1049 ) ) ;
#4762 = DIRECTION ( 'NONE',  ( 0.000000000000000000, 0.000000000000000000, -1.000000000000000000 ) ) ;
#4763 = CARTESIAN_POINT ( 'NONE',  ( 0.000000000000000000, 0.9957969144633960212, 2.637344972028809575 ) ) ;
#4764 = VERTEX_POINT ( 'NONE', #5661 ) ;
#4765 = DIRECTION ( 'NONE',  ( 1.000000000000000000, 0.000000000000000000, 0.000000000000000000 ) ) ;
#4766 = CARTESIAN_POINT ( 'NONE',  ( 1.750000000000000000, -2.761654759435729911, 12.29362692575390170 ) ) ;
#4767 = CARTESIAN_POINT ( 'NONE',  ( 1.750000000000000000, 0.8045072551093259694, -12.57428996311180036 ) ) ;
#4768 = DIRECTION ( 'NONE',  ( 0.000000000000000000, 0.000000000000000000, 1.000000000000000000 ) ) ;
#4769 = DIRECTION ( 'NONE',  ( -1.000000000000000000, 0.000000000000000000, 0.000000000000000000 ) ) ;
#4770 = EDGE_CURVE ( 'NONE', #1294, #4719, #6905, .T. ) ;
#4771 = ORIENTED_EDGE ( 'NONE', *, *, #7514, .T. ) ;
#4772 = AXIS2_PLACEMENT_3D ( 'NONE', #6725, #268, #5593 ) ;
#4773 = ORIENTED_EDGE ( 'NONE', *, *, #2590, .T. ) ;
#4774 = DIRECTION ( 'NONE',  ( 0.000000000000000000, 0.000000000000000000, -1.000000000000000000 ) ) ;
#4775 = CARTESIAN_POINT ( 'NONE',  ( 0.000000000000000000, 0.000000000000000000, 0.000000000000000000 ) ) ;
#4776 = CARTESIAN_POINT ( 'NONE',  ( 4.000000000000000000, 0.000000000000000000, 0.000000000000000000 ) ) ;
#4777 = ORIENTED_EDGE ( 'NONE', *, *, #7501, .F. ) ;
#4778 = ORIENTED_EDGE ( 'NONE', *, *, #6415, .T. ) ;
#4779 = ORIENTED_EDGE ( 'NONE', *, *, #2155, .T. ) ;
#4780 = DIRECTION ( 'NONE',  ( 0.000000000000000000, 0.000000000000000000, 1.000000000000000000 ) ) ;
#4781 = CARTESIAN_POINT ( 'NONE',  ( -7.000000000000000000, 6.938893903907229640E-14, 1.179611963664229834E-13 ) ) ;
#4782 = CARTESIAN_POINT ( 'NONE',  ( -6.450000000000000178, 0.000000000000000000, 0.000000000000000000 ) ) ;
#4783 = DIRECTION ( 'NONE',  ( 0.000000000000000000, 0.000000000000000000, 1.000000000000000000 ) ) ;
#4784 = ORIENTED_EDGE ( 'NONE', *, *, #1356, .T. ) ;
#4785 = AXIS2_PLACEMENT_3D ( 'NONE', #5728, #2799, #3266 ) ;
#4786 = AXIS2_PLACEMENT_3D ( 'NONE', #1373, #5496, #708 ) ;
#4787 = DIRECTION ( 'NONE',  ( 1.000000000000000000, 0.000000000000000000, 0.000000000000000000 ) ) ;
#4788 = EDGE_LOOP ( 'NONE', ( #4511, #6657, #6903, #1863 ) ) ;
#4789 = AXIS2_PLACEMENT_3D ( 'NONE', #3873, #3416, #2092 ) ;
#4790 = DIRECTION ( 'NONE',  ( 0.000000000000000000, 0.000000000000000000, 1.000000000000000000 ) ) ;
#4791 = CARTESIAN_POINT ( 'NONE',  ( -6.450000000000000178, 3.445051977127890019, 1.044804706575710229 ) ) ;
#4792 = ORIENTED_EDGE ( 'NONE', *, *, #4934, .F. ) ;
#4793 = ADVANCED_FACE ( 'NONE', ( #5539 ), #289, .T. ) ;
#4794 = VERTEX_POINT ( 'NONE', #2031 ) ;
#4795 = FACE_OUTER_BOUND ( 'NONE', #6512, .T. ) ;
#4796 = EDGE_CURVE ( 'NONE', #5854, #4633, #6521, .T. ) ;
#4797 = LINE ( 'NONE', #2439, #5044 ) ;
#4798 = CARTESIAN_POINT ( 'NONE',  ( 0.000000000000000000, -6.740122156885129279, 10.64569177227120100 ) ) ;
#4799 = CARTESIAN_POINT ( 'NONE',  ( 4.000000000000000000, 10.83853574337778092, 6.425429397282270472 ) ) ;
#4800 = DIRECTION ( 'NONE',  ( -1.000000000000000000, 0.000000000000000000, 0.000000000000000000 ) ) ;
#4801 = CIRCLE ( 'NONE', #1977, 4.799999999999029932 ) ;
#4802 = DIRECTION ( 'NONE',  ( 1.000000000000000000, 0.000000000000000000, 0.000000000000000000 ) ) ;
#4803 = AXIS2_PLACEMENT_3D ( 'NONE', #5342, #2380, #2346 ) ;
#4804 = LINE ( 'NONE', #1370, #33 ) ;
#4805 = ORIENTED_EDGE ( 'NONE', *, *, #4573, .F. ) ;
#4806 = ADVANCED_FACE ( 'NONE', ( #2651 ), #2732, .T. ) ;
#4807 = AXIS2_PLACEMENT_3D ( 'NONE', #6424, #5250, #4106 ) ;
#4808 = ORIENTED_EDGE ( 'NONE', *, *, #4198, .F. ) ;
#4809 = LINE ( 'NONE', #1761, #7042 ) ;
#4810 = DIRECTION ( 'NONE',  ( 0.000000000000000000, 0.4539904997395480812, -0.8910065241883672327 ) ) ;
#4811 = CARTESIAN_POINT ( 'NONE',  ( 0.000000000000000000, 9.699936772440249655, 8.041842239847650120 ) ) ;
#4812 = ORIENTED_EDGE ( 'NONE', *, *, #1694, .T. ) ;
#4813 = ORIENTED_EDGE ( 'NONE', *, *, #52, .F. ) ;
#4814 = ORIENTED_EDGE ( 'NONE', *, *, #6564, .F. ) ;
#4815 = CARTESIAN_POINT ( 'NONE',  ( 4.000000000000000000, 0.000000000000000000, 0.000000000000000000 ) ) ;
#4816 = VECTOR ( 'NONE', #647, 1000.000000000000000 ) ;
#4817 = DIRECTION ( 'NONE',  ( -1.000000000000000000, 0.000000000000000000, 0.000000000000000000 ) ) ;
#4818 = ORIENTED_EDGE ( 'NONE', *, *, #3924, .F. ) ;
#4819 = CARTESIAN_POINT ( 'NONE',  ( -10.00000000000000000, 0.000000000000000000, 0.000000000000000000 ) ) ;
#4820 = EDGE_CURVE ( 'NONE', #6857, #4200, #3815, .T. ) ;
#4821 = CARTESIAN_POINT ( 'NONE',  ( 0.000000000000000000, -11.06516926556250091, -2.025346914580400171 ) ) ;
#4822 = ORIENTED_EDGE ( 'NONE', *, *, #5990, .F. ) ;
#4823 = DIRECTION ( 'NONE',  ( 0.000000000000000000, 0.000000000000000000, -1.000000000000000000 ) ) ;
#4824 = CARTESIAN_POINT ( 'NONE',  ( 0.000000000000000000, 11.16713147563269892, 1.565367224445670002 ) ) ;
#4825 = CARTESIAN_POINT ( 'NONE',  ( 3.500000000000000000, -7.830283878802000608, 8.114299373255130732 ) ) ;
#4826 = AXIS2_PLACEMENT_3D ( 'NONE', #4906, #819, #7283 ) ;
#4827 = ADVANCED_FACE ( 'NONE', ( #1451 ), #6829, .T. ) ;
#4828 = EDGE_LOOP ( 'NONE', ( #3707, #1483, #4355, #2458 ) ) ;
#4829 = CARTESIAN_POINT ( 'NONE',  ( 4.000000000000000000, 5.345544729564039699, 9.897734717811919936 ) ) ;
#4830 = FACE_OUTER_BOUND ( 'NONE', #6439, .T. ) ;
#4831 = DIRECTION ( 'NONE',  ( 0.000000000000000000, 0.000000000000000000, 1.000000000000000000 ) ) ;
#4832 = DIRECTION ( 'NONE',  ( 1.000000000000000000, 0.000000000000000000, 0.000000000000000000 ) ) ;
#4833 = CARTESIAN_POINT ( 'NONE',  ( 3.500000000000000000, 0.000000000000000000, 0.000000000000000000 ) ) ;
#4834 = DIRECTION ( 'NONE',  ( -1.000000000000000000, 0.000000000000000000, 0.000000000000000000 ) ) ;
#4835 = EDGE_CURVE ( 'NONE', #878, #2536, #6527, .T. ) ;
#4836 = EDGE_CURVE ( 'NONE', #3920, #1280, #3201, .T. ) ;
#4837 = ORIENTED_EDGE ( 'NONE', *, *, #6900, .T. ) ;
#4838 = DIRECTION ( 'NONE',  ( 0.000000000000000000, 0.000000000000000000, 1.000000000000000000 ) ) ;
#4839 = ORIENTED_EDGE ( 'NONE', *, *, #5765, .T. ) ;
#4840 = DIRECTION ( 'NONE',  ( -1.000000000000000000, 0.000000000000000000, 0.000000000000000000 ) ) ;
#4841 = CARTESIAN_POINT ( 'NONE',  ( 0.000000000000000000, -10.77862626476109931, 3.218884409939479774 ) ) ;
#4842 = CARTESIAN_POINT ( 'NONE',  ( 0.000000000000000000, 0.000000000000000000, 0.000000000000000000 ) ) ;
#4843 = EDGE_CURVE ( 'NONE', #1579, #7450, #7148, .T. ) ;
#4844 = AXIS2_PLACEMENT_3D ( 'NONE', #546, #619, #4645 ) ;
#4845 = ORIENTED_EDGE ( 'NONE', *, *, #1048, .T. ) ;
#4846 = VERTEX_POINT ( 'NONE', #1527 ) ;
#4847 = ORIENTED_EDGE ( 'NONE', *, *, #5222, .T. ) ;
#4848 = CYLINDRICAL_SURFACE ( 'NONE', #7413, 11.24899999999770017 ) ;
#4849 = DIRECTION ( 'NONE',  ( 0.000000000000000000, -0.9876883405951393247, 0.1564344650402201553 ) ) ;
#4850 = VERTEX_POINT ( 'NONE', #870 ) ;
#4851 = AXIS2_PLACEMENT_3D ( 'NONE', #5229, #6395, #4161 ) ;
#4852 = CARTESIAN_POINT ( 'NONE',  ( -7.000000000000000000, 6.938893903907229640E-14, 1.179611963664229834E-13 ) ) ;
#4853 = VERTEX_POINT ( 'NONE', #3314 ) ;
#4854 = FACE_OUTER_BOUND ( 'NONE', #1144, .T. ) ;
#4855 = AXIS2_PLACEMENT_3D ( 'NONE', #2416, #4197, #4050 ) ;
#4856 = EDGE_CURVE ( 'NONE', #6364, #3036, #1102, .T. ) ;
#4857 = CIRCLE ( 'NONE', #5472, 4.799999999999039701 ) ;
#4858 = CYLINDRICAL_SURFACE ( 'NONE', #2473, 3.599999999999274891 ) ;
#4859 = ORIENTED_EDGE ( 'NONE', *, *, #186, .T. ) ;
#4860 = VECTOR ( 'NONE', #652, 1000.000000000000000 ) ;
#4861 = CIRCLE ( 'NONE', #7095, 11.24899999999773925 ) ;
#4862 = DIRECTION ( 'NONE',  ( 0.000000000000000000, 0.000000000000000000, 1.000000000000000000 ) ) ;
#4863 = CARTESIAN_POINT ( 'NONE',  ( 1.750000000000000000, 12.20746682112890191, -3.120537423421379852 ) ) ;
#4864 = CARTESIAN_POINT ( 'NONE',  ( 3.500000000000000000, 3.731385367829159971, 10.61210460920450060 ) ) ;
#4865 = AXIS2_PLACEMENT_3D ( 'NONE', #6660, #118, #6154 ) ;
#4866 = AXIS2_PLACEMENT_3D ( 'NONE', #1119, #2281, #1192 ) ;
#4867 = ORIENTED_EDGE ( 'NONE', *, *, #1872, .F. ) ;
#4868 = ORIENTED_EDGE ( 'NONE', *, *, #267, .F. ) ;
#4869 = CARTESIAN_POINT ( 'NONE',  ( 3.500000000000000000, -11.27452294072310046, 5.000829282088879779 ) ) ;
#4870 = DIRECTION ( 'NONE',  ( 0.000000000000000000, 0.000000000000000000, 1.000000000000000000 ) ) ;
#4871 = EDGE_CURVE ( 'NONE', #80, #6644, #7645, .T. ) ;
#4872 = DIRECTION ( 'NONE',  ( 0.000000000000000000, -0.3090169943749551118, 0.9510565162951510887 ) ) ;
#4873 = DIRECTION ( 'NONE',  ( 1.000000000000000000, 0.000000000000000000, 0.000000000000000000 ) ) ;
#4874 = DIRECTION ( 'NONE',  ( 0.000000000000000000, 0.000000000000000000, -1.000000000000000000 ) ) ;
#4875 = FACE_OUTER_BOUND ( 'NONE', #7192, .T. ) ;
#4876 = ORIENTED_EDGE ( 'NONE', *, *, #6273, .T. ) ;
#4877 = CARTESIAN_POINT ( 'NONE',  ( 1.750000000000000000, -4.991786971163961084, 11.56901304495999838 ) ) ;
#4878 = ORIENTED_EDGE ( 'NONE', *, *, #4282, .T. ) ;
#4879 = CARTESIAN_POINT ( 'NONE',  ( 0.000000000000000000, 6.938893903907229640E-14, 1.179611963664229834E-13 ) ) ;
#4880 = CARTESIAN_POINT ( 'NONE',  ( 4.000000000000000000, -6.740122156884969407, -10.64569177227129870 ) ) ;
#4881 = DIRECTION ( 'NONE',  ( 0.000000000000000000, 0.000000000000000000, -1.000000000000000000 ) ) ;
#4882 = EDGE_LOOP ( 'NONE', ( #5338, #4777, #4901, #5380 ) ) ;
#4883 = ORIENTED_EDGE ( 'NONE', *, *, #1349, .T. ) ;
#4884 = ORIENTED_EDGE ( 'NONE', *, *, #7550, .T. ) ;
#4885 = DIRECTION ( 'NONE',  ( 0.000000000000000000, 0.5877852522924680301, 0.8090169943749511150 ) ) ;
#4886 = EDGE_CURVE ( 'NONE', #3403, #1263, #7278, .T. ) ;
#4887 = EDGE_CURVE ( 'NONE', #1818, #3045, #1493, .T. ) ;
#4888 = CARTESIAN_POINT ( 'NONE',  ( 4.000000000000000000, 2.469793051796814964, 5.068424041716999895 ) ) ;
#4889 = EDGE_LOOP ( 'NONE', ( #7365, #6775, #6071, #7394 ) ) ;
#4890 = FACE_OUTER_BOUND ( 'NONE', #6932, .T. ) ;
#4891 = CARTESIAN_POINT ( 'NONE',  ( 1.750000000000000000, -8.322493165920828773, 9.460238237123709482 ) ) ;
#4892 = ADVANCED_FACE ( 'NONE', ( #3931 ), #5119, .T. ) ;
#4893 = CARTESIAN_POINT ( 'NONE',  ( 4.000000000000000000, -4.991786971163790554, -11.56901304496009963 ) ) ;
#4894 = ORIENTED_EDGE ( 'NONE', *, *, #3961, .F. ) ;
#4895 = EDGE_CURVE ( 'NONE', #6044, #2856, #5171, .T. ) ;
#4896 = CARTESIAN_POINT ( 'NONE',  ( 4.000000000000000000, 0.000000000000000000, 0.000000000000000000 ) ) ;
#4897 = VERTEX_POINT ( 'NONE', #5223 ) ;
#4898 = CARTESIAN_POINT ( 'NONE',  ( 4.000000000000000000, -1.565367224445399996, -11.16713147563269892 ) ) ;
#4899 = CARTESIAN_POINT ( 'NONE',  ( 0.000000000000000000, -3.218884409939600122, 10.77862626476109931 ) ) ;
#4900 = AXIS2_PLACEMENT_3D ( 'NONE', #6247, #451, #951 ) ;
#4901 = ORIENTED_EDGE ( 'NONE', *, *, #455, .F. ) ;
#4902 = EDGE_LOOP ( 'NONE', ( #248, #525, #2787, #3974 ) ) ;
#4903 = AXIS2_PLACEMENT_3D ( 'NONE', #7303, #4401, #1889 ) ;
#4904 = CIRCLE ( 'NONE', #4786, 1.199999999999765921 ) ;
#4905 = ORIENTED_EDGE ( 'NONE', *, *, #2395, .T. ) ;
#4906 = CARTESIAN_POINT ( 'NONE',  ( 0.000000000000000000, 0.000000000000000000, 0.000000000000000000 ) ) ;
#4907 = DIRECTION ( 'NONE',  ( -1.000000000000000000, 0.000000000000000000, 0.000000000000000000 ) ) ;
#4908 = DIRECTION ( 'NONE',  ( 0.000000000000000000, 0.08824317028766637261, -0.9960989624016189925 ) ) ;
#4909 = DIRECTION ( 'NONE',  ( 0.000000000000000000, 0.000000000000000000, -1.000000000000000000 ) ) ;
#4910 = CARTESIAN_POINT ( 'NONE',  ( 3.500000000000000000, 2.025346914580440583, -11.06516926556250091 ) ) ;
#4911 = DIRECTION ( 'NONE',  ( 0.000000000000000000, 0.000000000000000000, -1.000000000000000000 ) ) ;
#4912 = VECTOR ( 'NONE', #6294, 1000.000000000000000 ) ;
#4913 = VERTEX_POINT ( 'NONE', #5772 ) ;
#4914 = DIRECTION ( 'NONE',  ( 1.000000000000000000, 0.000000000000000000, 0.000000000000000000 ) ) ;
#4915 = AXIS2_PLACEMENT_3D ( 'NONE', #1642, #2368, #2258 ) ;
#4916 = ORIENTED_EDGE ( 'NONE', *, *, #3590, .T. ) ;
#4917 = DIRECTION ( 'NONE',  ( 0.000000000000000000, 0.000000000000000000, 1.000000000000000000 ) ) ;
#4918 = AXIS2_PLACEMENT_3D ( 'NONE', #1726, #11, #48 ) ;
#4919 = CARTESIAN_POINT ( 'NONE',  ( -6.450000000000000178, 0.000000000000000000, 0.000000000000000000 ) ) ;
#4920 = CARTESIAN_POINT ( 'NONE',  ( -6.450000000000000178, 3.401226394052385249, -1.179685982114059950 ) ) ;
#4921 = AXIS2_PLACEMENT_3D ( 'NONE', #3449, #3597, #6418 ) ;
#4922 = EDGE_CURVE ( 'NONE', #5747, #6834, #6389, .T. ) ;
#4923 = ORIENTED_EDGE ( 'NONE', *, *, #6378, .F. ) ;
#4924 = VERTEX_POINT ( 'NONE', #6317 ) ;
#4925 = VERTEX_POINT ( 'NONE', #4651 ) ;
#4926 = FACE_OUTER_BOUND ( 'NONE', #6412, .T. ) ;
#4927 = CARTESIAN_POINT ( 'NONE',  ( 0.000000000000000000, 2.005781281108510061, 1.017272064077837879 ) ) ;
#4928 = ORIENTED_EDGE ( 'NONE', *, *, #6462, .F. ) ;
#4929 = AXIS2_PLACEMENT_3D ( 'NONE', #7639, #7101, #710 ) ;
#4930 = DIRECTION ( 'NONE',  ( 0.000000000000000000, 0.000000000000000000, -1.000000000000000000 ) ) ;
#4931 = EDGE_CURVE ( 'NONE', #7174, #4328, #3429, .T. ) ;
#4932 = DIRECTION ( 'NONE',  ( 1.000000000000000000, 0.000000000000000000, 0.000000000000000000 ) ) ;
#4933 = CIRCLE ( 'NONE', #6927, 4.799999999999037037 ) ;
#4934 = EDGE_CURVE ( 'NONE', #1115, #4279, #5532, .T. ) ;
#4935 = ADVANCED_FACE ( 'NONE', ( #5192 ), #5739, .T. ) ;
#4936 = LINE ( 'NONE', #3331, #1446 ) ;
#4937 = ORIENTED_EDGE ( 'NONE', *, *, #7048, .T. ) ;
#4938 = DIRECTION ( 'NONE',  ( -1.000000000000000000, 0.000000000000000000, 0.000000000000000000 ) ) ;
#4939 = DIRECTION ( 'NONE',  ( 0.000000000000000000, 0.000000000000000000, 1.000000000000000000 ) ) ;
#4940 = DIRECTION ( 'NONE',  ( -1.000000000000000000, 0.000000000000000000, 0.000000000000000000 ) ) ;
#4941 = ORIENTED_EDGE ( 'NONE', *, *, #1874, .F. ) ;
#4942 = CARTESIAN_POINT ( 'NONE',  ( -7.000000000000000000, 2.172984797950634928, -2.870215508959189865 ) ) ;
#4943 = ADVANCED_FACE ( 'NONE', ( #7556 ), #1134, .T. ) ;
#4944 = EDGE_LOOP ( 'NONE', ( #6878, #1534, #630, #4164 ) ) ;
#4945 = EDGE_LOOP ( 'NONE', ( #5582, #5825, #2194, #63 ) ) ;
#4946 = CARTESIAN_POINT ( 'NONE',  ( -6.450000000000000178, -2.355809106513079954, -1.548342161800505101 ) ) ;
#4947 = DIRECTION ( 'NONE',  ( -1.000000000000000000, 0.000000000000000000, 0.000000000000000000 ) ) ;
#4948 = CARTESIAN_POINT ( 'NONE',  ( 4.000000000000000000, -12.54533224990195883, -1.172449887844674077 ) ) ;
#4949 = DIRECTION ( 'NONE',  ( 0.000000000000000000, -0.5877852522924622569, -0.8090169943749552228 ) ) ;
#4950 = FACE_OUTER_BOUND ( 'NONE', #2237, .T. ) ;
#4951 = DIRECTION ( 'NONE',  ( 0.000000000000000000, 0.000000000000000000, 1.000000000000000000 ) ) ;
#4952 = EDGE_LOOP ( 'NONE', ( #4162, #6121, #5686, #6566 ) ) ;
#4953 = DIRECTION ( 'NONE',  ( 0.000000000000000000, -0.3090169943749551118, 0.9510565162951510887 ) ) ;
#4954 = DIRECTION ( 'NONE',  ( 1.000000000000000000, 0.000000000000000000, 0.000000000000000000 ) ) ;
#4955 = ORIENTED_EDGE ( 'NONE', *, *, #6989, .F. ) ;
#4956 = CARTESIAN_POINT ( 'NONE',  ( 4.000000000000000000, 10.77862626476109931, 3.218884409939575253 ) ) ;
#4957 = DIRECTION ( 'NONE',  ( 0.000000000000000000, 0.000000000000000000, -1.000000000000000000 ) ) ;
#4958 = CARTESIAN_POINT ( 'NONE',  ( 0.000000000000000000, 10.64569177227120100, 6.740122156885089311 ) ) ;
#4959 = ORIENTED_EDGE ( 'NONE', *, *, #2590, .F. ) ;
#4960 = VERTEX_POINT ( 'NONE', #4611 ) ;
#4961 = ORIENTED_EDGE ( 'NONE', *, *, #6703, .T. ) ;
#4962 = FACE_OUTER_BOUND ( 'NONE', #174, .T. ) ;
#4963 = CARTESIAN_POINT ( 'NONE',  ( 0.000000000000000000, -12.54533224990190021, -1.172449887844670080 ) ) ;
#4964 = ORIENTED_EDGE ( 'NONE', *, *, #5694, .F. ) ;
#4965 = DIRECTION ( 'NONE',  ( 0.000000000000000000, 0.000000000000000000, 1.000000000000000000 ) ) ;
#4966 = CARTESIAN_POINT ( 'NONE',  ( 4.000000000000000000, 9.460238237123739680, 8.322493165920800351 ) ) ;
#4967 = VECTOR ( 'NONE', #771, 1000.000000000000000 ) ;
#4968 = CARTESIAN_POINT ( 'NONE',  ( -6.450000000000000178, 6.938893903907229640E-14, 1.179611963664229834E-13 ) ) ;
#4969 = ORIENTED_EDGE ( 'NONE', *, *, #1400, .T. ) ;
#4970 = DIRECTION ( 'NONE',  ( -1.000000000000000000, 0.000000000000000000, 0.000000000000000000 ) ) ;
#4971 = CARTESIAN_POINT ( 'NONE',  ( -6.450000000000000178, -2.172984797950464841, -2.870215508959224948 ) ) ;
#4972 = ADVANCED_FACE ( 'NONE', ( #1098 ), #584, .T. ) ;
#4973 = AXIS2_PLACEMENT_3D ( 'NONE', #255, #4393, #6753 ) ;
#4974 = EDGE_CURVE ( 'NONE', #3664, #7322, #2713, .T. ) ;
#4975 = DIRECTION ( 'NONE',  ( 0.000000000000000000, 0.8910065241883687870, -0.4539904997395448616 ) ) ;
#4976 = VERTEX_POINT ( 'NONE', #7015 ) ;
#4977 = CYLINDRICAL_SURFACE ( 'NONE', #5592, 4.799999999999039701 ) ;
#4978 = CIRCLE ( 'NONE', #2512, 4.799999999999039701 ) ;
#4979 = ORIENTED_EDGE ( 'NONE', *, *, #2602, .F. ) ;
#4980 = ORIENTED_EDGE ( 'NONE', *, *, #2867, .F. ) ;
#4981 = VECTOR ( 'NONE', #6116, 1000.000000000000000 ) ;
#4982 = EDGE_CURVE ( 'NONE', #7292, #7220, #1475, .T. ) ;
#4983 = ORIENTED_EDGE ( 'NONE', *, *, #635, .F. ) ;
#4984 = CARTESIAN_POINT ( 'NONE',  ( 3.500000000000000000, -10.78476817202770022, -3.293019194759220003 ) ) ;
#4985 = LINE ( 'NONE', #3183, #649 ) ;
#4986 = CARTESIAN_POINT ( 'NONE',  ( 4.000000000000000000, -9.003236172274160509, -6.789472613369119891 ) ) ;
#4987 = EDGE_CURVE ( 'NONE', #523, #1632, #6909, .T. ) ;
#4988 = EDGE_CURVE ( 'NONE', #3800, #5285, #6432, .T. ) ;
#4989 = DIRECTION ( 'NONE',  ( 0.000000000000000000, -0.9510565162951566398, 0.3090169943749380144 ) ) ;
#4990 = DIRECTION ( 'NONE',  ( 0.000000000000000000, 0.000000000000000000, 1.000000000000000000 ) ) ;
#4991 = CIRCLE ( 'NONE', #7475, 11.24899999999771971 ) ;
#4992 = CARTESIAN_POINT ( 'NONE',  ( -6.450000000000000178, -0.4978984572316599855, 1.318672486014391909 ) ) ;
#4993 = CIRCLE ( 'NONE', #44, 4.799999999999039701 ) ;
#4994 = CIRCLE ( 'NONE', #1051, 12.59999999999749853 ) ;
#4995 = AXIS2_PLACEMENT_3D ( 'NONE', #617, #6534, #3528 ) ;
#4996 = ORIENTED_EDGE ( 'NONE', *, *, #3253, .T. ) ;
#4997 = DIRECTION ( 'NONE',  ( 0.000000000000000000, 0.000000000000000000, 1.000000000000000000 ) ) ;
#4998 = CIRCLE ( 'NONE', #4617, 4.799999999999039701 ) ;
#4999 = DIRECTION ( 'NONE',  ( 1.000000000000000000, 0.000000000000000000, 0.000000000000000000 ) ) ;
#5000 = ORIENTED_EDGE ( 'NONE', *, *, #3705, .T. ) ;
#5001 = CARTESIAN_POINT ( 'NONE',  ( 0.000000000000000000, 0.000000000000000000, 0.000000000000000000 ) ) ;
#5002 = EDGE_CURVE ( 'NONE', #3122, #6148, #6783, .T. ) ;
#5003 = CARTESIAN_POINT ( 'NONE',  ( 3.500000000000000000, 11.27452294072310046, -0.2008292820897600028 ) ) ;
#5004 = DIRECTION ( 'NONE',  ( 0.000000000000000000, 0.000000000000000000, 1.000000000000000000 ) ) ;
#5005 = VERTEX_POINT ( 'NONE', #1750 ) ;
#5006 = ORIENTED_EDGE ( 'NONE', *, *, #5659, .T. ) ;
#5007 = CIRCLE ( 'NONE', #5251, 11.24899999999770017 ) ;
#5008 = VERTEX_POINT ( 'NONE', #2943 ) ;
#5009 = DIRECTION ( 'NONE',  ( -1.000000000000000000, 0.000000000000000000, 0.000000000000000000 ) ) ;
#5010 = FACE_OUTER_BOUND ( 'NONE', #4882, .T. ) ;
#5011 = CARTESIAN_POINT ( 'NONE',  ( 3.500000000000000000, 9.003236172274300841, -6.789472613368929821 ) ) ;
#5012 = DIRECTION ( 'NONE',  ( 1.000000000000000000, 0.000000000000000000, 0.000000000000000000 ) ) ;
#5013 = FACE_OUTER_BOUND ( 'NONE', #2577, .T. ) ;
#5014 = CIRCLE ( 'NONE', #7619, 11.24899999999770372 ) ;
#5015 = ORIENTED_EDGE ( 'NONE', *, *, #6995, .F. ) ;
#5016 = DIRECTION ( 'NONE',  ( 0.000000000000000000, -0.4539904997395349806, -0.8910065241883737830 ) ) ;
#5017 = CARTESIAN_POINT ( 'NONE',  ( 4.000000000000000000, 9.256392760211209492, 6.392119685101249615 ) ) ;
#5018 = CYLINDRICAL_SURFACE ( 'NONE', #6985, 4.799999999999039701 ) ;
#5019 = DIRECTION ( 'NONE',  ( 0.000000000000000000, 0.000000000000000000, 1.000000000000000000 ) ) ;
#5020 = EDGE_CURVE ( 'NONE', #4794, #4087, #7628, .T. ) ;
#5021 = ORIENTED_EDGE ( 'NONE', *, *, #2236, .T. ) ;
#5022 = ORIENTED_EDGE ( 'NONE', *, *, #7172, .F. ) ;
#5023 = ORIENTED_EDGE ( 'NONE', *, *, #3242, .F. ) ;
#5024 = FACE_OUTER_BOUND ( 'NONE', #5609, .T. ) ;
#5025 = DIRECTION ( 'NONE',  ( 0.000000000000000000, 0.000000000000000000, -1.000000000000000000 ) ) ;
#5026 = CARTESIAN_POINT ( 'NONE',  ( 3.500000000000000000, 11.14946795003230129, 1.493105967824280178 ) ) ;
#5027 = CARTESIAN_POINT ( 'NONE',  ( -6.450000000000000178, 2.005781281108535374, -1.017272064077567872 ) ) ;
#5028 = EDGE_CURVE ( 'NONE', #574, #1011, #4116, .T. ) ;
#5029 = AXIS2_PLACEMENT_3D ( 'NONE', #2076, #294, #2190 ) ;
#5030 = EDGE_CURVE ( 'NONE', #194, #7564, #5907, .T. ) ;
#5031 = ORIENTED_EDGE ( 'NONE', *, *, #6942, .F. ) ;
#5032 = CARTESIAN_POINT ( 'NONE',  ( 4.000000000000000000, -9.256392760211157977, -6.392119685101299353 ) ) ;
#5033 = AXIS2_PLACEMENT_3D ( 'NONE', #7047, #3704, #720 ) ;
#5034 = DIRECTION ( 'NONE',  ( -1.000000000000000000, 0.000000000000000000, 0.000000000000000000 ) ) ;
#5035 = VERTEX_POINT ( 'NONE', #3973 ) ;
#5036 = DIRECTION ( 'NONE',  ( 0.000000000000000000, 0.000000000000000000, -1.000000000000000000 ) ) ;
#5037 = DIRECTION ( 'NONE',  ( -1.000000000000000000, 0.000000000000000000, 0.000000000000000000 ) ) ;
#5038 = AXIS2_PLACEMENT_3D ( 'NONE', #6828, #7403, #2186 ) ;
#5039 = EDGE_CURVE ( 'NONE', #4625, #4290, #3072, .T. ) ;
#5040 = AXIS2_PLACEMENT_3D ( 'NONE', #1006, #5139, #1514 ) ;
#5041 = DIRECTION ( 'NONE',  ( 1.000000000000000000, 0.000000000000000000, 0.000000000000000000 ) ) ;
#5042 = EDGE_CURVE ( 'NONE', #4632, #5951, #726, .T. ) ;
#5043 = ORIENTED_EDGE ( 'NONE', *, *, #4199, .F. ) ;
#5044 = VECTOR ( 'NONE', #5595, 1000.000000000000000 ) ;
#5045 = AXIS2_PLACEMENT_3D ( 'NONE', #4437, #1032, #2704 ) ;
#5046 = ORIENTED_EDGE ( 'NONE', *, *, #1079, .F. ) ;
#5047 = VERTEX_POINT ( 'NONE', #1474 ) ;
#5048 = CYLINDRICAL_SURFACE ( 'NONE', #6797, 2.248999999999555133 ) ;
#5049 = CARTESIAN_POINT ( 'NONE',  ( -7.000000000000000000, 1.024773626581947816, 2.001959044101719876 ) ) ;
#5050 = ORIENTED_EDGE ( 'NONE', *, *, #5757, .F. ) ;
#5051 = CARTESIAN_POINT ( 'NONE',  ( 4.000000000000000000, -6.425429397282149679, -10.83853574337782177 ) ) ;
#5052 = LINE ( 'NONE', #922, #1213 ) ;
#5053 = CIRCLE ( 'NONE', #5293, 3.599999999999279776 ) ;
#5054 = CARTESIAN_POINT ( 'NONE',  ( -6.450000000000000178, -0.9957969144632770053, -2.637344972028564438 ) ) ;
#5055 = ORIENTED_EDGE ( 'NONE', *, *, #4516, .T. ) ;
#5056 = AXIS2_PLACEMENT_3D ( 'NONE', #6759, #300, #6172 ) ;
#5057 = DIRECTION ( 'NONE',  ( 0.000000000000000000, 0.000000000000000000, -1.000000000000000000 ) ) ;
#5058 = CYLINDRICAL_SURFACE ( 'NONE', #5118, 12.59999999999749853 ) ;
#5059 = FACE_OUTER_BOUND ( 'NONE', #7006, .T. ) ;
#5060 = VERTEX_POINT ( 'NONE', #5922 ) ;
#5061 = CARTESIAN_POINT ( 'NONE',  ( 3.500000000000000000, 5.297466504774150486, -9.954498911157259045 ) ) ;
#5062 = ORIENTED_EDGE ( 'NONE', *, *, #2995, .F. ) ;
#5063 = ORIENTED_EDGE ( 'NONE', *, *, #5789, .T. ) ;
#5064 = ORIENTED_EDGE ( 'NONE', *, *, #1774, .F. ) ;
#5065 = CARTESIAN_POINT ( 'NONE',  ( 0.000000000000000000, 4.865403235017359940, -10.14237902864180008 ) ) ;
#5066 = CARTESIAN_POINT ( 'NONE',  ( 0.000000000000000000, 0.000000000000000000, 0.000000000000000000 ) ) ;
#5067 = DIRECTION ( 'NONE',  ( -1.000000000000000000, 0.000000000000000000, 0.000000000000000000 ) ) ;
#5068 = DIRECTION ( 'NONE',  ( -1.000000000000000000, 0.000000000000000000, 0.000000000000000000 ) ) ;
#5069 = CARTESIAN_POINT ( 'NONE',  ( 4.000000000000000000, -11.16713147563269892, -1.565367224445599836 ) ) ;
#5070 = ORIENTED_EDGE ( 'NONE', *, *, #5787, .F. ) ;
#5071 = DIRECTION ( 'NONE',  ( 0.000000000000000000, -0.7071067811865540120, 0.7071067811865410224 ) ) ;
#5072 = DIRECTION ( 'NONE',  ( 0.000000000000000000, 0.000000000000000000, 1.000000000000000000 ) ) ;
#5073 = ORIENTED_EDGE ( 'NONE', *, *, #7610, .T. ) ;
#5074 = DIRECTION ( 'NONE',  ( 0.000000000000000000, 0.000000000000000000, 1.000000000000000000 ) ) ;
#5075 = DIRECTION ( 'NONE',  ( 0.000000000000000000, 0.000000000000000000, -1.000000000000000000 ) ) ;
#5076 = ADVANCED_FACE ( 'NONE', ( #888 ), #3256, .T. ) ;
#5077 = EDGE_CURVE ( 'NONE', #5270, #6655, #1346, .T. ) ;
#5078 = LINE ( 'NONE', #2656, #6609 ) ;
#5079 = EDGE_CURVE ( 'NONE', #5955, #3217, #6652, .T. ) ;
#5080 = CIRCLE ( 'NONE', #2364, 4.799999999999049471 ) ;
#5081 = CIRCLE ( 'NONE', #4826, 11.24899999999779965 ) ;
#5082 = ORIENTED_EDGE ( 'NONE', *, *, #7229, .F. ) ;
#5083 = ORIENTED_EDGE ( 'NONE', *, *, #723, .T. ) ;
#5084 = VERTEX_POINT ( 'NONE', #270 ) ;
#5085 = AXIS2_PLACEMENT_3D ( 'NONE', #5297, #7090, #6698 ) ;
#5086 = ORIENTED_EDGE ( 'NONE', *, *, #6362, .T. ) ;
#5087 = CARTESIAN_POINT ( 'NONE',  ( -10.00000000000000000, 0.000000000000000000, 0.000000000000000000 ) ) ;
#5088 = AXIS2_PLACEMENT_3D ( 'NONE', #1057, #2836, #5732 ) ;
#5089 = LINE ( 'NONE', #3906, #3696 ) ;
#5090 = ORIENTED_EDGE ( 'NONE', *, *, #5741, .T. ) ;
#5091 = EDGE_CURVE ( 'NONE', #2601, #2851, #4797, .T. ) ;
#5092 = CARTESIAN_POINT ( 'NONE',  ( 1.750000000000000000, 12.29362692575399940, -2.761654759435510087 ) ) ;
#5093 = VERTEX_POINT ( 'NONE', #7162 ) ;
#5094 = VERTEX_POINT ( 'NONE', #3606 ) ;
#5095 = FACE_OUTER_BOUND ( 'NONE', #722, .T. ) ;
#5096 = CARTESIAN_POINT ( 'NONE',  ( 0.000000000000000000, 3.293019194759259971, -10.78476817202770022 ) ) ;
#5097 = AXIS2_PLACEMENT_3D ( 'NONE', #2294, #5841, #2438 ) ;
#5098 = CIRCLE ( 'NONE', #4240, 4.799999999999029043 ) ;
#5099 = EDGE_CURVE ( 'NONE', #7537, #2154, #484, .T. ) ;
#5100 = DIRECTION ( 'NONE',  ( -1.000000000000000000, 0.000000000000000000, 0.000000000000000000 ) ) ;
#5101 = FACE_OUTER_BOUND ( 'NONE', #6530, .T. ) ;
#5102 = EDGE_LOOP ( 'NONE', ( #7612, #946, #6013, #240 ) ) ;
#5103 = AXIS2_PLACEMENT_3D ( 'NONE', #2066, #4380, #4340 ) ;
#5104 = ORIENTED_EDGE ( 'NONE', *, *, #60, .T. ) ;
#5105 = ORIENTED_EDGE ( 'NONE', *, *, #205, .T. ) ;
#5106 = DIRECTION ( 'NONE',  ( 0.000000000000000000, 0.000000000000000000, -1.000000000000000000 ) ) ;
#5107 = DIRECTION ( 'NONE',  ( 1.000000000000000000, 0.000000000000000000, 0.000000000000000000 ) ) ;
#5108 = ORIENTED_EDGE ( 'NONE', *, *, #351, .T. ) ;
#5109 = CARTESIAN_POINT ( 'NONE',  ( 0.000000000000000000, 11.27452294072310046, -0.2008292820897600028 ) ) ;
#5110 = DIRECTION ( 'NONE',  ( 0.000000000000000000, 0.000000000000000000, 1.000000000000000000 ) ) ;
#5111 = CIRCLE ( 'NONE', #1409, 4.799999999999041478 ) ;
#5112 = DIRECTION ( 'NONE',  ( 1.000000000000000000, 0.000000000000000000, 0.000000000000000000 ) ) ;
#5113 = CIRCLE ( 'NONE', #431, 4.799999999999060130 ) ;
#5114 = CIRCLE ( 'NONE', #6966, 4.799999999999039701 ) ;
#5115 = VERTEX_POINT ( 'NONE', #4155 ) ;
#5116 = CARTESIAN_POINT ( 'NONE',  ( 3.500000000000000000, 10.61210460920460008, -3.731385367829049837 ) ) ;
#5117 = AXIS2_PLACEMENT_3D ( 'NONE', #7164, #1176, #555 ) ;
#5118 = AXIS2_PLACEMENT_3D ( 'NONE', #3334, #314, #3989 ) ;
#5119 = CYLINDRICAL_SURFACE ( 'NONE', #1603, 4.799999999999039701 ) ;
#5120 = CARTESIAN_POINT ( 'NONE',  ( 4.000000000000000000, 3.731385367829290090, -10.61210460920443843 ) ) ;
#5121 = DIRECTION ( 'NONE',  ( 0.000000000000000000, 0.000000000000000000, -1.000000000000000000 ) ) ;
#5122 = AXIS2_PLACEMENT_3D ( 'NONE', #3601, #3562, #5916 ) ;
#5123 = CARTESIAN_POINT ( 'NONE',  ( 4.000000000000000000, 0.000000000000000000, 0.000000000000000000 ) ) ;
#5124 = CARTESIAN_POINT ( 'NONE',  ( 4.000000000000000000, 3.731385367829164856, 10.61210460920450060 ) ) ;
#5125 = VECTOR ( 'NONE', #3600, 1000.000000000000000 ) ;
#5126 = VECTOR ( 'NONE', #5905, 1000.000000000000000 ) ;
#5127 = ORIENTED_EDGE ( 'NONE', *, *, #2324, .F. ) ;
#5128 = PRODUCT_RELATED_PRODUCT_CATEGORY ( 'part', '', ( #3387 ) ) ;
#5129 = EDGE_LOOP ( 'NONE', ( #4153, #6088, #6374, #1421 ) ) ;
#5130 = ORIENTED_EDGE ( 'NONE', *, *, #5274, .F. ) ;
#5131 = LINE ( 'NONE', #2239, #7158 ) ;
#5132 = DIRECTION ( 'NONE',  ( -1.000000000000000000, 0.000000000000000000, 0.000000000000000000 ) ) ;
#5133 = ORIENTED_EDGE ( 'NONE', *, *, #159, .F. ) ;
#5134 = CARTESIAN_POINT ( 'NONE',  ( 1.750000000000000000, 9.460238237123739680, 8.322493165920800351 ) ) ;
#5135 = VERTEX_POINT ( 'NONE', #2008 ) ;
#5136 = ADVANCED_FACE ( 'NONE', ( #4224 ), #851, .T. ) ;
#5137 = ORIENTED_EDGE ( 'NONE', *, *, #2332, .T. ) ;
#5138 = ADVANCED_FACE ( 'NONE', ( #2674 ), #5953, .T. ) ;
#5139 = DIRECTION ( 'NONE',  ( -1.000000000000000000, 0.000000000000000000, 0.000000000000000000 ) ) ;
#5140 = LINE ( 'NONE', #6888, #437 ) ;
#5141 = FACE_OUTER_BOUND ( 'NONE', #6693, .T. ) ;
#5142 = DIRECTION ( 'NONE',  ( 1.000000000000000000, 0.000000000000000000, 0.000000000000000000 ) ) ;
#5143 = ORIENTED_EDGE ( 'NONE', *, *, #6273, .F. ) ;
#5144 = VERTEX_POINT ( 'NONE', #2978 ) ;
#5145 = EDGE_CURVE ( 'NONE', #3544, #3056, #229, .T. ) ;
#5146 = AXIS2_PLACEMENT_3D ( 'NONE', #2671, #7304, #3791 ) ;
#5147 = CARTESIAN_POINT ( 'NONE',  ( -10.00000000000000000, 0.000000000000000000, 0.000000000000000000 ) ) ;
#5148 = FACE_OUTER_BOUND ( 'NONE', #1575, .T. ) ;
#5149 = CARTESIAN_POINT ( 'NONE',  ( 0.000000000000000000, 0.000000000000000000, 0.000000000000000000 ) ) ;
#5150 = CYLINDRICAL_SURFACE ( 'NONE', #6069, 4.799999999999039701 ) ;
#5151 = EDGE_LOOP ( 'NONE', ( #6706, #2619, #4694, #6558 ) ) ;
#5152 = CARTESIAN_POINT ( 'NONE',  ( 3.500000000000000000, 9.897734717811900396, 5.345544729564080555 ) ) ;
#5153 = DIRECTION ( 'NONE',  ( 0.000000000000000000, 0.000000000000000000, -1.000000000000000000 ) ) ;
#5154 = CARTESIAN_POINT ( 'NONE',  ( -10.00000000000000000, 0.000000000000000000, 0.000000000000000000 ) ) ;
#5155 = CARTESIAN_POINT ( 'NONE',  ( 0.000000000000000000, 3.401226394052359936, 1.179685982114357934 ) ) ;
#5156 = CARTESIAN_POINT ( 'NONE',  ( 0.000000000000000000, 6.789472613369020415, 9.003236172274229787 ) ) ;
#5157 = CYLINDRICAL_SURFACE ( 'NONE', #3026, 12.59999999999749853 ) ;
#5158 = AXIS2_PLACEMENT_3D ( 'NONE', #1101, #4159, #4083 ) ;
#5159 = AXIS2_PLACEMENT_3D ( 'NONE', #2249, #134, #576 ) ;
#5160 = EDGE_LOOP ( 'NONE', ( #3786, #4543, #3353, #2243 ) ) ;
#5161 = ORIENTED_EDGE ( 'NONE', *, *, #4665, .T. ) ;
#5162 = AXIS2_PLACEMENT_3D ( 'NONE', #7421, #3250, #423 ) ;
#5163 = VECTOR ( 'NONE', #3776, 1000.000000000000000 ) ;
#5164 = VERTEX_POINT ( 'NONE', #4362 ) ;
#5165 = EDGE_LOOP ( 'NONE', ( #3871, #1535, #239, #3259 ) ) ;
#5166 = CARTESIAN_POINT ( 'NONE',  ( 0.000000000000000000, 5.297466504774150486, -9.954498911157259045 ) ) ;
#5167 = VECTOR ( 'NONE', #6848, 1000.000000000000000 ) ;
#5168 = DIRECTION ( 'NONE',  ( 1.000000000000000000, 0.000000000000000000, 0.000000000000000000 ) ) ;
#5169 = ORIENTED_EDGE ( 'NONE', *, *, #934, .F. ) ;
#5170 = ADVANCED_FACE ( 'NONE', ( #2595 ), #7088, .T. ) ;
#5171 = CIRCLE ( 'NONE', #4433, 11.24899999999770017 ) ;
#5172 = CIRCLE ( 'NONE', #3948, 11.24899999999778011 ) ;
#5173 = ORIENTED_EDGE ( 'NONE', *, *, #1407, .T. ) ;
#5174 = VERTEX_POINT ( 'NONE', #1282 ) ;
#5175 = CARTESIAN_POINT ( 'NONE',  ( -6.450000000000000178, -2.220648660249819883, -0.3559782686179975286 ) ) ;
#5176 = FACE_OUTER_BOUND ( 'NONE', #1660, .T. ) ;
#5177 = AXIS2_PLACEMENT_3D ( 'NONE', #7212, #3158, #254 ) ;
#5178 = DIRECTION ( 'NONE',  ( -1.000000000000000000, 0.000000000000000000, 0.000000000000000000 ) ) ;
#5179 = DIRECTION ( 'NONE',  ( -1.000000000000000000, 0.000000000000000000, 0.000000000000000000 ) ) ;
#5180 = EDGE_CURVE ( 'NONE', #6655, #7537, #1826, .T. ) ;
#5181 = ADVANCED_FACE ( 'NONE', ( #3647 ), #2628, .T. ) ;
#5182 = ORIENTED_EDGE ( 'NONE', *, *, #2078, .T. ) ;
#5183 = ORIENTED_EDGE ( 'NONE', *, *, #2254, .T. ) ;
#5184 = DIRECTION ( 'NONE',  ( 1.000000000000000000, 0.000000000000000000, 0.000000000000000000 ) ) ;
#5185 = CARTESIAN_POINT ( 'NONE',  ( 3.500000000000000000, 1.962080705186249885, -11.10429823301639907 ) ) ;
#5186 = DIRECTION ( 'NONE',  ( -1.000000000000000000, 0.000000000000000000, 0.000000000000000000 ) ) ;
#5187 = DIRECTION ( 'NONE',  ( 1.000000000000000000, 0.000000000000000000, 0.000000000000000000 ) ) ;
#5188 = EDGE_CURVE ( 'NONE', #5893, #4731, #2448, .T. ) ;
#5189 = ORIENTED_EDGE ( 'NONE', *, *, #6061, .T. ) ;
#5190 = AXIS2_PLACEMENT_3D ( 'NONE', #3089, #4402, #1472 ) ;
#5191 = DIRECTION ( 'NONE',  ( 0.000000000000000000, 0.000000000000000000, -1.000000000000000000 ) ) ;
#5192 = FACE_OUTER_BOUND ( 'NONE', #1117, .T. ) ;
#5193 = CYLINDRICAL_SURFACE ( 'NONE', #7373, 11.24899999999770017 ) ;
#5194 = CARTESIAN_POINT ( 'NONE',  ( 3.500000000000000000, 10.14237902864180008, 4.865403235017249806 ) ) ;
#5195 = DIRECTION ( 'NONE',  ( -1.000000000000000000, 0.000000000000000000, 0.000000000000000000 ) ) ;
#5196 = CARTESIAN_POINT ( 'NONE',  ( 3.500000000000000000, -9.239325152756039827, -6.464524009011389793 ) ) ;
#5197 = EDGE_CURVE ( 'NONE', #6962, #3901, #477, .T. ) ;
#5198 = CYLINDRICAL_SURFACE ( 'NONE', #3295, 11.24899999999770017 ) ;
#5199 = EDGE_CURVE ( 'NONE', #194, #5657, #5562, .T. ) ;
#5200 = EDGE_LOOP ( 'NONE', ( #5677, #4983, #1800, #2689 ) ) ;
#5201 = EDGE_LOOP ( 'NONE', ( #1319, #4527, #3799, #2450 ) ) ;
#5202 = ORIENTED_EDGE ( 'NONE', *, *, #7355, .F. ) ;
#5203 = DIRECTION ( 'NONE',  ( 0.000000000000000000, 0.000000000000000000, -1.000000000000000000 ) ) ;
#5204 = DIRECTION ( 'NONE',  ( 0.000000000000000000, 0.9876883405951381034, -0.1564344650402280656 ) ) ;
#5205 = ORIENTED_EDGE ( 'NONE', *, *, #5591, .T. ) ;
#5206 = EDGE_LOOP ( 'NONE', ( #3838, #5653, #1688, #737 ) ) ;
#5207 = CARTESIAN_POINT ( 'NONE',  ( 4.000000000000000000, 12.54533224990195883, 1.172449887844596139 ) ) ;
#5208 = DIRECTION ( 'NONE',  ( 1.000000000000000000, 0.000000000000000000, 0.000000000000000000 ) ) ;
#5209 = DIRECTION ( 'NONE',  ( -1.000000000000000000, 0.000000000000000000, 0.000000000000000000 ) ) ;
#5210 = ORIENTED_EDGE ( 'NONE', *, *, #1895, .T. ) ;
#5211 = ORIENTED_EDGE ( 'NONE', *, *, #5799, .F. ) ;
#5212 = ADVANCED_FACE ( 'NONE', ( #5095 ), #6220, .T. ) ;
#5213 = DIRECTION ( 'NONE',  ( -1.000000000000000000, 0.000000000000000000, 0.000000000000000000 ) ) ;
#5214 = DIRECTION ( 'NONE',  ( -1.000000000000000000, 0.000000000000000000, 0.000000000000000000 ) ) ;
#5215 = LINE ( 'NONE', #1091, #3644 ) ;
#5216 = CARTESIAN_POINT ( 'NONE',  ( 3.500000000000000000, 0.000000000000000000, 0.000000000000000000 ) ) ;
#5217 = AXIS2_PLACEMENT_3D ( 'NONE', #4376, #3229, #4414 ) ;
#5218 = AXIS2_PLACEMENT_3D ( 'NONE', #1745, #6461, #4111 ) ;
#5219 = EDGE_CURVE ( 'NONE', #6560, #903, #3372, .T. ) ;
#5220 = ORIENTED_EDGE ( 'NONE', *, *, #2303, .T. ) ;
#5221 = DIRECTION ( 'NONE',  ( -1.000000000000000000, 0.000000000000000000, 0.000000000000000000 ) ) ;
#5222 = EDGE_CURVE ( 'NONE', #3901, #927, #717, .T. ) ;
#5223 = CARTESIAN_POINT ( 'NONE',  ( 0.000000000000000000, -6.392119685101139481, -9.256392760211280546 ) ) ;
#5224 = LINE ( 'NONE', #7596, #5912 ) ;
#5225 = DIRECTION ( 'NONE',  ( -1.000000000000000000, 0.000000000000000000, 0.000000000000000000 ) ) ;
#5226 = DIRECTION ( 'NONE',  ( 1.000000000000000000, 0.000000000000000000, 0.000000000000000000 ) ) ;
#5227 = CARTESIAN_POINT ( 'NONE',  ( 4.000000000000000000, -10.83853574337782177, 6.425429397282200306 ) ) ;
#5228 = EDGE_LOOP ( 'NONE', ( #5939, #6771, #7414, #2141 ) ) ;
#5229 = CARTESIAN_POINT ( 'NONE',  ( 3.500000000000000000, 0.000000000000000000, 0.000000000000000000 ) ) ;
#5230 = CIRCLE ( 'NONE', #3513, 4.799999999999039701 ) ;
#5231 = CIRCLE ( 'NONE', #4368, 12.59999999999749853 ) ;
#5232 = ORIENTED_EDGE ( 'NONE', *, *, #1169, .T. ) ;
#5233 = ORIENTED_EDGE ( 'NONE', *, *, #2344, .F. ) ;
#5234 = CIRCLE ( 'NONE', #5855, 11.24899999999769662 ) ;
#5235 = EDGE_CURVE ( 'NONE', #1715, #919, #2568, .T. ) ;
#5236 = AXIS2_PLACEMENT_3D ( 'NONE', #2949, #5, #664 ) ;
#5237 = VERTEX_POINT ( 'NONE', #5175 ) ;
#5238 = CARTESIAN_POINT ( 'NONE',  ( 3.500000000000000000, -11.06516926556250091, -2.025346914580400171 ) ) ;
#5239 = CARTESIAN_POINT ( 'NONE',  ( 0.000000000000000000, -10.13684808343399979, 4.939586103593599731 ) ) ;
#5240 = CIRCLE ( 'NONE', #1913, 2.248999999999549804 ) ;
#5241 = VECTOR ( 'NONE', #5318, 1000.000000000000000 ) ;
#5242 = AXIS2_PLACEMENT_3D ( 'NONE', #5344, #4205, #2421 ) ;
#5243 = ORIENTED_EDGE ( 'NONE', *, *, #1506, .T. ) ;
#5244 = ORIENTED_EDGE ( 'NONE', *, *, #1357, .T. ) ;
#5245 = ORIENTED_EDGE ( 'NONE', *, *, #518, .T. ) ;
#5246 = LINE ( 'NONE', #2965, #1471 ) ;
#5247 = DIRECTION ( 'NONE',  ( 0.000000000000000000, 0.000000000000000000, -1.000000000000000000 ) ) ;
#5248 = CARTESIAN_POINT ( 'NONE',  ( -6.450000000000000178, -1.587303728247710266, -1.593257001958030106 ) ) ;
#5249 = VERTEX_POINT ( 'NONE', #6811 ) ;
#5250 = DIRECTION ( 'NONE',  ( 1.000000000000000000, 0.000000000000000000, 0.000000000000000000 ) ) ;
#5251 = AXIS2_PLACEMENT_3D ( 'NONE', #85, #2957, #4203 ) ;
#5252 = CARTESIAN_POINT ( 'NONE',  ( 1.750000000000000000, 12.20746682112890191, 3.120537423421549938 ) ) ;
#5253 = ORIENTED_EDGE ( 'NONE', *, *, #6997, .F. ) ;
#5254 = CARTESIAN_POINT ( 'NONE',  ( 1.750000000000000000, 9.460238237123860472, -8.322493165920670677 ) ) ;
#5255 = CARTESIAN_POINT ( 'NONE',  ( -6.450000000000000178, 2.220648660249960216, 0.3559782686182489941 ) ) ;
#5256 = VERTEX_POINT ( 'NONE', #1627 ) ;
#5257 = CARTESIAN_POINT ( 'NONE',  ( 0.000000000000000000, 0.8045072551091531077, 12.57428996311180036 ) ) ;
#5258 = ORIENTED_EDGE ( 'NONE', *, *, #6630, .F. ) ;
#5259 = DIRECTION ( 'NONE',  ( 0.000000000000000000, 0.000000000000000000, -1.000000000000000000 ) ) ;
#5260 = DIRECTION ( 'NONE',  ( -1.000000000000000000, 0.000000000000000000, 0.000000000000000000 ) ) ;
#5261 = CARTESIAN_POINT ( 'NONE',  ( 0.000000000000000000, 10.13684808343399979, -4.939586103593669009 ) ) ;
#5262 = CARTESIAN_POINT ( 'NONE',  ( 3.500000000000000000, -11.10429823301639907, 1.962080705186049823 ) ) ;
#5263 = CYLINDRICAL_SURFACE ( 'NONE', #3760, 1.199999999999751932 ) ;
#5264 = EDGE_LOOP ( 'NONE', ( #757, #4577, #5594, #460 ) ) ;
#5265 = LINE ( 'NONE', #2264, #317 ) ;
#5266 = EDGE_CURVE ( 'NONE', #6421, #1984, #94, .T. ) ;
#5267 = EDGE_CURVE ( 'NONE', #1036, #6608, #7267, .T. ) ;
#5268 = ORIENTED_EDGE ( 'NONE', *, *, #6305, .T. ) ;
#5269 = ORIENTED_EDGE ( 'NONE', *, *, #6313, .T. ) ;
#5270 = VERTEX_POINT ( 'NONE', #4027 ) ;
#5271 = DIRECTION ( 'NONE',  ( 0.000000000000000000, 0.8910065241883656784, 0.4539904997395508568 ) ) ;
#5272 = LINE ( 'NONE', #493, #2337 ) ;
#5273 = CIRCLE ( 'NONE', #1582, 12.59999999999749853 ) ;
#5274 = EDGE_CURVE ( 'NONE', #3122, #3828, #2940, .T. ) ;
#5275 = CIRCLE ( 'NONE', #1956, 11.24899999999773925 ) ;
#5276 = ORIENTED_EDGE ( 'NONE', *, *, #2907, .F. ) ;
#5277 = CIRCLE ( 'NONE', #1203, 11.24899999999773925 ) ;
#5278 = EDGE_LOOP ( 'NONE', ( #1219, #5386, #5963, #2319 ) ) ;
#5279 = EDGE_LOOP ( 'NONE', ( #5388, #5462, #2312, #2016 ) ) ;
#5280 = FACE_OUTER_BOUND ( 'NONE', #417, .T. ) ;
#5281 = FACE_OUTER_BOUND ( 'NONE', #5900, .T. ) ;
#5282 = CARTESIAN_POINT ( 'NONE',  ( 0.000000000000000000, -10.14237902864180008, 4.865403235017180528 ) ) ;
#5283 = CIRCLE ( 'NONE', #5782, 12.59999999999749853 ) ;
#5284 = CIRCLE ( 'NONE', #2827, 11.24899999999771971 ) ;
#5285 = VERTEX_POINT ( 'NONE', #2791 ) ;
#5286 = VERTEX_POINT ( 'NONE', #4482 ) ;
#5287 = AXIS2_PLACEMENT_3D ( 'NONE', #5371, #3793, #3022 ) ;
#5288 = AXIS2_PLACEMENT_3D ( 'NONE', #7184, #215, #260 ) ;
#5289 = CARTESIAN_POINT ( 'NONE',  ( -7.000000000000000000, 0.7445758530192119196, 2.718971643000560157 ) ) ;
#5290 = DIRECTION ( 'NONE',  ( -1.000000000000000000, 0.000000000000000000, 0.000000000000000000 ) ) ;
#5291 = DIRECTION ( 'NONE',  ( -1.000000000000000000, 0.000000000000000000, 0.000000000000000000 ) ) ;
#5292 = CARTESIAN_POINT ( 'NONE',  ( 4.000000000000000000, 6.464524009011290318, 9.239325152756109105 ) ) ;
#5293 = AXIS2_PLACEMENT_3D ( 'NONE', #21, #5868, #2968 ) ;
#5294 = ORIENTED_EDGE ( 'NONE', *, *, #738, .T. ) ;
#5295 = FACE_OUTER_BOUND ( 'NONE', #2749, .T. ) ;
#5296 = DIRECTION ( 'NONE',  ( -1.000000000000000000, 0.000000000000000000, 0.000000000000000000 ) ) ;
#5297 = CARTESIAN_POINT ( 'NONE',  ( -7.000000000000000000, 2.815982290881520189, 0.1320747280209413899 ) ) ;
#5298 = CIRCLE ( 'NONE', #5925, 12.59999999999749853 ) ;
#5299 = CARTESIAN_POINT ( 'NONE',  ( -7.000000000000000000, -2.355809106513079954, 1.548342161800734917 ) ) ;
#5300 = EDGE_CURVE ( 'NONE', #1361, #6249, #5785, .T. ) ;
#5301 = DIRECTION ( 'NONE',  ( -1.000000000000000000, 0.000000000000000000, 0.000000000000000000 ) ) ;
#5302 = CARTESIAN_POINT ( 'NONE',  ( 4.000000000000000000, 1.212710337028163822E-13, -11.24899999999771971 ) ) ;
#5303 = LINE ( 'NONE', #559, #2890 ) ;
#5304 = ORIENTED_EDGE ( 'NONE', *, *, #5798, .F. ) ;
#5305 = ORIENTED_EDGE ( 'NONE', *, *, #2070, .F. ) ;
#5306 = EDGE_LOOP ( 'NONE', ( #3164, #3305, #4547, #1815 ) ) ;
#5307 = CARTESIAN_POINT ( 'NONE',  ( 0.000000000000000000, -11.27452294072310046, 5.000829282088879779 ) ) ;
#5308 = EDGE_CURVE ( 'NONE', #2698, #2697, #5666, .T. ) ;
#5309 = ADVANCED_FACE ( 'NONE', ( #497 ), #1039, .T. ) ;
#5310 = LINE ( 'NONE', #1224, #6654 ) ;
#5311 = CARTESIAN_POINT ( 'NONE',  ( 3.500000000000000000, 11.06516926556250091, -2.025346914580160362 ) ) ;
#5312 = ORIENTED_EDGE ( 'NONE', *, *, #7609, .F. ) ;
#5313 = ORIENTED_EDGE ( 'NONE', *, *, #5944, .T. ) ;
#5314 = ORIENTED_EDGE ( 'NONE', *, *, #7248, .T. ) ;
#5315 = ADVANCED_FACE ( 'NONE', ( #7509 ), #929, .T. ) ;
#5316 = EDGE_CURVE ( 'NONE', #1267, #161, #1337, .T. ) ;
#5317 = DIRECTION ( 'NONE',  ( -1.000000000000000000, 0.000000000000000000, 0.000000000000000000 ) ) ;
#5318 = DIRECTION ( 'NONE',  ( -1.000000000000000000, 0.000000000000000000, 0.000000000000000000 ) ) ;
#5319 = DIRECTION ( 'NONE',  ( -1.000000000000000000, 0.000000000000000000, 0.000000000000000000 ) ) ;
#5320 = CYLINDRICAL_SURFACE ( 'NONE', #123, 4.799999999999037925 ) ;
#5321 = EDGE_LOOP ( 'NONE', ( #3937, #2463, #4052, #92 ) ) ;
#5322 = ORIENTED_EDGE ( 'NONE', *, *, #1938, .T. ) ;
#5323 = ADVANCED_FACE ( 'NONE', ( #7544 ), #4594, .T. ) ;
#5324 = CARTESIAN_POINT ( 'NONE',  ( 4.000000000000000000, -11.16713147563269892, 1.565367224445439964 ) ) ;
#5325 = DIRECTION ( 'NONE',  ( -1.000000000000000000, 0.000000000000000000, 0.000000000000000000 ) ) ;
#5326 = DIRECTION ( 'NONE',  ( 1.000000000000000000, 0.000000000000000000, 0.000000000000000000 ) ) ;
#5327 = ORIENTED_EDGE ( 'NONE', *, *, #2728, .F. ) ;
#5328 = CARTESIAN_POINT ( 'NONE',  ( 0.000000000000000000, -1.493105967824160052, -11.14946795003230129 ) ) ;
#5329 = DIRECTION ( 'NONE',  ( -1.000000000000000000, 0.000000000000000000, 0.000000000000000000 ) ) ;
#5330 = CARTESIAN_POINT ( 'NONE',  ( -6.450000000000000178, -3.401226394052229818, -1.179685982114095921 ) ) ;
#5331 = DIRECTION ( 'NONE',  ( 1.000000000000000000, 0.000000000000000000, 0.000000000000000000 ) ) ;
#5332 = CARTESIAN_POINT ( 'NONE',  ( -6.450000000000000178, 2.815982290881520189, -0.1320747280206593932 ) ) ;
#5333 = DIRECTION ( 'NONE',  ( 0.000000000000000000, 0.000000000000000000, 1.000000000000000000 ) ) ;
#5334 = ORIENTED_EDGE ( 'NONE', *, *, #7269, .T. ) ;
#5335 = CARTESIAN_POINT ( 'NONE',  ( 0.000000000000000000, 0.000000000000000000, 0.000000000000000000 ) ) ;
#5336 = CIRCLE ( 'NONE', #293, 4.799999999999040590 ) ;
#5337 = ORIENTED_EDGE ( 'NONE', *, *, #3627, .F. ) ;
#5338 = ORIENTED_EDGE ( 'NONE', *, *, #6685, .T. ) ;
#5339 = VERTEX_POINT ( 'NONE', #7426 ) ;
#5340 = CYLINDRICAL_SURFACE ( 'NONE', #2726, 4.799999999999039701 ) ;
#5341 = AXIS2_PLACEMENT_3D ( 'NONE', #4122, #6437, #5930 ) ;
#5342 = CARTESIAN_POINT ( 'NONE',  ( 0.000000000000000000, -8.114299373255219550, 7.830283878801910014 ) ) ;
#5343 = CIRCLE ( 'NONE', #1159, 12.59999999999749853 ) ;
#5344 = CARTESIAN_POINT ( 'NONE',  ( -10.00000000000000000, 0.000000000000000000, 0.000000000000000000 ) ) ;
#5345 = AXIS2_PLACEMENT_3D ( 'NONE', #7129, #3103, #1252 ) ;
#5346 = VERTEX_POINT ( 'NONE', #6259 ) ;
#5347 = AXIS2_PLACEMENT_3D ( 'NONE', #7058, #1754, #4120 ) ;
#5348 = VERTEX_POINT ( 'NONE', #7468 ) ;
#5349 = ORIENTED_EDGE ( 'NONE', *, *, #6754, .F. ) ;
#5350 = AXIS2_PLACEMENT_3D ( 'NONE', #2516, #2020, #4415 ) ;
#5351 = DIRECTION ( 'NONE',  ( -1.000000000000000000, 0.000000000000000000, 0.000000000000000000 ) ) ;
#5352 = CIRCLE ( 'NONE', #3768, 2.248999999999639954 ) ;
#5353 = FILL_AREA_STYLE_COLOUR ( '', #2158 ) ;
#5354 = VECTOR ( 'NONE', #5768, 1000.000000000000000 ) ;
#5355 = CARTESIAN_POINT ( 'NONE',  ( 4.000000000000000000, -3.218884409939605451, 10.77862626476109931 ) ) ;
#5356 = VECTOR ( 'NONE', #3420, 1000.000000000000000 ) ;
#5357 = ADVANCED_FACE ( 'NONE', ( #2131 ), #388, .T. ) ;
#5358 = EDGE_CURVE ( 'NONE', #912, #5495, #2173, .T. ) ;
#5359 = VECTOR ( 'NONE', #4787, 1000.000000000000000 ) ;
#5360 = FACE_OUTER_BOUND ( 'NONE', #3532, .T. ) ;
#5361 = EDGE_CURVE ( 'NONE', #6581, #7635, #2709, .T. ) ;
#5362 = ORIENTED_EDGE ( 'NONE', *, *, #636, .T. ) ;
#5363 = AXIS2_PLACEMENT_3D ( 'NONE', #5501, #755, #5459 ) ;
#5364 = DIRECTION ( 'NONE',  ( 1.000000000000000000, 0.000000000000000000, 0.000000000000000000 ) ) ;
#5365 = LINE ( 'NONE', #1244, #3148 ) ;
#5366 = LINE ( 'NONE', #4682, #3750 ) ;
#5367 = EDGE_CURVE ( 'NONE', #4666, #2719, #5826, .T. ) ;
#5368 = EDGE_CURVE ( 'NONE', #3982, #3664, #5284, .T. ) ;
#5369 = VERTEX_POINT ( 'NONE', #5942 ) ;
#5370 = DIRECTION ( 'NONE',  ( 0.000000000000000000, 0.000000000000000000, 1.000000000000000000 ) ) ;
#5371 = CARTESIAN_POINT ( 'NONE',  ( -6.450000000000000178, 2.200545951850900295, -1.762043560793029817 ) ) ;
#5372 = CARTESIAN_POINT ( 'NONE',  ( -6.450000000000000178, 0.7445758530192559954, -2.718971643000310134 ) ) ;
#5373 = CARTESIAN_POINT ( 'NONE',  ( 0.000000000000000000, 0.000000000000000000, 0.000000000000000000 ) ) ;
#5374 = LINE ( 'NONE', #5957, #1594 ) ;
#5375 = CARTESIAN_POINT ( 'NONE',  ( 4.000000000000000000, 5.297466504774010154, 9.954498911157338981 ) ) ;
#5376 = DIRECTION ( 'NONE',  ( 1.000000000000000000, 0.000000000000000000, 0.000000000000000000 ) ) ;
#5377 = AXIS2_PLACEMENT_3D ( 'NONE', #5154, #407, #7557 ) ;
#5378 = ORIENTED_EDGE ( 'NONE', *, *, #502, .F. ) ;
#5379 = CIRCLE ( 'NONE', #70, 4.799999999999039701 ) ;
#5380 = ORIENTED_EDGE ( 'NONE', *, *, #126, .F. ) ;
#5381 = CARTESIAN_POINT ( 'NONE',  ( 0.000000000000000000, 3.401226394052385249, -1.179685982114059950 ) ) ;
#5382 = CYLINDRICAL_SURFACE ( 'NONE', #3577, 11.24899999999770017 ) ;
#5383 = ORIENTED_EDGE ( 'NONE', *, *, #7458, .T. ) ;
#5384 = CYLINDRICAL_SURFACE ( 'NONE', #5850, 4.799999999999039701 ) ;
#5385 = ORIENTED_EDGE ( 'NONE', *, *, #6139, .F. ) ;
#5386 = ORIENTED_EDGE ( 'NONE', *, *, #3705, .F. ) ;
#5387 = EDGE_CURVE ( 'NONE', #5144, #5631, #5246, .T. ) ;
#5388 = ORIENTED_EDGE ( 'NONE', *, *, #432, .T. ) ;
#5389 = CARTESIAN_POINT ( 'NONE',  ( 0.000000000000000000, -6.464524009011229921, -9.239325152756160620 ) ) ;
#5390 = ORIENTED_EDGE ( 'NONE', *, *, #6650, .T. ) ;
#5391 = DIRECTION ( 'NONE',  ( 1.000000000000000000, 0.000000000000000000, 0.000000000000000000 ) ) ;
#5392 = ADVANCED_FACE ( 'NONE', ( #4745 ), #2355, .F. ) ;
#5393 = CYLINDRICAL_SURFACE ( 'NONE', #2340, 12.59999999999749853 ) ;
#5394 = AXIS2_PLACEMENT_3D ( 'NONE', #3239, #5664, #372 ) ;
#5395 = DIRECTION ( 'NONE',  ( 1.000000000000000000, 0.000000000000000000, 0.000000000000000000 ) ) ;
#5396 = ORIENTED_EDGE ( 'NONE', *, *, #7172, .T. ) ;
#5397 = AXIS2_PLACEMENT_3D ( 'NONE', #947, #367, #5620 ) ;
#5398 = CARTESIAN_POINT ( 'NONE',  ( 4.000000000000000000, 3.218884409939675173, -10.77862626476100161 ) ) ;
#5399 = EDGE_CURVE ( 'NONE', #2680, #4518, #3330, .T. ) ;
#5400 = AXIS2_PLACEMENT_3D ( 'NONE', #3912, #1662, #6332 ) ;
#5401 = ADVANCED_FACE ( 'NONE', ( #1735 ), #3480, .T. ) ;
#5402 = ADVANCED_FACE ( 'NONE', ( #5280 ), #644, .T. ) ;
#5403 = DIRECTION ( 'NONE',  ( -1.000000000000000000, 0.000000000000000000, 0.000000000000000000 ) ) ;
#5404 = CARTESIAN_POINT ( 'NONE',  ( 4.000000000000000000, -10.66064884975989990, -3.675019189548209830 ) ) ;
#5405 = VECTOR ( 'NONE', #4042, 1000.000000000000000 ) ;
#5406 = AXIS2_PLACEMENT_3D ( 'NONE', #4513, #918, #3325 ) ;
#5407 = EDGE_LOOP ( 'NONE', ( #4470, #3303, #4058, #6950 ) ) ;
#5408 = DIRECTION ( 'NONE',  ( -1.000000000000000000, 0.000000000000000000, 0.000000000000000000 ) ) ;
#5409 = CARTESIAN_POINT ( 'NONE',  ( 0.000000000000000000, -10.64569177227129870, 6.740122156885020033 ) ) ;
#5410 = DIRECTION ( 'NONE',  ( 0.000000000000000000, 0.000000000000000000, -1.000000000000000000 ) ) ;
#5411 = EDGE_CURVE ( 'NONE', #648, #2889, #1215, .T. ) ;
#5412 = DIRECTION ( 'NONE',  ( 1.000000000000000000, 0.000000000000000000, 0.000000000000000000 ) ) ;
#5413 = CIRCLE ( 'NONE', #4921, 2.248999999999555133 ) ;
#5414 = CARTESIAN_POINT ( 'NONE',  ( 4.000000000000000000, -4.939586103593700095, 10.13684808343399979 ) ) ;
#5415 = CARTESIAN_POINT ( 'NONE',  ( -10.00000000000000000, 0.000000000000000000, 0.000000000000000000 ) ) ;
#5416 = ORIENTED_EDGE ( 'NONE', *, *, #3571, .T. ) ;
#5417 = DIRECTION ( 'NONE',  ( 1.000000000000000000, 0.000000000000000000, 0.000000000000000000 ) ) ;
#5418 = AXIS2_PLACEMENT_3D ( 'NONE', #5087, #4054, #2853 ) ;
#5419 = ORIENTED_EDGE ( 'NONE', *, *, #3242, .T. ) ;
#5420 = DIRECTION ( 'NONE',  ( 1.000000000000000000, 0.000000000000000000, 0.000000000000000000 ) ) ;
#5421 = ADVANCED_FACE ( 'NONE', ( #1235 ), #7145, .T. ) ;
#5422 = LINE ( 'NONE', #6008, #489 ) ;
#5423 = CYLINDRICAL_SURFACE ( 'NONE', #936, 1.199999999999759925 ) ;
#5424 = ORIENTED_EDGE ( 'NONE', *, *, #3361, .T. ) ;
#5425 = EDGE_LOOP ( 'NONE', ( #133, #2449, #3065, #3623 ) ) ;
#5426 = VERTEX_POINT ( 'NONE', #7073 ) ;
#5427 = LINE ( 'NONE', #3488, #3350 ) ;
#5428 = DIRECTION ( 'NONE',  ( 0.000000000000000000, 0.000000000000000000, 1.000000000000000000 ) ) ;
#5429 = ORIENTED_EDGE ( 'NONE', *, *, #2644, .F. ) ;
#5430 = LINE ( 'NONE', #138, #2646 ) ;
#5431 = ORIENTED_EDGE ( 'NONE', *, *, #3407, .F. ) ;
#5432 = CARTESIAN_POINT ( 'NONE',  ( 0.000000000000000000, 0.000000000000000000, 0.000000000000000000 ) ) ;
#5433 = DIRECTION ( 'NONE',  ( 1.000000000000000000, 0.000000000000000000, 0.000000000000000000 ) ) ;
#5434 = ADVANCED_FACE ( 'NONE', ( #2389 ), #4136, .T. ) ;
#5435 = ORIENTED_EDGE ( 'NONE', *, *, #6042, .F. ) ;
#5436 = ORIENTED_EDGE ( 'NONE', *, *, #6313, .F. ) ;
#5437 = DIRECTION ( 'NONE',  ( 1.000000000000000000, 0.000000000000000000, 0.000000000000000000 ) ) ;
#5438 = CARTESIAN_POINT ( 'NONE',  ( 0.000000000000000000, 3.120537423421680057, -12.20746682112880066 ) ) ;
#5439 = DIRECTION ( 'NONE',  ( 0.000000000000000000, 0.000000000000000000, 1.000000000000000000 ) ) ;
#5440 = AXIS2_PLACEMENT_3D ( 'NONE', #241, #4374, #6572 ) ;
#5441 = EDGE_CURVE ( 'NONE', #1423, #5270, #3690, .T. ) ;
#5442 = VECTOR ( 'NONE', #6468, 1000.000000000000000 ) ;
#5443 = CIRCLE ( 'NONE', #4732, 1.199999999999757927 ) ;
#5444 = ORIENTED_EDGE ( 'NONE', *, *, #2180, .T. ) ;
#5445 = DIRECTION ( 'NONE',  ( 0.000000000000000000, 0.000000000000000000, 1.000000000000000000 ) ) ;
#5446 = CYLINDRICAL_SURFACE ( 'NONE', #4239, 4.799999999999039701 ) ;
#5447 = CARTESIAN_POINT ( 'NONE',  ( 0.000000000000000000, 0.000000000000000000, 0.000000000000000000 ) ) ;
#5448 = CARTESIAN_POINT ( 'NONE',  ( 1.750000000000000000, -9.699936772440191035, -8.041842239847730056 ) ) ;
#5449 = LINE ( 'NONE', #746, #4981 ) ;
#5450 = DIRECTION ( 'NONE',  ( -1.000000000000000000, 0.000000000000000000, 0.000000000000000000 ) ) ;
#5451 = ADVANCED_FACE ( 'NONE', ( #6413 ), #19, .T. ) ;
#5452 = ADVANCED_FACE ( 'NONE', ( #7109 ), #2279, .T. ) ;
#5453 = ORIENTED_EDGE ( 'NONE', *, *, #4982, .T. ) ;
#5454 = DIRECTION ( 'NONE',  ( 0.000000000000000000, 0.000000000000000000, 1.000000000000000000 ) ) ;
#5455 = EDGE_LOOP ( 'NONE', ( #5385, #1617, #398, #2084 ) ) ;
#5456 = LINE ( 'NONE', #3857, #375 ) ;
#5457 = VECTOR ( 'NONE', #5881, 1000.000000000000000 ) ;
#5458 = DIRECTION ( 'NONE',  ( -1.000000000000000000, 0.000000000000000000, 0.000000000000000000 ) ) ;
#5459 = DIRECTION ( 'NONE',  ( 0.000000000000000000, 0.000000000000000000, -1.000000000000000000 ) ) ;
#5460 = CIRCLE ( 'NONE', #2015, 1.199999999999755929 ) ;
#5461 = EDGE_CURVE ( 'NONE', #5495, #1267, #6150, .T. ) ;
#5462 = ORIENTED_EDGE ( 'NONE', *, *, #5617, .F. ) ;
#5463 = VERTEX_POINT ( 'NONE', #6524 ) ;
#5464 = ORIENTED_EDGE ( 'NONE', *, *, #988, .T. ) ;
#5465 = DIRECTION ( 'NONE',  ( -1.000000000000000000, 0.000000000000000000, 0.000000000000000000 ) ) ;
#5466 = DIRECTION ( 'NONE',  ( -1.000000000000000000, 0.000000000000000000, 0.000000000000000000 ) ) ;
#5467 = ORIENTED_EDGE ( 'NONE', *, *, #2318, .F. ) ;
#5468 = AXIS2_PLACEMENT_3D ( 'NONE', #5069, #2764, #1602 ) ;
#5469 = FACE_OUTER_BOUND ( 'NONE', #5200, .T. ) ;
#5470 = CARTESIAN_POINT ( 'NONE',  ( -6.450000000000000178, 3.445051977127905118, -1.044804706575420017 ) ) ;
#5471 = AXIS2_PLACEMENT_3D ( 'NONE', #3269, #3926, #4530 ) ;
#5472 = AXIS2_PLACEMENT_3D ( 'NONE', #3123, #3668, #2426 ) ;
#5473 = CARTESIAN_POINT ( 'NONE',  ( 0.000000000000000000, -8.322493165920828773, 9.460238237123709482 ) ) ;
#5474 = ORIENTED_EDGE ( 'NONE', *, *, #1152, .F. ) ;
#5475 = AXIS2_PLACEMENT_3D ( 'NONE', #2441, #3649, #2412 ) ;
#5476 = AXIS2_PLACEMENT_3D ( 'NONE', #4574, #6937, #3425 ) ;
#5477 = VERTEX_POINT ( 'NONE', #3595 ) ;
#5478 = DIRECTION ( 'NONE',  ( 1.000000000000000000, 0.000000000000000000, 0.000000000000000000 ) ) ;
#5479 = VERTEX_POINT ( 'NONE', #5207 ) ;
#5480 = DIRECTION ( 'NONE',  ( 0.000000000000000000, 0.000000000000000000, 1.000000000000000000 ) ) ;
#5481 = CARTESIAN_POINT ( 'NONE',  ( 4.000000000000000000, -9.699936772440310051, 8.041842239847589724 ) ) ;
#5482 = AXIS2_PLACEMENT_3D ( 'NONE', #2686, #2722, #5025 ) ;
#5483 = VECTOR ( 'NONE', #3001, 1000.000000000000000 ) ;
#5484 = VECTOR ( 'NONE', #5178, 1000.000000000000000 ) ;
#5485 = VERTEX_POINT ( 'NONE', #804 ) ;
#5486 = ORIENTED_EDGE ( 'NONE', *, *, #470, .T. ) ;
#5487 = CARTESIAN_POINT ( 'NONE',  ( 0.000000000000000000, 2.220648660249954887, 0.3559782686182469957 ) ) ;
#5488 = LINE ( 'NONE', #6777, #3262 ) ;
#5489 = CARTESIAN_POINT ( 'NONE',  ( 0.000000000000000000, 10.83853574337780046, 6.425429397282259814 ) ) ;
#5490 = CYLINDRICAL_SURFACE ( 'NONE', #7136, 1.199999999999759925 ) ;
#5491 = CARTESIAN_POINT ( 'NONE',  ( 3.500000000000000000, 8.142483381817909205, 7.761440934309069561 ) ) ;
#5492 = DIRECTION ( 'NONE',  ( 0.000000000000000000, 0.000000000000000000, 1.000000000000000000 ) ) ;
#5493 = ADVANCED_FACE ( 'NONE', ( #2462 ), #762, .T. ) ;
#5494 = EDGE_CURVE ( 'NONE', #2723, #1567, #3565, .T. ) ;
#5495 = VERTEX_POINT ( 'NONE', #5507 ) ;
#5496 = DIRECTION ( 'NONE',  ( -1.000000000000000000, 0.000000000000000000, 0.000000000000000000 ) ) ;
#5497 = ORIENTED_EDGE ( 'NONE', *, *, #5274, .T. ) ;
#5498 = CYLINDRICAL_SURFACE ( 'NONE', #1618, 1.199999999999755929 ) ;
#5499 = CARTESIAN_POINT ( 'NONE',  ( 4.000000000000000000, -11.16713147563269892, -1.565367224445599836 ) ) ;
#5500 = ADVANCED_FACE ( 'NONE', ( #7225 ), #3666, .T. ) ;
#5501 = CARTESIAN_POINT ( 'NONE',  ( 4.000000000000000000, 0.000000000000000000, 0.000000000000000000 ) ) ;
#5502 = ADVANCED_FACE ( 'NONE', ( #6635 ), #721, .T. ) ;
#5503 = VERTEX_POINT ( 'NONE', #7300 ) ;
#5504 = VERTEX_POINT ( 'NONE', #2581 ) ;
#5505 = VERTEX_POINT ( 'NONE', #2498 ) ;
#5506 = DIRECTION ( 'NONE',  ( 0.000000000000000000, 0.000000000000000000, -1.000000000000000000 ) ) ;
#5507 = CARTESIAN_POINT ( 'NONE',  ( 0.000000000000000000, 10.14237902864189955, -4.865403235017109473 ) ) ;
#5508 = EDGE_LOOP ( 'NONE', ( #2921, #7657, #5419, #6200 ) ) ;
#5509 = DIRECTION ( 'NONE',  ( 0.000000000000000000, 0.000000000000000000, 1.000000000000000000 ) ) ;
#5510 = ORIENTED_EDGE ( 'NONE', *, *, #5798, .T. ) ;
#5511 = ADVANCED_FACE ( 'NONE', ( #3121 ), #6600, .T. ) ;
#5512 = CYLINDRICAL_SURFACE ( 'NONE', #1352, 12.59999999999749853 ) ;
#5513 = CYLINDRICAL_SURFACE ( 'NONE', #826, 4.799999999999039701 ) ;
#5514 = ORIENTED_EDGE ( 'NONE', *, *, #2578, .F. ) ;
#5515 = CARTESIAN_POINT ( 'NONE',  ( 0.000000000000000000, 6.938893903907229640E-14, 1.179611963664229834E-13 ) ) ;
#5516 = DIRECTION ( 'NONE',  ( 1.000000000000000000, 0.000000000000000000, 0.000000000000000000 ) ) ;
#5517 = ORIENTED_EDGE ( 'NONE', *, *, #1548, .T. ) ;
#5518 = CARTESIAN_POINT ( 'NONE',  ( -6.450000000000000178, 2.355809106513210072, 1.548342161800750238 ) ) ;
#5519 = ORIENTED_EDGE ( 'NONE', *, *, #6746, .T. ) ;
#5520 = CARTESIAN_POINT ( 'NONE',  ( -6.450000000000000178, -0.07091128299288250447, -3.599301541957579786 ) ) ;
#5521 = CIRCLE ( 'NONE', #2086, 4.799999999999039701 ) ;
#5522 = VERTEX_POINT ( 'NONE', #4354 ) ;
#5523 = ORIENTED_EDGE ( 'NONE', *, *, #2592, .F. ) ;
#5524 = AXIS2_PLACEMENT_3D ( 'NONE', #6920, #306, #2087 ) ;
#5525 = ORIENTED_EDGE ( 'NONE', *, *, #3110, .T. ) ;
#5526 = CARTESIAN_POINT ( 'NONE',  ( 4.000000000000000000, 10.14237902864188001, -4.865403235017099703 ) ) ;
#5527 = CARTESIAN_POINT ( 'NONE',  ( 3.500000000000000000, -3.675019189548019760, -10.66064884975999938 ) ) ;
#5528 = DIRECTION ( 'NONE',  ( -1.000000000000000000, 0.000000000000000000, 0.000000000000000000 ) ) ;
#5529 = CARTESIAN_POINT ( 'NONE',  ( -6.450000000000000178, 6.938893903907229640E-14, 1.179611963664229834E-13 ) ) ;
#5530 = DIRECTION ( 'NONE',  ( 0.000000000000000000, 0.000000000000000000, 1.000000000000000000 ) ) ;
#5531 = DIRECTION ( 'NONE',  ( -1.000000000000000000, 0.000000000000000000, 0.000000000000000000 ) ) ;
#5532 = CIRCLE ( 'NONE', #1718, 12.59999999999747899 ) ;
#5533 = CIRCLE ( 'NONE', #4186, 1.199999999999765921 ) ;
#5534 = ADVANCED_FACE ( 'NONE', ( #3788 ), #4399, .T. ) ;
#5535 = ORIENTED_EDGE ( 'NONE', *, *, #2870, .T. ) ;
#5536 = ORIENTED_EDGE ( 'NONE', *, *, #3394, .T. ) ;
#5537 = FACE_OUTER_BOUND ( 'NONE', #5279, .T. ) ;
#5538 = AXIS2_PLACEMENT_3D ( 'NONE', #7266, #3632, #6639 ) ;
#5539 = FACE_OUTER_BOUND ( 'NONE', #6750, .T. ) ;
#5540 = ORIENTED_EDGE ( 'NONE', *, *, #6564, .T. ) ;
#5541 = DIRECTION ( 'NONE',  ( -1.000000000000000000, 0.000000000000000000, 0.000000000000000000 ) ) ;
#5542 = CIRCLE ( 'NONE', #1846, 12.59999999999749853 ) ;
#5543 = VECTOR ( 'NONE', #4765, 1000.000000000000000 ) ;
#5544 = DIRECTION ( 'NONE',  ( -1.000000000000000000, 0.000000000000000000, 0.000000000000000000 ) ) ;
#5545 = CARTESIAN_POINT ( 'NONE',  ( 0.000000000000000000, -10.78476817202770022, -3.293019194759220003 ) ) ;
#5546 = AXIS2_PLACEMENT_3D ( 'NONE', #846, #7339, #3710 ) ;
#5547 = ORIENTED_EDGE ( 'NONE', *, *, #2783, .T. ) ;
#5548 = ADVANCED_FACE ( 'NONE', ( #4319 ), #841, .T. ) ;
#5549 = VERTEX_POINT ( 'NONE', #4963 ) ;
#5550 = EDGE_CURVE ( 'NONE', #6141, #5817, #4285, .T. ) ;
#5551 = VERTEX_POINT ( 'NONE', #4927 ) ;
#5552 = CARTESIAN_POINT ( 'NONE',  ( 0.000000000000000000, -5.297466504774070550, 9.954498911157299901 ) ) ;
#5553 = DIRECTION ( 'NONE',  ( 0.000000000000000000, 0.000000000000000000, 1.000000000000000000 ) ) ;
#5554 = VERTEX_POINT ( 'NONE', #178 ) ;
#5555 = DIRECTION ( 'NONE',  ( -1.000000000000000000, 0.000000000000000000, 0.000000000000000000 ) ) ;
#5556 = DIRECTION ( 'NONE',  ( -1.000000000000000000, 0.000000000000000000, 0.000000000000000000 ) ) ;
#5557 = AXIS2_PLACEMENT_3D ( 'NONE', #2694, #3112, #164 ) ;
#5558 = DIRECTION ( 'NONE',  ( 0.000000000000000000, 0.000000000000000000, 1.000000000000000000 ) ) ;
#5559 = EDGE_CURVE ( 'NONE', #6329, #6675, #5533, .T. ) ;
#5560 = ORIENTED_EDGE ( 'NONE', *, *, #731, .F. ) ;
#5561 = ADVANCED_FACE ( 'NONE', ( #3166, #3827 ), #2622, .T. ) ;
#5562 = LINE ( 'NONE', #7347, #6774 ) ;
#5563 = CARTESIAN_POINT ( 'NONE',  ( 3.500000000000000000, -10.66064884975989990, -3.675019189548209830 ) ) ;
#5564 = CARTESIAN_POINT ( 'NONE',  ( 0.000000000000000000, 9.003236172274210247, 6.789472613369049725 ) ) ;
#5565 = DIRECTION ( 'NONE',  ( -1.000000000000000000, 0.000000000000000000, 0.000000000000000000 ) ) ;
#5566 = ORIENTED_EDGE ( 'NONE', *, *, #3526, .F. ) ;
#5567 = ORIENTED_EDGE ( 'NONE', *, *, #5671, .T. ) ;
#5568 = ADVANCED_FACE ( 'NONE', ( #7335 ), #1967, .T. ) ;
#5569 = ORIENTED_EDGE ( 'NONE', *, *, #4388, .T. ) ;
#5570 = FACE_OUTER_BOUND ( 'NONE', #4012, .T. ) ;
#5571 = CARTESIAN_POINT ( 'NONE',  ( 0.000000000000000000, -3.120537423421419820, -12.20746682112890191 ) ) ;
#5572 = DIRECTION ( 'NONE',  ( -1.000000000000000000, 0.000000000000000000, 0.000000000000000000 ) ) ;
#5573 = DIRECTION ( 'NONE',  ( 0.000000000000000000, 0.000000000000000000, 1.000000000000000000 ) ) ;
#5574 = LINE ( 'NONE', #3270, #5734 ) ;
#5575 = VERTEX_POINT ( 'NONE', #2048 ) ;
#5576 = DIRECTION ( 'NONE',  ( 1.000000000000000000, 0.000000000000000000, 0.000000000000000000 ) ) ;
#5577 = DIRECTION ( 'NONE',  ( 0.000000000000000000, 0.9510565162951544194, -0.3090169943749450643 ) ) ;
#5578 = ORIENTED_EDGE ( 'NONE', *, *, #3679, .T. ) ;
#5579 = CARTESIAN_POINT ( 'NONE',  ( 4.000000000000000000, 10.64569177227122054, 6.740122156885109739 ) ) ;
#5580 = CARTESIAN_POINT ( 'NONE',  ( 1.750000000000000000, -12.57428996311180036, 0.8045072551091090318 ) ) ;
#5581 = CYLINDRICAL_SURFACE ( 'NONE', #1900, 4.799999999999039701 ) ;
#5582 = ORIENTED_EDGE ( 'NONE', *, *, #501, .F. ) ;
#5583 = ORIENTED_EDGE ( 'NONE', *, *, #2571, .F. ) ;
#5584 = ORIENTED_EDGE ( 'NONE', *, *, #1025, .F. ) ;
#5585 = DIRECTION ( 'NONE',  ( -1.000000000000000000, 0.000000000000000000, 0.000000000000000000 ) ) ;
#5586 = CARTESIAN_POINT ( 'NONE',  ( -6.450000000000000178, 2.355809106513230056, -1.548342161800480010 ) ) ;
#5587 = ORIENTED_EDGE ( 'NONE', *, *, #944, .T. ) ;
#5588 = CARTESIAN_POINT ( 'NONE',  ( 3.500000000000000000, -9.239325152756130421, 6.464524009011260119 ) ) ;
#5589 = DIRECTION ( 'NONE',  ( 0.000000000000000000, 0.000000000000000000, -1.000000000000000000 ) ) ;
#5590 = AXIS2_PLACEMENT_3D ( 'NONE', #279, #6191, #4337 ) ;
#5591 = EDGE_CURVE ( 'NONE', #4131, #4693, #5172, .T. ) ;
#5592 = AXIS2_PLACEMENT_3D ( 'NONE', #3842, #3755, #856 ) ;
#5593 = DIRECTION ( 'NONE',  ( 0.000000000000000000, 0.000000000000000000, -1.000000000000000000 ) ) ;
#5594 = ORIENTED_EDGE ( 'NONE', *, *, #6362, .F. ) ;
#5595 = DIRECTION ( 'NONE',  ( -1.000000000000000000, 0.000000000000000000, 0.000000000000000000 ) ) ;
#5596 = DIRECTION ( 'NONE',  ( -1.000000000000000000, 0.000000000000000000, 0.000000000000000000 ) ) ;
#5597 = CIRCLE ( 'NONE', #1278, 11.24899999999778011 ) ;
#5598 = DIRECTION ( 'NONE',  ( 0.000000000000000000, 0.000000000000000000, 1.000000000000000000 ) ) ;
#5599 = CARTESIAN_POINT ( 'NONE',  ( 4.000000000000000000, -11.27452294072310046, -0.2008292820900010045 ) ) ;
#5600 = VECTOR ( 'NONE', #1646, 1000.000000000000000 ) ;
#5601 = ADVANCED_FACE ( 'NONE', ( #4245 ), #1507, .T. ) ;
#5602 = ADVANCED_FACE ( 'NONE', ( #3247 ), #3865, .T. ) ;
#5603 = AXIS2_PLACEMENT_3D ( 'NONE', #4418, #283, #1444 ) ;
#5604 = CIRCLE ( 'NONE', #6101, 11.24899999999770372 ) ;
#5605 = EDGE_LOOP ( 'NONE', ( #413, #5932, #3720, #3388 ) ) ;
#5606 = ORIENTED_EDGE ( 'NONE', *, *, #5757, .T. ) ;
#5607 = CIRCLE ( 'NONE', #2282, 4.799999999999039701 ) ;
#5608 = AXIS2_PLACEMENT_3D ( 'NONE', #5414, #4691, #1908 ) ;
#5609 = EDGE_LOOP ( 'NONE', ( #5133, #3588, #1848, #1897 ) ) ;
#5610 = DIRECTION ( 'NONE',  ( -1.000000000000000000, 0.000000000000000000, 0.000000000000000000 ) ) ;
#5611 = CARTESIAN_POINT ( 'NONE',  ( 0.000000000000000000, 0.000000000000000000, 0.000000000000000000 ) ) ;
#5612 = DIRECTION ( 'NONE',  ( -1.000000000000000000, 0.000000000000000000, 0.000000000000000000 ) ) ;
#5613 = CIRCLE ( 'NONE', #4260, 1.199999999999759925 ) ;
#5614 = DIRECTION ( 'NONE',  ( 1.000000000000000000, 0.000000000000000000, 0.000000000000000000 ) ) ;
#5615 = DIRECTION ( 'NONE',  ( 0.000000000000000000, 0.000000000000000000, -1.000000000000000000 ) ) ;
#5616 = AXIS2_PLACEMENT_3D ( 'NONE', #7110, #5943, #2356 ) ;
#5617 = EDGE_CURVE ( 'NONE', #6033, #4105, #3954, .T. ) ;
#5618 = AXIS2_PLACEMENT_3D ( 'NONE', #6889, #3035, #7137 ) ;
#5619 = ORIENTED_EDGE ( 'NONE', *, *, #6128, .T. ) ;
#5620 = DIRECTION ( 'NONE',  ( 0.000000000000000000, 0.000000000000000000, -1.000000000000000000 ) ) ;
#5621 = DIRECTION ( 'NONE',  ( -1.000000000000000000, 0.000000000000000000, 0.000000000000000000 ) ) ;
#5622 = ORIENTED_EDGE ( 'NONE', *, *, #5976, .F. ) ;
#5623 = DIRECTION ( 'NONE',  ( 0.000000000000000000, 0.000000000000000000, 1.000000000000000000 ) ) ;
#5624 = CARTESIAN_POINT ( 'NONE',  ( 4.000000000000000000, 0.000000000000000000, 0.000000000000000000 ) ) ;
#5625 = EDGE_CURVE ( 'NONE', #6529, #4295, #3335, .T. ) ;
#5626 = DIRECTION ( 'NONE',  ( -1.000000000000000000, 0.000000000000000000, 0.000000000000000000 ) ) ;
#5627 = VERTEX_POINT ( 'NONE', #2743 ) ;
#5628 = VERTEX_POINT ( 'NONE', #4476 ) ;
#5629 = AXIS2_PLACEMENT_3D ( 'NONE', #2271, #3365, #3983 ) ;
#5630 = VERTEX_POINT ( 'NONE', #2240 ) ;
#5631 = VERTEX_POINT ( 'NONE', #4550 ) ;
#5632 = CYLINDRICAL_SURFACE ( 'NONE', #7541, 11.24899999999770017 ) ;
#5633 = DIRECTION ( 'NONE',  ( 0.000000000000000000, 0.000000000000000000, 1.000000000000000000 ) ) ;
#5634 = ORIENTED_EDGE ( 'NONE', *, *, #3317, .T. ) ;
#5635 = LINE ( 'NONE', #2050, #167 ) ;
#5636 = DIRECTION ( 'NONE',  ( -1.000000000000000000, 0.000000000000000000, 0.000000000000000000 ) ) ;
#5637 = LINE ( 'NONE', #2006, #1076 ) ;
#5638 = ORIENTED_EDGE ( 'NONE', *, *, #7501, .T. ) ;
#5639 = EDGE_CURVE ( 'NONE', #1423, #3901, #2196, .T. ) ;
#5640 = CARTESIAN_POINT ( 'NONE',  ( 0.000000000000000000, 0.000000000000000000, 0.000000000000000000 ) ) ;
#5641 = DIRECTION ( 'NONE',  ( -1.000000000000000000, 0.000000000000000000, 0.000000000000000000 ) ) ;
#5642 = DIRECTION ( 'NONE',  ( 0.000000000000000000, 0.000000000000000000, -1.000000000000000000 ) ) ;
#5643 = DIRECTION ( 'NONE',  ( 0.000000000000000000, 0.000000000000000000, -1.000000000000000000 ) ) ;
#5644 = ORIENTED_EDGE ( 'NONE', *, *, #2303, .F. ) ;
#5645 = ORIENTED_EDGE ( 'NONE', *, *, #364, .F. ) ;
#5646 = ADVANCED_FACE ( 'NONE', ( #2083 ), #3944, .T. ) ;
#5647 = EDGE_CURVE ( 'NONE', #1983, #5522, #3823, .T. ) ;
#5648 = EDGE_CURVE ( 'NONE', #2293, #2698, #3290, .T. ) ;
#5649 = ORIENTED_EDGE ( 'NONE', *, *, #594, .F. ) ;
#5650 = LINE ( 'NONE', #3884, #476 ) ;
#5651 = EDGE_CURVE ( 'NONE', #1690, #1423, #5908, .T. ) ;
#5652 = DIRECTION ( 'NONE',  ( -1.000000000000000000, 0.000000000000000000, 0.000000000000000000 ) ) ;
#5653 = ORIENTED_EDGE ( 'NONE', *, *, #6582, .F. ) ;
#5654 = CARTESIAN_POINT ( 'NONE',  ( 3.500000000000000000, 4.865403235017219608, 10.14237902864180008 ) ) ;
#5655 = CARTESIAN_POINT ( 'NONE',  ( -6.450000000000000178, 2.058247931882130288, -2.953576721688015105 ) ) ;
#5656 = VECTOR ( 'NONE', #7371, 1000.000000000000000 ) ;
#5657 = VERTEX_POINT ( 'NONE', #7381 ) ;
#5658 = DIRECTION ( 'NONE',  ( -1.000000000000000000, 0.000000000000000000, 0.000000000000000000 ) ) ;
#5659 = EDGE_CURVE ( 'NONE', #1263, #3139, #4555, .T. ) ;
#5660 = CIRCLE ( 'NONE', #1093, 11.24899999999780498 ) ;
#5661 = CARTESIAN_POINT ( 'NONE',  ( 0.000000000000000000, 3.218884409939530400, 10.77862626476109931 ) ) ;
#5662 = VERTEX_POINT ( 'NONE', #6840 ) ;
#5663 = CARTESIAN_POINT ( 'NONE',  ( 4.000000000000000000, -8.322493165920828773, 9.460238237123718363 ) ) ;
#5664 = DIRECTION ( 'NONE',  ( 1.000000000000000000, 0.000000000000000000, 0.000000000000000000 ) ) ;
#5665 = VECTOR ( 'NONE', #7325, 1000.000000000000000 ) ;
#5666 = CIRCLE ( 'NONE', #5400, 11.24899999999770372 ) ;
#5667 = CARTESIAN_POINT ( 'NONE',  ( 0.000000000000000000, 10.64569177227129870, -6.740122156884939209 ) ) ;
#5668 = VERTEX_POINT ( 'NONE', #3405 ) ;
#5669 = AXIS2_PLACEMENT_3D ( 'NONE', #6443, #2924, #527 ) ;
#5670 = ORIENTED_EDGE ( 'NONE', *, *, #4673, .F. ) ;
#5671 = EDGE_CURVE ( 'NONE', #2693, #7221, #2216, .T. ) ;
#5672 = ORIENTED_EDGE ( 'NONE', *, *, #7034, .F. ) ;
#5673 = CARTESIAN_POINT ( 'NONE',  ( 0.000000000000000000, 2.058247931882130288, -2.953576721688019990 ) ) ;
#5674 = CARTESIAN_POINT ( 'NONE',  ( 3.500000000000000000, -10.61210460920450060, -3.731385367829280320 ) ) ;
#5675 = CARTESIAN_POINT ( 'NONE',  ( 3.500000000000000000, 10.77862626476109931, 3.218884409939569924 ) ) ;
#5676 = VECTOR ( 'NONE', #6138, 1000.000000000000000 ) ;
#5677 = ORIENTED_EDGE ( 'NONE', *, *, #2011, .F. ) ;
#5678 = ORIENTED_EDGE ( 'NONE', *, *, #3590, .F. ) ;
#5679 = AXIS2_PLACEMENT_3D ( 'NONE', #6670, #6751, #5623 ) ;
#5680 = DIRECTION ( 'NONE',  ( 0.000000000000000000, 0.000000000000000000, 1.000000000000000000 ) ) ;
#5681 = DIRECTION ( 'NONE',  ( 0.000000000000000000, 0.000000000000000000, -1.000000000000000000 ) ) ;
#5682 = DIRECTION ( 'NONE',  ( -1.000000000000000000, 0.000000000000000000, 0.000000000000000000 ) ) ;
#5683 = CARTESIAN_POINT ( 'NONE',  ( 4.000000000000000000, -2.761654759435550055, -12.29362692575399940 ) ) ;
#5684 = ORIENTED_EDGE ( 'NONE', *, *, #4552, .T. ) ;
#5685 = ORIENTED_EDGE ( 'NONE', *, *, #82, .F. ) ;
#5686 = ORIENTED_EDGE ( 'NONE', *, *, #1921, .F. ) ;
#5687 = DIRECTION ( 'NONE',  ( 0.000000000000000000, 0.000000000000000000, 1.000000000000000000 ) ) ;
#5688 = DIRECTION ( 'NONE',  ( -1.000000000000000000, 0.000000000000000000, 0.000000000000000000 ) ) ;
#5689 = VERTEX_POINT ( 'NONE', #1540 ) ;
#5690 = CYLINDRICAL_SURFACE ( 'NONE', #2522, 4.799999999999039701 ) ;
#5691 = CARTESIAN_POINT ( 'NONE',  ( 0.000000000000000000, 11.16713147563269892, -1.565367224445519900 ) ) ;
#5692 = EDGE_CURVE ( 'NONE', #5008, #2697, #7539, .T. ) ;
#5693 = EDGE_CURVE ( 'NONE', #7515, #1036, #5089, .T. ) ;
#5694 = EDGE_CURVE ( 'NONE', #4609, #5346, #6254, .T. ) ;
#5695 = ORIENTED_EDGE ( 'NONE', *, *, #7259, .F. ) ;
#5696 = CARTESIAN_POINT ( 'NONE',  ( 4.000000000000000000, 12.29362692575399940, 2.761654759435705042 ) ) ;
#5697 = DIRECTION ( 'NONE',  ( 0.000000000000000000, 0.000000000000000000, 1.000000000000000000 ) ) ;
#5698 = EDGE_LOOP ( 'NONE', ( #4489, #4964, #3478, #2560 ) ) ;
#5699 = LINE ( 'NONE', #371, #1981 ) ;
#5700 = ORIENTED_EDGE ( 'NONE', *, *, #4198, .T. ) ;
#5701 = CARTESIAN_POINT ( 'NONE',  ( 3.500000000000000000, -9.256392760211259230, 6.392119685101179449 ) ) ;
#5702 = DIRECTION ( 'NONE',  ( 0.000000000000000000, 0.000000000000000000, 1.000000000000000000 ) ) ;
#5703 = ADVANCED_FACE ( 'NONE', ( #7459 ), #2161, .T. ) ;
#5704 = VECTOR ( 'NONE', #6945, 1000.000000000000000 ) ;
#5705 = EDGE_CURVE ( 'NONE', #2536, #903, #7149, .T. ) ;
#5706 = ADVANCED_FACE ( 'NONE', ( #5010 ), #5935, .T. ) ;
#5707 = VERTEX_POINT ( 'NONE', #2272 ) ;
#5708 = ORIENTED_EDGE ( 'NONE', *, *, #3396, .T. ) ;
#5709 = AXIS2_PLACEMENT_3D ( 'NONE', #3141, #4907, #242 ) ;
#5710 = ORIENTED_EDGE ( 'NONE', *, *, #323, .F. ) ;
#5711 = CARTESIAN_POINT ( 'NONE',  ( -10.00000000000000000, 0.000000000000000000, 0.000000000000000000 ) ) ;
#5712 = AXIS2_PLACEMENT_3D ( 'NONE', #2763, #475, #5110 ) ;
#5713 = DIRECTION ( 'NONE',  ( 0.000000000000000000, 0.000000000000000000, -1.000000000000000000 ) ) ;
#5714 = EDGE_LOOP ( 'NONE', ( #6830, #6110, #6429, #3741 ) ) ;
#5715 = DIRECTION ( 'NONE',  ( 0.000000000000000000, 0.000000000000000000, 1.000000000000000000 ) ) ;
#5716 = EDGE_CURVE ( 'NONE', #5522, #6188, #6784, .T. ) ;
#5717 = VERTEX_POINT ( 'NONE', #600 ) ;
#5718 = ORIENTED_EDGE ( 'NONE', *, *, #6462, .T. ) ;
#5719 = CARTESIAN_POINT ( 'NONE',  ( 4.000000000000000000, 8.114299373255159153, 7.830283878801969522 ) ) ;
#5720 = CARTESIAN_POINT ( 'NONE',  ( 0.000000000000000000, 0.000000000000000000, 0.000000000000000000 ) ) ;
#5721 = CIRCLE ( 'NONE', #6710, 1.199999999999755929 ) ;
#5722 = CIRCLE ( 'NONE', #1530, 3.599999999999279776 ) ;
#5723 = LINE ( 'NONE', #3955, #5484 ) ;
#5724 = CARTESIAN_POINT ( 'NONE',  ( 1.750000000000000000, -6.740122156885129279, 10.64569177227120100 ) ) ;
#5725 = VERTEX_POINT ( 'NONE', #2309 ) ;
#5726 = AXIS2_PLACEMENT_3D ( 'NONE', #6311, #4493, #1524 ) ;
#5727 = ORIENTED_EDGE ( 'NONE', *, *, #3771, .T. ) ;
#5728 = CARTESIAN_POINT ( 'NONE',  ( 3.500000000000000000, 9.239325152756180159, -6.464524009011189953 ) ) ;
#5729 = DIRECTION ( 'NONE',  ( 0.000000000000000000, 0.000000000000000000, 1.000000000000000000 ) ) ;
#5730 = ORIENTED_EDGE ( 'NONE', *, *, #7247, .T. ) ;
#5731 = CARTESIAN_POINT ( 'NONE',  ( 3.500000000000000000, -11.16713147563269892, 3.234632775553440087 ) ) ;
#5732 = DIRECTION ( 'NONE',  ( 0.000000000000000000, 0.000000000000000000, 1.000000000000000000 ) ) ;
#5733 = AXIS2_PLACEMENT_3D ( 'NONE', #6742, #281, #4989 ) ;
#5734 = VECTOR ( 'NONE', #1324, 1000.000000000000000 ) ;
#5735 = ORIENTED_EDGE ( 'NONE', *, *, #3840, .T. ) ;
#5736 = DIRECTION ( 'NONE',  ( 0.000000000000000000, 0.000000000000000000, 1.000000000000000000 ) ) ;
#5737 = AXIS2_PLACEMENT_3D ( 'NONE', #4377, #6778, #862 ) ;
#5738 = AXIS2_PLACEMENT_3D ( 'NONE', #6221, #2056, #5681 ) ;
#5739 = CYLINDRICAL_SURFACE ( 'NONE', #3822, 4.799999999999039701 ) ;
#5740 = DIRECTION ( 'NONE',  ( 0.000000000000000000, 0.000000000000000000, 1.000000000000000000 ) ) ;
#5741 = EDGE_CURVE ( 'NONE', #4188, #161, #4091, .T. ) ;
#5742 = LINE ( 'NONE', #3933, #1130 ) ;
#5743 = CIRCLE ( 'NONE', #2659, 4.799999999999029932 ) ;
#5744 = FACE_OUTER_BOUND ( 'NONE', #4634, .T. ) ;
#5745 = DIRECTION ( 'NONE',  ( 1.000000000000000000, 0.000000000000000000, 0.000000000000000000 ) ) ;
#5746 = AXIS2_PLACEMENT_3D ( 'NONE', #1672, #322, #2104 ) ;
#5747 = VERTEX_POINT ( 'NONE', #6405 ) ;
#5748 = EDGE_LOOP ( 'NONE', ( #641, #1225, #3030, #3265 ) ) ;
#5749 = ORIENTED_EDGE ( 'NONE', *, *, #5002, .T. ) ;
#5750 = EDGE_CURVE ( 'NONE', #2756, #2000, #4018, .T. ) ;
#5751 = LINE ( 'NONE', #1031, #6999 ) ;
#5752 = EDGE_CURVE ( 'NONE', #1807, #6644, #5310, .T. ) ;
#5753 = ADVANCED_FACE ( 'NONE', ( #3475 ), #5821, .T. ) ;
#5754 = CARTESIAN_POINT ( 'NONE',  ( 3.500000000000000000, -6.828079039211289114, 8.939649748968509613 ) ) ;
#5755 = ORIENTED_EDGE ( 'NONE', *, *, #6630, .T. ) ;
#5756 = EDGE_LOOP ( 'NONE', ( #370, #6789, #5183, #7238 ) ) ;
#5757 = EDGE_CURVE ( 'NONE', #2407, #383, #363, .T. ) ;
#5758 = CARTESIAN_POINT ( 'NONE',  ( 3.500000000000000000, -10.78476817202779969, 3.293019194759069901 ) ) ;
#5759 = CARTESIAN_POINT ( 'NONE',  ( 3.500000000000000000, 11.16713147563269892, -1.565367224445519900 ) ) ;
#5760 = DIRECTION ( 'NONE',  ( 0.000000000000000000, 0.000000000000000000, -1.000000000000000000 ) ) ;
#5761 = DIRECTION ( 'NONE',  ( -1.000000000000000000, 0.000000000000000000, 0.000000000000000000 ) ) ;
#5762 = ORIENTED_EDGE ( 'NONE', *, *, #159, .T. ) ;
#5763 = ORIENTED_EDGE ( 'NONE', *, *, #4010, .F. ) ;
#5764 = CIRCLE ( 'NONE', #3794, 3.599999999999279776 ) ;
#5765 = EDGE_CURVE ( 'NONE', #2101, #143, #5272, .T. ) ;
#5766 = DIRECTION ( 'NONE',  ( 1.000000000000000000, 0.000000000000000000, 0.000000000000000000 ) ) ;
#5767 = LINE ( 'NONE', #6822, #6236 ) ;
#5768 = DIRECTION ( 'NONE',  ( -1.000000000000000000, 0.000000000000000000, 0.000000000000000000 ) ) ;
#5769 = CARTESIAN_POINT ( 'NONE',  ( 1.750000000000000000, 12.57428996311180036, 0.8045072551091970725 ) ) ;
#5770 = ORIENTED_EDGE ( 'NONE', *, *, #2022, .F. ) ;
#5771 = FACE_OUTER_BOUND ( 'NONE', #893, .T. ) ;
#5772 = CARTESIAN_POINT ( 'NONE',  ( -6.450000000000000178, 2.172984797950634928, -2.870215508959189865 ) ) ;
#5773 = DIRECTION ( 'NONE',  ( 1.000000000000000000, 0.000000000000000000, 0.000000000000000000 ) ) ;
#5774 = DIRECTION ( 'NONE',  ( 0.000000000000000000, 0.000000000000000000, 1.000000000000000000 ) ) ;
#5775 = DIRECTION ( 'NONE',  ( 0.000000000000000000, 0.000000000000000000, -1.000000000000000000 ) ) ;
#5776 = CARTESIAN_POINT ( 'NONE',  ( 4.000000000000000000, 0.000000000000000000, 0.000000000000000000 ) ) ;
#5777 = CARTESIAN_POINT ( 'NONE',  ( 3.500000000000000000, -6.392119685101139481, -9.256392760211280546 ) ) ;
#5778 = AXIS2_PLACEMENT_3D ( 'NONE', #5003, #994, #3934 ) ;
#5779 = CIRCLE ( 'NONE', #6901, 1.199999999999755929 ) ;
#5780 = ORIENTED_EDGE ( 'NONE', *, *, #2829, .F. ) ;
#5781 = ORIENTED_EDGE ( 'NONE', *, *, #5876, .T. ) ;
#5782 = AXIS2_PLACEMENT_3D ( 'NONE', #3732, #125, #6748 ) ;
#5783 = ORIENTED_EDGE ( 'NONE', *, *, #4591, .T. ) ;
#5784 = CARTESIAN_POINT ( 'NONE',  ( -6.450000000000000178, 1.024773626581945818, 2.001959044101714991 ) ) ;
#5785 = CIRCLE ( 'NONE', #3451, 12.59999999999749853 ) ;
#5786 = CARTESIAN_POINT ( 'NONE',  ( 0.000000000000000000, 0.000000000000000000, 0.000000000000000000 ) ) ;
#5787 = EDGE_CURVE ( 'NONE', #6022, #6018, #7646, .T. ) ;
#5788 = EDGE_CURVE ( 'NONE', #2603, #1525, #4697, .T. ) ;
#5789 = EDGE_CURVE ( 'NONE', #3358, #5668, #7154, .T. ) ;
#5790 = AXIS2_PLACEMENT_3D ( 'NONE', #382, #6803, #6210 ) ;
#5791 = ORIENTED_EDGE ( 'NONE', *, *, #1872, .T. ) ;
#5792 = EDGE_LOOP ( 'NONE', ( #2193, #4053, #5708, #3326 ) ) ;
#5793 = DIRECTION ( 'NONE',  ( 0.000000000000000000, 0.000000000000000000, 1.000000000000000000 ) ) ;
#5794 = CIRCLE ( 'NONE', #3575, 12.59999999999745945 ) ;
#5795 = DIRECTION ( 'NONE',  ( 0.000000000000000000, 0.000000000000000000, 1.000000000000000000 ) ) ;
#5796 = AXIS2_PLACEMENT_3D ( 'NONE', #7294, #3114, #86 ) ;
#5797 = CARTESIAN_POINT ( 'NONE',  ( -7.000000000000000000, -2.005781281108379943, -1.017272064077585858 ) ) ;
#5798 = EDGE_CURVE ( 'NONE', #6325, #6421, #2456, .T. ) ;
#5799 = EDGE_CURVE ( 'NONE', #2552, #2603, #5542, .T. ) ;
#5800 = ORIENTED_EDGE ( 'NONE', *, *, #2474, .F. ) ;
#5801 = ORIENTED_EDGE ( 'NONE', *, *, #2486, .T. ) ;
#5802 = CIRCLE ( 'NONE', #6668, 12.59999999999749853 ) ;
#5803 = DIRECTION ( 'NONE',  ( 0.000000000000000000, 0.000000000000000000, -1.000000000000000000 ) ) ;
#5804 = DIRECTION ( 'NONE',  ( -1.000000000000000000, 0.000000000000000000, 0.000000000000000000 ) ) ;
#5805 = LINE ( 'NONE', #3529, #2166 ) ;
#5806 = CARTESIAN_POINT ( 'NONE',  ( 3.500000000000000000, -10.14237902864180008, -4.865403235017329742 ) ) ;
#5807 = ADVANCED_FACE ( 'NONE', ( #2958 ), #2420, .T. ) ;
#5808 = ORIENTED_EDGE ( 'NONE', *, *, #6642, .T. ) ;
#5809 = CIRCLE ( 'NONE', #503, 4.799999999999039701 ) ;
#5810 = CARTESIAN_POINT ( 'NONE',  ( 3.500000000000000000, 3.675019189548100140, 10.66064884975999938 ) ) ;
#5811 = CARTESIAN_POINT ( 'NONE',  ( 3.500000000000000000, 0.000000000000000000, 0.000000000000000000 ) ) ;
#5812 = DIRECTION ( 'NONE',  ( -1.000000000000000000, 0.000000000000000000, 0.000000000000000000 ) ) ;
#5813 = DIRECTION ( 'NONE',  ( 0.000000000000000000, 0.000000000000000000, -1.000000000000000000 ) ) ;
#5814 = CYLINDRICAL_SURFACE ( 'NONE', #6146, 1.199999999999758149 ) ;
#5815 = DIRECTION ( 'NONE',  ( 0.000000000000000000, 0.000000000000000000, 1.000000000000000000 ) ) ;
#5816 = FACE_OUTER_BOUND ( 'NONE', #6250, .T. ) ;
#5817 = VERTEX_POINT ( 'NONE', #3511 ) ;
#5818 = VERTEX_POINT ( 'NONE', #3587 ) ;
#5819 = ORIENTED_EDGE ( 'NONE', *, *, #3679, .F. ) ;
#5820 = DIRECTION ( 'NONE',  ( -1.000000000000000000, 0.000000000000000000, 0.000000000000000000 ) ) ;
#5821 = CYLINDRICAL_SURFACE ( 'NONE', #1348, 4.799999999999039701 ) ;
#5822 = CIRCLE ( 'NONE', #1747, 11.24899999999773925 ) ;
#5823 = ORIENTED_EDGE ( 'NONE', *, *, #1262, .F. ) ;
#5824 = VERTEX_POINT ( 'NONE', #566 ) ;
#5825 = ORIENTED_EDGE ( 'NONE', *, *, #1548, .F. ) ;
#5826 = LINE ( 'NONE', #57, #6404 ) ;
#5827 = DIRECTION ( 'NONE',  ( 0.000000000000000000, 0.000000000000000000, 1.000000000000000000 ) ) ;
#5828 = CARTESIAN_POINT ( 'NONE',  ( -7.000000000000000000, 2.200545951850900295, -1.762043560793029817 ) ) ;
#5829 = ORIENTED_EDGE ( 'NONE', *, *, #6951, .T. ) ;
#5830 = DIRECTION ( 'NONE',  ( -1.000000000000000000, 0.000000000000000000, 0.000000000000000000 ) ) ;
#5831 = LINE ( 'NONE', #5252, #679 ) ;
#5832 = EDGE_CURVE ( 'NONE', #5818, #1422, #6533, .T. ) ;
#5833 = EDGE_CURVE ( 'NONE', #7564, #6447, #7102, .T. ) ;
#5834 = ORIENTED_EDGE ( 'NONE', *, *, #2592, .T. ) ;
#5835 = EDGE_CURVE ( 'NONE', #5164, #3938, #6165, .T. ) ;
#5836 = CARTESIAN_POINT ( 'NONE',  ( 4.000000000000000000, -1.172449887844626115, 12.54533224990195883 ) ) ;
#5837 = CARTESIAN_POINT ( 'NONE',  ( -7.000000000000000000, 6.938893903907229640E-14, 1.179611963664229834E-13 ) ) ;
#5838 = AXIS2_PLACEMENT_3D ( 'NONE', #1043, #1665, #3917 ) ;
#5839 = ADVANCED_FACE ( 'NONE', ( #4166 ), #5966, .T. ) ;
#5840 = ORIENTED_EDGE ( 'NONE', *, *, #5693, .F. ) ;
#5841 = DIRECTION ( 'NONE',  ( 1.000000000000000000, 0.000000000000000000, 0.000000000000000000 ) ) ;
#5842 = CARTESIAN_POINT ( 'NONE',  ( 3.500000000000000000, 1.493105967824400082, -11.14946795003230129 ) ) ;
#5843 = AXIS2_PLACEMENT_3D ( 'NONE', #666, #4834, #2610 ) ;
#5844 = DIRECTION ( 'NONE',  ( -1.000000000000000000, 0.000000000000000000, 0.000000000000000000 ) ) ;
#5845 = DIRECTION ( 'NONE',  ( 1.000000000000000000, 0.000000000000000000, 0.000000000000000000 ) ) ;
#5846 = EDGE_CURVE ( 'NONE', #425, #357, #6791, .T. ) ;
#5847 = CARTESIAN_POINT ( 'NONE',  ( 50.00005080000000390, 0.000000000000000000, 0.000000000000000000 ) ) ;
#5848 = CARTESIAN_POINT ( 'NONE',  ( 0.000000000000000000, -2.005781281108379943, -1.017272064077585858 ) ) ;
#5849 = DIRECTION ( 'NONE',  ( 0.000000000000000000, 0.000000000000000000, 1.000000000000000000 ) ) ;
#5850 = AXIS2_PLACEMENT_3D ( 'NONE', #7295, #4237, #834 ) ;
#5851 = AXIS2_PLACEMENT_3D ( 'NONE', #2004, #7146, #5509 ) ;
#5852 = ORIENTED_EDGE ( 'NONE', *, *, #2770, .F. ) ;
#5853 = CIRCLE ( 'NONE', #2165, 4.799999999999029932 ) ;
#5854 = VERTEX_POINT ( 'NONE', #3697 ) ;
#5855 = AXIS2_PLACEMENT_3D ( 'NONE', #325, #2687, #4949 ) ;
#5856 = ORIENTED_EDGE ( 'NONE', *, *, #5180, .F. ) ;
#5857 = DIRECTION ( 'NONE',  ( 0.000000000000000000, 0.000000000000000000, -1.000000000000000000 ) ) ;
#5858 = DIRECTION ( 'NONE',  ( 0.000000000000000000, -0.06866745788014795571, -0.9976396043803985592 ) ) ;
#5859 = CIRCLE ( 'NONE', #4019, 4.799999999999039701 ) ;
#5860 = VECTOR ( 'NONE', #1236, 1000.000000000000000 ) ;
#5861 = VECTOR ( 'NONE', #3990, 1000.000000000000000 ) ;
#5862 = ORIENTED_EDGE ( 'NONE', *, *, #1973, .F. ) ;
#5863 = ORIENTED_EDGE ( 'NONE', *, *, #1731, .F. ) ;
#5864 = EDGE_CURVE ( 'NONE', #6229, #1525, #2838, .T. ) ;
#5865 = ORIENTED_EDGE ( 'NONE', *, *, #2782, .T. ) ;
#5866 = DIRECTION ( 'NONE',  ( -1.000000000000000000, 0.000000000000000000, 0.000000000000000000 ) ) ;
#5867 = CARTESIAN_POINT ( 'NONE',  ( -6.450000000000000178, -2.355809106513079954, 1.548342161800734917 ) ) ;
#5868 = DIRECTION ( 'NONE',  ( -1.000000000000000000, 0.000000000000000000, 0.000000000000000000 ) ) ;
#5869 = EDGE_LOOP ( 'NONE', ( #7023, #5022, #6151, #488 ) ) ;
#5870 = EDGE_CURVE ( 'NONE', #4794, #4209, #7535, .T. ) ;
#5871 = ORIENTED_EDGE ( 'NONE', *, *, #5936, .T. ) ;
#5872 = CARTESIAN_POINT ( 'NONE',  ( 0.000000000000000000, -4.865403235017140560, -10.14237902864189955 ) ) ;
#5873 = DIRECTION ( 'NONE',  ( -1.000000000000000000, 0.000000000000000000, 0.000000000000000000 ) ) ;
#5874 = DIRECTION ( 'NONE',  ( 1.000000000000000000, 0.000000000000000000, 0.000000000000000000 ) ) ;
#5875 = CARTESIAN_POINT ( 'NONE',  ( 0.000000000000000000, 1.172449887844539962, 12.54533224990190021 ) ) ;
#5876 = EDGE_CURVE ( 'NONE', #80, #5891, #1996, .T. ) ;
#5877 = EDGE_CURVE ( 'NONE', #759, #6044, #5422, .T. ) ;
#5878 = EDGE_CURVE ( 'NONE', #4666, #3491, #604, .T. ) ;
#5879 = ORIENTED_EDGE ( 'NONE', *, *, #3908, .T. ) ;
#5880 = EDGE_LOOP ( 'NONE', ( #5578, #2534, #7663, #768 ) ) ;
#5881 = DIRECTION ( 'NONE',  ( -1.000000000000000000, 0.000000000000000000, 0.000000000000000000 ) ) ;
#5882 = CARTESIAN_POINT ( 'NONE',  ( 3.500000000000000000, 9.256392760211298310, -6.392119685101109283 ) ) ;
#5883 = CARTESIAN_POINT ( 'NONE',  ( 0.000000000000000000, 0.000000000000000000, 0.000000000000000000 ) ) ;
#5884 = DIRECTION ( 'NONE',  ( 0.000000000000000000, 0.000000000000000000, -1.000000000000000000 ) ) ;
#5885 = CARTESIAN_POINT ( 'NONE',  ( 4.000000000000000000, 0.000000000000000000, 0.000000000000000000 ) ) ;
#5886 = CARTESIAN_POINT ( 'NONE',  ( 1.750000000000000000, -4.650801158178079930, -11.71025399327560024 ) ) ;
#5887 = DIRECTION ( 'NONE',  ( -1.000000000000000000, 0.000000000000000000, 0.000000000000000000 ) ) ;
#5888 = ADVANCED_FACE ( 'NONE', ( #3032 ), #5382, .T. ) ;
#5889 = EDGE_CURVE ( 'NONE', #5747, #7292, #3460, .T. ) ;
#5890 = EDGE_CURVE ( 'NONE', #2756, #6666, #3833, .T. ) ;
#5891 = VERTEX_POINT ( 'NONE', #6048 ) ;
#5892 = VERTEX_POINT ( 'NONE', #4204 ) ;
#5893 = VERTEX_POINT ( 'NONE', #2530 ) ;
#5894 = CARTESIAN_POINT ( 'NONE',  ( 4.000000000000000000, -9.897734717811879079, -5.345544729564160491 ) ) ;
#5895 = DIRECTION ( 'NONE',  ( -1.000000000000000000, 0.000000000000000000, 0.000000000000000000 ) ) ;
#5896 = AXIS2_PLACEMENT_3D ( 'NONE', #3620, #3196, #6627 ) ;
#5897 = DIRECTION ( 'NONE',  ( 0.000000000000000000, 0.000000000000000000, 1.000000000000000000 ) ) ;
#5898 = VECTOR ( 'NONE', #3946, 1000.000000000000000 ) ;
#5899 = EDGE_CURVE ( 'NONE', #1677, #1715, #2100, .T. ) ;
#5900 = EDGE_LOOP ( 'NONE', ( #4818, #4327, #1170, #6093 ) ) ;
#5901 = CIRCLE ( 'NONE', #1710, 4.799999999999029932 ) ;
#5902 = VERTEX_POINT ( 'NONE', #6126 ) ;
#5903 = VERTEX_POINT ( 'NONE', #4841 ) ;
#5904 = DIRECTION ( 'NONE',  ( 0.000000000000000000, 0.000000000000000000, 1.000000000000000000 ) ) ;
#5905 = DIRECTION ( 'NONE',  ( -1.000000000000000000, 0.000000000000000000, 0.000000000000000000 ) ) ;
#5906 = CARTESIAN_POINT ( 'NONE',  ( -6.450000000000000178, 6.938893903907229640E-14, 1.179611963664229834E-13 ) ) ;
#5907 = CIRCLE ( 'NONE', #4677, 3.599999999999274891 ) ;
#5908 = CIRCLE ( 'NONE', #6910, 2.248999999999545363 ) ;
#5909 = CARTESIAN_POINT ( 'NONE',  ( 0.000000000000000000, 0.000000000000000000, 0.000000000000000000 ) ) ;
#5910 = ORIENTED_EDGE ( 'NONE', *, *, #3338, .T. ) ;
#5911 = CIRCLE ( 'NONE', #5538, 4.799999999999039701 ) ;
#5912 = VECTOR ( 'NONE', #1611, 1000.000000000000000 ) ;
#5913 = AXIS2_PLACEMENT_3D ( 'NONE', #1146, #2991, #5858 ) ;
#5914 = AXIS2_PLACEMENT_3D ( 'NONE', #3607, #1321, #5954 ) ;
#5915 = LINE ( 'NONE', #4680, #4385 ) ;
#5916 = DIRECTION ( 'NONE',  ( 0.000000000000000000, 0.000000000000000000, 1.000000000000000000 ) ) ;
#5917 = DIRECTION ( 'NONE',  ( -1.000000000000000000, 0.000000000000000000, 0.000000000000000000 ) ) ;
#5918 = AXIS2_PLACEMENT_3D ( 'NONE', #3211, #1345, #1310 ) ;
#5919 = VECTOR ( 'NONE', #2289, 1000.000000000000000 ) ;
#5920 = ORIENTED_EDGE ( 'NONE', *, *, #6378, .T. ) ;
#5921 = DIRECTION ( 'NONE',  ( 1.000000000000000000, 0.000000000000000000, 0.000000000000000000 ) ) ;
#5922 = CARTESIAN_POINT ( 'NONE',  ( 4.000000000000000000, 10.85095572334249958, -4.982104301616580244 ) ) ;
#5923 = DIRECTION ( 'NONE',  ( 0.000000000000000000, 0.000000000000000000, -1.000000000000000000 ) ) ;
#5924 = ORIENTED_EDGE ( 'NONE', *, *, #6511, .F. ) ;
#5925 = AXIS2_PLACEMENT_3D ( 'NONE', #4165, #1803, #4090 ) ;
#5926 = CARTESIAN_POINT ( 'NONE',  ( 4.000000000000000000, 0.000000000000000000, 0.000000000000000000 ) ) ;
#5927 = DIRECTION ( 'NONE',  ( -1.000000000000000000, 0.000000000000000000, 0.000000000000000000 ) ) ;
#5928 = DIRECTION ( 'NONE',  ( 0.000000000000000000, 0.000000000000000000, -1.000000000000000000 ) ) ;
#5929 = VECTOR ( 'NONE', #6201, 1000.000000000000000 ) ;
#5930 = DIRECTION ( 'NONE',  ( 0.000000000000000000, 0.000000000000000000, 1.000000000000000000 ) ) ;
#5931 = ORIENTED_EDGE ( 'NONE', *, *, #5030, .F. ) ;
#5932 = ORIENTED_EDGE ( 'NONE', *, *, #1506, .F. ) ;
#5933 = VERTEX_POINT ( 'NONE', #4275 ) ;
#5934 = DIRECTION ( 'NONE',  ( 1.000000000000000000, 0.000000000000000000, 0.000000000000000000 ) ) ;
#5935 = CYLINDRICAL_SURFACE ( 'NONE', #101, 4.799999999999039701 ) ;
#5936 = EDGE_CURVE ( 'NONE', #5369, #949, #6417, .T. ) ;
#5937 = CYLINDRICAL_SURFACE ( 'NONE', #5242, 12.59999999999749853 ) ;
#5938 = EDGE_CURVE ( 'NONE', #955, #7107, #237, .T. ) ;
#5939 = ORIENTED_EDGE ( 'NONE', *, *, #3361, .F. ) ;
#5940 = ORIENTED_EDGE ( 'NONE', *, *, #4296, .T. ) ;
#5941 = ORIENTED_EDGE ( 'NONE', *, *, #422, .T. ) ;
#5942 = CARTESIAN_POINT ( 'NONE',  ( 0.000000000000000000, 2.815982290881520189, -1.332074728020415932 ) ) ;
#5943 = DIRECTION ( 'NONE',  ( 1.000000000000000000, 0.000000000000000000, 0.000000000000000000 ) ) ;
#5944 = EDGE_CURVE ( 'NONE', #1452, #1802, #1462, .T. ) ;
#5945 = DIRECTION ( 'NONE',  ( 0.000000000000000000, 0.000000000000000000, 1.000000000000000000 ) ) ;
#5946 = LINE ( 'NONE', #2429, #4816 ) ;
#5947 = VERTEX_POINT ( 'NONE', #754 ) ;
#5948 = FACE_OUTER_BOUND ( 'NONE', #6420, .T. ) ;
#5949 = DIRECTION ( 'NONE',  ( 0.000000000000000000, 0.000000000000000000, -1.000000000000000000 ) ) ;
#5950 = DIRECTION ( 'NONE',  ( 0.000000000000000000, 0.000000000000000000, 1.000000000000000000 ) ) ;
#5951 = VERTEX_POINT ( 'NONE', #2453 ) ;
#5952 = DIRECTION ( 'NONE',  ( 1.000000000000000000, 0.000000000000000000, 0.000000000000000000 ) ) ;
#5953 = CYLINDRICAL_SURFACE ( 'NONE', #1971, 4.799999999999038813 ) ;
#5954 = DIRECTION ( 'NONE',  ( 0.000000000000000000, 0.000000000000000000, 1.000000000000000000 ) ) ;
#5955 = VERTEX_POINT ( 'NONE', #166 ) ;
#5956 = DIRECTION ( 'NONE',  ( 0.000000000000000000, 0.000000000000000000, -1.000000000000000000 ) ) ;
#5957 = CARTESIAN_POINT ( 'NONE',  ( 1.750000000000000000, -3.120537423421589907, 12.20746682112890191 ) ) ;
#5958 = DIRECTION ( 'NONE',  ( -1.000000000000000000, 0.000000000000000000, 0.000000000000000000 ) ) ;
#5959 = CIRCLE ( 'NONE', #2881, 4.799999999999039701 ) ;
#5960 = CARTESIAN_POINT ( 'NONE',  ( 0.000000000000000000, 3.445051977127885134, 1.044804706575710229 ) ) ;
#5961 = CIRCLE ( 'NONE', #909, 1.199999999999763922 ) ;
#5962 = VERTEX_POINT ( 'NONE', #4880 ) ;
#5963 = ORIENTED_EDGE ( 'NONE', *, *, #4158, .T. ) ;
#5964 = DIRECTION ( 'NONE',  ( 1.000000000000000000, 0.000000000000000000, 0.000000000000000000 ) ) ;
#5965 = CIRCLE ( 'NONE', #1058, 4.799999999999029932 ) ;
#5966 = CYLINDRICAL_SURFACE ( 'NONE', #4196, 1.199999999999757927 ) ;
#5968 = ORIENTED_EDGE ( 'NONE', *, *, #1505, .T. ) ;
#5967 = AXIS2_PLACEMENT_3D ( 'NONE', #4781, #843, #4930 ) ;
#5969 = LINE ( 'NONE', #5311, #4630 ) ;
#5970 = AXIS2_PLACEMENT_3D ( 'NONE', #3578, #7131, #1181 ) ;
#5971 = AXIS2_PLACEMENT_3D ( 'NONE', #4329, #6612, #271 ) ;
#5972 = CIRCLE ( 'NONE', #1778, 1.500000000000000000 ) ;
#5973 = ORIENTED_EDGE ( 'NONE', *, *, #6651, .T. ) ;
#5974 = CIRCLE ( 'NONE', #5608, 4.799999999999029932 ) ;
#5975 = EDGE_CURVE ( 'NONE', #903, #2139, #6516, .T. ) ;
#5976 = EDGE_CURVE ( 'NONE', #4219, #6581, #89, .T. ) ;
#5977 = ORIENTED_EDGE ( 'NONE', *, *, #2811, .T. ) ;
#5978 = ADVANCED_FACE ( 'NONE', ( #1957 ), #7176, .T. ) ;
#5979 = VERTEX_POINT ( 'NONE', #3858 ) ;
#5980 = VECTOR ( 'NONE', #2479, 1000.000000000000000 ) ;
#5981 = DIRECTION ( 'NONE',  ( -1.000000000000000000, 0.000000000000000000, 0.000000000000000000 ) ) ;
#5982 = ORIENTED_EDGE ( 'NONE', *, *, #2353, .T. ) ;
#5983 = VECTOR ( 'NONE', #26, 1000.000000000000000 ) ;
#5984 = DIRECTION ( 'NONE',  ( 0.000000000000000000, 0.000000000000000000, -1.000000000000000000 ) ) ;
#5985 = CIRCLE ( 'NONE', #5476, 4.799999999999029932 ) ;
#5986 = CARTESIAN_POINT ( 'NONE',  ( -6.450000000000000178, 0.000000000000000000, 0.000000000000000000 ) ) ;
#5987 = CIRCLE ( 'NONE', #1179, 4.799999999999030820 ) ;
#5988 = LINE ( 'NONE', #6021, #7424 ) ;
#5989 = ORIENTED_EDGE ( 'NONE', *, *, #6502, .T. ) ;
#5990 = EDGE_CURVE ( 'NONE', #4208, #6421, #6874, .T. ) ;
#5991 = AXIS2_PLACEMENT_3D ( 'NONE', #2077, #4466, #6203 ) ;
#5992 = CARTESIAN_POINT ( 'NONE',  ( 0.000000000000000000, 1.493105967824239988, 11.14946795003230129 ) ) ;
#5993 = DIRECTION ( 'NONE',  ( -1.000000000000000000, 0.000000000000000000, 0.000000000000000000 ) ) ;
#5994 = DIRECTION ( 'NONE',  ( 0.000000000000000000, 0.000000000000000000, -1.000000000000000000 ) ) ;
#5995 = EDGE_CURVE ( 'NONE', #3691, #6616, #4059, .T. ) ;
#5996 = ORIENTED_EDGE ( 'NONE', *, *, #2345, .T. ) ;
#5997 = DIRECTION ( 'NONE',  ( -1.000000000000000000, 0.000000000000000000, 0.000000000000000000 ) ) ;
#5998 = DIRECTION ( 'NONE',  ( 1.000000000000000000, 0.000000000000000000, 0.000000000000000000 ) ) ;
#5999 = DIRECTION ( 'NONE',  ( -1.000000000000000000, 0.000000000000000000, 0.000000000000000000 ) ) ;
#6000 = LINE ( 'NONE', #703, #796 ) ;
#6001 = CARTESIAN_POINT ( 'NONE',  ( 3.500000000000000000, -9.954498911157278584, -5.297466504774110518 ) ) ;
#6002 = CARTESIAN_POINT ( 'NONE',  ( -7.000000000000000000, -2.200545951850770177, 1.762043560793254970 ) ) ;
#6003 = DIRECTION ( 'NONE',  ( 1.000000000000000000, 0.000000000000000000, 0.000000000000000000 ) ) ;
#6004 = ORIENTED_EDGE ( 'NONE', *, *, #4009, .F. ) ;
#6005 = CARTESIAN_POINT ( 'NONE',  ( 4.000000000000000000, 9.897734717811990990, -5.345544729563930453 ) ) ;
#6006 = VERTEX_POINT ( 'NONE', #1572 ) ;
#6007 = LINE ( 'NONE', #3074, #7655 ) ;
#6008 = CARTESIAN_POINT ( 'NONE',  ( 3.500000000000000000, -2.025346914580360203, 11.06516926556250091 ) ) ;
#6009 = DIRECTION ( 'NONE',  ( 0.000000000000000000, 0.000000000000000000, -1.000000000000000000 ) ) ;
#6010 = ADVANCED_FACE ( 'NONE', ( #6752 ), #2773, .T. ) ;
#6011 = EDGE_LOOP ( 'NONE', ( #2197, #6594, #1508, #3427 ) ) ;
#6012 = ORIENTED_EDGE ( 'NONE', *, *, #5832, .F. ) ;
#6013 = ORIENTED_EDGE ( 'NONE', *, *, #6549, .F. ) ;
#6014 = CARTESIAN_POINT ( 'NONE',  ( 4.000000000000000000, -5.297466504773931106, -9.954498911157379837 ) ) ;
#6015 = CARTESIAN_POINT ( 'NONE',  ( -10.00000000000000000, 0.000000000000000000, 0.000000000000000000 ) ) ;
#6016 = ORIENTED_EDGE ( 'NONE', *, *, #2946, .F. ) ;
#6017 = DIRECTION ( 'NONE',  ( 0.000000000000000000, 0.000000000000000000, -1.000000000000000000 ) ) ;
#6018 = VERTEX_POINT ( 'NONE', #873 ) ;
#6019 = DIRECTION ( 'NONE',  ( 1.000000000000000000, 0.000000000000000000, 0.000000000000000000 ) ) ;
#6020 = ADVANCED_FACE ( 'NONE', ( #5744 ), #4465, .T. ) ;
#6021 = CARTESIAN_POINT ( 'NONE',  ( 1.750000000000000000, 11.71025399327560024, -4.650801158178039962 ) ) ;
#6022 = VERTEX_POINT ( 'NONE', #3976 ) ;
#6023 = AXIS2_PLACEMENT_3D ( 'NONE', #4497, #1608, #6278 ) ;
#6024 = EDGE_CURVE ( 'NONE', #3866, #6708, #2036, .T. ) ;
#6025 = CARTESIAN_POINT ( 'NONE',  ( -7.000000000000000000, -2.815982290881379857, 0.1320747280208743879 ) ) ;
#6026 = AXIS2_PLACEMENT_3D ( 'NONE', #4520, #962, #5680 ) ;
#6027 = DIRECTION ( 'NONE',  ( 1.000000000000000000, 0.000000000000000000, 0.000000000000000000 ) ) ;
#6028 = LINE ( 'NONE', #4864, #157 ) ;
#6029 = EDGE_CURVE ( 'NONE', #3162, #4622, #3359, .T. ) ;
#6030 = ADVANCED_FACE ( 'NONE', ( #6792 ), #2115, .T. ) ;
#6031 = AXIS2_PLACEMENT_3D ( 'NONE', #3811, #6279, #2073 ) ;
#6032 = AXIS2_PLACEMENT_3D ( 'NONE', #6015, #4817, #3084 ) ;
#6033 = VERTEX_POINT ( 'NONE', #6832 ) ;
#6034 = CARTESIAN_POINT ( 'NONE',  ( -7.000000000000000000, 0.3476627225245014774, 2.221965713364045136 ) ) ;
#6035 = CARTESIAN_POINT ( 'NONE',  ( -7.000000000000000000, 1.587303728247839940, 1.593257001958279906 ) ) ;
#6036 = DIRECTION ( 'NONE',  ( 0.000000000000000000, 0.000000000000000000, -1.000000000000000000 ) ) ;
#6037 = CARTESIAN_POINT ( 'NONE',  ( 1.750000000000000000, 10.83853574337780046, 6.425429397282259814 ) ) ;
#6038 = VECTOR ( 'NONE', #5556, 1000.000000000000000 ) ;
#6039 = CARTESIAN_POINT ( 'NONE',  ( 0.000000000000000000, 0.000000000000000000, 0.000000000000000000 ) ) ;
#6040 = EDGE_CURVE ( 'NONE', #1467, #357, #1531, .T. ) ;
#6041 = FACE_OUTER_BOUND ( 'NONE', #5605, .T. ) ;
#6042 = EDGE_CURVE ( 'NONE', #615, #1689, #2558, .T. ) ;
#6043 = AXIS2_PLACEMENT_3D ( 'NONE', #6442, #5964, #4774 ) ;
#6044 = VERTEX_POINT ( 'NONE', #6908 ) ;
#6045 = CARTESIAN_POINT ( 'NONE',  ( -6.450000000000000178, -1.024773626581811925, -2.001959044101489837 ) ) ;
#6046 = ORIENTED_EDGE ( 'NONE', *, *, #3369, .F. ) ;
#6047 = CARTESIAN_POINT ( 'NONE',  ( -7.000000000000000000, 2.815982290881520189, -0.1320747280206593932 ) ) ;
#6048 = CARTESIAN_POINT ( 'NONE',  ( 0.000000000000000000, 3.731385367829310074, -10.61210460920450060 ) ) ;
#6049 = CARTESIAN_POINT ( 'NONE',  ( 0.000000000000000000, 8.322493165920890945, -9.460238237123649085 ) ) ;
#6050 = ORIENTED_EDGE ( 'NONE', *, *, #6884, .F. ) ;
#6051 = EDGE_LOOP ( 'NONE', ( #1502, #827, #2614, #457 ) ) ;
#6052 = ORIENTED_EDGE ( 'NONE', *, *, #5399, .T. ) ;
#6053 = DIRECTION ( 'NONE',  ( 0.000000000000000000, 0.000000000000000000, -1.000000000000000000 ) ) ;
#6054 = DIRECTION ( 'NONE',  ( -1.000000000000000000, 0.000000000000000000, 0.000000000000000000 ) ) ;
#6055 = VERTEX_POINT ( 'NONE', #3897 ) ;
#6056 = CARTESIAN_POINT ( 'NONE',  ( 0.000000000000000000, 2.355809106513230056, -1.548342161800480010 ) ) ;
#6057 = ORIENTED_EDGE ( 'NONE', *, *, #2790, .F. ) ;
#6058 = CARTESIAN_POINT ( 'NONE',  ( 4.000000000000000000, 11.49673527345744084, -3.223302876579274834 ) ) ;
#6059 = DIRECTION ( 'NONE',  ( 0.000000000000000000, 0.000000000000000000, -1.000000000000000000 ) ) ;
#6060 = VERTEX_POINT ( 'NONE', #3281 ) ;
#6061 = EDGE_CURVE ( 'NONE', #6459, #6772, #3936, .T. ) ;
#6062 = CARTESIAN_POINT ( 'NONE',  ( -6.450000000000000178, -0.3476627225243710262, -2.221965713363819983 ) ) ;
#6063 = CIRCLE ( 'NONE', #3730, 4.799999999999039701 ) ;
#6064 = DIRECTION ( 'NONE',  ( 0.000000000000000000, 0.000000000000000000, -1.000000000000000000 ) ) ;
#6065 = DIRECTION ( 'NONE',  ( 1.000000000000000000, 0.000000000000000000, 0.000000000000000000 ) ) ;
#6066 = CIRCLE ( 'NONE', #3860, 4.799999999999039701 ) ;
#6067 = ORIENTED_EDGE ( 'NONE', *, *, #4673, .T. ) ;
#6068 = AXIS2_PLACEMENT_3D ( 'NONE', #152, #1440, #3802 ) ;
#6069 = AXIS2_PLACEMENT_3D ( 'NONE', #1092, #6238, #6969 ) ;
#6070 = EDGE_CURVE ( 'NONE', #1437, #2407, #6320, .T. ) ;
#6071 = ORIENTED_EDGE ( 'NONE', *, *, #1114, .F. ) ;
#6072 = FACE_OUTER_BOUND ( 'NONE', #275, .T. ) ;
#6073 = EDGE_CURVE ( 'NONE', #6886, #787, #3324, .T. ) ;
#6074 = DIRECTION ( 'NONE',  ( -1.000000000000000000, 0.000000000000000000, 0.000000000000000000 ) ) ;
#6075 = CYLINDRICAL_SURFACE ( 'NONE', #4135, 4.799999999999039701 ) ;
#6076 = DIRECTION ( 'NONE',  ( -1.000000000000000000, 0.000000000000000000, 0.000000000000000000 ) ) ;
#6077 = CARTESIAN_POINT ( 'NONE',  ( -6.450000000000000178, 3.401226394052359936, 1.179685982114361931 ) ) ;
#6078 = FACE_OUTER_BOUND ( 'NONE', #5698, .T. ) ;
#6079 = ORIENTED_EDGE ( 'NONE', *, *, #5659, .F. ) ;
#6080 = FACE_OUTER_BOUND ( 'NONE', #4754, .T. ) ;
#6081 = EDGE_CURVE ( 'NONE', #1150, #3800, #213, .T. ) ;
#6082 = EDGE_LOOP ( 'NONE', ( #1247, #842, #939, #4123 ) ) ;
#6083 = CARTESIAN_POINT ( 'NONE',  ( 4.000000000000000000, 10.61210460920452014, 3.731385367829205268 ) ) ;
#6084 = CIRCLE ( 'NONE', #650, 4.799999999999038813 ) ;
#6085 = DIRECTION ( 'NONE',  ( 1.000000000000000000, 0.000000000000000000, 0.000000000000000000 ) ) ;
#6086 = CARTESIAN_POINT ( 'NONE',  ( 4.000000000000000000, 9.239325152756089565, 6.464524009011320516 ) ) ;
#6087 = CIRCLE ( 'NONE', #402, 1.199999999999759925 ) ;
#6088 = ORIENTED_EDGE ( 'NONE', *, *, #284, .F. ) ;
#6089 = ORIENTED_EDGE ( 'NONE', *, *, #935, .T. ) ;
#6090 = ORIENTED_EDGE ( 'NONE', *, *, #6925, .F. ) ;
#6091 = CARTESIAN_POINT ( 'NONE',  ( 0.000000000000000000, 2.355809106513210072, 0.3483421618009934773 ) ) ;
#6092 = DIRECTION ( 'NONE',  ( 0.000000000000000000, 0.000000000000000000, 1.000000000000000000 ) ) ;
#6093 = ORIENTED_EDGE ( 'NONE', *, *, #6419, .T. ) ;
#6094 = DIRECTION ( 'NONE',  ( 1.000000000000000000, 0.000000000000000000, 0.000000000000000000 ) ) ;
#6095 = CARTESIAN_POINT ( 'NONE',  ( 4.000000000000000000, 9.954498911157401153, -5.297466504773900020 ) ) ;
#6096 = CIRCLE ( 'NONE', #1911, 4.799999999999059241 ) ;
#6097 = AXIS2_PLACEMENT_3D ( 'NONE', #6056, #807, #3168 ) ;
#6098 = CYLINDRICAL_SURFACE ( 'NONE', #4772, 2.248999999999549804 ) ;
#6099 = EDGE_LOOP ( 'NONE', ( #596, #5852, #3287, #6838 ) ) ;
#6100 = AXIS2_PLACEMENT_3D ( 'NONE', #1716, #2333, #5956 ) ;
#6101 = AXIS2_PLACEMENT_3D ( 'NONE', #1585, #1628, #465 ) ;
#6102 = AXIS2_PLACEMENT_3D ( 'NONE', #110, #4258, #6568 ) ;
#6103 = DIRECTION ( 'NONE',  ( 0.000000000000000000, 0.000000000000000000, 1.000000000000000000 ) ) ;
#6104 = CARTESIAN_POINT ( 'NONE',  ( -7.000000000000000000, 0.7445758530192559954, -2.718971643000310134 ) ) ;
#6105 = EDGE_CURVE ( 'NONE', #5903, #6684, #4541, .T. ) ;
#6106 = FACE_OUTER_BOUND ( 'NONE', #2045, .T. ) ;
#6107 = AXIS2_PLACEMENT_3D ( 'NONE', #508, #2865, #1160 ) ;
#6108 = VECTOR ( 'NONE', #6027, 1000.000000000000000 ) ;
#6109 = ORIENTED_EDGE ( 'NONE', *, *, #7559, .T. ) ;
#6110 = ORIENTED_EDGE ( 'NONE', *, *, #4150, .F. ) ;
#6111 = ORIENTED_EDGE ( 'NONE', *, *, #334, .F. ) ;
#6112 = CARTESIAN_POINT ( 'NONE',  ( -10.00000000000000000, 0.000000000000000000, 0.000000000000000000 ) ) ;
#6113 = DIRECTION ( 'NONE',  ( 0.000000000000000000, 0.000000000000000000, -1.000000000000000000 ) ) ;
#6114 = DIRECTION ( 'NONE',  ( -1.000000000000000000, 0.000000000000000000, 0.000000000000000000 ) ) ;
#6115 = DIRECTION ( 'NONE',  ( -1.000000000000000000, 0.000000000000000000, 0.000000000000000000 ) ) ;
#6116 = DIRECTION ( 'NONE',  ( -1.000000000000000000, 0.000000000000000000, 0.000000000000000000 ) ) ;
#6117 = CYLINDRICAL_SURFACE ( 'NONE', #2647, 12.59999999999749853 ) ;
#6118 = EDGE_CURVE ( 'NONE', #7189, #6169, #2323, .T. ) ;
#6119 = EDGE_CURVE ( 'NONE', #7322, #3920, #5273, .T. ) ;
#6120 = EDGE_CURVE ( 'NONE', #1437, #1818, #5277, .T. ) ;
#6121 = ORIENTED_EDGE ( 'NONE', *, *, #1825, .F. ) ;
#6122 = CYLINDRICAL_SURFACE ( 'NONE', #93, 4.799999999999039701 ) ;
#6123 = DIRECTION ( 'NONE',  ( 0.000000000000000000, 0.000000000000000000, 1.000000000000000000 ) ) ;
#6124 = ORIENTED_EDGE ( 'NONE', *, *, #3774, .F. ) ;
#6125 = CARTESIAN_POINT ( 'NONE',  ( 4.000000000000000000, 8.939649748968639287, -6.828079039211119472 ) ) ;
#6126 = CARTESIAN_POINT ( 'NONE',  ( 0.000000000000000000, -1.024773626581819919, -2.001959044101480067 ) ) ;
#6127 = DIRECTION ( 'NONE',  ( -1.000000000000000000, 0.000000000000000000, 0.000000000000000000 ) ) ;
#6128 = EDGE_CURVE ( 'NONE', #5285, #2278, #3443, .T. ) ;
#6129 = ADVANCED_FACE ( 'NONE', ( #4654 ), #3500, .T. ) ;
#6130 = EDGE_LOOP ( 'NONE', ( #7497, #3621, #2757, #3048 ) ) ;
#6131 = CIRCLE ( 'NONE', #7121, 1.199999999999759925 ) ;
#6132 = ORIENTED_EDGE ( 'NONE', *, *, #2699, .T. ) ;
#6133 = ORIENTED_EDGE ( 'NONE', *, *, #15, .F. ) ;
#6134 = CARTESIAN_POINT ( 'NONE',  ( -6.450000000000000178, 6.938893903907229640E-14, 1.179611963664229834E-13 ) ) ;
#6135 = CARTESIAN_POINT ( 'NONE',  ( -10.00000000000000000, 0.000000000000000000, 0.000000000000000000 ) ) ;
#6136 = ORIENTED_EDGE ( 'NONE', *, *, #2737, .T. ) ;
#6137 = DIRECTION ( 'NONE',  ( 0.000000000000000000, 0.000000000000000000, -1.000000000000000000 ) ) ;
#6138 = DIRECTION ( 'NONE',  ( -1.000000000000000000, 0.000000000000000000, 0.000000000000000000 ) ) ;
#6139 = EDGE_CURVE ( 'NONE', #3544, #1339, #6984, .T. ) ;
#6140 = CARTESIAN_POINT ( 'NONE',  ( 4.000000000000000000, 9.699936772440372224, -8.041842239847509788 ) ) ;
#6141 = VERTEX_POINT ( 'NONE', #1178 ) ;
#6142 = DIRECTION ( 'NONE',  ( 0.000000000000000000, 0.000000000000000000, 1.000000000000000000 ) ) ;
#6143 = CARTESIAN_POINT ( 'NONE',  ( 4.000000000000000000, -11.06516926556252045, -2.025346914580405056 ) ) ;
#6144 = CARTESIAN_POINT ( 'NONE',  ( 0.000000000000000000, 0.000000000000000000, 0.000000000000000000 ) ) ;
#6145 = DIRECTION ( 'NONE',  ( 1.000000000000000000, 0.000000000000000000, 0.000000000000000000 ) ) ;
#6146 = AXIS2_PLACEMENT_3D ( 'NONE', #6470, #5226, #7529 ) ;
#6147 = ORIENTED_EDGE ( 'NONE', *, *, #4158, .F. ) ;
#6148 = VERTEX_POINT ( 'NONE', #7018 ) ;
#6149 = AXIS2_PLACEMENT_3D ( 'NONE', #829, #3192, #990 ) ;
#6150 = CIRCLE ( 'NONE', #4070, 11.24899999999770017 ) ;
#6151 = ORIENTED_EDGE ( 'NONE', *, *, #2069, .F. ) ;
#6152 = DIRECTION ( 'NONE',  ( -1.000000000000000000, 0.000000000000000000, 0.000000000000000000 ) ) ;
#6153 = DIRECTION ( 'NONE',  ( -1.000000000000000000, 0.000000000000000000, 0.000000000000000000 ) ) ;
#6154 = DIRECTION ( 'NONE',  ( 0.000000000000000000, 0.000000000000000000, -1.000000000000000000 ) ) ;
#6155 = LINE ( 'NONE', #5654, #6723 ) ;
#6156 = LINE ( 'NONE', #4910, #1666 ) ;
#6157 = CARTESIAN_POINT ( 'NONE',  ( 0.000000000000000000, 0.000000000000000000, 0.000000000000000000 ) ) ;
#6158 = AXIS2_PLACEMENT_3D ( 'NONE', #1249, #658, #2410 ) ;
#6159 = VERTEX_POINT ( 'NONE', #4046 ) ;
#6160 = DIRECTION ( 'NONE',  ( 0.000000000000000000, 0.000000000000000000, 1.000000000000000000 ) ) ;
#6161 = CARTESIAN_POINT ( 'NONE',  ( 4.000000000000000000, -6.789472613368959131, -9.003236172274279525 ) ) ;
#6162 = ORIENTED_EDGE ( 'NONE', *, *, #5028, .T. ) ;
#6163 = CARTESIAN_POINT ( 'NONE',  ( 4.000000000000000000, -9.460238237123689942, -8.322493165920858971 ) ) ;
#6164 = EDGE_CURVE ( 'NONE', #1983, #7065, #2201, .T. ) ;
#6165 = CIRCLE ( 'NONE', #2587, 11.24899999999770195 ) ;
#6166 = DIRECTION ( 'NONE',  ( 0.000000000000000000, 0.000000000000000000, -1.000000000000000000 ) ) ;
#6167 = CARTESIAN_POINT ( 'NONE',  ( 1.750000000000000000, 6.740122156885060001, 10.64569177227120100 ) ) ;
#6168 = VECTOR ( 'NONE', #4589, 1000.000000000000000 ) ;
#6169 = VERTEX_POINT ( 'NONE', #483 ) ;
#6170 = EDGE_LOOP ( 'NONE', ( #1767, #3153, #3038, #5232 ) ) ;
#6171 = ORIENTED_EDGE ( 'NONE', *, *, #3918, .F. ) ;
#6172 = DIRECTION ( 'NONE',  ( 0.000000000000000000, 0.000000000000000000, 1.000000000000000000 ) ) ;
#6173 = EDGE_CURVE ( 'NONE', #2504, #7133, #6641, .T. ) ;
#6174 = EDGE_CURVE ( 'NONE', #4219, #2188, #473, .T. ) ;
#6175 = DIRECTION ( 'NONE',  ( -1.000000000000000000, 0.000000000000000000, 0.000000000000000000 ) ) ;
#6176 = DIRECTION ( 'NONE',  ( 0.000000000000000000, 0.000000000000000000, 1.000000000000000000 ) ) ;
#6177 = LINE ( 'NONE', #5092, #6276 ) ;
#6178 = CIRCLE ( 'NONE', #616, 3.599999999999274891 ) ;
#6179 = DIRECTION ( 'NONE',  ( 1.000000000000000000, 0.000000000000000000, 0.000000000000000000 ) ) ;
#6180 = CIRCLE ( 'NONE', #6809, 2.248999999999555133 ) ;
#6181 = ORIENTED_EDGE ( 'NONE', *, *, #79, .T. ) ;
#6182 = ADVANCED_FACE ( 'NONE', ( #2947 ), #1209, .T. ) ;
#6183 = DIRECTION ( 'NONE',  ( 0.000000000000000000, 0.000000000000000000, -1.000000000000000000 ) ) ;
#6184 = DIRECTION ( 'NONE',  ( 0.000000000000000000, 0.000000000000000000, -1.000000000000000000 ) ) ;
#6185 = CARTESIAN_POINT ( 'NONE',  ( 1.750000000000000000, 12.57428996311180036, -0.8045072551091970725 ) ) ;
#6186 = CARTESIAN_POINT ( 'NONE',  ( 0.000000000000000000, 6.392119685101349980, -9.256392760211138437 ) ) ;
#6187 = ORIENTED_EDGE ( 'NONE', *, *, #6040, .T. ) ;
#6188 = VERTEX_POINT ( 'NONE', #7598 ) ;
#6189 = VERTEX_POINT ( 'NONE', #3467 ) ;
#6190 = CARTESIAN_POINT ( 'NONE',  ( 3.500000000000000000, 9.239325152756089565, 6.464524009011320516 ) ) ;
#6191 = DIRECTION ( 'NONE',  ( -1.000000000000000000, 0.000000000000000000, 0.000000000000000000 ) ) ;
#6192 = LINE ( 'NONE', #1441, #1667 ) ;
#6193 = AXIS2_PLACEMENT_3D ( 'NONE', #115, #5997, #5445 ) ;
#6194 = DIRECTION ( 'NONE',  ( 0.000000000000000000, 0.000000000000000000, 1.000000000000000000 ) ) ;
#6195 = CARTESIAN_POINT ( 'NONE',  ( -7.000000000000000000, 2.355809106513210072, 1.548342161800750238 ) ) ;
#6196 = FACE_OUTER_BOUND ( 'NONE', #2074, .T. ) ;
#6197 = ORIENTED_EDGE ( 'NONE', *, *, #4871, .F. ) ;
#6198 = DIRECTION ( 'NONE',  ( 0.000000000000000000, 0.000000000000000000, 1.000000000000000000 ) ) ;
#6199 = CARTESIAN_POINT ( 'NONE',  ( 3.500000000000000000, 6.464524009011429762, -9.239325152756018511 ) ) ;
#6200 = ORIENTED_EDGE ( 'NONE', *, *, #1195, .T. ) ;
#6201 = DIRECTION ( 'NONE',  ( 1.000000000000000000, 0.000000000000000000, 0.000000000000000000 ) ) ;
#6202 = DIRECTION ( 'NONE',  ( 1.000000000000000000, 0.000000000000000000, 0.000000000000000000 ) ) ;
#6203 = DIRECTION ( 'NONE',  ( 0.000000000000000000, 0.000000000000000000, -1.000000000000000000 ) ) ;
#6204 = ADVANCED_FACE ( 'NONE', ( #6435 ), #1065, .F. ) ;
#6205 = ORIENTED_EDGE ( 'NONE', *, *, #7611, .T. ) ;
#6206 = ORIENTED_EDGE ( 'NONE', *, *, #1048, .F. ) ;
#6207 = ORIENTED_EDGE ( 'NONE', *, *, #887, .T. ) ;
#6208 = VERTEX_POINT ( 'NONE', #7092 ) ;
#6209 = DIRECTION ( 'NONE',  ( -1.000000000000000000, 0.000000000000000000, 0.000000000000000000 ) ) ;
#6210 = DIRECTION ( 'NONE',  ( 0.000000000000000000, -1.000000000000000000, -1.047444401652940164E-14 ) ) ;
#6211 = ORIENTED_EDGE ( 'NONE', *, *, #1163, .T. ) ;
#6212 = CARTESIAN_POINT ( 'NONE',  ( -6.450000000000000178, 1.024773626581972019, -2.001959044101470298 ) ) ;
#6213 = DIRECTION ( 'NONE',  ( -1.000000000000000000, 0.000000000000000000, 0.000000000000000000 ) ) ;
#6214 = VECTOR ( 'NONE', #2969, 1000.000000000000000 ) ;
#6215 = VECTOR ( 'NONE', #2906, 1000.000000000000000 ) ;
#6216 = ADVANCED_FACE ( 'NONE', ( #1795 ), #2877, .T. ) ;
#6217 = EDGE_CURVE ( 'NONE', #2469, #838, #840, .T. ) ;
#6218 = DIRECTION ( 'NONE',  ( 0.000000000000000000, 0.000000000000000000, 1.000000000000000000 ) ) ;
#6219 = EDGE_LOOP ( 'NONE', ( #1183, #3856, #3057, #175 ) ) ;
#6220 = CYLINDRICAL_SURFACE ( 'NONE', #2327, 11.24899999999770017 ) ;
#6221 = CARTESIAN_POINT ( 'NONE',  ( 0.000000000000000000, -4.939586103593700095, 10.13684808343399979 ) ) ;
#6222 = CIRCLE ( 'NONE', #3633, 1.199999999999765476 ) ;
#6223 = CARTESIAN_POINT ( 'NONE',  ( 0.000000000000000000, 11.10429823301639907, 1.962080705186130203 ) ) ;
#6224 = EDGE_LOOP ( 'NONE', ( #2342, #2718, #5294, #137 ) ) ;
#6225 = DIRECTION ( 'NONE',  ( 1.000000000000000000, 0.000000000000000000, 0.000000000000000000 ) ) ;
#6226 = AXIS2_PLACEMENT_3D ( 'NONE', #764, #3630, #4356 ) ;
#6227 = AXIS2_PLACEMENT_3D ( 'NONE', #5335, #38, #5849 ) ;
#6228 = ADVANCED_FACE ( 'NONE', ( #7560 ), #2262, .T. ) ;
#6229 = VERTEX_POINT ( 'NONE', #4119 ) ;
#6230 = EDGE_LOOP ( 'NONE', ( #3674, #4241, #3437, #218 ) ) ;
#6231 = CIRCLE ( 'NONE', #4623, 11.24899999999770017 ) ;
#6232 = AXIS2_PLACEMENT_3D ( 'NONE', #2445, #7166, #5928 ) ;
#6233 = VERTEX_POINT ( 'NONE', #6392 ) ;
#6234 = CARTESIAN_POINT ( 'NONE',  ( -7.000000000000000000, 6.938893903907229640E-14, 1.179611963664229834E-13 ) ) ;
#6235 = CARTESIAN_POINT ( 'NONE',  ( 3.500000000000000000, 0.2694376985533999957, 11.24577273141099987 ) ) ;
#6236 = VECTOR ( 'NONE', #6936, 1000.000000000000000 ) ;
#6237 = DIRECTION ( 'NONE',  ( 0.000000000000000000, 0.000000000000000000, -1.000000000000000000 ) ) ;
#6238 = DIRECTION ( 'NONE',  ( -1.000000000000000000, 0.000000000000000000, 0.000000000000000000 ) ) ;
#6239 = FACE_BOUND ( 'NONE', #1722, .T. ) ;
#6240 = VECTOR ( 'NONE', #5325, 1000.000000000000000 ) ;
#6241 = ADVANCED_FACE ( 'NONE', ( #2231 ), #5814, .T. ) ;
#6242 = VERTEX_POINT ( 'NONE', #1645 ) ;
#6243 = CARTESIAN_POINT ( 'NONE',  ( 0.000000000000000000, 6.938893903907229640E-14, 1.179611963664229834E-13 ) ) ;
#6244 = CARTESIAN_POINT ( 'NONE',  ( 3.500000000000000000, 1.565367224445640026, -11.16713147563269892 ) ) ;
#6245 = ORIENTED_EDGE ( 'NONE', *, *, #2474, .T. ) ;
#6246 = CARTESIAN_POINT ( 'NONE',  ( -7.000000000000000000, -2.172984797950519908, 2.870215508959410133 ) ) ;
#6247 = CARTESIAN_POINT ( 'NONE',  ( 4.000000000000000000, 9.003236172274210247, 6.789472613369049725 ) ) ;
#6248 = CARTESIAN_POINT ( 'NONE',  ( 1.750000000000000000, -6.425429397282139909, -10.83853574337780046 ) ) ;
#6249 = VERTEX_POINT ( 'NONE', #4005 ) ;
#6250 = EDGE_LOOP ( 'NONE', ( #7061, #1449, #4959, #8 ) ) ;
#6251 = CIRCLE ( 'NONE', #4035, 4.799999999999039701 ) ;
#6252 = ORIENTED_EDGE ( 'NONE', *, *, #5788, .T. ) ;
#6253 = CARTESIAN_POINT ( 'NONE',  ( 0.000000000000000000, 0.000000000000000000, 0.000000000000000000 ) ) ;
#6254 = LINE ( 'NONE', #5674, #854 ) ;
#6255 = ORIENTED_EDGE ( 'NONE', *, *, #1982, .F. ) ;
#6256 = CARTESIAN_POINT ( 'NONE',  ( -10.00000000000000000, 0.000000000000000000, 0.000000000000000000 ) ) ;
#6257 = DIRECTION ( 'NONE',  ( 0.000000000000000000, 0.000000000000000000, 1.000000000000000000 ) ) ;
#6258 = ORIENTED_EDGE ( 'NONE', *, *, #7463, .F. ) ;
#6259 = CARTESIAN_POINT ( 'NONE',  ( 0.000000000000000000, -10.61210460920450060, -3.731385367829280320 ) ) ;
#6260 = LINE ( 'NONE', #3839, #7097 ) ;
#6261 = ADVANCED_FACE ( 'NONE', ( #6357 ), #5490, .T. ) ;
#6262 = CARTESIAN_POINT ( 'NONE',  ( 0.000000000000000000, 0.000000000000000000, 0.000000000000000000 ) ) ;
#6263 = CARTESIAN_POINT ( 'NONE',  ( 4.000000000000000000, -3.731385367829055166, -10.61210460920452014 ) ) ;
#6264 = EDGE_LOOP ( 'NONE', ( #3243, #4420, #6258, #3733 ) ) ;
#6265 = VERTEX_POINT ( 'NONE', #4339 ) ;
#6266 = ORIENTED_EDGE ( 'NONE', *, *, #6689, .T. ) ;
#6267 = DIRECTION ( 'NONE',  ( 0.000000000000000000, 0.000000000000000000, 1.000000000000000000 ) ) ;
#6268 = EDGE_CURVE ( 'NONE', #7065, #4463, #1989, .T. ) ;
#6269 = DIRECTION ( 'NONE',  ( 0.000000000000000000, 0.000000000000000000, -1.000000000000000000 ) ) ;
#6270 = EDGE_CURVE ( 'NONE', #2167, #6893, #5374, .T. ) ;
#6271 = AXIS2_PLACEMENT_3D ( 'NONE', #6671, #1376, #4810 ) ;
#6272 = ORIENTED_EDGE ( 'NONE', *, *, #2988, .T. ) ;
#6273 = EDGE_CURVE ( 'NONE', #357, #6962, #3638, .T. ) ;
#6274 = CARTESIAN_POINT ( 'NONE',  ( 0.000000000000000000, -3.445051977127755016, -1.044804706575442221 ) ) ;
#6275 = CYLINDRICAL_SURFACE ( 'NONE', #5088, 4.799999999999039701 ) ;
#6276 = VECTOR ( 'NONE', #6882, 1000.000000000000000 ) ;
#6277 = VERTEX_POINT ( 'NONE', #6702 ) ;
#6278 = DIRECTION ( 'NONE',  ( 0.000000000000000000, 0.000000000000000000, -1.000000000000000000 ) ) ;
#6279 = DIRECTION ( 'NONE',  ( 1.000000000000000000, 0.000000000000000000, 0.000000000000000000 ) ) ;
#6280 = FACE_OUTER_BOUND ( 'NONE', #3495, .T. ) ;
#6281 = CARTESIAN_POINT ( 'NONE',  ( 3.500000000000000000, 0.000000000000000000, 0.000000000000000000 ) ) ;
#6282 = EDGE_CURVE ( 'NONE', #7196, #5286, #6347, .T. ) ;
#6283 = DIRECTION ( 'NONE',  ( 0.000000000000000000, 0.000000000000000000, -1.000000000000000000 ) ) ;
#6284 = CIRCLE ( 'NONE', #7395, 4.799999999999039701 ) ;
#6285 = AXIS2_PLACEMENT_3D ( 'NONE', #6449, #1118, #2315 ) ;
#6286 = CARTESIAN_POINT ( 'NONE',  ( 4.000000000000000000, 9.003236172274300841, -6.789472613368929821 ) ) ;
#6287 = ORIENTED_EDGE ( 'NONE', *, *, #169, .T. ) ;
#6288 = AXIS2_PLACEMENT_3D ( 'NONE', #2769, #5812, #5740 ) ;
#6289 = APPLICATION_CONTEXT ( 'automotive_design' ) ;
#6290 = AXIS2_PLACEMENT_3D ( 'NONE', #4888, #7263, #98 ) ;
#6291 = ORIENTED_EDGE ( 'NONE', *, *, #3407, .T. ) ;
#6292 = VERTEX_POINT ( 'NONE', #3685 ) ;
#6293 = CYLINDRICAL_SURFACE ( 'NONE', #5629, 4.799999999999039701 ) ;
#6294 = DIRECTION ( 'NONE',  ( 1.000000000000000000, 0.000000000000000000, 0.000000000000000000 ) ) ;
#6295 = ORIENTED_EDGE ( 'NONE', *, *, #1496, .T. ) ;
#6296 = CARTESIAN_POINT ( 'NONE',  ( 4.000000000000000000, -11.24577273141099987, 0.2694376985533364910 ) ) ;
#6297 = CIRCLE ( 'NONE', #4076, 1.199999999999755929 ) ;
#6298 = ORIENTED_EDGE ( 'NONE', *, *, #4207, .F. ) ;
#6299 = ORIENTED_EDGE ( 'NONE', *, *, #3483, .T. ) ;
#6300 = CIRCLE ( 'NONE', #5679, 1.199999999999754152 ) ;
#6301 = DIRECTION ( 'NONE',  ( -1.000000000000000000, 0.000000000000000000, 0.000000000000000000 ) ) ;
#6302 = CARTESIAN_POINT ( 'NONE',  ( 0.000000000000000000, -6.392119685101279813, 9.256392760211189952 ) ) ;
#6303 = CARTESIAN_POINT ( 'NONE',  ( 3.500000000000000000, 11.24577273141099987, 0.2694376985534409630 ) ) ;
#6304 = CYLINDRICAL_SURFACE ( 'NONE', #2837, 11.24899999999770017 ) ;
#6305 = EDGE_CURVE ( 'NONE', #7298, #5348, #5972, .T. ) ;
#6306 = ORIENTED_EDGE ( 'NONE', *, *, #1262, .T. ) ;
#6307 = ORIENTED_EDGE ( 'NONE', *, *, #2907, .T. ) ;
#6308 = DIRECTION ( 'NONE',  ( -1.000000000000000000, 0.000000000000000000, 0.000000000000000000 ) ) ;
#6309 = DIRECTION ( 'NONE',  ( 0.000000000000000000, 0.000000000000000000, -1.000000000000000000 ) ) ;
#6310 = FACE_BOUND ( 'NONE', #3180, .T. ) ;
#6311 = CARTESIAN_POINT ( 'NONE',  ( 4.000000000000000000, 0.000000000000000000, 0.000000000000000000 ) ) ;
#6312 = EDGE_CURVE ( 'NONE', #2648, #4742, #2555, .T. ) ;
#6313 = EDGE_CURVE ( 'NONE', #4730, #5657, #667, .T. ) ;
#6314 = ADVANCED_FACE ( 'NONE', ( #1869 ), #7286, .T. ) ;
#6315 = ORIENTED_EDGE ( 'NONE', *, *, #454, .F. ) ;
#6316 = CARTESIAN_POINT ( 'NONE',  ( 4.000000000000000000, -4.650801158178239803, 11.71025399327550076 ) ) ;
#6317 = CARTESIAN_POINT ( 'NONE',  ( 4.000000000000000000, -6.828079039211159440, -8.939649748968610865 ) ) ;
#6318 = DIRECTION ( 'NONE',  ( 1.000000000000000000, 0.000000000000000000, 0.000000000000000000 ) ) ;
#6319 = DIRECTION ( 'NONE',  ( 0.000000000000000000, 0.000000000000000000, -1.000000000000000000 ) ) ;
#6320 = LINE ( 'NONE', #3318, #350 ) ;
#6321 = CARTESIAN_POINT ( 'NONE',  ( 4.000000000000000000, -3.120537423421419820, -12.20746682112890191 ) ) ;
#6322 = EDGE_CURVE ( 'NONE', #2188, #2049, #3144, .T. ) ;
#6323 = EDGE_CURVE ( 'NONE', #5628, #6189, #4370, .T. ) ;
#6324 = ORIENTED_EDGE ( 'NONE', *, *, #7203, .F. ) ;
#6325 = VERTEX_POINT ( 'NONE', #3611 ) ;
#6326 = ORIENTED_EDGE ( 'NONE', *, *, #6305, .F. ) ;
#6327 = FACE_OUTER_BOUND ( 'NONE', #189, .T. ) ;
#6328 = CARTESIAN_POINT ( 'NONE',  ( 0.000000000000000000, 5.297466504774010154, 9.954498911157338981 ) ) ;
#6329 = VERTEX_POINT ( 'NONE', #663 ) ;
#6330 = EDGE_LOOP ( 'NONE', ( #6632, #2248, #4320, #817 ) ) ;
#6331 = ORIENTED_EDGE ( 'NONE', *, *, #3774, .T. ) ;
#6332 = DIRECTION ( 'NONE',  ( 0.000000000000000000, 0.8090169943749447867, 0.5877852522924768008 ) ) ;
#6333 = CARTESIAN_POINT ( 'NONE',  ( 0.000000000000000000, 6.938893903907229640E-14, 1.179611963664229834E-13 ) ) ;
#6334 = AXIS2_PLACEMENT_3D ( 'NONE', #7350, #3178, #4331 ) ;
#6335 = LINE ( 'NONE', #7471, #557 ) ;
#6336 = LINE ( 'NONE', #391, #1107 ) ;
#6337 = ORIENTED_EDGE ( 'NONE', *, *, #6173, .T. ) ;
#6338 = ORIENTED_EDGE ( 'NONE', *, *, #1400, .F. ) ;
#6339 = FACE_OUTER_BOUND ( 'NONE', #1413, .T. ) ;
#6340 = AXIS2_PLACEMENT_3D ( 'NONE', #1755, #7094, #629 ) ;
#6341 = VECTOR ( 'NONE', #3612, 1000.000000000000000 ) ;
#6342 = CARTESIAN_POINT ( 'NONE',  ( -6.450000000000000178, 6.938893903907229640E-14, 1.179611963664229834E-13 ) ) ;
#6343 = CARTESIAN_POINT ( 'NONE',  ( -6.450000000000000178, 2.220648660249965101, -0.3559782686179764899 ) ) ;
#6344 = CARTESIAN_POINT ( 'NONE',  ( 0.000000000000000000, 0.000000000000000000, 0.000000000000000000 ) ) ;
#6345 = AXIS2_PLACEMENT_3D ( 'NONE', #7204, #782, #4951 ) ;
#6346 = EDGE_CURVE ( 'NONE', #7591, #5549, #2034, .T. ) ;
#6347 = CIRCLE ( 'NONE', #7470, 1.199999999999755929 ) ;
#6348 = AXIS2_PLACEMENT_3D ( 'NONE', #6780, #3767, #3232 ) ;
#6349 = ORIENTED_EDGE ( 'NONE', *, *, #212, .F. ) ;
#6350 = DIRECTION ( 'NONE',  ( -1.000000000000000000, 0.000000000000000000, 0.000000000000000000 ) ) ;
#6351 = AXIS2_PLACEMENT_3D ( 'NONE', #5926, #35, #5884 ) ;
#6352 = CIRCLE ( 'NONE', #4746, 11.24899999999771971 ) ;
#6353 = CARTESIAN_POINT ( 'NONE',  ( 3.500000000000000000, -4.939586103593700095, 10.13684808343399979 ) ) ;
#6354 = CARTESIAN_POINT ( 'NONE',  ( 4.000000000000000000, 0.000000000000000000, 0.000000000000000000 ) ) ;
#6355 = DIRECTION ( 'NONE',  ( 0.000000000000000000, 0.000000000000000000, 1.000000000000000000 ) ) ;
#6356 = CIRCLE ( 'NONE', #3015, 11.24899999999769484 ) ;
#6357 = FACE_OUTER_BOUND ( 'NONE', #6440, .T. ) ;
#6358 = AXIS2_PLACEMENT_3D ( 'NONE', #6851, #5682, #5598 ) ;
#6359 = DIRECTION ( 'NONE',  ( 0.000000000000000000, 0.000000000000000000, -1.000000000000000000 ) ) ;
#6360 = EDGE_CURVE ( 'NONE', #1280, #2723, #1367, .T. ) ;
#6361 = FACE_OUTER_BOUND ( 'NONE', #6799, .T. ) ;
#6362 = EDGE_CURVE ( 'NONE', #3444, #523, #36, .T. ) ;
#6363 = AXIS2_PLACEMENT_3D ( 'NONE', #5324, #5364, #1089 ) ;
#6364 = VERTEX_POINT ( 'NONE', #4227 ) ;
#6365 = AXIS2_PLACEMENT_3D ( 'NONE', #6286, #5041, #2191 ) ;
#6366 = EDGE_CURVE ( 'NONE', #3378, #1858, #1829, .T. ) ;
#6367 = ORIENTED_EDGE ( 'NONE', *, *, #5625, .T. ) ;
#6368 = ORIENTED_EDGE ( 'NONE', *, *, #6597, .T. ) ;
#6369 = DIRECTION ( 'NONE',  ( 1.000000000000000000, 0.000000000000000000, 0.000000000000000000 ) ) ;
#6370 = DIRECTION ( 'NONE',  ( 1.000000000000000000, 0.000000000000000000, 0.000000000000000000 ) ) ;
#6371 = ADVANCED_FACE ( 'NONE', ( #3650 ), #4302, .T. ) ;
#6372 = EDGE_CURVE ( 'NONE', #3452, #2423, #6096, .T. ) ;
#6373 = ORIENTED_EDGE ( 'NONE', *, *, #690, .F. ) ;
#6374 = ORIENTED_EDGE ( 'NONE', *, *, #6640, .F. ) ;
#6375 = DIRECTION ( 'NONE',  ( 0.000000000000000000, -0.8090169943749402348, -0.5877852522924831291 ) ) ;
#6376 = EDGE_CURVE ( 'NONE', #4897, #4352, #7340, .T. ) ;
#6377 = CARTESIAN_POINT ( 'NONE',  ( -7.000000000000000000, 1.587303728247859924, -1.593257001958019892 ) ) ;
#6378 = EDGE_CURVE ( 'NONE', #4731, #2504, #39, .T. ) ;
#6379 = DIRECTION ( 'NONE',  ( -1.000000000000000000, 0.000000000000000000, 0.000000000000000000 ) ) ;
#6380 = VERTEX_POINT ( 'NONE', #3886 ) ;
#6381 = EDGE_LOOP ( 'NONE', ( #1711, #1748, #1992, #2213 ) ) ;
#6382 = CIRCLE ( 'NONE', #5146, 11.24899999999770017 ) ;
#6383 = DIRECTION ( 'NONE',  ( 1.000000000000000000, 0.000000000000000000, 0.000000000000000000 ) ) ;
#6384 = CARTESIAN_POINT ( 'NONE',  ( 4.000000000000000000, 6.789472613369149201, -9.003236172274139193 ) ) ;
#6385 = CARTESIAN_POINT ( 'NONE',  ( 4.000000000000000000, 0.000000000000000000, 0.000000000000000000 ) ) ;
#6386 = CARTESIAN_POINT ( 'NONE',  ( 4.000000000000000000, 6.828079039211229606, 8.939649748968559351 ) ) ;
#6387 = VERTEX_POINT ( 'NONE', #7483 ) ;
#6388 = CARTESIAN_POINT ( 'NONE',  ( 4.000000000000000000, 8.041842239847619922, 9.699936772440281629 ) ) ;
#6389 = LINE ( 'NONE', #3463, #2215 ) ;
#6390 = DIRECTION ( 'NONE',  ( -1.000000000000000000, 0.000000000000000000, 0.000000000000000000 ) ) ;
#6391 = DIRECTION ( 'NONE',  ( 1.000000000000000000, 0.000000000000000000, 0.000000000000000000 ) ) ;
#6392 = CARTESIAN_POINT ( 'NONE',  ( 4.000000000000000000, 12.57428996311180036, -0.8045072551091970725 ) ) ;
#6393 = CARTESIAN_POINT ( 'NONE',  ( 0.000000000000000000, 6.828079039211360168, -8.939649748968459875 ) ) ;
#6394 = ORIENTED_EDGE ( 'NONE', *, *, #833, .F. ) ;
#6395 = DIRECTION ( 'NONE',  ( -1.000000000000000000, 0.000000000000000000, 0.000000000000000000 ) ) ;
#6396 = VECTOR ( 'NONE', #3538, 1000.000000000000000 ) ;
#6397 = CIRCLE ( 'NONE', #7392, 4.799999999999039701 ) ;
#6398 = VERTEX_POINT ( 'NONE', #3231 ) ;
#6399 = EDGE_CURVE ( 'NONE', #6857, #4232, #979, .T. ) ;
#6400 = ORIENTED_EDGE ( 'NONE', *, *, #3261, .T. ) ;
#6401 = AXIS2_PLACEMENT_3D ( 'NONE', #162, #287, #249 ) ;
#6402 = EDGE_LOOP ( 'NONE', ( #1936, #1464, #7209, #7114 ) ) ;
#6403 = CARTESIAN_POINT ( 'NONE',  ( 3.500000000000000000, 10.66064884975989990, 3.675019189548129894 ) ) ;
#6404 = VECTOR ( 'NONE', #3000, 1000.000000000000000 ) ;
#6405 = CARTESIAN_POINT ( 'NONE',  ( 4.000000000000000000, 4.650801158178159866, 11.71025399327550076 ) ) ;
#6406 = AXIS2_PLACEMENT_3D ( 'NONE', #3893, #2768, #331 ) ;
#6407 = VECTOR ( 'NONE', #6514, 1000.000000000000000 ) ;
#6408 = ORIENTED_EDGE ( 'NONE', *, *, #1639, .T. ) ;
#6409 = EDGE_CURVE ( 'NONE', #7575, #6141, #1290, .T. ) ;
#6410 = ORIENTED_EDGE ( 'NONE', *, *, #3043, .T. ) ;
#6411 = EDGE_CURVE ( 'NONE', #5554, #5164, #6155, .T. ) ;
#6412 = EDGE_LOOP ( 'NONE', ( #837, #2573, #2618, #386 ) ) ;
#6413 = FACE_OUTER_BOUND ( 'NONE', #6011, .T. ) ;
#6414 = AXIS2_PLACEMENT_3D ( 'NONE', #4637, #4214, #4706 ) ;
#6415 = EDGE_CURVE ( 'NONE', #5256, #7207, #863, .T. ) ;
#6416 = CARTESIAN_POINT ( 'NONE',  ( 3.500000000000000000, -6.828079039211159440, -8.939649748968610865 ) ) ;
#6417 = CIRCLE ( 'NONE', #3079, 1.199999999999755929 ) ;
#6418 = DIRECTION ( 'NONE',  ( 0.000000000000000000, 0.000000000000000000, 1.000000000000000000 ) ) ;
#6419 = EDGE_CURVE ( 'NONE', #907, #5093, #4739, .T. ) ;
#6420 = EDGE_LOOP ( 'NONE', ( #2820, #1047, #2276, #1999 ) ) ;
#6421 = VERTEX_POINT ( 'NONE', #4458 ) ;
#6422 = ADVANCED_FACE ( 'NONE', ( #942 ), #5690, .T. ) ;
#6423 = VECTOR ( 'NONE', #839, 1000.000000000000000 ) ;
#6424 = CARTESIAN_POINT ( 'NONE',  ( 4.000000000000000000, -5.297466504774070550, 9.954498911157299901 ) ) ;
#6425 = LINE ( 'NONE', #6458, #1172 ) ;
#6426 = DIRECTION ( 'NONE',  ( 1.000000000000000000, 0.000000000000000000, 0.000000000000000000 ) ) ;
#6427 = DIRECTION ( 'NONE',  ( 0.000000000000000000, 0.000000000000000000, 1.000000000000000000 ) ) ;
#6428 = ADVANCED_FACE ( 'NONE', ( #360 ), #3965, .T. ) ;
#6429 = ORIENTED_EDGE ( 'NONE', *, *, #1785, .T. ) ;
#6430 = CIRCLE ( 'NONE', #3998, 1.199999999999757927 ) ;
#6431 = DIRECTION ( 'NONE',  ( -1.000000000000000000, 0.000000000000000000, 0.000000000000000000 ) ) ;
#6432 = LINE ( 'NONE', #5842, #1220 ) ;
#6433 = DIRECTION ( 'NONE',  ( 0.000000000000000000, 0.000000000000000000, 1.000000000000000000 ) ) ;
#6434 = CARTESIAN_POINT ( 'NONE',  ( 0.000000000000000000, -11.16713147563269892, 1.565367224445439964 ) ) ;
#6435 = FACE_OUTER_BOUND ( 'NONE', #7069, .T. ) ;
#6436 = DIRECTION ( 'NONE',  ( 1.000000000000000000, 0.000000000000000000, 0.000000000000000000 ) ) ;
#6437 = DIRECTION ( 'NONE',  ( -1.000000000000000000, 0.000000000000000000, 0.000000000000000000 ) ) ;
#6438 = ADVANCED_FACE ( 'NONE', ( #4492 ), #6864, .T. ) ;
#6439 = EDGE_LOOP ( 'NONE', ( #5383, #2750, #6090, #3821 ) ) ;
#6440 = EDGE_LOOP ( 'NONE', ( #2495, #6804, #6187, #4876 ) ) ;
#6441 = ORIENTED_EDGE ( 'NONE', *, *, #2908, .T. ) ;
#6442 = CARTESIAN_POINT ( 'NONE',  ( 4.000000000000000000, 0.000000000000000000, 0.000000000000000000 ) ) ;
#6443 = CARTESIAN_POINT ( 'NONE',  ( 0.000000000000000000, -3.675019189548169862, 10.66064884975989990 ) ) ;
#6444 = VECTOR ( 'NONE', #3801, 1000.000000000000000 ) ;
#6445 = ORIENTED_EDGE ( 'NONE', *, *, #5042, .T. ) ;
#6446 = AXIS2_PLACEMENT_3D ( 'NONE', #5691, #6899, #2220 ) ;
#6447 = VERTEX_POINT ( 'NONE', #6274 ) ;
#6448 = ORIENTED_EDGE ( 'NONE', *, *, #4296, .F. ) ;
#6449 = CARTESIAN_POINT ( 'NONE',  ( -6.450000000000000178, 6.938893903907229640E-14, 1.179611963664229834E-13 ) ) ;
#6450 = CARTESIAN_POINT ( 'NONE',  ( 4.000000000000000000, 0.000000000000000000, 0.000000000000000000 ) ) ;
#6451 = FACE_OUTER_BOUND ( 'NONE', #6487, .T. ) ;
#6452 = EDGE_CURVE ( 'NONE', #4913, #3544, #3896, .T. ) ;
#6453 = EDGE_CURVE ( 'NONE', #5005, #1427, #3185, .T. ) ;
#6454 = EDGE_CURVE ( 'NONE', #1730, #5485, #6231, .T. ) ;
#6455 = EDGE_LOOP ( 'NONE', ( #1776, #6638, #387, #2305 ) ) ;
#6456 = AXIS2_PLACEMENT_3D ( 'NONE', #583, #3020, #4041 ) ;
#6457 = CARTESIAN_POINT ( 'NONE',  ( 3.500000000000000000, 0.000000000000000000, 0.000000000000000000 ) ) ;
#6458 = CARTESIAN_POINT ( 'NONE',  ( 1.750000000000000000, 12.54533224990199969, -1.172449887844410066 ) ) ;
#6459 = VERTEX_POINT ( 'NONE', #822 ) ;
#6460 = CARTESIAN_POINT ( 'NONE',  ( 4.000000000000000000, 4.650801158178340167, -11.71025399327550076 ) ) ;
#6461 = DIRECTION ( 'NONE',  ( 1.000000000000000000, 0.000000000000000000, 0.000000000000000000 ) ) ;
#6462 = EDGE_CURVE ( 'NONE', #5256, #7554, #5607, .T. ) ;
#6463 = CIRCLE ( 'NONE', #6960, 4.799999999999039701 ) ;
#6464 = ORIENTED_EDGE ( 'NONE', *, *, #6995, .T. ) ;
#6465 = LINE ( 'NONE', #73, #3749 ) ;
#6466 = DIRECTION ( 'NONE',  ( -1.000000000000000000, 0.000000000000000000, 0.000000000000000000 ) ) ;
#6467 =( GEOMETRIC_REPRESENTATION_CONTEXT ( 3 ) GLOBAL_UNCERTAINTY_ASSIGNED_CONTEXT ( ( #713 ) ) GLOBAL_UNIT_ASSIGNED_CONTEXT ( ( #4382, #6826, #7521 ) ) REPRESENTATION_CONTEXT ( 'NONE', 'WORKASPACE' ) );
#6468 = DIRECTION ( 'NONE',  ( -1.000000000000000000, 0.000000000000000000, 0.000000000000000000 ) ) ;
#6469 = CARTESIAN_POINT ( 'NONE',  ( 0.000000000000000000, 0.000000000000000000, 0.000000000000000000 ) ) ;
#6470 = CARTESIAN_POINT ( 'NONE',  ( -7.000000000000000000, -0.9957969144632770053, -2.637344972028564438 ) ) ;
#6471 = DIRECTION ( 'NONE',  ( -1.000000000000000000, 0.000000000000000000, 0.000000000000000000 ) ) ;
#6472 = FACE_OUTER_BOUND ( 'NONE', #4309, .T. ) ;
#6473 = EDGE_CURVE ( 'NONE', #1011, #3835, #5234, .T. ) ;
#6474 = VECTOR ( 'NONE', #2300, 1000.000000000000000 ) ;
#6475 = VECTOR ( 'NONE', #1828, 1000.000000000000000 ) ;
#6476 = ORIENTED_EDGE ( 'NONE', *, *, #5750, .T. ) ;
#6477 = AXIS2_PLACEMENT_3D ( 'NONE', #2823, #1515, #3373 ) ;
#6478 = ORIENTED_EDGE ( 'NONE', *, *, #7256, .F. ) ;
#6479 = CIRCLE ( 'NONE', #7346, 11.24899999999780142 ) ;
#6480 = VERTEX_POINT ( 'NONE', #1442 ) ;
#6481 = DIRECTION ( 'NONE',  ( -1.000000000000000000, 0.000000000000000000, 0.000000000000000000 ) ) ;
#6482 = DIRECTION ( 'NONE',  ( -1.000000000000000000, 0.000000000000000000, 0.000000000000000000 ) ) ;
#6483 = DIRECTION ( 'NONE',  ( 0.000000000000000000, 0.000000000000000000, -1.000000000000000000 ) ) ;
#6484 = CIRCLE ( 'NONE', #5482, 4.799999999999039701 ) ;
#6485 = CIRCLE ( 'NONE', #6602, 4.799999999999039701 ) ;
#6486 = CIRCLE ( 'NONE', #3155, 12.59999999999749853 ) ;
#6487 = EDGE_LOOP ( 'NONE', ( #3436, #4587, #7062, #4317 ) ) ;
#6488 = ORIENTED_EDGE ( 'NONE', *, *, #5266, .F. ) ;
#6489 = ORIENTED_EDGE ( 'NONE', *, *, #6323, .F. ) ;
#6490 = DIRECTION ( 'NONE',  ( 0.000000000000000000, 0.000000000000000000, 1.000000000000000000 ) ) ;
#6491 = DIRECTION ( 'NONE',  ( 0.000000000000000000, 0.000000000000000000, -1.000000000000000000 ) ) ;
#6492 = LINE ( 'NONE', #5797, #3957 ) ;
#6493 = FACE_OUTER_BOUND ( 'NONE', #4231, .T. ) ;
#6494 = EDGE_LOOP ( 'NONE', ( #56, #3033, #4859, #5486 ) ) ;
#6495 = PRODUCT_DEFINITION ( 'æ™', '', #3757, #795 ) ;
#6496 = CARTESIAN_POINT ( 'NONE',  ( -7.000000000000000000, 6.938893903907229640E-14, 1.179611963664229834E-13 ) ) ;
#6497 = FACE_OUTER_BOUND ( 'NONE', #7233, .T. ) ;
#6498 = DIRECTION ( 'NONE',  ( 0.000000000000000000, 0.000000000000000000, 1.000000000000000000 ) ) ;
#6499 = EDGE_CURVE ( 'NONE', #5962, #3172, #1158, .T. ) ;
#6500 = VERTEX_POINT ( 'NONE', #4379 ) ;
#6501 = CARTESIAN_POINT ( 'NONE',  ( 4.000000000000000000, 10.13684808343399979, 4.939586103593669009 ) ) ;
#6502 = EDGE_CURVE ( 'NONE', #7515, #4281, #3521, .T. ) ;
#6503 = DIRECTION ( 'NONE',  ( -1.000000000000000000, 0.000000000000000000, 0.000000000000000000 ) ) ;
#6504 = CARTESIAN_POINT ( 'NONE',  ( 0.000000000000000000, 10.83853574337789993, -6.425429397282109711 ) ) ;
#6505 = CARTESIAN_POINT ( 'NONE',  ( 4.000000000000000000, -10.61210460920450060, 3.731385367829130217 ) ) ;
#6506 = CARTESIAN_POINT ( 'NONE',  ( -6.450000000000000178, -2.355809106513079954, 1.548342161800734917 ) ) ;
#6507 = DIRECTION ( 'NONE',  ( -1.000000000000000000, 0.000000000000000000, 0.000000000000000000 ) ) ;
#6508 = DIRECTION ( 'NONE',  ( -1.000000000000000000, 0.000000000000000000, 0.000000000000000000 ) ) ;
#6509 = ORIENTED_EDGE ( 'NONE', *, *, #6712, .F. ) ;
#6510 = ORIENTED_EDGE ( 'NONE', *, *, #7034, .T. ) ;
#6511 = EDGE_CURVE ( 'NONE', #6772, #5575, #2895, .T. ) ;
#6512 = EDGE_LOOP ( 'NONE', ( #4434, #6956, #6747, #5645 ) ) ;
#6513 = DIRECTION ( 'NONE',  ( 0.000000000000000000, 0.000000000000000000, -1.000000000000000000 ) ) ;
#6514 = DIRECTION ( 'NONE',  ( -1.000000000000000000, 0.000000000000000000, 0.000000000000000000 ) ) ;
#6515 = ORIENTED_EDGE ( 'NONE', *, *, #5799, .T. ) ;
#6516 = CIRCLE ( 'NONE', #3188, 12.59999999999743991 ) ;
#6517 = CYLINDRICAL_SURFACE ( 'NONE', #1796, 11.24899999999770017 ) ;
#6518 = VECTOR ( 'NONE', #1562, 1000.000000000000000 ) ;
#6519 = CIRCLE ( 'NONE', #2206, 12.59999999999749853 ) ;
#6520 = ORIENTED_EDGE ( 'NONE', *, *, #432, .F. ) ;
#6521 = CIRCLE ( 'NONE', #3197, 4.799999999999039701 ) ;
#6522 = ORIENTED_EDGE ( 'NONE', *, *, #5835, .F. ) ;
#6523 = ORIENTED_EDGE ( 'NONE', *, *, #934, .T. ) ;
#6524 = CARTESIAN_POINT ( 'NONE',  ( 0.000000000000000000, -9.897734717811939475, 5.345544729564010389 ) ) ;
#6525 = CARTESIAN_POINT ( 'NONE',  ( 4.000000000000000000, 9.954498911157321217, 5.297466504774040352 ) ) ;
#6526 = DIRECTION ( 'NONE',  ( 1.000000000000000000, 0.000000000000000000, 0.000000000000000000 ) ) ;
#6527 = CIRCLE ( 'NONE', #2335, 11.24899999999778011 ) ;
#6528 = DIRECTION ( 'NONE',  ( -1.000000000000000000, 0.000000000000000000, 0.000000000000000000 ) ) ;
#6529 = VERTEX_POINT ( 'NONE', #6343 ) ;
#6530 = EDGE_LOOP ( 'NONE', ( #5700, #5050, #1651, #6315 ) ) ;
#6531 = VECTOR ( 'NONE', #5209, 1000.000000000000000 ) ;
#6532 = CIRCLE ( 'NONE', #1606, 12.59999999999749853 ) ;
#6533 = CIRCLE ( 'NONE', #4803, 4.799999999999041478 ) ;
#6534 = DIRECTION ( 'NONE',  ( 1.000000000000000000, 0.000000000000000000, 0.000000000000000000 ) ) ;
#6535 = LINE ( 'NONE', #145, #6983 ) ;
#6536 = DIRECTION ( 'NONE',  ( -1.000000000000000000, 0.000000000000000000, 0.000000000000000000 ) ) ;
#6537 = CIRCLE ( 'NONE', #4903, 2.248999999999549804 ) ;
#6538 = ADVANCED_FACE ( 'NONE', ( #2219 ), #7519, .T. ) ;
#6539 = AXIS2_PLACEMENT_3D ( 'NONE', #3205, #2621, #340 ) ;
#6540 = EDGE_LOOP ( 'NONE', ( #3775, #3007, #1625, #5314 ) ) ;
#6541 = CYLINDRICAL_SURFACE ( 'NONE', #2384, 11.24899999999770017 ) ;
#6542 = CARTESIAN_POINT ( 'NONE',  ( 3.500000000000000000, -11.27452294072310046, -0.2008292820900010045 ) ) ;
#6543 = CARTESIAN_POINT ( 'NONE',  ( 4.000000000000000000, 9.897734717811900396, 5.345544729564080555 ) ) ;
#6544 = DIRECTION ( 'NONE',  ( 0.000000000000000000, 0.000000000000000000, 1.000000000000000000 ) ) ;
#6545 = DIRECTION ( 'NONE',  ( 0.000000000000000000, 0.000000000000000000, 1.000000000000000000 ) ) ;
#6546 = CARTESIAN_POINT ( 'NONE',  ( -7.000000000000000000, 6.938893903907229640E-14, 1.179611963664229834E-13 ) ) ;
#6547 = CIRCLE ( 'NONE', #3968, 12.59999999999749853 ) ;
#6548 = DIRECTION ( 'NONE',  ( -1.000000000000000000, 0.000000000000000000, 0.000000000000000000 ) ) ;
#6549 = EDGE_CURVE ( 'NONE', #763, #3452, #4861, .T. ) ;
#6550 = ADVANCED_FACE ( 'NONE', ( #7659 ), #7082, .T. ) ;
#6551 = EDGE_CURVE ( 'NONE', #5286, #5369, #474, .T. ) ;
#6552 = EDGE_LOOP ( 'NONE', ( #881, #188, #3315, #1029 ) ) ;
#6553 = ORIENTED_EDGE ( 'NONE', *, *, #6582, .T. ) ;
#6554 = CYLINDRICAL_SURFACE ( 'NONE', #4641, 1.199999999999764144 ) ;
#6555 = CARTESIAN_POINT ( 'NONE',  ( 0.000000000000000000, 2.815982290881520189, -0.1320747280206593932 ) ) ;
#6556 = DIRECTION ( 'NONE',  ( 1.000000000000000000, 0.000000000000000000, 0.000000000000000000 ) ) ;
#6557 = EDGE_CURVE ( 'NONE', #4925, #4463, #5113, .T. ) ;
#6558 = ORIENTED_EDGE ( 'NONE', *, *, #6794, .F. ) ;
#6559 = ORIENTED_EDGE ( 'NONE', *, *, #5308, .T. ) ;
#6560 = VERTEX_POINT ( 'NONE', #4681 ) ;
#6561 = CARTESIAN_POINT ( 'NONE',  ( 0.000000000000000000, 11.27452294072310046, 0.2008292820899199860 ) ) ;
#6562 = EDGE_LOOP ( 'NONE', ( #654, #2102, #2793, #6338 ) ) ;
#6563 = LINE ( 'NONE', #3482, #4194 ) ;
#6564 = EDGE_CURVE ( 'NONE', #6229, #6684, #1781, .T. ) ;
#6565 = DIRECTION ( 'NONE',  ( 0.000000000000000000, 0.000000000000000000, -1.000000000000000000 ) ) ;
#6566 = ORIENTED_EDGE ( 'NONE', *, *, #3506, .T. ) ;
#6567 = DIRECTION ( 'NONE',  ( -1.000000000000000000, 0.000000000000000000, 0.000000000000000000 ) ) ;
#6568 = DIRECTION ( 'NONE',  ( 0.000000000000000000, 0.000000000000000000, 1.000000000000000000 ) ) ;
#6569 = EDGE_LOOP ( 'NONE', ( #6592, #7036, #3279, #7649 ) ) ;
#6570 = DIRECTION ( 'NONE',  ( -1.000000000000000000, 0.000000000000000000, 0.000000000000000000 ) ) ;
#6571 = ORIENTED_EDGE ( 'NONE', *, *, #1412, .T. ) ;
#6572 = DIRECTION ( 'NONE',  ( 0.000000000000000000, 0.000000000000000000, -1.000000000000000000 ) ) ;
#6573 = DIRECTION ( 'NONE',  ( 0.000000000000000000, 0.000000000000000000, 1.000000000000000000 ) ) ;
#6574 = DIRECTION ( 'NONE',  ( 0.000000000000000000, 0.000000000000000000, 1.000000000000000000 ) ) ;
#6575 = FACE_OUTER_BOUND ( 'NONE', #5508, .T. ) ;
#6576 = DIRECTION ( 'NONE',  ( 0.000000000000000000, -0.1564344650402381132, 0.9876883405951366601 ) ) ;
#6577 = DIRECTION ( 'NONE',  ( 0.000000000000000000, 0.000000000000000000, -1.000000000000000000 ) ) ;
#6578 = AXIS2_PLACEMENT_3D ( 'NONE', #3267, #3763, #6113 ) ;
#6579 = DIRECTION ( 'NONE',  ( 1.000000000000000000, 0.000000000000000000, 0.000000000000000000 ) ) ;
#6580 = CIRCLE ( 'NONE', #3129, 4.799999999999049471 ) ;
#6581 = VERTEX_POINT ( 'NONE', #2801 ) ;
#6582 = EDGE_CURVE ( 'NONE', #5854, #2627, #2251, .T. ) ;
#6583 = ORIENTED_EDGE ( 'NONE', *, *, #1303, .T. ) ;
#6584 = CARTESIAN_POINT ( 'NONE',  ( 0.000000000000000000, 0.000000000000000000, 0.000000000000000000 ) ) ;
#6585 = EDGE_CURVE ( 'NONE', #71, #3118, #4993, .T. ) ;
#6586 = CIRCLE ( 'NONE', #7332, 12.59999999999749853 ) ;
#6587 = DIRECTION ( 'NONE',  ( 0.000000000000000000, 0.000000000000000000, -1.000000000000000000 ) ) ;
#6588 = CARTESIAN_POINT ( 'NONE',  ( 3.500000000000000000, -8.142483381817859467, -7.761440934309130846 ) ) ;
#6589 = AXIS2_PLACEMENT_3D ( 'NONE', #2952, #5887, #7020 ) ;
#6590 = AXIS2_PLACEMENT_3D ( 'NONE', #4407, #6849, #1007 ) ;
#6591 = VECTOR ( 'NONE', #5412, 1000.000000000000000 ) ;
#6592 = ORIENTED_EDGE ( 'NONE', *, *, #1558, .F. ) ;
#6593 = EDGE_LOOP ( 'NONE', ( #1925, #3514, #5055, #4699 ) ) ;
#6594 = ORIENTED_EDGE ( 'NONE', *, *, #4086, .F. ) ;
#6595 = ORIENTED_EDGE ( 'NONE', *, *, #1974, .T. ) ;
#6596 = CARTESIAN_POINT ( 'NONE',  ( 4.000000000000000000, 1.172449887844724037, -12.54533224990194107 ) ) ;
#6597 = EDGE_CURVE ( 'NONE', #7207, #6277, #7479, .T. ) ;
#6598 = EDGE_CURVE ( 'NONE', #787, #3938, #5805, .T. ) ;
#6599 = VECTOR ( 'NONE', #1251, 1000.000000000000000 ) ;
#6600 = CYLINDRICAL_SURFACE ( 'NONE', #727, 12.59999999999749853 ) ;
#6601 = ORIENTED_EDGE ( 'NONE', *, *, #6070, .T. ) ;
#6602 = AXIS2_PLACEMENT_3D ( 'NONE', #7652, #4672, #5247 ) ;
#6603 = DIRECTION ( 'NONE',  ( 1.000000000000000000, 0.000000000000000000, 0.000000000000000000 ) ) ;
#6604 = ORIENTED_EDGE ( 'NONE', *, *, #3661, .T. ) ;
#6605 = FACE_OUTER_BOUND ( 'NONE', #2310, .T. ) ;
#6606 = CIRCLE ( 'NONE', #4147, 4.799999999999039701 ) ;
#6607 = FACE_OUTER_BOUND ( 'NONE', #2652, .T. ) ;
#6608 = VERTEX_POINT ( 'NONE', #1014 ) ;
#6609 = VECTOR ( 'NONE', #3859, 1000.000000000000000 ) ;
#6610 = ADVANCED_FACE ( 'NONE', ( #6310, #1707 ), #443, .F. ) ;
#6611 = EDGE_CURVE ( 'NONE', #3548, #4846, #5985, .T. ) ;
#6612 = DIRECTION ( 'NONE',  ( -1.000000000000000000, 0.000000000000000000, 0.000000000000000000 ) ) ;
#6613 = CYLINDRICAL_SURFACE ( 'NONE', #798, 12.59999999999749853 ) ;
#6614 = LINE ( 'NONE', #4409, #1894 ) ;
#6615 = AXIS2_PLACEMENT_3D ( 'NONE', #3657, #5420, #6513 ) ;
#6616 = VERTEX_POINT ( 'NONE', #4074 ) ;
#6617 = DIRECTION ( 'NONE',  ( 0.000000000000000000, 0.000000000000000000, 1.000000000000000000 ) ) ;
#6618 = LINE ( 'NONE', #6035, #2588 ) ;
#6619 = FACE_OUTER_BOUND ( 'NONE', #5714, .T. ) ;
#6620 = CARTESIAN_POINT ( 'NONE',  ( 0.000000000000000000, -10.78476817202779969, 3.293019194759069901 ) ) ;
#6621 = CARTESIAN_POINT ( 'NONE',  ( 0.000000000000000000, 6.938893903907229640E-14, -3.599999999999159872 ) ) ;
#6622 = CARTESIAN_POINT ( 'NONE',  ( 0.000000000000000000, -11.14946795003230129, -1.493105967824359892 ) ) ;
#6623 = ORIENTED_EDGE ( 'NONE', *, *, #2950, .F. ) ;
#6624 = CARTESIAN_POINT ( 'NONE',  ( 3.500000000000000000, -3.731385367829239907, 10.61210460920450060 ) ) ;
#6625 = ORIENTED_EDGE ( 'NONE', *, *, #2531, .F. ) ;
#6626 = CARTESIAN_POINT ( 'NONE',  ( 0.000000000000000000, 0.000000000000000000, 0.000000000000000000 ) ) ;
#6627 = DIRECTION ( 'NONE',  ( 0.000000000000000000, -0.8910065241883627918, -0.4539904997395566855 ) ) ;
#6628 = LINE ( 'NONE', #130, #914 ) ;
#6629 = EDGE_CURVE ( 'NONE', #2469, #5628, #5215, .T. ) ;
#6630 = EDGE_CURVE ( 'NONE', #5060, #5817, #4383, .T. ) ;
#6631 = ORIENTED_EDGE ( 'NONE', *, *, #6549, .T. ) ;
#6632 = ORIENTED_EDGE ( 'NONE', *, *, #3872, .F. ) ;
#6633 = ORIENTED_EDGE ( 'NONE', *, *, #4361, .T. ) ;
#6634 = CARTESIAN_POINT ( 'NONE',  ( 4.000000000000000000, 0.000000000000000000, 0.000000000000000000 ) ) ;
#6635 = FACE_OUTER_BOUND ( 'NONE', #5321, .T. ) ;
#6636 = VERTEX_POINT ( 'NONE', #5836 ) ;
#6637 = CYLINDRICAL_SURFACE ( 'NONE', #5967, 3.599999999999274891 ) ;
#6638 = ORIENTED_EDGE ( 'NONE', *, *, #2210, .F. ) ;
#6639 = DIRECTION ( 'NONE',  ( 0.000000000000000000, 0.4539904997395409758, 0.8910065241883708964 ) ) ;
#6640 = EDGE_CURVE ( 'NONE', #7402, #7, #2905, .T. ) ;
#6641 = CIRCLE ( 'NONE', #1958, 12.59999999999749853 ) ;
#6642 = EDGE_CURVE ( 'NONE', #4764, #3583, #6356, .T. ) ;
#6643 = CARTESIAN_POINT ( 'NONE',  ( 0.000000000000000000, -11.06516926556250091, 2.025346914580250068 ) ) ;
#6644 = VERTEX_POINT ( 'NONE', #6460 ) ;
#6645 = AXIS2_PLACEMENT_3D ( 'NONE', #4946, #6308, #3923 ) ;
#6646 = CARTESIAN_POINT ( 'NONE',  ( 4.000000000000000000, 10.66064884975989990, 3.675019189548129894 ) ) ;
#6647 = AXIS2_PLACEMENT_3D ( 'NONE', #5719, #3447, #428 ) ;
#6648 = CYLINDRICAL_SURFACE ( 'NONE', #7105, 2.248999999999549804 ) ;
#6649 = CARTESIAN_POINT ( 'NONE',  ( 3.500000000000000000, 8.939649748968628629, -6.828079039211130130 ) ) ;
#6650 = EDGE_CURVE ( 'NONE', #4960, #5008, #5743, .T. ) ;
#6651 = EDGE_CURVE ( 'NONE', #2693, #5505, #6479, .T. ) ;
#6652 = CIRCLE ( 'NONE', #2832, 4.799999999999049471 ) ;
#6653 = AXIS2_PLACEMENT_3D ( 'NONE', #1643, #5773, #2806 ) ;
#6654 = VECTOR ( 'NONE', #6370, 1000.000000000000000 ) ;
#6655 = VERTEX_POINT ( 'NONE', #3642 ) ;
#6656 = EDGE_LOOP ( 'NONE', ( #1473, #3797, #2849, #3789 ) ) ;
#6657 = ORIENTED_EDGE ( 'NONE', *, *, #5877, .F. ) ;
#6658 = CARTESIAN_POINT ( 'NONE',  ( 4.000000000000000000, -12.29362692575391947, -2.761654759435760109 ) ) ;
#6659 = CARTESIAN_POINT ( 'NONE',  ( 0.000000000000000000, 0.07091128299300779314, 3.599301541957820483 ) ) ;
#6660 = CARTESIAN_POINT ( 'NONE',  ( 0.000000000000000000, -1.565367224445560090, 11.16713147563269892 ) ) ;
#6661 = CARTESIAN_POINT ( 'NONE',  ( 4.000000000000000000, -11.27452294072310046, 0.2008292820898389952 ) ) ;
#6662 = AXIS2_PLACEMENT_3D ( 'NONE', #4523, #6225, #4485 ) ;
#6663 = LINE ( 'NONE', #5491, #7441 ) ;
#6664 = DIRECTION ( 'NONE',  ( 0.000000000000000000, 0.000000000000000000, 1.000000000000000000 ) ) ;
#6665 = AXIS2_PLACEMENT_3D ( 'NONE', #4734, #1879, #3586 ) ;
#6666 = VERTEX_POINT ( 'NONE', #695 ) ;
#6667 = LINE ( 'NONE', #4877, #1470 ) ;
#6668 = AXIS2_PLACEMENT_3D ( 'NONE', #6253, #2815, #3474 ) ;
#6669 = ORIENTED_EDGE ( 'NONE', *, *, #1586, .F. ) ;
#6670 = CARTESIAN_POINT ( 'NONE',  ( -6.450000000000000178, 2.355809106513210072, 1.548342161800750238 ) ) ;
#6671 = CARTESIAN_POINT ( 'NONE',  ( 0.000000000000000000, 0.000000000000000000, 0.000000000000000000 ) ) ;
#6672 = DIRECTION ( 'NONE',  ( 0.000000000000000000, 0.000000000000000000, -1.000000000000000000 ) ) ;
#6673 = UNCERTAINTY_MEASURE_WITH_UNIT (LENGTH_MEASURE( 1.000000000000000082E-05 ), #4213, 'distance_accuracy_value', 'NONE');
#6674 = EDGE_LOOP ( 'NONE', ( #5996, #4089, #7022, #5567 ) ) ;
#6675 = VERTEX_POINT ( 'NONE', #1819 ) ;
#6676 = ORIENTED_EDGE ( 'NONE', *, *, #265, .F. ) ;
#6677 = FACE_OUTER_BOUND ( 'NONE', #6219, .T. ) ;
#6678 = DIRECTION ( 'NONE',  ( -1.000000000000000000, 0.000000000000000000, 0.000000000000000000 ) ) ;
#6679 = ORIENTED_EDGE ( 'NONE', *, *, #1152, .T. ) ;
#6680 = FILL_AREA_STYLE ('',( #5353 ) ) ;
#6681 = EDGE_LOOP ( 'NONE', ( #2029, #6998, #3175, #496 ) ) ;
#6682 = DIRECTION ( 'NONE',  ( -1.000000000000000000, 0.000000000000000000, 0.000000000000000000 ) ) ;
#6683 = CARTESIAN_POINT ( 'NONE',  ( 0.000000000000000000, -2.815982290881379857, 0.1320747280208743879 ) ) ;
#6684 = VERTEX_POINT ( 'NONE', #4218 ) ;
#6685 = EDGE_CURVE ( 'NONE', #6636, #4096, #6535, .T. ) ;
#6686 = ORIENTED_EDGE ( 'NONE', *, *, #3609, .T. ) ;
#6687 = DIRECTION ( 'NONE',  ( 0.000000000000000000, -0.9510565162951500895, -0.3090169943749579984 ) ) ;
#6688 = ADVANCED_FACE ( 'NONE', ( #65 ), #6613, .T. ) ;
#6689 = EDGE_CURVE ( 'NONE', #1715, #648, #5365, .T. ) ;
#6690 = AXIS2_PLACEMENT_3D ( 'NONE', #3357, #4464, #2844 ) ;
#6691 = DIRECTION ( 'NONE',  ( -1.000000000000000000, 0.000000000000000000, 0.000000000000000000 ) ) ;
#6692 = CYLINDRICAL_SURFACE ( 'NONE', #4125, 4.799999999999039701 ) ;
#6693 = EDGE_LOOP ( 'NONE', ( #5086, #5046, #4883, #5910 ) ) ;
#6694 = CIRCLE ( 'NONE', #1140, 12.59999999999749853 ) ;
#6695 = CIRCLE ( 'NONE', #424, 3.599999999999274891 ) ;
#6696 = ORIENTED_EDGE ( 'NONE', *, *, #2078, .F. ) ;
#6697 = CARTESIAN_POINT ( 'NONE',  ( 3.500000000000000000, 6.828079039211229606, 8.939649748968559351 ) ) ;
#6698 = DIRECTION ( 'NONE',  ( 0.000000000000000000, 0.000000000000000000, -1.000000000000000000 ) ) ;
#6699 = CARTESIAN_POINT ( 'NONE',  ( 4.000000000000000000, -3.120537423421565038, 12.20746682112883974 ) ) ;
#6700 = EDGE_CURVE ( 'NONE', #5135, #2601, #2404, .T. ) ;
#6701 = EDGE_CURVE ( 'NONE', #5725, #1054, #1859, .T. ) ;
#6702 = CARTESIAN_POINT ( 'NONE',  ( 0.000000000000000000, 11.06516926556250091, -2.025346914580160362 ) ) ;
#6703 = EDGE_CURVE ( 'NONE', #1307, #907, #6729, .T. ) ;
#6704 = CYLINDRICAL_SURFACE ( 'NONE', #2284, 1.199999999999755929 ) ;
#6705 = CARTESIAN_POINT ( 'NONE',  ( -6.450000000000000178, -3.445051977127755016, -1.044804706575442221 ) ) ;
#6706 = ORIENTED_EDGE ( 'NONE', *, *, #2269, .F. ) ;
#6707 = FACE_OUTER_BOUND ( 'NONE', #4952, .T. ) ;
#6708 = VERTEX_POINT ( 'NONE', #3132 ) ;
#6709 = CARTESIAN_POINT ( 'NONE',  ( -6.450000000000000178, 6.938893903907229640E-14, 1.179611963664229834E-13 ) ) ;
#6710 = AXIS2_PLACEMENT_3D ( 'NONE', #3567, #5221, #7087 ) ;
#6711 = AXIS2_PLACEMENT_3D ( 'NONE', #2631, #3678, #192 ) ;
#6712 = EDGE_CURVE ( 'NONE', #163, #4976, #1788, .T. ) ;
#6713 = CARTESIAN_POINT ( 'NONE',  ( 0.000000000000000000, 6.938893903907229640E-14, 1.179611963664229834E-13 ) ) ;
#6714 = DIRECTION ( 'NONE',  ( 1.000000000000000000, 0.000000000000000000, 0.000000000000000000 ) ) ;
#6715 = AXIS2_PLACEMENT_3D ( 'NONE', #3458, #2184, #6865 ) ;
#6716 = ORIENTED_EDGE ( 'NONE', *, *, #1613, .F. ) ;
#6717 = ORIENTED_EDGE ( 'NONE', *, *, #935, .F. ) ;
#6718 = ORIENTED_EDGE ( 'NONE', *, *, #7367, .T. ) ;
#6719 = LINE ( 'NONE', #7538, #3220 ) ;
#6720 = CARTESIAN_POINT ( 'NONE',  ( 4.000000000000000000, 0.000000000000000000, 0.000000000000000000 ) ) ;
#6721 = ORIENTED_EDGE ( 'NONE', *, *, #1195, .F. ) ;
#6722 = CARTESIAN_POINT ( 'NONE',  ( 0.000000000000000000, -10.77862626476109931, -3.218884409939640090 ) ) ;
#6723 = VECTOR ( 'NONE', #3345, 1000.000000000000000 ) ;
#6724 = AXIS2_PLACEMENT_3D ( 'NONE', #4160, #6507, #628 ) ;
#6725 = CARTESIAN_POINT ( 'NONE',  ( -7.000000000000000000, 6.938893903907229640E-14, 1.179611963664229834E-13 ) ) ;
#6726 = ORIENTED_EDGE ( 'NONE', *, *, #2070, .T. ) ;
#6727 = CIRCLE ( 'NONE', #1419, 4.799999999999039701 ) ;
#6728 = AXIS2_PLACEMENT_3D ( 'NONE', #543, #2973, #1817 ) ;
#6729 = CIRCLE ( 'NONE', #5122, 1.199999999999755929 ) ;
#6730 = DIRECTION ( 'NONE',  ( 1.000000000000000000, 0.000000000000000000, 0.000000000000000000 ) ) ;
#6731 = VECTOR ( 'NONE', #3796, 1000.000000000000000 ) ;
#6732 = CARTESIAN_POINT ( 'NONE',  ( 0.000000000000000000, -3.675019189548019760, -10.66064884975999938 ) ) ;
#6733 = LINE ( 'NONE', #1435, #6731 ) ;
#6734 = DIRECTION ( 'NONE',  ( -1.000000000000000000, 0.000000000000000000, 0.000000000000000000 ) ) ;
#6735 = AXIS2_PLACEMENT_3D ( 'NONE', #6223, #4484, #1556 ) ;
#6736 = ADVANCED_FACE ( 'NONE', ( #7276 ), #2434, .T. ) ;
#6737 = ORIENTED_EDGE ( 'NONE', *, *, #6806, .T. ) ;
#6738 = EDGE_LOOP ( 'NONE', ( #4660, #1149, #7464, #2306 ) ) ;
#6739 = CARTESIAN_POINT ( 'NONE',  ( 3.500000000000000000, -3.293019194759020163, -10.78476817202779969 ) ) ;
#6740 = LINE ( 'NONE', #820, #3735 ) ;
#6741 = CARTESIAN_POINT ( 'NONE',  ( 0.000000000000000000, -9.699936772440310051, 8.041842239847589724 ) ) ;
#6742 = CARTESIAN_POINT ( 'NONE',  ( 0.000000000000000000, -7.830283878801889585, -8.114299373255239090 ) ) ;
#6743 = DIRECTION ( 'NONE',  ( 1.000000000000000000, 0.000000000000000000, 0.000000000000000000 ) ) ;
#6744 = DIRECTION ( 'NONE',  ( 0.000000000000000000, 0.000000000000000000, 1.000000000000000000 ) ) ;
#6745 = ADVANCED_FACE ( 'NONE', ( #6497 ), #1275, .T. ) ;
#6746 = EDGE_CURVE ( 'NONE', #3677, #954, #4748, .T. ) ;
#6747 = ORIENTED_EDGE ( 'NONE', *, *, #7550, .F. ) ;
#6748 = DIRECTION ( 'NONE',  ( 0.000000000000000000, 0.000000000000000000, 1.000000000000000000 ) ) ;
#6749 = DIRECTION ( 'NONE',  ( 0.000000000000000000, 0.000000000000000000, 1.000000000000000000 ) ) ;
#6750 = EDGE_LOOP ( 'NONE', ( #2741, #7415, #7636, #4095 ) ) ;
#6751 = DIRECTION ( 'NONE',  ( -1.000000000000000000, 0.000000000000000000, 0.000000000000000000 ) ) ;
#6752 = FACE_OUTER_BOUND ( 'NONE', #3853, .T. ) ;
#6753 = DIRECTION ( 'NONE',  ( 0.000000000000000000, 0.000000000000000000, -1.000000000000000000 ) ) ;
#6754 = EDGE_CURVE ( 'NONE', #3139, #5962, #7156, .T. ) ;
#6755 = ORIENTED_EDGE ( 'NONE', *, *, #7281, .F. ) ;
#6756 = CIRCLE ( 'NONE', #4047, 11.24899999999775879 ) ;
#6757 = VERTEX_POINT ( 'NONE', #5438 ) ;
#6758 = ORIENTED_EDGE ( 'NONE', *, *, #6891, .T. ) ;
#6759 = CARTESIAN_POINT ( 'NONE',  ( 3.500000000000000000, 0.000000000000000000, 0.000000000000000000 ) ) ;
#6760 = DIRECTION ( 'NONE',  ( -1.000000000000000000, 0.000000000000000000, 0.000000000000000000 ) ) ;
#6761 = VERTEX_POINT ( 'NONE', #7236 ) ;
#6762 = CARTESIAN_POINT ( 'NONE',  ( 0.000000000000000000, 0.000000000000000000, 0.000000000000000000 ) ) ;
#6763 = CYLINDRICAL_SURFACE ( 'NONE', #245, 12.59999999999749853 ) ;
#6764 = CARTESIAN_POINT ( 'NONE',  ( -6.450000000000000178, -2.815982290881379857, -0.1320747280206844010 ) ) ;
#6765 = ORIENTED_EDGE ( 'NONE', *, *, #5693, .T. ) ;
#6766 = DIRECTION ( 'NONE',  ( 1.000000000000000000, 0.000000000000000000, 0.000000000000000000 ) ) ;
#6767 = LINE ( 'NONE', #890, #1288 ) ;
#6768 = LINE ( 'NONE', #4330, #445 ) ;
#6769 = CYLINDRICAL_SURFACE ( 'NONE', #6711, 1.199999999999760147 ) ;
#6770 = AXIS2_PLACEMENT_3D ( 'NONE', #7448, #2735, #5075 ) ;
#6771 = ORIENTED_EDGE ( 'NONE', *, *, #6217, .F. ) ;
#6772 = VERTEX_POINT ( 'NONE', #4151 ) ;
#6773 = AXIS2_PLACEMENT_3D ( 'NONE', #6243, #3276, #1568 ) ;
#6774 = VECTOR ( 'NONE', #6766, 1000.000000000000000 ) ;
#6775 = ORIENTED_EDGE ( 'NONE', *, *, #3702, .F. ) ;
#6776 = CARTESIAN_POINT ( 'NONE',  ( 3.500000000000000000, 8.939649748968539811, 6.828079039211259804 ) ) ;
#6777 = CARTESIAN_POINT ( 'NONE',  ( 3.500000000000000000, 11.24577273141099987, -0.2694376985534400193 ) ) ;
#6778 = DIRECTION ( 'NONE',  ( 1.000000000000000000, 0.000000000000000000, 0.000000000000000000 ) ) ;
#6779 = DIRECTION ( 'NONE',  ( 0.000000000000000000, 0.000000000000000000, -1.000000000000000000 ) ) ;
#6780 = CARTESIAN_POINT ( 'NONE',  ( 0.000000000000000000, 8.114299373255159153, 7.830283878801969522 ) ) ;
#6781 = EDGE_CURVE ( 'NONE', #1620, #3162, #1430, .T. ) ;
#6782 = CARTESIAN_POINT ( 'NONE',  ( 0.000000000000000000, -3.445051977127760345, 1.044804706575674036 ) ) ;
#6783 = CIRCLE ( 'NONE', #3952, 4.799999999999039701 ) ;
#6784 = CIRCLE ( 'NONE', #2095, 11.24899999999770017 ) ;
#6785 = ORIENTED_EDGE ( 'NONE', *, *, #5188, .T. ) ;
#6786 = CYLINDRICAL_SURFACE ( 'NONE', #597, 4.799999999999039701 ) ;
#6787 = VECTOR ( 'NONE', #5761, 1000.000000000000000 ) ;
#6788 = DIRECTION ( 'NONE',  ( -1.000000000000000000, 0.000000000000000000, 0.000000000000000000 ) ) ;
#6789 = ORIENTED_EDGE ( 'NONE', *, *, #6611, .F. ) ;
#6790 = LINE ( 'NONE', #7327, #3843 ) ;
#6791 = CIRCLE ( 'NONE', #1605, 3.599999999999274891 ) ;
#6792 = FACE_OUTER_BOUND ( 'NONE', #4668, .T. ) ;
#6793 = ADVANCED_FACE ( 'NONE', ( #4293 ), #6648, .T. ) ;
#6794 = EDGE_CURVE ( 'NONE', #4925, #1983, #2547, .T. ) ;
#6795 = CARTESIAN_POINT ( 'NONE',  ( 3.500000000000000000, 10.85095572334249958, -4.982104301616580244 ) ) ;
#6796 = ADVANCED_FACE ( 'NONE', ( #7349 ), #348, .T. ) ;
#6797 = AXIS2_PLACEMENT_3D ( 'NONE', #2122, #6839, #1539 ) ;
#6798 = ORIENTED_EDGE ( 'NONE', *, *, #1929, .F. ) ;
#6799 = EDGE_LOOP ( 'NONE', ( #216, #4334, #6162, #4369 ) ) ;
#6800 = ORIENTED_EDGE ( 'NONE', *, *, #7523, .T. ) ;
#6801 = VERTEX_POINT ( 'NONE', #1478 ) ;
#6802 = CARTESIAN_POINT ( 'NONE',  ( 4.000000000000000000, -12.29362692575399940, 2.761654759435610007 ) ) ;
#6803 = DIRECTION ( 'NONE',  ( -1.000000000000000000, 0.000000000000000000, 0.000000000000000000 ) ) ;
#6804 = ORIENTED_EDGE ( 'NONE', *, *, #7269, .F. ) ;
#6805 = FACE_OUTER_BOUND ( 'NONE', #2591, .T. ) ;
#6806 = EDGE_CURVE ( 'NONE', #5933, #5631, #3412, .T. ) ;
#6807 = CARTESIAN_POINT ( 'NONE',  ( 0.000000000000000000, -8.041842239847690976, 9.699936772440221233 ) ) ;
#6808 = DIRECTION ( 'NONE',  ( 0.000000000000000000, 0.000000000000000000, 1.000000000000000000 ) ) ;
#6809 = AXIS2_PLACEMENT_3D ( 'NONE', #1311, #1350, #4709 ) ;
#6810 = ORIENTED_EDGE ( 'NONE', *, *, #1073, .T. ) ;
#6811 = CARTESIAN_POINT ( 'NONE',  ( 0.000000000000000000, 7.761440934309040252, 8.142483381817939403 ) ) ;
#6812 = DIRECTION ( 'NONE',  ( -1.000000000000000000, 0.000000000000000000, 0.000000000000000000 ) ) ;
#6813 = EDGE_CURVE ( 'NONE', #6233, #6364, #3841, .T. ) ;
#6814 = DIRECTION ( 'NONE',  ( 0.000000000000000000, 0.000000000000000000, -1.000000000000000000 ) ) ;
#6815 = DIRECTION ( 'NONE',  ( -1.000000000000000000, 0.000000000000000000, 0.000000000000000000 ) ) ;
#6816 = EDGE_CURVE ( 'NONE', #3761, #225, #2527, .T. ) ;
#6817 = ORIENTED_EDGE ( 'NONE', *, *, #3654, .F. ) ;
#6818 = VERTEX_POINT ( 'NONE', #4449 ) ;
#6819 = ORIENTED_EDGE ( 'NONE', *, *, #3816, .F. ) ;
#6820 = DIRECTION ( 'NONE',  ( -1.000000000000000000, 0.000000000000000000, 0.000000000000000000 ) ) ;
#6821 = AXIS2_PLACEMENT_3D ( 'NONE', #4613, #1529, #6355 ) ;
#6822 = CARTESIAN_POINT ( 'NONE',  ( 3.500000000000000000, -11.24577273141099987, -0.2694376985535190117 ) ) ;
#6823 = VECTOR ( 'NONE', #3099, 1000.000000000000000 ) ;
#6824 = DIRECTION ( 'NONE',  ( -1.000000000000000000, 0.000000000000000000, 0.000000000000000000 ) ) ;
#6825 = LINE ( 'NONE', #1708, #2636 ) ;
#6826 =( NAMED_UNIT ( * ) PLANE_ANGLE_UNIT ( ) SI_UNIT ( $, .RADIAN. ) );
#6827 = ORIENTED_EDGE ( 'NONE', *, *, #5995, .F. ) ;
#6828 = CARTESIAN_POINT ( 'NONE',  ( -7.000000000000000000, 2.355809106513210072, 1.548342161800750238 ) ) ;
#6829 = CYLINDRICAL_SURFACE ( 'NONE', #603, 4.799999999999039701 ) ;
#6830 = ORIENTED_EDGE ( 'NONE', *, *, #738, .F. ) ;
#6831 = CARTESIAN_POINT ( 'NONE',  ( 0.000000000000000000, 4.650801158178330397, -11.71025399327550076 ) ) ;
#6832 = CARTESIAN_POINT ( 'NONE',  ( 0.000000000000000000, 10.61210460920460008, -3.731385367829049837 ) ) ;
#6833 = LINE ( 'NONE', #911, #7352 ) ;
#6834 = VERTEX_POINT ( 'NONE', #390 ) ;
#6835 = ADVANCED_FACE ( 'NONE', ( #2676 ), #5018, .T. ) ;
#6836 = AXIS2_PLACEMENT_3D ( 'NONE', #5810, #4154, #4684 ) ;
#6837 = ORIENTED_EDGE ( 'NONE', *, *, #6585, .T. ) ;
#6838 = ORIENTED_EDGE ( 'NONE', *, *, #2360, .F. ) ;
#6839 = DIRECTION ( 'NONE',  ( 1.000000000000000000, 0.000000000000000000, 0.000000000000000000 ) ) ;
#6840 = CARTESIAN_POINT ( 'NONE',  ( 4.000000000000000000, 3.120537423421494871, 12.20746682112890191 ) ) ;
#6841 = ORIENTED_EDGE ( 'NONE', *, *, #4525, .T. ) ;
#6842 = FACE_OUTER_BOUND ( 'NONE', #7621, .T. ) ;
#6843 = CARTESIAN_POINT ( 'NONE',  ( 4.000000000000000000, -9.699936772440191035, -8.041842239847730056 ) ) ;
#6844 = ADVANCED_FACE ( 'NONE', ( #5059 ), #7389, .T. ) ;
#6845 = EDGE_LOOP ( 'NONE', ( #7160, #7478, #7226, #894 ) ) ;
#6846 = EDGE_CURVE ( 'NONE', #2989, #2242, #6768, .T. ) ;
#6847 = AXIS2_PLACEMENT_3D ( 'NONE', #1325, #4270, #3028 ) ;
#6848 = DIRECTION ( 'NONE',  ( 1.000000000000000000, 0.000000000000000000, 0.000000000000000000 ) ) ;
#6849 = DIRECTION ( 'NONE',  ( -1.000000000000000000, 0.000000000000000000, 0.000000000000000000 ) ) ;
#6850 = AXIS2_PLACEMENT_3D ( 'NONE', #3739, #6127, #2617 ) ;
#6851 = CARTESIAN_POINT ( 'NONE',  ( 3.500000000000000000, 0.000000000000000000, 0.000000000000000000 ) ) ;
#6852 = DIRECTION ( 'NONE',  ( 0.000000000000000000, 0.000000000000000000, -1.000000000000000000 ) ) ;
#6853 = AXIS2_PLACEMENT_3D ( 'NONE', #342, #3249, #1465 ) ;
#6854 = AXIS2_PLACEMENT_3D ( 'NONE', #5299, #3, #662 ) ;
#6855 = AXIS2_PLACEMENT_3D ( 'NONE', #7427, #4560, #3874 ) ;
#6856 = VERTEX_POINT ( 'NONE', #2135 ) ;
#6857 = VERTEX_POINT ( 'NONE', #2754 ) ;
#6858 = AXIS2_PLACEMENT_3D ( 'NONE', #3851, #2023, #7362 ) ;
#6859 = EDGE_CURVE ( 'NONE', #5824, #2813, #4023, .T. ) ;
#6860 = VERTEX_POINT ( 'NONE', #3258 ) ;
#6861 = CARTESIAN_POINT ( 'NONE',  ( -7.000000000000000000, -0.3476627225243744679, -2.221965713363814654 ) ) ;
#6862 = CARTESIAN_POINT ( 'NONE',  ( -7.000000000000000000, 2.058247931882085435, 2.953576721688280227 ) ) ;
#6863 = AXIS2_PLACEMENT_3D ( 'NONE', #3381, #5612, #3925 ) ;
#6864 = CYLINDRICAL_SURFACE ( 'NONE', #5471, 11.24899999999770017 ) ;
#6865 = DIRECTION ( 'NONE',  ( 0.000000000000000000, 0.000000000000000000, 1.000000000000000000 ) ) ;
#6866 = AXIS2_PLACEMENT_3D ( 'NONE', #1153, #499, #1811 ) ;
#6867 = FACE_OUTER_BOUND ( 'NONE', #4094, .T. ) ;
#6868 = CIRCLE ( 'NONE', #2174, 12.59999999999749853 ) ;
#6869 = ORIENTED_EDGE ( 'NONE', *, *, #1505, .F. ) ;
#6870 = CARTESIAN_POINT ( 'NONE',  ( 4.000000000000000000, 0.000000000000000000, 0.000000000000000000 ) ) ;
#6871 = DIRECTION ( 'NONE',  ( 0.000000000000000000, 0.000000000000000000, 1.000000000000000000 ) ) ;
#6872 = LINE ( 'NONE', #6981, #697 ) ;
#6873 = CYLINDRICAL_SURFACE ( 'NONE', #2748, 11.24899999999770017 ) ;
#6874 = LINE ( 'NONE', #5580, #4667 ) ;
#6875 = CARTESIAN_POINT ( 'NONE',  ( 3.500000000000000000, 9.897734717811980332, -5.345544729563940223 ) ) ;
#6876 = ORIENTED_EDGE ( 'NONE', *, *, #1937, .T. ) ;
#6877 = ORIENTED_EDGE ( 'NONE', *, *, #6105, .T. ) ;
#6878 = ORIENTED_EDGE ( 'NONE', *, *, #6629, .F. ) ;
#6879 = FACE_OUTER_BOUND ( 'NONE', #3784, .T. ) ;
#6880 = CARTESIAN_POINT ( 'NONE',  ( 3.500000000000000000, -6.392119685101279813, 9.256392760211189952 ) ) ;
#6881 = EDGE_LOOP ( 'NONE', ( #560, #2130, #7353, #7179 ) ) ;
#6882 = DIRECTION ( 'NONE',  ( -1.000000000000000000, 0.000000000000000000, 0.000000000000000000 ) ) ;
#6883 = ADVANCED_FACE ( 'NONE', ( #2012 ), #964, .T. ) ;
#6884 = EDGE_CURVE ( 'NONE', #5505, #7144, #3016, .T. ) ;
#6885 = ORIENTED_EDGE ( 'NONE', *, *, #4646, .F. ) ;
#6886 = VERTEX_POINT ( 'NONE', #4408 ) ;
#6887 = CARTESIAN_POINT ( 'NONE',  ( 3.500000000000000000, 10.14237902864189955, -4.865403235017109473 ) ) ;
#6888 = CARTESIAN_POINT ( 'NONE',  ( 3.500000000000000000, 4.865403235017359940, -10.14237902864180008 ) ) ;
#6889 = CARTESIAN_POINT ( 'NONE',  ( 4.000000000000000000, -11.27452294072310046, 0.2008292820898389952 ) ) ;
#6890 = LINE ( 'NONE', #5724, #235 ) ;
#6891 = EDGE_CURVE ( 'NONE', #1243, #7432, #673, .T. ) ;
#6892 = EDGE_CURVE ( 'NONE', #296, #7322, #1979, .T. ) ;
#6893 = VERTEX_POINT ( 'NONE', #272 ) ;
#6894 = ORIENTED_EDGE ( 'NONE', *, *, #593, .F. ) ;
#6895 = DIRECTION ( 'NONE',  ( 0.000000000000000000, 0.000000000000000000, 1.000000000000000000 ) ) ;
#6896 = CYLINDRICAL_SURFACE ( 'NONE', #442, 4.799999999999039701 ) ;
#6897 = AXIS2_PLACEMENT_3D ( 'NONE', #3393, #409, #4503 ) ;
#6898 = DIRECTION ( 'NONE',  ( -1.000000000000000000, 0.000000000000000000, 0.000000000000000000 ) ) ;
#6899 = DIRECTION ( 'NONE',  ( -1.000000000000000000, 0.000000000000000000, 0.000000000000000000 ) ) ;
#6900 = EDGE_CURVE ( 'NONE', #5249, #6208, #2414, .T. ) ;
#6901 = AXIS2_PLACEMENT_3D ( 'NONE', #4528, #5610, #321 ) ;
#6902 = CIRCLE ( 'NONE', #4545, 4.799999999999030820 ) ;
#6903 = ORIENTED_EDGE ( 'NONE', *, *, #60, .F. ) ;
#6904 = CARTESIAN_POINT ( 'NONE',  ( -6.450000000000000178, -0.07091128299295780535, 3.599301541957824924 ) ) ;
#6905 = LINE ( 'NONE', #4462, #5665 ) ;
#6906 = FACE_OUTER_BOUND ( 'NONE', #148, .T. ) ;
#6907 = LINE ( 'NONE', #3465, #4708 ) ;
#6908 = CARTESIAN_POINT ( 'NONE',  ( 0.000000000000000000, -2.025346914580360203, 11.06516926556250091 ) ) ;
#6909 = CIRCLE ( 'NONE', #7032, 12.59999999999747899 ) ;
#6910 = AXIS2_PLACEMENT_3D ( 'NONE', #2123, #459, #5633 ) ;
#6911 = DIRECTION ( 'NONE',  ( 1.000000000000000000, 0.000000000000000000, 0.000000000000000000 ) ) ;
#6912 = ORIENTED_EDGE ( 'NONE', *, *, #563, .T. ) ;
#6913 = CIRCLE ( 'NONE', #7039, 3.599999999999335287 ) ;
#6914 = AXIS2_PLACEMENT_3D ( 'NONE', #3737, #676, #206 ) ;
#6915 = ORIENTED_EDGE ( 'NONE', *, *, #6409, .F. ) ;
#6916 = ORIENTED_EDGE ( 'NONE', *, *, #5591, .F. ) ;
#6917 = DIRECTION ( 'NONE',  ( -1.000000000000000000, 0.000000000000000000, 0.000000000000000000 ) ) ;
#6918 = DIRECTION ( 'NONE',  ( 0.000000000000000000, 0.000000000000000000, 1.000000000000000000 ) ) ;
#6919 = ORIENTED_EDGE ( 'NONE', *, *, #2909, .T. ) ;
#6920 = CARTESIAN_POINT ( 'NONE',  ( 3.500000000000000000, 11.16713147563269892, 1.565367224445670002 ) ) ;
#6921 = AXIS2_PLACEMENT_3D ( 'NONE', #3368, #3907, #5715 ) ;
#6922 = CIRCLE ( 'NONE', #4201, 4.799999999999039701 ) ;
#6923 = ORIENTED_EDGE ( 'NONE', *, *, #2394, .F. ) ;
#6924 = ORIENTED_EDGE ( 'NONE', *, *, #2332, .F. ) ;
#6925 = EDGE_CURVE ( 'NONE', #2857, #380, #6733, .T. ) ;
#6926 = DIRECTION ( 'NONE',  ( 0.000000000000000000, 0.000000000000000000, 1.000000000000000000 ) ) ;
#6927 = AXIS2_PLACEMENT_3D ( 'NONE', #2033, #7252, #3780 ) ;
#6928 = CARTESIAN_POINT ( 'NONE',  ( 0.000000000000000000, -2.025346914580200330, -11.06516926556250091 ) ) ;
#6929 = DIRECTION ( 'NONE',  ( 1.000000000000000000, 0.000000000000000000, 0.000000000000000000 ) ) ;
#6930 = DIRECTION ( 'NONE',  ( -1.000000000000000000, 0.000000000000000000, 0.000000000000000000 ) ) ;
#6931 = ORIENTED_EDGE ( 'NONE', *, *, #7037, .F. ) ;
#6932 = EDGE_LOOP ( 'NONE', ( #2418, #5931, #3037, #3177 ) ) ;
#6933 = EDGE_CURVE ( 'NONE', #2278, #7065, #4994, .T. ) ;
#6934 = CARTESIAN_POINT ( 'NONE',  ( 0.000000000000000000, -8.142483381817859467, -7.761440934309130846 ) ) ;
#6935 = EDGE_CURVE ( 'NONE', #3938, #5477, #2901, .T. ) ;
#6936 = DIRECTION ( 'NONE',  ( -1.000000000000000000, 0.000000000000000000, 0.000000000000000000 ) ) ;
#6937 = DIRECTION ( 'NONE',  ( 1.000000000000000000, 0.000000000000000000, 0.000000000000000000 ) ) ;
#6938 = CARTESIAN_POINT ( 'NONE',  ( 4.000000000000000000, -4.865403235017280004, 10.14237902864180008 ) ) ;
#6939 = EDGE_CURVE ( 'NONE', #615, #3181, #1805, .T. ) ;
#6940 = VERTEX_POINT ( 'NONE', #433 ) ;
#6941 = DIRECTION ( 'NONE',  ( -1.000000000000000000, 0.000000000000000000, 0.000000000000000000 ) ) ;
#6942 = EDGE_CURVE ( 'NONE', #4114, #1002, #5987, .T. ) ;
#6943 = DIRECTION ( 'NONE',  ( 0.000000000000000000, 0.000000000000000000, -1.000000000000000000 ) ) ;
#6944 = DIRECTION ( 'NONE',  ( 0.000000000000000000, 0.000000000000000000, -1.000000000000000000 ) ) ;
#6945 = DIRECTION ( 'NONE',  ( -1.000000000000000000, 0.000000000000000000, 0.000000000000000000 ) ) ;
#6946 = CARTESIAN_POINT ( 'NONE',  ( -10.00000000000000000, 0.000000000000000000, 0.000000000000000000 ) ) ;
#6947 = CARTESIAN_POINT ( 'NONE',  ( 3.500000000000000000, -3.218884409939450020, -10.77862626476109931 ) ) ;
#6948 = DIRECTION ( 'NONE',  ( -1.000000000000000000, 0.000000000000000000, 0.000000000000000000 ) ) ;
#6949 = ORIENTED_EDGE ( 'NONE', *, *, #4836, .T. ) ;
#6950 = ORIENTED_EDGE ( 'NONE', *, *, #4836, .F. ) ;
#6951 = EDGE_CURVE ( 'NONE', #2423, #4051, #1917, .T. ) ;
#6952 = EDGE_LOOP ( 'NONE', ( #6522, #3517, #6206, #3322 ) ) ;
#6953 = DIRECTION ( 'NONE',  ( 0.000000000000000000, 0.000000000000000000, -1.000000000000000000 ) ) ;
#6954 = DIRECTION ( 'NONE',  ( 0.000000000000000000, 0.000000000000000000, -1.000000000000000000 ) ) ;
#6955 = ORIENTED_EDGE ( 'NONE', *, *, #463, .T. ) ;
#6956 = ORIENTED_EDGE ( 'NONE', *, *, #4591, .F. ) ;
#6957 = CARTESIAN_POINT ( 'NONE',  ( 1.750000000000000000, -12.29362692575390170, -2.761654759435780093 ) ) ;
#6958 = CIRCLE ( 'NONE', #2266, 11.24899999999770372 ) ;
#6959 = CARTESIAN_POINT ( 'NONE',  ( 0.000000000000000000, 3.218884409939680058, -10.77862626476100161 ) ) ;
#6960 = AXIS2_PLACEMENT_3D ( 'NONE', #1394, #6065, #2599 ) ;
#6961 = FACE_OUTER_BOUND ( 'NONE', #564, .T. ) ;
#6962 = VERTEX_POINT ( 'NONE', #2795 ) ;
#6963 = EDGE_LOOP ( 'NONE', ( #974, #9, #6476, #2422 ) ) ;
#6964 = CARTESIAN_POINT ( 'NONE',  ( 4.000000000000000000, 0.000000000000000000, 0.000000000000000000 ) ) ;
#6965 = VECTOR ( 'NONE', #6948, 1000.000000000000000 ) ;
#6966 = AXIS2_PLACEMENT_3D ( 'NONE', #7228, #6603, #6017 ) ;
#6967 = DIRECTION ( 'NONE',  ( 1.000000000000000000, 0.000000000000000000, 0.000000000000000000 ) ) ;
#6968 = DIRECTION ( 'NONE',  ( 1.000000000000000000, 0.000000000000000000, 0.000000000000000000 ) ) ;
#6969 = DIRECTION ( 'NONE',  ( 0.000000000000000000, 0.000000000000000000, 1.000000000000000000 ) ) ;
#6970 = AXIS2_PLACEMENT_3D ( 'NONE', #3105, #5450, #5492 ) ;
#6971 = AXIS2_PLACEMENT_3D ( 'NONE', #3675, #5516, #853 ) ;
#6972 = EDGE_CURVE ( 'NONE', #1632, #4170, #6335, .T. ) ;
#6973 = ADVANCED_FACE ( 'NONE', ( #5141 ), #7511, .T. ) ;
#6974 = VECTOR ( 'NONE', #6824, 1000.000000000000000 ) ;
#6975 = AXIS2_PLACEMENT_3D ( 'NONE', #1870, #5958, #4768 ) ;
#6976 = EDGE_LOOP ( 'NONE', ( #5856, #7605, #3959, #276 ) ) ;
#6977 = CYLINDRICAL_SURFACE ( 'NONE', #5038, 1.199999999999755929 ) ;
#6978 = CIRCLE ( 'NONE', #1551, 1.500000000000000000 ) ;
#6979 = CIRCLE ( 'NONE', #4629, 12.59999999999745945 ) ;
#6980 = DIRECTION ( 'NONE',  ( 0.000000000000000000, 0.9876883405951371042, 0.1564344650402350045 ) ) ;
#6981 = CARTESIAN_POINT ( 'NONE',  ( 50.00005080000000390, 1.836970198721030181E-16, -1.500000000000000000 ) ) ;
#6982 = DIRECTION ( 'NONE',  ( 1.000000000000000000, 0.000000000000000000, 0.000000000000000000 ) ) ;
#6983 = VECTOR ( 'NONE', #5993, 1000.000000000000000 ) ;
#6984 = LINE ( 'NONE', #2334, #6396 ) ;
#6985 = AXIS2_PLACEMENT_3D ( 'NONE', #233, #5100, #315 ) ;
#6986 = CARTESIAN_POINT ( 'NONE',  ( 3.500000000000000000, -1.962080705186010077, -11.10429823301639907 ) ) ;
#6987 = CYLINDRICAL_SURFACE ( 'NONE', #4851, 11.24899999999770017 ) ;
#6988 = ADVANCED_FACE ( 'NONE', ( #4522 ), #6517, .T. ) ;
#6989 = EDGE_CURVE ( 'NONE', #5707, #2059, #5723, .T. ) ;
#6990 = ORIENTED_EDGE ( 'NONE', *, *, #1027, .T. ) ;
#6991 = VECTOR ( 'NONE', #952, 1000.000000000000000 ) ;
#6992 = ORIENTED_EDGE ( 'NONE', *, *, #4700, .T. ) ;
#6993 = ORIENTED_EDGE ( 'NONE', *, *, #1638, .T. ) ;
#6994 = DIRECTION ( 'NONE',  ( 0.000000000000000000, -1.000000000000000000, -1.048062100069530685E-14 ) ) ;
#6995 = EDGE_CURVE ( 'NONE', #2700, #7577, #6868, .T. ) ;
#6996 = DIRECTION ( 'NONE',  ( -1.000000000000000000, 0.000000000000000000, 0.000000000000000000 ) ) ;
#6997 = EDGE_CURVE ( 'NONE', #6856, #1730, #7643, .T. ) ;
#6998 = ORIENTED_EDGE ( 'NONE', *, *, #6816, .F. ) ;
#6999 = VECTOR ( 'NONE', #458, 1000.000000000000000 ) ;
#7000 = ORIENTED_EDGE ( 'NONE', *, *, #328, .F. ) ;
#7001 = ORIENTED_EDGE ( 'NONE', *, *, #4658, .T. ) ;
#7002 = CARTESIAN_POINT ( 'NONE',  ( 3.500000000000000000, 0.000000000000000000, 0.000000000000000000 ) ) ;
#7003 = DIRECTION ( 'NONE',  ( 0.000000000000000000, 0.000000000000000000, -1.000000000000000000 ) ) ;
#7004 = DIRECTION ( 'NONE',  ( 1.000000000000000000, 0.000000000000000000, 0.000000000000000000 ) ) ;
#7005 = ORIENTED_EDGE ( 'NONE', *, *, #6794, .T. ) ;
#7006 = EDGE_LOOP ( 'NONE', ( #7465, #683, #366, #3656 ) ) ;
#7007 = DIRECTION ( 'NONE',  ( -1.000000000000000000, 0.000000000000000000, 0.000000000000000000 ) ) ;
#7008 = CARTESIAN_POINT ( 'NONE',  ( 1.750000000000000000, -8.322493165920699099, -9.460238237123828497 ) ) ;
#7009 = ADVANCED_FACE ( 'NONE', ( #678 ), #3547, .T. ) ;
#7010 = DIRECTION ( 'NONE',  ( -1.000000000000000000, 0.000000000000000000, 0.000000000000000000 ) ) ;
#7011 = CARTESIAN_POINT ( 'NONE',  ( 4.000000000000000000, 8.322493165920898051, -9.460238237123657967 ) ) ;
#7012 = ADVANCED_BREP_SHAPE_REPRESENTATION ( '\X2\53cc80549f7f8f6e\X0\2A', ( #3019, #3134 ), #6467 ) ;
#7013 = ORIENTED_EDGE ( 'NONE', *, *, #2318, .T. ) ;
#7014 = CARTESIAN_POINT ( 'NONE',  ( -7.000000000000000000, -1.024773626581816144, -2.001959044101484952 ) ) ;
#7015 = CARTESIAN_POINT ( 'NONE',  ( 0.000000000000000000, -2.172984797950519908, 2.870215508959404804 ) ) ;
#7016 = CARTESIAN_POINT ( 'NONE',  ( 4.000000000000000000, 10.13684808343399979, -4.939586103593669009 ) ) ;
#7017 = LINE ( 'NONE', #4766, #6475 ) ;
#7018 = CARTESIAN_POINT ( 'NONE',  ( 0.000000000000000000, 8.041842239847760254, -9.699936772440159061 ) ) ;
#7019 = DIRECTION ( 'NONE',  ( 0.000000000000000000, 0.000000000000000000, 1.000000000000000000 ) ) ;
#7020 = DIRECTION ( 'NONE',  ( 0.000000000000000000, 0.000000000000000000, 1.000000000000000000 ) ) ;
#7021 = AXIS2_PLACEMENT_3D ( 'NONE', #6634, #5184, #5803 ) ;
#7022 = ORIENTED_EDGE ( 'NONE', *, *, #985, .T. ) ;
#7023 = ORIENTED_EDGE ( 'NONE', *, *, #6892, .F. ) ;
#7024 = AXIS2_PLACEMENT_3D ( 'NONE', #1916, #4272, #7488 ) ;
#7025 = ORIENTED_EDGE ( 'NONE', *, *, #4112, .T. ) ;
#7026 = EDGE_CURVE ( 'NONE', #4850, #7, #4509, .T. ) ;
#7027 = FACE_OUTER_BOUND ( 'NONE', #6082, .T. ) ;
#7028 = EDGE_CURVE ( 'NONE', #1002, #6277, #5969, .T. ) ;
#7029 = AXIS2_PLACEMENT_3D ( 'NONE', #7616, #2425, #4780 ) ;
#7030 = EDGE_CURVE ( 'NONE', #4593, #1344, #2043, .T. ) ;
#7031 = DIRECTION ( 'NONE',  ( 0.000000000000000000, 0.000000000000000000, 1.000000000000000000 ) ) ;
#7032 = AXIS2_PLACEMENT_3D ( 'NONE', #4079, #3497, #6943 ) ;
#7033 = ORIENTED_EDGE ( 'NONE', *, *, #5648, .F. ) ;
#7034 = EDGE_CURVE ( 'NONE', #4105, #6141, #6486, .T. ) ;
#7035 = ORIENTED_EDGE ( 'NONE', *, *, #2540, .T. ) ;
#7036 = ORIENTED_EDGE ( 'NONE', *, *, #563, .F. ) ;
#7037 = EDGE_CURVE ( 'NONE', #1739, #2780, #6606, .T. ) ;
#7038 = CARTESIAN_POINT ( 'NONE',  ( -6.450000000000000178, 2.200545951850874982, 1.762043560793300045 ) ) ;
#7039 = AXIS2_PLACEMENT_3D ( 'NONE', #4782, #1120, #573 ) ;
#7040 = CARTESIAN_POINT ( 'NONE',  ( 3.500000000000000000, 6.828079039211360168, -8.939649748968459875 ) ) ;
#7041 = CARTESIAN_POINT ( 'NONE',  ( 4.000000000000000000, 12.29362692575399940, -2.761654759435510087 ) ) ;
#7042 = VECTOR ( 'NONE', #4127, 1000.000000000000000 ) ;
#7043 = EDGE_LOOP ( 'NONE', ( #5268, #1460, #5043, #4592 ) ) ;
#7044 = ORIENTED_EDGE ( 'NONE', *, *, #3348, .F. ) ;
#7045 = CIRCLE ( 'NONE', #4689, 4.799999999999037925 ) ;
#7046 = EDGE_LOOP ( 'NONE', ( #3128, #7001, #2539, #4867 ) ) ;
#7047 = CARTESIAN_POINT ( 'NONE',  ( -10.00000000000000000, 0.000000000000000000, 0.000000000000000000 ) ) ;
#7048 = EDGE_CURVE ( 'NONE', #7144, #2188, #3286, .T. ) ;
#7049 = CARTESIAN_POINT ( 'NONE',  ( -6.450000000000000178, -2.220648660249819883, 0.3559782686182270117 ) ) ;
#7050 = CARTESIAN_POINT ( 'NONE',  ( 0.000000000000000000, 0.000000000000000000, 0.000000000000000000 ) ) ;
#7051 = DIRECTION ( 'NONE',  ( 0.000000000000000000, 0.000000000000000000, 1.000000000000000000 ) ) ;
#7052 = ORIENTED_EDGE ( 'NONE', *, *, #82, .T. ) ;
#7053 = LINE ( 'NONE', #1133, #3125 ) ;
#7054 = DIRECTION ( 'NONE',  ( 1.000000000000000000, 0.000000000000000000, 0.000000000000000000 ) ) ;
#7055 = FACE_OUTER_BOUND ( 'NONE', #6455, .T. ) ;
#7056 = DIRECTION ( 'NONE',  ( 0.000000000000000000, 0.000000000000000000, -1.000000000000000000 ) ) ;
#7057 = CARTESIAN_POINT ( 'NONE',  ( 0.000000000000000000, 0.000000000000000000, 0.000000000000000000 ) ) ;
#7058 = CARTESIAN_POINT ( 'NONE',  ( 0.000000000000000000, 6.938893903907229640E-14, 1.179611963664229834E-13 ) ) ;
#7059 = CARTESIAN_POINT ( 'NONE',  ( 4.000000000000000000, -0.2008292820897989994, -11.27452294072310046 ) ) ;
#7060 = ORIENTED_EDGE ( 'NONE', *, *, #3008, .F. ) ;
#7061 = ORIENTED_EDGE ( 'NONE', *, *, #2155, .F. ) ;
#7062 = ORIENTED_EDGE ( 'NONE', *, *, #5180, .T. ) ;
#7063 = DIRECTION ( 'NONE',  ( 0.000000000000000000, 0.000000000000000000, -1.000000000000000000 ) ) ;
#7064 = DIRECTION ( 'NONE',  ( 1.000000000000000000, 0.000000000000000000, 0.000000000000000000 ) ) ;
#7065 = VERTEX_POINT ( 'NONE', #7103 ) ;
#7066 = DIRECTION ( 'NONE',  ( -1.000000000000000000, 0.000000000000000000, 0.000000000000000000 ) ) ;
#7067 = ADVANCED_FACE ( 'NONE', ( #1187 ), #5937, .T. ) ;
#7068 = VECTOR ( 'NONE', #7629, 1000.000000000000000 ) ;
#7069 = EDGE_LOOP ( 'NONE', ( #2904, #2146, #2136, #1106 ) ) ;
#7070 = CIRCLE ( 'NONE', #3738, 4.799999999999018385 ) ;
#7071 = ORIENTED_EDGE ( 'NONE', *, *, #1457, .T. ) ;
#7072 = ORIENTED_EDGE ( 'NONE', *, *, #5938, .F. ) ;
#7073 = CARTESIAN_POINT ( 'NONE',  ( 4.000000000000000000, -10.77862626476107977, 3.218884409939479774 ) ) ;
#7074 = LINE ( 'NONE', #6416, #5860 ) ;
#7075 = CARTESIAN_POINT ( 'NONE',  ( 0.000000000000000000, -11.16713147563269892, -1.565367224445599836 ) ) ;
#7076 = EDGE_CURVE ( 'NONE', #2780, #5503, #930, .T. ) ;
#7077 = ADVANCED_FACE ( 'NONE', ( #3698 ), #5423, .T. ) ;
#7078 = CARTESIAN_POINT ( 'NONE',  ( 1.750000000000000000, 11.71025399327550076, 4.650801158178199834 ) ) ;
#7079 = ORIENTED_EDGE ( 'NONE', *, *, #3052, .F. ) ;
#7080 = AXIS2_PLACEMENT_3D ( 'NONE', #2326, #1128, #1820 ) ;
#7081 = CARTESIAN_POINT ( 'NONE',  ( 0.000000000000000000, 10.66064884975989990, 3.675019189548129894 ) ) ;
#7082 = CYLINDRICAL_SURFACE ( 'NONE', #4130, 12.59999999999749853 ) ;
#7083 = CARTESIAN_POINT ( 'NONE',  ( 3.500000000000000000, 0.000000000000000000, 0.000000000000000000 ) ) ;
#7084 = VECTOR ( 'NONE', #4038, 1000.000000000000000 ) ;
#7085 = EDGE_CURVE ( 'NONE', #2099, #2501, #2645, .T. ) ;
#7086 = ORIENTED_EDGE ( 'NONE', *, *, #7503, .T. ) ;
#7087 = DIRECTION ( 'NONE',  ( 0.000000000000000000, 0.000000000000000000, 1.000000000000000000 ) ) ;
#7088 = CYLINDRICAL_SURFACE ( 'NONE', #4428, 12.59999999999749853 ) ;
#7089 = AXIS2_PLACEMENT_3D ( 'NONE', #3688, #121, #2483 ) ;
#7090 = DIRECTION ( 'NONE',  ( 1.000000000000000000, 0.000000000000000000, 0.000000000000000000 ) ) ;
#7091 = CARTESIAN_POINT ( 'NONE',  ( -7.000000000000000000, 3.445051977127885134, 1.044804706575710229 ) ) ;
#7092 = CARTESIAN_POINT ( 'NONE',  ( 0.000000000000000000, 8.142483381817909205, 7.761440934309069561 ) ) ;
#7093 = DIRECTION ( 'NONE',  ( -1.000000000000000000, 0.000000000000000000, 0.000000000000000000 ) ) ;
#7094 = DIRECTION ( 'NONE',  ( 1.000000000000000000, 0.000000000000000000, 0.000000000000000000 ) ) ;
#7095 = AXIS2_PLACEMENT_3D ( 'NONE', #6385, #2291, #1744 ) ;
#7096 = EDGE_LOOP ( 'NONE', ( #1849, #1888, #958, #6827 ) ) ;
#7097 = VECTOR ( 'NONE', #430, 1000.000000000000000 ) ;
#7098 = ORIENTED_EDGE ( 'NONE', *, *, #1731, .T. ) ;
#7099 = AXIS2_PLACEMENT_3D ( 'NONE', #3049, #5403, #3012 ) ;
#7100 = ORIENTED_EDGE ( 'NONE', *, *, #1228, .T. ) ;
#7101 = DIRECTION ( 'NONE',  ( 1.000000000000000000, 0.000000000000000000, 0.000000000000000000 ) ) ;
#7102 = LINE ( 'NONE', #7567, #3214 ) ;
#7103 = CARTESIAN_POINT ( 'NONE',  ( 0.000000000000000000, 0.8045072551093259694, -12.57428996311180036 ) ) ;
#7104 = AXIS2_PLACEMENT_3D ( 'NONE', #7658, #5214, #7581 ) ;
#7105 = AXIS2_PLACEMENT_3D ( 'NONE', #1354, #653, #6064 ) ;
#7106 = ORIENTED_EDGE ( 'NONE', *, *, #4140, .F. ) ;
#7107 = VERTEX_POINT ( 'NONE', #712 ) ;
#7108 = ORIENTED_EDGE ( 'NONE', *, *, #2324, .T. ) ;
#7109 = FACE_OUTER_BOUND ( 'NONE', #2386, .T. ) ;
#7110 = CARTESIAN_POINT ( 'NONE',  ( -7.000000000000000000, 6.938893903907229640E-14, 1.179611963664229834E-13 ) ) ;
#7111 = FACE_OUTER_BOUND ( 'NONE', #5869, .T. ) ;
#7112 = DIRECTION ( 'NONE',  ( 1.000000000000000000, 0.000000000000000000, 0.000000000000000000 ) ) ;
#7113 = ORIENTED_EDGE ( 'NONE', *, *, #1974, .F. ) ;
#7114 = ORIENTED_EDGE ( 'NONE', *, *, #1114, .T. ) ;
#7115 = LINE ( 'NONE', #7008, #5359 ) ;
#7116 = EDGE_CURVE ( 'NONE', #6277, #1561, #2511, .T. ) ;
#7117 = ORIENTED_EDGE ( 'NONE', *, *, #4717, .F. ) ;
#7118 = EDGE_CURVE ( 'NONE', #6169, #640, #6628, .T. ) ;
#7119 = CARTESIAN_POINT ( 'NONE',  ( 0.000000000000000000, 0.000000000000000000, 0.000000000000000000 ) ) ;
#7120 = DIRECTION ( 'NONE',  ( 0.000000000000000000, 0.000000000000000000, -1.000000000000000000 ) ) ;
#7121 = AXIS2_PLACEMENT_3D ( 'NONE', #6683, #2589, #926 ) ;
#7122 = ORIENTED_EDGE ( 'NONE', *, *, #5219, .F. ) ;
#7123 = FACE_OUTER_BOUND ( 'NONE', #5165, .T. ) ;
#7124 = CARTESIAN_POINT ( 'NONE',  ( -10.00000000000000000, 0.000000000000000000, 0.000000000000000000 ) ) ;
#7125 = DIRECTION ( 'NONE',  ( -1.000000000000000000, 0.000000000000000000, 0.000000000000000000 ) ) ;
#7126 = ORIENTED_EDGE ( 'NONE', *, *, #5846, .F. ) ;
#7127 = DIRECTION ( 'NONE',  ( 0.000000000000000000, 0.1564344650402309522, -0.9876883405951376593 ) ) ;
#7128 = EDGE_CURVE ( 'NONE', #5689, #2079, #3159, .T. ) ;
#7129 = CARTESIAN_POINT ( 'NONE',  ( 0.000000000000000000, -2.355809106513079954, 1.548342161800734917 ) ) ;
#7130 = LINE ( 'NONE', #5886, #3138 ) ;
#7131 = DIRECTION ( 'NONE',  ( -1.000000000000000000, 0.000000000000000000, 0.000000000000000000 ) ) ;
#7132 = ORIENTED_EDGE ( 'NONE', *, *, #5368, .T. ) ;
#7133 = VERTEX_POINT ( 'NONE', #3782 ) ;
#7134 = DIRECTION ( 'NONE',  ( 0.000000000000000000, 0.000000000000000000, 1.000000000000000000 ) ) ;
#7135 = DIRECTION ( 'NONE',  ( 1.000000000000000000, 0.000000000000000000, 0.000000000000000000 ) ) ;
#7136 = AXIS2_PLACEMENT_3D ( 'NONE', #7244, #7200, #4909 ) ;
#7137 = DIRECTION ( 'NONE',  ( 0.000000000000000000, 0.000000000000000000, -1.000000000000000000 ) ) ;
#7138 = CIRCLE ( 'NONE', #5159, 4.799999999999037925 ) ;
#7139 = VERTEX_POINT ( 'NONE', #4349 ) ;
#7140 = ORIENTED_EDGE ( 'NONE', *, *, #406, .T. ) ;
#7141 = CIRCLE ( 'NONE', #1336, 1.199999999999757927 ) ;
#7142 = AXIS2_PLACEMENT_3D ( 'NONE', #7002, #5981, #5904 ) ;
#7143 = ORIENTED_EDGE ( 'NONE', *, *, #4524, .F. ) ;
#7144 = VERTEX_POINT ( 'NONE', #4958 ) ;
#7145 = CYLINDRICAL_SURFACE ( 'NONE', #2211, 4.799999999999039701 ) ;
#7146 = DIRECTION ( 'NONE',  ( -1.000000000000000000, 0.000000000000000000, 0.000000000000000000 ) ) ;
#7147 = CARTESIAN_POINT ( 'NONE',  ( -6.450000000000000178, 0.9957969144634400971, -2.637344972028559997 ) ) ;
#7148 = CIRCLE ( 'NONE', #4184, 4.799999999999030820 ) ;
#7149 = CIRCLE ( 'NONE', #1477, 4.799999999999029043 ) ;
#7150 = CYLINDRICAL_SURFACE ( 'NONE', #5190, 4.799999999999039701 ) ;
#7151 = ADVANCED_FACE ( 'NONE', ( #1923 ), #5384, .T. ) ;
#7152 = ORIENTED_EDGE ( 'NONE', *, *, #6376, .T. ) ;
#7153 = AXIS2_PLACEMENT_3D ( 'NONE', #2317, #5319, #4674 ) ;
#7154 = CIRCLE ( 'NONE', #4918, 2.248999999999549804 ) ;
#7155 = DIRECTION ( 'NONE',  ( 0.000000000000000000, 0.000000000000000000, -1.000000000000000000 ) ) ;
#7156 = LINE ( 'NONE', #3676, #6108 ) ;
#7157 = CARTESIAN_POINT ( 'NONE',  ( 0.000000000000000000, -0.3476627225244099950, 2.221965713364035366 ) ) ;
#7158 = VECTOR ( 'NONE', #7566, 1000.000000000000000 ) ;
#7159 = VERTEX_POINT ( 'NONE', #6049 ) ;
#7160 = ORIENTED_EDGE ( 'NONE', *, *, #1799, .F. ) ;
#7161 = CARTESIAN_POINT ( 'NONE',  ( 4.000000000000000000, -2.025346914580355318, 11.06516926556252045 ) ) ;
#7162 = CARTESIAN_POINT ( 'NONE',  ( 0.000000000000000000, 2.220648660249965101, -0.3559782686179744915 ) ) ;
#7163 = CARTESIAN_POINT ( 'NONE',  ( 4.000000000000000000, 6.392119685101329551, -9.256392760211138437 ) ) ;
#7164 = CARTESIAN_POINT ( 'NONE',  ( 0.000000000000000000, 10.13684808343399979, 4.939586103593669009 ) ) ;
#7165 = DIRECTION ( 'NONE',  ( 0.000000000000000000, 0.000000000000000000, 1.000000000000000000 ) ) ;
#7166 = DIRECTION ( 'NONE',  ( 1.000000000000000000, 0.000000000000000000, 0.000000000000000000 ) ) ;
#7167 = AXIS2_PLACEMENT_3D ( 'NONE', #333, #4274, #3813 ) ;
#7168 = ORIENTED_EDGE ( 'NONE', *, *, #4820, .F. ) ;
#7169 = DIRECTION ( 'NONE',  ( 0.000000000000000000, 0.000000000000000000, -1.000000000000000000 ) ) ;
#7170 = EDGE_CURVE ( 'NONE', #3645, #2079, #5965, .T. ) ;
#7171 = CIRCLE ( 'NONE', #3850, 4.799999999999039701 ) ;
#7172 = EDGE_CURVE ( 'NONE', #1567, #296, #4028, .T. ) ;
#7173 = VERTEX_POINT ( 'NONE', #4313 ) ;
#7174 = VERTEX_POINT ( 'NONE', #90 ) ;
#7175 = CARTESIAN_POINT ( 'NONE',  ( 0.000000000000000000, 12.29362692575399940, -2.761654759435510087 ) ) ;
#7176 = CYLINDRICAL_SURFACE ( 'NONE', #6897, 2.248999999999549804 ) ;
#7177 = DIRECTION ( 'NONE',  ( 1.000000000000000000, 0.000000000000000000, 0.000000000000000000 ) ) ;
#7178 = EDGE_CURVE ( 'NONE', #4200, #4742, #5230, .T. ) ;
#7179 = ORIENTED_EDGE ( 'NONE', *, *, #1694, .F. ) ;
#7180 = ORIENTED_EDGE ( 'NONE', *, *, #6081, .F. ) ;
#7181 = ORIENTED_EDGE ( 'NONE', *, *, #550, .T. ) ;
#7182 = DIRECTION ( 'NONE',  ( 0.000000000000000000, 0.000000000000000000, -1.000000000000000000 ) ) ;
#7183 = CIRCLE ( 'NONE', #3107, 11.24899999999780320 ) ;
#7184 = CARTESIAN_POINT ( 'NONE',  ( -10.00000000000000000, 0.000000000000000000, 0.000000000000000000 ) ) ;
#7185 = ORIENTED_EDGE ( 'NONE', *, *, #265, .T. ) ;
#7186 = ORIENTED_EDGE ( 'NONE', *, *, #2996, .T. ) ;
#7187 = DIRECTION ( 'NONE',  ( 0.000000000000000000, 0.8090169943749490056, -0.5877852522924710277 ) ) ;
#7188 = DIRECTION ( 'NONE',  ( -1.000000000000000000, 0.000000000000000000, 0.000000000000000000 ) ) ;
#7189 = VERTEX_POINT ( 'NONE', #874 ) ;
#7190 = ORIENTED_EDGE ( 'NONE', *, *, #799, .T. ) ;
#7191 = DIRECTION ( 'NONE',  ( 0.000000000000000000, 0.000000000000000000, -1.000000000000000000 ) ) ;
#7192 = EDGE_LOOP ( 'NONE', ( #961, #4068, #4805, #639 ) ) ;
#7193 = DIRECTION ( 'NONE',  ( 1.000000000000000000, 0.000000000000000000, 0.000000000000000000 ) ) ;
#7194 = ORIENTED_EDGE ( 'NONE', *, *, #2212, .F. ) ;
#7195 = DIRECTION ( 'NONE',  ( -1.000000000000000000, 0.000000000000000000, 0.000000000000000000 ) ) ;
#7196 = VERTEX_POINT ( 'NONE', #4920 ) ;
#7197 = CYLINDRICAL_SURFACE ( 'NONE', #4101, 12.59999999999749853 ) ;
#7198 = CARTESIAN_POINT ( 'NONE',  ( 3.500000000000000000, -5.297466504774070550, 9.954498911157299901 ) ) ;
#7199 = DIRECTION ( 'NONE',  ( -1.000000000000000000, 0.000000000000000000, 0.000000000000000000 ) ) ;
#7200 = DIRECTION ( 'NONE',  ( 1.000000000000000000, 0.000000000000000000, 0.000000000000000000 ) ) ;
#7201 = DIRECTION ( 'NONE',  ( 0.000000000000000000, 0.000000000000000000, -1.000000000000000000 ) ) ;
#7202 = VECTOR ( 'NONE', #2019, 1000.000000000000000 ) ;
#7203 = EDGE_CURVE ( 'NONE', #4411, #5135, #165, .T. ) ;
#7204 = CARTESIAN_POINT ( 'NONE',  ( 3.500000000000000000, 9.954498911157401153, -5.297466504773900020 ) ) ;
#7205 = AXIS2_PLACEMENT_3D ( 'NONE', #4294, #736, #1355 ) ;
#7206 = CIRCLE ( 'NONE', #7217, 4.799999999999029043 ) ;
#7207 = VERTEX_POINT ( 'NONE', #3819 ) ;
#7208 = CYLINDRICAL_SURFACE ( 'NONE', #7024, 12.59999999999749853 ) ;
#7209 = ORIENTED_EDGE ( 'NONE', *, *, #550, .F. ) ;
#7210 = CARTESIAN_POINT ( 'NONE',  ( 4.000000000000000000, -12.20746682112890191, 3.120537423421454903 ) ) ;
#7211 = CIRCLE ( 'NONE', #4973, 4.799999999999019273 ) ;
#7212 = CARTESIAN_POINT ( 'NONE',  ( 4.000000000000000000, 7.830283878801939323, 8.114299373255189352 ) ) ;
#7213 = AXIS2_PLACEMENT_3D ( 'NONE', #4852, #1969, #5984 ) ;
#7214 = ADVANCED_FACE ( 'NONE', ( #794 ), #7329, .T. ) ;
#7215 = CARTESIAN_POINT ( 'NONE',  ( 1.750000000000000000, -6.425429397282299782, 10.83853574337769921 ) ) ;
#7216 = EDGE_CURVE ( 'NONE', #3613, #6666, #3199, .T. ) ;
#7217 = AXIS2_PLACEMENT_3D ( 'NONE', #7059, #5376, #4911 ) ;
#7218 = CIRCLE ( 'NONE', #2650, 4.799999999999041478 ) ;
#7219 = AXIS2_PLACEMENT_3D ( 'NONE', #1488, #3492, #2868 ) ;
#7220 = VERTEX_POINT ( 'NONE', #2532 ) ;
#7221 = VERTEX_POINT ( 'NONE', #4811 ) ;
#7222 = EDGE_LOOP ( 'NONE', ( #5349, #6079, #7343, #3593 ) ) ;
#7223 = DIRECTION ( 'NONE',  ( 0.000000000000000000, -0.1564344650402379189, 0.9876883405951365491 ) ) ;
#7224 = CIRCLE ( 'NONE', #2657, 11.24899999999778011 ) ;
#7225 = FACE_OUTER_BOUND ( 'NONE', #4386, .T. ) ;
#7226 = ORIENTED_EDGE ( 'NONE', *, *, #3924, .T. ) ;
#7227 = AXIS2_PLACEMENT_3D ( 'NONE', #2859, #2930, #20 ) ;
#7228 = CARTESIAN_POINT ( 'NONE',  ( 4.000000000000000000, -9.954498911157278584, -5.297466504774110518 ) ) ;
#7229 = EDGE_CURVE ( 'NONE', #2320, #1984, #2670, .T. ) ;
#7230 = DIRECTION ( 'NONE',  ( 0.000000000000000000, 0.000000000000000000, 1.000000000000000000 ) ) ;
#7231 = VECTOR ( 'NONE', #3300, 1000.000000000000000 ) ;
#7232 = CARTESIAN_POINT ( 'NONE',  ( 4.000000000000000000, 6.789472613369020415, 9.003236172274229787 ) ) ;
#7233 = EDGE_LOOP ( 'NONE', ( #4104, #7419, #6923, #7496 ) ) ;
#7234 = EDGE_CURVE ( 'NONE', #3162, #763, #7211, .T. ) ;
#7235 = DIRECTION ( 'NONE',  ( 0.000000000000000000, 0.000000000000000000, -1.000000000000000000 ) ) ;
#7236 = CARTESIAN_POINT ( 'NONE',  ( -6.450000000000000178, 0.07091128299306651006, -3.599301541957579786 ) ) ;
#7237 = LINE ( 'NONE', #6649, #7462 ) ;
#7238 = ORIENTED_EDGE ( 'NONE', *, *, #1657, .T. ) ;
#7239 = AXIS2_PLACEMENT_3D ( 'NONE', #6403, #5820, #526 ) ;
#7240 = ORIENTED_EDGE ( 'NONE', *, *, #7458, .F. ) ;
#7241 = DIRECTION ( 'NONE',  ( 1.000000000000000000, 0.000000000000000000, 0.000000000000000000 ) ) ;
#7242 = FACE_OUTER_BOUND ( 'NONE', #1926, .T. ) ;
#7243 = CARTESIAN_POINT ( 'NONE',  ( 0.000000000000000000, -2.172984797950464841, -2.870215508959214734 ) ) ;
#7244 = CARTESIAN_POINT ( 'NONE',  ( -7.000000000000000000, -0.7445758530191349811, 2.718971643000535288 ) ) ;
#7245 = CARTESIAN_POINT ( 'NONE',  ( 0.000000000000000000, -9.699936772440191035, -8.041842239847730056 ) ) ;
#7246 = CARTESIAN_POINT ( 'NONE',  ( 4.000000000000000000, -8.114299373255219550, 7.830283878801910014 ) ) ;
#7247 = EDGE_CURVE ( 'NONE', #2740, #986, #1881, .T. ) ;
#7248 = EDGE_CURVE ( 'NONE', #6398, #7402, #53, .T. ) ;
#7249 = ORIENTED_EDGE ( 'NONE', *, *, #625, .F. ) ;
#7250 = CARTESIAN_POINT ( 'NONE',  ( 1.750000000000000000, 1.172449887844539962, 12.54533224990190021 ) ) ;
#7251 = ORIENTED_EDGE ( 'NONE', *, *, #522, .T. ) ;
#7252 = DIRECTION ( 'NONE',  ( -1.000000000000000000, 0.000000000000000000, 0.000000000000000000 ) ) ;
#7253 = DIRECTION ( 'NONE',  ( 0.000000000000000000, 0.000000000000000000, -1.000000000000000000 ) ) ;
#7254 = DIRECTION ( 'NONE',  ( 1.000000000000000000, 0.000000000000000000, 0.000000000000000000 ) ) ;
#7255 = ORIENTED_EDGE ( 'NONE', *, *, #5235, .T. ) ;
#7256 = EDGE_CURVE ( 'NONE', #2000, #3613, #4998, .T. ) ;
#7257 = EDGE_CURVE ( 'NONE', #4477, #1267, #4007, .T. ) ;
#7258 = ORIENTED_EDGE ( 'NONE', *, *, #2254, .F. ) ;
#7259 = EDGE_CURVE ( 'NONE', #5060, #7575, #1615, .T. ) ;
#7260 = ORIENTED_EDGE ( 'NONE', *, *, #5441, .F. ) ;
#7261 = CARTESIAN_POINT ( 'NONE',  ( 4.000000000000000000, -7.761440934308990514, -8.142483381817989141 ) ) ;
#7262 = VECTOR ( 'NONE', #5037, 1000.000000000000000 ) ;
#7263 = DIRECTION ( 'NONE',  ( 1.000000000000000000, 0.000000000000000000, 0.000000000000000000 ) ) ;
#7264 = ORIENTED_EDGE ( 'NONE', *, *, #6409, .T. ) ;
#7265 = CARTESIAN_POINT ( 'NONE',  ( 4.000000000000000000, 0.000000000000000000, 0.000000000000000000 ) ) ;
#7266 = CARTESIAN_POINT ( 'NONE',  ( 0.000000000000000000, -6.789472613369089693, 9.003236172274180049 ) ) ;
#7267 = CIRCLE ( 'NONE', #356, 12.59999999999749853 ) ;
#7268 = DIRECTION ( 'NONE',  ( 1.000000000000000000, 0.000000000000000000, 0.000000000000000000 ) ) ;
#7269 = EDGE_CURVE ( 'NONE', #1467, #1690, #6222, .T. ) ;
#7270 = VERTEX_POINT ( 'NONE', #411 ) ;
#7271 = EDGE_CURVE ( 'NONE', #3800, #1696, #5597, .T. ) ;
#7272 = ORIENTED_EDGE ( 'NONE', *, *, #2022, .T. ) ;
#7273 = CARTESIAN_POINT ( 'NONE',  ( 0.000000000000000000, -12.20746682112890191, 3.120537423421460232 ) ) ;
#7274 = ORIENTED_EDGE ( 'NONE', *, *, #2737, .F. ) ;
#7275 = AXIS2_PLACEMENT_3D ( 'NONE', #6135, #5466, #5553 ) ;
#7276 = FACE_OUTER_BOUND ( 'NONE', #5160, .T. ) ;
#7277 = DIRECTION ( 'NONE',  ( 1.000000000000000000, 0.000000000000000000, 0.000000000000000000 ) ) ;
#7278 = CIRCLE ( 'NONE', #4069, 4.799999999999037037 ) ;
#7279 = ORIENTED_EDGE ( 'NONE', *, *, #5936, .F. ) ;
#7280 = ORIENTED_EDGE ( 'NONE', *, *, #4982, .F. ) ;
#7281 = EDGE_CURVE ( 'NONE', #5707, #1427, #1676, .T. ) ;
#7282 = ORIENTED_EDGE ( 'NONE', *, *, #6551, .T. ) ;
#7283 = DIRECTION ( 'NONE',  ( 0.000000000000000000, 0.7071067811865440200, 0.7071067811865510144 ) ) ;
#7284 = DIRECTION ( 'NONE',  ( -1.000000000000000000, 0.000000000000000000, 0.000000000000000000 ) ) ;
#7285 = CYLINDRICAL_SURFACE ( 'NONE', #5350, 4.799999999999039701 ) ;
#7286 = CYLINDRICAL_SURFACE ( 'NONE', #7586, 11.24899999999770017 ) ;
#7287 = AXIS2_PLACEMENT_3D ( 'NONE', #2825, #5179, #5945 ) ;
#7288 = DIRECTION ( 'NONE',  ( -1.000000000000000000, 0.000000000000000000, 0.000000000000000000 ) ) ;
#7289 = CARTESIAN_POINT ( 'NONE',  ( 4.000000000000000000, -0.8045072551090630686, -12.57428996311180036 ) ) ;
#7290 = ORIENTED_EDGE ( 'NONE', *, *, #2633, .F. ) ;
#7291 = DIRECTION ( 'NONE',  ( 0.000000000000000000, 0.000000000000000000, 1.000000000000000000 ) ) ;
#7292 = VERTEX_POINT ( 'NONE', #5124 ) ;
#7293 = CARTESIAN_POINT ( 'NONE',  ( 4.000000000000000000, -10.64569177227129870, 6.740122156885020033 ) ) ;
#7294 = CARTESIAN_POINT ( 'NONE',  ( 4.000000000000000000, 0.000000000000000000, 0.000000000000000000 ) ) ;
#7295 = CARTESIAN_POINT ( 'NONE',  ( 3.500000000000000000, 10.66064884975999938, -3.675019189547990006 ) ) ;
#7296 = ORIENTED_EDGE ( 'NONE', *, *, #2863, .T. ) ;
#7297 = ORIENTED_EDGE ( 'NONE', *, *, #4835, .T. ) ;
#7298 = VERTEX_POINT ( 'NONE', #2117 ) ;
#7299 = CARTESIAN_POINT ( 'NONE',  ( -7.000000000000000000, -2.815982290881379857, -0.1320747280206844010 ) ) ;
#7300 = CARTESIAN_POINT ( 'NONE',  ( 4.000000000000000000, 8.939649748968539811, 6.828079039211259804 ) ) ;
#7301 = ORIENTED_EDGE ( 'NONE', *, *, #6859, .T. ) ;
#7302 = LINE ( 'NONE', #687, #1901 ) ;
#7303 = CARTESIAN_POINT ( 'NONE',  ( 0.000000000000000000, 6.938893903907229640E-14, 1.179611963664229834E-13 ) ) ;
#7304 = DIRECTION ( 'NONE',  ( -1.000000000000000000, 0.000000000000000000, 0.000000000000000000 ) ) ;
#7305 = ORIENTED_EDGE ( 'NONE', *, *, #2967, .T. ) ;
#7306 = DIRECTION ( 'NONE',  ( 1.000000000000000000, 0.000000000000000000, 0.000000000000000000 ) ) ;
#7307 = CARTESIAN_POINT ( 'NONE',  ( 4.000000000000000000, 4.939586103593629929, 10.13684808343399979 ) ) ;
#7308 = DIRECTION ( 'NONE',  ( 0.000000000000000000, 0.7071067811865490160, -0.7071067811865459074 ) ) ;
#7309 = CARTESIAN_POINT ( 'NONE',  ( 0.000000000000000000, -0.07091128299289339854, -3.599301541957585115 ) ) ;
#7310 = EDGE_CURVE ( 'NONE', #513, #4454, #7604, .T. ) ;
#7311 = ADVANCED_FACE ( 'NONE', ( #995 ), #5157, .T. ) ;
#7312 = ORIENTED_EDGE ( 'NONE', *, *, #4886, .T. ) ;
#7313 = VERTEX_POINT ( 'NONE', #3977 ) ;
#7314 = CARTESIAN_POINT ( 'NONE',  ( 0.000000000000000000, 12.20746682112890191, 3.120537423421549938 ) ) ;
#7315 = DIRECTION ( 'NONE',  ( -1.000000000000000000, 0.000000000000000000, 0.000000000000000000 ) ) ;
#7316 = FACE_OUTER_BOUND ( 'NONE', #4471, .T. ) ;
#7317 = DIRECTION ( 'NONE',  ( -1.000000000000000000, 0.000000000000000000, 0.000000000000000000 ) ) ;
#7318 = DIRECTION ( 'NONE',  ( 0.000000000000000000, 0.9876883405951382144, -0.1564344650402280101 ) ) ;
#7319 = EDGE_CURVE ( 'NONE', #4424, #6325, #5078, .T. ) ;
#7320 = DIRECTION ( 'NONE',  ( 0.000000000000000000, 0.000000000000000000, 1.000000000000000000 ) ) ;
#7321 = EDGE_CURVE ( 'NONE', #3181, #7402, #6586, .T. ) ;
#7322 = VERTEX_POINT ( 'NONE', #6321 ) ;
#7323 = CARTESIAN_POINT ( 'NONE',  ( 0.000000000000000000, 0.3476627225245354502, -2.221965713363804884 ) ) ;
#7324 = AXIS2_PLACEMENT_3D ( 'NONE', #898, #7284, #1486 ) ;
#7325 = DIRECTION ( 'NONE',  ( -1.000000000000000000, 0.000000000000000000, 0.000000000000000000 ) ) ;
#7326 = EDGE_LOOP ( 'NONE', ( #5173, #4394, #6676, #3629 ) ) ;
#7327 = CARTESIAN_POINT ( 'NONE',  ( 1.750000000000000000, 2.761654759435640205, 12.29362692575399940 ) ) ;
#7328 = DIRECTION ( 'NONE',  ( -1.000000000000000000, 0.000000000000000000, 0.000000000000000000 ) ) ;
#7329 = CYLINDRICAL_SURFACE ( 'NONE', #3417, 11.24899999999770017 ) ;
#7330 = EDGE_LOOP ( 'NONE', ( #2976, #3541, #5566, #699 ) ) ;
#7331 = ORIENTED_EDGE ( 'NONE', *, *, #3385, .T. ) ;
#7332 = AXIS2_PLACEMENT_3D ( 'NONE', #2153, #1573, #7532 ) ;
#7333 = ORIENTED_EDGE ( 'NONE', *, *, #561, .F. ) ;
#7334 = CARTESIAN_POINT ( 'NONE',  ( 3.500000000000000000, 0.000000000000000000, 0.000000000000000000 ) ) ;
#7335 = FACE_OUTER_BOUND ( 'NONE', #1384, .T. ) ;
#7336 = ORIENTED_EDGE ( 'NONE', *, *, #6900, .F. ) ;
#7337 = CIRCLE ( 'NONE', #6847, 1.199999999999759925 ) ;
#7338 = CYLINDRICAL_SURFACE ( 'NONE', #4251, 4.799999999999039701 ) ;
#7339 = DIRECTION ( 'NONE',  ( -1.000000000000000000, 0.000000000000000000, 0.000000000000000000 ) ) ;
#7340 = CIRCLE ( 'NONE', #2778, 11.24899999999769662 ) ;
#7341 = AXIS2_PLACEMENT_3D ( 'NONE', #3687, #864, #7318 ) ;
#7342 = DIRECTION ( 'NONE',  ( -1.000000000000000000, 0.000000000000000000, 0.000000000000000000 ) ) ;
#7343 = ORIENTED_EDGE ( 'NONE', *, *, #7378, .F. ) ;
#7344 = AXIS2_PLACEMENT_3D ( 'NONE', #5563, #6567, #6103 ) ;
#7345 = EDGE_CURVE ( 'NONE', #5979, #2662, #2774, .T. ) ;
#7346 = AXIS2_PLACEMENT_3D ( 'NONE', #7119, #2401, #2471 ) ;
#7347 = CARTESIAN_POINT ( 'NONE',  ( -7.000000000000000000, -3.401226394052229818, -1.179685982114093923 ) ) ;
#7348 = FACE_OUTER_BOUND ( 'NONE', #6381, .T. ) ;
#7349 = FACE_OUTER_BOUND ( 'NONE', #2080, .T. ) ;
#7350 = CARTESIAN_POINT ( 'NONE',  ( 3.500000000000000000, 11.27452294072310046, -0.2008292820897600028 ) ) ;
#7351 = VECTOR ( 'NONE', #2250, 1000.000000000000000 ) ;
#7352 = VECTOR ( 'NONE', #3282, 1000.000000000000000 ) ;
#7353 = ORIENTED_EDGE ( 'NONE', *, *, #3091, .F. ) ;
#7354 = ORIENTED_EDGE ( 'NONE', *, *, #2221, .T. ) ;
#7355 = EDGE_CURVE ( 'NONE', #1984, #2359, #4429, .T. ) ;
#7356 = ADVANCED_FACE ( 'NONE', ( #6361 ), #5581, .T. ) ;
#7357 = EDGE_LOOP ( 'NONE', ( #5780, #3472, #2798, #2487 ) ) ;
#7358 = DIRECTION ( 'NONE',  ( -1.000000000000000000, 0.000000000000000000, 0.000000000000000000 ) ) ;
#7359 = EDGE_CURVE ( 'NONE', #919, #5892, #4250, .T. ) ;
#7360 = LINE ( 'NONE', #2063, #7202 ) ;
#7361 = CARTESIAN_POINT ( 'NONE',  ( 3.500000000000000000, -11.27452294072310046, 0.2008292820898389952 ) ) ;
#7362 = DIRECTION ( 'NONE',  ( 0.000000000000000000, 0.000000000000000000, -1.000000000000000000 ) ) ;
#7363 = CARTESIAN_POINT ( 'NONE',  ( 0.000000000000000000, 6.938893903907229640E-14, 1.179611963664229834E-13 ) ) ;
#7364 = CIRCLE ( 'NONE', #6615, 11.24899999999773925 ) ;
#7365 = ORIENTED_EDGE ( 'NONE', *, *, #4507, .T. ) ;
#7366 = DIRECTION ( 'NONE',  ( -1.000000000000000000, 0.000000000000000000, 0.000000000000000000 ) ) ;
#7367 = EDGE_CURVE ( 'NONE', #6886, #5477, #6833, .T. ) ;
#7368 = CARTESIAN_POINT ( 'NONE',  ( 3.500000000000000000, 11.27452294072310046, 0.2008292820899199860 ) ) ;
#7369 = ORIENTED_EDGE ( 'NONE', *, *, #4664, .F. ) ;
#7370 = DIRECTION ( 'NONE',  ( 1.000000000000000000, 0.000000000000000000, 0.000000000000000000 ) ) ;
#7371 = DIRECTION ( 'NONE',  ( -1.000000000000000000, 0.000000000000000000, 0.000000000000000000 ) ) ;
#7372 = DIRECTION ( 'NONE',  ( -1.000000000000000000, 0.000000000000000000, 0.000000000000000000 ) ) ;
#7373 = AXIS2_PLACEMENT_3D ( 'NONE', #3498, #516, #4612 ) ;
#7374 = ORIENTED_EDGE ( 'NONE', *, *, #2405, .T. ) ;
#7375 = CIRCLE ( 'NONE', #1813, 11.24899999999771971 ) ;
#7376 = EDGE_CURVE ( 'NONE', #2501, #5115, #336, .T. ) ;
#7377 = EDGE_LOOP ( 'NONE', ( #2579, #5023, #1512, #1518 ) ) ;
#7378 = EDGE_CURVE ( 'NONE', #3172, #1263, #3898, .T. ) ;
#7379 = ORIENTED_EDGE ( 'NONE', *, *, #4608, .T. ) ;
#7380 = FACE_OUTER_BOUND ( 'NONE', #3742, .T. ) ;
#7381 = CARTESIAN_POINT ( 'NONE',  ( 0.000000000000000000, -3.401226394052229818, -1.179685982114095921 ) ) ;
#7382 = ORIENTED_EDGE ( 'NONE', *, *, #4324, .F. ) ;
#7383 = LINE ( 'NONE', #2263, #4618 ) ;
#7384 = LINE ( 'NONE', #5134, #847 ) ;
#7385 = CARTESIAN_POINT ( 'NONE',  ( -6.450000000000000178, -2.005781281108379943, -1.017272064077585858 ) ) ;
#7386 = ORIENTED_EDGE ( 'NONE', *, *, #1201, .T. ) ;
#7387 = CARTESIAN_POINT ( 'NONE',  ( -7.000000000000000000, -2.355809106513079954, 1.548342161800734917 ) ) ;
#7388 = DIRECTION ( 'NONE',  ( 1.000000000000000000, 0.000000000000000000, 0.000000000000000000 ) ) ;
#7389 = CYLINDRICAL_SURFACE ( 'NONE', #3902, 1.199999999999756373 ) ;
#7390 = FACE_OUTER_BOUND ( 'NONE', #1491, .T. ) ;
#7391 = AXIS2_PLACEMENT_3D ( 'NONE', #6506, #5927, #4690 ) ;
#7392 = AXIS2_PLACEMENT_3D ( 'NONE', #7548, #6383, #1340 ) ;
#7393 = ORIENTED_EDGE ( 'NONE', *, *, #4395, .T. ) ;
#7394 = ORIENTED_EDGE ( 'NONE', *, *, #1313, .F. ) ;
#7395 = AXIS2_PLACEMENT_3D ( 'NONE', #2030, #750, #4387 ) ;
#7396 = VERTEX_POINT ( 'NONE', #5667 ) ;
#7397 = DIRECTION ( 'NONE',  ( 0.000000000000000000, 0.000000000000000000, -1.000000000000000000 ) ) ;
#7398 = CARTESIAN_POINT ( 'NONE',  ( 1.750000000000000000, 9.699936772440249655, 8.041842239847650120 ) ) ;
#7399 = DIRECTION ( 'NONE',  ( -1.000000000000000000, 0.000000000000000000, 0.000000000000000000 ) ) ;
#7400 = FACE_OUTER_BOUND ( 'NONE', #2513, .T. ) ;
#7401 = AXIS2_PLACEMENT_3D ( 'NONE', #3390, #448, #5153 ) ;
#7402 = VERTEX_POINT ( 'NONE', #4728 ) ;
#7403 = DIRECTION ( 'NONE',  ( 1.000000000000000000, 0.000000000000000000, 0.000000000000000000 ) ) ;
#7404 = AXIS2_PLACEMENT_3D ( 'NONE', #5828, #2427, #4099 ) ;
#7405 = DIRECTION ( 'NONE',  ( 0.000000000000000000, 0.000000000000000000, 1.000000000000000000 ) ) ;
#7406 = ORIENTED_EDGE ( 'NONE', *, *, #4102, .F. ) ;
#7407 = DIRECTION ( 'NONE',  ( 1.000000000000000000, 0.000000000000000000, 0.000000000000000000 ) ) ;
#7408 = DIRECTION ( 'NONE',  ( 0.000000000000000000, 0.000000000000000000, 1.000000000000000000 ) ) ;
#7409 = DIRECTION ( 'NONE',  ( 0.000000000000000000, 0.000000000000000000, -1.000000000000000000 ) ) ;
#7410 = EDGE_CURVE ( 'NONE', #5249, #5144, #541, .T. ) ;
#7411 = EDGE_CURVE ( 'NONE', #1196, #5047, #5265, .T. ) ;
#7412 = ADVANCED_FACE ( 'NONE', ( #7562 ), #5198, .T. ) ;
#7413 = AXIS2_PLACEMENT_3D ( 'NONE', #6457, #1927, #3120 ) ;
#7414 = ORIENTED_EDGE ( 'NONE', *, *, #6629, .T. ) ;
#7415 = ORIENTED_EDGE ( 'NONE', *, *, #4974, .F. ) ;
#7416 = ORIENTED_EDGE ( 'NONE', *, *, #1200, .T. ) ;
#7417 = CYLINDRICAL_SURFACE ( 'NONE', #865, 11.24899999999770017 ) ;
#7418 = CARTESIAN_POINT ( 'NONE',  ( -10.00000000000000000, 0.000000000000000000, 0.000000000000000000 ) ) ;
#7419 = ORIENTED_EDGE ( 'NONE', *, *, #1773, .F. ) ;
#7420 = CARTESIAN_POINT ( 'NONE',  ( -10.00000000000000000, 0.000000000000000000, 0.000000000000000000 ) ) ;
#7421 = CARTESIAN_POINT ( 'NONE',  ( 4.000000000000000000, -1.962080705186010077, -11.10429823301639907 ) ) ;
#7422 = ADVANCED_FACE ( 'NONE', ( #6472 ), #1067, .T. ) ;
#7423 = DIRECTION ( 'NONE',  ( 0.000000000000000000, 0.000000000000000000, 1.000000000000000000 ) ) ;
#7424 = VECTOR ( 'NONE', #3555, 1000.000000000000000 ) ;
#7425 = ORIENTED_EDGE ( 'NONE', *, *, #3494, .F. ) ;
#7426 = CARTESIAN_POINT ( 'NONE',  ( 4.000000000000000000, -8.041842239847550644, -9.699936772440340249 ) ) ;
#7427 = CARTESIAN_POINT ( 'NONE',  ( 3.500000000000000000, -11.16713147563269892, -1.565367224445599836 ) ) ;
#7428 = CARTESIAN_POINT ( 'NONE',  ( 4.000000000000000000, 8.114299373255269288, -7.830283878801859387 ) ) ;
#7429 = DIRECTION ( 'NONE',  ( 0.000000000000000000, 0.000000000000000000, -1.000000000000000000 ) ) ;
#7430 = ORIENTED_EDGE ( 'NONE', *, *, #3251, .F. ) ;
#7431 = ORIENTED_EDGE ( 'NONE', *, *, #4140, .T. ) ;
#7432 = VERTEX_POINT ( 'NONE', #487 ) ;
#7433 = DIRECTION ( 'NONE',  ( -1.000000000000000000, 0.000000000000000000, 0.000000000000000000 ) ) ;
#7434 = AXIS2_PLACEMENT_3D ( 'NONE', #2261, #7407, #2114 ) ;
#7435 = DIRECTION ( 'NONE',  ( 0.000000000000000000, 0.000000000000000000, 1.000000000000000000 ) ) ;
#7436 = AXIS2_PLACEMENT_3D ( 'NONE', #6739, #6152, #3646 ) ;
#7437 = DIRECTION ( 'NONE',  ( -1.000000000000000000, 0.000000000000000000, 0.000000000000000000 ) ) ;
#7438 = CARTESIAN_POINT ( 'NONE',  ( 4.000000000000000000, 0.000000000000000000, 0.000000000000000000 ) ) ;
#7439 = PRODUCT_CONTEXT ( 'NONE', #3878, 'mechanical' ) ;
#7440 = AXIS2_PLACEMENT_3D ( 'NONE', #7198, #4265, #4117 ) ;
#7441 = VECTOR ( 'NONE', #901, 1000.000000000000000 ) ;
#7442 = ORIENTED_EDGE ( 'NONE', *, *, #7477, .F. ) ;
#7443 = CARTESIAN_POINT ( 'NONE',  ( 4.000000000000000000, -11.16713147563269892, 1.565367224445439964 ) ) ;
#7444 = CARTESIAN_POINT ( 'NONE',  ( 4.000000000000000000, 0.000000000000000000, 0.000000000000000000 ) ) ;
#7445 = CYLINDRICAL_SURFACE ( 'NONE', #5377, 12.59999999999749853 ) ;
#7446 = EDGE_CURVE ( 'NONE', #5717, #2648, #4268, .T. ) ;
#7447 = DIRECTION ( 'NONE',  ( 0.000000000000000000, 0.000000000000000000, -1.000000000000000000 ) ) ;
#7448 = CARTESIAN_POINT ( 'NONE',  ( 4.000000000000000000, 0.000000000000000000, 0.000000000000000000 ) ) ;
#7449 = DIRECTION ( 'NONE',  ( -1.000000000000000000, 0.000000000000000000, 0.000000000000000000 ) ) ;
#7450 = VERTEX_POINT ( 'NONE', #2373 ) ;
#7451 = ORIENTED_EDGE ( 'NONE', *, *, #3484, .F. ) ;
#7452 = AXIS2_PLACEMENT_3D ( 'NONE', #6501, #5921, #621 ) ;
#7453 = ORIENTED_EDGE ( 'NONE', *, *, #844, .F. ) ;
#7454 = AXIS2_PLACEMENT_3D ( 'NONE', #2247, #5142, #5643 ) ;
#7455 = ORIENTED_EDGE ( 'NONE', *, *, #3783, .F. ) ;
#7456 = LINE ( 'NONE', #1111, #2678 ) ;
#7457 = EDGE_CURVE ( 'NONE', #478, #2552, #5111, .T. ) ;
#7458 = EDGE_CURVE ( 'NONE', #3846, #2099, #2848, .T. ) ;
#7459 = FACE_OUTER_BOUND ( 'NONE', #2081, .T. ) ;
#7460 = VERTEX_POINT ( 'NONE', #4616 ) ;
#7461 = CYLINDRICAL_SURFACE ( 'NONE', #5524, 4.799999999999038813 ) ;
#7462 = VECTOR ( 'NONE', #7195, 1000.000000000000000 ) ;
#7463 = EDGE_CURVE ( 'NONE', #2003, #6159, #2277, .T. ) ;
#7464 = ORIENTED_EDGE ( 'NONE', *, *, #772, .T. ) ;
#7465 = ORIENTED_EDGE ( 'NONE', *, *, #1073, .F. ) ;
#7466 = AXIS2_PLACEMENT_3D ( 'NONE', #747, #6003, #706 ) ;
#7467 = ADVANCED_FACE ( 'NONE', ( #1686 ), #6987, .T. ) ;
#7468 = CARTESIAN_POINT ( 'NONE',  ( 4.000000000000000000, 1.836970198721030181E-16, -1.500000000000000000 ) ) ;
#7469 = DIRECTION ( 'NONE',  ( 0.000000000000000000, 0.000000000000000000, 1.000000000000000000 ) ) ;
#7470 = AXIS2_PLACEMENT_3D ( 'NONE', #5332, #6115, #3062 ) ;
#7471 = CARTESIAN_POINT ( 'NONE',  ( 1.750000000000000000, -9.460238237123679284, -8.322493165920858971 ) ) ;
#7472 = DIRECTION ( 'NONE',  ( 1.000000000000000000, 0.000000000000000000, 0.000000000000000000 ) ) ;
#7473 = CIRCLE ( 'NONE', #6853, 3.599999999999274891 ) ;
#7474 = VECTOR ( 'NONE', #1522, 1000.000000000000000 ) ;
#7475 = AXIS2_PLACEMENT_3D ( 'NONE', #4896, #3640, #4823 ) ;
#7476 = ORIENTED_EDGE ( 'NONE', *, *, #7037, .T. ) ;
#7477 = EDGE_CURVE ( 'NONE', #7139, #4897, #3540, .T. ) ;
#7478 = ORIENTED_EDGE ( 'NONE', *, *, #5625, .F. ) ;
#7479 = CIRCLE ( 'NONE', #1670, 11.24899999999779965 ) ;
#7480 = EDGE_LOOP ( 'NONE', ( #1182, #2350, #5305, #505 ) ) ;
#7481 = DIRECTION ( 'NONE',  ( 0.000000000000000000, 0.000000000000000000, 1.000000000000000000 ) ) ;
#7482 = CARTESIAN_POINT ( 'NONE',  ( 4.000000000000000000, 0.000000000000000000, 0.000000000000000000 ) ) ;
#7483 = CARTESIAN_POINT ( 'NONE',  ( -6.450000000000000178, -3.445051977127755016, 1.044804706575674036 ) ) ;
#7484 = FACE_OUTER_BOUND ( 'NONE', #2920, .T. ) ;
#7485 = CIRCLE ( 'NONE', #3524, 4.799999999999039701 ) ;
#7486 = AXIS2_PLACEMENT_3D ( 'NONE', #1008, #6929, #2824 ) ;
#7487 = ORIENTED_EDGE ( 'NONE', *, *, #7048, .F. ) ;
#7488 = DIRECTION ( 'NONE',  ( 0.000000000000000000, 0.000000000000000000, 1.000000000000000000 ) ) ;
#7489 = DIRECTION ( 'NONE',  ( 0.000000000000000000, 0.000000000000000000, -1.000000000000000000 ) ) ;
#7490 = DIRECTION ( 'NONE',  ( 1.000000000000000000, 0.000000000000000000, 0.000000000000000000 ) ) ;
#7491 = DIRECTION ( 'NONE',  ( 1.000000000000000000, 0.000000000000000000, 0.000000000000000000 ) ) ;
#7492 = DIRECTION ( 'NONE',  ( 1.000000000000000000, 0.000000000000000000, 0.000000000000000000 ) ) ;
#7493 = DIRECTION ( 'NONE',  ( 0.000000000000000000, 0.000000000000000000, -1.000000000000000000 ) ) ;
#7494 = ADVANCED_FACE ( 'NONE', ( #5816 ), #521, .T. ) ;
#7495 = EDGE_LOOP ( 'NONE', ( #7079, #3941, #6287, #504 ) ) ;
#7496 = ORIENTED_EDGE ( 'NONE', *, *, #5300, .F. ) ;
#7497 = ORIENTED_EDGE ( 'NONE', *, *, #324, .F. ) ;
#7498 = DIRECTION ( 'NONE',  ( 1.000000000000000000, 0.000000000000000000, 0.000000000000000000 ) ) ;
#7499 = DIRECTION ( 'NONE',  ( -1.000000000000000000, 0.000000000000000000, 0.000000000000000000 ) ) ;
#7500 = ORIENTED_EDGE ( 'NONE', *, *, #7116, .F. ) ;
#7501 = EDGE_CURVE ( 'NONE', #2856, #4096, #1533, .T. ) ;
#7502 = FACE_OUTER_BOUND ( 'NONE', #403, .T. ) ;
#7503 = EDGE_CURVE ( 'NONE', #6189, #7647, #2028, .T. ) ;
#7504 = EDGE_CURVE ( 'NONE', #1583, #2776, #160, .T. ) ;
#7505 = EDGE_CURVE ( 'NONE', #1422, #2776, #1904, .T. ) ;
#7506 = EDGE_CURVE ( 'NONE', #4169, #7173, #5303, .T. ) ;
#7507 = ORIENTED_EDGE ( 'NONE', *, *, #5846, .T. ) ;
#7508 = ORIENTED_EDGE ( 'NONE', *, *, #284, .T. ) ;
#7509 = FACE_OUTER_BOUND ( 'NONE', #3264, .T. ) ;
#7510 = DIRECTION ( 'NONE',  ( -1.000000000000000000, 0.000000000000000000, 0.000000000000000000 ) ) ;
#7511 = CYLINDRICAL_SURFACE ( 'NONE', #2661, 4.799999999999039701 ) ;
#7512 = CARTESIAN_POINT ( 'NONE',  ( 3.500000000000000000, 9.256392760211209492, 6.392119685101249615 ) ) ;
#7513 = EDGE_CURVE ( 'NONE', #5094, #1339, #4253, .T. ) ;
#7514 = EDGE_CURVE ( 'NONE', #4454, #528, #7206, .T. ) ;
#7515 = VERTEX_POINT ( 'NONE', #7289 ) ;
#7516 = ORIENTED_EDGE ( 'NONE', *, *, #52, .T. ) ;
#7517 = DIRECTION ( 'NONE',  ( 1.000000000000000000, 0.000000000000000000, 0.000000000000000000 ) ) ;
#7518 = CYLINDRICAL_SURFACE ( 'NONE', #3899, 11.24899999999770017 ) ;
#7519 = CYLINDRICAL_SURFACE ( 'NONE', #1545, 4.799999999999039701 ) ;
#7520 = CARTESIAN_POINT ( 'NONE',  ( 0.000000000000000000, -4.991786971163961084, 11.56901304495999838 ) ) ;
#7521 =( NAMED_UNIT ( * ) SI_UNIT ( $, .STERADIAN. ) SOLID_ANGLE_UNIT ( ) );
#7522 = AXIS2_PLACEMENT_3D ( 'NONE', #1510, #5012, #3294 ) ;
#7523 = EDGE_CURVE ( 'NONE', #5947, #1942, #786, .T. ) ;
#7524 = VERTEX_POINT ( 'NONE', #4304 ) ;
#7525 = LINE ( 'NONE', #5152, #2088 ) ;
#7526 = CARTESIAN_POINT ( 'NONE',  ( 4.000000000000000000, 0.000000000000000000, 0.000000000000000000 ) ) ;
#7527 = CYLINDRICAL_SURFACE ( 'NONE', #983, 4.799999999999039701 ) ;
#7528 = CARTESIAN_POINT ( 'NONE',  ( 3.500000000000000000, 0.000000000000000000, 0.000000000000000000 ) ) ;
#7529 = DIRECTION ( 'NONE',  ( 0.000000000000000000, 0.000000000000000000, -1.000000000000000000 ) ) ;
#7530 = VECTOR ( 'NONE', #3278, 1000.000000000000000 ) ;
#7531 = VECTOR ( 'NONE', #1655, 1000.000000000000000 ) ;
#7532 = DIRECTION ( 'NONE',  ( 0.000000000000000000, 0.000000000000000000, 1.000000000000000000 ) ) ;
#7533 = ORIENTED_EDGE ( 'NONE', *, *, #4887, .F. ) ;
#7534 = CIRCLE ( 'NONE', #7153, 12.59999999999749853 ) ;
#7535 = CIRCLE ( 'NONE', #1482, 2.248999999999635069 ) ;
#7536 = ORIENTED_EDGE ( 'NONE', *, *, #6989, .T. ) ;
#7537 = VERTEX_POINT ( 'NONE', #81 ) ;
#7538 = CARTESIAN_POINT ( 'NONE',  ( 3.500000000000000000, -10.77862626476109931, 3.218884409939479774 ) ) ;
#7539 = LINE ( 'NONE', #6880, #7531 ) ;
#7540 = VERTEX_POINT ( 'NONE', #5960 ) ;
#7541 = AXIS2_PLACEMENT_3D ( 'NONE', #7334, #5009, #211 ) ;
#7542 = ORIENTED_EDGE ( 'NONE', *, *, #3100, .F. ) ;
#7543 = ORIENTED_EDGE ( 'NONE', *, *, #1332, .F. ) ;
#7544 = FACE_OUTER_BOUND ( 'NONE', #5228, .T. ) ;
#7545 = DIRECTION ( 'NONE',  ( 1.000000000000000000, 0.000000000000000000, 0.000000000000000000 ) ) ;
#7546 = CARTESIAN_POINT ( 'NONE',  ( 1.750000000000000000, -8.041842239847550644, -9.699936772440340249 ) ) ;
#7547 = ORIENTED_EDGE ( 'NONE', *, *, #1890, .T. ) ;
#7548 = CARTESIAN_POINT ( 'NONE',  ( 0.000000000000000000, -9.239325152756039827, -6.464524009011389793 ) ) ;
#7549 = CARTESIAN_POINT ( 'NONE',  ( 3.500000000000000000, 0.000000000000000000, 0.000000000000000000 ) ) ;
#7550 = EDGE_CURVE ( 'NONE', #6148, #876, #4804, .T. ) ;
#7551 = EDGE_CURVE ( 'NONE', #7540, #1307, #427, .T. ) ;
#7552 = DIRECTION ( 'NONE',  ( 1.000000000000000000, 0.000000000000000000, 0.000000000000000000 ) ) ;
#7553 = CARTESIAN_POINT ( 'NONE',  ( 4.000000000000000000, 10.78476817202779969, -3.293019194759140067 ) ) ;
#7554 = VERTEX_POINT ( 'NONE', #3187 ) ;
#7555 = LINE ( 'NONE', #5116, #970 ) ;
#7556 = FACE_OUTER_BOUND ( 'NONE', #5306, .T. ) ;
#7557 = DIRECTION ( 'NONE',  ( 0.000000000000000000, 0.000000000000000000, 1.000000000000000000 ) ) ;
#7558 = DIRECTION ( 'NONE',  ( -1.000000000000000000, 0.000000000000000000, 0.000000000000000000 ) ) ;
#7559 = EDGE_CURVE ( 'NONE', #2156, #878, #3889, .T. ) ;
#7560 = FACE_OUTER_BOUND ( 'NONE', #4944, .T. ) ;
#7561 = CYLINDRICAL_SURFACE ( 'NONE', #1037, 4.799999999999039701 ) ;
#7562 = FACE_OUTER_BOUND ( 'NONE', #4788, .T. ) ;
#7563 = ORIENTED_EDGE ( 'NONE', *, *, #561, .T. ) ;
#7564 = VERTEX_POINT ( 'NONE', #6705 ) ;
#7565 = ORIENTED_EDGE ( 'NONE', *, *, #744, .T. ) ;
#7566 = DIRECTION ( 'NONE',  ( -1.000000000000000000, 0.000000000000000000, 0.000000000000000000 ) ) ;
#7567 = CARTESIAN_POINT ( 'NONE',  ( -7.000000000000000000, -3.445051977127755016, -1.044804706575443998 ) ) ;
#7568 = ORIENTED_EDGE ( 'NONE', *, *, #4856, .T. ) ;
#7569 = ORIENTED_EDGE ( 'NONE', *, *, #1693, .F. ) ;
#7570 = CARTESIAN_POINT ( 'NONE',  ( 0.000000000000000000, 0.000000000000000000, 0.000000000000000000 ) ) ;
#7571 = AXIS2_PLACEMENT_3D ( 'NONE', #5611, #1987, #4870 ) ;
#7572 = DIRECTION ( 'NONE',  ( 1.000000000000000000, 0.000000000000000000, 0.000000000000000000 ) ) ;
#7573 = DIRECTION ( 'NONE',  ( 1.000000000000000000, 0.000000000000000000, 0.000000000000000000 ) ) ;
#7574 = EDGE_CURVE ( 'NONE', #7133, #528, #4230, .T. ) ;
#7575 = VERTEX_POINT ( 'NONE', #200 ) ;
#7576 = ADVANCED_FACE ( 'NONE', ( #6078 ), #1405, .T. ) ;
#7577 = VERTEX_POINT ( 'NONE', #3769 ) ;
#7578 = CARTESIAN_POINT ( 'NONE',  ( 4.000000000000000000, 9.699936772440249655, 8.041842239847650120 ) ) ;
#7579 = VECTOR ( 'NONE', #2233, 1000.000000000000000 ) ;
#7580 = AXIS2_PLACEMENT_3D ( 'NONE', #6986, #4655, #262 ) ;
#7581 = DIRECTION ( 'NONE',  ( 0.000000000000000000, 0.000000000000000000, 1.000000000000000000 ) ) ;
#7582 = DIRECTION ( 'NONE',  ( -1.000000000000000000, 0.000000000000000000, 0.000000000000000000 ) ) ;
#7583 = DIRECTION ( 'NONE',  ( 0.000000000000000000, 0.000000000000000000, 1.000000000000000000 ) ) ;
#7584 = VECTOR ( 'NONE', #3470, 1000.000000000000000 ) ;
#7585 = CIRCLE ( 'NONE', #2403, 3.599999999999279776 ) ;
#7586 = AXIS2_PLACEMENT_3D ( 'NONE', #119, #3025, #6545 ) ;
#7587 = AXIS2_PLACEMENT_3D ( 'NONE', #2024, #1443, #3805 ) ;
#7588 = EDGE_CURVE ( 'NONE', #4976, #5084, #303, .T. ) ;
#7589 = ADVANCED_FACE ( 'NONE', ( #2557 ), #3653, .T. ) ;
#7590 = ADVANCED_FACE ( 'NONE', ( #4341 ), #156, .T. ) ;
#7591 = VERTEX_POINT ( 'NONE', #6622 ) ;
#7592 = CARTESIAN_POINT ( 'NONE',  ( 0.000000000000000000, 11.27452294072310046, 0.2008292820899199860 ) ) ;
#7593 = AXIS2_PLACEMENT_3D ( 'NONE', #5373, #2914, #1208 ) ;
#7594 = AXIS2_PLACEMENT_3D ( 'NONE', #610, #1082, #5827 ) ;
#7595 = DIRECTION ( 'NONE',  ( 1.000000000000000000, 0.000000000000000000, 0.000000000000000000 ) ) ;
#7596 = CARTESIAN_POINT ( 'NONE',  ( 1.750000000000000000, 2.761654759435820505, -12.29362692575390170 ) ) ;
#7597 = FACE_OUTER_BOUND ( 'NONE', #1892, .T. ) ;
#7598 = CARTESIAN_POINT ( 'NONE',  ( 0.000000000000000000, -0.2694376985533220026, -11.24577273141099987 ) ) ;
#7599 = AXIS2_PLACEMENT_3D ( 'NONE', #5518, #6691, #2598 ) ;
#7600 = FACE_OUTER_BOUND ( 'NONE', #1760, .T. ) ;
#7601 = DIRECTION ( 'NONE',  ( 0.000000000000000000, 0.9876883405951371042, 0.1564344650402349490 ) ) ;
#7602 = ADVANCED_FACE ( 'NONE', ( #4875 ), #6117, .T. ) ;
#7603 = ORIENTED_EDGE ( 'NONE', *, *, #4516, .F. ) ;
#7604 = CIRCLE ( 'NONE', #3271, 11.24899999999775879 ) ;
#7605 = ORIENTED_EDGE ( 'NONE', *, *, #5077, .F. ) ;
#7606 = EDGE_LOOP ( 'NONE', ( #30, #7258, #1038, #261 ) ) ;
#7607 = DIRECTION ( 'NONE',  ( -1.000000000000000000, 0.000000000000000000, 0.000000000000000000 ) ) ;
#7608 = DIRECTION ( 'NONE',  ( 0.000000000000000000, -6.866613759076235085E-15, 1.000000000000000000 ) ) ;
#7609 = EDGE_CURVE ( 'NONE', #5902, #143, #7337, .T. ) ;
#7610 = EDGE_CURVE ( 'NONE', #5627, #5979, #4494, .T. ) ;
#7611 = EDGE_CURVE ( 'NONE', #6242, #5707, #4738, .T. ) ;
#7612 = ORIENTED_EDGE ( 'NONE', *, *, #4280, .F. ) ;
#7613 = AXIS2_PLACEMENT_3D ( 'NONE', #1654, #6369, #5203 ) ;
#7614 = ORIENTED_EDGE ( 'NONE', *, *, #3160, .F. ) ;
#7615 = EDGE_LOOP ( 'NONE', ( #1309, #3204, #1221, #1714 ) ) ;
#7616 = CARTESIAN_POINT ( 'NONE',  ( -10.00000000000000000, 0.000000000000000000, 0.000000000000000000 ) ) ;
#7617 = CARTESIAN_POINT ( 'NONE',  ( 4.000000000000000000, 0.000000000000000000, 0.000000000000000000 ) ) ;
#7618 = DIRECTION ( 'NONE',  ( 0.000000000000000000, 0.000000000000000000, -1.000000000000000000 ) ) ;
#7619 = AXIS2_PLACEMENT_3D ( 'NONE', #554, #2874, #4500 ) ;
#7620 = ORIENTED_EDGE ( 'NONE', *, *, #7178, .F. ) ;
#7621 = EDGE_LOOP ( 'NONE', ( #5801, #7044, #5644, #4979 ) ) ;
#7622 = FACE_OUTER_BOUND ( 'NONE', #7330, .T. ) ;
#7623 = CYLINDRICAL_SURFACE ( 'NONE', #2523, 3.599999999999279776 ) ;
#7624 = DIRECTION ( 'NONE',  ( 1.000000000000000000, 0.000000000000000000, 0.000000000000000000 ) ) ;
#7625 = CARTESIAN_POINT ( 'NONE',  ( -6.450000000000000178, 6.938893903907229640E-14, 1.179611963664229834E-13 ) ) ;
#7626 = ORIENTED_EDGE ( 'NONE', *, *, #4149, .F. ) ;
#7627 = LINE ( 'NONE', #7014, #4727 ) ;
#7628 = LINE ( 'NONE', #4685, #3693 ) ;
#7629 = DIRECTION ( 'NONE',  ( 1.000000000000000000, 0.000000000000000000, 0.000000000000000000 ) ) ;
#7630 = DIRECTION ( 'NONE',  ( -1.000000000000000000, 0.000000000000000000, 0.000000000000000000 ) ) ;
#7631 = DIRECTION ( 'NONE',  ( 0.000000000000000000, 0.000000000000000000, 1.000000000000000000 ) ) ;
#7632 = DIRECTION ( 'NONE',  ( 0.000000000000000000, 0.000000000000000000, 1.000000000000000000 ) ) ;
#7633 = DIRECTION ( 'NONE',  ( 1.000000000000000000, 0.000000000000000000, 0.000000000000000000 ) ) ;
#7634 = AXIS2_PLACEMENT_3D ( 'NONE', #3088, #184, #4357 ) ;
#7635 = VERTEX_POINT ( 'NONE', #1910 ) ;
#7636 = ORIENTED_EDGE ( 'NONE', *, *, #3053, .T. ) ;
#7637 = AXIS2_PLACEMENT_3D ( 'NONE', #4421, #5576, #788 ) ;
#7638 = ORIENTED_EDGE ( 'NONE', *, *, #2783, .F. ) ;
#7639 = CARTESIAN_POINT ( 'NONE',  ( 4.000000000000000000, 0.000000000000000000, 0.000000000000000000 ) ) ;
#7640 = AXIS2_PLACEMENT_3D ( 'NONE', #6561, #1151, #1698 ) ;
#7641 = DIRECTION ( 'NONE',  ( -1.000000000000000000, 0.000000000000000000, 0.000000000000000000 ) ) ;
#7642 = ADVANCED_FACE ( 'NONE', ( #6041 ), #1991, .T. ) ;
#7643 = LINE ( 'NONE', #6303, #5861 ) ;
#7644 = ADVANCED_FACE ( 'NONE', ( #6867 ), #2108, .T. ) ;
#7645 = CIRCLE ( 'NONE', #2948, 4.799999999999060130 ) ;
#7646 = CIRCLE ( 'NONE', #4311, 4.799999999999038813 ) ;
#7647 = VERTEX_POINT ( 'NONE', #6782 ) ;
#7648 = ORIENTED_EDGE ( 'NONE', *, *, #7203, .T. ) ;
#7649 = ORIENTED_EDGE ( 'NONE', *, *, #4760, .T. ) ;
#7650 = CARTESIAN_POINT ( 'NONE',  ( 4.000000000000000000, 0.000000000000000000, 0.000000000000000000 ) ) ;
#7651 = CIRCLE ( 'NONE', #3078, 3.599999999999289990 ) ;
#7652 = CARTESIAN_POINT ( 'NONE',  ( 4.000000000000000000, 6.464524009011429762, -9.239325152756018511 ) ) ;
#7653 = ADVANCED_FACE ( 'NONE', ( #6239, #6196 ), #362, .T. ) ;
#7654 = DIRECTION ( 'NONE',  ( 0.000000000000000000, 0.000000000000000000, 1.000000000000000000 ) ) ;
#7655 = VECTOR ( 'NONE', #2343, 1000.000000000000000 ) ;
#7656 = ORIENTED_EDGE ( 'NONE', *, *, #2482, .F. ) ;
#7657 = ORIENTED_EDGE ( 'NONE', *, *, #7514, .F. ) ;
#7658 = CARTESIAN_POINT ( 'NONE',  ( 3.500000000000000000, -9.954498911157360297, 5.297466504773971074 ) ) ;
#7659 = FACE_OUTER_BOUND ( 'NONE', #3119, .T. ) ;
#7660 = DIRECTION ( 'NONE',  ( 1.000000000000000000, 0.000000000000000000, 0.000000000000000000 ) ) ;
#7661 = EDGE_CURVE ( 'NONE', #5426, #6229, #1155, .T. ) ;
#7662 = ORIENTED_EDGE ( 'NONE', *, *, #785, .F. ) ;
#7663 = ORIENTED_EDGE ( 'NONE', *, *, #5367, .F. ) ;
#7664 = CARTESIAN_POINT ( 'NONE',  ( 4.000000000000000000, 0.000000000000000000, 0.000000000000000000 ) ) ;
ENDSEC;
END-ISO-10303-21;
