ISO-10303-21;
HEADER;
FILE_DESCRIPTION (( 'STEP AP214' ),
    '1' );
FILE_NAME ('´ó¹Ø½ÚÖá-2A.STEP',
    '2026-08-16T17:26:54',
    ( '' ),
    ( '' ),
    'SwSTEP 2.0',
    'SolidWorks 2025',
    '' );
FILE_SCHEMA (( 'AUTOMOTIVE_DESIGN' ));
ENDSEC;

DATA;
#1 = DIRECTION ( 'NONE',  ( -1.000000000000000000, 0.000000000000000000, 0.000000000000000000 ) ) ;
#2 = DIRECTION ( 'NONE',  ( 0.000000000000000000, 0.000000000000000000, -1.000000000000000000 ) ) ;
#3 = VERTEX_POINT ( 'NONE', #423 ) ;
#4 = EDGE_CURVE ( 'NONE', #1917, #669, #2136, .T. ) ;
#5 = DIRECTION ( 'NONE',  ( -0.000000000000000000, -0.000000000000000000, -1.000000000000000000 ) ) ;
#6 = AXIS2_PLACEMENT_3D ( 'NONE', #2335, #1589, #836 ) ;
#7 = EDGE_LOOP ( 'NONE', ( #118, #2238 ) ) ;
#8 = CARTESIAN_POINT ( 'NONE',  ( 13.92146997001199971, 9.250000000000182965, 21.50000000000000000 ) ) ;
#9 = ORIENTED_EDGE ( 'NONE', *, *, #361, .T. ) ;
#10 = CARTESIAN_POINT ( 'NONE',  ( 0.000000000000000000, 0.000000000000000000, 4.500000000000000000 ) ) ;
#11 = AXIS2_PLACEMENT_3D ( 'NONE', #548, #1898, #1326 ) ;
#12 = CYLINDRICAL_SURFACE ( 'NONE', #857, 14.51999999999999957 ) ;
#13 = CARTESIAN_POINT ( 'NONE',  ( -16.02146997001212014, -9.249999999999998224, 21.50000000000000000 ) ) ;
#14 = ORIENTED_EDGE ( 'NONE', *, *, #88, .F. ) ;
#15 = AXIS2_PLACEMENT_3D ( 'NONE', #1942, #18, #240 ) ;
#16 = ADVANCED_FACE ( 'NONE', ( #1939 ), #1953, .F. ) ;
#17 = EDGE_CURVE ( 'NONE', #1483, #684, #1036, .T. ) ;
#18 = DIRECTION ( 'NONE',  ( 0.000000000000000000, 0.000000000000000000, 1.000000000000000000 ) ) ;
#19 = ORIENTED_EDGE ( 'NONE', *, *, #452, .F. ) ;
#20 = AXIS2_PLACEMENT_3D ( 'NONE', #1310, #1699, #2058 ) ;
#21 = LINE ( 'NONE', #2277, #2287 ) ;
#22 = EDGE_LOOP ( 'NONE', ( #367, #1286 ) ) ;
#23 = AXIS2_PLACEMENT_3D ( 'NONE', #642, #605, #810 ) ;
#24 = AXIS2_PLACEMENT_3D ( 'NONE', #353, #2418, #1463 ) ;
#25 = DIRECTION ( 'NONE',  ( 0.000000000000000000, 0.000000000000000000, 1.000000000000000000 ) ) ;
#26 = ADVANCED_FACE ( 'NONE', ( #456 ), #238, .F. ) ;
#27 = DIRECTION ( 'NONE',  ( 0.000000000000000000, 0.000000000000000000, -1.000000000000000000 ) ) ;
#28 = LINE ( 'NONE', #2269, #2458 ) ;
#29 = CARTESIAN_POINT ( 'NONE',  ( -1.291848095371958458E-13, -18.50000000000000355, 0.000000000000000000 ) ) ;
#30 = EDGE_LOOP ( 'NONE', ( #123, #1054 ) ) ;
#31 = CARTESIAN_POINT ( 'NONE',  ( 13.92146997001211162, -9.250000000000008882, 21.50000000000000000 ) ) ;
#32 = CARTESIAN_POINT ( 'NONE',  ( -9.860761315262647568E-29, 18.50000000000000355, 4.500000000000000000 ) ) ;
#33 = UNCERTAINTY_MEASURE_WITH_UNIT (LENGTH_MEASURE( 1.000000000000000082E-05 ), #1895, 'distance_accuracy_value', 'NONE');
#34 = DIRECTION ( 'NONE',  ( 0.000000000000000000, 0.000000000000000000, 1.000000000000000000 ) ) ;
#35 = EDGE_CURVE ( 'NONE', #779, #474, #197, .T. ) ;
#36 = EDGE_LOOP ( 'NONE', ( #880, #166, #714, #962 ) ) ;
#37 = CARTESIAN_POINT ( 'NONE',  ( -24.34239230084344641, -3.205486794000181661, 1.249999999999999778 ) ) ;
#38 = CARTESIAN_POINT ( 'NONE',  ( 16.02146997001214501, 9.249999999999964473, 4.500000000000000000 ) ) ;
#39 = AXIS2_PLACEMENT_3D ( 'NONE', #584, #1280, #348 ) ;
#40 = EDGE_CURVE ( 'NONE', #633, #2180, #1207, .T. ) ;
#41 = EDGE_LOOP ( 'NONE', ( #1454, #566 ) ) ;
#42 = ADVANCED_FACE ( 'NONE', ( #1965 ), #263, .F. ) ;
#43 = LINE ( 'NONE', #1012, #1808 ) ;
#44 = FACE_OUTER_BOUND ( 'NONE', #1109, .T. ) ;
#45 = EDGE_CURVE ( 'NONE', #645, #376, #47, .T. ) ;
#46 = CARTESIAN_POINT ( 'NONE',  ( 16.02146997001214501, 9.249999999999964473, 4.500000000000000000 ) ) ;
#47 = LINE ( 'NONE', #783, #2374 ) ;
#48 = CARTESIAN_POINT ( 'NONE',  ( -9.250000000000017764, 16.02146997001210238, 13.75000000000000000 ) ) ;
#49 = AXIS2_PLACEMENT_3D ( 'NONE', #2164, #444, #1557 ) ;
#50 = ORIENTED_EDGE ( 'NONE', *, *, #100, .F. ) ;
#51 = CARTESIAN_POINT ( 'NONE',  ( 23.71659747596318724, -6.351543299079772886, 1.249999999999999556 ) ) ;
#52 = CARTESIAN_POINT ( 'NONE',  ( 0.000000000000000000, 0.000000000000000000, 0.000000000000000000 ) ) ;
#53 = CARTESIAN_POINT ( 'NONE',  ( -18.76918083274455284, 15.76626950128013149, 1.249999999999999778 ) ) ;
#54 = EDGE_LOOP ( 'NONE', ( #838, #180, #1599, #1262 ) ) ;
#55 = CARTESIAN_POINT ( 'NONE',  ( 9.250000000000021316, 16.02146997001210238, 4.500000000000000000 ) ) ;
#56 = PLANE ( 'NONE',  #1292 ) ;
#57 = DIRECTION ( 'NONE',  ( -0.000000000000000000, -0.000000000000000000, -1.000000000000000000 ) ) ;
#58 = FACE_BOUND ( 'NONE', #1254, .T. ) ;
#59 = CIRCLE ( 'NONE', #1447, 2.100000000000000977 ) ;
#60 = DIRECTION ( 'NONE',  ( 0.000000000000000000, 0.000000000000000000, -1.000000000000000000 ) ) ;
#61 = EDGE_CURVE ( 'NONE', #92, #395, #234, .T. ) ;
#62 = ORIENTED_EDGE ( 'NONE', *, *, #1742, .T. ) ;
#63 = CARTESIAN_POINT ( 'NONE',  ( -11.35000000000000853, -16.02146997001211659, 4.500000000000000888 ) ) ;
#64 = FACE_OUTER_BOUND ( 'NONE', #927, .T. ) ;
#65 = FACE_OUTER_BOUND ( 'NONE', #1151, .T. ) ;
#66 = EDGE_LOOP ( 'NONE', ( #1758, #1955, #2114, #1103 ) ) ;
#67 = PLANE ( 'NONE',  #1561 ) ;
#68 = DIRECTION ( 'NONE',  ( 1.000000000000000000, 0.000000000000000000, -0.000000000000000000 ) ) ;
#69 = DIRECTION ( 'NONE',  ( -0.000000000000000000, -0.000000000000000000, -1.000000000000000000 ) ) ;
#70 = DIRECTION ( 'NONE',  ( -0.000000000000000000, -0.000000000000000000, -1.000000000000000000 ) ) ;
#71 = DIRECTION ( 'NONE',  ( 0.000000000000000000, 0.000000000000000000, 1.000000000000000000 ) ) ;
#72 = ORIENTED_EDGE ( 'NONE', *, *, #164, .F. ) ;
#73 = CARTESIAN_POINT ( 'NONE',  ( -7.879724319808965483, -23.21218363597436607, 1.249999999999999778 ) ) ;
#74 = DIRECTION ( 'NONE',  ( 0.000000000000000000, 0.000000000000000000, 1.000000000000000000 ) ) ;
#75 = ADVANCED_BREP_SHAPE_REPRESENTATION ( '\X2\5927517382828f74\X0\-2A', ( #2020, #729 ), #574 ) ;
#76 = DIRECTION ( 'NONE',  ( 1.000000000000000000, 0.000000000000000000, 0.000000000000000000 ) ) ;
#77 = ORIENTED_EDGE ( 'NONE', *, *, #921, .T. ) ;
#78 = FACE_OUTER_BOUND ( 'NONE', #1766, .T. ) ;
#79 = FACE_BOUND ( 'NONE', #1137, .T. ) ;
#80 = DIRECTION ( 'NONE',  ( 1.000000000000000000, 0.000000000000000000, 0.000000000000000000 ) ) ;
#81 = AXIS2_PLACEMENT_3D ( 'NONE', #711, #1522, #2279 ) ;
#82 = DIRECTION ( 'NONE',  ( 1.000000000000000000, 0.000000000000000000, 0.000000000000000000 ) ) ;
#83 = ADVANCED_FACE ( 'NONE', ( #1194, #58 ), #821, .F. ) ;
#84 = CARTESIAN_POINT ( 'NONE',  ( -18.50000000000000355, 1.132798289211179030E-15, 13.75000000000000000 ) ) ;
#85 = EDGE_LOOP ( 'NONE', ( #1960, #19 ) ) ;
#86 = CARTESIAN_POINT ( 'NONE',  ( -10.11755261191392385, -22.32778411967917265, 1.249999999999999778 ) ) ;
#87 = EDGE_CURVE ( 'NONE', #1193, #549, #2120, .T. ) ;
#88 = EDGE_CURVE ( 'NONE', #1024, #412, #1764, .T. ) ;
#89 = CARTESIAN_POINT ( 'NONE',  ( -5.849999999999795364, 16.02146997001223383, 0.000000000000000000 ) ) ;
#90 = ORIENTED_EDGE ( 'NONE', *, *, #2053, .F. ) ;
#91 = DIRECTION ( 'NONE',  ( 0.000000000000000000, 0.000000000000000000, 1.000000000000000000 ) ) ;
#92 = VERTEX_POINT ( 'NONE', #799 ) ;
#93 = FACE_OUTER_BOUND ( 'NONE', #1417, .T. ) ;
#94 = AXIS2_PLACEMENT_3D ( 'NONE', #236, #1747, #1205 ) ;
#95 = ADVANCED_FACE ( 'NONE', ( #2336, #2325 ), #1399, .T. ) ;
#96 = CARTESIAN_POINT ( 'NONE',  ( 0.000000000000000000, 0.000000000000000000, 13.75000000000000000 ) ) ;
#97 = LINE ( 'NONE', #703, #893 ) ;
#98 = ORIENTED_EDGE ( 'NONE', *, *, #1581, .F. ) ;
#99 = DIRECTION ( 'NONE',  ( -0.000000000000000000, -0.000000000000000000, -1.000000000000000000 ) ) ;
#100 = EDGE_CURVE ( 'NONE', #2371, #760, #279, .T. ) ;
#101 = CARTESIAN_POINT ( 'NONE',  ( 19.42146997001207609, -9.250000000000078160, 4.500000000000000000 ) ) ;
#102 = AXIS2_PLACEMENT_3D ( 'NONE', #528, #496, #1266 ) ;
#103 = ORIENTED_EDGE ( 'NONE', *, *, #618, .T. ) ;
#104 = DIRECTION ( 'NONE',  ( -0.000000000000000000, -0.000000000000000000, -1.000000000000000000 ) ) ;
#105 = ORIENTED_EDGE ( 'NONE', *, *, #2332, .F. ) ;
#106 = CIRCLE ( 'NONE', #227, 21.98999999999999844 ) ;
#107 = VECTOR ( 'NONE', #849, 1000.000000000000000 ) ;
#108 = VECTOR ( 'NONE', #1732, 1000.000000000000000 ) ;
#109 = EDGE_CURVE ( 'NONE', #970, #960, #1731, .T. ) ;
#110 = FACE_OUTER_BOUND ( 'NONE', #1948, .T. ) ;
#111 = ORIENTED_EDGE ( 'NONE', *, *, #488, .F. ) ;
#112 = DIRECTION ( 'NONE',  ( 1.000000000000000000, 0.000000000000000000, 0.000000000000000000 ) ) ;
#113 = DIRECTION ( 'NONE',  ( 1.000000000000000000, 0.000000000000000000, 0.000000000000000000 ) ) ;
#114 = VERTEX_POINT ( 'NONE', #222 ) ;
#115 = EDGE_CURVE ( 'NONE', #894, #1636, #973, .T. ) ;
#116 = EDGE_CURVE ( 'NONE', #547, #2074, #860, .T. ) ;
#117 = CARTESIAN_POINT ( 'NONE',  ( 18.93024653536480173, 15.74109539810802616, 2.250000000000000444 ) ) ;
#118 = ORIENTED_EDGE ( 'NONE', *, *, #1559, .T. ) ;
#119 = DIRECTION ( 'NONE',  ( 1.000000000000000000, 0.000000000000000000, 0.000000000000000000 ) ) ;
#120 = CIRCLE ( 'NONE', #2304, 3.400000000000000355 ) ;
#121 = DIRECTION ( 'NONE',  ( 0.000000000000000000, 0.000000000000000000, 1.000000000000000000 ) ) ;
#122 = CARTESIAN_POINT ( 'NONE',  ( 9.249999999999996447, -16.02146997001212014, 4.500000000000000000 ) ) ;
#123 = ORIENTED_EDGE ( 'NONE', *, *, #158, .F. ) ;
#124 = DIRECTION ( 'NONE',  ( 0.000000000000000000, 0.000000000000000000, 1.000000000000000000 ) ) ;
#125 = ADVANCED_FACE ( 'NONE', ( #872, #685 ), #1448, .F. ) ;
#126 = CARTESIAN_POINT ( 'NONE',  ( -3.400000000000129141, -18.50000000000000355, 4.500000000000000000 ) ) ;
#127 = ORIENTED_EDGE ( 'NONE', *, *, #401, .F. ) ;
#128 = FACE_OUTER_BOUND ( 'NONE', #2019, .T. ) ;
#129 = ORIENTED_EDGE ( 'NONE', *, *, #598, .T. ) ;
#130 = CARTESIAN_POINT ( 'NONE',  ( 9.249999999999996447, -16.02146997001212014, 21.50000000000000000 ) ) ;
#131 = CARTESIAN_POINT ( 'NONE',  ( -2.100000000000002753, -18.50000000000000355, 21.50000000000000000 ) ) ;
#132 = EDGE_CURVE ( 'NONE', #2093, #1116, #1909, .T. ) ;
#133 = CARTESIAN_POINT ( 'NONE',  ( 11.34999999999999787, -16.02146997001212014, 4.500000000000000888 ) ) ;
#134 = CARTESIAN_POINT ( 'NONE',  ( 9.249999999999996447, -16.02146997001212014, 4.500000000000000000 ) ) ;
#135 = EDGE_LOOP ( 'NONE', ( #742, #718 ) ) ;
#136 = EDGE_LOOP ( 'NONE', ( #817, #1383, #1841, #1380 ) ) ;
#137 = DIRECTION ( 'NONE',  ( 1.000000000000000000, 0.000000000000000000, 0.000000000000000000 ) ) ;
#138 = CARTESIAN_POINT ( 'NONE',  ( 0.000000000000000000, 0.000000000000000000, -61.36132603554181486 ) ) ;
#139 = ORIENTED_EDGE ( 'NONE', *, *, #1308, .T. ) ;
#140 = EDGE_CURVE ( 'NONE', #1469, #114, #403, .T. ) ;
#141 = AXIS2_PLACEMENT_3D ( 'NONE', #2186, #298, #1813 ) ;
#142 = DIRECTION ( 'NONE',  ( 1.000000000000000000, 0.000000000000000000, 0.000000000000000000 ) ) ;
#143 = VERTEX_POINT ( 'NONE', #940 ) ;
#144 = CIRCLE ( 'NONE', #1533, 2.100000000000000533 ) ;
#145 = LINE ( 'NONE', #1092, #2416 ) ;
#146 = AXIS2_PLACEMENT_3D ( 'NONE', #1780, #1566, #254 ) ;
#147 = CIRCLE ( 'NONE', #1131, 3.400000000000000355 ) ;
#148 = DIRECTION ( 'NONE',  ( 0.000000000000000000, 0.000000000000000000, -1.000000000000000000 ) ) ;
#149 = CARTESIAN_POINT ( 'NONE',  ( 16.40000000000000213, -3.398394867633783610E-15, 21.50000000000000000 ) ) ;
#150 = EDGE_CURVE ( 'NONE', #1039, #196, #1145, .T. ) ;
#151 = EDGE_LOOP ( 'NONE', ( #1225, #537 ) ) ;
#152 = CIRCLE ( 'NONE', #1980, 3.400000000000000355 ) ;
#153 = CARTESIAN_POINT ( 'NONE',  ( 16.02146997001214501, 9.249999999999964473, 4.500000000000000000 ) ) ;
#154 = VERTEX_POINT ( 'NONE', #732 ) ;
#155 = CARTESIAN_POINT ( 'NONE',  ( -2.100000000000002753, -18.50000000000000355, 4.500000000000000888 ) ) ;
#156 = EDGE_LOOP ( 'NONE', ( #2443, #414 ) ) ;
#157 = CARTESIAN_POINT ( 'NONE',  ( 0.000000000000000000, 0.000000000000000000, -61.36132603554181486 ) ) ;
#158 = EDGE_CURVE ( 'NONE', #1272, #1193, #1471, .T. ) ;
#159 = CARTESIAN_POINT ( 'NONE',  ( -16.40000000000000213, 1.389974117032123275E-15, 4.500000000000000888 ) ) ;
#160 = CARTESIAN_POINT ( 'NONE',  ( -12.65000000000013713, -16.02146997001204554, 0.000000000000000000 ) ) ;
#161 = AXIS2_PLACEMENT_3D ( 'NONE', #1152, #214, #961 ) ;
#162 = EDGE_LOOP ( 'NONE', ( #2216, #139, #299, #2341 ) ) ;
#163 = ORIENTED_EDGE ( 'NONE', *, *, #2062, .F. ) ;
#164 = EDGE_CURVE ( 'NONE', #549, #3, #534, .T. ) ;
#165 = LINE ( 'NONE', #926, #1302 ) ;
#166 = ORIENTED_EDGE ( 'NONE', *, *, #188, .T. ) ;
#167 = DIRECTION ( 'NONE',  ( -0.000000000000000000, -0.000000000000000000, -1.000000000000000000 ) ) ;
#168 = ORIENTED_EDGE ( 'NONE', *, *, #796, .F. ) ;
#169 = ADVANCED_FACE ( 'NONE', ( #1936, #998 ), #56, .T. ) ;
#170 = AXIS2_PLACEMENT_3D ( 'NONE', #1637, #682, #1265 ) ;
#171 = FACE_OUTER_BOUND ( 'NONE', #2401, .T. ) ;
#172 = LINE ( 'NONE', #913, #2365 ) ;
#173 = VERTEX_POINT ( 'NONE', #1761 ) ;
#174 = ORIENTED_EDGE ( 'NONE', *, *, #2071, .T. ) ;
#175 = ORIENTED_EDGE ( 'NONE', *, *, #1384, .T. ) ;
#176 = DIRECTION ( 'NONE',  ( 0.000000000000000000, 0.000000000000000000, -1.000000000000000000 ) ) ;
#177 = VERTEX_POINT ( 'NONE', #1573 ) ;
#178 = FACE_BOUND ( 'NONE', #189, .T. ) ;
#179 = CARTESIAN_POINT ( 'NONE',  ( 22.48499999999999943, 2.753618327882823419E-15, 9.250000000000000000 ) ) ;
#180 = ORIENTED_EDGE ( 'NONE', *, *, #901, .T. ) ;
#181 = DIRECTION ( 'NONE',  ( -0.000000000000000000, -0.000000000000000000, -1.000000000000000000 ) ) ;
#182 = AXIS2_PLACEMENT_3D ( 'NONE', #1673, #851, #667 ) ;
#183 = ADVANCED_FACE ( 'NONE', ( #2132, #2307 ), #1192, .F. ) ;
#184 = CYLINDRICAL_SURFACE ( 'NONE', #231, 2.100000000000000977 ) ;
#185 = DIRECTION ( 'NONE',  ( 1.000000000000000000, 0.000000000000000000, 0.000000000000000000 ) ) ;
#186 = ORIENTED_EDGE ( 'NONE', *, *, #921, .F. ) ;
#187 = ORIENTED_EDGE ( 'NONE', *, *, #17, .F. ) ;
#188 = EDGE_CURVE ( 'NONE', #544, #1434, #1773, .T. ) ;
#189 = EDGE_LOOP ( 'NONE', ( #1373, #2459 ) ) ;
#190 = DIRECTION ( 'NONE',  ( 1.000000000000000000, 0.000000000000000000, 0.000000000000000000 ) ) ;
#191 = ORIENTED_EDGE ( 'NONE', *, *, #790, .F. ) ;
#192 = ADVANCED_FACE ( 'NONE', ( #2294 ), #1538, .F. ) ;
#193 = EDGE_CURVE ( 'NONE', #909, #1297, #1950, .T. ) ;
#194 = CYLINDRICAL_SURFACE ( 'NONE', #1695, 2.100000000000000977 ) ;
#195 = DIRECTION ( 'NONE',  ( 0.000000000000000000, 0.000000000000000000, 1.000000000000000000 ) ) ;
#196 = VERTEX_POINT ( 'NONE', #420 ) ;
#197 = CIRCLE ( 'NONE', #1908, 13.50000000000000000 ) ;
#198 = CYLINDRICAL_SURFACE ( 'NONE', #731, 14.51999999999999957 ) ;
#199 = AXIS2_PLACEMENT_3D ( 'NONE', #38, #624, #816 ) ;
#200 = VERTEX_POINT ( 'NONE', #249 ) ;
#201 = CARTESIAN_POINT ( 'NONE',  ( -21.98999999999999844, 2.692998311325029237E-15, 13.75000000000000000 ) ) ;
#202 = FACE_BOUND ( 'NONE', #491, .T. ) ;
#203 = EDGE_LOOP ( 'NONE', ( #1215, #174 ) ) ;
#204 = CARTESIAN_POINT ( 'NONE',  ( 9.249999999999795719, 16.02146997001223383, 13.75000000000000000 ) ) ;
#205 = CYLINDRICAL_SURFACE ( 'NONE', #1325, 3.400000000000000355 ) ;
#206 = EDGE_CURVE ( 'NONE', #1496, #114, #437, .T. ) ;
#207 = DIRECTION ( 'NONE',  ( 0.000000000000000000, 0.000000000000000000, 1.000000000000000000 ) ) ;
#208 = ORIENTED_EDGE ( 'NONE', *, *, #625, .F. ) ;
#209 = ORIENTED_EDGE ( 'NONE', *, *, #1575, .F. ) ;
#210 = ADVANCED_FACE ( 'NONE', ( #44 ), #2147, .F. ) ;
#211 = DIRECTION ( 'NONE',  ( 1.000000000000000000, 0.000000000000000000, 0.000000000000000000 ) ) ;
#212 = EDGE_LOOP ( 'NONE', ( #1007, #2112 ) ) ;
#213 = EDGE_CURVE ( 'NONE', #1650, #2301, #1252, .T. ) ;
#214 = DIRECTION ( 'NONE',  ( 0.000000000000000000, 0.000000000000000000, -1.000000000000000000 ) ) ;
#215 = VECTOR ( 'NONE', #1912, 1000.000000000000000 ) ;
#216 = ORIENTED_EDGE ( 'NONE', *, *, #1418, .T. ) ;
#217 = DIRECTION ( 'NONE',  ( 0.000000000000000000, 0.000000000000000000, -1.000000000000000000 ) ) ;
#218 = DIRECTION ( 'NONE',  ( 0.000000000000000000, 0.000000000000000000, 1.000000000000000000 ) ) ;
#219 = FACE_BOUND ( 'NONE', #399, .T. ) ;
#220 = DIRECTION ( 'NONE',  ( 0.000000000000000000, 0.000000000000000000, 1.000000000000000000 ) ) ;
#221 = FACE_OUTER_BOUND ( 'NONE', #404, .T. ) ;
#222 = CARTESIAN_POINT ( 'NONE',  ( 22.48499999999999943, 2.753618327882823419E-15, 2.250000000000000000 ) ) ;
#223 = ORIENTED_EDGE ( 'NONE', *, *, #2160, .T. ) ;
#224 = CYLINDRICAL_SURFACE ( 'NONE', #1096, 2.100000000000000977 ) ;
#225 = AXIS2_PLACEMENT_3D ( 'NONE', #134, #499, #2000 ) ;
#226 = DIRECTION ( 'NONE',  ( 0.000000000000000000, 0.000000000000000000, 1.000000000000000000 ) ) ;
#227 = AXIS2_PLACEMENT_3D ( 'NONE', #715, #752, #1515 ) ;
#228 = ORIENTED_EDGE ( 'NONE', *, *, #2366, .T. ) ;
#229 = AXIS2_PLACEMENT_3D ( 'NONE', #1886, #1212, #931 ) ;
#230 = CARTESIAN_POINT ( 'NONE',  ( 23.24856354893102761, -7.894533771616833562, 1.250000000000000000 ) ) ;
#231 = AXIS2_PLACEMENT_3D ( 'NONE', #578, #782, #1889 ) ;
#232 = FACE_BOUND ( 'NONE', #2356, .T. ) ;
#233 = VERTEX_POINT ( 'NONE', #983 ) ;
#234 = CIRCLE ( 'NONE', #1624, 2.100000000000000977 ) ;
#235 = AXIS2_PLACEMENT_3D ( 'NONE', #1452, #702, #1255 ) ;
#236 = CARTESIAN_POINT ( 'NONE',  ( -9.860761315262647568E-29, 18.50000000000000355, 4.500000000000000000 ) ) ;
#237 = DIRECTION ( 'NONE',  ( 1.000000000000000000, 0.000000000000000000, 0.000000000000000000 ) ) ;
#238 = CYLINDRICAL_SURFACE ( 'NONE', #321, 2.100000000000000977 ) ;
#239 = EDGE_LOOP ( 'NONE', ( #1830, #640, #463, #596 ) ) ;
#240 = DIRECTION ( 'NONE',  ( 1.000000000000000000, 0.000000000000000000, 0.000000000000000000 ) ) ;
#241 = ORIENTED_EDGE ( 'NONE', *, *, #206, .F. ) ;
#242 = CARTESIAN_POINT ( 'NONE',  ( -5.565974873352470986, -23.87288389412522704, 1.249999999999999556 ) ) ;
#243 = ADVANCED_FACE ( 'NONE', ( #614 ), #1563, .F. ) ;
#244 = DIRECTION ( 'NONE',  ( 1.000000000000000000, 0.000000000000000000, -0.000000000000000000 ) ) ;
#245 = VECTOR ( 'NONE', #1189, 1000.000000000000000 ) ;
#246 = ORIENTED_EDGE ( 'NONE', *, *, #1821, .T. ) ;
#247 = EDGE_CURVE ( 'NONE', #1024, #2462, #2239, .T. ) ;
#248 = DIRECTION ( 'NONE',  ( 1.000000000000000000, 0.000000000000000000, -0.000000000000000000 ) ) ;
#249 = CARTESIAN_POINT ( 'NONE',  ( 12.64999999999999858, -16.02146997001212014, 0.000000000000000000 ) ) ;
#250 = EDGE_CURVE ( 'NONE', #1967, #143, #2444, .T. ) ;
#251 = EDGE_CURVE ( 'NONE', #2462, #925, #1374, .T. ) ;
#252 = DIRECTION ( 'NONE',  ( -0.000000000000000000, -0.000000000000000000, -1.000000000000000000 ) ) ;
#253 = CARTESIAN_POINT ( 'NONE',  ( 16.02146997001200290, 9.250000000000182965, 4.500000000000000888 ) ) ;
#254 = DIRECTION ( 'NONE',  ( 1.000000000000000000, 0.000000000000000000, -0.000000000000000000 ) ) ;
#255 = EDGE_LOOP ( 'NONE', ( #2311, #1686 ) ) ;
#256 = CARTESIAN_POINT ( 'NONE',  ( -23.24845458070594617, -7.894920715983546167, 1.249999999999999778 ) ) ;
#257 = AXIS2_PLACEMENT_3D ( 'NONE', #615, #466, #1576 ) ;
#258 = CARTESIAN_POINT ( 'NONE',  ( -19.73174305516279148, 14.54348130964411112, 1.249999999999999556 ) ) ;
#259 = CARTESIAN_POINT ( 'NONE',  ( -0.0002016061809995139953, -0.0005031721577175574112, 1.249999999999999778 ) ) ;
#260 = ORIENTED_EDGE ( 'NONE', *, *, #88, .T. ) ;
#261 = DIRECTION ( 'NONE',  ( 1.000000000000000000, 0.000000000000000000, 0.000000000000000000 ) ) ;
#262 = DIRECTION ( 'NONE',  ( 1.000000000000000000, 0.000000000000000000, 0.000000000000000000 ) ) ;
#263 = CYLINDRICAL_SURFACE ( 'NONE', #1501, 3.400000000000000355 ) ;
#264 = UNCERTAINTY_MEASURE_WITH_UNIT (LENGTH_MEASURE( 1.000000000000000082E-05 ), #903, 'distance_accuracy_value', 'NONE');
#265 = AXIS2_PLACEMENT_3D ( 'NONE', #2319, #1584, #2346 ) ;
#266 = AXIS2_PLACEMENT_3D ( 'NONE', #749, #2439, #1878 ) ;
#267 = CYLINDRICAL_SURFACE ( 'NONE', #656, 3.400000000000000355 ) ;
#268 = ORIENTED_EDGE ( 'NONE', *, *, #1746, .F. ) ;
#269 = VECTOR ( 'NONE', #2352, 1000.000000000000000 ) ;
#270 = FACE_BOUND ( 'NONE', #135, .T. ) ;
#271 = AXIS2_PLACEMENT_3D ( 'NONE', #1622, #1058, #1802 ) ;
#272 = CARTESIAN_POINT ( 'NONE',  ( 24.49999999999999645, 3.000384657911015074E-15, 2.250000000000000000 ) ) ;
#273 =( GEOMETRIC_REPRESENTATION_CONTEXT ( 3 ) GLOBAL_UNCERTAINTY_ASSIGNED_CONTEXT ( ( #33 ) ) GLOBAL_UNIT_ASSIGNED_CONTEXT ( ( #1895, #2442, #1333 ) ) REPRESENTATION_CONTEXT ( 'NONE', 'WORKASPACE' ) );
#274 = AXIS2_PLACEMENT_3D ( 'NONE', #1814, #863, #2300 ) ;
#275 = EDGE_LOOP ( 'NONE', ( #1706, #289, #2331, #475 ) ) ;
#276 = CARTESIAN_POINT ( 'NONE',  ( 23.99979839381900604, -0.0005031721577175574112, 1.249999999999999778 ) ) ;
#277 = FACE_BOUND ( 'NONE', #430, .T. ) ;
#278 = EDGE_CURVE ( 'NONE', #2009, #2157, #1368, .T. ) ;
#279 = LINE ( 'NONE', #1032, #2460 ) ;
#280 = DIRECTION ( 'NONE',  ( 0.000000000000000000, 0.000000000000000000, 1.000000000000000000 ) ) ;
#281 = VERTEX_POINT ( 'NONE', #781 ) ;
#282 = CARTESIAN_POINT ( 'NONE',  ( -14.94414053557448696, -19.48052140222326400, 1.249999999999999556 ) ) ;
#283 = DIRECTION ( 'NONE',  ( 1.000000000000000000, 0.000000000000000000, 0.000000000000000000 ) ) ;
#284 = ORIENTED_EDGE ( 'NONE', *, *, #2214, .F. ) ;
#285 = ORIENTED_EDGE ( 'NONE', *, *, #1183, .F. ) ;
#286 = CYLINDRICAL_SURFACE ( 'NONE', #1208, 2.100000000000000977 ) ;
#287 = ADVANCED_FACE ( 'NONE', ( #1550 ), #1294, .F. ) ;
#288 = DIRECTION ( 'NONE',  ( -1.000000000000000000, 0.000000000000000000, 0.000000000000000000 ) ) ;
#289 = ORIENTED_EDGE ( 'NONE', *, *, #1920, .F. ) ;
#290 = CYLINDRICAL_SURFACE ( 'NONE', #2010, 2.100000000000000533 ) ;
#291 = CARTESIAN_POINT ( 'NONE',  ( -5.849999999999795364, 16.02146997001223383, 4.500000000000000000 ) ) ;
#292 = EDGE_LOOP ( 'NONE', ( #805, #1458 ) ) ;
#293 = CARTESIAN_POINT ( 'NONE',  ( -16.02146997001200646, 9.250000000000188294, 4.500000000000000000 ) ) ;
#294 = DIRECTION ( 'NONE',  ( 0.000000000000000000, 0.000000000000000000, -1.000000000000000000 ) ) ;
#295 = ORIENTED_EDGE ( 'NONE', *, *, #1736, .T. ) ;
#296 = AXIS2_PLACEMENT_3D ( 'NONE', #1921, #218, #1730 ) ;
#297 = CARTESIAN_POINT ( 'NONE',  ( -16.02146997001220186, -9.249999999999852562, 4.500000000000000000 ) ) ;
#298 = DIRECTION ( 'NONE',  ( 0.000000000000000000, 0.000000000000000000, -1.000000000000000000 ) ) ;
#299 = ORIENTED_EDGE ( 'NONE', *, *, #541, .T. ) ;
#300 = DIRECTION ( 'NONE',  ( 0.000000000000000000, 0.000000000000000000, 1.000000000000000000 ) ) ;
#301 = ADVANCED_FACE ( 'NONE', ( #1657 ), #2025, .F. ) ;
#302 = DIRECTION ( 'NONE',  ( -0.000000000000000000, -0.000000000000000000, -1.000000000000000000 ) ) ;
#303 = CIRCLE ( 'NONE', #1893, 3.400000000000000355 ) ;
#304 = ORIENTED_EDGE ( 'NONE', *, *, #1743, .T. ) ;
#305 = DIRECTION ( 'NONE',  ( -0.000000000000000000, -0.000000000000000000, -1.000000000000000000 ) ) ;
#306 = ORIENTED_EDGE ( 'NONE', *, *, #2129, .T. ) ;
#307 = AXIS2_PLACEMENT_3D ( 'NONE', #706, #581, #1315 ) ;
#308 = AXIS2_PLACEMENT_3D ( 'NONE', #629, #1976, #262 ) ;
#309 = DIRECTION ( 'NONE',  ( -0.000000000000000000, -0.000000000000000000, -1.000000000000000000 ) ) ;
#310 = DIRECTION ( 'NONE',  ( 1.000000000000000000, 0.000000000000000000, 0.000000000000000000 ) ) ;
#311 = DIRECTION ( 'NONE',  ( 0.000000000000000000, 0.000000000000000000, 1.000000000000000000 ) ) ;
#312 = VERTEX_POINT ( 'NONE', #1486 ) ;
#313 = DIRECTION ( 'NONE',  ( -0.000000000000000000, -0.000000000000000000, -1.000000000000000000 ) ) ;
#314 = LINE ( 'NONE', #329, #868 ) ;
#315 = ORIENTED_EDGE ( 'NONE', *, *, #2338, .T. ) ;
#316 = FACE_OUTER_BOUND ( 'NONE', #761, .T. ) ;
#317 = CARTESIAN_POINT ( 'NONE',  ( -9.867495613660734577, 22.55601032964707642, 2.250000000000000000 ) ) ;
#318 = EDGE_CURVE ( 'NONE', #1297, #398, #1734, .T. ) ;
#319 = EDGE_LOOP ( 'NONE', ( #529, #1628, #175, #389 ) ) ;
#320 = CARTESIAN_POINT ( 'NONE',  ( 9.250000000000021316, 16.02146997001210238, 0.000000000000000000 ) ) ;
#321 = AXIS2_PLACEMENT_3D ( 'NONE', #13, #411, #1002 ) ;
#322 = CARTESIAN_POINT ( 'NONE',  ( -2.100000000000002753, -18.50000000000000355, 13.75000000000000000 ) ) ;
#323 = AXIS2_PLACEMENT_3D ( 'NONE', #2330, #1168, #977 ) ;
#324 = CARTESIAN_POINT ( 'NONE',  ( 23.99979839381900604, -0.0005031721577175574112, 1.249999999999999778 ) ) ;
#325 = DIRECTION ( 'NONE',  ( 1.000000000000000000, 0.000000000000000000, 0.000000000000000000 ) ) ;
#326 = DIRECTION ( 'NONE',  ( 1.000000000000000000, 0.000000000000000000, 0.000000000000000000 ) ) ;
#327 = ORIENTED_EDGE ( 'NONE', *, *, #956, .F. ) ;
#328 = DIRECTION ( 'NONE',  ( 0.000000000000000000, 0.000000000000000000, 1.000000000000000000 ) ) ;
#329 = CARTESIAN_POINT ( 'NONE',  ( -18.12146997001211801, 9.250000000000003553, 21.50000000000000000 ) ) ;
#330 = EDGE_LOOP ( 'NONE', ( #1071, #458, #2298, #379 ) ) ;
#331 = CARTESIAN_POINT ( 'NONE',  ( -14.10443037019178547, 20.17945033025646495, 2.250000000000000888 ) ) ;
#332 = ORIENTED_EDGE ( 'NONE', *, *, #1183, .T. ) ;
#333 = DIRECTION ( 'NONE',  ( -0.000000000000000000, -0.000000000000000000, 1.000000000000000000 ) ) ;
#334 = AXIS2_PLACEMENT_3D ( 'NONE', #651, #1603, #844 ) ;
#335 = EDGE_CURVE ( 'NONE', #1186, #1879, #777, .T. ) ;
#336 = CARTESIAN_POINT ( 'NONE',  ( -3.399999999999999911, 18.50000000000000355, 0.000000000000000000 ) ) ;
#337 = CYLINDRICAL_SURFACE ( 'NONE', #382, 2.100000000000000977 ) ;
#338 = ORIENTED_EDGE ( 'NONE', *, *, #2214, .T. ) ;
#339 = CARTESIAN_POINT ( 'NONE',  ( 3.399999999999999911, 18.50000000000000355, 4.500000000000000000 ) ) ;
#340 = DIRECTION ( 'NONE',  ( -0.000000000000000000, -0.000000000000000000, -1.000000000000000000 ) ) ;
#341 = ORIENTED_EDGE ( 'NONE', *, *, #206, .T. ) ;
#342 = AXIS2_PLACEMENT_3D ( 'NONE', #55, #450, #649 ) ;
#343 = CARTESIAN_POINT ( 'NONE',  ( -0.3733525357457609384, 24.61698148348718718, 2.250000000000000444 ) ) ;
#344 = ADVANCED_FACE ( 'NONE', ( #902 ), #2012, .F. ) ;
#345 = ORIENTED_EDGE ( 'NONE', *, *, #87, .F. ) ;
#346 = EDGE_CURVE ( 'NONE', #2468, #2028, #152, .T. ) ;
#347 = DIRECTION ( 'NONE',  ( 1.000000000000000000, 0.000000000000000000, 0.000000000000000000 ) ) ;
#348 = DIRECTION ( 'NONE',  ( 1.000000000000000000, 0.000000000000000000, 0.000000000000000000 ) ) ;
#349 = CIRCLE ( 'NONE', #1536, 3.400000000000000355 ) ;
#350 = CARTESIAN_POINT ( 'NONE',  ( -11.35000000000000853, -16.02146997001211659, 21.50000000000000000 ) ) ;
#351 = CIRCLE ( 'NONE', #1662, 3.399999999999999911 ) ;
#352 = LINE ( 'NONE', #489, #2084 ) ;
#353 = CARTESIAN_POINT ( 'NONE',  ( 0.000000000000000000, 0.000000000000000000, 9.250000000000000000 ) ) ;
#354 = ORIENTED_EDGE ( 'NONE', *, *, #2035, .F. ) ;
#355 = EDGE_LOOP ( 'NONE', ( #2211, #1075 ) ) ;
#356 = CIRCLE ( 'NONE', #24, 22.48499999999999943 ) ;
#357 = CYLINDRICAL_SURFACE ( 'NONE', #620, 22.48499999999999943 ) ;
#358 = ORIENTED_EDGE ( 'NONE', *, *, #1742, .F. ) ;
#359 = FACE_OUTER_BOUND ( 'NONE', #1727, .T. ) ;
#360 = CARTESIAN_POINT ( 'NONE',  ( 0.000000000000000000, 0.000000000000000000, 2.250000000000000000 ) ) ;
#361 = EDGE_CURVE ( 'NONE', #2305, #479, #887, .T. ) ;
#362 = ORIENTED_EDGE ( 'NONE', *, *, #2109, .F. ) ;
#363 = CARTESIAN_POINT ( 'NONE',  ( 7.149999999999995026, -16.02146997001212014, 13.75000000000000000 ) ) ;
#364 = PRODUCT_CONTEXT ( 'NONE', #462, 'mechanical' ) ;
#365 = AXIS2_PLACEMENT_3D ( 'NONE', #2413, #754, #700 ) ;
#366 = ORIENTED_EDGE ( 'NONE', *, *, #1308, .F. ) ;
#367 = ORIENTED_EDGE ( 'NONE', *, *, #999, .F. ) ;
#368 = EDGE_CURVE ( 'NONE', #233, #633, #2056, .T. ) ;
#369 = ORIENTED_EDGE ( 'NONE', *, *, #583, .F. ) ;
#370 = EDGE_LOOP ( 'NONE', ( #1352, #1832, #2198, #2235 ) ) ;
#371 = CIRCLE ( 'NONE', #1641, 2.100000000000000977 ) ;
#372 = AXIS2_PLACEMENT_3D ( 'NONE', #2055, #2351, #874 ) ;
#373 = FACE_BOUND ( 'NONE', #1535, .T. ) ;
#374 = DIRECTION ( 'NONE',  ( 0.000000000000000000, 0.000000000000000000, -1.000000000000000000 ) ) ;
#375 = ORIENTED_EDGE ( 'NONE', *, *, #2378, .T. ) ;
#376 = VERTEX_POINT ( 'NONE', #133 ) ;
#377 = ORIENTED_EDGE ( 'NONE', *, *, #361, .F. ) ;
#378 = EDGE_CURVE ( 'NONE', #946, #2286, #976, .T. ) ;
#379 = ORIENTED_EDGE ( 'NONE', *, *, #1479, .F. ) ;
#380 = DIRECTION ( 'NONE',  ( -0.000000000000000000, -0.000000000000000000, 1.000000000000000000 ) ) ;
#381 = AXIS2_PLACEMENT_3D ( 'NONE', #1705, #1860, #2054 ) ;
#382 = AXIS2_PLACEMENT_3D ( 'NONE', #1094, #2234, #533 ) ;
#383 = EDGE_CURVE ( 'NONE', #1496, #1216, #356, .T. ) ;
#384 = CIRCLE ( 'NONE', #2169, 2.100000000000000977 ) ;
#385 = CIRCLE ( 'NONE', #271, 2.100000000000000977 ) ;
#386 = CARTESIAN_POINT ( 'NONE',  ( -9.250000000000017764, 16.02146997001210238, 21.50000000000000000 ) ) ;
#387 = CARTESIAN_POINT ( 'NONE',  ( -18.12146997001212156, -9.249999999999998224, 4.500000000000000888 ) ) ;
#388 = CIRCLE ( 'NONE', #1812, 3.400000000000000355 ) ;
#389 = ORIENTED_EDGE ( 'NONE', *, *, #1789, .F. ) ;
#390 = CARTESIAN_POINT ( 'NONE',  ( 21.98999999999999844, 0.000000000000000000, 9.249999999999994671 ) ) ;
#391 = ORIENTED_EDGE ( 'NONE', *, *, #1132, .F. ) ;
#392 = ADVANCED_FACE ( 'NONE', ( #1669 ), #2209, .F. ) ;
#393 = CARTESIAN_POINT ( 'NONE',  ( -5.850000000000135536, -16.02146997001204554, 4.500000000000000000 ) ) ;
#394 = EDGE_CURVE ( 'NONE', #650, #516, #476, .T. ) ;
#395 = VERTEX_POINT ( 'NONE', #875 ) ;
#396 = CARTESIAN_POINT ( 'NONE',  ( -0.0002016061809995139953, -0.0005031721577175574112, 2.250000000000000000 ) ) ;
#397 = CARTESIAN_POINT ( 'NONE',  ( -16.02146997001200646, 9.250000000000188294, 0.000000000000000000 ) ) ;
#398 = VERTEX_POINT ( 'NONE', #336 ) ;
#399 = EDGE_LOOP ( 'NONE', ( #753, #1237 ) ) ;
#400 = CARTESIAN_POINT ( 'NONE',  ( 0.000000000000000000, 0.000000000000000000, 0.000000000000000000 ) ) ;
#401 = EDGE_CURVE ( 'NONE', #2028, #2468, #2377, .T. ) ;
#402 = CARTESIAN_POINT ( 'NONE',  ( 18.12146997001211446, -9.250000000000008882, 13.75000000000000000 ) ) ;
#403 = CIRCLE ( 'NONE', #829, 22.48499999999999943 ) ;
#404 = EDGE_LOOP ( 'NONE', ( #1710, #2096 ) ) ;
#405 = CARTESIAN_POINT ( 'NONE',  ( 0.000000000000000000, 0.000000000000000000, 0.000000000000000000 ) ) ;
#406 = EDGE_LOOP ( 'NONE', ( #1086, #1660 ) ) ;
#407 = FACE_OUTER_BOUND ( 'NONE', #859, .T. ) ;
#408 = CARTESIAN_POINT ( 'NONE',  ( -19.42146997001200859, 9.250000000000188294, 4.500000000000000000 ) ) ;
#409 = DIRECTION ( 'NONE',  ( -1.000000000000000000, 0.000000000000000000, 0.000000000000000000 ) ) ;
#410 = DIRECTION ( 'NONE',  ( 0.000000000000000000, 0.000000000000000000, 1.000000000000000000 ) ) ;
#411 = DIRECTION ( 'NONE',  ( -0.000000000000000000, -0.000000000000000000, -1.000000000000000000 ) ) ;
#412 = VERTEX_POINT ( 'NONE', #510 ) ;
#413 = CARTESIAN_POINT ( 'NONE',  ( 0.000000000000000000, 0.000000000000000000, 9.250000000000000000 ) ) ;
#414 = ORIENTED_EDGE ( 'NONE', *, *, #985, .T. ) ;
#415 = FACE_BOUND ( 'NONE', #527, .T. ) ;
#416 = PLANE ( 'NONE',  #1828 ) ;
#417 = AXIS2_PLACEMENT_3D ( 'NONE', #1500, #1385, #639 ) ;
#418 = ORIENTED_EDGE ( 'NONE', *, *, #2129, .F. ) ;
#419 = DIRECTION ( 'NONE',  ( 0.000000000000000000, 0.000000000000000000, -1.000000000000000000 ) ) ;
#420 = CARTESIAN_POINT ( 'NONE',  ( 19.42146997001207609, -9.250000000000078160, 0.000000000000000000 ) ) ;
#421 = AXIS2_PLACEMENT_3D ( 'NONE', #806, #25, #780 ) ;
#422 = CARTESIAN_POINT ( 'NONE',  ( -7.150000000000017231, 16.02146997001210238, 13.75000000000000000 ) ) ;
#423 = CARTESIAN_POINT ( 'NONE',  ( -21.90000000000000213, 1.937772143057938318E-13, 0.000000000000000000 ) ) ;
#424 = ADVANCED_FACE ( 'NONE', ( #1475 ), #1093, .F. ) ;
#425 = VERTEX_POINT ( 'NONE', #159 ) ;
#426 = DIRECTION ( 'NONE',  ( 1.000000000000000000, 0.000000000000000000, 0.000000000000000000 ) ) ;
#427 = DIRECTION ( 'NONE',  ( -1.000000000000000000, 0.000000000000000000, 0.000000000000000000 ) ) ;
#428 = ADVANCED_FACE ( 'NONE', ( #171 ), #2398, .F. ) ;
#429 = STYLED_ITEM ( 'NONE', ( #482 ), #2020 ) ;
#430 = EDGE_LOOP ( 'NONE', ( #930, #228 ) ) ;
#431 = CARTESIAN_POINT ( 'NONE',  ( -24.50009416215412017, -1.602993075495610098, 1.249999999999999778 ) ) ;
#432 = DIRECTION ( 'NONE',  ( -1.000000000000000000, 0.000000000000000000, 0.000000000000000000 ) ) ;
#433 = AXIS2_PLACEMENT_3D ( 'NONE', #1709, #922, #1688 ) ;
#434 = DIRECTION ( 'NONE',  ( -0.000000000000000000, -0.000000000000000000, -1.000000000000000000 ) ) ;
#435 = VERTEX_POINT ( 'NONE', #363 ) ;
#436 = ADVANCED_FACE ( 'NONE', ( #1438 ), #194, .F. ) ;
#437 = LINE ( 'NONE', #951, #1607 ) ;
#438 = DIRECTION ( 'NONE',  ( 1.000000000000000000, 0.000000000000000000, -0.000000000000000000 ) ) ;
#439 = DIRECTION ( 'NONE',  ( 0.000000000000000000, 0.000000000000000000, -1.000000000000000000 ) ) ;
#440 = EDGE_CURVE ( 'NONE', #1216, #1469, #758, .T. ) ;
#441 = ADVANCED_FACE ( 'NONE', ( #2449 ), #12, .F. ) ;
#442 = DIRECTION ( 'NONE',  ( 0.000000000000000000, 0.000000000000000000, 1.000000000000000000 ) ) ;
#443 = EDGE_LOOP ( 'NONE', ( #1493, #738, #1545, #14 ) ) ;
#444 = DIRECTION ( 'NONE',  ( -0.000000000000000000, -0.000000000000000000, -1.000000000000000000 ) ) ;
#445 = LINE ( 'NONE', #562, #1178 ) ;
#446 = ADVANCED_FACE ( 'NONE', ( #1525 ), #184, .F. ) ;
#447 = DIRECTION ( 'NONE',  ( 0.000000000000000000, 0.000000000000000000, 1.000000000000000000 ) ) ;
#448 = VECTOR ( 'NONE', #1360, 1000.000000000000000 ) ;
#449 = VERTEX_POINT ( 'NONE', #603 ) ;
#450 = DIRECTION ( 'NONE',  ( 0.000000000000000000, 0.000000000000000000, -1.000000000000000000 ) ) ;
#451 = DIRECTION ( 'NONE',  ( 0.000000000000000000, 0.000000000000000000, 1.000000000000000000 ) ) ;
#452 = EDGE_CURVE ( 'NONE', #1460, #1011, #735, .T. ) ;
#453 = EDGE_LOOP ( 'NONE', ( #163, #1639, #208, #391 ) ) ;
#454 = ADVANCED_FACE ( 'NONE', ( #1177 ), #1903, .F. ) ;
#455 = CYLINDRICAL_SURFACE ( 'NONE', #257, 2.100000000000000977 ) ;
#456 = FACE_OUTER_BOUND ( 'NONE', #2253, .T. ) ;
#457 = CYLINDRICAL_SURFACE ( 'NONE', #1017, 3.399999999999999911 ) ;
#458 = ORIENTED_EDGE ( 'NONE', *, *, #40, .T. ) ;
#459 = DIRECTION ( 'NONE',  ( 1.000000000000000000, 0.000000000000000000, 0.000000000000000000 ) ) ;
#460 = AXIS2_PLACEMENT_3D ( 'NONE', #1564, #2135, #1964 ) ;
#461 = CARTESIAN_POINT ( 'NONE',  ( -17.72184240563037605, 16.91704175528336052, 1.249999999999999778 ) ) ;
#462 = APPLICATION_CONTEXT ( 'automotive_design' ) ;
#463 = ORIENTED_EDGE ( 'NONE', *, *, #346, .F. ) ;
#464 = CARTESIAN_POINT ( 'NONE',  ( -2.100000000000000533, 18.50000000000000355, 13.75000000000000000 ) ) ;
#465 = EDGE_CURVE ( 'NONE', #1636, #894, #2133, .T. ) ;
#466 = DIRECTION ( 'NONE',  ( -0.000000000000000000, -0.000000000000000000, -1.000000000000000000 ) ) ;
#467 = DIRECTION ( 'NONE',  ( 0.000000000000000000, 0.000000000000000000, 1.000000000000000000 ) ) ;
#468 = CARTESIAN_POINT ( 'NONE',  ( -20.60000000000000497, 1.132798289211179030E-15, 4.500000000000000888 ) ) ;
#469 = VERTEX_POINT ( 'NONE', #1355 ) ;
#470 = AXIS2_PLACEMENT_3D ( 'NONE', #2326, #1369, #1209 ) ;
#471 = DIRECTION ( 'NONE',  ( 0.000000000000000000, 0.000000000000000000, 1.000000000000000000 ) ) ;
#472 = FACE_OUTER_BOUND ( 'NONE', #22, .T. ) ;
#473 = VECTOR ( 'NONE', #493, 1000.000000000000000 ) ;
#474 = VERTEX_POINT ( 'NONE', #1512 ) ;
#475 = ORIENTED_EDGE ( 'NONE', *, *, #1433, .F. ) ;
#476 = CIRCLE ( 'NONE', #1422, 2.100000000000000977 ) ;
#477 = CARTESIAN_POINT ( 'NONE',  ( -16.02146997001212014, -9.249999999999998224, 4.500000000000000888 ) ) ;
#478 = DIRECTION ( 'NONE',  ( 0.000000000000000000, 0.000000000000000000, 1.000000000000000000 ) ) ;
#479 = VERTEX_POINT ( 'NONE', #2258 ) ;
#480 = CARTESIAN_POINT ( 'NONE',  ( -16.02146997001212014, -9.249999999999998224, 4.500000000000000888 ) ) ;
#481 = DIRECTION ( 'NONE',  ( -0.000000000000000000, -0.000000000000000000, -1.000000000000000000 ) ) ;
#482 = PRESENTATION_STYLE_ASSIGNMENT (( #2226 ) ) ;
#483 = ORIENTED_EDGE ( 'NONE', *, *, #625, .T. ) ;
#484 = CYLINDRICAL_SURFACE ( 'NONE', #572, 2.100000000000000533 ) ;
#485 = ORIENTED_EDGE ( 'NONE', *, *, #2170, .F. ) ;
#486 = ADVANCED_FACE ( 'NONE', ( #1344 ), #2097, .F. ) ;
#487 = CARTESIAN_POINT ( 'NONE',  ( -11.35000000000001918, 16.02146997001210238, 4.500000000000000888 ) ) ;
#488 = EDGE_CURVE ( 'NONE', #774, #867, #1378, .T. ) ;
#489 = CARTESIAN_POINT ( 'NONE',  ( 18.12146997001200077, 9.250000000000182965, 21.50000000000000000 ) ) ;
#490 = CARTESIAN_POINT ( 'NONE',  ( -12.62146997001220150, -9.249999999999852562, 4.500000000000000000 ) ) ;
#491 = EDGE_LOOP ( 'NONE', ( #979, #1897 ) ) ;
#492 = DIRECTION ( 'NONE',  ( 0.000000000000000000, 0.000000000000000000, -1.000000000000000000 ) ) ;
#493 = DIRECTION ( 'NONE',  ( 0.000000000000000000, 0.000000000000000000, -1.000000000000000000 ) ) ;
#494 = VECTOR ( 'NONE', #1646, 1000.000000000000000 ) ;
#495 = ORIENTED_EDGE ( 'NONE', *, *, #1789, .T. ) ;
#496 = DIRECTION ( 'NONE',  ( 0.000000000000000000, 0.000000000000000000, 1.000000000000000000 ) ) ;
#497 = EDGE_LOOP ( 'NONE', ( #306, #1327, #648, #90 ) ) ;
#498 = DIRECTION ( 'NONE',  ( 0.000000000000000000, 0.000000000000000000, 1.000000000000000000 ) ) ;
#499 = DIRECTION ( 'NONE',  ( 0.000000000000000000, 0.000000000000000000, 1.000000000000000000 ) ) ;
#500 = ORIENTED_EDGE ( 'NONE', *, *, #1575, .T. ) ;
#501 = CYLINDRICAL_SURFACE ( 'NONE', #695, 3.399999999999998579 ) ;
#502 = ADVANCED_FACE ( 'NONE', ( #1718, #221 ), #771, .F. ) ;
#503 = DIRECTION ( 'NONE',  ( 0.000000000000000000, 0.000000000000000000, 1.000000000000000000 ) ) ;
#504 = ORIENTED_EDGE ( 'NONE', *, *, #1881, .T. ) ;
#505 = VECTOR ( 'NONE', #1842, 1000.000000000000000 ) ;
#506 = DIRECTION ( 'NONE',  ( -1.000000000000000000, 0.000000000000000000, 0.000000000000000000 ) ) ;
#507 = ORIENTED_EDGE ( 'NONE', *, *, #959, .F. ) ;
#508 = DIRECTION ( 'NONE',  ( -0.000000000000000000, -0.000000000000000000, -1.000000000000000000 ) ) ;
#509 = DIRECTION ( 'NONE',  ( 0.000000000000000000, 0.000000000000000000, 1.000000000000000000 ) ) ;
#510 = CARTESIAN_POINT ( 'NONE',  ( 7.149999999999795186, 16.02146997001223383, 4.500000000000000888 ) ) ;
#511 = DIRECTION ( 'NONE',  ( 0.000000000000000000, 0.000000000000000000, 1.000000000000000000 ) ) ;
#512 = ORIENTED_EDGE ( 'NONE', *, *, #440, .T. ) ;
#513 = ORIENTED_EDGE ( 'NONE', *, *, #17, .T. ) ;
#514 = DIRECTION ( 'NONE',  ( 1.000000000000000000, 0.000000000000000000, 0.000000000000000000 ) ) ;
#515 = FACE_OUTER_BOUND ( 'NONE', #136, .T. ) ;
#516 = VERTEX_POINT ( 'NONE', #1923 ) ;
#517 = CARTESIAN_POINT ( 'NONE',  ( 21.65263091524958128, 11.71762962219248472, 2.250000000000000000 ) ) ;
#518 = EDGE_LOOP ( 'NONE', ( #345, #1996, #957, #72 ) ) ;
#519 = AXIS2_PLACEMENT_3D ( 'NONE', #2207, #509, #1654 ) ;
#520 = DIRECTION ( 'NONE',  ( 1.000000000000000000, 0.000000000000000000, 0.000000000000000000 ) ) ;
#521 = VECTOR ( 'NONE', #2289, 1000.000000000000000 ) ;
#522 = DIRECTION ( 'NONE',  ( 0.000000000000000000, 0.000000000000000000, 1.000000000000000000 ) ) ;
#523 = CARTESIAN_POINT ( 'NONE',  ( -2.265596578422505972E-15, -18.50000000000000355, 13.75000000000000000 ) ) ;
#524 = ORIENTED_EDGE ( 'NONE', *, *, #1588, .T. ) ;
#525 = CARTESIAN_POINT ( 'NONE',  ( 13.50000000000000000, 1.653273178848926867E-15, 4.500000000000000000 ) ) ;
#526 = CARTESIAN_POINT ( 'NONE',  ( -9.860761315262647568E-29, 18.50000000000000355, 4.500000000000000888 ) ) ;
#527 = EDGE_LOOP ( 'NONE', ( #2228, #1855 ) ) ;
#528 = CARTESIAN_POINT ( 'NONE',  ( -16.02146997001200646, 9.250000000000188294, 4.500000000000000000 ) ) ;
#529 = ORIENTED_EDGE ( 'NONE', *, *, #1505, .F. ) ;
#530 = DIRECTION ( 'NONE',  ( 0.000000000000000000, 0.000000000000000000, -1.000000000000000000 ) ) ;
#531 = EDGE_CURVE ( 'NONE', #1682, #2028, #967, .T. ) ;
#532 = DIRECTION ( 'NONE',  ( -1.000000000000000000, 0.000000000000000000, 0.000000000000000000 ) ) ;
#533 = DIRECTION ( 'NONE',  ( -1.000000000000000000, 0.000000000000000000, 0.000000000000000000 ) ) ;
#534 = CIRCLE ( 'NONE', #417, 3.400000000000000355 ) ;
#535 = ORIENTED_EDGE ( 'NONE', *, *, #2332, .T. ) ;
#536 = CARTESIAN_POINT ( 'NONE',  ( 0.000000000000000000, 0.000000000000000000, 4.500000000000000000 ) ) ;
#537 = ORIENTED_EDGE ( 'NONE', *, *, #109, .F. ) ;
#538 = CIRCLE ( 'NONE', #1015, 3.400000000000000355 ) ;
#539 = ORIENTED_EDGE ( 'NONE', *, *, #1896, .F. ) ;
#540 = EDGE_CURVE ( 'NONE', #1883, #196, #28, .T. ) ;
#541 = EDGE_CURVE ( 'NONE', #2272, #398, #2309, .T. ) ;
#542 = AXIS2_PLACEMENT_3D ( 'NONE', #588, #410, #941 ) ;
#543 = DIRECTION ( 'NONE',  ( 0.000000000000000000, 0.000000000000000000, -1.000000000000000000 ) ) ;
#544 = VERTEX_POINT ( 'NONE', #422 ) ;
#545 = VECTOR ( 'NONE', #1977, 1000.000000000000000 ) ;
#546 = FACE_BOUND ( 'NONE', #1822, .T. ) ;
#547 = VERTEX_POINT ( 'NONE', #564 ) ;
#548 = CARTESIAN_POINT ( 'NONE',  ( -16.02146997001220186, -9.249999999999852562, 4.500000000000000000 ) ) ;
#549 = VERTEX_POINT ( 'NONE', #1938 ) ;
#550 = ADVANCED_FACE ( 'NONE', ( #2072, #373 ), #1700, .F. ) ;
#551 = DIRECTION ( 'NONE',  ( -1.000000000000000000, 0.000000000000000000, 0.000000000000000000 ) ) ;
#552 = DIRECTION ( 'NONE',  ( 0.000000000000000000, 0.000000000000000000, -1.000000000000000000 ) ) ;
#553 = CARTESIAN_POINT ( 'NONE',  ( 18.50000000000000000, -6.459240476859787241E-14, 4.500000000000000000 ) ) ;
#554 = CIRCLE ( 'NONE', #1951, 24.49999999999999645 ) ;
#555 = ORIENTED_EDGE ( 'NONE', *, *, #1485, .T. ) ;
#556 = EDGE_LOOP ( 'NONE', ( #814, #2379 ) ) ;
#557 = CARTESIAN_POINT ( 'NONE',  ( 9.249999999999996447, -16.02146997001212014, 21.50000000000000000 ) ) ;
#558 = CARTESIAN_POINT ( 'NONE',  ( -18.12146997001212156, -9.249999999999998224, 21.50000000000000000 ) ) ;
#559 = VERTEX_POINT ( 'NONE', #1988 ) ;
#560 = CARTESIAN_POINT ( 'NONE',  ( 15.09999999999999964, -6.459240476859787241E-14, 0.000000000000000000 ) ) ;
#561 = ORIENTED_EDGE ( 'NONE', *, *, #2248, .F. ) ;
#562 = CARTESIAN_POINT ( 'NONE',  ( -17.72184240563037605, 16.91704175528336407, 1.749999999999999778 ) ) ;
#563 = AXIS2_PLACEMENT_3D ( 'NONE', #297, #1022, #2175 ) ;
#564 = CARTESIAN_POINT ( 'NONE',  ( 13.92146997001211162, -9.250000000000008882, 13.75000000000000000 ) ) ;
#565 = CARTESIAN_POINT ( 'NONE',  ( -1.291848095371958458E-13, -18.50000000000000355, 4.500000000000000000 ) ) ;
#566 = ORIENTED_EDGE ( 'NONE', *, *, #1045, .F. ) ;
#567 = DIRECTION ( 'NONE',  ( -0.000000000000000000, -0.000000000000000000, -1.000000000000000000 ) ) ;
#568 = ORIENTED_EDGE ( 'NONE', *, *, #602, .F. ) ;
#569 = LINE ( 'NONE', #131, #2372 ) ;
#570 = FACE_BOUND ( 'NONE', #355, .T. ) ;
#571 = VERTEX_POINT ( 'NONE', #1206 ) ;
#572 = AXIS2_PLACEMENT_3D ( 'NONE', #1472, #104, #2182 ) ;
#573 = DIRECTION ( 'NONE',  ( 1.000000000000000000, 0.000000000000000000, 0.000000000000000000 ) ) ;
#574 =( GEOMETRIC_REPRESENTATION_CONTEXT ( 3 ) GLOBAL_UNCERTAINTY_ASSIGNED_CONTEXT ( ( #264 ) ) GLOBAL_UNIT_ASSIGNED_CONTEXT ( ( #903, #1526, #2431 ) ) REPRESENTATION_CONTEXT ( 'NONE', 'WORKASPACE' ) );
#575 = AXIS2_PLACEMENT_3D ( 'NONE', #2197, #311, #2419 ) ;
#576 = AXIS2_PLACEMENT_3D ( 'NONE', #2040, #300, #514 ) ;
#577 = VECTOR ( 'NONE', #176, 1000.000000000000000 ) ;
#578 = CARTESIAN_POINT ( 'NONE',  ( 16.02146997001211304, -9.250000000000008882, 21.50000000000000000 ) ) ;
#579 = VECTOR ( 'NONE', #2220, 1000.000000000000000 ) ;
#580 = ORIENTED_EDGE ( 'NONE', *, *, #746, .T. ) ;
#581 = DIRECTION ( 'NONE',  ( -0.000000000000000000, -0.000000000000000000, -1.000000000000000000 ) ) ;
#582 = VERTEX_POINT ( 'NONE', #1616 ) ;
#583 = EDGE_CURVE ( 'NONE', #1884, #559, #933, .T. ) ;
#584 = CARTESIAN_POINT ( 'NONE',  ( -18.50000000000000355, 1.937772143057938318E-13, 0.000000000000000000 ) ) ;
#585 = EDGE_LOOP ( 'NONE', ( #1279, #841, #719, #1107 ) ) ;
#586 = FACE_BOUND ( 'NONE', #1202, .T. ) ;
#587 = DIRECTION ( 'NONE',  ( -0.000000000000000000, -0.000000000000000000, -1.000000000000000000 ) ) ;
#588 = CARTESIAN_POINT ( 'NONE',  ( -1.291848095371958458E-13, -18.50000000000000355, 0.000000000000000000 ) ) ;
#589 = DIRECTION ( 'NONE',  ( 0.000000000000000000, 0.000000000000000000, 1.000000000000000000 ) ) ;
#590 = VERTEX_POINT ( 'NONE', #487 ) ;
#591 = CIRCLE ( 'NONE', #910, 2.100000000000000977 ) ;
#592 = CARTESIAN_POINT ( 'NONE',  ( 16.02146997001211304, -9.250000000000008882, 4.500000000000000888 ) ) ;
#593 = CARTESIAN_POINT ( 'NONE',  ( 9.249999999999996447, -16.02146997001212014, 4.500000000000000000 ) ) ;
#594 = EDGE_LOOP ( 'NONE', ( #2452, #1228 ) ) ;
#595 = PLANE ( 'NONE',  #1072 ) ;
#596 = ORIENTED_EDGE ( 'NONE', *, *, #1521, .F. ) ;
#597 = FACE_BOUND ( 'NONE', #7, .T. ) ;
#598 = EDGE_CURVE ( 'NONE', #435, #582, #1016, .T. ) ;
#599 = CARTESIAN_POINT ( 'NONE',  ( 9.250000000000021316, 16.02146997001210238, 4.500000000000000000 ) ) ;
#600 = CARTESIAN_POINT ( 'NONE',  ( -9.250000000000136779, -16.02146997001204554, 4.500000000000000000 ) ) ;
#601 = EDGE_CURVE ( 'NONE', #173, #2081, #2078, .T. ) ;
#602 = EDGE_CURVE ( 'NONE', #1116, #2093, #2275, .T. ) ;
#603 = CARTESIAN_POINT ( 'NONE',  ( -2.100000000000000533, 18.50000000000000355, 4.500000000000000888 ) ) ;
#604 = CIRCLE ( 'NONE', #2313, 3.400000000000000355 ) ;
#605 = DIRECTION ( 'NONE',  ( 0.000000000000000000, 0.000000000000000000, 1.000000000000000000 ) ) ;
#606 = ORIENTED_EDGE ( 'NONE', *, *, #488, .T. ) ;
#607 = DIRECTION ( 'NONE',  ( 0.000000000000000000, 0.000000000000000000, -1.000000000000000000 ) ) ;
#608 = ORIENTED_EDGE ( 'NONE', *, *, #188, .F. ) ;
#609 = CARTESIAN_POINT ( 'NONE',  ( 10.84221402612076268, -21.98495611696613850, 1.249999999999999778 ) ) ;
#610 = DIRECTION ( 'NONE',  ( 0.000000000000000000, 0.000000000000000000, 1.000000000000000000 ) ) ;
#611 = VERTEX_POINT ( 'NONE', #809 ) ;
#612 = ADVANCED_FACE ( 'NONE', ( #1763 ), #286, .F. ) ;
#613 = FACE_BOUND ( 'NONE', #212, .T. ) ;
#614 = FACE_OUTER_BOUND ( 'NONE', #992, .T. ) ;
#615 = CARTESIAN_POINT ( 'NONE',  ( 16.02146997001200290, 9.250000000000182965, 21.50000000000000000 ) ) ;
#616 = ORIENTED_EDGE ( 'NONE', *, *, #1835, .T. ) ;
#617 = CIRCLE ( 'NONE', #1572, 3.400000000000000355 ) ;
#618 = EDGE_CURVE ( 'NONE', #1648, #2201, #1328, .T. ) ;
#619 = DIRECTION ( 'NONE',  ( 1.000000000000000000, 0.000000000000000000, 0.000000000000000000 ) ) ;
#620 = AXIS2_PLACEMENT_3D ( 'NONE', #2434, #567, #2466 ) ;
#621 = ORIENTED_EDGE ( 'NONE', *, *, #2227, .F. ) ;
#622 = CARTESIAN_POINT ( 'NONE',  ( -23.71632696318702216, -6.352773842309658470, 1.249999999999999334 ) ) ;
#623 = AXIS2_PLACEMENT_3D ( 'NONE', #1503, #207, #2085 ) ;
#624 = DIRECTION ( 'NONE',  ( 0.000000000000000000, 0.000000000000000000, 1.000000000000000000 ) ) ;
#625 = EDGE_CURVE ( 'NONE', #2201, #1648, #1440, .T. ) ;
#626 = EDGE_LOOP ( 'NONE', ( #1313, #168 ) ) ;
#627 = CYLINDRICAL_SURFACE ( 'NONE', #342, 3.400000000000000355 ) ;
#628 = CARTESIAN_POINT ( 'NONE',  ( -18.50000000000000355, 1.132798289211179030E-15, 21.50000000000000000 ) ) ;
#629 = CARTESIAN_POINT ( 'NONE',  ( -16.02146997001211659, 9.250000000000003553, 4.500000000000000888 ) ) ;
#630 = DIRECTION ( 'NONE',  ( 1.000000000000000000, 0.000000000000000000, 0.000000000000000000 ) ) ;
#631 = ADVANCED_FACE ( 'NONE', ( #2150 ), #455, .F. ) ;
#632 = DIRECTION ( 'NONE',  ( 0.000000000000000000, 0.000000000000000000, 1.000000000000000000 ) ) ;
#633 = VERTEX_POINT ( 'NONE', #2358 ) ;
#634 = FACE_BOUND ( 'NONE', #556, .T. ) ;
#635 = CARTESIAN_POINT ( 'NONE',  ( -18.25964098663677859, 16.35365828455387671, 1.249999999999999556 ) ) ;
#636 = VECTOR ( 'NONE', #1457, 1000.000000000000000 ) ;
#637 = ORIENTED_EDGE ( 'NONE', *, *, #1201, .T. ) ;
#638 = DIRECTION ( 'NONE',  ( -0.000000000000000000, -0.000000000000000000, -1.000000000000000000 ) ) ;
#639 = DIRECTION ( 'NONE',  ( 1.000000000000000000, 0.000000000000000000, 0.000000000000000000 ) ) ;
#640 = ORIENTED_EDGE ( 'NONE', *, *, #531, .T. ) ;
#641 = DIRECTION ( 'NONE',  ( -1.000000000000000000, 0.000000000000000000, 0.000000000000000000 ) ) ;
#642 = CARTESIAN_POINT ( 'NONE',  ( -18.50000000000000355, 1.937772143057938318E-13, 4.500000000000000000 ) ) ;
#643 = CARTESIAN_POINT ( 'NONE',  ( -0.0002016061809995139953, -0.0005031721577175574112, 1.249999999999999778 ) ) ;
#644 = CARTESIAN_POINT ( 'NONE',  ( -1.291848095371958458E-13, -18.50000000000000355, 4.500000000000000000 ) ) ;
#645 = VERTEX_POINT ( 'NONE', #1245 ) ;
#646 = CARTESIAN_POINT ( 'NONE',  ( 21.26198396140380353, -12.27817592416419679, 1.250000000000000000 ) ) ;
#647 = CARTESIAN_POINT ( 'NONE',  ( -24.49996750970671044, 1.555566177551100937, 1.250000000000000000 ) ) ;
#648 = ORIENTED_EDGE ( 'NONE', *, *, #790, .T. ) ;
#649 = DIRECTION ( 'NONE',  ( -1.000000000000000000, 0.000000000000000000, 0.000000000000000000 ) ) ;
#650 = VERTEX_POINT ( 'NONE', #1410 ) ;
#651 = CARTESIAN_POINT ( 'NONE',  ( 0.000000000000000000, 0.000000000000000000, 13.75000000000000000 ) ) ;
#652 = DIRECTION ( 'NONE',  ( 0.000000000000000000, 0.000000000000000000, 1.000000000000000000 ) ) ;
#653 = AXIS2_PLACEMENT_3D ( 'NONE', #842, #683, #1627 ) ;
#654 = DIRECTION ( 'NONE',  ( 0.000000000000000000, 0.000000000000000000, -1.000000000000000000 ) ) ;
#655 = ORIENTED_EDGE ( 'NONE', *, *, #2109, .T. ) ;
#656 = AXIS2_PLACEMENT_3D ( 'NONE', #1594, #60, #427 ) ;
#657 = FACE_BOUND ( 'NONE', #2420, .T. ) ;
#658 = DIRECTION ( 'NONE',  ( 1.000000000000000000, 0.000000000000000000, 0.000000000000000000 ) ) ;
#659 = CIRCLE ( 'NONE', #733, 2.100000000000000977 ) ;
#660 = EDGE_LOOP ( 'NONE', ( #2125, #268 ) ) ;
#661 = CARTESIAN_POINT ( 'NONE',  ( -2.265596578422505972E-15, -18.50000000000000355, 13.75000000000000000 ) ) ;
#662 = VERTEX_POINT ( 'NONE', #1376 ) ;
#663 = AXIS2_PLACEMENT_3D ( 'NONE', #912, #543, #1824 ) ;
#664 = DIRECTION ( 'NONE',  ( 1.000000000000000000, 0.000000000000000000, 0.000000000000000000 ) ) ;
#665 = FACE_OUTER_BOUND ( 'NONE', #1275, .T. ) ;
#666 = ORIENTED_EDGE ( 'NONE', *, *, #1278, .F. ) ;
#667 = DIRECTION ( 'NONE',  ( 1.000000000000000000, 0.000000000000000000, 0.000000000000000000 ) ) ;
#668 = LINE ( 'NONE', #2018, #1618 ) ;
#669 = VERTEX_POINT ( 'NONE', #1777 ) ;
#670 = CIRCLE ( 'NONE', #1634, 24.00000000000000355 ) ;
#671 = PLANE ( 'NONE',  #102 ) ;
#672 = VERTEX_POINT ( 'NONE', #2173 ) ;
#673 = ADVANCED_FACE ( 'NONE', ( #987 ), #820, .F. ) ;
#674 = CARTESIAN_POINT ( 'NONE',  ( -16.02146997001212014, -9.249999999999998224, 21.50000000000000000 ) ) ;
#675 = DIRECTION ( 'NONE',  ( 1.000000000000000000, 0.000000000000000000, 0.000000000000000000 ) ) ;
#676 = ORIENTED_EDGE ( 'NONE', *, *, #1887, .T. ) ;
#677 = DIRECTION ( 'NONE',  ( -1.000000000000000000, 0.000000000000000000, 0.000000000000000000 ) ) ;
#678 = DIRECTION ( 'NONE',  ( 0.000000000000000000, 0.000000000000000000, 1.000000000000000000 ) ) ;
#679 = VECTOR ( 'NONE', #1351, 1000.000000000000000 ) ;
#680 = ORIENTED_EDGE ( 'NONE', *, *, #2227, .T. ) ;
#681 = CIRCLE ( 'NONE', #372, 13.50000000000000000 ) ;
#682 = DIRECTION ( 'NONE',  ( 0.000000000000000000, 0.000000000000000000, 1.000000000000000000 ) ) ;
#683 = DIRECTION ( 'NONE',  ( 0.000000000000000000, 0.000000000000000000, 1.000000000000000000 ) ) ;
#684 = VERTEX_POINT ( 'NONE', #1219 ) ;
#685 = FACE_BOUND ( 'NONE', #2144, .T. ) ;
#686 = DIRECTION ( 'NONE',  ( 0.000000000000000000, 0.000000000000000000, -1.000000000000000000 ) ) ;
#687 = CARTESIAN_POINT ( 'NONE',  ( -0.0002016061809995139953, -0.0005031721577175574112, 1.249999999999999778 ) ) ;
#688 = EDGE_CURVE ( 'NONE', #2428, #669, #757, .T. ) ;
#689 = ORIENTED_EDGE ( 'NONE', *, *, #1899, .F. ) ;
#690 = CIRCLE ( 'NONE', #1722, 22.48499999999999943 ) ;
#691 = CARTESIAN_POINT ( 'NONE',  ( -0.0002016061809995139953, -0.0005031721577175574112, 1.249999999999999778 ) ) ;
#692 = CYLINDRICAL_SURFACE ( 'NONE', #1176, 21.98999999999999844 ) ;
#693 = CIRCLE ( 'NONE', #2047, 2.100000000000000533 ) ;
#694 = VERTEX_POINT ( 'NONE', #1234 ) ;
#695 = AXIS2_PLACEMENT_3D ( 'NONE', #705, #1993, #1827 ) ;
#696 = CIRCLE ( 'NONE', #2092, 2.100000000000000977 ) ;
#697 = AXIS2_PLACEMENT_3D ( 'NONE', #2127, #181, #1783 ) ;
#698 = DIRECTION ( 'NONE',  ( 0.000000000000000000, 0.000000000000000000, 1.000000000000000000 ) ) ;
#699 = ORIENTED_EDGE ( 'NONE', *, *, #688, .T. ) ;
#700 = DIRECTION ( 'NONE',  ( -1.000000000000000000, 0.000000000000000000, 0.000000000000000000 ) ) ;
#701 = ADVANCED_FACE ( 'NONE', ( #93 ), #1749, .F. ) ;
#702 = DIRECTION ( 'NONE',  ( 0.000000000000000000, 0.000000000000000000, 1.000000000000000000 ) ) ;
#703 = CARTESIAN_POINT ( 'NONE',  ( 5.849999999999996092, -16.02146997001212014, 4.500000000000000000 ) ) ;
#704 = ORIENTED_EDGE ( 'NONE', *, *, #1138, .F. ) ;
#705 = CARTESIAN_POINT ( 'NONE',  ( 18.50000000000000000, -6.459240476859787241E-14, 4.500000000000000000 ) ) ;
#706 = CARTESIAN_POINT ( 'NONE',  ( 0.000000000000000000, 0.000000000000000000, 9.249999999999994671 ) ) ;
#707 = ORIENTED_EDGE ( 'NONE', *, *, #4, .F. ) ;
#708 = FACE_OUTER_BOUND ( 'NONE', #944, .T. ) ;
#709 = ORIENTED_EDGE ( 'NONE', *, *, #747, .T. ) ;
#710 = DIRECTION ( 'NONE',  ( -1.000000000000000000, 0.000000000000000000, 0.000000000000000000 ) ) ;
#711 = CARTESIAN_POINT ( 'NONE',  ( 16.02146997001207751, -9.250000000000078160, 0.000000000000000000 ) ) ;
#712 = DIRECTION ( 'NONE',  ( 1.000000000000000000, 0.000000000000000000, 0.000000000000000000 ) ) ;
#713 = EDGE_CURVE ( 'NONE', #939, #662, #681, .T. ) ;
#714 = ORIENTED_EDGE ( 'NONE', *, *, #1404, .T. ) ;
#715 = CARTESIAN_POINT ( 'NONE',  ( 0.000000000000000000, 0.000000000000000000, 9.249999999999994671 ) ) ;
#716 = EDGE_CURVE ( 'NONE', #904, #1519, #1760, .T. ) ;
#717 = EDGE_CURVE ( 'NONE', #1933, #2261, #2395, .T. ) ;
#718 = ORIENTED_EDGE ( 'NONE', *, *, #61, .F. ) ;
#719 = ORIENTED_EDGE ( 'NONE', *, *, #250, .T. ) ;
#720 = ADVANCED_FACE ( 'NONE', ( #847 ), #1593, .T. ) ;
#721 = DIRECTION ( 'NONE',  ( -1.000000000000000000, 0.000000000000000000, 0.000000000000000000 ) ) ;
#722 = CARTESIAN_POINT ( 'NONE',  ( 0.000000000000000000, 0.000000000000000000, 0.000000000000000000 ) ) ;
#723 = AXIS2_PLACEMENT_3D ( 'NONE', #204, #1716, #964 ) ;
#724 = EDGE_LOOP ( 'NONE', ( #1547, #1892 ) ) ;
#725 = LINE ( 'NONE', #1492, #577 ) ;
#726 = ORIENTED_EDGE ( 'NONE', *, *, #87, .T. ) ;
#727 = EDGE_CURVE ( 'NONE', #1621, #1636, #861, .T. ) ;
#728 = CIRCLE ( 'NONE', #1490, 3.400000000000000355 ) ;
#729 = AXIS2_PLACEMENT_3D ( 'NONE', #722, #2259, #1312 ) ;
#730 = ORIENTED_EDGE ( 'NONE', *, *, #2408, .F. ) ;
#731 = AXIS2_PLACEMENT_3D ( 'NONE', #1871, #5, #945 ) ;
#732 = CARTESIAN_POINT ( 'NONE',  ( 5.850000000000020961, 16.02146997001210238, 4.500000000000000000 ) ) ;
#733 = AXIS2_PLACEMENT_3D ( 'NONE', #592, #1338, #520 ) ;
#734 = CARTESIAN_POINT ( 'NONE',  ( 0.000000000000000000, 0.000000000000000000, 2.250000000000000000 ) ) ;
#735 = CIRCLE ( 'NONE', #623, 24.00000000000000355 ) ;
#736 = DIRECTION ( 'NONE',  ( -1.000000000000000000, 0.000000000000000000, 0.000000000000000000 ) ) ;
#737 = CARTESIAN_POINT ( 'NONE',  ( 11.34999999999979714, 16.02146997001223383, 13.75000000000000000 ) ) ;
#738 = ORIENTED_EDGE ( 'NONE', *, *, #251, .T. ) ;
#739 = FACE_OUTER_BOUND ( 'NONE', #2265, .T. ) ;
#740 = AXIS2_PLACEMENT_3D ( 'NONE', #2161, #467, #1221 ) ;
#741 = LINE ( 'NONE', #1348, #932 ) ;
#742 = ORIENTED_EDGE ( 'NONE', *, *, #2160, .F. ) ;
#743 = EDGE_CURVE ( 'NONE', #1027, #2180, #1894, .T. ) ;
#744 = CARTESIAN_POINT ( 'NONE',  ( -12.62146997001220150, -9.249999999999852562, 4.500000000000000000 ) ) ;
#745 = ORIENTED_EDGE ( 'NONE', *, *, #2445, .T. ) ;
#746 = EDGE_CURVE ( 'NONE', #2246, #425, #1019, .T. ) ;
#747 = EDGE_CURVE ( 'NONE', #544, #2223, #2411, .T. ) ;
#748 = CARTESIAN_POINT ( 'NONE',  ( 16.02146997001211304, -9.250000000000008882, 21.50000000000000000 ) ) ;
#749 = CARTESIAN_POINT ( 'NONE',  ( -18.50000000000000355, 1.937772143057938318E-13, 4.500000000000000000 ) ) ;
#750 = CIRCLE ( 'NONE', #39, 3.400000000000000355 ) ;
#751 = ORIENTED_EDGE ( 'NONE', *, *, #1779, .T. ) ;
#752 = DIRECTION ( 'NONE',  ( -0.000000000000000000, -0.000000000000000000, -1.000000000000000000 ) ) ;
#753 = ORIENTED_EDGE ( 'NONE', *, *, #2035, .T. ) ;
#754 = DIRECTION ( 'NONE',  ( 0.000000000000000000, 0.000000000000000000, -1.000000000000000000 ) ) ;
#755 = ORIENTED_EDGE ( 'NONE', *, *, #346, .T. ) ;
#756 = LINE ( 'NONE', #31, #1775 ) ;
#757 = CIRCLE ( 'NONE', #2159, 2.100000000000000977 ) ;
#758 = LINE ( 'NONE', #1540, #1306 ) ;
#759 = CYLINDRICAL_SURFACE ( 'NONE', #1891, 3.400000000000000355 ) ;
#760 = VERTEX_POINT ( 'NONE', #1069 ) ;
#761 = EDGE_LOOP ( 'NONE', ( #1613, #2357, #2063, #127 ) ) ;
#762 = ADVANCED_FACE ( 'NONE', ( #1249 ), #906, .F. ) ;
#763 = CARTESIAN_POINT ( 'NONE',  ( -24.50001494253221779, 1.198323164258377149E-09, 1.249999999999999778 ) ) ;
#764 = ORIENTED_EDGE ( 'NONE', *, *, #1881, .F. ) ;
#765 = DIRECTION ( 'NONE',  ( -0.000000000000000000, -0.000000000000000000, -1.000000000000000000 ) ) ;
#766 = ORIENTED_EDGE ( 'NONE', *, *, #743, .T. ) ;
#767 = CIRCLE ( 'NONE', #653, 3.400000000000000355 ) ;
#768 = DIRECTION ( 'NONE',  ( 0.000000000000000000, 0.000000000000000000, -1.000000000000000000 ) ) ;
#769 = CIRCLE ( 'NONE', #15, 3.400000000000000355 ) ;
#770 = MECHANICAL_DESIGN_GEOMETRIC_PRESENTATION_REPRESENTATION (  '', ( #429 ), #273 ) ;
#771 = PLANE ( 'NONE',  #1182 ) ;
#772 = CIRCLE ( 'NONE', #1849, 13.50000000000000000 ) ;
#773 = CARTESIAN_POINT ( 'NONE',  ( -7.150000000000007461, -16.02146997001211659, 21.50000000000000000 ) ) ;
#774 = VERTEX_POINT ( 'NONE', #1047 ) ;
#775 = CARTESIAN_POINT ( 'NONE',  ( 18.50000000000000355, -3.398394867633783610E-15, 13.75000000000000000 ) ) ;
#776 = ORIENTED_EDGE ( 'NONE', *, *, #1821, .F. ) ;
#777 = CIRCLE ( 'NONE', #235, 3.400000000000000355 ) ;
#778 = CARTESIAN_POINT ( 'NONE',  ( 9.249999999999795719, 16.02146997001223383, 4.500000000000000888 ) ) ;
#779 = VERTEX_POINT ( 'NONE', #525 ) ;
#780 = DIRECTION ( 'NONE',  ( 1.000000000000000000, 0.000000000000000000, 0.000000000000000000 ) ) ;
#781 = CARTESIAN_POINT ( 'NONE',  ( -19.42146997001220399, -9.249999999999852562, 0.000000000000000000 ) ) ;
#782 = DIRECTION ( 'NONE',  ( -0.000000000000000000, -0.000000000000000000, -1.000000000000000000 ) ) ;
#783 = CARTESIAN_POINT ( 'NONE',  ( 11.34999999999999787, -16.02146997001212014, 21.50000000000000000 ) ) ;
#784 = ORIENTED_EDGE ( 'NONE', *, *, #1597, .T. ) ;
#785 = AXIS2_PLACEMENT_3D ( 'NONE', #778, #1678, #1546 ) ;
#786 = CARTESIAN_POINT ( 'NONE',  ( -7.150000000000007461, -16.02146997001211659, 4.500000000000000888 ) ) ;
#787 = CARTESIAN_POINT ( 'NONE',  ( 9.249999999999996447, -16.02146997001212014, 0.000000000000000000 ) ) ;
#788 = ORIENTED_EDGE ( 'NONE', *, *, #1041, .T. ) ;
#789 = CARTESIAN_POINT ( 'NONE',  ( 3.206470719920294421, -24.34222987191697030, 1.249999999999999778 ) ) ;
#790 = EDGE_CURVE ( 'NONE', #669, #2428, #1128, .T. ) ;
#791 = DIRECTION ( 'NONE',  ( 0.000000000000000000, 0.000000000000000000, 1.000000000000000000 ) ) ;
#792 = ORIENTED_EDGE ( 'NONE', *, *, #1336, .F. ) ;
#793 = ADVANCED_FACE ( 'NONE', ( #1238 ), #501, .F. ) ;
#794 = CYLINDRICAL_SURFACE ( 'NONE', #1125, 3.400000000000000355 ) ;
#795 = DIRECTION ( 'NONE',  ( 0.000000000000000000, 0.000000000000000000, 1.000000000000000000 ) ) ;
#796 = EDGE_CURVE ( 'NONE', #2261, #1933, #1340, .T. ) ;
#797 = DIRECTION ( 'NONE',  ( 0.000000000000000000, 0.000000000000000000, -1.000000000000000000 ) ) ;
#798 = VECTOR ( 'NONE', #419, 1000.000000000000000 ) ;
#799 = CARTESIAN_POINT ( 'NONE',  ( -13.92146997001211517, 9.250000000000003553, 13.75000000000000000 ) ) ;
#800 = DIRECTION ( 'NONE',  ( 0.000000000000000000, 0.000000000000000000, 1.000000000000000000 ) ) ;
#801 = EDGE_LOOP ( 'NONE', ( #105, #1645 ) ) ;
#802 = CARTESIAN_POINT ( 'NONE',  ( -12.94517969991348139, -20.81628157669260659, 1.250000000000000000 ) ) ;
#803 = DIRECTION ( 'NONE',  ( -0.000000000000000000, -0.000000000000000000, -1.000000000000000000 ) ) ;
#804 = FACE_BOUND ( 'NONE', #255, .T. ) ;
#805 = ORIENTED_EDGE ( 'NONE', *, *, #1640, .F. ) ;
#806 = CARTESIAN_POINT ( 'NONE',  ( 9.249999999999996447, -16.02146997001212014, 0.000000000000000000 ) ) ;
#807 = CIRCLE ( 'NONE', #2364, 2.100000000000000533 ) ;
#808 = CIRCLE ( 'NONE', #1850, 3.400000000000000355 ) ;
#809 = CARTESIAN_POINT ( 'NONE',  ( 13.92146997001211162, -9.250000000000008882, 4.500000000000000888 ) ) ;
#810 = DIRECTION ( 'NONE',  ( 1.000000000000000000, 0.000000000000000000, -0.000000000000000000 ) ) ;
#811 = AXIS2_PLACEMENT_3D ( 'NONE', #2178, #99, #1097 ) ;
#812 = AXIS2_PLACEMENT_3D ( 'NONE', #1524, #27, #1717 ) ;
#813 = LINE ( 'NONE', #1023, #269 ) ;
#814 = ORIENTED_EDGE ( 'NONE', *, *, #247, .F. ) ;
#815 = CARTESIAN_POINT ( 'NONE',  ( -8.634756246553239478, -22.94197379842158213, 1.250000000000000000 ) ) ;
#816 = DIRECTION ( 'NONE',  ( 1.000000000000000000, 0.000000000000000000, -0.000000000000000000 ) ) ;
#817 = ORIENTED_EDGE ( 'NONE', *, *, #997, .F. ) ;
#818 = DIRECTION ( 'NONE',  ( -0.000000000000000000, -0.000000000000000000, -1.000000000000000000 ) ) ;
#819 = LINE ( 'NONE', #895, #1021 ) ;
#820 = CYLINDRICAL_SURFACE ( 'NONE', #1520, 2.100000000000000977 ) ;
#821 = PLANE ( 'NONE',  #23 ) ;
#822 = EDGE_CURVE ( 'NONE', #2074, #547, #385, .T. ) ;
#823 = ADVANCED_FACE ( 'NONE', ( #2422 ), #290, .F. ) ;
#824 = PLANE ( 'NONE',  #1728 ) ;
#825 = DIRECTION ( 'NONE',  ( 0.000000000000000000, 0.000000000000000000, 1.000000000000000000 ) ) ;
#826 = VERTEX_POINT ( 'NONE', #1466 ) ;
#827 = CARTESIAN_POINT ( 'NONE',  ( 7.149999999999795186, 16.02146997001223383, 13.75000000000000000 ) ) ;
#828 = VECTOR ( 'NONE', #2111, 1000.000000000000000 ) ;
#829 = AXIS2_PLACEMENT_3D ( 'NONE', #2174, #652, #1329 ) ;
#830 = DIRECTION ( 'NONE',  ( 1.000000000000000000, 0.000000000000000000, 0.000000000000000000 ) ) ;
#831 = AXIS2_PLACEMENT_3D ( 'NONE', #1570, #1958, #1382 ) ;
#832 = ORIENTED_EDGE ( 'NONE', *, *, #541, .F. ) ;
#833 = FACE_BOUND ( 'NONE', #203, .T. ) ;
#834 = ORIENTED_EDGE ( 'NONE', *, *, #1776, .T. ) ;
#835 = DIRECTION ( 'NONE',  ( -1.000000000000000000, 0.000000000000000000, 0.000000000000000000 ) ) ;
#836 = DIRECTION ( 'NONE',  ( 1.000000000000000000, 0.000000000000000000, 0.000000000000000000 ) ) ;
#837 = CARTESIAN_POINT ( 'NONE',  ( -16.02146997001220186, -9.249999999999852562, 0.000000000000000000 ) ) ;
#838 = ORIENTED_EDGE ( 'NONE', *, *, #335, .T. ) ;
#839 = CARTESIAN_POINT ( 'NONE',  ( 24.30346152441216390, -3.199025229703657214, 1.249999999999999778 ) ) ;
#840 = CARTESIAN_POINT ( 'NONE',  ( -23.32137015185070794, 7.667459336386968083, 1.249999999999999556 ) ) ;
#841 = ORIENTED_EDGE ( 'NONE', *, *, #1629, .T. ) ;
#842 = CARTESIAN_POINT ( 'NONE',  ( -9.250000000000136779, -16.02146997001204554, 4.500000000000000000 ) ) ;
#843 = ORIENTED_EDGE ( 'NONE', *, *, #1885, .F. ) ;
#844 = DIRECTION ( 'NONE',  ( 1.000000000000000000, 0.000000000000000000, 0.000000000000000000 ) ) ;
#845 = AXIS2_PLACEMENT_3D ( 'NONE', #2369, #2193, #1649 ) ;
#846 = CIRCLE ( 'NONE', #1449, 3.399999999999999911 ) ;
#847 = FACE_OUTER_BOUND ( 'NONE', #319, .T. ) ;
#848 = CARTESIAN_POINT ( 'NONE',  ( 21.89999999999999858, -6.417602485688778300E-14, 4.500000000000000000 ) ) ;
#849 = DIRECTION ( 'NONE',  ( 0.000000000000000000, 0.000000000000000000, -1.000000000000000000 ) ) ;
#850 = ORIENTED_EDGE ( 'NONE', *, *, #1920, .T. ) ;
#851 = DIRECTION ( 'NONE',  ( -0.000000000000000000, -0.000000000000000000, -1.000000000000000000 ) ) ;
#852 = CARTESIAN_POINT ( 'NONE',  ( 0.000000000000000000, 0.000000000000000000, 0.000000000000000000 ) ) ;
#853 = PRESENTATION_LAYER_ASSIGNMENT (  '', '', ( #429 ) ) ;
#854 = CIRCLE ( 'NONE', #1303, 2.100000000000000977 ) ;
#855 = EDGE_CURVE ( 'NONE', #1879, #1186, #617, .T. ) ;
#856 = ORIENTED_EDGE ( 'NONE', *, *, #383, .F. ) ;
#857 = AXIS2_PLACEMENT_3D ( 'NONE', #2110, #1133, #736 ) ;
#858 = DIRECTION ( 'NONE',  ( 1.000000000000000000, 0.000000000000000000, 0.000000000000000000 ) ) ;
#859 = EDGE_LOOP ( 'NONE', ( #764, #1481 ) ) ;
#860 = CIRCLE ( 'NONE', #2105, 2.100000000000000977 ) ;
#861 = LINE ( 'NONE', #2402, #505 ) ;
#862 = FACE_OUTER_BOUND ( 'NONE', #275, .T. ) ;
#863 = DIRECTION ( 'NONE',  ( -0.000000000000000000, -0.000000000000000000, -1.000000000000000000 ) ) ;
#864 = ORIENTED_EDGE ( 'NONE', *, *, #716, .F. ) ;
#865 = CARTESIAN_POINT ( 'NONE',  ( -3.400000000000129141, -18.50000000000000355, 0.000000000000000000 ) ) ;
#866 = DIRECTION ( 'NONE',  ( -0.000000000000000000, -0.000000000000000000, -1.000000000000000000 ) ) ;
#867 = VERTEX_POINT ( 'NONE', #2389 ) ;
#868 = VECTOR ( 'NONE', #340, 1000.000000000000000 ) ;
#869 = CARTESIAN_POINT ( 'NONE',  ( -2.823921537868933740, 24.45734624545329794, 2.250000000000000000 ) ) ;
#870 = EDGE_LOOP ( 'NONE', ( #608, #709, #1919, #1556 ) ) ;
#871 = DIRECTION ( 'NONE',  ( 0.000000000000000000, 0.000000000000000000, 1.000000000000000000 ) ) ;
#872 = FACE_OUTER_BOUND ( 'NONE', #594, .T. ) ;
#873 = LINE ( 'NONE', #1671, #107 ) ;
#874 = DIRECTION ( 'NONE',  ( -1.000000000000000000, 0.000000000000000000, 0.000000000000000000 ) ) ;
#875 = CARTESIAN_POINT ( 'NONE',  ( -18.12146997001211801, 9.250000000000003553, 13.75000000000000000 ) ) ;
#876 = FACE_OUTER_BOUND ( 'NONE', #1595, .T. ) ;
#877 = ORIENTED_EDGE ( 'NONE', *, *, #1562, .F. ) ;
#878 = CARTESIAN_POINT ( 'NONE',  ( 18.12146997001211446, -9.250000000000008882, 21.50000000000000000 ) ) ;
#879 = LINE ( 'NONE', #2363, #636 ) ;
#880 = ORIENTED_EDGE ( 'NONE', *, *, #2243, .T. ) ;
#881 = VECTOR ( 'NONE', #252, 1000.000000000000000 ) ;
#882 = DIRECTION ( 'NONE',  ( 1.000000000000000000, 0.000000000000000000, 0.000000000000000000 ) ) ;
#883 = ORIENTED_EDGE ( 'NONE', *, *, #1862, .F. ) ;
#884 = DIRECTION ( 'NONE',  ( -0.000000000000000000, -0.000000000000000000, -1.000000000000000000 ) ) ;
#885 = CARTESIAN_POINT ( 'NONE',  ( -16.02146997001212014, -9.249999999999998224, 13.75000000000000000 ) ) ;
#886 = EDGE_CURVE ( 'NONE', #2074, #1322, #1428, .T. ) ;
#887 = LINE ( 'NONE', #2438, #1309 ) ;
#888 = CARTESIAN_POINT ( 'NONE',  ( 12.65000000000002167, 16.02146997001210238, 4.500000000000000000 ) ) ;
#889 = EDGE_LOOP ( 'NONE', ( #1692, #285 ) ) ;
#890 = CARTESIAN_POINT ( 'NONE',  ( -9.249999999999795719, 16.02146997001223383, 4.500000000000000000 ) ) ;
#891 = VECTOR ( 'NONE', #1670, 1000.000000000000000 ) ;
#892 = CARTESIAN_POINT ( 'NONE',  ( -16.02146997001211659, 9.250000000000003553, 21.50000000000000000 ) ) ;
#893 = VECTOR ( 'NONE', #2222, 1000.000000000000000 ) ;
#894 = VERTEX_POINT ( 'NONE', #865 ) ;
#895 = CARTESIAN_POINT ( 'NONE',  ( -24.00020160618100462, -0.0005031721577146182475, 1.249999999999999778 ) ) ;
#896 = AXIS2_PLACEMENT_3D ( 'NONE', #1738, #34, #1185 ) ;
#897 = AXIS2_PLACEMENT_3D ( 'NONE', #1725, #947, #900 ) ;
#898 = CARTESIAN_POINT ( 'NONE',  ( 16.02146997001214501, 9.249999999999964473, 0.000000000000000000 ) ) ;
#899 = ORIENTED_EDGE ( 'NONE', *, *, #855, .T. ) ;
#900 = DIRECTION ( 'NONE',  ( 1.000000000000000000, 0.000000000000000000, 0.000000000000000000 ) ) ;
#901 = EDGE_CURVE ( 'NONE', #1879, #1844, #2199, .T. ) ;
#902 = FACE_OUTER_BOUND ( 'NONE', #2153, .T. ) ;
#903 =( LENGTH_UNIT ( ) NAMED_UNIT ( * ) SI_UNIT ( .MILLI., .METRE. ) );
#904 = VERTEX_POINT ( 'NONE', #1816 ) ;
#905 = ORIENTED_EDGE ( 'NONE', *, *, #1222, .F. ) ;
#906 = CYLINDRICAL_SURFACE ( 'NONE', #1659, 3.400000000000000355 ) ;
#907 = EDGE_LOOP ( 'NONE', ( #2255, #616, #2044, #98 ) ) ;
#908 = DIRECTION ( 'NONE',  ( 0.000000000000000000, 0.000000000000000000, 1.000000000000000000 ) ) ;
#909 = VERTEX_POINT ( 'NONE', #339 ) ;
#910 = AXIS2_PLACEMENT_3D ( 'NONE', #1647, #866, #658 ) ;
#911 = LINE ( 'NONE', #8, #521 ) ;
#912 = CARTESIAN_POINT ( 'NONE',  ( -9.250000000000136779, -16.02146997001204554, 4.500000000000000000 ) ) ;
#913 = CARTESIAN_POINT ( 'NONE',  ( -12.62146997001200788, 9.250000000000188294, 4.500000000000000000 ) ) ;
#914 = ORIENTED_EDGE ( 'NONE', *, *, #401, .T. ) ;
#915 = ORIENTED_EDGE ( 'NONE', *, *, #688, .F. ) ;
#916 = FACE_OUTER_BOUND ( 'NONE', #660, .T. ) ;
#917 = ORIENTED_EDGE ( 'NONE', *, *, #822, .T. ) ;
#918 = VECTOR ( 'NONE', #1230, 1000.000000000000000 ) ;
#919 = EDGE_CURVE ( 'NONE', #582, #376, #371, .T. ) ;
#920 = ORIENTED_EDGE ( 'NONE', *, *, #45, .F. ) ;
#921 = EDGE_CURVE ( 'NONE', #154, #469, #1633, .T. ) ;
#922 = DIRECTION ( 'NONE',  ( 0.000000000000000000, 0.000000000000000000, -1.000000000000000000 ) ) ;
#923 = SHAPE_DEFINITION_REPRESENTATION ( #1213, #75 ) ;
#924 = VECTOR ( 'NONE', #1155, 1000.000000000000000 ) ;
#925 = VERTEX_POINT ( 'NONE', #1083 ) ;
#926 = CARTESIAN_POINT ( 'NONE',  ( -16.40000000000000213, 1.389974117032123275E-15, 21.50000000000000000 ) ) ;
#927 = EDGE_LOOP ( 'NONE', ( #883, #1174, #938, #2432 ) ) ;
#928 = EDGE_CURVE ( 'NONE', #1011, #1460, #1999, .T. ) ;
#929 = VECTOR ( 'NONE', #2189, 1000.000000000000000 ) ;
#930 = ORIENTED_EDGE ( 'NONE', *, *, #1222, .T. ) ;
#931 = DIRECTION ( 'NONE',  ( 1.000000000000000000, 0.000000000000000000, 0.000000000000000000 ) ) ;
#932 = VECTOR ( 'NONE', #2251, 1000.000000000000000 ) ;
#933 = CIRCLE ( 'NONE', #308, 2.100000000000000977 ) ;
#934 = CARTESIAN_POINT ( 'NONE',  ( -3.399999999999999911, 18.50000000000000355, 4.500000000000000000 ) ) ;
#935 = DIRECTION ( 'NONE',  ( 0.000000000000000000, 0.000000000000000000, 1.000000000000000000 ) ) ;
#936 = ORIENTED_EDGE ( 'NONE', *, *, #1756, .T. ) ;
#937 = DIRECTION ( 'NONE',  ( 0.000000000000000000, 0.000000000000000000, -1.000000000000000000 ) ) ;
#938 = ORIENTED_EDGE ( 'NONE', *, *, #1885, .T. ) ;
#939 = VERTEX_POINT ( 'NONE', #2118 ) ;
#940 = CARTESIAN_POINT ( 'NONE',  ( -14.51999999999999957, 0.000000000000000000, 4.500000000000000000 ) ) ;
#941 = DIRECTION ( 'NONE',  ( 1.000000000000000000, 0.000000000000000000, 0.000000000000000000 ) ) ;
#942 = LINE ( 'NONE', #149, #891 ) ;
#943 = CIRCLE ( 'NONE', #2065, 2.100000000000000977 ) ;
#944 = EDGE_LOOP ( 'NONE', ( #1859, #2205, #676, #843 ) ) ;
#945 = DIRECTION ( 'NONE',  ( -1.000000000000000000, 0.000000000000000000, 0.000000000000000000 ) ) ;
#946 = VERTEX_POINT ( 'NONE', #408 ) ;
#947 = DIRECTION ( 'NONE',  ( -0.000000000000000000, -0.000000000000000000, -1.000000000000000000 ) ) ;
#948 = FACE_BOUND ( 'NONE', #1082, .T. ) ;
#949 = CYLINDRICAL_SURFACE ( 'NONE', #1343, 24.49999999999999645 ) ;
#950 = VERTEX_POINT ( 'NONE', #1362 ) ;
#951 = CARTESIAN_POINT ( 'NONE',  ( 22.48499999999999943, 2.753618327882823419E-15, 9.250000000000000000 ) ) ;
#952 = FACE_OUTER_BOUND ( 'NONE', #518, .T. ) ;
#953 = DIRECTION ( 'NONE',  ( 0.000000000000000000, 0.000000000000000000, -1.000000000000000000 ) ) ;
#954 = DIRECTION ( 'NONE',  ( -1.000000000000000000, 0.000000000000000000, 0.000000000000000000 ) ) ;
#955 = ORIENTED_EDGE ( 'NONE', *, *, #2137, .T. ) ;
#956 = EDGE_CURVE ( 'NONE', #946, #774, #1154, .T. ) ;
#957 = ORIENTED_EDGE ( 'NONE', *, *, #1626, .T. ) ;
#958 = DIRECTION ( 'NONE',  ( 1.000000000000000000, 0.000000000000000000, 0.000000000000000000 ) ) ;
#959 = EDGE_CURVE ( 'NONE', #2157, #1062, #1191, .T. ) ;
#960 = VERTEX_POINT ( 'NONE', #464 ) ;
#961 = DIRECTION ( 'NONE',  ( -1.000000000000000000, 0.000000000000000000, 0.000000000000000000 ) ) ;
#962 = ORIENTED_EDGE ( 'NONE', *, *, #2070, .F. ) ;
#963 = CIRCLE ( 'NONE', #2167, 3.400000000000000355 ) ;
#964 = DIRECTION ( 'NONE',  ( 1.000000000000000000, 0.000000000000000000, 0.000000000000000000 ) ) ;
#965 = CIRCLE ( 'NONE', #225, 3.400000000000000355 ) ;
#966 = CIRCLE ( 'NONE', #1774, 22.48499999999999943 ) ;
#967 = LINE ( 'NONE', #1320, #108 ) ;
#968 = AXIS2_PLACEMENT_3D ( 'NONE', #130, #884, #1651 ) ;
#969 = DIRECTION ( 'NONE',  ( -1.000000000000000000, 0.000000000000000000, 0.000000000000000000 ) ) ;
#970 = VERTEX_POINT ( 'NONE', #2007 ) ;
#971 = DIRECTION ( 'NONE',  ( -0.000000000000000000, -0.000000000000000000, -1.000000000000000000 ) ) ;
#972 = DIRECTION ( 'NONE',  ( 0.000000000000000000, 0.000000000000000000, 1.000000000000000000 ) ) ;
#973 = CIRCLE ( 'NONE', #1307, 3.399999999999999911 ) ;
#974 = ORIENTED_EDGE ( 'NONE', *, *, #115, .T. ) ;
#975 = FACE_OUTER_BOUND ( 'NONE', #330, .T. ) ;
#976 = CIRCLE ( 'NONE', #2293, 3.400000000000000355 ) ;
#977 = DIRECTION ( 'NONE',  ( -1.000000000000000000, 0.000000000000000000, 0.000000000000000000 ) ) ;
#978 = DIRECTION ( 'NONE',  ( -0.000000000000000000, -0.000000000000000000, 1.000000000000000000 ) ) ;
#979 = ORIENTED_EDGE ( 'NONE', *, *, #1263, .F. ) ;
#980 = DIRECTION ( 'NONE',  ( 0.000000000000000000, 0.000000000000000000, -1.000000000000000000 ) ) ;
#981 = CARTESIAN_POINT ( 'NONE',  ( 15.10000000000000142, -6.459240476859787241E-14, 4.500000000000000000 ) ) ;
#982 = CARTESIAN_POINT ( 'NONE',  ( -1.291848095371958458E-13, -18.50000000000000355, 4.500000000000000000 ) ) ;
#983 = CARTESIAN_POINT ( 'NONE',  ( -11.35000000000000853, -16.02146997001211659, 13.75000000000000000 ) ) ;
#984 = CARTESIAN_POINT ( 'NONE',  ( -18.50000000000000355, 1.132798289211179030E-15, 4.500000000000000888 ) ) ;
#985 = EDGE_CURVE ( 'NONE', #196, #1039, #1001, .T. ) ;
#986 = LINE ( 'NONE', #324, #2172 ) ;
#987 = FACE_OUTER_BOUND ( 'NONE', #1554, .T. ) ;
#988 = DIRECTION ( 'NONE',  ( -1.000000000000000000, 0.000000000000000000, 0.000000000000000000 ) ) ;
#989 = AXIS2_PLACEMENT_3D ( 'NONE', #1269, #1078, #2231 ) ;
#990 = CARTESIAN_POINT ( 'NONE',  ( -11.35000000000001918, 16.02146997001210238, 13.75000000000000000 ) ) ;
#991 = ADVANCED_FACE ( 'NONE', ( #316 ), #1029, .F. ) ;
#992 = EDGE_LOOP ( 'NONE', ( #1567, #1135, #1560, #2032 ) ) ;
#993 = CARTESIAN_POINT ( 'NONE',  ( 14.27873368662461218, -19.92516054312199358, 1.250000000000000000 ) ) ;
#994 = FACE_BOUND ( 'NONE', #406, .T. ) ;
#995 = EDGE_CURVE ( 'NONE', #474, #662, #1610, .T. ) ;
#996 = EDGE_LOOP ( 'NONE', ( #1632, #1868, #784, #1583 ) ) ;
#997 = EDGE_CURVE ( 'NONE', #92, #559, #1156, .T. ) ;
#998 = FACE_BOUND ( 'NONE', #2183, .T. ) ;
#999 = EDGE_CURVE ( 'NONE', #2157, #2009, #604, .T. ) ;
#1000 = CARTESIAN_POINT ( 'NONE',  ( 7.149999999999995026, -16.02146997001212014, 21.50000000000000000 ) ) ;
#1001 = CIRCLE ( 'NONE', #170, 3.400000000000000355 ) ;
#1002 = DIRECTION ( 'NONE',  ( -1.000000000000000000, 0.000000000000000000, 0.000000000000000000 ) ) ;
#1003 = AXIS2_PLACEMENT_3D ( 'NONE', #96, #1414, #1005 ) ;
#1004 = PRODUCT_DEFINITION_CONTEXT ( 'detailed design', #1978, 'design' ) ;
#1005 = DIRECTION ( 'NONE',  ( 1.000000000000000000, 0.000000000000000000, 0.000000000000000000 ) ) ;
#1006 = CARTESIAN_POINT ( 'NONE',  ( -9.860761315262647568E-29, 18.50000000000000355, 13.75000000000000000 ) ) ;
#1007 = ORIENTED_EDGE ( 'NONE', *, *, #2170, .T. ) ;
#1008 = CARTESIAN_POINT ( 'NONE',  ( -3.400000000000129141, -18.50000000000000355, 4.500000000000000000 ) ) ;
#1009 = CARTESIAN_POINT ( 'NONE',  ( -0.0002016061809995139953, -0.0005031721577175574112, 2.250000000000000000 ) ) ;
#1010 = ADVANCED_FACE ( 'NONE', ( #78, #219 ), #67, .T. ) ;
#1011 = VERTEX_POINT ( 'NONE', #276 ) ;
#1012 = CARTESIAN_POINT ( 'NONE',  ( -12.64999999999979607, 16.02146997001223383, 4.500000000000000000 ) ) ;
#1013 = ADVANCED_FACE ( 'NONE', ( #1242 ), #205, .F. ) ;
#1014 = CARTESIAN_POINT ( 'NONE',  ( -2.265596578422505972E-15, -18.50000000000000355, 21.50000000000000000 ) ) ;
#1015 = AXIS2_PLACEMENT_3D ( 'NONE', #1831, #1063, #882 ) ;
#1016 = LINE ( 'NONE', #1000, #881 ) ;
#1017 = AXIS2_PLACEMENT_3D ( 'NONE', #644, #607, #1555 ) ;
#1018 = DIRECTION ( 'NONE',  ( 0.000000000000000000, 0.000000000000000000, 1.000000000000000000 ) ) ;
#1019 = CIRCLE ( 'NONE', #182, 2.100000000000000977 ) ;
#1020 = CIRCLE ( 'NONE', #1856, 3.400000000000000355 ) ;
#1021 = VECTOR ( 'NONE', #1301, 1000.000000000000000 ) ;
#1022 = DIRECTION ( 'NONE',  ( 0.000000000000000000, 0.000000000000000000, 1.000000000000000000 ) ) ;
#1023 = CARTESIAN_POINT ( 'NONE',  ( -19.42146997001220399, -9.249999999999852562, 4.500000000000000000 ) ) ;
#1024 = VERTEX_POINT ( 'NONE', #827 ) ;
#1025 = DIRECTION ( 'NONE',  ( -1.000000000000000000, 0.000000000000000000, 0.000000000000000000 ) ) ;
#1026 = DIRECTION ( 'NONE',  ( 1.000000000000000000, 0.000000000000000000, 0.000000000000000000 ) ) ;
#1027 = VERTEX_POINT ( 'NONE', #63 ) ;
#1028 = FACE_BOUND ( 'NONE', #2014, .T. ) ;
#1029 = CYLINDRICAL_SURFACE ( 'NONE', #2394, 3.400000000000000355 ) ;
#1030 = FACE_OUTER_BOUND ( 'NONE', #2465, .T. ) ;
#1031 = CARTESIAN_POINT ( 'NONE',  ( -2.265596578422505972E-15, -18.50000000000000355, 4.500000000000000888 ) ) ;
#1032 = CARTESIAN_POINT ( 'NONE',  ( 20.60000000000000497, -3.141219039812839562E-15, 21.50000000000000000 ) ) ;
#1033 = CARTESIAN_POINT ( 'NONE',  ( -24.49999999999999645, 0.000000000000000000, 0.000000000000000000 ) ) ;
#1034 = VERTEX_POINT ( 'NONE', #1008 ) ;
#1035 = CARTESIAN_POINT ( 'NONE',  ( 6.351751396474499600, -23.71652872573623938, 1.250000000000000000 ) ) ;
#1036 = CIRCLE ( 'NONE', #1389, 2.100000000000000977 ) ;
#1037 = AXIS2_PLACEMENT_3D ( 'NONE', #2415, #1989, #1281 ) ;
#1038 = CARTESIAN_POINT ( 'NONE',  ( 18.50000000000000355, -3.398394867633783610E-15, 4.500000000000000888 ) ) ;
#1039 = VERTEX_POINT ( 'NONE', #1371 ) ;
#1040 = ORIENTED_EDGE ( 'NONE', *, *, #997, .T. ) ;
#1041 = EDGE_CURVE ( 'NONE', #2101, #177, #1601, .T. ) ;
#1042 = DIRECTION ( 'NONE',  ( -0.000000000000000000, -0.000000000000000000, -1.000000000000000000 ) ) ;
#1043 = ADVANCED_FACE ( 'NONE', ( #975 ), #1402, .F. ) ;
#1044 = DIRECTION ( 'NONE',  ( -0.000000000000000000, -0.000000000000000000, 1.000000000000000000 ) ) ;
#1045 = EDGE_CURVE ( 'NONE', #633, #233, #1759, .T. ) ;
#1046 = ORIENTED_EDGE ( 'NONE', *, *, #1384, .F. ) ;
#1047 = CARTESIAN_POINT ( 'NONE',  ( -19.42146997001200859, 9.250000000000188294, 0.000000000000000000 ) ) ;
#1048 = ADVANCED_FACE ( 'NONE', ( #1226, #2362, #634, #1968, #657, #415, #270, #178, #1495, #2461, #202, #948, #570, #1534 ), #1714, .T. ) ;
#1049 = CARTESIAN_POINT ( 'NONE',  ( 12.62146997001207893, -9.250000000000078160, 4.500000000000000000 ) ) ;
#1050 = ORIENTED_EDGE ( 'NONE', *, *, #2412, .T. ) ;
#1051 = CARTESIAN_POINT ( 'NONE',  ( -9.250000000000136779, -16.02146997001204554, 4.500000000000000000 ) ) ;
#1052 = AXIS2_PLACEMENT_3D ( 'NONE', #396, #795, #261 ) ;
#1053 = CARTESIAN_POINT ( 'NONE',  ( -12.64999999999979607, 16.02146997001223383, 4.500000000000000000 ) ) ;
#1054 = ORIENTED_EDGE ( 'NONE', *, *, #2455, .F. ) ;
#1055 = AXIS2_PLACEMENT_3D ( 'NONE', #1445, #2427, #1806 ) ;
#1056 = CYLINDRICAL_SURFACE ( 'NONE', #2206, 22.48499999999999943 ) ;
#1057 = EDGE_LOOP ( 'NONE', ( #850, #304, #1869, #2400, #1289, #1880, #1140 ) ) ;
#1058 = DIRECTION ( 'NONE',  ( 0.000000000000000000, 0.000000000000000000, 1.000000000000000000 ) ) ;
#1059 = EDGE_CURVE ( 'NONE', #2261, #1863, #2254, .T. ) ;
#1060 = FACE_OUTER_BOUND ( 'NONE', #453, .T. ) ;
#1061 = CIRCLE ( 'NONE', #1811, 2.100000000000000977 ) ;
#1062 = VERTEX_POINT ( 'NONE', #560 ) ;
#1063 = DIRECTION ( 'NONE',  ( 0.000000000000000000, 0.000000000000000000, 1.000000000000000000 ) ) ;
#1064 = ORIENTED_EDGE ( 'NONE', *, *, #1264, .T. ) ;
#1065 = AXIS2_PLACEMENT_3D ( 'NONE', #1924, #589, #1356 ) ;
#1066 = DIRECTION ( 'NONE',  ( -0.000000000000000000, -0.000000000000000000, -1.000000000000000000 ) ) ;
#1067 = CARTESIAN_POINT ( 'NONE',  ( 9.249999999999795719, 16.02146997001223383, 21.50000000000000000 ) ) ;
#1068 = ORIENTED_EDGE ( 'NONE', *, *, #1045, .T. ) ;
#1069 = CARTESIAN_POINT ( 'NONE',  ( 20.60000000000000497, -3.141219039812839562E-15, 4.500000000000000888 ) ) ;
#1070 = DIRECTION ( 'NONE',  ( 1.000000000000000000, 0.000000000000000000, 0.000000000000000000 ) ) ;
#1071 = ORIENTED_EDGE ( 'NONE', *, *, #368, .T. ) ;
#1072 = AXIS2_PLACEMENT_3D ( 'NONE', #2156, #2165, #1795 ) ;
#1073 = EDGE_CURVE ( 'NONE', #2101, #2353, #2241, .T. ) ;
#1074 = CARTESIAN_POINT ( 'NONE',  ( -15.10000000000000142, 1.941935942175039212E-13, 4.500000000000000000 ) ) ;
#1075 = ORIENTED_EDGE ( 'NONE', *, *, #822, .F. ) ;
#1076 = CYLINDRICAL_SURFACE ( 'NONE', #968, 2.100000000000000977 ) ;
#1077 = ADVANCED_FACE ( 'NONE', ( #1482 ), #1304, .F. ) ;
#1078 = DIRECTION ( 'NONE',  ( 0.000000000000000000, 0.000000000000000000, 1.000000000000000000 ) ) ;
#1079 = FACE_OUTER_BOUND ( 'NONE', #626, .T. ) ;
#1080 = DIRECTION ( 'NONE',  ( 0.000000000000000000, 0.000000000000000000, -1.000000000000000000 ) ) ;
#1081 = DIRECTION ( 'NONE',  ( -1.000000000000000000, 0.000000000000000000, 0.000000000000000000 ) ) ;
#1082 = EDGE_LOOP ( 'NONE', ( #792, #358 ) ) ;
#1083 = CARTESIAN_POINT ( 'NONE',  ( 11.34999999999979714, 16.02146997001223383, 4.500000000000000888 ) ) ;
#1084 = EDGE_CURVE ( 'NONE', #376, #582, #59, .T. ) ;
#1085 = LINE ( 'NONE', #1288, #1195 ) ;
#1086 = ORIENTED_EDGE ( 'NONE', *, *, #1776, .F. ) ;
#1087 = AXIS2_PLACEMENT_3D ( 'NONE', #46, #797, #2436 ) ;
#1088 = CARTESIAN_POINT ( 'NONE',  ( -17.72184240563037605, 16.91704175528336052, 2.250000000000000000 ) ) ;
#1089 = ORIENTED_EDGE ( 'NONE', *, *, #2146, .F. ) ;
#1090 = DIRECTION ( 'NONE',  ( 0.000000000000000000, 0.000000000000000000, 1.000000000000000000 ) ) ;
#1091 = EDGE_CURVE ( 'NONE', #1095, #1723, #1409, .T. ) ;
#1092 = CARTESIAN_POINT ( 'NONE',  ( 19.42146997001214359, 9.249999999999964473, 4.500000000000000000 ) ) ;
#1093 = CYLINDRICAL_SURFACE ( 'NONE', #1861, 2.100000000000000977 ) ;
#1094 = CARTESIAN_POINT ( 'NONE',  ( 18.50000000000000355, -3.398394867633783610E-15, 21.50000000000000000 ) ) ;
#1095 = VERTEX_POINT ( 'NONE', #2470 ) ;
#1096 = AXIS2_PLACEMENT_3D ( 'NONE', #557, #971, #1507 ) ;
#1097 = DIRECTION ( 'NONE',  ( 1.000000000000000000, 0.000000000000000000, 0.000000000000000000 ) ) ;
#1098 = DIRECTION ( 'NONE',  ( 1.000000000000000000, 0.000000000000000000, 0.000000000000000000 ) ) ;
#1099 = AXIS2_PLACEMENT_3D ( 'NONE', #775, #1578, #1224 ) ;
#1100 = ORIENTED_EDGE ( 'NONE', *, *, #2408, .T. ) ;
#1101 = AXIS2_PLACEMENT_3D ( 'NONE', #536, #937, #2285 ) ;
#1102 = AXIS2_PLACEMENT_3D ( 'NONE', #2142, #803, #432 ) ;
#1103 = ORIENTED_EDGE ( 'NONE', *, *, #598, .F. ) ;
#1104 = CYLINDRICAL_SURFACE ( 'NONE', #1591, 21.98999999999999844 ) ;
#1105 = AXIS2_PLACEMENT_3D ( 'NONE', #2386, #2430, #1282 ) ;
#1106 = CARTESIAN_POINT ( 'NONE',  ( -1.291848095371958458E-13, -18.50000000000000355, 4.500000000000000000 ) ) ;
#1107 = ORIENTED_EDGE ( 'NONE', *, *, #1597, .F. ) ;
#1108 = CARTESIAN_POINT ( 'NONE',  ( -9.249999999999795719, 16.02146997001223383, 0.000000000000000000 ) ) ;
#1109 = EDGE_LOOP ( 'NONE', ( #246, #1332, #2314, #832 ) ) ;
#1110 = EDGE_LOOP ( 'NONE', ( #606, #936 ) ) ;
#1111 = CARTESIAN_POINT ( 'NONE',  ( -17.72184240563037605, 16.91704175528336052, 1.249999999999999778 ) ) ;
#1112 = CARTESIAN_POINT ( 'NONE',  ( -9.250000000000136779, -16.02146997001204554, 0.000000000000000000 ) ) ;
#1113 = APPLICATION_PROTOCOL_DEFINITION ( 'draft international standard', 'automotive_design', 1998, #1978 ) ;
#1114 = EDGE_LOOP ( 'NONE', ( #2098, #655, #1684, #1807 ) ) ;
#1115 = CARTESIAN_POINT ( 'NONE',  ( -11.35000000000001918, 16.02146997001210238, 21.50000000000000000 ) ) ;
#1116 = VERTEX_POINT ( 'NONE', #155 ) ;
#1117 = VECTOR ( 'NONE', #217, 1000.000000000000000 ) ;
#1118 = ORIENTED_EDGE ( 'NONE', *, *, #1736, .F. ) ;
#1119 = FACE_BOUND ( 'NONE', #1971, .T. ) ;
#1120 = CARTESIAN_POINT ( 'NONE',  ( 18.12146997001211446, -9.250000000000008882, 4.500000000000000888 ) ) ;
#1121 = DIRECTION ( 'NONE',  ( 0.000000000000000000, 0.000000000000000000, -1.000000000000000000 ) ) ;
#1122 = CYLINDRICAL_SURFACE ( 'NONE', #1615, 3.399999999999998579 ) ;
#1123 = EDGE_LOOP ( 'NONE', ( #241, #1089, #512, #2106 ) ) ;
#1124 = DIRECTION ( 'NONE',  ( -0.000000000000000000, -0.000000000000000000, -1.000000000000000000 ) ) ;
#1125 = AXIS2_PLACEMENT_3D ( 'NONE', #599, #1363, #506 ) ;
#1126 = ORIENTED_EDGE ( 'NONE', *, *, #2240, .T. ) ;
#1127 = AXIS2_PLACEMENT_3D ( 'NONE', #687, #1044, #1631 ) ;
#1128 = CIRCLE ( 'NONE', #1772, 2.100000000000000977 ) ;
#1129 = EDGE_LOOP ( 'NONE', ( #1781, #1148, #2052, #2177 ) ) ;
#1130 = EDGE_CURVE ( 'NONE', #114, #1469, #690, .T. ) ;
#1131 = AXIS2_PLACEMENT_3D ( 'NONE', #320, #1090, #347 ) ;
#1132 = EDGE_CURVE ( 'NONE', #2079, #2201, #1685, .T. ) ;
#1133 = DIRECTION ( 'NONE',  ( -0.000000000000000000, -0.000000000000000000, -1.000000000000000000 ) ) ;
#1134 = CARTESIAN_POINT ( 'NONE',  ( 9.250000000000021316, 16.02146997001210238, 0.000000000000000000 ) ) ;
#1135 = ORIENTED_EDGE ( 'NONE', *, *, #2340, .T. ) ;
#1136 = FACE_OUTER_BOUND ( 'NONE', #2367, .T. ) ;
#1137 = EDGE_LOOP ( 'NONE', ( #338, #1064 ) ) ;
#1138 = EDGE_CURVE ( 'NONE', #1095, #684, #352, .T. ) ;
#1139 = DIRECTION ( 'NONE',  ( 0.000000000000000000, 0.000000000000000000, -1.000000000000000000 ) ) ;
#1140 = ORIENTED_EDGE ( 'NONE', *, *, #1260, .F. ) ;
#1141 = DIRECTION ( 'NONE',  ( -1.000000000000000000, 0.000000000000000000, 0.000000000000000000 ) ) ;
#1142 = CARTESIAN_POINT ( 'NONE',  ( -13.92146997001211517, 9.250000000000003553, 21.50000000000000000 ) ) ;
#1143 = ADVANCED_FACE ( 'NONE', ( #1030 ), #627, .F. ) ;
#1144 = ADVANCED_FACE ( 'NONE', ( #1585, #1985 ), #1204, .F. ) ;
#1145 = CIRCLE ( 'NONE', #81, 3.400000000000000355 ) ;
#1146 = DIRECTION ( 'NONE',  ( 0.000000000000000000, 0.000000000000000000, 1.000000000000000000 ) ) ;
#1147 = EDGE_CURVE ( 'NONE', #200, #2441, #2244, .T. ) ;
#1148 = ORIENTED_EDGE ( 'NONE', *, *, #100, .T. ) ;
#1149 = CYLINDRICAL_SURFACE ( 'NONE', #812, 3.399999999999998579 ) ;
#1150 = CYLINDRICAL_SURFACE ( 'NONE', #1101, 13.50000000000000000 ) ;
#1151 = EDGE_LOOP ( 'NONE', ( #1401, #1735 ) ) ;
#1152 = CARTESIAN_POINT ( 'NONE',  ( -16.02146997001220186, -9.249999999999852562, 4.500000000000000000 ) ) ;
#1153 = VERTEX_POINT ( 'NONE', #1549 ) ;
#1154 = LINE ( 'NONE', #2320, #1117 ) ;
#1155 = DIRECTION ( 'NONE',  ( -0.000000000000000000, -0.000000000000000000, -1.000000000000000000 ) ) ;
#1156 = LINE ( 'NONE', #1142, #1246 ) ;
#1157 = EDGE_CURVE ( 'NONE', #760, #571, #1614, .T. ) ;
#1158 = CARTESIAN_POINT ( 'NONE',  ( 9.249999999999996447, -16.02146997001212014, 13.75000000000000000 ) ) ;
#1159 = DIRECTION ( 'NONE',  ( -1.000000000000000000, 0.000000000000000000, -0.000000000000000000 ) ) ;
#1160 = CARTESIAN_POINT ( 'NONE',  ( -15.10000000000000142, 1.941935942175039212E-13, 4.500000000000000000 ) ) ;
#1161 = ORIENTED_EDGE ( 'NONE', *, *, #717, .T. ) ;
#1162 = DIRECTION ( 'NONE',  ( 0.000000000000000000, 0.000000000000000000, 1.000000000000000000 ) ) ;
#1163 = AXIS2_PLACEMENT_3D ( 'NONE', #628, #1398, #409 ) ;
#1164 = FACE_OUTER_BOUND ( 'NONE', #2016, .T. ) ;
#1165 = ORIENTED_EDGE ( 'NONE', *, *, #2260, .F. ) ;
#1166 = CARTESIAN_POINT ( 'NONE',  ( 7.895061204013047451, -23.24836504096360557, 1.249999999999999556 ) ) ;
#1167 = CARTESIAN_POINT ( 'NONE',  ( -7.150000000000017231, 16.02146997001210238, 4.500000000000000888 ) ) ;
#1168 = DIRECTION ( 'NONE',  ( 0.000000000000000000, 0.000000000000000000, -1.000000000000000000 ) ) ;
#1169 = ORIENTED_EDGE ( 'NONE', *, *, #164, .T. ) ;
#1170 = FACE_BOUND ( 'NONE', #156, .T. ) ;
#1171 = CIRCLE ( 'NONE', #1334, 3.400000000000000355 ) ;
#1172 = VECTOR ( 'NONE', #654, 1000.000000000000000 ) ;
#1173 = DIRECTION ( 'NONE',  ( 1.000000000000000000, 0.000000000000000000, -0.000000000000000000 ) ) ;
#1174 = ORIENTED_EDGE ( 'NONE', *, *, #109, .T. ) ;
#1175 = ADVANCED_FACE ( 'NONE', ( #2306 ), #794, .F. ) ;
#1176 = AXIS2_PLACEMENT_3D ( 'NONE', #138, #1804, #1098 ) ;
#1177 = FACE_OUTER_BOUND ( 'NONE', #1906, .T. ) ;
#1178 = VECTOR ( 'NONE', #380, 1000.000000000000000 ) ;
#1179 = DIRECTION ( 'NONE',  ( -0.000000000000000000, -0.000000000000000000, -1.000000000000000000 ) ) ;
#1180 = ORIENTED_EDGE ( 'NONE', *, *, #116, .T. ) ;
#1181 = FACE_OUTER_BOUND ( 'NONE', #370, .T. ) ;
#1182 = AXIS2_PLACEMENT_3D ( 'NONE', #2296, #552, #1159 ) ;
#1183 = EDGE_CURVE ( 'NONE', #2305, #154, #538, .T. ) ;
#1184 = ADVANCED_FACE ( 'NONE', ( #1459 ), #2218, .F. ) ;
#1185 = DIRECTION ( 'NONE',  ( 1.000000000000000000, 0.000000000000000000, 0.000000000000000000 ) ) ;
#1186 = VERTEX_POINT ( 'NONE', #1053 ) ;
#1187 = CARTESIAN_POINT ( 'NONE',  ( -3.208340070450529158, -24.34184947223963746, 1.250000000000000222 ) ) ;
#1188 = FACE_OUTER_BOUND ( 'NONE', #1473, .T. ) ;
#1189 = DIRECTION ( 'NONE',  ( -0.000000000000000000, -0.000000000000000000, -1.000000000000000000 ) ) ;
#1190 = ORIENTED_EDGE ( 'NONE', *, *, #919, .F. ) ;
#1191 = LINE ( 'NONE', #981, #798 ) ;
#1192 = PLANE ( 'NONE',  #1803 ) ;
#1193 = VERTEX_POINT ( 'NONE', #1074 ) ;
#1194 = FACE_OUTER_BOUND ( 'NONE', #30, .T. ) ;
#1195 = VECTOR ( 'NONE', #2041, 1000.000000000000000 ) ;
#1196 = CARTESIAN_POINT ( 'NONE',  ( -9.860761315262647568E-29, 18.50000000000000355, 4.500000000000000000 ) ) ;
#1197 = ADVANCED_FACE ( 'NONE', ( #708 ), #484, .F. ) ;
#1198 = ORIENTED_EDGE ( 'NONE', *, *, #378, .T. ) ;
#1199 = CARTESIAN_POINT ( 'NONE',  ( -22.02198157029757297, -10.85597456261064231, 1.250000000000000000 ) ) ;
#1200 = DIRECTION ( 'NONE',  ( 1.000000000000000000, 0.000000000000000000, 0.000000000000000000 ) ) ;
#1201 = EDGE_CURVE ( 'NONE', #611, #1322, #2406, .T. ) ;
#1202 = EDGE_LOOP ( 'NONE', ( #1251, #1169 ) ) ;
#1203 = EDGE_CURVE ( 'NONE', #672, #1682, #767, .T. ) ;
#1204 = PLANE ( 'NONE',  #2124 ) ;
#1205 = DIRECTION ( 'NONE',  ( -1.000000000000000000, 0.000000000000000000, 0.000000000000000000 ) ) ;
#1206 = CARTESIAN_POINT ( 'NONE',  ( 16.40000000000000213, -3.398394867633783610E-15, 4.500000000000000888 ) ) ;
#1207 = LINE ( 'NONE', #773, #828 ) ;
#1208 = AXIS2_PLACEMENT_3D ( 'NONE', #2373, #57, #2324 ) ;
#1209 = DIRECTION ( 'NONE',  ( 1.000000000000000000, 0.000000000000000000, 0.000000000000000000 ) ) ;
#1210 = ORIENTED_EDGE ( 'NONE', *, *, #1779, .F. ) ;
#1211 = CARTESIAN_POINT ( 'NONE',  ( 24.18559936714102676, -3.993924042178134570, 1.250000000000000000 ) ) ;
#1212 = DIRECTION ( 'NONE',  ( -0.000000000000000000, -0.000000000000000000, -1.000000000000000000 ) ) ;
#1213 = PRODUCT_DEFINITION_SHAPE ( 'NONE', 'NONE',  #2049 ) ;
#1214 = CARTESIAN_POINT ( 'NONE',  ( -20.18416560935230919, 13.90888199519801738, 1.249999999999999556 ) ) ;
#1215 = ORIENTED_EDGE ( 'NONE', *, *, #2370, .T. ) ;
#1216 = VERTEX_POINT ( 'NONE', #1997 ) ;
#1217 = CIRCLE ( 'NONE', #1529, 3.399999999999999911 ) ;
#1218 = AXIS2_PLACEMENT_3D ( 'NONE', #84, #1604, #326 ) ;
#1219 = CARTESIAN_POINT ( 'NONE',  ( 18.12146997001200077, 9.250000000000182965, 4.500000000000000888 ) ) ;
#1220 = CIRCLE ( 'NONE', #2090, 2.100000000000000977 ) ;
#1221 = DIRECTION ( 'NONE',  ( 1.000000000000000000, 0.000000000000000000, -0.000000000000000000 ) ) ;
#1222 = EDGE_CURVE ( 'NONE', #281, #1863, #2280, .T. ) ;
#1223 = CIRCLE ( 'NONE', #697, 2.100000000000000977 ) ;
#1224 = DIRECTION ( 'NONE',  ( 1.000000000000000000, 0.000000000000000000, 0.000000000000000000 ) ) ;
#1225 = ORIENTED_EDGE ( 'NONE', *, *, #2185, .F. ) ;
#1226 = FACE_BOUND ( 'NONE', #1745, .T. ) ;
#1227 = DIRECTION ( 'NONE',  ( 0.000000000000000000, 0.000000000000000000, 1.000000000000000000 ) ) ;
#1228 = ORIENTED_EDGE ( 'NONE', *, *, #855, .F. ) ;
#1229 = AXIS2_PLACEMENT_3D ( 'NONE', #1852, #1066, #532 ) ;
#1230 = DIRECTION ( 'NONE',  ( 0.000000000000000000, 0.000000000000000000, -1.000000000000000000 ) ) ;
#1231 = ORIENTED_EDGE ( 'NONE', *, *, #886, .F. ) ;
#1232 = EDGE_CURVE ( 'NONE', #154, #2305, #1171, .T. ) ;
#1233 = ADVANCED_FACE ( 'NONE', ( #128, #2383 ), #671, .F. ) ;
#1234 = CARTESIAN_POINT ( 'NONE',  ( 24.49999999999999645, 3.000384657911015074E-15, 0.000000000000000000 ) ) ;
#1235 = ADVANCED_FACE ( 'NONE', ( #1423 ), #1432, .F. ) ;
#1236 = DIRECTION ( 'NONE',  ( -1.000000000000000000, 0.000000000000000000, 0.000000000000000000 ) ) ;
#1237 = ORIENTED_EDGE ( 'NONE', *, *, #2062, .T. ) ;
#1238 = FACE_OUTER_BOUND ( 'NONE', #1335, .T. ) ;
#1239 = VECTOR ( 'NONE', #1843, 1000.000000000000000 ) ;
#1240 = DIRECTION ( 'NONE',  ( 1.000000000000000000, 0.000000000000000000, 0.000000000000000000 ) ) ;
#1241 = ORIENTED_EDGE ( 'NONE', *, *, #1418, .F. ) ;
#1242 = FACE_OUTER_BOUND ( 'NONE', #1689, .T. ) ;
#1243 = CARTESIAN_POINT ( 'NONE',  ( -9.250000000000008882, -16.02146997001211659, 21.50000000000000000 ) ) ;
#1244 = ORIENTED_EDGE ( 'NONE', *, *, #1726, .F. ) ;
#1245 = CARTESIAN_POINT ( 'NONE',  ( 11.34999999999999787, -16.02146997001212014, 13.75000000000000000 ) ) ;
#1246 = VECTOR ( 'NONE', #2345, 1000.000000000000000 ) ;
#1247 = DIRECTION ( 'NONE',  ( 1.000000000000000000, 0.000000000000000000, 0.000000000000000000 ) ) ;
#1248 = EDGE_LOOP ( 'NONE', ( #2061, #2327 ) ) ;
#1249 = FACE_OUTER_BOUND ( 'NONE', #54, .T. ) ;
#1250 = CYLINDRICAL_SURFACE ( 'NONE', #2453, 2.100000000000000977 ) ;
#1251 = ORIENTED_EDGE ( 'NONE', *, *, #1674, .T. ) ;
#1252 = CIRCLE ( 'NONE', #1052, 24.00000000000000355 ) ;
#1253 = CARTESIAN_POINT ( 'NONE',  ( 24.49999999999999645, 8.242191661996515388E-11, 2.250000000000000000 ) ) ;
#1254 = EDGE_LOOP ( 'NONE', ( #1392, #2022 ) ) ;
#1255 = DIRECTION ( 'NONE',  ( 1.000000000000000000, 0.000000000000000000, 0.000000000000000000 ) ) ;
#1256 = CARTESIAN_POINT ( 'NONE',  ( 0.000000000000000000, 0.000000000000000000, 9.250000000000000000 ) ) ;
#1257 = AXIS2_PLACEMENT_3D ( 'NONE', #1287, #2212, #137 ) ;
#1258 = ORIENTED_EDGE ( 'NONE', *, *, #2053, .T. ) ;
#1259 = CARTESIAN_POINT ( 'NONE',  ( -5.849999999999796252, 16.02146997001223383, 4.500000000000000000 ) ) ;
#1260 = EDGE_CURVE ( 'NONE', #826, #2191, #1870, .T. ) ;
#1261 = CARTESIAN_POINT ( 'NONE',  ( -18.12146997001211801, 9.250000000000003553, 4.500000000000000888 ) ) ;
#1262 = ORIENTED_EDGE ( 'NONE', *, *, #1268, .F. ) ;
#1263 = EDGE_CURVE ( 'NONE', #1664, #1625, #807, .T. ) ;
#1264 = EDGE_CURVE ( 'NONE', #1543, #2188, #728, .T. ) ;
#1265 = DIRECTION ( 'NONE',  ( 1.000000000000000000, 0.000000000000000000, 0.000000000000000000 ) ) ;
#1266 = DIRECTION ( 'NONE',  ( 1.000000000000000000, 0.000000000000000000, -0.000000000000000000 ) ) ;
#1267 = ORIENTED_EDGE ( 'NONE', *, *, #1679, .T. ) ;
#1268 = EDGE_CURVE ( 'NONE', #1186, #1694, #43, .T. ) ;
#1269 = CARTESIAN_POINT ( 'NONE',  ( 9.249999999999996447, -16.02146997001212014, 13.75000000000000000 ) ) ;
#1270 = DIRECTION ( 'NONE',  ( -0.000000000000000000, -0.000000000000000000, -1.000000000000000000 ) ) ;
#1271 = CARTESIAN_POINT ( 'NONE',  ( 20.60000000000000497, -3.141219039812839562E-15, 13.75000000000000000 ) ) ;
#1272 = VERTEX_POINT ( 'NONE', #1770 ) ;
#1273 = DIRECTION ( 'NONE',  ( 1.000000000000000000, 0.000000000000000000, 0.000000000000000000 ) ) ;
#1274 = DIRECTION ( 'NONE',  ( -0.000000000000000000, -0.000000000000000000, -1.000000000000000000 ) ) ;
#1275 = EDGE_LOOP ( 'NONE', ( #1408, #2448, #1421, #1819 ) ) ;
#1276 = AXIS2_PLACEMENT_3D ( 'NONE', #1947, #447, #1200 ) ;
#1277 = CARTESIAN_POINT ( 'NONE',  ( 13.48591390386603983, 20.59766375688759865, 2.250000000000000888 ) ) ;
#1278 = EDGE_CURVE ( 'NONE', #590, #1434, #2202, .T. ) ;
#1279 = ORIENTED_EDGE ( 'NONE', *, *, #716, .T. ) ;
#1280 = DIRECTION ( 'NONE',  ( 0.000000000000000000, 0.000000000000000000, 1.000000000000000000 ) ) ;
#1281 = DIRECTION ( 'NONE',  ( 1.000000000000000000, 0.000000000000000000, 0.000000000000000000 ) ) ;
#1282 = DIRECTION ( 'NONE',  ( 1.000000000000000000, 0.000000000000000000, 0.000000000000000000 ) ) ;
#1283 = DIRECTION ( 'NONE',  ( 1.000000000000000000, 0.000000000000000000, 0.000000000000000000 ) ) ;
#1284 = ADVANCED_FACE ( 'NONE', ( #1548, #277, #1028, #597, #1170, #613, #1786, #79, #833, #2292, #586, #1353, #407, #2273 ), #2100, .F. ) ;
#1285 = ORIENTED_EDGE ( 'NONE', *, *, #959, .T. ) ;
#1286 = ORIENTED_EDGE ( 'NONE', *, *, #278, .F. ) ;
#1287 = CARTESIAN_POINT ( 'NONE',  ( -9.250000000000017764, 16.02146997001210238, 13.75000000000000000 ) ) ;
#1288 = CARTESIAN_POINT ( 'NONE',  ( 24.49999999999999289, 8.242191640820691707E-11, 1.749999999999999778 ) ) ;
#1289 = ORIENTED_EDGE ( 'NONE', *, *, #1834, .F. ) ;
#1290 = CARTESIAN_POINT ( 'NONE',  ( 22.71229268497974019, 9.502254083562213793, 2.249999999999999556 ) ) ;
#1291 = ORIENTED_EDGE ( 'NONE', *, *, #1264, .F. ) ;
#1292 = AXIS2_PLACEMENT_3D ( 'NONE', #2321, #2119, #68 ) ;
#1293 = CARTESIAN_POINT ( 'NONE',  ( 2.099999999999998757, -18.50000000000000355, 13.75000000000000000 ) ) ;
#1294 = CYLINDRICAL_SURFACE ( 'NONE', #2322, 3.399999999999999911 ) ;
#1295 = DIRECTION ( 'NONE',  ( 0.000000000000000000, 0.000000000000000000, 1.000000000000000000 ) ) ;
#1296 = ADVANCED_FACE ( 'NONE', ( #739 ), #224, .F. ) ;
#1297 = VERTEX_POINT ( 'NONE', #1737 ) ;
#1298 = DIRECTION ( 'NONE',  ( 1.000000000000000000, 0.000000000000000000, 0.000000000000000000 ) ) ;
#1299 = AXIS2_PLACEMENT_3D ( 'NONE', #1067, #2026, #1236 ) ;
#1300 = EDGE_LOOP ( 'NONE', ( #1180, #1785, #500, #877 ) ) ;
#1301 = DIRECTION ( 'NONE',  ( -0.000000000000000000, -0.000000000000000000, 1.000000000000000000 ) ) ;
#1302 = VECTOR ( 'NONE', #1691, 1000.000000000000000 ) ;
#1303 = AXIS2_PLACEMENT_3D ( 'NONE', #1158, #220, #1687 ) ;
#1304 = CYLINDRICAL_SURFACE ( 'NONE', #11, 3.400000000000000355 ) ;
#1305 = ORIENTED_EDGE ( 'NONE', *, *, #1743, .F. ) ;
#1306 = VECTOR ( 'NONE', #1552, 1000.000000000000000 ) ;
#1307 = AXIS2_PLACEMENT_3D ( 'NONE', #29, #1553, #2310 ) ;
#1308 = EDGE_CURVE ( 'NONE', #909, #2272, #1217, .T. ) ;
#1309 = VECTOR ( 'NONE', #686, 1000.000000000000000 ) ;
#1310 = CARTESIAN_POINT ( 'NONE',  ( -18.50000000000000355, 1.937772143057938318E-13, 4.500000000000000000 ) ) ;
#1311 = DIRECTION ( 'NONE',  ( -1.000000000000000000, 0.000000000000000000, 0.000000000000000000 ) ) ;
#1312 = DIRECTION ( 'NONE',  ( 1.000000000000000000, 0.000000000000000000, 0.000000000000000000 ) ) ;
#1313 = ORIENTED_EDGE ( 'NONE', *, *, #717, .F. ) ;
#1314 = EDGE_LOOP ( 'NONE', ( #1986, #1609, #680, #1527 ) ) ;
#1315 = DIRECTION ( 'NONE',  ( 1.000000000000000000, 0.000000000000000000, 0.000000000000000000 ) ) ;
#1316 = EDGE_LOOP ( 'NONE', ( #50, #751, #1050, #834 ) ) ;
#1317 = ORIENTED_EDGE ( 'NONE', *, *, #2192, .F. ) ;
#1318 = CIRCLE ( 'NONE', #989, 2.100000000000000977 ) ;
#1319 = ADVANCED_FACE ( 'NONE', ( #1181 ), #1149, .F. ) ;
#1320 = CARTESIAN_POINT ( 'NONE',  ( -5.850000000000136424, -16.02146997001204554, 4.500000000000000000 ) ) ;
#1321 = DIRECTION ( 'NONE',  ( -1.000000000000000000, 0.000000000000000000, 0.000000000000000000 ) ) ;
#1322 = VERTEX_POINT ( 'NONE', #1120 ) ;
#1323 = DIRECTION ( 'NONE',  ( 1.000000000000000000, 0.000000000000000000, 0.000000000000000000 ) ) ;
#1324 = EDGE_LOOP ( 'NONE', ( #1904, #354, #2242, #1431 ) ) ;
#1325 = AXIS2_PLACEMENT_3D ( 'NONE', #293, #2295, #1025 ) ;
#1326 = DIRECTION ( 'NONE',  ( -1.000000000000000000, 0.000000000000000000, 0.000000000000000000 ) ) ;
#1327 = ORIENTED_EDGE ( 'NONE', *, *, #4, .T. ) ;
#1328 = CIRCLE ( 'NONE', #334, 21.98999999999999844 ) ;
#1329 = DIRECTION ( 'NONE',  ( 1.000000000000000000, 0.000000000000000000, 0.000000000000000000 ) ) ;
#1330 = CARTESIAN_POINT ( 'NONE',  ( 9.249999999999996447, -16.02146997001212014, 4.500000000000000000 ) ) ;
#1331 = DIRECTION ( 'NONE',  ( 1.000000000000000000, 0.000000000000000000, 0.000000000000000000 ) ) ;
#1332 = ORIENTED_EDGE ( 'NONE', *, *, #193, .T. ) ;
#1333 =( NAMED_UNIT ( * ) SI_UNIT ( $, .STERADIAN. ) SOLID_ANGLE_UNIT ( ) );
#1334 = AXIS2_PLACEMENT_3D ( 'NONE', #2229, #1845, #858 ) ;
#1335 = EDGE_LOOP ( 'NONE', ( #1347, #1900, #485, #507 ) ) ;
#1336 = EDGE_CURVE ( 'NONE', #435, #645, #854, .T. ) ;
#1337 = ADVANCED_FACE ( 'NONE', ( #952 ), #2308, .F. ) ;
#1338 = DIRECTION ( 'NONE',  ( -0.000000000000000000, -0.000000000000000000, -1.000000000000000000 ) ) ;
#1339 = AXIS2_PLACEMENT_3D ( 'NONE', #1751, #1400, #2162 ) ;
#1340 = CIRCLE ( 'NONE', #576, 3.400000000000000355 ) ;
#1341 = EDGE_LOOP ( 'NONE', ( #369, #1516 ) ) ;
#1342 = AXIS2_PLACEMENT_3D ( 'NONE', #1508, #2457, #1323 ) ;
#1343 = AXIS2_PLACEMENT_3D ( 'NONE', #734, #1539, #551 ) ;
#1344 = FACE_OUTER_BOUND ( 'NONE', #2039, .T. ) ;
#1345 = EDGE_LOOP ( 'NONE', ( #2268, #1672 ) ) ;
#1346 = AXIS2_PLACEMENT_3D ( 'NONE', #2038, #148, #721 ) ;
#1347 = ORIENTED_EDGE ( 'NONE', *, *, #999, .T. ) ;
#1348 = CARTESIAN_POINT ( 'NONE',  ( 12.64999999999999680, -16.02146997001212014, 4.500000000000000000 ) ) ;
#1349 = ORIENTED_EDGE ( 'NONE', *, *, #1612, .T. ) ;
#1350 = DIRECTION ( 'NONE',  ( -0.000000000000000000, -0.000000000000000000, 1.000000000000000000 ) ) ;
#1351 = DIRECTION ( 'NONE',  ( 0.000000000000000000, 0.000000000000000000, -1.000000000000000000 ) ) ;
#1352 = ORIENTED_EDGE ( 'NONE', *, *, #540, .F. ) ;
#1353 = FACE_BOUND ( 'NONE', #1345, .T. ) ;
#1354 = DIRECTION ( 'NONE',  ( -1.000000000000000000, 0.000000000000000000, 0.000000000000000000 ) ) ;
#1355 = CARTESIAN_POINT ( 'NONE',  ( 5.850000000000020961, 16.02146997001210238, 0.000000000000000000 ) ) ;
#1356 = DIRECTION ( 'NONE',  ( 1.000000000000000000, 0.000000000000000000, 0.000000000000000000 ) ) ;
#1357 = EDGE_LOOP ( 'NONE', ( #1826, #1396 ) ) ;
#1358 = PLANE ( 'NONE',  #146 ) ;
#1359 = ORIENTED_EDGE ( 'NONE', *, *, #1147, .F. ) ;
#1360 = DIRECTION ( 'NONE',  ( -0.000000000000000000, -0.000000000000000000, -1.000000000000000000 ) ) ;
#1361 = ORIENTED_EDGE ( 'NONE', *, *, #465, .F. ) ;
#1362 = CARTESIAN_POINT ( 'NONE',  ( 21.89999999999999858, -6.417602485688778300E-14, 0.000000000000000000 ) ) ;
#1363 = DIRECTION ( 'NONE',  ( 0.000000000000000000, 0.000000000000000000, -1.000000000000000000 ) ) ;
#1364 = DIRECTION ( 'NONE',  ( 0.000000000000000000, 0.000000000000000000, -1.000000000000000000 ) ) ;
#1365 = CARTESIAN_POINT ( 'NONE',  ( 0.000000000000000000, 0.000000000000000000, 4.500000000000000000 ) ) ;
#1366 = ORIENTED_EDGE ( 'NONE', *, *, #40, .F. ) ;
#1367 = DIRECTION ( 'NONE',  ( 0.000000000000000000, 0.000000000000000000, 1.000000000000000000 ) ) ;
#1368 = CIRCLE ( 'NONE', #296, 3.400000000000000355 ) ;
#1369 = DIRECTION ( 'NONE',  ( 0.000000000000000000, 0.000000000000000000, 1.000000000000000000 ) ) ;
#1370 = VERTEX_POINT ( 'NONE', #1111 ) ;
#1371 = CARTESIAN_POINT ( 'NONE',  ( 12.62146997001207716, -9.250000000000078160, 0.000000000000000000 ) ) ;
#1372 = LINE ( 'NONE', #1983, #245 ) ;
#1373 = ORIENTED_EDGE ( 'NONE', *, *, #2378, .F. ) ;
#1374 = LINE ( 'NONE', #2108, #924 ) ;
#1375 = COLOUR_RGB ( '',0.7921568627450980005, 0.8196078431372548767, 0.9333333333333333481 ) ;
#1376 = CARTESIAN_POINT ( 'NONE',  ( -13.50000000000000000, 0.000000000000000000, 0.000000000000000000 ) ) ;
#1377 = DIRECTION ( 'NONE',  ( -0.000000000000000000, -0.000000000000000000, -1.000000000000000000 ) ) ;
#1378 = CIRCLE ( 'NONE', #1497, 3.400000000000000355 ) ;
#1379 = CARTESIAN_POINT ( 'NONE',  ( 15.09999999999999964, -6.459240476859787241E-14, 4.500000000000000000 ) ) ;
#1380 = ORIENTED_EDGE ( 'NONE', *, *, #583, .T. ) ;
#1381 = CARTESIAN_POINT ( 'NONE',  ( 24.46069230488243207, -1.603292248699927258, 1.250000000000000000 ) ) ;
#1382 = DIRECTION ( 'NONE',  ( 1.000000000000000000, 0.000000000000000000, 0.000000000000000000 ) ) ;
#1383 = ORIENTED_EDGE ( 'NONE', *, *, #61, .T. ) ;
#1384 = EDGE_CURVE ( 'NONE', #1011, #1650, #986, .T. ) ;
#1385 = DIRECTION ( 'NONE',  ( 0.000000000000000000, 0.000000000000000000, 1.000000000000000000 ) ) ;
#1386 = PRODUCT ( '\X2\5927517382828f74\X0\-2A', '\X2\5927517382828f74\X0\-2A', '', ( #364 ) ) ;
#1387 = DIRECTION ( 'NONE',  ( -0.000000000000000000, -0.000000000000000000, -1.000000000000000000 ) ) ;
#1388 = DIRECTION ( 'NONE',  ( -0.000000000000000000, -0.000000000000000000, -1.000000000000000000 ) ) ;
#1389 = AXIS2_PLACEMENT_3D ( 'NONE', #253, #1377, #630 ) ;
#1390 = CIRCLE ( 'NONE', #1276, 3.400000000000000355 ) ;
#1391 = CARTESIAN_POINT ( 'NONE',  ( 12.62146997001207716, -9.250000000000078160, 4.500000000000000000 ) ) ;
#1392 = ORIENTED_EDGE ( 'NONE', *, *, #746, .F. ) ;
#1393 = CARTESIAN_POINT ( 'NONE',  ( -12.25643206498213544, -21.22903359481426833, 1.249999999999999778 ) ) ;
#1394 = ADVANCED_FACE ( 'NONE', ( #1079, #1119 ), #2155, .F. ) ;
#1395 = CARTESIAN_POINT ( 'NONE',  ( 9.250000000000021316, 16.02146997001210238, 4.500000000000000000 ) ) ;
#1396 = ORIENTED_EDGE ( 'NONE', *, *, #2423, .F. ) ;
#1397 = CARTESIAN_POINT ( 'NONE',  ( 18.50000000000000000, -6.459240476859787241E-14, 4.500000000000000000 ) ) ;
#1398 = DIRECTION ( 'NONE',  ( -0.000000000000000000, -0.000000000000000000, -1.000000000000000000 ) ) ;
#1399 = PLANE ( 'NONE',  #740 ) ;
#1400 = DIRECTION ( 'NONE',  ( 0.000000000000000000, 0.000000000000000000, 1.000000000000000000 ) ) ;
#1401 = ORIENTED_EDGE ( 'NONE', *, *, #1987, .F. ) ;
#1402 = CYLINDRICAL_SURFACE ( 'NONE', #49, 2.100000000000000977 ) ;
#1403 = CARTESIAN_POINT ( 'NONE',  ( -24.50001494253221779, 1.198323164258377149E-09, 1.249999999999999778 ) ) ;
#1404 = EDGE_CURVE ( 'NONE', #1434, #590, #1223, .T. ) ;
#1405 = EDGE_LOOP ( 'NONE', ( #1677, #2435, #1915, #1361 ) ) ;
#1406 = DIRECTION ( 'NONE',  ( 1.000000000000000000, 0.000000000000000000, -0.000000000000000000 ) ) ;
#1407 = CARTESIAN_POINT ( 'NONE',  ( -13.50000000000000000, 0.000000000000000000, 4.500000000000000000 ) ) ;
#1408 = ORIENTED_EDGE ( 'NONE', *, *, #2472, .T. ) ;
#1409 = CIRCLE ( 'NONE', #381, 2.100000000000000977 ) ;
#1410 = CARTESIAN_POINT ( 'NONE',  ( -16.40000000000000213, 1.389974117032123275E-15, 13.75000000000000000 ) ) ;
#1411 = CIRCLE ( 'NONE', #1099, 2.100000000000000977 ) ;
#1412 = CIRCLE ( 'NONE', #1342, 2.100000000000000977 ) ;
#1413 = VECTOR ( 'NONE', #1502, 1000.000000000000000 ) ;
#1414 = DIRECTION ( 'NONE',  ( 0.000000000000000000, 0.000000000000000000, 1.000000000000000000 ) ) ;
#1415 = CARTESIAN_POINT ( 'NONE',  ( -24.00020160618100462, -0.0005031721577146182475, 2.250000000000000000 ) ) ;
#1416 = ADVANCED_FACE ( 'NONE', ( #64 ), #2082, .F. ) ;
#1417 = EDGE_LOOP ( 'NONE', ( #1801, #1720, #284, #2140 ) ) ;
#1418 = EDGE_CURVE ( 'NONE', #684, #1483, #2250, .T. ) ;
#1419 = FILL_AREA_STYLE_COLOUR ( '', #1375 ) ;
#1420 = VECTOR ( 'NONE', #70, 1000.000000000000000 ) ;
#1421 = ORIENTED_EDGE ( 'NONE', *, *, #150, .F. ) ;
#1422 = AXIS2_PLACEMENT_3D ( 'NONE', #1630, #121, #712 ) ;
#1423 = FACE_OUTER_BOUND ( 'NONE', #2236, .T. ) ;
#1424 = VERTEX_POINT ( 'NONE', #1696 ) ;
#1425 = CYLINDRICAL_SURFACE ( 'NONE', #141, 3.399999999999998579 ) ;
#1426 = EDGE_LOOP ( 'NONE', ( #535, #1477, #216, #1118 ) ) ;
#1427 = EDGE_CURVE ( 'NONE', #694, #2353, #2454, .T. ) ;
#1428 = LINE ( 'NONE', #878, #929 ) ;
#1429 = CIRCLE ( 'NONE', #831, 3.399999999999999911 ) ;
#1430 = DIRECTION ( 'NONE',  ( 0.000000000000000000, 0.000000000000000000, -1.000000000000000000 ) ) ;
#1431 = ORIENTED_EDGE ( 'NONE', *, *, #618, .F. ) ;
#1432 = CYLINDRICAL_SURFACE ( 'NONE', #2166, 2.100000000000000977 ) ;
#1433 = EDGE_CURVE ( 'NONE', #1370, #2191, #445, .T. ) ;
#1434 = VERTEX_POINT ( 'NONE', #1167 ) ;
#1435 = ADVANCED_FACE ( 'NONE', ( #1188 ), #1945, .F. ) ;
#1436 = DIRECTION ( 'NONE',  ( 0.000000000000000000, 0.000000000000000000, 1.000000000000000000 ) ) ;
#1437 = AXIS2_PLACEMENT_3D ( 'NONE', #691, #328, #573 ) ;
#1438 = FACE_OUTER_BOUND ( 'NONE', #870, .T. ) ;
#1439 = DIRECTION ( 'NONE',  ( 1.000000000000000000, 0.000000000000000000, 0.000000000000000000 ) ) ;
#1440 = CIRCLE ( 'NONE', #6, 21.98999999999999844 ) ;
#1441 = EDGE_LOOP ( 'NONE', ( #2409, #788, #1940 ) ) ;
#1442 = CARTESIAN_POINT ( 'NONE',  ( -9.249999999999795719, 16.02146997001223383, 4.500000000000000000 ) ) ;
#1443 = SURFACE_SIDE_STYLE ('',( #1468 ) ) ;
#1444 = EDGE_LOOP ( 'NONE', ( #1198, #1100, #111, #327 ) ) ;
#1445 = CARTESIAN_POINT ( 'NONE',  ( 16.02146997001211304, -9.250000000000008882, 4.500000000000000888 ) ) ;
#1446 = EDGE_LOOP ( 'NONE', ( #1703, #1704, #1285, #1805 ) ) ;
#1447 = AXIS2_PLACEMENT_3D ( 'NONE', #2103, #2068, #190 ) ;
#1448 = PLANE ( 'NONE',  #519 ) ;
#1449 = AXIS2_PLACEMENT_3D ( 'NONE', #565, #195, #1331 ) ;
#1450 = CIRCLE ( 'NONE', #1771, 3.399999999999999911 ) ;
#1451 = EDGE_CURVE ( 'NONE', #398, #1297, #351, .T. ) ;
#1452 = CARTESIAN_POINT ( 'NONE',  ( -9.249999999999795719, 16.02146997001223383, 4.500000000000000000 ) ) ;
#1453 = CARTESIAN_POINT ( 'NONE',  ( -9.249999999999795719, 16.02146997001223383, 0.000000000000000000 ) ) ;
#1454 = ORIENTED_EDGE ( 'NONE', *, *, #368, .F. ) ;
#1455 = DIRECTION ( 'NONE',  ( -0.000000000000000000, -0.000000000000000000, -1.000000000000000000 ) ) ;
#1456 = AXIS2_PLACEMENT_3D ( 'NONE', #259, #978, #2318 ) ;
#1457 = DIRECTION ( 'NONE',  ( -0.000000000000000000, -0.000000000000000000, -1.000000000000000000 ) ) ;
#1458 = ORIENTED_EDGE ( 'NONE', *, *, #713, .F. ) ;
#1459 = FACE_OUTER_BOUND ( 'NONE', #1715, .T. ) ;
#1460 = VERTEX_POINT ( 'NONE', #2023 ) ;
#1461 = EDGE_CURVE ( 'NONE', #469, #479, #147, .T. ) ;
#1462 = DIRECTION ( 'NONE',  ( 0.000000000000000000, 0.000000000000000000, -1.000000000000000000 ) ) ;
#1463 = DIRECTION ( 'NONE',  ( 1.000000000000000000, 0.000000000000000000, 0.000000000000000000 ) ) ;
#1464 = CYLINDRICAL_SURFACE ( 'NONE', #1299, 2.100000000000000977 ) ;
#1465 = ORIENTED_EDGE ( 'NONE', *, *, #1461, .T. ) ;
#1466 = CARTESIAN_POINT ( 'NONE',  ( 24.49999999999999645, 8.242191661996515388E-11, 2.250000000000000000 ) ) ;
#1467 = ADVANCED_FACE ( 'NONE', ( #1847 ), #1076, .F. ) ;
#1468 = SURFACE_STYLE_FILL_AREA ( #2179 ) ;
#1469 = VERTEX_POINT ( 'NONE', #1902 ) ;
#1470 = CLOSED_SHELL ( 'NONE', ( #2263, #1517, #1946, #210, #1143, #701, #793, #762, #2213, #2424, #1739, #301, #2181, #42, #2403, #1184, #446, #1467, #823, #1043, #424, #673, #428, #2256, #612, #16, #2257, #1197, #1499, #2080, #169, #1048, #441, #1284, #1528, #1416, #344, #631, #2447, #436, #1972, #192, #26, #1235, #243, #1296, #454, #502, #2037, #2134, #1319, #550, #2303, #1144, #287, #183, #991, #1394, #1077, #83, #1337, #1233, #1013, #125, #1435, #1838, #2417, #1854, #486, #1818, #1175, #2138, #392, #1708, #2288, #95, #720, #1010, #2045 ) ) ;
#1471 = CIRCLE ( 'NONE', #1791, 3.400000000000000355 ) ;
#1472 = CARTESIAN_POINT ( 'NONE',  ( -9.860761315262647568E-29, 18.50000000000000355, 21.50000000000000000 ) ) ;
#1473 = EDGE_LOOP ( 'NONE', ( #1793, #899, #1930, #2440 ) ) ;
#1474 = CYLINDRICAL_SURFACE ( 'NONE', #161, 3.400000000000000355 ) ;
#1475 = FACE_OUTER_BOUND ( 'NONE', #497, .T. ) ;
#1476 = CARTESIAN_POINT ( 'NONE',  ( -9.250000000000136779, -16.02146997001204554, 4.500000000000000000 ) ) ;
#1477 = ORIENTED_EDGE ( 'NONE', *, *, #1138, .T. ) ;
#1478 = ORIENTED_EDGE ( 'NONE', *, *, #1959, .F. ) ;
#1479 = EDGE_CURVE ( 'NONE', #233, #1027, #2473, .T. ) ;
#1480 = CARTESIAN_POINT ( 'NONE',  ( -16.02146997001212014, -9.249999999999998224, 13.75000000000000000 ) ) ;
#1481 = ORIENTED_EDGE ( 'NONE', *, *, #1427, .F. ) ;
#1482 = FACE_OUTER_BOUND ( 'NONE', #1314, .T. ) ;
#1483 = VERTEX_POINT ( 'NONE', #1523 ) ;
#1484 = AXIS2_PLACEMENT_3D ( 'NONE', #1014, #818, #1141 ) ;
#1485 = EDGE_CURVE ( 'NONE', #425, #2246, #1935, .T. ) ;
#1486 = CARTESIAN_POINT ( 'NONE',  ( -21.98999999999999844, 2.692998311325029237E-15, 9.249999999999994671 ) ) ;
#1487 = FACE_OUTER_BOUND ( 'NONE', #1446, .T. ) ;
#1488 = EDGE_LOOP ( 'NONE', ( #755, #914 ) ) ;
#1489 = EDGE_LOOP ( 'NONE', ( #2276, #1506, #2069, #1478 ) ) ;
#1490 = AXIS2_PLACEMENT_3D ( 'NONE', #898, #91, #1611 ) ;
#1491 = AXIS2_PLACEMENT_3D ( 'NONE', #837, #478, #1247 ) ;
#1492 = CARTESIAN_POINT ( 'NONE',  ( 13.50000000000000000, 1.653273178848926867E-15, 4.500000000000000000 ) ) ;
#1493 = ORIENTED_EDGE ( 'NONE', *, *, #247, .T. ) ;
#1494 = CIRCLE ( 'NONE', #307, 21.98999999999999844 ) ;
#1495 = FACE_BOUND ( 'NONE', #2121, .T. ) ;
#1496 = VERTEX_POINT ( 'NONE', #179 ) ;
#1497 = AXIS2_PLACEMENT_3D ( 'NONE', #397, #1146, #1914 ) ;
#1498 = DIRECTION ( 'NONE',  ( 1.000000000000000000, 0.000000000000000000, 0.000000000000000000 ) ) ;
#1499 = ADVANCED_FACE ( 'NONE', ( #2267 ), #949, .T. ) ;
#1500 = CARTESIAN_POINT ( 'NONE',  ( -18.50000000000000355, 1.937772143057938318E-13, 0.000000000000000000 ) ) ;
#1501 = AXIS2_PLACEMENT_3D ( 'NONE', #1733, #439, #2350 ) ;
#1502 = DIRECTION ( 'NONE',  ( -0.000000000000000000, -0.000000000000000000, -1.000000000000000000 ) ) ;
#1503 = CARTESIAN_POINT ( 'NONE',  ( -0.0002016061809995139953, -0.0005031721577175574112, 1.249999999999999778 ) ) ;
#1504 = ORIENTED_EDGE ( 'NONE', *, *, #2146, .T. ) ;
#1505 = EDGE_CURVE ( 'NONE', #1460, #2301, #819, .T. ) ;
#1506 = ORIENTED_EDGE ( 'NONE', *, *, #727, .T. ) ;
#1507 = DIRECTION ( 'NONE',  ( -1.000000000000000000, 0.000000000000000000, 0.000000000000000000 ) ) ;
#1508 = CARTESIAN_POINT ( 'NONE',  ( 9.249999999999795719, 16.02146997001223383, 4.500000000000000888 ) ) ;
#1509 = ORIENTED_EDGE ( 'NONE', *, *, #158, .T. ) ;
#1510 = ORIENTED_EDGE ( 'NONE', *, *, #140, .F. ) ;
#1511 = CIRCLE ( 'NONE', #323, 14.51999999999999957 ) ;
#1512 = CARTESIAN_POINT ( 'NONE',  ( -13.50000000000000000, 0.000000000000000000, 4.500000000000000000 ) ) ;
#1513 = DIRECTION ( 'NONE',  ( 0.000000000000000000, 0.000000000000000000, -1.000000000000000000 ) ) ;
#1514 = ORIENTED_EDGE ( 'NONE', *, *, #1588, .F. ) ;
#1515 = DIRECTION ( 'NONE',  ( 1.000000000000000000, 0.000000000000000000, 0.000000000000000000 ) ) ;
#1516 = ORIENTED_EDGE ( 'NONE', *, *, #1612, .F. ) ;
#1517 = ADVANCED_FACE ( 'NONE', ( #359 ), #1757, .T. ) ;
#1518 = DIRECTION ( 'NONE',  ( 0.000000000000000000, 0.000000000000000000, 1.000000000000000000 ) ) ;
#1519 = VERTEX_POINT ( 'NONE', #1790 ) ;
#1520 = AXIS2_PLACEMENT_3D ( 'NONE', #2349, #69, #641 ) ;
#1521 = EDGE_CURVE ( 'NONE', #672, #2468, #873, .T. ) ;
#1522 = DIRECTION ( 'NONE',  ( 0.000000000000000000, 0.000000000000000000, 1.000000000000000000 ) ) ;
#1523 = CARTESIAN_POINT ( 'NONE',  ( 13.92146997001199971, 9.250000000000182965, 4.500000000000000888 ) ) ;
#1524 = CARTESIAN_POINT ( 'NONE',  ( 16.02146997001207751, -9.250000000000078160, 4.500000000000000000 ) ) ;
#1525 = FACE_OUTER_BOUND ( 'NONE', #1300, .T. ) ;
#1526 =( NAMED_UNIT ( * ) PLANE_ANGLE_UNIT ( ) SI_UNIT ( $, .RADIAN. ) );
#1527 = ORIENTED_EDGE ( 'NONE', *, *, #2366, .F. ) ;
#1528 = ADVANCED_FACE ( 'NONE', ( #2001 ), #2187, .T. ) ;
#1529 = AXIS2_PLACEMENT_3D ( 'NONE', #32, #1367, #426 ) ;
#1530 = ORIENTED_EDGE ( 'NONE', *, *, #1461, .F. ) ;
#1531 = PRODUCT_DEFINITION_FORMATION_WITH_SPECIFIED_SOURCE ( 'å¯', '', #1386, .NOT_KNOWN. ) ;
#1532 = CARTESIAN_POINT ( 'NONE',  ( 14.51999999999999957, 1.778187152361956765E-15, 2.250000000000000000 ) ) ;
#1533 = AXIS2_PLACEMENT_3D ( 'NONE', #523, #1979, #2176 ) ;
#1534 = FACE_OUTER_BOUND ( 'NONE', #1752, .T. ) ;
#1535 = EDGE_LOOP ( 'NONE', ( #1190, #2099 ) ) ;
#1536 = AXIS2_PLACEMENT_3D ( 'NONE', #593, #442, #2113 ) ;
#1537 = AXIS2_PLACEMENT_3D ( 'NONE', #1569, #953, #835 ) ;
#1538 = CYLINDRICAL_SURFACE ( 'NONE', #1163, 2.100000000000000977 ) ;
#1539 = DIRECTION ( 'NONE',  ( -0.000000000000000000, -0.000000000000000000, -1.000000000000000000 ) ) ;
#1540 = CARTESIAN_POINT ( 'NONE',  ( -22.48499999999999943, 0.000000000000000000, 9.250000000000000000 ) ) ;
#1541 = CARTESIAN_POINT ( 'NONE',  ( 7.149999999999795186, 16.02146997001223383, 21.50000000000000000 ) ) ;
#1542 = AXIS2_PLACEMENT_3D ( 'NONE', #1839, #498, #325 ) ;
#1543 = VERTEX_POINT ( 'NONE', #2123 ) ;
#1544 = FACE_OUTER_BOUND ( 'NONE', #36, .T. ) ;
#1545 = ORIENTED_EDGE ( 'NONE', *, *, #2067, .T. ) ;
#1546 = DIRECTION ( 'NONE',  ( 1.000000000000000000, 0.000000000000000000, 0.000000000000000000 ) ) ;
#1547 = ORIENTED_EDGE ( 'NONE', *, *, #2456, .F. ) ;
#1548 = FACE_BOUND ( 'NONE', #1488, .T. ) ;
#1549 = CARTESIAN_POINT ( 'NONE',  ( -18.12146997001212156, -9.249999999999998224, 13.75000000000000000 ) ) ;
#1550 = FACE_OUTER_BOUND ( 'NONE', #1405, .T. ) ;
#1551 = CIRCLE ( 'NONE', #785, 2.100000000000000977 ) ;
#1552 = DIRECTION ( 'NONE',  ( -0.000000000000000000, -0.000000000000000000, -1.000000000000000000 ) ) ;
#1553 = DIRECTION ( 'NONE',  ( 0.000000000000000000, 0.000000000000000000, 1.000000000000000000 ) ) ;
#1554 = EDGE_LOOP ( 'NONE', ( #375, #1910, #555, #2034 ) ) ;
#1555 = DIRECTION ( 'NONE',  ( -1.000000000000000000, 0.000000000000000000, 0.000000000000000000 ) ) ;
#1556 = ORIENTED_EDGE ( 'NONE', *, *, #1278, .T. ) ;
#1557 = DIRECTION ( 'NONE',  ( -1.000000000000000000, 0.000000000000000000, 0.000000000000000000 ) ) ;
#1558 = DIRECTION ( 'NONE',  ( 1.000000000000000000, 0.000000000000000000, 0.000000000000000000 ) ) ;
#1559 = EDGE_CURVE ( 'NONE', #2441, #200, #388, .T. ) ;
#1560 = ORIENTED_EDGE ( 'NONE', *, *, #1581, .T. ) ;
#1561 = AXIS2_PLACEMENT_3D ( 'NONE', #1769, #2158, #1406 ) ;
#1562 = EDGE_CURVE ( 'NONE', #547, #611, #756, .T. ) ;
#1563 = CYLINDRICAL_SURFACE ( 'NONE', #1484, 2.100000000000000533 ) ;
#1564 = CARTESIAN_POINT ( 'NONE',  ( 16.02146997001214501, 9.249999999999964473, 4.500000000000000000 ) ) ;
#1565 = CARTESIAN_POINT ( 'NONE',  ( -13.92146997001211872, -9.249999999999998224, 21.50000000000000000 ) ) ;
#1566 = DIRECTION ( 'NONE',  ( 0.000000000000000000, 0.000000000000000000, 1.000000000000000000 ) ) ;
#1567 = ORIENTED_EDGE ( 'NONE', *, *, #1835, .F. ) ;
#1568 = CARTESIAN_POINT ( 'NONE',  ( 22.02112700653257704, -10.85800594668367225, 1.249999999999999778 ) ) ;
#1569 = CARTESIAN_POINT ( 'NONE',  ( -9.249999999999795719, 16.02146997001223383, 4.500000000000000000 ) ) ;
#1570 = CARTESIAN_POINT ( 'NONE',  ( -9.860761315262647568E-29, 18.50000000000000355, 4.500000000000000000 ) ) ;
#1571 = ORIENTED_EDGE ( 'NONE', *, *, #465, .T. ) ;
#1572 = AXIS2_PLACEMENT_3D ( 'NONE', #1442, #124, #1273 ) ;
#1573 = CARTESIAN_POINT ( 'NONE',  ( 24.49999999999999645, 8.242191661996515388E-11, 1.249999999999999778 ) ) ;
#1574 = ORIENTED_EDGE ( 'NONE', *, *, #1479, .T. ) ;
#1575 = EDGE_CURVE ( 'NONE', #1322, #611, #659, .T. ) ;
#1576 = DIRECTION ( 'NONE',  ( -1.000000000000000000, 0.000000000000000000, 0.000000000000000000 ) ) ;
#1577 = CARTESIAN_POINT ( 'NONE',  ( -16.02146997001211659, 9.250000000000003553, 13.75000000000000000 ) ) ;
#1578 = DIRECTION ( 'NONE',  ( 0.000000000000000000, 0.000000000000000000, 1.000000000000000000 ) ) ;
#1579 = ORIENTED_EDGE ( 'NONE', *, *, #2083, .T. ) ;
#1580 = CARTESIAN_POINT ( 'NONE',  ( 14.92238802867350778, -19.44782330459854691, 1.249999999999999778 ) ) ;
#1581 = EDGE_CURVE ( 'NONE', #1664, #1116, #569, .T. ) ;
#1582 = CARTESIAN_POINT ( 'NONE',  ( 9.249999999999795719, 16.02146997001223383, 13.75000000000000000 ) ) ;
#1583 = ORIENTED_EDGE ( 'NONE', *, *, #1851, .T. ) ;
#1584 = DIRECTION ( 'NONE',  ( -0.000000000000000000, -0.000000000000000000, -1.000000000000000000 ) ) ;
#1585 = FACE_OUTER_BOUND ( 'NONE', #724, .T. ) ;
#1586 = DIRECTION ( 'NONE',  ( 0.000000000000000000, 0.000000000000000000, -1.000000000000000000 ) ) ;
#1587 = EDGE_LOOP ( 'NONE', ( #1509, #726, #2145, #1798 ) ) ;
#1588 = EDGE_CURVE ( 'NONE', #1917, #1153, #2094, .T. ) ;
#1589 = DIRECTION ( 'NONE',  ( 0.000000000000000000, 0.000000000000000000, 1.000000000000000000 ) ) ;
#1590 = DIRECTION ( 'NONE',  ( -0.000000000000000000, -0.000000000000000000, -1.000000000000000000 ) ) ;
#1591 = AXIS2_PLACEMENT_3D ( 'NONE', #157, #333, #1864 ) ;
#1592 = EDGE_CURVE ( 'NONE', #173, #1543, #145, .T. ) ;
#1593 = CYLINDRICAL_SURFACE ( 'NONE', #2091, 24.00000000000000355 ) ;
#1594 = CARTESIAN_POINT ( 'NONE',  ( -16.02146997001200646, 9.250000000000188294, 4.500000000000000000 ) ) ;
#1595 = EDGE_LOOP ( 'NONE', ( #362, #955, #315, #1359 ) ) ;
#1596 = CARTESIAN_POINT ( 'NONE',  ( 1.603888218300597579, -24.50007821671536234, 1.250000000000000000 ) ) ;
#1597 = EDGE_CURVE ( 'NONE', #904, #143, #2024, .T. ) ;
#1598 = CARTESIAN_POINT ( 'NONE',  ( -24.35111190635036493, 3.113141637866981171, 1.250000000000000000 ) ) ;
#1599 = ORIENTED_EDGE ( 'NONE', *, *, #2370, .F. ) ;
#1600 = DIRECTION ( 'NONE',  ( -1.000000000000000000, 0.000000000000000000, 0.000000000000000000 ) ) ;
#1601 = B_SPLINE_CURVE_WITH_KNOTS ( 'NONE', 3,
 ( #1794, #431, #37, #622, #256, #1199, #1767, #1944, #1956, #1741, #282, #802, #1393, #2115, #86, #815, #73, #2154, #242, #1187, #2315, #1596, #789, #1035, #1166, #1931, #609, #2126, #2354, #993, #1580, #1982, #1753, #2328, #1782, #646, #1568, #230, #51, #1211, #839, #1381, #1606, #2141 ),
 .UNSPECIFIED., .F., .F.,
 ( 4, 2, 2, 2, 2, 2, 2, 2, 2, 2, 2, 2, 2, 2, 2, 2, 2, 2, 2, 2, 2, 4 ),
 ( 0.1952379871960105706, 0.2455356129962599221, 0.2958332387965092458, 0.3461308645967585695, 0.3964284903970078933, 0.4467261161972572170, 0.4718749290973819344, 0.4970237419975066517, 0.5221725548976312581, 0.5473213677977559755, 0.5976189935980052992, 0.6479166193982546229, 0.6982142451985039466, 0.7233630580986286640, 0.7485118709987532704, 0.7736606838988779877, 0.7988094967990027051, 0.8491071225992520288, 0.8994047483995013526, 0.9497023741997506763, 0.9748511870998752826, 1.000000000000000000 ),
 .UNSPECIFIED. ) ;
#1602 = ORIENTED_EDGE ( 'NONE', *, *, #1232, .T. ) ;
#1603 = DIRECTION ( 'NONE',  ( 0.000000000000000000, 0.000000000000000000, 1.000000000000000000 ) ) ;
#1604 = DIRECTION ( 'NONE',  ( 0.000000000000000000, 0.000000000000000000, 1.000000000000000000 ) ) ;
#1605 = EDGE_LOOP ( 'NONE', ( #1465, #745 ) ) ;
#1606 = CARTESIAN_POINT ( 'NONE',  ( 24.49999999999999645, -0.8029060022993336210, 1.249999999999999778 ) ) ;
#1607 = VECTOR ( 'NONE', #587, 1000.000000000000000 ) ;
#1608 = DIRECTION ( 'NONE',  ( 0.000000000000000000, 0.000000000000000000, 1.000000000000000000 ) ) ;
#1609 = ORIENTED_EDGE ( 'NONE', *, *, #796, .T. ) ;
#1610 = LINE ( 'NONE', #1407, #918 ) ;
#1611 = DIRECTION ( 'NONE',  ( 1.000000000000000000, 0.000000000000000000, 0.000000000000000000 ) ) ;
#1612 = EDGE_CURVE ( 'NONE', #559, #1884, #1975, .T. ) ;
#1613 = ORIENTED_EDGE ( 'NONE', *, *, #531, .F. ) ;
#1614 = CIRCLE ( 'NONE', #1653, 2.100000000000000977 ) ;
#1615 = AXIS2_PLACEMENT_3D ( 'NONE', #553, #374, #1321 ) ;
#1616 = CARTESIAN_POINT ( 'NONE',  ( 7.149999999999995026, -16.02146997001212014, 4.500000000000000888 ) ) ;
#1617 = CIRCLE ( 'NONE', #470, 14.51999999999999957 ) ;
#1618 = VECTOR ( 'NONE', #1274, 1000.000000000000000 ) ;
#1619 = AXIS2_PLACEMENT_3D ( 'NONE', #1754, #2316, #1957 ) ;
#1620 = CARTESIAN_POINT ( 'NONE',  ( -3.399999999999999911, 18.50000000000000355, 4.500000000000000000 ) ) ;
#1621 = VERTEX_POINT ( 'NONE', #2095 ) ;
#1622 = CARTESIAN_POINT ( 'NONE',  ( 16.02146997001211304, -9.250000000000008882, 13.75000000000000000 ) ) ;
#1623 = LINE ( 'NONE', #126, #1693 ) ;
#1624 = AXIS2_PLACEMENT_3D ( 'NONE', #1577, #1018, #1750 ) ;
#1625 = VERTEX_POINT ( 'NONE', #1293 ) ;
#1626 = EDGE_CURVE ( 'NONE', #1272, #3, #21, .T. ) ;
#1627 = DIRECTION ( 'NONE',  ( 1.000000000000000000, 0.000000000000000000, 0.000000000000000000 ) ) ;
#1628 = ORIENTED_EDGE ( 'NONE', *, *, #452, .T. ) ;
#1629 = EDGE_CURVE ( 'NONE', #1519, #1967, #2046, .T. ) ;
#1630 = CARTESIAN_POINT ( 'NONE',  ( -18.50000000000000355, 1.132798289211179030E-15, 13.75000000000000000 ) ) ;
#1631 = DIRECTION ( 'NONE',  ( 1.000000000000000000, 0.000000000000000000, 0.000000000000000000 ) ) ;
#1632 = ORIENTED_EDGE ( 'NONE', *, *, #1629, .F. ) ;
#1633 = LINE ( 'NONE', #2017, #494 ) ;
#1634 = AXIS2_PLACEMENT_3D ( 'NONE', #1009, #1969, #1026 ) ;
#1635 = DIRECTION ( 'NONE',  ( 1.000000000000000000, 0.000000000000000000, 0.000000000000000000 ) ) ;
#1636 = VERTEX_POINT ( 'NONE', #1668 ) ;
#1637 = CARTESIAN_POINT ( 'NONE',  ( 16.02146997001207751, -9.250000000000078160, 0.000000000000000000 ) ) ;
#1638 = CARTESIAN_POINT ( 'NONE',  ( -7.571301353375044840, 23.42679374842587592, 2.250000000000000000 ) ) ;
#1639 = ORIENTED_EDGE ( 'NONE', *, *, #1697, .T. ) ;
#1640 = EDGE_CURVE ( 'NONE', #662, #939, #772, .T. ) ;
#1641 = AXIS2_PLACEMENT_3D ( 'NONE', #2029, #1455, #112 ) ;
#1642 = CARTESIAN_POINT ( 'NONE',  ( 21.98999999999999844, 0.000000000000000000, -61.36132603554181486 ) ) ;
#1643 = DIRECTION ( 'NONE',  ( -0.000000000000000000, -0.000000000000000000, -1.000000000000000000 ) ) ;
#1644 = DIRECTION ( 'NONE',  ( 0.000000000000000000, 0.000000000000000000, 1.000000000000000000 ) ) ;
#1645 = ORIENTED_EDGE ( 'NONE', *, *, #1091, .F. ) ;
#1646 = DIRECTION ( 'NONE',  ( 0.000000000000000000, 0.000000000000000000, -1.000000000000000000 ) ) ;
#1647 = CARTESIAN_POINT ( 'NONE',  ( -9.250000000000008882, -16.02146997001211659, 4.500000000000000888 ) ) ;
#1648 = VERTEX_POINT ( 'NONE', #201 ) ;
#1649 = DIRECTION ( 'NONE',  ( 1.000000000000000000, 0.000000000000000000, 0.000000000000000000 ) ) ;
#1650 = VERTEX_POINT ( 'NONE', #1848 ) ;
#1651 = DIRECTION ( 'NONE',  ( -1.000000000000000000, 0.000000000000000000, 0.000000000000000000 ) ) ;
#1652 = FACE_OUTER_BOUND ( 'NONE', #1324, .T. ) ;
#1653 = AXIS2_PLACEMENT_3D ( 'NONE', #2347, #638, #80 ) ;
#1654 = DIRECTION ( 'NONE',  ( 1.000000000000000000, 0.000000000000000000, -0.000000000000000000 ) ) ;
#1655 = CIRCLE ( 'NONE', #1724, 3.400000000000000355 ) ;
#1656 = AXIS2_PLACEMENT_3D ( 'NONE', #122, #2399, #1081 ) ;
#1657 = FACE_OUTER_BOUND ( 'NONE', #239, .T. ) ;
#1658 = DIRECTION ( 'NONE',  ( -0.000000000000000000, -0.000000000000000000, -1.000000000000000000 ) ) ;
#1659 = AXIS2_PLACEMENT_3D ( 'NONE', #890, #492, #2433 ) ;
#1660 = ORIENTED_EDGE ( 'NONE', *, *, #1157, .F. ) ;
#1661 = DIRECTION ( 'NONE',  ( -0.000000000000000000, -0.000000000000000000, -1.000000000000000000 ) ) ;
#1662 = AXIS2_PLACEMENT_3D ( 'NONE', #1823, #871, #1833 ) ;
#1663 = DIRECTION ( 'NONE',  ( -0.000000000000000000, -0.000000000000000000, -1.000000000000000000 ) ) ;
#1664 = VERTEX_POINT ( 'NONE', #322 ) ;
#1665 = CARTESIAN_POINT ( 'NONE',  ( 0.000000000000000000, 0.000000000000000000, 4.500000000000000000 ) ) ;
#1666 = AXIS2_PLACEMENT_3D ( 'NONE', #1112, #1866, #1877 ) ;
#1667 = EDGE_LOOP ( 'NONE', ( #1305, #2388, #2066, #504 ) ) ;
#1668 = CARTESIAN_POINT ( 'NONE',  ( 3.399999999999870681, -18.50000000000000355, 0.000000000000000000 ) ) ;
#1669 = FACE_OUTER_BOUND ( 'NONE', #162, .T. ) ;
#1670 = DIRECTION ( 'NONE',  ( -0.000000000000000000, -0.000000000000000000, -1.000000000000000000 ) ) ;
#1671 = CARTESIAN_POINT ( 'NONE',  ( -12.65000000000013713, -16.02146997001204554, 4.500000000000000000 ) ) ;
#1672 = ORIENTED_EDGE ( 'NONE', *, *, #318, .T. ) ;
#1673 = CARTESIAN_POINT ( 'NONE',  ( -18.50000000000000355, 1.132798289211179030E-15, 4.500000000000000888 ) ) ;
#1674 = EDGE_CURVE ( 'NONE', #3, #549, #750, .T. ) ;
#1675 = ORIENTED_EDGE ( 'NONE', *, *, #1201, .F. ) ;
#1676 = DIRECTION ( 'NONE',  ( 1.000000000000000000, 0.000000000000000000, 0.000000000000000000 ) ) ;
#1677 = ORIENTED_EDGE ( 'NONE', *, *, #727, .F. ) ;
#1678 = DIRECTION ( 'NONE',  ( -0.000000000000000000, -0.000000000000000000, -1.000000000000000000 ) ) ;
#1679 = EDGE_CURVE ( 'NONE', #412, #925, #1551, .T. ) ;
#1680 = DIRECTION ( 'NONE',  ( 1.000000000000000000, 0.000000000000000000, 0.000000000000000000 ) ) ;
#1681 = CARTESIAN_POINT ( 'NONE',  ( 16.02146997001207751, -9.250000000000078160, 4.500000000000000000 ) ) ;
#1682 = VERTEX_POINT ( 'NONE', #393 ) ;
#1683 = DIRECTION ( 'NONE',  ( -0.000000000000000000, -0.000000000000000000, -1.000000000000000000 ) ) ;
#1684 = ORIENTED_EDGE ( 'NONE', *, *, #1559, .F. ) ;
#1685 = LINE ( 'NONE', #1642, #1888 ) ;
#1686 = ORIENTED_EDGE ( 'NONE', *, *, #2067, .F. ) ;
#1687 = DIRECTION ( 'NONE',  ( 1.000000000000000000, 0.000000000000000000, 0.000000000000000000 ) ) ;
#1688 = DIRECTION ( 'NONE',  ( -1.000000000000000000, 0.000000000000000000, 0.000000000000000000 ) ) ;
#1689 = EDGE_LOOP ( 'NONE', ( #730, #1126, #2168, #2088 ) ) ;
#1690 = ORIENTED_EDGE ( 'NONE', *, *, #2107, .F. ) ;
#1691 = DIRECTION ( 'NONE',  ( -0.000000000000000000, -0.000000000000000000, -1.000000000000000000 ) ) ;
#1692 = ORIENTED_EDGE ( 'NONE', *, *, #1232, .F. ) ;
#1693 = VECTOR ( 'NONE', #1430, 1000.000000000000000 ) ;
#1694 = VERTEX_POINT ( 'NONE', #2036 ) ;
#1695 = AXIS2_PLACEMENT_3D ( 'NONE', #386, #2463, #1 ) ;
#1696 = CARTESIAN_POINT ( 'NONE',  ( 2.100000000000000533, 18.50000000000000355, 4.500000000000000888 ) ) ;
#1697 = EDGE_CURVE ( 'NONE', #312, #1648, #1713, .T. ) ;
#1698 = DIRECTION ( 'NONE',  ( 1.000000000000000000, 0.000000000000000000, 0.000000000000000000 ) ) ;
#1699 = DIRECTION ( 'NONE',  ( 0.000000000000000000, 0.000000000000000000, -1.000000000000000000 ) ) ;
#1700 = PLANE ( 'NONE',  #2334 ) ;
#1701 = FACE_OUTER_BOUND ( 'NONE', #1316, .T. ) ;
#1702 = ORIENTED_EDGE ( 'NONE', *, *, #35, .F. ) ;
#1703 = ORIENTED_EDGE ( 'NONE', *, *, #2396, .F. ) ;
#1704 = ORIENTED_EDGE ( 'NONE', *, *, #278, .T. ) ;
#1705 = CARTESIAN_POINT ( 'NONE',  ( 16.02146997001200290, 9.250000000000182965, 13.75000000000000000 ) ) ;
#1706 = ORIENTED_EDGE ( 'NONE', *, *, #2337, .F. ) ;
#1707 = VECTOR ( 'NONE', #434, 1000.000000000000000 ) ;
#1708 = ADVANCED_FACE ( 'NONE', ( #1652 ), #1104, .T. ) ;
#1709 = CARTESIAN_POINT ( 'NONE',  ( 16.02146997001214501, 9.249999999999964473, 4.500000000000000000 ) ) ;
#1710 = ORIENTED_EDGE ( 'NONE', *, *, #1851, .F. ) ;
#1711 = CARTESIAN_POINT ( 'NONE',  ( 2.099999999999998757, -18.50000000000000355, 4.500000000000000888 ) ) ;
#1712 = EDGE_LOOP ( 'NONE', ( #1165, #1796 ) ) ;
#1713 = LINE ( 'NONE', #2469, #2467 ) ;
#1714 = PLANE ( 'NONE',  #2195 ) ;
#1715 = EDGE_LOOP ( 'NONE', ( #1702, #1579, #1984, #2421 ) ) ;
#1716 = DIRECTION ( 'NONE',  ( 0.000000000000000000, 0.000000000000000000, 1.000000000000000000 ) ) ;
#1717 = DIRECTION ( 'NONE',  ( -1.000000000000000000, 0.000000000000000000, 0.000000000000000000 ) ) ;
#1718 = FACE_BOUND ( 'NONE', #1248, .T. ) ;
#1719 = ORIENTED_EDGE ( 'NONE', *, *, #995, .T. ) ;
#1720 = ORIENTED_EDGE ( 'NONE', *, *, #1592, .T. ) ;
#1721 = DIRECTION ( 'NONE',  ( 1.000000000000000000, 0.000000000000000000, 0.000000000000000000 ) ) ;
#1722 = AXIS2_PLACEMENT_3D ( 'NONE', #360, #908, #1676 ) ;
#1723 = VERTEX_POINT ( 'NONE', #2429 ) ;
#1724 = AXIS2_PLACEMENT_3D ( 'NONE', #1476, #935, #185 ) ;
#1725 = CARTESIAN_POINT ( 'NONE',  ( -16.02146997001211659, 9.250000000000003553, 4.500000000000000888 ) ) ;
#1726 = EDGE_CURVE ( 'NONE', #474, #779, #1748, .T. ) ;
#1727 = EDGE_LOOP ( 'NONE', ( #2042, #2391, #2163, #1046 ) ) ;
#1728 = AXIS2_PLACEMENT_3D ( 'NONE', #1196, #226, #1954 ) ;
#1729 = AXIS2_PLACEMENT_3D ( 'NONE', #984, #2148, #1973 ) ;
#1730 = DIRECTION ( 'NONE',  ( 1.000000000000000000, 0.000000000000000000, 0.000000000000000000 ) ) ;
#1731 = CIRCLE ( 'NONE', #1065, 2.100000000000000533 ) ;
#1732 = DIRECTION ( 'NONE',  ( 0.000000000000000000, 0.000000000000000000, -1.000000000000000000 ) ) ;
#1733 = CARTESIAN_POINT ( 'NONE',  ( 9.249999999999996447, -16.02146997001212014, 4.500000000000000000 ) ) ;
#1734 = CIRCLE ( 'NONE', #1105, 3.399999999999999911 ) ;
#1735 = ORIENTED_EDGE ( 'NONE', *, *, #601, .F. ) ;
#1736 = EDGE_CURVE ( 'NONE', #1723, #1483, #911, .T. ) ;
#1737 = CARTESIAN_POINT ( 'NONE',  ( 3.399999999999999911, 18.50000000000000355, 0.000000000000000000 ) ) ;
#1738 = CARTESIAN_POINT ( 'NONE',  ( 18.50000000000000000, -6.459240476859787241E-14, 0.000000000000000000 ) ) ;
#1739 = ADVANCED_FACE ( 'NONE', ( #2102 ), #1474, .F. ) ;
#1740 = ORIENTED_EDGE ( 'NONE', *, *, #378, .F. ) ;
#1741 = CARTESIAN_POINT ( 'NONE',  ( -16.19096369492443088, -18.45726764498024863, 1.250000000000000222 ) ) ;
#1742 = EDGE_CURVE ( 'NONE', #645, #435, #1318, .T. ) ;
#1743 = EDGE_CURVE ( 'NONE', #177, #694, #1836, .T. ) ;
#1744 = PLANE ( 'NONE',  #199 ) ;
#1745 = EDGE_LOOP ( 'NONE', ( #864, #1317 ) ) ;
#1746 = EDGE_CURVE ( 'NONE', #1883, #2171, #2149, .T. ) ;
#1747 = DIRECTION ( 'NONE',  ( 0.000000000000000000, 0.000000000000000000, -1.000000000000000000 ) ) ;
#1748 = CIRCLE ( 'NONE', #365, 13.50000000000000000 ) ;
#1749 = CYLINDRICAL_SURFACE ( 'NONE', #1087, 3.399999999999998579 ) ;
#1750 = DIRECTION ( 'NONE',  ( 1.000000000000000000, 0.000000000000000000, 0.000000000000000000 ) ) ;
#1751 = CARTESIAN_POINT ( 'NONE',  ( -16.02146997001200646, 9.250000000000188294, 4.500000000000000000 ) ) ;
#1752 = EDGE_LOOP ( 'NONE', ( #483, #103 ) ) ;
#1753 = CARTESIAN_POINT ( 'NONE',  ( 16.75722856010687423, -17.89106741772881648, 1.249999999999999778 ) ) ;
#1754 = CARTESIAN_POINT ( 'NONE',  ( -16.02146997001220186, -9.249999999999852562, 4.500000000000000000 ) ) ;
#1755 = CARTESIAN_POINT ( 'NONE',  ( 2.100000000000000533, 18.50000000000000355, 21.50000000000000000 ) ) ;
#1756 = EDGE_CURVE ( 'NONE', #867, #774, #1390, .T. ) ;
#1757 = CYLINDRICAL_SURFACE ( 'NONE', #1456, 24.00000000000000355 ) ;
#1758 = ORIENTED_EDGE ( 'NONE', *, *, #1336, .T. ) ;
#1759 = CIRCLE ( 'NONE', #1961, 2.100000000000000977 ) ;
#1760 = CIRCLE ( 'NONE', #1003, 14.51999999999999957 ) ;
#1761 = CARTESIAN_POINT ( 'NONE',  ( 19.42146997001214359, 9.249999999999964473, 4.500000000000000000 ) ) ;
#1762 = ORIENTED_EDGE ( 'NONE', *, *, #1810, .T. ) ;
#1763 = FACE_OUTER_BOUND ( 'NONE', #1129, .T. ) ;
#1764 = LINE ( 'NONE', #1541, #1420 ) ;
#1765 = CARTESIAN_POINT ( 'NONE',  ( -17.72184240563037605, 16.91704175528336052, 2.250000000000000000 ) ) ;
#1766 = EDGE_LOOP ( 'NONE', ( #1504, #2278 ) ) ;
#1767 = CARTESIAN_POINT ( 'NONE',  ( -21.26217675464384271, -12.27763940555752420, 1.249999999999999778 ) ) ;
#1768 = CARTESIAN_POINT ( 'NONE',  ( -23.76187989149587665, 6.168299396937555024, 1.250000000000000000 ) ) ;
#1769 = CARTESIAN_POINT ( 'NONE',  ( 0.000000000000000000, 0.000000000000000000, 9.250000000000000000 ) ) ;
#1770 = CARTESIAN_POINT ( 'NONE',  ( -21.90000000000000213, 1.937772143057938318E-13, 4.500000000000000000 ) ) ;
#1771 = AXIS2_PLACEMENT_3D ( 'NONE', #1840, #280, #675 ) ;
#1772 = AXIS2_PLACEMENT_3D ( 'NONE', #480, #1661, #2003 ) ;
#1773 = LINE ( 'NONE', #2333, #215 ) ;
#1774 = AXIS2_PLACEMENT_3D ( 'NONE', #413, #972, #211 ) ;
#1775 = VECTOR ( 'NONE', #481, 1000.000000000000000 ) ;
#1776 = EDGE_CURVE ( 'NONE', #571, #760, #943, .T. ) ;
#1777 = CARTESIAN_POINT ( 'NONE',  ( -13.92146997001211872, -9.249999999999998224, 4.500000000000000888 ) ) ;
#1778 = DIRECTION ( 'NONE',  ( 0.000000000000000000, 0.000000000000000000, -1.000000000000000000 ) ) ;
#1779 = EDGE_CURVE ( 'NONE', #2371, #2437, #1990, .T. ) ;
#1780 = CARTESIAN_POINT ( 'NONE',  ( 16.02146997001207751, -9.250000000000078160, 4.500000000000000000 ) ) ;
#1781 = ORIENTED_EDGE ( 'NONE', *, *, #2248, .T. ) ;
#1782 = CARTESIAN_POINT ( 'NONE',  ( 19.48024167367975679, -14.94451615913679277, 1.249999999999999778 ) ) ;
#1783 = DIRECTION ( 'NONE',  ( 1.000000000000000000, 0.000000000000000000, 0.000000000000000000 ) ) ;
#1784 = CARTESIAN_POINT ( 'NONE',  ( -22.16357358149440060, 10.55676997988023480, 1.249999999999999556 ) ) ;
#1785 = ORIENTED_EDGE ( 'NONE', *, *, #886, .T. ) ;
#1786 = FACE_BOUND ( 'NONE', #1605, .T. ) ;
#1787 = DIRECTION ( 'NONE',  ( 0.000000000000000000, 0.000000000000000000, -1.000000000000000000 ) ) ;
#1788 = DIRECTION ( 'NONE',  ( 0.000000000000000000, 0.000000000000000000, 1.000000000000000000 ) ) ;
#1789 = EDGE_CURVE ( 'NONE', #2301, #1650, #670, .T. ) ;
#1790 = CARTESIAN_POINT ( 'NONE',  ( 14.51999999999999957, 1.778187152361956765E-15, 13.75000000000000000 ) ) ;
#1791 = AXIS2_PLACEMENT_3D ( 'NONE', #1865, #1876, #2232 ) ;
#1792 = DIRECTION ( 'NONE',  ( 1.000000000000000000, 0.000000000000000000, 0.000000000000000000 ) ) ;
#1793 = ORIENTED_EDGE ( 'NONE', *, *, #901, .F. ) ;
#1794 = CARTESIAN_POINT ( 'NONE',  ( -24.50001494253221779, 1.198323164258377149E-09, 1.249999999999999778 ) ) ;
#1795 = DIRECTION ( 'NONE',  ( 1.000000000000000000, 0.000000000000000000, -0.000000000000000000 ) ) ;
#1796 = ORIENTED_EDGE ( 'NONE', *, *, #2137, .F. ) ;
#1797 = CARTESIAN_POINT ( 'NONE',  ( -16.04462060600958750, 18.67398239893865863, 2.250000000000000000 ) ) ;
#1798 = ORIENTED_EDGE ( 'NONE', *, *, #1626, .F. ) ;
#1799 = DIRECTION ( 'NONE',  ( 0.000000000000000000, 0.000000000000000000, 1.000000000000000000 ) ) ;
#1800 = FACE_OUTER_BOUND ( 'NONE', #443, .T. ) ;
#1801 = ORIENTED_EDGE ( 'NONE', *, *, #1987, .T. ) ;
#1802 = DIRECTION ( 'NONE',  ( 1.000000000000000000, 0.000000000000000000, 0.000000000000000000 ) ) ;
#1803 = AXIS2_PLACEMENT_3D ( 'NONE', #600, #451, #1173 ) ;
#1804 = DIRECTION ( 'NONE',  ( -0.000000000000000000, -0.000000000000000000, 1.000000000000000000 ) ) ;
#1805 = ORIENTED_EDGE ( 'NONE', *, *, #1928, .F. ) ;
#1806 = DIRECTION ( 'NONE',  ( 1.000000000000000000, 0.000000000000000000, 0.000000000000000000 ) ) ;
#1807 = ORIENTED_EDGE ( 'NONE', *, *, #2338, .F. ) ;
#1808 = VECTOR ( 'NONE', #980, 1000.000000000000000 ) ;
#1809 = CARTESIAN_POINT ( 'NONE',  ( 16.02146997001211304, -9.250000000000008882, 13.75000000000000000 ) ) ;
#1810 = EDGE_CURVE ( 'NONE', #2462, #1024, #2385, .T. ) ;
#1811 = AXIS2_PLACEMENT_3D ( 'NONE', #1480, #2237, #1298 ) ;
#1812 = AXIS2_PLACEMENT_3D ( 'NONE', #787, #825, #1698 ) ;
#1813 = DIRECTION ( 'NONE',  ( -1.000000000000000000, 0.000000000000000000, 0.000000000000000000 ) ) ;
#1814 = CARTESIAN_POINT ( 'NONE',  ( 0.000000000000000000, 0.000000000000000000, 2.250000000000000000 ) ) ;
#1815 = ORIENTED_EDGE ( 'NONE', *, *, #1640, .T. ) ;
#1816 = CARTESIAN_POINT ( 'NONE',  ( -14.51999999999999957, 0.000000000000000000, 13.75000000000000000 ) ) ;
#1817 = DIRECTION ( 'NONE',  ( -1.000000000000000000, 0.000000000000000000, 0.000000000000000000 ) ) ;
#1818 = ADVANCED_FACE ( 'NONE', ( #2317, #804 ), #416, .F. ) ;
#1819 = ORIENTED_EDGE ( 'NONE', *, *, #1941, .F. ) ;
#1820 = CARTESIAN_POINT ( 'NONE',  ( 24.49995011501646047, 2.428973731509453948, 2.250000000000000444 ) ) ;
#1821 = EDGE_CURVE ( 'NONE', #2272, #909, #1429, .T. ) ;
#1822 = EDGE_LOOP ( 'NONE', ( #1675, #209 ) ) ;
#1823 = CARTESIAN_POINT ( 'NONE',  ( -9.860761315262647568E-29, 18.50000000000000355, 0.000000000000000000 ) ) ;
#1824 = DIRECTION ( 'NONE',  ( -1.000000000000000000, 0.000000000000000000, 0.000000000000000000 ) ) ;
#1825 = DIRECTION ( 'NONE',  ( -1.000000000000000000, 0.000000000000000000, 0.000000000000000000 ) ) ;
#1826 = ORIENTED_EDGE ( 'NONE', *, *, #1203, .F. ) ;
#1827 = DIRECTION ( 'NONE',  ( -1.000000000000000000, 0.000000000000000000, 0.000000000000000000 ) ) ;
#1828 = AXIS2_PLACEMENT_3D ( 'NONE', #1395, #610, #244 ) ;
#1829 = CARTESIAN_POINT ( 'NONE',  ( 12.64999999999999858, -16.02146997001212014, 4.500000000000000000 ) ) ;
#1830 = ORIENTED_EDGE ( 'NONE', *, *, #1203, .T. ) ;
#1831 = CARTESIAN_POINT ( 'NONE',  ( 9.250000000000021316, 16.02146997001210238, 4.500000000000000000 ) ) ;
#1832 = ORIENTED_EDGE ( 'NONE', *, *, #1746, .T. ) ;
#1833 = DIRECTION ( 'NONE',  ( 1.000000000000000000, 0.000000000000000000, 0.000000000000000000 ) ) ;
#1834 = EDGE_CURVE ( 'NONE', #1370, #2101, #2217, .T. ) ;
#1835 = EDGE_CURVE ( 'NONE', #1625, #2093, #1372, .T. ) ;
#1836 = LINE ( 'NONE', #272, #448 ) ;
#1837 = DIRECTION ( 'NONE',  ( -0.000000000000000000, -0.000000000000000000, 1.000000000000000000 ) ) ;
#1838 = ADVANCED_FACE ( 'NONE', ( #472, #994 ), #595, .F. ) ;
#1839 = CARTESIAN_POINT ( 'NONE',  ( -9.250000000000008882, -16.02146997001211659, 13.75000000000000000 ) ) ;
#1840 = CARTESIAN_POINT ( 'NONE',  ( -1.291848095371958458E-13, -18.50000000000000355, 4.500000000000000000 ) ) ;
#1841 = ORIENTED_EDGE ( 'NONE', *, *, #1896, .T. ) ;
#1842 = DIRECTION ( 'NONE',  ( 0.000000000000000000, 0.000000000000000000, -1.000000000000000000 ) ) ;
#1843 = DIRECTION ( 'NONE',  ( 0.000000000000000000, 0.000000000000000000, -1.000000000000000000 ) ) ;
#1844 = VERTEX_POINT ( 'NONE', #89 ) ;
#1845 = DIRECTION ( 'NONE',  ( 0.000000000000000000, 0.000000000000000000, 1.000000000000000000 ) ) ;
#1846 = EDGE_LOOP ( 'NONE', ( #1690, #2471, #1943, #580 ) ) ;
#1847 = FACE_OUTER_BOUND ( 'NONE', #66, .T. ) ;
#1848 = CARTESIAN_POINT ( 'NONE',  ( 23.99979839381900604, -0.0005031721577175574112, 2.250000000000000000 ) ) ;
#1849 = AXIS2_PLACEMENT_3D ( 'NONE', #405, #1462, #710 ) ;
#1850 = AXIS2_PLACEMENT_3D ( 'NONE', #1681, #1295, #1283 ) ;
#1851 = EDGE_CURVE ( 'NONE', #143, #1967, #1511, .T. ) ;
#1852 = CARTESIAN_POINT ( 'NONE',  ( 9.249999999999795719, 16.02146997001223383, 21.50000000000000000 ) ) ;
#1853 = FACE_OUTER_BOUND ( 'NONE', #1587, .T. ) ;
#1854 = ADVANCED_FACE ( 'NONE', ( #65, #232 ), #1744, .F. ) ;
#1855 = ORIENTED_EDGE ( 'NONE', *, *, #747, .F. ) ;
#1856 = AXIS2_PLACEMENT_3D ( 'NONE', #153, #678, #2190 ) ;
#1857 = VECTOR ( 'NONE', #508, 1000.000000000000000 ) ;
#1858 = CARTESIAN_POINT ( 'NONE',  ( 12.62146997001214466, 9.249999999999964473, 4.500000000000000000 ) ) ;
#1859 = ORIENTED_EDGE ( 'NONE', *, *, #2185, .T. ) ;
#1860 = DIRECTION ( 'NONE',  ( 0.000000000000000000, 0.000000000000000000, 1.000000000000000000 ) ) ;
#1861 = AXIS2_PLACEMENT_3D ( 'NONE', #674, #1643, #1311 ) ;
#1862 = EDGE_CURVE ( 'NONE', #970, #1424, #2128, .T. ) ;
#1863 = VERTEX_POINT ( 'NONE', #2143 ) ;
#1864 = DIRECTION ( 'NONE',  ( 1.000000000000000000, 0.000000000000000000, 0.000000000000000000 ) ) ;
#1865 = CARTESIAN_POINT ( 'NONE',  ( -18.50000000000000355, 1.937772143057938318E-13, 4.500000000000000000 ) ) ;
#1866 = DIRECTION ( 'NONE',  ( 0.000000000000000000, 0.000000000000000000, 1.000000000000000000 ) ) ;
#1867 = DIRECTION ( 'NONE',  ( 0.000000000000000000, 0.000000000000000000, 1.000000000000000000 ) ) ;
#1868 = ORIENTED_EDGE ( 'NONE', *, *, #2192, .T. ) ;
#1869 = ORIENTED_EDGE ( 'NONE', *, *, #1427, .T. ) ;
#1870 = B_SPLINE_CURVE_WITH_KNOTS ( 'NONE', 3,
 ( #1253, #1820, #2008, #1290, #517, #117, #2204, #1277, #2407, #2043, #2033, #343, #869, #1638, #317, #331, #1797, #1088 ),
 .UNSPECIFIED., .F., .F.,
 ( 4, 2, 2, 2, 2, 2, 2, 2, 4 ),
 ( 0.000000000000000000, 0.1249999999999999167, 0.2499999999999998890, 0.3749999999999998335, 0.4999999999999998890, 0.6249999999999998890, 0.7499999999999998890, 0.8750000000000000000, 1.000000000000000000 ),
 .UNSPECIFIED. ) ;
#1871 = CARTESIAN_POINT ( 'NONE',  ( 0.000000000000000000, 0.000000000000000000, 2.250000000000000000 ) ) ;
#1872 = AXIS2_PLACEMENT_3D ( 'NONE', #2343, #1227, #76 ) ;
#1873 = ORIENTED_EDGE ( 'NONE', *, *, #1404, .F. ) ;
#1874 = DIRECTION ( 'NONE',  ( 0.000000000000000000, 0.000000000000000000, 1.000000000000000000 ) ) ;
#1875 = VERTEX_POINT ( 'NONE', #1829 ) ;
#1876 = DIRECTION ( 'NONE',  ( 0.000000000000000000, 0.000000000000000000, 1.000000000000000000 ) ) ;
#1877 = DIRECTION ( 'NONE',  ( 1.000000000000000000, 0.000000000000000000, 0.000000000000000000 ) ) ;
#1878 = DIRECTION ( 'NONE',  ( 1.000000000000000000, 0.000000000000000000, 0.000000000000000000 ) ) ;
#1879 = VERTEX_POINT ( 'NONE', #291 ) ;
#1880 = ORIENTED_EDGE ( 'NONE', *, *, #1433, .T. ) ;
#1881 = EDGE_CURVE ( 'NONE', #2353, #694, #554, .T. ) ;
#1882 = LINE ( 'NONE', #1115, #2414 ) ;
#1883 = VERTEX_POINT ( 'NONE', #101 ) ;
#1884 = VERTEX_POINT ( 'NONE', #1261 ) ;
#1885 = EDGE_CURVE ( 'NONE', #960, #449, #879, .T. ) ;
#1886 = CARTESIAN_POINT ( 'NONE',  ( 16.02146997001200290, 9.250000000000182965, 4.500000000000000888 ) ) ;
#1887 = EDGE_CURVE ( 'NONE', #1424, #449, #2030, .T. ) ;
#1888 = VECTOR ( 'NONE', #2397, 1000.000000000000000 ) ;
#1889 = DIRECTION ( 'NONE',  ( -1.000000000000000000, 0.000000000000000000, 0.000000000000000000 ) ) ;
#1890 = DIRECTION ( 'NONE',  ( 1.000000000000000000, 0.000000000000000000, 0.000000000000000000 ) ) ;
#1891 = AXIS2_PLACEMENT_3D ( 'NONE', #2450, #2, #2270 ) ;
#1892 = ORIENTED_EDGE ( 'NONE', *, *, #2323, .F. ) ;
#1893 = AXIS2_PLACEMENT_3D ( 'NONE', #1134, #1867, #1890 ) ;
#1894 = CIRCLE ( 'NONE', #811, 2.100000000000000977 ) ;
#1895 =( LENGTH_UNIT ( ) NAMED_UNIT ( * ) SI_UNIT ( .MILLI., .METRE. ) );
#1896 = EDGE_CURVE ( 'NONE', #395, #1884, #314, .T. ) ;
#1897 = ORIENTED_EDGE ( 'NONE', *, *, #2340, .F. ) ;
#1898 = DIRECTION ( 'NONE',  ( 0.000000000000000000, 0.000000000000000000, -1.000000000000000000 ) ) ;
#1899 = EDGE_CURVE ( 'NONE', #449, #1424, #2264, .T. ) ;
#1900 = ORIENTED_EDGE ( 'NONE', *, *, #2396, .T. ) ;
#1901 = EDGE_CURVE ( 'NONE', #2180, #1027, #591, .T. ) ;
#1902 = CARTESIAN_POINT ( 'NONE',  ( -22.48499999999999943, 0.000000000000000000, 2.250000000000000000 ) ) ;
#1903 = CYLINDRICAL_SURFACE ( 'NONE', #1937, 2.100000000000000977 ) ;
#1904 = ORIENTED_EDGE ( 'NONE', *, *, #1697, .F. ) ;
#1905 = FACE_OUTER_BOUND ( 'NONE', #585, .T. ) ;
#1906 = EDGE_LOOP ( 'NONE', ( #1231, #917, #2271, #637 ) ) ;
#1907 = CARTESIAN_POINT ( 'NONE',  ( -14.51999999999999957, 0.000000000000000000, 2.250000000000000000 ) ) ;
#1908 = AXIS2_PLACEMENT_3D ( 'NONE', #1365, #1778, #988 ) ;
#1909 = CIRCLE ( 'NONE', #1037, 2.100000000000000533 ) ;
#1910 = ORIENTED_EDGE ( 'NONE', *, *, #2107, .T. ) ;
#1911 = AXIS2_PLACEMENT_3D ( 'NONE', #526, #302, #1070 ) ;
#1912 = DIRECTION ( 'NONE',  ( -0.000000000000000000, -0.000000000000000000, -1.000000000000000000 ) ) ;
#1913 = DIRECTION ( 'NONE',  ( 1.000000000000000000, 0.000000000000000000, 0.000000000000000000 ) ) ;
#1914 = DIRECTION ( 'NONE',  ( 1.000000000000000000, 0.000000000000000000, 0.000000000000000000 ) ) ;
#1915 = ORIENTED_EDGE ( 'NONE', *, *, #1959, .T. ) ;
#1916 = CARTESIAN_POINT ( 'NONE',  ( 12.62146997001214288, 9.249999999999964473, 4.500000000000000000 ) ) ;
#1917 = VERTEX_POINT ( 'NONE', #1995 ) ;
#1918 = DIRECTION ( 'NONE',  ( 1.000000000000000000, 0.000000000000000000, 0.000000000000000000 ) ) ;
#1919 = ORIENTED_EDGE ( 'NONE', *, *, #2070, .T. ) ;
#1920 = EDGE_CURVE ( 'NONE', #826, #177, #1085, .T. ) ;
#1921 = CARTESIAN_POINT ( 'NONE',  ( 18.50000000000000000, -6.459240476859787241E-14, 4.500000000000000000 ) ) ;
#1922 = DIRECTION ( 'NONE',  ( 0.000000000000000000, 0.000000000000000000, 1.000000000000000000 ) ) ;
#1923 = CARTESIAN_POINT ( 'NONE',  ( -20.60000000000000497, 1.132798289211179030E-15, 13.75000000000000000 ) ) ;
#1924 = CARTESIAN_POINT ( 'NONE',  ( -9.860761315262647568E-29, 18.50000000000000355, 13.75000000000000000 ) ) ;
#1925 = EDGE_LOOP ( 'NONE', ( #704, #2344, #295, #513 ) ) ;
#1926 = DIRECTION ( 'NONE',  ( 1.000000000000000000, 0.000000000000000000, -0.000000000000000000 ) ) ;
#1927 = FACE_BOUND ( 'NONE', #2382, .T. ) ;
#1928 = EDGE_CURVE ( 'NONE', #950, #1062, #120, .T. ) ;
#1929 = AXIS2_PLACEMENT_3D ( 'NONE', #1665, #294, #2021 ) ;
#1930 = ORIENTED_EDGE ( 'NONE', *, *, #1268, .T. ) ;
#1931 = CARTESIAN_POINT ( 'NONE',  ( 10.11605374873485097, -22.32846715469899479, 1.250000000000000000 ) ) ;
#1932 = CARTESIAN_POINT ( 'NONE',  ( -21.44622323250637663, 11.94689496619012736, 1.249999999999999778 ) ) ;
#1933 = VERTEX_POINT ( 'NONE', #2005 ) ;
#1934 = AXIS2_PLACEMENT_3D ( 'NONE', #1108, #2077, #2274 ) ;
#1935 = CIRCLE ( 'NONE', #1729, 2.100000000000000977 ) ;
#1936 = FACE_OUTER_BOUND ( 'NONE', #1998, .T. ) ;
#1937 = AXIS2_PLACEMENT_3D ( 'NONE', #748, #2281, #954 ) ;
#1938 = CARTESIAN_POINT ( 'NONE',  ( -15.10000000000000142, 1.941935942175039212E-13, 0.000000000000000000 ) ) ;
#1939 = FACE_OUTER_BOUND ( 'NONE', #1426, .T. ) ;
#1940 = ORIENTED_EDGE ( 'NONE', *, *, #2337, .T. ) ;
#1941 = EDGE_CURVE ( 'NONE', #2171, #1039, #2404, .T. ) ;
#1942 = CARTESIAN_POINT ( 'NONE',  ( 16.02146997001214501, 9.249999999999964473, 0.000000000000000000 ) ) ;
#1943 = ORIENTED_EDGE ( 'NONE', *, *, #1952, .T. ) ;
#1944 = CARTESIAN_POINT ( 'NONE',  ( -19.47981657584514537, -14.94535499367845865, 1.250000000000000000 ) ) ;
#1945 = CYLINDRICAL_SURFACE ( 'NONE', #1537, 3.400000000000000355 ) ;
#1946 = ADVANCED_FACE ( 'NONE', ( #1060 ), #692, .T. ) ;
#1947 = CARTESIAN_POINT ( 'NONE',  ( -16.02146997001200646, 9.250000000000188294, 0.000000000000000000 ) ) ;
#1948 = EDGE_LOOP ( 'NONE', ( #856, #341, #2384, #2283 ) ) ;
#1949 = EDGE_CURVE ( 'NONE', #2081, #2188, #2381, .T. ) ;
#1950 = LINE ( 'NONE', #1963, #2359 ) ;
#1951 = AXIS2_PLACEMENT_3D ( 'NONE', #852, #1608, #113 ) ;
#1952 = EDGE_CURVE ( 'NONE', #516, #2246, #668, .T. ) ;
#1953 = CYLINDRICAL_SURFACE ( 'NONE', #2027, 2.100000000000000977 ) ;
#1954 = DIRECTION ( 'NONE',  ( 1.000000000000000000, 0.000000000000000000, -0.000000000000000000 ) ) ;
#1955 = ORIENTED_EDGE ( 'NONE', *, *, #45, .T. ) ;
#1956 = CARTESIAN_POINT ( 'NONE',  ( -18.45821490819222532, -16.19009227683001129, 1.249999999999999778 ) ) ;
#1957 = DIRECTION ( 'NONE',  ( 1.000000000000000000, 0.000000000000000000, -0.000000000000000000 ) ) ;
#1958 = DIRECTION ( 'NONE',  ( 0.000000000000000000, 0.000000000000000000, 1.000000000000000000 ) ) ;
#1959 = EDGE_CURVE ( 'NONE', #1034, #894, #1623, .T. ) ;
#1960 = ORIENTED_EDGE ( 'NONE', *, *, #928, .F. ) ;
#1961 = AXIS2_PLACEMENT_3D ( 'NONE', #2342, #471, #459 ) ;
#1962 = AXIS2_PLACEMENT_3D ( 'NONE', #1031, #1387, #82 ) ;
#1963 = CARTESIAN_POINT ( 'NONE',  ( 3.399999999999999911, 18.50000000000000355, 4.500000000000000000 ) ) ;
#1964 = DIRECTION ( 'NONE',  ( 1.000000000000000000, 0.000000000000000000, 0.000000000000000000 ) ) ;
#1965 = FACE_OUTER_BOUND ( 'NONE', #1114, .T. ) ;
#1966 = CARTESIAN_POINT ( 'NONE',  ( 21.98999999999999844, 0.000000000000000000, 13.75000000000000000 ) ) ;
#1967 = VERTEX_POINT ( 'NONE', #2215 ) ;
#1968 = FACE_BOUND ( 'NONE', #801, .T. ) ;
#1969 = DIRECTION ( 'NONE',  ( 0.000000000000000000, 0.000000000000000000, 1.000000000000000000 ) ) ;
#1970 = AXIS2_PLACEMENT_3D ( 'NONE', #400, #1162, #1926 ) ;
#1971 = EDGE_LOOP ( 'NONE', ( #915, #191 ) ) ;
#1972 = ADVANCED_FACE ( 'NONE', ( #515 ), #1250, .F. ) ;
#1973 = DIRECTION ( 'NONE',  ( 1.000000000000000000, 0.000000000000000000, 0.000000000000000000 ) ) ;
#1974 = CIRCLE ( 'NONE', #896, 3.400000000000000355 ) ;
#1975 = CIRCLE ( 'NONE', #897, 2.100000000000000977 ) ;
#1976 = DIRECTION ( 'NONE',  ( -0.000000000000000000, -0.000000000000000000, -1.000000000000000000 ) ) ;
#1977 = DIRECTION ( 'NONE',  ( 0.000000000000000000, 0.000000000000000000, -1.000000000000000000 ) ) ;
#1978 = APPLICATION_CONTEXT ( 'automotive_design' ) ;
#1979 = DIRECTION ( 'NONE',  ( 0.000000000000000000, 0.000000000000000000, 1.000000000000000000 ) ) ;
#1980 = AXIS2_PLACEMENT_3D ( 'NONE', #2221, #522, #310 ) ;
#1981 = ORIENTED_EDGE ( 'NONE', *, *, #601, .T. ) ;
#1982 = CARTESIAN_POINT ( 'NONE',  ( 16.16198496265190698, -18.43046876871086326, 1.250000000000000222 ) ) ;
#1983 = CARTESIAN_POINT ( 'NONE',  ( 2.099999999999998757, -18.50000000000000355, 21.50000000000000000 ) ) ;
#1984 = ORIENTED_EDGE ( 'NONE', *, *, #713, .T. ) ;
#1985 = FACE_BOUND ( 'NONE', #2194, .T. ) ;
#1986 = ORIENTED_EDGE ( 'NONE', *, *, #1059, .F. ) ;
#1987 = EDGE_CURVE ( 'NONE', #2081, #173, #1020, .T. ) ;
#1988 = CARTESIAN_POINT ( 'NONE',  ( -13.92146997001211517, 9.250000000000003553, 4.500000000000000888 ) ) ;
#1989 = DIRECTION ( 'NONE',  ( -0.000000000000000000, -0.000000000000000000, -1.000000000000000000 ) ) ;
#1990 = CIRCLE ( 'NONE', #2184, 2.100000000000000977 ) ;
#1991 = CYLINDRICAL_SURFACE ( 'NONE', #1127, 24.50020161134793995 ) ;
#1992 = ORIENTED_EDGE ( 'NONE', *, *, #251, .F. ) ;
#1993 = DIRECTION ( 'NONE',  ( 0.000000000000000000, 0.000000000000000000, -1.000000000000000000 ) ) ;
#1994 = PRODUCT_RELATED_PRODUCT_CATEGORY ( 'part', '', ( #1386 ) ) ;
#1995 = CARTESIAN_POINT ( 'NONE',  ( -13.92146997001211872, -9.249999999999998224, 13.75000000000000000 ) ) ;
#1996 = ORIENTED_EDGE ( 'NONE', *, *, #2455, .T. ) ;
#1997 = CARTESIAN_POINT ( 'NONE',  ( -22.48499999999999943, 0.000000000000000000, 9.250000000000000000 ) ) ;
#1998 = EDGE_LOOP ( 'NONE', ( #2075, #495 ) ) ;
#1999 = CIRCLE ( 'NONE', #1437, 24.00000000000000355 ) ;
#2000 = DIRECTION ( 'NONE',  ( 1.000000000000000000, 0.000000000000000000, 0.000000000000000000 ) ) ;
#2001 = FACE_OUTER_BOUND ( 'NONE', #1667, .T. ) ;
#2002 = ORIENTED_EDGE ( 'NONE', *, *, #132, .F. ) ;
#2003 = DIRECTION ( 'NONE',  ( 1.000000000000000000, 0.000000000000000000, 0.000000000000000000 ) ) ;
#2004 = AXIS2_PLACEMENT_3D ( 'NONE', #10, #768, #1354 ) ;
#2005 = CARTESIAN_POINT ( 'NONE',  ( -19.42146997001220399, -9.249999999999852562, 4.500000000000000000 ) ) ;
#2006 = ORIENTED_EDGE ( 'NONE', *, *, #2083, .F. ) ;
#2007 = CARTESIAN_POINT ( 'NONE',  ( 2.100000000000000533, 18.50000000000000355, 13.75000000000000000 ) ) ;
#2008 = CARTESIAN_POINT ( 'NONE',  ( 24.13604473783430393, 4.857624533878326822, 2.249999999999999556 ) ) ;
#2009 = VERTEX_POINT ( 'NONE', #2425 ) ;
#2010 = AXIS2_PLACEMENT_3D ( 'NONE', #2380, #313, #677 ) ;
#2011 = CIRCLE ( 'NONE', #1934, 3.400000000000000355 ) ;
#2012 = CYLINDRICAL_SURFACE ( 'NONE', #1229, 2.100000000000000977 ) ;
#2013 = DIRECTION ( 'NONE',  ( -0.000000000000000000, -0.000000000000000000, -1.000000000000000000 ) ) ;
#2014 = EDGE_LOOP ( 'NONE', ( #974, #1571 ) ) ;
#2015 = VECTOR ( 'NONE', #1364, 1000.000000000000000 ) ;
#2016 = EDGE_LOOP ( 'NONE', ( #776, #366 ) ) ;
#2017 = CARTESIAN_POINT ( 'NONE',  ( 5.850000000000021849, 16.02146997001210238, 4.500000000000000000 ) ) ;
#2018 = CARTESIAN_POINT ( 'NONE',  ( -20.60000000000000497, 1.132798289211179030E-15, 21.50000000000000000 ) ) ;
#2019 = EDGE_LOOP ( 'NONE', ( #1740, #2230 ) ) ;
#2020 = MANIFOLD_SOLID_BREP ( '\X2\51f853f0\X0\-\X2\62c94f38\X0\4', #1470 ) ;
#2021 = DIRECTION ( 'NONE',  ( -1.000000000000000000, 0.000000000000000000, 0.000000000000000000 ) ) ;
#2022 = ORIENTED_EDGE ( 'NONE', *, *, #1485, .F. ) ;
#2023 = CARTESIAN_POINT ( 'NONE',  ( -24.00020160618100462, -0.0005031721577146182475, 1.249999999999999778 ) ) ;
#2024 = LINE ( 'NONE', #1907, #579 ) ;
#2025 = CYLINDRICAL_SURFACE ( 'NONE', #663, 3.400000000000000355 ) ;
#2026 = DIRECTION ( 'NONE',  ( -0.000000000000000000, -0.000000000000000000, -1.000000000000000000 ) ) ;
#2027 = AXIS2_PLACEMENT_3D ( 'NONE', #2151, #1388, #969 ) ;
#2028 = VERTEX_POINT ( 'NONE', #2051 ) ;
#2029 = CARTESIAN_POINT ( 'NONE',  ( 9.249999999999996447, -16.02146997001212014, 4.500000000000000888 ) ) ;
#2030 = CIRCLE ( 'NONE', #2348, 2.100000000000000533 ) ;
#2031 = CARTESIAN_POINT ( 'NONE',  ( -9.860761315262647568E-29, 18.50000000000000355, 4.500000000000000888 ) ) ;
#2032 = ORIENTED_EDGE ( 'NONE', *, *, #602, .T. ) ;
#2033 = CARTESIAN_POINT ( 'NONE',  ( 4.467603956503896079, 24.21103345485522240, 2.250000000000000000 ) ) ;
#2034 = ORIENTED_EDGE ( 'NONE', *, *, #1952, .F. ) ;
#2035 = EDGE_CURVE ( 'NONE', #2079, #312, #1494, .T. ) ;
#2036 = CARTESIAN_POINT ( 'NONE',  ( -12.64999999999979607, 16.02146997001223383, 0.000000000000000000 ) ) ;
#2037 = ADVANCED_FACE ( 'NONE', ( #1136 ), #1150, .F. ) ;
#2038 = CARTESIAN_POINT ( 'NONE',  ( -9.860761315262647568E-29, 18.50000000000000355, 4.500000000000000000 ) ) ;
#2039 = EDGE_LOOP ( 'NONE', ( #2291, #1981, #2057, #1291 ) ) ;
#2040 = CARTESIAN_POINT ( 'NONE',  ( -16.02146997001220186, -9.249999999999852562, 4.500000000000000000 ) ) ;
#2041 = DIRECTION ( 'NONE',  ( 0.000000000000000000, 0.000000000000000000, -1.000000000000000000 ) ) ;
#2042 = ORIENTED_EDGE ( 'NONE', *, *, #928, .T. ) ;
#2043 = CARTESIAN_POINT ( 'NONE',  ( 6.857362740515653421, 23.64550290959025247, 2.250000000000000888 ) ) ;
#2044 = ORIENTED_EDGE ( 'NONE', *, *, #132, .T. ) ;
#2045 = ADVANCED_FACE ( 'NONE', ( #2262 ), #357, .T. ) ;
#2046 = LINE ( 'NONE', #1532, #1857 ) ;
#2047 = AXIS2_PLACEMENT_3D ( 'NONE', #1006, #71, #1721 ) ;
#2048 = CARTESIAN_POINT ( 'NONE',  ( -16.02146997001200646, 9.250000000000188294, 4.500000000000000000 ) ) ;
#2049 = PRODUCT_DEFINITION ( 'æ™', '', #1531, #1004 ) ;
#2050 = ORIENTED_EDGE ( 'NONE', *, *, #743, .F. ) ;
#2051 = CARTESIAN_POINT ( 'NONE',  ( -5.850000000000135536, -16.02146997001204554, 0.000000000000000000 ) ) ;
#2052 = ORIENTED_EDGE ( 'NONE', *, *, #1157, .T. ) ;
#2053 = EDGE_CURVE ( 'NONE', #1153, #2428, #2064, .T. ) ;
#2054 = DIRECTION ( 'NONE',  ( 1.000000000000000000, 0.000000000000000000, 0.000000000000000000 ) ) ;
#2055 = CARTESIAN_POINT ( 'NONE',  ( 0.000000000000000000, 0.000000000000000000, 0.000000000000000000 ) ) ;
#2056 = CIRCLE ( 'NONE', #1542, 2.100000000000000977 ) ;
#2057 = ORIENTED_EDGE ( 'NONE', *, *, #1949, .T. ) ;
#2058 = DIRECTION ( 'NONE',  ( -1.000000000000000000, 0.000000000000000000, 0.000000000000000000 ) ) ;
#2059 = DIRECTION ( 'NONE',  ( -1.000000000000000000, 0.000000000000000000, 0.000000000000000000 ) ) ;
#2060 = APPLICATION_PROTOCOL_DEFINITION ( 'draft international standard', 'automotive_design', 1998, #462 ) ;
#2061 = ORIENTED_EDGE ( 'NONE', *, *, #1726, .T. ) ;
#2062 = EDGE_CURVE ( 'NONE', #312, #2079, #106, .T. ) ;
#2063 = ORIENTED_EDGE ( 'NONE', *, *, #1521, .T. ) ;
#2064 = LINE ( 'NONE', #558, #2249 ) ;
#2065 = AXIS2_PLACEMENT_3D ( 'NONE', #1038, #2355, #830 ) ;
#2066 = ORIENTED_EDGE ( 'NONE', *, *, #1073, .T. ) ;
#2067 = EDGE_CURVE ( 'NONE', #925, #412, #1412, .T. ) ;
#2068 = DIRECTION ( 'NONE',  ( -0.000000000000000000, -0.000000000000000000, -1.000000000000000000 ) ) ;
#2069 = ORIENTED_EDGE ( 'NONE', *, *, #115, .F. ) ;
#2070 = EDGE_CURVE ( 'NONE', #2223, #590, #1882, .T. ) ;
#2071 = EDGE_CURVE ( 'NONE', #1844, #1694, #2011, .T. ) ;
#2072 = FACE_OUTER_BOUND ( 'NONE', #1712, .T. ) ;
#2073 = CARTESIAN_POINT ( 'NONE',  ( 16.40000000000000213, -3.398394867633783610E-15, 13.75000000000000000 ) ) ;
#2074 = VERTEX_POINT ( 'NONE', #402 ) ;
#2075 = ORIENTED_EDGE ( 'NONE', *, *, #213, .T. ) ;
#2076 = VECTOR ( 'NONE', #167, 1000.000000000000000 ) ;
#2077 = DIRECTION ( 'NONE',  ( 0.000000000000000000, 0.000000000000000000, 1.000000000000000000 ) ) ;
#2078 = CIRCLE ( 'NONE', #460, 3.400000000000000355 ) ;
#2079 = VERTEX_POINT ( 'NONE', #390 ) ;
#2080 = ADVANCED_FACE ( 'NONE', ( #1905 ), #198, .F. ) ;
#2081 = VERTEX_POINT ( 'NONE', #1916 ) ;
#2082 = CYLINDRICAL_SURFACE ( 'NONE', #1102, 2.100000000000000533 ) ;
#2083 = EDGE_CURVE ( 'NONE', #779, #939, #725, .T. ) ;
#2084 = VECTOR ( 'NONE', #309, 1000.000000000000000 ) ;
#2085 = DIRECTION ( 'NONE',  ( 1.000000000000000000, 0.000000000000000000, 0.000000000000000000 ) ) ;
#2086 = CARTESIAN_POINT ( 'NONE',  ( 5.849999999999995204, -16.02146997001212014, 0.000000000000000000 ) ) ;
#2087 = CIRCLE ( 'NONE', #1491, 3.400000000000000355 ) ;
#2088 = ORIENTED_EDGE ( 'NONE', *, *, #1756, .F. ) ;
#2089 = EDGE_LOOP ( 'NONE', ( #377, #332, #77, #2130 ) ) ;
#2090 = AXIS2_PLACEMENT_3D ( 'NONE', #2210, #1644, #1439 ) ;
#2091 = AXIS2_PLACEMENT_3D ( 'NONE', #643, #2375, #664 ) ;
#2092 = AXIS2_PLACEMENT_3D ( 'NONE', #2339, #632, #958 ) ;
#2093 = VERTEX_POINT ( 'NONE', #1711 ) ;
#2094 = CIRCLE ( 'NONE', #2131, 2.100000000000000977 ) ;
#2095 = CARTESIAN_POINT ( 'NONE',  ( 3.399999999999870681, -18.50000000000000355, 4.500000000000000000 ) ) ;
#2096 = ORIENTED_EDGE ( 'NONE', *, *, #250, .F. ) ;
#2097 = CYLINDRICAL_SURFACE ( 'NONE', #433, 3.399999999999998579 ) ;
#2098 = ORIENTED_EDGE ( 'NONE', *, *, #2260, .T. ) ;
#2099 = ORIENTED_EDGE ( 'NONE', *, *, #1084, .F. ) ;
#2100 = PLANE ( 'NONE',  #1970 ) ;
#2101 = VERTEX_POINT ( 'NONE', #763 ) ;
#2102 = FACE_OUTER_BOUND ( 'NONE', #2393, .T. ) ;
#2103 = CARTESIAN_POINT ( 'NONE',  ( 9.249999999999996447, -16.02146997001212014, 4.500000000000000888 ) ) ;
#2104 = VECTOR ( 'NONE', #1179, 1000.000000000000000 ) ;
#2105 = AXIS2_PLACEMENT_3D ( 'NONE', #1809, #1436, #119 ) ;
#2106 = ORIENTED_EDGE ( 'NONE', *, *, #140, .T. ) ;
#2107 = EDGE_CURVE ( 'NONE', #650, #425, #165, .T. ) ;
#2108 = CARTESIAN_POINT ( 'NONE',  ( 11.34999999999979714, 16.02146997001223383, 21.50000000000000000 ) ) ;
#2109 = EDGE_CURVE ( 'NONE', #1875, #200, #741, .T. ) ;
#2110 = CARTESIAN_POINT ( 'NONE',  ( 0.000000000000000000, 0.000000000000000000, 2.250000000000000000 ) ) ;
#2111 = DIRECTION ( 'NONE',  ( -0.000000000000000000, -0.000000000000000000, -1.000000000000000000 ) ) ;
#2112 = ORIENTED_EDGE ( 'NONE', *, *, #1928, .T. ) ;
#2113 = DIRECTION ( 'NONE',  ( 1.000000000000000000, 0.000000000000000000, 0.000000000000000000 ) ) ;
#2114 = ORIENTED_EDGE ( 'NONE', *, *, #1084, .T. ) ;
#2115 = CARTESIAN_POINT ( 'NONE',  ( -10.84188777559969630, -21.98519607895771344, 1.250000000000000000 ) ) ;
#2116 = CARTESIAN_POINT ( 'NONE',  ( 18.50000000000000355, -3.398394867633783610E-15, 13.75000000000000000 ) ) ;
#2117 = ORIENTED_EDGE ( 'NONE', *, *, #1130, .F. ) ;
#2118 = CARTESIAN_POINT ( 'NONE',  ( 13.50000000000000000, 1.653273178848926867E-15, 0.000000000000000000 ) ) ;
#2119 = DIRECTION ( 'NONE',  ( 0.000000000000000000, 0.000000000000000000, 1.000000000000000000 ) ) ;
#2120 = LINE ( 'NONE', #1160, #545 ) ;
#2121 = EDGE_LOOP ( 'NONE', ( #418, #1514 ) ) ;
#2122 = FACE_OUTER_BOUND ( 'NONE', #1444, .T. ) ;
#2123 = CARTESIAN_POINT ( 'NONE',  ( 19.42146997001214359, 9.249999999999964473, 0.000000000000000000 ) ) ;
#2124 = AXIS2_PLACEMENT_3D ( 'NONE', #982, #1788, #248 ) ;
#2125 = ORIENTED_EDGE ( 'NONE', *, *, #2472, .F. ) ;
#2126 = CARTESIAN_POINT ( 'NONE',  ( 12.25649102314770644, -21.22908210641896432, 1.250000000000000000 ) ) ;
#2127 = CARTESIAN_POINT ( 'NONE',  ( -9.250000000000017764, 16.02146997001210238, 4.500000000000000888 ) ) ;
#2128 = LINE ( 'NONE', #1755, #1707 ) ;
#2129 = EDGE_CURVE ( 'NONE', #1153, #1917, #1061, .T. ) ;
#2130 = ORIENTED_EDGE ( 'NONE', *, *, #2445, .F. ) ;
#2131 = AXIS2_PLACEMENT_3D ( 'NONE', #885, #1518, #1918 ) ;
#2132 = FACE_OUTER_BOUND ( 'NONE', #1357, .T. ) ;
#2133 = CIRCLE ( 'NONE', #542, 3.399999999999999911 ) ;
#2134 = ADVANCED_FACE ( 'NONE', ( #916, #546 ), #1358, .F. ) ;
#2135 = DIRECTION ( 'NONE',  ( 0.000000000000000000, 0.000000000000000000, 1.000000000000000000 ) ) ;
#2136 = LINE ( 'NONE', #1565, #2104 ) ;
#2137 = EDGE_CURVE ( 'NONE', #1875, #2451, #349, .T. ) ;
#2138 = ADVANCED_FACE ( 'NONE', ( #1164, #1927 ), #824, .F. ) ;
#2139 = CARTESIAN_POINT ( 'NONE',  ( -9.250000000000017764, 16.02146997001210238, 21.50000000000000000 ) ) ;
#2140 = ORIENTED_EDGE ( 'NONE', *, *, #1949, .F. ) ;
#2141 = CARTESIAN_POINT ( 'NONE',  ( 24.49999999999999645, 8.242191661996515388E-11, 1.249999999999999778 ) ) ;
#2142 = CARTESIAN_POINT ( 'NONE',  ( -9.860761315262647568E-29, 18.50000000000000355, 21.50000000000000000 ) ) ;
#2143 = CARTESIAN_POINT ( 'NONE',  ( -12.62146997001220150, -9.249999999999852562, 0.000000000000000000 ) ) ;
#2144 = EDGE_LOOP ( 'NONE', ( #666, #1873 ) ) ;
#2145 = ORIENTED_EDGE ( 'NONE', *, *, #1674, .F. ) ;
#2146 = EDGE_CURVE ( 'NONE', #1216, #1496, #966, .T. ) ;
#2147 = CYLINDRICAL_SURFACE ( 'NONE', #94, 3.399999999999999911 ) ;
#2148 = DIRECTION ( 'NONE',  ( -0.000000000000000000, -0.000000000000000000, -1.000000000000000000 ) ) ;
#2149 = CIRCLE ( 'NONE', #1872, 3.400000000000000355 ) ;
#2150 = FACE_OUTER_BOUND ( 'NONE', #1925, .T. ) ;
#2151 = CARTESIAN_POINT ( 'NONE',  ( 16.02146997001200290, 9.250000000000182965, 21.50000000000000000 ) ) ;
#2152 = FACE_OUTER_BOUND ( 'NONE', #1489, .T. ) ;
#2153 = EDGE_LOOP ( 'NONE', ( #1992, #1762, #260, #1267 ) ) ;
#2154 = CARTESIAN_POINT ( 'NONE',  ( -6.345450792394816020, -23.67756907344933026, 1.250000000000000222 ) ) ;
#2155 = PLANE ( 'NONE',  #1619 ) ;
#2156 = CARTESIAN_POINT ( 'NONE',  ( 18.50000000000000000, -6.459240476859787241E-14, 4.500000000000000000 ) ) ;
#2157 = VERTEX_POINT ( 'NONE', #1379 ) ;
#2158 = DIRECTION ( 'NONE',  ( 0.000000000000000000, 0.000000000000000000, 1.000000000000000000 ) ) ;
#2159 = AXIS2_PLACEMENT_3D ( 'NONE', #477, #1042, #237 ) ;
#2160 = EDGE_CURVE ( 'NONE', #395, #92, #696, .T. ) ;
#2161 = CARTESIAN_POINT ( 'NONE',  ( -0.0002016061809995139953, -0.0005031721577175574112, 1.249999999999999778 ) ) ;
#2162 = DIRECTION ( 'NONE',  ( 1.000000000000000000, 0.000000000000000000, 0.000000000000000000 ) ) ;
#2163 = ORIENTED_EDGE ( 'NONE', *, *, #213, .F. ) ;
#2164 = CARTESIAN_POINT ( 'NONE',  ( -9.250000000000008882, -16.02146997001211659, 21.50000000000000000 ) ) ;
#2165 = DIRECTION ( 'NONE',  ( 0.000000000000000000, 0.000000000000000000, 1.000000000000000000 ) ) ;
#2166 = AXIS2_PLACEMENT_3D ( 'NONE', #1243, #305, #2392 ) ;
#2167 = AXIS2_PLACEMENT_3D ( 'NONE', #1453, #511, #1792 ) ;
#2168 = ORIENTED_EDGE ( 'NONE', *, *, #956, .T. ) ;
#2169 = AXIS2_PLACEMENT_3D ( 'NONE', #48, #800, #619 ) ;
#2170 = EDGE_CURVE ( 'NONE', #1062, #950, #1974, .T. ) ;
#2171 = VERTEX_POINT ( 'NONE', #1391 ) ;
#2172 = VECTOR ( 'NONE', #1837, 1000.000000000000000 ) ;
#2173 = CARTESIAN_POINT ( 'NONE',  ( -12.65000000000013713, -16.02146997001204554, 4.500000000000000000 ) ) ;
#2174 = CARTESIAN_POINT ( 'NONE',  ( 0.000000000000000000, 0.000000000000000000, 2.250000000000000000 ) ) ;
#2175 = DIRECTION ( 'NONE',  ( 1.000000000000000000, 0.000000000000000000, 0.000000000000000000 ) ) ;
#2176 = DIRECTION ( 'NONE',  ( 1.000000000000000000, 0.000000000000000000, 0.000000000000000000 ) ) ;
#2177 = ORIENTED_EDGE ( 'NONE', *, *, #2412, .F. ) ;
#2178 = CARTESIAN_POINT ( 'NONE',  ( -9.250000000000008882, -16.02146997001211659, 4.500000000000000888 ) ) ;
#2179 = FILL_AREA_STYLE ('',( #1419 ) ) ;
#2180 = VERTEX_POINT ( 'NONE', #786 ) ;
#2181 = ADVANCED_FACE ( 'NONE', ( #2152 ), #457, .F. ) ;
#2182 = DIRECTION ( 'NONE',  ( -1.000000000000000000, 0.000000000000000000, 0.000000000000000000 ) ) ;
#2183 = EDGE_LOOP ( 'NONE', ( #1510, #2117 ) ) ;
#2184 = AXIS2_PLACEMENT_3D ( 'NONE', #2116, #791, #1558 ) ;
#2185 = EDGE_CURVE ( 'NONE', #960, #970, #693, .T. ) ;
#2186 = CARTESIAN_POINT ( 'NONE',  ( 16.02146997001207751, -9.250000000000078160, 4.500000000000000000 ) ) ;
#2187 = CYLINDRICAL_SURFACE ( 'NONE', #274, 24.49999999999999645 ) ;
#2188 = VERTEX_POINT ( 'NONE', #2312 ) ;
#2189 = DIRECTION ( 'NONE',  ( -0.000000000000000000, -0.000000000000000000, -1.000000000000000000 ) ) ;
#2190 = DIRECTION ( 'NONE',  ( 1.000000000000000000, 0.000000000000000000, 0.000000000000000000 ) ) ;
#2191 = VERTEX_POINT ( 'NONE', #1765 ) ;
#2192 = EDGE_CURVE ( 'NONE', #1519, #904, #1617, .T. ) ;
#2193 = DIRECTION ( 'NONE',  ( 0.000000000000000000, 0.000000000000000000, 1.000000000000000000 ) ) ;
#2194 = EDGE_LOOP ( 'NONE', ( #568, #2002 ) ) ;
#2195 = AXIS2_PLACEMENT_3D ( 'NONE', #2290, #1874, #2266 ) ;
#2196 = DIRECTION ( 'NONE',  ( -1.000000000000000000, 0.000000000000000000, 0.000000000000000000 ) ) ;
#2197 = CARTESIAN_POINT ( 'NONE',  ( -0.0002016061809995139953, -0.0005031721577175574112, 1.249999999999999778 ) ) ;
#2198 = ORIENTED_EDGE ( 'NONE', *, *, #1941, .T. ) ;
#2199 = LINE ( 'NONE', #1259, #2329 ) ;
#2200 = CARTESIAN_POINT ( 'NONE',  ( 18.50000000000000000, -6.459240476859787241E-14, 0.000000000000000000 ) ) ;
#2201 = VERTEX_POINT ( 'NONE', #1966 ) ;
#2202 = CIRCLE ( 'NONE', #265, 2.100000000000000977 ) ;
#2203 = CIRCLE ( 'NONE', #266, 3.400000000000000355 ) ;
#2204 = CARTESIAN_POINT ( 'NONE',  ( 17.26787748750908946, 17.54866309867151841, 2.249999999999999556 ) ) ;
#2205 = ORIENTED_EDGE ( 'NONE', *, *, #1862, .T. ) ;
#2206 = AXIS2_PLACEMENT_3D ( 'NONE', #1256, #2013, #1825 ) ;
#2207 = CARTESIAN_POINT ( 'NONE',  ( -9.249999999999795719, 16.02146997001223383, 4.500000000000000000 ) ) ;
#2208 = AXIS2_PLACEMENT_3D ( 'NONE', #52, #74, #1498 ) ;
#2209 = CYLINDRICAL_SURFACE ( 'NONE', #1346, 3.399999999999999911 ) ;
#2210 = CARTESIAN_POINT ( 'NONE',  ( 16.02146997001200290, 9.250000000000182965, 13.75000000000000000 ) ) ;
#2211 = ORIENTED_EDGE ( 'NONE', *, *, #116, .F. ) ;
#2212 = DIRECTION ( 'NONE',  ( 0.000000000000000000, 0.000000000000000000, 1.000000000000000000 ) ) ;
#2213 = ADVANCED_FACE ( 'NONE', ( #2122 ), #267, .F. ) ;
#2214 = EDGE_CURVE ( 'NONE', #2188, #1543, #769, .T. ) ;
#2215 = CARTESIAN_POINT ( 'NONE',  ( 14.51999999999999957, 1.778187152361956765E-15, 4.500000000000000000 ) ) ;
#2216 = ORIENTED_EDGE ( 'NONE', *, *, #193, .F. ) ;
#2217 = B_SPLINE_CURVE_WITH_KNOTS ( 'NONE', 3,
 ( #461, #635, #53, #258, #1214, #1932, #1784, #840, #1768, #1598, #647, #1403 ),
 .UNSPECIFIED., .F., .F.,
 ( 4, 2, 2, 2, 2, 4 ),
 ( 0.000000000000000000, 0.02440474839950131092, 0.04880949679900262184, 0.09761899359800525755, 0.1464284903970078933, 0.1952379871960105706 ),
 .UNSPECIFIED. ) ;
#2218 = CYLINDRICAL_SURFACE ( 'NONE', #1929, 13.50000000000000000 ) ;
#2219 = ORIENTED_EDGE ( 'NONE', *, *, #1059, .T. ) ;
#2220 = DIRECTION ( 'NONE',  ( -0.000000000000000000, -0.000000000000000000, -1.000000000000000000 ) ) ;
#2221 = CARTESIAN_POINT ( 'NONE',  ( -9.250000000000136779, -16.02146997001204554, 0.000000000000000000 ) ) ;
#2222 = DIRECTION ( 'NONE',  ( 0.000000000000000000, 0.000000000000000000, -1.000000000000000000 ) ) ;
#2223 = VERTEX_POINT ( 'NONE', #990 ) ;
#2224 = DIRECTION ( 'NONE',  ( 0.000000000000000000, 0.000000000000000000, -1.000000000000000000 ) ) ;
#2225 = AXIS2_PLACEMENT_3D ( 'NONE', #1582, #2302, #283 ) ;
#2226 = SURFACE_STYLE_USAGE ( .BOTH. , #1443 ) ;
#2227 = EDGE_CURVE ( 'NONE', #1933, #281, #813, .T. ) ;
#2228 = ORIENTED_EDGE ( 'NONE', *, *, #2243, .F. ) ;
#2229 = CARTESIAN_POINT ( 'NONE',  ( 9.250000000000021316, 16.02146997001210238, 4.500000000000000000 ) ) ;
#2230 = ORIENTED_EDGE ( 'NONE', *, *, #2240, .F. ) ;
#2231 = DIRECTION ( 'NONE',  ( 1.000000000000000000, 0.000000000000000000, 0.000000000000000000 ) ) ;
#2232 = DIRECTION ( 'NONE',  ( 1.000000000000000000, 0.000000000000000000, 0.000000000000000000 ) ) ;
#2233 = CARTESIAN_POINT ( 'NONE',  ( -16.02146997001211659, 9.250000000000003553, 21.50000000000000000 ) ) ;
#2234 = DIRECTION ( 'NONE',  ( -0.000000000000000000, -0.000000000000000000, -1.000000000000000000 ) ) ;
#2235 = ORIENTED_EDGE ( 'NONE', *, *, #985, .F. ) ;
#2236 = EDGE_LOOP ( 'NONE', ( #1366, #1068, #1574, #766 ) ) ;
#2237 = DIRECTION ( 'NONE',  ( 0.000000000000000000, 0.000000000000000000, 1.000000000000000000 ) ) ;
#2238 = ORIENTED_EDGE ( 'NONE', *, *, #1147, .T. ) ;
#2239 = CIRCLE ( 'NONE', #723, 2.100000000000000977 ) ;
#2240 = EDGE_CURVE ( 'NONE', #2286, #946, #2284, .T. ) ;
#2241 = LINE ( 'NONE', #2446, #2076 ) ;
#2242 = ORIENTED_EDGE ( 'NONE', *, *, #1132, .T. ) ;
#2243 = EDGE_CURVE ( 'NONE', #2223, #544, #384, .T. ) ;
#2244 = CIRCLE ( 'NONE', #421, 3.400000000000000355 ) ;
#2245 = DIRECTION ( 'NONE',  ( 0.000000000000000000, 0.000000000000000000, 1.000000000000000000 ) ) ;
#2246 = VERTEX_POINT ( 'NONE', #468 ) ;
#2247 = ORIENTED_EDGE ( 'NONE', *, *, #1887, .F. ) ;
#2248 = EDGE_CURVE ( 'NONE', #2437, #2371, #1411, .T. ) ;
#2249 = VECTOR ( 'NONE', #1683, 1000.000000000000000 ) ;
#2250 = CIRCLE ( 'NONE', #229, 2.100000000000000977 ) ;
#2251 = DIRECTION ( 'NONE',  ( 0.000000000000000000, 0.000000000000000000, -1.000000000000000000 ) ) ;
#2252 = AXIS2_PLACEMENT_3D ( 'NONE', #2233, #1270, #2059 ) ;
#2253 = EDGE_LOOP ( 'NONE', ( #707, #524, #1258, #699 ) ) ;
#2254 = LINE ( 'NONE', #744, #679 ) ;
#2255 = ORIENTED_EDGE ( 'NONE', *, *, #1263, .T. ) ;
#2256 = ADVANCED_FACE ( 'NONE', ( #1544 ), #2299, .F. ) ;
#2257 = ADVANCED_FACE ( 'NONE', ( #1800 ), #1464, .F. ) ;
#2258 = CARTESIAN_POINT ( 'NONE',  ( 12.65000000000002167, 16.02146997001210238, 0.000000000000000000 ) ) ;
#2259 = DIRECTION ( 'NONE',  ( 0.000000000000000000, 0.000000000000000000, 1.000000000000000000 ) ) ;
#2260 = EDGE_CURVE ( 'NONE', #2451, #1875, #965, .T. ) ;
#2261 = VERTEX_POINT ( 'NONE', #490 ) ;
#2262 = FACE_OUTER_BOUND ( 'NONE', #1123, .T. ) ;
#2263 = ADVANCED_FACE ( 'NONE', ( #110 ), #1056, .T. ) ;
#2264 = CIRCLE ( 'NONE', #1911, 2.100000000000000533 ) ;
#2265 = EDGE_LOOP ( 'NONE', ( #920, #62, #129, #2405 ) ) ;
#2266 = DIRECTION ( 'NONE',  ( 1.000000000000000000, 0.000000000000000000, -0.000000000000000000 ) ) ;
#2267 = FACE_OUTER_BOUND ( 'NONE', #1057, .T. ) ;
#2268 = ORIENTED_EDGE ( 'NONE', *, *, #1451, .T. ) ;
#2269 = CARTESIAN_POINT ( 'NONE',  ( 19.42146997001207609, -9.250000000000078160, 4.500000000000000000 ) ) ;
#2270 = DIRECTION ( 'NONE',  ( -1.000000000000000000, 0.000000000000000000, 0.000000000000000000 ) ) ;
#2271 = ORIENTED_EDGE ( 'NONE', *, *, #1562, .T. ) ;
#2272 = VERTEX_POINT ( 'NONE', #1620 ) ;
#2273 = FACE_BOUND ( 'NONE', #292, .T. ) ;
#2274 = DIRECTION ( 'NONE',  ( 1.000000000000000000, 0.000000000000000000, 0.000000000000000000 ) ) ;
#2275 = CIRCLE ( 'NONE', #1962, 2.100000000000000533 ) ;
#2276 = ORIENTED_EDGE ( 'NONE', *, *, #2456, .T. ) ;
#2277 = CARTESIAN_POINT ( 'NONE',  ( -21.90000000000000213, 1.937772143057938318E-13, 4.500000000000000000 ) ) ;
#2278 = ORIENTED_EDGE ( 'NONE', *, *, #383, .T. ) ;
#2279 = DIRECTION ( 'NONE',  ( 1.000000000000000000, 0.000000000000000000, 0.000000000000000000 ) ) ;
#2280 = CIRCLE ( 'NONE', #845, 3.400000000000000355 ) ;
#2281 = DIRECTION ( 'NONE',  ( -0.000000000000000000, -0.000000000000000000, -1.000000000000000000 ) ) ;
#2282 = CIRCLE ( 'NONE', #1218, 2.100000000000000977 ) ;
#2283 = ORIENTED_EDGE ( 'NONE', *, *, #440, .F. ) ;
#2284 = CIRCLE ( 'NONE', #1339, 3.400000000000000355 ) ;
#2285 = DIRECTION ( 'NONE',  ( -1.000000000000000000, 0.000000000000000000, 0.000000000000000000 ) ) ;
#2286 = VERTEX_POINT ( 'NONE', #2376 ) ;
#2287 = VECTOR ( 'NONE', #530, 1000.000000000000000 ) ;
#2288 = ADVANCED_FACE ( 'NONE', ( #862 ), #1991, .F. ) ;
#2289 = DIRECTION ( 'NONE',  ( -0.000000000000000000, -0.000000000000000000, -1.000000000000000000 ) ) ;
#2290 = CARTESIAN_POINT ( 'NONE',  ( 0.000000000000000000, 0.000000000000000000, 13.75000000000000000 ) ) ;
#2291 = ORIENTED_EDGE ( 'NONE', *, *, #1592, .F. ) ;
#2292 = FACE_BOUND ( 'NONE', #1110, .T. ) ;
#2293 = AXIS2_PLACEMENT_3D ( 'NONE', #2048, #2245, #1680 ) ;
#2294 = FACE_OUTER_BOUND ( 'NONE', #1846, .T. ) ;
#2295 = DIRECTION ( 'NONE',  ( 0.000000000000000000, 0.000000000000000000, -1.000000000000000000 ) ) ;
#2296 = CARTESIAN_POINT ( 'NONE',  ( 0.000000000000000000, 0.000000000000000000, 4.500000000000000000 ) ) ;
#2297 = DIRECTION ( 'NONE',  ( -0.000000000000000000, -0.000000000000000000, -1.000000000000000000 ) ) ;
#2298 = ORIENTED_EDGE ( 'NONE', *, *, #1901, .T. ) ;
#2299 = CYLINDRICAL_SURFACE ( 'NONE', #2368, 2.100000000000000977 ) ;
#2300 = DIRECTION ( 'NONE',  ( -1.000000000000000000, 0.000000000000000000, 0.000000000000000000 ) ) ;
#2301 = VERTEX_POINT ( 'NONE', #1415 ) ;
#2302 = DIRECTION ( 'NONE',  ( 0.000000000000000000, 0.000000000000000000, 1.000000000000000000 ) ) ;
#2303 = ADVANCED_FACE ( 'NONE', ( #876 ), #2387, .F. ) ;
#2304 = AXIS2_PLACEMENT_3D ( 'NONE', #2200, #503, #1240 ) ;
#2305 = VERTEX_POINT ( 'NONE', #888 ) ;
#2306 = FACE_OUTER_BOUND ( 'NONE', #2089, .T. ) ;
#2307 = FACE_BOUND ( 'NONE', #2426, .T. ) ;
#2308 = CYLINDRICAL_SURFACE ( 'NONE', #20, 3.400000000000000355 ) ;
#2309 = LINE ( 'NONE', #934, #2015 ) ;
#2310 = DIRECTION ( 'NONE',  ( 1.000000000000000000, 0.000000000000000000, 0.000000000000000000 ) ) ;
#2311 = ORIENTED_EDGE ( 'NONE', *, *, #1679, .F. ) ;
#2312 = CARTESIAN_POINT ( 'NONE',  ( 12.62146997001214288, 9.249999999999964473, 0.000000000000000000 ) ) ;
#2313 = AXIS2_PLACEMENT_3D ( 'NONE', #1397, #1922, #1913 ) ;
#2314 = ORIENTED_EDGE ( 'NONE', *, *, #1451, .F. ) ;
#2315 = CARTESIAN_POINT ( 'NONE',  ( -1.603664974261595377, -24.49994872763993570, 1.249999999999999778 ) ) ;
#2316 = DIRECTION ( 'NONE',  ( 0.000000000000000000, 0.000000000000000000, 1.000000000000000000 ) ) ;
#2317 = FACE_OUTER_BOUND ( 'NONE', #889, .T. ) ;
#2318 = DIRECTION ( 'NONE',  ( 1.000000000000000000, 0.000000000000000000, 0.000000000000000000 ) ) ;
#2319 = CARTESIAN_POINT ( 'NONE',  ( -9.250000000000017764, 16.02146997001210238, 4.500000000000000888 ) ) ;
#2320 = CARTESIAN_POINT ( 'NONE',  ( -19.42146997001200859, 9.250000000000188294, 4.500000000000000000 ) ) ;
#2321 = CARTESIAN_POINT ( 'NONE',  ( 0.000000000000000000, 0.000000000000000000, 2.250000000000000000 ) ) ;
#2322 = AXIS2_PLACEMENT_3D ( 'NONE', #1106, #1080, #2196 ) ;
#2323 = EDGE_CURVE ( 'NONE', #1621, #1034, #1450, .T. ) ;
#2324 = DIRECTION ( 'NONE',  ( -1.000000000000000000, 0.000000000000000000, 0.000000000000000000 ) ) ;
#2325 = FACE_OUTER_BOUND ( 'NONE', #1441, .T. ) ;
#2326 = CARTESIAN_POINT ( 'NONE',  ( 0.000000000000000000, 0.000000000000000000, 13.75000000000000000 ) ) ;
#2327 = ORIENTED_EDGE ( 'NONE', *, *, #35, .T. ) ;
#2328 = CARTESIAN_POINT ( 'NONE',  ( 18.45708203866627173, -16.19118871992634467, 1.250000000000000222 ) ) ;
#2329 = VECTOR ( 'NONE', #2224, 1000.000000000000000 ) ;
#2330 = CARTESIAN_POINT ( 'NONE',  ( 0.000000000000000000, 0.000000000000000000, 4.500000000000000000 ) ) ;
#2331 = ORIENTED_EDGE ( 'NONE', *, *, #1260, .T. ) ;
#2332 = EDGE_CURVE ( 'NONE', #1723, #1095, #1220, .T. ) ;
#2333 = CARTESIAN_POINT ( 'NONE',  ( -7.150000000000017231, 16.02146997001210238, 21.50000000000000000 ) ) ;
#2334 = AXIS2_PLACEMENT_3D ( 'NONE', #1330, #1799, #438 ) ;
#2335 = CARTESIAN_POINT ( 'NONE',  ( 0.000000000000000000, 0.000000000000000000, 13.75000000000000000 ) ) ;
#2336 = FACE_BOUND ( 'NONE', #85, .T. ) ;
#2337 = EDGE_CURVE ( 'NONE', #177, #1370, #2410, .T. ) ;
#2338 = EDGE_CURVE ( 'NONE', #2451, #2441, #97, .T. ) ;
#2339 = CARTESIAN_POINT ( 'NONE',  ( -16.02146997001211659, 9.250000000000003553, 13.75000000000000000 ) ) ;
#2340 = EDGE_CURVE ( 'NONE', #1625, #1664, #144, .T. ) ;
#2341 = ORIENTED_EDGE ( 'NONE', *, *, #318, .F. ) ;
#2342 = CARTESIAN_POINT ( 'NONE',  ( -9.250000000000008882, -16.02146997001211659, 13.75000000000000000 ) ) ;
#2343 = CARTESIAN_POINT ( 'NONE',  ( 16.02146997001207751, -9.250000000000078160, 4.500000000000000000 ) ) ;
#2344 = ORIENTED_EDGE ( 'NONE', *, *, #1091, .T. ) ;
#2345 = DIRECTION ( 'NONE',  ( -0.000000000000000000, -0.000000000000000000, -1.000000000000000000 ) ) ;
#2346 = DIRECTION ( 'NONE',  ( 1.000000000000000000, 0.000000000000000000, 0.000000000000000000 ) ) ;
#2347 = CARTESIAN_POINT ( 'NONE',  ( 18.50000000000000355, -3.398394867633783610E-15, 4.500000000000000888 ) ) ;
#2348 = AXIS2_PLACEMENT_3D ( 'NONE', #2031, #2390, #1635 ) ;
#2349 = CARTESIAN_POINT ( 'NONE',  ( -18.50000000000000355, 1.132798289211179030E-15, 21.50000000000000000 ) ) ;
#2350 = DIRECTION ( 'NONE',  ( -1.000000000000000000, 0.000000000000000000, 0.000000000000000000 ) ) ;
#2351 = DIRECTION ( 'NONE',  ( 0.000000000000000000, 0.000000000000000000, -1.000000000000000000 ) ) ;
#2352 = DIRECTION ( 'NONE',  ( 0.000000000000000000, 0.000000000000000000, -1.000000000000000000 ) ) ;
#2353 = VERTEX_POINT ( 'NONE', #1033 ) ;
#2354 = CARTESIAN_POINT ( 'NONE',  ( 12.94379495524847812, -20.81712299165014102, 1.249999999999999778 ) ) ;
#2355 = DIRECTION ( 'NONE',  ( -0.000000000000000000, -0.000000000000000000, -1.000000000000000000 ) ) ;
#2356 = EDGE_LOOP ( 'NONE', ( #187, #1241 ) ) ;
#2357 = ORIENTED_EDGE ( 'NONE', *, *, #2423, .T. ) ;
#2358 = CARTESIAN_POINT ( 'NONE',  ( -7.150000000000007461, -16.02146997001211659, 13.75000000000000000 ) ) ;
#2359 = VECTOR ( 'NONE', #1586, 1000.000000000000000 ) ;
#2360 = LINE ( 'NONE', #848, #1172 ) ;
#2361 = ORIENTED_EDGE ( 'NONE', *, *, #1901, .F. ) ;
#2362 = FACE_BOUND ( 'NONE', #151, .T. ) ;
#2363 = CARTESIAN_POINT ( 'NONE',  ( -2.100000000000000533, 18.50000000000000355, 21.50000000000000000 ) ) ;
#2364 = AXIS2_PLACEMENT_3D ( 'NONE', #661, #698, #142 ) ;
#2365 = VECTOR ( 'NONE', #1513, 1000.000000000000000 ) ;
#2366 = EDGE_CURVE ( 'NONE', #1863, #281, #2087, .T. ) ;
#2367 = EDGE_LOOP ( 'NONE', ( #2006, #1244, #1719, #1815 ) ) ;
#2368 = AXIS2_PLACEMENT_3D ( 'NONE', #2139, #1658, #288 ) ;
#2369 = CARTESIAN_POINT ( 'NONE',  ( -16.02146997001220186, -9.249999999999852562, 0.000000000000000000 ) ) ;
#2370 = EDGE_CURVE ( 'NONE', #1694, #1844, #963, .T. ) ;
#2371 = VERTEX_POINT ( 'NONE', #1271 ) ;
#2372 = VECTOR ( 'NONE', #765, 1000.000000000000000 ) ;
#2373 = CARTESIAN_POINT ( 'NONE',  ( 18.50000000000000355, -3.398394867633783610E-15, 21.50000000000000000 ) ) ;
#2374 = VECTOR ( 'NONE', #1590, 1000.000000000000000 ) ;
#2375 = DIRECTION ( 'NONE',  ( -0.000000000000000000, -0.000000000000000000, 1.000000000000000000 ) ) ;
#2376 = CARTESIAN_POINT ( 'NONE',  ( -12.62146997001200788, 9.250000000000188294, 4.500000000000000000 ) ) ;
#2377 = CIRCLE ( 'NONE', #1666, 3.400000000000000355 ) ;
#2378 = EDGE_CURVE ( 'NONE', #516, #650, #2282, .T. ) ;
#2379 = ORIENTED_EDGE ( 'NONE', *, *, #1810, .F. ) ;
#2380 = CARTESIAN_POINT ( 'NONE',  ( -2.265596578422505972E-15, -18.50000000000000355, 21.50000000000000000 ) ) ;
#2381 = LINE ( 'NONE', #1858, #473 ) ;
#2382 = EDGE_LOOP ( 'NONE', ( #689, #2247 ) ) ;
#2383 = FACE_BOUND ( 'NONE', #1341, .T. ) ;
#2384 = ORIENTED_EDGE ( 'NONE', *, *, #1130, .T. ) ;
#2385 = CIRCLE ( 'NONE', #2225, 2.100000000000000977 ) ;
#2386 = CARTESIAN_POINT ( 'NONE',  ( -9.860761315262647568E-29, 18.50000000000000355, 0.000000000000000000 ) ) ;
#2387 = CYLINDRICAL_SURFACE ( 'NONE', #1656, 3.400000000000000355 ) ;
#2388 = ORIENTED_EDGE ( 'NONE', *, *, #1041, .F. ) ;
#2389 = CARTESIAN_POINT ( 'NONE',  ( -12.62146997001200788, 9.250000000000188294, 0.000000000000000000 ) ) ;
#2390 = DIRECTION ( 'NONE',  ( -0.000000000000000000, -0.000000000000000000, -1.000000000000000000 ) ) ;
#2391 = ORIENTED_EDGE ( 'NONE', *, *, #1505, .T. ) ;
#2392 = DIRECTION ( 'NONE',  ( -1.000000000000000000, 0.000000000000000000, 0.000000000000000000 ) ) ;
#2393 = EDGE_LOOP ( 'NONE', ( #1161, #2219, #905, #621 ) ) ;
#2394 = AXIS2_PLACEMENT_3D ( 'NONE', #1051, #1787, #1600 ) ;
#2395 = CIRCLE ( 'NONE', #563, 3.400000000000000355 ) ;
#2396 = EDGE_CURVE ( 'NONE', #2009, #950, #2360, .T. ) ;
#2397 = DIRECTION ( 'NONE',  ( -0.000000000000000000, -0.000000000000000000, 1.000000000000000000 ) ) ;
#2398 = CYLINDRICAL_SURFACE ( 'NONE', #2252, 2.100000000000000977 ) ;
#2399 = DIRECTION ( 'NONE',  ( 0.000000000000000000, 0.000000000000000000, -1.000000000000000000 ) ) ;
#2400 = ORIENTED_EDGE ( 'NONE', *, *, #1073, .F. ) ;
#2401 = EDGE_LOOP ( 'NONE', ( #223, #1040, #1349, #539 ) ) ;
#2402 = CARTESIAN_POINT ( 'NONE',  ( 3.399999999999870681, -18.50000000000000355, 4.500000000000000000 ) ) ;
#2403 = ADVANCED_FACE ( 'NONE', ( #665 ), #1425, .F. ) ;
#2404 = LINE ( 'NONE', #1049, #1239 ) ;
#2405 = ORIENTED_EDGE ( 'NONE', *, *, #919, .T. ) ;
#2406 = CIRCLE ( 'NONE', #1055, 2.100000000000000977 ) ;
#2407 = CARTESIAN_POINT ( 'NONE',  ( 11.36681054035725857, 21.83870073383664590, 2.250000000000000444 ) ) ;
#2408 = EDGE_CURVE ( 'NONE', #2286, #867, #172, .T. ) ;
#2409 = ORIENTED_EDGE ( 'NONE', *, *, #1834, .T. ) ;
#2410 = CIRCLE ( 'NONE', #575, 24.50020161134793995 ) ;
#2411 = CIRCLE ( 'NONE', #1257, 2.100000000000000977 ) ;
#2412 = EDGE_CURVE ( 'NONE', #2437, #571, #942, .T. ) ;
#2413 = CARTESIAN_POINT ( 'NONE',  ( 0.000000000000000000, 0.000000000000000000, 4.500000000000000000 ) ) ;
#2414 = VECTOR ( 'NONE', #1124, 1000.000000000000000 ) ;
#2415 = CARTESIAN_POINT ( 'NONE',  ( -2.265596578422505972E-15, -18.50000000000000355, 4.500000000000000888 ) ) ;
#2416 = VECTOR ( 'NONE', #1139, 1000.000000000000000 ) ;
#2417 = ADVANCED_FACE ( 'NONE', ( #1487 ), #1122, .F. ) ;
#2418 = DIRECTION ( 'NONE',  ( 0.000000000000000000, 0.000000000000000000, 1.000000000000000000 ) ) ;
#2419 = DIRECTION ( 'NONE',  ( 1.000000000000000000, 0.000000000000000000, 0.000000000000000000 ) ) ;
#2420 = EDGE_LOOP ( 'NONE', ( #561, #1210 ) ) ;
#2421 = ORIENTED_EDGE ( 'NONE', *, *, #995, .F. ) ;
#2422 = FACE_OUTER_BOUND ( 'NONE', #907, .T. ) ;
#2423 = EDGE_CURVE ( 'NONE', #1682, #672, #1655, .T. ) ;
#2424 = ADVANCED_FACE ( 'NONE', ( #1853 ), #759, .F. ) ;
#2425 = CARTESIAN_POINT ( 'NONE',  ( 21.89999999999999858, -6.417602485688778300E-14, 4.500000000000000000 ) ) ;
#2426 = EDGE_LOOP ( 'NONE', ( #2050, #2361 ) ) ;
#2427 = DIRECTION ( 'NONE',  ( -0.000000000000000000, -0.000000000000000000, -1.000000000000000000 ) ) ;
#2428 = VERTEX_POINT ( 'NONE', #387 ) ;
#2429 = CARTESIAN_POINT ( 'NONE',  ( 13.92146997001199971, 9.250000000000182965, 13.75000000000000000 ) ) ;
#2430 = DIRECTION ( 'NONE',  ( 0.000000000000000000, 0.000000000000000000, 1.000000000000000000 ) ) ;
#2431 =( NAMED_UNIT ( * ) SI_UNIT ( $, .STERADIAN. ) SOLID_ANGLE_UNIT ( ) );
#2432 = ORIENTED_EDGE ( 'NONE', *, *, #1899, .T. ) ;
#2433 = DIRECTION ( 'NONE',  ( -1.000000000000000000, 0.000000000000000000, 0.000000000000000000 ) ) ;
#2434 = CARTESIAN_POINT ( 'NONE',  ( 0.000000000000000000, 0.000000000000000000, 9.250000000000000000 ) ) ;
#2435 = ORIENTED_EDGE ( 'NONE', *, *, #2323, .T. ) ;
#2436 = DIRECTION ( 'NONE',  ( -1.000000000000000000, 0.000000000000000000, 0.000000000000000000 ) ) ;
#2437 = VERTEX_POINT ( 'NONE', #2073 ) ;
#2438 = CARTESIAN_POINT ( 'NONE',  ( 12.65000000000002167, 16.02146997001210238, 4.500000000000000000 ) ) ;
#2439 = DIRECTION ( 'NONE',  ( 0.000000000000000000, 0.000000000000000000, 1.000000000000000000 ) ) ;
#2440 = ORIENTED_EDGE ( 'NONE', *, *, #2071, .F. ) ;
#2441 = VERTEX_POINT ( 'NONE', #2086 ) ;
#2442 =( NAMED_UNIT ( * ) PLANE_ANGLE_UNIT ( ) SI_UNIT ( $, .RADIAN. ) );
#2443 = ORIENTED_EDGE ( 'NONE', *, *, #150, .T. ) ;
#2444 = CIRCLE ( 'NONE', #2004, 14.51999999999999957 ) ;
#2445 = EDGE_CURVE ( 'NONE', #479, #469, #303, .T. ) ;
#2446 = CARTESIAN_POINT ( 'NONE',  ( -24.49999999999999645, 0.000000000000000000, 2.250000000000000000 ) ) ;
#2447 = ADVANCED_FACE ( 'NONE', ( #1701 ), #337, .F. ) ;
#2448 = ORIENTED_EDGE ( 'NONE', *, *, #540, .T. ) ;
#2449 = FACE_OUTER_BOUND ( 'NONE', #996, .T. ) ;
#2450 = CARTESIAN_POINT ( 'NONE',  ( -18.50000000000000355, 1.937772143057938318E-13, 4.500000000000000000 ) ) ;
#2451 = VERTEX_POINT ( 'NONE', #2464 ) ;
#2452 = ORIENTED_EDGE ( 'NONE', *, *, #335, .F. ) ;
#2453 = AXIS2_PLACEMENT_3D ( 'NONE', #892, #1663, #1817 ) ;
#2454 = CIRCLE ( 'NONE', #2208, 24.49999999999999645 ) ;
#2455 = EDGE_CURVE ( 'NONE', #1193, #1272, #2203, .T. ) ;
#2456 = EDGE_CURVE ( 'NONE', #1034, #1621, #846, .T. ) ;
#2457 = DIRECTION ( 'NONE',  ( -0.000000000000000000, -0.000000000000000000, -1.000000000000000000 ) ) ;
#2458 = VECTOR ( 'NONE', #1121, 1000.000000000000000 ) ;
#2459 = ORIENTED_EDGE ( 'NONE', *, *, #394, .F. ) ;
#2460 = VECTOR ( 'NONE', #2297, 1000.000000000000000 ) ;
#2461 = FACE_BOUND ( 'NONE', #41, .T. ) ;
#2462 = VERTEX_POINT ( 'NONE', #737 ) ;
#2463 = DIRECTION ( 'NONE',  ( -0.000000000000000000, -0.000000000000000000, -1.000000000000000000 ) ) ;
#2464 = CARTESIAN_POINT ( 'NONE',  ( 5.849999999999995204, -16.02146997001212014, 4.500000000000000000 ) ) ;
#2465 = EDGE_LOOP ( 'NONE', ( #1602, #9, #1530, #186 ) ) ;
#2466 = DIRECTION ( 'NONE',  ( -1.000000000000000000, 0.000000000000000000, 0.000000000000000000 ) ) ;
#2467 = VECTOR ( 'NONE', #1350, 1000.000000000000000 ) ;
#2468 = VERTEX_POINT ( 'NONE', #160 ) ;
#2469 = CARTESIAN_POINT ( 'NONE',  ( -21.98999999999999844, 2.692998311325029237E-15, -61.36132603554181486 ) ) ;
#2470 = CARTESIAN_POINT ( 'NONE',  ( 18.12146997001200077, 9.250000000000182965, 13.75000000000000000 ) ) ;
#2471 = ORIENTED_EDGE ( 'NONE', *, *, #394, .T. ) ;
#2472 = EDGE_CURVE ( 'NONE', #2171, #1883, #808, .T. ) ;
#2473 = LINE ( 'NONE', #350, #1413 ) ;
ENDSEC;
END-ISO-10303-21;
