ISO-10303-21;
HEADER;
FILE_DESCRIPTION (( 'STEP AP214' ),
    '1' );
FILE_NAME ('´ó¹Ø½ÚÖá-4A.STEP',
    '2026-08-16T17:26:54',
    ( '' ),
    ( '' ),
    'SwSTEP 2.0',
    'SolidWorks 2025',
    '' );
FILE_SCHEMA (( 'AUTOMOTIVE_DESIGN' ));
ENDSEC;

DATA;
#1 = FACE_OUTER_BOUND ( 'NONE', #221, .T. ) ;
#2 = CARTESIAN_POINT ( 'NONE',  ( 36.70518139898441490, 9.835123713896452458, 8.490000000000000213 ) ) ;
#3 = EDGE_CURVE ( 'NONE', #1555, #931, #1070, .T. ) ;
#4 = CIRCLE ( 'NONE', #994, 4.950000000000020606 ) ;
#5 = ORIENTED_EDGE ( 'NONE', *, *, #1346, .T. ) ;
#6 = FACE_BOUND ( 'NONE', #761, .T. ) ;
#7 = VERTEX_POINT ( 'NONE', #1494 ) ;
#8 = CARTESIAN_POINT ( 'NONE',  ( 9.835123713895557174, 36.70518139898466359, 4.000000000000000000 ) ) ;
#9 = CIRCLE ( 'NONE', #1339, 2.149999999999999023 ) ;
#10 = CARTESIAN_POINT ( 'NONE',  ( 0.000000000000000000, 0.000000000000000000, 6.940000000000001279 ) ) ;
#11 = CARTESIAN_POINT ( 'NONE',  ( -26.87005768508897674, 26.87005768508863568, 4.000000000000000000 ) ) ;
#12 = DIRECTION ( 'NONE',  ( -0.000000000000000000, -0.000000000000000000, -1.000000000000000000 ) ) ;
#13 = EDGE_CURVE ( 'NONE', #1301, #1476, #534, .T. ) ;
#14 = PRODUCT_RELATED_PRODUCT_CATEGORY ( 'part', '', ( #766 ) ) ;
#15 = MECHANICAL_DESIGN_GEOMETRIC_PRESENTATION_REPRESENTATION (  '', ( #1063 ), #474 ) ;
#16 = VERTEX_POINT ( 'NONE', #1261 ) ;
#17 = CARTESIAN_POINT ( 'NONE',  ( -34.55518139898453711, -9.835123713896017250, 25.51000000000000156 ) ) ;
#18 = VECTOR ( 'NONE', #1600, 1000.000000000000114 ) ;
#19 = VERTEX_POINT ( 'NONE', #683 ) ;
#20 = AXIS2_PLACEMENT_3D ( 'NONE', #675, #552, #1360 ) ;
#21 = AXIS2_PLACEMENT_3D ( 'NONE', #1192, #643, #1585 ) ;
#22 = PRODUCT_CONTEXT ( 'NONE', #939, 'mechanical' ) ;
#23 = EDGE_CURVE ( 'NONE', #1701, #509, #1622, .T. ) ;
#24 = DIRECTION ( 'NONE',  ( -0.000000000000000000, -0.000000000000000000, -1.000000000000000000 ) ) ;
#25 = LINE ( 'NONE', #1108, #857 ) ;
#26 = UNCERTAINTY_MEASURE_WITH_UNIT (LENGTH_MEASURE( 1.000000000000000082E-05 ), #541, 'distance_accuracy_value', 'NONE');
#27 = EDGE_CURVE ( 'NONE', #377, #1581, #1389, .T. ) ;
#28 = ORIENTED_EDGE ( 'NONE', *, *, #1068, .T. ) ;
#29 = FACE_BOUND ( 'NONE', #145, .T. ) ;
#30 = CYLINDRICAL_SURFACE ( 'NONE', #605, 2.149999999999999023 ) ;
#31 = EDGE_CURVE ( 'NONE', #1721, #1301, #1506, .T. ) ;
#32 = EDGE_LOOP ( 'NONE', ( #485, #1066, #626, #1405 ) ) ;
#33 = DIRECTION ( 'NONE',  ( 1.000000000000000000, 0.000000000000000000, 0.000000000000000000 ) ) ;
#34 = ADVANCED_FACE ( 'NONE', ( #1516 ), #47, .F. ) ;
#35 = LINE ( 'NONE', #441, #1184 ) ;
#36 = DIRECTION ( 'NONE',  ( 1.000000000000000000, 0.000000000000000000, 0.000000000000000000 ) ) ;
#37 = DIRECTION ( 'NONE',  ( 0.000000000000000000, 0.000000000000000000, 1.000000000000000000 ) ) ;
#38 = DIRECTION ( 'NONE',  ( 0.000000000000000000, 0.000000000000000000, 1.000000000000000000 ) ) ;
#39 = ORIENTED_EDGE ( 'NONE', *, *, #1268, .F. ) ;
#40 = VECTOR ( 'NONE', #633, 1000.000000000000000 ) ;
#41 = DIRECTION ( 'NONE',  ( 0.000000000000000000, 0.000000000000000000, -1.000000000000000000 ) ) ;
#42 = CARTESIAN_POINT ( 'NONE',  ( -44.00000000000000000, 0.000000000000000000, 4.000000000000000000 ) ) ;
#43 = DIRECTION ( 'NONE',  ( -1.000000000000000000, 0.000000000000000000, 0.000000000000000000 ) ) ;
#44 = AXIS2_PLACEMENT_3D ( 'NONE', #859, #1537, #738 ) ;
#45 = ORIENTED_EDGE ( 'NONE', *, *, #519, .T. ) ;
#46 = EDGE_CURVE ( 'NONE', #1028, #1308, #170, .T. ) ;
#47 = CYLINDRICAL_SURFACE ( 'NONE', #392, 32.00000000000000000 ) ;
#48 = CYLINDRICAL_SURFACE ( 'NONE', #833, 2.149999999999999023 ) ;
#49 = VECTOR ( 'NONE', #1258, 1000.000000000000000 ) ;
#50 = CONICAL_SURFACE ( 'NONE', #1036, 2.149999999999999023, 0.7853981633974491672 ) ;
#51 = ORIENTED_EDGE ( 'NONE', *, *, #455, .T. ) ;
#52 = DIRECTION ( 'NONE',  ( 0.000000000000000000, 0.000000000000000000, 1.000000000000000000 ) ) ;
#53 = FACE_OUTER_BOUND ( 'NONE', #186, .T. ) ;
#54 = CARTESIAN_POINT ( 'NONE',  ( 32.00000000000000000, 0.000000000000000000, 6.940000000000001279 ) ) ;
#55 = CARTESIAN_POINT ( 'NONE',  ( -36.70518139898465648, 9.835123713895553621, 8.490000000000000213 ) ) ;
#56 = CARTESIAN_POINT ( 'NONE',  ( -11.98512371389555753, -36.70518139898465648, 25.51000000000000156 ) ) ;
#57 = DIRECTION ( 'NONE',  ( -0.000000000000000000, -0.000000000000000000, 1.000000000000000000 ) ) ;
#58 = ORIENTED_EDGE ( 'NONE', *, *, #824, .F. ) ;
#59 = FACE_OUTER_BOUND ( 'NONE', #1546, .T. ) ;
#60 = CIRCLE ( 'NONE', #814, 2.150000000000000799 ) ;
#61 = DIRECTION ( 'NONE',  ( -0.000000000000000000, -0.000000000000000000, -1.000000000000000000 ) ) ;
#62 = EDGE_CURVE ( 'NONE', #1721, #835, #290, .T. ) ;
#63 = CARTESIAN_POINT ( 'NONE',  ( 29.02005768508829320, 26.87005768508932846, 5.689999999999993285 ) ) ;
#64 = DIRECTION ( 'NONE',  ( 0.000000000000000000, 0.000000000000000000, 1.000000000000000000 ) ) ;
#65 = EDGE_CURVE ( 'NONE', #1614, #674, #1496, .T. ) ;
#66 = EDGE_CURVE ( 'NONE', #19, #662, #1223, .T. ) ;
#67 = ORIENTED_EDGE ( 'NONE', *, *, #1289, .F. ) ;
#68 = ORIENTED_EDGE ( 'NONE', *, *, #540, .F. ) ;
#69 = CARTESIAN_POINT ( 'NONE',  ( 29.02005768508896466, -26.87005768508864989, 4.000000000000000000 ) ) ;
#70 = FACE_OUTER_BOUND ( 'NONE', #1606, .T. ) ;
#71 = ORIENTED_EDGE ( 'NONE', *, *, #1723, .T. ) ;
#72 = DIRECTION ( 'NONE',  ( 0.7071067811865481278, 0.000000000000000000, 0.7071067811865469066 ) ) ;
#73 = DIRECTION ( 'NONE',  ( -1.000000000000000000, 0.000000000000000000, 0.000000000000000000 ) ) ;
#74 = ADVANCED_FACE ( 'NONE', ( #304, #165, #6, #1650, #819, #560, #694, #153, #1232, #435, #970, #29, #1102, #427 ), #842, .T. ) ;
#75 = AXIS2_PLACEMENT_3D ( 'NONE', #570, #316, #980 ) ;
#76 = VERTEX_POINT ( 'NONE', #706 ) ;
#77 = ORIENTED_EDGE ( 'NONE', *, *, #323, .F. ) ;
#78 = CIRCLE ( 'NONE', #1290, 44.00000000000000000 ) ;
#79 = VECTOR ( 'NONE', #1500, 999.9999999999998863 ) ;
#80 = EDGE_CURVE ( 'NONE', #642, #1133, #577, .T. ) ;
#81 = ORIENTED_EDGE ( 'NONE', *, *, #631, .T. ) ;
#82 = DIRECTION ( 'NONE',  ( -0.000000000000000000, -0.000000000000000000, 1.000000000000000000 ) ) ;
#83 = CARTESIAN_POINT ( 'NONE',  ( 41.65518139898466643, -9.835123713895558950, 8.490000000000000213 ) ) ;
#84 = ORIENTED_EDGE ( 'NONE', *, *, #1670, .F. ) ;
#85 = EDGE_CURVE ( 'NONE', #1062, #544, #89, .T. ) ;
#86 = ORIENTED_EDGE ( 'NONE', *, *, #1463, .F. ) ;
#87 = DIRECTION ( 'NONE',  ( 0.000000000000000000, 0.000000000000000000, 1.000000000000000000 ) ) ;
#88 = CYLINDRICAL_SURFACE ( 'NONE', #340, 31.00000000000000000 ) ;
#89 = LINE ( 'NONE', #63, #458 ) ;
#90 = DIRECTION ( 'NONE',  ( -0.000000000000000000, -0.000000000000000000, 1.000000000000000000 ) ) ;
#91 = ADVANCED_FACE ( 'NONE', ( #599 ), #1420, .F. ) ;
#92 = ORIENTED_EDGE ( 'NONE', *, *, #1068, .F. ) ;
#93 = ORIENTED_EDGE ( 'NONE', *, *, #1692, .F. ) ;
#94 = EDGE_LOOP ( 'NONE', ( #545, #103, #1693, #77 ) ) ;
#95 = VECTOR ( 'NONE', #1229, 1000.000000000000114 ) ;
#96 = DIRECTION ( 'NONE',  ( 1.000000000000000000, 0.000000000000000000, 0.000000000000000000 ) ) ;
#97 = VERTEX_POINT ( 'NONE', #1429 ) ;
#98 = DIRECTION ( 'NONE',  ( 0.000000000000000000, 0.000000000000000000, 1.000000000000000000 ) ) ;
#99 = DIRECTION ( 'NONE',  ( 0.000000000000000000, 0.000000000000000000, -1.000000000000000000 ) ) ;
#100 = ORIENTED_EDGE ( 'NONE', *, *, #1056, .T. ) ;
#101 = ADVANCED_FACE ( 'NONE', ( #1272 ), #1291, .F. ) ;
#102 = AXIS2_PLACEMENT_3D ( 'NONE', #1421, #99, #625 ) ;
#103 = ORIENTED_EDGE ( 'NONE', *, *, #1632, .F. ) ;
#104 = AXIS2_PLACEMENT_3D ( 'NONE', #883, #1247, #744 ) ;
#105 = AXIS2_PLACEMENT_3D ( 'NONE', #899, #115, #1461 ) ;
#106 = DIRECTION ( 'NONE',  ( 1.000000000000000000, 0.000000000000000000, 0.000000000000000000 ) ) ;
#107 = EDGE_CURVE ( 'NONE', #7, #1202, #472, .T. ) ;
#108 = FACE_OUTER_BOUND ( 'NONE', #244, .T. ) ;
#109 = CIRCLE ( 'NONE', #171, 2.150000000000000799 ) ;
#110 = ORIENTED_EDGE ( 'NONE', *, *, #1632, .T. ) ;
#111 = ORIENTED_EDGE ( 'NONE', *, *, #816, .T. ) ;
#112 = CARTESIAN_POINT ( 'NONE',  ( 11.98512371389555575, 36.70518139898466359, 5.689999999999996838 ) ) ;
#113 = ORIENTED_EDGE ( 'NONE', *, *, #280, .T. ) ;
#114 = EDGE_CURVE ( 'NONE', #1160, #912, #327, .T. ) ;
#115 = DIRECTION ( 'NONE',  ( -0.000000000000000000, -0.000000000000000000, -1.000000000000000000 ) ) ;
#116 = AXIS2_PLACEMENT_3D ( 'NONE', #1407, #64, #205 ) ;
#117 = DIRECTION ( 'NONE',  ( 0.000000000000000000, 0.000000000000000000, -1.000000000000000000 ) ) ;
#118 = DIRECTION ( 'NONE',  ( -0.000000000000000000, -0.000000000000000000, -1.000000000000000000 ) ) ;
#119 = EDGE_CURVE ( 'NONE', #1028, #76, #593, .T. ) ;
#120 = ORIENTED_EDGE ( 'NONE', *, *, #66, .F. ) ;
#121 = ORIENTED_EDGE ( 'NONE', *, *, #1612, .F. ) ;
#122 = CARTESIAN_POINT ( 'NONE',  ( 0.000000000000000000, 0.000000000000000000, 0.000000000000000000 ) ) ;
#123 = ORIENTED_EDGE ( 'NONE', *, *, #550, .T. ) ;
#124 = FACE_OUTER_BOUND ( 'NONE', #94, .T. ) ;
#125 = DIRECTION ( 'NONE',  ( 0.000000000000000000, 0.000000000000000000, 1.000000000000000000 ) ) ;
#126 = ORIENTED_EDGE ( 'NONE', *, *, #31, .T. ) ;
#127 = LINE ( 'NONE', #624, #870 ) ;
#128 = ORIENTED_EDGE ( 'NONE', *, *, #62, .F. ) ;
#129 = CARTESIAN_POINT ( 'NONE',  ( 9.835123713895557174, 36.70518139898466359, 8.490000000000000213 ) ) ;
#130 = ORIENTED_EDGE ( 'NONE', *, *, #1008, .T. ) ;
#131 = AXIS2_PLACEMENT_3D ( 'NONE', #838, #976, #1367 ) ;
#132 = ADVANCED_FACE ( 'NONE', ( #1553 ), #764, .F. ) ;
#133 = DIRECTION ( 'NONE',  ( 0.000000000000000000, 0.000000000000000000, -1.000000000000000000 ) ) ;
#134 = DIRECTION ( 'NONE',  ( 1.000000000000000000, 0.000000000000000000, 0.000000000000000000 ) ) ;
#135 = DIRECTION ( 'NONE',  ( -1.000000000000000000, 0.000000000000000000, 0.000000000000000000 ) ) ;
#136 = ORIENTED_EDGE ( 'NONE', *, *, #455, .F. ) ;
#137 = FACE_OUTER_BOUND ( 'NONE', #511, .T. ) ;
#138 = ORIENTED_EDGE ( 'NONE', *, *, #574, .F. ) ;
#139 = ADVANCED_FACE ( 'NONE', ( #858 ), #740, .F. ) ;
#140 = EDGE_CURVE ( 'NONE', #76, #1245, #281, .T. ) ;
#141 = LINE ( 'NONE', #297, #1520 ) ;
#142 = LINE ( 'NONE', #566, #1397 ) ;
#143 = ORIENTED_EDGE ( 'NONE', *, *, #1346, .F. ) ;
#144 = DIRECTION ( 'NONE',  ( 1.000000000000000000, 0.000000000000000000, 0.000000000000000000 ) ) ;
#145 = EDGE_LOOP ( 'NONE', ( #71, #1470 ) ) ;
#146 = LINE ( 'NONE', #1363, #389 ) ;
#147 = CARTESIAN_POINT ( 'NONE',  ( 34.55518139898465790, -9.835123713895558950, 5.689999999999996838 ) ) ;
#148 = EDGE_CURVE ( 'NONE', #97, #322, #60, .T. ) ;
#149 = DIRECTION ( 'NONE',  ( 1.000000000000000000, 0.000000000000000000, 0.000000000000000000 ) ) ;
#150 = CYLINDRICAL_SURFACE ( 'NONE', #501, 2.150000000000000799 ) ;
#151 = DIRECTION ( 'NONE',  ( -1.000000000000000000, 0.000000000000000000, 0.000000000000000000 ) ) ;
#152 = ORIENTED_EDGE ( 'NONE', *, *, #1579, .T. ) ;
#153 = FACE_BOUND ( 'NONE', #1359, .T. ) ;
#154 = EDGE_CURVE ( 'NONE', #1169, #597, #420, .T. ) ;
#155 = AXIS2_PLACEMENT_3D ( 'NONE', #583, #689, #1379 ) ;
#156 = EDGE_LOOP ( 'NONE', ( #1325, #1588, #647, #228 ) ) ;
#157 = DIRECTION ( 'NONE',  ( 1.000000000000000000, 0.000000000000000000, 0.000000000000000000 ) ) ;
#158 = CARTESIAN_POINT ( 'NONE',  ( -11.98512371389607090, 36.70518139898453569, 5.689999999999983515 ) ) ;
#159 = DIRECTION ( 'NONE',  ( 1.000000000000000000, 0.000000000000000000, 0.000000000000000000 ) ) ;
#160 = AXIS2_PLACEMENT_3D ( 'NONE', #878, #1738, #1416 ) ;
#161 = CARTESIAN_POINT ( 'NONE',  ( -9.835123713895557174, -36.70518139898465648, 5.689999999999996838 ) ) ;
#162 = DIRECTION ( 'NONE',  ( 1.000000000000000000, 0.000000000000000000, 0.000000000000000000 ) ) ;
#163 = DIRECTION ( 'NONE',  ( 1.000000000000000000, 0.000000000000000000, 0.000000000000000000 ) ) ;
#164 = VECTOR ( 'NONE', #1472, 1000.000000000000114 ) ;
#165 = FACE_BOUND ( 'NONE', #588, .T. ) ;
#166 = AXIS2_PLACEMENT_3D ( 'NONE', #1716, #911, #893 ) ;
#167 = CARTESIAN_POINT ( 'NONE',  ( -11.98512371389607090, 36.70518139898453569, 4.000000000000000000 ) ) ;
#168 = CIRCLE ( 'NONE', #1067, 31.00000000000000000 ) ;
#169 = EDGE_LOOP ( 'NONE', ( #1630, #1127, #1662, #797 ) ) ;
#170 = CIRCLE ( 'NONE', #20, 2.149999999999999023 ) ;
#171 = AXIS2_PLACEMENT_3D ( 'NONE', #1744, #1050, #798 ) ;
#172 = CARTESIAN_POINT ( 'NONE',  ( 38.85518139898465506, -9.835123713895558950, 4.000000000000000000 ) ) ;
#173 = DIRECTION ( 'NONE',  ( -0.000000000000000000, -0.000000000000000000, -1.000000000000000000 ) ) ;
#174 = FACE_OUTER_BOUND ( 'NONE', #964, .T. ) ;
#175 = LINE ( 'NONE', #543, #1082 ) ;
#176 = EDGE_LOOP ( 'NONE', ( #759, #1527, #267, #421 ) ) ;
#177 = DIRECTION ( 'NONE',  ( 1.000000000000000000, 0.000000000000000000, -0.000000000000000000 ) ) ;
#178 = CARTESIAN_POINT ( 'NONE',  ( 36.70518139898441490, 9.835123713896452458, 5.689999999999996838 ) ) ;
#179 = EDGE_CURVE ( 'NONE', #934, #460, #954, .T. ) ;
#180 = AXIS2_PLACEMENT_3D ( 'NONE', #587, #996, #1251 ) ;
#181 = ORIENTED_EDGE ( 'NONE', *, *, #853, .F. ) ;
#182 = EDGE_CURVE ( 'NONE', #852, #930, #478, .T. ) ;
#183 = CARTESIAN_POINT ( 'NONE',  ( 31.82005768508896892, -26.87005768508864989, 8.490000000000000213 ) ) ;
#184 = CYLINDRICAL_SURFACE ( 'NONE', #1753, 2.149999999999999023 ) ;
#185 = FACE_OUTER_BOUND ( 'NONE', #1515, .T. ) ;
#186 = EDGE_LOOP ( 'NONE', ( #214, #615, #369, #1274 ) ) ;
#187 = DIRECTION ( 'NONE',  ( 1.000000000000000000, 0.000000000000000000, 0.000000000000000000 ) ) ;
#188 = CARTESIAN_POINT ( 'NONE',  ( 11.98512371389555575, 36.70518139898466359, 5.689999999999996838 ) ) ;
#189 = AXIS2_PLACEMENT_3D ( 'NONE', #1368, #1078, #1239 ) ;
#190 = ORIENTED_EDGE ( 'NONE', *, *, #1315, .T. ) ;
#191 = AXIS2_PLACEMENT_3D ( 'NONE', #772, #1326, #496 ) ;
#192 = DIRECTION ( 'NONE',  ( 1.000000000000000000, 0.000000000000000000, 0.000000000000000000 ) ) ;
#193 = DIRECTION ( 'NONE',  ( -0.000000000000000000, -0.000000000000000000, -1.000000000000000000 ) ) ;
#194 = DIRECTION ( 'NONE',  ( 0.000000000000000000, 0.000000000000000000, -1.000000000000000000 ) ) ;
#195 = AXIS2_PLACEMENT_3D ( 'NONE', #1174, #1435, #644 ) ;
#196 = DIRECTION ( 'NONE',  ( -0.000000000000000000, -0.000000000000000000, -1.000000000000000000 ) ) ;
#197 = DIRECTION ( 'NONE',  ( 1.000000000000000000, 0.000000000000000000, 0.000000000000000000 ) ) ;
#198 = AXIS2_PLACEMENT_3D ( 'NONE', #1257, #590, #1524 ) ;
#199 = CIRCLE ( 'NONE', #611, 2.149999999999999023 ) ;
#200 = VERTEX_POINT ( 'NONE', #730 ) ;
#201 = FACE_OUTER_BOUND ( 'NONE', #517, .T. ) ;
#202 = EDGE_CURVE ( 'NONE', #1054, #1438, #352, .T. ) ;
#203 = DIRECTION ( 'NONE',  ( -1.000000000000000000, 0.000000000000000000, 0.000000000000000000 ) ) ;
#204 = DIRECTION ( 'NONE',  ( -0.000000000000000000, -0.000000000000000000, -1.000000000000000000 ) ) ;
#205 = DIRECTION ( 'NONE',  ( 1.000000000000000000, 0.000000000000000000, 0.000000000000000000 ) ) ;
#206 = VERTEX_POINT ( 'NONE', #1406 ) ;
#207 = EDGE_LOOP ( 'NONE', ( #650, #1336, #152, #829 ) ) ;
#208 = CYLINDRICAL_SURFACE ( 'NONE', #104, 2.150000000000000799 ) ;
#209 = ADVANCED_FACE ( 'NONE', ( #1277 ), #885, .F. ) ;
#210 = DIRECTION ( 'NONE',  ( 0.000000000000000000, 0.000000000000000000, 1.000000000000000000 ) ) ;
#211 = FACE_OUTER_BOUND ( 'NONE', #1735, .T. ) ;
#212 = ORIENTED_EDGE ( 'NONE', *, *, #574, .T. ) ;
#213 = CARTESIAN_POINT ( 'NONE',  ( -9.835123713895557174, -36.70518139898465648, 4.000000000000000000 ) ) ;
#214 = ORIENTED_EDGE ( 'NONE', *, *, #712, .F. ) ;
#215 = AXIS2_PLACEMENT_3D ( 'NONE', #714, #1535, #43 ) ;
#216 = LINE ( 'NONE', #729, #1754 ) ;
#217 = VERTEX_POINT ( 'NONE', #1671 ) ;
#218 = DIRECTION ( 'NONE',  ( -0.000000000000000000, -0.000000000000000000, -1.000000000000000000 ) ) ;
#219 = DIRECTION ( 'NONE',  ( -1.000000000000000000, 0.000000000000000000, 0.000000000000000000 ) ) ;
#220 = EDGE_CURVE ( 'NONE', #402, #315, #1707, .T. ) ;
#221 = EDGE_LOOP ( 'NONE', ( #1051, #959, #121, #1039 ) ) ;
#222 = EDGE_LOOP ( 'NONE', ( #326, #527, #562, #1718 ) ) ;
#223 = COLOUR_RGB ( '',0.7921568627450980005, 0.8196078431372548767, 0.9333333333333333481 ) ;
#224 = CONICAL_SURFACE ( 'NONE', #728, 2.150000000000000799, 0.7853981633974492782 ) ;
#225 = CARTESIAN_POINT ( 'NONE',  ( 29.02005768508829320, 26.87005768508932846, 4.000000000000000000 ) ) ;
#226 = DIRECTION ( 'NONE',  ( 0.7071067811865482389, 0.000000000000000000, 0.7071067811865469066 ) ) ;
#227 = CARTESIAN_POINT ( 'NONE',  ( -32.00000000000000000, 3.918869757271529474E-15, 6.940000000000001279 ) ) ;
#228 = ORIENTED_EDGE ( 'NONE', *, *, #631, .F. ) ;
#229 = DIRECTION ( 'NONE',  ( 1.000000000000000000, 0.000000000000000000, 0.000000000000000000 ) ) ;
#230 = EDGE_CURVE ( 'NONE', #1616, #1260, #988, .T. ) ;
#231 = ORIENTED_EDGE ( 'NONE', *, *, #1199, .F. ) ;
#232 = VECTOR ( 'NONE', #1567, 1000.000000000000000 ) ;
#233 = AXIS2_PLACEMENT_3D ( 'NONE', #1372, #1217, #1345 ) ;
#234 = DIRECTION ( 'NONE',  ( -0.000000000000000000, -0.000000000000000000, -1.000000000000000000 ) ) ;
#235 = DIRECTION ( 'NONE',  ( 0.000000000000000000, 0.000000000000000000, 1.000000000000000000 ) ) ;
#236 = FACE_OUTER_BOUND ( 'NONE', #308, .T. ) ;
#237 = ORIENTED_EDGE ( 'NONE', *, *, #230, .T. ) ;
#238 = ORIENTED_EDGE ( 'NONE', *, *, #682, .F. ) ;
#239 = AXIS2_PLACEMENT_3D ( 'NONE', #807, #817, #955 ) ;
#240 = DIRECTION ( 'NONE',  ( -0.000000000000000000, -0.000000000000000000, -1.000000000000000000 ) ) ;
#241 = CARTESIAN_POINT ( 'NONE',  ( 0.000000000000000000, 0.000000000000000000, 4.000000000000000000 ) ) ;
#242 = CARTESIAN_POINT ( 'NONE',  ( 26.87005768508829462, 26.87005768508932846, 25.51000000000000156 ) ) ;
#243 = ORIENTED_EDGE ( 'NONE', *, *, #708, .F. ) ;
#244 = EDGE_LOOP ( 'NONE', ( #1162, #1101, #1608, #596 ) ) ;
#245 = ORIENTED_EDGE ( 'NONE', *, *, #1080, .F. ) ;
#246 = EDGE_CURVE ( 'NONE', #322, #97, #109, .T. ) ;
#247 = AXIS2_PLACEMENT_3D ( 'NONE', #277, #133, #961 ) ;
#248 = AXIS2_PLACEMENT_3D ( 'NONE', #1426, #1442, #1048 ) ;
#249 = DIRECTION ( 'NONE',  ( 0.000000000000000000, 0.000000000000000000, 1.000000000000000000 ) ) ;
#250 = ORIENTED_EDGE ( 'NONE', *, *, #682, .T. ) ;
#251 = FACE_OUTER_BOUND ( 'NONE', #553, .T. ) ;
#252 = AXIS2_PLACEMENT_3D ( 'NONE', #929, #366, #1334 ) ;
#253 = ORIENTED_EDGE ( 'NONE', *, *, #444, .T. ) ;
#254 = ADVANCED_FACE ( 'NONE', ( #251 ), #790, .F. ) ;
#255 = VERTEX_POINT ( 'NONE', #1464 ) ;
#256 = DIRECTION ( 'NONE',  ( 1.000000000000000000, 0.000000000000000000, 0.000000000000000000 ) ) ;
#257 = VECTOR ( 'NONE', #1224, 1000.000000000000000 ) ;
#258 = CARTESIAN_POINT ( 'NONE',  ( -9.835123713895557174, -36.70518139898465648, 5.689999999999996838 ) ) ;
#259 = DIRECTION ( 'NONE',  ( -1.000000000000000000, 0.000000000000000000, 0.000000000000000000 ) ) ;
#260 = ORIENTED_EDGE ( 'NONE', *, *, #1578, .F. ) ;
#261 = ORIENTED_EDGE ( 'NONE', *, *, #1501, .F. ) ;
#262 = CARTESIAN_POINT ( 'NONE',  ( 9.835123713895557174, 36.70518139898466359, 4.000000000000000000 ) ) ;
#263 = CARTESIAN_POINT ( 'NONE',  ( -4.885123713895546338, -36.70518139898465648, 8.490000000000000213 ) ) ;
#264 = CIRCLE ( 'NONE', #493, 2.149999999999999023 ) ;
#265 = VERTEX_POINT ( 'NONE', #1034 ) ;
#266 = EDGE_CURVE ( 'NONE', #1322, #1233, #127, .T. ) ;
#267 = ORIENTED_EDGE ( 'NONE', *, *, #1381, .T. ) ;
#268 = DIRECTION ( 'NONE',  ( -1.000000000000000000, 0.000000000000000000, 0.000000000000000000 ) ) ;
#269 = VECTOR ( 'NONE', #907, 999.9999999999998863 ) ;
#270 = DIRECTION ( 'NONE',  ( -0.000000000000000000, -0.000000000000000000, -1.000000000000000000 ) ) ;
#271 = ORIENTED_EDGE ( 'NONE', *, *, #1655, .F. ) ;
#272 = CARTESIAN_POINT ( 'NONE',  ( -9.835123713896070541, 36.70518139898453569, 4.000000000000000000 ) ) ;
#273 = EDGE_CURVE ( 'NONE', #1282, #981, #1099, .T. ) ;
#274 = ADVANCED_FACE ( 'NONE', ( #374 ), #1552, .F. ) ;
#275 = ORIENTED_EDGE ( 'NONE', *, *, #592, .F. ) ;
#276 = CARTESIAN_POINT ( 'NONE',  ( 36.70518139898441490, 9.835123713896452458, 5.689999999999996838 ) ) ;
#277 = CARTESIAN_POINT ( 'NONE',  ( -36.70518139898465648, 9.835123713895553621, 4.000000000000000000 ) ) ;
#278 = DIRECTION ( 'NONE',  ( -1.000000000000000000, 0.000000000000000000, 0.000000000000000000 ) ) ;
#279 = CYLINDRICAL_SURFACE ( 'NONE', #407, 2.149999999999999023 ) ;
#280 = EDGE_CURVE ( 'NONE', #1594, #1477, #1320, .T. ) ;
#281 = CIRCLE ( 'NONE', #1353, 4.950000000000009948 ) ;
#282 = ORIENTED_EDGE ( 'NONE', *, *, #1700, .T. ) ;
#283 = ORIENTED_EDGE ( 'NONE', *, *, #1130, .T. ) ;
#284 = DIRECTION ( 'NONE',  ( 0.000000000000000000, 0.000000000000000000, 1.000000000000000000 ) ) ;
#285 = CARTESIAN_POINT ( 'NONE',  ( 9.835123713896013697, -36.70518139898453569, 8.490000000000000213 ) ) ;
#286 = CARTESIAN_POINT ( 'NONE',  ( -9.835123713896070541, 36.70518139898453569, 8.490000000000000213 ) ) ;
#287 = FACE_OUTER_BOUND ( 'NONE', #1589, .T. ) ;
#288 = DIRECTION ( 'NONE',  ( -0.7071067811865483499, 8.659560562354942719E-17, 0.7071067811865465735 ) ) ;
#289 = ORIENTED_EDGE ( 'NONE', *, *, #1289, .T. ) ;
#290 = LINE ( 'NONE', #1091, #512 ) ;
#291 = DIRECTION ( 'NONE',  ( -1.000000000000000000, 0.000000000000000000, 0.000000000000000000 ) ) ;
#292 = AXIS2_PLACEMENT_3D ( 'NONE', #1246, #310, #563 ) ;
#293 = EDGE_LOOP ( 'NONE', ( #354, #1714 ) ) ;
#294 = FACE_OUTER_BOUND ( 'NONE', #775, .T. ) ;
#295 = LINE ( 'NONE', #589, #307 ) ;
#296 = AXIS2_PLACEMENT_3D ( 'NONE', #213, #1637, #812 ) ;
#297 = CARTESIAN_POINT ( 'NONE',  ( 34.55518139898440921, 9.835123713896452458, 5.689999999999996838 ) ) ;
#298 = CARTESIAN_POINT ( 'NONE',  ( 7.685123713895557707, 36.70518139898466359, 4.000000000000000000 ) ) ;
#299 = EDGE_CURVE ( 'NONE', #1203, #1743, #1014, .T. ) ;
#300 = DIRECTION ( 'NONE',  ( 0.7071067811865482389, 0.000000000000000000, 0.7071067811865469066 ) ) ;
#301 = ADVANCED_FACE ( 'NONE', ( #1183 ), #1073, .F. ) ;
#302 = CIRCLE ( 'NONE', #198, 2.149999999999999023 ) ;
#303 = VERTEX_POINT ( 'NONE', #1593 ) ;
#304 = FACE_BOUND ( 'NONE', #1493, .T. ) ;
#305 = CONICAL_SURFACE ( 'NONE', #1234, 2.150000000000000799, 0.7853981633974492782 ) ;
#306 = DIRECTION ( 'NONE',  ( 1.000000000000000000, 0.000000000000000000, 0.000000000000000000 ) ) ;
#307 = VECTOR ( 'NONE', #422, 999.9999999999998863 ) ;
#308 = EDGE_LOOP ( 'NONE', ( #383, #1093, #1427, #492 ) ) ;
#309 = EDGE_CURVE ( 'NONE', #832, #1634, #1259, .T. ) ;
#310 = DIRECTION ( 'NONE',  ( 0.000000000000000000, 0.000000000000000000, -1.000000000000000000 ) ) ;
#311 = CARTESIAN_POINT ( 'NONE',  ( 34.55518139898465790, -9.835123713895558950, 4.000000000000000000 ) ) ;
#312 = DIRECTION ( 'NONE',  ( 0.000000000000000000, 0.000000000000000000, -1.000000000000000000 ) ) ;
#313 = PRODUCT_DEFINITION_CONTEXT ( 'detailed design', #436, 'design' ) ;
#314 = ADVANCED_FACE ( 'NONE', ( #1059 ), #719, .F. ) ;
#315 = VERTEX_POINT ( 'NONE', #263 ) ;
#316 = DIRECTION ( 'NONE',  ( -0.000000000000000000, -0.000000000000000000, -1.000000000000000000 ) ) ;
#317 = CONICAL_SURFACE ( 'NONE', #459, 2.149999999999999023, 0.7853981633974492782 ) ;
#318 = ORIENTED_EDGE ( 'NONE', *, *, #119, .F. ) ;
#319 = APPLICATION_PROTOCOL_DEFINITION ( 'draft international standard', 'automotive_design', 1998, #939 ) ;
#320 = DIRECTION ( 'NONE',  ( -1.000000000000000000, 0.000000000000000000, 0.000000000000000000 ) ) ;
#321 = EDGE_CURVE ( 'NONE', #620, #200, #933, .T. ) ;
#322 = VERTEX_POINT ( 'NONE', #522 ) ;
#323 = EDGE_CURVE ( 'NONE', #1119, #315, #1177, .T. ) ;
#324 = FACE_OUTER_BOUND ( 'NONE', #669, .T. ) ;
#325 = DIRECTION ( 'NONE',  ( 0.000000000000000000, 0.000000000000000000, 1.000000000000000000 ) ) ;
#326 = ORIENTED_EDGE ( 'NONE', *, *, #1384, .F. ) ;
#327 = LINE ( 'NONE', #1158, #1584 ) ;
#328 = CARTESIAN_POINT ( 'NONE',  ( 26.87005768508896253, -26.87005768508864989, 25.51000000000000156 ) ) ;
#329 = AXIS2_PLACEMENT_3D ( 'NONE', #969, #425, #163 ) ;
#330 = ORIENTED_EDGE ( 'NONE', *, *, #309, .T. ) ;
#331 = DIRECTION ( 'NONE',  ( 0.000000000000000000, 0.000000000000000000, 1.000000000000000000 ) ) ;
#332 = CONICAL_SURFACE ( 'NONE', #579, 2.149999999999999023, 0.7853981633974492782 ) ;
#333 = EDGE_CURVE ( 'NONE', #1361, #1260, #630, .T. ) ;
#334 = CARTESIAN_POINT ( 'NONE',  ( 26.87005768508829462, 26.87005768508932846, 5.689999999999993285 ) ) ;
#335 = CARTESIAN_POINT ( 'NONE',  ( -36.70518139898453569, -9.835123713896017250, 5.689999999999996838 ) ) ;
#336 = ORIENTED_EDGE ( 'NONE', *, *, #1056, .F. ) ;
#337 = DIRECTION ( 'NONE',  ( -1.000000000000000000, 0.000000000000000000, 0.000000000000000000 ) ) ;
#338 = DIRECTION ( 'NONE',  ( 1.000000000000000000, 0.000000000000000000, 0.000000000000000000 ) ) ;
#339 = AXIS2_PLACEMENT_3D ( 'NONE', #725, #61, #1269 ) ;
#340 = AXIS2_PLACEMENT_3D ( 'NONE', #623, #789, #373 ) ;
#341 = ORIENTED_EDGE ( 'NONE', *, *, #1448, .T. ) ;
#342 = ORIENTED_EDGE ( 'NONE', *, *, #46, .F. ) ;
#343 = DIRECTION ( 'NONE',  ( -1.000000000000000000, 0.000000000000000000, 0.000000000000000000 ) ) ;
#344 = DIRECTION ( 'NONE',  ( 1.000000000000000000, 0.000000000000000000, 0.000000000000000000 ) ) ;
#345 = DIRECTION ( 'NONE',  ( 0.000000000000000000, 0.000000000000000000, 1.000000000000000000 ) ) ;
#346 = ORIENTED_EDGE ( 'NONE', *, *, #809, .F. ) ;
#347 = AXIS2_PLACEMENT_3D ( 'NONE', #600, #473, #306 ) ;
#348 = ORIENTED_EDGE ( 'NONE', *, *, #1083, .F. ) ;
#349 = EDGE_CURVE ( 'NONE', #912, #1133, #264, .T. ) ;
#350 = FACE_OUTER_BOUND ( 'NONE', #844, .T. ) ;
#351 = ORIENTED_EDGE ( 'NONE', *, *, #904, .F. ) ;
#352 = LINE ( 'NONE', #56, #1699 ) ;
#353 = DIRECTION ( 'NONE',  ( 1.000000000000000000, 0.000000000000000000, 0.000000000000000000 ) ) ;
#354 = ORIENTED_EDGE ( 'NONE', *, *, #13, .T. ) ;
#355 = ORIENTED_EDGE ( 'NONE', *, *, #745, .F. ) ;
#356 = LINE ( 'NONE', #1171, #786 ) ;
#357 = DIRECTION ( 'NONE',  ( -0.000000000000000000, -0.000000000000000000, -1.000000000000000000 ) ) ;
#358 = CARTESIAN_POINT ( 'NONE',  ( 9.835123713896013697, -36.70518139898453569, 5.689999999999996838 ) ) ;
#359 = ADVANCED_FACE ( 'NONE', ( #1752 ), #332, .F. ) ;
#360 = ORIENTED_EDGE ( 'NONE', *, *, #107, .F. ) ;
#361 = CIRCLE ( 'NONE', #1342, 2.149999999999999023 ) ;
#362 = ORIENTED_EDGE ( 'NONE', *, *, #505, .F. ) ;
#363 = DIRECTION ( 'NONE',  ( 1.000000000000000000, 0.000000000000000000, 0.000000000000000000 ) ) ;
#364 = CYLINDRICAL_SURFACE ( 'NONE', #105, 2.149999999999999023 ) ;
#365 = ORIENTED_EDGE ( 'NONE', *, *, #1746, .T. ) ;
#366 = DIRECTION ( 'NONE',  ( 0.000000000000000000, 0.000000000000000000, 1.000000000000000000 ) ) ;
#367 = DIRECTION ( 'NONE',  ( 1.000000000000000000, 0.000000000000000000, 0.000000000000000000 ) ) ;
#368 = ORIENTED_EDGE ( 'NONE', *, *, #809, .T. ) ;
#369 = ORIENTED_EDGE ( 'NONE', *, *, #1723, .F. ) ;
#370 = AXIS2_PLACEMENT_3D ( 'NONE', #1687, #1147, #337 ) ;
#371 = AXIS2_PLACEMENT_3D ( 'NONE', #1140, #1536, #877 ) ;
#372 = CIRCLE ( 'NONE', #1327, 2.149999999999999023 ) ;
#373 = DIRECTION ( 'NONE',  ( -1.000000000000000000, 0.000000000000000000, 0.000000000000000000 ) ) ;
#374 = FACE_OUTER_BOUND ( 'NONE', #1296, .T. ) ;
#375 = FACE_OUTER_BOUND ( 'NONE', #956, .T. ) ;
#376 = ORIENTED_EDGE ( 'NONE', *, *, #444, .F. ) ;
#377 = VERTEX_POINT ( 'NONE', #1443 ) ;
#378 = EDGE_CURVE ( 'NONE', #861, #1139, #940, .T. ) ;
#379 = CARTESIAN_POINT ( 'NONE',  ( 29.02005768508829320, 26.87005768508932846, 25.51000000000000156 ) ) ;
#380 = AXIS2_PLACEMENT_3D ( 'NONE', #962, #736, #162 ) ;
#381 = DIRECTION ( 'NONE',  ( -0.000000000000000000, -0.000000000000000000, -1.000000000000000000 ) ) ;
#382 = EDGE_LOOP ( 'NONE', ( #92, #659, #803, #68 ) ) ;
#383 = ORIENTED_EDGE ( 'NONE', *, *, #1338, .F. ) ;
#384 = CIRCLE ( 'NONE', #799, 2.149999999999999023 ) ;
#385 = ORIENTED_EDGE ( 'NONE', *, *, #1199, .T. ) ;
#386 = AXIS2_PLACEMENT_3D ( 'NONE', #701, #975, #1697 ) ;
#387 = AXIS2_PLACEMENT_3D ( 'NONE', #1713, #1032, #890 ) ;
#388 = ADVANCED_FACE ( 'NONE', ( #108 ), #279, .F. ) ;
#389 = VECTOR ( 'NONE', #711, 1000.000000000000000 ) ;
#390 = CARTESIAN_POINT ( 'NONE',  ( 32.00000000000000000, 0.000000000000000000, 8.490000000000000213 ) ) ;
#391 = DIRECTION ( 'NONE',  ( 0.000000000000000000, 0.000000000000000000, -1.000000000000000000 ) ) ;
#392 = AXIS2_PLACEMENT_3D ( 'NONE', #1351, #569, #586 ) ;
#393 = EDGE_LOOP ( 'NONE', ( #1045, #110, #480, #1538 ) ) ;
#394 = DIRECTION ( 'NONE',  ( 0.000000000000000000, 0.000000000000000000, 1.000000000000000000 ) ) ;
#395 = ORIENTED_EDGE ( 'NONE', *, *, #1040, .T. ) ;
#396 = EDGE_CURVE ( 'NONE', #303, #1743, #142, .T. ) ;
#397 = CARTESIAN_POINT ( 'NONE',  ( 24.72005768508829604, 26.87005768508932846, 5.689999999999993285 ) ) ;
#398 = CIRCLE ( 'NONE', #1105, 2.149999999999999023 ) ;
#399 = CARTESIAN_POINT ( 'NONE',  ( 9.835123713896013697, -36.70518139898453569, 5.689999999999996838 ) ) ;
#400 = CARTESIAN_POINT ( 'NONE',  ( -9.835123713895557174, -36.70518139898465648, 8.490000000000000213 ) ) ;
#401 = ORIENTED_EDGE ( 'NONE', *, *, #917, .F. ) ;
#402 = VERTEX_POINT ( 'NONE', #434 ) ;
#403 = FACE_OUTER_BOUND ( 'NONE', #169, .T. ) ;
#404 = ORIENTED_EDGE ( 'NONE', *, *, #1669, .F. ) ;
#405 = AXIS2_PLACEMENT_3D ( 'NONE', #399, #1473, #134 ) ;
#406 = FACE_OUTER_BOUND ( 'NONE', #639, .T. ) ;
#407 = AXIS2_PLACEMENT_3D ( 'NONE', #1619, #1221, #151 ) ;
#408 = EDGE_LOOP ( 'NONE', ( #348, #261, #126, #1733 ) ) ;
#409 = DIRECTION ( 'NONE',  ( 0.000000000000000000, 0.000000000000000000, 1.000000000000000000 ) ) ;
#410 = ORIENTED_EDGE ( 'NONE', *, *, #983, .F. ) ;
#411 = CONICAL_SURFACE ( 'NONE', #1002, 2.149999999999999023, 0.7853981633974491672 ) ;
#412 = DIRECTION ( 'NONE',  ( 1.000000000000000000, 0.000000000000000000, 0.000000000000000000 ) ) ;
#413 = AXIS2_PLACEMENT_3D ( 'NONE', #1592, #928, #1058 ) ;
#414 = AXIS2_PLACEMENT_3D ( 'NONE', #334, #863, #1115 ) ;
#415 = DIRECTION ( 'NONE',  ( 0.000000000000000000, 0.000000000000000000, 1.000000000000000000 ) ) ;
#416 = CIRCLE ( 'NONE', #530, 2.149999999999999023 ) ;
#417 = CARTESIAN_POINT ( 'NONE',  ( -26.87005768508897674, 26.87005768508863568, 8.490000000000000213 ) ) ;
#418 = ORIENTED_EDGE ( 'NONE', *, *, #1083, .T. ) ;
#419 = CARTESIAN_POINT ( 'NONE',  ( 7.685123713895557707, 36.70518139898466359, 25.51000000000000156 ) ) ;
#420 = CIRCLE ( 'NONE', #1404, 4.950000000000009948 ) ;
#421 = ORIENTED_EDGE ( 'NONE', *, *, #1663, .F. ) ;
#422 = DIRECTION ( 'NONE',  ( 0.7071067811865477948, 0.000000000000000000, 0.7071067811865473507 ) ) ;
#423 = SURFACE_STYLE_USAGE ( .BOTH. , #688 ) ;
#424 = CARTESIAN_POINT ( 'NONE',  ( 0.000000000000000000, 0.000000000000000000, 4.000000000000000000 ) ) ;
#425 = DIRECTION ( 'NONE',  ( 0.000000000000000000, 0.000000000000000000, 1.000000000000000000 ) ) ;
#426 = ORIENTED_EDGE ( 'NONE', *, *, #429, .F. ) ;
#427 = FACE_OUTER_BOUND ( 'NONE', #1052, .T. ) ;
#428 = ORIENTED_EDGE ( 'NONE', *, *, #1362, .F. ) ;
#429 = EDGE_CURVE ( 'NONE', #835, #1763, #1623, .T. ) ;
#430 = DIRECTION ( 'NONE',  ( -0.000000000000000000, -0.000000000000000000, -1.000000000000000000 ) ) ;
#431 = EDGE_CURVE ( 'NONE', #1476, #1301, #1479, .T. ) ;
#432 = DIRECTION ( 'NONE',  ( 0.7071067811865482389, 0.000000000000000000, 0.7071067811865469066 ) ) ;
#433 = LINE ( 'NONE', #702, #49 ) ;
#434 = CARTESIAN_POINT ( 'NONE',  ( -7.685123713895555930, -36.70518139898465648, 5.689999999999996838 ) ) ;
#435 = FACE_BOUND ( 'NONE', #293, .T. ) ;
#436 = APPLICATION_CONTEXT ( 'automotive_design' ) ;
#437 = LINE ( 'NONE', #594, #1436 ) ;
#438 = AXIS2_PLACEMENT_3D ( 'NONE', #856, #1403, #565 ) ;
#439 = ORIENTED_EDGE ( 'NONE', *, *, #1579, .F. ) ;
#440 = CARTESIAN_POINT ( 'NONE',  ( 11.98512371389601228, -36.70518139898453569, 5.689999999999996838 ) ) ;
#441 = CARTESIAN_POINT ( 'NONE',  ( 34.55518139898440921, 9.835123713896452458, 25.51000000000000156 ) ) ;
#442 = LINE ( 'NONE', #1248, #1265 ) ;
#443 = CIRCLE ( 'NONE', #661, 2.149999999999999023 ) ;
#444 = EDGE_CURVE ( 'NONE', #931, #1555, #4, .T. ) ;
#445 = AXIS2_PLACEMENT_3D ( 'NONE', #1124, #985, #1412 ) ;
#446 = ORIENTED_EDGE ( 'NONE', *, *, #743, .F. ) ;
#447 = CARTESIAN_POINT ( 'NONE',  ( 36.70518139898441490, 9.835123713896452458, 8.490000000000000213 ) ) ;
#448 = FACE_OUTER_BOUND ( 'NONE', #1249, .T. ) ;
#449 = EDGE_CURVE ( 'NONE', #1557, #217, #175, .T. ) ;
#450 = EDGE_LOOP ( 'NONE', ( #1026, #1599, #111, #1318 ) ) ;
#451 = DIRECTION ( 'NONE',  ( 0.000000000000000000, 0.000000000000000000, 1.000000000000000000 ) ) ;
#452 = DIRECTION ( 'NONE',  ( 1.000000000000000000, 0.000000000000000000, 0.000000000000000000 ) ) ;
#453 = CARTESIAN_POINT ( 'NONE',  ( -14.78512371389556712, -36.70518139898465648, 8.490000000000000213 ) ) ;
#454 = DIRECTION ( 'NONE',  ( 1.000000000000000000, 0.000000000000000000, 0.000000000000000000 ) ) ;
#455 = EDGE_CURVE ( 'NONE', #1745, #1557, #715, .T. ) ;
#456 = DIRECTION ( 'NONE',  ( 1.000000000000000000, 0.000000000000000000, 0.000000000000000000 ) ) ;
#457 = DIRECTION ( 'NONE',  ( 1.000000000000000000, 0.000000000000000000, 0.000000000000000000 ) ) ;
#458 = VECTOR ( 'NONE', #72, 1000.000000000000114 ) ;
#459 = AXIS2_PLACEMENT_3D ( 'NONE', #646, #1197, #1457 ) ;
#460 = VERTEX_POINT ( 'NONE', #1513 ) ;
#461 = DIRECTION ( 'NONE',  ( 0.000000000000000000, 0.000000000000000000, 1.000000000000000000 ) ) ;
#462 = EDGE_LOOP ( 'NONE', ( #404, #58 ) ) ;
#463 = DIRECTION ( 'NONE',  ( 0.000000000000000000, 0.000000000000000000, 1.000000000000000000 ) ) ;
#464 = DIRECTION ( 'NONE',  ( 0.000000000000000000, 0.000000000000000000, 1.000000000000000000 ) ) ;
#465 = DIRECTION ( 'NONE',  ( 0.000000000000000000, 0.000000000000000000, 1.000000000000000000 ) ) ;
#466 = CARTESIAN_POINT ( 'NONE',  ( 29.02005768508896466, -26.87005768508864989, 25.51000000000000156 ) ) ;
#467 = CARTESIAN_POINT ( 'NONE',  ( -38.85518139898465506, 9.835123713895553621, 5.689999999999996838 ) ) ;
#468 = ORIENTED_EDGE ( 'NONE', *, *, #65, .F. ) ;
#469 = ORIENTED_EDGE ( 'NONE', *, *, #1456, .F. ) ;
#470 = CARTESIAN_POINT ( 'NONE',  ( 0.000000000000000000, 0.000000000000000000, 6.940000000000001279 ) ) ;
#471 = FACE_BOUND ( 'NONE', #1075, .T. ) ;
#472 = LINE ( 'NONE', #466, #1352 ) ;
#473 = DIRECTION ( 'NONE',  ( -0.000000000000000000, -0.000000000000000000, -1.000000000000000000 ) ) ;
#474 =( GEOMETRIC_REPRESENTATION_CONTEXT ( 3 ) GLOBAL_UNCERTAINTY_ASSIGNED_CONTEXT ( ( #26 ) ) GLOBAL_UNIT_ASSIGNED_CONTEXT ( ( #541, #1220, #1627 ) ) REPRESENTATION_CONTEXT ( 'NONE', 'WORKASPACE' ) );
#475 = CONICAL_SURFACE ( 'NONE', #837, 2.149999999999999023, 0.7853981633974491672 ) ;
#476 = ORIENTED_EDGE ( 'NONE', *, *, #449, .T. ) ;
#477 = ORIENTED_EDGE ( 'NONE', *, *, #1668, .T. ) ;
#478 = CIRCLE ( 'NONE', #561, 4.950000000000006395 ) ;
#479 = DIRECTION ( 'NONE',  ( -1.000000000000000000, 0.000000000000000000, 0.000000000000000000 ) ) ;
#480 = ORIENTED_EDGE ( 'NONE', *, *, #202, .T. ) ;
#481 = DIRECTION ( 'NONE',  ( 1.000000000000000000, 0.000000000000000000, 0.000000000000000000 ) ) ;
#482 = LINE ( 'NONE', #227, #758 ) ;
#483 = ORIENTED_EDGE ( 'NONE', *, *, #449, .F. ) ;
#484 = VECTOR ( 'NONE', #695, 1000.000000000000000 ) ;
#485 = ORIENTED_EDGE ( 'NONE', *, *, #1746, .F. ) ;
#486 = ADVANCED_FACE ( 'NONE', ( #406 ), #1540, .F. ) ;
#487 = CARTESIAN_POINT ( 'NONE',  ( 11.98512371389601228, -36.70518139898453569, 5.689999999999996838 ) ) ;
#488 = CARTESIAN_POINT ( 'NONE',  ( -9.835123713896070541, 36.70518139898453569, 5.689999999999983515 ) ) ;
#489 = DIRECTION ( 'NONE',  ( -1.000000000000000000, 0.000000000000000000, 0.000000000000000000 ) ) ;
#490 = EDGE_LOOP ( 'NONE', ( #100, #1531, #500, #1216 ) ) ;
#491 = DIRECTION ( 'NONE',  ( 0.000000000000000000, 0.000000000000000000, 1.000000000000000000 ) ) ;
#492 = ORIENTED_EDGE ( 'NONE', *, *, #550, .F. ) ;
#493 = AXIS2_PLACEMENT_3D ( 'NONE', #1576, #795, #1207 ) ;
#494 = FACE_BOUND ( 'NONE', #1300, .T. ) ;
#495 = CARTESIAN_POINT ( 'NONE',  ( -24.72005768508864065, -26.87005768508896608, 5.689999999999993285 ) ) ;
#496 = DIRECTION ( 'NONE',  ( 1.000000000000000000, 0.000000000000000000, 0.000000000000000000 ) ) ;
#497 = CIRCLE ( 'NONE', #102, 2.149999999999999023 ) ;
#498 = FACE_OUTER_BOUND ( 'NONE', #1204, .T. ) ;
#499 = ORIENTED_EDGE ( 'NONE', *, *, #774, .T. ) ;
#500 = ORIENTED_EDGE ( 'NONE', *, *, #333, .T. ) ;
#501 = AXIS2_PLACEMENT_3D ( 'NONE', #680, #1228, #1049 ) ;
#502 = AXIS2_PLACEMENT_3D ( 'NONE', #967, #1205, #268 ) ;
#503 = AXIS2_PLACEMENT_3D ( 'NONE', #1146, #463, #1684 ) ;
#504 = EDGE_LOOP ( 'NONE', ( #1037, #1519 ) ) ;
#505 = EDGE_CURVE ( 'NONE', #1308, #1245, #839, .T. ) ;
#506 = CARTESIAN_POINT ( 'NONE',  ( -7.685123713896069297, 36.70518139898453569, 5.689999999999983515 ) ) ;
#507 = CARTESIAN_POINT ( 'NONE',  ( 36.70518139898465648, -9.835123713895558950, 5.689999999999996838 ) ) ;
#508 = CYLINDRICAL_SURFACE ( 'NONE', #1029, 44.00000000000000000 ) ;
#509 = VERTEX_POINT ( 'NONE', #1350 ) ;
#510 = ORIENTED_EDGE ( 'NONE', *, *, #876, .T. ) ;
#511 = EDGE_LOOP ( 'NONE', ( #684, #1333, #1328, #410 ) ) ;
#512 = VECTOR ( 'NONE', #1487, 1000.000000000000000 ) ;
#513 = FACE_OUTER_BOUND ( 'NONE', #922, .T. ) ;
#514 = CARTESIAN_POINT ( 'NONE',  ( 7.685123713896013342, -36.70518139898453569, 5.689999999999996838 ) ) ;
#515 = CARTESIAN_POINT ( 'NONE',  ( 9.835123713895557174, 36.70518139898466359, 25.51000000000000156 ) ) ;
#516 = EDGE_CURVE ( 'NONE', #402, #16, #1492, .T. ) ;
#517 = EDGE_LOOP ( 'NONE', ( #1595, #869, #753, #376 ) ) ;
#518 = ORIENTED_EDGE ( 'NONE', *, *, #840, .F. ) ;
#519 = EDGE_CURVE ( 'NONE', #1260, #1361, #1023, .T. ) ;
#520 = CARTESIAN_POINT ( 'NONE',  ( -26.87005768508864278, -26.87005768508896608, 5.689999999999993285 ) ) ;
#521 = AXIS2_PLACEMENT_3D ( 'NONE', #335, #1503, #36 ) ;
#522 = CARTESIAN_POINT ( 'NONE',  ( -7.685123713896069297, 36.70518139898453569, 5.689999999999983515 ) ) ;
#523 = ORIENTED_EDGE ( 'NONE', *, *, #1031, .T. ) ;
#524 = ORIENTED_EDGE ( 'NONE', *, *, #519, .F. ) ;
#525 = ADVANCED_FACE ( 'NONE', ( #666 ), #942, .F. ) ;
#526 = CIRCLE ( 'NONE', #1060, 2.150000000000000799 ) ;
#527 = ORIENTED_EDGE ( 'NONE', *, *, #396, .T. ) ;
#528 = AXIS2_PLACEMENT_3D ( 'NONE', #10, #656, #564 ) ;
#529 = DIRECTION ( 'NONE',  ( 1.000000000000000000, 0.000000000000000000, -0.000000000000000000 ) ) ;
#530 = AXIS2_PLACEMENT_3D ( 'NONE', #1284, #345, #609 ) ;
#531 = AXIS2_PLACEMENT_3D ( 'NONE', #973, #41, #320 ) ;
#532 = CARTESIAN_POINT ( 'NONE',  ( -36.70518139898465648, 9.835123713895553621, 5.689999999999996838 ) ) ;
#533 = DIRECTION ( 'NONE',  ( 1.000000000000000000, 0.000000000000000000, 0.000000000000000000 ) ) ;
#534 = CIRCLE ( 'NONE', #762, 4.950000000000009948 ) ;
#535 = ORIENTED_EDGE ( 'NONE', *, *, #1020, .F. ) ;
#536 = EDGE_CURVE ( 'NONE', #322, #674, #963, .T. ) ;
#537 = CARTESIAN_POINT ( 'NONE',  ( 31.00000000000000000, 3.796405077356795115E-15, 4.000000000000000000 ) ) ;
#538 = EDGE_LOOP ( 'NONE', ( #1112, #113 ) ) ;
#539 = EDGE_CURVE ( 'NONE', #19, #889, #1100, .T. ) ;
#540 = EDGE_CURVE ( 'NONE', #668, #1169, #25, .T. ) ;
#541 =( LENGTH_UNIT ( ) NAMED_UNIT ( * ) SI_UNIT ( .MILLI., .METRE. ) );
#542 = CIRCLE ( 'NONE', #116, 44.00000000000000000 ) ;
#543 = CARTESIAN_POINT ( 'NONE',  ( -24.72005768508897816, 26.87005768508863568, 25.51000000000000156 ) ) ;
#544 = VERTEX_POINT ( 'NONE', #1214 ) ;
#545 = ORIENTED_EDGE ( 'NONE', *, *, #710, .F. ) ;
#546 = AXIS2_PLACEMENT_3D ( 'NONE', #262, #117, #278 ) ;
#547 = DIRECTION ( 'NONE',  ( 0.000000000000000000, 0.000000000000000000, 1.000000000000000000 ) ) ;
#548 = CARTESIAN_POINT ( 'NONE',  ( -41.65518139898466643, 9.835123713895553621, 8.490000000000000213 ) ) ;
#549 = DIRECTION ( 'NONE',  ( -0.7071067811865482389, 8.659560562354941486E-17, 0.7071067811865469066 ) ) ;
#550 = EDGE_CURVE ( 'NONE', #934, #1139, #1530, .T. ) ;
#551 = AXIS2_PLACEMENT_3D ( 'NONE', #515, #118, #1173 ) ;
#552 = DIRECTION ( 'NONE',  ( 0.000000000000000000, 0.000000000000000000, 1.000000000000000000 ) ) ;
#553 = EDGE_LOOP ( 'NONE', ( #1385, #1015, #1757, #428 ) ) ;
#554 = AXIS2_PLACEMENT_3D ( 'NONE', #698, #331, #733 ) ;
#555 = DIRECTION ( 'NONE',  ( 0.000000000000000000, 0.000000000000000000, -1.000000000000000000 ) ) ;
#556 = AXIS2_PLACEMENT_3D ( 'NONE', #1378, #1340, #1227 ) ;
#557 = DIRECTION ( 'NONE',  ( 1.000000000000000000, 0.000000000000000000, 0.000000000000000000 ) ) ;
#558 = CARTESIAN_POINT ( 'NONE',  ( -36.70518139898453569, -9.835123713896017250, 8.490000000000000213 ) ) ;
#559 = DIRECTION ( 'NONE',  ( -0.000000000000000000, -0.000000000000000000, -1.000000000000000000 ) ) ;
#560 = FACE_BOUND ( 'NONE', #887, .T. ) ;
#561 = AXIS2_PLACEMENT_3D ( 'NONE', #617, #196, #608 ) ;
#562 = ORIENTED_EDGE ( 'NONE', *, *, #299, .F. ) ;
#563 = DIRECTION ( 'NONE',  ( -1.000000000000000000, 0.000000000000000000, 0.000000000000000000 ) ) ;
#564 = DIRECTION ( 'NONE',  ( 1.000000000000000000, 0.000000000000000000, 0.000000000000000000 ) ) ;
#565 = DIRECTION ( 'NONE',  ( -1.000000000000000000, 0.000000000000000000, 0.000000000000000000 ) ) ;
#566 = CARTESIAN_POINT ( 'NONE',  ( -38.85518139898453427, -9.835123713896017250, 5.689999999999996838 ) ) ;
#567 = CIRCLE ( 'NONE', #1559, 2.149999999999999023 ) ;
#568 = ORIENTED_EDGE ( 'NONE', *, *, #333, .F. ) ;
#569 = DIRECTION ( 'NONE',  ( -0.000000000000000000, -0.000000000000000000, 1.000000000000000000 ) ) ;
#570 = CARTESIAN_POINT ( 'NONE',  ( -9.835123713895557174, -36.70518139898465648, 8.490000000000000213 ) ) ;
#571 = ORIENTED_EDGE ( 'NONE', *, *, #1170, .F. ) ;
#572 = ADVANCED_FACE ( 'NONE', ( #1206 ), #628, .F. ) ;
#573 = CARTESIAN_POINT ( 'NONE',  ( 0.000000000000000000, 0.000000000000000000, 6.940000000000001279 ) ) ;
#574 = EDGE_CURVE ( 'NONE', #1311, #662, #1475, .T. ) ;
#575 = DIRECTION ( 'NONE',  ( -0.000000000000000000, -0.000000000000000000, -1.000000000000000000 ) ) ;
#576 = DIRECTION ( 'NONE',  ( -1.000000000000000000, 0.000000000000000000, 0.000000000000000000 ) ) ;
#577 = LINE ( 'NONE', #1024, #232 ) ;
#578 = CARTESIAN_POINT ( 'NONE',  ( 21.92005768508828467, 26.87005768508932846, 8.490000000000000213 ) ) ;
#579 = AXIS2_PLACEMENT_3D ( 'NONE', #507, #1042, #533 ) ;
#580 = ORIENTED_EDGE ( 'NONE', *, *, #874, .T. ) ;
#581 = AXIS2_PLACEMENT_3D ( 'NONE', #1166, #1708, #489 ) ;
#582 = FACE_OUTER_BOUND ( 'NONE', #1210, .T. ) ;
#583 = CARTESIAN_POINT ( 'NONE',  ( -26.87005768508897674, 26.87005768508863568, 4.000000000000000000 ) ) ;
#584 = CIRCLE ( 'NONE', #1572, 31.00000000000000000 ) ;
#585 = ORIENTED_EDGE ( 'NONE', *, *, #65, .T. ) ;
#586 = DIRECTION ( 'NONE',  ( 1.000000000000000000, 0.000000000000000000, 0.000000000000000000 ) ) ;
#587 = CARTESIAN_POINT ( 'NONE',  ( 9.835123713896013697, -36.70518139898453569, 4.000000000000000000 ) ) ;
#588 = EDGE_LOOP ( 'NONE', ( #1209, #253 ) ) ;
#589 = CARTESIAN_POINT ( 'NONE',  ( 29.02005768508896466, -26.87005768508864989, 5.689999999999993285 ) ) ;
#590 = DIRECTION ( 'NONE',  ( 0.000000000000000000, 0.000000000000000000, 1.000000000000000000 ) ) ;
#591 = CARTESIAN_POINT ( 'NONE',  ( -7.685123713896069297, 36.70518139898453569, 4.000000000000000000 ) ) ;
#592 = EDGE_CURVE ( 'NONE', #1682, #944, #1072, .T. ) ;
#593 = LINE ( 'NONE', #737, #1046 ) ;
#594 = CARTESIAN_POINT ( 'NONE',  ( -34.55518139898465790, 9.835123713895553621, 25.51000000000000156 ) ) ;
#595 = AXIS2_PLACEMENT_3D ( 'NONE', #747, #218, #1128 ) ;
#596 = ORIENTED_EDGE ( 'NONE', *, *, #80, .F. ) ;
#597 = VERTEX_POINT ( 'NONE', #548 ) ;
#598 = CARTESIAN_POINT ( 'NONE',  ( -31.75518139898464298, 9.835123713895553621, 8.490000000000000213 ) ) ;
#599 = FACE_OUTER_BOUND ( 'NONE', #1728, .T. ) ;
#600 = CARTESIAN_POINT ( 'NONE',  ( -9.835123713896070541, 36.70518139898453569, 8.490000000000000213 ) ) ;
#601 = ORIENTED_EDGE ( 'NONE', *, *, #273, .T. ) ;
#602 = AXIS2_PLACEMENT_3D ( 'NONE', #1667, #1288, #1021 ) ;
#603 = ORIENTED_EDGE ( 'NONE', *, *, #140, .F. ) ;
#604 = CARTESIAN_POINT ( 'NONE',  ( -31.75518139898452574, -9.835123713896017250, 8.490000000000000213 ) ) ;
#605 = AXIS2_PLACEMENT_3D ( 'NONE', #1672, #1660, #1273 ) ;
#606 = CYLINDRICAL_SURFACE ( 'NONE', #804, 2.149999999999999023 ) ;
#607 = ORIENTED_EDGE ( 'NONE', *, *, #1348, .F. ) ;
#608 = DIRECTION ( 'NONE',  ( 1.000000000000000000, 0.000000000000000000, 0.000000000000000000 ) ) ;
#609 = DIRECTION ( 'NONE',  ( 1.000000000000000000, 0.000000000000000000, 0.000000000000000000 ) ) ;
#610 = AXIS2_PLACEMENT_3D ( 'NONE', #286, #665, #941 ) ;
#611 = AXIS2_PLACEMENT_3D ( 'NONE', #1003, #1549, #343 ) ;
#612 = ADVANCED_FACE ( 'NONE', ( #1491 ), #150, .F. ) ;
#613 = ORIENTED_EDGE ( 'NONE', *, *, #1244, .T. ) ;
#614 = CIRCLE ( 'NONE', #1756, 2.149999999999999023 ) ;
#615 = ORIENTED_EDGE ( 'NONE', *, *, #539, .T. ) ;
#616 = CARTESIAN_POINT ( 'NONE',  ( 36.70518139898465648, -9.835123713895558950, 25.51000000000000156 ) ) ;
#617 = CARTESIAN_POINT ( 'NONE',  ( 26.87005768508896253, -26.87005768508864989, 8.490000000000000213 ) ) ;
#618 = CYLINDRICAL_SURFACE ( 'NONE', #581, 2.149999999999999023 ) ;
#619 = ORIENTED_EDGE ( 'NONE', *, *, #745, .T. ) ;
#620 = VERTEX_POINT ( 'NONE', #1462 ) ;
#621 = FACE_BOUND ( 'NONE', #1508, .T. ) ;
#622 = DIRECTION ( 'NONE',  ( 0.000000000000000000, 0.000000000000000000, 1.000000000000000000 ) ) ;
#623 = CARTESIAN_POINT ( 'NONE',  ( 0.000000000000000000, 0.000000000000000000, 8.490000000000000213 ) ) ;
#624 = CARTESIAN_POINT ( 'NONE',  ( -31.00000000000000000, 0.000000000000000000, 8.490000000000000213 ) ) ;
#625 = DIRECTION ( 'NONE',  ( -1.000000000000000000, 0.000000000000000000, 0.000000000000000000 ) ) ;
#626 = ORIENTED_EDGE ( 'NONE', *, *, #266, .T. ) ;
#627 = ORIENTED_EDGE ( 'NONE', *, *, #779, .T. ) ;
#628 = CONICAL_SURFACE ( 'NONE', #405, 2.149999999999999023, 0.7853981633974496113 ) ;
#629 = ORIENTED_EDGE ( 'NONE', *, *, #299, .T. ) ;
#630 = CIRCLE ( 'NONE', #1027, 2.149999999999999023 ) ;
#631 = EDGE_CURVE ( 'NONE', #930, #852, #1485, .T. ) ;
#632 = CARTESIAN_POINT ( 'NONE',  ( 0.000000000000000000, 0.000000000000000000, 8.490000000000000213 ) ) ;
#633 = DIRECTION ( 'NONE',  ( -0.000000000000000000, -0.000000000000000000, -1.000000000000000000 ) ) ;
#634 = VECTOR ( 'NONE', #1509, 1000.000000000000114 ) ;
#635 = DIRECTION ( 'NONE',  ( -0.000000000000000000, -0.000000000000000000, -1.000000000000000000 ) ) ;
#636 = VERTEX_POINT ( 'NONE', #1601 ) ;
#637 = VECTOR ( 'NONE', #1281, 999.9999999999998863 ) ;
#638 = CIRCLE ( 'NONE', #387, 2.149999999999999023 ) ;
#639 = EDGE_LOOP ( 'NONE', ( #1354, #1090, #1215, #1767 ) ) ;
#640 = EDGE_CURVE ( 'NONE', #1054, #402, #1208, .T. ) ;
#641 = CARTESIAN_POINT ( 'NONE',  ( 41.65518139898442485, 9.835123713896452458, 8.490000000000000213 ) ) ;
#642 = VERTEX_POINT ( 'NONE', #1639 ) ;
#643 = DIRECTION ( 'NONE',  ( -0.000000000000000000, -0.000000000000000000, -1.000000000000000000 ) ) ;
#644 = DIRECTION ( 'NONE',  ( -1.000000000000000000, 0.000000000000000000, 0.000000000000000000 ) ) ;
#645 = ORIENTED_EDGE ( 'NONE', *, *, #1456, .T. ) ;
#646 = CARTESIAN_POINT ( 'NONE',  ( 36.70518139898465648, -9.835123713895558950, 5.689999999999996838 ) ) ;
#647 = ORIENTED_EDGE ( 'NONE', *, *, #904, .T. ) ;
#648 = CIRCLE ( 'NONE', #849, 4.950000000000009948 ) ;
#649 = LINE ( 'NONE', #506, #269 ) ;
#650 = ORIENTED_EDGE ( 'NONE', *, *, #46, .T. ) ;
#651 = DIRECTION ( 'NONE',  ( 1.000000000000000000, 0.000000000000000000, 0.000000000000000000 ) ) ;
#652 = ORIENTED_EDGE ( 'NONE', *, *, #396, .F. ) ;
#653 = ORIENTED_EDGE ( 'NONE', *, *, #1518, .T. ) ;
#654 = ORIENTED_EDGE ( 'NONE', *, *, #1419, .F. ) ;
#655 = EDGE_CURVE ( 'NONE', #1133, #912, #443, .T. ) ;
#656 = DIRECTION ( 'NONE',  ( 0.000000000000000000, 0.000000000000000000, 1.000000000000000000 ) ) ;
#657 = CONICAL_SURFACE ( 'NONE', #602, 2.149999999999999023, 0.7853981633974485010 ) ;
#658 = CARTESIAN_POINT ( 'NONE',  ( -36.70518139898453569, -9.835123713896017250, 25.51000000000000156 ) ) ;
#659 = ORIENTED_EDGE ( 'NONE', *, *, #1163, .T. ) ;
#660 = EDGE_CURVE ( 'NONE', #1691, #217, #1425, .T. ) ;
#661 = AXIS2_PLACEMENT_3D ( 'NONE', #1657, #826, #1541 ) ;
#662 = VERTEX_POINT ( 'NONE', #298 ) ;
#663 = AXIS2_PLACEMENT_3D ( 'NONE', #532, #1761, #1366 ) ;
#664 = CIRCLE ( 'NONE', #531, 2.149999999999999023 ) ;
#665 = DIRECTION ( 'NONE',  ( -0.000000000000000000, -0.000000000000000000, -1.000000000000000000 ) ) ;
#666 = FACE_OUTER_BOUND ( 'NONE', #450, .T. ) ;
#667 = ORIENTED_EDGE ( 'NONE', *, *, #1545, .F. ) ;
#668 = VERTEX_POINT ( 'NONE', #1107 ) ;
#669 = EDGE_LOOP ( 'NONE', ( #1704, #880, #1432, #1418 ) ) ;
#670 = FACE_BOUND ( 'NONE', #905, .T. ) ;
#671 = FILL_AREA_STYLE ('',( #815 ) ) ;
#672 = CIRCLE ( 'NONE', #180, 2.149999999999999023 ) ;
#673 = CARTESIAN_POINT ( 'NONE',  ( -26.87005768508864278, -26.87005768508896608, 25.51000000000000156 ) ) ;
#674 = VERTEX_POINT ( 'NONE', #591 ) ;
#675 = CARTESIAN_POINT ( 'NONE',  ( -26.87005768508864278, -26.87005768508896608, 5.689999999999993285 ) ) ;
#676 = CARTESIAN_POINT ( 'NONE',  ( 31.00000000000000000, 3.796405077356795115E-15, 8.490000000000000213 ) ) ;
#677 = ORIENTED_EDGE ( 'NONE', *, *, #114, .F. ) ;
#678 = DIRECTION ( 'NONE',  ( -0.000000000000000000, -0.000000000000000000, -1.000000000000000000 ) ) ;
#679 = CARTESIAN_POINT ( 'NONE',  ( 9.835123713895557174, 36.70518139898466359, 8.490000000000000213 ) ) ;
#680 = CARTESIAN_POINT ( 'NONE',  ( -9.835123713895557174, -36.70518139898465648, 25.51000000000000156 ) ) ;
#681 = CARTESIAN_POINT ( 'NONE',  ( -24.72005768508864065, -26.87005768508896608, 5.689999999999993285 ) ) ;
#682 = EDGE_CURVE ( 'NONE', #1743, #1203, #802, .T. ) ;
#683 = CARTESIAN_POINT ( 'NONE',  ( 7.685123713895557707, 36.70518139898466359, 5.689999999999996838 ) ) ;
#684 = ORIENTED_EDGE ( 'NONE', *, *, #539, .F. ) ;
#685 = CIRCLE ( 'NONE', #1230, 2.149999999999999023 ) ;
#686 = CARTESIAN_POINT ( 'NONE',  ( -29.02005768508864136, -26.87005768508896608, 25.51000000000000156 ) ) ;
#687 = CIRCLE ( 'NONE', #528, 31.00000000000000000 ) ;
#688 = SURFACE_SIDE_STYLE ('',( #806 ) ) ;
#689 = DIRECTION ( 'NONE',  ( 0.000000000000000000, 0.000000000000000000, -1.000000000000000000 ) ) ;
#690 = CARTESIAN_POINT ( 'NONE',  ( -7.685123713896069297, 36.70518139898453569, 25.51000000000000156 ) ) ;
#691 = CIRCLE ( 'NONE', #1696, 2.149999999999999023 ) ;
#692 = ORIENTED_EDGE ( 'NONE', *, *, #997, .F. ) ;
#693 = CLOSED_SHELL ( 'NONE', ( #932, #1556, #274, #359, #805, #572, #947, #1369, #749, #1194, #704, #746, #1313, #1088, #1717, #1303, #254, #770, #1134, #91, #1609, #388, #1610, #894, #1597, #209, #1468, #74, #813, #768, #34, #1212, #301, #1387, #1587, #1243, #1478, #1113, #612, #525, #1161, #1481, #1271, #132, #101, #1748, #1560, #486, #1471, #139, #1293, #1523, #314, #1755, #908, #1439, #1732 ) ) ;
#694 = FACE_BOUND ( 'NONE', #1455, .T. ) ;
#695 = DIRECTION ( 'NONE',  ( -0.000000000000000000, -0.000000000000000000, -1.000000000000000000 ) ) ;
#696 = VECTOR ( 'NONE', #226, 1000.000000000000000 ) ;
#697 = VERTEX_POINT ( 'NONE', #1136 ) ;
#698 = CARTESIAN_POINT ( 'NONE',  ( 9.835123713896013697, -36.70518139898453569, 5.689999999999996838 ) ) ;
#699 =( NAMED_UNIT ( * ) SI_UNIT ( $, .STERADIAN. ) SOLID_ANGLE_UNIT ( ) );
#700 = CYLINDRICAL_SURFACE ( 'NONE', #1211, 2.149999999999999023 ) ;
#701 = CARTESIAN_POINT ( 'NONE',  ( -9.835123713896070541, 36.70518139898453569, 25.51000000000000156 ) ) ;
#702 = CARTESIAN_POINT ( 'NONE',  ( 44.00000000000000000, 5.388445916248353619E-15, 8.490000000000000213 ) ) ;
#703 = AXIS2_PLACEMENT_3D ( 'NONE', #122, #451, #734 ) ;
#704 = ADVANCED_FACE ( 'NONE', ( #1647 ), #948, .F. ) ;
#705 = ORIENTED_EDGE ( 'NONE', *, *, #80, .T. ) ;
#706 = CARTESIAN_POINT ( 'NONE',  ( -31.82005768508865273, -26.87005768508896608, 8.490000000000000213 ) ) ;
#707 = CARTESIAN_POINT ( 'NONE',  ( 31.75518139898464298, -9.835123713895558950, 8.490000000000000213 ) ) ;
#708 = EDGE_CURVE ( 'NONE', #460, #861, #433, .T. ) ;
#709 = ORIENTED_EDGE ( 'NONE', *, *, #323, .T. ) ;
#710 = EDGE_CURVE ( 'NONE', #1054, #1119, #442, .T. ) ;
#711 = DIRECTION ( 'NONE',  ( -0.000000000000000000, -0.000000000000000000, -1.000000000000000000 ) ) ;
#712 = EDGE_CURVE ( 'NONE', #19, #1644, #891, .T. ) ;
#713 = DIRECTION ( 'NONE',  ( -1.000000000000000000, 0.000000000000000000, 0.000000000000000000 ) ) ;
#714 = CARTESIAN_POINT ( 'NONE',  ( -26.87005768508864278, -26.87005768508896608, 25.51000000000000156 ) ) ;
#715 = CIRCLE ( 'NONE', #329, 2.149999999999999023 ) ;
#716 = CARTESIAN_POINT ( 'NONE',  ( -31.00000000000000000, 0.000000000000000000, 4.000000000000000000 ) ) ;
#717 = DIRECTION ( 'NONE',  ( -0.000000000000000000, -0.000000000000000000, -1.000000000000000000 ) ) ;
#718 = CARTESIAN_POINT ( 'NONE',  ( -9.835123713895557174, -36.70518139898465648, 5.689999999999996838 ) ) ;
#719 = CONICAL_SURFACE ( 'NONE', #1085, 2.149999999999999023, 0.7853981633974485010 ) ;
#720 = PRODUCT_DEFINITION ( 'æ™', '', #1414, #313 ) ;
#721 = ORIENTED_EDGE ( 'NONE', *, *, #1295, .F. ) ;
#722 = EDGE_CURVE ( 'NONE', #597, #1169, #1120, .T. ) ;
#723 = CARTESIAN_POINT ( 'NONE',  ( 24.72005768508896395, -26.87005768508864989, 5.689999999999993285 ) ) ;
#724 = CONICAL_SURFACE ( 'NONE', #554, 2.149999999999999023, 0.7853981633974496113 ) ;
#725 = CARTESIAN_POINT ( 'NONE',  ( -26.87005768508864278, -26.87005768508896608, 8.490000000000000213 ) ) ;
#726 = CYLINDRICAL_SURFACE ( 'NONE', #438, 44.00000000000000000 ) ;
#727 = AXIS2_PLACEMENT_3D ( 'NONE', #558, #24, #1677 ) ;
#728 = AXIS2_PLACEMENT_3D ( 'NONE', #161, #547, #149 ) ;
#729 = CARTESIAN_POINT ( 'NONE',  ( 11.98512371389601228, -36.70518139898453569, 25.51000000000000156 ) ) ;
#730 = CARTESIAN_POINT ( 'NONE',  ( 7.685123713896013342, -36.70518139898453569, 4.000000000000000000 ) ) ;
#731 = CARTESIAN_POINT ( 'NONE',  ( 4.885123713896002862, -36.70518139898453569, 8.490000000000000213 ) ) ;
#732 = ORIENTED_EDGE ( 'NONE', *, *, #154, .T. ) ;
#733 = DIRECTION ( 'NONE',  ( 1.000000000000000000, 0.000000000000000000, 0.000000000000000000 ) ) ;
#734 = DIRECTION ( 'NONE',  ( 1.000000000000000000, 0.000000000000000000, 0.000000000000000000 ) ) ;
#735 = CARTESIAN_POINT ( 'NONE',  ( -38.85518139898465506, 9.835123713895553621, 5.689999999999996838 ) ) ;
#736 = DIRECTION ( 'NONE',  ( 0.000000000000000000, 0.000000000000000000, 1.000000000000000000 ) ) ;
#737 = CARTESIAN_POINT ( 'NONE',  ( -29.02005768508864136, -26.87005768508896608, 5.689999999999993285 ) ) ;
#738 = DIRECTION ( 'NONE',  ( -1.000000000000000000, 0.000000000000000000, 0.000000000000000000 ) ) ;
#739 = VECTOR ( 'NONE', #808, 1000.000000000000000 ) ;
#740 = CONICAL_SURFACE ( 'NONE', #1497, 2.149999999999999023, 0.7853981633974491672 ) ;
#741 = ORIENTED_EDGE ( 'NONE', *, *, #1348, .T. ) ;
#742 = ORIENTED_EDGE ( 'NONE', *, *, #1731, .T. ) ;
#743 = EDGE_CURVE ( 'NONE', #255, #636, #361, .T. ) ;
#744 = DIRECTION ( 'NONE',  ( -1.000000000000000000, 0.000000000000000000, 0.000000000000000000 ) ) ;
#745 = EDGE_CURVE ( 'NONE', #1233, #1741, #584, .T. ) ;
#746 = ADVANCED_FACE ( 'NONE', ( #185 ), #1365, .F. ) ;
#747 = CARTESIAN_POINT ( 'NONE',  ( 0.000000000000000000, 0.000000000000000000, 8.490000000000000213 ) ) ;
#748 = CARTESIAN_POINT ( 'NONE',  ( -9.835123713896070541, 36.70518139898453569, 4.000000000000000000 ) ) ;
#749 = ADVANCED_FACE ( 'NONE', ( #848 ), #1511, .F. ) ;
#750 = EDGE_LOOP ( 'NONE', ( #796, #1498, #787, #1760 ) ) ;
#751 = CARTESIAN_POINT ( 'NONE',  ( 26.87005768508829462, 26.87005768508932846, 5.689999999999993285 ) ) ;
#752 = AXIS2_PLACEMENT_3D ( 'NONE', #1396, #194, #576 ) ;
#753 = ORIENTED_EDGE ( 'NONE', *, *, #1391, .T. ) ;
#754 = AXIS2_PLACEMENT_3D ( 'NONE', #358, #284, #412 ) ;
#755 = CARTESIAN_POINT ( 'NONE',  ( 0.000000000000000000, 0.000000000000000000, 6.940000000000001279 ) ) ;
#756 = DIRECTION ( 'NONE',  ( 1.000000000000000000, 0.000000000000000000, 0.000000000000000000 ) ) ;
#757 = CIRCLE ( 'NONE', #663, 2.149999999999999023 ) ;
#758 = VECTOR ( 'NONE', #90, 1000.000000000000000 ) ;
#759 = ORIENTED_EDGE ( 'NONE', *, *, #148, .T. ) ;
#760 = AXIS2_PLACEMENT_3D ( 'NONE', #1132, #461, #992 ) ;
#761 = EDGE_LOOP ( 'NONE', ( #732, #1580 ) ) ;
#762 = AXIS2_PLACEMENT_3D ( 'NONE', #447, #717, #1250 ) ;
#763 = CARTESIAN_POINT ( 'NONE',  ( -38.85518139898453427, -9.835123713896017250, 25.51000000000000156 ) ) ;
#764 = CYLINDRICAL_SURFACE ( 'NONE', #371, 2.150000000000000799 ) ;
#765 = CARTESIAN_POINT ( 'NONE',  ( 26.87005768508829462, 26.87005768508932846, 5.689999999999993285 ) ) ;
#766 = PRODUCT ( '\X2\5927517382828f74\X0\-4A', '\X2\5927517382828f74\X0\-4A', '', ( #22 ) ) ;
#767 = ORIENTED_EDGE ( 'NONE', *, *, #1315, .F. ) ;
#768 = ADVANCED_FACE ( 'NONE', ( #287 ), #726, .T. ) ;
#769 = ORIENTED_EDGE ( 'NONE', *, *, #660, .T. ) ;
#770 = ADVANCED_FACE ( 'NONE', ( #968 ), #1388, .F. ) ;
#771 = FACE_OUTER_BOUND ( 'NONE', #1225, .T. ) ;
#772 = CARTESIAN_POINT ( 'NONE',  ( 9.835123713896013697, -36.70518139898453569, 8.490000000000000213 ) ) ;
#773 = CARTESIAN_POINT ( 'NONE',  ( 0.000000000000000000, 0.000000000000000000, 8.490000000000000213 ) ) ;
#774 = EDGE_CURVE ( 'NONE', #217, #1691, #1055, .T. ) ;
#775 = EDGE_LOOP ( 'NONE', ( #143, #1231, #289, #1528 ) ) ;
#776 = ORIENTED_EDGE ( 'NONE', *, *, #1335, .F. ) ;
#777 = AXIS2_PLACEMENT_3D ( 'NONE', #2, #1380, #1087 ) ;
#778 = ORIENTED_EDGE ( 'NONE', *, *, #1011, .F. ) ;
#779 = EDGE_CURVE ( 'NONE', #16, #1438, #1285, .T. ) ;
#780 = CARTESIAN_POINT ( 'NONE',  ( 24.72005768508829604, 26.87005768508932846, 4.000000000000000000 ) ) ;
#781 = DIRECTION ( 'NONE',  ( 0.000000000000000000, 0.000000000000000000, 1.000000000000000000 ) ) ;
#782 = DIRECTION ( 'NONE',  ( 0.7071067811865482389, 0.000000000000000000, 0.7071067811865469066 ) ) ;
#783 = ORIENTED_EDGE ( 'NONE', *, *, #246, .T. ) ;
#784 = EDGE_LOOP ( 'NONE', ( #619, #613 ) ) ;
#785 = PRESENTATION_LAYER_ASSIGNMENT (  '', '', ( #1063 ) ) ;
#786 = VECTOR ( 'NONE', #240, 1000.000000000000000 ) ;
#787 = ORIENTED_EDGE ( 'NONE', *, *, #429, .T. ) ;
#788 = AXIS2_PLACEMENT_3D ( 'NONE', #900, #235, #1306 ) ;
#789 = DIRECTION ( 'NONE',  ( -0.000000000000000000, -0.000000000000000000, -1.000000000000000000 ) ) ;
#790 = CYLINDRICAL_SURFACE ( 'NONE', #1635, 2.149999999999999023 ) ;
#791 = ORIENTED_EDGE ( 'NONE', *, *, #66, .T. ) ;
#792 = VERTEX_POINT ( 'NONE', #864 ) ;
#793 = AXIS2_PLACEMENT_3D ( 'NONE', #1633, #409, #144 ) ;
#794 = CYLINDRICAL_SURFACE ( 'NONE', #1267, 2.149999999999999023 ) ;
#795 = DIRECTION ( 'NONE',  ( 0.000000000000000000, 0.000000000000000000, -1.000000000000000000 ) ) ;
#796 = ORIENTED_EDGE ( 'NONE', *, *, #1711, .T. ) ;
#797 = ORIENTED_EDGE ( 'NONE', *, *, #1700, .F. ) ;
#798 = DIRECTION ( 'NONE',  ( 1.000000000000000000, 0.000000000000000000, 0.000000000000000000 ) ) ;
#799 = AXIS2_PLACEMENT_3D ( 'NONE', #897, #1423, #1168 ) ;
#800 = ORIENTED_EDGE ( 'NONE', *, *, #1441, .F. ) ;
#801 = ORIENTED_EDGE ( 'NONE', *, *, #266, .F. ) ;
#802 = CIRCLE ( 'NONE', #727, 4.950000000000009948 ) ;
#803 = ORIENTED_EDGE ( 'NONE', *, *, #154, .F. ) ;
#804 = AXIS2_PLACEMENT_3D ( 'NONE', #616, #1698, #479 ) ;
#805 = ADVANCED_FACE ( 'NONE', ( #174 ), #657, .F. ) ;
#806 = SURFACE_STYLE_FILL_AREA ( #671 ) ;
#807 = CARTESIAN_POINT ( 'NONE',  ( -36.70518139898465648, 9.835123713895553621, 5.689999999999996838 ) ) ;
#808 = DIRECTION ( 'NONE',  ( -0.000000000000000000, -0.000000000000000000, -1.000000000000000000 ) ) ;
#809 = EDGE_CURVE ( 'NONE', #377, #7, #1596, .T. ) ;
#810 = ORIENTED_EDGE ( 'NONE', *, *, #1240, .F. ) ;
#811 = CARTESIAN_POINT ( 'NONE',  ( -44.00000000000000000, 0.000000000000000000, 8.490000000000000213 ) ) ;
#812 = DIRECTION ( 'NONE',  ( -1.000000000000000000, 0.000000000000000000, 0.000000000000000000 ) ) ;
#813 = ADVANCED_FACE ( 'NONE', ( #906, #621, #494, #471, #1030, #1550, #1413, #1573, #1725, #938, #670, #1084, #1625, #513 ), #1590, .F. ) ;
#814 = AXIS2_PLACEMENT_3D ( 'NONE', #488, #210, #481 ) ;
#815 = FILL_AREA_STYLE_COLOUR ( '', #223 ) ;
#816 = EDGE_CURVE ( 'NONE', #1028, #255, #1069, .T. ) ;
#817 = DIRECTION ( 'NONE',  ( 0.000000000000000000, 0.000000000000000000, 1.000000000000000000 ) ) ;
#818 = EDGE_LOOP ( 'NONE', ( #1195, #5, #1222, #67 ) ) ;
#819 = FACE_BOUND ( 'NONE', #1143, .T. ) ;
#820 = EDGE_LOOP ( 'NONE', ( #1019, #783, #1392, #585 ) ) ;
#821 = DIRECTION ( 'NONE',  ( 0.000000000000000000, 0.000000000000000000, 1.000000000000000000 ) ) ;
#822 = CARTESIAN_POINT ( 'NONE',  ( 21.92005768508895613, -26.87005768508864989, 8.490000000000000213 ) ) ;
#823 = LINE ( 'NONE', #147, #1089 ) ;
#824 = EDGE_CURVE ( 'NONE', #1061, #200, #914, .T. ) ;
#825 = DIRECTION ( 'NONE',  ( 1.000000000000000000, 0.000000000000000000, 0.000000000000000000 ) ) ;
#826 = DIRECTION ( 'NONE',  ( 0.000000000000000000, 0.000000000000000000, -1.000000000000000000 ) ) ;
#827 = DIRECTION ( 'NONE',  ( 1.000000000000000000, 0.000000000000000000, 0.000000000000000000 ) ) ;
#828 = AXIS2_PLACEMENT_3D ( 'NONE', #1645, #430, #984 ) ;
#829 = ORIENTED_EDGE ( 'NONE', *, *, #816, .F. ) ;
#830 = ORIENTED_EDGE ( 'NONE', *, *, #824, .T. ) ;
#831 = CARTESIAN_POINT ( 'NONE',  ( -34.55518139898453711, -9.835123713896017250, 5.689999999999996838 ) ) ;
#832 = VERTEX_POINT ( 'NONE', #1096 ) ;
#833 = AXIS2_PLACEMENT_3D ( 'NONE', #328, #1681, #1129 ) ;
#834 = DIRECTION ( 'NONE',  ( 0.000000000000000000, 0.000000000000000000, 1.000000000000000000 ) ) ;
#835 = VERTEX_POINT ( 'NONE', #1104 ) ;
#836 = AXIS2_PLACEMENT_3D ( 'NONE', #470, #1656, #875 ) ;
#837 = AXIS2_PLACEMENT_3D ( 'NONE', #520, #1057, #1568 ) ;
#838 = CARTESIAN_POINT ( 'NONE',  ( 9.835123713895557174, 36.70518139898466359, 5.689999999999996838 ) ) ;
#839 = LINE ( 'NONE', #681, #95 ) ;
#840 = EDGE_CURVE ( 'NONE', #1477, #1594, #1149, .T. ) ;
#841 = ORIENTED_EDGE ( 'NONE', *, *, #640, .T. ) ;
#842 = PLANE ( 'NONE',  #987 ) ;
#843 = CARTESIAN_POINT ( 'NONE',  ( 32.00000000000000000, 0.000000000000000000, 6.940000000000001279 ) ) ;
#844 = EDGE_LOOP ( 'NONE', ( #841, #965, #627, #1467 ) ) ;
#845 = CARTESIAN_POINT ( 'NONE',  ( 36.70518139898441490, 9.835123713896452458, 5.689999999999996838 ) ) ;
#846 = DIRECTION ( 'NONE',  ( 0.000000000000000000, 0.000000000000000000, 1.000000000000000000 ) ) ;
#847 = ORIENTED_EDGE ( 'NONE', *, *, #1612, .T. ) ;
#848 = FACE_OUTER_BOUND ( 'NONE', #222, .T. ) ;
#849 = AXIS2_PLACEMENT_3D ( 'NONE', #129, #1469, #1607 ) ;
#850 = DIRECTION ( 'NONE',  ( -0.000000000000000000, -0.000000000000000000, -1.000000000000000000 ) ) ;
#851 = DIRECTION ( 'NONE',  ( -0.000000000000000000, -0.000000000000000000, -1.000000000000000000 ) ) ;
#852 = VERTEX_POINT ( 'NONE', #183 ) ;
#853 = EDGE_CURVE ( 'NONE', #1322, #884, #168, .T. ) ;
#854 = DIRECTION ( 'NONE',  ( 0.000000000000000000, 0.000000000000000000, 1.000000000000000000 ) ) ;
#855 = CYLINDRICAL_SURFACE ( 'NONE', #1629, 2.149999999999999023 ) ;
#856 = CARTESIAN_POINT ( 'NONE',  ( 0.000000000000000000, 0.000000000000000000, 8.490000000000000213 ) ) ;
#857 = VECTOR ( 'NONE', #300, 999.9999999999998863 ) ;
#858 = FACE_OUTER_BOUND ( 'NONE', #1454, .T. ) ;
#859 = CARTESIAN_POINT ( 'NONE',  ( 9.835123713895557174, 36.70518139898466359, 25.51000000000000156 ) ) ;
#860 = AXIS2_PLACEMENT_3D ( 'NONE', #1648, #1358, #1640 ) ;
#861 = VERTEX_POINT ( 'NONE', #1521 ) ;
#862 = ORIENTED_EDGE ( 'NONE', *, *, #179, .F. ) ;
#863 = DIRECTION ( 'NONE',  ( 0.000000000000000000, 0.000000000000000000, 1.000000000000000000 ) ) ;
#864 = CARTESIAN_POINT ( 'NONE',  ( 34.55518139898440921, 9.835123713896452458, 5.689999999999996838 ) ) ;
#865 = CIRCLE ( 'NONE', #414, 2.149999999999999023 ) ;
#866 = CIRCLE ( 'NONE', #1064, 2.149999999999999023 ) ;
#867 = CARTESIAN_POINT ( 'NONE',  ( -36.70518139898465648, 9.835123713895553621, 8.490000000000000213 ) ) ;
#868 = LINE ( 'NONE', #843, #1514 ) ;
#869 = ORIENTED_EDGE ( 'NONE', *, *, #1448, .F. ) ;
#870 = VECTOR ( 'NONE', #1613, 1000.000000000000000 ) ;
#871 = DIRECTION ( 'NONE',  ( 0.000000000000000000, 0.000000000000000000, 1.000000000000000000 ) ) ;
#872 = ORIENTED_EDGE ( 'NONE', *, *, #655, .F. ) ;
#873 = EDGE_CURVE ( 'NONE', #1745, #1691, #146, .T. ) ;
#874 = EDGE_CURVE ( 'NONE', #668, #1682, #691, .T. ) ;
#875 = DIRECTION ( 'NONE',  ( 1.000000000000000000, 0.000000000000000000, 0.000000000000000000 ) ) ;
#876 = EDGE_CURVE ( 'NONE', #1634, #832, #923, .T. ) ;
#877 = DIRECTION ( 'NONE',  ( -1.000000000000000000, 0.000000000000000000, 0.000000000000000000 ) ) ;
#878 = CARTESIAN_POINT ( 'NONE',  ( 26.87005768508896253, -26.87005768508864989, 25.51000000000000156 ) ) ;
#879 = CIRCLE ( 'NONE', #1643, 4.950000000000009948 ) ;
#880 = ORIENTED_EDGE ( 'NONE', *, *, #1011, .T. ) ;
#881 = CARTESIAN_POINT ( 'NONE',  ( -24.72005768508897816, 26.87005768508863568, 5.689999999999979963 ) ) ;
#882 = ORIENTED_EDGE ( 'NONE', *, *, #946, .T. ) ;
#883 = CARTESIAN_POINT ( 'NONE',  ( -9.835123713895557174, -36.70518139898465648, 25.51000000000000156 ) ) ;
#884 = VERTEX_POINT ( 'NONE', #1664 ) ;
#885 = CYLINDRICAL_SURFACE ( 'NONE', #1459, 32.00000000000000000 ) ;
#886 = CARTESIAN_POINT ( 'NONE',  ( 38.85518139898465506, -9.835123713895558950, 5.689999999999996838 ) ) ;
#887 = EDGE_LOOP ( 'NONE', ( #847, #709 ) ) ;
#888 = AXIS2_PLACEMENT_3D ( 'NONE', #1331, #1323, #529 ) ;
#889 = VERTEX_POINT ( 'NONE', #1114 ) ;
#890 = DIRECTION ( 'NONE',  ( -1.000000000000000000, 0.000000000000000000, 0.000000000000000000 ) ) ;
#891 = CIRCLE ( 'NONE', #131, 2.149999999999999023 ) ;
#892 = CARTESIAN_POINT ( 'NONE',  ( -7.685123713895555930, -36.70518139898465648, 5.689999999999996838 ) ) ;
#893 = DIRECTION ( 'NONE',  ( 1.000000000000000000, 0.000000000000000000, 0.000000000000000000 ) ) ;
#894 = ADVANCED_FACE ( 'NONE', ( #1255 ), #700, .F. ) ;
#895 = ORIENTED_EDGE ( 'NONE', *, *, #1040, .F. ) ;
#896 = EDGE_CURVE ( 'NONE', #97, #206, #1121, .T. ) ;
#897 = CARTESIAN_POINT ( 'NONE',  ( -26.87005768508864278, -26.87005768508896608, 5.689999999999993285 ) ) ;
#898 = VERTEX_POINT ( 'NONE', #440 ) ;
#899 = CARTESIAN_POINT ( 'NONE',  ( -26.87005768508897674, 26.87005768508863568, 25.51000000000000156 ) ) ;
#900 = CARTESIAN_POINT ( 'NONE',  ( 36.70518139898441490, 9.835123713896452458, 5.689999999999996838 ) ) ;
#901 = DIRECTION ( 'NONE',  ( -0.000000000000000000, -0.000000000000000000, -1.000000000000000000 ) ) ;
#902 = ORIENTED_EDGE ( 'NONE', *, *, #1381, .F. ) ;
#903 = CONICAL_SURFACE ( 'NONE', #1764, 2.150000000000000799, 0.7853981633974491672 ) ;
#904 = EDGE_CURVE ( 'NONE', #7, #852, #295, .T. ) ;
#905 = EDGE_LOOP ( 'NONE', ( #231, #426 ) ) ;
#906 = FACE_BOUND ( 'NONE', #784, .T. ) ;
#907 = DIRECTION ( 'NONE',  ( 0.7071067811865482389, 0.000000000000000000, 0.7071067811865469066 ) ) ;
#908 = ADVANCED_FACE ( 'NONE', ( #1533 ), #1665, .F. ) ;
#909 = ORIENTED_EDGE ( 'NONE', *, *, #712, .T. ) ;
#910 = CARTESIAN_POINT ( 'NONE',  ( -36.70518139898453569, -9.835123713896017250, 8.490000000000000213 ) ) ;
#911 = DIRECTION ( 'NONE',  ( -0.000000000000000000, -0.000000000000000000, -1.000000000000000000 ) ) ;
#912 = VERTEX_POINT ( 'NONE', #172 ) ;
#913 = ORIENTED_EDGE ( 'NONE', *, *, #280, .F. ) ;
#914 = CIRCLE ( 'NONE', #292, 2.149999999999999023 ) ;
#915 = PRODUCT_DEFINITION_SHAPE ( 'NONE', 'NONE',  #720 ) ;
#916 = LINE ( 'NONE', #763, #1317 ) ;
#917 = EDGE_CURVE ( 'NONE', #1202, #1581, #664, .T. ) ;
#918 = CARTESIAN_POINT ( 'NONE',  ( 26.87005768508896253, -26.87005768508864989, 5.689999999999993285 ) ) ;
#919 = ORIENTED_EDGE ( 'NONE', *, *, #1670, .T. ) ;
#920 = AXIS2_PLACEMENT_3D ( 'NONE', #1750, #415, #825 ) ;
#921 = CARTESIAN_POINT ( 'NONE',  ( -9.835123713896070541, 36.70518139898453569, 5.689999999999983515 ) ) ;
#922 = EDGE_LOOP ( 'NONE', ( #93, #1150 ) ) ;
#923 = CIRCLE ( 'NONE', #1377, 4.950000000000009948 ) ;
#924 = VECTOR ( 'NONE', #1631, 999.9999999999998863 ) ;
#925 = EDGE_CURVE ( 'NONE', #377, #930, #1394, .T. ) ;
#926 = VECTOR ( 'NONE', #1341, 1000.000000000000000 ) ;
#927 = DIRECTION ( 'NONE',  ( -0.000000000000000000, -0.000000000000000000, -1.000000000000000000 ) ) ;
#928 = DIRECTION ( 'NONE',  ( -0.000000000000000000, -0.000000000000000000, -1.000000000000000000 ) ) ;
#929 = CARTESIAN_POINT ( 'NONE',  ( 0.000000000000000000, 0.000000000000000000, 8.490000000000000213 ) ) ;
#930 = VERTEX_POINT ( 'NONE', #822 ) ;
#931 = VERTEX_POINT ( 'NONE', #1266 ) ;
#932 = ADVANCED_FACE ( 'NONE', ( #53 ), #1522, .F. ) ;
#933 = LINE ( 'NONE', #1729, #40 ) ;
#934 = VERTEX_POINT ( 'NONE', #811 ) ;
#935 = DIRECTION ( 'NONE',  ( 0.000000000000000000, 0.000000000000000000, 1.000000000000000000 ) ) ;
#936 = ORIENTED_EDGE ( 'NONE', *, *, #27, .T. ) ;
#937 = VECTOR ( 'NONE', #288, 1000.000000000000114 ) ;
#938 = FACE_BOUND ( 'NONE', #972, .T. ) ;
#939 = APPLICATION_CONTEXT ( 'automotive_design' ) ;
#940 = CIRCLE ( 'NONE', #1566, 44.00000000000000000 ) ;
#941 = DIRECTION ( 'NONE',  ( 1.000000000000000000, 0.000000000000000000, 0.000000000000000000 ) ) ;
#942 = CYLINDRICAL_SURFACE ( 'NONE', #1254, 2.149999999999999023 ) ;
#943 = AXIS2_PLACEMENT_3D ( 'NONE', #1275, #491, #229 ) ;
#944 = VERTEX_POINT ( 'NONE', #1226 ) ;
#945 = CARTESIAN_POINT ( 'NONE',  ( 24.72005768508896395, -26.87005768508864989, 25.51000000000000156 ) ) ;
#946 = EDGE_CURVE ( 'NONE', #662, #1311, #614, .T. ) ;
#947 = ADVANCED_FACE ( 'NONE', ( #1 ), #224, .F. ) ;
#948 = CONICAL_SURFACE ( 'NONE', #1722, 2.149999999999999023, 0.7853981633974485010 ) ;
#949 = ORIENTED_EDGE ( 'NONE', *, *, #1526, .F. ) ;
#950 = AXIS2_PLACEMENT_3D ( 'NONE', #679, #1646, #557 ) ;
#951 = CIRCLE ( 'NONE', #166, 4.950000000000009948 ) ;
#952 = CARTESIAN_POINT ( 'NONE',  ( -11.98512371389555753, -36.70518139898465648, 5.689999999999996838 ) ) ;
#953 = DIRECTION ( 'NONE',  ( -0.000000000000000000, -0.000000000000000000, -1.000000000000000000 ) ) ;
#954 = CIRCLE ( 'NONE', #1189, 44.00000000000000000 ) ;
#955 = DIRECTION ( 'NONE',  ( 1.000000000000000000, 0.000000000000000000, 0.000000000000000000 ) ) ;
#956 = EDGE_LOOP ( 'NONE', ( #360, #1563, #936, #645 ) ) ;
#957 = DIRECTION ( 'NONE',  ( -0.000000000000000000, -0.000000000000000000, -1.000000000000000000 ) ) ;
#958 = CARTESIAN_POINT ( 'NONE',  ( 38.85518139898441348, 9.835123713896452458, 5.689999999999996838 ) ) ;
#959 = ORIENTED_EDGE ( 'NONE', *, *, #710, .T. ) ;
#960 = DIRECTION ( 'NONE',  ( -1.000000000000000000, 0.000000000000000000, 0.000000000000000000 ) ) ;
#961 = DIRECTION ( 'NONE',  ( -1.000000000000000000, 0.000000000000000000, 0.000000000000000000 ) ) ;
#962 = CARTESIAN_POINT ( 'NONE',  ( -9.835123713896070541, 36.70518139898453569, 5.689999999999983515 ) ) ;
#963 = LINE ( 'NONE', #690, #1620 ) ;
#964 = EDGE_LOOP ( 'NONE', ( #346, #1679, #1294, #351 ) ) ;
#965 = ORIENTED_EDGE ( 'NONE', *, *, #516, .T. ) ;
#966 = LINE ( 'NONE', #1652, #634 ) ;
#967 = CARTESIAN_POINT ( 'NONE',  ( -36.70518139898453569, -9.835123713896017250, 4.000000000000000000 ) ) ;
#968 = FACE_OUTER_BOUND ( 'NONE', #207, .T. ) ;
#969 = CARTESIAN_POINT ( 'NONE',  ( -26.87005768508897674, 26.87005768508863568, 5.689999999999979963 ) ) ;
#970 = FACE_BOUND ( 'NONE', #1505, .T. ) ;
#971 = FACE_OUTER_BOUND ( 'NONE', #1440, .T. ) ;
#972 = EDGE_LOOP ( 'NONE', ( #872, #1001 ) ) ;
#973 = CARTESIAN_POINT ( 'NONE',  ( 26.87005768508896253, -26.87005768508864989, 4.000000000000000000 ) ) ;
#974 = CIRCLE ( 'NONE', #445, 32.00000000000000000 ) ;
#975 = DIRECTION ( 'NONE',  ( -0.000000000000000000, -0.000000000000000000, -1.000000000000000000 ) ) ;
#976 = DIRECTION ( 'NONE',  ( 0.000000000000000000, 0.000000000000000000, 1.000000000000000000 ) ) ;
#977 = CONICAL_SURFACE ( 'NONE', #503, 2.149999999999999023, 0.7853981633974491672 ) ;
#978 = ORIENTED_EDGE ( 'NONE', *, *, #1668, .F. ) ;
#979 = CARTESIAN_POINT ( 'NONE',  ( 38.85518139898441348, 9.835123713896452458, 5.689999999999996838 ) ) ;
#980 = DIRECTION ( 'NONE',  ( 1.000000000000000000, 0.000000000000000000, 0.000000000000000000 ) ) ;
#981 = VERTEX_POINT ( 'NONE', #1086 ) ;
#982 = ADVANCED_BREP_SHAPE_REPRESENTATION ( '\X2\5927517382828f74\X0\-4A', ( #1005, #703 ), #1466 ) ;
#983 = EDGE_CURVE ( 'NONE', #889, #1641, #1374, .T. ) ;
#984 = DIRECTION ( 'NONE',  ( 1.000000000000000000, 0.000000000000000000, 0.000000000000000000 ) ) ;
#985 = DIRECTION ( 'NONE',  ( 0.000000000000000000, 0.000000000000000000, 1.000000000000000000 ) ) ;
#986 = DIRECTION ( 'NONE',  ( 1.000000000000000000, 0.000000000000000000, 0.000000000000000000 ) ) ;
#987 = AXIS2_PLACEMENT_3D ( 'NONE', #1382, #37, #177 ) ;
#988 = LINE ( 'NONE', #1474, #926 ) ;
#989 = CYLINDRICAL_SURFACE ( 'NONE', #44, 2.149999999999999023 ) ;
#990 = ORIENTED_EDGE ( 'NONE', *, *, #1669, .T. ) ;
#991 = DIRECTION ( 'NONE',  ( -1.000000000000000000, 0.000000000000000000, 0.000000000000000000 ) ) ;
#992 = DIRECTION ( 'NONE',  ( 1.000000000000000000, 0.000000000000000000, 0.000000000000000000 ) ) ;
#993 = DIRECTION ( 'NONE',  ( 1.000000000000000000, 0.000000000000000000, 0.000000000000000000 ) ) ;
#994 = AXIS2_PLACEMENT_3D ( 'NONE', #417, #1628, #827 ) ;
#995 = DIRECTION ( 'NONE',  ( 1.000000000000000000, 0.000000000000000000, 0.000000000000000000 ) ) ;
#996 = DIRECTION ( 'NONE',  ( 0.000000000000000000, 0.000000000000000000, -1.000000000000000000 ) ) ;
#997 = EDGE_CURVE ( 'NONE', #1616, #1621, #1349, .T. ) ;
#998 = VERTEX_POINT ( 'NONE', #1097 ) ;
#999 = CYLINDRICAL_SURFACE ( 'NONE', #1626, 2.149999999999999023 ) ;
#1000 = FACE_OUTER_BOUND ( 'NONE', #1167, .T. ) ;
#1001 = ORIENTED_EDGE ( 'NONE', *, *, #349, .F. ) ;
#1002 = AXIS2_PLACEMENT_3D ( 'NONE', #751, #871, #1151 ) ;
#1003 = CARTESIAN_POINT ( 'NONE',  ( 36.70518139898441490, 9.835123713896452458, 4.000000000000000000 ) ) ;
#1004 = CIRCLE ( 'NONE', #247, 2.149999999999999023 ) ;
#1005 = MANIFOLD_SOLID_BREP ( '\X2\501289d2\X0\1', #693 ) ;
#1006 = CIRCLE ( 'NONE', #248, 32.00000000000000000 ) ;
#1007 = DIRECTION ( 'NONE',  ( 1.000000000000000000, 0.000000000000000000, -0.000000000000000000 ) ) ;
#1008 = EDGE_CURVE ( 'NONE', #1701, #1203, #1490, .T. ) ;
#1009 = ORIENTED_EDGE ( 'NONE', *, *, #660, .F. ) ;
#1010 = DIRECTION ( 'NONE',  ( -0.7071067811865481278, 8.659560562354940254E-17, 0.7071067811865469066 ) ) ;
#1011 = EDGE_CURVE ( 'NONE', #1701, #303, #1724, .T. ) ;
#1012 = AXIS2_PLACEMENT_3D ( 'NONE', #1241, #957, #187 ) ;
#1013 = ORIENTED_EDGE ( 'NONE', *, *, #1252, .T. ) ;
#1014 = CIRCLE ( 'NONE', #1238, 4.950000000000009948 ) ;
#1015 = ORIENTED_EDGE ( 'NONE', *, *, #23, .T. ) ;
#1016 = DIRECTION ( 'NONE',  ( 0.000000000000000000, 0.000000000000000000, 1.000000000000000000 ) ) ;
#1017 = CARTESIAN_POINT ( 'NONE',  ( -26.87005768508897674, 26.87005768508863568, 5.689999999999979963 ) ) ;
#1018 = ORIENTED_EDGE ( 'NONE', *, *, #148, .F. ) ;
#1019 = ORIENTED_EDGE ( 'NONE', *, *, #536, .F. ) ;
#1020 = EDGE_CURVE ( 'NONE', #884, #1322, #687, .T. ) ;
#1021 = DIRECTION ( 'NONE',  ( 1.000000000000000000, 0.000000000000000000, 0.000000000000000000 ) ) ;
#1022 = LINE ( 'NONE', #1181, #1401 ) ;
#1023 = CIRCLE ( 'NONE', #189, 2.149999999999999023 ) ;
#1024 = CARTESIAN_POINT ( 'NONE',  ( 34.55518139898465790, -9.835123713895558950, 25.51000000000000156 ) ) ;
#1025 = CARTESIAN_POINT ( 'NONE',  ( -38.85518139898453427, -9.835123713896017250, 4.000000000000000000 ) ) ;
#1026 = ORIENTED_EDGE ( 'NONE', *, *, #1321, .F. ) ;
#1027 = AXIS2_PLACEMENT_3D ( 'NONE', #1602, #391, #259 ) ;
#1028 = VERTEX_POINT ( 'NONE', #1638 ) ;
#1029 = AXIS2_PLACEMENT_3D ( 'NONE', #773, #635, #219 ) ;
#1030 = FACE_BOUND ( 'NONE', #1337, .T. ) ;
#1031 = EDGE_CURVE ( 'NONE', #944, #998, #1004, .T. ) ;
#1032 = DIRECTION ( 'NONE',  ( 0.000000000000000000, 0.000000000000000000, -1.000000000000000000 ) ) ;
#1033 = AXIS2_PLACEMENT_3D ( 'NONE', #55, #1237, #1525 ) ;
#1034 = CARTESIAN_POINT ( 'NONE',  ( -4.885123713896046382, 36.70518139898453569, 8.490000000000000213 ) ) ;
#1035 = CYLINDRICAL_SURFACE ( 'NONE', #1695, 2.149999999999999023 ) ;
#1036 = AXIS2_PLACEMENT_3D ( 'NONE', #765, #1430, #353 ) ;
#1037 = ORIENTED_EDGE ( 'NONE', *, *, #1558, .F. ) ;
#1038 = EDGE_LOOP ( 'NONE', ( #1658, #1446 ) ) ;
#1039 = ORIENTED_EDGE ( 'NONE', *, *, #220, .F. ) ;
#1040 = EDGE_CURVE ( 'NONE', #265, #206, #1603, .T. ) ;
#1041 = DIRECTION ( 'NONE',  ( 0.000000000000000000, 0.000000000000000000, 1.000000000000000000 ) ) ;
#1042 = DIRECTION ( 'NONE',  ( 0.000000000000000000, 0.000000000000000000, 1.000000000000000000 ) ) ;
#1043 = CARTESIAN_POINT ( 'NONE',  ( -36.70518139898453569, -9.835123713896017250, 5.689999999999996838 ) ) ;
#1044 = EDGE_LOOP ( 'NONE', ( #28, #477, #1013, #275 ) ) ;
#1045 = ORIENTED_EDGE ( 'NONE', *, *, #516, .F. ) ;
#1046 = VECTOR ( 'NONE', #1010, 1000.000000000000114 ) ;
#1047 = ORIENTED_EDGE ( 'NONE', *, *, #1441, .T. ) ;
#1048 = DIRECTION ( 'NONE',  ( 1.000000000000000000, 0.000000000000000000, 0.000000000000000000 ) ) ;
#1049 = DIRECTION ( 'NONE',  ( -1.000000000000000000, 0.000000000000000000, 0.000000000000000000 ) ) ;
#1050 = DIRECTION ( 'NONE',  ( 0.000000000000000000, 0.000000000000000000, 1.000000000000000000 ) ) ;
#1051 = ORIENTED_EDGE ( 'NONE', *, *, #640, .F. ) ;
#1052 = EDGE_LOOP ( 'NONE', ( #1188, #1256 ) ) ;
#1053 = DIRECTION ( 'NONE',  ( 1.000000000000000000, 0.000000000000000000, 0.000000000000000000 ) ) ;
#1054 = VERTEX_POINT ( 'NONE', #952 ) ;
#1055 = CIRCLE ( 'NONE', #155, 2.149999999999999023 ) ;
#1056 = EDGE_CURVE ( 'NONE', #1616, #1062, #1694, .T. ) ;
#1057 = DIRECTION ( 'NONE',  ( 0.000000000000000000, 0.000000000000000000, 1.000000000000000000 ) ) ;
#1058 = DIRECTION ( 'NONE',  ( 1.000000000000000000, 0.000000000000000000, 0.000000000000000000 ) ) ;
#1059 = FACE_OUTER_BOUND ( 'NONE', #156, .T. ) ;
#1060 = AXIS2_PLACEMENT_3D ( 'NONE', #718, #1390, #197 ) ;
#1061 = VERTEX_POINT ( 'NONE', #1077 ) ;
#1062 = VERTEX_POINT ( 'NONE', #1106 ) ;
#1063 = STYLED_ITEM ( 'NONE', ( #1357 ), #1005 ) ;
#1064 = AXIS2_PLACEMENT_3D ( 'NONE', #1304, #1332, #96 ) ;
#1065 = CARTESIAN_POINT ( 'NONE',  ( 34.55518139898440921, 9.835123713896452458, 4.000000000000000000 ) ) ;
#1066 = ORIENTED_EDGE ( 'NONE', *, *, #1020, .T. ) ;
#1067 = AXIS2_PLACEMENT_3D ( 'NONE', #573, #846, #452 ) ;
#1068 = EDGE_CURVE ( 'NONE', #1682, #668, #757, .T. ) ;
#1069 = LINE ( 'NONE', #686, #1685 ) ;
#1070 = CIRCLE ( 'NONE', #1012, 4.950000000000020606 ) ;
#1071 = FACE_OUTER_BOUND ( 'NONE', #176, .T. ) ;
#1072 = LINE ( 'NONE', #1213, #1393 ) ;
#1073 = CYLINDRICAL_SURFACE ( 'NONE', #551, 2.149999999999999023 ) ;
#1074 = ORIENTED_EDGE ( 'NONE', *, *, #1411, .T. ) ;
#1075 = EDGE_LOOP ( 'NONE', ( #1686, #1673 ) ) ;
#1076 = CIRCLE ( 'NONE', #347, 4.950000000000024158 ) ;
#1077 = CARTESIAN_POINT ( 'NONE',  ( 11.98512371389601228, -36.70518139898453569, 4.000000000000000000 ) ) ;
#1078 = DIRECTION ( 'NONE',  ( 0.000000000000000000, 0.000000000000000000, -1.000000000000000000 ) ) ;
#1079 = EDGE_LOOP ( 'NONE', ( #260, #767, #1709, #913 ) ) ;
#1080 = EDGE_CURVE ( 'NONE', #1489, #509, #1155, .T. ) ;
#1081 = ORIENTED_EDGE ( 'NONE', *, *, #1142, .T. ) ;
#1082 = VECTOR ( 'NONE', #270, 1000.000000000000000 ) ;
#1083 = EDGE_CURVE ( 'NONE', #792, #1476, #141, .T. ) ;
#1084 = FACE_BOUND ( 'NONE', #1157, .T. ) ;
#1085 = AXIS2_PLACEMENT_3D ( 'NONE', #918, #98, #651 ) ;
#1086 = CARTESIAN_POINT ( 'NONE',  ( -32.00000000000000000, 3.918869757271529474E-15, 8.490000000000000213 ) ) ;
#1087 = DIRECTION ( 'NONE',  ( 1.000000000000000000, 0.000000000000000000, 0.000000000000000000 ) ) ;
#1088 = ADVANCED_FACE ( 'NONE', ( #1071 ), #1611, .F. ) ;
#1089 = VECTOR ( 'NONE', #1364, 1000.000000000000000 ) ;
#1090 = ORIENTED_EDGE ( 'NONE', *, *, #874, .F. ) ;
#1091 = CARTESIAN_POINT ( 'NONE',  ( 38.85518139898441348, 9.835123713896452458, 25.51000000000000156 ) ) ;
#1092 = DIRECTION ( 'NONE',  ( 1.000000000000000000, 0.000000000000000000, 0.000000000000000000 ) ) ;
#1093 = ORIENTED_EDGE ( 'NONE', *, *, #708, .T. ) ;
#1094 = CIRCLE ( 'NONE', #339, 4.950000000000009948 ) ;
#1095 = VECTOR ( 'NONE', #1314, 1000.000000000000000 ) ;
#1096 = CARTESIAN_POINT ( 'NONE',  ( 14.78512371389602365, -36.70518139898453569, 8.490000000000000213 ) ) ;
#1097 = CARTESIAN_POINT ( 'NONE',  ( -34.55518139898465790, 9.835123713895553621, 4.000000000000000000 ) ) ;
#1098 = CARTESIAN_POINT ( 'NONE',  ( -26.87005768508897674, 26.87005768508863568, 5.689999999999979963 ) ) ;
#1099 = CIRCLE ( 'NONE', #252, 32.00000000000000000 ) ;
#1100 = LINE ( 'NONE', #1504, #937 ) ;
#1101 = ORIENTED_EDGE ( 'NONE', *, *, #114, .T. ) ;
#1102 = FACE_BOUND ( 'NONE', #1038, .T. ) ;
#1103 = ORIENTED_EDGE ( 'NONE', *, *, #13, .F. ) ;
#1104 = CARTESIAN_POINT ( 'NONE',  ( 38.85518139898441348, 9.835123713896452458, 4.000000000000000000 ) ) ;
#1105 = AXIS2_PLACEMENT_3D ( 'NONE', #1688, #1517, #338 ) ;
#1106 = CARTESIAN_POINT ( 'NONE',  ( 29.02005768508829320, 26.87005768508932846, 5.689999999999993285 ) ) ;
#1107 = CARTESIAN_POINT ( 'NONE',  ( -34.55518139898465790, 9.835123713895553621, 5.689999999999996838 ) ) ;
#1108 = CARTESIAN_POINT ( 'NONE',  ( -34.55518139898465790, 9.835123713895553621, 5.689999999999996838 ) ) ;
#1109 = ORIENTED_EDGE ( 'NONE', *, *, #321, .F. ) ;
#1110 = CARTESIAN_POINT ( 'NONE',  ( -11.98512371389607090, 36.70518139898453569, 25.51000000000000156 ) ) ;
#1111 = EDGE_CURVE ( 'NONE', #697, #1190, #1486, .T. ) ;
#1112 = ORIENTED_EDGE ( 'NONE', *, *, #840, .T. ) ;
#1113 = ADVANCED_FACE ( 'NONE', ( #582 ), #184, .F. ) ;
#1114 = CARTESIAN_POINT ( 'NONE',  ( 4.885123713895546338, 36.70518139898466359, 8.490000000000000213 ) ) ;
#1115 = DIRECTION ( 'NONE',  ( 1.000000000000000000, 0.000000000000000000, 0.000000000000000000 ) ) ;
#1116 = DIRECTION ( 'NONE',  ( -1.000000000000000000, 0.000000000000000000, 0.000000000000000000 ) ) ;
#1117 = DIRECTION ( 'NONE',  ( -0.000000000000000000, -0.000000000000000000, -1.000000000000000000 ) ) ;
#1118 = DIRECTION ( 'NONE',  ( 1.000000000000000000, 0.000000000000000000, 0.000000000000000000 ) ) ;
#1119 = VERTEX_POINT ( 'NONE', #453 ) ;
#1120 = CIRCLE ( 'NONE', #1033, 4.950000000000009948 ) ;
#1121 = LINE ( 'NONE', #158, #1605 ) ;
#1122 = EDGE_LOOP ( 'NONE', ( #136, #653, #1739, #1569 ) ) ;
#1123 = EDGE_CURVE ( 'NONE', #981, #1282, #974, .T. ) ;
#1124 = CARTESIAN_POINT ( 'NONE',  ( 0.000000000000000000, 0.000000000000000000, 8.490000000000000213 ) ) ;
#1125 = CARTESIAN_POINT ( 'NONE',  ( -26.87005768508864278, -26.87005768508896608, 4.000000000000000000 ) ) ;
#1126 = UNCERTAINTY_MEASURE_WITH_UNIT (LENGTH_MEASURE( 1.000000000000000082E-05 ), #1747, 'distance_accuracy_value', 'NONE');
#1127 = ORIENTED_EDGE ( 'NONE', *, *, #246, .F. ) ;
#1128 = DIRECTION ( 'NONE',  ( -1.000000000000000000, 0.000000000000000000, 0.000000000000000000 ) ) ;
#1129 = DIRECTION ( 'NONE',  ( -1.000000000000000000, 0.000000000000000000, 0.000000000000000000 ) ) ;
#1130 = EDGE_CURVE ( 'NONE', #898, #620, #302, .T. ) ;
#1131 = ORIENTED_EDGE ( 'NONE', *, *, #119, .T. ) ;
#1132 = CARTESIAN_POINT ( 'NONE',  ( 9.835123713895557174, 36.70518139898466359, 5.689999999999996838 ) ) ;
#1133 = VERTEX_POINT ( 'NONE', #311 ) ;
#1134 = ADVANCED_FACE ( 'NONE', ( #350 ), #208, .F. ) ;
#1135 = DIRECTION ( 'NONE',  ( -1.000000000000000000, 0.000000000000000000, 0.000000000000000000 ) ) ;
#1136 = CARTESIAN_POINT ( 'NONE',  ( -32.00000000000000000, 3.918869757271529474E-15, 6.940000000000001279 ) ) ;
#1137 = EDGE_CURVE ( 'NONE', #792, #1763, #35, .T. ) ;
#1138 = CARTESIAN_POINT ( 'NONE',  ( 0.000000000000000000, 0.000000000000000000, 4.000000000000000000 ) ) ;
#1139 = VERTEX_POINT ( 'NONE', #42 ) ;
#1140 = CARTESIAN_POINT ( 'NONE',  ( -9.835123713896070541, 36.70518139898453569, 25.51000000000000156 ) ) ;
#1141 = CARTESIAN_POINT ( 'NONE',  ( 26.87005768508829462, 26.87005768508932846, 8.490000000000000213 ) ) ;
#1142 = EDGE_CURVE ( 'NONE', #1062, #1616, #865, .T. ) ;
#1143 = EDGE_LOOP ( 'NONE', ( #1460, #1344 ) ) ;
#1144 = CARTESIAN_POINT ( 'NONE',  ( -21.92005768508895613, 26.87005768508863568, 8.490000000000000213 ) ) ;
#1145 = ORIENTED_EDGE ( 'NONE', *, *, #1111, .F. ) ;
#1146 = CARTESIAN_POINT ( 'NONE',  ( -36.70518139898465648, 9.835123713895553621, 5.689999999999996838 ) ) ;
#1147 = DIRECTION ( 'NONE',  ( -0.000000000000000000, -0.000000000000000000, -1.000000000000000000 ) ) ;
#1148 = CARTESIAN_POINT ( 'NONE',  ( -29.02005768508897532, 26.87005768508863568, 4.000000000000000000 ) ) ;
#1149 = CIRCLE ( 'NONE', #828, 4.950000000000009948 ) ;
#1150 = ORIENTED_EDGE ( 'NONE', *, *, #378, .F. ) ;
#1151 = DIRECTION ( 'NONE',  ( 1.000000000000000000, 0.000000000000000000, 0.000000000000000000 ) ) ;
#1152 = ORIENTED_EDGE ( 'NONE', *, *, #1711, .F. ) ;
#1153 = CIRCLE ( 'NONE', #75, 4.950000000000009948 ) ;
#1154 = FACE_BOUND ( 'NONE', #1465, .T. ) ;
#1155 = CIRCLE ( 'NONE', #502, 2.149999999999999023 ) ;
#1156 = VECTOR ( 'NONE', #1742, 1000.000000000000114 ) ;
#1157 = EDGE_LOOP ( 'NONE', ( #524, #568 ) ) ;
#1158 = CARTESIAN_POINT ( 'NONE',  ( 38.85518139898465506, -9.835123713895558950, 25.51000000000000156 ) ) ;
#1159 = LINE ( 'NONE', #886, #1375 ) ;
#1160 = VERTEX_POINT ( 'NONE', #1534 ) ;
#1161 = ADVANCED_FACE ( 'NONE', ( #324 ), #855, .F. ) ;
#1162 = ORIENTED_EDGE ( 'NONE', *, *, #1545, .T. ) ;
#1163 = EDGE_CURVE ( 'NONE', #1682, #597, #1402, .T. ) ;
#1164 = FACE_OUTER_BOUND ( 'NONE', #1564, .T. ) ;
#1165 = DIRECTION ( 'NONE',  ( 1.000000000000000000, 0.000000000000000000, 0.000000000000000000 ) ) ;
#1166 = CARTESIAN_POINT ( 'NONE',  ( -36.70518139898465648, 9.835123713895553621, 25.51000000000000156 ) ) ;
#1167 = EDGE_LOOP ( 'NONE', ( #336, #1175, #84, #1309 ) ) ;
#1168 = DIRECTION ( 'NONE',  ( 1.000000000000000000, 0.000000000000000000, 0.000000000000000000 ) ) ;
#1169 = VERTEX_POINT ( 'NONE', #598 ) ;
#1170 = EDGE_CURVE ( 'NONE', #1245, #76, #1094, .T. ) ;
#1171 = CARTESIAN_POINT ( 'NONE',  ( -24.72005768508864065, -26.87005768508896608, 25.51000000000000156 ) ) ;
#1172 = VECTOR ( 'NONE', #953, 1000.000000000000000 ) ;
#1173 = DIRECTION ( 'NONE',  ( -1.000000000000000000, 0.000000000000000000, 0.000000000000000000 ) ) ;
#1174 = CARTESIAN_POINT ( 'NONE',  ( -36.70518139898453569, -9.835123713896017250, 4.000000000000000000 ) ) ;
#1175 = ORIENTED_EDGE ( 'NONE', *, *, #997, .T. ) ;
#1176 = ORIENTED_EDGE ( 'NONE', *, *, #946, .F. ) ;
#1177 = CIRCLE ( 'NONE', #1310, 4.950000000000009948 ) ;
#1178 = ORIENTED_EDGE ( 'NONE', *, *, #182, .T. ) ;
#1179 = CIRCLE ( 'NONE', #754, 2.149999999999999023 ) ;
#1180 = CARTESIAN_POINT ( 'NONE',  ( 26.87005768508896253, -26.87005768508864989, 5.689999999999993285 ) ) ;
#1181 = CARTESIAN_POINT ( 'NONE',  ( 11.98512371389555575, 36.70518139898466359, 25.51000000000000156 ) ) ;
#1182 = AXIS2_PLACEMENT_3D ( 'NONE', #258, #125, #454 ) ;
#1183 = FACE_OUTER_BOUND ( 'NONE', #1417, .T. ) ;
#1184 = VECTOR ( 'NONE', #575, 1000.000000000000000 ) ;
#1185 = LINE ( 'NONE', #1577, #1574 ) ;
#1186 = CIRCLE ( 'NONE', #1604, 2.150000000000000799 ) ;
#1187 = ORIENTED_EDGE ( 'NONE', *, *, #1111, .T. ) ;
#1188 = ORIENTED_EDGE ( 'NONE', *, *, #179, .T. ) ;
#1189 = AXIS2_PLACEMENT_3D ( 'NONE', #1298, #1016, #995 ) ;
#1190 = VERTEX_POINT ( 'NONE', #54 ) ;
#1191 = LINE ( 'NONE', #514, #1156 ) ;
#1192 = CARTESIAN_POINT ( 'NONE',  ( 36.70518139898465648, -9.835123713895558950, 8.490000000000000213 ) ) ;
#1193 = DIRECTION ( 'NONE',  ( 0.000000000000000000, 0.000000000000000000, 1.000000000000000000 ) ) ;
#1194 = ADVANCED_FACE ( 'NONE', ( #1676 ), #977, .F. ) ;
#1195 = ORIENTED_EDGE ( 'NONE', *, *, #1499, .F. ) ;
#1196 = EDGE_LOOP ( 'NONE', ( #692, #1437, #1582, #1642 ) ) ;
#1197 = DIRECTION ( 'NONE',  ( 0.000000000000000000, 0.000000000000000000, 1.000000000000000000 ) ) ;
#1198 = ORIENTED_EDGE ( 'NONE', *, *, #1692, .T. ) ;
#1199 = EDGE_CURVE ( 'NONE', #1763, #835, #199, .T. ) ;
#1200 = DIRECTION ( 'NONE',  ( -0.000000000000000000, -0.000000000000000000, -1.000000000000000000 ) ) ;
#1201 = DIRECTION ( 'NONE',  ( 1.000000000000000000, 0.000000000000000000, 0.000000000000000000 ) ) ;
#1202 = VERTEX_POINT ( 'NONE', #69 ) ;
#1203 = VERTEX_POINT ( 'NONE', #604 ) ;
#1204 = EDGE_LOOP ( 'NONE', ( #39, #1081, #237, #45 ) ) ;
#1205 = DIRECTION ( 'NONE',  ( 0.000000000000000000, 0.000000000000000000, -1.000000000000000000 ) ) ;
#1206 = FACE_OUTER_BOUND ( 'NONE', #818, .T. ) ;
#1207 = DIRECTION ( 'NONE',  ( -1.000000000000000000, 0.000000000000000000, 0.000000000000000000 ) ) ;
#1208 = CIRCLE ( 'NONE', #1182, 2.150000000000000799 ) ;
#1209 = ORIENTED_EDGE ( 'NONE', *, *, #3, .T. ) ;
#1210 = EDGE_LOOP ( 'NONE', ( #810, #283, #1279, #990 ) ) ;
#1211 = AXIS2_PLACEMENT_3D ( 'NONE', #1355, #1376, #1386 ) ;
#1212 = ADVANCED_FACE ( 'NONE', ( #1154, #1740 ), #1458, .T. ) ;
#1213 = CARTESIAN_POINT ( 'NONE',  ( -38.85518139898465506, 9.835123713895553621, 25.51000000000000156 ) ) ;
#1214 = CARTESIAN_POINT ( 'NONE',  ( 31.82005768508830457, 26.87005768508932846, 8.490000000000000213 ) ) ;
#1215 = ORIENTED_EDGE ( 'NONE', *, *, #540, .T. ) ;
#1216 = ORIENTED_EDGE ( 'NONE', *, *, #230, .F. ) ;
#1217 = DIRECTION ( 'NONE',  ( -0.000000000000000000, -0.000000000000000000, -1.000000000000000000 ) ) ;
#1218 = EDGE_LOOP ( 'NONE', ( #342, #1131, #571, #362 ) ) ;
#1219 = CONICAL_SURFACE ( 'NONE', #793, 2.149999999999999023, 0.7853981633974496113 ) ;
#1220 =( NAMED_UNIT ( * ) PLANE_ANGLE_UNIT ( ) SI_UNIT ( $, .RADIAN. ) );
#1221 = DIRECTION ( 'NONE',  ( -0.000000000000000000, -0.000000000000000000, -1.000000000000000000 ) ) ;
#1222 = ORIENTED_EDGE ( 'NONE', *, *, #309, .F. ) ;
#1223 = LINE ( 'NONE', #419, #739 ) ;
#1224 = DIRECTION ( 'NONE',  ( -0.000000000000000000, -0.000000000000000000, -1.000000000000000000 ) ) ;
#1225 = EDGE_LOOP ( 'NONE', ( #1253, #365, #355, #801 ) ) ;
#1226 = CARTESIAN_POINT ( 'NONE',  ( -38.85518139898465506, 9.835123713895553621, 4.000000000000000000 ) ) ;
#1227 = DIRECTION ( 'NONE',  ( 1.000000000000000000, 0.000000000000000000, 0.000000000000000000 ) ) ;
#1228 = DIRECTION ( 'NONE',  ( -0.000000000000000000, -0.000000000000000000, -1.000000000000000000 ) ) ;
#1229 = DIRECTION ( 'NONE',  ( 0.7071067811865481278, 0.000000000000000000, 0.7071067811865469066 ) ) ;
#1230 = AXIS2_PLACEMENT_3D ( 'NONE', #1264, #1674, #991 ) ;
#1231 = ORIENTED_EDGE ( 'NONE', *, *, #1130, .F. ) ;
#1232 = FACE_BOUND ( 'NONE', #538, .T. ) ;
#1233 = VERTEX_POINT ( 'NONE', #716 ) ;
#1234 = AXIS2_PLACEMENT_3D ( 'NONE', #1736, #249, #256 ) ;
#1235 = DIRECTION ( 'NONE',  ( -0.000000000000000000, -0.000000000000000000, -1.000000000000000000 ) ) ;
#1236 = VECTOR ( 'NONE', #1117, 1000.000000000000000 ) ;
#1237 = DIRECTION ( 'NONE',  ( -0.000000000000000000, -0.000000000000000000, -1.000000000000000000 ) ) ;
#1238 = AXIS2_PLACEMENT_3D ( 'NONE', #910, #381, #1715 ) ;
#1239 = DIRECTION ( 'NONE',  ( -1.000000000000000000, 0.000000000000000000, 0.000000000000000000 ) ) ;
#1240 = EDGE_CURVE ( 'NONE', #898, #1061, #216, .T. ) ;
#1241 = CARTESIAN_POINT ( 'NONE',  ( -26.87005768508897674, 26.87005768508863568, 8.490000000000000213 ) ) ;
#1242 = DIRECTION ( 'NONE',  ( -0.000000000000000000, -0.000000000000000000, -1.000000000000000000 ) ) ;
#1243 = ADVANCED_FACE ( 'NONE', ( #70 ), #606, .F. ) ;
#1244 = EDGE_CURVE ( 'NONE', #1741, #1233, #1548, .T. ) ;
#1245 = VERTEX_POINT ( 'NONE', #1591 ) ;
#1246 = CARTESIAN_POINT ( 'NONE',  ( 9.835123713896013697, -36.70518139898453569, 4.000000000000000000 ) ) ;
#1247 = DIRECTION ( 'NONE',  ( -0.000000000000000000, -0.000000000000000000, -1.000000000000000000 ) ) ;
#1248 = CARTESIAN_POINT ( 'NONE',  ( -11.98512371389555753, -36.70518139898465648, 5.689999999999996838 ) ) ;
#1249 = EDGE_LOOP ( 'NONE', ( #51, #476, #499, #1410 ) ) ;
#1250 = DIRECTION ( 'NONE',  ( 1.000000000000000000, 0.000000000000000000, 0.000000000000000000 ) ) ;
#1251 = DIRECTION ( 'NONE',  ( -1.000000000000000000, 0.000000000000000000, 0.000000000000000000 ) ) ;
#1252 = EDGE_CURVE ( 'NONE', #998, #944, #638, .T. ) ;
#1253 = ORIENTED_EDGE ( 'NONE', *, *, #853, .T. ) ;
#1254 = AXIS2_PLACEMENT_3D ( 'NONE', #673, #559, #135 ) ;
#1255 = FACE_OUTER_BOUND ( 'NONE', #490, .T. ) ;
#1256 = ORIENTED_EDGE ( 'NONE', *, *, #1338, .T. ) ;
#1257 = CARTESIAN_POINT ( 'NONE',  ( 9.835123713896013697, -36.70518139898453569, 5.689999999999996838 ) ) ;
#1258 = DIRECTION ( 'NONE',  ( -0.000000000000000000, -0.000000000000000000, -1.000000000000000000 ) ) ;
#1259 = CIRCLE ( 'NONE', #191, 4.950000000000009948 ) ;
#1260 = VERTEX_POINT ( 'NONE', #780 ) ;
#1261 = CARTESIAN_POINT ( 'NONE',  ( -7.685123713895555930, -36.70518139898465648, 4.000000000000000000 ) ) ;
#1262 = FACE_OUTER_BOUND ( 'NONE', #1710, .T. ) ;
#1263 = CONICAL_SURFACE ( 'NONE', #1482, 2.149999999999999023, 0.7853981633974485010 ) ;
#1264 = CARTESIAN_POINT ( 'NONE',  ( -26.87005768508864278, -26.87005768508896608, 4.000000000000000000 ) ) ;
#1265 = VECTOR ( 'NONE', #1512, 1000.000000000000000 ) ;
#1266 = CARTESIAN_POINT ( 'NONE',  ( -31.82005768508899735, 26.87005768508863568, 8.490000000000000213 ) ) ;
#1267 = AXIS2_PLACEMENT_3D ( 'NONE', #1297, #234, #1433 ) ;
#1268 = EDGE_CURVE ( 'NONE', #1062, #1361, #1706, .T. ) ;
#1269 = DIRECTION ( 'NONE',  ( 1.000000000000000000, 0.000000000000000000, 0.000000000000000000 ) ) ;
#1270 = DIRECTION ( 'NONE',  ( 0.000000000000000000, 0.000000000000000000, -1.000000000000000000 ) ) ;
#1271 = ADVANCED_FACE ( 'NONE', ( #1164 ), #364, .F. ) ;
#1272 = FACE_OUTER_BOUND ( 'NONE', #32, .T. ) ;
#1273 = DIRECTION ( 'NONE',  ( -1.000000000000000000, 0.000000000000000000, 0.000000000000000000 ) ) ;
#1274 = ORIENTED_EDGE ( 'NONE', *, *, #1726, .F. ) ;
#1275 = CARTESIAN_POINT ( 'NONE',  ( 36.70518139898465648, -9.835123713895558950, 5.689999999999996838 ) ) ;
#1276 = APPLICATION_PROTOCOL_DEFINITION ( 'draft international standard', 'automotive_design', 1998, #436 ) ;
#1277 = FACE_OUTER_BOUND ( 'NONE', #1286, .T. ) ;
#1278 = CARTESIAN_POINT ( 'NONE',  ( 14.78512371389556712, 36.70518139898466359, 8.490000000000000213 ) ) ;
#1279 = ORIENTED_EDGE ( 'NONE', *, *, #321, .T. ) ;
#1280 = ORIENTED_EDGE ( 'NONE', *, *, #655, .T. ) ;
#1281 = DIRECTION ( 'NONE',  ( -0.7071067811865482389, 8.659560562354941486E-17, 0.7071067811865469066 ) ) ;
#1282 = VERTEX_POINT ( 'NONE', #390 ) ;
#1283 = DIRECTION ( 'NONE',  ( -0.000000000000000000, -0.000000000000000000, -1.000000000000000000 ) ) ;
#1284 = CARTESIAN_POINT ( 'NONE',  ( -36.70518139898453569, -9.835123713896017250, 5.689999999999996838 ) ) ;
#1285 = CIRCLE ( 'NONE', #752, 2.150000000000000799 ) ;
#1286 = EDGE_LOOP ( 'NONE', ( #1145, #1047, #1544, #271 ) ) ;
#1287 = ORIENTED_EDGE ( 'NONE', *, *, #1501, .T. ) ;
#1288 = DIRECTION ( 'NONE',  ( 0.000000000000000000, 0.000000000000000000, 1.000000000000000000 ) ) ;
#1289 = EDGE_CURVE ( 'NONE', #898, #832, #1583, .T. ) ;
#1290 = AXIS2_PLACEMENT_3D ( 'NONE', #632, #1041, #1727 ) ;
#1291 = CYLINDRICAL_SURFACE ( 'NONE', #595, 31.00000000000000000 ) ;
#1292 = CARTESIAN_POINT ( 'NONE',  ( -11.98512371389555753, -36.70518139898465648, 4.000000000000000000 ) ) ;
#1293 = ADVANCED_FACE ( 'NONE', ( #124 ), #305, .F. ) ;
#1294 = ORIENTED_EDGE ( 'NONE', *, *, #182, .F. ) ;
#1295 = EDGE_CURVE ( 'NONE', #1644, #1311, #1022, .T. ) ;
#1296 = EDGE_LOOP ( 'NONE', ( #1152, #418, #1103, #1683 ) ) ;
#1297 = CARTESIAN_POINT ( 'NONE',  ( -36.70518139898465648, 9.835123713895553621, 25.51000000000000156 ) ) ;
#1298 = CARTESIAN_POINT ( 'NONE',  ( 0.000000000000000000, 0.000000000000000000, 8.490000000000000213 ) ) ;
#1299 = DIRECTION ( 'NONE',  ( -1.000000000000000000, 0.000000000000000000, 0.000000000000000000 ) ) ;
#1300 = EDGE_LOOP ( 'NONE', ( #1009, #1373 ) ) ;
#1301 = VERTEX_POINT ( 'NONE', #641 ) ;
#1302 = EDGE_LOOP ( 'NONE', ( #469, #401 ) ) ;
#1303 = ADVANCED_FACE ( 'NONE', ( #1575 ), #794, .F. ) ;
#1304 = CARTESIAN_POINT ( 'NONE',  ( 36.70518139898465648, -9.835123713895558950, 5.689999999999996838 ) ) ;
#1305 = VECTOR ( 'NONE', #12, 1000.000000000000000 ) ;
#1306 = DIRECTION ( 'NONE',  ( 1.000000000000000000, 0.000000000000000000, 0.000000000000000000 ) ) ;
#1307 = DIRECTION ( 'NONE',  ( 0.7071067811865476838, 0.000000000000000000, 0.7071067811865473507 ) ) ;
#1308 = VERTEX_POINT ( 'NONE', #495 ) ;
#1309 = ORIENTED_EDGE ( 'NONE', *, *, #85, .F. ) ;
#1310 = AXIS2_PLACEMENT_3D ( 'NONE', #400, #1451, #1201 ) ;
#1311 = VERTEX_POINT ( 'NONE', #1565 ) ;
#1312 = AXIS2_PLACEMENT_3D ( 'NONE', #1017, #1562, #367 ) ;
#1313 = ADVANCED_FACE ( 'NONE', ( #771 ), #88, .F. ) ;
#1314 = DIRECTION ( 'NONE',  ( -0.000000000000000000, -0.000000000000000000, -1.000000000000000000 ) ) ;
#1315 = EDGE_CURVE ( 'NONE', #1160, #642, #866, .T. ) ;
#1316 = DIRECTION ( 'NONE',  ( 1.000000000000000000, 0.000000000000000000, 0.000000000000000000 ) ) ;
#1317 = VECTOR ( 'NONE', #1200, 1000.000000000000000 ) ;
#1318 = ORIENTED_EDGE ( 'NONE', *, *, #743, .T. ) ;
#1319 = LINE ( 'NONE', #112, #1675 ) ;
#1320 = CIRCLE ( 'NONE', #21, 4.950000000000009948 ) ;
#1321 = EDGE_CURVE ( 'NONE', #1308, #636, #356, .T. ) ;
#1322 = VERTEX_POINT ( 'NONE', #1324 ) ;
#1323 = DIRECTION ( 'NONE',  ( 0.000000000000000000, 0.000000000000000000, 1.000000000000000000 ) ) ;
#1324 = CARTESIAN_POINT ( 'NONE',  ( -31.00000000000000000, 0.000000000000000000, 6.940000000000001279 ) ) ;
#1325 = ORIENTED_EDGE ( 'NONE', *, *, #925, .F. ) ;
#1326 = DIRECTION ( 'NONE',  ( -0.000000000000000000, -0.000000000000000000, -1.000000000000000000 ) ) ;
#1327 = AXIS2_PLACEMENT_3D ( 'NONE', #178, #38, #1118 ) ;
#1328 = ORIENTED_EDGE ( 'NONE', *, *, #1726, .T. ) ;
#1329 = CARTESIAN_POINT ( 'NONE',  ( -41.65518139898454564, -9.835123713896017250, 8.490000000000000213 ) ) ;
#1330 = EDGE_LOOP ( 'NONE', ( #652, #778, #130, #238 ) ) ;
#1331 = CARTESIAN_POINT ( 'NONE',  ( 0.000000000000000000, 0.000000000000000000, 4.000000000000000000 ) ) ;
#1332 = DIRECTION ( 'NONE',  ( 0.000000000000000000, 0.000000000000000000, 1.000000000000000000 ) ) ;
#1333 = ORIENTED_EDGE ( 'NONE', *, *, #1731, .F. ) ;
#1334 = DIRECTION ( 'NONE',  ( 1.000000000000000000, 0.000000000000000000, 0.000000000000000000 ) ) ;
#1335 = EDGE_CURVE ( 'NONE', #322, #265, #649, .T. ) ;
#1336 = ORIENTED_EDGE ( 'NONE', *, *, #1321, .T. ) ;
#1337 = EDGE_LOOP ( 'NONE', ( #245, #86 ) ) ;
#1338 = EDGE_CURVE ( 'NONE', #460, #934, #78, .T. ) ;
#1339 = AXIS2_PLACEMENT_3D ( 'NONE', #845, #821, #157 ) ;
#1340 = DIRECTION ( 'NONE',  ( 0.000000000000000000, 0.000000000000000000, 1.000000000000000000 ) ) ;
#1341 = DIRECTION ( 'NONE',  ( -0.000000000000000000, -0.000000000000000000, -1.000000000000000000 ) ) ;
#1342 = AXIS2_PLACEMENT_3D ( 'NONE', #1125, #312, #203 ) ;
#1343 = EDGE_LOOP ( 'NONE', ( #800, #607, #1571, #601 ) ) ;
#1344 = ORIENTED_EDGE ( 'NONE', *, *, #140, .T. ) ;
#1345 = DIRECTION ( 'NONE',  ( -1.000000000000000000, 0.000000000000000000, 0.000000000000000000 ) ) ;
#1346 = EDGE_CURVE ( 'NONE', #620, #1634, #1191, .T. ) ;
#1347 = ORIENTED_EDGE ( 'NONE', *, *, #896, .T. ) ;
#1348 = EDGE_CURVE ( 'NONE', #1190, #697, #1006, .T. ) ;
#1349 = LINE ( 'NONE', #397, #164 ) ;
#1350 = CARTESIAN_POINT ( 'NONE',  ( -34.55518139898453711, -9.835123713896017250, 4.000000000000000000 ) ) ;
#1351 = CARTESIAN_POINT ( 'NONE',  ( 0.000000000000000000, 0.000000000000000000, 6.940000000000001279 ) ) ;
#1352 = VECTOR ( 'NONE', #204, 1000.000000000000000 ) ;
#1353 = AXIS2_PLACEMENT_3D ( 'NONE', #1415, #1561, #1702 ) ;
#1354 = ORIENTED_EDGE ( 'NONE', *, *, #1163, .F. ) ;
#1355 = CARTESIAN_POINT ( 'NONE',  ( 26.87005768508829462, 26.87005768508932846, 25.51000000000000156 ) ) ;
#1356 = CARTESIAN_POINT ( 'NONE',  ( -26.87005768508897674, 26.87005768508863568, 5.689999999999979963 ) ) ;
#1357 = PRESENTATION_STYLE_ASSIGNMENT (( #423 ) ) ;
#1358 = DIRECTION ( 'NONE',  ( 0.000000000000000000, 0.000000000000000000, -1.000000000000000000 ) ) ;
#1359 = EDGE_LOOP ( 'NONE', ( #1178, #81 ) ) ;
#1360 = DIRECTION ( 'NONE',  ( 1.000000000000000000, 0.000000000000000000, 0.000000000000000000 ) ) ;
#1361 = VERTEX_POINT ( 'NONE', #225 ) ;
#1362 = EDGE_CURVE ( 'NONE', #303, #1489, #916, .T. ) ;
#1363 = CARTESIAN_POINT ( 'NONE',  ( -29.02005768508897532, 26.87005768508863568, 25.51000000000000156 ) ) ;
#1364 = DIRECTION ( 'NONE',  ( -0.7071067811865482389, 8.659560562354941486E-17, 0.7071067811865469066 ) ) ;
#1365 = CONICAL_SURFACE ( 'NONE', #380, 2.150000000000000799, 0.7853981633974491672 ) ;
#1366 = DIRECTION ( 'NONE',  ( 1.000000000000000000, 0.000000000000000000, 0.000000000000000000 ) ) ;
#1367 = DIRECTION ( 'NONE',  ( 1.000000000000000000, 0.000000000000000000, 0.000000000000000000 ) ) ;
#1368 = CARTESIAN_POINT ( 'NONE',  ( 26.87005768508829462, 26.87005768508932846, 4.000000000000000000 ) ) ;
#1369 = ADVANCED_FACE ( 'NONE', ( #1450 ), #475, .F. ) ;
#1370 = CIRCLE ( 'NONE', #296, 2.150000000000000799 ) ;
#1371 = DIRECTION ( 'NONE',  ( -1.000000000000000000, 0.000000000000000000, 0.000000000000000000 ) ) ;
#1372 = CARTESIAN_POINT ( 'NONE',  ( -26.87005768508897674, 26.87005768508863568, 25.51000000000000156 ) ) ;
#1373 = ORIENTED_EDGE ( 'NONE', *, *, #774, .F. ) ;
#1374 = CIRCLE ( 'NONE', #950, 4.950000000000009948 ) ;
#1375 = VECTOR ( 'NONE', #782, 1000.000000000000000 ) ;
#1376 = DIRECTION ( 'NONE',  ( -0.000000000000000000, -0.000000000000000000, -1.000000000000000000 ) ) ;
#1377 = AXIS2_PLACEMENT_3D ( 'NONE', #285, #678, #33 ) ;
#1378 = CARTESIAN_POINT ( 'NONE',  ( -36.70518139898453569, -9.835123713896017250, 5.689999999999996838 ) ) ;
#1379 = DIRECTION ( 'NONE',  ( -1.000000000000000000, 0.000000000000000000, 0.000000000000000000 ) ) ;
#1380 = DIRECTION ( 'NONE',  ( -0.000000000000000000, -0.000000000000000000, -1.000000000000000000 ) ) ;
#1381 = EDGE_CURVE ( 'NONE', #674, #1614, #1186, .T. ) ;
#1382 = CARTESIAN_POINT ( 'NONE',  ( 0.000000000000000000, 0.000000000000000000, 8.490000000000000213 ) ) ;
#1383 = CARTESIAN_POINT ( 'NONE',  ( 36.70518139898441490, 9.835123713896452458, 25.51000000000000156 ) ) ;
#1384 = EDGE_CURVE ( 'NONE', #303, #1701, #416, .T. ) ;
#1385 = ORIENTED_EDGE ( 'NONE', *, *, #1384, .T. ) ;
#1386 = DIRECTION ( 'NONE',  ( -1.000000000000000000, 0.000000000000000000, 0.000000000000000000 ) ) ;
#1387 = ADVANCED_FACE ( 'NONE', ( #498 ), #1035, .F. ) ;
#1388 = CYLINDRICAL_SURFACE ( 'NONE', #215, 2.149999999999999023 ) ;
#1389 = LINE ( 'NONE', #945, #1236 ) ;
#1390 = DIRECTION ( 'NONE',  ( 0.000000000000000000, 0.000000000000000000, 1.000000000000000000 ) ) ;
#1391 = EDGE_CURVE ( 'NONE', #1557, #1555, #1185, .T. ) ;
#1392 = ORIENTED_EDGE ( 'NONE', *, *, #1663, .T. ) ;
#1393 = VECTOR ( 'NONE', #1483, 1000.000000000000000 ) ;
#1394 = LINE ( 'NONE', #723, #79 ) ;
#1395 = CARTESIAN_POINT ( 'NONE',  ( -36.70518139898453569, -9.835123713896017250, 25.51000000000000156 ) ) ;
#1396 = CARTESIAN_POINT ( 'NONE',  ( -9.835123713895557174, -36.70518139898465648, 4.000000000000000000 ) ) ;
#1397 = VECTOR ( 'NONE', #549, 1000.000000000000000 ) ;
#1398 = DIRECTION ( 'NONE',  ( 0.000000000000000000, 0.000000000000000000, 1.000000000000000000 ) ) ;
#1399 = CARTESIAN_POINT ( 'NONE',  ( 24.72005768508829604, 26.87005768508932846, 5.689999999999993285 ) ) ;
#1400 = EDGE_LOOP ( 'NONE', ( #1176, #138 ) ) ;
#1401 = VECTOR ( 'NONE', #927, 1000.000000000000000 ) ;
#1402 = LINE ( 'NONE', #735, #637 ) ;
#1403 = DIRECTION ( 'NONE',  ( -0.000000000000000000, -0.000000000000000000, -1.000000000000000000 ) ) ;
#1404 = AXIS2_PLACEMENT_3D ( 'NONE', #867, #1283, #456 ) ;
#1405 = ORIENTED_EDGE ( 'NONE', *, *, #1244, .F. ) ;
#1406 = CARTESIAN_POINT ( 'NONE',  ( -14.78512371389609470, 36.70518139898453569, 8.490000000000000213 ) ) ;
#1407 = CARTESIAN_POINT ( 'NONE',  ( 0.000000000000000000, 0.000000000000000000, 4.000000000000000000 ) ) ;
#1408 = ORIENTED_EDGE ( 'NONE', *, *, #917, .T. ) ;
#1409 = SHAPE_DEFINITION_REPRESENTATION ( #915, #982 ) ;
#1410 = ORIENTED_EDGE ( 'NONE', *, *, #873, .F. ) ;
#1411 = EDGE_CURVE ( 'NONE', #1621, #544, #951, .T. ) ;
#1412 = DIRECTION ( 'NONE',  ( 1.000000000000000000, 0.000000000000000000, 0.000000000000000000 ) ) ;
#1413 = FACE_BOUND ( 'NONE', #504, .T. ) ;
#1414 = PRODUCT_DEFINITION_FORMATION_WITH_SPECIFIED_SOURCE ( 'å¯', '', #766, .NOT_KNOWN. ) ;
#1415 = CARTESIAN_POINT ( 'NONE',  ( -26.87005768508864278, -26.87005768508896608, 8.490000000000000213 ) ) ;
#1416 = DIRECTION ( 'NONE',  ( -1.000000000000000000, 0.000000000000000000, 0.000000000000000000 ) ) ;
#1417 = EDGE_LOOP ( 'NONE', ( #721, #742, #791, #882 ) ) ;
#1418 = ORIENTED_EDGE ( 'NONE', *, *, #1080, .T. ) ;
#1419 = EDGE_CURVE ( 'NONE', #1160, #1477, #1159, .T. ) ;
#1420 = CYLINDRICAL_SURFACE ( 'NONE', #370, 2.149999999999999023 ) ;
#1421 = CARTESIAN_POINT ( 'NONE',  ( 26.87005768508896253, -26.87005768508864989, 4.000000000000000000 ) ) ;
#1422 = ORIENTED_EDGE ( 'NONE', *, *, #1578, .T. ) ;
#1423 = DIRECTION ( 'NONE',  ( 0.000000000000000000, 0.000000000000000000, 1.000000000000000000 ) ) ;
#1424 = EDGE_LOOP ( 'NONE', ( #667, #1422, #518, #654 ) ) ;
#1425 = CIRCLE ( 'NONE', #1661, 2.149999999999999023 ) ;
#1426 = CARTESIAN_POINT ( 'NONE',  ( 0.000000000000000000, 0.000000000000000000, 6.940000000000001279 ) ) ;
#1427 = ORIENTED_EDGE ( 'NONE', *, *, #378, .T. ) ;
#1428 = AXIS2_PLACEMENT_3D ( 'NONE', #276, #854, #192 ) ;
#1429 = CARTESIAN_POINT ( 'NONE',  ( -11.98512371389607090, 36.70518139898453569, 5.689999999999983515 ) ) ;
#1430 = DIRECTION ( 'NONE',  ( 0.000000000000000000, 0.000000000000000000, 1.000000000000000000 ) ) ;
#1431 = EDGE_LOOP ( 'NONE', ( #446, #439 ) ) ;
#1432 = ORIENTED_EDGE ( 'NONE', *, *, #1362, .T. ) ;
#1433 = DIRECTION ( 'NONE',  ( -1.000000000000000000, 0.000000000000000000, 0.000000000000000000 ) ) ;
#1434 = DIRECTION ( 'NONE',  ( -1.000000000000000000, 0.000000000000000000, 0.000000000000000000 ) ) ;
#1435 = DIRECTION ( 'NONE',  ( 0.000000000000000000, 0.000000000000000000, -1.000000000000000000 ) ) ;
#1436 = VECTOR ( 'NONE', #851, 1000.000000000000000 ) ;
#1437 = ORIENTED_EDGE ( 'NONE', *, *, #1142, .F. ) ;
#1438 = VERTEX_POINT ( 'NONE', #1292 ) ;
#1439 = ADVANCED_FACE ( 'NONE', ( #1703 ), #50, .F. ) ;
#1440 = EDGE_LOOP ( 'NONE', ( #909, #1624, #212, #120 ) ) ;
#1441 = EDGE_CURVE ( 'NONE', #697, #981, #482, .T. ) ;
#1442 = DIRECTION ( 'NONE',  ( 0.000000000000000000, 0.000000000000000000, 1.000000000000000000 ) ) ;
#1443 = CARTESIAN_POINT ( 'NONE',  ( 24.72005768508896395, -26.87005768508864989, 5.689999999999993285 ) ) ;
#1444 = CYLINDRICAL_SURFACE ( 'NONE', #160, 2.149999999999999023 ) ;
#1445 = EDGE_LOOP ( 'NONE', ( #629, #250 ) ) ;
#1446 = ORIENTED_EDGE ( 'NONE', *, *, #1123, .F. ) ;
#1447 = ORIENTED_EDGE ( 'NONE', *, *, #107, .T. ) ;
#1448 = EDGE_CURVE ( 'NONE', #1557, #1745, #1547, .T. ) ;
#1449 = CONICAL_SURFACE ( 'NONE', #1720, 2.149999999999999023, 0.7853981633974492782 ) ;
#1450 = FACE_OUTER_BOUND ( 'NONE', #1218, .T. ) ;
#1451 = DIRECTION ( 'NONE',  ( -0.000000000000000000, -0.000000000000000000, -1.000000000000000000 ) ) ;
#1452 = VECTOR ( 'NONE', #432, 1000.000000000000000 ) ;
#1453 = AXIS2_PLACEMENT_3D ( 'NONE', #1678, #622, #1007 ) ;
#1454 = EDGE_LOOP ( 'NONE', ( #318, #949, #1719, #603 ) ) ;
#1455 = EDGE_LOOP ( 'NONE', ( #330, #510 ) ) ;
#1456 = EDGE_CURVE ( 'NONE', #1581, #1202, #497, .T. ) ;
#1457 = DIRECTION ( 'NONE',  ( 1.000000000000000000, 0.000000000000000000, 0.000000000000000000 ) ) ;
#1458 = PLANE ( 'NONE',  #1453 ) ;
#1459 = AXIS2_PLACEMENT_3D ( 'NONE', #755, #82, #1165 ) ;
#1460 = ORIENTED_EDGE ( 'NONE', *, *, #1170, .T. ) ;
#1461 = DIRECTION ( 'NONE',  ( -1.000000000000000000, 0.000000000000000000, 0.000000000000000000 ) ) ;
#1462 = CARTESIAN_POINT ( 'NONE',  ( 7.685123713896013342, -36.70518139898453569, 5.689999999999996838 ) ) ;
#1463 = EDGE_CURVE ( 'NONE', #509, #1489, #1689, .T. ) ;
#1464 = CARTESIAN_POINT ( 'NONE',  ( -29.02005768508864136, -26.87005768508896608, 4.000000000000000000 ) ) ;
#1465 = EDGE_LOOP ( 'NONE', ( #181, #535 ) ) ;
#1466 =( GEOMETRIC_REPRESENTATION_CONTEXT ( 3 ) GLOBAL_UNCERTAINTY_ASSIGNED_CONTEXT ( ( #1126 ) ) GLOBAL_UNIT_ASSIGNED_CONTEXT ( ( #1747, #1712, #699 ) ) REPRESENTATION_CONTEXT ( 'NONE', 'WORKASPACE' ) );
#1467 = ORIENTED_EDGE ( 'NONE', *, *, #202, .F. ) ;
#1468 = ADVANCED_FACE ( 'NONE', ( #236 ), #508, .T. ) ;
#1469 = DIRECTION ( 'NONE',  ( -0.000000000000000000, -0.000000000000000000, -1.000000000000000000 ) ) ;
#1470 = ORIENTED_EDGE ( 'NONE', *, *, #983, .T. ) ;
#1471 = ADVANCED_FACE ( 'NONE', ( #1730 ), #1449, .F. ) ;
#1472 = DIRECTION ( 'NONE',  ( -0.7071067811865481278, 8.659560562354940254E-17, 0.7071067811865469066 ) ) ;
#1473 = DIRECTION ( 'NONE',  ( 0.000000000000000000, 0.000000000000000000, 1.000000000000000000 ) ) ;
#1474 = CARTESIAN_POINT ( 'NONE',  ( 24.72005768508829604, 26.87005768508932846, 25.51000000000000156 ) ) ;
#1475 = CIRCLE ( 'NONE', #546, 2.149999999999999023 ) ;
#1476 = VERTEX_POINT ( 'NONE', #1586 ) ;
#1477 = VERTEX_POINT ( 'NONE', #83 ) ;
#1478 = ADVANCED_FACE ( 'NONE', ( #375 ), #1444, .F. ) ;
#1479 = CIRCLE ( 'NONE', #777, 4.950000000000009948 ) ;
#1480 = ORIENTED_EDGE ( 'NONE', *, *, #873, .T. ) ;
#1481 = ADVANCED_FACE ( 'NONE', ( #211 ), #618, .F. ) ;
#1482 = AXIS2_PLACEMENT_3D ( 'NONE', #1356, #52, #159 ) ;
#1483 = DIRECTION ( 'NONE',  ( -0.000000000000000000, -0.000000000000000000, -1.000000000000000000 ) ) ;
#1484 = CARTESIAN_POINT ( 'NONE',  ( -7.685123713895555930, -36.70518139898465648, 25.51000000000000156 ) ) ;
#1485 = CIRCLE ( 'NONE', #413, 4.950000000000006395 ) ;
#1486 = CIRCLE ( 'NONE', #836, 32.00000000000000000 ) ;
#1487 = DIRECTION ( 'NONE',  ( -0.000000000000000000, -0.000000000000000000, -1.000000000000000000 ) ) ;
#1488 = AXIS2_PLACEMENT_3D ( 'NONE', #1138, #465, #106 ) ;
#1489 = VERTEX_POINT ( 'NONE', #1025 ) ;
#1490 = LINE ( 'NONE', #1502, #1452 ) ;
#1491 = FACE_OUTER_BOUND ( 'NONE', #393, .T. ) ;
#1492 = LINE ( 'NONE', #1484, #1305 ) ;
#1493 = EDGE_LOOP ( 'NONE', ( #395, #282 ) ) ;
#1494 = CARTESIAN_POINT ( 'NONE',  ( 29.02005768508896466, -26.87005768508864989, 5.689999999999993285 ) ) ;
#1495 = FACE_OUTER_BOUND ( 'NONE', #1079, .T. ) ;
#1496 = CIRCLE ( 'NONE', #1532, 2.150000000000000799 ) ;
#1497 = AXIS2_PLACEMENT_3D ( 'NONE', #1680, #1398, #344 ) ;
#1498 = ORIENTED_EDGE ( 'NONE', *, *, #62, .T. ) ;
#1499 = EDGE_CURVE ( 'NONE', #620, #898, #1179, .T. ) ;
#1500 = DIRECTION ( 'NONE',  ( -0.7071067811865477948, 8.659560562354936556E-17, 0.7071067811865473507 ) ) ;
#1501 = EDGE_CURVE ( 'NONE', #1721, #792, #9, .T. ) ;
#1502 = CARTESIAN_POINT ( 'NONE',  ( -34.55518139898453711, -9.835123713896017250, 5.689999999999996838 ) ) ;
#1503 = DIRECTION ( 'NONE',  ( 0.000000000000000000, 0.000000000000000000, 1.000000000000000000 ) ) ;
#1504 = CARTESIAN_POINT ( 'NONE',  ( 7.685123713895557707, 36.70518139898466359, 5.689999999999996838 ) ) ;
#1505 = EDGE_LOOP ( 'NONE', ( #919, #1074 ) ) ;
#1506 = LINE ( 'NONE', #979, #924 ) ;
#1507 = CYLINDRICAL_SURFACE ( 'NONE', #233, 2.149999999999999023 ) ;
#1508 = EDGE_LOOP ( 'NONE', ( #468, #902 ) ) ;
#1509 = DIRECTION ( 'NONE',  ( -0.7071067811865476838, 8.659560562354935323E-17, 0.7071067811865473507 ) ) ;
#1510 = DIRECTION ( 'NONE',  ( 1.000000000000000000, 0.000000000000000000, 0.000000000000000000 ) ) ;
#1511 = CONICAL_SURFACE ( 'NONE', #521, 2.149999999999999023, 0.7853981633974492782 ) ;
#1512 = DIRECTION ( 'NONE',  ( -0.7071067811865482389, 8.659560562354941486E-17, 0.7071067811865469066 ) ) ;
#1513 = CARTESIAN_POINT ( 'NONE',  ( 44.00000000000000000, 5.388445916248353619E-15, 8.490000000000000213 ) ) ;
#1514 = VECTOR ( 'NONE', #57, 1000.000000000000000 ) ;
#1515 = EDGE_LOOP ( 'NONE', ( #1018, #1347, #895, #776 ) ) ;
#1516 = FACE_OUTER_BOUND ( 'NONE', #1343, .T. ) ;
#1517 = DIRECTION ( 'NONE',  ( 0.000000000000000000, 0.000000000000000000, 1.000000000000000000 ) ) ;
#1518 = EDGE_CURVE ( 'NONE', #1745, #931, #966, .T. ) ;
#1519 = ORIENTED_EDGE ( 'NONE', *, *, #779, .F. ) ;
#1520 = VECTOR ( 'NONE', #1617, 999.9999999999998863 ) ;
#1521 = CARTESIAN_POINT ( 'NONE',  ( 44.00000000000000000, 5.388445916248353619E-15, 4.000000000000000000 ) ) ;
#1522 = CONICAL_SURFACE ( 'NONE', #760, 2.149999999999999023, 0.7853981633974496113 ) ;
#1523 = ADVANCED_FACE ( 'NONE', ( #294 ), #724, .F. ) ;
#1524 = DIRECTION ( 'NONE',  ( 1.000000000000000000, 0.000000000000000000, 0.000000000000000000 ) ) ;
#1525 = DIRECTION ( 'NONE',  ( 1.000000000000000000, 0.000000000000000000, 0.000000000000000000 ) ) ;
#1526 = EDGE_CURVE ( 'NONE', #1308, #1028, #384, .T. ) ;
#1527 = ORIENTED_EDGE ( 'NONE', *, *, #536, .T. ) ;
#1528 = ORIENTED_EDGE ( 'NONE', *, *, #876, .F. ) ;
#1529 = FACE_OUTER_BOUND ( 'NONE', #750, .T. ) ;
#1530 = LINE ( 'NONE', #1618, #1172 ) ;
#1531 = ORIENTED_EDGE ( 'NONE', *, *, #1268, .T. ) ;
#1532 = AXIS2_PLACEMENT_3D ( 'NONE', #272, #1659, #1371 ) ;
#1533 = FACE_OUTER_BOUND ( 'NONE', #408, .T. ) ;
#1534 = CARTESIAN_POINT ( 'NONE',  ( 38.85518139898465506, -9.835123713895558950, 5.689999999999996838 ) ) ;
#1535 = DIRECTION ( 'NONE',  ( -0.000000000000000000, -0.000000000000000000, -1.000000000000000000 ) ) ;
#1536 = DIRECTION ( 'NONE',  ( -0.000000000000000000, -0.000000000000000000, -1.000000000000000000 ) ) ;
#1537 = DIRECTION ( 'NONE',  ( -0.000000000000000000, -0.000000000000000000, -1.000000000000000000 ) ) ;
#1538 = ORIENTED_EDGE ( 'NONE', *, *, #1558, .T. ) ;
#1539 = CARTESIAN_POINT ( 'NONE',  ( 24.72005768508896395, -26.87005768508864989, 4.000000000000000000 ) ) ;
#1540 = CONICAL_SURFACE ( 'NONE', #239, 2.149999999999999023, 0.7853981633974491672 ) ;
#1541 = DIRECTION ( 'NONE',  ( -1.000000000000000000, 0.000000000000000000, 0.000000000000000000 ) ) ;
#1542 = DIRECTION ( 'NONE',  ( -0.000000000000000000, -0.000000000000000000, -1.000000000000000000 ) ) ;
#1543 = DIRECTION ( 'NONE',  ( -0.000000000000000000, -0.000000000000000000, -1.000000000000000000 ) ) ;
#1544 = ORIENTED_EDGE ( 'NONE', *, *, #1123, .T. ) ;
#1545 = EDGE_CURVE ( 'NONE', #642, #1160, #1570, .T. ) ;
#1546 = EDGE_LOOP ( 'NONE', ( #128, #1287, #1734, #385 ) ) ;
#1547 = CIRCLE ( 'NONE', #1312, 2.149999999999999023 ) ;
#1548 = CIRCLE ( 'NONE', #1488, 31.00000000000000000 ) ;
#1549 = DIRECTION ( 'NONE',  ( 0.000000000000000000, 0.000000000000000000, -1.000000000000000000 ) ) ;
#1550 = FACE_BOUND ( 'NONE', #1431, .T. ) ;
#1551 = DIRECTION ( 'NONE',  ( -0.000000000000000000, -0.000000000000000000, -1.000000000000000000 ) ) ;
#1552 = CONICAL_SURFACE ( 'NONE', #788, 2.149999999999999023, 0.7853981633974491672 ) ;
#1553 = FACE_OUTER_BOUND ( 'NONE', #820, .T. ) ;
#1554 = DIRECTION ( 'NONE',  ( 0.000000000000000000, 0.000000000000000000, -1.000000000000000000 ) ) ;
#1555 = VERTEX_POINT ( 'NONE', #1144 ) ;
#1556 = ADVANCED_FACE ( 'NONE', ( #1000 ), #411, .F. ) ;
#1557 = VERTEX_POINT ( 'NONE', #881 ) ;
#1558 = EDGE_CURVE ( 'NONE', #1438, #16, #1370, .T. ) ;
#1559 = AXIS2_PLACEMENT_3D ( 'NONE', #1598, #394, #1053 ) ;
#1560 = ADVANCED_FACE ( 'NONE', ( #201 ), #1263, .F. ) ;
#1561 = DIRECTION ( 'NONE',  ( -0.000000000000000000, -0.000000000000000000, -1.000000000000000000 ) ) ;
#1562 = DIRECTION ( 'NONE',  ( 0.000000000000000000, 0.000000000000000000, 1.000000000000000000 ) ) ;
#1563 = ORIENTED_EDGE ( 'NONE', *, *, #1690, .T. ) ;
#1564 = EDGE_LOOP ( 'NONE', ( #483, #341, #1480, #769 ) ) ;
#1565 = CARTESIAN_POINT ( 'NONE',  ( 11.98512371389555575, 36.70518139898466359, 4.000000000000000000 ) ) ;
#1566 = AXIS2_PLACEMENT_3D ( 'NONE', #241, #781, #1316 ) ;
#1567 = DIRECTION ( 'NONE',  ( -0.000000000000000000, -0.000000000000000000, -1.000000000000000000 ) ) ;
#1568 = DIRECTION ( 'NONE',  ( 1.000000000000000000, 0.000000000000000000, 0.000000000000000000 ) ) ;
#1569 = ORIENTED_EDGE ( 'NONE', *, *, #1391, .F. ) ;
#1570 = CIRCLE ( 'NONE', #943, 2.149999999999999023 ) ;
#1571 = ORIENTED_EDGE ( 'NONE', *, *, #1655, .T. ) ;
#1572 = AXIS2_PLACEMENT_3D ( 'NONE', #424, #325, #986 ) ;
#1573 = FACE_BOUND ( 'NONE', #462, .T. ) ;
#1574 = VECTOR ( 'NONE', #1307, 1000.000000000000114 ) ;
#1575 = FACE_OUTER_BOUND ( 'NONE', #1044, .T. ) ;
#1576 = CARTESIAN_POINT ( 'NONE',  ( 36.70518139898465648, -9.835123713895558950, 4.000000000000000000 ) ) ;
#1577 = CARTESIAN_POINT ( 'NONE',  ( -24.72005768508897816, 26.87005768508863568, 5.689999999999979963 ) ) ;
#1578 = EDGE_CURVE ( 'NONE', #642, #1594, #823, .T. ) ;
#1579 = EDGE_CURVE ( 'NONE', #636, #255, #685, .T. ) ;
#1580 = ORIENTED_EDGE ( 'NONE', *, *, #722, .T. ) ;
#1581 = VERTEX_POINT ( 'NONE', #1539 ) ;
#1582 = ORIENTED_EDGE ( 'NONE', *, *, #85, .T. ) ;
#1583 = LINE ( 'NONE', #487, #18 ) ;
#1584 = VECTOR ( 'NONE', #357, 1000.000000000000000 ) ;
#1585 = DIRECTION ( 'NONE',  ( 1.000000000000000000, 0.000000000000000000, 0.000000000000000000 ) ) ;
#1586 = CARTESIAN_POINT ( 'NONE',  ( 31.75518139898440140, 9.835123713896452458, 8.490000000000000213 ) ) ;
#1587 = ADVANCED_FACE ( 'NONE', ( #59 ), #999, .F. ) ;
#1588 = ORIENTED_EDGE ( 'NONE', *, *, #1690, .F. ) ;
#1589 = EDGE_LOOP ( 'NONE', ( #243, #862, #123, #1198 ) ) ;
#1590 = PLANE ( 'NONE',  #888 ) ;
#1591 = CARTESIAN_POINT ( 'NONE',  ( -21.92005768508863284, -26.87005768508896608, 8.490000000000000213 ) ) ;
#1592 = CARTESIAN_POINT ( 'NONE',  ( 26.87005768508896253, -26.87005768508864989, 8.490000000000000213 ) ) ;
#1593 = CARTESIAN_POINT ( 'NONE',  ( -38.85518139898453427, -9.835123713896017250, 5.689999999999996838 ) ) ;
#1594 = VERTEX_POINT ( 'NONE', #707 ) ;
#1595 = ORIENTED_EDGE ( 'NONE', *, *, #1518, .F. ) ;
#1596 = CIRCLE ( 'NONE', #1654, 2.149999999999999023 ) ;
#1597 = ADVANCED_FACE ( 'NONE', ( #971 ), #989, .F. ) ;
#1598 = CARTESIAN_POINT ( 'NONE',  ( 9.835123713895557174, 36.70518139898466359, 5.689999999999996838 ) ) ;
#1599 = ORIENTED_EDGE ( 'NONE', *, *, #1526, .T. ) ;
#1600 = DIRECTION ( 'NONE',  ( 0.7071067811865483499, 0.000000000000000000, 0.7071067811865465735 ) ) ;
#1601 = CARTESIAN_POINT ( 'NONE',  ( -24.72005768508864065, -26.87005768508896608, 4.000000000000000000 ) ) ;
#1602 = CARTESIAN_POINT ( 'NONE',  ( 26.87005768508829462, 26.87005768508932846, 4.000000000000000000 ) ) ;
#1603 = CIRCLE ( 'NONE', #610, 4.950000000000024158 ) ;
#1604 = AXIS2_PLACEMENT_3D ( 'NONE', #748, #1554, #73 ) ;
#1605 = VECTOR ( 'NONE', #1653, 999.9999999999998863 ) ;
#1606 = EDGE_LOOP ( 'NONE', ( #677, #190, #705, #1280 ) ) ;
#1607 = DIRECTION ( 'NONE',  ( 1.000000000000000000, 0.000000000000000000, 0.000000000000000000 ) ) ;
#1608 = ORIENTED_EDGE ( 'NONE', *, *, #349, .T. ) ;
#1609 = ADVANCED_FACE ( 'NONE', ( #1262 ), #48, .F. ) ;
#1610 = ADVANCED_FACE ( 'NONE', ( #1529 ), #30, .F. ) ;
#1611 = CYLINDRICAL_SURFACE ( 'NONE', #386, 2.150000000000000799 ) ;
#1612 = EDGE_CURVE ( 'NONE', #315, #1119, #1153, .T. ) ;
#1613 = DIRECTION ( 'NONE',  ( -0.000000000000000000, -0.000000000000000000, -1.000000000000000000 ) ) ;
#1614 = VERTEX_POINT ( 'NONE', #167 ) ;
#1615 = LINE ( 'NONE', #676, #257 ) ;
#1616 = VERTEX_POINT ( 'NONE', #1399 ) ;
#1617 = DIRECTION ( 'NONE',  ( -0.7071067811865482389, 8.659560562354941486E-17, 0.7071067811865469066 ) ) ;
#1618 = CARTESIAN_POINT ( 'NONE',  ( -44.00000000000000000, 0.000000000000000000, 8.490000000000000213 ) ) ;
#1619 = CARTESIAN_POINT ( 'NONE',  ( 36.70518139898465648, -9.835123713895558950, 25.51000000000000156 ) ) ;
#1620 = VECTOR ( 'NONE', #1762, 1000.000000000000000 ) ;
#1621 = VERTEX_POINT ( 'NONE', #578 ) ;
#1622 = LINE ( 'NONE', #17, #1758 ) ;
#1623 = CIRCLE ( 'NONE', #860, 2.149999999999999023 ) ;
#1624 = ORIENTED_EDGE ( 'NONE', *, *, #1295, .T. ) ;
#1625 = FACE_BOUND ( 'NONE', #1400, .T. ) ;
#1626 = AXIS2_PLACEMENT_3D ( 'NONE', #1383, #1242, #291 ) ;
#1627 =( NAMED_UNIT ( * ) SI_UNIT ( $, .STERADIAN. ) SOLID_ANGLE_UNIT ( ) );
#1628 = DIRECTION ( 'NONE',  ( -0.000000000000000000, -0.000000000000000000, -1.000000000000000000 ) ) ;
#1629 = AXIS2_PLACEMENT_3D ( 'NONE', #1395, #193, #1135 ) ;
#1630 = ORIENTED_EDGE ( 'NONE', *, *, #896, .F. ) ;
#1631 = DIRECTION ( 'NONE',  ( 0.7071067811865482389, 0.000000000000000000, 0.7071067811865469066 ) ) ;
#1632 = EDGE_CURVE ( 'NONE', #402, #1054, #526, .T. ) ;
#1633 = CARTESIAN_POINT ( 'NONE',  ( 9.835123713895557174, 36.70518139898466359, 5.689999999999996838 ) ) ;
#1634 = VERTEX_POINT ( 'NONE', #731 ) ;
#1635 = AXIS2_PLACEMENT_3D ( 'NONE', #658, #1737, #1434 ) ;
#1636 = CARTESIAN_POINT ( 'NONE',  ( -36.70518139898465648, 9.835123713895553621, 5.689999999999996838 ) ) ;
#1637 = DIRECTION ( 'NONE',  ( 0.000000000000000000, 0.000000000000000000, -1.000000000000000000 ) ) ;
#1638 = CARTESIAN_POINT ( 'NONE',  ( -29.02005768508864136, -26.87005768508896608, 5.689999999999993285 ) ) ;
#1639 = CARTESIAN_POINT ( 'NONE',  ( 34.55518139898465790, -9.835123713895558950, 5.689999999999996838 ) ) ;
#1640 = DIRECTION ( 'NONE',  ( -1.000000000000000000, 0.000000000000000000, 0.000000000000000000 ) ) ;
#1641 = VERTEX_POINT ( 'NONE', #1278 ) ;
#1642 = ORIENTED_EDGE ( 'NONE', *, *, #1411, .F. ) ;
#1643 = AXIS2_PLACEMENT_3D ( 'NONE', #1141, #1543, #457 ) ;
#1644 = VERTEX_POINT ( 'NONE', #188 ) ;
#1645 = CARTESIAN_POINT ( 'NONE',  ( 36.70518139898465648, -9.835123713895558950, 8.490000000000000213 ) ) ;
#1646 = DIRECTION ( 'NONE',  ( -0.000000000000000000, -0.000000000000000000, -1.000000000000000000 ) ) ;
#1647 = FACE_OUTER_BOUND ( 'NONE', #1122, .T. ) ;
#1648 = CARTESIAN_POINT ( 'NONE',  ( 36.70518139898441490, 9.835123713896452458, 4.000000000000000000 ) ) ;
#1649 = EDGE_LOOP ( 'NONE', ( #741, #1187 ) ) ;
#1650 = FACE_BOUND ( 'NONE', #1445, .T. ) ;
#1651 = LINE ( 'NONE', #1110, #484 ) ;
#1652 = CARTESIAN_POINT ( 'NONE',  ( -29.02005768508897532, 26.87005768508863568, 5.689999999999979963 ) ) ;
#1653 = DIRECTION ( 'NONE',  ( -0.7071067811865482389, 8.659560562354941486E-17, 0.7071067811865469066 ) ) ;
#1654 = AXIS2_PLACEMENT_3D ( 'NONE', #1180, #87, #363 ) ;
#1655 = EDGE_CURVE ( 'NONE', #1190, #1282, #868, .T. ) ;
#1656 = DIRECTION ( 'NONE',  ( 0.000000000000000000, 0.000000000000000000, 1.000000000000000000 ) ) ;
#1657 = CARTESIAN_POINT ( 'NONE',  ( 36.70518139898465648, -9.835123713895558950, 4.000000000000000000 ) ) ;
#1658 = ORIENTED_EDGE ( 'NONE', *, *, #273, .F. ) ;
#1659 = DIRECTION ( 'NONE',  ( 0.000000000000000000, 0.000000000000000000, -1.000000000000000000 ) ) ;
#1660 = DIRECTION ( 'NONE',  ( -0.000000000000000000, -0.000000000000000000, -1.000000000000000000 ) ) ;
#1661 = AXIS2_PLACEMENT_3D ( 'NONE', #11, #1270, #1116 ) ;
#1662 = ORIENTED_EDGE ( 'NONE', *, *, #1335, .T. ) ;
#1663 = EDGE_CURVE ( 'NONE', #97, #1614, #1651, .T. ) ;
#1664 = CARTESIAN_POINT ( 'NONE',  ( 31.00000000000000000, 3.796405077356795115E-15, 6.940000000000001279 ) ) ;
#1665 = CONICAL_SURFACE ( 'NONE', #1428, 2.149999999999999023, 0.7853981633974491672 ) ;
#1666 = CARTESIAN_POINT ( 'NONE',  ( 9.835123713896013697, -36.70518139898453569, 25.51000000000000156 ) ) ;
#1667 = CARTESIAN_POINT ( 'NONE',  ( 26.87005768508896253, -26.87005768508864989, 5.689999999999993285 ) ) ;
#1668 = EDGE_CURVE ( 'NONE', #668, #998, #437, .T. ) ;
#1669 = EDGE_CURVE ( 'NONE', #200, #1061, #672, .T. ) ;
#1670 = EDGE_CURVE ( 'NONE', #544, #1621, #879, .T. ) ;
#1671 = CARTESIAN_POINT ( 'NONE',  ( -24.72005768508897816, 26.87005768508863568, 4.000000000000000000 ) ) ;
#1672 = CARTESIAN_POINT ( 'NONE',  ( 36.70518139898441490, 9.835123713896452458, 25.51000000000000156 ) ) ;
#1673 = ORIENTED_EDGE ( 'NONE', *, *, #1252, .F. ) ;
#1674 = DIRECTION ( 'NONE',  ( 0.000000000000000000, 0.000000000000000000, -1.000000000000000000 ) ) ;
#1675 = VECTOR ( 'NONE', #1759, 1000.000000000000114 ) ;
#1676 = FACE_OUTER_BOUND ( 'NONE', #382, .T. ) ;
#1677 = DIRECTION ( 'NONE',  ( 1.000000000000000000, 0.000000000000000000, 0.000000000000000000 ) ) ;
#1678 = CARTESIAN_POINT ( 'NONE',  ( 0.000000000000000000, 0.000000000000000000, 6.940000000000001279 ) ) ;
#1679 = ORIENTED_EDGE ( 'NONE', *, *, #925, .T. ) ;
#1680 = CARTESIAN_POINT ( 'NONE',  ( -26.87005768508864278, -26.87005768508896608, 5.689999999999993285 ) ) ;
#1681 = DIRECTION ( 'NONE',  ( -0.000000000000000000, -0.000000000000000000, -1.000000000000000000 ) ) ;
#1682 = VERTEX_POINT ( 'NONE', #467 ) ;
#1683 = ORIENTED_EDGE ( 'NONE', *, *, #31, .F. ) ;
#1684 = DIRECTION ( 'NONE',  ( 1.000000000000000000, 0.000000000000000000, 0.000000000000000000 ) ) ;
#1685 = VECTOR ( 'NONE', #1235, 1000.000000000000000 ) ;
#1686 = ORIENTED_EDGE ( 'NONE', *, *, #1031, .F. ) ;
#1687 = CARTESIAN_POINT ( 'NONE',  ( 9.835123713896013697, -36.70518139898453569, 25.51000000000000156 ) ) ;
#1688 = CARTESIAN_POINT ( 'NONE',  ( 26.87005768508896253, -26.87005768508864989, 5.689999999999993285 ) ) ;
#1689 = CIRCLE ( 'NONE', #195, 2.149999999999999023 ) ;
#1690 = EDGE_CURVE ( 'NONE', #7, #377, #398, .T. ) ;
#1691 = VERTEX_POINT ( 'NONE', #1148 ) ;
#1692 = EDGE_CURVE ( 'NONE', #1139, #861, #542, .T. ) ;
#1693 = ORIENTED_EDGE ( 'NONE', *, *, #220, .T. ) ;
#1694 = CIRCLE ( 'NONE', #920, 2.149999999999999023 ) ;
#1695 = AXIS2_PLACEMENT_3D ( 'NONE', #242, #901, #1299 ) ;
#1696 = AXIS2_PLACEMENT_3D ( 'NONE', #1636, #834, #1510 ) ;
#1697 = DIRECTION ( 'NONE',  ( -1.000000000000000000, 0.000000000000000000, 0.000000000000000000 ) ) ;
#1698 = DIRECTION ( 'NONE',  ( -0.000000000000000000, -0.000000000000000000, -1.000000000000000000 ) ) ;
#1699 = VECTOR ( 'NONE', #1542, 1000.000000000000000 ) ;
#1700 = EDGE_CURVE ( 'NONE', #206, #265, #1076, .T. ) ;
#1701 = VERTEX_POINT ( 'NONE', #831 ) ;
#1702 = DIRECTION ( 'NONE',  ( 1.000000000000000000, 0.000000000000000000, 0.000000000000000000 ) ) ;
#1703 = FACE_OUTER_BOUND ( 'NONE', #1196, .T. ) ;
#1704 = ORIENTED_EDGE ( 'NONE', *, *, #23, .F. ) ;
#1705 = ORIENTED_EDGE ( 'NONE', *, *, #1240, .T. ) ;
#1706 = LINE ( 'NONE', #379, #1095 ) ;
#1707 = LINE ( 'NONE', #892, #696 ) ;
#1708 = DIRECTION ( 'NONE',  ( -0.000000000000000000, -0.000000000000000000, -1.000000000000000000 ) ) ;
#1709 = ORIENTED_EDGE ( 'NONE', *, *, #1419, .T. ) ;
#1710 = EDGE_LOOP ( 'NONE', ( #368, #1447, #1408, #1751 ) ) ;
#1711 = EDGE_CURVE ( 'NONE', #792, #1721, #372, .T. ) ;
#1712 =( NAMED_UNIT ( * ) PLANE_ANGLE_UNIT ( ) SI_UNIT ( $, .RADIAN. ) );
#1713 = CARTESIAN_POINT ( 'NONE',  ( -36.70518139898465648, 9.835123713895553621, 4.000000000000000000 ) ) ;
#1714 = ORIENTED_EDGE ( 'NONE', *, *, #431, .T. ) ;
#1715 = DIRECTION ( 'NONE',  ( 1.000000000000000000, 0.000000000000000000, 0.000000000000000000 ) ) ;
#1716 = CARTESIAN_POINT ( 'NONE',  ( 26.87005768508829462, 26.87005768508932846, 8.490000000000000213 ) ) ;
#1717 = ADVANCED_FACE ( 'NONE', ( #448 ), #1507, .F. ) ;
#1718 = ORIENTED_EDGE ( 'NONE', *, *, #1008, .F. ) ;
#1719 = ORIENTED_EDGE ( 'NONE', *, *, #505, .T. ) ;
#1720 = AXIS2_PLACEMENT_3D ( 'NONE', #1043, #1193, #756 ) ;
#1721 = VERTEX_POINT ( 'NONE', #958 ) ;
#1722 = AXIS2_PLACEMENT_3D ( 'NONE', #1098, #464, #993 ) ;
#1723 = EDGE_CURVE ( 'NONE', #1641, #889, #648, .T. ) ;
#1724 = CIRCLE ( 'NONE', #556, 2.149999999999999023 ) ;
#1725 = FACE_BOUND ( 'NONE', #1302, .T. ) ;
#1726 = EDGE_CURVE ( 'NONE', #1644, #1641, #1319, .T. ) ;
#1727 = DIRECTION ( 'NONE',  ( 1.000000000000000000, 0.000000000000000000, 0.000000000000000000 ) ) ;
#1728 = EDGE_LOOP ( 'NONE', ( #1749, #1705, #830, #1109 ) ) ;
#1729 = CARTESIAN_POINT ( 'NONE',  ( 7.685123713896013342, -36.70518139898453569, 25.51000000000000156 ) ) ;
#1730 = FACE_OUTER_BOUND ( 'NONE', #1330, .T. ) ;
#1731 = EDGE_CURVE ( 'NONE', #1644, #19, #567, .T. ) ;
#1732 = ADVANCED_FACE ( 'NONE', ( #137 ), #1219, .F. ) ;
#1733 = ORIENTED_EDGE ( 'NONE', *, *, #431, .F. ) ;
#1734 = ORIENTED_EDGE ( 'NONE', *, *, #1137, .T. ) ;
#1735 = EDGE_LOOP ( 'NONE', ( #978, #580, #1765, #523 ) ) ;
#1736 = CARTESIAN_POINT ( 'NONE',  ( -9.835123713895557174, -36.70518139898465648, 5.689999999999996838 ) ) ;
#1737 = DIRECTION ( 'NONE',  ( -0.000000000000000000, -0.000000000000000000, -1.000000000000000000 ) ) ;
#1738 = DIRECTION ( 'NONE',  ( -0.000000000000000000, -0.000000000000000000, -1.000000000000000000 ) ) ;
#1739 = ORIENTED_EDGE ( 'NONE', *, *, #3, .F. ) ;
#1740 = FACE_OUTER_BOUND ( 'NONE', #1649, .T. ) ;
#1741 = VERTEX_POINT ( 'NONE', #537 ) ;
#1742 = DIRECTION ( 'NONE',  ( -0.7071067811865483499, 8.659560562354942719E-17, 0.7071067811865465735 ) ) ;
#1743 = VERTEX_POINT ( 'NONE', #1329 ) ;
#1744 = CARTESIAN_POINT ( 'NONE',  ( -9.835123713896070541, 36.70518139898453569, 5.689999999999983515 ) ) ;
#1745 = VERTEX_POINT ( 'NONE', #1766 ) ;
#1746 = EDGE_CURVE ( 'NONE', #884, #1741, #1615, .T. ) ;
#1747 =( LENGTH_UNIT ( ) NAMED_UNIT ( * ) SI_UNIT ( .MILLI., .METRE. ) );
#1748 = ADVANCED_FACE ( 'NONE', ( #403 ), #903, .F. ) ;
#1749 = ORIENTED_EDGE ( 'NONE', *, *, #1499, .T. ) ;
#1750 = CARTESIAN_POINT ( 'NONE',  ( 26.87005768508829462, 26.87005768508932846, 5.689999999999993285 ) ) ;
#1751 = ORIENTED_EDGE ( 'NONE', *, *, #27, .F. ) ;
#1752 = FACE_OUTER_BOUND ( 'NONE', #1424, .T. ) ;
#1753 = AXIS2_PLACEMENT_3D ( 'NONE', #1666, #173, #713 ) ;
#1754 = VECTOR ( 'NONE', #1551, 1000.000000000000000 ) ;
#1755 = ADVANCED_FACE ( 'NONE', ( #1495 ), #317, .F. ) ;
#1756 = AXIS2_PLACEMENT_3D ( 'NONE', #8, #555, #960 ) ;
#1757 = ORIENTED_EDGE ( 'NONE', *, *, #1463, .T. ) ;
#1758 = VECTOR ( 'NONE', #850, 1000.000000000000000 ) ;
#1759 = DIRECTION ( 'NONE',  ( 0.7071067811865483499, 0.000000000000000000, 0.7071067811865465735 ) ) ;
#1760 = ORIENTED_EDGE ( 'NONE', *, *, #1137, .F. ) ;
#1761 = DIRECTION ( 'NONE',  ( 0.000000000000000000, 0.000000000000000000, 1.000000000000000000 ) ) ;
#1762 = DIRECTION ( 'NONE',  ( -0.000000000000000000, -0.000000000000000000, -1.000000000000000000 ) ) ;
#1763 = VERTEX_POINT ( 'NONE', #1065 ) ;
#1764 = AXIS2_PLACEMENT_3D ( 'NONE', #921, #935, #1092 ) ;
#1765 = ORIENTED_EDGE ( 'NONE', *, *, #592, .T. ) ;
#1766 = CARTESIAN_POINT ( 'NONE',  ( -29.02005768508897532, 26.87005768508863568, 5.689999999999979963 ) ) ;
#1767 = ORIENTED_EDGE ( 'NONE', *, *, #722, .F. ) ;
ENDSEC;
END-ISO-10303-21;
