ISO-10303-21;
HEADER;
FILE_DESCRIPTION (( 'STEP AP214' ),
    '1' );
FILE_NAME ('´ó¹Ø½ÚÖá-3A.STEP',
    '2026-08-16T17:26:54',
    ( '' ),
    ( '' ),
    'SwSTEP 2.0',
    'SolidWorks 2025',
    '' );
FILE_SCHEMA (( 'AUTOMOTIVE_DESIGN' ));
ENDSEC;

DATA;
#1 = FACE_BOUND ( 'NONE', #135, .T. ) ;
#2 = CARTESIAN_POINT ( 'NONE',  ( -27.00000000000000000, 2.795170158520426676E-15, 5.990000000000001101 ) ) ;
#3 = FACE_BOUND ( 'NONE', #475, .T. ) ;
#4 = AXIS2_PLACEMENT_3D ( 'NONE', #178, #168, #660 ) ;
#5 = VERTEX_POINT ( 'NONE', #1596 ) ;
#6 = ORIENTED_EDGE ( 'NONE', *, *, #392, .F. ) ;
#7 = DIRECTION ( 'NONE',  ( -0.000000000000000000, -0.000000000000000000, -1.000000000000000000 ) ) ;
#8 = AXIS2_PLACEMENT_3D ( 'NONE', #55, #2009, #232 ) ;
#9 = CARTESIAN_POINT ( 'NONE',  ( -32.00000000000000000, 3.918869757271530263E-15, 6.990000000000001101 ) ) ;
#10 =( GEOMETRIC_REPRESENTATION_CONTEXT ( 3 ) GLOBAL_UNCERTAINTY_ASSIGNED_CONTEXT ( ( #379 ) ) GLOBAL_UNIT_ASSIGNED_CONTEXT ( ( #217, #885, #1477 ) ) REPRESENTATION_CONTEXT ( 'NONE', 'WORKASPACE' ) );
#11 = DIRECTION ( 'NONE',  ( 1.000000000000000000, 0.000000000000000000, 0.000000000000000000 ) ) ;
#12 = LINE ( 'NONE', #2, #922 ) ;
#13 = EDGE_CURVE ( 'NONE', #1244, #594, #170, .T. ) ;
#14 = EDGE_CURVE ( 'NONE', #797, #5, #1737, .T. ) ;
#15 = AXIS2_PLACEMENT_3D ( 'NONE', #1236, #1899, #440 ) ;
#16 = ORIENTED_EDGE ( 'NONE', *, *, #712, .T. ) ;
#17 = ORIENTED_EDGE ( 'NONE', *, *, #652, .T. ) ;
#18 = CIRCLE ( 'NONE', #1973, 1.650000000000401146 ) ;
#19 = ORIENTED_EDGE ( 'NONE', *, *, #1593, .T. ) ;
#20 = AXIS2_PLACEMENT_3D ( 'NONE', #990, #1164, #1488 ) ;
#21 = CARTESIAN_POINT ( 'NONE',  ( -25.22005768508839907, -26.87005768508896608, 4.000000000000000000 ) ) ;
#22 = EDGE_CURVE ( 'NONE', #1376, #145, #507, .T. ) ;
#23 = FACE_OUTER_BOUND ( 'NONE', #1346, .T. ) ;
#24 = FACE_BOUND ( 'NONE', #142, .T. ) ;
#25 = CARTESIAN_POINT ( 'NONE',  ( 26.87005768508896253, -26.87005768508864989, 4.000000000000000000 ) ) ;
#26 = CARTESIAN_POINT ( 'NONE',  ( 38.35518139898441348, 9.835123713896452458, 4.000000000000000000 ) ) ;
#27 = CARTESIAN_POINT ( 'NONE',  ( -36.70518139898453569, -9.835123713896017250, 25.51000000000000156 ) ) ;
#28 = DIRECTION ( 'NONE',  ( -0.000000000000000000, -0.000000000000000000, -1.000000000000000000 ) ) ;
#29 = EDGE_CURVE ( 'NONE', #307, #382, #496, .T. ) ;
#30 = ORIENTED_EDGE ( 'NONE', *, *, #2111, .F. ) ;
#31 = DIRECTION ( 'NONE',  ( -0.000000000000000000, -0.000000000000000000, -1.000000000000000000 ) ) ;
#32 = VECTOR ( 'NONE', #750, 1000.000000000000000 ) ;
#33 = ADVANCED_FACE ( 'NONE', ( #1994 ), #343, .F. ) ;
#34 = ORIENTED_EDGE ( 'NONE', *, *, #1681, .F. ) ;
#35 = EDGE_CURVE ( 'NONE', #924, #1503, #1848, .T. ) ;
#36 = CARTESIAN_POINT ( 'NONE',  ( -36.70518139898465648, 9.835123713895553621, 8.490000000000000213 ) ) ;
#37 = EDGE_CURVE ( 'NONE', #112, #666, #1283, .T. ) ;
#38 = DIRECTION ( 'NONE',  ( -0.000000000000000000, -0.000000000000000000, -1.000000000000000000 ) ) ;
#39 = CARTESIAN_POINT ( 'NONE',  ( 25.22005768508859802, -26.87005768508864989, 25.51000000000000156 ) ) ;
#40 = CIRCLE ( 'NONE', #320, 32.00000000000000000 ) ;
#41 = ORIENTED_EDGE ( 'NONE', *, *, #2017, .T. ) ;
#42 = CARTESIAN_POINT ( 'NONE',  ( -34.00000000000000000, 0.000000000000000000, 0.4899999999999999911 ) ) ;
#43 = DIRECTION ( 'NONE',  ( 0.000000000000000000, 0.000000000000000000, 1.000000000000000000 ) ) ;
#44 = ORIENTED_EDGE ( 'NONE', *, *, #345, .T. ) ;
#45 = AXIS2_PLACEMENT_3D ( 'NONE', #1245, #785, #2062 ) ;
#46 = DIRECTION ( 'NONE',  ( -1.000000000000000000, 0.000000000000000000, 0.000000000000000000 ) ) ;
#47 = DIRECTION ( 'NONE',  ( 0.000000000000000000, 0.000000000000000000, 1.000000000000000000 ) ) ;
#48 = DIRECTION ( 'NONE',  ( -0.000000000000000000, -0.000000000000000000, -1.000000000000000000 ) ) ;
#49 = CARTESIAN_POINT ( 'NONE',  ( 0.000000000000000000, 0.000000000000000000, 6.990000000000001101 ) ) ;
#50 = AXIS2_PLACEMENT_3D ( 'NONE', #582, #1221, #122 ) ;
#51 = CARTESIAN_POINT ( 'NONE',  ( -8.185123713895288589, -36.70518139898465648, 4.000000000000000000 ) ) ;
#52 = ORIENTED_EDGE ( 'NONE', *, *, #1268, .F. ) ;
#53 = EDGE_CURVE ( 'NONE', #1212, #666, #1459, .T. ) ;
#54 = ORIENTED_EDGE ( 'NONE', *, *, #1881, .T. ) ;
#55 = CARTESIAN_POINT ( 'NONE',  ( -30.00000000000000000, 1.836970198721062721E-15, 31.51000000000000156 ) ) ;
#56 = FACE_OUTER_BOUND ( 'NONE', #1885, .T. ) ;
#57 = AXIS2_PLACEMENT_3D ( 'NONE', #430, #2057, #779 ) ;
#58 = ORIENTED_EDGE ( 'NONE', *, *, #1555, .T. ) ;
#59 = CARTESIAN_POINT ( 'NONE',  ( -1.650000000000207523, -30.00000000000000000, 31.51000000000000156 ) ) ;
#60 = FILL_AREA_STYLE ('',( #1522 ) ) ;
#61 = CARTESIAN_POINT ( 'NONE',  ( -2.793551275628180363E-16, -5.113761991774268605E-16, 0.4899999999999999911 ) ) ;
#62 = DIRECTION ( 'NONE',  ( -0.000000000000000000, -0.000000000000000000, -1.000000000000000000 ) ) ;
#63 = SHAPE_DEFINITION_REPRESENTATION ( #1771, #1491 ) ;
#64 = ORIENTED_EDGE ( 'NONE', *, *, #1791, .F. ) ;
#65 = DIRECTION ( 'NONE',  ( -0.000000000000000000, -0.000000000000000000, -1.000000000000000000 ) ) ;
#66 = DIRECTION ( 'NONE',  ( 1.000000000000000000, 0.000000000000000000, 0.000000000000000000 ) ) ;
#67 = EDGE_LOOP ( 'NONE', ( #814, #1446 ) ) ;
#68 = DIRECTION ( 'NONE',  ( 0.000000000000000000, 0.000000000000000000, -1.000000000000000000 ) ) ;
#69 = CARTESIAN_POINT ( 'NONE',  ( 8.185123713895693598, -36.70518139898453569, 8.490000000000000213 ) ) ;
#70 = CARTESIAN_POINT ( 'NONE',  ( 36.70518139898465648, -9.835123713895558950, 4.000000000000000000 ) ) ;
#71 = VECTOR ( 'NONE', #661, 1000.000000000000000 ) ;
#72 = FACE_BOUND ( 'NONE', #1205, .T. ) ;
#73 = ADVANCED_FACE ( 'NONE', ( #1145 ), #672, .T. ) ;
#74 = ORIENTED_EDGE ( 'NONE', *, *, #1578, .T. ) ;
#75 = CARTESIAN_POINT ( 'NONE',  ( -15.00000000000001066, -25.98076211353315301, 6.990000000000002878 ) ) ;
#76 = EDGE_CURVE ( 'NONE', #218, #692, #200, .T. ) ;
#77 = ORIENTED_EDGE ( 'NONE', *, *, #402, .T. ) ;
#78 = DIRECTION ( 'NONE',  ( -1.000000000000000000, 0.000000000000000000, 0.000000000000000000 ) ) ;
#79 = EDGE_LOOP ( 'NONE', ( #1336, #2117 ) ) ;
#80 = CARTESIAN_POINT ( 'NONE',  ( 26.87005768508896253, -26.87005768508864989, 8.490000000000000213 ) ) ;
#81 = CIRCLE ( 'NONE', #358, 1.650000000000366507 ) ;
#82 = PRODUCT ( '\X2\5927517382828f74\X0\-3A', '\X2\5927517382828f74\X0\-3A', '', ( #532 ) ) ;
#83 = CARTESIAN_POINT ( 'NONE',  ( 14.99999999999966604, 25.98076211353335196, 31.51000000000000156 ) ) ;
#84 = ORIENTED_EDGE ( 'NONE', *, *, #648, .T. ) ;
#85 = ORIENTED_EDGE ( 'NONE', *, *, #1391, .F. ) ;
#86 = DIRECTION ( 'NONE',  ( -1.000000000000000000, 0.000000000000000000, 0.000000000000000000 ) ) ;
#87 = EDGE_CURVE ( 'NONE', #833, #1353, #1386, .T. ) ;
#88 = LINE ( 'NONE', #1876, #1916 ) ;
#89 = AXIS2_PLACEMENT_3D ( 'NONE', #1032, #1052, #1328 ) ;
#90 = EDGE_LOOP ( 'NONE', ( #1181, #348 ) ) ;
#91 = CARTESIAN_POINT ( 'NONE',  ( 24.33076211353298035, 15.00000000000030376, 0.4900000000000008793 ) ) ;
#92 = ORIENTED_EDGE ( 'NONE', *, *, #634, .F. ) ;
#93 = AXIS2_PLACEMENT_3D ( 'NONE', #722, #1568, #755 ) ;
#94 = CIRCLE ( 'NONE', #1276, 1.650000000000002132 ) ;
#95 = STYLED_ITEM ( 'NONE', ( #1333 ), #463 ) ;
#96 = ADVANCED_FACE ( 'NONE', ( #831 ), #1476, .F. ) ;
#97 = ORIENTED_EDGE ( 'NONE', *, *, #1251, .T. ) ;
#98 = VERTEX_POINT ( 'NONE', #26 ) ;
#99 = DIRECTION ( 'NONE',  ( -0.000000000000000000, -0.000000000000000000, -1.000000000000000000 ) ) ;
#100 = DIRECTION ( 'NONE',  ( -0.000000000000000000, -0.000000000000000000, -1.000000000000000000 ) ) ;
#101 = ORIENTED_EDGE ( 'NONE', *, *, #183, .F. ) ;
#102 = EDGE_CURVE ( 'NONE', #1339, #2011, #12, .T. ) ;
#103 = DIRECTION ( 'NONE',  ( 0.000000000000000000, 0.000000000000000000, 1.000000000000000000 ) ) ;
#104 = ORIENTED_EDGE ( 'NONE', *, *, #1946, .F. ) ;
#105 = DIRECTION ( 'NONE',  ( -0.000000000000000000, -0.000000000000000000, 1.000000000000000000 ) ) ;
#106 = AXIS2_PLACEMENT_3D ( 'NONE', #283, #427, #1073 ) ;
#107 = CARTESIAN_POINT ( 'NONE',  ( 44.00000000000000000, 5.388445916248353619E-15, 4.000000000000000000 ) ) ;
#108 = ORIENTED_EDGE ( 'NONE', *, *, #1149, .F. ) ;
#109 = DIRECTION ( 'NONE',  ( 1.000000000000000000, 0.000000000000000000, 0.000000000000000000 ) ) ;
#110 = EDGE_CURVE ( 'NONE', #244, #1368, #2125, .T. ) ;
#111 = CYLINDRICAL_SURFACE ( 'NONE', #2115, 1.650000000000179101 ) ;
#112 = VERTEX_POINT ( 'NONE', #204 ) ;
#113 = CARTESIAN_POINT ( 'NONE',  ( 25.98076211353298248, 15.00000000000030376, 0.4900000000000008793 ) ) ;
#114 = EDGE_LOOP ( 'NONE', ( #1751, #166, #1599, #1574 ) ) ;
#115 = DIRECTION ( 'NONE',  ( 0.000000000000000000, 0.000000000000000000, -1.000000000000000000 ) ) ;
#116 = AXIS2_PLACEMENT_3D ( 'NONE', #411, #1852, #689 ) ;
#117 = EDGE_CURVE ( 'NONE', #1376, #1777, #1641, .T. ) ;
#118 = DIRECTION ( 'NONE',  ( -0.000000000000000000, -0.000000000000000000, 1.000000000000000000 ) ) ;
#119 = CIRCLE ( 'NONE', #1588, 1.650000000000071632 ) ;
#120 = ORIENTED_EDGE ( 'NONE', *, *, #1496, .F. ) ;
#121 = ORIENTED_EDGE ( 'NONE', *, *, #1860, .F. ) ;
#122 = DIRECTION ( 'NONE',  ( 1.000000000000000000, 0.000000000000000000, 0.000000000000000000 ) ) ;
#123 = DIRECTION ( 'NONE',  ( -0.000000000000000000, -0.000000000000000000, -1.000000000000000000 ) ) ;
#124 = ORIENTED_EDGE ( 'NONE', *, *, #35, .T. ) ;
#125 = EDGE_CURVE ( 'NONE', #931, #1516, #1258, .T. ) ;
#126 = VECTOR ( 'NONE', #1054, 1000.000000000000000 ) ;
#127 = DIRECTION ( 'NONE',  ( 1.000000000000000000, 0.000000000000000000, 0.000000000000000000 ) ) ;
#128 = VERTEX_POINT ( 'NONE', #1468 ) ;
#129 = CIRCLE ( 'NONE', #1482, 1.650000000000123590 ) ;
#130 = VECTOR ( 'NONE', #1310, 1000.000000000000000 ) ;
#131 = CARTESIAN_POINT ( 'NONE',  ( -26.87005768508864278, -26.87005768508896608, 4.000000000000000000 ) ) ;
#132 = EDGE_CURVE ( 'NONE', #556, #1649, #1969, .T. ) ;
#133 = CARTESIAN_POINT ( 'NONE',  ( 36.70518139898465648, -9.835123713895558950, 4.000000000000000000 ) ) ;
#134 = CARTESIAN_POINT ( 'NONE',  ( 28.52005768508828965, 26.87005768508932846, 8.490000000000000213 ) ) ;
#135 = EDGE_LOOP ( 'NONE', ( #1949, #1393 ) ) ;
#136 = CARTESIAN_POINT ( 'NONE',  ( 38.35518139898441348, 9.835123713896452458, 8.490000000000000213 ) ) ;
#137 = ORIENTED_EDGE ( 'NONE', *, *, #2043, .T. ) ;
#138 = EDGE_CURVE ( 'NONE', #257, #789, #347, .T. ) ;
#139 = DIRECTION ( 'NONE',  ( -0.000000000000000000, -0.000000000000000000, -1.000000000000000000 ) ) ;
#140 = CIRCLE ( 'NONE', #172, 1.650000000000366507 ) ;
#141 = DIRECTION ( 'NONE',  ( 0.000000000000000000, 0.000000000000000000, 1.000000000000000000 ) ) ;
#142 = EDGE_LOOP ( 'NONE', ( #2124, #450 ) ) ;
#143 = EDGE_CURVE ( 'NONE', #1777, #1376, #717, .T. ) ;
#144 = LINE ( 'NONE', #1772, #835 ) ;
#145 = VERTEX_POINT ( 'NONE', #323 ) ;
#146 = DIRECTION ( 'NONE',  ( -0.000000000000000000, -0.000000000000000000, -1.000000000000000000 ) ) ;
#147 = ORIENTED_EDGE ( 'NONE', *, *, #1778, .F. ) ;
#148 = CARTESIAN_POINT ( 'NONE',  ( -24.33076211353308338, 15.00000000000000355, 31.51000000000000156 ) ) ;
#149 = CARTESIAN_POINT ( 'NONE',  ( 9.835123713895557174, 36.70518139898466359, 4.000000000000000000 ) ) ;
#150 = ORIENTED_EDGE ( 'NONE', *, *, #1745, .T. ) ;
#151 = VERTEX_POINT ( 'NONE', #1270 ) ;
#152 = DIRECTION ( 'NONE',  ( -0.000000000000000000, -0.000000000000000000, -1.000000000000000000 ) ) ;
#153 = ORIENTED_EDGE ( 'NONE', *, *, #769, .F. ) ;
#154 = CARTESIAN_POINT ( 'NONE',  ( -27.00000000000000000, 2.795170158520426676E-15, 0.4899999999999999911 ) ) ;
#155 = DIRECTION ( 'NONE',  ( 1.000000000000000000, 0.000000000000000000, 0.000000000000000000 ) ) ;
#156 = ORIENTED_EDGE ( 'NONE', *, *, #87, .T. ) ;
#157 = CARTESIAN_POINT ( 'NONE',  ( 25.98076211353298248, 15.00000000000030376, 6.990000000000002878 ) ) ;
#158 = CIRCLE ( 'NONE', #439, 1.649999999999999689 ) ;
#159 = EDGE_CURVE ( 'NONE', #803, #615, #452, .T. ) ;
#160 = CARTESIAN_POINT ( 'NONE',  ( -28.52005768508888295, -26.87005768508896608, 4.000000000000000000 ) ) ;
#161 = CARTESIAN_POINT ( 'NONE',  ( 0.000000000000000000, 0.000000000000000000, 4.000000000000000000 ) ) ;
#162 = DIRECTION ( 'NONE',  ( -0.000000000000000000, -0.000000000000000000, -1.000000000000000000 ) ) ;
#163 = DIRECTION ( 'NONE',  ( -1.000000000000000000, 0.000000000000000000, 0.000000000000000000 ) ) ;
#164 = ORIENTED_EDGE ( 'NONE', *, *, #1673, .T. ) ;
#165 = DIRECTION ( 'NONE',  ( -1.000000000000000000, 0.000000000000000000, 0.000000000000000000 ) ) ;
#166 = ORIENTED_EDGE ( 'NONE', *, *, #1489, .T. ) ;
#167 = EDGE_CURVE ( 'NONE', #5, #797, #464, .T. ) ;
#168 = DIRECTION ( 'NONE',  ( -0.000000000000000000, -0.000000000000000000, -1.000000000000000000 ) ) ;
#169 = DIRECTION ( 'NONE',  ( 0.000000000000000000, 0.000000000000000000, 1.000000000000000000 ) ) ;
#170 = CIRCLE ( 'NONE', #1809, 1.650000000000401146 ) ;
#171 = DIRECTION ( 'NONE',  ( -1.000000000000000000, 0.000000000000000000, 0.000000000000000000 ) ) ;
#172 = AXIS2_PLACEMENT_3D ( 'NONE', #1826, #1455, #658 ) ;
#173 = VERTEX_POINT ( 'NONE', #179 ) ;
#174 = DIRECTION ( 'NONE',  ( 1.000000000000000000, 0.000000000000000000, 0.000000000000000000 ) ) ;
#175 = ORIENTED_EDGE ( 'NONE', *, *, #22, .T. ) ;
#176 = DIRECTION ( 'NONE',  ( 1.000000000000000000, 0.000000000000000000, 0.000000000000000000 ) ) ;
#177 = EDGE_CURVE ( 'NONE', #1248, #899, #1795, .T. ) ;
#178 = CARTESIAN_POINT ( 'NONE',  ( -25.98076211353315657, 15.00000000000000355, 31.51000000000000156 ) ) ;
#179 = CARTESIAN_POINT ( 'NONE',  ( 27.63076211353343581, -15.00000000000001421, 0.4900000000000008793 ) ) ;
#180 = CARTESIAN_POINT ( 'NONE',  ( 9.835123713896013697, -36.70518139898453569, 4.000000000000000000 ) ) ;
#181 = ADVANCED_FACE ( 'NONE', ( #1286 ), #1781, .F. ) ;
#182 = ORIENTED_EDGE ( 'NONE', *, *, #1623, .F. ) ;
#183 = EDGE_CURVE ( 'NONE', #834, #1425, #800, .T. ) ;
#184 = AXIS2_PLACEMENT_3D ( 'NONE', #1824, #394, #363 ) ;
#185 = VERTEX_POINT ( 'NONE', #840 ) ;
#186 = DIRECTION ( 'NONE',  ( -1.000000000000000000, 0.000000000000000000, 0.000000000000000000 ) ) ;
#187 = DIRECTION ( 'NONE',  ( 0.000000000000000000, 0.000000000000000000, 1.000000000000000000 ) ) ;
#188 = LINE ( 'NONE', #59, #635 ) ;
#189 = LINE ( 'NONE', #826, #1833 ) ;
#190 = CIRCLE ( 'NONE', #1377, 1.649999999999999689 ) ;
#191 = CYLINDRICAL_SURFACE ( 'NONE', #4, 1.650000000000071632 ) ;
#192 = CARTESIAN_POINT ( 'NONE',  ( -8.185123713896068409, 36.70518139898453569, 8.490000000000000213 ) ) ;
#193 = CARTESIAN_POINT ( 'NONE',  ( -3.673940397442076533E-15, -30.00000000000000000, 0.4900000000000008793 ) ) ;
#194 = FACE_OUTER_BOUND ( 'NONE', #547, .T. ) ;
#195 = ORIENTED_EDGE ( 'NONE', *, *, #1974, .F. ) ;
#196 = CIRCLE ( 'NONE', #575, 1.649999999999995248 ) ;
#197 = DIRECTION ( 'NONE',  ( -0.000000000000000000, -0.000000000000000000, -1.000000000000000000 ) ) ;
#198 = AXIS2_PLACEMENT_3D ( 'NONE', #515, #988, #1637 ) ;
#199 = EDGE_LOOP ( 'NONE', ( #1630, #1541 ) ) ;
#200 = CIRCLE ( 'NONE', #20, 1.650000000000002132 ) ;
#201 = SURFACE_STYLE_USAGE ( .BOTH. , #1010 ) ;
#202 = CARTESIAN_POINT ( 'NONE',  ( -38.35518139898471190, -9.835123713896017250, 8.490000000000000213 ) ) ;
#203 = DIRECTION ( 'NONE',  ( -0.000000000000000000, -0.000000000000000000, -1.000000000000000000 ) ) ;
#204 = CARTESIAN_POINT ( 'NONE',  ( -1.650000000000207523, -30.00000000000000000, 0.4900000000000008793 ) ) ;
#205 = ORIENTED_EDGE ( 'NONE', *, *, #470, .T. ) ;
#206 = ORIENTED_EDGE ( 'NONE', *, *, #1860, .T. ) ;
#207 = DIRECTION ( 'NONE',  ( 1.000000000000000000, 0.000000000000000000, 0.000000000000000000 ) ) ;
#208 = ADVANCED_FACE ( 'NONE', ( #1487 ), #540, .F. ) ;
#209 = CIRCLE ( 'NONE', #818, 34.00000000000000000 ) ;
#210 = ORIENTED_EDGE ( 'NONE', *, *, #1150, .T. ) ;
#211 = ADVANCED_FACE ( 'NONE', ( #856 ), #1179, .F. ) ;
#212 = CYLINDRICAL_SURFACE ( 'NONE', #610, 34.00000000000000000 ) ;
#213 = CARTESIAN_POINT ( 'NONE',  ( -30.00000000000000000, 1.836970198721062721E-15, 0.4900000000000008793 ) ) ;
#214 = EDGE_CURVE ( 'NONE', #1713, #742, #81, .T. ) ;
#215 = CARTESIAN_POINT ( 'NONE',  ( 31.65000000000030411, -5.308843874303773248E-15, 6.990000000000002878 ) ) ;
#216 = CARTESIAN_POINT ( 'NONE',  ( -36.70518139898465648, 9.835123713895553621, 8.490000000000000213 ) ) ;
#217 =( LENGTH_UNIT ( ) NAMED_UNIT ( * ) SI_UNIT ( .MILLI., .METRE. ) );
#218 = VERTEX_POINT ( 'NONE', #192 ) ;
#219 = CIRCLE ( 'NONE', #1714, 1.650000000000000355 ) ;
#220 = ORIENTED_EDGE ( 'NONE', *, *, #53, .T. ) ;
#221 = DIRECTION ( 'NONE',  ( 0.000000000000000000, 0.000000000000000000, -1.000000000000000000 ) ) ;
#222 = VECTOR ( 'NONE', #549, 1000.000000000000000 ) ;
#223 = LINE ( 'NONE', #757, #1675 ) ;
#224 = VERTEX_POINT ( 'NONE', #2015 ) ;
#225 = AXIS2_PLACEMENT_3D ( 'NONE', #1604, #139, #1582 ) ;
#226 = FACE_BOUND ( 'NONE', #612, .T. ) ;
#227 = FACE_BOUND ( 'NONE', #79, .T. ) ;
#228 = DIRECTION ( 'NONE',  ( 0.000000000000000000, 0.000000000000000000, -1.000000000000000000 ) ) ;
#229 = CIRCLE ( 'NONE', #1147, 32.00000000000000000 ) ;
#230 = AXIS2_PLACEMENT_3D ( 'NONE', #1289, #1648, #466 ) ;
#231 = VERTEX_POINT ( 'NONE', #1345 ) ;
#232 = DIRECTION ( 'NONE',  ( -1.000000000000000000, 0.000000000000000000, 0.000000000000000000 ) ) ;
#233 = AXIS2_PLACEMENT_3D ( 'NONE', #1078, #1726, #1913 ) ;
#234 = VECTOR ( 'NONE', #1542, 1000.000000000000000 ) ;
#235 = CIRCLE ( 'NONE', #471, 1.650000000000102718 ) ;
#236 = ORIENTED_EDGE ( 'NONE', *, *, #117, .T. ) ;
#237 = DIRECTION ( 'NONE',  ( -0.000000000000000000, -0.000000000000000000, -1.000000000000000000 ) ) ;
#238 = DIRECTION ( 'NONE',  ( -1.000000000000000000, 0.000000000000000000, 0.000000000000000000 ) ) ;
#239 = EDGE_CURVE ( 'NONE', #1353, #833, #910, .T. ) ;
#240 = CARTESIAN_POINT ( 'NONE',  ( -9.835123713896070541, 36.70518139898453569, 25.51000000000000156 ) ) ;
#241 = ORIENTED_EDGE ( 'NONE', *, *, #1787, .F. ) ;
#242 = LINE ( 'NONE', #725, #1113 ) ;
#243 = ORIENTED_EDGE ( 'NONE', *, *, #1667, .T. ) ;
#244 = VERTEX_POINT ( 'NONE', #1514 ) ;
#245 = DIRECTION ( 'NONE',  ( -0.000000000000000000, -0.000000000000000000, -1.000000000000000000 ) ) ;
#246 = EDGE_CURVE ( 'NONE', #293, #1753, #2110, .T. ) ;
#247 = EDGE_LOOP ( 'NONE', ( #894, #286 ) ) ;
#248 = DIRECTION ( 'NONE',  ( -1.000000000000000000, 0.000000000000000000, 0.000000000000000000 ) ) ;
#249 = DIRECTION ( 'NONE',  ( -0.000000000000000000, -0.000000000000000000, 1.000000000000000000 ) ) ;
#250 = VERTEX_POINT ( 'NONE', #1039 ) ;
#251 = CARTESIAN_POINT ( 'NONE',  ( 9.835123713896013697, -36.70518139898453569, 25.51000000000000156 ) ) ;
#252 = DIRECTION ( 'NONE',  ( -1.000000000000000000, 0.000000000000000000, 0.000000000000000000 ) ) ;
#253 = ORIENTED_EDGE ( 'NONE', *, *, #979, .T. ) ;
#254 = VECTOR ( 'NONE', #314, 1000.000000000000000 ) ;
#255 = CARTESIAN_POINT ( 'NONE',  ( 8.185123713895556818, 36.70518139898466359, 8.490000000000000213 ) ) ;
#256 = EDGE_LOOP ( 'NONE', ( #1976, #1576 ) ) ;
#257 = VERTEX_POINT ( 'NONE', #700 ) ;
#258 = CYLINDRICAL_SURFACE ( 'NONE', #401, 1.650000000000078515 ) ;
#259 = EDGE_CURVE ( 'NONE', #974, #657, #1173, .T. ) ;
#260 = CARTESIAN_POINT ( 'NONE',  ( -9.835123713896070541, 36.70518139898453569, 25.51000000000000156 ) ) ;
#261 = EDGE_LOOP ( 'NONE', ( #1729, #1818, #97, #766 ) ) ;
#262 = CARTESIAN_POINT ( 'NONE',  ( 0.000000000000000000, 0.000000000000000000, 6.990000000000001101 ) ) ;
#263 = ORIENTED_EDGE ( 'NONE', *, *, #1059, .T. ) ;
#264 = AXIS2_PLACEMENT_3D ( 'NONE', #1338, #384, #807 ) ;
#265 = CIRCLE ( 'NONE', #198, 1.650000000000304112 ) ;
#266 = DIRECTION ( 'NONE',  ( 0.000000000000000000, 0.000000000000000000, -1.000000000000000000 ) ) ;
#267 = DIRECTION ( 'NONE',  ( 1.000000000000000000, 0.000000000000000000, 0.000000000000000000 ) ) ;
#268 = EDGE_LOOP ( 'NONE', ( #1434, #1362, #748, #480 ) ) ;
#269 = DIRECTION ( 'NONE',  ( -1.000000000000000000, 0.000000000000000000, 0.000000000000000000 ) ) ;
#270 = CARTESIAN_POINT ( 'NONE',  ( -11.48512371389582398, -36.70518139898465648, 4.000000000000000000 ) ) ;
#271 = ORIENTED_EDGE ( 'NONE', *, *, #1086, .F. ) ;
#272 = CARTESIAN_POINT ( 'NONE',  ( -34.00000000000000000, 0.000000000000000000, 4.000000000000000000 ) ) ;
#273 = CARTESIAN_POINT ( 'NONE',  ( -9.835123713895557174, -36.70518139898465648, 8.490000000000000213 ) ) ;
#274 = EDGE_CURVE ( 'NONE', #581, #587, #1718, .T. ) ;
#275 = ORIENTED_EDGE ( 'NONE', *, *, #1932, .F. ) ;
#276 = CARTESIAN_POINT ( 'NONE',  ( 14.99999999999999112, -25.98076211353316367, 6.990000000000002878 ) ) ;
#277 = CLOSED_SHELL ( 'NONE', ( #208, #984, #420, #2040, #1056, #937, #1097, #1769, #916, #832, #33, #1929, #1579, #73, #900, #1945, #741, #978, #1908, #2093, #1019, #1185, #1255, #798, #1241, #181, #1676, #1401, #902, #1349, #1837, #2016, #1375, #613, #1671, #527, #1430, #804, #1775, #2092, #364, #1742, #625, #2121, #944, #211, #435, #2012, #1581, #2087, #1658, #2113, #2051, #96, #711, #1907, #542, #288, #1951, #551 ) ) ;
#278 = VECTOR ( 'NONE', #747, 1000.000000000000000 ) ;
#279 = CARTESIAN_POINT ( 'NONE',  ( -38.35518139898477585, 9.835123713895553621, 4.000000000000000000 ) ) ;
#280 = DIRECTION ( 'NONE',  ( 0.000000000000000000, 0.000000000000000000, -1.000000000000000000 ) ) ;
#281 = ORIENTED_EDGE ( 'NONE', *, *, #1358, .F. ) ;
#282 = CARTESIAN_POINT ( 'NONE',  ( -25.98076211353315657, 15.00000000000000355, 31.51000000000000156 ) ) ;
#283 = CARTESIAN_POINT ( 'NONE',  ( 9.835123713895557174, 36.70518139898466359, 25.51000000000000156 ) ) ;
#284 = VERTEX_POINT ( 'NONE', #378 ) ;
#285 = DIRECTION ( 'NONE',  ( -1.000000000000000000, 0.000000000000000000, 0.000000000000000000 ) ) ;
#286 = ORIENTED_EDGE ( 'NONE', *, *, #1918, .F. ) ;
#287 = AXIS2_PLACEMENT_3D ( 'NONE', #1324, #483, #1134 ) ;
#288 = ADVANCED_FACE ( 'NONE', ( #2026 ), #530, .F. ) ;
#289 = CARTESIAN_POINT ( 'NONE',  ( 0.000000000000000000, 30.00000000000000000, 6.990000000000002878 ) ) ;
#290 = EDGE_LOOP ( 'NONE', ( #1698, #706 ) ) ;
#291 = FACE_OUTER_BOUND ( 'NONE', #1025, .T. ) ;
#292 = CYLINDRICAL_SURFACE ( 'NONE', #1643, 1.650000000000002132 ) ;
#293 = VERTEX_POINT ( 'NONE', #1029 ) ;
#294 = AXIS2_PLACEMENT_3D ( 'NONE', #1858, #68, #871 ) ;
#295 = LINE ( 'NONE', #1889, #234 ) ;
#296 = EDGE_LOOP ( 'NONE', ( #571, #486 ) ) ;
#297 = EDGE_CURVE ( 'NONE', #128, #797, #561, .T. ) ;
#298 = LINE ( 'NONE', #1591, #1132 ) ;
#299 = AXIS2_PLACEMENT_3D ( 'NONE', #1743, #1088, #285 ) ;
#300 = DIRECTION ( 'NONE',  ( -1.000000000000000000, 0.000000000000000000, 0.000000000000000000 ) ) ;
#301 = CIRCLE ( 'NONE', #1759, 1.650000000000000355 ) ;
#302 = DIRECTION ( 'NONE',  ( 1.000000000000000000, 0.000000000000000000, 0.000000000000000000 ) ) ;
#303 = FACE_OUTER_BOUND ( 'NONE', #1128, .T. ) ;
#304 = VERTEX_POINT ( 'NONE', #1501 ) ;
#305 = VERTEX_POINT ( 'NONE', #880 ) ;
#306 = CARTESIAN_POINT ( 'NONE',  ( 9.835123713896013697, -36.70518139898453569, 25.51000000000000156 ) ) ;
#307 = VERTEX_POINT ( 'NONE', #1047 ) ;
#308 = DIRECTION ( 'NONE',  ( -1.000000000000000000, 0.000000000000000000, 0.000000000000000000 ) ) ;
#309 = CARTESIAN_POINT ( 'NONE',  ( -1.649999999999999689, 30.00000000000000000, 6.990000000000002878 ) ) ;
#310 = EDGE_CURVE ( 'NONE', #305, #128, #690, .T. ) ;
#311 = ORIENTED_EDGE ( 'NONE', *, *, #1633, .T. ) ;
#312 = LINE ( 'NONE', #2098, #976 ) ;
#313 = CIRCLE ( 'NONE', #1357, 1.650000000000307443 ) ;
#314 = DIRECTION ( 'NONE',  ( -0.000000000000000000, -0.000000000000000000, -1.000000000000000000 ) ) ;
#315 = ORIENTED_EDGE ( 'NONE', *, *, #1480, .F. ) ;
#316 = CARTESIAN_POINT ( 'NONE',  ( 30.00000000000000000, -5.510910596163123477E-15, 0.4900000000000008793 ) ) ;
#317 = EDGE_CURVE ( 'NONE', #424, #1713, #1677, .T. ) ;
#318 = ORIENTED_EDGE ( 'NONE', *, *, #1489, .F. ) ;
#319 = VERTEX_POINT ( 'NONE', #671 ) ;
#320 = AXIS2_PLACEMENT_3D ( 'NONE', #1922, #1603, #639 ) ;
#321 = AXIS2_PLACEMENT_3D ( 'NONE', #2014, #1838, #1367 ) ;
#322 = DIRECTION ( 'NONE',  ( -1.000000000000000000, 0.000000000000000000, 0.000000000000000000 ) ) ;
#323 = CARTESIAN_POINT ( 'NONE',  ( -25.22005768508890000, 26.87005768508863568, 4.000000000000000000 ) ) ;
#324 = EDGE_LOOP ( 'NONE', ( #2028, #647 ) ) ;
#325 = CARTESIAN_POINT ( 'NONE',  ( 1.649999999999999689, 30.00000000000000000, 31.51000000000000156 ) ) ;
#326 = ORIENTED_EDGE ( 'NONE', *, *, #13, .F. ) ;
#327 = EDGE_CURVE ( 'NONE', #792, #304, #691, .T. ) ;
#328 = ORIENTED_EDGE ( 'NONE', *, *, #1595, .T. ) ;
#329 = DIRECTION ( 'NONE',  ( -0.000000000000000000, -0.000000000000000000, -1.000000000000000000 ) ) ;
#330 = CIRCLE ( 'NONE', #1897, 1.649999999999998579 ) ;
#331 = VECTOR ( 'NONE', #758, 1000.000000000000000 ) ;
#332 = DIRECTION ( 'NONE',  ( -1.000000000000000000, 0.000000000000000000, 0.000000000000000000 ) ) ;
#333 = AXIS2_PLACEMENT_3D ( 'NONE', #1175, #1023, #1277 ) ;
#334 = DIRECTION ( 'NONE',  ( -0.000000000000000000, -0.000000000000000000, -1.000000000000000000 ) ) ;
#335 = FACE_BOUND ( 'NONE', #1546, .T. ) ;
#336 = ORIENTED_EDGE ( 'NONE', *, *, #903, .F. ) ;
#337 = EDGE_CURVE ( 'NONE', #1985, #1626, #1228, .T. ) ;
#338 = EDGE_CURVE ( 'NONE', #921, #500, #1069, .T. ) ;
#339 = EDGE_LOOP ( 'NONE', ( #1782, #147 ) ) ;
#340 =( LENGTH_UNIT ( ) NAMED_UNIT ( * ) SI_UNIT ( .MILLI., .METRE. ) );
#341 = DIRECTION ( 'NONE',  ( 1.000000000000000000, 0.000000000000000000, 0.000000000000000000 ) ) ;
#342 = DIRECTION ( 'NONE',  ( 0.000000000000000000, 0.000000000000000000, 1.000000000000000000 ) ) ;
#343 = CYLINDRICAL_SURFACE ( 'NONE', #1189, 1.649999999999995248 ) ;
#344 = CYLINDRICAL_SURFACE ( 'NONE', #1758, 1.650000000000401146 ) ;
#345 = EDGE_CURVE ( 'NONE', #921, #2106, #1981, .T. ) ;
#346 = FACE_OUTER_BOUND ( 'NONE', #1748, .T. ) ;
#347 = CIRCLE ( 'NONE', #1538, 1.650000000000000355 ) ;
#348 = ORIENTED_EDGE ( 'NONE', *, *, #1812, .T. ) ;
#349 = ORIENTED_EDGE ( 'NONE', *, *, #781, .F. ) ;
#350 = DIRECTION ( 'NONE',  ( -1.000000000000000000, 0.000000000000000000, 0.000000000000000000 ) ) ;
#351 = LINE ( 'NONE', #995, #698 ) ;
#352 = FACE_BOUND ( 'NONE', #2082, .T. ) ;
#353 = CARTESIAN_POINT ( 'NONE',  ( -27.63076211353330436, -14.99999999999999467, 6.990000000000002878 ) ) ;
#354 = DIRECTION ( 'NONE',  ( 1.000000000000000000, 0.000000000000000000, 0.000000000000000000 ) ) ;
#355 = DIRECTION ( 'NONE',  ( -0.000000000000000000, -0.000000000000000000, 1.000000000000000000 ) ) ;
#356 = ORIENTED_EDGE ( 'NONE', *, *, #1048, .T. ) ;
#357 = DIRECTION ( 'NONE',  ( -0.000000000000000000, -0.000000000000000000, -1.000000000000000000 ) ) ;
#358 = AXIS2_PLACEMENT_3D ( 'NONE', #25, #1655, #1839 ) ;
#359 = ORIENTED_EDGE ( 'NONE', *, *, #511, .T. ) ;
#360 = CARTESIAN_POINT ( 'NONE',  ( 36.70518139898441490, 9.835123713896452458, 8.490000000000000213 ) ) ;
#361 = SURFACE_STYLE_FILL_AREA ( #60 ) ;
#362 = VECTOR ( 'NONE', #357, 1000.000000000000000 ) ;
#363 = DIRECTION ( 'NONE',  ( -1.000000000000000000, 0.000000000000000000, 0.000000000000000000 ) ) ;
#364 = ADVANCED_FACE ( 'NONE', ( #1099 ), #1872, .F. ) ;
#365 = DIRECTION ( 'NONE',  ( 1.000000000000000000, 0.000000000000000000, 0.000000000000000000 ) ) ;
#366 = LINE ( 'NONE', #1017, #574 ) ;
#367 = EDGE_CURVE ( 'NONE', #284, #1151, #1891, .T. ) ;
#368 = AXIS2_PLACEMENT_3D ( 'NONE', #1735, #115, #943 ) ;
#369 = EDGE_LOOP ( 'NONE', ( #241, #1493 ) ) ;
#370 = CIRCLE ( 'NONE', #506, 27.00000000000000000 ) ;
#371 = CARTESIAN_POINT ( 'NONE',  ( -3.673940397442076533E-15, -30.00000000000000000, 31.51000000000000156 ) ) ;
#372 = CARTESIAN_POINT ( 'NONE',  ( 26.87005768508829462, 26.87005768508932846, 8.490000000000000213 ) ) ;
#373 = CIRCLE ( 'NONE', #2123, 1.650000000000002132 ) ;
#374 = ORIENTED_EDGE ( 'NONE', *, *, #317, .F. ) ;
#375 = EDGE_CURVE ( 'NONE', #1711, #419, #795, .T. ) ;
#376 = CARTESIAN_POINT ( 'NONE',  ( -11.48512371389607267, 36.70518139898453569, 25.51000000000000156 ) ) ;
#377 = DIRECTION ( 'NONE',  ( -1.000000000000000000, 0.000000000000000000, 0.000000000000000000 ) ) ;
#378 = CARTESIAN_POINT ( 'NONE',  ( -28.34999999999989484, 2.039036920580388495E-15, 0.4900000000000008793 ) ) ;
#379 = UNCERTAINTY_MEASURE_WITH_UNIT (LENGTH_MEASURE( 1.000000000000000082E-05 ), #217, 'distance_accuracy_value', 'NONE');
#380 = EDGE_CURVE ( 'NONE', #293, #2132, #2085, .T. ) ;
#381 = EDGE_CURVE ( 'NONE', #627, #410, #593, .T. ) ;
#382 = VERTEX_POINT ( 'NONE', #621 ) ;
#383 = CYLINDRICAL_SURFACE ( 'NONE', #89, 1.650000000000140910 ) ;
#384 = DIRECTION ( 'NONE',  ( -0.000000000000000000, -0.000000000000000000, -1.000000000000000000 ) ) ;
#385 = EDGE_CURVE ( 'NONE', #1504, #2106, #40, .T. ) ;
#386 = VECTOR ( 'NONE', #415, 1000.000000000000000 ) ;
#387 = ORIENTED_EDGE ( 'NONE', *, *, #688, .T. ) ;
#388 = DIRECTION ( 'NONE',  ( -0.000000000000000000, -0.000000000000000000, -1.000000000000000000 ) ) ;
#389 = FACE_BOUND ( 'NONE', #1560, .T. ) ;
#390 = EDGE_CURVE ( 'NONE', #657, #974, #867, .T. ) ;
#391 = ORIENTED_EDGE ( 'NONE', *, *, #1251, .F. ) ;
#392 = EDGE_CURVE ( 'NONE', #692, #833, #1835, .T. ) ;
#393 = DIRECTION ( 'NONE',  ( -0.000000000000000000, -0.000000000000000000, 1.000000000000000000 ) ) ;
#394 = DIRECTION ( 'NONE',  ( -0.000000000000000000, -0.000000000000000000, -1.000000000000000000 ) ) ;
#395 = ORIENTED_EDGE ( 'NONE', *, *, #872, .T. ) ;
#396 = ORIENTED_EDGE ( 'NONE', *, *, #1563, .F. ) ;
#397 = CARTESIAN_POINT ( 'NONE',  ( -31.65000000000010161, 1.836970198721062721E-15, 6.990000000000002878 ) ) ;
#398 = VECTOR ( 'NONE', #48, 1000.000000000000000 ) ;
#399 = ORIENTED_EDGE ( 'NONE', *, *, #1746, .F. ) ;
#400 = DIRECTION ( 'NONE',  ( -0.000000000000000000, -0.000000000000000000, -1.000000000000000000 ) ) ;
#401 = AXIS2_PLACEMENT_3D ( 'NONE', #413, #1092, #915 ) ;
#402 = EDGE_CURVE ( 'NONE', #1157, #721, #219, .T. ) ;
#403 = DIRECTION ( 'NONE',  ( -0.000000000000000000, -0.000000000000000000, -1.000000000000000000 ) ) ;
#404 = DIRECTION ( 'NONE',  ( 0.000000000000000000, 0.000000000000000000, 1.000000000000000000 ) ) ;
#405 = ORIENTED_EDGE ( 'NONE', *, *, #1035, .F. ) ;
#406 = ORIENTED_EDGE ( 'NONE', *, *, #1192, .F. ) ;
#407 = FACE_OUTER_BOUND ( 'NONE', #607, .T. ) ;
#408 = CIRCLE ( 'NONE', #609, 1.650000000000102718 ) ;
#409 = EDGE_LOOP ( 'NONE', ( #760, #359, #806, #1761 ) ) ;
#410 = VERTEX_POINT ( 'NONE', #1341 ) ;
#411 = CARTESIAN_POINT ( 'NONE',  ( 0.000000000000000000, 0.000000000000000000, 8.490000000000000213 ) ) ;
#412 = ORIENTED_EDGE ( 'NONE', *, *, #327, .T. ) ;
#413 = CARTESIAN_POINT ( 'NONE',  ( -26.87005768508897674, 26.87005768508863568, 25.51000000000000156 ) ) ;
#414 = CARTESIAN_POINT ( 'NONE',  ( -38.35518139898471190, -9.835123713896017250, 4.000000000000000000 ) ) ;
#415 = DIRECTION ( 'NONE',  ( -0.000000000000000000, -0.000000000000000000, -1.000000000000000000 ) ) ;
#416 = ORIENTED_EDGE ( 'NONE', *, *, #2081, .T. ) ;
#417 = CIRCLE ( 'NONE', #1773, 1.650000000000140910 ) ;
#418 = CARTESIAN_POINT ( 'NONE',  ( -15.00000000000002842, 25.98076211353313525, 0.4900000000000008793 ) ) ;
#419 = VERTEX_POINT ( 'NONE', #1849 ) ;
#420 = ADVANCED_FACE ( 'NONE', ( #676 ), #1195, .F. ) ;
#421 = CARTESIAN_POINT ( 'NONE',  ( 35.05518139898425289, -9.835123713895558950, 25.51000000000000156 ) ) ;
#422 = EDGE_CURVE ( 'NONE', #1461, #742, #1652, .T. ) ;
#423 = CARTESIAN_POINT ( 'NONE',  ( 26.87005768508829462, 26.87005768508932846, 4.000000000000000000 ) ) ;
#424 = VERTEX_POINT ( 'NONE', #2002 ) ;
#425 = ORIENTED_EDGE ( 'NONE', *, *, #37, .F. ) ;
#426 = CARTESIAN_POINT ( 'NONE',  ( 32.00000000000000000, 0.000000000000000000, 6.990000000000001101 ) ) ;
#427 = DIRECTION ( 'NONE',  ( -0.000000000000000000, -0.000000000000000000, -1.000000000000000000 ) ) ;
#428 = VECTOR ( 'NONE', #1142, 1000.000000000000000 ) ;
#429 = VERTEX_POINT ( 'NONE', #1484 ) ;
#430 = CARTESIAN_POINT ( 'NONE',  ( 0.000000000000000000, 0.000000000000000000, 6.990000000000001101 ) ) ;
#431 = VERTEX_POINT ( 'NONE', #1312 ) ;
#432 = CYLINDRICAL_SURFACE ( 'NONE', #1340, 1.650000000000172218 ) ;
#433 = VERTEX_POINT ( 'NONE', #1978 ) ;
#434 = DIRECTION ( 'NONE',  ( 1.000000000000000000, 0.000000000000000000, 0.000000000000000000 ) ) ;
#435 = ADVANCED_FACE ( 'NONE', ( #514, #1813, #1684, #2013, #352, #1177, #389, #1674, #1990, #226, #1663, #996, #1644, #876 ), #1511, .T. ) ;
#436 = CYLINDRICAL_SURFACE ( 'NONE', #585, 1.650000000000307443 ) ;
#437 = AXIS2_PLACEMENT_3D ( 'NONE', #1688, #1529, #1198 ) ;
#438 = ORIENTED_EDGE ( 'NONE', *, *, #1831, .F. ) ;
#439 = AXIS2_PLACEMENT_3D ( 'NONE', #289, #923, #945 ) ;
#440 = DIRECTION ( 'NONE',  ( 1.000000000000000000, 0.000000000000000000, 0.000000000000000000 ) ) ;
#441 = ORIENTED_EDGE ( 'NONE', *, *, #1651, .F. ) ;
#442 = DIRECTION ( 'NONE',  ( -1.000000000000000000, 0.000000000000000000, 0.000000000000000000 ) ) ;
#443 = CARTESIAN_POINT ( 'NONE',  ( -15.00000000000001066, -25.98076211353315301, 31.51000000000000156 ) ) ;
#444 = ORIENTED_EDGE ( 'NONE', *, *, #906, .T. ) ;
#445 = EDGE_LOOP ( 'NONE', ( #1738, #1263, #1060, #1615 ) ) ;
#446 = CYLINDRICAL_SURFACE ( 'NONE', #45, 1.650000000000267475 ) ;
#447 = CARTESIAN_POINT ( 'NONE',  ( -36.70518139898453569, -9.835123713896017250, 25.51000000000000156 ) ) ;
#448 = ORIENTED_EDGE ( 'NONE', *, *, #1495, .F. ) ;
#449 = CARTESIAN_POINT ( 'NONE',  ( -32.00000000000000000, 3.918869757271530263E-15, 8.490000000000000213 ) ) ;
#450 = ORIENTED_EDGE ( 'NONE', *, *, #1948, .T. ) ;
#451 = AXIS2_PLACEMENT_3D ( 'NONE', #1112, #1437, #365 ) ;
#452 = CIRCLE ( 'NONE', #630, 1.650000000000304112 ) ;
#453 = CIRCLE ( 'NONE', #1882, 1.650000000000172218 ) ;
#454 = CARTESIAN_POINT ( 'NONE',  ( -13.35000000000002807, 25.98076211353313525, 0.4900000000000008793 ) ) ;
#455 = ORIENTED_EDGE ( 'NONE', *, *, #1354, .F. ) ;
#456 = CARTESIAN_POINT ( 'NONE',  ( 11.48512371389633202, -36.70518139898453569, 4.000000000000000000 ) ) ;
#457 = FACE_OUTER_BOUND ( 'NONE', #734, .T. ) ;
#458 = ORIENTED_EDGE ( 'NONE', *, *, #338, .T. ) ;
#459 = DIRECTION ( 'NONE',  ( -0.000000000000000000, -0.000000000000000000, 1.000000000000000000 ) ) ;
#460 = ORIENTED_EDGE ( 'NONE', *, *, #117, .F. ) ;
#461 = EDGE_CURVE ( 'NONE', #1151, #284, #1122, .T. ) ;
#462 = DIRECTION ( 'NONE',  ( 1.000000000000000000, 0.000000000000000000, 0.000000000000000000 ) ) ;
#463 = MANIFOLD_SOLID_BREP ( '\X2\52079664\X0\-\X2\62c94f38\X0\6', #277 ) ;
#464 = CIRCLE ( 'NONE', #2003, 44.00000000000000000 ) ;
#465 = ORIENTED_EDGE ( 'NONE', *, *, #1281, .F. ) ;
#466 = DIRECTION ( 'NONE',  ( -1.000000000000000000, 0.000000000000000000, 0.000000000000000000 ) ) ;
#467 = ORIENTED_EDGE ( 'NONE', *, *, #76, .T. ) ;
#468 = CIRCLE ( 'NONE', #333, 27.00000000000000000 ) ;
#469 = VERTEX_POINT ( 'NONE', #810 ) ;
#470 = EDGE_CURVE ( 'NONE', #231, #1584, #373, .T. ) ;
#471 = AXIS2_PLACEMENT_3D ( 'NONE', #1440, #2112, #302 ) ;
#472 = EDGE_CURVE ( 'NONE', #2058, #1244, #1802, .T. ) ;
#473 = CIRCLE ( 'NONE', #743, 1.650000000000078515 ) ;
#474 = CARTESIAN_POINT ( 'NONE',  ( 28.34999999999969233, -5.510910596163123477E-15, 6.990000000000002878 ) ) ;
#475 = EDGE_LOOP ( 'NONE', ( #1116, #1199 ) ) ;
#476 = AXIS2_PLACEMENT_3D ( 'NONE', #1656, #1171, #1293 ) ;
#477 = CARTESIAN_POINT ( 'NONE',  ( 16.64999999999966462, 25.98076211353335196, 6.990000000000002878 ) ) ;
#478 = ORIENTED_EDGE ( 'NONE', *, *, #1111, .F. ) ;
#479 = CARTESIAN_POINT ( 'NONE',  ( 25.98076211353315301, -15.00000000000001421, 31.51000000000000156 ) ) ;
#480 = ORIENTED_EDGE ( 'NONE', *, *, #1226, .F. ) ;
#481 = EDGE_CURVE ( 'NONE', #145, #2073, #473, .T. ) ;
#482 = DIRECTION ( 'NONE',  ( -1.000000000000000000, 0.000000000000000000, 0.000000000000000000 ) ) ;
#483 = DIRECTION ( 'NONE',  ( 0.000000000000000000, 0.000000000000000000, -1.000000000000000000 ) ) ;
#484 = AXIS2_PLACEMENT_3D ( 'NONE', #1313, #641, #482 ) ;
#485 = DIRECTION ( 'NONE',  ( 0.000000000000000000, 0.000000000000000000, 1.000000000000000000 ) ) ;
#486 = ORIENTED_EDGE ( 'NONE', *, *, #830, .F. ) ;
#487 = DIRECTION ( 'NONE',  ( -1.000000000000000000, 0.000000000000000000, 0.000000000000000000 ) ) ;
#488 = CARTESIAN_POINT ( 'NONE',  ( 38.35518139898505297, -9.835123713895558950, 8.490000000000000213 ) ) ;
#489 = VERTEX_POINT ( 'NONE', #353 ) ;
#490 = DIRECTION ( 'NONE',  ( -0.000000000000000000, -0.000000000000000000, -1.000000000000000000 ) ) ;
#491 = ORIENTED_EDGE ( 'NONE', *, *, #1492, .F. ) ;
#492 = CARTESIAN_POINT ( 'NONE',  ( 25.98076211353298248, 15.00000000000030376, 31.51000000000000156 ) ) ;
#493 = AXIS2_PLACEMENT_3D ( 'NONE', #1527, #710, #11 ) ;
#494 = CIRCLE ( 'NONE', #764, 1.650000000000179101 ) ;
#495 = CARTESIAN_POINT ( 'NONE',  ( -13.34999999999983800, -25.98076211353315301, 6.990000000000002878 ) ) ;
#496 = LINE ( 'NONE', #819, #554 ) ;
#497 = CYLINDRICAL_SURFACE ( 'NONE', #230, 1.650000000000000355 ) ;
#498 = EDGE_LOOP ( 'NONE', ( #1361, #1765, #44, #1942 ) ) ;
#499 = CARTESIAN_POINT ( 'NONE',  ( -9.835123713895557174, -36.70518139898465648, 4.000000000000000000 ) ) ;
#500 = VERTEX_POINT ( 'NONE', #9 ) ;
#501 = CIRCLE ( 'NONE', #50, 1.650000000000401146 ) ;
#502 = DIRECTION ( 'NONE',  ( -0.000000000000000000, -0.000000000000000000, -1.000000000000000000 ) ) ;
#503 = AXIS2_PLACEMENT_3D ( 'NONE', #820, #2108, #2122 ) ;
#504 = AXIS2_PLACEMENT_3D ( 'NONE', #1288, #1490, #1172 ) ;
#505 = DIRECTION ( 'NONE',  ( -1.000000000000000000, 0.000000000000000000, 0.000000000000000000 ) ) ;
#506 = AXIS2_PLACEMENT_3D ( 'NONE', #1920, #1712, #1259 ) ;
#507 = LINE ( 'NONE', #1326, #896 ) ;
#508 = PRODUCT_DEFINITION_CONTEXT ( 'detailed design', #1240, 'design' ) ;
#509 = FACE_BOUND ( 'NONE', #1021, .T. ) ;
#510 = ORIENTED_EDGE ( 'NONE', *, *, #853, .F. ) ;
#511 = EDGE_CURVE ( 'NONE', #1461, #424, #1558, .T. ) ;
#512 = ORIENTED_EDGE ( 'NONE', *, *, #470, .F. ) ;
#513 = DIRECTION ( 'NONE',  ( -0.000000000000000000, -0.000000000000000000, 1.000000000000000000 ) ) ;
#514 = FACE_BOUND ( 'NONE', #290, .T. ) ;
#515 = CARTESIAN_POINT ( 'NONE',  ( 30.00000000000000000, -5.510910596163123477E-15, 6.990000000000002878 ) ) ;
#516 = DIRECTION ( 'NONE',  ( 0.000000000000000000, 0.000000000000000000, 1.000000000000000000 ) ) ;
#517 = DIRECTION ( 'NONE',  ( 0.000000000000000000, 0.000000000000000000, -1.000000000000000000 ) ) ;
#518 = AXIS2_PLACEMENT_3D ( 'NONE', #1562, #1422, #1909 ) ;
#519 = FACE_OUTER_BOUND ( 'NONE', #650, .T. ) ;
#520 = EDGE_LOOP ( 'NONE', ( #1176, #1590 ) ) ;
#521 = ORIENTED_EDGE ( 'NONE', *, *, #1435, .F. ) ;
#522 = CARTESIAN_POINT ( 'NONE',  ( 9.835123713896013697, -36.70518139898453569, 8.490000000000000213 ) ) ;
#523 = EDGE_CURVE ( 'NONE', #431, #433, #843, .T. ) ;
#524 = DIRECTION ( 'NONE',  ( -0.000000000000000000, -0.000000000000000000, -1.000000000000000000 ) ) ;
#525 = DIRECTION ( 'NONE',  ( -1.000000000000000000, 0.000000000000000000, 0.000000000000000000 ) ) ;
#526 = EDGE_CURVE ( 'NONE', #615, #803, #265, .T. ) ;
#527 = ADVANCED_FACE ( 'NONE', ( #1646 ), #191, .F. ) ;
#528 = DIRECTION ( 'NONE',  ( -0.000000000000000000, -0.000000000000000000, 1.000000000000000000 ) ) ;
#529 = AXIS2_PLACEMENT_3D ( 'NONE', #600, #1239, #442 ) ;
#530 = CYLINDRICAL_SURFACE ( 'NONE', #184, 1.650000000000078515 ) ;
#531 = DIRECTION ( 'NONE',  ( -1.000000000000000000, 0.000000000000000000, 0.000000000000000000 ) ) ;
#532 = PRODUCT_CONTEXT ( 'NONE', #812, 'mechanical' ) ;
#533 = EDGE_LOOP ( 'NONE', ( #84, #696, #961, #374 ) ) ;
#534 = DIRECTION ( 'NONE',  ( -1.000000000000000000, 0.000000000000000000, 0.000000000000000000 ) ) ;
#535 = AXIS2_PLACEMENT_3D ( 'NONE', #1853, #1686, #1665 ) ;
#536 = EDGE_LOOP ( 'NONE', ( #1330, #815 ) ) ;
#537 = DIRECTION ( 'NONE',  ( 0.000000000000000000, 0.000000000000000000, -1.000000000000000000 ) ) ;
#538 = CARTESIAN_POINT ( 'NONE',  ( 0.000000000000000000, 0.000000000000000000, 6.990000000000001101 ) ) ;
#539 = DIRECTION ( 'NONE',  ( 0.000000000000000000, 0.000000000000000000, 1.000000000000000000 ) ) ;
#540 = CYLINDRICAL_SURFACE ( 'NONE', #1370, 1.650000000000002132 ) ;
#541 = AXIS2_PLACEMENT_3D ( 'NONE', #1100, #589, #267 ) ;
#542 = ADVANCED_FACE ( 'NONE', ( #828 ), #1980, .F. ) ;
#543 = AXIS2_PLACEMENT_3D ( 'NONE', #157, #43, #1532 ) ;
#544 = ORIENTED_EDGE ( 'NONE', *, *, #1840, .T. ) ;
#545 = CARTESIAN_POINT ( 'NONE',  ( -31.65000000000010161, 1.836970198721062721E-15, 0.4900000000000008793 ) ) ;
#546 = EDGE_CURVE ( 'NONE', #185, #1011, #1859, .T. ) ;
#547 = EDGE_LOOP ( 'NONE', ( #784, #19, #1051, #993 ) ) ;
#548 = LINE ( 'NONE', #1989, #1597 ) ;
#549 = DIRECTION ( 'NONE',  ( -0.000000000000000000, -0.000000000000000000, -1.000000000000000000 ) ) ;
#550 = CARTESIAN_POINT ( 'NONE',  ( -9.835123713896070541, 36.70518139898453569, 4.000000000000000000 ) ) ;
#551 = ADVANCED_FACE ( 'NONE', ( #2116, #817, #1654, #1292, #1, #2128, #838, #1486, #653, #1957, #24, #643, #1947, #677 ), #1304, .T. ) ;
#552 = ORIENTED_EDGE ( 'NONE', *, *, #2069, .T. ) ;
#553 = CARTESIAN_POINT ( 'NONE',  ( 34.00000000000000000, 4.163799117101000559E-15, 4.000000000000000000 ) ) ;
#554 = VECTOR ( 'NONE', #1647, 1000.000000000000000 ) ;
#555 = AXIS2_PLACEMENT_3D ( 'NONE', #2094, #1917, #1887 ) ;
#556 = VERTEX_POINT ( 'NONE', #495 ) ;
#557 = DIRECTION ( 'NONE',  ( -1.000000000000000000, 0.000000000000000000, 0.000000000000000000 ) ) ;
#558 = CYLINDRICAL_SURFACE ( 'NONE', #1465, 1.650000000000179101 ) ;
#559 = ORIENTED_EDGE ( 'NONE', *, *, #385, .F. ) ;
#560 = CARTESIAN_POINT ( 'NONE',  ( 27.00000000000000000, -5.113761991774268605E-16, 6.990000000000001101 ) ) ;
#561 = LINE ( 'NONE', #1015, #1109 ) ;
#562 = CARTESIAN_POINT ( 'NONE',  ( 28.52005768508828965, 26.87005768508932846, 4.000000000000000000 ) ) ;
#563 = EDGE_LOOP ( 'NONE', ( #1265, #1925, #124, #863 ) ) ;
#564 = CARTESIAN_POINT ( 'NONE',  ( -24.33076211353302298, -14.99999999999999467, 6.990000000000002878 ) ) ;
#565 = ORIENTED_EDGE ( 'NONE', *, *, #1149, .T. ) ;
#566 = FACE_OUTER_BOUND ( 'NONE', #1077, .T. ) ;
#567 = ORIENTED_EDGE ( 'NONE', *, *, #1101, .F. ) ;
#568 = LINE ( 'NONE', #1378, #222 ) ;
#569 = DIRECTION ( 'NONE',  ( -0.000000000000000000, -0.000000000000000000, 1.000000000000000000 ) ) ;
#570 = VECTOR ( 'NONE', #1531, 1000.000000000000000 ) ;
#571 = ORIENTED_EDGE ( 'NONE', *, *, #1057, .F. ) ;
#572 = CARTESIAN_POINT ( 'NONE',  ( 1.650000000000200195, -30.00000000000000000, 6.990000000000002878 ) ) ;
#573 = DIRECTION ( 'NONE',  ( -1.000000000000000000, 0.000000000000000000, 0.000000000000000000 ) ) ;
#574 = VECTOR ( 'NONE', #1302, 1000.000000000000000 ) ;
#575 = AXIS2_PLACEMENT_3D ( 'NONE', #423, #266, #2070 ) ;
#576 = EDGE_LOOP ( 'NONE', ( #2118, #1972 ) ) ;
#577 = DIRECTION ( 'NONE',  ( -0.000000000000000000, -0.000000000000000000, -1.000000000000000000 ) ) ;
#578 = ORIENTED_EDGE ( 'NONE', *, *, #1354, .T. ) ;
#579 = LINE ( 'NONE', #746, #608 ) ;
#580 = ORIENTED_EDGE ( 'NONE', *, *, #1704, .T. ) ;
#581 = VERTEX_POINT ( 'NONE', #969 ) ;
#582 = CARTESIAN_POINT ( 'NONE',  ( 36.70518139898465648, -9.835123713895558950, 8.490000000000000213 ) ) ;
#583 = CYLINDRICAL_SURFACE ( 'NONE', #1395, 1.650000000000203748 ) ;
#584 = ORIENTED_EDGE ( 'NONE', *, *, #1673, .F. ) ;
#585 = AXIS2_PLACEMENT_3D ( 'NONE', #1549, #938, #1256 ) ;
#586 = FACE_OUTER_BOUND ( 'NONE', #955, .T. ) ;
#587 = VERTEX_POINT ( 'NONE', #1625 ) ;
#588 = EDGE_CURVE ( 'NONE', #419, #1711, #1230, .T. ) ;
#589 = DIRECTION ( 'NONE',  ( 0.000000000000000000, 0.000000000000000000, 1.000000000000000000 ) ) ;
#590 = VERTEX_POINT ( 'NONE', #160 ) ;
#591 = CARTESIAN_POINT ( 'NONE',  ( 27.63076211353298461, 15.00000000000030376, 0.4900000000000008793 ) ) ;
#592 = DIRECTION ( 'NONE',  ( -1.000000000000000000, 0.000000000000000000, 0.000000000000000000 ) ) ;
#593 = CIRCLE ( 'NONE', #964, 1.650000000000179101 ) ;
#594 = VERTEX_POINT ( 'NONE', #980 ) ;
#595 = AXIS2_PLACEMENT_3D ( 'NONE', #1144, #1967, #505 ) ;
#596 = CARTESIAN_POINT ( 'NONE',  ( 27.00000000000000000, -5.113761991774268605E-16, 5.990000000000001101 ) ) ;
#597 = DIRECTION ( 'NONE',  ( 0.000000000000000000, 0.000000000000000000, -1.000000000000000000 ) ) ;
#598 = ORIENTED_EDGE ( 'NONE', *, *, #2081, .F. ) ;
#599 = AXIS2_PLACEMENT_3D ( 'NONE', #1429, #1561, #2054 ) ;
#600 = CARTESIAN_POINT ( 'NONE',  ( -36.70518139898465648, 9.835123713895553621, 4.000000000000000000 ) ) ;
#601 = DIRECTION ( 'NONE',  ( -1.000000000000000000, 0.000000000000000000, 0.000000000000000000 ) ) ;
#602 = EDGE_CURVE ( 'NONE', #224, #594, #1153, .T. ) ;
#603 = ORIENTED_EDGE ( 'NONE', *, *, #110, .T. ) ;
#604 = CIRCLE ( 'NONE', #1933, 1.650000000000071632 ) ;
#605 = CYLINDRICAL_SURFACE ( 'NONE', #768, 1.650000000000401146 ) ;
#606 = DIRECTION ( 'NONE',  ( 0.000000000000000000, 0.000000000000000000, 1.000000000000000000 ) ) ;
#607 = EDGE_LOOP ( 'NONE', ( #1550, #1789, #120, #1470 ) ) ;
#608 = VECTOR ( 'NONE', #869, 1000.000000000000000 ) ;
#609 = AXIS2_PLACEMENT_3D ( 'NONE', #941, #103, #1589 ) ;
#610 = AXIS2_PLACEMENT_3D ( 'NONE', #891, #1702, #46 ) ;
#611 = LINE ( 'NONE', #911, #1557 ) ;
#612 = EDGE_LOOP ( 'NONE', ( #754, #52 ) ) ;
#613 = ADVANCED_FACE ( 'NONE', ( #1871 ), #1513, .F. ) ;
#614 = DIRECTION ( 'NONE',  ( -0.000000000000000000, -0.000000000000000000, -1.000000000000000000 ) ) ;
#615 = VERTEX_POINT ( 'NONE', #215 ) ;
#616 = CARTESIAN_POINT ( 'NONE',  ( -25.98076211353315657, 15.00000000000000355, 0.4900000000000008793 ) ) ;
#617 = CARTESIAN_POINT ( 'NONE',  ( 14.99999999999966604, 25.98076211353335196, 6.990000000000002878 ) ) ;
#618 = ORIENTED_EDGE ( 'NONE', *, *, #345, .F. ) ;
#619 = DIRECTION ( 'NONE',  ( 0.000000000000000000, 0.000000000000000000, 1.000000000000000000 ) ) ;
#620 = ORIENTED_EDGE ( 'NONE', *, *, #989, .F. ) ;
#621 = CARTESIAN_POINT ( 'NONE',  ( 25.22005768508829959, 26.87005768508932846, 4.000000000000000000 ) ) ;
#622 = DIRECTION ( 'NONE',  ( -0.000000000000000000, -0.000000000000000000, -1.000000000000000000 ) ) ;
#623 = DIRECTION ( 'NONE',  ( -1.000000000000000000, 0.000000000000000000, 0.000000000000000000 ) ) ;
#624 = LINE ( 'NONE', #325, #1415 ) ;
#625 = ADVANCED_FACE ( 'NONE', ( #227, #1334, #892, #72, #1544, #866, #1344, #1705, #730, #901, #723, #1178, #1068, #2005 ), #2033, .T. ) ;
#626 = ORIENTED_EDGE ( 'NONE', *, *, #1299, .F. ) ;
#627 = VERTEX_POINT ( 'NONE', #202 ) ;
#628 = PRODUCT_DEFINITION ( 'æ™', '', #1794, #508 ) ;
#629 = CARTESIAN_POINT ( 'NONE',  ( 25.98076211353315301, -15.00000000000001421, 0.4900000000000008793 ) ) ;
#630 = AXIS2_PLACEMENT_3D ( 'NONE', #1936, #485, #1445 ) ;
#631 = ORIENTED_EDGE ( 'NONE', *, *, #781, .T. ) ;
#632 = DIRECTION ( 'NONE',  ( -0.000000000000000000, -0.000000000000000000, -1.000000000000000000 ) ) ;
#633 = VERTEX_POINT ( 'NONE', #1685 ) ;
#634 = EDGE_CURVE ( 'NONE', #736, #382, #1141, .T. ) ;
#635 = VECTOR ( 'NONE', #2022, 1000.000000000000000 ) ;
#636 = CIRCLE ( 'NONE', #1968, 1.650000000000140910 ) ;
#637 = ORIENTED_EDGE ( 'NONE', *, *, #239, .T. ) ;
#638 = CIRCLE ( 'NONE', #837, 1.650000000000000355 ) ;
#639 = DIRECTION ( 'NONE',  ( 1.000000000000000000, 0.000000000000000000, 0.000000000000000000 ) ) ;
#640 = CIRCLE ( 'NONE', #1695, 1.650000000000078515 ) ;
#641 = DIRECTION ( 'NONE',  ( -0.000000000000000000, -0.000000000000000000, -1.000000000000000000 ) ) ;
#642 = AXIS2_PLACEMENT_3D ( 'NONE', #1780, #528, #1457 ) ;
#643 = FACE_BOUND ( 'NONE', #1372, .T. ) ;
#644 = ORIENTED_EDGE ( 'NONE', *, *, #1791, .T. ) ;
#645 = DIRECTION ( 'NONE',  ( 0.000000000000000000, 0.000000000000000000, 1.000000000000000000 ) ) ;
#646 = CARTESIAN_POINT ( 'NONE',  ( 32.00000000000000000, 0.000000000000000000, 8.490000000000000213 ) ) ;
#647 = ORIENTED_EDGE ( 'NONE', *, *, #35, .F. ) ;
#648 = EDGE_CURVE ( 'NONE', #424, #1461, #2068, .T. ) ;
#649 = CARTESIAN_POINT ( 'NONE',  ( 24.33076211353298035, 15.00000000000030376, 31.51000000000000156 ) ) ;
#650 = EDGE_LOOP ( 'NONE', ( #2031, #1543, #1067, #544 ) ) ;
#651 = EDGE_CURVE ( 'NONE', #1985, #1711, #568, .T. ) ;
#652 = EDGE_CURVE ( 'NONE', #581, #834, #1187, .T. ) ;
#653 = FACE_BOUND ( 'NONE', #1801, .T. ) ;
#654 = DIRECTION ( 'NONE',  ( -1.000000000000000000, 0.000000000000000000, 0.000000000000000000 ) ) ;
#655 = CYLINDRICAL_SURFACE ( 'NONE', #503, 1.650000000000000355 ) ;
#656 = ORIENTED_EDGE ( 'NONE', *, *, #526, .F. ) ;
#657 = VERTEX_POINT ( 'NONE', #1526 ) ;
#658 = DIRECTION ( 'NONE',  ( -1.000000000000000000, 0.000000000000000000, 0.000000000000000000 ) ) ;
#659 = AXIS2_PLACEMENT_3D ( 'NONE', #699, #38, #879 ) ;
#660 = DIRECTION ( 'NONE',  ( -1.000000000000000000, 0.000000000000000000, 0.000000000000000000 ) ) ;
#661 = DIRECTION ( 'NONE',  ( -0.000000000000000000, -0.000000000000000000, -1.000000000000000000 ) ) ;
#662 = DIRECTION ( 'NONE',  ( -1.000000000000000000, 0.000000000000000000, 0.000000000000000000 ) ) ;
#663 = EDGE_CURVE ( 'NONE', #1339, #1857, #940, .T. ) ;
#664 = DIRECTION ( 'NONE',  ( -1.000000000000000000, 0.000000000000000000, 0.000000000000000000 ) ) ;
#665 = ORIENTED_EDGE ( 'NONE', *, *, #1201, .F. ) ;
#666 = VERTEX_POINT ( 'NONE', #2048 ) ;
#667 = AXIS2_PLACEMENT_3D ( 'NONE', #997, #986, #1653 ) ;
#668 = DIRECTION ( 'NONE',  ( 1.000000000000000000, 0.000000000000000000, 0.000000000000000000 ) ) ;
#669 = AXIS2_PLACEMENT_3D ( 'NONE', #999, #959, #1473 ) ;
#670 = AXIS2_PLACEMENT_3D ( 'NONE', #765, #459, #930 ) ;
#671 = CARTESIAN_POINT ( 'NONE',  ( 1.649999999999999689, 30.00000000000000000, 0.4900000000000008793 ) ) ;
#672 = CYLINDRICAL_SURFACE ( 'NONE', #1123, 44.00000000000000000 ) ;
#673 = ORIENTED_EDGE ( 'NONE', *, *, #1814, .F. ) ;
#674 = EDGE_LOOP ( 'NONE', ( #2041, #1271, #412, #1533 ) ) ;
#675 = CARTESIAN_POINT ( 'NONE',  ( -15.00000000000002842, 25.98076211353313525, 31.51000000000000156 ) ) ;
#676 = FACE_OUTER_BOUND ( 'NONE', #114, .T. ) ;
#677 = FACE_BOUND ( 'NONE', #1135, .T. ) ;
#678 = CARTESIAN_POINT ( 'NONE',  ( -26.87005768508864278, -26.87005768508896608, 8.490000000000000213 ) ) ;
#679 = DIRECTION ( 'NONE',  ( 1.000000000000000000, 0.000000000000000000, 0.000000000000000000 ) ) ;
#680 = AXIS2_PLACEMENT_3D ( 'NONE', #617, #1215, #1740 ) ;
#681 = DIRECTION ( 'NONE',  ( 1.000000000000000000, 0.000000000000000000, 0.000000000000000000 ) ) ;
#682 = ORIENTED_EDGE ( 'NONE', *, *, #1974, .T. ) ;
#683 = DIRECTION ( 'NONE',  ( -1.000000000000000000, 0.000000000000000000, 0.000000000000000000 ) ) ;
#684 = VERTEX_POINT ( 'NONE', #855 ) ;
#685 = PRODUCT_RELATED_PRODUCT_CATEGORY ( 'part', '', ( #82 ) ) ;
#686 = DIRECTION ( 'NONE',  ( -0.000000000000000000, -0.000000000000000000, -1.000000000000000000 ) ) ;
#687 =( NAMED_UNIT ( * ) PLANE_ANGLE_UNIT ( ) SI_UNIT ( $, .RADIAN. ) );
#688 = EDGE_CURVE ( 'NONE', #1220, #1888, #494, .T. ) ;
#689 = DIRECTION ( 'NONE',  ( 1.000000000000000000, 0.000000000000000000, -0.000000000000000000 ) ) ;
#690 = CIRCLE ( 'NONE', #493, 44.00000000000000000 ) ;
#691 = LINE ( 'NONE', #2006, #1995 ) ;
#692 = VERTEX_POINT ( 'NONE', #1058 ) ;
#693 = DIRECTION ( 'NONE',  ( 1.000000000000000000, 0.000000000000000000, 0.000000000000000000 ) ) ;
#694 = DIRECTION ( 'NONE',  ( -1.000000000000000000, 0.000000000000000000, 0.000000000000000000 ) ) ;
#695 = CIRCLE ( 'NONE', #1410, 1.650000000000283240 ) ;
#696 = ORIENTED_EDGE ( 'NONE', *, *, #422, .T. ) ;
#697 = CARTESIAN_POINT ( 'NONE',  ( 28.52005768508828965, 26.87005768508932846, 25.51000000000000156 ) ) ;
#698 = VECTOR ( 'NONE', #502, 1000.000000000000000 ) ;
#699 = CARTESIAN_POINT ( 'NONE',  ( -25.98076211353316367, -14.99999999999999467, 31.51000000000000156 ) ) ;
#700 = CARTESIAN_POINT ( 'NONE',  ( 11.48512371389555753, 36.70518139898466359, 4.000000000000000000 ) ) ;
#701 = CIRCLE ( 'NONE', #1901, 1.650000000000241496 ) ;
#702 = AXIS2_PLACEMENT_3D ( 'NONE', #499, #1808, #1943 ) ;
#703 = ORIENTED_EDGE ( 'NONE', *, *, #1616, .F. ) ;
#704 = VERTEX_POINT ( 'NONE', #560 ) ;
#705 = CARTESIAN_POINT ( 'NONE',  ( -44.00000000000000000, 0.000000000000000000, 8.490000000000000213 ) ) ;
#706 = ORIENTED_EDGE ( 'NONE', *, *, #1555, .F. ) ;
#707 = DIRECTION ( 'NONE',  ( 1.000000000000000000, 0.000000000000000000, -0.000000000000000000 ) ) ;
#708 = CARTESIAN_POINT ( 'NONE',  ( -36.70518139898453569, -9.835123713896017250, 4.000000000000000000 ) ) ;
#709 = DIRECTION ( 'NONE',  ( -1.000000000000000000, 0.000000000000000000, 0.000000000000000000 ) ) ;
#710 = DIRECTION ( 'NONE',  ( 0.000000000000000000, 0.000000000000000000, 1.000000000000000000 ) ) ;
#711 = ADVANCED_FACE ( 'NONE', ( #1046 ), #1500, .F. ) ;
#712 = EDGE_CURVE ( 'NONE', #803, #633, #1764, .T. ) ;
#713 = DIRECTION ( 'NONE',  ( 0.000000000000000000, 0.000000000000000000, 1.000000000000000000 ) ) ;
#714 = ORIENTED_EDGE ( 'NONE', *, *, #132, .T. ) ;
#715 = DIRECTION ( 'NONE',  ( -0.000000000000000000, -0.000000000000000000, -1.000000000000000000 ) ) ;
#716 = AXIS2_PLACEMENT_3D ( 'NONE', #180, #517, #662 ) ;
#717 = CIRCLE ( 'NONE', #897, 1.650000000000078515 ) ;
#718 = CIRCLE ( 'NONE', #1707, 27.00000000000000000 ) ;
#719 = ORIENTED_EDGE ( 'NONE', *, *, #1762, .T. ) ;
#720 = CARTESIAN_POINT ( 'NONE',  ( -13.34999999999983800, -25.98076211353315301, 0.4900000000000008793 ) ) ;
#721 = VERTEX_POINT ( 'NONE', #255 ) ;
#722 = CARTESIAN_POINT ( 'NONE',  ( 0.000000000000000000, 30.00000000000000000, 6.990000000000002878 ) ) ;
#723 = FACE_BOUND ( 'NONE', #1893, .T. ) ;
#724 = ORIENTED_EDGE ( 'NONE', *, *, #1226, .T. ) ;
#725 = CARTESIAN_POINT ( 'NONE',  ( -28.52005768508888295, -26.87005768508896608, 25.51000000000000156 ) ) ;
#726 = ORIENTED_EDGE ( 'NONE', *, *, #648, .F. ) ;
#727 = AXIS2_PLACEMENT_3D ( 'NONE', #829, #1475, #1262 ) ;
#728 = CARTESIAN_POINT ( 'NONE',  ( -35.05518139898453001, 9.835123713895553621, 25.51000000000000156 ) ) ;
#729 = EDGE_LOOP ( 'NONE', ( #349, #1841, #682, #620 ) ) ;
#730 = FACE_BOUND ( 'NONE', #1877, .T. ) ;
#731 = VECTOR ( 'NONE', #909, 1000.000000000000000 ) ;
#732 = VECTOR ( 'NONE', #1438, 1000.000000000000000 ) ;
#733 = DIRECTION ( 'NONE',  ( -0.000000000000000000, -0.000000000000000000, -1.000000000000000000 ) ) ;
#734 = EDGE_LOOP ( 'NONE', ( #1071, #1912, #182, #108 ) ) ;
#735 = DIRECTION ( 'NONE',  ( 0.000000000000000000, 0.000000000000000000, 1.000000000000000000 ) ) ;
#736 = VERTEX_POINT ( 'NONE', #562 ) ;
#737 = CARTESIAN_POINT ( 'NONE',  ( -9.835123713896070541, 36.70518139898453569, 8.490000000000000213 ) ) ;
#738 = LINE ( 'NONE', #1247, #386 ) ;
#739 = AXIS2_PLACEMENT_3D ( 'NONE', #492, #329, #1007 ) ;
#740 = VECTOR ( 'NONE', #524, 1000.000000000000000 ) ;
#741 = ADVANCED_FACE ( 'NONE', ( #1359 ), #1210, .F. ) ;
#742 = VERTEX_POINT ( 'NONE', #2050 ) ;
#743 = AXIS2_PLACEMENT_3D ( 'NONE', #1285, #1664, #322 ) ;
#744 = DIRECTION ( 'NONE',  ( 1.000000000000000000, 0.000000000000000000, 0.000000000000000000 ) ) ;
#745 = ORIENTED_EDGE ( 'NONE', *, *, #2076, .F. ) ;
#746 = CARTESIAN_POINT ( 'NONE',  ( 13.34999999999974740, -25.98076211353316367, 31.51000000000000156 ) ) ;
#747 = DIRECTION ( 'NONE',  ( -0.000000000000000000, -0.000000000000000000, -1.000000000000000000 ) ) ;
#748 = ORIENTED_EDGE ( 'NONE', *, *, #14, .T. ) ;
#749 = DIRECTION ( 'NONE',  ( -0.000000000000000000, -0.000000000000000000, -1.000000000000000000 ) ) ;
#750 = DIRECTION ( 'NONE',  ( -0.000000000000000000, -0.000000000000000000, 1.000000000000000000 ) ) ;
#751 = ORIENTED_EDGE ( 'NONE', *, *, #1498, .T. ) ;
#752 = CIRCLE ( 'NONE', #1572, 1.649999999999995248 ) ;
#753 = DIRECTION ( 'NONE',  ( 0.000000000000000000, 0.000000000000000000, 1.000000000000000000 ) ) ;
#754 = ORIENTED_EDGE ( 'NONE', *, *, #1150, .F. ) ;
#755 = DIRECTION ( 'NONE',  ( 1.000000000000000000, 0.000000000000000000, 0.000000000000000000 ) ) ;
#756 = DIRECTION ( 'NONE',  ( -1.000000000000000000, 0.000000000000000000, 0.000000000000000000 ) ) ;
#757 = CARTESIAN_POINT ( 'NONE',  ( 24.33076211353287022, -15.00000000000001421, 31.51000000000000156 ) ) ;
#758 = DIRECTION ( 'NONE',  ( -0.000000000000000000, -0.000000000000000000, -1.000000000000000000 ) ) ;
#759 = DIRECTION ( 'NONE',  ( -1.000000000000000000, 0.000000000000000000, 0.000000000000000000 ) ) ;
#760 = ORIENTED_EDGE ( 'NONE', *, *, #422, .F. ) ;
#761 = CARTESIAN_POINT ( 'NONE',  ( -34.00000000000000000, 0.000000000000000000, 4.000000000000000000 ) ) ;
#762 = CYLINDRICAL_SURFACE ( 'NONE', #106, 1.650000000000000355 ) ;
#763 = ORIENTED_EDGE ( 'NONE', *, *, #1623, .T. ) ;
#764 = AXIS2_PLACEMENT_3D ( 'NONE', #1038, #2025, #377 ) ;
#765 = CARTESIAN_POINT ( 'NONE',  ( -25.98076211353316367, -14.99999999999999467, 0.4900000000000008793 ) ) ;
#766 = ORIENTED_EDGE ( 'NONE', *, *, #1033, .T. ) ;
#767 = DIRECTION ( 'NONE',  ( -0.000000000000000000, -0.000000000000000000, -1.000000000000000000 ) ) ;
#768 = AXIS2_PLACEMENT_3D ( 'NONE', #948, #905, #1547 ) ;
#769 = EDGE_CURVE ( 'NONE', #1699, #431, #579, .T. ) ;
#770 = DIRECTION ( 'NONE',  ( 0.000000000000000000, 0.000000000000000000, 1.000000000000000000 ) ) ;
#771 = EDGE_LOOP ( 'NONE', ( #396, #1828, #328, #2107 ) ) ;
#772 = CIRCLE ( 'NONE', #1045, 1.649999999999998579 ) ;
#773 = FACE_OUTER_BOUND ( 'NONE', #1055, .T. ) ;
#774 = FACE_OUTER_BOUND ( 'NONE', #1552, .T. ) ;
#775 = EDGE_LOOP ( 'NONE', ( #85, #92 ) ) ;
#776 = DIRECTION ( 'NONE',  ( 0.000000000000000000, 0.000000000000000000, -1.000000000000000000 ) ) ;
#777 = AXIS2_PLACEMENT_3D ( 'NONE', #1374, #1076, #127 ) ;
#778 = CIRCLE ( 'NONE', #1939, 1.650000000000283240 ) ;
#779 = DIRECTION ( 'NONE',  ( 1.000000000000000000, 0.000000000000000000, 0.000000000000000000 ) ) ;
#780 = ORIENTED_EDGE ( 'NONE', *, *, #1779, .T. ) ;
#781 = EDGE_CURVE ( 'NONE', #973, #151, #884, .T. ) ;
#782 = DIRECTION ( 'NONE',  ( -0.000000000000000000, -0.000000000000000000, -1.000000000000000000 ) ) ;
#783 = ORIENTED_EDGE ( 'NONE', *, *, #102, .F. ) ;
#784 = ORIENTED_EDGE ( 'NONE', *, *, #2043, .F. ) ;
#785 = DIRECTION ( 'NONE',  ( -0.000000000000000000, -0.000000000000000000, -1.000000000000000000 ) ) ;
#786 = CARTESIAN_POINT ( 'NONE',  ( 26.87005768508896253, -26.87005768508864989, 25.51000000000000156 ) ) ;
#787 = ORIENTED_EDGE ( 'NONE', *, *, #998, .F. ) ;
#788 = CARTESIAN_POINT ( 'NONE',  ( 27.63076211353343581, -15.00000000000001421, 6.990000000000002878 ) ) ;
#789 = VERTEX_POINT ( 'NONE', #790 ) ;
#790 = CARTESIAN_POINT ( 'NONE',  ( 8.185123713895556818, 36.70518139898466359, 4.000000000000000000 ) ) ;
#791 = ORIENTED_EDGE ( 'NONE', *, *, #1466, .T. ) ;
#792 = VERTEX_POINT ( 'NONE', #1404 ) ;
#793 = DIRECTION ( 'NONE',  ( -1.000000000000000000, 0.000000000000000000, 0.000000000000000000 ) ) ;
#794 = EDGE_LOOP ( 'NONE', ( #448, #1213 ) ) ;
#795 = CIRCLE ( 'NONE', #529, 1.650000000000123590 ) ;
#796 = EDGE_CURVE ( 'NONE', #128, #305, #1797, .T. ) ;
#797 = VERTEX_POINT ( 'NONE', #107 ) ;
#798 = ADVANCED_FACE ( 'NONE', ( #1392 ), #432, .F. ) ;
#799 = CARTESIAN_POINT ( 'NONE',  ( -36.70518139898465648, 9.835123713895553621, 25.51000000000000156 ) ) ;
#800 = CIRCLE ( 'NONE', #1928, 1.650000000000000355 ) ;
#801 = ORIENTED_EDGE ( 'NONE', *, *, #37, .T. ) ;
#802 = DIRECTION ( 'NONE',  ( -0.000000000000000000, -0.000000000000000000, -1.000000000000000000 ) ) ;
#803 = VERTEX_POINT ( 'NONE', #474 ) ;
#804 = ADVANCED_FACE ( 'NONE', ( #2071 ), #1126, .F. ) ;
#805 = VECTOR ( 'NONE', #782, 1000.000000000000000 ) ;
#806 = ORIENTED_EDGE ( 'NONE', *, *, #317, .T. ) ;
#807 = DIRECTION ( 'NONE',  ( -1.000000000000000000, 0.000000000000000000, 0.000000000000000000 ) ) ;
#808 = AXIS2_PLACEMENT_3D ( 'NONE', #372, #1680, #66 ) ;
#809 = MECHANICAL_DESIGN_GEOMETRIC_PRESENTATION_REPRESENTATION (  '', ( #95 ), #1279 ) ;
#810 = CARTESIAN_POINT ( 'NONE',  ( 16.65000000000023306, -25.98076211353316367, 6.990000000000002878 ) ) ;
#811 = CARTESIAN_POINT ( 'NONE',  ( 25.98076211353315301, -15.00000000000001421, 6.990000000000002878 ) ) ;
#812 = APPLICATION_CONTEXT ( 'automotive_design' ) ;
#813 = FACE_OUTER_BOUND ( 'NONE', #1094, .T. ) ;
#814 = ORIENTED_EDGE ( 'NONE', *, *, #1667, .F. ) ;
#815 = ORIENTED_EDGE ( 'NONE', *, *, #1593, .F. ) ;
#816 = DIRECTION ( 'NONE',  ( 1.000000000000000000, 0.000000000000000000, 0.000000000000000000 ) ) ;
#817 = FACE_BOUND ( 'NONE', #1291, .T. ) ;
#818 = AXIS2_PLACEMENT_3D ( 'NONE', #1850, #1693, #155 ) ;
#819 = CARTESIAN_POINT ( 'NONE',  ( 25.22005768508829959, 26.87005768508932846, 25.51000000000000156 ) ) ;
#820 = CARTESIAN_POINT ( 'NONE',  ( 14.99999999999966604, 25.98076211353335196, 31.51000000000000156 ) ) ;
#821 = ORIENTED_EDGE ( 'NONE', *, *, #375, .F. ) ;
#822 = LINE ( 'NONE', #1930, #1246 ) ;
#823 = CYLINDRICAL_SURFACE ( 'NONE', #484, 1.650000000000243272 ) ;
#824 = ORIENTED_EDGE ( 'NONE', *, *, #511, .F. ) ;
#825 =( NAMED_UNIT ( * ) SI_UNIT ( $, .STERADIAN. ) SOLID_ANGLE_UNIT ( ) );
#826 = CARTESIAN_POINT ( 'NONE',  ( 8.185123713895556818, 36.70518139898466359, 25.51000000000000156 ) ) ;
#827 = CARTESIAN_POINT ( 'NONE',  ( -28.52005768508905703, 26.87005768508863568, 8.490000000000000213 ) ) ;
#828 = FACE_OUTER_BOUND ( 'NONE', #1327, .T. ) ;
#829 = CARTESIAN_POINT ( 'NONE',  ( 14.99999999999999112, -25.98076211353316367, 31.51000000000000156 ) ) ;
#830 = EDGE_CURVE ( 'NONE', #1364, #684, #2010, .T. ) ;
#831 = FACE_OUTER_BOUND ( 'NONE', #1692, .T. ) ;
#832 = ADVANCED_FACE ( 'NONE', ( #1110 ), #1252, .F. ) ;
#833 = VERTEX_POINT ( 'NONE', #1269 ) ;
#834 = VERTEX_POINT ( 'NONE', #454 ) ;
#835 = VECTOR ( 'NONE', #802, 1000.000000000000000 ) ;
#836 = DIRECTION ( 'NONE',  ( -0.000000000000000000, -0.000000000000000000, 1.000000000000000000 ) ) ;
#837 = AXIS2_PLACEMENT_3D ( 'NONE', #1856, #1622, #694 ) ;
#838 = FACE_BOUND ( 'NONE', #1587, .T. ) ;
#839 = AXIS2_PLACEMENT_3D ( 'NONE', #262, #753, #1066 ) ;
#840 = CARTESIAN_POINT ( 'NONE',  ( 13.34999999999966569, 25.98076211353335196, 0.4900000000000008793 ) ) ;
#841 = DIRECTION ( 'NONE',  ( -1.000000000000000000, 0.000000000000000000, 0.000000000000000000 ) ) ;
#842 = CYLINDRICAL_SURFACE ( 'NONE', #504, 1.650000000000102718 ) ;
#843 = CIRCLE ( 'NONE', #642, 1.650000000000243272 ) ;
#844 = AXIS2_PLACEMENT_3D ( 'NONE', #193, #1155, #654 ) ;
#845 = EDGE_LOOP ( 'NONE', ( #210, #714, #1098, #848 ) ) ;
#846 = FACE_OUTER_BOUND ( 'NONE', #1274, .T. ) ;
#847 = DIRECTION ( 'NONE',  ( -1.000000000000000000, 0.000000000000000000, 0.000000000000000000 ) ) ;
#848 = ORIENTED_EDGE ( 'NONE', *, *, #327, .F. ) ;
#849 = CARTESIAN_POINT ( 'NONE',  ( -15.00000000000001066, -25.98076211353315301, 0.4900000000000008793 ) ) ;
#850 = CARTESIAN_POINT ( 'NONE',  ( -26.87005768508864278, -26.87005768508896608, 25.51000000000000156 ) ) ;
#851 = CYLINDRICAL_SURFACE ( 'NONE', #1662, 1.650000000000000355 ) ;
#852 = DIRECTION ( 'NONE',  ( 1.000000000000000000, 0.000000000000000000, 0.000000000000000000 ) ) ;
#853 = EDGE_CURVE ( 'NONE', #1642, #1311, #1447, .T. ) ;
#854 = CARTESIAN_POINT ( 'NONE',  ( -27.63076211353330436, -14.99999999999999467, 0.4900000000000008793 ) ) ;
#855 = CARTESIAN_POINT ( 'NONE',  ( 35.05518139898440921, 9.835123713896452458, 8.490000000000000213 ) ) ;
#856 = FACE_OUTER_BOUND ( 'NONE', #498, .T. ) ;
#857 = CIRCLE ( 'NONE', #2059, 1.650000000000243272 ) ;
#858 = EDGE_CURVE ( 'NONE', #1212, #1619, #1724, .T. ) ;
#859 = ORIENTED_EDGE ( 'NONE', *, *, #989, .T. ) ;
#860 = EDGE_LOOP ( 'NONE', ( #821, #1390 ) ) ;
#861 = DIRECTION ( 'NONE',  ( -0.000000000000000000, -0.000000000000000000, -1.000000000000000000 ) ) ;
#862 = EDGE_CURVE ( 'NONE', #1381, #888, #158, .T. ) ;
#863 = ORIENTED_EDGE ( 'NONE', *, *, #1595, .F. ) ;
#864 = DIRECTION ( 'NONE',  ( -1.000000000000000000, 0.000000000000000000, 0.000000000000000000 ) ) ;
#865 = EDGE_CURVE ( 'NONE', #1406, #590, #701, .T. ) ;
#866 = FACE_BOUND ( 'NONE', #794, .T. ) ;
#867 = CIRCLE ( 'NONE', #1402, 1.650000000000241496 ) ;
#868 = DIRECTION ( 'NONE',  ( -1.000000000000000000, 0.000000000000000000, 0.000000000000000000 ) ) ;
#869 = DIRECTION ( 'NONE',  ( -0.000000000000000000, -0.000000000000000000, -1.000000000000000000 ) ) ;
#870 = EDGE_LOOP ( 'NONE', ( #1278, #1182 ) ) ;
#871 = DIRECTION ( 'NONE',  ( -1.000000000000000000, 0.000000000000000000, 0.000000000000000000 ) ) ;
#872 = EDGE_CURVE ( 'NONE', #1368, #173, #312, .T. ) ;
#873 = ORIENTED_EDGE ( 'NONE', *, *, #125, .F. ) ;
#874 = DIRECTION ( 'NONE',  ( 1.000000000000000000, 0.000000000000000000, 0.000000000000000000 ) ) ;
#875 = EDGE_CURVE ( 'NONE', #1267, #429, #1298, .T. ) ;
#876 = FACE_OUTER_BOUND ( 'NONE', #1863, .T. ) ;
#877 = AXIS2_PLACEMENT_3D ( 'NONE', #1183, #221, #683 ) ;
#878 = CIRCLE ( 'NONE', #975, 1.650000000000307443 ) ;
#879 = DIRECTION ( 'NONE',  ( -1.000000000000000000, 0.000000000000000000, 0.000000000000000000 ) ) ;
#880 = CARTESIAN_POINT ( 'NONE',  ( -44.00000000000000000, 0.000000000000000000, 8.490000000000000213 ) ) ;
#881 = AXIS2_PLACEMENT_3D ( 'NONE', #1426, #770, #2060 ) ;
#882 = AXIS2_PLACEMENT_3D ( 'NONE', #1657, #645, #991 ) ;
#883 = AXIS2_PLACEMENT_3D ( 'NONE', #1575, #619, #1411 ) ;
#884 = LINE ( 'NONE', #148, #805 ) ;
#885 =( NAMED_UNIT ( * ) PLANE_ANGLE_UNIT ( ) SI_UNIT ( $, .RADIAN. ) );
#886 = EDGE_LOOP ( 'NONE', ( #584, #1668, #16, #1028 ) ) ;
#887 = CYLINDRICAL_SURFACE ( 'NONE', #913, 1.650000000000203748 ) ;
#888 = VERTEX_POINT ( 'NONE', #1923 ) ;
#889 = DIRECTION ( 'NONE',  ( 0.000000000000000000, 0.000000000000000000, 1.000000000000000000 ) ) ;
#890 = DIRECTION ( 'NONE',  ( 1.000000000000000000, 0.000000000000000000, 0.000000000000000000 ) ) ;
#891 = CARTESIAN_POINT ( 'NONE',  ( 0.000000000000000000, 0.000000000000000000, 4.000000000000000000 ) ) ;
#892 = FACE_BOUND ( 'NONE', #870, .T. ) ;
#893 = DIRECTION ( 'NONE',  ( 1.000000000000000000, 0.000000000000000000, 0.000000000000000000 ) ) ;
#894 = ORIENTED_EDGE ( 'NONE', *, *, #1704, .F. ) ;
#895 = LINE ( 'NONE', #1864, #1272 ) ;
#896 = VECTOR ( 'NONE', #1638, 1000.000000000000000 ) ;
#897 = AXIS2_PLACEMENT_3D ( 'NONE', #1154, #141, #1803 ) ;
#898 = EDGE_LOOP ( 'NONE', ( #783, #1956, #1260, #1317 ) ) ;
#899 = VERTEX_POINT ( 'NONE', #1242 ) ;
#900 = ADVANCED_FACE ( 'NONE', ( #1090 ), #1736, .F. ) ;
#901 = FACE_BOUND ( 'NONE', #296, .T. ) ;
#902 = ADVANCED_FACE ( 'NONE', ( #303 ), #954, .T. ) ;
#903 = EDGE_CURVE ( 'NONE', #173, #1287, #695, .T. ) ;
#904 = ORIENTED_EDGE ( 'NONE', *, *, #906, .F. ) ;
#905 = DIRECTION ( 'NONE',  ( -0.000000000000000000, -0.000000000000000000, -1.000000000000000000 ) ) ;
#906 = EDGE_CURVE ( 'NONE', #1777, #2073, #1229, .T. ) ;
#907 = DIRECTION ( 'NONE',  ( -0.000000000000000000, -0.000000000000000000, 1.000000000000000000 ) ) ;
#908 = ORIENTED_EDGE ( 'NONE', *, *, #1454, .T. ) ;
#909 = DIRECTION ( 'NONE',  ( -0.000000000000000000, -0.000000000000000000, -1.000000000000000000 ) ) ;
#910 = CIRCLE ( 'NONE', #1548, 1.650000000000002132 ) ;
#911 = CARTESIAN_POINT ( 'NONE',  ( 11.48512371389633202, -36.70518139898453569, 25.51000000000000156 ) ) ;
#912 = ORIENTED_EDGE ( 'NONE', *, *, #1867, .T. ) ;
#913 = AXIS2_PLACEMENT_3D ( 'NONE', #371, #197, #1819 ) ;
#914 = ORIENTED_EDGE ( 'NONE', *, *, #1454, .F. ) ;
#915 = DIRECTION ( 'NONE',  ( -1.000000000000000000, 0.000000000000000000, 0.000000000000000000 ) ) ;
#916 = ADVANCED_FACE ( 'NONE', ( #291 ), #605, .F. ) ;
#917 = FACE_OUTER_BOUND ( 'NONE', #1659, .T. ) ;
#918 = AXIS2_PLACEMENT_3D ( 'NONE', #1830, #1844, #1790 ) ;
#919 = ORIENTED_EDGE ( 'NONE', *, *, #602, .T. ) ;
#920 = DIRECTION ( 'NONE',  ( -0.000000000000000000, -0.000000000000000000, 1.000000000000000000 ) ) ;
#921 = VERTEX_POINT ( 'NONE', #426 ) ;
#922 = VECTOR ( 'NONE', #1316, 1000.000000000000000 ) ;
#923 = DIRECTION ( 'NONE',  ( 0.000000000000000000, 0.000000000000000000, 1.000000000000000000 ) ) ;
#924 = VERTEX_POINT ( 'NONE', #456 ) ;
#925 = FACE_OUTER_BOUND ( 'NONE', #1910, .T. ) ;
#926 = DIRECTION ( 'NONE',  ( 1.000000000000000000, 0.000000000000000000, 0.000000000000000000 ) ) ;
#927 = VERTEX_POINT ( 'NONE', #1875 ) ;
#928 = CIRCLE ( 'NONE', #1095, 1.650000000000179101 ) ;
#929 = EDGE_CURVE ( 'NONE', #1364, #98, #936, .T. ) ;
#930 = DIRECTION ( 'NONE',  ( -1.000000000000000000, 0.000000000000000000, 0.000000000000000000 ) ) ;
#931 = VERTEX_POINT ( 'NONE', #591 ) ;
#932 = DIRECTION ( 'NONE',  ( 0.000000000000000000, 0.000000000000000000, 1.000000000000000000 ) ) ;
#933 = CARTESIAN_POINT ( 'NONE',  ( 25.22005768508859802, -26.87005768508864989, 4.000000000000000000 ) ) ;
#934 = CARTESIAN_POINT ( 'NONE',  ( -2.793551275628180363E-16, -5.113761991774268605E-16, 5.990000000000001101 ) ) ;
#935 = ORIENTED_EDGE ( 'NONE', *, *, #110, .F. ) ;
#936 = LINE ( 'NONE', #1407, #1687 ) ;
#937 = ADVANCED_FACE ( 'NONE', ( #773 ), #446, .F. ) ;
#938 = DIRECTION ( 'NONE',  ( -0.000000000000000000, -0.000000000000000000, -1.000000000000000000 ) ) ;
#939 = EDGE_LOOP ( 'NONE', ( #406, #1309 ) ) ;
#940 = CIRCLE ( 'NONE', #1583, 27.00000000000000000 ) ;
#941 = CARTESIAN_POINT ( 'NONE',  ( -30.00000000000000000, 1.836970198721062721E-15, 6.990000000000002878 ) ) ;
#942 = ORIENTED_EDGE ( 'NONE', *, *, #472, .F. ) ;
#943 = DIRECTION ( 'NONE',  ( -1.000000000000000000, 0.000000000000000000, 0.000000000000000000 ) ) ;
#944 = ADVANCED_FACE ( 'NONE', ( #1420 ), #2091, .T. ) ;
#945 = DIRECTION ( 'NONE',  ( 1.000000000000000000, 0.000000000000000000, 0.000000000000000000 ) ) ;
#946 = ORIENTED_EDGE ( 'NONE', *, *, #1878, .T. ) ;
#947 = CIRCLE ( 'NONE', #1478, 1.650000000000172218 ) ;
#948 = CARTESIAN_POINT ( 'NONE',  ( 36.70518139898465648, -9.835123713895558950, 25.51000000000000156 ) ) ;
#949 = FACE_OUTER_BOUND ( 'NONE', #983, .T. ) ;
#950 = ORIENTED_EDGE ( 'NONE', *, *, #1214, .F. ) ;
#951 = CIRCLE ( 'NONE', #15, 1.650000000000283240 ) ;
#952 = AXIS2_PLACEMENT_3D ( 'NONE', #479, #146, #2133 ) ;
#953 = ORIENTED_EDGE ( 'NONE', *, *, #22, .F. ) ;
#954 = CYLINDRICAL_SURFACE ( 'NONE', #225, 34.00000000000000000 ) ;
#955 = EDGE_LOOP ( 'NONE', ( #521, #719, #1741, #1842 ) ) ;
#956 = FACE_OUTER_BOUND ( 'NONE', #1464, .T. ) ;
#957 = EDGE_LOOP ( 'NONE', ( #1174, #644, #637, #6 ) ) ;
#958 = ORIENTED_EDGE ( 'NONE', *, *, #1918, .T. ) ;
#959 = DIRECTION ( 'NONE',  ( -0.000000000000000000, -0.000000000000000000, -1.000000000000000000 ) ) ;
#960 = DIRECTION ( 'NONE',  ( -0.000000000000000000, -0.000000000000000000, 1.000000000000000000 ) ) ;
#961 = ORIENTED_EDGE ( 'NONE', *, *, #1883, .T. ) ;
#962 = FACE_BOUND ( 'NONE', #2078, .T. ) ;
#963 = EDGE_LOOP ( 'NONE', ( #438, #1727, #2064, #1996 ) ) ;
#964 = AXIS2_PLACEMENT_3D ( 'NONE', #1965, #1612, #816 ) ;
#965 = EDGE_LOOP ( 'NONE', ( #275, #54, #1732, #1318 ) ) ;
#966 = DIRECTION ( 'NONE',  ( -0.000000000000000000, -0.000000000000000000, -1.000000000000000000 ) ) ;
#967 = CARTESIAN_POINT ( 'NONE',  ( 14.99999999999966604, 25.98076211353335196, 6.990000000000002878 ) ) ;
#968 = AXIS2_PLACEMENT_3D ( 'NONE', #1072, #2100, #434 ) ;
#969 = CARTESIAN_POINT ( 'NONE',  ( -13.35000000000002807, 25.98076211353313525, 6.990000000000002878 ) ) ;
#970 = EDGE_LOOP ( 'NONE', ( #950, #559 ) ) ;
#971 = FACE_BOUND ( 'NONE', #939, .T. ) ;
#972 = VECTOR ( 'NONE', #400, 1000.000000000000000 ) ;
#973 = VERTEX_POINT ( 'NONE', #1906 ) ;
#974 = VERTEX_POINT ( 'NONE', #1384 ) ;
#975 = AXIS2_PLACEMENT_3D ( 'NONE', #316, #1784, #163 ) ;
#976 = VECTOR ( 'NONE', #622, 1000.000000000000000 ) ;
#977 = ORIENTED_EDGE ( 'NONE', *, *, #1578, .F. ) ;
#978 = ADVANCED_FACE ( 'NONE', ( #1717 ), #1894, .F. ) ;
#979 = EDGE_CURVE ( 'NONE', #721, #1157, #1303, .T. ) ;
#980 = CARTESIAN_POINT ( 'NONE',  ( 35.05518139898425289, -9.835123713895558950, 4.000000000000000000 ) ) ;
#981 = CARTESIAN_POINT ( 'NONE',  ( -26.87005768508897674, 26.87005768508863568, 8.490000000000000213 ) ) ;
#982 = FACE_BOUND ( 'NONE', #576, .T. ) ;
#983 = EDGE_LOOP ( 'NONE', ( #455, #77, #1631, #780 ) ) ;
#984 = ADVANCED_FACE ( 'NONE', ( #1915 ), #258, .F. ) ;
#985 = ORIENTED_EDGE ( 'NONE', *, *, #1601, .T. ) ;
#986 = DIRECTION ( 'NONE',  ( 0.000000000000000000, 0.000000000000000000, -1.000000000000000000 ) ) ;
#987 = AXIS2_PLACEMENT_3D ( 'NONE', #1959, #355, #2129 ) ;
#988 = DIRECTION ( 'NONE',  ( 0.000000000000000000, 0.000000000000000000, 1.000000000000000000 ) ) ;
#989 = EDGE_CURVE ( 'NONE', #151, #1606, #119, .T. ) ;
#990 = CARTESIAN_POINT ( 'NONE',  ( -9.835123713896070541, 36.70518139898453569, 8.490000000000000213 ) ) ;
#991 = DIRECTION ( 'NONE',  ( 1.000000000000000000, 0.000000000000000000, 0.000000000000000000 ) ) ;
#992 = CARTESIAN_POINT ( 'NONE',  ( 36.70518139898441490, 9.835123713896452458, 25.51000000000000156 ) ) ;
#993 = ORIENTED_EDGE ( 'NONE', *, *, #367, .F. ) ;
#994 = EDGE_LOOP ( 'NONE', ( #1225, #512 ) ) ;
#995 = CARTESIAN_POINT ( 'NONE',  ( -25.22005768508839907, -26.87005768508896608, 25.51000000000000156 ) ) ;
#996 = FACE_BOUND ( 'NONE', #369, .T. ) ;
#997 = CARTESIAN_POINT ( 'NONE',  ( -9.835123713895557174, -36.70518139898465648, 4.000000000000000000 ) ) ;
#998 = EDGE_CURVE ( 'NONE', #1234, #1151, #1739, .T. ) ;
#999 = CARTESIAN_POINT ( 'NONE',  ( 25.98076211353315301, -15.00000000000001421, 31.51000000000000156 ) ) ;
#1000 = DIRECTION ( 'NONE',  ( -1.000000000000000000, 0.000000000000000000, 0.000000000000000000 ) ) ;
#1001 = CARTESIAN_POINT ( 'NONE',  ( 0.000000000000000000, 0.000000000000000000, 6.990000000000001101 ) ) ;
#1002 = DIRECTION ( 'NONE',  ( 1.000000000000000000, 0.000000000000000000, 0.000000000000000000 ) ) ;
#1003 = CARTESIAN_POINT ( 'NONE',  ( 36.70518139898465648, -9.835123713895558950, 25.51000000000000156 ) ) ;
#1004 = DIRECTION ( 'NONE',  ( 1.000000000000000000, 0.000000000000000000, -0.000000000000000000 ) ) ;
#1005 = VERTEX_POINT ( 'NONE', #1730 ) ;
#1006 = CARTESIAN_POINT ( 'NONE',  ( 0.000000000000000000, 30.00000000000000000, 0.4900000000000008793 ) ) ;
#1007 = DIRECTION ( 'NONE',  ( -1.000000000000000000, 0.000000000000000000, 0.000000000000000000 ) ) ;
#1008 = EDGE_LOOP ( 'NONE', ( #1497, #175, #1927, #904 ) ) ;
#1009 = CARTESIAN_POINT ( 'NONE',  ( -35.05518139898453001, 9.835123713895553621, 8.490000000000000213 ) ) ;
#1010 = SURFACE_SIDE_STYLE ('',( #361 ) ) ;
#1011 = VERTEX_POINT ( 'NONE', #1254 ) ;
#1012 = CIRCLE ( 'NONE', #777, 1.650000000000203748 ) ;
#1013 = DIRECTION ( 'NONE',  ( -0.000000000000000000, -0.000000000000000000, -1.000000000000000000 ) ) ;
#1014 = CIRCLE ( 'NONE', #1380, 1.650000000000071632 ) ;
#1015 = CARTESIAN_POINT ( 'NONE',  ( 44.00000000000000000, 5.388445916248353619E-15, 8.490000000000000213 ) ) ;
#1016 = DIRECTION ( 'NONE',  ( -0.000000000000000000, -0.000000000000000000, -1.000000000000000000 ) ) ;
#1017 = CARTESIAN_POINT ( 'NONE',  ( 31.65000000000030411, -5.308843874303773248E-15, 31.51000000000000156 ) ) ;
#1018 = PRESENTATION_LAYER_ASSIGNMENT (  '', '', ( #95 ) ) ;
#1019 = ADVANCED_FACE ( 'NONE', ( #925 ), #1571, .F. ) ;
#1020 = EDGE_CURVE ( 'NONE', #692, #218, #1624, .T. ) ;
#1021 = EDGE_LOOP ( 'NONE', ( #1472, #1342 ) ) ;
#1022 = VERTEX_POINT ( 'NONE', #761 ) ;
#1023 = DIRECTION ( 'NONE',  ( -0.000000000000000000, -0.000000000000000000, 1.000000000000000000 ) ) ;
#1024 = FACE_OUTER_BOUND ( 'NONE', #533, .T. ) ;
#1025 = EDGE_LOOP ( 'NONE', ( #1165, #1231, #1744, #1539 ) ) ;
#1026 = CYLINDRICAL_SURFACE ( 'NONE', #1238, 1.650000000000241496 ) ;
#1027 = DIRECTION ( 'NONE',  ( -0.000000000000000000, -0.000000000000000000, -1.000000000000000000 ) ) ;
#1028 = ORIENTED_EDGE ( 'NONE', *, *, #1812, .F. ) ;
#1029 = CARTESIAN_POINT ( 'NONE',  ( -8.185123713895288589, -36.70518139898465648, 8.490000000000000213 ) ) ;
#1030 = AXIS2_PLACEMENT_3D ( 'NONE', #2135, #1301, #852 ) ;
#1031 = EDGE_LOOP ( 'NONE', ( #1074, #1640 ) ) ;
#1032 = CARTESIAN_POINT ( 'NONE',  ( -25.98076211353316367, -14.99999999999999467, 31.51000000000000156 ) ) ;
#1033 = EDGE_CURVE ( 'NONE', #1807, #98, #772, .T. ) ;
#1034 = EDGE_LOOP ( 'NONE', ( #1439, #2097, #1462, #153 ) ) ;
#1035 = EDGE_CURVE ( 'NONE', #224, #2058, #501, .T. ) ;
#1036 = CARTESIAN_POINT ( 'NONE',  ( 25.98076211353315301, -15.00000000000001421, 0.4900000000000008793 ) ) ;
#1037 = DIRECTION ( 'NONE',  ( 1.000000000000000000, 0.000000000000000000, 0.000000000000000000 ) ) ;
#1038 = CARTESIAN_POINT ( 'NONE',  ( -36.70518139898453569, -9.835123713896017250, 4.000000000000000000 ) ) ;
#1039 = CARTESIAN_POINT ( 'NONE',  ( -28.34999999999989484, 2.039036920580388495E-15, 6.990000000000002878 ) ) ;
#1040 = EDGE_LOOP ( 'NONE', ( #1723, #859 ) ) ;
#1041 = CARTESIAN_POINT ( 'NONE',  ( 11.48512371389555753, 36.70518139898466359, 8.490000000000000213 ) ) ;
#1042 = LINE ( 'NONE', #1280, #1556 ) ;
#1043 = ORIENTED_EDGE ( 'NONE', *, *, #1435, .T. ) ;
#1044 = ORIENTED_EDGE ( 'NONE', *, *, #177, .F. ) ;
#1045 = AXIS2_PLACEMENT_3D ( 'NONE', #1585, #1709, #248 ) ;
#1046 = FACE_OUTER_BOUND ( 'NONE', #445, .T. ) ;
#1047 = CARTESIAN_POINT ( 'NONE',  ( 25.22005768508829959, 26.87005768508932846, 8.490000000000000213 ) ) ;
#1048 = EDGE_CURVE ( 'NONE', #974, #1406, #351, .T. ) ;
#1049 = CIRCLE ( 'NONE', #1450, 1.650000000000319655 ) ;
#1050 = CIRCLE ( 'NONE', #670, 1.650000000000140910 ) ;
#1051 = ORIENTED_EDGE ( 'NONE', *, *, #998, .T. ) ;
#1052 = DIRECTION ( 'NONE',  ( -0.000000000000000000, -0.000000000000000000, -1.000000000000000000 ) ) ;
#1053 = ORIENTED_EDGE ( 'NONE', *, *, #297, .F. ) ;
#1054 = DIRECTION ( 'NONE',  ( -0.000000000000000000, -0.000000000000000000, 1.000000000000000000 ) ) ;
#1055 = EDGE_LOOP ( 'NONE', ( #1479, #1423, #1366, #745 ) ) ;
#1056 = ADVANCED_FACE ( 'NONE', ( #1167 ), #1026, .F. ) ;
#1057 = EDGE_CURVE ( 'NONE', #684, #1364, #330, .T. ) ;
#1058 = CARTESIAN_POINT ( 'NONE',  ( -11.48512371389607267, 36.70518139898453569, 8.490000000000000213 ) ) ;
#1059 = EDGE_CURVE ( 'NONE', #1022, #1267, #1087, .T. ) ;
#1060 = ORIENTED_EDGE ( 'NONE', *, *, #1281, .T. ) ;
#1061 = DIRECTION ( 'NONE',  ( 0.000000000000000000, 0.000000000000000000, 1.000000000000000000 ) ) ;
#1062 = CIRCLE ( 'NONE', #1030, 34.00000000000000000 ) ;
#1063 = CARTESIAN_POINT ( 'NONE',  ( -38.35518139898477585, 9.835123713895553621, 8.490000000000000213 ) ) ;
#1064 = ORIENTED_EDGE ( 'NONE', *, *, #1124, .T. ) ;
#1065 = CYLINDRICAL_SURFACE ( 'NONE', #1592, 1.650000000000319655 ) ;
#1066 = DIRECTION ( 'NONE',  ( 1.000000000000000000, 0.000000000000000000, 0.000000000000000000 ) ) ;
#1067 = ORIENTED_EDGE ( 'NONE', *, *, #1082, .T. ) ;
#1068 = FACE_BOUND ( 'NONE', #970, .T. ) ;
#1069 = CIRCLE ( 'NONE', #1510, 32.00000000000000000 ) ;
#1070 = ORIENTED_EDGE ( 'NONE', *, *, #1343, .T. ) ;
#1071 = ORIENTED_EDGE ( 'NONE', *, *, #862, .T. ) ;
#1072 = CARTESIAN_POINT ( 'NONE',  ( 9.835123713895557174, 36.70518139898466359, 8.490000000000000213 ) ) ;
#1073 = DIRECTION ( 'NONE',  ( -1.000000000000000000, 0.000000000000000000, 0.000000000000000000 ) ) ;
#1074 = ORIENTED_EDGE ( 'NONE', *, *, #1601, .F. ) ;
#1075 = AXIS2_PLACEMENT_3D ( 'NONE', #1325, #516, #893 ) ;
#1076 = DIRECTION ( 'NONE',  ( 0.000000000000000000, 0.000000000000000000, 1.000000000000000000 ) ) ;
#1077 = EDGE_LOOP ( 'NONE', ( #1237, #2095, #908, #101 ) ) ;
#1078 = CARTESIAN_POINT ( 'NONE',  ( 30.00000000000000000, -5.510910596163123477E-15, 31.51000000000000156 ) ) ;
#1079 = AXIS2_PLACEMENT_3D ( 'NONE', #1904, #1935, #1747 ) ;
#1080 = EDGE_LOOP ( 'NONE', ( #1432, #460 ) ) ;
#1081 = DIRECTION ( 'NONE',  ( -0.000000000000000000, -0.000000000000000000, 1.000000000000000000 ) ) ;
#1082 = EDGE_CURVE ( 'NONE', #627, #1888, #1204, .T. ) ;
#1083 = DIRECTION ( 'NONE',  ( 0.000000000000000000, 0.000000000000000000, 1.000000000000000000 ) ) ;
#1084 = ORIENTED_EDGE ( 'NONE', *, *, #523, .T. ) ;
#1085 = EDGE_CURVE ( 'NONE', #1606, #151, #604, .T. ) ;
#1086 = EDGE_CURVE ( 'NONE', #1857, #704, #1365, .T. ) ;
#1087 = LINE ( 'NONE', #272, #731 ) ;
#1088 = DIRECTION ( 'NONE',  ( -0.000000000000000000, -0.000000000000000000, -1.000000000000000000 ) ) ;
#1089 = ORIENTED_EDGE ( 'NONE', *, *, #1878, .F. ) ;
#1090 = FACE_OUTER_BOUND ( 'NONE', #1811, .T. ) ;
#1091 = EDGE_LOOP ( 'NONE', ( #1397, #416, #1905, #281 ) ) ;
#1092 = DIRECTION ( 'NONE',  ( -0.000000000000000000, -0.000000000000000000, -1.000000000000000000 ) ) ;
#1093 = LINE ( 'NONE', #1710, #32 ) ;
#1094 = EDGE_LOOP ( 'NONE', ( #243, #17, #1412, #914 ) ) ;
#1095 = AXIS2_PLACEMENT_3D ( 'NONE', #708, #776, #308 ) ;
#1096 = DIRECTION ( 'NONE',  ( 0.000000000000000000, 0.000000000000000000, -1.000000000000000000 ) ) ;
#1097 = ADVANCED_FACE ( 'NONE', ( #1203 ), #1065, .F. ) ;
#1098 = ORIENTED_EDGE ( 'NONE', *, *, #1629, .F. ) ;
#1099 = FACE_OUTER_BOUND ( 'NONE', #1190, .T. ) ;
#1100 = CARTESIAN_POINT ( 'NONE',  ( 9.835123713896013697, -36.70518139898453569, 8.490000000000000213 ) ) ;
#1101 = EDGE_CURVE ( 'NONE', #1986, #2132, #1518, .T. ) ;
#1102 = EDGE_LOOP ( 'NONE', ( #1914, #1103 ) ) ;
#1103 = ORIENTED_EDGE ( 'NONE', *, *, #1133, .T. ) ;
#1104 = DIRECTION ( 'NONE',  ( -0.000000000000000000, -0.000000000000000000, -1.000000000000000000 ) ) ;
#1105 = CARTESIAN_POINT ( 'NONE',  ( -25.98076211353316367, -14.99999999999999467, 6.990000000000002878 ) ) ;
#1106 = ORIENTED_EDGE ( 'NONE', *, *, #1867, .F. ) ;
#1107 = DIRECTION ( 'NONE',  ( 0.000000000000000000, 0.000000000000000000, 1.000000000000000000 ) ) ;
#1108 = ORIENTED_EDGE ( 'NONE', *, *, #367, .T. ) ;
#1109 = VECTOR ( 'NONE', #203, 1000.000000000000000 ) ;
#1110 = FACE_OUTER_BOUND ( 'NONE', #2052, .T. ) ;
#1111 = EDGE_CURVE ( 'NONE', #489, #1248, #1792, .T. ) ;
#1112 = CARTESIAN_POINT ( 'NONE',  ( 0.000000000000000000, 0.000000000000000000, 4.000000000000000000 ) ) ;
#1113 = VECTOR ( 'NONE', #1505, 1000.000000000000000 ) ;
#1114 = AXIS2_PLACEMENT_3D ( 'NONE', #786, #1469, #664 ) ;
#1115 = DIRECTION ( 'NONE',  ( -1.000000000000000000, 0.000000000000000000, 0.000000000000000000 ) ) ;
#1116 = ORIENTED_EDGE ( 'NONE', *, *, #87, .F. ) ;
#1117 = CARTESIAN_POINT ( 'NONE',  ( 9.835123713896013697, -36.70518139898453569, 4.000000000000000000 ) ) ;
#1118 = CIRCLE ( 'NONE', #808, 1.649999999999995248 ) ;
#1119 = CIRCLE ( 'NONE', #883, 1.650000000000179101 ) ;
#1120 = DIRECTION ( 'NONE',  ( -1.000000000000000000, 0.000000000000000000, 0.000000000000000000 ) ) ;
#1121 = VERTEX_POINT ( 'NONE', #1519 ) ;
#1122 = CIRCLE ( 'NONE', #1836, 1.650000000000102718 ) ;
#1123 = AXIS2_PLACEMENT_3D ( 'NONE', #1804, #1016, #841 ) ;
#1124 = EDGE_CURVE ( 'NONE', #1619, #112, #188, .T. ) ;
#1125 = DIRECTION ( 'NONE',  ( 0.000000000000000000, 0.000000000000000000, 1.000000000000000000 ) ) ;
#1126 = CYLINDRICAL_SURFACE ( 'NONE', #233, 1.650000000000307443 ) ;
#1127 = DIRECTION ( 'NONE',  ( -1.000000000000000000, 0.000000000000000000, 0.000000000000000000 ) ) ;
#1128 = EDGE_LOOP ( 'NONE', ( #1682, #673, #263, #1720 ) ) ;
#1129 = CARTESIAN_POINT ( 'NONE',  ( -28.52005768508905703, 26.87005768508863568, 4.000000000000000000 ) ) ;
#1130 = EDGE_LOOP ( 'NONE', ( #64, #467, #1854, #156 ) ) ;
#1131 = ORIENTED_EDGE ( 'NONE', *, *, #1616, .T. ) ;
#1132 = VECTOR ( 'NONE', #767, 1000.000000000000000 ) ;
#1133 = EDGE_CURVE ( 'NONE', #429, #1267, #1755, .T. ) ;
#1134 = DIRECTION ( 'NONE',  ( -1.000000000000000000, 0.000000000000000000, -0.000000000000000000 ) ) ;
#1135 = EDGE_LOOP ( 'NONE', ( #791, #1481 ) ) ;
#1136 = CARTESIAN_POINT ( 'NONE',  ( -25.98076211353316367, -14.99999999999999467, 0.4900000000000008793 ) ) ;
#1137 = ORIENTED_EDGE ( 'NONE', *, *, #1635, .T. ) ;
#1138 = VECTOR ( 'NONE', #7, 1000.000000000000000 ) ;
#1139 = CARTESIAN_POINT ( 'NONE',  ( -25.98076211353315657, 15.00000000000000355, 6.990000000000002878 ) ) ;
#1140 = ORIENTED_EDGE ( 'NONE', *, *, #159, .F. ) ;
#1141 = CIRCLE ( 'NONE', #321, 1.649999999999995248 ) ;
#1142 = DIRECTION ( 'NONE',  ( -0.000000000000000000, -0.000000000000000000, -1.000000000000000000 ) ) ;
#1143 = AXIS2_PLACEMENT_3D ( 'NONE', #934, #118, #462 ) ;
#1144 = CARTESIAN_POINT ( 'NONE',  ( -36.70518139898465648, 9.835123713895553621, 4.000000000000000000 ) ) ;
#1145 = FACE_OUTER_BOUND ( 'NONE', #268, .T. ) ;
#1146 = CYLINDRICAL_SURFACE ( 'NONE', #1114, 1.650000000000366507 ) ;
#1147 = AXIS2_PLACEMENT_3D ( 'NONE', #1200, #1348, #1843 ) ;
#1148 = EDGE_LOOP ( 'NONE', ( #1800, #1512, #2007, #618 ) ) ;
#1149 = EDGE_CURVE ( 'NONE', #1381, #927, #1517, .T. ) ;
#1150 = EDGE_CURVE ( 'NONE', #792, #556, #947, .T. ) ;
#1151 = VERTEX_POINT ( 'NONE', #545 ) ;
#1152 = CIRCLE ( 'NONE', #1869, 1.649999999999999689 ) ;
#1153 = LINE ( 'NONE', #421, #398 ) ;
#1154 = CARTESIAN_POINT ( 'NONE',  ( -26.87005768508897674, 26.87005768508863568, 8.490000000000000213 ) ) ;
#1155 = DIRECTION ( 'NONE',  ( -0.000000000000000000, -0.000000000000000000, 1.000000000000000000 ) ) ;
#1156 = FACE_BOUND ( 'NONE', #2044, .T. ) ;
#1157 = VERTEX_POINT ( 'NONE', #1041 ) ;
#1158 = DIRECTION ( 'NONE',  ( -0.000000000000000000, -0.000000000000000000, 1.000000000000000000 ) ) ;
#1159 = ORIENTED_EDGE ( 'NONE', *, *, #1507, .T. ) ;
#1160 = DIRECTION ( 'NONE',  ( 0.000000000000000000, 0.000000000000000000, 1.000000000000000000 ) ) ;
#1161 = CARTESIAN_POINT ( 'NONE',  ( 9.835123713895557174, 36.70518139898466359, 8.490000000000000213 ) ) ;
#1162 = DIRECTION ( 'NONE',  ( 0.000000000000000000, 0.000000000000000000, 1.000000000000000000 ) ) ;
#1163 = DIRECTION ( 'NONE',  ( -0.000000000000000000, -0.000000000000000000, 1.000000000000000000 ) ) ;
#1164 = DIRECTION ( 'NONE',  ( 0.000000000000000000, 0.000000000000000000, 1.000000000000000000 ) ) ;
#1165 = ORIENTED_EDGE ( 'NONE', *, *, #1035, .T. ) ;
#1166 = ORIENTED_EDGE ( 'NONE', *, *, #1388, .T. ) ;
#1167 = FACE_OUTER_BOUND ( 'NONE', #1919, .T. ) ;
#1168 = CARTESIAN_POINT ( 'NONE',  ( 28.52005768508933059, -26.87005768508864989, 8.490000000000000213 ) ) ;
#1169 = DIRECTION ( 'NONE',  ( -0.000000000000000000, -0.000000000000000000, -1.000000000000000000 ) ) ;
#1170 = DIRECTION ( 'NONE',  ( -1.000000000000000000, 0.000000000000000000, 0.000000000000000000 ) ) ;
#1171 = DIRECTION ( 'NONE',  ( 0.000000000000000000, 0.000000000000000000, -1.000000000000000000 ) ) ;
#1172 = DIRECTION ( 'NONE',  ( -1.000000000000000000, 0.000000000000000000, 0.000000000000000000 ) ) ;
#1173 = CIRCLE ( 'NONE', #1442, 1.650000000000241496 ) ;
#1174 = ORIENTED_EDGE ( 'NONE', *, *, #1020, .T. ) ;
#1175 = CARTESIAN_POINT ( 'NONE',  ( -2.793551275628180363E-16, -5.113761991774268605E-16, 0.4899999999999999911 ) ) ;
#1176 = ORIENTED_EDGE ( 'NONE', *, *, #1814, .T. ) ;
#1177 = FACE_BOUND ( 'NONE', #67, .T. ) ;
#1178 = FACE_BOUND ( 'NONE', #199, .T. ) ;
#1179 = CYLINDRICAL_SURFACE ( 'NONE', #1823, 32.00000000000000000 ) ;
#1180 = COLOUR_RGB ( '',0.7921568627450980005, 0.8196078431372548767, 0.9333333333333333481 ) ;
#1181 = ORIENTED_EDGE ( 'NONE', *, *, #2111, .T. ) ;
#1182 = ORIENTED_EDGE ( 'NONE', *, *, #1633, .F. ) ;
#1183 = CARTESIAN_POINT ( 'NONE',  ( -26.87005768508864278, -26.87005768508896608, 4.000000000000000000 ) ) ;
#1184 = ORIENTED_EDGE ( 'NONE', *, *, #1332, .F. ) ;
#1185 = ADVANCED_FACE ( 'NONE', ( #846 ), #1690, .F. ) ;
#1186 = DIRECTION ( 'NONE',  ( 0.000000000000000000, 0.000000000000000000, 1.000000000000000000 ) ) ;
#1187 = LINE ( 'NONE', #1355, #1405 ) ;
#1188 = DIRECTION ( 'NONE',  ( 1.000000000000000000, 0.000000000000000000, 0.000000000000000000 ) ) ;
#1189 = AXIS2_PLACEMENT_3D ( 'NONE', #1982, #162, #531 ) ;
#1190 = EDGE_LOOP ( 'NONE', ( #2114, #2035, #565, #626 ) ) ;
#1191 = DIRECTION ( 'NONE',  ( 0.000000000000000000, 0.000000000000000000, 1.000000000000000000 ) ) ;
#1192 = EDGE_CURVE ( 'NONE', #590, #1406, #1691, .T. ) ;
#1193 = EDGE_LOOP ( 'NONE', ( #942, #74, #919, #2021 ) ) ;
#1194 = DIRECTION ( 'NONE',  ( 0.000000000000000000, 0.000000000000000000, 1.000000000000000000 ) ) ;
#1195 = CYLINDRICAL_SURFACE ( 'NONE', #1728, 1.650000000000123590 ) ;
#1196 = DIRECTION ( 'NONE',  ( 1.000000000000000000, 0.000000000000000000, 0.000000000000000000 ) ) ;
#1197 = AXIS2_PLACEMENT_3D ( 'NONE', #1444, #1474, #332 ) ;
#1198 = DIRECTION ( 'NONE',  ( 1.000000000000000000, 0.000000000000000000, 0.000000000000000000 ) ) ;
#1199 = ORIENTED_EDGE ( 'NONE', *, *, #239, .F. ) ;
#1200 = CARTESIAN_POINT ( 'NONE',  ( 0.000000000000000000, 0.000000000000000000, 8.490000000000000213 ) ) ;
#1201 = EDGE_CURVE ( 'NONE', #2066, #1011, #2020, .T. ) ;
#1202 = ORIENTED_EDGE ( 'NONE', *, *, #1621, .F. ) ;
#1203 = FACE_OUTER_BOUND ( 'NONE', #563, .T. ) ;
#1204 = LINE ( 'NONE', #1398, #972 ) ;
#1205 = EDGE_LOOP ( 'NONE', ( #1820, #491 ) ) ;
#1206 = VECTOR ( 'NONE', #715, 1000.000000000000000 ) ;
#1207 = CARTESIAN_POINT ( 'NONE',  ( -26.87005768508864278, -26.87005768508896608, 25.51000000000000156 ) ) ;
#1208 = CIRCLE ( 'NONE', #2119, 1.650000000000071632 ) ;
#1209 = CIRCLE ( 'NONE', #702, 1.650000000000267475 ) ;
#1210 = CYLINDRICAL_SURFACE ( 'NONE', #1521, 1.650000000000000355 ) ;
#1211 = EDGE_CURVE ( 'NONE', #1121, #429, #1855, .T. ) ;
#1212 = VERTEX_POINT ( 'NONE', #572 ) ;
#1213 = ORIENTED_EDGE ( 'NONE', *, *, #246, .F. ) ;
#1214 = EDGE_CURVE ( 'NONE', #2106, #1504, #229, .T. ) ;
#1215 = DIRECTION ( 'NONE',  ( 0.000000000000000000, 0.000000000000000000, 1.000000000000000000 ) ) ;
#1216 = AXIS2_PLACEMENT_3D ( 'NONE', #1305, #334, #1825 ) ;
#1217 = ORIENTED_EDGE ( 'NONE', *, *, #2076, .T. ) ;
#1218 = DIRECTION ( 'NONE',  ( -0.000000000000000000, -0.000000000000000000, 1.000000000000000000 ) ) ;
#1219 = EDGE_LOOP ( 'NONE', ( #1044, #1418, #150, #1451 ) ) ;
#1220 = VERTEX_POINT ( 'NONE', #1679 ) ;
#1221 = DIRECTION ( 'NONE',  ( 0.000000000000000000, 0.000000000000000000, 1.000000000000000000 ) ) ;
#1222 = CARTESIAN_POINT ( 'NONE',  ( -3.673940397442076533E-15, -30.00000000000000000, 31.51000000000000156 ) ) ;
#1223 = ORIENTED_EDGE ( 'NONE', *, *, #1299, .T. ) ;
#1224 = CARTESIAN_POINT ( 'NONE',  ( 24.33076211353298035, 15.00000000000030376, 6.990000000000002878 ) ) ;
#1225 = ORIENTED_EDGE ( 'NONE', *, *, #1754, .F. ) ;
#1226 = EDGE_CURVE ( 'NONE', #305, #5, #1494, .T. ) ;
#1227 = CARTESIAN_POINT ( 'NONE',  ( 32.00000000000000000, 0.000000000000000000, 6.990000000000001101 ) ) ;
#1228 = CIRCLE ( 'NONE', #1617, 1.650000000000123590 ) ;
#1229 = LINE ( 'NONE', #1892, #2072 ) ;
#1230 = CIRCLE ( 'NONE', #595, 1.650000000000123590 ) ;
#1231 = ORIENTED_EDGE ( 'NONE', *, *, #472, .T. ) ;
#1232 = CARTESIAN_POINT ( 'NONE',  ( 25.98076211353298248, 15.00000000000030376, 31.51000000000000156 ) ) ;
#1233 = CARTESIAN_POINT ( 'NONE',  ( -15.00000000000001066, -25.98076211353315301, 0.4900000000000008793 ) ) ;
#1234 = VERTEX_POINT ( 'NONE', #397 ) ;
#1235 = VECTOR ( 'NONE', #1104, 1000.000000000000000 ) ;
#1236 = CARTESIAN_POINT ( 'NONE',  ( 25.98076211353315301, -15.00000000000001421, 6.990000000000002878 ) ) ;
#1237 = ORIENTED_EDGE ( 'NONE', *, *, #652, .F. ) ;
#1238 = AXIS2_PLACEMENT_3D ( 'NONE', #850, #1821, #186 ) ;
#1239 = DIRECTION ( 'NONE',  ( 0.000000000000000000, 0.000000000000000000, -1.000000000000000000 ) ) ;
#1240 = APPLICATION_CONTEXT ( 'automotive_design' ) ;
#1241 = ADVANCED_FACE ( 'NONE', ( #1700 ), #887, .F. ) ;
#1242 = CARTESIAN_POINT ( 'NONE',  ( -24.33076211353302298, -14.99999999999999467, 0.4900000000000008793 ) ) ;
#1243 = AXIS2_PLACEMENT_3D ( 'NONE', #1416, #2088, #601 ) ;
#1244 = VERTEX_POINT ( 'NONE', #2030 ) ;
#1245 = CARTESIAN_POINT ( 'NONE',  ( -9.835123713895557174, -36.70518139898465648, 25.51000000000000156 ) ) ;
#1246 = VECTOR ( 'NONE', #2126, 1000.000000000000000 ) ;
#1247 = CARTESIAN_POINT ( 'NONE',  ( -27.63076211353322620, 15.00000000000000355, 31.51000000000000156 ) ) ;
#1248 = VERTEX_POINT ( 'NONE', #564 ) ;
#1249 = DIRECTION ( 'NONE',  ( -1.000000000000000000, 0.000000000000000000, 0.000000000000000000 ) ) ;
#1250 = EDGE_LOOP ( 'NONE', ( #1084, #41 ) ) ;
#1251 = EDGE_CURVE ( 'NONE', #684, #1807, #895, .T. ) ;
#1252 = CYLINDRICAL_SURFACE ( 'NONE', #1243, 1.649999999999998579 ) ;
#1253 = ORIENTED_EDGE ( 'NONE', *, *, #461, .F. ) ;
#1254 = CARTESIAN_POINT ( 'NONE',  ( 16.64999999999966462, 25.98076211353335196, 0.4900000000000008793 ) ) ;
#1255 = ADVANCED_FACE ( 'NONE', ( #407 ), #383, .F. ) ;
#1256 = DIRECTION ( 'NONE',  ( -1.000000000000000000, 0.000000000000000000, 0.000000000000000000 ) ) ;
#1257 = EDGE_LOOP ( 'NONE', ( #912, #1043, #1387, #1716 ) ) ;
#1258 = CIRCLE ( 'NONE', #987, 1.650000000000002132 ) ;
#1259 = DIRECTION ( 'NONE',  ( 1.000000000000000000, 0.000000000000000000, 0.000000000000000000 ) ) ;
#1260 = ORIENTED_EDGE ( 'NONE', *, *, #1086, .T. ) ;
#1261 = DIRECTION ( 'NONE',  ( 0.000000000000000000, 0.000000000000000000, -1.000000000000000000 ) ) ;
#1262 = DIRECTION ( 'NONE',  ( -1.000000000000000000, 0.000000000000000000, 0.000000000000000000 ) ) ;
#1263 = ORIENTED_EDGE ( 'NONE', *, *, #259, .T. ) ;
#1264 = FACE_BOUND ( 'NONE', #256, .T. ) ;
#1265 = ORIENTED_EDGE ( 'NONE', *, *, #853, .T. ) ;
#1266 = FACE_OUTER_BOUND ( 'NONE', #674, .T. ) ;
#1267 = VERTEX_POINT ( 'NONE', #42 ) ;
#1268 = EDGE_CURVE ( 'NONE', #556, #792, #1966, .T. ) ;
#1269 = CARTESIAN_POINT ( 'NONE',  ( -11.48512371389607267, 36.70518139898453569, 4.000000000000000000 ) ) ;
#1270 = CARTESIAN_POINT ( 'NONE',  ( -24.33076211353308338, 15.00000000000000355, 0.4900000000000008793 ) ) ;
#1271 = ORIENTED_EDGE ( 'NONE', *, *, #1268, .T. ) ;
#1272 = VECTOR ( 'NONE', #31, 1000.000000000000000 ) ;
#1273 = FACE_OUTER_BOUND ( 'NONE', #409, .T. ) ;
#1274 = EDGE_LOOP ( 'NONE', ( #1166, #137, #1253, #787 ) ) ;
#1275 = CIRCLE ( 'NONE', #368, 1.650000000000000355 ) ;
#1276 = AXIS2_PLACEMENT_3D ( 'NONE', #113, #920, #78 ) ;
#1277 = DIRECTION ( 'NONE',  ( -1.000000000000000000, 0.000000000000000000, 0.000000000000000000 ) ) ;
#1278 = ORIENTED_EDGE ( 'NONE', *, *, #337, .F. ) ;
#1279 =( GEOMETRIC_REPRESENTATION_CONTEXT ( 3 ) GLOBAL_UNCERTAINTY_ASSIGNED_CONTEXT ( ( #1528 ) ) GLOBAL_UNIT_ASSIGNED_CONTEXT ( ( #340, #687, #825 ) ) REPRESENTATION_CONTEXT ( 'NONE', 'WORKASPACE' ) );
#1280 = CARTESIAN_POINT ( 'NONE',  ( -27.63076211353330436, -14.99999999999999467, 31.51000000000000156 ) ) ;
#1281 = EDGE_CURVE ( 'NONE', #657, #590, #242, .T. ) ;
#1282 = CARTESIAN_POINT ( 'NONE',  ( -26.87005768508864278, -26.87005768508896608, 8.490000000000000213 ) ) ;
#1283 = CIRCLE ( 'NONE', #844, 1.650000000000203748 ) ;
#1284 = DIRECTION ( 'NONE',  ( -0.000000000000000000, -0.000000000000000000, 1.000000000000000000 ) ) ;
#1285 = CARTESIAN_POINT ( 'NONE',  ( -26.87005768508897674, 26.87005768508863568, 4.000000000000000000 ) ) ;
#1286 = FACE_OUTER_BOUND ( 'NONE', #1034, .T. ) ;
#1287 = VERTEX_POINT ( 'NONE', #1997 ) ;
#1288 = CARTESIAN_POINT ( 'NONE',  ( -30.00000000000000000, 1.836970198721062721E-15, 31.51000000000000156 ) ) ;
#1289 = CARTESIAN_POINT ( 'NONE',  ( -15.00000000000002842, 25.98076211353313525, 31.51000000000000156 ) ) ;
#1290 = VERTEX_POINT ( 'NONE', #1369 ) ;
#1291 = EDGE_LOOP ( 'NONE', ( #1703, #1509 ) ) ;
#1292 = FACE_BOUND ( 'NONE', #1441, .T. ) ;
#1293 = DIRECTION ( 'NONE',  ( -1.000000000000000000, 0.000000000000000000, 0.000000000000000000 ) ) ;
#1294 = CARTESIAN_POINT ( 'NONE',  ( 27.63076211353298461, 15.00000000000030376, 31.51000000000000156 ) ) ;
#1295 = ORIENTED_EDGE ( 'NONE', *, *, #167, .F. ) ;
#1296 = EDGE_CURVE ( 'NONE', #410, #1220, #2036, .T. ) ;
#1297 = EDGE_LOOP ( 'NONE', ( #580, #1350, #1868, #1089 ) ) ;
#1298 = CIRCLE ( 'NONE', #1862, 34.00000000000000000 ) ;
#1299 = EDGE_CURVE ( 'NONE', #319, #927, #190, .T. ) ;
#1300 = CARTESIAN_POINT ( 'NONE',  ( -8.185123713895288589, -36.70518139898465648, 25.51000000000000156 ) ) ;
#1301 = DIRECTION ( 'NONE',  ( 0.000000000000000000, 0.000000000000000000, 1.000000000000000000 ) ) ;
#1302 = DIRECTION ( 'NONE',  ( -0.000000000000000000, -0.000000000000000000, -1.000000000000000000 ) ) ;
#1303 = CIRCLE ( 'NONE', #968, 1.650000000000000355 ) ;
#1304 = PLANE ( 'NONE',  #287 ) ;
#1305 = CARTESIAN_POINT ( 'NONE',  ( -9.835123713895557174, -36.70518139898465648, 25.51000000000000156 ) ) ;
#1306 = EDGE_CURVE ( 'NONE', #1857, #1339, #468, .T. ) ;
#1307 = DIRECTION ( 'NONE',  ( -0.000000000000000000, -0.000000000000000000, -1.000000000000000000 ) ) ;
#1308 = AXIS2_PLACEMENT_3D ( 'NONE', #737, #1061, #109 ) ;
#1309 = ORIENTED_EDGE ( 'NONE', *, *, #865, .F. ) ;
#1310 = DIRECTION ( 'NONE',  ( -0.000000000000000000, -0.000000000000000000, -1.000000000000000000 ) ) ;
#1311 = VERTEX_POINT ( 'NONE', #1632 ) ;
#1312 = CARTESIAN_POINT ( 'NONE',  ( 13.34999999999974740, -25.98076211353316367, 0.4900000000000008793 ) ) ;
#1313 = CARTESIAN_POINT ( 'NONE',  ( 14.99999999999999112, -25.98076211353316367, 31.51000000000000156 ) ) ;
#1314 = CARTESIAN_POINT ( 'NONE',  ( 25.98076211353298248, 15.00000000000030376, 6.990000000000002878 ) ) ;
#1315 = DIRECTION ( 'NONE',  ( 1.000000000000000000, 0.000000000000000000, 0.000000000000000000 ) ) ;
#1316 = DIRECTION ( 'NONE',  ( -0.000000000000000000, -0.000000000000000000, 1.000000000000000000 ) ) ;
#1317 = ORIENTED_EDGE ( 'NONE', *, *, #2018, .T. ) ;
#1318 = ORIENTED_EDGE ( 'NONE', *, *, #2017, .F. ) ;
#1319 = EDGE_LOOP ( 'NONE', ( #726, #824 ) ) ;
#1320 = DIRECTION ( 'NONE',  ( 0.000000000000000000, 0.000000000000000000, 1.000000000000000000 ) ) ;
#1321 = DIRECTION ( 'NONE',  ( -1.000000000000000000, 0.000000000000000000, 0.000000000000000000 ) ) ;
#1322 = CARTESIAN_POINT ( 'NONE',  ( -36.70518139898465648, 9.835123713895553621, 25.51000000000000156 ) ) ;
#1323 = CIRCLE ( 'NONE', #680, 1.649999999999998579 ) ;
#1324 = CARTESIAN_POINT ( 'NONE',  ( 0.000000000000000000, 0.000000000000000000, 0.4899999999999999911 ) ) ;
#1325 = CARTESIAN_POINT ( 'NONE',  ( -15.00000000000002842, 25.98076211353313525, 6.990000000000002878 ) ) ;
#1326 = CARTESIAN_POINT ( 'NONE',  ( -25.22005768508890000, 26.87005768508863568, 25.51000000000000156 ) ) ;
#1327 = EDGE_LOOP ( 'NONE', ( #318, #311, #1734, #2074 ) ) ;
#1328 = DIRECTION ( 'NONE',  ( -1.000000000000000000, 0.000000000000000000, 0.000000000000000000 ) ) ;
#1329 = EDGE_CURVE ( 'NONE', #666, #112, #2086, .T. ) ;
#1330 = ORIENTED_EDGE ( 'NONE', *, *, #1388, .F. ) ;
#1331 = AXIS2_PLACEMENT_3D ( 'NONE', #1414, #1706, #1902 ) ;
#1332 = EDGE_CURVE ( 'NONE', #2132, #1986, #1209, .T. ) ;
#1333 = PRESENTATION_STYLE_ASSIGNMENT (( #201 ) ) ;
#1334 = FACE_BOUND ( 'NONE', #1080, .T. ) ;
#1335 = DIRECTION ( 'NONE',  ( -1.000000000000000000, 0.000000000000000000, 0.000000000000000000 ) ) ;
#1336 = ORIENTED_EDGE ( 'NONE', *, *, #1020, .F. ) ;
#1337 = CARTESIAN_POINT ( 'NONE',  ( -35.05518139898435948, -9.835123713896017250, 25.51000000000000156 ) ) ;
#1338 = CARTESIAN_POINT ( 'NONE',  ( 26.87005768508896253, -26.87005768508864989, 25.51000000000000156 ) ) ;
#1339 = VERTEX_POINT ( 'NONE', #154 ) ;
#1340 = AXIS2_PLACEMENT_3D ( 'NONE', #443, #614, #1436 ) ;
#1341 = CARTESIAN_POINT ( 'NONE',  ( -35.05518139898435948, -9.835123713896017250, 8.490000000000000213 ) ) ;
#1342 = ORIENTED_EDGE ( 'NONE', *, *, #1635, .F. ) ;
#1343 = EDGE_CURVE ( 'NONE', #1290, #973, #1014, .T. ) ;
#1344 = FACE_BOUND ( 'NONE', #1770, .T. ) ;
#1345 = CARTESIAN_POINT ( 'NONE',  ( 27.63076211353298461, 15.00000000000030376, 6.990000000000002878 ) ) ;
#1346 = EDGE_LOOP ( 'NONE', ( #603, #395, #1953, #121 ) ) ;
#1347 = ORIENTED_EDGE ( 'NONE', *, *, #167, .T. ) ;
#1348 = DIRECTION ( 'NONE',  ( 0.000000000000000000, 0.000000000000000000, 1.000000000000000000 ) ) ;
#1349 = ADVANCED_FACE ( 'NONE', ( #1463 ), #1975, .F. ) ;
#1350 = ORIENTED_EDGE ( 'NONE', *, *, #1201, .T. ) ;
#1351 = DIRECTION ( 'NONE',  ( -1.000000000000000000, 0.000000000000000000, 0.000000000000000000 ) ) ;
#1352 = CARTESIAN_POINT ( 'NONE',  ( -16.65000000000003055, 25.98076211353313525, 0.4900000000000008793 ) ) ;
#1353 = VERTEX_POINT ( 'NONE', #1600 ) ;
#1354 = EDGE_CURVE ( 'NONE', #1157, #257, #822, .T. ) ;
#1355 = CARTESIAN_POINT ( 'NONE',  ( -13.35000000000002807, 25.98076211353313525, 31.51000000000000156 ) ) ;
#1356 = DIRECTION ( 'NONE',  ( -0.000000000000000000, -0.000000000000000000, -1.000000000000000000 ) ) ;
#1357 = AXIS2_PLACEMENT_3D ( 'NONE', #1636, #1284, #300 ) ;
#1358 = EDGE_CURVE ( 'NONE', #1584, #1516, #1471, .T. ) ;
#1359 = FACE_OUTER_BOUND ( 'NONE', #1297, .T. ) ;
#1360 = APPLICATION_PROTOCOL_DEFINITION ( 'draft international standard', 'automotive_design', 1998, #1240 ) ;
#1361 = ORIENTED_EDGE ( 'NONE', *, *, #2004, .F. ) ;
#1362 = ORIENTED_EDGE ( 'NONE', *, *, #297, .T. ) ;
#1363 = CARTESIAN_POINT ( 'NONE',  ( 16.64999999999966462, 25.98076211353335196, 31.51000000000000156 ) ) ;
#1364 = VERTEX_POINT ( 'NONE', #136 ) ;
#1365 = LINE ( 'NONE', #596, #126 ) ;
#1366 = ORIENTED_EDGE ( 'NONE', *, *, #1332, .T. ) ;
#1367 = DIRECTION ( 'NONE',  ( -1.000000000000000000, 0.000000000000000000, 0.000000000000000000 ) ) ;
#1368 = VERTEX_POINT ( 'NONE', #788 ) ;
#1369 = CARTESIAN_POINT ( 'NONE',  ( -27.63076211353322620, 15.00000000000000355, 6.990000000000002878 ) ) ;
#1370 = AXIS2_PLACEMENT_3D ( 'NONE', #240, #1816, #868 ) ;
#1371 = DIRECTION ( 'NONE',  ( -1.000000000000000000, 0.000000000000000000, 0.000000000000000000 ) ) ;
#1372 = EDGE_LOOP ( 'NONE', ( #801, #1964 ) ) ;
#1373 = CARTESIAN_POINT ( 'NONE',  ( -25.98076211353315657, 15.00000000000000355, 0.4900000000000008793 ) ) ;
#1374 = CARTESIAN_POINT ( 'NONE',  ( -3.673940397442076533E-15, -30.00000000000000000, 6.990000000000002878 ) ) ;
#1375 = ADVANCED_FACE ( 'NONE', ( #1266 ), #1433, .F. ) ;
#1376 = VERTEX_POINT ( 'NONE', #1763 ) ;
#1377 = AXIS2_PLACEMENT_3D ( 'NONE', #1006, #1660, #534 ) ;
#1378 = CARTESIAN_POINT ( 'NONE',  ( -38.35518139898477585, 9.835123713895553621, 25.51000000000000156 ) ) ;
#1379 = CIRCLE ( 'NONE', #882, 1.650000000000000355 ) ;
#1380 = AXIS2_PLACEMENT_3D ( 'NONE', #1139, #1776, #174 ) ;
#1381 = VERTEX_POINT ( 'NONE', #309 ) ;
#1382 = VECTOR ( 'NONE', #1013, 1000.000000000000000 ) ;
#1383 = ORIENTED_EDGE ( 'NONE', *, *, #1296, .T. ) ;
#1384 = CARTESIAN_POINT ( 'NONE',  ( -25.22005768508839907, -26.87005768508896608, 8.490000000000000213 ) ) ;
#1385 = CARTESIAN_POINT ( 'NONE',  ( -27.00000000000000000, 2.795170158520426676E-15, 6.990000000000001101 ) ) ;
#1386 = CIRCLE ( 'NONE', #476, 1.650000000000002132 ) ;
#1387 = ORIENTED_EDGE ( 'NONE', *, *, #634, .T. ) ;
#1388 = EDGE_CURVE ( 'NONE', #1234, #250, #235, .T. ) ;
#1389 = FACE_OUTER_BOUND ( 'NONE', #1148, .T. ) ;
#1390 = ORIENTED_EDGE ( 'NONE', *, *, #588, .F. ) ;
#1391 = EDGE_CURVE ( 'NONE', #382, #736, #196, .T. ) ;
#1392 = FACE_OUTER_BOUND ( 'NONE', #845, .T. ) ;
#1393 = ORIENTED_EDGE ( 'NONE', *, *, #125, .T. ) ;
#1394 = DIRECTION ( 'NONE',  ( -0.000000000000000000, -0.000000000000000000, -1.000000000000000000 ) ) ;
#1395 = AXIS2_PLACEMENT_3D ( 'NONE', #1222, #1586, #592 ) ;
#1396 = FACE_OUTER_BOUND ( 'NONE', #1130, .T. ) ;
#1397 = ORIENTED_EDGE ( 'NONE', *, *, #1754, .T. ) ;
#1398 = CARTESIAN_POINT ( 'NONE',  ( -38.35518139898471190, -9.835123713896017250, 25.51000000000000156 ) ) ;
#1399 = DIRECTION ( 'NONE',  ( 1.000000000000000000, 0.000000000000000000, 0.000000000000000000 ) ) ;
#1400 = ORIENTED_EDGE ( 'NONE', *, *, #712, .F. ) ;
#1401 = ADVANCED_FACE ( 'NONE', ( #1403 ), #212, .T. ) ;
#1402 = AXIS2_PLACEMENT_3D ( 'NONE', #1282, #1186, #1037 ) ;
#1403 = FACE_OUTER_BOUND ( 'NONE', #963, .T. ) ;
#1404 = CARTESIAN_POINT ( 'NONE',  ( -16.65000000000018332, -25.98076211353315301, 6.990000000000002878 ) ) ;
#1405 = VECTOR ( 'NONE', #403, 1000.000000000000000 ) ;
#1406 = VERTEX_POINT ( 'NONE', #21 ) ;
#1407 = CARTESIAN_POINT ( 'NONE',  ( 38.35518139898441348, 9.835123713896452458, 25.51000000000000156 ) ) ;
#1408 = DIRECTION ( 'NONE',  ( 1.000000000000000000, 0.000000000000000000, 0.000000000000000000 ) ) ;
#1409 = ORIENTED_EDGE ( 'NONE', *, *, #1358, .T. ) ;
#1410 = AXIS2_PLACEMENT_3D ( 'NONE', #629, #960, #1613 ) ;
#1411 = DIRECTION ( 'NONE',  ( 1.000000000000000000, 0.000000000000000000, 0.000000000000000000 ) ) ;
#1412 = ORIENTED_EDGE ( 'NONE', *, *, #1498, .F. ) ;
#1413 = CARTESIAN_POINT ( 'NONE',  ( 35.05518139898440921, 9.835123713896452458, 4.000000000000000000 ) ) ;
#1414 = CARTESIAN_POINT ( 'NONE',  ( 0.000000000000000000, 30.00000000000000000, 31.51000000000000156 ) ) ;
#1415 = VECTOR ( 'NONE', #152, 1000.000000000000000 ) ;
#1416 = CARTESIAN_POINT ( 'NONE',  ( 36.70518139898441490, 9.835123713896452458, 25.51000000000000156 ) ) ;
#1417 = AXIS2_PLACEMENT_3D ( 'NONE', #1767, #2105, #1594 ) ;
#1418 = ORIENTED_EDGE ( 'NONE', *, *, #1946, .T. ) ;
#1419 = AXIS2_PLACEMENT_3D ( 'NONE', #1534, #537, #350 ) ;
#1420 = FACE_OUTER_BOUND ( 'NONE', #1602, .T. ) ;
#1421 = CIRCLE ( 'NONE', #1870, 1.650000000000267475 ) ;
#1422 = DIRECTION ( 'NONE',  ( -0.000000000000000000, -0.000000000000000000, -1.000000000000000000 ) ) ;
#1423 = ORIENTED_EDGE ( 'NONE', *, *, #380, .T. ) ;
#1424 = DIRECTION ( 'NONE',  ( -1.000000000000000000, 0.000000000000000000, 0.000000000000000000 ) ) ;
#1425 = VERTEX_POINT ( 'NONE', #1352 ) ;
#1426 = CARTESIAN_POINT ( 'NONE',  ( 0.000000000000000000, 0.000000000000000000, 8.490000000000000213 ) ) ;
#1427 = CARTESIAN_POINT ( 'NONE',  ( 26.87005768508829462, 26.87005768508932846, 8.490000000000000213 ) ) ;
#1428 = DIRECTION ( 'NONE',  ( 0.000000000000000000, 0.000000000000000000, -1.000000000000000000 ) ) ;
#1429 = CARTESIAN_POINT ( 'NONE',  ( 0.000000000000000000, 0.000000000000000000, 8.490000000000000213 ) ) ;
#1430 = ADVANCED_FACE ( 'NONE', ( #566 ), #851, .F. ) ;
#1431 = PLANE ( 'NONE',  #1934 ) ;
#1432 = ORIENTED_EDGE ( 'NONE', *, *, #143, .F. ) ;
#1433 = CYLINDRICAL_SURFACE ( 'NONE', #1524, 1.650000000000172218 ) ;
#1434 = ORIENTED_EDGE ( 'NONE', *, *, #796, .F. ) ;
#1435 = EDGE_CURVE ( 'NONE', #2032, #736, #1536, .T. ) ;
#1436 = DIRECTION ( 'NONE',  ( -1.000000000000000000, 0.000000000000000000, 0.000000000000000000 ) ) ;
#1437 = DIRECTION ( 'NONE',  ( 0.000000000000000000, 0.000000000000000000, 1.000000000000000000 ) ) ;
#1438 = DIRECTION ( 'NONE',  ( -0.000000000000000000, -0.000000000000000000, -1.000000000000000000 ) ) ;
#1439 = ORIENTED_EDGE ( 'NONE', *, *, #1787, .T. ) ;
#1440 = CARTESIAN_POINT ( 'NONE',  ( -30.00000000000000000, 1.836970198721062721E-15, 6.990000000000002878 ) ) ;
#1441 = EDGE_LOOP ( 'NONE', ( #1661, #1931 ) ) ;
#1442 = AXIS2_PLACEMENT_3D ( 'NONE', #678, #1697, #1188 ) ;
#1443 = CYLINDRICAL_SURFACE ( 'NONE', #669, 1.650000000000283240 ) ;
#1444 = CARTESIAN_POINT ( 'NONE',  ( 14.99999999999966604, 25.98076211353335196, 0.4900000000000008793 ) ) ;
#1445 = DIRECTION ( 'NONE',  ( 1.000000000000000000, 0.000000000000000000, 0.000000000000000000 ) ) ;
#1446 = ORIENTED_EDGE ( 'NONE', *, *, #274, .F. ) ;
#1447 = CIRCLE ( 'NONE', #541, 1.650000000000319655 ) ;
#1448 = LINE ( 'NONE', #1294, #2008 ) ;
#1449 = ORIENTED_EDGE ( 'NONE', *, *, #663, .F. ) ;
#1450 = AXIS2_PLACEMENT_3D ( 'NONE', #522, #1320, #874 ) ;
#1451 = ORIENTED_EDGE ( 'NONE', *, *, #2069, .F. ) ;
#1452 = AXIS2_PLACEMENT_3D ( 'NONE', #1992, #1793, #341 ) ;
#1453 = CYLINDRICAL_SURFACE ( 'NONE', #739, 1.650000000000002132 ) ;
#1454 = EDGE_CURVE ( 'NONE', #587, #1425, #548, .T. ) ;
#1455 = DIRECTION ( 'NONE',  ( 0.000000000000000000, 0.000000000000000000, -1.000000000000000000 ) ) ;
#1456 = CARTESIAN_POINT ( 'NONE',  ( 13.34999999999974740, -25.98076211353316367, 6.990000000000002878 ) ) ;
#1457 = DIRECTION ( 'NONE',  ( -1.000000000000000000, 0.000000000000000000, 0.000000000000000000 ) ) ;
#1458 = CARTESIAN_POINT ( 'NONE',  ( -24.33076211353302298, -14.99999999999999467, 31.51000000000000156 ) ) ;
#1459 = LINE ( 'NONE', #1666, #2049 ) ;
#1460 = DIRECTION ( 'NONE',  ( -0.000000000000000000, -0.000000000000000000, -1.000000000000000000 ) ) ;
#1461 = VERTEX_POINT ( 'NONE', #1168 ) ;
#1462 = ORIENTED_EDGE ( 'NONE', *, *, #523, .F. ) ;
#1463 = FACE_OUTER_BOUND ( 'NONE', #1786, .T. ) ;
#1464 = EDGE_LOOP ( 'NONE', ( #665, #958, #946, #399 ) ) ;
#1465 = AXIS2_PLACEMENT_3D ( 'NONE', #27, #1719, #1371 ) ;
#1466 = EDGE_CURVE ( 'NONE', #1287, #173, #778, .T. ) ;
#1467 = DIRECTION ( 'NONE',  ( 1.000000000000000000, 0.000000000000000000, 0.000000000000000000 ) ) ;
#1468 = CARTESIAN_POINT ( 'NONE',  ( 44.00000000000000000, 5.388445916248353619E-15, 8.490000000000000213 ) ) ;
#1469 = DIRECTION ( 'NONE',  ( -0.000000000000000000, -0.000000000000000000, -1.000000000000000000 ) ) ;
#1470 = ORIENTED_EDGE ( 'NONE', *, *, #1745, .F. ) ;
#1471 = LINE ( 'NONE', #649, #130 ) ;
#1472 = ORIENTED_EDGE ( 'NONE', *, *, #1033, .F. ) ;
#1473 = DIRECTION ( 'NONE',  ( -1.000000000000000000, 0.000000000000000000, 0.000000000000000000 ) ) ;
#1474 = DIRECTION ( 'NONE',  ( -0.000000000000000000, -0.000000000000000000, 1.000000000000000000 ) ) ;
#1475 = DIRECTION ( 'NONE',  ( -0.000000000000000000, -0.000000000000000000, -1.000000000000000000 ) ) ;
#1476 = CYLINDRICAL_SURFACE ( 'NONE', #1216, 1.650000000000267475 ) ;
#1477 =( NAMED_UNIT ( * ) SI_UNIT ( $, .STERADIAN. ) SOLID_ANGLE_UNIT ( ) );
#1478 = AXIS2_PLACEMENT_3D ( 'NONE', #75, #1191, #207 ) ;
#1479 = ORIENTED_EDGE ( 'NONE', *, *, #1495, .T. ) ;
#1480 = EDGE_CURVE ( 'NONE', #594, #1244, #18, .T. ) ;
#1481 = ORIENTED_EDGE ( 'NONE', *, *, #903, .T. ) ;
#1482 = AXIS2_PLACEMENT_3D ( 'NONE', #36, #889, #2000 ) ;
#1483 = CIRCLE ( 'NONE', #839, 32.00000000000000000 ) ;
#1484 = CARTESIAN_POINT ( 'NONE',  ( 34.00000000000000000, 4.163799117101000559E-15, 0.4899999999999999911 ) ) ;
#1485 = AXIS2_PLACEMENT_3D ( 'NONE', #811, #1817, #1002 ) ;
#1486 = FACE_BOUND ( 'NONE', #1040, .T. ) ;
#1487 = FACE_OUTER_BOUND ( 'NONE', #957, .T. ) ;
#1488 = DIRECTION ( 'NONE',  ( 1.000000000000000000, 0.000000000000000000, 0.000000000000000000 ) ) ;
#1489 = EDGE_CURVE ( 'NONE', #1626, #419, #2080, .T. ) ;
#1490 = DIRECTION ( 'NONE',  ( -0.000000000000000000, -0.000000000000000000, -1.000000000000000000 ) ) ;
#1491 = ADVANCED_BREP_SHAPE_REPRESENTATION ( '\X2\5927517382828f74\X0\-3A', ( #463, #437 ), #10 ) ;
#1492 = EDGE_CURVE ( 'NONE', #410, #627, #1119, .T. ) ;
#1493 = ORIENTED_EDGE ( 'NONE', *, *, #1881, .F. ) ;
#1494 = LINE ( 'NONE', #705, #1206 ) ;
#1495 = EDGE_CURVE ( 'NONE', #1753, #293, #1421, .T. ) ;
#1496 = EDGE_CURVE ( 'NONE', #1708, #899, #1050, .T. ) ;
#1497 = ORIENTED_EDGE ( 'NONE', *, *, #143, .T. ) ;
#1498 = EDGE_CURVE ( 'NONE', #1425, #834, #301, .T. ) ;
#1499 = DIRECTION ( 'NONE',  ( -0.000000000000000000, -0.000000000000000000, -1.000000000000000000 ) ) ;
#1500 = CYLINDRICAL_SURFACE ( 'NONE', #1627, 1.650000000000241496 ) ;
#1501 = CARTESIAN_POINT ( 'NONE',  ( -16.65000000000018332, -25.98076211353315301, 0.4900000000000008793 ) ) ;
#1502 = APPLICATION_PROTOCOL_DEFINITION ( 'draft international standard', 'automotive_design', 1998, #812 ) ;
#1503 = VERTEX_POINT ( 'NONE', #1879 ) ;
#1504 = VERTEX_POINT ( 'NONE', #449 ) ;
#1505 = DIRECTION ( 'NONE',  ( -0.000000000000000000, -0.000000000000000000, -1.000000000000000000 ) ) ;
#1506 = CYLINDRICAL_SURFACE ( 'NONE', #918, 27.00000000000000000 ) ;
#1507 = EDGE_CURVE ( 'NONE', #500, #921, #1483, .T. ) ;
#1508 = CARTESIAN_POINT ( 'NONE',  ( 27.00000000000000000, -5.113761991774268605E-16, 0.4899999999999999911 ) ) ;
#1509 = ORIENTED_EDGE ( 'NONE', *, *, #663, .T. ) ;
#1510 = AXIS2_PLACEMENT_3D ( 'NONE', #49, #404, #1315 ) ;
#1511 = PLANE ( 'NONE',  #2047 ) ;
#1512 = ORIENTED_EDGE ( 'NONE', *, *, #2004, .T. ) ;
#1513 = CYLINDRICAL_SURFACE ( 'NONE', #659, 1.650000000000140910 ) ;
#1514 = CARTESIAN_POINT ( 'NONE',  ( 24.33076211353287022, -15.00000000000001421, 6.990000000000002878 ) ) ;
#1515 = ORIENTED_EDGE ( 'NONE', *, *, #1343, .F. ) ;
#1516 = VERTEX_POINT ( 'NONE', #91 ) ;
#1517 = LINE ( 'NONE', #1829, #1865 ) ;
#1518 = CIRCLE ( 'NONE', #667, 1.650000000000267475 ) ;
#1519 = CARTESIAN_POINT ( 'NONE',  ( 34.00000000000000000, 4.163799117101000559E-15, 4.000000000000000000 ) ) ;
#1520 = CARTESIAN_POINT ( 'NONE',  ( 0.000000000000000000, 30.00000000000000000, 0.4900000000000008793 ) ) ;
#1521 = AXIS2_PLACEMENT_3D ( 'NONE', #83, #733, #1873 ) ;
#1522 = FILL_AREA_STYLE_COLOUR ( '', #1180 ) ;
#1523 = AXIS2_PLACEMENT_3D ( 'NONE', #849, #2023, #238 ) ;
#1524 = AXIS2_PLACEMENT_3D ( 'NONE', #1954, #490, #1120 ) ;
#1525 = EDGE_CURVE ( 'NONE', #1516, #931, #94, .T. ) ;
#1526 = CARTESIAN_POINT ( 'NONE',  ( -28.52005768508888295, -26.87005768508896608, 8.490000000000000213 ) ) ;
#1527 = CARTESIAN_POINT ( 'NONE',  ( 0.000000000000000000, 0.000000000000000000, 8.490000000000000213 ) ) ;
#1528 = UNCERTAINTY_MEASURE_WITH_UNIT (LENGTH_MEASURE( 1.000000000000000082E-05 ), #340, 'distance_accuracy_value', 'NONE');
#1529 = DIRECTION ( 'NONE',  ( 0.000000000000000000, 0.000000000000000000, 1.000000000000000000 ) ) ;
#1530 = ORIENTED_EDGE ( 'NONE', *, *, #159, .T. ) ;
#1531 = DIRECTION ( 'NONE',  ( -0.000000000000000000, -0.000000000000000000, -1.000000000000000000 ) ) ;
#1532 = DIRECTION ( 'NONE',  ( 1.000000000000000000, 0.000000000000000000, 0.000000000000000000 ) ) ;
#1533 = ORIENTED_EDGE ( 'NONE', *, *, #1948, .F. ) ;
#1534 = CARTESIAN_POINT ( 'NONE',  ( 36.70518139898441490, 9.835123713896452458, 4.000000000000000000 ) ) ;
#1535 = DIRECTION ( 'NONE',  ( -1.000000000000000000, 0.000000000000000000, 0.000000000000000000 ) ) ;
#1536 = LINE ( 'NONE', #697, #740 ) ;
#1537 = DIRECTION ( 'NONE',  ( -0.000000000000000000, -0.000000000000000000, -1.000000000000000000 ) ) ;
#1538 = AXIS2_PLACEMENT_3D ( 'NONE', #149, #1958, #1127 ) ;
#1539 = ORIENTED_EDGE ( 'NONE', *, *, #602, .F. ) ;
#1540 = DIRECTION ( 'NONE',  ( 0.000000000000000000, 0.000000000000000000, 1.000000000000000000 ) ) ;
#1541 = ORIENTED_EDGE ( 'NONE', *, *, #402, .F. ) ;
#1542 = DIRECTION ( 'NONE',  ( -0.000000000000000000, -0.000000000000000000, -1.000000000000000000 ) ) ;
#1543 = ORIENTED_EDGE ( 'NONE', *, *, #1492, .T. ) ;
#1544 = FACE_BOUND ( 'NONE', #1937, .T. ) ;
#1545 = ORIENTED_EDGE ( 'NONE', *, *, #865, .T. ) ;
#1546 = EDGE_LOOP ( 'NONE', ( #1900, #1963 ) ) ;
#1547 = DIRECTION ( 'NONE',  ( -1.000000000000000000, 0.000000000000000000, 0.000000000000000000 ) ) ;
#1548 = AXIS2_PLACEMENT_3D ( 'NONE', #550, #228, #1335 ) ;
#1549 = CARTESIAN_POINT ( 'NONE',  ( 30.00000000000000000, -5.510910596163123477E-15, 31.51000000000000156 ) ) ;
#1550 = ORIENTED_EDGE ( 'NONE', *, *, #1111, .T. ) ;
#1551 = DIRECTION ( 'NONE',  ( -0.000000000000000000, -0.000000000000000000, -1.000000000000000000 ) ) ;
#1552 = EDGE_LOOP ( 'NONE', ( #1530, #164, #30, #1400 ) ) ;
#1553 = AXIS2_PLACEMENT_3D ( 'NONE', #1645, #1194, #176 ) ;
#1554 = CARTESIAN_POINT ( 'NONE',  ( -30.00000000000000000, 1.836970198721062721E-15, 0.4900000000000008793 ) ) ;
#1555 = EDGE_CURVE ( 'NONE', #2011, #704, #370, .T. ) ;
#1556 = VECTOR ( 'NONE', #966, 1000.000000000000000 ) ;
#1557 = VECTOR ( 'NONE', #1551, 1000.000000000000000 ) ;
#1558 = CIRCLE ( 'NONE', #1452, 1.650000000000366507 ) ;
#1559 = CARTESIAN_POINT ( 'NONE',  ( 13.34999999999966569, 25.98076211353335196, 31.51000000000000156 ) ) ;
#1560 = EDGE_LOOP ( 'NONE', ( #1515, #441 ) ) ;
#1561 = DIRECTION ( 'NONE',  ( -0.000000000000000000, -0.000000000000000000, -1.000000000000000000 ) ) ;
#1562 = CARTESIAN_POINT ( 'NONE',  ( 9.835123713895557174, 36.70518139898466359, 25.51000000000000156 ) ) ;
#1563 = EDGE_CURVE ( 'NONE', #1311, #924, #611, .T. ) ;
#1564 = ORIENTED_EDGE ( 'NONE', *, *, #872, .F. ) ;
#1565 = CYLINDRICAL_SURFACE ( 'NONE', #57, 32.00000000000000000 ) ;
#1566 = EDGE_CURVE ( 'NONE', #2073, #145, #640, .T. ) ;
#1567 = EDGE_LOOP ( 'NONE', ( #2061, #1890, #1064, #2099 ) ) ;
#1568 = DIRECTION ( 'NONE',  ( 0.000000000000000000, 0.000000000000000000, 1.000000000000000000 ) ) ;
#1569 = CARTESIAN_POINT ( 'NONE',  ( 0.000000000000000000, 0.000000000000000000, 0.4899999999999999911 ) ) ;
#1570 = ORIENTED_EDGE ( 'NONE', *, *, #310, .T. ) ;
#1571 = CYLINDRICAL_SURFACE ( 'NONE', #2079, 1.650000000000071632 ) ;
#1572 = AXIS2_PLACEMENT_3D ( 'NONE', #1427, #735, #1884 ) ;
#1573 = FACE_OUTER_BOUND ( 'NONE', #2053, .T. ) ;
#1574 = ORIENTED_EDGE ( 'NONE', *, *, #651, .F. ) ;
#1575 = CARTESIAN_POINT ( 'NONE',  ( -36.70518139898453569, -9.835123713896017250, 8.490000000000000213 ) ) ;
#1576 = ORIENTED_EDGE ( 'NONE', *, *, #481, .F. ) ;
#1577 = DIRECTION ( 'NONE',  ( 1.000000000000000000, 0.000000000000000000, 0.000000000000000000 ) ) ;
#1578 = EDGE_CURVE ( 'NONE', #2058, #224, #1834, .T. ) ;
#1579 = ADVANCED_FACE ( 'NONE', ( #1389 ), #1565, .F. ) ;
#1580 = FACE_OUTER_BOUND ( 'NONE', #898, .T. ) ;
#1581 = ADVANCED_FACE ( 'NONE', ( #586 ), #1752, .F. ) ;
#1582 = DIRECTION ( 'NONE',  ( -1.000000000000000000, 0.000000000000000000, 0.000000000000000000 ) ) ;
#1583 = AXIS2_PLACEMENT_3D ( 'NONE', #61, #393, #709 ) ;
#1584 = VERTEX_POINT ( 'NONE', #1224 ) ;
#1585 = CARTESIAN_POINT ( 'NONE',  ( 36.70518139898441490, 9.835123713896452458, 4.000000000000000000 ) ) ;
#1586 = DIRECTION ( 'NONE',  ( -0.000000000000000000, -0.000000000000000000, -1.000000000000000000 ) ) ;
#1587 = EDGE_LOOP ( 'NONE', ( #751, #2019 ) ) ;
#1588 = AXIS2_PLACEMENT_3D ( 'NONE', #616, #1081, #269 ) ;
#1589 = DIRECTION ( 'NONE',  ( 1.000000000000000000, 0.000000000000000000, 0.000000000000000000 ) ) ;
#1590 = ORIENTED_EDGE ( 'NONE', *, *, #1831, .T. ) ;
#1591 = CARTESIAN_POINT ( 'NONE',  ( -8.185123713896068409, 36.70518139898453569, 25.51000000000000156 ) ) ;
#1592 = AXIS2_PLACEMENT_3D ( 'NONE', #251, #237, #1979 ) ;
#1593 = EDGE_CURVE ( 'NONE', #250, #1234, #408, .T. ) ;
#1594 = DIRECTION ( 'NONE',  ( 1.000000000000000000, 0.000000000000000000, 0.000000000000000000 ) ) ;
#1595 = EDGE_CURVE ( 'NONE', #1642, #1503, #295, .T. ) ;
#1596 = CARTESIAN_POINT ( 'NONE',  ( -44.00000000000000000, 0.000000000000000000, 4.000000000000000000 ) ) ;
#1597 = VECTOR ( 'NONE', #388, 1000.000000000000000 ) ;
#1598 = CARTESIAN_POINT ( 'NONE',  ( -2.793551275628180363E-16, -5.113761991774268605E-16, 6.990000000000001101 ) ) ;
#1599 = ORIENTED_EDGE ( 'NONE', *, *, #588, .T. ) ;
#1600 = CARTESIAN_POINT ( 'NONE',  ( -8.185123713896068409, 36.70518139898453569, 4.000000000000000000 ) ) ;
#1601 = EDGE_CURVE ( 'NONE', #1619, #1212, #1012, .T. ) ;
#1602 = EDGE_LOOP ( 'NONE', ( #1053, #2029, #724, #1347 ) ) ;
#1603 = DIRECTION ( 'NONE',  ( 0.000000000000000000, 0.000000000000000000, 1.000000000000000000 ) ) ;
#1604 = CARTESIAN_POINT ( 'NONE',  ( 0.000000000000000000, 0.000000000000000000, 4.000000000000000000 ) ) ;
#1605 = EDGE_LOOP ( 'NONE', ( #953, #236, #444, #1672 ) ) ;
#1606 = VERTEX_POINT ( 'NONE', #2042 ) ;
#1607 = FACE_BOUND ( 'NONE', #520, .T. ) ;
#1608 = CIRCLE ( 'NONE', #2131, 1.650000000000319655 ) ;
#1609 = ORIENTED_EDGE ( 'NONE', *, *, #246, .T. ) ;
#1610 = CARTESIAN_POINT ( 'NONE',  ( -3.673940397442076533E-15, -30.00000000000000000, 0.4900000000000008793 ) ) ;
#1611 = ORIENTED_EDGE ( 'NONE', *, *, #796, .T. ) ;
#1612 = DIRECTION ( 'NONE',  ( 0.000000000000000000, 0.000000000000000000, 1.000000000000000000 ) ) ;
#1613 = DIRECTION ( 'NONE',  ( -1.000000000000000000, 0.000000000000000000, 0.000000000000000000 ) ) ;
#1614 = VERTEX_POINT ( 'NONE', #1722 ) ;
#1615 = ORIENTED_EDGE ( 'NONE', *, *, #1192, .T. ) ;
#1616 = EDGE_CURVE ( 'NONE', #1368, #244, #951, .T. ) ;
#1617 = AXIS2_PLACEMENT_3D ( 'NONE', #216, #1861, #1196 ) ;
#1618 = FACE_OUTER_BOUND ( 'NONE', #771, .T. ) ;
#1619 = VERTEX_POINT ( 'NONE', #1733 ) ;
#1620 = EDGE_LOOP ( 'NONE', ( #985, #220, #425, #1896 ) ) ;
#1621 = EDGE_CURVE ( 'NONE', #1311, #1642, #1049, .T. ) ;
#1622 = DIRECTION ( 'NONE',  ( -0.000000000000000000, -0.000000000000000000, 1.000000000000000000 ) ) ;
#1623 = EDGE_CURVE ( 'NONE', #927, #319, #1152, .T. ) ;
#1624 = CIRCLE ( 'NONE', #1308, 1.650000000000002132 ) ;
#1625 = CARTESIAN_POINT ( 'NONE',  ( -16.65000000000003055, 25.98076211353313525, 6.990000000000002878 ) ) ;
#1626 = VERTEX_POINT ( 'NONE', #1009 ) ;
#1627 = AXIS2_PLACEMENT_3D ( 'NONE', #1207, #245, #2103 ) ;
#1628 = FACE_BOUND ( 'NONE', #324, .T. ) ;
#1629 = EDGE_CURVE ( 'NONE', #304, #1649, #1971, .T. ) ;
#1630 = ORIENTED_EDGE ( 'NONE', *, *, #979, .F. ) ;
#1631 = ORIENTED_EDGE ( 'NONE', *, *, #1681, .T. ) ;
#1632 = CARTESIAN_POINT ( 'NONE',  ( 11.48512371389633202, -36.70518139898453569, 8.490000000000000213 ) ) ;
#1633 = EDGE_CURVE ( 'NONE', #1626, #1985, #129, .T. ) ;
#1634 = ORIENTED_EDGE ( 'NONE', *, *, #390, .T. ) ;
#1635 = EDGE_CURVE ( 'NONE', #98, #1807, #1799, .T. ) ;
#1636 = CARTESIAN_POINT ( 'NONE',  ( 30.00000000000000000, -5.510910596163123477E-15, 0.4900000000000008793 ) ) ;
#1637 = DIRECTION ( 'NONE',  ( 1.000000000000000000, 0.000000000000000000, 0.000000000000000000 ) ) ;
#1638 = DIRECTION ( 'NONE',  ( -0.000000000000000000, -0.000000000000000000, -1.000000000000000000 ) ) ;
#1639 = FACE_BOUND ( 'NONE', #2089, .T. ) ;
#1640 = ORIENTED_EDGE ( 'NONE', *, *, #858, .F. ) ;
#1641 = CIRCLE ( 'NONE', #1810, 1.650000000000078515 ) ;
#1642 = VERTEX_POINT ( 'NONE', #69 ) ;
#1643 = AXIS2_PLACEMENT_3D ( 'NONE', #260, #1731, #573 ) ;
#1644 = FACE_BOUND ( 'NONE', #1874, .T. ) ;
#1645 = CARTESIAN_POINT ( 'NONE',  ( -25.98076211353316367, -14.99999999999999467, 6.990000000000002878 ) ) ;
#1646 = FACE_OUTER_BOUND ( 'NONE', #729, .T. ) ;
#1647 = DIRECTION ( 'NONE',  ( -0.000000000000000000, -0.000000000000000000, -1.000000000000000000 ) ) ;
#1648 = DIRECTION ( 'NONE',  ( -0.000000000000000000, -0.000000000000000000, -1.000000000000000000 ) ) ;
#1649 = VERTEX_POINT ( 'NONE', #720 ) ;
#1650 = EDGE_LOOP ( 'NONE', ( #2090, #552 ) ) ;
#1651 = EDGE_CURVE ( 'NONE', #973, #1290, #1208, .T. ) ;
#1652 = LINE ( 'NONE', #1822, #1941 ) ;
#1653 = DIRECTION ( 'NONE',  ( -1.000000000000000000, 0.000000000000000000, 0.000000000000000000 ) ) ;
#1654 = FACE_BOUND ( 'NONE', #1944, .T. ) ;
#1655 = DIRECTION ( 'NONE',  ( 0.000000000000000000, 0.000000000000000000, -1.000000000000000000 ) ) ;
#1656 = CARTESIAN_POINT ( 'NONE',  ( -9.835123713896070541, 36.70518139898453569, 4.000000000000000000 ) ) ;
#1657 = CARTESIAN_POINT ( 'NONE',  ( -15.00000000000002842, 25.98076211353313525, 6.990000000000002878 ) ) ;
#1658 = ADVANCED_FACE ( 'NONE', ( #1960 ), #344, .F. ) ;
#1659 = EDGE_LOOP ( 'NONE', ( #253, #578, #1689, #34 ) ) ;
#1660 = DIRECTION ( 'NONE',  ( -0.000000000000000000, -0.000000000000000000, 1.000000000000000000 ) ) ;
#1661 = ORIENTED_EDGE ( 'NONE', *, *, #546, .T. ) ;
#1662 = AXIS2_PLACEMENT_3D ( 'NONE', #675, #686, #1321 ) ;
#1663 = FACE_BOUND ( 'NONE', #1031, .T. ) ;
#1664 = DIRECTION ( 'NONE',  ( 0.000000000000000000, 0.000000000000000000, -1.000000000000000000 ) ) ;
#1665 = DIRECTION ( 'NONE',  ( 1.000000000000000000, 0.000000000000000000, 0.000000000000000000 ) ) ;
#1666 = CARTESIAN_POINT ( 'NONE',  ( 1.650000000000200195, -30.00000000000000000, 31.51000000000000156 ) ) ;
#1667 = EDGE_CURVE ( 'NONE', #587, #581, #1379, .T. ) ;
#1668 = ORIENTED_EDGE ( 'NONE', *, *, #526, .T. ) ;
#1669 = CARTESIAN_POINT ( 'NONE',  ( -15.00000000000001066, -25.98076211353315301, 6.990000000000002878 ) ) ;
#1670 = CYLINDRICAL_SURFACE ( 'NONE', #264, 1.650000000000366507 ) ;
#1671 = ADVANCED_FACE ( 'NONE', ( #194 ), #842, .F. ) ;
#1672 = ORIENTED_EDGE ( 'NONE', *, *, #1566, .T. ) ;
#1673 = EDGE_CURVE ( 'NONE', #615, #1614, #366, .T. ) ;
#1674 = FACE_BOUND ( 'NONE', #536, .T. ) ;
#1675 = VECTOR ( 'NONE', #1537, 1000.000000000000000 ) ;
#1676 = ADVANCED_FACE ( 'NONE', ( #23 ), #1443, .F. ) ;
#1677 = LINE ( 'NONE', #39, #2067 ) ;
#1678 = ORIENTED_EDGE ( 'NONE', *, *, #1101, .T. ) ;
#1679 = CARTESIAN_POINT ( 'NONE',  ( -35.05518139898435948, -9.835123713896017250, 4.000000000000000000 ) ) ;
#1680 = DIRECTION ( 'NONE',  ( 0.000000000000000000, 0.000000000000000000, 1.000000000000000000 ) ) ;
#1681 = EDGE_CURVE ( 'NONE', #721, #789, #189, .T. ) ;
#1682 = ORIENTED_EDGE ( 'NONE', *, *, #1211, .F. ) ;
#1683 = VECTOR ( 'NONE', #569, 1000.000000000000000 ) ;
#1684 = FACE_BOUND ( 'NONE', #247, .T. ) ;
#1685 = CARTESIAN_POINT ( 'NONE',  ( 28.34999999999969233, -5.510910596163123477E-15, 0.4900000000000008793 ) ) ;
#1686 = DIRECTION ( 'NONE',  ( 0.000000000000000000, 0.000000000000000000, 1.000000000000000000 ) ) ;
#1687 = VECTOR ( 'NONE', #1394, 1000.000000000000000 ) ;
#1688 = CARTESIAN_POINT ( 'NONE',  ( 0.000000000000000000, 0.000000000000000000, 0.000000000000000000 ) ) ;
#1689 = ORIENTED_EDGE ( 'NONE', *, *, #138, .T. ) ;
#1690 = CYLINDRICAL_SURFACE ( 'NONE', #8, 1.650000000000102718 ) ;
#1691 = CIRCLE ( 'NONE', #877, 1.650000000000241496 ) ;
#1692 = EDGE_LOOP ( 'NONE', ( #1988, #1609, #1217, #1678 ) ) ;
#1693 = DIRECTION ( 'NONE',  ( 0.000000000000000000, 0.000000000000000000, 1.000000000000000000 ) ) ;
#1694 = CIRCLE ( 'NONE', #2045, 1.649999999999998579 ) ;
#1695 = AXIS2_PLACEMENT_3D ( 'NONE', #2065, #597, #1249 ) ;
#1696 = DIRECTION ( 'NONE',  ( 1.000000000000000000, 0.000000000000000000, 0.000000000000000000 ) ) ;
#1697 = DIRECTION ( 'NONE',  ( 0.000000000000000000, 0.000000000000000000, 1.000000000000000000 ) ) ;
#1698 = ORIENTED_EDGE ( 'NONE', *, *, #2018, .F. ) ;
#1699 = VERTEX_POINT ( 'NONE', #1456 ) ;
#1700 = FACE_OUTER_BOUND ( 'NONE', #1620, .T. ) ;
#1701 = ORIENTED_EDGE ( 'NONE', *, *, #1762, .F. ) ;
#1702 = DIRECTION ( 'NONE',  ( -0.000000000000000000, -0.000000000000000000, -1.000000000000000000 ) ) ;
#1703 = ORIENTED_EDGE ( 'NONE', *, *, #1306, .T. ) ;
#1704 = EDGE_CURVE ( 'NONE', #1005, #2066, #1694, .T. ) ;
#1705 = FACE_BOUND ( 'NONE', #1319, .T. ) ;
#1706 = DIRECTION ( 'NONE',  ( -0.000000000000000000, -0.000000000000000000, -1.000000000000000000 ) ) ;
#1707 = AXIS2_PLACEMENT_3D ( 'NONE', #1598, #606, #926 ) ;
#1708 = VERTEX_POINT ( 'NONE', #854 ) ;
#1709 = DIRECTION ( 'NONE',  ( 0.000000000000000000, 0.000000000000000000, -1.000000000000000000 ) ) ;
#1710 = CARTESIAN_POINT ( 'NONE',  ( -32.00000000000000000, 3.918869757271530263E-15, 6.990000000000001101 ) ) ;
#1711 = VERTEX_POINT ( 'NONE', #279 ) ;
#1712 = DIRECTION ( 'NONE',  ( 0.000000000000000000, 0.000000000000000000, 1.000000000000000000 ) ) ;
#1713 = VERTEX_POINT ( 'NONE', #933 ) ;
#1714 = AXIS2_PLACEMENT_3D ( 'NONE', #1161, #47, #668 ) ;
#1715 = LINE ( 'NONE', #1559, #278 ) ;
#1716 = ORIENTED_EDGE ( 'NONE', *, *, #29, .F. ) ;
#1717 = FACE_OUTER_BOUND ( 'NONE', #1091, .T. ) ;
#1718 = CIRCLE ( 'NONE', #1075, 1.650000000000000355 ) ;
#1719 = DIRECTION ( 'NONE',  ( -0.000000000000000000, -0.000000000000000000, -1.000000000000000000 ) ) ;
#1720 = ORIENTED_EDGE ( 'NONE', *, *, #1133, .F. ) ;
#1721 = DIRECTION ( 'NONE',  ( -0.000000000000000000, -0.000000000000000000, 1.000000000000000000 ) ) ;
#1722 = CARTESIAN_POINT ( 'NONE',  ( 31.65000000000030411, -5.308843874303773248E-15, 0.4900000000000008793 ) ) ;
#1723 = ORIENTED_EDGE ( 'NONE', *, *, #1085, .T. ) ;
#1724 = CIRCLE ( 'NONE', #1079, 1.650000000000203748 ) ;
#1725 = CIRCLE ( 'NONE', #1987, 1.650000000000243272 ) ;
#1726 = DIRECTION ( 'NONE',  ( -0.000000000000000000, -0.000000000000000000, -1.000000000000000000 ) ) ;
#1727 = ORIENTED_EDGE ( 'NONE', *, *, #1211, .T. ) ;
#1728 = AXIS2_PLACEMENT_3D ( 'NONE', #1322, #1499, #864 ) ;
#1729 = ORIENTED_EDGE ( 'NONE', *, *, #929, .F. ) ;
#1730 = CARTESIAN_POINT ( 'NONE',  ( 13.34999999999966569, 25.98076211353335196, 6.990000000000002878 ) ) ;
#1731 = DIRECTION ( 'NONE',  ( -0.000000000000000000, -0.000000000000000000, -1.000000000000000000 ) ) ;
#1732 = ORIENTED_EDGE ( 'NONE', *, *, #769, .T. ) ;
#1733 = CARTESIAN_POINT ( 'NONE',  ( -1.650000000000207523, -30.00000000000000000, 6.990000000000002878 ) ) ;
#1734 = ORIENTED_EDGE ( 'NONE', *, *, #651, .T. ) ;
#1735 = CARTESIAN_POINT ( 'NONE',  ( 9.835123713895557174, 36.70518139898466359, 4.000000000000000000 ) ) ;
#1736 = CYLINDRICAL_SURFACE ( 'NONE', #1143, 27.00000000000000000 ) ;
#1737 = CIRCLE ( 'NONE', #451, 44.00000000000000000 ) ;
#1738 = ORIENTED_EDGE ( 'NONE', *, *, #1048, .F. ) ;
#1739 = LINE ( 'NONE', #1886, #1235 ) ;
#1740 = DIRECTION ( 'NONE',  ( 1.000000000000000000, 0.000000000000000000, 0.000000000000000000 ) ) ;
#1741 = ORIENTED_EDGE ( 'NONE', *, *, #29, .T. ) ;
#1742 = ADVANCED_FACE ( 'NONE', ( #1580 ), #1506, .F. ) ;
#1743 = CARTESIAN_POINT ( 'NONE',  ( 26.87005768508829462, 26.87005768508932846, 25.51000000000000156 ) ) ;
#1744 = ORIENTED_EDGE ( 'NONE', *, *, #13, .T. ) ;
#1745 = EDGE_CURVE ( 'NONE', #489, #1708, #1042, .T. ) ;
#1746 = EDGE_CURVE ( 'NONE', #1011, #185, #638, .T. ) ;
#1747 = DIRECTION ( 'NONE',  ( 1.000000000000000000, 0.000000000000000000, 0.000000000000000000 ) ) ;
#1748 = EDGE_LOOP ( 'NONE', ( #1295, #1832 ) ) ;
#1749 = DIRECTION ( 'NONE',  ( -1.000000000000000000, 0.000000000000000000, 0.000000000000000000 ) ) ;
#1750 = DIRECTION ( 'NONE',  ( -1.000000000000000000, 0.000000000000000000, 0.000000000000000000 ) ) ;
#1751 = ORIENTED_EDGE ( 'NONE', *, *, #337, .T. ) ;
#1752 = CYLINDRICAL_SURFACE ( 'NONE', #299, 1.649999999999995248 ) ;
#1753 = VERTEX_POINT ( 'NONE', #1998 ) ;
#1754 = EDGE_CURVE ( 'NONE', #1584, #231, #2084, .T. ) ;
#1755 = CIRCLE ( 'NONE', #294, 34.00000000000000000 ) ;
#1756 = DIRECTION ( 'NONE',  ( -1.000000000000000000, 0.000000000000000000, 0.000000000000000000 ) ) ;
#1757 = ORIENTED_EDGE ( 'NONE', *, *, #1085, .F. ) ;
#1758 = AXIS2_PLACEMENT_3D ( 'NONE', #1003, #28, #487 ) ;
#1759 = AXIS2_PLACEMENT_3D ( 'NONE', #418, #1218, #252 ) ;
#1760 = LINE ( 'NONE', #1940, #732 ) ;
#1761 = ORIENTED_EDGE ( 'NONE', *, *, #214, .T. ) ;
#1762 = EDGE_CURVE ( 'NONE', #2032, #307, #1118, .T. ) ;
#1763 = CARTESIAN_POINT ( 'NONE',  ( -25.22005768508890000, 26.87005768508863568, 8.490000000000000213 ) ) ;
#1764 = LINE ( 'NONE', #2027, #331 ) ;
#1765 = ORIENTED_EDGE ( 'NONE', *, *, #338, .F. ) ;
#1766 = DIRECTION ( 'NONE',  ( 1.000000000000000000, 0.000000000000000000, 0.000000000000000000 ) ) ;
#1767 = CARTESIAN_POINT ( 'NONE',  ( 36.70518139898441490, 9.835123713896452458, 8.490000000000000213 ) ) ;
#1768 = DIRECTION ( 'NONE',  ( 1.000000000000000000, 0.000000000000000000, 0.000000000000000000 ) ) ;
#1769 = ADVANCED_FACE ( 'NONE', ( #1024 ), #1670, .F. ) ;
#1770 = EDGE_LOOP ( 'NONE', ( #510, #1202 ) ) ;
#1771 = PRODUCT_DEFINITION_SHAPE ( 'NONE', 'NONE',  #628 ) ;
#1772 = CARTESIAN_POINT ( 'NONE',  ( -11.48512371389582398, -36.70518139898465648, 25.51000000000000156 ) ) ;
#1773 = AXIS2_PLACEMENT_3D ( 'NONE', #1105, #1083, #1408 ) ;
#1774 = ORIENTED_EDGE ( 'NONE', *, *, #1779, .F. ) ;
#1775 = ADVANCED_FACE ( 'NONE', ( #56 ), #1453, .F. ) ;
#1776 = DIRECTION ( 'NONE',  ( 0.000000000000000000, 0.000000000000000000, 1.000000000000000000 ) ) ;
#1777 = VERTEX_POINT ( 'NONE', #827 ) ;
#1778 = EDGE_CURVE ( 'NONE', #888, #1381, #1938, .T. ) ;
#1779 = EDGE_CURVE ( 'NONE', #789, #257, #1275, .T. ) ;
#1780 = CARTESIAN_POINT ( 'NONE',  ( 14.99999999999999112, -25.98076211353316367, 0.4900000000000008793 ) ) ;
#1781 = CYLINDRICAL_SURFACE ( 'NONE', #727, 1.650000000000243272 ) ;
#1782 = ORIENTED_EDGE ( 'NONE', *, *, #862, .F. ) ;
#1783 = AXIS2_PLACEMENT_3D ( 'NONE', #1554, #105, #756 ) ;
#1784 = DIRECTION ( 'NONE',  ( -0.000000000000000000, -0.000000000000000000, 1.000000000000000000 ) ) ;
#1785 = AXIS2_PLACEMENT_3D ( 'NONE', #799, #1169, #1000 ) ;
#1786 = EDGE_LOOP ( 'NONE', ( #1564, #1131, #206, #336 ) ) ;
#1787 = EDGE_CURVE ( 'NONE', #1699, #469, #1725, .T. ) ;
#1788 = AXIS2_PLACEMENT_3D ( 'NONE', #1232, #99, #86 ) ;
#1789 = ORIENTED_EDGE ( 'NONE', *, *, #177, .T. ) ;
#1790 = DIRECTION ( 'NONE',  ( 1.000000000000000000, 0.000000000000000000, 0.000000000000000000 ) ) ;
#1791 = EDGE_CURVE ( 'NONE', #218, #1353, #298, .T. ) ;
#1792 = CIRCLE ( 'NONE', #1553, 1.650000000000140910 ) ;
#1793 = DIRECTION ( 'NONE',  ( 0.000000000000000000, 0.000000000000000000, 1.000000000000000000 ) ) ;
#1794 = PRODUCT_DEFINITION_FORMATION_WITH_SPECIFIED_SOURCE ( 'å¯', '', #82, .NOT_KNOWN. ) ;
#1795 = LINE ( 'NONE', #1458, #254 ) ;
#1796 = DIRECTION ( 'NONE',  ( -0.000000000000000000, -0.000000000000000000, -1.000000000000000000 ) ) ;
#1797 = CIRCLE ( 'NONE', #881, 44.00000000000000000 ) ;
#1798 = FACE_BOUND ( 'NONE', #860, .T. ) ;
#1799 = CIRCLE ( 'NONE', #1419, 1.649999999999998579 ) ;
#1800 = ORIENTED_EDGE ( 'NONE', *, *, #1507, .F. ) ;
#1801 = EDGE_LOOP ( 'NONE', ( #1921, #1108 ) ) ;
#1802 = LINE ( 'NONE', #1815, #1382 ) ;
#1803 = DIRECTION ( 'NONE',  ( 1.000000000000000000, 0.000000000000000000, 0.000000000000000000 ) ) ;
#1804 = CARTESIAN_POINT ( 'NONE',  ( 0.000000000000000000, 0.000000000000000000, 8.490000000000000213 ) ) ;
#1805 = DIRECTION ( 'NONE',  ( 1.000000000000000000, 0.000000000000000000, 0.000000000000000000 ) ) ;
#1806 = DIRECTION ( 'NONE',  ( -0.000000000000000000, -0.000000000000000000, 1.000000000000000000 ) ) ;
#1807 = VERTEX_POINT ( 'NONE', #1413 ) ;
#1808 = DIRECTION ( 'NONE',  ( 0.000000000000000000, 0.000000000000000000, -1.000000000000000000 ) ) ;
#1809 = AXIS2_PLACEMENT_3D ( 'NONE', #133, #1428, #623 ) ;
#1810 = AXIS2_PLACEMENT_3D ( 'NONE', #981, #169, #679 ) ;
#1811 = EDGE_LOOP ( 'NONE', ( #1449, #2134, #58, #271 ) ) ;
#1812 = EDGE_CURVE ( 'NONE', #1614, #633, #313, .T. ) ;
#1813 = FACE_BOUND ( 'NONE', #339, .T. ) ;
#1814 = EDGE_CURVE ( 'NONE', #1022, #1121, #1062, .T. ) ;
#1815 = CARTESIAN_POINT ( 'NONE',  ( 38.35518139898505297, -9.835123713895558950, 25.51000000000000156 ) ) ;
#1816 = DIRECTION ( 'NONE',  ( -0.000000000000000000, -0.000000000000000000, -1.000000000000000000 ) ) ;
#1817 = DIRECTION ( 'NONE',  ( 0.000000000000000000, 0.000000000000000000, 1.000000000000000000 ) ) ;
#1818 = ORIENTED_EDGE ( 'NONE', *, *, #830, .T. ) ;
#1819 = DIRECTION ( 'NONE',  ( -1.000000000000000000, 0.000000000000000000, 0.000000000000000000 ) ) ;
#1820 = ORIENTED_EDGE ( 'NONE', *, *, #381, .F. ) ;
#1821 = DIRECTION ( 'NONE',  ( -0.000000000000000000, -0.000000000000000000, -1.000000000000000000 ) ) ;
#1822 = CARTESIAN_POINT ( 'NONE',  ( 28.52005768508933059, -26.87005768508864989, 25.51000000000000156 ) ) ;
#1823 = AXIS2_PLACEMENT_3D ( 'NONE', #1001, #1993, #354 ) ;
#1824 = CARTESIAN_POINT ( 'NONE',  ( -26.87005768508897674, 26.87005768508863568, 25.51000000000000156 ) ) ;
#1825 = DIRECTION ( 'NONE',  ( -1.000000000000000000, 0.000000000000000000, 0.000000000000000000 ) ) ;
#1826 = CARTESIAN_POINT ( 'NONE',  ( 26.87005768508896253, -26.87005768508864989, 4.000000000000000000 ) ) ;
#1827 = VECTOR ( 'NONE', #861, 1000.000000000000000 ) ;
#1828 = ORIENTED_EDGE ( 'NONE', *, *, #1621, .T. ) ;
#1829 = CARTESIAN_POINT ( 'NONE',  ( -1.649999999999999689, 30.00000000000000000, 31.51000000000000156 ) ) ;
#1830 = CARTESIAN_POINT ( 'NONE',  ( -2.793551275628180363E-16, -5.113761991774268605E-16, 5.990000000000001101 ) ) ;
#1831 = EDGE_CURVE ( 'NONE', #1121, #1022, #209, .T. ) ;
#1832 = ORIENTED_EDGE ( 'NONE', *, *, #14, .F. ) ;
#1833 = VECTOR ( 'NONE', #1991, 1000.000000000000000 ) ;
#1834 = CIRCLE ( 'NONE', #1903, 1.650000000000401146 ) ;
#1835 = LINE ( 'NONE', #376, #1138 ) ;
#1836 = AXIS2_PLACEMENT_3D ( 'NONE', #213, #836, #525 ) ;
#1837 = ADVANCED_FACE ( 'NONE', ( #1955 ), #823, .F. ) ;
#1838 = DIRECTION ( 'NONE',  ( 0.000000000000000000, 0.000000000000000000, -1.000000000000000000 ) ) ;
#1839 = DIRECTION ( 'NONE',  ( -1.000000000000000000, 0.000000000000000000, 0.000000000000000000 ) ) ;
#1840 = EDGE_CURVE ( 'NONE', #1888, #1220, #928, .T. ) ;
#1841 = ORIENTED_EDGE ( 'NONE', *, *, #1651, .T. ) ;
#1842 = ORIENTED_EDGE ( 'NONE', *, *, #1391, .T. ) ;
#1843 = DIRECTION ( 'NONE',  ( 1.000000000000000000, 0.000000000000000000, 0.000000000000000000 ) ) ;
#1844 = DIRECTION ( 'NONE',  ( -0.000000000000000000, -0.000000000000000000, 1.000000000000000000 ) ) ;
#1845 = CARTESIAN_POINT ( 'NONE',  ( -13.34999999999983800, -25.98076211353315301, 31.51000000000000156 ) ) ;
#1846 = ORIENTED_EDGE ( 'NONE', *, *, #1057, .T. ) ;
#1847 = EDGE_CURVE ( 'NONE', #1503, #924, #1608, .T. ) ;
#1848 = CIRCLE ( 'NONE', #716, 1.650000000000319655 ) ;
#1849 = CARTESIAN_POINT ( 'NONE',  ( -35.05518139898453001, 9.835123713895553621, 4.000000000000000000 ) ) ;
#1850 = CARTESIAN_POINT ( 'NONE',  ( 0.000000000000000000, 0.000000000000000000, 4.000000000000000000 ) ) ;
#1851 = AXIS2_PLACEMENT_3D ( 'NONE', #1984, #713, #681 ) ;
#1852 = DIRECTION ( 'NONE',  ( 0.000000000000000000, 0.000000000000000000, 1.000000000000000000 ) ) ;
#1853 = CARTESIAN_POINT ( 'NONE',  ( -9.835123713895557174, -36.70518139898465648, 8.490000000000000213 ) ) ;
#1854 = ORIENTED_EDGE ( 'NONE', *, *, #392, .T. ) ;
#1855 = LINE ( 'NONE', #553, #1827 ) ;
#1856 = CARTESIAN_POINT ( 'NONE',  ( 14.99999999999966604, 25.98076211353335196, 0.4900000000000008793 ) ) ;
#1857 = VERTEX_POINT ( 'NONE', #1508 ) ;
#1858 = CARTESIAN_POINT ( 'NONE',  ( 0.000000000000000000, 0.000000000000000000, 0.4899999999999999911 ) ) ;
#1859 = CIRCLE ( 'NONE', #1197, 1.650000000000000355 ) ;
#1860 = EDGE_CURVE ( 'NONE', #244, #1287, #223, .T. ) ;
#1861 = DIRECTION ( 'NONE',  ( 0.000000000000000000, 0.000000000000000000, 1.000000000000000000 ) ) ;
#1862 = AXIS2_PLACEMENT_3D ( 'NONE', #1569, #1261, #759 ) ;
#1863 = EDGE_LOOP ( 'NONE', ( #458, #1159 ) ) ;
#1864 = CARTESIAN_POINT ( 'NONE',  ( 35.05518139898440921, 9.835123713896452458, 25.51000000000000156 ) ) ;
#1865 = VECTOR ( 'NONE', #65, 1000.000000000000000 ) ;
#1866 = EDGE_LOOP ( 'NONE', ( #478, #104 ) ) ;
#1867 = EDGE_CURVE ( 'NONE', #307, #2032, #752, .T. ) ;
#1868 = ORIENTED_EDGE ( 'NONE', *, *, #546, .F. ) ;
#1869 = AXIS2_PLACEMENT_3D ( 'NONE', #1520, #513, #1351 ) ;
#1870 = AXIS2_PLACEMENT_3D ( 'NONE', #273, #2096, #1399 ) ;
#1871 = FACE_OUTER_BOUND ( 'NONE', #1219, .T. ) ;
#1872 = CYLINDRICAL_SURFACE ( 'NONE', #1331, 1.649999999999999689 ) ;
#1873 = DIRECTION ( 'NONE',  ( -1.000000000000000000, 0.000000000000000000, 0.000000000000000000 ) ) ;
#1874 = EDGE_LOOP ( 'NONE', ( #935, #703 ) ) ;
#1875 = CARTESIAN_POINT ( 'NONE',  ( -1.649999999999999689, 30.00000000000000000, 0.4900000000000008793 ) ) ;
#1876 = CARTESIAN_POINT ( 'NONE',  ( 16.65000000000023306, -25.98076211353316367, 31.51000000000000156 ) ) ;
#1877 = EDGE_LOOP ( 'NONE', ( #405, #977 ) ) ;
#1878 = EDGE_CURVE ( 'NONE', #1005, #185, #1715, .T. ) ;
#1879 = CARTESIAN_POINT ( 'NONE',  ( 8.185123713895693598, -36.70518139898453569, 4.000000000000000000 ) ) ;
#1880 = ORIENTED_EDGE ( 'NONE', *, *, #390, .F. ) ;
#1881 = EDGE_CURVE ( 'NONE', #469, #1699, #1952, .T. ) ;
#1882 = AXIS2_PLACEMENT_3D ( 'NONE', #1233, #249, #1750 ) ;
#1883 = EDGE_CURVE ( 'NONE', #742, #1713, #140, .T. ) ;
#1884 = DIRECTION ( 'NONE',  ( 1.000000000000000000, 0.000000000000000000, 0.000000000000000000 ) ) ;
#1885 = EDGE_LOOP ( 'NONE', ( #598, #205, #1409, #873 ) ) ;
#1886 = CARTESIAN_POINT ( 'NONE',  ( -31.65000000000010161, 1.836970198721062721E-15, 31.51000000000000156 ) ) ;
#1887 = DIRECTION ( 'NONE',  ( -1.000000000000000000, 0.000000000000000000, 0.000000000000000000 ) ) ;
#1888 = VERTEX_POINT ( 'NONE', #414 ) ;
#1889 = CARTESIAN_POINT ( 'NONE',  ( 8.185123713895693598, -36.70518139898453569, 25.51000000000000156 ) ) ;
#1890 = ORIENTED_EDGE ( 'NONE', *, *, #858, .T. ) ;
#1891 = CIRCLE ( 'NONE', #1783, 1.650000000000102718 ) ;
#1892 = CARTESIAN_POINT ( 'NONE',  ( -28.52005768508905703, 26.87005768508863568, 25.51000000000000156 ) ) ;
#1893 = EDGE_LOOP ( 'NONE', ( #1106, #1701 ) ) ;
#1894 = CYLINDRICAL_SURFACE ( 'NONE', #1788, 1.650000000000002132 ) ;
#1895 = DIRECTION ( 'NONE',  ( -1.000000000000000000, 0.000000000000000000, 0.000000000000000000 ) ) ;
#1896 = ORIENTED_EDGE ( 'NONE', *, *, #1124, .F. ) ;
#1897 = AXIS2_PLACEMENT_3D ( 'NONE', #360, #2001, #890 ) ;
#1898 = AXIS2_PLACEMENT_3D ( 'NONE', #992, #1460, #793 ) ;
#1899 = DIRECTION ( 'NONE',  ( 0.000000000000000000, 0.000000000000000000, 1.000000000000000000 ) ) ;
#1900 = ORIENTED_EDGE ( 'NONE', *, *, #1840, .F. ) ;
#1901 = AXIS2_PLACEMENT_3D ( 'NONE', #131, #280, #1756 ) ;
#1902 = DIRECTION ( 'NONE',  ( -1.000000000000000000, 0.000000000000000000, 0.000000000000000000 ) ) ;
#1903 = AXIS2_PLACEMENT_3D ( 'NONE', #1911, #1107, #744 ) ;
#1904 = CARTESIAN_POINT ( 'NONE',  ( -3.673940397442076533E-15, -30.00000000000000000, 6.990000000000002878 ) ) ;
#1905 = ORIENTED_EDGE ( 'NONE', *, *, #1525, .F. ) ;
#1906 = CARTESIAN_POINT ( 'NONE',  ( -24.33076211353308338, 15.00000000000000355, 6.990000000000002878 ) ) ;
#1907 = ADVANCED_FACE ( 'NONE', ( #519 ), #558, .F. ) ;
#1908 = ADVANCED_FACE ( 'NONE', ( #774 ), #436, .F. ) ;
#1909 = DIRECTION ( 'NONE',  ( -1.000000000000000000, 0.000000000000000000, 0.000000000000000000 ) ) ;
#1910 = EDGE_LOOP ( 'NONE', ( #1070, #631, #1757, #195 ) ) ;
#1911 = CARTESIAN_POINT ( 'NONE',  ( 36.70518139898465648, -9.835123713895558950, 8.490000000000000213 ) ) ;
#1912 = ORIENTED_EDGE ( 'NONE', *, *, #2083, .T. ) ;
#1913 = DIRECTION ( 'NONE',  ( -1.000000000000000000, 0.000000000000000000, 0.000000000000000000 ) ) ;
#1914 = ORIENTED_EDGE ( 'NONE', *, *, #875, .T. ) ;
#1915 = FACE_OUTER_BOUND ( 'NONE', #1008, .T. ) ;
#1916 = VECTOR ( 'NONE', #100, 1000.000000000000000 ) ;
#1917 = DIRECTION ( 'NONE',  ( -0.000000000000000000, -0.000000000000000000, -1.000000000000000000 ) ) ;
#1918 = EDGE_CURVE ( 'NONE', #2066, #1005, #1323, .T. ) ;
#1919 = EDGE_LOOP ( 'NONE', ( #1634, #356, #1545, #465 ) ) ;
#1920 = CARTESIAN_POINT ( 'NONE',  ( -2.793551275628180363E-16, -5.113761991774268605E-16, 6.990000000000001101 ) ) ;
#1921 = ORIENTED_EDGE ( 'NONE', *, *, #461, .T. ) ;
#1922 = CARTESIAN_POINT ( 'NONE',  ( 0.000000000000000000, 0.000000000000000000, 8.490000000000000213 ) ) ;
#1923 = CARTESIAN_POINT ( 'NONE',  ( 1.649999999999999689, 30.00000000000000000, 6.990000000000002878 ) ) ;
#1924 = CARTESIAN_POINT ( 'NONE',  ( -15.00000000000002842, 25.98076211353313525, 0.4900000000000008793 ) ) ;
#1925 = ORIENTED_EDGE ( 'NONE', *, *, #1563, .T. ) ;
#1926 = CARTESIAN_POINT ( 'NONE',  ( 0.000000000000000000, 0.000000000000000000, 4.000000000000000000 ) ) ;
#1927 = ORIENTED_EDGE ( 'NONE', *, *, #481, .T. ) ;
#1928 = AXIS2_PLACEMENT_3D ( 'NONE', #1924, #1163, #1170 ) ;
#1929 = ADVANCED_FACE ( 'NONE', ( #917 ), #762, .F. ) ;
#1930 = CARTESIAN_POINT ( 'NONE',  ( 11.48512371389555753, 36.70518139898466359, 25.51000000000000156 ) ) ;
#1931 = ORIENTED_EDGE ( 'NONE', *, *, #1746, .T. ) ;
#1932 = EDGE_CURVE ( 'NONE', #469, #433, #88, .T. ) ;
#1933 = AXIS2_PLACEMENT_3D ( 'NONE', #1373, #1721, #1535 ) ;
#1934 = AXIS2_PLACEMENT_3D ( 'NONE', #1926, #1983, #1004 ) ;
#1935 = DIRECTION ( 'NONE',  ( 0.000000000000000000, 0.000000000000000000, 1.000000000000000000 ) ) ;
#1936 = CARTESIAN_POINT ( 'NONE',  ( 30.00000000000000000, -5.510910596163123477E-15, 6.990000000000002878 ) ) ;
#1937 = EDGE_LOOP ( 'NONE', ( #1880, #2102 ) ) ;
#1938 = CIRCLE ( 'NONE', #93, 1.649999999999999689 ) ;
#1939 = AXIS2_PLACEMENT_3D ( 'NONE', #1036, #2024, #557 ) ;
#1940 = CARTESIAN_POINT ( 'NONE',  ( -28.34999999999989484, 2.039036920580388495E-15, 31.51000000000000156 ) ) ;
#1941 = VECTOR ( 'NONE', #1027, 1000.000000000000000 ) ;
#1942 = ORIENTED_EDGE ( 'NONE', *, *, #1214, .T. ) ;
#1943 = DIRECTION ( 'NONE',  ( -1.000000000000000000, 0.000000000000000000, 0.000000000000000000 ) ) ;
#1944 = EDGE_LOOP ( 'NONE', ( #763, #1223 ) ) ;
#1945 = ADVANCED_FACE ( 'NONE', ( #457 ), #2037, .F. ) ;
#1946 = EDGE_CURVE ( 'NONE', #1248, #489, #417, .T. ) ;
#1947 = FACE_BOUND ( 'NONE', #1250, .T. ) ;
#1948 = EDGE_CURVE ( 'NONE', #1649, #304, #453, .T. ) ;
#1949 = ORIENTED_EDGE ( 'NONE', *, *, #1525, .T. ) ;
#1950 = CYLINDRICAL_SURFACE ( 'NONE', #2039, 1.650000000000319655 ) ;
#1951 = ADVANCED_FACE ( 'NONE', ( #1396 ), #292, .F. ) ;
#1952 = CIRCLE ( 'NONE', #1851, 1.650000000000243272 ) ;
#1953 = ORIENTED_EDGE ( 'NONE', *, *, #1466, .F. ) ;
#1954 = CARTESIAN_POINT ( 'NONE',  ( -15.00000000000001066, -25.98076211353315301, 31.51000000000000156 ) ) ;
#1955 = FACE_OUTER_BOUND ( 'NONE', #965, .T. ) ;
#1956 = ORIENTED_EDGE ( 'NONE', *, *, #1306, .F. ) ;
#1957 = FACE_BOUND ( 'NONE', #1650, .T. ) ;
#1958 = DIRECTION ( 'NONE',  ( 0.000000000000000000, 0.000000000000000000, -1.000000000000000000 ) ) ;
#1959 = CARTESIAN_POINT ( 'NONE',  ( 25.98076211353298248, 15.00000000000030376, 0.4900000000000008793 ) ) ;
#1960 = FACE_OUTER_BOUND ( 'NONE', #1193, .T. ) ;
#1961 = FACE_OUTER_BOUND ( 'NONE', #261, .T. ) ;
#1962 = AXIS2_PLACEMENT_3D ( 'NONE', #80, #539, #1696 ) ;
#1963 = ORIENTED_EDGE ( 'NONE', *, *, #688, .F. ) ;
#1964 = ORIENTED_EDGE ( 'NONE', *, *, #1329, .T. ) ;
#1965 = CARTESIAN_POINT ( 'NONE',  ( -36.70518139898453569, -9.835123713896017250, 8.490000000000000213 ) ) ;
#1966 = CIRCLE ( 'NONE', #2038, 1.650000000000172218 ) ;
#1967 = DIRECTION ( 'NONE',  ( 0.000000000000000000, 0.000000000000000000, -1.000000000000000000 ) ) ;
#1968 = AXIS2_PLACEMENT_3D ( 'NONE', #1136, #1806, #171 ) ;
#1969 = LINE ( 'NONE', #1845, #71 ) ;
#1970 = FACE_BOUND ( 'NONE', #775, .T. ) ;
#1971 = CIRCLE ( 'NONE', #1523, 1.650000000000172218 ) ;
#1972 = ORIENTED_EDGE ( 'NONE', *, *, #1883, .F. ) ;
#1973 = AXIS2_PLACEMENT_3D ( 'NONE', #70, #1096, #1424 ) ;
#1974 = EDGE_CURVE ( 'NONE', #1290, #1606, #738, .T. ) ;
#1975 = CYLINDRICAL_SURFACE ( 'NONE', #952, 1.650000000000283240 ) ;
#1976 = ORIENTED_EDGE ( 'NONE', *, *, #1566, .F. ) ;
#1977 = CARTESIAN_POINT ( 'NONE',  ( -25.98076211353315657, 15.00000000000000355, 6.990000000000002878 ) ) ;
#1978 = CARTESIAN_POINT ( 'NONE',  ( 16.65000000000023306, -25.98076211353316367, 0.4900000000000008793 ) ) ;
#1979 = DIRECTION ( 'NONE',  ( -1.000000000000000000, 0.000000000000000000, 0.000000000000000000 ) ) ;
#1980 = CYLINDRICAL_SURFACE ( 'NONE', #1785, 1.650000000000123590 ) ;
#1981 = LINE ( 'NONE', #1227, #1683 ) ;
#1982 = CARTESIAN_POINT ( 'NONE',  ( 26.87005768508829462, 26.87005768508932846, 25.51000000000000156 ) ) ;
#1983 = DIRECTION ( 'NONE',  ( 0.000000000000000000, 0.000000000000000000, 1.000000000000000000 ) ) ;
#1984 = CARTESIAN_POINT ( 'NONE',  ( 14.99999999999999112, -25.98076211353316367, 6.990000000000002878 ) ) ;
#1985 = VERTEX_POINT ( 'NONE', #1063 ) ;
#1986 = VERTEX_POINT ( 'NONE', #270 ) ;
#1987 = AXIS2_PLACEMENT_3D ( 'NONE', #276, #932, #1577 ) ;
#1988 = ORIENTED_EDGE ( 'NONE', *, *, #380, .F. ) ;
#1989 = CARTESIAN_POINT ( 'NONE',  ( -16.65000000000003055, 25.98076211353313525, 31.51000000000000156 ) ) ;
#1990 = FACE_BOUND ( 'NONE', #1866, .T. ) ;
#1991 = DIRECTION ( 'NONE',  ( -0.000000000000000000, -0.000000000000000000, -1.000000000000000000 ) ) ;
#1992 = CARTESIAN_POINT ( 'NONE',  ( 26.87005768508896253, -26.87005768508864989, 8.490000000000000213 ) ) ;
#1993 = DIRECTION ( 'NONE',  ( -0.000000000000000000, -0.000000000000000000, 1.000000000000000000 ) ) ;
#1994 = FACE_OUTER_BOUND ( 'NONE', #1257, .T. ) ;
#1995 = VECTOR ( 'NONE', #1356, 1000.000000000000000 ) ;
#1996 = ORIENTED_EDGE ( 'NONE', *, *, #1059, .F. ) ;
#1997 = CARTESIAN_POINT ( 'NONE',  ( 24.33076211353287022, -15.00000000000001421, 0.4900000000000008793 ) ) ;
#1998 = CARTESIAN_POINT ( 'NONE',  ( -11.48512371389582398, -36.70518139898465648, 8.490000000000000213 ) ) ;
#1999 = DIRECTION ( 'NONE',  ( 0.000000000000000000, 0.000000000000000000, -1.000000000000000000 ) ) ;
#2000 = DIRECTION ( 'NONE',  ( 1.000000000000000000, 0.000000000000000000, 0.000000000000000000 ) ) ;
#2001 = DIRECTION ( 'NONE',  ( 0.000000000000000000, 0.000000000000000000, 1.000000000000000000 ) ) ;
#2002 = CARTESIAN_POINT ( 'NONE',  ( 25.22005768508859802, -26.87005768508864989, 8.490000000000000213 ) ) ;
#2003 = AXIS2_PLACEMENT_3D ( 'NONE', #161, #342, #1768 ) ;
#2004 = EDGE_CURVE ( 'NONE', #500, #1504, #1093, .T. ) ;
#2005 = FACE_OUTER_BOUND ( 'NONE', #2056, .T. ) ;
#2006 = CARTESIAN_POINT ( 'NONE',  ( -16.65000000000018332, -25.98076211353315301, 31.51000000000000156 ) ) ;
#2007 = ORIENTED_EDGE ( 'NONE', *, *, #385, .T. ) ;
#2008 = VECTOR ( 'NONE', #1307, 1000.000000000000000 ) ;
#2009 = DIRECTION ( 'NONE',  ( -0.000000000000000000, -0.000000000000000000, -1.000000000000000000 ) ) ;
#2010 = CIRCLE ( 'NONE', #1417, 1.649999999999998579 ) ;
#2011 = VERTEX_POINT ( 'NONE', #1385 ) ;
#2012 = ADVANCED_FACE ( 'NONE', ( #949 ), #2055, .F. ) ;
#2013 = FACE_BOUND ( 'NONE', #994, .T. ) ;
#2014 = CARTESIAN_POINT ( 'NONE',  ( 26.87005768508829462, 26.87005768508932846, 4.000000000000000000 ) ) ;
#2015 = CARTESIAN_POINT ( 'NONE',  ( 35.05518139898425289, -9.835123713895558950, 8.490000000000000213 ) ) ;
#2016 = ADVANCED_FACE ( 'NONE', ( #2063 ), #583, .F. ) ;
#2017 = EDGE_CURVE ( 'NONE', #433, #431, #857, .T. ) ;
#2018 = EDGE_CURVE ( 'NONE', #704, #2011, #718, .T. ) ;
#2019 = ORIENTED_EDGE ( 'NONE', *, *, #183, .T. ) ;
#2020 = LINE ( 'NONE', #1363, #570 ) ;
#2021 = ORIENTED_EDGE ( 'NONE', *, *, #1480, .T. ) ;
#2022 = DIRECTION ( 'NONE',  ( -0.000000000000000000, -0.000000000000000000, -1.000000000000000000 ) ) ;
#2023 = DIRECTION ( 'NONE',  ( -0.000000000000000000, -0.000000000000000000, 1.000000000000000000 ) ) ;
#2024 = DIRECTION ( 'NONE',  ( -0.000000000000000000, -0.000000000000000000, 1.000000000000000000 ) ) ;
#2025 = DIRECTION ( 'NONE',  ( 0.000000000000000000, 0.000000000000000000, -1.000000000000000000 ) ) ;
#2026 = FACE_OUTER_BOUND ( 'NONE', #1605, .T. ) ;
#2027 = CARTESIAN_POINT ( 'NONE',  ( 28.34999999999969233, -5.510910596163123477E-15, 31.51000000000000156 ) ) ;
#2028 = ORIENTED_EDGE ( 'NONE', *, *, #1847, .F. ) ;
#2029 = ORIENTED_EDGE ( 'NONE', *, *, #310, .F. ) ;
#2030 = CARTESIAN_POINT ( 'NONE',  ( 38.35518139898505297, -9.835123713895558950, 4.000000000000000000 ) ) ;
#2031 = ORIENTED_EDGE ( 'NONE', *, *, #1296, .F. ) ;
#2032 = VERTEX_POINT ( 'NONE', #134 ) ;
#2033 = PLANE ( 'NONE',  #116 ) ;
#2034 = ORIENTED_EDGE ( 'NONE', *, *, #929, .T. ) ;
#2035 = ORIENTED_EDGE ( 'NONE', *, *, #1778, .T. ) ;
#2036 = LINE ( 'NONE', #1337, #362 ) ;
#2037 = CYLINDRICAL_SURFACE ( 'NONE', #555, 1.649999999999999689 ) ;
#2038 = AXIS2_PLACEMENT_3D ( 'NONE', #1669, #1540, #693 ) ;
#2039 = AXIS2_PLACEMENT_3D ( 'NONE', #306, #632, #1115 ) ;
#2040 = ADVANCED_FACE ( 'NONE', ( #1573 ), #111, .F. ) ;
#2041 = ORIENTED_EDGE ( 'NONE', *, *, #132, .F. ) ;
#2042 = CARTESIAN_POINT ( 'NONE',  ( -27.63076211353322620, 15.00000000000000355, 0.4900000000000008793 ) ) ;
#2043 = EDGE_CURVE ( 'NONE', #250, #284, #1760, .T. ) ;
#2044 = EDGE_LOOP ( 'NONE', ( #1774, #2127 ) ) ;
#2045 = AXIS2_PLACEMENT_3D ( 'NONE', #967, #1125, #1766 ) ;
#2046 = AXIS2_PLACEMENT_3D ( 'NONE', #1610, #1158, #165 ) ;
#2047 = AXIS2_PLACEMENT_3D ( 'NONE', #538, #187, #707 ) ;
#2048 = CARTESIAN_POINT ( 'NONE',  ( 1.650000000000200195, -30.00000000000000000, 0.4900000000000008793 ) ) ;
#2049 = VECTOR ( 'NONE', #1796, 1000.000000000000000 ) ;
#2050 = CARTESIAN_POINT ( 'NONE',  ( 28.52005768508933059, -26.87005768508864989, 4.000000000000000000 ) ) ;
#2051 = ADVANCED_FACE ( 'NONE', ( #1618 ), #1950, .F. ) ;
#2052 = EDGE_LOOP ( 'NONE', ( #1846, #2034, #1137, #391 ) ) ;
#2053 = EDGE_LOOP ( 'NONE', ( #2109, #1383, #387, #2104 ) ) ;
#2054 = DIRECTION ( 'NONE',  ( -1.000000000000000000, 0.000000000000000000, 0.000000000000000000 ) ) ;
#2055 = CYLINDRICAL_SURFACE ( 'NONE', #518, 1.650000000000000355 ) ;
#2056 = EDGE_LOOP ( 'NONE', ( #1570, #1611 ) ) ;
#2057 = DIRECTION ( 'NONE',  ( -0.000000000000000000, -0.000000000000000000, 1.000000000000000000 ) ) ;
#2058 = VERTEX_POINT ( 'NONE', #488 ) ;
#2059 = AXIS2_PLACEMENT_3D ( 'NONE', #2077, #907, #1895 ) ;
#2060 = DIRECTION ( 'NONE',  ( 1.000000000000000000, 0.000000000000000000, 0.000000000000000000 ) ) ;
#2061 = ORIENTED_EDGE ( 'NONE', *, *, #53, .F. ) ;
#2062 = DIRECTION ( 'NONE',  ( -1.000000000000000000, 0.000000000000000000, 0.000000000000000000 ) ) ;
#2063 = FACE_OUTER_BOUND ( 'NONE', #1567, .T. ) ;
#2064 = ORIENTED_EDGE ( 'NONE', *, *, #875, .F. ) ;
#2065 = CARTESIAN_POINT ( 'NONE',  ( -26.87005768508897674, 26.87005768508863568, 4.000000000000000000 ) ) ;
#2066 = VERTEX_POINT ( 'NONE', #477 ) ;
#2067 = VECTOR ( 'NONE', #62, 1000.000000000000000 ) ;
#2068 = CIRCLE ( 'NONE', #1962, 1.650000000000366507 ) ;
#2069 = EDGE_CURVE ( 'NONE', #899, #1708, #636, .T. ) ;
#2070 = DIRECTION ( 'NONE',  ( -1.000000000000000000, 0.000000000000000000, 0.000000000000000000 ) ) ;
#2071 = FACE_OUTER_BOUND ( 'NONE', #886, .T. ) ;
#2072 = VECTOR ( 'NONE', #749, 1000.000000000000000 ) ;
#2073 = VERTEX_POINT ( 'NONE', #1129 ) ;
#2074 = ORIENTED_EDGE ( 'NONE', *, *, #375, .T. ) ;
#2075 = DIRECTION ( 'NONE',  ( -0.000000000000000000, -0.000000000000000000, -1.000000000000000000 ) ) ;
#2076 = EDGE_CURVE ( 'NONE', #1753, #1986, #144, .T. ) ;
#2077 = CARTESIAN_POINT ( 'NONE',  ( 14.99999999999999112, -25.98076211353316367, 0.4900000000000008793 ) ) ;
#2078 = EDGE_LOOP ( 'NONE', ( #567, #1184 ) ) ;
#2079 = AXIS2_PLACEMENT_3D ( 'NONE', #282, #2075, #1749 ) ;
#2080 = LINE ( 'NONE', #728, #2120 ) ;
#2081 = EDGE_CURVE ( 'NONE', #231, #931, #1448, .T. ) ;
#2082 = EDGE_LOOP ( 'NONE', ( #1140, #656 ) ) ;
#2083 = EDGE_CURVE ( 'NONE', #888, #319, #624, .T. ) ;
#2084 = CIRCLE ( 'NONE', #543, 1.650000000000002132 ) ;
#2085 = LINE ( 'NONE', #1300, #428 ) ;
#2086 = CIRCLE ( 'NONE', #2046, 1.650000000000203748 ) ;
#2087 = ADVANCED_FACE ( 'NONE', ( #1961 ), #2101, .F. ) ;
#2088 = DIRECTION ( 'NONE',  ( -0.000000000000000000, -0.000000000000000000, -1.000000000000000000 ) ) ;
#2089 = EDGE_LOOP ( 'NONE', ( #315, #326 ) ) ;
#2090 = ORIENTED_EDGE ( 'NONE', *, *, #1496, .T. ) ;
#2091 = CYLINDRICAL_SURFACE ( 'NONE', #599, 44.00000000000000000 ) ;
#2092 = ADVANCED_FACE ( 'NONE', ( #956 ), #655, .F. ) ;
#2093 = ADVANCED_FACE ( 'NONE', ( #813 ), #497, .F. ) ;
#2094 = CARTESIAN_POINT ( 'NONE',  ( 0.000000000000000000, 30.00000000000000000, 31.51000000000000156 ) ) ;
#2095 = ORIENTED_EDGE ( 'NONE', *, *, #274, .T. ) ;
#2096 = DIRECTION ( 'NONE',  ( 0.000000000000000000, 0.000000000000000000, 1.000000000000000000 ) ) ;
#2097 = ORIENTED_EDGE ( 'NONE', *, *, #1932, .T. ) ;
#2098 = CARTESIAN_POINT ( 'NONE',  ( 27.63076211353343581, -15.00000000000001421, 31.51000000000000156 ) ) ;
#2099 = ORIENTED_EDGE ( 'NONE', *, *, #1329, .F. ) ;
#2100 = DIRECTION ( 'NONE',  ( 0.000000000000000000, 0.000000000000000000, 1.000000000000000000 ) ) ;
#2101 = CYLINDRICAL_SURFACE ( 'NONE', #1898, 1.649999999999998579 ) ;
#2102 = ORIENTED_EDGE ( 'NONE', *, *, #259, .F. ) ;
#2103 = DIRECTION ( 'NONE',  ( -1.000000000000000000, 0.000000000000000000, 0.000000000000000000 ) ) ;
#2104 = ORIENTED_EDGE ( 'NONE', *, *, #1082, .F. ) ;
#2105 = DIRECTION ( 'NONE',  ( 0.000000000000000000, 0.000000000000000000, 1.000000000000000000 ) ) ;
#2106 = VERTEX_POINT ( 'NONE', #646 ) ;
#2107 = ORIENTED_EDGE ( 'NONE', *, *, #1847, .T. ) ;
#2108 = DIRECTION ( 'NONE',  ( -0.000000000000000000, -0.000000000000000000, -1.000000000000000000 ) ) ;
#2109 = ORIENTED_EDGE ( 'NONE', *, *, #381, .T. ) ;
#2110 = CIRCLE ( 'NONE', #535, 1.650000000000267475 ) ;
#2111 = EDGE_CURVE ( 'NONE', #633, #1614, #878, .T. ) ;
#2112 = DIRECTION ( 'NONE',  ( 0.000000000000000000, 0.000000000000000000, 1.000000000000000000 ) ) ;
#2113 = ADVANCED_FACE ( 'NONE', ( #1273 ), #1146, .F. ) ;
#2114 = ORIENTED_EDGE ( 'NONE', *, *, #2083, .F. ) ;
#2115 = AXIS2_PLACEMENT_3D ( 'NONE', #447, #123, #2130 ) ;
#2116 = FACE_OUTER_BOUND ( 'NONE', #1102, .T. ) ;
#2117 = ORIENTED_EDGE ( 'NONE', *, *, #76, .F. ) ;
#2118 = ORIENTED_EDGE ( 'NONE', *, *, #214, .F. ) ;
#2119 = AXIS2_PLACEMENT_3D ( 'NONE', #1977, #1160, #1805 ) ;
#2120 = VECTOR ( 'NONE', #577, 1000.000000000000000 ) ;
#2121 = ADVANCED_FACE ( 'NONE', ( #3, #1264, #1798, #335, #971, #962, #1628, #982, #1639, #509, #1970, #1156, #1607, #346 ), #1431, .F. ) ;
#2122 = DIRECTION ( 'NONE',  ( -1.000000000000000000, 0.000000000000000000, 0.000000000000000000 ) ) ;
#2123 = AXIS2_PLACEMENT_3D ( 'NONE', #1314, #1162, #1467 ) ;
#2124 = ORIENTED_EDGE ( 'NONE', *, *, #1629, .T. ) ;
#2125 = CIRCLE ( 'NONE', #1485, 1.650000000000283240 ) ;
#2126 = DIRECTION ( 'NONE',  ( -0.000000000000000000, -0.000000000000000000, -1.000000000000000000 ) ) ;
#2127 = ORIENTED_EDGE ( 'NONE', *, *, #138, .F. ) ;
#2128 = FACE_BOUND ( 'NONE', #90, .T. ) ;
#2129 = DIRECTION ( 'NONE',  ( -1.000000000000000000, 0.000000000000000000, 0.000000000000000000 ) ) ;
#2130 = DIRECTION ( 'NONE',  ( -1.000000000000000000, 0.000000000000000000, 0.000000000000000000 ) ) ;
#2131 = AXIS2_PLACEMENT_3D ( 'NONE', #1117, #1999, #847 ) ;
#2132 = VERTEX_POINT ( 'NONE', #51 ) ;
#2133 = DIRECTION ( 'NONE',  ( -1.000000000000000000, 0.000000000000000000, 0.000000000000000000 ) ) ;
#2134 = ORIENTED_EDGE ( 'NONE', *, *, #102, .T. ) ;
#2135 = CARTESIAN_POINT ( 'NONE',  ( 0.000000000000000000, 0.000000000000000000, 4.000000000000000000 ) ) ;
ENDSEC;
END-ISO-10303-21;
