ISO-10303-21;
HEADER;
FILE_DESCRIPTION (( 'STEP AP214' ),
    '1' );
FILE_NAME ('´óÍÈ´Ó¶¯Á´ÂÖaA.STEP',
    '2026-08-16T17:26:54',
    ( '' ),
    ( '' ),
    'SwSTEP 2.0',
    'SolidWorks 2025',
    '' );
FILE_SCHEMA (( 'AUTOMOTIVE_DESIGN' ));
ENDSEC;

DATA;
#1 = DIRECTION ( 'NONE',  ( -0.000000000000000000, -0.000000000000000000, 1.000000000000000000 ) ) ;
#2 = CARTESIAN_POINT ( 'NONE',  ( 0.000000000000000000, 0.000000000000000000, 0.000000000000000000 ) ) ;
#3 = CARTESIAN_POINT ( 'NONE',  ( 0.000000000000000000, 0.000000000000000000, 3.000000000000000000 ) ) ;
#4 = EDGE_LOOP ( 'NONE', ( #5438, #2418, #3484, #2626 ) ) ;
#5 = ORIENTED_EDGE ( 'NONE', *, *, #2343, .T. ) ;
#6 = DIRECTION ( 'NONE',  ( 0.9985716658061535300, -0.05342872120052668400, -0.000000000000000000 ) ) ;
#7 = DIRECTION ( 'NONE',  ( -0.000000000000000000, 0.000000000000000000, 1.000000000000000000 ) ) ;
#8 = DIRECTION ( 'NONE',  ( -0.000000000000000000, -0.000000000000000000, 1.000000000000000000 ) ) ;
#9 = DIRECTION ( 'NONE',  ( 1.000000000000000000, 0.000000000000000000, 0.000000000000000000 ) ) ;
#10 = ORIENTED_EDGE ( 'NONE', *, *, #509, .T. ) ;
#11 = DIRECTION ( 'NONE',  ( 0.000000000000000000, 0.000000000000000000, -1.000000000000000000 ) ) ;
#12 = EDGE_CURVE ( 'NONE', #5033, #3801, #3288, .T. ) ;
#13 = DIRECTION ( 'NONE',  ( 0.000000000000000000, -0.000000000000000000, -1.000000000000000000 ) ) ;
#14 = EDGE_LOOP ( 'NONE', ( #1322, #4491, #1910, #2270 ) ) ;
#15 = CYLINDRICAL_SURFACE ( 'NONE', #2108, 8.694264425220762149 ) ;
#16 = LINE ( 'NONE', #1236, #3732 ) ;
#17 = EDGE_CURVE ( 'NONE', #745, #1246, #1684, .T. ) ;
#18 = ORIENTED_EDGE ( 'NONE', *, *, #4924, .F. ) ;
#19 = CARTESIAN_POINT ( 'NONE',  ( -19.73075383944878780, -33.07778457408817729, 3.000000000000000000 ) ) ;
#20 = EDGE_CURVE ( 'NONE', #219, #2885, #4990, .T. ) ;
#21 = DIRECTION ( 'NONE',  ( -0.000000000000000000, -0.000000000000000000, -1.000000000000000000 ) ) ;
#22 = CARTESIAN_POINT ( 'NONE',  ( -4.770920966161397381, 42.32193772896795991, 0.000000000000000000 ) ) ;
#23 = CIRCLE ( 'NONE', #3358, 4.005000000000003446 ) ;
#24 = VERTEX_POINT ( 'NONE', #249 ) ;
#25 = CARTESIAN_POINT ( 'NONE',  ( -17.66384276087269001, 38.75431277831108901, 0.000000000000000000 ) ) ;
#26 = CARTESIAN_POINT ( 'NONE',  ( 39.80845132062484737, 8.678897630671487562, 3.000000000000000000 ) ) ;
#27 = AXIS2_PLACEMENT_3D ( 'NONE', #3716, #362, #3749 ) ;
#28 = DIRECTION ( 'NONE',  ( -0.000000000000000000, -0.000000000000000000, -1.000000000000000000 ) ) ;
#29 = AXIS2_PLACEMENT_3D ( 'NONE', #1859, #2340, #3161 ) ;
#30 = VERTEX_POINT ( 'NONE', #5440 ) ;
#31 = VERTEX_POINT ( 'NONE', #2816 ) ;
#32 = AXIS2_PLACEMENT_3D ( 'NONE', #3453, #3424, #3882 ) ;
#33 = ORIENTED_EDGE ( 'NONE', *, *, #173, .F. ) ;
#34 = AXIS2_PLACEMENT_3D ( 'NONE', #2282, #4007, #1148 ) ;
#35 = CARTESIAN_POINT ( 'NONE',  ( -31.05746264471039808, -29.14347463965851404, 3.000000000000000000 ) ) ;
#36 = DIRECTION ( 'NONE',  ( 1.000000000000000000, 0.000000000000000000, 0.000000000000000000 ) ) ;
#37 = CYLINDRICAL_SURFACE ( 'NONE', #4476, 2.125000000000001776 ) ;
#38 = CARTESIAN_POINT ( 'NONE',  ( -28.77612118826259646, 24.03241722527427271, 0.000000000000000000 ) ) ;
#39 = ORIENTED_EDGE ( 'NONE', *, *, #2735, .F. ) ;
#40 = CARTESIAN_POINT ( 'NONE',  ( -3.659028418258120752, 40.25987024618069654, 0.000000000000000000 ) ) ;
#41 = CIRCLE ( 'NONE', #3555, 42.59000000000001052 ) ;
#42 = VECTOR ( 'NONE', #7, 1000.000000000000000 ) ;
#43 = EDGE_CURVE ( 'NONE', #4729, #2300, #1620, .T. ) ;
#44 = EDGE_CURVE ( 'NONE', #4168, #375, #1117, .T. ) ;
#45 = CARTESIAN_POINT ( 'NONE',  ( -12.42062638418386733, -38.84312997681885093, 3.000000000000000000 ) ) ;
#46 = ORIENTED_EDGE ( 'NONE', *, *, #2184, .T. ) ;
#47 = CIRCLE ( 'NONE', #2311, 8.694264425220763925 ) ;
#48 = DIRECTION ( 'NONE',  ( 0.8375721637704707234, -0.5463267067212180805, -0.000000000000000000 ) ) ;
#49 = DIRECTION ( 'NONE',  ( 0.7745362051883667442, -0.6325295778478696729, -0.000000000000000000 ) ) ;
#50 = CIRCLE ( 'NONE', #856, 8.694264425220769255 ) ;
#51 = EDGE_CURVE ( 'NONE', #2471, #1733, #1962, .T. ) ;
#52 = VERTEX_POINT ( 'NONE', #1513 ) ;
#53 = PLANE ( 'NONE',  #1652 ) ;
#54 = DIRECTION ( 'NONE',  ( 1.000000000000000000, 0.000000000000000000, 0.000000000000000000 ) ) ;
#55 = DIRECTION ( 'NONE',  ( 0.000000000000000000, 0.000000000000000000, -1.000000000000000000 ) ) ;
#56 = VECTOR ( 'NONE', #3708, 1000.000000000000000 ) ;
#57 = EDGE_CURVE ( 'NONE', #78, #3812, #2945, .T. ) ;
#58 = AXIS2_PLACEMENT_3D ( 'NONE', #2001, #3269, #4574 ) ;
#59 = CARTESIAN_POINT ( 'NONE',  ( -42.27354308904191527, -5.182244175925808882, 3.000000000000000000 ) ) ;
#60 = CARTESIAN_POINT ( 'NONE',  ( -8.487627998526754425, 41.04109639035729629, 3.000000000000000000 ) ) ;
#61 = DIRECTION ( 'NONE',  ( 0.000000000000000000, 0.000000000000000000, 1.000000000000000000 ) ) ;
#62 = EDGE_CURVE ( 'NONE', #4902, #5047, #514, .T. ) ;
#63 = EDGE_LOOP ( 'NONE', ( #3979, #5117 ) ) ;
#64 = EDGE_CURVE ( 'NONE', #2954, #148, #4171, .T. ) ;
#65 = ORIENTED_EDGE ( 'NONE', *, *, #4654, .T. ) ;
#66 = ORIENTED_EDGE ( 'NONE', *, *, #2895, .F. ) ;
#67 = ORIENTED_EDGE ( 'NONE', *, *, #4977, .T. ) ;
#68 = DIRECTION ( 'NONE',  ( -0.000000000000000000, -0.000000000000000000, 1.000000000000000000 ) ) ;
#69 = CARTESIAN_POINT ( 'NONE',  ( -4.017551685328694333, -41.70669424522102986, 3.000000000000000000 ) ) ;
#70 = LINE ( 'NONE', #1313, #1052 ) ;
#71 = FACE_BOUND ( 'NONE', #2230, .T. ) ;
#72 = EDGE_LOOP ( 'NONE', ( #1810, #4444, #4989, #3951 ) ) ;
#73 = DIRECTION ( 'NONE',  ( -1.000000000000000000, 0.000000000000000000, 0.000000000000000000 ) ) ;
#74 = ORIENTED_EDGE ( 'NONE', *, *, #3809, .T. ) ;
#75 = ORIENTED_EDGE ( 'NONE', *, *, #5436, .F. ) ;
#76 = EDGE_LOOP ( 'NONE', ( #5025, #4204 ) ) ;
#77 = AXIS2_PLACEMENT_3D ( 'NONE', #1120, #2848, #4569 ) ;
#78 = VERTEX_POINT ( 'NONE', #5418 ) ;
#79 = EDGE_CURVE ( 'NONE', #2477, #3521, #440, .T. ) ;
#80 = LINE ( 'NONE', #758, #149 ) ;
#81 = DIRECTION ( 'NONE',  ( -0.000000000000000000, -0.000000000000000000, -1.000000000000000000 ) ) ;
#82 = ORIENTED_EDGE ( 'NONE', *, *, #4096, .T. ) ;
#83 = CIRCLE ( 'NONE', #708, 42.59000000000001052 ) ;
#84 = EDGE_LOOP ( 'NONE', ( #1343, #5262, #4798, #1151 ) ) ;
#85 = AXIS2_PLACEMENT_3D ( 'NONE', #5406, #3245, #4980 ) ;
#86 = AXIS2_PLACEMENT_3D ( 'NONE', #1836, #91, #966 ) ;
#87 = DIRECTION ( 'NONE',  ( 0.8090169943749551118, -0.5877852522924625900, 0.000000000000000000 ) ) ;
#88 = ADVANCED_FACE ( 'NONE', ( #1594 ), #3312, .T. ) ;
#89 = EDGE_CURVE ( 'NONE', #522, #5104, #2363, .T. ) ;
#90 = CARTESIAN_POINT ( 'NONE',  ( 39.19645102772892642, 12.54291540692518936, 0.000000000000000000 ) ) ;
#91 = DIRECTION ( 'NONE',  ( -0.000000000000000000, -0.000000000000000000, 1.000000000000000000 ) ) ;
#92 = ORIENTED_EDGE ( 'NONE', *, *, #626, .F. ) ;
#93 = ORIENTED_EDGE ( 'NONE', *, *, #1611, .F. ) ;
#94 = DIRECTION ( 'NONE',  ( 0.000000000000000000, -0.000000000000000000, 1.000000000000000000 ) ) ;
#95 = LINE ( 'NONE', #936, #4681 ) ;
#96 = DIRECTION ( 'NONE',  ( 1.000000000000000000, 0.000000000000000000, 0.000000000000000000 ) ) ;
#97 = ADVANCED_FACE ( 'NONE', ( #4306 ), #3875, .T. ) ;
#98 = EDGE_CURVE ( 'NONE', #1904, #3089, #3155, .T. ) ;
#99 = ORIENTED_EDGE ( 'NONE', *, *, #3164, .T. ) ;
#100 = ORIENTED_EDGE ( 'NONE', *, *, #2480, .T. ) ;
#101 = ORIENTED_EDGE ( 'NONE', *, *, #3061, .F. ) ;
#102 = DIRECTION ( 'NONE',  ( -0.7745362051883644128, -0.6325295778478725595, 0.000000000000000000 ) ) ;
#103 = FACE_BOUND ( 'NONE', #76, .T. ) ;
#104 = DIRECTION ( 'NONE',  ( 0.000000000000000000, 0.000000000000000000, 1.000000000000000000 ) ) ;
#105 = DIRECTION ( 'NONE',  ( -0.000000000000000000, -0.000000000000000000, -1.000000000000000000 ) ) ;
#106 = EDGE_CURVE ( 'NONE', #5104, #4396, #1705, .T. ) ;
#107 = DIRECTION ( 'NONE',  ( 0.000000000000000000, 0.000000000000000000, 1.000000000000000000 ) ) ;
#108 = ORIENTED_EDGE ( 'NONE', *, *, #5214, .F. ) ;
#109 = ORIENTED_EDGE ( 'NONE', *, *, #703, .F. ) ;
#110 = CARTESIAN_POINT ( 'NONE',  ( 0.000000000000000000, 0.000000000000000000, 3.000000000000000000 ) ) ;
#111 = DIRECTION ( 'NONE',  ( 0.5877852522924832401, -0.8090169943749400128, 0.000000000000000000 ) ) ;
#112 = AXIS2_PLACEMENT_3D ( 'NONE', #5409, #289, #2006 ) ;
#113 = ORIENTED_EDGE ( 'NONE', *, *, #1363, .F. ) ;
#114 = ORIENTED_EDGE ( 'NONE', *, *, #1814, .T. ) ;
#115 = ORIENTED_EDGE ( 'NONE', *, *, #1751, .T. ) ;
#116 = LINE ( 'NONE', #4441, #131 ) ;
#117 = LINE ( 'NONE', #2289, #4381 ) ;
#118 = PLANE ( 'NONE',  #2798 ) ;
#119 = AXIS2_PLACEMENT_3D ( 'NONE', #453, #3806, #2115 ) ;
#120 = ORIENTED_EDGE ( 'NONE', *, *, #1321, .T. ) ;
#121 = CARTESIAN_POINT ( 'NONE',  ( 12.93125282058071335, -38.88526790231286867, 0.000000000000000000 ) ) ;
#122 = CARTESIAN_POINT ( 'NONE',  ( 9.082501176170758583, -40.91370791742376412, 0.000000000000000000 ) ) ;
#123 = FACE_OUTER_BOUND ( 'NONE', #3615, .T. ) ;
#124 = DIRECTION ( 'NONE',  ( 1.000000000000000000, 0.000000000000000000, 0.000000000000000000 ) ) ;
#125 = AXIS2_PLACEMENT_3D ( 'NONE', #2995, #5263, #3863 ) ;
#126 = ORIENTED_EDGE ( 'NONE', *, *, #5207, .F. ) ;
#127 = EDGE_CURVE ( 'NONE', #1547, #141, #5129, .T. ) ;
#128 = ORIENTED_EDGE ( 'NONE', *, *, #1548, .T. ) ;
#129 = DIRECTION ( 'NONE',  ( 0.000000000000000000, 0.000000000000000000, 1.000000000000000000 ) ) ;
#130 = FACE_BOUND ( 'NONE', #1536, .T. ) ;
#131 = VECTOR ( 'NONE', #571, 1000.000000000000000 ) ;
#132 = CYLINDRICAL_SURFACE ( 'NONE', #3467, 4.005000000000001670 ) ;
#133 = CYLINDRICAL_SURFACE ( 'NONE', #2025, 2.125000000000000000 ) ;
#134 = CARTESIAN_POINT ( 'NONE',  ( -20.76266961515267795, 36.39352824830926636, 0.000000000000000000 ) ) ;
#135 = PRODUCT_DEFINITION_CONTEXT ( 'detailed design', #419, 'design' ) ;
#136 = AXIS2_PLACEMENT_3D ( 'NONE', #1595, #2846, #5527 ) ;
#137 = AXIS2_PLACEMENT_3D ( 'NONE', #2074, #4314, #5114 ) ;
#138 = VECTOR ( 'NONE', #3978, 1000.000000000000000 ) ;
#139 = EDGE_CURVE ( 'NONE', #5104, #443, #5049, .T. ) ;
#140 = VERTEX_POINT ( 'NONE', #2956 ) ;
#141 = VERTEX_POINT ( 'NONE', #35 ) ;
#142 = DIRECTION ( 'NONE',  ( 1.000000000000000000, 0.000000000000000000, 0.000000000000000000 ) ) ;
#143 = CARTESIAN_POINT ( 'NONE',  ( -23.85576211353316367, -14.99999999999999467, 0.000000000000000000 ) ) ;
#144 = EDGE_CURVE ( 'NONE', #4292, #3120, #3324, .T. ) ;
#145 = AXIS2_PLACEMENT_3D ( 'NONE', #5556, #3395, #36 ) ;
#146 = VERTEX_POINT ( 'NONE', #882 ) ;
#147 = CIRCLE ( 'NONE', #3283, 8.694264425220769255 ) ;
#148 = VERTEX_POINT ( 'NONE', #2517 ) ;
#149 = VECTOR ( 'NONE', #4799, 1000.000000000000000 ) ;
#150 = AXIS2_PLACEMENT_3D ( 'NONE', #1330, #61, #551 ) ;
#151 = ADVANCED_FACE ( 'NONE', ( #5105 ), #2576, .F. ) ;
#152 = ORIENTED_EDGE ( 'NONE', *, *, #3579, .T. ) ;
#153 = VECTOR ( 'NONE', #2676, 1000.000000000000000 ) ;
#154 = CYLINDRICAL_SURFACE ( 'NONE', #3637, 4.005000000000005222 ) ;
#155 = VERTEX_POINT ( 'NONE', #1226 ) ;
#156 = CARTESIAN_POINT ( 'NONE',  ( -27.83620412999733063, -31.29407560814120970, 3.000000000000000000 ) ) ;
#157 = VERTEX_POINT ( 'NONE', #4731 ) ;
#158 = DIRECTION ( 'NONE',  ( 1.000000000000000000, 0.000000000000000000, 0.000000000000000000 ) ) ;
#159 = CARTESIAN_POINT ( 'NONE',  ( 8.564230350490198873, 41.72004384589909165, 3.000000000000000000 ) ) ;
#160 = DIRECTION ( 'NONE',  ( 1.000000000000000000, 0.000000000000000000, 0.000000000000000000 ) ) ;
#161 = ORIENTED_EDGE ( 'NONE', *, *, #3020, .T. ) ;
#162 = ORIENTED_EDGE ( 'NONE', *, *, #5382, .F. ) ;
#163 = DIRECTION ( 'NONE',  ( 0.000000000000000000, 0.000000000000000000, 1.000000000000000000 ) ) ;
#164 = FACE_BOUND ( 'NONE', #2782, .T. ) ;
#165 = FACE_OUTER_BOUND ( 'NONE', #3248, .T. ) ;
#166 = DIRECTION ( 'NONE',  ( -0.000000000000000000, -0.000000000000000000, -1.000000000000000000 ) ) ;
#167 = CARTESIAN_POINT ( 'NONE',  ( 30.00000000000000000, -5.510910596163123477E-15, 10.00000000000000000 ) ) ;
#168 = ORIENTED_EDGE ( 'NONE', *, *, #5065, .F. ) ;
#169 = ORIENTED_EDGE ( 'NONE', *, *, #2828, .F. ) ;
#170 = CARTESIAN_POINT ( 'NONE',  ( 17.12499999999998934, -25.98076211353316367, 10.00000000000000000 ) ) ;
#171 = CARTESIAN_POINT ( 'NONE',  ( 39.13979336264454645, 12.71728977001014371, 3.000000000000000000 ) ) ;
#172 = ORIENTED_EDGE ( 'NONE', *, *, #5375, .T. ) ;
#173 = EDGE_CURVE ( 'NONE', #921, #3256, #1764, .T. ) ;
#174 = VERTEX_POINT ( 'NONE', #4247 ) ;
#175 = CIRCLE ( 'NONE', #5578, 2.125000000000000000 ) ;
#176 = VECTOR ( 'NONE', #1484, 1000.000000000000114 ) ;
#177 = VERTEX_POINT ( 'NONE', #2149 ) ;
#178 = DIRECTION ( 'NONE',  ( -0.3610665997123440607, 0.9325400316191074790, 0.000000000000000000 ) ) ;
#179 = ORIENTED_EDGE ( 'NONE', *, *, #4690, .F. ) ;
#180 = AXIS2_PLACEMENT_3D ( 'NONE', #2751, #5307, #1027 ) ;
#181 = EDGE_CURVE ( 'NONE', #3469, #376, #1338, .T. ) ;
#182 = ORIENTED_EDGE ( 'NONE', *, *, #106, .F. ) ;
#183 = VECTOR ( 'NONE', #5090, 1000.000000000000000 ) ;
#184 = AXIS2_PLACEMENT_3D ( 'NONE', #5158, #5187, #1278 ) ;
#185 = CYLINDRICAL_SURFACE ( 'NONE', #332, 8.694264425220769255 ) ;
#186 = FACE_OUTER_BOUND ( 'NONE', #854, .T. ) ;
#187 = LINE ( 'NONE', #5008, #1663 ) ;
#188 = CIRCLE ( 'NONE', #1879, 8.694264425220769255 ) ;
#189 = EDGE_LOOP ( 'NONE', ( #2174, #1094, #4500, #1672 ) ) ;
#190 = CYLINDRICAL_SURFACE ( 'NONE', #4692, 8.694264425220762149 ) ;
#191 = CARTESIAN_POINT ( 'NONE',  ( -42.27354308904191527, -5.182244175925808882, 0.000000000000000000 ) ) ;
#192 = DIRECTION ( 'NONE',  ( -0.000000000000000000, -0.000000000000000000, -1.000000000000000000 ) ) ;
#193 = LINE ( 'NONE', #1433, #672 ) ;
#194 = DIRECTION ( 'NONE',  ( 0.000000000000000000, -0.000000000000000000, 1.000000000000000000 ) ) ;
#195 = ADVANCED_FACE ( 'NONE', ( #462 ), #4277, .T. ) ;
#196 = ORIENTED_EDGE ( 'NONE', *, *, #3461, .T. ) ;
#197 = ORIENTED_EDGE ( 'NONE', *, *, #2291, .T. ) ;
#198 = LINE ( 'NONE', #170, #227 ) ;
#199 = DIRECTION ( 'NONE',  ( 0.000000000000000000, 0.000000000000000000, 1.000000000000000000 ) ) ;
#200 = VERTEX_POINT ( 'NONE', #3042 ) ;
#201 = ADVANCED_FACE ( 'NONE', ( #1311 ), #799, .F. ) ;
#202 = EDGE_CURVE ( 'NONE', #602, #1114, #2608, .T. ) ;
#203 = ADVANCED_FACE ( 'NONE', ( #406 ), #2122, .T. ) ;
#204 = ORIENTED_EDGE ( 'NONE', *, *, #1820, .T. ) ;
#205 = CARTESIAN_POINT ( 'NONE',  ( 4.597221758081757592, 41.66633502243081466, 0.000000000000000000 ) ) ;
#206 = EDGE_CURVE ( 'NONE', #4938, #381, #809, .T. ) ;
#207 = ORIENTED_EDGE ( 'NONE', *, *, #3956, .F. ) ;
#208 = CYLINDRICAL_SURFACE ( 'NONE', #3752, 4.005000000000001670 ) ;
#209 = LINE ( 'NONE', #317, #1167 ) ;
#210 = CARTESIAN_POINT ( 'NONE',  ( 4.597221758082340237, -41.66633502243075071, 3.000000000000000000 ) ) ;
#211 = ORIENTED_EDGE ( 'NONE', *, *, #2886, .T. ) ;
#212 = CARTESIAN_POINT ( 'NONE',  ( -12.33792604892930278, 38.88526790231278341, 0.000000000000000000 ) ) ;
#213 = FACE_OUTER_BOUND ( 'NONE', #5140, .T. ) ;
#214 = DIRECTION ( 'NONE',  ( 1.000000000000000000, 0.000000000000000000, 0.000000000000000000 ) ) ;
#215 = LINE ( 'NONE', #4936, #1396 ) ;
#216 = EDGE_CURVE ( 'NONE', #690, #3542, #1092, .T. ) ;
#217 = CARTESIAN_POINT ( 'NONE',  ( 0.000000000000000000, 0.000000000000000000, 3.000000000000000000 ) ) ;
#218 = VERTEX_POINT ( 'NONE', #2305 ) ;
#219 = VERTEX_POINT ( 'NONE', #4881 ) ;
#220 = CARTESIAN_POINT ( 'NONE',  ( -38.21857202264963860, 17.13203161488413784, 0.000000000000000000 ) ) ;
#221 = DIRECTION ( 'NONE',  ( 0.000000000000000000, 0.000000000000000000, -1.000000000000000000 ) ) ;
#222 = CYLINDRICAL_SURFACE ( 'NONE', #3363, 8.694264425220763925 ) ;
#223 = CARTESIAN_POINT ( 'NONE',  ( -25.98076211353315657, 15.00000000000000355, 3.490000000000000213 ) ) ;
#224 = VERTEX_POINT ( 'NONE', #1008 ) ;
#225 = ADVANCED_FACE ( 'NONE', ( #615 ), #2730, .F. ) ;
#226 = AXIS2_PLACEMENT_3D ( 'NONE', #3104, #81, #624 ) ;
#227 = VECTOR ( 'NONE', #2281, 1000.000000000000000 ) ;
#228 = ORIENTED_EDGE ( 'NONE', *, *, #4403, .F. ) ;
#229 = CIRCLE ( 'NONE', #1399, 2.125000000000000444 ) ;
#230 = CIRCLE ( 'NONE', #2560, 8.694264425220769255 ) ;
#231 = DIRECTION ( 'NONE',  ( 0.000000000000000000, -0.000000000000000000, 1.000000000000000000 ) ) ;
#232 = AXIS2_PLACEMENT_3D ( 'NONE', #2862, #1528, #1160 ) ;
#233 = EDGE_CURVE ( 'NONE', #3874, #4384, #3995, .T. ) ;
#234 = EDGE_LOOP ( 'NONE', ( #2821, #569, #1786, #93 ) ) ;
#235 = CARTESIAN_POINT ( 'NONE',  ( 33.30881660225542618, -24.09804858293331975, 0.000000000000000000 ) ) ;
#236 = AXIS2_PLACEMENT_3D ( 'NONE', #4582, #3332, #4609 ) ;
#237 = DIRECTION ( 'NONE',  ( 0.000000000000000000, 0.000000000000000000, -1.000000000000000000 ) ) ;
#238 = CARTESIAN_POINT ( 'NONE',  ( -38.56881604959922782, 18.06528517716168736, 0.000000000000000000 ) ) ;
#239 = AXIS2_PLACEMENT_3D ( 'NONE', #1256, #2984, #4702 ) ;
#240 = ADVANCED_FACE ( 'NONE', ( #4850 ), #1788, .F. ) ;
#241 = EDGE_CURVE ( 'NONE', #785, #3310, #945, .T. ) ;
#242 = CARTESIAN_POINT ( 'NONE',  ( -26.56771649810138669, 30.24582191543568044, 0.000000000000000000 ) ) ;
#243 = DIRECTION ( 'NONE',  ( -0.000000000000000000, -0.000000000000000000, -1.000000000000000000 ) ) ;
#244 = CYLINDRICAL_SURFACE ( 'NONE', #4743, 42.59000000000001052 ) ;
#245 = DIRECTION ( 'NONE',  ( -1.000000000000000000, 0.000000000000000000, 0.000000000000000000 ) ) ;
#246 = CARTESIAN_POINT ( 'NONE',  ( 0.000000000000000000, 0.000000000000000000, 0.000000000000000000 ) ) ;
#247 = ADVANCED_FACE ( 'NONE', ( #1032 ), #3150, .F. ) ;
#248 = EDGE_LOOP ( 'NONE', ( #2696, #2870, #3772, #4857 ) ) ;
#249 = CARTESIAN_POINT ( 'NONE',  ( -28.83146179316142010, -31.34732701315175873, 3.000000000000000000 ) ) ;
#250 = FACE_OUTER_BOUND ( 'NONE', #3476, .T. ) ;
#251 = CARTESIAN_POINT ( 'NONE',  ( 40.55653363200659101, -3.955691804083529828, 3.000000000000000000 ) ) ;
#252 = DIRECTION ( 'NONE',  ( -1.000000000000000000, 0.000000000000000000, 0.000000000000000000 ) ) ;
#253 = ORIENTED_EDGE ( 'NONE', *, *, #5092, .T. ) ;
#254 = ORIENTED_EDGE ( 'NONE', *, *, #293, .F. ) ;
#255 = CARTESIAN_POINT ( 'NONE',  ( 0.000000000000000000, 0.000000000000000000, 10.00000000000000000 ) ) ;
#256 = EDGE_CURVE ( 'NONE', #1597, #962, #3247, .T. ) ;
#257 = ADVANCED_FACE ( 'NONE', ( #3623 ), #190, .T. ) ;
#258 = ORIENTED_EDGE ( 'NONE', *, *, #3594, .T. ) ;
#259 = AXIS2_PLACEMENT_3D ( 'NONE', #5112, #2582, #4736 ) ;
#260 = FACE_OUTER_BOUND ( 'NONE', #4757, .T. ) ;
#261 = DIRECTION ( 'NONE',  ( 1.000000000000000000, 0.000000000000000000, 0.000000000000000000 ) ) ;
#262 = CARTESIAN_POINT ( 'NONE',  ( -7.957593093618509528, -41.83999058504191026, 3.000000000000000000 ) ) ;
#263 = AXIS2_PLACEMENT_3D ( 'NONE', #611, #4360, #1843 ) ;
#264 = ORIENTED_EDGE ( 'NONE', *, *, #5005, .T. ) ;
#265 = CARTESIAN_POINT ( 'NONE',  ( 0.000000000000000000, 0.000000000000000000, 0.000000000000000000 ) ) ;
#266 = EDGE_CURVE ( 'NONE', #5324, #2879, #1535, .T. ) ;
#267 = DIRECTION ( 'NONE',  ( -0.000000000000000000, -0.000000000000000000, -1.000000000000000000 ) ) ;
#268 = AXIS2_PLACEMENT_3D ( 'NONE', #2378, #2404, #4132 ) ;
#269 = CARTESIAN_POINT ( 'NONE',  ( -34.59935313971945448, 20.46393609589984308, 0.000000000000000000 ) ) ;
#270 = CARTESIAN_POINT ( 'NONE',  ( -40.57520715325102145, -0.09167402782957295715, 0.000000000000000000 ) ) ;
#271 = EDGE_CURVE ( 'NONE', #2441, #461, #5338, .T. ) ;
#272 = CARTESIAN_POINT ( 'NONE',  ( 16.49973394995460652, 37.06703595085621572, 0.000000000000000000 ) ) ;
#273 = ORIENTED_EDGE ( 'NONE', *, *, #3140, .F. ) ;
#274 = EDGE_LOOP ( 'NONE', ( #1903, #2482, #3879, #5191 ) ) ;
#275 = DIRECTION ( 'NONE',  ( -1.000000000000000000, 0.000000000000000000, 0.000000000000000000 ) ) ;
#276 = EDGE_CURVE ( 'NONE', #155, #3273, #4429, .T. ) ;
#277 = FACE_OUTER_BOUND ( 'NONE', #1224, .T. ) ;
#278 = CARTESIAN_POINT ( 'NONE',  ( -2.125000000000003997, -30.00000000000000000, 10.00000000000000000 ) ) ;
#279 = CARTESIAN_POINT ( 'NONE',  ( 2.124999999999997335, -30.00000000000000000, 3.490000000000000213 ) ) ;
#280 = ORIENTED_EDGE ( 'NONE', *, *, #5423, .T. ) ;
#281 = EDGE_CURVE ( 'NONE', #4949, #1683, #5357, .T. ) ;
#282 = ORIENTED_EDGE ( 'NONE', *, *, #431, .F. ) ;
#283 = DIRECTION ( 'NONE',  ( 0.000000000000000000, 0.000000000000000000, -1.000000000000000000 ) ) ;
#284 = VERTEX_POINT ( 'NONE', #1458 ) ;
#285 = PLANE ( 'NONE',  #2490 ) ;
#286 = CARTESIAN_POINT ( 'NONE',  ( 38.74107973018827522, 17.69284718012327673, 0.000000000000000000 ) ) ;
#287 = CARTESIAN_POINT ( 'NONE',  ( 39.13979336264454645, 12.71728977001014371, 0.000000000000000000 ) ) ;
#288 = ORIENTED_EDGE ( 'NONE', *, *, #1237, .F. ) ;
#289 = DIRECTION ( 'NONE',  ( 0.9362387956570304981, -0.3513643657326012137, 0.000000000000000000 ) ) ;
#290 = CARTESIAN_POINT ( 'NONE',  ( 25.98076211353315301, -15.00000000000001421, 10.00000000000000000 ) ) ;
#291 = LINE ( 'NONE', #2487, #1579 ) ;
#292 = CARTESIAN_POINT ( 'NONE',  ( -39.96320686035490866, 3.955691804083529828, 0.000000000000000000 ) ) ;
#293 = EDGE_CURVE ( 'NONE', #3861, #1597, #557, .T. ) ;
#294 = DIRECTION ( 'NONE',  ( 0.000000000000000000, 0.000000000000000000, -1.000000000000000000 ) ) ;
#295 = ORIENTED_EDGE ( 'NONE', *, *, #20, .T. ) ;
#296 = VERTEX_POINT ( 'NONE', #1479 ) ;
#297 = DIRECTION ( 'NONE',  ( -0.000000000000000000, -0.000000000000000000, -1.000000000000000000 ) ) ;
#298 = VECTOR ( 'NONE', #2326, 1000.000000000000000 ) ;
#299 = DIRECTION ( 'NONE',  ( 0.8090169943749467851, 0.5877852522924740253, 0.000000000000000000 ) ) ;
#300 = FACE_OUTER_BOUND ( 'NONE', #5176, .T. ) ;
#301 = VERTEX_POINT ( 'NONE', #2702 ) ;
#302 = CARTESIAN_POINT ( 'NONE',  ( 12.87499999999966604, 25.98076211353335196, 3.490000000000000213 ) ) ;
#303 = VERTEX_POINT ( 'NONE', #3123 ) ;
#304 = EDGE_CURVE ( 'NONE', #1592, #174, #5311, .T. ) ;
#305 = CIRCLE ( 'NONE', #1203, 42.59000000000001052 ) ;
#306 = ORIENTED_EDGE ( 'NONE', *, *, #582, .F. ) ;
#307 = CARTESIAN_POINT ( 'NONE',  ( -8.332926048929298446, 38.88526790231278341, 0.000000000000000000 ) ) ;
#308 = AXIS2_PLACEMENT_3D ( 'NONE', #4094, #963, #2691 ) ;
#309 = ADVANCED_FACE ( 'NONE', ( #2271 ), #1402, .F. ) ;
#310 = EDGE_CURVE ( 'NONE', #375, #1457, #2814, .T. ) ;
#311 = CIRCLE ( 'NONE', #5093, 42.59000000000001052 ) ;
#312 = AXIS2_PLACEMENT_3D ( 'NONE', #2617, #1737, #4231 ) ;
#313 = CIRCLE ( 'NONE', #5285, 4.005000000000006111 ) ;
#314 = ORIENTED_EDGE ( 'NONE', *, *, #2682, .T. ) ;
#315 = DIRECTION ( 'NONE',  ( 1.000000000000000000, 0.000000000000000000, 0.000000000000000000 ) ) ;
#316 = CIRCLE ( 'NONE', #3460, 8.694264425220762149 ) ;
#317 = CARTESIAN_POINT ( 'NONE',  ( 41.77658695461942528, -8.284013666280586108, 3.000000000000000000 ) ) ;
#318 = DIRECTION ( 'NONE',  ( 1.000000000000000000, 0.000000000000000000, 0.000000000000000000 ) ) ;
#319 = AXIS2_PLACEMENT_3D ( 'NONE', #4851, #3970, #1371 ) ;
#320 = DIRECTION ( 'NONE',  ( 0.3090169943749533910, -0.9510565162951517548, 0.000000000000000000 ) ) ;
#321 = LINE ( 'NONE', #1927, #4389 ) ;
#322 = CARTESIAN_POINT ( 'NONE',  ( 37.21864685947038964, -20.70459914970670923, 0.000000000000000000 ) ) ;
#323 = DIRECTION ( 'NONE',  ( 0.000000000000000000, -0.000000000000000000, 1.000000000000000000 ) ) ;
#324 = EDGE_LOOP ( 'NONE', ( #2636, #1968, #1563, #5580 ) ) ;
#325 = ORIENTED_EDGE ( 'NONE', *, *, #5375, .F. ) ;
#326 = EDGE_CURVE ( 'NONE', #1156, #4292, #1430, .T. ) ;
#327 = ORIENTED_EDGE ( 'NONE', *, *, #3580, .T. ) ;
#328 = CYLINDRICAL_SURFACE ( 'NONE', #136, 2.125000000000001776 ) ;
#329 = LINE ( 'NONE', #5443, #4634 ) ;
#330 = ORIENTED_EDGE ( 'NONE', *, *, #4380, .T. ) ;
#331 = DIRECTION ( 'NONE',  ( -0.9510565162951510887, -0.3090169943749548898, 0.000000000000000000 ) ) ;
#332 = AXIS2_PLACEMENT_3D ( 'NONE', #235, #4155, #4548 ) ;
#333 = EDGE_LOOP ( 'NONE', ( #1600, #4802, #5596, #2539 ) ) ;
#334 = CARTESIAN_POINT ( 'NONE',  ( -8.382234244845783167, 39.51178793479898133, 3.000000000000000000 ) ) ;
#335 = EDGE_CURVE ( 'NONE', #3121, #941, #2269, .T. ) ;
#336 = ORIENTED_EDGE ( 'NONE', *, *, #5567, .T. ) ;
#337 = CARTESIAN_POINT ( 'NONE',  ( 12.83957879275061309, 38.89978764190320959, 0.000000000000000000 ) ) ;
#338 = ADVANCED_FACE ( 'NONE', ( #2865 ), #1165, .F. ) ;
#339 = CARTESIAN_POINT ( 'NONE',  ( -20.50176531472102681, -37.33076102867583046, 0.000000000000000000 ) ) ;
#340 = CARTESIAN_POINT ( 'NONE',  ( -23.73575383944928063, 33.07778457408781492, 0.000000000000000000 ) ) ;
#341 = AXIS2_PLACEMENT_3D ( 'NONE', #561, #1824, #619 ) ;
#342 = CARTESIAN_POINT ( 'NONE',  ( -38.60312425607723696, -12.54291540692518936, 0.000000000000000000 ) ) ;
#343 = DIRECTION ( 'NONE',  ( -1.000000000000000000, 0.000000000000000000, 0.000000000000000000 ) ) ;
#344 = DIRECTION ( 'NONE',  ( 0.000000000000000000, 0.000000000000000000, 1.000000000000000000 ) ) ;
#345 = DIRECTION ( 'NONE',  ( -0.000000000000000000, -0.000000000000000000, 1.000000000000000000 ) ) ;
#346 = AXIS2_PLACEMENT_3D ( 'NONE', #5126, #3992, #124 ) ;
#347 = EDGE_CURVE ( 'NONE', #2849, #1030, #5496, .T. ) ;
#348 = VERTEX_POINT ( 'NONE', #3674 ) ;
#349 = AXIS2_PLACEMENT_3D ( 'NONE', #2351, #5462, #261 ) ;
#350 = ORIENTED_EDGE ( 'NONE', *, *, #4696, .F. ) ;
#351 = ORIENTED_EDGE ( 'NONE', *, *, #3564, .F. ) ;
#352 = CIRCLE ( 'NONE', #3503, 34.00000000000000000 ) ;
#353 = DIRECTION ( 'NONE',  ( -1.000000000000000000, 0.000000000000000000, 0.000000000000000000 ) ) ;
#354 = LINE ( 'NONE', #1255, #5009 ) ;
#355 = CARTESIAN_POINT ( 'NONE',  ( 0.000000000000000000, 0.000000000000000000, 3.000000000000000000 ) ) ;
#356 = CARTESIAN_POINT ( 'NONE',  ( 0.2049893579964236490, -40.87187053907685907, 0.000000000000000000 ) ) ;
#357 = EDGE_LOOP ( 'NONE', ( #4246, #459, #3046, #128 ) ) ;
#358 = DIRECTION ( 'NONE',  ( -0.000000000000000000, -0.000000000000000000, -1.000000000000000000 ) ) ;
#359 = EDGE_CURVE ( 'NONE', #880, #3612, #4524, .T. ) ;
#360 = CARTESIAN_POINT ( 'NONE',  ( 24.39471196875951620, -33.01215321642932565, 3.000000000000000000 ) ) ;
#361 = ORIENTED_EDGE ( 'NONE', *, *, #3564, .T. ) ;
#362 = DIRECTION ( 'NONE',  ( -0.5463267067212180805, -0.8375721637704707234, 0.000000000000000000 ) ) ;
#363 = AXIS2_PLACEMENT_3D ( 'NONE', #4365, #4057, #494 ) ;
#364 = ORIENTED_EDGE ( 'NONE', *, *, #3680, .T. ) ;
#365 = EDGE_CURVE ( 'NONE', #4363, #4806, #3652, .T. ) ;
#366 = LINE ( 'NONE', #5264, #2839 ) ;
#367 = CARTESIAN_POINT ( 'NONE',  ( -8.487627998526168227, -41.04109639035737445, 3.000000000000000000 ) ) ;
#368 = ADVANCED_FACE ( 'NONE', ( #2036 ), #3698, .F. ) ;
#369 = CARTESIAN_POINT ( 'NONE',  ( 27.16104326975240824, 30.24582191543627729, 3.000000000000000000 ) ) ;
#370 = VECTOR ( 'NONE', #4607, 1000.000000000000000 ) ;
#371 = CARTESIAN_POINT ( 'NONE',  ( 0.2966633858259900558, -40.88639027866684472, 0.000000000000000000 ) ) ;
#372 = LINE ( 'NONE', #2538, #3593 ) ;
#373 = EDGE_CURVE ( 'NONE', #3683, #2641, #3254, .T. ) ;
#374 = ORIENTED_EDGE ( 'NONE', *, *, #4138, .F. ) ;
#375 = VERTEX_POINT ( 'NONE', #4956 ) ;
#376 = VERTEX_POINT ( 'NONE', #5385 ) ;
#377 = DIRECTION ( 'NONE',  ( 0.000000000000000000, -0.000000000000000000, 1.000000000000000000 ) ) ;
#378 = CARTESIAN_POINT ( 'NONE',  ( -16.74447303340660653, -38.39834553817244966, 3.000000000000000000 ) ) ;
#379 = DIRECTION ( 'NONE',  ( 0.000000000000000000, 0.000000000000000000, 1.000000000000000000 ) ) ;
#380 = DIRECTION ( 'NONE',  ( 0.000000000000000000, 0.000000000000000000, 1.000000000000000000 ) ) ;
#381 = VERTEX_POINT ( 'NONE', #685 ) ;
#382 = CARTESIAN_POINT ( 'NONE',  ( -32.12500000000000000, 1.836970198721062721E-15, 0.000000000000000000 ) ) ;
#383 = DIRECTION ( 'NONE',  ( 0.000000000000000000, 0.000000000000000000, -1.000000000000000000 ) ) ;
#384 = ORIENTED_EDGE ( 'NONE', *, *, #3940, .T. ) ;
#385 = CARTESIAN_POINT ( 'NONE',  ( -4.770920966161397381, 42.32193772896795991, 0.000000000000000000 ) ) ;
#386 = CIRCLE ( 'NONE', #3541, 42.59000000000001052 ) ;
#387 = VERTEX_POINT ( 'NONE', #4932 ) ;
#388 = DIRECTION ( 'NONE',  ( -0.000000000000000000, -0.000000000000000000, -1.000000000000000000 ) ) ;
#389 = ORIENTED_EDGE ( 'NONE', *, *, #4271, .T. ) ;
#390 = CARTESIAN_POINT ( 'NONE',  ( 39.19645102772892642, -12.54291540692517870, 0.000000000000000000 ) ) ;
#391 = DIRECTION ( 'NONE',  ( -0.3090169943749512815, 0.9510565162951521989, 0.000000000000000000 ) ) ;
#392 = ORIENTED_EDGE ( 'NONE', *, *, #1874, .T. ) ;
#393 = AXIS2_PLACEMENT_3D ( 'NONE', #425, #3439, #2488 ) ;
#394 = DIRECTION ( 'NONE',  ( 0.000000000000000000, 0.000000000000000000, 1.000000000000000000 ) ) ;
#395 = CIRCLE ( 'NONE', #1933, 4.005000000000003446 ) ;
#396 = AXIS2_PLACEMENT_3D ( 'NONE', #802, #4673, #465 ) ;
#397 = CARTESIAN_POINT ( 'NONE',  ( -12.87500000000001066, -25.98076211353315301, 0.000000000000000000 ) ) ;
#398 = EDGE_CURVE ( 'NONE', #4086, #3830, #1272, .T. ) ;
#399 = LINE ( 'NONE', #458, #5045 ) ;
#400 = AXIS2_PLACEMENT_3D ( 'NONE', #2483, #3945, #2910 ) ;
#401 = CIRCLE ( 'NONE', #150, 4.005000000000006111 ) ;
#402 = EDGE_CURVE ( 'NONE', #2303, #1537, #567, .T. ) ;
#403 = VERTEX_POINT ( 'NONE', #637 ) ;
#404 = ORIENTED_EDGE ( 'NONE', *, *, #79, .T. ) ;
#405 = ORIENTED_EDGE ( 'NONE', *, *, #3070, .T. ) ;
#406 = FACE_OUTER_BOUND ( 'NONE', #3898, .T. ) ;
#407 = DIRECTION ( 'NONE',  ( 0.000000000000000000, 0.000000000000000000, -1.000000000000000000 ) ) ;
#408 = CARTESIAN_POINT ( 'NONE',  ( -16.74447303340660653, -38.39834553817244966, 0.000000000000000000 ) ) ;
#409 = CARTESIAN_POINT ( 'NONE',  ( -20.50176531472102326, -37.33076102867584467, 3.000000000000000000 ) ) ;
#410 = EDGE_CURVE ( 'NONE', #2367, #880, #2355, .T. ) ;
#411 = ORIENTED_EDGE ( 'NONE', *, *, #5535, .T. ) ;
#412 = DIRECTION ( 'NONE',  ( 1.000000000000000000, 0.000000000000000000, 0.000000000000000000 ) ) ;
#413 = EDGE_CURVE ( 'NONE', #2664, #3285, #3705, .T. ) ;
#414 = CARTESIAN_POINT ( 'NONE',  ( -3.659028418257547877, -40.25987024618076049, 3.000000000000000000 ) ) ;
#415 = ORIENTED_EDGE ( 'NONE', *, *, #4206, .T. ) ;
#416 = DIRECTION ( 'NONE',  ( 0.000000000000000000, 0.000000000000000000, 1.000000000000000000 ) ) ;
#417 = VERTEX_POINT ( 'NONE', #1087 ) ;
#418 = CARTESIAN_POINT ( 'NONE',  ( 21.03082861136571324, 37.03528517399808351, 0.000000000000000000 ) ) ;
#419 = APPLICATION_CONTEXT ( 'automotive_design' ) ;
#420 = PLANE ( 'NONE',  #3963 ) ;
#421 = DIRECTION ( 'NONE',  ( 0.000000000000000000, 0.000000000000000000, 1.000000000000000000 ) ) ;
#422 = EDGE_CURVE ( 'NONE', #777, #2473, #5469, .T. ) ;
#423 = LINE ( 'NONE', #1636, #5084 ) ;
#424 = CARTESIAN_POINT ( 'NONE',  ( -42.27354308904191527, -5.182244175925800889, 0.000000000000000000 ) ) ;
#425 = CARTESIAN_POINT ( 'NONE',  ( 0.000000000000000000, 0.000000000000000000, 3.000000000000000000 ) ) ;
#426 = EDGE_CURVE ( 'NONE', #1998, #303, #4706, .T. ) ;
#427 = FACE_OUTER_BOUND ( 'NONE', #3049, .T. ) ;
#428 = AXIS2_PLACEMENT_3D ( 'NONE', #4205, #5026, #331 ) ;
#429 = AXIS2_PLACEMENT_3D ( 'NONE', #5283, #2679, #2276 ) ;
#430 = EDGE_LOOP ( 'NONE', ( #5512, #5109, #3211, #5259 ) ) ;
#431 = EDGE_CURVE ( 'NONE', #2634, #762, #734, .T. ) ;
#432 = ORIENTED_EDGE ( 'NONE', *, *, #2895, .T. ) ;
#433 = CARTESIAN_POINT ( 'NONE',  ( 0.000000000000000000, 0.000000000000000000, 3.000000000000000000 ) ) ;
#434 = LINE ( 'NONE', #3446, #2755 ) ;
#435 = VECTOR ( 'NONE', #5192, 1000.000000000000000 ) ;
#436 = CYLINDRICAL_SURFACE ( 'NONE', #2940, 42.59000000000001052 ) ;
#437 = DIRECTION ( 'NONE',  ( 0.000000000000000000, 0.000000000000000000, 1.000000000000000000 ) ) ;
#438 = ORIENTED_EDGE ( 'NONE', *, *, #749, .T. ) ;
#439 = DIRECTION ( 'NONE',  ( -0.000000000000000000, -0.000000000000000000, -1.000000000000000000 ) ) ;
#440 = CIRCLE ( 'NONE', #709, 4.005000000000001670 ) ;
#441 = EDGE_CURVE ( 'NONE', #1286, #1464, #1108, .T. ) ;
#442 = DIRECTION ( 'NONE',  ( 0.000000000000000000, 0.000000000000000000, 1.000000000000000000 ) ) ;
#443 = VERTEX_POINT ( 'NONE', #242 ) ;
#444 = LINE ( 'NONE', #3103, #1578 ) ;
#445 = CARTESIAN_POINT ( 'NONE',  ( 0.000000000000000000, 0.000000000000000000, 3.490000000000000213 ) ) ;
#446 = AXIS2_PLACEMENT_3D ( 'NONE', #655, #2034, #3722 ) ;
#447 = AXIS2_PLACEMENT_3D ( 'NONE', #1214, #2944, #4660 ) ;
#448 = EDGE_LOOP ( 'NONE', ( #4011, #2999, #4588, #1654 ) ) ;
#449 = DIRECTION ( 'NONE',  ( 1.000000000000000000, 0.000000000000000000, 0.000000000000000000 ) ) ;
#450 = CARTESIAN_POINT ( 'NONE',  ( -7.957593093619142799, 41.83999058504179658, 3.000000000000000000 ) ) ;
#451 = PLANE ( 'NONE',  #3586 ) ;
#452 = VERTEX_POINT ( 'NONE', #1954 ) ;
#453 = CARTESIAN_POINT ( 'NONE',  ( 0.000000000000000000, 0.000000000000000000, 3.000000000000000000 ) ) ;
#454 = DIRECTION ( 'NONE',  ( -0.000000000000000000, -0.000000000000000000, -1.000000000000000000 ) ) ;
#455 = DIRECTION ( 'NONE',  ( 1.000000000000000000, 0.000000000000000000, 0.000000000000000000 ) ) ;
#456 = ORIENTED_EDGE ( 'NONE', *, *, #2178, .T. ) ;
#457 = ADVANCED_FACE ( 'NONE', ( #2832 ), #2407, .T. ) ;
#458 = CARTESIAN_POINT ( 'NONE',  ( 18.82542399532822230, -23.05184290672067249, 3.000000000000000000 ) ) ;
#459 = ORIENTED_EDGE ( 'NONE', *, *, #3669, .T. ) ;
#460 = ORIENTED_EDGE ( 'NONE', *, *, #3950, .F. ) ;
#461 = VERTEX_POINT ( 'NONE', #2914 ) ;
#462 = FACE_OUTER_BOUND ( 'NONE', #3932, .T. ) ;
#463 = DIRECTION ( 'NONE',  ( -0.000000000000000000, -0.000000000000000000, 1.000000000000000000 ) ) ;
#464 = CARTESIAN_POINT ( 'NONE',  ( 20.76059948172632019, -34.89601652554492972, 0.000000000000000000 ) ) ;
#465 = DIRECTION ( 'NONE',  ( 1.000000000000000000, -2.663971070690487566E-15, 0.000000000000000000 ) ) ;
#466 = ORIENTED_EDGE ( 'NONE', *, *, #5600, .F. ) ;
#467 = EDGE_CURVE ( 'NONE', #1538, #3519, #4216, .T. ) ;
#468 = DIRECTION ( 'NONE',  ( 0.000000000000000000, 0.000000000000000000, 1.000000000000000000 ) ) ;
#469 = ADVANCED_FACE ( 'NONE', ( #4299 ), #2975, .T. ) ;
#470 = DIRECTION ( 'NONE',  ( -0.000000000000000000, -0.000000000000000000, 1.000000000000000000 ) ) ;
#471 = ORIENTED_EDGE ( 'NONE', *, *, #4668, .F. ) ;
#472 = FACE_OUTER_BOUND ( 'NONE', #3693, .T. ) ;
#473 = DIRECTION ( 'NONE',  ( -0.000000000000000000, -0.000000000000000000, -1.000000000000000000 ) ) ;
#474 = EDGE_CURVE ( 'NONE', #2921, #4215, #5067, .T. ) ;
#475 = ADVANCED_FACE ( 'NONE', ( #816 ), #3412, .T. ) ;
#476 = ORIENTED_EDGE ( 'NONE', *, *, #1675, .F. ) ;
#477 = LINE ( 'NONE', #4295, #3009 ) ;
#478 = DIRECTION ( 'NONE',  ( 0.000000000000000000, -0.000000000000000000, -1.000000000000000000 ) ) ;
#479 = DIRECTION ( 'NONE',  ( 0.6221024498595254526, -0.7829358478692725054, 0.000000000000000000 ) ) ;
#480 = EDGE_CURVE ( 'NONE', #1352, #3343, #5534, .T. ) ;
#481 = ORIENTED_EDGE ( 'NONE', *, *, #3214, .F. ) ;
#482 = AXIS2_PLACEMENT_3D ( 'NONE', #2654, #3952, #87 ) ;
#483 = ORIENTED_EDGE ( 'NONE', *, *, #5110, .F. ) ;
#484 = CARTESIAN_POINT ( 'NONE',  ( -28.77612118826259646, 24.03241722527427271, 0.000000000000000000 ) ) ;
#485 = PLANE ( 'NONE',  #1523 ) ;
#486 = CYLINDRICAL_SURFACE ( 'NONE', #1937, 4.005000000000005222 ) ;
#487 = ORIENTED_EDGE ( 'NONE', *, *, #2631, .T. ) ;
#488 = EDGE_LOOP ( 'NONE', ( #4220, #101, #5061, #392 ) ) ;
#489 = ORIENTED_EDGE ( 'NONE', *, *, #4514, .F. ) ;
#490 = EDGE_LOOP ( 'NONE', ( #5393, #4965, #911, #5225 ) ) ;
#491 = VECTOR ( 'NONE', #3781, 999.9999999999998863 ) ;
#492 = VERTEX_POINT ( 'NONE', #369 ) ;
#493 = VECTOR ( 'NONE', #49, 999.9999999999998863 ) ;
#494 = DIRECTION ( 'NONE',  ( 1.000000000000000000, 0.000000000000000000, 0.000000000000000000 ) ) ;
#495 = CARTESIAN_POINT ( 'NONE',  ( -39.21512454897334266, 8.678897630670645569, 0.000000000000000000 ) ) ;
#496 = FACE_OUTER_BOUND ( 'NONE', #4711, .T. ) ;
#497 = DIRECTION ( 'NONE',  ( -0.000000000000000000, -0.000000000000000000, 1.000000000000000000 ) ) ;
#498 = ORIENTED_EDGE ( 'NONE', *, *, #3855, .F. ) ;
#499 = CARTESIAN_POINT ( 'NONE',  ( -27.83620412999778893, 31.29407560814080469, 0.000000000000000000 ) ) ;
#500 = AXIS2_PLACEMENT_3D ( 'NONE', #937, #2667, #520 ) ;
#501 = ORIENTED_EDGE ( 'NONE', *, *, #2406, .F. ) ;
#502 = CIRCLE ( 'NONE', #2302, 4.005000000000003446 ) ;
#503 = ORIENTED_EDGE ( 'NONE', *, *, #5139, .F. ) ;
#504 = VERTEX_POINT ( 'NONE', #2569 ) ;
#505 = CIRCLE ( 'NONE', #5560, 4.005000000000003446 ) ;
#506 = CARTESIAN_POINT ( 'NONE',  ( 12.83957879275061309, 38.89978764190320959, 0.000000000000000000 ) ) ;
#507 = LINE ( 'NONE', #2159, #3816 ) ;
#508 = ORIENTED_EDGE ( 'NONE', *, *, #2828, .T. ) ;
#509 = EDGE_CURVE ( 'NONE', #3521, #3812, #423, .T. ) ;
#510 = EDGE_LOOP ( 'NONE', ( #2492, #4508, #3384, #2262 ) ) ;
#511 = FACE_OUTER_BOUND ( 'NONE', #4337, .T. ) ;
#512 = DIRECTION ( 'NONE',  ( -0.000000000000000000, 0.000000000000000000, 1.000000000000000000 ) ) ;
#513 = LINE ( 'NONE', #3955, #4778 ) ;
#514 = CIRCLE ( 'NONE', #3666, 4.005000000000006111 ) ;
#515 = AXIS2_PLACEMENT_3D ( 'NONE', #3619, #1582, #5405 ) ;
#516 = ADVANCED_FACE ( 'NONE', ( #3893 ), #2486, .F. ) ;
#517 = VERTEX_POINT ( 'NONE', #3784 ) ;
#518 = CARTESIAN_POINT ( 'NONE',  ( 0.3883374136555626244, -40.87187053907685907, 0.000000000000000000 ) ) ;
#519 = CARTESIAN_POINT ( 'NONE',  ( 12.93125282058071335, -38.88526790231286867, 0.000000000000000000 ) ) ;
#520 = DIRECTION ( 'NONE',  ( -0.000000000000000000, -0.000000000000000000, -1.000000000000000000 ) ) ;
#521 = ORIENTED_EDGE ( 'NONE', *, *, #2251, .F. ) ;
#522 = VERTEX_POINT ( 'NONE', #1271 ) ;
#523 = ORIENTED_EDGE ( 'NONE', *, *, #4138, .T. ) ;
#524 = DIRECTION ( 'NONE',  ( -0.000000000000000000, -0.000000000000000000, -1.000000000000000000 ) ) ;
#525 = FACE_BOUND ( 'NONE', #5356, .T. ) ;
#526 = LINE ( 'NONE', #2244, #2312 ) ;
#527 = LINE ( 'NONE', #2733, #4294 ) ;
#528 = ORIENTED_EDGE ( 'NONE', *, *, #4417, .F. ) ;
#529 = CARTESIAN_POINT ( 'NONE',  ( 1.590152247979168765, 29.71961416015147606, 3.000000000000000000 ) ) ;
#530 = UNCERTAINTY_MEASURE_WITH_UNIT (LENGTH_MEASURE( 1.000000000000000082E-05 ), #1244, 'distance_accuracy_value', 'NONE');
#531 = ORIENTED_EDGE ( 'NONE', *, *, #2650, .T. ) ;
#532 = CIRCLE ( 'NONE', #5494, 8.694264425220771031 ) ;
#533 = ORIENTED_EDGE ( 'NONE', *, *, #3319, .T. ) ;
#534 = FACE_OUTER_BOUND ( 'NONE', #2227, .T. ) ;
#535 = DIRECTION ( 'NONE',  ( -0.000000000000000000, -0.000000000000000000, -1.000000000000000000 ) ) ;
#536 = ORIENTED_EDGE ( 'NONE', *, *, #3891, .T. ) ;
#537 = EDGE_CURVE ( 'NONE', #2641, #3343, #4266, .T. ) ;
#538 = AXIS2_PLACEMENT_3D ( 'NONE', #5521, #2572, #3788 ) ;
#539 = EDGE_LOOP ( 'NONE', ( #1866, #1417, #1873, #2432 ) ) ;
#540 = VECTOR ( 'NONE', #1781, 1000.000000000000000 ) ;
#541 = CIRCLE ( 'NONE', #5594, 8.694264425220771031 ) ;
#542 = CARTESIAN_POINT ( 'NONE',  ( -41.78782610431034783, 8.227131302946329328, 0.000000000000000000 ) ) ;
#543 = DIRECTION ( 'NONE',  ( -0.9656484390698052422, -0.2598520581447232303, 0.000000000000000000 ) ) ;
#544 = DIRECTION ( 'NONE',  ( 0.000000000000000000, 0.000000000000000000, 1.000000000000000000 ) ) ;
#545 = EDGE_CURVE ( 'NONE', #3713, #5128, #928, .T. ) ;
#546 = ORIENTED_EDGE ( 'NONE', *, *, #57, .F. ) ;
#547 = EDGE_CURVE ( 'NONE', #2858, #3165, #5094, .T. ) ;
#548 = EDGE_CURVE ( 'NONE', #155, #3769, #4092, .T. ) ;
#549 = LINE ( 'NONE', #5330, #2005 ) ;
#550 = CARTESIAN_POINT ( 'NONE',  ( 25.03650104939099919, 16.09216160756136205, 3.000000000000000000 ) ) ;
#551 = DIRECTION ( 'NONE',  ( -0.9510565162951510887, -0.3090169943749550008, 0.000000000000000000 ) ) ;
#552 = DIRECTION ( 'NONE',  ( 0.000000000000000000, 0.000000000000000000, 1.000000000000000000 ) ) ;
#553 = EDGE_CURVE ( 'NONE', #4652, #200, #2946, .T. ) ;
#554 = ORIENTED_EDGE ( 'NONE', *, *, #1604, .T. ) ;
#555 = VECTOR ( 'NONE', #1370, 1000.000000000000000 ) ;
#556 = VERTEX_POINT ( 'NONE', #2140 ) ;
#557 = LINE ( 'NONE', #4814, #3785 ) ;
#558 = CARTESIAN_POINT ( 'NONE',  ( 0.000000000000000000, 0.000000000000000000, 3.490000000000000213 ) ) ;
#559 = DIRECTION ( 'NONE',  ( 0.000000000000000000, 0.000000000000000000, 1.000000000000000000 ) ) ;
#560 = FACE_OUTER_BOUND ( 'NONE', #1463, .T. ) ;
#561 = CARTESIAN_POINT ( 'NONE',  ( 0.000000000000000000, 30.00000000000000000, 3.490000000000000213 ) ) ;
#562 = EDGE_CURVE ( 'NONE', #3435, #3975, #3868, .T. ) ;
#563 = ORIENTED_EDGE ( 'NONE', *, *, #5542, .T. ) ;
#564 = ORIENTED_EDGE ( 'NONE', *, *, #5326, .F. ) ;
#565 = LINE ( 'NONE', #1045, #4725 ) ;
#566 = CARTESIAN_POINT ( 'NONE',  ( -3.673940397442076533E-15, -30.00000000000000000, 3.490000000000000213 ) ) ;
#567 = CIRCLE ( 'NONE', #817, 42.59000000000001052 ) ;
#568 = ORIENTED_EDGE ( 'NONE', *, *, #545, .F. ) ;
#569 = ORIENTED_EDGE ( 'NONE', *, *, #612, .F. ) ;
#570 = EDGE_LOOP ( 'NONE', ( #1173, #2120, #4300, #1265 ) ) ;
#571 = DIRECTION ( 'NONE',  ( -0.000000000000000000, -0.000000000000000000, 1.000000000000000000 ) ) ;
#572 = DIRECTION ( 'NONE',  ( -0.000000000000000000, -0.000000000000000000, -1.000000000000000000 ) ) ;
#573 = CIRCLE ( 'NONE', #4180, 8.694264425220772807 ) ;
#574 = VERTEX_POINT ( 'NONE', #2084 ) ;
#575 = CARTESIAN_POINT ( 'NONE',  ( -39.96320686035490155, -3.955691804083540042, 0.000000000000000000 ) ) ;
#576 = LINE ( 'NONE', #4474, #3377 ) ;
#577 = CARTESIAN_POINT ( 'NONE',  ( -27.83620412999778893, 31.29407560814080469, 3.000000000000000000 ) ) ;
#578 = AXIS2_PLACEMENT_3D ( 'NONE', #5410, #267, #4581 ) ;
#579 = VERTEX_POINT ( 'NONE', #3436 ) ;
#580 = ORIENTED_EDGE ( 'NONE', *, *, #4718, .F. ) ;
#581 = DIRECTION ( 'NONE',  ( 1.000000000000000000, 0.000000000000000000, 0.000000000000000000 ) ) ;
#582 = EDGE_CURVE ( 'NONE', #4041, #5317, #1195, .T. ) ;
#583 = DIRECTION ( 'NONE',  ( 1.000000000000000000, 0.000000000000000000, 0.000000000000000000 ) ) ;
#584 = AXIS2_PLACEMENT_3D ( 'NONE', #994, #4046, #4894 ) ;
#585 = CARTESIAN_POINT ( 'NONE',  ( 39.18193128813866366, 12.63458943475500718, 0.000000000000000000 ) ) ;
#586 = FACE_BOUND ( 'NONE', #4037, .T. ) ;
#587 = FACE_OUTER_BOUND ( 'NONE', #2029, .T. ) ;
#588 = AXIS2_PLACEMENT_3D ( 'NONE', #2769, #1938, #1515 ) ;
#589 = VECTOR ( 'NONE', #1324, 1000.000000000000000 ) ;
#590 = AXIS2_PLACEMENT_3D ( 'NONE', #171, #1046, #1070 ) ;
#591 = ORIENTED_EDGE ( 'NONE', *, *, #1720, .T. ) ;
#592 = ORIENTED_EDGE ( 'NONE', *, *, #997, .T. ) ;
#593 = EDGE_CURVE ( 'NONE', #4946, #2303, #2167, .T. ) ;
#594 = AXIS2_PLACEMENT_3D ( 'NONE', #5549, #2118, #819 ) ;
#595 = CARTESIAN_POINT ( 'NONE',  ( -39.96320686035490866, 3.955691804083529828, 0.000000000000000000 ) ) ;
#596 = LINE ( 'NONE', #2795, #4192 ) ;
#597 = AXIS2_PLACEMENT_3D ( 'NONE', #2272, #3598, #3997 ) ;
#598 = ORIENTED_EDGE ( 'NONE', *, *, #410, .F. ) ;
#599 = AXIS2_PLACEMENT_3D ( 'NONE', #4906, #497, #3154 ) ;
#600 = AXIS2_PLACEMENT_3D ( 'NONE', #2186, #5062, #3050 ) ;
#601 = AXIS2_PLACEMENT_3D ( 'NONE', #3277, #4111, #1985 ) ;
#602 = VERTEX_POINT ( 'NONE', #1613 ) ;
#603 = CIRCLE ( 'NONE', #3119, 4.005000000000006111 ) ;
#604 = CARTESIAN_POINT ( 'NONE',  ( -15.00000000000002842, 25.98076211353313525, 3.490000000000000213 ) ) ;
#605 = EDGE_LOOP ( 'NONE', ( #1437, #3298, #3587, #3141 ) ) ;
#606 = VERTEX_POINT ( 'NONE', #1668 ) ;
#607 = ADVANCED_BREP_SHAPE_REPRESENTATION ( '\X2\5927817f4ece52a894fe8f6e\X0\aA', ( #1794, #4871 ), #1700 ) ;
#608 = LINE ( 'NONE', #484, #298 ) ;
#609 = CARTESIAN_POINT ( 'NONE',  ( -20.16727271007438560, -34.89601652554507183, 3.000000000000000000 ) ) ;
#610 = DIRECTION ( 'NONE',  ( 0.000000000000000000, 0.000000000000000000, 1.000000000000000000 ) ) ;
#611 = CARTESIAN_POINT ( 'NONE',  ( -15.00000000000001066, -25.98076211353315301, 0.000000000000000000 ) ) ;
#612 = EDGE_CURVE ( 'NONE', #4215, #1804, #3331, .T. ) ;
#613 = AXIS2_PLACEMENT_3D ( 'NONE', #1976, #5460, #2350 ) ;
#614 = ORIENTED_EDGE ( 'NONE', *, *, #786, .T. ) ;
#615 = FACE_OUTER_BOUND ( 'NONE', #2014, .T. ) ;
#616 = DIRECTION ( 'NONE',  ( -0.7829358478692661771, 0.6221024498595335572, -0.000000000000000000 ) ) ;
#617 = CARTESIAN_POINT ( 'NONE',  ( -41.78782610431035494, 8.227131302946323999, 3.000000000000000000 ) ) ;
#618 = FACE_BOUND ( 'NONE', #4236, .T. ) ;
#619 = DIRECTION ( 'NONE',  ( -1.000000000000000000, 0.000000000000000000, 0.000000000000000000 ) ) ;
#620 = EDGE_CURVE ( 'NONE', #1114, #492, #5441, .T. ) ;
#621 = ORIENTED_EDGE ( 'NONE', *, *, #2932, .T. ) ;
#622 = ORIENTED_EDGE ( 'NONE', *, *, #4442, .T. ) ;
#623 = CARTESIAN_POINT ( 'NONE',  ( 0.000000000000000000, 30.00000000000000000, 10.00000000000000000 ) ) ;
#624 = DIRECTION ( 'NONE',  ( 1.000000000000000000, 1.755820370992255254E-14, 0.000000000000000000 ) ) ;
#625 = ORIENTED_EDGE ( 'NONE', *, *, #2360, .F. ) ;
#626 = EDGE_CURVE ( 'NONE', #4535, #2197, #4907, .T. ) ;
#627 = CIRCLE ( 'NONE', #5226, 2.125000000000000000 ) ;
#628 = ORIENTED_EDGE ( 'NONE', *, *, #2010, .T. ) ;
#629 = CARTESIAN_POINT ( 'NONE',  ( -28.83146179316188196, 31.34732701315133596, 3.000000000000000000 ) ) ;
#630 = AXIS2_PLACEMENT_3D ( 'NONE', #2456, #4689, #1186 ) ;
#631 = ORIENTED_EDGE ( 'NONE', *, *, #5113, .T. ) ;
#632 = DIRECTION ( 'NONE',  ( -0.000000000000000000, -0.000000000000000000, -1.000000000000000000 ) ) ;
#633 = CARTESIAN_POINT ( 'NONE',  ( -34.59935313971915605, -20.46393609590036178, 0.000000000000000000 ) ) ;
#634 = FACE_OUTER_BOUND ( 'NONE', #333, .T. ) ;
#635 = VERTEX_POINT ( 'NONE', #575 ) ;
#636 = EDGE_CURVE ( 'NONE', #3612, #4835, #2263, .T. ) ;
#637 = CARTESIAN_POINT ( 'NONE',  ( 4.597221758081755816, 41.66633502243081466, 3.000000000000000000 ) ) ;
#638 = CARTESIAN_POINT ( 'NONE',  ( -32.78112118826224020, -24.03241722527476298, 0.000000000000000000 ) ) ;
#639 = DIRECTION ( 'NONE',  ( -0.000000000000000000, -0.000000000000000000, 1.000000000000000000 ) ) ;
#640 = CYLINDRICAL_SURFACE ( 'NONE', #1416, 8.694264425220762149 ) ;
#641 = DIRECTION ( 'NONE',  ( -0.000000000000000000, -0.000000000000000000, -1.000000000000000000 ) ) ;
#642 = ORIENTED_EDGE ( 'NONE', *, *, #4629, .T. ) ;
#643 = ORIENTED_EDGE ( 'NONE', *, *, #2780, .T. ) ;
#644 = DIRECTION ( 'NONE',  ( -0.000000000000000000, -0.000000000000000000, -1.000000000000000000 ) ) ;
#645 = DIRECTION ( 'NONE',  ( 1.000000000000000000, 0.000000000000000000, 0.000000000000000000 ) ) ;
#646 = CYLINDRICAL_SURFACE ( 'NONE', #86, 4.005000000000005222 ) ;
#647 = ORIENTED_EDGE ( 'NONE', *, *, #2178, .F. ) ;
#648 = ORIENTED_EDGE ( 'NONE', *, *, #5102, .T. ) ;
#649 = CARTESIAN_POINT ( 'NONE',  ( 41.72493748217466702, 4.224442581619821446, 3.000000000000000000 ) ) ;
#650 = EDGE_CURVE ( 'NONE', #2050, #492, #830, .T. ) ;
#651 = EDGE_LOOP ( 'NONE', ( #5349, #528, #4048, #4493 ) ) ;
#652 = ORIENTED_EDGE ( 'NONE', *, *, #1364, .T. ) ;
#653 = CARTESIAN_POINT ( 'NONE',  ( -31.05746264471039808, -29.14347463965852114, 0.000000000000000000 ) ) ;
#654 = EDGE_CURVE ( 'NONE', #2471, #3255, #1284, .T. ) ;
#655 = CARTESIAN_POINT ( 'NONE',  ( 33.30881660225542618, -24.09804858293331975, 3.000000000000000000 ) ) ;
#656 = CARTESIAN_POINT ( 'NONE',  ( -8.332926048928740670, -38.88526790231296104, 3.000000000000000000 ) ) ;
#657 = DIRECTION ( 'NONE',  ( 0.000000000000000000, 0.000000000000000000, 1.000000000000000000 ) ) ;
#658 = CARTESIAN_POINT ( 'NONE',  ( 41.77658695461929739, 8.284013666281188293, 0.000000000000000000 ) ) ;
#659 = PLANE ( 'NONE',  #2202 ) ;
#660 = CARTESIAN_POINT ( 'NONE',  ( -3.673940397442076533E-15, -30.00000000000000000, 10.00000000000000000 ) ) ;
#661 = VECTOR ( 'NONE', #4750, 1000.000000000000000 ) ;
#662 = LINE ( 'NONE', #5414, #4143 ) ;
#663 = EDGE_LOOP ( 'NONE', ( #1252, #855, #2671, #2767 ) ) ;
#664 = ORIENTED_EDGE ( 'NONE', *, *, #3021, .T. ) ;
#665 = ORIENTED_EDGE ( 'NONE', *, *, #4159, .F. ) ;
#666 = LINE ( 'NONE', #3685, #5182 ) ;
#667 = FACE_OUTER_BOUND ( 'NONE', #5217, .T. ) ;
#668 = DIRECTION ( 'NONE',  ( -0.000000000000000000, -0.000000000000000000, -1.000000000000000000 ) ) ;
#669 = ORIENTED_EDGE ( 'NONE', *, *, #3297, .F. ) ;
#670 = AXIS2_PLACEMENT_3D ( 'NONE', #5257, #199, #111 ) ;
#671 = ADVANCED_FACE ( 'NONE', ( #5304 ), #3116, .F. ) ;
#672 = VECTOR ( 'NONE', #3538, 1000.000000000000000 ) ;
#673 = ORIENTED_EDGE ( 'NONE', *, *, #892, .F. ) ;
#674 = AXIS2_PLACEMENT_3D ( 'NONE', #5528, #4341, #2520 ) ;
#675 = CARTESIAN_POINT ( 'NONE',  ( 41.72493748217465992, -4.224442581619818782, 3.000000000000000000 ) ) ;
#676 = AXIS2_PLACEMENT_3D ( 'NONE', #3500, #909, #2265 ) ;
#677 = EDGE_CURVE ( 'NONE', #3942, #1308, #3989, .T. ) ;
#678 = EDGE_LOOP ( 'NONE', ( #5510, #3748, #983, #258 ) ) ;
#679 = DIRECTION ( 'NONE',  ( 0.000000000000000000, 0.000000000000000000, 1.000000000000000000 ) ) ;
#680 = VECTOR ( 'NONE', #5210, 1000.000000000000000 ) ;
#681 = CARTESIAN_POINT ( 'NONE',  ( 21.27125075188002157, -36.12149989430897534, 0.000000000000000000 ) ) ;
#682 = DIRECTION ( 'NONE',  ( 1.000000000000000000, 0.000000000000000000, 0.000000000000000000 ) ) ;
#683 = CIRCLE ( 'NONE', #5006, 8.694264425220771031 ) ;
#684 = EDGE_CURVE ( 'NONE', #1464, #1152, #2540, .T. ) ;
#685 = CARTESIAN_POINT ( 'NONE',  ( 17.12499999999966604, 25.98076211353335196, 3.490000000000000213 ) ) ;
#686 = DIRECTION ( 'NONE',  ( -0.000000000000000000, -0.000000000000000000, -1.000000000000000000 ) ) ;
#687 = LINE ( 'NONE', #2409, #2939 ) ;
#688 = CARTESIAN_POINT ( 'NONE',  ( 0.000000000000000000, 0.000000000000000000, 0.000000000000000000 ) ) ;
#689 = DIRECTION ( 'NONE',  ( -0.8412202266195589750, 0.5406926394229332189, 0.000000000000000000 ) ) ;
#690 = VERTEX_POINT ( 'NONE', #59 ) ;
#691 = ORIENTED_EDGE ( 'NONE', *, *, #4787, .F. ) ;
#692 = CARTESIAN_POINT ( 'NONE',  ( 41.18305366449268945, 6.168419232913219439E-15, 3.000000000000000000 ) ) ;
#693 = DIRECTION ( 'NONE',  ( 0.2544461159514481707, -0.9670869526972341035, -0.000000000000000000 ) ) ;
#694 = LINE ( 'NONE', #4146, #2662 ) ;
#695 = ORIENTED_EDGE ( 'NONE', *, *, #5032, .F. ) ;
#696 = CARTESIAN_POINT ( 'NONE',  ( -23.73575383944879391, -33.07778457408817729, 0.000000000000000000 ) ) ;
#697 = ORIENTED_EDGE ( 'NONE', *, *, #89, .T. ) ;
#698 = ORIENTED_EDGE ( 'NONE', *, *, #206, .F. ) ;
#699 = CARTESIAN_POINT ( 'NONE',  ( -27.83620412999734128, -31.29407560814120970, 3.000000000000000000 ) ) ;
#700 = CIRCLE ( 'NONE', #4049, 2.124999999999998224 ) ;
#701 = VERTEX_POINT ( 'NONE', #2665 ) ;
#702 = ORIENTED_EDGE ( 'NONE', *, *, #4307, .T. ) ;
#703 = EDGE_CURVE ( 'NONE', #1286, #2449, #573, .T. ) ;
#704 = CARTESIAN_POINT ( 'NONE',  ( 38.40817702442036108, -16.83113193255802287, 0.000000000000000000 ) ) ;
#705 = CARTESIAN_POINT ( 'NONE',  ( 4.597221758081755816, 41.66633502243081466, 0.000000000000000000 ) ) ;
#706 = DIRECTION ( 'NONE',  ( -0.000000000000000000, -0.000000000000000000, -1.000000000000000000 ) ) ;
#707 = ORIENTED_EDGE ( 'NONE', *, *, #441, .T. ) ;
#708 = AXIS2_PLACEMENT_3D ( 'NONE', #3, #2143, #2064 ) ;
#709 = AXIS2_PLACEMENT_3D ( 'NONE', #2015, #5477, #3339 ) ;
#710 = CARTESIAN_POINT ( 'NONE',  ( -27.83620412999733063, -31.29407560814120970, 0.000000000000000000 ) ) ;
#711 = CARTESIAN_POINT ( 'NONE',  ( -38.21857202264936149, -17.13203161488463877, 3.000000000000000000 ) ) ;
#712 = AXIS2_PLACEMENT_3D ( 'NONE', #3144, #4052, #3529 ) ;
#713 = VECTOR ( 'NONE', #814, 1000.000000000000000 ) ;
#714 = DIRECTION ( 'NONE',  ( 0.000000000000000000, 0.000000000000000000, 1.000000000000000000 ) ) ;
#715 = DIRECTION ( 'NONE',  ( -0.000000000000000000, -0.000000000000000000, -1.000000000000000000 ) ) ;
#716 = EDGE_CURVE ( 'NONE', #872, #1619, #4713, .T. ) ;
#717 = ORIENTED_EDGE ( 'NONE', *, *, #553, .F. ) ;
#718 = CARTESIAN_POINT ( 'NONE',  ( -17.12500000000000711, -25.98076211353315301, 0.000000000000000000 ) ) ;
#719 = EDGE_LOOP ( 'NONE', ( #4233, #1013, #1365, #1201 ) ) ;
#720 = ORIENTED_EDGE ( 'NONE', *, *, #2920, .T. ) ;
#721 = VERTEX_POINT ( 'NONE', #3086 ) ;
#722 = DIRECTION ( 'NONE',  ( -0.6249678929607391797, 0.7806504549209037913, -0.000000000000000000 ) ) ;
#723 = DIRECTION ( 'NONE',  ( 0.9990559968703958127, 0.04344093826449636764, 0.000000000000000000 ) ) ;
#724 = EDGE_CURVE ( 'NONE', #962, #2897, #2723, .T. ) ;
#725 = ORIENTED_EDGE ( 'NONE', *, *, #335, .T. ) ;
#726 = CARTESIAN_POINT ( 'NONE',  ( 0.000000000000000000, 0.000000000000000000, 0.000000000000000000 ) ) ;
#727 = ORIENTED_EDGE ( 'NONE', *, *, #2616, .T. ) ;
#728 = EDGE_LOOP ( 'NONE', ( #1935, #182, #2898, #2736 ) ) ;
#729 = CARTESIAN_POINT ( 'NONE',  ( -34.59935313971945448, 20.46393609589984308, 0.000000000000000000 ) ) ;
#730 = VERTEX_POINT ( 'NONE', #4356 ) ;
#731 = DIRECTION ( 'NONE',  ( -0.6249678929607695999, -0.7806504549208793664, 0.000000000000000000 ) ) ;
#732 = DIRECTION ( 'NONE',  ( -0.8090169943749422332, -0.5877852522924802425, 0.000000000000000000 ) ) ;
#733 = CARTESIAN_POINT ( 'NONE',  ( -32.71548983060356619, -24.09804858293355778, 3.000000000000000000 ) ) ;
#734 = LINE ( 'NONE', #5432, #3100 ) ;
#735 = DIRECTION ( 'NONE',  ( 1.000000000000000000, 0.000000000000000000, 0.000000000000000000 ) ) ;
#736 = FACE_OUTER_BOUND ( 'NONE', #3041, .T. ) ;
#737 = CARTESIAN_POINT ( 'NONE',  ( 9.082501176170758583, -40.91370791742376412, 3.000000000000000000 ) ) ;
#738 = EDGE_CURVE ( 'NONE', #2711, #4895, #4456, .T. ) ;
#739 = ORIENTED_EDGE ( 'NONE', *, *, #2780, .F. ) ;
#740 = EDGE_CURVE ( 'NONE', #1619, #2197, #549, .T. ) ;
#741 = VERTEX_POINT ( 'NONE', #1392 ) ;
#742 = EDGE_LOOP ( 'NONE', ( #325, #4370, #4489, #992 ) ) ;
#743 = DIRECTION ( 'NONE',  ( -0.000000000000000000, -0.000000000000000000, 1.000000000000000000 ) ) ;
#744 = DIRECTION ( 'NONE',  ( -0.05597060578767799194, -0.9984324169856267917, 0.000000000000000000 ) ) ;
#745 = VERTEX_POINT ( 'NONE', #1453 ) ;
#746 = CYLINDRICAL_SURFACE ( 'NONE', #4065, 8.694264425220771031 ) ;
#747 = ORIENTED_EDGE ( 'NONE', *, *, #3809, .F. ) ;
#748 = VECTOR ( 'NONE', #1140, 1000.000000000000000 ) ;
#749 = EDGE_CURVE ( 'NONE', #3967, #579, #608, .T. ) ;
#750 = VERTEX_POINT ( 'NONE', #25 ) ;
#751 = CARTESIAN_POINT ( 'NONE',  ( 14.99999999999999112, -25.98076211353316367, 3.490000000000000213 ) ) ;
#752 = VECTOR ( 'NONE', #4623, 1000.000000000000000 ) ;
#753 = AXIS2_PLACEMENT_3D ( 'NONE', #1015, #4943, #1466 ) ;
#754 = AXIS2_PLACEMENT_3D ( 'NONE', #3402, #5195, #13 ) ;
#755 = VECTOR ( 'NONE', #1516, 1000.000000000000000 ) ;
#756 = VERTEX_POINT ( 'NONE', #2198 ) ;
#757 = ADVANCED_FACE ( 'NONE', ( #1780 ), #3960, .T. ) ;
#758 = CARTESIAN_POINT ( 'NONE',  ( -23.85576211353316367, -14.99999999999999467, 10.00000000000000000 ) ) ;
#759 = ADVANCED_FACE ( 'NONE', ( #2697 ), #4391, .T. ) ;
#760 = DIRECTION ( 'NONE',  ( 1.000000000000000000, 0.000000000000000000, 0.000000000000000000 ) ) ;
#761 = DIRECTION ( 'NONE',  ( 1.000000000000000000, 0.000000000000000000, 0.000000000000000000 ) ) ;
#762 = VERTEX_POINT ( 'NONE', #3299 ) ;
#763 = CIRCLE ( 'NONE', #3023, 27.00000000000000000 ) ;
#764 = VECTOR ( 'NONE', #4960, 1000.000000000000114 ) ;
#765 = CARTESIAN_POINT ( 'NONE',  ( -42.27354308904191527, -5.182244175925800889, 0.000000000000000000 ) ) ;
#766 = ORIENTED_EDGE ( 'NONE', *, *, #2580, .F. ) ;
#767 = AXIS2_PLACEMENT_3D ( 'NONE', #4431, #559, #3998 ) ;
#768 = LINE ( 'NONE', #4163, #764 ) ;
#769 = DIRECTION ( 'NONE',  ( 0.000000000000000000, 0.000000000000000000, 1.000000000000000000 ) ) ;
#770 = DIRECTION ( 'NONE',  ( -0.000000000000000000, -0.000000000000000000, 1.000000000000000000 ) ) ;
#771 = ORIENTED_EDGE ( 'NONE', *, *, #4578, .F. ) ;
#772 = EDGE_LOOP ( 'NONE', ( #1798, #3906, #3611, #3040 ) ) ;
#773 = CARTESIAN_POINT ( 'NONE',  ( -27.83620412999778893, 31.29407560814080469, 0.000000000000000000 ) ) ;
#774 = LINE ( 'NONE', #4223, #4470 ) ;
#775 = CARTESIAN_POINT ( 'NONE',  ( 21.03082861136571324, 37.03528517399808351, 0.000000000000000000 ) ) ;
#776 = CARTESIAN_POINT ( 'NONE',  ( 21.27125075188002157, -36.12149989430897534, 0.000000000000000000 ) ) ;
#777 = VERTEX_POINT ( 'NONE', #5004 ) ;
#778 = CARTESIAN_POINT ( 'NONE',  ( -15.00000000000002842, 25.98076211353313525, 3.490000000000000213 ) ) ;
#779 = ADVANCED_FACE ( 'NONE', ( #3243 ), #208, .F. ) ;
#780 = CARTESIAN_POINT ( 'NONE',  ( 30.54248530126161043, 26.86437988392712484, 0.000000000000000000 ) ) ;
#781 = ORIENTED_EDGE ( 'NONE', *, *, #1577, .T. ) ;
#782 = DIRECTION ( 'NONE',  ( -0.5528493477548799273, 0.8332812242496550059, -0.000000000000000000 ) ) ;
#783 = ORIENTED_EDGE ( 'NONE', *, *, #1639, .T. ) ;
#784 = ADVANCED_FACE ( 'NONE', ( #1055 ), #2777, .F. ) ;
#785 = VERTEX_POINT ( 'NONE', #5428 ) ;
#786 = EDGE_CURVE ( 'NONE', #4008, #4004, #2859, .T. ) ;
#787 = CARTESIAN_POINT ( 'NONE',  ( 28.14080578438308322, 31.08960764240097774, 0.000000000000000000 ) ) ;
#788 = DIRECTION ( 'NONE',  ( 0.000000000000000000, 0.000000000000000000, 1.000000000000000000 ) ) ;
#789 = CARTESIAN_POINT ( 'NONE',  ( 30.54248530126200833, -26.86437988392668430, 0.000000000000000000 ) ) ;
#790 = AXIS2_PLACEMENT_3D ( 'NONE', #804, #5587, #73 ) ;
#791 = CARTESIAN_POINT ( 'NONE',  ( -12.33792604892930278, 38.88526790231278341, 3.000000000000000000 ) ) ;
#792 = CARTESIAN_POINT ( 'NONE',  ( 0.3883374136549826994, 40.87187053907685197, 0.000000000000000000 ) ) ;
#793 = DIRECTION ( 'NONE',  ( 1.000000000000000000, 0.000000000000000000, 0.000000000000000000 ) ) ;
#794 = EDGE_LOOP ( 'NONE', ( #2127, #2043, #1295, #66 ) ) ;
#795 = AXIS2_PLACEMENT_3D ( 'NONE', #339, #2566, #4714 ) ;
#796 = ORIENTED_EDGE ( 'NONE', *, *, #964, .T. ) ;
#797 = EDGE_LOOP ( 'NONE', ( #4886, #4198, #864, #5196 ) ) ;
#798 = CIRCLE ( 'NONE', #3065, 4.005000000000001670 ) ;
#799 = PLANE ( 'NONE',  #4325 ) ;
#800 = DIRECTION ( 'NONE',  ( 0.05597060578768664474, -0.9984324169856262365, -0.000000000000000000 ) ) ;
#801 = CYLINDRICAL_SURFACE ( 'NONE', #239, 8.694264425220762149 ) ;
#802 = CARTESIAN_POINT ( 'NONE',  ( 41.16853392490270380, -0.09167402782926549476, 0.000000000000000000 ) ) ;
#803 = ORIENTED_EDGE ( 'NONE', *, *, #991, .F. ) ;
#804 = CARTESIAN_POINT ( 'NONE',  ( -25.98076211353315657, 15.00000000000000355, 0.000000000000000000 ) ) ;
#805 = ADVANCED_FACE ( 'NONE', ( #1949 ), #2429, .T. ) ;
#806 = DIRECTION ( 'NONE',  ( -0.000000000000000000, -0.000000000000000000, -1.000000000000000000 ) ) ;
#807 = ORIENTED_EDGE ( 'NONE', *, *, #4954, .F. ) ;
#808 = CARTESIAN_POINT ( 'NONE',  ( 27.16104326975240824, 30.24582191543627729, 0.000000000000000000 ) ) ;
#809 = CIRCLE ( 'NONE', #1357, 2.125000000000000000 ) ;
#810 = EDGE_CURVE ( 'NONE', #2802, #3077, #3641, .T. ) ;
#811 = ORIENTED_EDGE ( 'NONE', *, *, #1855, .T. ) ;
#812 = CARTESIAN_POINT ( 'NONE',  ( 13.01395315583526013, 38.84312997681895041, 0.000000000000000000 ) ) ;
#813 = DIRECTION ( 'NONE',  ( 0.5877852522924831291, -0.8090169943749401238, 0.000000000000000000 ) ) ;
#814 = DIRECTION ( 'NONE',  ( -0.000000000000000000, -0.000000000000000000, 1.000000000000000000 ) ) ;
#815 = ADVANCED_FACE ( 'NONE', ( #3671 ), #1133, .T. ) ;
#816 = FACE_OUTER_BOUND ( 'NONE', #3338, .T. ) ;
#817 = AXIS2_PLACEMENT_3D ( 'NONE', #2783, #3305, #3201 ) ;
#818 = LINE ( 'NONE', #4693, #680 ) ;
#819 = DIRECTION ( 'NONE',  ( -0.3090169943749383474, -0.9510565162951566398, 0.000000000000000000 ) ) ;
#820 = FACE_OUTER_BOUND ( 'NONE', #1210, .T. ) ;
#821 = ORIENTED_EDGE ( 'NONE', *, *, #4206, .F. ) ;
#822 = ORIENTED_EDGE ( 'NONE', *, *, #1004, .F. ) ;
#823 = ORIENTED_EDGE ( 'NONE', *, *, #5134, .T. ) ;
#824 = DIRECTION ( 'NONE',  ( 0.000000000000000000, 0.000000000000000000, 1.000000000000000000 ) ) ;
#825 = CARTESIAN_POINT ( 'NONE',  ( 0.2966633858254068001, 40.88639027866684472, 3.000000000000000000 ) ) ;
#826 = CARTESIAN_POINT ( 'NONE',  ( -39.21512454897323607, -8.678897630671206898, 3.000000000000000000 ) ) ;
#827 = LINE ( 'NONE', #5558, #2840 ) ;
#828 = ORIENTED_EDGE ( 'NONE', *, *, #5555, .T. ) ;
#829 = DIRECTION ( 'NONE',  ( 0.000000000000000000, 0.000000000000000000, 1.000000000000000000 ) ) ;
#830 = CIRCLE ( 'NONE', #4000, 8.694264425220763925 ) ;
#831 = DIRECTION ( 'NONE',  ( -0.000000000000000000, -0.000000000000000000, -1.000000000000000000 ) ) ;
#832 = ORIENTED_EDGE ( 'NONE', *, *, #2406, .T. ) ;
#833 = DIRECTION ( 'NONE',  ( 0.9325400316191073680, 0.3610665997123440052, -0.000000000000000000 ) ) ;
#834 = ADVANCED_FACE ( 'NONE', ( #4495 ), #2804, .T. ) ;
#835 = VECTOR ( 'NONE', #2760, 1000.000000000000000 ) ;
#836 = ORIENTED_EDGE ( 'NONE', *, *, #4519, .F. ) ;
#837 = AXIS2_PLACEMENT_3D ( 'NONE', #604, #3109, #1499 ) ;
#838 = CARTESIAN_POINT ( 'NONE',  ( -28.77612118826223764, -24.03241722527476298, 0.000000000000000000 ) ) ;
#839 = DIRECTION ( 'NONE',  ( 0.000000000000000000, 0.000000000000000000, -1.000000000000000000 ) ) ;
#840 = LINE ( 'NONE', #5064, #5143 ) ;
#841 = ORIENTED_EDGE ( 'NONE', *, *, #4762, .T. ) ;
#842 = AXIS2_PLACEMENT_3D ( 'NONE', #3289, #3794, #5051 ) ;
#843 = ADVANCED_FACE ( 'NONE', ( #5378 ), #1899, .F. ) ;
#844 = CIRCLE ( 'NONE', #1208, 4.005000000000001670 ) ;
#845 = ADVANCED_FACE ( 'NONE', ( #4130 ), #185, .T. ) ;
#846 = AXIS2_PLACEMENT_3D ( 'NONE', #5435, #5018, #5043 ) ;
#847 = DIRECTION ( 'NONE',  ( 1.000000000000000000, 0.000000000000000000, 0.000000000000000000 ) ) ;
#848 = AXIS2_PLACEMENT_3D ( 'NONE', #2675, #5219, #2306 ) ;
#849 = DIRECTION ( 'NONE',  ( 0.000000000000000000, 0.000000000000000000, 1.000000000000000000 ) ) ;
#850 = CARTESIAN_POINT ( 'NONE',  ( 0.000000000000000000, 0.000000000000000000, 0.000000000000000000 ) ) ;
#851 = CYLINDRICAL_SURFACE ( 'NONE', #1248, 42.59000000000001052 ) ;
#852 = CIRCLE ( 'NONE', #4554, 4.005000000000002558 ) ;
#853 = ADVANCED_FACE ( 'NONE', ( #3695 ), #285, .F. ) ;
#854 = EDGE_LOOP ( 'NONE', ( #2694, #2670, #3108, #10 ) ) ;
#855 = ORIENTED_EDGE ( 'NONE', *, *, #4629, .F. ) ;
#856 = AXIS2_PLACEMENT_3D ( 'NONE', #5189, #4792, #3819 ) ;
#857 = CARTESIAN_POINT ( 'NONE',  ( 14.99999999999999112, -25.98076211353316367, 0.000000000000000000 ) ) ;
#858 = CARTESIAN_POINT ( 'NONE',  ( -8.382234244845783167, 39.51178793479898133, 0.000000000000000000 ) ) ;
#859 = CARTESIAN_POINT ( 'NONE',  ( 38.40817702442036108, -16.83113193255801932, 3.000000000000000000 ) ) ;
#860 = DIRECTION ( 'NONE',  ( -1.000000000000000000, 0.000000000000000000, 0.000000000000000000 ) ) ;
#861 = ORIENTED_EDGE ( 'NONE', *, *, #5239, .T. ) ;
#862 = DIRECTION ( 'NONE',  ( -1.000000000000000000, 0.000000000000000000, 0.000000000000000000 ) ) ;
#863 = CARTESIAN_POINT ( 'NONE',  ( 0.000000000000000000, 0.000000000000000000, 0.000000000000000000 ) ) ;
#864 = ORIENTED_EDGE ( 'NONE', *, *, #3950, .T. ) ;
#865 = CARTESIAN_POINT ( 'NONE',  ( 10.74610906459624360, -27.75437244781064550, 3.000000000000000000 ) ) ;
#866 = EDGE_CURVE ( 'NONE', #3967, #1942, #1058, .T. ) ;
#867 = ADVANCED_FACE ( 'NONE', ( #260 ), #1550, .F. ) ;
#868 = ORIENTED_EDGE ( 'NONE', *, *, #3070, .F. ) ;
#869 = DIRECTION ( 'NONE',  ( -1.000000000000000000, 0.000000000000000000, 0.000000000000000000 ) ) ;
#870 = DIRECTION ( 'NONE',  ( 0.000000000000000000, 0.000000000000000000, 1.000000000000000000 ) ) ;
#871 = CARTESIAN_POINT ( 'NONE',  ( 0.000000000000000000, 0.000000000000000000, 3.000000000000000000 ) ) ;
#872 = VERTEX_POINT ( 'NONE', #704 ) ;
#873 = DIRECTION ( 'NONE',  ( -0.000000000000000000, -0.000000000000000000, -1.000000000000000000 ) ) ;
#874 = LINE ( 'NONE', #3894, #4115 ) ;
#875 = CARTESIAN_POINT ( 'NONE',  ( 8.564230350490790400, -41.72004384589897086, 3.000000000000000000 ) ) ;
#876 = DIRECTION ( 'NONE',  ( -0.5877852522924772449, 0.8090169943749444537, 0.000000000000000000 ) ) ;
#877 = CIRCLE ( 'NONE', #899, 8.694264425220772807 ) ;
#878 = AXIS2_PLACEMENT_3D ( 'NONE', #980, #107, #2707 ) ;
#879 = ORIENTED_EDGE ( 'NONE', *, *, #5214, .T. ) ;
#880 = VERTEX_POINT ( 'NONE', #2887 ) ;
#881 = ORIENTED_EDGE ( 'NONE', *, *, #2458, .T. ) ;
#882 = CARTESIAN_POINT ( 'NONE',  ( 27.16104326975284522, -30.24582191543587584, 3.000000000000000000 ) ) ;
#883 = EDGE_CURVE ( 'NONE', #1804, #690, #4603, .T. ) ;
#884 = CARTESIAN_POINT ( 'NONE',  ( -4.770920966160785426, -42.32193772896803807, 3.000000000000000000 ) ) ;
#885 = VECTOR ( 'NONE', #770, 1000.000000000000000 ) ;
#886 = DIRECTION ( 'NONE',  ( -1.000000000000000000, 0.000000000000000000, 0.000000000000000000 ) ) ;
#887 = DIRECTION ( 'NONE',  ( -0.000000000000000000, -0.000000000000000000, 1.000000000000000000 ) ) ;
#888 = VERTEX_POINT ( 'NONE', #5352 ) ;
#889 = DIRECTION ( 'NONE',  ( 0.3513643657326107617, -0.9362387956570269454, -0.000000000000000000 ) ) ;
#890 = ORIENTED_EDGE ( 'NONE', *, *, #5168, .T. ) ;
#891 = VECTOR ( 'NONE', #996, 1000.000000000000227 ) ;
#892 = EDGE_CURVE ( 'NONE', #148, #4509, #3287, .T. ) ;
#893 = VECTOR ( 'NONE', #1254, 1000.000000000000000 ) ;
#894 = DIRECTION ( 'NONE',  ( 0.2681799817562916521, 0.9633688272853732082, -0.000000000000000000 ) ) ;
#895 = ORIENTED_EDGE ( 'NONE', *, *, #1591, .F. ) ;
#896 = EDGE_CURVE ( 'NONE', #4464, #579, #852, .T. ) ;
#897 = CARTESIAN_POINT ( 'NONE',  ( 8.564230350490200649, 41.72004384589909876, 0.000000000000000000 ) ) ;
#898 = DIRECTION ( 'NONE',  ( 0.6294706930507579790, -0.7770242252273724670, -0.000000000000000000 ) ) ;
#899 = AXIS2_PLACEMENT_3D ( 'NONE', #3344, #358, #2020 ) ;
#900 = ORIENTED_EDGE ( 'NONE', *, *, #4642, .F. ) ;
#901 = CARTESIAN_POINT ( 'NONE',  ( -41.78782610431023414, -8.227131302946926183, 0.000000000000000000 ) ) ;
#902 = LINE ( 'NONE', #2623, #1571 ) ;
#903 = CARTESIAN_POINT ( 'NONE',  ( 8.975561016496627076, 39.51178793479915186, 0.000000000000000000 ) ) ;
#904 = ORIENTED_EDGE ( 'NONE', *, *, #2022, .T. ) ;
#905 = ORIENTED_EDGE ( 'NONE', *, *, #4126, .T. ) ;
#906 = ORIENTED_EDGE ( 'NONE', *, *, #5102, .F. ) ;
#907 = CARTESIAN_POINT ( 'NONE',  ( 42.30279717274500939, 4.937757726093639832, 3.000000000000000000 ) ) ;
#908 = CARTESIAN_POINT ( 'NONE',  ( -29.94915852961052849, 26.86437988392645337, 0.000000000000000000 ) ) ;
#909 = DIRECTION ( 'NONE',  ( 0.000000000000000000, 0.000000000000000000, 1.000000000000000000 ) ) ;
#910 = DIRECTION ( 'NONE',  ( -0.000000000000000000, -0.000000000000000000, -1.000000000000000000 ) ) ;
#911 = ORIENTED_EDGE ( 'NONE', *, *, #2321, .T. ) ;
#912 = EDGE_LOOP ( 'NONE', ( #4304, #3547, #1727, #280 ) ) ;
#913 = ORIENTED_EDGE ( 'NONE', *, *, #3917, .T. ) ;
#914 = CARTESIAN_POINT ( 'NONE',  ( -38.21857202264963860, 17.13203161488413784, 3.000000000000000000 ) ) ;
#915 = FACE_BOUND ( 'NONE', #2214, .T. ) ;
#916 = CARTESIAN_POINT ( 'NONE',  ( 29.71546981942891463, -1.665804133323569358, 3.000000000000000000 ) ) ;
#917 = FACE_OUTER_BOUND ( 'NONE', #3218, .T. ) ;
#918 = ORIENTED_EDGE ( 'NONE', *, *, #1630, .F. ) ;
#919 = DIRECTION ( 'NONE',  ( 0.5528493477548799273, -0.8332812242496550059, -0.000000000000000000 ) ) ;
#920 = EDGE_CURVE ( 'NONE', #4577, #2952, #5088, .T. ) ;
#921 = VERTEX_POINT ( 'NONE', #4378 ) ;
#922 = ORIENTED_EDGE ( 'NONE', *, *, #3475, .F. ) ;
#923 = CARTESIAN_POINT ( 'NONE',  ( 38.40817702442036108, -16.83113193255801932, 0.000000000000000000 ) ) ;
#924 = LINE ( 'NONE', #5199, #3272 ) ;
#925 = ORIENTED_EDGE ( 'NONE', *, *, #4668, .T. ) ;
#926 = EDGE_CURVE ( 'NONE', #5322, #4735, #444, .T. ) ;
#927 = EDGE_LOOP ( 'NONE', ( #4820, #3167, #2325, #1690 ) ) ;
#928 = CIRCLE ( 'NONE', #2913, 2.125000000000001776 ) ;
#929 = CARTESIAN_POINT ( 'NONE',  ( 17.12499999999998934, -25.98076211353316367, 0.000000000000000000 ) ) ;
#930 = FACE_OUTER_BOUND ( 'NONE', #4401, .T. ) ;
#931 = CARTESIAN_POINT ( 'NONE',  ( 18.08707482534175526, -38.55860246770477318, 0.000000000000000000 ) ) ;
#932 = ORIENTED_EDGE ( 'NONE', *, *, #1331, .T. ) ;
#933 = AXIS2_PLACEMENT_3D ( 'NONE', #3177, #2177, #3902 ) ;
#934 = ORIENTED_EDGE ( 'NONE', *, *, #373, .T. ) ;
#935 = DIRECTION ( 'NONE',  ( 1.000000000000000000, 0.000000000000000000, 0.000000000000000000 ) ) ;
#936 = CARTESIAN_POINT ( 'NONE',  ( 40.55653363200658390, 3.955691804083540042, 0.000000000000000000 ) ) ;
#937 = CARTESIAN_POINT ( 'NONE',  ( -37.15235299575998340, 20.82332266662659848, 0.000000000000000000 ) ) ;
#938 = AXIS2_PLACEMENT_3D ( 'NONE', #2648, #473, #2187 ) ;
#939 = VECTOR ( 'NONE', #2317, 1000.000000000000000 ) ;
#940 = VERTEX_POINT ( 'NONE', #3488 ) ;
#941 = VERTEX_POINT ( 'NONE', #4658 ) ;
#942 = CIRCLE ( 'NONE', #3825, 2.124999999999998224 ) ;
#943 = ORIENTED_EDGE ( 'NONE', *, *, #1321, .F. ) ;
#944 = ADVANCED_FACE ( 'NONE', ( #4183 ), #15, .T. ) ;
#945 = LINE ( 'NONE', #2207, #5425 ) ;
#946 = FACE_BOUND ( 'NONE', #3487, .T. ) ;
#947 = DIRECTION ( 'NONE',  ( 1.000000000000000000, 0.000000000000000000, 0.000000000000000000 ) ) ;
#948 = FACE_BOUND ( 'NONE', #5135, .T. ) ;
#949 = EDGE_LOOP ( 'NONE', ( #1309, #3382, #879, #4571 ) ) ;
#950 = FACE_OUTER_BOUND ( 'NONE', #2514, .T. ) ;
#951 = AXIS2_PLACEMENT_3D ( 'NONE', #2830, #4157, #1951 ) ;
#952 = ORIENTED_EDGE ( 'NONE', *, *, #5351, .F. ) ;
#953 = ORIENTED_EDGE ( 'NONE', *, *, #2261, .T. ) ;
#954 = EDGE_CURVE ( 'NONE', #2153, #3543, #80, .T. ) ;
#955 = VERTEX_POINT ( 'NONE', #2033 ) ;
#956 = AXIS2_PLACEMENT_3D ( 'NONE', #4136, #5471, #2893 ) ;
#957 = CARTESIAN_POINT ( 'NONE',  ( 36.33288492289351979, -20.94598947935082833, 0.000000000000000000 ) ) ;
#958 = CARTESIAN_POINT ( 'NONE',  ( -25.98076211353316367, -14.99999999999999467, 3.490000000000000213 ) ) ;
#959 = AXIS2_PLACEMENT_3D ( 'NONE', #2732, #4505, #4453 ) ;
#960 = ORIENTED_EDGE ( 'NONE', *, *, #2257, .T. ) ;
#961 = ORIENTED_EDGE ( 'NONE', *, *, #749, .F. ) ;
#962 = VERTEX_POINT ( 'NONE', #2158 ) ;
#963 = DIRECTION ( 'NONE',  ( 0.000000000000000000, 0.000000000000000000, -1.000000000000000000 ) ) ;
#964 = EDGE_CURVE ( 'NONE', #1683, #1114, #2307, .T. ) ;
#965 = FACE_OUTER_BOUND ( 'NONE', #5243, .T. ) ;
#966 = DIRECTION ( 'NONE',  ( 1.000000000000000000, 0.000000000000000000, 0.000000000000000000 ) ) ;
#967 = ADVANCED_FACE ( 'NONE', ( #472 ), #3456, .F. ) ;
#968 = VERTEX_POINT ( 'NONE', #3911 ) ;
#969 = CARTESIAN_POINT ( 'NONE',  ( -23.73575383944928063, 33.07778457408781492, 3.000000000000000000 ) ) ;
#970 = EDGE_CURVE ( 'NONE', #3135, #5058, #3740, .T. ) ;
#971 = DIRECTION ( 'NONE',  ( 0.000000000000000000, 0.000000000000000000, -1.000000000000000000 ) ) ;
#972 = DIRECTION ( 'NONE',  ( -1.000000000000000000, 0.000000000000000000, 0.000000000000000000 ) ) ;
#973 = DIRECTION ( 'NONE',  ( 1.000000000000000000, 0.000000000000000000, 0.000000000000000000 ) ) ;
#974 = ORIENTED_EDGE ( 'NONE', *, *, #1778, .F. ) ;
#975 = VERTEX_POINT ( 'NONE', #3516 ) ;
#976 = CARTESIAN_POINT ( 'NONE',  ( -38.60312425607723696, 12.54291540692517870, 0.000000000000000000 ) ) ;
#977 = CYLINDRICAL_SURFACE ( 'NONE', #4002, 8.694264425220763925 ) ;
#978 = CARTESIAN_POINT ( 'NONE',  ( 38.74107973018852391, -17.69284718012270829, 3.000000000000000000 ) ) ;
#979 = FACE_OUTER_BOUND ( 'NONE', #3741, .T. ) ;
#980 = CARTESIAN_POINT ( 'NONE',  ( 12.93125282058016090, 38.88526790231303920, 0.000000000000000000 ) ) ;
#981 = EDGE_CURVE ( 'NONE', #2313, #3437, #3780, .T. ) ;
#982 = EDGE_CURVE ( 'NONE', #4059, #2222, #2619, .T. ) ;
#983 = ORIENTED_EDGE ( 'NONE', *, *, #5382, .T. ) ;
#984 = AXIS2_PLACEMENT_3D ( 'NONE', #3450, #11, #862 ) ;
#985 = ORIENTED_EDGE ( 'NONE', *, *, #413, .T. ) ;
#986 = CARTESIAN_POINT ( 'NONE',  ( -25.98076211353315657, 15.00000000000000355, 10.00000000000000000 ) ) ;
#987 = DIRECTION ( 'NONE',  ( 1.000000000000000000, 0.000000000000000000, 0.000000000000000000 ) ) ;
#988 = ORIENTED_EDGE ( 'NONE', *, *, #2475, .T. ) ;
#989 = EDGE_LOOP ( 'NONE', ( #4834, #5309, #4891, #727 ) ) ;
#990 = CIRCLE ( 'NONE', #1522, 42.59000000000001052 ) ;
#991 = EDGE_CURVE ( 'NONE', #1847, #3514, #3827, .T. ) ;
#992 = ORIENTED_EDGE ( 'NONE', *, *, #3143, .F. ) ;
#993 = VECTOR ( 'NONE', #1607, 1000.000000000000000 ) ;
#994 = CARTESIAN_POINT ( 'NONE',  ( -38.54646659099314832, 12.71728977000928218, 3.000000000000000000 ) ) ;
#995 = CARTESIAN_POINT ( 'NONE',  ( -12.33792604892930278, 38.88526790231278341, 0.000000000000000000 ) ) ;
#996 = DIRECTION ( 'NONE',  ( -0.9364371775568793854, 0.3508353067883921983, -0.000000000000000000 ) ) ;
#997 = EDGE_CURVE ( 'NONE', #872, #4858, #5490, .T. ) ;
#998 = EDGE_LOOP ( 'NONE', ( #3257, #5232, #4978, #4786 ) ) ;
#999 = ADVANCED_FACE ( 'NONE', ( #4212 ), #1606, .F. ) ;
#1000 = DIRECTION ( 'NONE',  ( 0.000000000000000000, 0.000000000000000000, 1.000000000000000000 ) ) ;
#1001 = CYLINDRICAL_SURFACE ( 'NONE', #1702, 4.005000000000003446 ) ;
#1002 = DIRECTION ( 'NONE',  ( 1.000000000000000000, 0.000000000000000000, 0.000000000000000000 ) ) ;
#1003 = APPLICATION_PROTOCOL_DEFINITION ( 'draft international standard', 'automotive_design', 1998, #3303 ) ;
#1004 = EDGE_CURVE ( 'NONE', #5128, #3713, #4286, .T. ) ;
#1005 = ADVANCED_FACE ( 'NONE', ( #4626 ), #2055, .F. ) ;
#1006 = VERTEX_POINT ( 'NONE', #787 ) ;
#1007 = ORIENTED_EDGE ( 'NONE', *, *, #3210, .F. ) ;
#1008 = CARTESIAN_POINT ( 'NONE',  ( 27.16104326975284522, -30.24582191543587584, 0.000000000000000000 ) ) ;
#1009 = CARTESIAN_POINT ( 'NONE',  ( 0.2049893579958332324, 40.87187053907685197, 3.000000000000000000 ) ) ;
#1010 = DIRECTION ( 'NONE',  ( -0.000000000000000000, 0.000000000000000000, 1.000000000000000000 ) ) ;
#1011 = DIRECTION ( 'NONE',  ( -0.000000000000000000, -0.000000000000000000, -1.000000000000000000 ) ) ;
#1012 = CYLINDRICAL_SURFACE ( 'NONE', #1881, 4.005000000000001670 ) ;
#1013 = ORIENTED_EDGE ( 'NONE', *, *, #422, .F. ) ;
#1014 = ORIENTED_EDGE ( 'NONE', *, *, #677, .T. ) ;
#1015 = CARTESIAN_POINT ( 'NONE',  ( 41.16853392490268959, 0.09167402782986476539, 0.000000000000000000 ) ) ;
#1016 = CARTESIAN_POINT ( 'NONE',  ( 2.124999999999997335, -30.00000000000000000, 0.000000000000000000 ) ) ;
#1017 = VERTEX_POINT ( 'NONE', #2585 ) ;
#1018 = ORIENTED_EDGE ( 'NONE', *, *, #4856, .F. ) ;
#1019 = ORIENTED_EDGE ( 'NONE', *, *, #1809, .F. ) ;
#1020 = CARTESIAN_POINT ( 'NONE',  ( -32.78112118826224020, -24.03241722527476298, 0.000000000000000000 ) ) ;
#1021 = ORIENTED_EDGE ( 'NONE', *, *, #3137, .T. ) ;
#1022 = AXIS2_PLACEMENT_3D ( 'NONE', #5269, #3142, #4874 ) ;
#1023 = DIRECTION ( 'NONE',  ( 0.000000000000000000, 0.000000000000000000, 1.000000000000000000 ) ) ;
#1024 = DIRECTION ( 'NONE',  ( -0.000000000000000000, 0.000000000000000000, -1.000000000000000000 ) ) ;
#1025 = LINE ( 'NONE', #1394, #5551 ) ;
#1026 = EDGE_CURVE ( 'NONE', #3832, #4946, #4006, .T. ) ;
#1027 = DIRECTION ( 'NONE',  ( -1.000000000000000000, 0.000000000000000000, 0.000000000000000000 ) ) ;
#1028 = VECTOR ( 'NONE', #3464, 1000.000000000000114 ) ;
#1029 = EDGE_CURVE ( 'NONE', #2283, #3933, #4188, .T. ) ;
#1030 = VERTEX_POINT ( 'NONE', #1069 ) ;
#1031 = ORIENTED_EDGE ( 'NONE', *, *, #684, .T. ) ;
#1032 = FACE_OUTER_BOUND ( 'NONE', #1100, .T. ) ;
#1033 = CARTESIAN_POINT ( 'NONE',  ( -12.33792604892874323, -38.88526790231296104, 3.000000000000000000 ) ) ;
#1034 = VECTOR ( 'NONE', #1450, 1000.000000000000114 ) ;
#1035 = CARTESIAN_POINT ( 'NONE',  ( -20.76266961515267795, 36.39352824830926636, 0.000000000000000000 ) ) ;
#1036 = DIRECTION ( 'NONE',  ( 0.000000000000000000, 0.000000000000000000, -1.000000000000000000 ) ) ;
#1037 = EDGE_CURVE ( 'NONE', #4577, #2625, #4272, .T. ) ;
#1038 = DIRECTION ( 'NONE',  ( 1.000000000000000000, 0.000000000000000000, 0.000000000000000000 ) ) ;
#1039 = VECTOR ( 'NONE', #743, 1000.000000000000000 ) ;
#1040 = VECTOR ( 'NONE', #470, 1000.000000000000000 ) ;
#1041 = CIRCLE ( 'NONE', #4730, 2.124999999999998224 ) ;
#1042 = ORIENTED_EDGE ( 'NONE', *, *, #2564, .F. ) ;
#1043 = ORIENTED_EDGE ( 'NONE', *, *, #2266, .T. ) ;
#1044 = CIRCLE ( 'NONE', #1572, 42.59000000000001052 ) ;
#1045 = CARTESIAN_POINT ( 'NONE',  ( 38.40817702442010528, 16.83113193255856643, 0.000000000000000000 ) ) ;
#1046 = DIRECTION ( 'NONE',  ( 0.000000000000000000, 0.000000000000000000, 1.000000000000000000 ) ) ;
#1047 = ORIENTED_EDGE ( 'NONE', *, *, #62, .T. ) ;
#1048 = AXIS2_PLACEMENT_3D ( 'NONE', #5130, #5504, #1622 ) ;
#1049 = ORIENTED_EDGE ( 'NONE', *, *, #266, .F. ) ;
#1050 =( GEOMETRIC_REPRESENTATION_CONTEXT ( 3 ) GLOBAL_UNCERTAINTY_ASSIGNED_CONTEXT ( ( #530 ) ) GLOBAL_UNIT_ASSIGNED_CONTEXT ( ( #1244, #5519, #3786 ) ) REPRESENTATION_CONTEXT ( 'NONE', 'WORKASPACE' ) );
#1051 = ORIENTED_EDGE ( 'NONE', *, *, #964, .F. ) ;
#1052 = VECTOR ( 'NONE', #5557, 1000.000000000000000 ) ;
#1053 = FACE_OUTER_BOUND ( 'NONE', #949, .T. ) ;
#1054 = ORIENTED_EDGE ( 'NONE', *, *, #3242, .F. ) ;
#1055 = FACE_OUTER_BOUND ( 'NONE', #4148, .T. ) ;
#1056 = DIRECTION ( 'NONE',  ( -0.3090169943749515036, 0.9510565162951523099, 0.000000000000000000 ) ) ;
#1057 = CARTESIAN_POINT ( 'NONE',  ( -20.76266961515214859, -36.39352824830955768, 0.000000000000000000 ) ) ;
#1058 = CIRCLE ( 'NONE', #4940, 4.005000000000002558 ) ;
#1059 = ORIENTED_EDGE ( 'NONE', *, *, #1103, .F. ) ;
#1060 = EDGE_CURVE ( 'NONE', #5237, #2634, #311, .T. ) ;
#1061 = DIRECTION ( 'NONE',  ( 0.000000000000000000, 0.000000000000000000, 1.000000000000000000 ) ) ;
#1062 = CARTESIAN_POINT ( 'NONE',  ( 28.14080578438308322, 31.08960764240097774, 0.000000000000000000 ) ) ;
#1063 = DIRECTION ( 'NONE',  ( 0.5406926394229331079, 0.8412202266195588640, -0.000000000000000000 ) ) ;
#1064 = CARTESIAN_POINT ( 'NONE',  ( -17.66384276087219263, -38.75431277831131638, 3.000000000000000000 ) ) ;
#1065 = CARTESIAN_POINT ( 'NONE',  ( -40.94573803496166420, 8.778039249333225769, 0.000000000000000000 ) ) ;
#1066 = EDGE_CURVE ( 'NONE', #2687, #3939, #2659, .T. ) ;
#1067 = ORIENTED_EDGE ( 'NONE', *, *, #2433, .F. ) ;
#1068 = ORIENTED_EDGE ( 'NONE', *, *, #4616, .F. ) ;
#1069 = CARTESIAN_POINT ( 'NONE',  ( -39.21512454897334266, 8.678897630670645569, 3.000000000000000000 ) ) ;
#1070 = DIRECTION ( 'NONE',  ( -0.8090169943749422332, -0.5877852522924801315, 0.000000000000000000 ) ) ;
#1071 = ORIENTED_EDGE ( 'NONE', *, *, #4298, .F. ) ;
#1072 = EDGE_LOOP ( 'NONE', ( #5401, #253, #2877, #3694 ) ) ;
#1073 = CIRCLE ( 'NONE', #1155, 2.125000000000001776 ) ;
#1074 = ADVANCED_FACE ( 'NONE', ( #4436 ), #5320, .F. ) ;
#1075 = ORIENTED_EDGE ( 'NONE', *, *, #3228, .T. ) ;
#1076 = LINE ( 'NONE', #542, #4916 ) ;
#1077 = CIRCLE ( 'NONE', #2424, 42.59000000000001052 ) ;
#1078 = AXIS2_PLACEMENT_3D ( 'NONE', #1425, #5332, #4809 ) ;
#1079 = AXIS2_PLACEMENT_3D ( 'NONE', #3836, #4715, #5599 ) ;
#1080 = ORIENTED_EDGE ( 'NONE', *, *, #1376, .F. ) ;
#1081 = DIRECTION ( 'NONE',  ( -0.000000000000000000, -0.000000000000000000, -1.000000000000000000 ) ) ;
#1082 = EDGE_CURVE ( 'NONE', #4486, #701, #565, .T. ) ;
#1083 = DIRECTION ( 'NONE',  ( -1.000000000000000000, 0.000000000000000000, 0.000000000000000000 ) ) ;
#1084 = CARTESIAN_POINT ( 'NONE',  ( -23.73575383944879391, -33.07778457408817729, 0.000000000000000000 ) ) ;
#1085 = ORIENTED_EDGE ( 'NONE', *, *, #1197, .F. ) ;
#1086 = EDGE_CURVE ( 'NONE', #2879, #3682, #4913, .T. ) ;
#1087 = CARTESIAN_POINT ( 'NONE',  ( -16.74447303340718207, 38.39834553817225071, 0.000000000000000000 ) ) ;
#1088 = CARTESIAN_POINT ( 'NONE',  ( -4.017551685329266320, 41.70669424522092328, 3.000000000000000000 ) ) ;
#1089 = FACE_OUTER_BOUND ( 'NONE', #5287, .T. ) ;
#1090 = DIRECTION ( 'NONE',  ( -0.000000000000000000, -0.000000000000000000, 1.000000000000000000 ) ) ;
#1091 = LINE ( 'NONE', #272, #5230 ) ;
#1092 = CIRCLE ( 'NONE', #4242, 42.59000000000001052 ) ;
#1093 = EDGE_LOOP ( 'NONE', ( #4772, #1738, #3052, #3638 ) ) ;
#1094 = ORIENTED_EDGE ( 'NONE', *, *, #2079, .F. ) ;
#1095 = DIRECTION ( 'NONE',  ( 0.000000000000000000, 0.000000000000000000, -1.000000000000000000 ) ) ;
#1096 = CARTESIAN_POINT ( 'NONE',  ( 8.564230350490792176, -41.72004384589897796, 3.000000000000000000 ) ) ;
#1097 = DIRECTION ( 'NONE',  ( 1.000000000000000000, 0.000000000000000000, 0.000000000000000000 ) ) ;
#1098 = ORIENTED_EDGE ( 'NONE', *, *, #1897, .T. ) ;
#1099 = EDGE_CURVE ( 'NONE', #5128, #5074, #4039, .T. ) ;
#1100 = EDGE_LOOP ( 'NONE', ( #531, #2533, #4038, #1359 ) ) ;
#1101 = VECTOR ( 'NONE', #3728, 1000.000000000000000 ) ;
#1102 = CARTESIAN_POINT ( 'NONE',  ( -34.58360451648724876, 12.63458943475418295, 0.000000000000000000 ) ) ;
#1103 = EDGE_CURVE ( 'NONE', #556, #3120, #198, .T. ) ;
#1104 = ORIENTED_EDGE ( 'NONE', *, *, #4650, .T. ) ;
#1105 = CARTESIAN_POINT ( 'NONE',  ( -32.78112118826260257, 24.03241722527427271, 0.000000000000000000 ) ) ;
#1106 = CARTESIAN_POINT ( 'NONE',  ( 37.36369933668201782, -16.20307056412887903, 3.000000000000000000 ) ) ;
#1107 = CARTESIAN_POINT ( 'NONE',  ( -31.01462764118189952, 28.15835394795178814, 0.000000000000000000 ) ) ;
#1108 = LINE ( 'NONE', #2380, #1644 ) ;
#1109 = DIRECTION ( 'NONE',  ( -0.000000000000000000, -0.000000000000000000, -1.000000000000000000 ) ) ;
#1110 = CYLINDRICAL_SURFACE ( 'NONE', #236, 8.694264425220762149 ) ;
#1111 = CARTESIAN_POINT ( 'NONE',  ( -39.96320686035490866, 3.955691804083529828, 3.000000000000000000 ) ) ;
#1112 = CIRCLE ( 'NONE', #482, 4.005000000000002558 ) ;
#1113 = DIRECTION ( 'NONE',  ( 1.000000000000000000, 0.000000000000000000, 0.000000000000000000 ) ) ;
#1114 = VERTEX_POINT ( 'NONE', #4510 ) ;
#1115 = AXIS2_PLACEMENT_3D ( 'NONE', #1419, #231, #2287 ) ;
#1116 = EDGE_LOOP ( 'NONE', ( #4765, #501, #2575, #99 ) ) ;
#1117 = LINE ( 'NONE', #4087, #1952 ) ;
#1118 = DIRECTION ( 'NONE',  ( -1.000000000000000000, 0.000000000000000000, 0.000000000000000000 ) ) ;
#1119 = PLANE ( 'NONE',  #5373 ) ;
#1120 = CARTESIAN_POINT ( 'NONE',  ( 0.000000000000000000, 0.000000000000000000, 3.000000000000000000 ) ) ;
#1121 = ORIENTED_EDGE ( 'NONE', *, *, #2612, .T. ) ;
#1122 = CIRCLE ( 'NONE', #2931, 2.125000000000001776 ) ;
#1123 = ADVANCED_FACE ( 'NONE', ( #3630 ), #1492, .F. ) ;
#1124 = VECTOR ( 'NONE', #4662, 1000.000000000000000 ) ;
#1125 = EDGE_CURVE ( 'NONE', #4168, #2820, #2194, .T. ) ;
#1126 = ORIENTED_EDGE ( 'NONE', *, *, #2374, .T. ) ;
#1127 = AXIS2_PLACEMENT_3D ( 'NONE', #1692, #1239, #3028 ) ;
#1128 = CIRCLE ( 'NONE', #674, 8.694264425220762149 ) ;
#1129 = PLANE ( 'NONE',  #3725 ) ;
#1130 = CIRCLE ( 'NONE', #4288, 2.125000000000001776 ) ;
#1131 = ADVANCED_FACE ( 'NONE', ( #1886 ), #3544, .F. ) ;
#1132 = ORIENTED_EDGE ( 'NONE', *, *, #3947, .F. ) ;
#1133 = CYLINDRICAL_SURFACE ( 'NONE', #515, 42.59000000000001052 ) ;
#1134 = DIRECTION ( 'NONE',  ( 0.000000000000000000, -0.000000000000000000, 1.000000000000000000 ) ) ;
#1135 = DIRECTION ( 'NONE',  ( 1.000000000000000000, 0.000000000000000000, 0.000000000000000000 ) ) ;
#1136 = VECTOR ( 'NONE', #1303, 1000.000000000000000 ) ;
#1137 = EDGE_CURVE ( 'NONE', #3120, #4292, #1839, .T. ) ;
#1138 = ORIENTED_EDGE ( 'NONE', *, *, #4209, .F. ) ;
#1139 = DIRECTION ( 'NONE',  ( 1.000000000000000000, 0.000000000000000000, 0.000000000000000000 ) ) ;
#1140 = DIRECTION ( 'NONE',  ( -0.000000000000000000, 0.000000000000000000, 1.000000000000000000 ) ) ;
#1141 = CARTESIAN_POINT ( 'NONE',  ( 0.000000000000000000, 0.000000000000000000, 3.000000000000000000 ) ) ;
#1142 = DIRECTION ( 'NONE',  ( -0.000000000000000000, -0.000000000000000000, 1.000000000000000000 ) ) ;
#1143 = CARTESIAN_POINT ( 'NONE',  ( 14.99999999999966604, 25.98076211353335196, 0.000000000000000000 ) ) ;
#1144 = ORIENTED_EDGE ( 'NONE', *, *, #2735, .T. ) ;
#1145 = ORIENTED_EDGE ( 'NONE', *, *, #5207, .T. ) ;
#1146 = CARTESIAN_POINT ( 'NONE',  ( 30.54248530126200833, -26.86437988392668430, 0.000000000000000000 ) ) ;
#1147 = DIRECTION ( 'NONE',  ( -0.000000000000000000, -0.000000000000000000, -1.000000000000000000 ) ) ;
#1148 = DIRECTION ( 'NONE',  ( 1.000000000000000000, 0.000000000000000000, 0.000000000000000000 ) ) ;
#1149 = ORIENTED_EDGE ( 'NONE', *, *, #1471, .T. ) ;
#1150 = DIRECTION ( 'NONE',  ( 0.000000000000000000, 0.000000000000000000, -1.000000000000000000 ) ) ;
#1151 = ORIENTED_EDGE ( 'NONE', *, *, #5313, .T. ) ;
#1152 = VERTEX_POINT ( 'NONE', #2738 ) ;
#1153 = CARTESIAN_POINT ( 'NONE',  ( 33.41658588540802555, 23.94971689001995330, 3.000000000000000000 ) ) ;
#1154 = CIRCLE ( 'NONE', #2607, 8.694264425220772807 ) ;
#1155 = AXIS2_PLACEMENT_3D ( 'NONE', #2097, #3823, #3423 ) ;
#1156 = VERTEX_POINT ( 'NONE', #4461 ) ;
#1157 = AXIS2_PLACEMENT_3D ( 'NONE', #5550, #1673, #1758 ) ;
#1158 = DIRECTION ( 'NONE',  ( 0.8090169943749551118, -0.5877852522924625900, 0.000000000000000000 ) ) ;
#1159 = FACE_OUTER_BOUND ( 'NONE', #4788, .T. ) ;
#1160 = DIRECTION ( 'NONE',  ( 1.000000000000000000, 0.000000000000000000, 0.000000000000000000 ) ) ;
#1161 = ADVANCED_FACE ( 'NONE', ( #534 ), #3609, .F. ) ;
#1162 = CIRCLE ( 'NONE', #2968, 42.59000000000001052 ) ;
#1163 = AXIS2_PLACEMENT_3D ( 'NONE', #2091, #824, #5218 ) ;
#1164 = VECTOR ( 'NONE', #3479, 1000.000000000000000 ) ;
#1165 = CYLINDRICAL_SURFACE ( 'NONE', #5431, 4.005000000000005222 ) ;
#1166 = CYLINDRICAL_SURFACE ( 'NONE', #5537, 42.59000000000001052 ) ;
#1167 = VECTOR ( 'NONE', #2861, 1000.000000000000000 ) ;
#1168 = AXIS2_PLACEMENT_3D ( 'NONE', #3986, #544, #4090 ) ;
#1169 = CARTESIAN_POINT ( 'NONE',  ( -12.33792604892874323, -38.88526790231296104, 0.000000000000000000 ) ) ;
#1170 = DIRECTION ( 'NONE',  ( 1.000000000000000000, 0.000000000000000000, 0.000000000000000000 ) ) ;
#1171 = CARTESIAN_POINT ( 'NONE',  ( 4.252355189909522437, -40.25987024618072496, 0.000000000000000000 ) ) ;
#1172 = ADVANCED_FACE ( 'NONE', ( #2252 ), #3662, .T. ) ;
#1173 = ORIENTED_EDGE ( 'NONE', *, *, #1814, .F. ) ;
#1174 = VERTEX_POINT ( 'NONE', #1440 ) ;
#1175 = DIRECTION ( 'NONE',  ( -0.000000000000000000, -0.000000000000000000, 1.000000000000000000 ) ) ;
#1176 = LINE ( 'NONE', #4119, #2928 ) ;
#1177 = LINE ( 'NONE', #1993, #2196 ) ;
#1178 = ORIENTED_EDGE ( 'NONE', *, *, #4690, .T. ) ;
#1179 = CARTESIAN_POINT ( 'NONE',  ( -29.94915852961013059, -26.86437988392690457, 3.000000000000000000 ) ) ;
#1180 = VERTEX_POINT ( 'NONE', #595 ) ;
#1181 = ORIENTED_EDGE ( 'NONE', *, *, #5028, .F. ) ;
#1182 = LINE ( 'NONE', #3322, #3452 ) ;
#1183 = ORIENTED_EDGE ( 'NONE', *, *, #4077, .T. ) ;
#1184 = DIRECTION ( 'NONE',  ( -0.000000000000000000, -0.000000000000000000, -1.000000000000000000 ) ) ;
#1185 = CARTESIAN_POINT ( 'NONE',  ( 35.19267991137098051, -20.46393609590010243, 3.000000000000000000 ) ) ;
#1186 = DIRECTION ( 'NONE',  ( -1.000000000000000000, 0.000000000000000000, 0.000000000000000000 ) ) ;
#1187 = ADVANCED_FACE ( 'NONE', ( #4201 ), #328, .F. ) ;
#1188 = DIRECTION ( 'NONE',  ( -0.000000000000000000, -0.000000000000000000, 1.000000000000000000 ) ) ;
#1189 = EDGE_CURVE ( 'NONE', #3801, #4509, #1566, .T. ) ;
#1190 = CARTESIAN_POINT ( 'NONE',  ( 21.27125075187949577, 36.12149989430928798, 3.000000000000000000 ) ) ;
#1191 = DIRECTION ( 'NONE',  ( -0.3603684498749704646, 0.9328100451510537017, -0.000000000000000000 ) ) ;
#1192 = CARTESIAN_POINT ( 'NONE',  ( -36.77037256503021467, -16.20307056412915969, 0.000000000000000000 ) ) ;
#1193 = ORIENTED_EDGE ( 'NONE', *, *, #2088, .F. ) ;
#1194 = ORIENTED_EDGE ( 'NONE', *, *, #3918, .T. ) ;
#1195 = CIRCLE ( 'NONE', #119, 42.59000000000001052 ) ;
#1196 = CARTESIAN_POINT ( 'NONE',  ( -12.42062638418386733, -38.84312997681885093, 0.000000000000000000 ) ) ;
#1197 = EDGE_CURVE ( 'NONE', #5237, #5013, #5077, .T. ) ;
#1198 = CARTESIAN_POINT ( 'NONE',  ( -17.66384276087269001, 38.75431277831108901, 3.000000000000000000 ) ) ;
#1199 = CYLINDRICAL_SURFACE ( 'NONE', #842, 2.125000000000001776 ) ;
#1200 = LINE ( 'NONE', #278, #1209 ) ;
#1201 = ORIENTED_EDGE ( 'NONE', *, *, #5416, .T. ) ;
#1202 = DIRECTION ( 'NONE',  ( 0.000000000000000000, 0.000000000000000000, 1.000000000000000000 ) ) ;
#1203 = AXIS2_PLACEMENT_3D ( 'NONE', #3616, #4073, #5402 ) ;
#1204 = EDGE_LOOP ( 'NONE', ( #1544, #1389, #4727, #4477 ) ) ;
#1205 = FACE_OUTER_BOUND ( 'NONE', #3336, .T. ) ;
#1206 = VECTOR ( 'NONE', #4291, 1000.000000000000000 ) ;
#1207 = VECTOR ( 'NONE', #693, 999.9999999999998863 ) ;
#1208 = AXIS2_PLACEMENT_3D ( 'NONE', #1420, #512, #4868 ) ;
#1209 = VECTOR ( 'NONE', #1939, 1000.000000000000000 ) ;
#1210 = EDGE_LOOP ( 'NONE', ( #4165, #2907, #4513, #2716 ) ) ;
#1211 = DIRECTION ( 'NONE',  ( 0.3603684498749704646, -0.9328100451510537017, -0.000000000000000000 ) ) ;
#1212 = AXIS2_PLACEMENT_3D ( 'NONE', #4447, #3472, #160 ) ;
#1213 = LINE ( 'NONE', #4237, #491 ) ;
#1214 = CARTESIAN_POINT ( 'NONE',  ( 39.19645102772892642, -12.54291540692517870, 3.000000000000000000 ) ) ;
#1215 = ADVANCED_FACE ( 'NONE', ( #3341 ), #3767, .T. ) ;
#1216 = CIRCLE ( 'NONE', #1759, 8.694264425220769255 ) ;
#1217 = CARTESIAN_POINT ( 'NONE',  ( 0.000000000000000000, 0.000000000000000000, 3.000000000000000000 ) ) ;
#1218 = VECTOR ( 'NONE', #4368, 1000.000000000000000 ) ;
#1219 = CYLINDRICAL_SURFACE ( 'NONE', #5467, 8.694264425220762149 ) ;
#1220 = LINE ( 'NONE', #3002, #3198 ) ;
#1221 = PLANE ( 'NONE',  #3862 ) ;
#1222 = ADVANCED_FACE ( 'NONE', ( #250 ), #1199, .F. ) ;
#1223 = EDGE_CURVE ( 'NONE', #721, #2362, #1176, .T. ) ;
#1224 = EDGE_LOOP ( 'NONE', ( #868, #3267, #4133, #3847 ) ) ;
#1225 = ORIENTED_EDGE ( 'NONE', *, *, #2712, .F. ) ;
#1226 = CARTESIAN_POINT ( 'NONE',  ( 5.337150639699997257, -42.25426514624471963, 3.000000000000000000 ) ) ;
#1227 = FACE_OUTER_BOUND ( 'NONE', #1771, .T. ) ;
#1228 = DIRECTION ( 'NONE',  ( 0.9510565162951533091, 0.3090169943749481729, 0.000000000000000000 ) ) ;
#1229 = CARTESIAN_POINT ( 'NONE',  ( -23.73575383944928063, 33.07778457408781492, 0.000000000000000000 ) ) ;
#1230 = ORIENTED_EDGE ( 'NONE', *, *, #2427, .T. ) ;
#1231 = CARTESIAN_POINT ( 'NONE',  ( -17.12500000000002842, 25.98076211353313525, 3.490000000000000213 ) ) ;
#1232 = VECTOR ( 'NONE', #2900, 1000.000000000000000 ) ;
#1233 = ADVANCED_FACE ( 'NONE', ( #277 ), #4533, .F. ) ;
#1234 = CARTESIAN_POINT ( 'NONE',  ( -23.85576211353315657, 15.00000000000000355, 10.00000000000000000 ) ) ;
#1235 = ORIENTED_EDGE ( 'NONE', *, *, #216, .T. ) ;
#1236 = CARTESIAN_POINT ( 'NONE',  ( -27.00000000000000000, 0.000000000000000000, 10.00000000000000000 ) ) ;
#1237 = EDGE_CURVE ( 'NONE', #3628, #3400, #666, .T. ) ;
#1238 = ORIENTED_EDGE ( 'NONE', *, *, #426, .T. ) ;
#1239 = DIRECTION ( 'NONE',  ( 0.000000000000000000, 0.000000000000000000, -1.000000000000000000 ) ) ;
#1240 = DIRECTION ( 'NONE',  ( 0.000000000000000000, -0.000000000000000000, 1.000000000000000000 ) ) ;
#1241 = VECTOR ( 'NONE', #889, 999.9999999999998863 ) ;
#1242 = EDGE_CURVE ( 'NONE', #452, #3514, #5455, .T. ) ;
#1243 = DIRECTION ( 'NONE',  ( -1.000000000000000000, 0.000000000000000000, 0.000000000000000000 ) ) ;
#1244 =( LENGTH_UNIT ( ) NAMED_UNIT ( * ) SI_UNIT ( .MILLI., .METRE. ) );
#1245 = CARTESIAN_POINT ( 'NONE',  ( 24.39471196875951620, -33.01215321642932565, 0.000000000000000000 ) ) ;
#1246 = VERTEX_POINT ( 'NONE', #2416 ) ;
#1247 = DIRECTION ( 'NONE',  ( 1.037530219222697405E-14, -1.000000000000000000, 0.000000000000000000 ) ) ;
#1248 = AXIS2_PLACEMENT_3D ( 'NONE', #2170, #3359, #1699 ) ;
#1249 = ORIENTED_EDGE ( 'NONE', *, *, #4819, .T. ) ;
#1250 = VECTOR ( 'NONE', #3961, 1000.000000000000114 ) ;
#1251 = ORIENTED_EDGE ( 'NONE', *, *, #4787, .T. ) ;
#1252 = ORIENTED_EDGE ( 'NONE', *, *, #271, .F. ) ;
#1253 = AXIS2_PLACEMENT_3D ( 'NONE', #4214, #2137, #5173 ) ;
#1254 = DIRECTION ( 'NONE',  ( -0.000000000000000000, -0.000000000000000000, -1.000000000000000000 ) ) ;
#1255 = CARTESIAN_POINT ( 'NONE',  ( 7.825468090788463726, 28.71491074616239558, 3.000000000000000000 ) ) ;
#1256 = CARTESIAN_POINT ( 'NONE',  ( 33.41658588540837371, -23.94971689001946658, 0.000000000000000000 ) ) ;
#1257 = DIRECTION ( 'NONE',  ( -0.000000000000000000, -0.000000000000000000, -1.000000000000000000 ) ) ;
#1258 = EDGE_LOOP ( 'NONE', ( #4450, #3567, #953, #1970 ) ) ;
#1259 = CARTESIAN_POINT ( 'NONE',  ( 8.564230350490200649, 41.72004384589909876, 3.000000000000000000 ) ) ;
#1260 = EDGE_LOOP ( 'NONE', ( #3098, #295, #5523, #2389 ) ) ;
#1261 = LINE ( 'NONE', #5138, #5546 ) ;
#1262 = ORIENTED_EDGE ( 'NONE', *, *, #4530, .T. ) ;
#1263 = LINE ( 'NONE', #2991, #4013 ) ;
#1264 = ADVANCED_FACE ( 'NONE', ( #2901 ), #2445, .T. ) ;
#1265 = ORIENTED_EDGE ( 'NONE', *, *, #5454, .F. ) ;
#1266 = CARTESIAN_POINT ( 'NONE',  ( 0.000000000000000000, 0.000000000000000000, 3.000000000000000000 ) ) ;
#1267 = EDGE_CURVE ( 'NONE', #2844, #968, #2747, .T. ) ;
#1268 = DIRECTION ( 'NONE',  ( -0.7745362051883667442, 0.6325295778478696729, -0.000000000000000000 ) ) ;
#1269 = DIRECTION ( 'NONE',  ( 1.000000000000000000, -5.329500930772836137E-15, 0.000000000000000000 ) ) ;
#1270 = ORIENTED_EDGE ( 'NONE', *, *, #1099, .T. ) ;
#1271 = CARTESIAN_POINT ( 'NONE',  ( -28.83146179316188196, 31.34732701315133596, 0.000000000000000000 ) ) ;
#1272 = CIRCLE ( 'NONE', #3525, 42.59000000000001052 ) ;
#1273 = FACE_OUTER_BOUND ( 'NONE', #5340, .T. ) ;
#1274 = LINE ( 'NONE', #4268, #2838 ) ;
#1275 = DIRECTION ( 'NONE',  ( 0.000000000000000000, 0.000000000000000000, 1.000000000000000000 ) ) ;
#1276 = ORIENTED_EDGE ( 'NONE', *, *, #139, .T. ) ;
#1277 = ORIENTED_EDGE ( 'NONE', *, *, #4556, .T. ) ;
#1278 = DIRECTION ( 'NONE',  ( 1.000000000000000000, 0.000000000000000000, 0.000000000000000000 ) ) ;
#1279 = PLANE ( 'NONE',  #2199 ) ;
#1280 = CARTESIAN_POINT ( 'NONE',  ( 39.18193128813884840, -12.63458943475443519, 3.000000000000000000 ) ) ;
#1281 = LINE ( 'NONE', #776, #1575 ) ;
#1282 = ORIENTED_EDGE ( 'NONE', *, *, #2480, .F. ) ;
#1283 = CARTESIAN_POINT ( 'NONE',  ( 28.10576211353315301, -15.00000000000001421, 10.00000000000000000 ) ) ;
#1284 = CIRCLE ( 'NONE', #3004, 4.005000000000008775 ) ;
#1285 = DIRECTION ( 'NONE',  ( 0.000000000000000000, 0.000000000000000000, -1.000000000000000000 ) ) ;
#1286 = VERTEX_POINT ( 'NONE', #2069 ) ;
#1287 = PLANE ( 'NONE',  #3647 ) ;
#1288 = VECTOR ( 'NONE', #4747, 1000.000000000000000 ) ;
#1289 = ORIENTED_EDGE ( 'NONE', *, *, #5060, .T. ) ;
#1290 = CIRCLE ( 'NONE', #5000, 8.694264425220769255 ) ;
#1291 = DIRECTION ( 'NONE',  ( 0.000000000000000000, 0.000000000000000000, -1.000000000000000000 ) ) ;
#1292 = CARTESIAN_POINT ( 'NONE',  ( 8.975561016496627076, 39.51178793479915186, 0.000000000000000000 ) ) ;
#1293 = FACE_OUTER_BOUND ( 'NONE', #998, .T. ) ;
#1294 = VECTOR ( 'NONE', #2044, 999.9999999999998863 ) ;
#1295 = ORIENTED_EDGE ( 'NONE', *, *, #1577, .F. ) ;
#1296 = VECTOR ( 'NONE', #894, 999.9999999999998863 ) ;
#1297 = AXIS2_PLACEMENT_3D ( 'NONE', #2739, #4914, #645 ) ;
#1298 = EDGE_CURVE ( 'NONE', #2255, #3944, #5478, .T. ) ;
#1299 = AXIS2_PLACEMENT_3D ( 'NONE', #4986, #2836, #4137 ) ;
#1300 = DIRECTION ( 'NONE',  ( -1.000000000000000000, 0.000000000000000000, 0.000000000000000000 ) ) ;
#1301 = CIRCLE ( 'NONE', #319, 4.005000000000002558 ) ;
#1302 = DIRECTION ( 'NONE',  ( 1.000000000000000000, 5.187651096113483081E-15, 0.000000000000000000 ) ) ;
#1303 = DIRECTION ( 'NONE',  ( 0.000000000000000000, 0.000000000000000000, 1.000000000000000000 ) ) ;
#1304 = CYLINDRICAL_SURFACE ( 'NONE', #538, 4.005000000000001670 ) ;
#1305 = VECTOR ( 'NONE', #3079, 1000.000000000000000 ) ;
#1306 = EDGE_CURVE ( 'NONE', #4890, #3629, #2392, .T. ) ;
#1307 = STYLED_ITEM ( 'NONE', ( #4720 ), #1794 ) ;
#1308 = VERTEX_POINT ( 'NONE', #4992 ) ;
#1309 = ORIENTED_EDGE ( 'NONE', *, *, #3657, .F. ) ;
#1310 = VECTOR ( 'NONE', #3367, 999.9999999999998863 ) ;
#1311 = FACE_OUTER_BOUND ( 'NONE', #5417, .T. ) ;
#1312 = CARTESIAN_POINT ( 'NONE',  ( -40.57520715325102145, -0.09167402782957295715, 3.000000000000000000 ) ) ;
#1313 = CARTESIAN_POINT ( 'NONE',  ( -12.87500000000001066, -25.98076211353315301, 10.00000000000000000 ) ) ;
#1314 = CARTESIAN_POINT ( 'NONE',  ( -1.369154271048856675, 29.73061497147433130, 3.000000000000000000 ) ) ;
#1315 = ORIENTED_EDGE ( 'NONE', *, *, #537, .T. ) ;
#1316 = LINE ( 'NONE', #3047, #3405 ) ;
#1317 = CARTESIAN_POINT ( 'NONE',  ( -4.017551685329264544, 41.70669424522092328, 0.000000000000000000 ) ) ;
#1318 = ORIENTED_EDGE ( 'NONE', *, *, #4586, .T. ) ;
#1319 = DIRECTION ( 'NONE',  ( 0.000000000000000000, 0.000000000000000000, 1.000000000000000000 ) ) ;
#1320 = DIRECTION ( 'NONE',  ( -0.000000000000000000, 0.000000000000000000, 1.000000000000000000 ) ) ;
#1321 = EDGE_CURVE ( 'NONE', #2139, #3256, #4630, .T. ) ;
#1322 = ORIENTED_EDGE ( 'NONE', *, *, #1306, .F. ) ;
#1323 = DIRECTION ( 'NONE',  ( -0.000000000000000000, -0.000000000000000000, -1.000000000000000000 ) ) ;
#1324 = DIRECTION ( 'NONE',  ( 0.000000000000000000, 0.000000000000000000, 1.000000000000000000 ) ) ;
#1325 = CARTESIAN_POINT ( 'NONE',  ( 37.21864685947008411, 20.70459914970724924, 3.000000000000000000 ) ) ;
#1326 = ORIENTED_EDGE ( 'NONE', *, *, #5318, .F. ) ;
#1327 = ORIENTED_EDGE ( 'NONE', *, *, #4753, .T. ) ;
#1328 = CARTESIAN_POINT ( 'NONE',  ( 33.30881660225507090, 24.09804858293381002, 3.000000000000000000 ) ) ;
#1329 = CARTESIAN_POINT ( 'NONE',  ( 0.000000000000000000, 0.000000000000000000, 0.000000000000000000 ) ) ;
#1330 = CARTESIAN_POINT ( 'NONE',  ( 39.18193128813866366, 12.63458943475500718, 3.000000000000000000 ) ) ;
#1331 = EDGE_CURVE ( 'NONE', #940, #4949, #4645, .T. ) ;
#1332 = DIRECTION ( 'NONE',  ( 1.000000000000000000, 0.000000000000000000, 0.000000000000000000 ) ) ;
#1333 = AXIS2_PLACEMENT_3D ( 'NONE', #2693, #3712, #3317 ) ;
#1334 = CIRCLE ( 'NONE', #790, 2.124999999999998224 ) ;
#1335 = ORIENTED_EDGE ( 'NONE', *, *, #2184, .F. ) ;
#1336 = EDGE_LOOP ( 'NONE', ( #2075, #2250 ) ) ;
#1337 = ORIENTED_EDGE ( 'NONE', *, *, #413, .F. ) ;
#1338 = LINE ( 'NONE', #3364, #1164 ) ;
#1339 = FACE_BOUND ( 'NONE', #5591, .T. ) ;
#1340 = DIRECTION ( 'NONE',  ( 1.000000000000000000, 0.000000000000000000, 0.000000000000000000 ) ) ;
#1341 = DIRECTION ( 'NONE',  ( -0.000000000000000000, -0.000000000000000000, -1.000000000000000000 ) ) ;
#1342 = ADVANCED_FACE ( 'NONE', ( #4145 ), #2016, .F. ) ;
#1343 = ORIENTED_EDGE ( 'NONE', *, *, #216, .F. ) ;
#1344 = PLANE ( 'NONE',  #259 ) ;
#1345 = CIRCLE ( 'NONE', #2708, 4.005000000000001670 ) ;
#1346 = VERTEX_POINT ( 'NONE', #2469 ) ;
#1347 = VECTOR ( 'NONE', #4353, 1000.000000000000000 ) ;
#1348 = ORIENTED_EDGE ( 'NONE', *, *, #2353, .F. ) ;
#1349 = VERTEX_POINT ( 'NONE', #464 ) ;
#1350 = DIRECTION ( 'NONE',  ( -0.000000000000000000, -0.000000000000000000, 1.000000000000000000 ) ) ;
#1351 = CARTESIAN_POINT ( 'NONE',  ( 24.32908061110023112, 33.07778457408836204, 0.000000000000000000 ) ) ;
#1352 = VERTEX_POINT ( 'NONE', #2639 ) ;
#1353 = DIRECTION ( 'NONE',  ( -0.000000000000000000, 0.000000000000000000, 1.000000000000000000 ) ) ;
#1354 = CARTESIAN_POINT ( 'NONE',  ( -31.01462764118150162, -28.15835394795226776, 0.000000000000000000 ) ) ;
#1355 = DIRECTION ( 'NONE',  ( 0.000000000000000000, 0.000000000000000000, -1.000000000000000000 ) ) ;
#1356 = ORIENTED_EDGE ( 'NONE', *, *, #5517, .F. ) ;
#1357 = AXIS2_PLACEMENT_3D ( 'NONE', #2176, #4222, #3792 ) ;
#1358 = ADVANCED_FACE ( 'NONE', ( #2578 ), #5584, .T. ) ;
#1359 = ORIENTED_EDGE ( 'NONE', *, *, #5125, .T. ) ;
#1360 = CARTESIAN_POINT ( 'NONE',  ( 24.39471196875903303, 33.01215321642968092, 3.000000000000000000 ) ) ;
#1361 = CARTESIAN_POINT ( 'NONE',  ( -38.58860451648724421, 12.63458943475418295, 0.000000000000000000 ) ) ;
#1362 = DIRECTION ( 'NONE',  ( 0.000000000000000000, 0.000000000000000000, -1.000000000000000000 ) ) ;
#1363 = EDGE_CURVE ( 'NONE', #4769, #348, #2205, .T. ) ;
#1364 = EDGE_CURVE ( 'NONE', #1464, #3074, #2179, .T. ) ;
#1365 = ORIENTED_EDGE ( 'NONE', *, *, #4426, .F. ) ;
#1366 = EDGE_CURVE ( 'NONE', #2213, #2197, #5383, .T. ) ;
#1367 = AXIS2_PLACEMENT_3D ( 'NONE', #2241, #1849, #3568 ) ;
#1368 = ORIENTED_EDGE ( 'NONE', *, *, #4717, .T. ) ;
#1369 = ORIENTED_EDGE ( 'NONE', *, *, #1099, .F. ) ;
#1370 = DIRECTION ( 'NONE',  ( -0.000000000000000000, 0.000000000000000000, 1.000000000000000000 ) ) ;
#1371 = DIRECTION ( 'NONE',  ( 0.8090169943749551118, -0.5877852522924625900, 0.000000000000000000 ) ) ;
#1372 = CYLINDRICAL_SURFACE ( 'NONE', #3294, 8.694264425220763925 ) ;
#1373 = DIRECTION ( 'NONE',  ( -8.779101854961279423E-15, 1.000000000000000000, 0.000000000000000000 ) ) ;
#1374 = VERTEX_POINT ( 'NONE', #408 ) ;
#1375 = DIRECTION ( 'NONE',  ( -0.000000000000000000, -0.000000000000000000, 1.000000000000000000 ) ) ;
#1376 = EDGE_CURVE ( 'NONE', #3801, #1246, #2481, .T. ) ;
#1377 = VERTEX_POINT ( 'NONE', #1731 ) ;
#1378 = ORIENTED_EDGE ( 'NONE', *, *, #4027, .F. ) ;
#1379 = DIRECTION ( 'NONE',  ( 0.000000000000000000, 0.000000000000000000, 1.000000000000000000 ) ) ;
#1380 = CARTESIAN_POINT ( 'NONE',  ( 0.3883374136555626244, -40.87187053907685907, 3.000000000000000000 ) ) ;
#1381 = VERTEX_POINT ( 'NONE', #3877 ) ;
#1382 = ADVANCED_FACE ( 'NONE', ( #5220 ), #5107, .F. ) ;
#1383 = EDGE_LOOP ( 'NONE', ( #351, #625, #3980, #717 ) ) ;
#1384 = AXIS2_PLACEMENT_3D ( 'NONE', #3000, #2061, #1300 ) ;
#1385 = CARTESIAN_POINT ( 'NONE',  ( 18.08707482534175526, -38.55860246770477318, 0.000000000000000000 ) ) ;
#1386 = ADVANCED_FACE ( 'NONE', ( #2094 ), #436, .T. ) ;
#1387 = DIRECTION ( 'NONE',  ( 1.000000000000000000, 0.000000000000000000, 0.000000000000000000 ) ) ;
#1388 = CARTESIAN_POINT ( 'NONE',  ( 33.41658588540802555, 23.94971689001995330, 0.000000000000000000 ) ) ;
#1389 = ORIENTED_EDGE ( 'NONE', *, *, #5436, .T. ) ;
#1390 = VECTOR ( 'NONE', #1691, 1000.000000000000000 ) ;
#1391 = EDGE_LOOP ( 'NONE', ( #1961, #836, #5212, #521 ) ) ;
#1392 = CARTESIAN_POINT ( 'NONE',  ( 8.975561016497188405, -39.51178793479904527, 3.000000000000000000 ) ) ;
#1393 = FACE_OUTER_BOUND ( 'NONE', #189, .T. ) ;
#1394 = CARTESIAN_POINT ( 'NONE',  ( -41.78782610431035494, 8.227131302946323999, 3.000000000000000000 ) ) ;
#1395 = AXIS2_PLACEMENT_3D ( 'NONE', #3885, #1320, #5167 ) ;
#1396 = VECTOR ( 'NONE', #5413, 1000.000000000000000 ) ;
#1397 = ORIENTED_EDGE ( 'NONE', *, *, #1060, .F. ) ;
#1398 = ORIENTED_EDGE ( 'NONE', *, *, #2257, .F. ) ;
#1399 = AXIS2_PLACEMENT_3D ( 'NONE', #4767, #1770, #2499 ) ;
#1400 = ORIENTED_EDGE ( 'NONE', *, *, #2853, .F. ) ;
#1401 = CIRCLE ( 'NONE', #3557, 8.694264425220763925 ) ;
#1402 = PLANE ( 'NONE',  #2992 ) ;
#1403 = FACE_BOUND ( 'NONE', #2236, .T. ) ;
#1404 = VECTOR ( 'NONE', #1211, 1000.000000000000114 ) ;
#1405 = LINE ( 'NONE', #2333, #2568 ) ;
#1406 = FACE_BOUND ( 'NONE', #1518, .T. ) ;
#1407 = EDGE_CURVE ( 'NONE', #4485, #375, #2672, .T. ) ;
#1408 = DIRECTION ( 'NONE',  ( -0.000000000000000000, -0.000000000000000000, -1.000000000000000000 ) ) ;
#1409 = ORIENTED_EDGE ( 'NONE', *, *, #2541, .T. ) ;
#1410 = ORIENTED_EDGE ( 'NONE', *, *, #1742, .T. ) ;
#1411 = MECHANICAL_DESIGN_GEOMETRIC_PRESENTATION_REPRESENTATION (  '', ( #1307 ), #1050 ) ;
#1412 = DIRECTION ( 'NONE',  ( 0.000000000000000000, 0.000000000000000000, -1.000000000000000000 ) ) ;
#1413 = CARTESIAN_POINT ( 'NONE',  ( -41.78782610431023414, -8.227131302946926183, 3.000000000000000000 ) ) ;
#1414 = ORIENTED_EDGE ( 'NONE', *, *, #1591, .T. ) ;
#1415 = EDGE_CURVE ( 'NONE', #2922, #5365, #50, .T. ) ;
#1416 = AXIS2_PLACEMENT_3D ( 'NONE', #270, #1929, #3655 ) ;
#1417 = ORIENTED_EDGE ( 'NONE', *, *, #1298, .T. ) ;
#1418 = EDGE_CURVE ( 'NONE', #348, #4210, #70, .T. ) ;
#1419 = CARTESIAN_POINT ( 'NONE',  ( 0.3883374136555626244, -40.87187053907685907, 0.000000000000000000 ) ) ;
#1420 = CARTESIAN_POINT ( 'NONE',  ( -40.58972689284099999, -6.071532165918824830E-15, 3.000000000000000000 ) ) ;
#1421 = FACE_OUTER_BOUND ( 'NONE', #4245, .T. ) ;
#1422 = EDGE_CURVE ( 'NONE', #2071, #3566, #2958, .T. ) ;
#1423 = ORIENTED_EDGE ( 'NONE', *, *, #1917, .T. ) ;
#1424 = DIRECTION ( 'NONE',  ( 0.000000000000000000, 0.000000000000000000, 1.000000000000000000 ) ) ;
#1425 = CARTESIAN_POINT ( 'NONE',  ( 0.3883374136549826994, 40.87187053907685197, 3.000000000000000000 ) ) ;
#1426 = DIRECTION ( 'NONE',  ( -0.000000000000000000, 0.000000000000000000, 1.000000000000000000 ) ) ;
#1427 =( NAMED_UNIT ( * ) SI_UNIT ( $, .STERADIAN. ) SOLID_ANGLE_UNIT ( ) );
#1428 = ORIENTED_EDGE ( 'NONE', *, *, #5450, .T. ) ;
#1429 = ORIENTED_EDGE ( 'NONE', *, *, #4442, .F. ) ;
#1430 = LINE ( 'NONE', #4501, #4254 ) ;
#1431 = DIRECTION ( 'NONE',  ( -0.000000000000000000, -0.000000000000000000, 1.000000000000000000 ) ) ;
#1432 = FACE_OUTER_BOUND ( 'NONE', #4438, .T. ) ;
#1433 = CARTESIAN_POINT ( 'NONE',  ( -20.50176531472102681, -37.33076102867583046, 0.000000000000000000 ) ) ;
#1434 = CIRCLE ( 'NONE', #2135, 4.005000000000006111 ) ;
#1435 = DIRECTION ( 'NONE',  ( -0.5528493477548627189, -0.8332812242496664412, 0.000000000000000000 ) ) ;
#1436 = ADVANCED_FACE ( 'NONE', ( #3904 ), #37, .F. ) ;
#1437 = ORIENTED_EDGE ( 'NONE', *, *, #2022, .F. ) ;
#1438 = AXIS2_PLACEMENT_3D ( 'NONE', #3206, #641, #2763 ) ;
#1439 = ORIENTED_EDGE ( 'NONE', *, *, #1882, .T. ) ;
#1440 = CARTESIAN_POINT ( 'NONE',  ( 29.06372042894343011, 31.13210970731372029, 3.000000000000000000 ) ) ;
#1441 = DIRECTION ( 'NONE',  ( 0.9325400316191062577, -0.3610665997123470028, -0.000000000000000000 ) ) ;
#1442 = VERTEX_POINT ( 'NONE', #3072 ) ;
#1443 = ORIENTED_EDGE ( 'NONE', *, *, #2616, .F. ) ;
#1444 = CIRCLE ( 'NONE', #1157, 2.125000000000000444 ) ;
#1445 = AXIS2_PLACEMENT_3D ( 'NONE', #1196, #1175, #5075 ) ;
#1446 = EDGE_CURVE ( 'NONE', #2303, #2345, #5132, .T. ) ;
#1447 = EDGE_LOOP ( 'NONE', ( #3744, #4015, #5468, #952 ) ) ;
#1448 = AXIS2_PLACEMENT_3D ( 'NONE', #5353, #5305, #2628 ) ;
#1449 = AXIS2_PLACEMENT_3D ( 'NONE', #3381, #5573, #391 ) ;
#1450 = DIRECTION ( 'NONE',  ( 0.7829358478692725054, 0.6221024498595253416, -0.000000000000000000 ) ) ;
#1451 = ADVANCED_FACE ( 'NONE', ( #496 ), #801, .T. ) ;
#1452 = ORIENTED_EDGE ( 'NONE', *, *, #144, .T. ) ;
#1453 = CARTESIAN_POINT ( 'NONE',  ( -34.58360451648724876, 12.63458943475418295, 0.000000000000000000 ) ) ;
#1454 = DIRECTION ( 'NONE',  ( -1.000000000000000000, 0.000000000000000000, 0.000000000000000000 ) ) ;
#1455 = DIRECTION ( 'NONE',  ( -0.000000000000000000, -0.000000000000000000, -1.000000000000000000 ) ) ;
#1456 = ORIENTED_EDGE ( 'NONE', *, *, #474, .T. ) ;
#1457 = VERTEX_POINT ( 'NONE', #826 ) ;
#1458 = CARTESIAN_POINT ( 'NONE',  ( 4.252355189909522437, -40.25987024618072496, 0.000000000000000000 ) ) ;
#1459 = FACE_OUTER_BOUND ( 'NONE', #2722, .T. ) ;
#1460 = DIRECTION ( 'NONE',  ( 0.9510565162951545304, -0.3090169943749442871, 0.000000000000000000 ) ) ;
#1461 = CARTESIAN_POINT ( 'NONE',  ( -38.60312425607723696, -12.54291540692518936, 3.000000000000000000 ) ) ;
#1462 = DIRECTION ( 'NONE',  ( -1.000000000000000000, 0.000000000000000000, 0.000000000000000000 ) ) ;
#1463 = EDGE_LOOP ( 'NONE', ( #4912, #4263, #114, #67, #5292, #5244, #2741, #115, #925, #404, #4756, #196, #5030, #3169, #2673, #2171, #2329, #592, #4813, #82, #2927, #2465, #5184, #3858, #1397, #4227, #3943, #4599, #3761, #1439, #168, #2439, #3560, #3887, #4364, #1049, #3348, #766, #720, #3581, #3130, #918, #2172, #228, #3286, #5183, #783, #1676, #2690, #3506, #2515, #2935, #3039, #664, #264, #4478, #46, #1071, #614, #1802, #1975, #4865, #39, #4181, #1282, #702, #4408, #4532, #4915, #460, #1934, #2280, #1456, #5027, #642, #2065, #489, #5147, #4463, #5254, #1104, #3261, #5251, #1080, #4186, #673, #2370, #2330, #643, #5536, #2906, #330, #2553, #697, #1276, #5, #384, #4656, #2980, #1984, #3707, #5424, #832, #934, #3910, #4273, #3191, #3527, #152, #1914, #803, #1075, #1138, #3931, #905, #1525, #890, #1940, #5206, #374, #932, #3129, #1728, #2630, #781, #3640, #2157, #5266, #3719, #1054, #4742 ) ) ;
#1464 = VERTEX_POINT ( 'NONE', #2547 ) ;
#1465 = ORIENTED_EDGE ( 'NONE', *, *, #3584, .T. ) ;
#1466 = DIRECTION ( 'NONE',  ( 1.000000000000000000, 0.000000000000000000, 0.000000000000000000 ) ) ;
#1467 = DIRECTION ( 'NONE',  ( -1.000000000000000000, 0.000000000000000000, 0.000000000000000000 ) ) ;
#1468 = EDGE_LOOP ( 'NONE', ( #3959, #1830 ) ) ;
#1469 = ORIENTED_EDGE ( 'NONE', *, *, #1627, .F. ) ;
#1470 = CARTESIAN_POINT ( 'NONE',  ( -40.94573803496158604, -8.778039249333795979, 0.000000000000000000 ) ) ;
#1471 = EDGE_CURVE ( 'NONE', #2851, #4577, #3851, .T. ) ;
#1472 = CARTESIAN_POINT ( 'NONE',  ( 0.000000000000000000, 0.000000000000000000, 0.000000000000000000 ) ) ;
#1473 = CARTESIAN_POINT ( 'NONE',  ( 35.19267991137098051, -20.46393609590010243, 0.000000000000000000 ) ) ;
#1474 = DIRECTION ( 'NONE',  ( -0.000000000000000000, -0.000000000000000000, -1.000000000000000000 ) ) ;
#1475 = EDGE_CURVE ( 'NONE', #1625, #2213, #1856, .T. ) ;
#1476 = VECTOR ( 'NONE', #616, 1000.000000000000000 ) ;
#1477 = EDGE_LOOP ( 'NONE', ( #2955, #4873, #4178, #2100 ) ) ;
#1478 = ORIENTED_EDGE ( 'NONE', *, *, #2285, .T. ) ;
#1479 = CARTESIAN_POINT ( 'NONE',  ( 41.72493748217466702, 4.224442581619821446, 0.000000000000000000 ) ) ;
#1480 = FACE_OUTER_BOUND ( 'NONE', #3105, .T. ) ;
#1481 = AXIS2_PLACEMENT_3D ( 'NONE', #751, #283, #5487 ) ;
#1482 = CARTESIAN_POINT ( 'NONE',  ( 28.78256221127061210, 7.572856961168760392, 3.000000000000000000 ) ) ;
#1483 = FACE_BOUND ( 'NONE', #4849, .T. ) ;
#1484 = DIRECTION ( 'NONE',  ( 0.9656484390698052422, 0.2598520581447232303, -0.000000000000000000 ) ) ;
#1485 = ADVANCED_FACE ( 'NONE', ( #165 ), #132, .F. ) ;
#1486 = VECTOR ( 'NONE', #1147, 1000.000000000000000 ) ;
#1487 = CIRCLE ( 'NONE', #1127, 2.124999999999998224 ) ;
#1488 = CIRCLE ( 'NONE', #590, 8.694264425220763925 ) ;
#1489 = ORIENTED_EDGE ( 'NONE', *, *, #3618, .T. ) ;
#1490 = VERTEX_POINT ( 'NONE', #1035 ) ;
#1491 = AXIS2_PLACEMENT_3D ( 'NONE', #4877, #1362, #3088 ) ;
#1492 = CYLINDRICAL_SURFACE ( 'NONE', #4100, 2.125000000000000444 ) ;
#1493 = DIRECTION ( 'NONE',  ( -0.000000000000000000, -0.000000000000000000, -1.000000000000000000 ) ) ;
#1494 = VECTOR ( 'NONE', #407, 1000.000000000000000 ) ;
#1495 = ORIENTED_EDGE ( 'NONE', *, *, #202, .F. ) ;
#1496 = CIRCLE ( 'NONE', #4648, 8.694264425220769255 ) ;
#1497 = VERTEX_POINT ( 'NONE', #1907 ) ;
#1498 = AXIS2_PLACEMENT_3D ( 'NONE', #1851, #192, #1460 ) ;
#1499 = DIRECTION ( 'NONE',  ( -1.000000000000000000, 0.000000000000000000, 0.000000000000000000 ) ) ;
#1500 = EDGE_LOOP ( 'NONE', ( #466, #3791, #2737, #1833 ) ) ;
#1501 = CARTESIAN_POINT ( 'NONE',  ( -7.957593093618504199, -41.83999058504191737, 0.000000000000000000 ) ) ;
#1502 = DIRECTION ( 'NONE',  ( -0.9985716658061524198, -0.05342872120054900642, 0.000000000000000000 ) ) ;
#1503 = DIRECTION ( 'NONE',  ( -0.9364371775568758327, -0.3508353067884020238, 0.000000000000000000 ) ) ;
#1504 = VECTOR ( 'NONE', #4925, 999.9999999999998863 ) ;
#1505 = CARTESIAN_POINT ( 'NONE',  ( 12.93125282058016090, 38.88526790231303920, 0.000000000000000000 ) ) ;
#1506 = EDGE_CURVE ( 'NONE', #1683, #4041, #5341, .T. ) ;
#1507 = PLANE ( 'NONE',  #4996 ) ;
#1508 = DIRECTION ( 'NONE',  ( 0.000000000000000000, 0.000000000000000000, 1.000000000000000000 ) ) ;
#1509 = DIRECTION ( 'NONE',  ( -0.9648138802460244356, -0.2629337872632767081, 0.000000000000000000 ) ) ;
#1510 = FACE_OUTER_BOUND ( 'NONE', #1500, .T. ) ;
#1511 = ORIENTED_EDGE ( 'NONE', *, *, #1125, .F. ) ;
#1512 = EDGE_LOOP ( 'NONE', ( #3181, #1763, #2414, #3375 ) ) ;
#1513 = CARTESIAN_POINT ( 'NONE',  ( 38.74107973018827522, 17.69284718012327673, 3.000000000000000000 ) ) ;
#1514 = EDGE_CURVE ( 'NONE', #2820, #1457, #4061, .T. ) ;
#1515 = DIRECTION ( 'NONE',  ( -0.000000000000000000, -0.000000000000000000, -1.000000000000000000 ) ) ;
#1516 = DIRECTION ( 'NONE',  ( -0.000000000000000000, -0.000000000000000000, -1.000000000000000000 ) ) ;
#1517 = FACE_OUTER_BOUND ( 'NONE', #5348, .T. ) ;
#1518 = EDGE_LOOP ( 'NONE', ( #4879, #3993 ) ) ;
#1519 = CIRCLE ( 'NONE', #984, 2.124999999999998224 ) ;
#1520 = ORIENTED_EDGE ( 'NONE', *, *, #1004, .T. ) ;
#1521 = DIRECTION ( 'NONE',  ( -0.000000000000000000, -0.000000000000000000, -1.000000000000000000 ) ) ;
#1522 = AXIS2_PLACEMENT_3D ( 'NONE', #4784, #2513, #1332 ) ;
#1523 = AXIS2_PLACEMENT_3D ( 'NONE', #2200, #3087, #971 ) ;
#1524 = AXIS2_PLACEMENT_3D ( 'NONE', #733, #3246, #3697 ) ;
#1525 = ORIENTED_EDGE ( 'NONE', *, *, #4235, .T. ) ;
#1526 = CARTESIAN_POINT ( 'NONE',  ( 0.000000000000000000, 0.000000000000000000, 3.000000000000000000 ) ) ;
#1527 = CARTESIAN_POINT ( 'NONE',  ( 23.85576211353298248, 15.00000000000030376, 0.000000000000000000 ) ) ;
#1528 = DIRECTION ( 'NONE',  ( -0.000000000000000000, -0.000000000000000000, 1.000000000000000000 ) ) ;
#1529 = EDGE_CURVE ( 'NONE', #4858, #1537, #4883, .T. ) ;
#1530 = CARTESIAN_POINT ( 'NONE',  ( -3.659028418257547877, -40.25987024618076049, 0.000000000000000000 ) ) ;
#1531 = CARTESIAN_POINT ( 'NONE',  ( 36.33288492289322136, 20.94598947935135413, 0.000000000000000000 ) ) ;
#1532 = CARTESIAN_POINT ( 'NONE',  ( 42.30279717274501650, 4.937757726093640720, 0.000000000000000000 ) ) ;
#1533 = CARTESIAN_POINT ( 'NONE',  ( 23.85576211353314946, -15.00000000000001421, 10.00000000000000000 ) ) ;
#1534 = DIRECTION ( 'NONE',  ( 0.000000000000000000, 0.000000000000000000, 1.000000000000000000 ) ) ;
#1535 = CIRCLE ( 'NONE', #2988, 8.694264425220763925 ) ;
#1536 = EDGE_LOOP ( 'NONE', ( #1996, #2981 ) ) ;
#1537 = VERTEX_POINT ( 'NONE', #5314 ) ;
#1538 = VERTEX_POINT ( 'NONE', #4083 ) ;
#1539 = CARTESIAN_POINT ( 'NONE',  ( 2.124999999999997335, -30.00000000000000000, 10.00000000000000000 ) ) ;
#1540 = LINE ( 'NONE', #1596, #4823 ) ;
#1541 = CARTESIAN_POINT ( 'NONE',  ( -41.78782610431035494, 8.227131302946323999, 0.000000000000000000 ) ) ;
#1542 = EDGE_LOOP ( 'NONE', ( #1581, #2588, #2240, #4251 ) ) ;
#1543 = ADVANCED_FACE ( 'NONE', ( #3537 ), #3125, .T. ) ;
#1544 = ORIENTED_EDGE ( 'NONE', *, *, #3613, .F. ) ;
#1545 = VECTOR ( 'NONE', #524, 1000.000000000000000 ) ;
#1546 = DIRECTION ( 'NONE',  ( -0.000000000000000000, -0.000000000000000000, -1.000000000000000000 ) ) ;
#1547 = VERTEX_POINT ( 'NONE', #2308 ) ;
#1548 = EDGE_CURVE ( 'NONE', #3148, #24, #4033, .T. ) ;
#1549 = ORIENTED_EDGE ( 'NONE', *, *, #5563, .F. ) ;
#1550 = PLANE ( 'NONE',  #58 ) ;
#1551 = CARTESIAN_POINT ( 'NONE',  ( 14.99999999999999112, -25.98076211353316367, 10.00000000000000000 ) ) ;
#1552 = CARTESIAN_POINT ( 'NONE',  ( 41.00932234579957480, 8.784480569375514136, 0.000000000000000000 ) ) ;
#1553 = VECTOR ( 'NONE', #3927, 1000.000000000000000 ) ;
#1554 = EDGE_LOOP ( 'NONE', ( #2500, #1149, #5384, #4071 ) ) ;
#1555 = DIRECTION ( 'NONE',  ( -0.000000000000000000, -0.000000000000000000, -1.000000000000000000 ) ) ;
#1556 = CARTESIAN_POINT ( 'NONE',  ( 9.082601838876325218, -40.87187053907685907, 0.000000000000000000 ) ) ;
#1557 = DIRECTION ( 'NONE',  ( 0.3090169943749445647, 0.9510565162951545304, 0.000000000000000000 ) ) ;
#1558 = CARTESIAN_POINT ( 'NONE',  ( -32.78112118826224020, -24.03241722527476298, 0.000000000000000000 ) ) ;
#1559 = VECTOR ( 'NONE', #5015, 1000.000000000000000 ) ;
#1560 = CARTESIAN_POINT ( 'NONE',  ( -16.29376525559285938, -24.90576768131589702, 3.000000000000000000 ) ) ;
#1561 = EDGE_LOOP ( 'NONE', ( #5369, #807, #476, #4336 ) ) ;
#1562 = AXIS2_PLACEMENT_3D ( 'NONE', #4518, #2371, #3582 ) ;
#1563 = ORIENTED_EDGE ( 'NONE', *, *, #4896, .T. ) ;
#1564 = DIRECTION ( 'NONE',  ( 0.9510565162951574170, -0.3090169943749353498, 0.000000000000000000 ) ) ;
#1565 = EDGE_CURVE ( 'NONE', #3326, #2189, #1669, .T. ) ;
#1566 = LINE ( 'NONE', #3709, #1294 ) ;
#1567 = DIRECTION ( 'NONE',  ( -1.000000000000000000, 0.000000000000000000, 0.000000000000000000 ) ) ;
#1568 = ORIENTED_EDGE ( 'NONE', *, *, #1855, .F. ) ;
#1569 = DIRECTION ( 'NONE',  ( 0.5877852522924711387, 0.8090169943749488946, 0.000000000000000000 ) ) ;
#1570 = ORIENTED_EDGE ( 'NONE', *, *, #3501, .F. ) ;
#1571 = VECTOR ( 'NONE', #478, 1000.000000000000000 ) ;
#1572 = AXIS2_PLACEMENT_3D ( 'NONE', #2868, #4164, #2461 ) ;
#1573 = ORIENTED_EDGE ( 'NONE', *, *, #4410, .F. ) ;
#1574 = CIRCLE ( 'NONE', #597, 2.125000000000000888 ) ;
#1575 = VECTOR ( 'NONE', #3073, 1000.000000000000000 ) ;
#1576 = CARTESIAN_POINT ( 'NONE',  ( -31.01462764118190307, 28.15835394795178814, 0.000000000000000000 ) ) ;
#1577 = EDGE_CURVE ( 'NONE', #1006, #303, #3600, .T. ) ;
#1578 = VECTOR ( 'NONE', #5198, 1000.000000000000000 ) ;
#1579 = VECTOR ( 'NONE', #2811, 1000.000000000000000 ) ;
#1580 = VECTOR ( 'NONE', #3420, 1000.000000000000000 ) ;
#1581 = ORIENTED_EDGE ( 'NONE', *, *, #4650, .F. ) ;
#1582 = DIRECTION ( 'NONE',  ( -0.000000000000000000, -0.000000000000000000, -1.000000000000000000 ) ) ;
#1583 = EDGE_CURVE ( 'NONE', #3861, #1030, #5016, .T. ) ;
#1584 = CARTESIAN_POINT ( 'NONE',  ( 33.37444795991373780, 24.03241722527500457, 3.000000000000000000 ) ) ;
#1585 = LINE ( 'NONE', #4605, #1895 ) ;
#1586 = DIRECTION ( 'NONE',  ( 0.000000000000000000, 0.000000000000000000, 1.000000000000000000 ) ) ;
#1587 = PLANE ( 'NONE',  #5363 ) ;
#1588 = FACE_OUTER_BOUND ( 'NONE', #5475, .T. ) ;
#1589 = CARTESIAN_POINT ( 'NONE',  ( -34.58360451648724876, 12.63458943475418295, 3.000000000000000000 ) ) ;
#1590 = DIRECTION ( 'NONE',  ( -0.8412202266195392131, -0.5406926394229637500, 0.000000000000000000 ) ) ;
#1591 = EDGE_CURVE ( 'NONE', #701, #52, #2273, .T. ) ;
#1592 = VERTEX_POINT ( 'NONE', #1790 ) ;
#1593 = VERTEX_POINT ( 'NONE', #4905 ) ;
#1594 = FACE_OUTER_BOUND ( 'NONE', #3650, .T. ) ;
#1595 = CARTESIAN_POINT ( 'NONE',  ( 25.98076211353315301, -15.00000000000001421, 10.00000000000000000 ) ) ;
#1596 = CARTESIAN_POINT ( 'NONE',  ( -28.77612118826223764, -24.03241722527476298, 0.000000000000000000 ) ) ;
#1597 = VERTEX_POINT ( 'NONE', #617 ) ;
#1598 = CARTESIAN_POINT ( 'NONE',  ( 12.87499999999966604, 25.98076211353335196, 0.000000000000000000 ) ) ;
#1599 = ORIENTED_EDGE ( 'NONE', *, *, #2266, .F. ) ;
#1600 = ORIENTED_EDGE ( 'NONE', *, *, #3750, .F. ) ;
#1601 = FACE_OUTER_BOUND ( 'NONE', #1204, .T. ) ;
#1602 = CIRCLE ( 'NONE', #1333, 8.694264425220771031 ) ;
#1603 = AXIS2_PLACEMENT_3D ( 'NONE', #167, #3180, #4457 ) ;
#1604 = EDGE_CURVE ( 'NONE', #3769, #3386, #1405, .T. ) ;
#1605 = ORIENTED_EDGE ( 'NONE', *, *, #3949, .F. ) ;
#1606 = PLANE ( 'NONE',  #2843 ) ;
#1607 = DIRECTION ( 'NONE',  ( 0.000000000000000000, -0.000000000000000000, 1.000000000000000000 ) ) ;
#1608 = CARTESIAN_POINT ( 'NONE',  ( -16.74447303340718562, 38.39834553817225071, 0.000000000000000000 ) ) ;
#1609 = CIRCLE ( 'NONE', #3690, 8.694264425220769255 ) ;
#1610 = VECTOR ( 'NONE', #297, 1000.000000000000000 ) ;
#1611 = EDGE_CURVE ( 'NONE', #690, #2921, #4852, .T. ) ;
#1612 = EDGE_LOOP ( 'NONE', ( #1761, #1863, #4726, #4281 ) ) ;
#1613 = CARTESIAN_POINT ( 'NONE',  ( 20.76059948172580860, 34.89601652554522815, 0.000000000000000000 ) ) ;
#1614 = CIRCLE ( 'NONE', #2346, 4.005000000000003446 ) ;
#1615 = FACE_OUTER_BOUND ( 'NONE', #1554, .T. ) ;
#1616 = FACE_OUTER_BOUND ( 'NONE', #5337, .T. ) ;
#1617 = DIRECTION ( 'NONE',  ( -1.000000000000000000, 0.000000000000000000, 0.000000000000000000 ) ) ;
#1618 = ORIENTED_EDGE ( 'NONE', *, *, #997, .F. ) ;
#1619 = VERTEX_POINT ( 'NONE', #3509 ) ;
#1620 = LINE ( 'NONE', #1146, #56 ) ;
#1621 = ADVANCED_FACE ( 'NONE', ( #1432 ), #1372, .T. ) ;
#1622 = DIRECTION ( 'NONE',  ( -1.000000000000000000, 0.000000000000000000, 0.000000000000000000 ) ) ;
#1623 = DIRECTION ( 'NONE',  ( -1.000000000000000000, 0.000000000000000000, 0.000000000000000000 ) ) ;
#1624 = DIRECTION ( 'NONE',  ( 0.000000000000000000, 0.000000000000000000, -1.000000000000000000 ) ) ;
#1625 = VERTEX_POINT ( 'NONE', #4399 ) ;
#1626 = CARTESIAN_POINT ( 'NONE',  ( 33.30881660225542618, -24.09804858293331975, 0.000000000000000000 ) ) ;
#1627 = EDGE_CURVE ( 'NONE', #2625, #4409, #526, .T. ) ;
#1628 = ORIENTED_EDGE ( 'NONE', *, *, #1060, .T. ) ;
#1629 = CYLINDRICAL_SURFACE ( 'NONE', #5280, 2.124999999999998224 ) ;
#1630 = EDGE_CURVE ( 'NONE', #785, #777, #3032, .T. ) ;
#1631 = ORIENTED_EDGE ( 'NONE', *, *, #4976, .F. ) ;
#1632 = CARTESIAN_POINT ( 'NONE',  ( -12.87500000000002665, 25.98076211353313525, 10.00000000000000000 ) ) ;
#1633 = LINE ( 'NONE', #2531, #1842 ) ;
#1634 = LINE ( 'NONE', #3351, #183 ) ;
#1635 = ADVANCED_FACE ( 'NONE', ( #3570 ), #2037, .T. ) ;
#1636 = CARTESIAN_POINT ( 'NONE',  ( 40.55653363200659101, -3.955691804083529828, 0.000000000000000000 ) ) ;
#1637 = FILL_AREA_STYLE_COLOUR ( '', #5197 ) ;
#1638 = DIRECTION ( 'NONE',  ( 1.000000000000000000, 0.000000000000000000, 0.000000000000000000 ) ) ;
#1639 = EDGE_CURVE ( 'NONE', #2858, #2283, #603, .T. ) ;
#1640 = EDGE_CURVE ( 'NONE', #2879, #3255, #3030, .T. ) ;
#1641 = DIRECTION ( 'NONE',  ( 1.000000000000000000, 0.000000000000000000, 0.000000000000000000 ) ) ;
#1642 = VERTEX_POINT ( 'NONE', #5042 ) ;
#1643 = VERTEX_POINT ( 'NONE', #5412 ) ;
#1644 = VECTOR ( 'NONE', #4109, 1000.000000000000000 ) ;
#1645 = DIRECTION ( 'NONE',  ( 0.000000000000000000, 0.000000000000000000, 1.000000000000000000 ) ) ;
#1646 = LINE ( 'NONE', #5076, #4639 ) ;
#1647 = DIRECTION ( 'NONE',  ( 0.000000000000000000, 0.000000000000000000, 1.000000000000000000 ) ) ;
#1648 = DIRECTION ( 'NONE',  ( 0.000000000000000000, -0.000000000000000000, 1.000000000000000000 ) ) ;
#1649 = EDGE_CURVE ( 'NONE', #3159, #3942, #687, .T. ) ;
#1650 = EDGE_LOOP ( 'NONE', ( #3897, #698, #5486, #1872 ) ) ;
#1651 = CARTESIAN_POINT ( 'NONE',  ( 37.21864685947008411, 20.70459914970725279, 3.000000000000000000 ) ) ;
#1652 = AXIS2_PLACEMENT_3D ( 'NONE', #1385, #4712, #3834 ) ;
#1653 = CARTESIAN_POINT ( 'NONE',  ( 0.000000000000000000, 0.000000000000000000, 10.00000000000000000 ) ) ;
#1654 = ORIENTED_EDGE ( 'NONE', *, *, #2082, .F. ) ;
#1655 = CARTESIAN_POINT ( 'NONE',  ( 9.082501176170184820, 40.91370791742391333, 0.000000000000000000 ) ) ;
#1656 = VECTOR ( 'NONE', #1441, 1000.000000000000114 ) ;
#1657 = ADVANCED_FACE ( 'NONE', ( #1089 ), #2437, .T. ) ;
#1658 = AXIS2_PLACEMENT_3D ( 'NONE', #110, #4487, #142 ) ;
#1659 = AXIS2_PLACEMENT_3D ( 'NONE', #688, #3759, #2894 ) ;
#1660 = CIRCLE ( 'NONE', #137, 42.59000000000001052 ) ;
#1661 = AXIS2_PLACEMENT_3D ( 'NONE', #2152, #3852, #860 ) ;
#1662 = ORIENTED_EDGE ( 'NONE', *, *, #5005, .F. ) ;
#1663 = VECTOR ( 'NONE', #5407, 1000.000000000000000 ) ;
#1664 = CARTESIAN_POINT ( 'NONE',  ( -18.51509051479405343, -23.30183411727379550, 3.000000000000000000 ) ) ;
#1665 = DIRECTION ( 'NONE',  ( -0.000000000000000000, 0.000000000000000000, 1.000000000000000000 ) ) ;
#1666 = AXIS2_PLACEMENT_3D ( 'NONE', #2867, #714, #735 ) ;
#1667 = ORIENTED_EDGE ( 'NONE', *, *, #562, .T. ) ;
#1668 = CARTESIAN_POINT ( 'NONE',  ( 4.597221758082340237, -41.66633502243075071, 0.000000000000000000 ) ) ;
#1669 = CIRCLE ( 'NONE', #4929, 2.125000000000000888 ) ;
#1670 = CARTESIAN_POINT ( 'NONE',  ( 4.597221758081755816, 41.66633502243081466, 0.000000000000000000 ) ) ;
#1671 = CARTESIAN_POINT ( 'NONE',  ( -27.00000000000000000, 0.000000000000000000, 3.490000000000000213 ) ) ;
#1672 = ORIENTED_EDGE ( 'NONE', *, *, #51, .T. ) ;
#1673 = DIRECTION ( 'NONE',  ( 0.000000000000000000, 0.000000000000000000, -1.000000000000000000 ) ) ;
#1674 = ORIENTED_EDGE ( 'NONE', *, *, #2727, .F. ) ;
#1675 = EDGE_CURVE ( 'NONE', #2938, #2420, #768, .T. ) ;
#1676 = ORIENTED_EDGE ( 'NONE', *, *, #1029, .T. ) ;
#1677 = CARTESIAN_POINT ( 'NONE',  ( -12.24625202109920075, -38.89978764190311722, 0.000000000000000000 ) ) ;
#1678 = CARTESIAN_POINT ( 'NONE',  ( 4.252355189909522437, -40.25987024618072496, 3.000000000000000000 ) ) ;
#1679 = DIRECTION ( 'NONE',  ( -1.000000000000000000, 0.000000000000000000, 0.000000000000000000 ) ) ;
#1680 = DIRECTION ( 'NONE',  ( 1.000000000000000000, 0.000000000000000000, 0.000000000000000000 ) ) ;
#1681 = VERTEX_POINT ( 'NONE', #269 ) ;
#1682 = CARTESIAN_POINT ( 'NONE',  ( -38.21857202264963860, 17.13203161488413784, 3.000000000000000000 ) ) ;
#1683 = VERTEX_POINT ( 'NONE', #1190 ) ;
#1684 = CIRCLE ( 'NONE', #2218, 4.005000000000001670 ) ;
#1685 = EDGE_CURVE ( 'NONE', #4207, #3490, #3658, .T. ) ;
#1686 = DIRECTION ( 'NONE',  ( -1.000000000000000000, 0.000000000000000000, 0.000000000000000000 ) ) ;
#1687 = VERTEX_POINT ( 'NONE', #3758 ) ;
#1688 = DIRECTION ( 'NONE',  ( -0.000000000000000000, -0.000000000000000000, -1.000000000000000000 ) ) ;
#1689 = ADVANCED_FACE ( 'NONE', ( #2915 ), #244, .T. ) ;
#1690 = ORIENTED_EDGE ( 'NONE', *, *, #3886, .F. ) ;
#1691 = DIRECTION ( 'NONE',  ( -0.3603684498749616938, -0.9328100451510571434, 0.000000000000000000 ) ) ;
#1692 = CARTESIAN_POINT ( 'NONE',  ( -25.98076211353316367, -14.99999999999999467, 0.000000000000000000 ) ) ;
#1693 = CARTESIAN_POINT ( 'NONE',  ( -25.98076211353316367, -14.99999999999999467, 0.000000000000000000 ) ) ;
#1694 = ADVANCED_FACE ( 'NONE', ( #1615 ), #1110, .T. ) ;
#1695 = VECTOR ( 'NONE', #1769, 1000.000000000000000 ) ;
#1696 = DIRECTION ( 'NONE',  ( 1.000000000000000000, 0.000000000000000000, 0.000000000000000000 ) ) ;
#1697 = CYLINDRICAL_SURFACE ( 'NONE', #5193, 2.125000000000001776 ) ;
#1698 = EDGE_CURVE ( 'NONE', #3416, #492, #291, .T. ) ;
#1699 = DIRECTION ( 'NONE',  ( -1.000000000000000000, 0.000000000000000000, 0.000000000000000000 ) ) ;
#1700 =( GEOMETRIC_REPRESENTATION_CONTEXT ( 3 ) GLOBAL_UNCERTAINTY_ASSIGNED_CONTEXT ( ( #2277 ) ) GLOBAL_UNIT_ASSIGNED_CONTEXT ( ( #3565, #3173, #1427 ) ) REPRESENTATION_CONTEXT ( 'NONE', 'WORKASPACE' ) );
#1701 = EDGE_LOOP ( 'NONE', ( #1944, #3346, #4941, #580 ) ) ;
#1702 = AXIS2_PLACEMENT_3D ( 'NONE', #519, #2295, #3499 ) ;
#1703 = ORIENTED_EDGE ( 'NONE', *, *, #5255, .T. ) ;
#1704 = AXIS2_PLACEMENT_3D ( 'NONE', #3723, #3271, #1135 ) ;
#1705 = LINE ( 'NONE', #773, #4324 ) ;
#1706 = DIRECTION ( 'NONE',  ( -0.8090169943749505599, 0.5877852522924685852, 0.000000000000000000 ) ) ;
#1707 = CARTESIAN_POINT ( 'NONE',  ( 41.00932234579957480, 8.784480569375514136, 0.000000000000000000 ) ) ;
#1708 = CARTESIAN_POINT ( 'NONE',  ( 42.30279717274500939, -4.937757726093670918, 0.000000000000000000 ) ) ;
#1709 = ORIENTED_EDGE ( 'NONE', *, *, #4855, .F. ) ;
#1710 = CARTESIAN_POINT ( 'NONE',  ( -23.65305350419423291, 33.11992249958210266, 0.000000000000000000 ) ) ;
#1711 = EDGE_CURVE ( 'NONE', #2255, #1681, #1216, .T. ) ;
#1712 = CARTESIAN_POINT ( 'NONE',  ( -23.85576211353315657, 15.00000000000000355, 3.490000000000000213 ) ) ;
#1713 = EDGE_LOOP ( 'NONE', ( #5444, #1249, #1144, #2521 ) ) ;
#1714 = LINE ( 'NONE', #2770, #5091 ) ;
#1715 = ADVANCED_FACE ( 'NONE', ( #4191 ), #659, .F. ) ;
#1716 = ORIENTED_EDGE ( 'NONE', *, *, #3754, .F. ) ;
#1717 = LINE ( 'NONE', #1745, #1288 ) ;
#1718 = DIRECTION ( 'NONE',  ( -0.000000000000000000, 0.000000000000000000, 1.000000000000000000 ) ) ;
#1719 = CYLINDRICAL_SURFACE ( 'NONE', #4682, 4.005000000000005222 ) ;
#1720 = EDGE_CURVE ( 'NONE', #762, #3813, #321, .T. ) ;
#1721 = CARTESIAN_POINT ( 'NONE',  ( 18.08707482534176947, -38.55860246770478028, 3.000000000000000000 ) ) ;
#1722 = ORIENTED_EDGE ( 'NONE', *, *, #3614, .T. ) ;
#1723 = CYLINDRICAL_SURFACE ( 'NONE', #2397, 42.59000000000001052 ) ;
#1724 = DIRECTION ( 'NONE',  ( 1.000000000000000000, 0.000000000000000000, 0.000000000000000000 ) ) ;
#1725 = DIRECTION ( 'NONE',  ( -0.000000000000000000, -0.000000000000000000, -1.000000000000000000 ) ) ;
#1726 = ORIENTED_EDGE ( 'NONE', *, *, #724, .F. ) ;
#1727 = ORIENTED_EDGE ( 'NONE', *, *, #4264, .T. ) ;
#1728 = ORIENTED_EDGE ( 'NONE', *, *, #3501, .T. ) ;
#1729 = DIRECTION ( 'NONE',  ( 1.000000000000000000, 0.000000000000000000, 0.000000000000000000 ) ) ;
#1730 = CARTESIAN_POINT ( 'NONE',  ( 17.21325967034675841, 38.23122844270247356, 3.000000000000000000 ) ) ;
#1731 = CARTESIAN_POINT ( 'NONE',  ( 17.12499999999966604, 25.98076211353335196, 0.000000000000000000 ) ) ;
#1732 = LINE ( 'NONE', #3397, #4105 ) ;
#1733 = VERTEX_POINT ( 'NONE', #3654 ) ;
#1734 = FACE_OUTER_BOUND ( 'NONE', #2542, .T. ) ;
#1735 = ADVANCED_FACE ( 'NONE', ( #1588 ), #2834, .F. ) ;
#1736 = AXIS2_PLACEMENT_3D ( 'NONE', #2294, #4781, #158 ) ;
#1737 = DIRECTION ( 'NONE',  ( 0.000000000000000000, 0.000000000000000000, 1.000000000000000000 ) ) ;
#1738 = ORIENTED_EDGE ( 'NONE', *, *, #1298, .F. ) ;
#1739 = CARTESIAN_POINT ( 'NONE',  ( 41.00932234579957480, 8.784480569375514136, 0.000000000000000000 ) ) ;
#1740 = CARTESIAN_POINT ( 'NONE',  ( 41.72493748217465992, -4.224442581619820558, 0.000000000000000000 ) ) ;
#1741 = CIRCLE ( 'NONE', #2917, 27.00000000000000000 ) ;
#1742 = EDGE_CURVE ( 'NONE', #5202, #2641, #47, .T. ) ;
#1743 = ORIENTED_EDGE ( 'NONE', *, *, #3871, .F. ) ;
#1744 = CIRCLE ( 'NONE', #1481, 2.125000000000001776 ) ;
#1745 = CARTESIAN_POINT ( 'NONE',  ( 29.06372042894388130, -31.13210970731329752, 3.000000000000000000 ) ) ;
#1746 = LINE ( 'NONE', #450, #3458 ) ;
#1747 = CARTESIAN_POINT ( 'NONE',  ( -23.85576211353315657, 15.00000000000000355, 0.000000000000000000 ) ) ;
#1748 = AXIS2_PLACEMENT_3D ( 'NONE', #623, #5346, #2685 ) ;
#1749 = CIRCLE ( 'NONE', #4197, 8.694264425220762149 ) ;
#1750 = CIRCLE ( 'NONE', #2024, 8.694264425220767478 ) ;
#1751 = EDGE_CURVE ( 'NONE', #1308, #296, #3224, .T. ) ;
#1753 = VERTEX_POINT ( 'NONE', #5096 ) ;
#1752 = CIRCLE ( 'NONE', #4469, 8.694264425220762149 ) ;
#1754 = DIRECTION ( 'NONE',  ( -0.5877852522924656986, -0.8090169943749528914, 0.000000000000000000 ) ) ;
#1755 = AXIS2_PLACEMENT_3D ( 'NONE', #825, #2577, #3850 ) ;
#1756 = CARTESIAN_POINT ( 'NONE',  ( -39.96320686035490155, -3.955691804083540042, 3.000000000000000000 ) ) ;
#1757 = FACE_OUTER_BOUND ( 'NONE', #989, .T. ) ;
#1758 = DIRECTION ( 'NONE',  ( -1.000000000000000000, 0.000000000000000000, 0.000000000000000000 ) ) ;
#1759 = AXIS2_PLACEMENT_3D ( 'NONE', #4527, #1956, #214 ) ;
#1760 = VERTEX_POINT ( 'NONE', #3413 ) ;
#1761 = ORIENTED_EDGE ( 'NONE', *, *, #1364, .F. ) ;
#1762 = VECTOR ( 'NONE', #639, 1000.000000000000000 ) ;
#1763 = ORIENTED_EDGE ( 'NONE', *, *, #3020, .F. ) ;
#1764 = LINE ( 'NONE', #3007, #893 ) ;
#1765 = FACE_BOUND ( 'NONE', #3263, .T. ) ;
#1766 = CARTESIAN_POINT ( 'NONE',  ( -30.00000000000000000, 1.836970198721062721E-15, 10.00000000000000000 ) ) ;
#1767 = CARTESIAN_POINT ( 'NONE',  ( 25.98076211353298248, 15.00000000000030376, 0.000000000000000000 ) ) ;
#1768 = EDGE_LOOP ( 'NONE', ( #508, #4842, #4093, #1883 ) ) ;
#1769 = DIRECTION ( 'NONE',  ( -0.000000000000000000, -0.000000000000000000, 1.000000000000000000 ) ) ;
#1770 = DIRECTION ( 'NONE',  ( 0.000000000000000000, 0.000000000000000000, -1.000000000000000000 ) ) ;
#1771 = EDGE_LOOP ( 'NONE', ( #2354, #2322, #3497, #1007 ) ) ;
#1772 = DIRECTION ( 'NONE',  ( 0.8090169943749551118, -0.5877852522924625900, 0.000000000000000000 ) ) ;
#1773 = DIRECTION ( 'NONE',  ( -1.000000000000000000, 0.000000000000000000, 0.000000000000000000 ) ) ;
#1774 = EDGE_LOOP ( 'NONE', ( #771, #3311, #1915, #4875 ) ) ;
#1775 = CARTESIAN_POINT ( 'NONE',  ( 38.74107973018827522, 17.69284718012328028, 0.000000000000000000 ) ) ;
#1776 = LINE ( 'NONE', #1354, #3913 ) ;
#1777 = FACE_OUTER_BOUND ( 'NONE', #570, .T. ) ;
#1778 = EDGE_CURVE ( 'NONE', #3629, #1346, #5379, .T. ) ;
#1779 = VERTEX_POINT ( 'NONE', #5178 ) ;
#1780 = FACE_OUTER_BOUND ( 'NONE', #5532, .T. ) ;
#1781 = DIRECTION ( 'NONE',  ( -0.000000000000000000, -0.000000000000000000, -1.000000000000000000 ) ) ;
#1782 = LINE ( 'NONE', #4899, #2391 ) ;
#1783 = ADVANCED_FACE ( 'NONE', ( #1273 ), #1219, .T. ) ;
#1784 = AXIS2_PLACEMENT_3D ( 'NONE', #4085, #1408, #1793 ) ;
#1785 = ORIENTED_EDGE ( 'NONE', *, *, #2587, .T. ) ;
#1786 = ORIENTED_EDGE ( 'NONE', *, *, #474, .F. ) ;
#1787 = ORIENTED_EDGE ( 'NONE', *, *, #1223, .F. ) ;
#1788 = CYLINDRICAL_SURFACE ( 'NONE', #363, 4.005000000000005222 ) ;
#1789 = CARTESIAN_POINT ( 'NONE',  ( -32.71548983060356619, -24.09804858293355778, 0.000000000000000000 ) ) ;
#1790 = CARTESIAN_POINT ( 'NONE',  ( 27.87499999999999645, -5.510910596163123477E-15, 3.490000000000000213 ) ) ;
#1791 = CYLINDRICAL_SURFACE ( 'NONE', #599, 4.005000000000003446 ) ;
#1792 = ORIENTED_EDGE ( 'NONE', *, *, #1415, .F. ) ;
#1793 = DIRECTION ( 'NONE',  ( -1.000000000000000000, 0.000000000000000000, 0.000000000000000000 ) ) ;
#1794 = MANIFOLD_SOLID_BREP ( '\X2\51f853f0\X0\-\X2\62c94f38\X0\2', #5569 ) ;
#1795 = AXIS2_PLACEMENT_3D ( 'NONE', #5429, #1134, #3220 ) ;
#1796 = CIRCLE ( 'NONE', #1079, 8.694264425220769255 ) ;
#1797 = VERTEX_POINT ( 'NONE', #2085 ) ;
#1798 = ORIENTED_EDGE ( 'NONE', *, *, #3821, .F. ) ;
#1799 = VERTEX_POINT ( 'NONE', #5575 ) ;
#1800 = DIRECTION ( 'NONE',  ( -0.5877852522924702505, -0.8090169943749494497, 0.000000000000000000 ) ) ;
#1801 = DIRECTION ( 'NONE',  ( 0.000000000000000000, 0.000000000000000000, 1.000000000000000000 ) ) ;
#1802 = ORIENTED_EDGE ( 'NONE', *, *, #5175, .T. ) ;
#1803 = ADVANCED_FACE ( 'NONE', ( #4751 ), #1723, .T. ) ;
#1804 = VERTEX_POINT ( 'NONE', #3807 ) ;
#1805 = DIRECTION ( 'NONE',  ( 0.5877852522924711387, 0.8090169943749488946, 0.000000000000000000 ) ) ;
#1806 = CARTESIAN_POINT ( 'NONE',  ( -37.15235299575964945, -20.82332266662719533, 3.000000000000000000 ) ) ;
#1807 = DIRECTION ( 'NONE',  ( -0.000000000000000000, -0.000000000000000000, 1.000000000000000000 ) ) ;
#1808 = VECTOR ( 'NONE', #3969, 1000.000000000000000 ) ;
#1809 = EDGE_CURVE ( 'NONE', #1942, #3444, #2597, .T. ) ;
#1810 = ORIENTED_EDGE ( 'NONE', *, *, #5092, .F. ) ;
#1811 = DIRECTION ( 'NONE',  ( 1.000000000000000000, 0.000000000000000000, 0.000000000000000000 ) ) ;
#1812 = DIRECTION ( 'NONE',  ( 0.000000000000000000, 0.000000000000000000, 1.000000000000000000 ) ) ;
#1813 = CARTESIAN_POINT ( 'NONE',  ( -34.59935313971945448, 20.46393609589984308, 3.000000000000000000 ) ) ;
#1814 = EDGE_CURVE ( 'NONE', #4486, #4362, #1496, .T. ) ;
#1815 = ORIENTED_EDGE ( 'NONE', *, *, #5231, .T. ) ;
#1816 = AXIS2_PLACEMENT_3D ( 'NONE', #3222, #4081, #320 ) ;
#1817 = ORIENTED_EDGE ( 'NONE', *, *, #4239, .T. ) ;
#1818 = ORIENTED_EDGE ( 'NONE', *, *, #5454, .T. ) ;
#1819 = DIRECTION ( 'NONE',  ( -0.000000000000000000, -0.000000000000000000, 1.000000000000000000 ) ) ;
#1820 = EDGE_CURVE ( 'NONE', #3089, #4835, #505, .T. ) ;
#1821 = FACE_BOUND ( 'NONE', #1336, .T. ) ;
#1822 = DIRECTION ( 'NONE',  ( -0.9510565162951490903, 0.3090169943749615511, 0.000000000000000000 ) ) ;
#1823 = CARTESIAN_POINT ( 'NONE',  ( -4.770920966161405374, 42.32193772896796702, 0.000000000000000000 ) ) ;
#1824 = DIRECTION ( 'NONE',  ( 0.000000000000000000, 0.000000000000000000, -1.000000000000000000 ) ) ;
#1825 = ORIENTED_EDGE ( 'NONE', *, *, #3714, .T. ) ;
#1826 = ORIENTED_EDGE ( 'NONE', *, *, #4909, .F. ) ;
#1827 = ADVANCED_FACE ( 'NONE', ( #2168 ), #4782, .F. ) ;
#1828 = DIRECTION ( 'NONE',  ( -1.000000000000000000, 0.000000000000000000, 0.000000000000000000 ) ) ;
#1829 = DIRECTION ( 'NONE',  ( 0.000000000000000000, 0.000000000000000000, -1.000000000000000000 ) ) ;
#1830 = ORIENTED_EDGE ( 'NONE', *, *, #5331, .F. ) ;
#1831 = ORIENTED_EDGE ( 'NONE', *, *, #276, .T. ) ;
#1832 = VECTOR ( 'NONE', #5544, 1000.000000000000000 ) ;
#1833 = ORIENTED_EDGE ( 'NONE', *, *, #1989, .T. ) ;
#1834 = CARTESIAN_POINT ( 'NONE',  ( -15.90640717830317818, -37.06703595085611624, 0.000000000000000000 ) ) ;
#1835 = LINE ( 'NONE', #4352, #3646 ) ;
#1836 = CARTESIAN_POINT ( 'NONE',  ( -32.78112118826260257, 24.03241722527427271, 0.000000000000000000 ) ) ;
#1837 = VECTOR ( 'NONE', #2937, 1000.000000000000000 ) ;
#1838 = CARTESIAN_POINT ( 'NONE',  ( -26.56771649810094615, -30.24582191543607834, 0.000000000000000000 ) ) ;
#1839 = CIRCLE ( 'NONE', #3193, 2.125000000000001776 ) ;
#1840 = DIRECTION ( 'NONE',  ( 0.000000000000000000, -0.000000000000000000, 1.000000000000000000 ) ) ;
#1841 = DIRECTION ( 'NONE',  ( 0.000000000000000000, -0.000000000000000000, 1.000000000000000000 ) ) ;
#1842 = VECTOR ( 'NONE', #870, 1000.000000000000000 ) ;
#1843 = DIRECTION ( 'NONE',  ( -1.000000000000000000, 0.000000000000000000, 0.000000000000000000 ) ) ;
#1844 = VECTOR ( 'NONE', #3743, 1000.000000000000000 ) ;
#1845 = ORIENTED_EDGE ( 'NONE', *, *, #3520, .T. ) ;
#1846 = AXIS2_PLACEMENT_3D ( 'NONE', #4339, #463, #3764 ) ;
#1847 = VERTEX_POINT ( 'NONE', #1670 ) ;
#1848 = CIRCLE ( 'NONE', #5097, 2.124999999999998224 ) ;
#1849 = DIRECTION ( 'NONE',  ( 0.000000000000000000, 0.000000000000000000, 1.000000000000000000 ) ) ;
#1850 = DIRECTION ( 'NONE',  ( -0.000000000000000000, -0.000000000000000000, 1.000000000000000000 ) ) ;
#1851 = CARTESIAN_POINT ( 'NONE',  ( -40.57520715325101435, 0.09167402782899834734, 3.000000000000000000 ) ) ;
#1852 = CARTESIAN_POINT ( 'NONE',  ( -31.01462764118150162, -28.15835394795226776, 0.000000000000000000 ) ) ;
#1853 = CARTESIAN_POINT ( 'NONE',  ( -37.15235299575998340, 20.82332266662659848, 0.000000000000000000 ) ) ;
#1854 = VECTOR ( 'NONE', #1455, 1000.000000000000000 ) ;
#1855 = EDGE_CURVE ( 'NONE', #1593, #3939, #874, .T. ) ;
#1856 = CIRCLE ( 'NONE', #1945, 8.694264425220767478 ) ;
#1857 = ORIENTED_EDGE ( 'NONE', *, *, #1529, .T. ) ;
#1858 = EDGE_LOOP ( 'NONE', ( #4176, #5162, #364, #2909 ) ) ;
#1859 = CARTESIAN_POINT ( 'NONE',  ( -12.33792604892874323, -38.88526790231296104, 0.000000000000000000 ) ) ;
#1860 = CARTESIAN_POINT ( 'NONE',  ( 9.082601838875753231, 40.87187053907685197, 3.000000000000000000 ) ) ;
#1861 = VERTEX_POINT ( 'NONE', #1756 ) ;
#1862 = EDGE_CURVE ( 'NONE', #4170, #30, #818, .T. ) ;
#1863 = ORIENTED_EDGE ( 'NONE', *, *, #441, .F. ) ;
#1864 = CARTESIAN_POINT ( 'NONE',  ( 16.49973394995461007, 37.06703595085621572, 0.000000000000000000 ) ) ;
#1865 = DIRECTION ( 'NONE',  ( -0.000000000000000000, -0.000000000000000000, -1.000000000000000000 ) ) ;
#1866 = ORIENTED_EDGE ( 'NONE', *, *, #1711, .F. ) ;
#1867 = CARTESIAN_POINT ( 'NONE',  ( -23.23381596799683635, -18.60037218889186406, 3.000000000000000000 ) ) ;
#1868 = CARTESIAN_POINT ( 'NONE',  ( 21.03082861136571324, 37.03528517399808351, 3.000000000000000000 ) ) ;
#1869 = LINE ( 'NONE', #4475, #3649 ) ;
#1870 = VERTEX_POINT ( 'NONE', #5123 ) ;
#1871 = LINE ( 'NONE', #4424, #3496 ) ;
#1872 = ORIENTED_EDGE ( 'NONE', *, *, #4484, .T. ) ;
#1873 = ORIENTED_EDGE ( 'NONE', *, *, #3214, .T. ) ;
#1874 = EDGE_CURVE ( 'NONE', #4346, #2041, #5111, .T. ) ;
#1875 = DIRECTION ( 'NONE',  ( -0.000000000000000000, -0.000000000000000000, -1.000000000000000000 ) ) ;
#1876 = DIRECTION ( 'NONE',  ( -0.000000000000000000, -0.000000000000000000, 1.000000000000000000 ) ) ;
#1877 = CARTESIAN_POINT ( 'NONE',  ( 28.14080578438308677, 31.08960764240097774, 0.000000000000000000 ) ) ;
#1878 = FACE_BOUND ( 'NONE', #2113, .T. ) ;
#1879 = AXIS2_PLACEMENT_3D ( 'NONE', #1626, #2448, #4994 ) ;
#1880 = LINE ( 'NONE', #2335, #2503 ) ;
#1881 = AXIS2_PLACEMENT_3D ( 'NONE', #4507, #194, #1038 ) ;
#1882 = EDGE_CURVE ( 'NONE', #2215, #3469, #576, .T. ) ;
#1883 = ORIENTED_EDGE ( 'NONE', *, *, #4855, .T. ) ;
#1884 = EDGE_LOOP ( 'NONE', ( #4028, #4861, #3691, #1423 ) ) ;
#1885 = EDGE_LOOP ( 'NONE', ( #3295, #2561, #4449, #841 ) ) ;
#1886 = FACE_OUTER_BOUND ( 'NONE', #2228, .T. ) ;
#1887 = DIRECTION ( 'NONE',  ( 0.000000000000000000, 0.000000000000000000, -1.000000000000000000 ) ) ;
#1888 = ADVANCED_FACE ( 'NONE', ( #5240 ), #2666, .T. ) ;
#1889 = ORIENTED_EDGE ( 'NONE', *, *, #4044, .T. ) ;
#1890 = CIRCLE ( 'NONE', #268, 8.694264425220771031 ) ;
#1891 = VECTOR ( 'NONE', #2493, 1000.000000000000114 ) ;
#1892 = AXIS2_PLACEMENT_3D ( 'NONE', #1677, #377, #1729 ) ;
#1893 = ORIENTED_EDGE ( 'NONE', *, *, #4349, .T. ) ;
#1894 = CIRCLE ( 'NONE', #1078, 8.694264425220771031 ) ;
#1895 = VECTOR ( 'NONE', #1503, 1000.000000000000114 ) ;
#1896 = LINE ( 'NONE', #2717, #3268 ) ;
#1897 = EDGE_CURVE ( 'NONE', #2215, #1349, #4562, .T. ) ;
#1898 = ORIENTED_EDGE ( 'NONE', *, *, #593, .T. ) ;
#1899 = CYLINDRICAL_SURFACE ( 'NONE', #3481, 4.005000000000005222 ) ;
#1900 = ADVANCED_FACE ( 'NONE', ( #1393 ), #1001, .F. ) ;
#1901 = CYLINDRICAL_SURFACE ( 'NONE', #1448, 8.694264425220762149 ) ;
#1902 = CYLINDRICAL_SURFACE ( 'NONE', #4151, 8.694264425220762149 ) ;
#1903 = ORIENTED_EDGE ( 'NONE', *, *, #3451, .F. ) ;
#1904 = VERTEX_POINT ( 'NONE', #609 ) ;
#1905 = CARTESIAN_POINT ( 'NONE',  ( 27.87499999999999645, -5.510910596163123477E-15, 10.00000000000000000 ) ) ;
#1906 = FACE_OUTER_BOUND ( 'NONE', #1072, .T. ) ;
#1907 = CARTESIAN_POINT ( 'NONE',  ( -7.957593093619142799, 41.83999058504179658, 3.000000000000000000 ) ) ;
#1908 = CARTESIAN_POINT ( 'NONE',  ( -25.98076211353316367, -14.99999999999999467, 10.00000000000000000 ) ) ;
#1909 = DIRECTION ( 'NONE',  ( 0.000000000000000000, 0.000000000000000000, -1.000000000000000000 ) ) ;
#1910 = ORIENTED_EDGE ( 'NONE', *, *, #3704, .T. ) ;
#1911 = ORIENTED_EDGE ( 'NONE', *, *, #2644, .F. ) ;
#1912 = DIRECTION ( 'NONE',  ( -0.000000000000000000, 0.000000000000000000, 1.000000000000000000 ) ) ;
#1913 = DIRECTION ( 'NONE',  ( 0.5528493477548627189, 0.8332812242496664412, -0.000000000000000000 ) ) ;
#1914 = ORIENTED_EDGE ( 'NONE', *, *, #1242, .T. ) ;
#1915 = ORIENTED_EDGE ( 'NONE', *, *, #1923, .F. ) ;
#1916 = LINE ( 'NONE', #1470, #2288 ) ;
#1917 = EDGE_CURVE ( 'NONE', #3386, #5324, #2233, .T. ) ;
#1918 = AXIS2_PLACEMENT_3D ( 'NONE', #342, #2535, #1696 ) ;
#1919 = ORIENTED_EDGE ( 'NONE', *, *, #4684, .F. ) ;
#1920 = CARTESIAN_POINT ( 'NONE',  ( -38.58860451648708079, -12.63458943475473362, 0.000000000000000000 ) ) ;
#1921 = DIRECTION ( 'NONE',  ( 0.9510565162951517548, 0.3090169943749532244, 0.000000000000000000 ) ) ;
#1922 = CYLINDRICAL_SURFACE ( 'NONE', #2663, 8.694264425220762149 ) ;
#1923 = EDGE_CURVE ( 'NONE', #1017, #4075, #4024, .T. ) ;
#1924 = ORIENTED_EDGE ( 'NONE', *, *, #4106, .T. ) ;
#1925 = DIRECTION ( 'NONE',  ( -1.000000000000000000, 0.000000000000000000, 0.000000000000000000 ) ) ;
#1926 = CYLINDRICAL_SURFACE ( 'NONE', #4095, 8.694264425220772807 ) ;
#1927 = CARTESIAN_POINT ( 'NONE',  ( 29.71546981942909227, 1.665804133323837810, 3.000000000000000000 ) ) ;
#1928 = VECTOR ( 'NONE', #5347, 1000.000000000000227 ) ;
#1929 = DIRECTION ( 'NONE',  ( -0.000000000000000000, -0.000000000000000000, 1.000000000000000000 ) ) ;
#1930 = CYLINDRICAL_SURFACE ( 'NONE', #5137, 8.694264425220771031 ) ;
#1931 = VECTOR ( 'NONE', #4068, 1000.000000000000000 ) ;
#1932 = AXIS2_PLACEMENT_3D ( 'NONE', #2245, #3999, #166 ) ;
#1933 = AXIS2_PLACEMENT_3D ( 'NONE', #995, #2719, #4443 ) ;
#1934 = ORIENTED_EDGE ( 'NONE', *, *, #810, .T. ) ;
#1935 = ORIENTED_EDGE ( 'NONE', *, *, #5300, .F. ) ;
#1936 = ORIENTED_EDGE ( 'NONE', *, *, #2361, .T. ) ;
#1937 = AXIS2_PLACEMENT_3D ( 'NONE', #2201, #4422, #5241 ) ;
#1938 = DIRECTION ( 'NONE',  ( -0.9328100451510571434, 0.3603684498749616938, 0.000000000000000000 ) ) ;
#1939 = DIRECTION ( 'NONE',  ( -0.000000000000000000, -0.000000000000000000, -1.000000000000000000 ) ) ;
#1940 = ORIENTED_EDGE ( 'NONE', *, *, #4264, .F. ) ;
#1941 = DIRECTION ( 'NONE',  ( -1.000000000000000000, 0.000000000000000000, 0.000000000000000000 ) ) ;
#1942 = VERTEX_POINT ( 'NONE', #4844 ) ;
#1943 = AXIS2_PLACEMENT_3D ( 'NONE', #424, #5547, #3387 ) ;
#1944 = ORIENTED_EDGE ( 'NONE', *, *, #2450, .F. ) ;
#1945 = AXIS2_PLACEMENT_3D ( 'NONE', #5160, #3625, #1822 ) ;
#1946 = DIRECTION ( 'NONE',  ( -0.000000000000000000, -0.000000000000000000, 1.000000000000000000 ) ) ;
#1947 = EDGE_CURVE ( 'NONE', #5086, #2313, #2724, .T. ) ;
#1948 = ORIENTED_EDGE ( 'NONE', *, *, #2123, .F. ) ;
#1949 = FACE_OUTER_BOUND ( 'NONE', #4459, .T. ) ;
#1950 = DIRECTION ( 'NONE',  ( -0.000000000000000000, -0.000000000000000000, 1.000000000000000000 ) ) ;
#1951 = DIRECTION ( 'NONE',  ( 1.000000000000000000, 0.000000000000000000, 0.000000000000000000 ) ) ;
#1952 = VECTOR ( 'NONE', #4566, 1000.000000000000000 ) ;
#1953 = EDGE_CURVE ( 'NONE', #4041, #940, #4927, .T. ) ;
#1954 = CARTESIAN_POINT ( 'NONE',  ( -3.659028418258120752, 40.25987024618069654, 0.000000000000000000 ) ) ;
#1955 = DIRECTION ( 'NONE',  ( -0.000000000000000000, -0.000000000000000000, 1.000000000000000000 ) ) ;
#1956 = DIRECTION ( 'NONE',  ( -0.000000000000000000, -0.000000000000000000, -1.000000000000000000 ) ) ;
#1957 = CYLINDRICAL_SURFACE ( 'NONE', #1299, 2.124999999999998224 ) ;
#1958 = EDGE_CURVE ( 'NONE', #2477, #78, #95, .T. ) ;
#1959 = DIRECTION ( 'NONE',  ( -0.000000000000000000, 0.000000000000000000, -1.000000000000000000 ) ) ;
#1960 = ORIENTED_EDGE ( 'NONE', *, *, #883, .T. ) ;
#1961 = ORIENTED_EDGE ( 'NONE', *, *, #562, .F. ) ;
#1962 = LINE ( 'NONE', #1991, #3930 ) ;
#1963 = DIRECTION ( 'NONE',  ( -1.000000000000000000, 0.000000000000000000, 0.000000000000000000 ) ) ;
#1964 = CARTESIAN_POINT ( 'NONE',  ( 31.36840236821782213, -27.82005574930080982, 3.000000000000000000 ) ) ;
#1965 = ORIENTED_EDGE ( 'NONE', *, *, #1366, .F. ) ;
#1966 = EDGE_CURVE ( 'NONE', #2849, #745, #1345, .T. ) ;
#1967 = CARTESIAN_POINT ( 'NONE',  ( 39.18193128813866366, 12.63458943475500718, 0.000000000000000000 ) ) ;
#1968 = ORIENTED_EDGE ( 'NONE', *, *, #4317, .T. ) ;
#1969 = AXIS2_PLACEMENT_3D ( 'NONE', #1710, #3941, #3854 ) ;
#1970 = ORIENTED_EDGE ( 'NONE', *, *, #4833, .T. ) ;
#1971 = DIRECTION ( 'NONE',  ( -0.000000000000000000, -0.000000000000000000, -1.000000000000000000 ) ) ;
#1972 = AXIS2_PLACEMENT_3D ( 'NONE', #4529, #1987, #1113 ) ;
#1973 = VECTOR ( 'NONE', #2264, 1000.000000000000114 ) ;
#1974 = CIRCLE ( 'NONE', #1449, 4.005000000000008775 ) ;
#1975 = ORIENTED_EDGE ( 'NONE', *, *, #2855, .T. ) ;
#1976 = CARTESIAN_POINT ( 'NONE',  ( 0.000000000000000000, 0.000000000000000000, 3.000000000000000000 ) ) ;
#1977 = LINE ( 'NONE', #4078, #2058 ) ;
#1978 = CARTESIAN_POINT ( 'NONE',  ( 38.40817702442036108, -16.83113193255802287, 3.000000000000000000 ) ) ;
#1979 = ORIENTED_EDGE ( 'NONE', *, *, #738, .F. ) ;
#1980 = ORIENTED_EDGE ( 'NONE', *, *, #1471, .F. ) ;
#1981 = DIRECTION ( 'NONE',  ( 0.000000000000000000, 0.000000000000000000, 1.000000000000000000 ) ) ;
#1982 = CARTESIAN_POINT ( 'NONE',  ( -8.382234244845212956, -39.51178793479910212, 0.000000000000000000 ) ) ;
#1983 = ORIENTED_EDGE ( 'NONE', *, *, #509, .F. ) ;
#1984 = ORIENTED_EDGE ( 'NONE', *, *, #5355, .F. ) ;
#1985 = DIRECTION ( 'NONE',  ( -1.000000000000000000, 0.000000000000000000, 0.000000000000000000 ) ) ;
#1986 = LINE ( 'NONE', #4333, #4827 ) ;
#1987 = DIRECTION ( 'NONE',  ( 0.000000000000000000, 0.000000000000000000, 1.000000000000000000 ) ) ;
#1988 = ORIENTED_EDGE ( 'NONE', *, *, #17, .F. ) ;
#1989 = EDGE_CURVE ( 'NONE', #2658, #3607, #1894, .T. ) ;
#1990 = ORIENTED_EDGE ( 'NONE', *, *, #612, .T. ) ;
#1991 = CARTESIAN_POINT ( 'NONE',  ( 16.49973394995513587, -37.06703595085598835, 0.000000000000000000 ) ) ;
#1992 = DIRECTION ( 'NONE',  ( 0.3508353067884020238, -0.9364371775568758327, 0.000000000000000000 ) ) ;
#1993 = CARTESIAN_POINT ( 'NONE',  ( -19.73075383944878780, -33.07778457408817729, 0.000000000000000000 ) ) ;
#1994 = ORIENTED_EDGE ( 'NONE', *, *, #1685, .F. ) ;
#1995 = DIRECTION ( 'NONE',  ( -1.000000000000000000, 0.000000000000000000, 0.000000000000000000 ) ) ;
#1996 = ORIENTED_EDGE ( 'NONE', *, *, #1565, .T. ) ;
#1997 = EDGE_CURVE ( 'NONE', #3566, #3444, #4503, .T. ) ;
#1998 = VERTEX_POINT ( 'NONE', #3990 ) ;
#1999 = FACE_OUTER_BOUND ( 'NONE', #5021, .T. ) ;
#2000 = ORIENTED_EDGE ( 'NONE', *, *, #5028, .T. ) ;
#2001 = CARTESIAN_POINT ( 'NONE',  ( -41.78782610431034783, 8.227131302946329328, 0.000000000000000000 ) ) ;
#2002 = DIRECTION ( 'NONE',  ( 0.000000000000000000, 0.000000000000000000, 1.000000000000000000 ) ) ;
#2003 = LINE ( 'NONE', #262, #2974 ) ;
#2004 = ORIENTED_EDGE ( 'NONE', *, *, #1103, .T. ) ;
#2005 = VECTOR ( 'NONE', #3528, 1000.000000000000000 ) ;
#2006 = DIRECTION ( 'NONE',  ( -0.000000000000000000, -0.000000000000000000, -1.000000000000000000 ) ) ;
#2007 = DIRECTION ( 'NONE',  ( -1.000000000000000000, 0.000000000000000000, 0.000000000000000000 ) ) ;
#2008 = CARTESIAN_POINT ( 'NONE',  ( 41.72493748217465992, -4.224442581619820558, 3.000000000000000000 ) ) ;
#2009 = CARTESIAN_POINT ( 'NONE',  ( -34.58360451648707823, -12.63458943475473362, 0.000000000000000000 ) ) ;
#2010 = EDGE_CURVE ( 'NONE', #4516, #2324, #5270, .T. ) ;
#2011 = CIRCLE ( 'NONE', #5174, 42.59000000000001052 ) ;
#2012 = DIRECTION ( 'NONE',  ( 0.000000000000000000, 0.000000000000000000, 1.000000000000000000 ) ) ;
#2013 = EDGE_LOOP ( 'NONE', ( #306, #2621, #523, #1845 ) ) ;
#2014 = EDGE_LOOP ( 'NONE', ( #5275, #4619, #1570, #4066 ) ) ;
#2015 = CARTESIAN_POINT ( 'NONE',  ( 41.18305366449268945, 6.168419232913219439E-15, 0.000000000000000000 ) ) ;
#2016 = PLANE ( 'NONE',  #3558 ) ;
#2017 = DIRECTION ( 'NONE',  ( 1.000000000000000000, 0.000000000000000000, 0.000000000000000000 ) ) ;
#2018 = ORIENTED_EDGE ( 'NONE', *, *, #4129, .F. ) ;
#2019 = AXIS2_PLACEMENT_3D ( 'NONE', #2495, #4592, #1963 ) ;
#2020 = DIRECTION ( 'NONE',  ( 1.000000000000000000, 7.182901517695589530E-15, 0.000000000000000000 ) ) ;
#2021 = ORIENTED_EDGE ( 'NONE', *, *, #4977, .F. ) ;
#2022 = EDGE_CURVE ( 'NONE', #3975, #4123, #3866, .T. ) ;
#2023 = AXIS2_PLACEMENT_3D ( 'NONE', #5165, #4741, #5531 ) ;
#2024 = AXIS2_PLACEMENT_3D ( 'NONE', #1380, #2318, #2686 ) ;
#2025 = AXIS2_PLACEMENT_3D ( 'NONE', #2640, #1011, #4818 ) ;
#2026 = ORIENTED_EDGE ( 'NONE', *, *, #5538, .T. ) ;
#2027 = AXIS2_PLACEMENT_3D ( 'NONE', #1009, #5279, #4904 ) ;
#2028 = DIRECTION ( 'NONE',  ( -1.000000000000000000, 0.000000000000000000, 0.000000000000000000 ) ) ;
#2029 = EDGE_LOOP ( 'NONE', ( #1121, #4316, #4045, #628 ) ) ;
#2030 = ADVANCED_FACE ( 'NONE', ( #186 ), #1901, .T. ) ;
#2031 = AXIS2_PLACEMENT_3D ( 'NONE', #1141, #3700, #5017 ) ;
#2032 = VERTEX_POINT ( 'NONE', #60 ) ;
#2033 = CARTESIAN_POINT ( 'NONE',  ( -36.77037256503043494, 16.20307056412863744, 3.000000000000000000 ) ) ;
#2034 = DIRECTION ( 'NONE',  ( -0.000000000000000000, -0.000000000000000000, -1.000000000000000000 ) ) ;
#2035 = DIRECTION ( 'NONE',  ( 0.000000000000000000, -0.000000000000000000, 1.000000000000000000 ) ) ;
#2036 = FACE_OUTER_BOUND ( 'NONE', #1447, .T. ) ;
#2037 = CYLINDRICAL_SURFACE ( 'NONE', #2031, 42.59000000000001052 ) ;
#2038 = CYLINDRICAL_SURFACE ( 'NONE', #4283, 4.005000000000001670 ) ;
#2039 = CARTESIAN_POINT ( 'NONE',  ( -23.65305350419423291, 33.11992249958210266, 0.000000000000000000 ) ) ;
#2040 = ADVANCED_FACE ( 'NONE', ( #4357 ), #485, .F. ) ;
#2041 = VERTEX_POINT ( 'NONE', #2698 ) ;
#2042 = ORIENTED_EDGE ( 'NONE', *, *, #582, .T. ) ;
#2043 = ORIENTED_EDGE ( 'NONE', *, *, #3511, .F. ) ;
#2044 = DIRECTION ( 'NONE',  ( -0.3513643657326107617, 0.9362387956570269454, -0.000000000000000000 ) ) ;
#2045 = DIRECTION ( 'NONE',  ( -0.000000000000000000, -0.000000000000000000, 1.000000000000000000 ) ) ;
#2046 = ORIENTED_EDGE ( 'NONE', *, *, #5563, .T. ) ;
#2047 = LINE ( 'NONE', #3771, #5057 ) ;
#2048 = ORIENTED_EDGE ( 'NONE', *, *, #4455, .F. ) ;
#2049 = EDGE_CURVE ( 'NONE', #2658, #5086, #4421, .T. ) ;
#2050 = VERTEX_POINT ( 'NONE', #4497 ) ;
#2051 = LINE ( 'NONE', #4572, #2292 ) ;
#2052 = CIRCLE ( 'NONE', #878, 4.005000000000005222 ) ;
#2053 = ADVANCED_FACE ( 'NONE', ( #1159 ), #3696, .T. ) ;
#2054 = ORIENTED_EDGE ( 'NONE', *, *, #2863, .T. ) ;
#2055 = CYLINDRICAL_SURFACE ( 'NONE', #5001, 2.125000000000000000 ) ;
#2056 = FACE_OUTER_BOUND ( 'NONE', #2320, .T. ) ;
#2057 = CARTESIAN_POINT ( 'NONE',  ( -40.57520715325101435, 0.09167402782899834734, 0.000000000000000000 ) ) ;
#2058 = VECTOR ( 'NONE', #1502, 999.9999999999998863 ) ;
#2059 = VECTOR ( 'NONE', #2720, 1000.000000000000000 ) ;
#2060 = ADVANCED_FACE ( 'NONE', ( #5491 ), #3328, .F. ) ;
#2061 = DIRECTION ( 'NONE',  ( -0.000000000000000000, -0.000000000000000000, -1.000000000000000000 ) ) ;
#2062 = DIRECTION ( 'NONE',  ( 1.000000000000000000, 0.000000000000000000, 0.000000000000000000 ) ) ;
#2063 = FACE_OUTER_BOUND ( 'NONE', #728, .T. ) ;
#2064 = DIRECTION ( 'NONE',  ( 1.000000000000000000, 0.000000000000000000, 0.000000000000000000 ) ) ;
#2065 = ORIENTED_EDGE ( 'NONE', *, *, #2727, .T. ) ;
#2066 = EDGE_LOOP ( 'NONE', ( #2881, #2238, #3407, #4350 ) ) ;
#2067 = DIRECTION ( 'NONE',  ( 1.000000000000000000, 0.000000000000000000, 0.000000000000000000 ) ) ;
#2068 = DIRECTION ( 'NONE',  ( 0.000000000000000000, 0.000000000000000000, 1.000000000000000000 ) ) ;
#2069 = CARTESIAN_POINT ( 'NONE',  ( 31.36840236821740291, 27.82005574930123970, 0.000000000000000000 ) ) ;
#2070 = LINE ( 'NONE', #1314, #2388 ) ;
#2071 = VERTEX_POINT ( 'NONE', #4184 ) ;
#2072 = CARTESIAN_POINT ( 'NONE',  ( -30.00000000000000000, 1.836970198721062721E-15, 0.000000000000000000 ) ) ;
#2073 = VECTOR ( 'NONE', #1875, 1000.000000000000000 ) ;
#2074 = CARTESIAN_POINT ( 'NONE',  ( 0.000000000000000000, 0.000000000000000000, 0.000000000000000000 ) ) ;
#2075 = ORIENTED_EDGE ( 'NONE', *, *, #2191, .T. ) ;
#2076 = DIRECTION ( 'NONE',  ( 1.000000000000000000, 0.000000000000000000, -0.000000000000000000 ) ) ;
#2077 = AXIS2_PLACEMENT_3D ( 'NONE', #212, #1061, #4189 ) ;
#2078 = ORIENTED_EDGE ( 'NONE', *, *, #5125, .F. ) ;
#2079 = EDGE_CURVE ( 'NONE', #3255, #741, #4604, .T. ) ;
#2080 = PLANE ( 'NONE',  #795 ) ;
#2081 = CARTESIAN_POINT ( 'NONE',  ( 9.082501176170184820, 40.91370791742391333, 0.000000000000000000 ) ) ;
#2082 = EDGE_CURVE ( 'NONE', #3682, #741, #2146, .T. ) ;
#2083 = EDGE_CURVE ( 'NONE', #1152, #1381, #3689, .T. ) ;
#2084 = CARTESIAN_POINT ( 'NONE',  ( 39.80845132062497527, -8.678897630670904917, 0.000000000000000000 ) ) ;
#2085 = CARTESIAN_POINT ( 'NONE',  ( 34.00000000000000000, 4.163799117101000559E-15, 3.490000000000000213 ) ) ;
#2086 = DIRECTION ( 'NONE',  ( 0.000000000000000000, 0.000000000000000000, 1.000000000000000000 ) ) ;
#2087 = CARTESIAN_POINT ( 'NONE',  ( 0.000000000000000000, 0.000000000000000000, 0.000000000000000000 ) ) ;
#2088 = EDGE_CURVE ( 'NONE', #2885, #4485, #2247, .T. ) ;
#2089 = ORIENTED_EDGE ( 'NONE', *, *, #2573, .T. ) ;
#2090 = ORIENTED_EDGE ( 'NONE', *, *, #5300, .T. ) ;
#2091 = CARTESIAN_POINT ( 'NONE',  ( -23.73575383944879391, -33.07778457408817729, 3.000000000000000000 ) ) ;
#2092 = DIRECTION ( 'NONE',  ( 0.000000000000000000, 0.000000000000000000, -1.000000000000000000 ) ) ;
#2093 = VECTOR ( 'NONE', #388, 1000.000000000000000 ) ;
#2094 = FACE_OUTER_BOUND ( 'NONE', #5145, .T. ) ;
#2095 = DIRECTION ( 'NONE',  ( 0.000000000000000000, 0.000000000000000000, -1.000000000000000000 ) ) ;
#2096 = VERTEX_POINT ( 'NONE', #286 ) ;
#2097 = CARTESIAN_POINT ( 'NONE',  ( 30.00000000000000000, -5.510910596163123477E-15, 0.000000000000000000 ) ) ;
#2098 = CIRCLE ( 'NONE', #4182, 4.005000000000006111 ) ;
#2099 = DIRECTION ( 'NONE',  ( 1.000000000000000000, 0.000000000000000000, 0.000000000000000000 ) ) ;
#2100 = ORIENTED_EDGE ( 'NONE', *, *, #636, .T. ) ;
#2101 = LINE ( 'NONE', #2217, #2298 ) ;
#2102 = VECTOR ( 'NONE', #833, 1000.000000000000227 ) ;
#2103 = CIRCLE ( 'NONE', #5288, 8.694264425220771031 ) ;
#2104 = CIRCLE ( 'NONE', #4190, 42.59000000000001052 ) ;
#2105 = CIRCLE ( 'NONE', #5465, 8.694264425220762149 ) ;
#2106 = EDGE_CURVE ( 'NONE', #2349, #730, #209, .T. ) ;
#2107 = EDGE_LOOP ( 'NONE', ( #4647, #1831, #4892, #5297 ) ) ;
#2108 = AXIS2_PLACEMENT_3D ( 'NONE', #506, #1350, #315 ) ;
#2109 = DIRECTION ( 'NONE',  ( -0.9670869526972341035, -0.2544461159514481707, 0.000000000000000000 ) ) ;
#2110 = CIRCLE ( 'NONE', #3374, 42.59000000000001052 ) ;
#2111 = CARTESIAN_POINT ( 'NONE',  ( 24.24638027584568079, -33.11992249958226608, 3.000000000000000000 ) ) ;
#2112 = DIRECTION ( 'NONE',  ( -0.9510565162951556406, 0.3090169943749414561, 0.000000000000000000 ) ) ;
#2113 = EDGE_LOOP ( 'NONE', ( #943, #3892 ) ) ;
#2114 = AXIS2_PLACEMENT_3D ( 'NONE', #3928, #4392, #1454 ) ;
#2115 = DIRECTION ( 'NONE',  ( 1.000000000000000000, 0.000000000000000000, 0.000000000000000000 ) ) ;
#2116 = EDGE_CURVE ( 'NONE', #4363, #146, #4958, .T. ) ;
#2117 = DIRECTION ( 'NONE',  ( -1.000000000000000000, 0.000000000000000000, 0.000000000000000000 ) ) ;
#2118 = DIRECTION ( 'NONE',  ( 0.000000000000000000, 0.000000000000000000, 1.000000000000000000 ) ) ;
#2119 = FACE_OUTER_BOUND ( 'NONE', #357, .T. ) ;
#2120 = ORIENTED_EDGE ( 'NONE', *, *, #1082, .T. ) ;
#2121 = ORIENTED_EDGE ( 'NONE', *, *, #2131, .T. ) ;
#2122 = CYLINDRICAL_SURFACE ( 'NONE', #2260, 8.694264425220769255 ) ;
#2123 = EDGE_CURVE ( 'NONE', #403, #1847, #2778, .T. ) ;
#2124 = LINE ( 'NONE', #2545, #42 ) ;
#2125 = DIRECTION ( 'NONE',  ( -0.000000000000000000, -0.000000000000000000, -1.000000000000000000 ) ) ;
#2126 = CARTESIAN_POINT ( 'NONE',  ( -12.24625202109920075, -38.89978764190311722, 3.000000000000000000 ) ) ;
#2127 = ORIENTED_EDGE ( 'NONE', *, *, #3891, .F. ) ;
#2128 = LINE ( 'NONE', #4764, #1241 ) ;
#2129 = DIRECTION ( 'NONE',  ( -0.9656484390698181208, 0.2598520581446753797, -0.000000000000000000 ) ) ;
#2130 = ORIENTED_EDGE ( 'NONE', *, *, #2757, .T. ) ;
#2131 = EDGE_CURVE ( 'NONE', #31, #5050, #3603, .T. ) ;
#2132 = CARTESIAN_POINT ( 'NONE',  ( 17.21325967034728421, -38.23122844270221776, 0.000000000000000000 ) ) ;
#2133 = ORIENTED_EDGE ( 'NONE', *, *, #3965, .T. ) ;
#2134 = DIRECTION ( 'NONE',  ( 0.000000000000000000, 0.000000000000000000, 1.000000000000000000 ) ) ;
#2135 = AXIS2_PLACEMENT_3D ( 'NONE', #1967, #5421, #3260 ) ;
#2136 = CARTESIAN_POINT ( 'NONE',  ( 24.39471196875903303, 33.01215321642968092, 0.000000000000000000 ) ) ;
#2137 = DIRECTION ( 'NONE',  ( 0.000000000000000000, 0.000000000000000000, 1.000000000000000000 ) ) ;
#2138 = AXIS2_PLACEMENT_3D ( 'NONE', #2642, #2961, #2182 ) ;
#2139 = VERTEX_POINT ( 'NONE', #1527 ) ;
#2140 = CARTESIAN_POINT ( 'NONE',  ( 17.12499999999998934, -25.98076211353316367, 3.490000000000000213 ) ) ;
#2141 = CARTESIAN_POINT ( 'NONE',  ( -32.82325911375684768, 23.94971689001924986, 0.000000000000000000 ) ) ;
#2142 = CARTESIAN_POINT ( 'NONE',  ( -28.83146179316187840, 31.34732701315133596, 0.000000000000000000 ) ) ;
#2143 = DIRECTION ( 'NONE',  ( 0.000000000000000000, 0.000000000000000000, 1.000000000000000000 ) ) ;
#2144 = VECTOR ( 'NONE', #323, 1000.000000000000000 ) ;
#2145 = ORIENTED_EDGE ( 'NONE', *, *, #2903, .T. ) ;
#2146 = CIRCLE ( 'NONE', #5334, 8.694264425220767478 ) ;
#2147 = ORIENTED_EDGE ( 'NONE', *, *, #553, .T. ) ;
#2148 = AXIS2_PLACEMENT_3D ( 'NONE', #2912, #4628, #4238 ) ;
#2149 = CARTESIAN_POINT ( 'NONE',  ( 36.33288492289322136, 20.94598947935135413, 3.000000000000000000 ) ) ;
#2150 = LINE ( 'NONE', #3008, #3200 ) ;
#2151 = CARTESIAN_POINT ( 'NONE',  ( 0.000000000000000000, 0.000000000000000000, 3.000000000000000000 ) ) ;
#2152 = CARTESIAN_POINT ( 'NONE',  ( 30.00000000000000000, -5.510910596163123477E-15, 3.490000000000000213 ) ) ;
#2153 = VERTEX_POINT ( 'NONE', #2430 ) ;
#2154 = DIRECTION ( 'NONE',  ( 1.000000000000000000, 5.387176138271694120E-15, 0.000000000000000000 ) ) ;
#2155 = EDGE_CURVE ( 'NONE', #3096, #968, #3755, .T. ) ;
#2156 = DIRECTION ( 'NONE',  ( 0.5877852522924625900, 0.8090169943749548898, 0.000000000000000000 ) ) ;
#2157 = ORIENTED_EDGE ( 'NONE', *, *, #3718, .T. ) ;
#2158 = CARTESIAN_POINT ( 'NONE',  ( -42.27354308904191527, 5.182244175925839080, 3.000000000000000000 ) ) ;
#2159 = CARTESIAN_POINT ( 'NONE',  ( -40.94573803496166420, 8.778039249333225769, 0.000000000000000000 ) ) ;
#2160 = ADVANCED_FACE ( 'NONE', ( #5380 ), #2805, .T. ) ;
#2161 = ORIENTED_EDGE ( 'NONE', *, *, #3965, .F. ) ;
#2162 = CARTESIAN_POINT ( 'NONE',  ( 0.000000000000000000, 0.000000000000000000, 3.490000000000000213 ) ) ;
#2163 = ORIENTED_EDGE ( 'NONE', *, *, #181, .F. ) ;
#2164 = DIRECTION ( 'NONE',  ( 0.000000000000000000, 0.000000000000000000, 1.000000000000000000 ) ) ;
#2165 = CARTESIAN_POINT ( 'NONE',  ( 4.597221758081757592, 41.66633502243081466, 3.000000000000000000 ) ) ;
#2166 = ORIENTED_EDGE ( 'NONE', *, *, #2789, .T. ) ;
#2167 = LINE ( 'NONE', #5177, #1832 ) ;
#2168 = FACE_OUTER_BOUND ( 'NONE', #234, .T. ) ;
#2169 = CYLINDRICAL_SURFACE ( 'NONE', #393, 42.59000000000001052 ) ;
#2170 = CARTESIAN_POINT ( 'NONE',  ( 0.000000000000000000, 0.000000000000000000, 3.000000000000000000 ) ) ;
#2171 = ORIENTED_EDGE ( 'NONE', *, *, #4616, .T. ) ;
#2172 = ORIENTED_EDGE ( 'NONE', *, *, #241, .T. ) ;
#2173 = ORIENTED_EDGE ( 'NONE', *, *, #1862, .T. ) ;
#2174 = ORIENTED_EDGE ( 'NONE', *, *, #4683, .T. ) ;
#2175 = EDGE_LOOP ( 'NONE', ( #3966, #4321, #2026, #1857 ) ) ;
#2176 = CARTESIAN_POINT ( 'NONE',  ( 14.99999999999966604, 25.98076211353335196, 3.490000000000000213 ) ) ;
#2177 = DIRECTION ( 'NONE',  ( 0.000000000000000000, 0.000000000000000000, 1.000000000000000000 ) ) ;
#2178 = EDGE_CURVE ( 'NONE', #376, #4376, #3300, .T. ) ;
#2179 = LINE ( 'NONE', #916, #1310 ) ;
#2180 = DIRECTION ( 'NONE',  ( 0.000000000000000000, 0.000000000000000000, 1.000000000000000000 ) ) ;
#2181 = EDGE_LOOP ( 'NONE', ( #5276, #1787, #5003, #2401 ) ) ;
#2182 = DIRECTION ( 'NONE',  ( 1.000000000000000000, 0.000000000000000000, 0.000000000000000000 ) ) ;
#2183 = CARTESIAN_POINT ( 'NONE',  ( -20.76266961515267795, 36.39352824830927347, 0.000000000000000000 ) ) ;
#2184 = EDGE_CURVE ( 'NONE', #880, #3148, #1977, .T. ) ;
#2185 = ORIENTED_EDGE ( 'NONE', *, *, #5239, .F. ) ;
#2186 = CARTESIAN_POINT ( 'NONE',  ( 0.000000000000000000, 30.00000000000000000, 10.00000000000000000 ) ) ;
#2187 = DIRECTION ( 'NONE',  ( -1.000000000000000000, 0.000000000000000000, 0.000000000000000000 ) ) ;
#2188 = EDGE_CURVE ( 'NONE', #635, #1861, #2377, .T. ) ;
#2189 = VERTEX_POINT ( 'NONE', #3672 ) ;
#2190 = LINE ( 'NONE', #3027, #2093 ) ;
#2191 = EDGE_CURVE ( 'NONE', #4121, #2457, #2509, .T. ) ;
#2192 = CARTESIAN_POINT ( 'NONE',  ( 37.21864685947008411, 20.70459914970724924, 0.000000000000000000 ) ) ;
#2193 = DIRECTION ( 'NONE',  ( -0.000000000000000000, 0.000000000000000000, 1.000000000000000000 ) ) ;
#2194 = CIRCLE ( 'NONE', #4917, 4.005000000000004334 ) ;
#2195 = CIRCLE ( 'NONE', #5456, 8.694264425220772807 ) ;
#2196 = VECTOR ( 'NONE', #4968, 1000.000000000000000 ) ;
#2197 = VERTEX_POINT ( 'NONE', #1106 ) ;
#2198 = CARTESIAN_POINT ( 'NONE',  ( -19.73075383944927452, 33.07778457408781492, 0.000000000000000000 ) ) ;
#2199 = AXIS2_PLACEMENT_3D ( 'NONE', #4701, #5188, #3876 ) ;
#2200 = CARTESIAN_POINT ( 'NONE',  ( -20.76266961515267795, 36.39352824830927347, 3.000000000000000000 ) ) ;
#2201 = CARTESIAN_POINT ( 'NONE',  ( 24.32908061110071429, -33.07778457408799966, 0.000000000000000000 ) ) ;
#2202 = AXIS2_PLACEMENT_3D ( 'NONE', #2008, #3731, #2460 ) ;
#2203 = ORIENTED_EDGE ( 'NONE', *, *, #4717, .F. ) ;
#2204 = ORIENTED_EDGE ( 'NONE', *, *, #3886, .T. ) ;
#2205 = CIRCLE ( 'NONE', #3924, 2.124999999999998224 ) ;
#2206 = ORIENTED_EDGE ( 'NONE', *, *, #3949, .T. ) ;
#2207 = CARTESIAN_POINT ( 'NONE',  ( -4.017551685328694333, -41.70669424522102986, 0.000000000000000000 ) ) ;
#2208 = FACE_OUTER_BOUND ( 'NONE', #5480, .T. ) ;
#2209 = CARTESIAN_POINT ( 'NONE',  ( -40.57520715325101435, 0.09167402782899834734, 0.000000000000000000 ) ) ;
#2210 = DIRECTION ( 'NONE',  ( -0.000000000000000000, -0.000000000000000000, -1.000000000000000000 ) ) ;
#2211 = ORIENTED_EDGE ( 'NONE', *, *, #740, .T. ) ;
#2212 = CARTESIAN_POINT ( 'NONE',  ( -32.12500000000000000, 1.836970198721062721E-15, 3.490000000000000213 ) ) ;
#2213 = VERTEX_POINT ( 'NONE', #4550 ) ;
#2214 = EDGE_LOOP ( 'NONE', ( #1465, #1289 ) ) ;
#2215 = VERTEX_POINT ( 'NONE', #681 ) ;
#2216 = DIRECTION ( 'NONE',  ( 0.6221024498595335572, 0.7829358478692661771, -0.000000000000000000 ) ) ;
#2217 = CARTESIAN_POINT ( 'NONE',  ( 29.06372042894343011, 31.13210970731372029, 3.000000000000000000 ) ) ;
#2218 = AXIS2_PLACEMENT_3D ( 'NONE', #4144, #5022, #1564 ) ;
#2219 = ORIENTED_EDGE ( 'NONE', *, *, #1306, .T. ) ;
#2220 = AXIS2_PLACEMENT_3D ( 'NONE', #518, #94, #1811 ) ;
#2221 = ADVANCED_FACE ( 'NONE', ( #2403 ), #2080, .F. ) ;
#2222 = VERTEX_POINT ( 'NONE', #4627 ) ;
#2223 = ORIENTED_EDGE ( 'NONE', *, *, #3461, .F. ) ;
#2224 = DIRECTION ( 'NONE',  ( 0.5474664720024320363, 0.8368276178719308289, 0.000000000000000000 ) ) ;
#2225 = DIRECTION ( 'NONE',  ( -0.000000000000000000, -0.000000000000000000, 1.000000000000000000 ) ) ;
#2226 = DIRECTION ( 'NONE',  ( 1.000000000000000000, 0.000000000000000000, 0.000000000000000000 ) ) ;
#2227 = EDGE_LOOP ( 'NONE', ( #895, #2372, #2825, #2776 ) ) ;
#2228 = EDGE_LOOP ( 'NONE', ( #1018, #5260, #2000, #1549 ) ) ;
#2229 = ADVANCED_FACE ( 'NONE', ( #4296 ), #420, .F. ) ;
#2230 = EDGE_LOOP ( 'NONE', ( #3667, #4945 ) ) ;
#2231 = DIRECTION ( 'NONE',  ( 1.000000000000000000, 1.596200337265686343E-15, 0.000000000000000000 ) ) ;
#2232 = ORIENTED_EDGE ( 'NONE', *, *, #4546, .T. ) ;
#2233 = LINE ( 'NONE', #122, #2425 ) ;
#2234 = CARTESIAN_POINT ( 'NONE',  ( 0.000000000000000000, 0.000000000000000000, 3.000000000000000000 ) ) ;
#2235 = ADVANCED_FACE ( 'NONE', ( #2056 ), #4213, .T. ) ;
#2236 = EDGE_LOOP ( 'NONE', ( #1520, #3837 ) ) ;
#2237 = EDGE_CURVE ( 'NONE', #4541, #155, #3864, .T. ) ;
#2238 = ORIENTED_EDGE ( 'NONE', *, *, #5284, .F. ) ;
#2239 = VERTEX_POINT ( 'NONE', #5598 ) ;
#2240 = ORIENTED_EDGE ( 'NONE', *, *, #1583, .T. ) ;
#2241 = CARTESIAN_POINT ( 'NONE',  ( -38.58860451648708079, -12.63458943475473362, 3.000000000000000000 ) ) ;
#2242 = PLANE ( 'NONE',  #3736 ) ;
#2243 = AXIS2_PLACEMENT_3D ( 'NONE', #3253, #1534, #1247 ) ;
#2244 = CARTESIAN_POINT ( 'NONE',  ( 39.80845132062484737, 8.678897630671487562, 0.000000000000000000 ) ) ;
#2245 = CARTESIAN_POINT ( 'NONE',  ( -31.05746264471039808, -29.14347463965852114, 0.000000000000000000 ) ) ;
#2246 = CARTESIAN_POINT ( 'NONE',  ( -41.78782610431022704, -8.227131302946924407, 3.000000000000000000 ) ) ;
#2247 = CIRCLE ( 'NONE', #2797, 8.694264425220772807 ) ;
#2248 = AXIS2_PLACEMENT_3D ( 'NONE', #1693, #2508, #5149 ) ;
#2249 = EDGE_LOOP ( 'NONE', ( #695, #1990, #3463, #3016 ) ) ;
#2250 = ORIENTED_EDGE ( 'NONE', *, *, #4856, .T. ) ;
#2251 = EDGE_CURVE ( 'NONE', #3975, #3135, #3889, .T. ) ;
#2252 = FACE_OUTER_BOUND ( 'NONE', #2581, .T. ) ;
#2253 = LINE ( 'NONE', #2714, #138 ) ;
#2254 = VERTEX_POINT ( 'NONE', #1292 ) ;
#2255 = VERTEX_POINT ( 'NONE', #2996 ) ;
#2256 = CARTESIAN_POINT ( 'NONE',  ( 28.10576211353298248, 15.00000000000030376, 0.000000000000000000 ) ) ;
#2257 = EDGE_CURVE ( 'NONE', #504, #4895, #2930, .T. ) ;
#2258 = CARTESIAN_POINT ( 'NONE',  ( 25.98076211353298248, 15.00000000000030376, 10.00000000000000000 ) ) ;
#2259 = DIRECTION ( 'NONE',  ( 0.000000000000000000, 0.000000000000000000, -1.000000000000000000 ) ) ;
#2260 = AXIS2_PLACEMENT_3D ( 'NONE', #3069, #4338, #2067 ) ;
#2261 = EDGE_CURVE ( 'NONE', #888, #1442, #4659, .T. ) ;
#2262 = ORIENTED_EDGE ( 'NONE', *, *, #2781, .T. ) ;
#2263 = LINE ( 'NONE', #1838, #3442 ) ;
#2264 = DIRECTION ( 'NONE',  ( -0.5406926394229637500, 0.8412202266195392131, -0.000000000000000000 ) ) ;
#2265 = DIRECTION ( 'NONE',  ( 0.9510565162951533091, 0.3090169943749481729, 0.000000000000000000 ) ) ;
#2266 = EDGE_CURVE ( 'NONE', #3519, #3543, #1487, .T. ) ;
#2267 = EDGE_CURVE ( 'NONE', #24, #2367, #1213, .T. ) ;
#2268 = ORIENTED_EDGE ( 'NONE', *, *, #4515, .F. ) ;
#2269 = CIRCLE ( 'NONE', #2528, 2.125000000000001776 ) ;
#2270 = ORIENTED_EDGE ( 'NONE', *, *, #5564, .T. ) ;
#2271 = FACE_OUTER_BOUND ( 'NONE', #1512, .T. ) ;
#2272 = CARTESIAN_POINT ( 'NONE',  ( -3.673940397442076533E-15, -30.00000000000000000, 3.490000000000000213 ) ) ;
#2273 = LINE ( 'NONE', #4481, #4745 ) ;
#2274 = PLANE ( 'NONE',  #1932 ) ;
#2275 = EDGE_CURVE ( 'NONE', #2649, #1017, #3380, .T. ) ;
#2276 = DIRECTION ( 'NONE',  ( 0.8090169943749465631, 0.5877852522924741363, 0.000000000000000000 ) ) ;
#2277 = UNCERTAINTY_MEASURE_WITH_UNIT (LENGTH_MEASURE( 1.000000000000000082E-05 ), #3565, 'distance_accuracy_value', 'NONE');
#2278 = ORIENTED_EDGE ( 'NONE', *, *, #2083, .F. ) ;
#2279 = EDGE_LOOP ( 'NONE', ( #5345, #1568, #4973, #3090 ) ) ;
#2280 = ORIENTED_EDGE ( 'NONE', *, *, #4230, .F. ) ;
#2281 = DIRECTION ( 'NONE',  ( -0.000000000000000000, -0.000000000000000000, -1.000000000000000000 ) ) ;
#2282 = CARTESIAN_POINT ( 'NONE',  ( -23.80138519710808254, 33.01215321642914091, 0.000000000000000000 ) ) ;
#2283 = VERTEX_POINT ( 'NONE', #4260 ) ;
#2284 = AXIS2_PLACEMENT_3D ( 'NONE', #5209, #4445, #4897 ) ;
#2285 = EDGE_CURVE ( 'NONE', #2922, #4029, #2943, .T. ) ;
#2286 = ORIENTED_EDGE ( 'NONE', *, *, #241, .F. ) ;
#2287 = DIRECTION ( 'NONE',  ( 1.000000000000000000, 0.000000000000000000, 0.000000000000000000 ) ) ;
#2288 = VECTOR ( 'NONE', #2801, 1000.000000000000000 ) ;
#2289 = CARTESIAN_POINT ( 'NONE',  ( 17.21325967034728421, -38.23122844270221776, 0.000000000000000000 ) ) ;
#2290 = ORIENTED_EDGE ( 'NONE', *, *, #2600, .T. ) ;
#2291 = EDGE_CURVE ( 'NONE', #3310, #2688, #1633, .T. ) ;
#2292 = VECTOR ( 'NONE', #782, 1000.000000000000000 ) ;
#2293 = ORIENTED_EDGE ( 'NONE', *, *, #3099, .T. ) ;
#2294 = CARTESIAN_POINT ( 'NONE',  ( 33.41658588540837371, -23.94971689001946658, 0.000000000000000000 ) ) ;
#2295 = DIRECTION ( 'NONE',  ( 0.000000000000000000, -0.000000000000000000, 1.000000000000000000 ) ) ;
#2296 = DIRECTION ( 'NONE',  ( -0.000000000000000000, -0.000000000000000000, -1.000000000000000000 ) ) ;
#2297 = VECTOR ( 'NONE', #5172, 1000.000000000000000 ) ;
#2298 = VECTOR ( 'NONE', #5533, 1000.000000000000000 ) ;
#2299 = AXIS2_PLACEMENT_3D ( 'NONE', #660, #4112, #245 ) ;
#2300 = VERTEX_POINT ( 'NONE', #2592 ) ;
#2301 = EDGE_CURVE ( 'NONE', #3318, #3521, #5291, .T. ) ;
#2302 = AXIS2_PLACEMENT_3D ( 'NONE', #4732, #4644, #1706 ) ;
#2303 = VERTEX_POINT ( 'NONE', #5118 ) ;
#2304 = AXIS2_PLACEMENT_3D ( 'NONE', #5360, #5282, #2334 ) ;
#2305 = CARTESIAN_POINT ( 'NONE',  ( -29.94915852961013059, -26.86437988392690457, 0.000000000000000000 ) ) ;
#2306 = DIRECTION ( 'NONE',  ( 1.000000000000000000, 0.000000000000000000, 0.000000000000000000 ) ) ;
#2307 = CIRCLE ( 'NONE', #4740, 8.694264425220772807 ) ;
#2308 = CARTESIAN_POINT ( 'NONE',  ( -31.01462764118150162, -28.15835394795226776, 3.000000000000000000 ) ) ;
#2309 = FACE_BOUND ( 'NONE', #1468, .T. ) ;
#2310 = DIRECTION ( 'NONE',  ( 0.000000000000000000, -0.000000000000000000, 1.000000000000000000 ) ) ;
#2311 = AXIS2_PLACEMENT_3D ( 'NONE', #3307, #1508, #3677 ) ;
#2312 = VECTOR ( 'NONE', #3971, 1000.000000000000000 ) ;
#2313 = VERTEX_POINT ( 'NONE', #3350 ) ;
#2314 = EDGE_CURVE ( 'NONE', #3830, #1497, #1746, .T. ) ;
#2315 = ORIENTED_EDGE ( 'NONE', *, *, #2695, .T. ) ;
#2316 = ORIENTED_EDGE ( 'NONE', *, *, #1066, .F. ) ;
#2317 = DIRECTION ( 'NONE',  ( 0.000000000000000000, -0.000000000000000000, 1.000000000000000000 ) ) ;
#2318 = DIRECTION ( 'NONE',  ( 0.000000000000000000, 0.000000000000000000, 1.000000000000000000 ) ) ;
#2319 = ORIENTED_EDGE ( 'NONE', *, *, #3925, .T. ) ;
#2320 = EDGE_LOOP ( 'NONE', ( #109, #707, #1031, #1443 ) ) ;
#2321 = EDGE_CURVE ( 'NONE', #1870, #1733, #5185, .T. ) ;
#2322 = ORIENTED_EDGE ( 'NONE', *, *, #3262, .T. ) ;
#2323 = CARTESIAN_POINT ( 'NONE',  ( -8.382234244845214732, -39.51178793479910212, 3.000000000000000000 ) ) ;
#2324 = VERTEX_POINT ( 'NONE', #1185 ) ;
#2325 = ORIENTED_EDGE ( 'NONE', *, *, #4606, .T. ) ;
#2326 = DIRECTION ( 'NONE',  ( -0.000000000000000000, -0.000000000000000000, 1.000000000000000000 ) ) ;
#2327 = DIRECTION ( 'NONE',  ( 0.9510565162951574170, -0.3090169943749353498, 0.000000000000000000 ) ) ;
#2328 = DIRECTION ( 'NONE',  ( -0.04344093826449636070, 0.9990559968703957017, -0.000000000000000000 ) ) ;
#2329 = ORIENTED_EDGE ( 'NONE', *, *, #716, .F. ) ;
#2330 = ORIENTED_EDGE ( 'NONE', *, *, #1711, .T. ) ;
#2331 = DIRECTION ( 'NONE',  ( 1.000000000000000000, 0.000000000000000000, 0.000000000000000000 ) ) ;
#2332 = DIRECTION ( 'NONE',  ( -1.000000000000000000, 0.000000000000000000, 0.000000000000000000 ) ) ;
#2333 = CARTESIAN_POINT ( 'NONE',  ( 25.03650104939101340, -16.09216160756009018, 3.000000000000000000 ) ) ;
#2334 = DIRECTION ( 'NONE',  ( 1.000000000000000000, 0.000000000000000000, -0.000000000000000000 ) ) ;
#2335 = CARTESIAN_POINT ( 'NONE',  ( -8.487627998526756201, 41.04109639035729629, 0.000000000000000000 ) ) ;
#2336 = VECTOR ( 'NONE', #4854, 1000.000000000000000 ) ;
#2337 = ORIENTED_EDGE ( 'NONE', *, *, #3383, .F. ) ;
#2338 = CIRCLE ( 'NONE', #1972, 42.59000000000001052 ) ;
#2339 = ORIENTED_EDGE ( 'NONE', *, *, #4642, .T. ) ;
#2340 = DIRECTION ( 'NONE',  ( 0.000000000000000000, 0.000000000000000000, 1.000000000000000000 ) ) ;
#2341 = DIRECTION ( 'NONE',  ( 0.000000000000000000, 0.000000000000000000, -1.000000000000000000 ) ) ;
#2342 = ORIENTED_EDGE ( 'NONE', *, *, #3526, .T. ) ;
#2343 = EDGE_CURVE ( 'NONE', #443, #756, #4919, .T. ) ;
#2344 = CIRCLE ( 'NONE', #4504, 4.005000000000001670 ) ;
#2345 = VERTEX_POINT ( 'NONE', #5572 ) ;
#2346 = AXIS2_PLACEMENT_3D ( 'NONE', #4620, #2472, #2929 ) ;
#2347 = DIRECTION ( 'NONE',  ( 0.000000000000000000, 0.000000000000000000, 1.000000000000000000 ) ) ;
#2348 = EDGE_CURVE ( 'NONE', #3944, #2954, #366, .T. ) ;
#2349 = VERTEX_POINT ( 'NONE', #5204 ) ;
#2350 = DIRECTION ( 'NONE',  ( -1.000000000000000000, 0.000000000000000000, 0.000000000000000000 ) ) ;
#2351 = CARTESIAN_POINT ( 'NONE',  ( -23.80138519710759937, -33.01215321642951039, 0.000000000000000000 ) ) ;
#2352 = CYLINDRICAL_SURFACE ( 'NONE', #232, 4.005000000000001670 ) ;
#2353 = EDGE_CURVE ( 'NONE', #4938, #4880, #3985, .T. ) ;
#2354 = ORIENTED_EDGE ( 'NONE', *, *, #1029, .F. ) ;
#2355 = LINE ( 'NONE', #710, #1101 ) ;
#2356 = CARTESIAN_POINT ( 'NONE',  ( 14.99999999999966604, 25.98076211353335196, 3.490000000000000213 ) ) ;
#2357 = CARTESIAN_POINT ( 'NONE',  ( -28.83146179316142010, -31.34732701315175873, 3.000000000000000000 ) ) ;
#2358 = CYLINDRICAL_SURFACE ( 'NONE', #4018, 4.005000000000005222 ) ;
#2359 = DIRECTION ( 'NONE',  ( -0.000000000000000000, -0.000000000000000000, -1.000000000000000000 ) ) ;
#2360 = EDGE_CURVE ( 'NONE', #3443, #1870, #117, .T. ) ;
#2361 = EDGE_CURVE ( 'NONE', #3400, #962, #3056, .T. ) ;
#2362 = VERTEX_POINT ( 'NONE', #1806 ) ;
#2363 = LINE ( 'NONE', #3231, #4775 ) ;
#2364 = DIRECTION ( 'NONE',  ( -1.000000000000000000, 0.000000000000000000, 0.000000000000000000 ) ) ;
#2365 = LINE ( 'NONE', #4534, #1844 ) ;
#2366 = DIRECTION ( 'NONE',  ( -0.5877852522924772449, 0.8090169943749444537, 0.000000000000000000 ) ) ;
#2367 = VERTEX_POINT ( 'NONE', #156 ) ;
#2368 = ADVANCED_FACE ( 'NONE', ( #4387 ), #3583, .F. ) ;
#2369 = ADVANCED_FACE ( 'NONE', ( #930 ), #5328, .F. ) ;
#2370 = ORIENTED_EDGE ( 'NONE', *, *, #5273, .T. ) ;
#2371 = DIRECTION ( 'NONE',  ( 0.000000000000000000, 0.000000000000000000, 1.000000000000000000 ) ) ;
#2372 = ORIENTED_EDGE ( 'NONE', *, *, #1082, .F. ) ;
#2373 = AXIS2_PLACEMENT_3D ( 'NONE', #5151, #2511, #5574 ) ;
#2374 = EDGE_CURVE ( 'NONE', #4384, #3392, #1835, .T. ) ;
#2375 = VERTEX_POINT ( 'NONE', #4776 ) ;
#2376 = CARTESIAN_POINT ( 'NONE',  ( -23.23381596799520565, 18.60037218889204169, 3.000000000000000000 ) ) ;
#2377 = LINE ( 'NONE', #4102, #3502 ) ;
#2378 = CARTESIAN_POINT ( 'NONE',  ( 0.3883374136549826994, 40.87187053907685197, 3.000000000000000000 ) ) ;
#2379 = AXIS2_PLACEMENT_3D ( 'NONE', #2356, #5041, #2436 ) ;
#2380 = CARTESIAN_POINT ( 'NONE',  ( 31.36840236821740291, 27.82005574930123970, 0.000000000000000000 ) ) ;
#2381 = CARTESIAN_POINT ( 'NONE',  ( -18.51509051479425594, 23.30183411727454867, 3.000000000000000000 ) ) ;
#2382 = DIRECTION ( 'NONE',  ( -0.05597060578768664474, 0.9984324169856262365, -0.000000000000000000 ) ) ;
#2383 = DIRECTION ( 'NONE',  ( 1.000000000000000000, 0.000000000000000000, 0.000000000000000000 ) ) ;
#2384 = DIRECTION ( 'NONE',  ( -0.000000000000000000, 0.000000000000000000, 1.000000000000000000 ) ) ;
#2385 = AXIS2_PLACEMENT_3D ( 'NONE', #986, #5397, #2364 ) ;
#2386 = CIRCLE ( 'NONE', #4737, 42.59000000000001052 ) ;
#2387 = AXIS2_PLACEMENT_3D ( 'NONE', #3432, #4688, #813 ) ;
#2388 = VECTOR ( 'NONE', #3795, 1000.000000000000114 ) ;
#2389 = ORIENTED_EDGE ( 'NONE', *, *, #5447, .F. ) ;
#2390 = ORIENTED_EDGE ( 'NONE', *, *, #4546, .F. ) ;
#2391 = VECTOR ( 'NONE', #2328, 1000.000000000000114 ) ;
#2392 = LINE ( 'NONE', #1539, #1486 ) ;
#2393 = CARTESIAN_POINT ( 'NONE',  ( -36.18304898080720022, -21.08415842533863227, 3.000000000000000000 ) ) ;
#2394 = DIRECTION ( 'NONE',  ( -1.000000000000000000, 0.000000000000000000, 0.000000000000000000 ) ) ;
#2395 = ORIENTED_EDGE ( 'NONE', *, *, #4177, .T. ) ;
#2396 = EDGE_CURVE ( 'NONE', #1861, #461, #844, .T. ) ;
#2397 = AXIS2_PLACEMENT_3D ( 'NONE', #2947, #454, #2117 ) ;
#2398 = VERTEX_POINT ( 'NONE', #3523 ) ;
#2399 = VECTOR ( 'NONE', #2761, 1000.000000000000114 ) ;
#2400 = CYLINDRICAL_SURFACE ( 'NONE', #3908, 8.694264425220769255 ) ;
#2401 = ORIENTED_EDGE ( 'NONE', *, *, #4819, .F. ) ;
#2402 = DIRECTION ( 'NONE',  ( -0.000000000000000000, -0.000000000000000000, 1.000000000000000000 ) ) ;
#2403 = FACE_OUTER_BOUND ( 'NONE', #1391, .T. ) ;
#2404 = DIRECTION ( 'NONE',  ( -0.000000000000000000, -0.000000000000000000, -1.000000000000000000 ) ) ;
#2405 = VECTOR ( 'NONE', #4118, 1000.000000000000000 ) ;
#2406 = EDGE_CURVE ( 'NONE', #3617, #3683, #395, .T. ) ;
#2407 = CYLINDRICAL_SURFACE ( 'NONE', #3805, 42.59000000000001052 ) ;
#2408 = CARTESIAN_POINT ( 'NONE',  ( 0.000000000000000000, 0.000000000000000000, 3.000000000000000000 ) ) ;
#2409 = CARTESIAN_POINT ( 'NONE',  ( 23.12589166868058044, -18.73438508540974823, 3.000000000000000000 ) ) ;
#2410 = FACE_OUTER_BOUND ( 'NONE', #3585, .T. ) ;
#2411 = LINE ( 'NONE', #4166, #5589 ) ;
#2412 = EDGE_CURVE ( 'NONE', #177, #2938, #902, .T. ) ;
#2413 = EDGE_LOOP ( 'NONE', ( #4657, #432, #4355, #2442 ) ) ;
#2414 = ORIENTED_EDGE ( 'NONE', *, *, #1189, .F. ) ;
#2415 = VERTEX_POINT ( 'NONE', #4804 ) ;
#2416 = CARTESIAN_POINT ( 'NONE',  ( -36.77037256503043494, 16.20307056412863744, 0.000000000000000000 ) ) ;
#2417 = CARTESIAN_POINT ( 'NONE',  ( -38.58860451648724421, 12.63458943475418295, 0.000000000000000000 ) ) ;
#2418 = ORIENTED_EDGE ( 'NONE', *, *, #281, .F. ) ;
#2419 = CARTESIAN_POINT ( 'NONE',  ( 21.27125075187949577, 36.12149989430928798, 0.000000000000000000 ) ) ;
#2420 = VERTEX_POINT ( 'NONE', #2192 ) ;
#2421 = CIRCLE ( 'NONE', #5404, 4.005000000000001670 ) ;
#2422 = ORIENTED_EDGE ( 'NONE', *, *, #1137, .T. ) ;
#2423 = DIRECTION ( 'NONE',  ( -0.9510565162951576390, -0.3090169943749346282, 0.000000000000000000 ) ) ;
#2424 = AXIS2_PLACEMENT_3D ( 'NONE', #217, #2012, #3760 ) ;
#2425 = VECTOR ( 'NONE', #1024, 1000.000000000000000 ) ;
#2426 = AXIS2_PLACEMENT_3D ( 'NONE', #3673, #2779, #3621 ) ;
#2427 = EDGE_CURVE ( 'NONE', #1760, #2688, #4284, .T. ) ;
#2428 = ORIENTED_EDGE ( 'NONE', *, *, #139, .F. ) ;
#2429 = CYLINDRICAL_SURFACE ( 'NONE', #613, 42.59000000000001052 ) ;
#2430 = CARTESIAN_POINT ( 'NONE',  ( -23.85576211353316367, -14.99999999999999467, 3.490000000000000213 ) ) ;
#2431 = FACE_OUTER_BOUND ( 'NONE', #2584, .T. ) ;
#2432 = ORIENTED_EDGE ( 'NONE', *, *, #3319, .F. ) ;
#2433 = EDGE_CURVE ( 'NONE', #4004, #1547, #1776, .T. ) ;
#2434 = DIRECTION ( 'NONE',  ( 0.000000000000000000, 0.000000000000000000, -1.000000000000000000 ) ) ;
#2435 = ADVANCED_FACE ( 'NONE', ( #965 ), #5235, .T. ) ;
#2436 = DIRECTION ( 'NONE',  ( -1.000000000000000000, 0.000000000000000000, 0.000000000000000000 ) ) ;
#2437 = CYLINDRICAL_SURFACE ( 'NONE', #956, 8.694264425220762149 ) ;
#2438 = CARTESIAN_POINT ( 'NONE',  ( -28.10576211353315301, 15.00000000000000355, 3.490000000000000213 ) ) ;
#2439 = ORIENTED_EDGE ( 'NONE', *, *, #4779, .T. ) ;
#2440 = DIRECTION ( 'NONE',  ( 1.000000000000000000, 0.000000000000000000, 0.000000000000000000 ) ) ;
#2441 = VERTEX_POINT ( 'NONE', #4838 ) ;
#2442 = ORIENTED_EDGE ( 'NONE', *, *, #1698, .T. ) ;
#2443 = DIRECTION ( 'NONE',  ( 0.8090169943749465631, 0.5877852522924741363, 0.000000000000000000 ) ) ;
#2444 = ADVANCED_FACE ( 'NONE', ( #2692 ), #4414, .F. ) ;
#2445 = CYLINDRICAL_SURFACE ( 'NONE', #3455, 8.694264425220762149 ) ;
#2446 = PLANE ( 'NONE',  #3278 ) ;
#2447 = ORIENTED_EDGE ( 'NONE', *, *, #2475, .F. ) ;
#2448 = DIRECTION ( 'NONE',  ( -0.000000000000000000, -0.000000000000000000, -1.000000000000000000 ) ) ;
#2449 = VERTEX_POINT ( 'NONE', #780 ) ;
#2450 = EDGE_CURVE ( 'NONE', #348, #4769, #942, .T. ) ;
#2451 = ORIENTED_EDGE ( 'NONE', *, *, #4380, .F. ) ;
#2452 = CARTESIAN_POINT ( 'NONE',  ( -40.94573803496158604, -8.778039249333797756, 3.000000000000000000 ) ) ;
#2453 = ORIENTED_EDGE ( 'NONE', *, *, #1475, .T. ) ;
#2454 = DIRECTION ( 'NONE',  ( 0.000000000000000000, 0.000000000000000000, 1.000000000000000000 ) ) ;
#2455 = CARTESIAN_POINT ( 'NONE',  ( -32.82325911375652083, -23.94971689001971882, 3.000000000000000000 ) ) ;
#2456 = CARTESIAN_POINT ( 'NONE',  ( 0.000000000000000000, 0.000000000000000000, 3.490000000000000213 ) ) ;
#2457 = VERTEX_POINT ( 'NONE', #1712 ) ;
#2458 = EDGE_CURVE ( 'NONE', #3435, #1904, #2195, .T. ) ;
#2459 = CARTESIAN_POINT ( 'NONE',  ( -39.21512454897334266, 8.678897630670645569, 0.000000000000000000 ) ) ;
#2460 = DIRECTION ( 'NONE',  ( 0.000000000000000000, 0.000000000000000000, -1.000000000000000000 ) ) ;
#2461 = DIRECTION ( 'NONE',  ( 1.000000000000000000, 0.000000000000000000, 0.000000000000000000 ) ) ;
#2462 = CIRCLE ( 'NONE', #4458, 4.005000000000003446 ) ;
#2463 = LINE ( 'NONE', #5499, #2505 ) ;
#2464 = EDGE_CURVE ( 'NONE', #2457, #4755, #4345, .T. ) ;
#2465 = ORIENTED_EDGE ( 'NONE', *, *, #4963, .T. ) ;
#2466 = CIRCLE ( 'NONE', #4722, 8.694264425220769255 ) ;
#2467 = ORIENTED_EDGE ( 'NONE', *, *, #365, .T. ) ;
#2468 = ORIENTED_EDGE ( 'NONE', *, *, #5139, .T. ) ;
#2469 = CARTESIAN_POINT ( 'NONE',  ( -2.125000000000003997, -30.00000000000000000, 0.000000000000000000 ) ) ;
#2470 = CARTESIAN_POINT ( 'NONE',  ( -12.42062638418443399, 38.84312997681865909, 0.000000000000000000 ) ) ;
#2471 = VERTEX_POINT ( 'NONE', #2583 ) ;
#2472 = DIRECTION ( 'NONE',  ( 0.000000000000000000, 0.000000000000000000, 1.000000000000000000 ) ) ;
#2473 = VERTEX_POINT ( 'NONE', #414 ) ;
#2474 = CIRCLE ( 'NONE', #34, 8.694264425220763925 ) ;
#2475 = EDGE_CURVE ( 'NONE', #5050, #31, #229, .T. ) ;
#2476 = AXIS2_PLACEMENT_3D ( 'NONE', #4062, #2210, #2762 ) ;
#2477 = VERTEX_POINT ( 'NONE', #3798 ) ;
#2478 = AXIS2_PLACEMENT_3D ( 'NONE', #1312, #3043, #4759 ) ;
#2479 = CARTESIAN_POINT ( 'NONE',  ( 12.83957879275116731, -38.89978764190303906, 0.000000000000000000 ) ) ;
#2480 = EDGE_CURVE ( 'NONE', #3595, #721, #1660, .T. ) ;
#2481 = CIRCLE ( 'NONE', #2765, 8.694264425220762149 ) ;
#2482 = ORIENTED_EDGE ( 'NONE', *, *, #3406, .F. ) ;
#2483 = CARTESIAN_POINT ( 'NONE',  ( -30.00000000000000000, 1.836970198721062721E-15, 3.490000000000000213 ) ) ;
#2484 = DIRECTION ( 'NONE',  ( -0.000000000000000000, -0.000000000000000000, -1.000000000000000000 ) ) ;
#2485 = LINE ( 'NONE', #1608, #713 ) ;
#2486 = CYLINDRICAL_SURFACE ( 'NONE', #2373, 2.124999999999998224 ) ;
#2487 = CARTESIAN_POINT ( 'NONE',  ( 27.16104326975240824, 30.24582191543627729, 0.000000000000000000 ) ) ;
#2488 = DIRECTION ( 'NONE',  ( -1.000000000000000000, 0.000000000000000000, 0.000000000000000000 ) ) ;
#2489 = LINE ( 'NONE', #4113, #3766 ) ;
#2490 = AXIS2_PLACEMENT_3D ( 'NONE', #1501, #2827, #1081 ) ;
#2491 = VERTEX_POINT ( 'NONE', #3486 ) ;
#2492 = ORIENTED_EDGE ( 'NONE', *, *, #3262, .F. ) ;
#2493 = DIRECTION ( 'NONE',  ( -0.04344093826451345813, -0.9990559968703950355, 0.000000000000000000 ) ) ;
#2494 = CARTESIAN_POINT ( 'NONE',  ( -19.73075383944927452, 33.07778457408781492, 3.000000000000000000 ) ) ;
#2495 = CARTESIAN_POINT ( 'NONE',  ( 25.98076211353298248, 15.00000000000030376, 10.00000000000000000 ) ) ;
#2496 = FACE_OUTER_BOUND ( 'NONE', #3361, .T. ) ;
#2497 = ORIENTED_EDGE ( 'NONE', *, *, #3061, .T. ) ;
#2498 = DIRECTION ( 'NONE',  ( 0.000000000000000000, 0.000000000000000000, -1.000000000000000000 ) ) ;
#2499 = DIRECTION ( 'NONE',  ( -1.000000000000000000, 0.000000000000000000, 0.000000000000000000 ) ) ;
#2500 = ORIENTED_EDGE ( 'NONE', *, *, #4901, .F. ) ;
#2501 = CARTESIAN_POINT ( 'NONE',  ( 0.000000000000000000, 0.000000000000000000, 3.000000000000000000 ) ) ;
#2502 = EDGE_CURVE ( 'NONE', #4499, #517, #4830, .T. ) ;
#2503 = VECTOR ( 'NONE', #4885, 1000.000000000000000 ) ;
#2504 = ORIENTED_EDGE ( 'NONE', *, *, #1583, .F. ) ;
#2505 = VECTOR ( 'NONE', #4636, 1000.000000000000000 ) ;
#2506 = EDGE_CURVE ( 'NONE', #3775, #721, #1261, .T. ) ;
#2507 = DIRECTION ( 'NONE',  ( 0.5877852522924832401, -0.8090169943749400128, 0.000000000000000000 ) ) ;
#2508 = DIRECTION ( 'NONE',  ( 0.000000000000000000, 0.000000000000000000, -1.000000000000000000 ) ) ;
#2509 = CIRCLE ( 'NONE', #85, 2.124999999999998224 ) ;
#2510 = CIRCLE ( 'NONE', #1524, 8.694264425220762149 ) ;
#2511 = DIRECTION ( 'NONE',  ( -0.000000000000000000, -0.000000000000000000, -1.000000000000000000 ) ) ;
#2512 = FACE_OUTER_BOUND ( 'NONE', #719, .T. ) ;
#2513 = DIRECTION ( 'NONE',  ( 0.000000000000000000, 0.000000000000000000, 1.000000000000000000 ) ) ;
#2514 = EDGE_LOOP ( 'NONE', ( #5500, #1429, #5156, #1924 ) ) ;
#2515 = ORIENTED_EDGE ( 'NONE', *, *, #970, .F. ) ;
#2516 = ORIENTED_EDGE ( 'NONE', *, *, #4410, .T. ) ;
#2517 = CARTESIAN_POINT ( 'NONE',  ( -37.15235299575998340, 20.82332266662659848, 0.000000000000000000 ) ) ;
#2518 = DIRECTION ( 'NONE',  ( -0.000000000000000000, -0.000000000000000000, -1.000000000000000000 ) ) ;
#2519 = DIRECTION ( 'NONE',  ( 0.000000000000000000, 0.000000000000000000, 1.000000000000000000 ) ) ;
#2520 = DIRECTION ( 'NONE',  ( 1.000000000000000000, 0.000000000000000000, 0.000000000000000000 ) ) ;
#2521 = ORIENTED_EDGE ( 'NONE', *, *, #2155, .T. ) ;
#2522 = CYLINDRICAL_SURFACE ( 'NONE', #1969, 8.694264425220771031 ) ;
#2523 = VECTOR ( 'NONE', #4700, 1000.000000000000000 ) ;
#2524 = EDGE_CURVE ( 'NONE', #1490, #1593, #5224, .T. ) ;
#2525 = DIRECTION ( 'NONE',  ( -0.8090169943749507819, 0.5877852522924685852, 0.000000000000000000 ) ) ;
#2526 = ORIENTED_EDGE ( 'NONE', *, *, #3451, .T. ) ;
#2527 = CARTESIAN_POINT ( 'NONE',  ( -8.487627998526756201, 41.04109639035729629, 3.000000000000000000 ) ) ;
#2528 = AXIS2_PLACEMENT_3D ( 'NONE', #3249, #2434, #1925 ) ;
#2529 = ORIENTED_EDGE ( 'NONE', *, *, #896, .F. ) ;
#2530 = PLANE ( 'NONE',  #2826 ) ;
#2531 = CARTESIAN_POINT ( 'NONE',  ( -4.770920966160786314, -42.32193772896804518, 3.000000000000000000 ) ) ;
#2532 = DIRECTION ( 'NONE',  ( 1.000000000000000000, 0.000000000000000000, 0.000000000000000000 ) ) ;
#2533 = ORIENTED_EDGE ( 'NONE', *, *, #4762, .F. ) ;
#2534 = ADVANCED_FACE ( 'NONE', ( #4707 ), #4287, .T. ) ;
#2535 = DIRECTION ( 'NONE',  ( -0.000000000000000000, -0.000000000000000000, 1.000000000000000000 ) ) ;
#2536 = DIRECTION ( 'NONE',  ( -1.000000000000000000, 0.000000000000000000, 0.000000000000000000 ) ) ;
#2537 = DIRECTION ( 'NONE',  ( -1.000000000000000000, 0.000000000000000000, 0.000000000000000000 ) ) ;
#2538 = CARTESIAN_POINT ( 'NONE',  ( 16.25984341948362655, -24.92792694898336947, 3.000000000000000000 ) ) ;
#2539 = ORIENTED_EDGE ( 'NONE', *, *, #98, .T. ) ;
#2540 = CIRCLE ( 'NONE', #3266, 8.694264425220771031 ) ;
#2541 = EDGE_CURVE ( 'NONE', #1374, #3933, #4465, .T. ) ;
#2542 = EDGE_LOOP ( 'NONE', ( #1326, #5080, #5046, #4613 ) ) ;
#2543 = ORIENTED_EDGE ( 'NONE', *, *, #3205, .T. ) ;
#2544 = CARTESIAN_POINT ( 'NONE',  ( -32.71548983060392146, 24.09804858293307817, 0.000000000000000000 ) ) ;
#2545 = CARTESIAN_POINT ( 'NONE',  ( 30.54248530126161043, 26.86437988392712484, 0.000000000000000000 ) ) ;
#2546 = CIRCLE ( 'NONE', #2379, 2.125000000000000000 ) ;
#2547 = CARTESIAN_POINT ( 'NONE',  ( 31.36840236821740291, 27.82005574930123970, 3.000000000000000000 ) ) ;
#2548 = DIRECTION ( 'NONE',  ( 0.000000000000000000, 0.000000000000000000, 1.000000000000000000 ) ) ;
#2549 = ORIENTED_EDGE ( 'NONE', *, *, #2932, .F. ) ;
#2550 = DIRECTION ( 'NONE',  ( -3.492186772799750817E-15, 1.000000000000000000, 0.000000000000000000 ) ) ;
#2551 = AXIS2_PLACEMENT_3D ( 'NONE', #3552, #178, #3187 ) ;
#2552 = CARTESIAN_POINT ( 'NONE',  ( 38.40817702442036108, -16.83113193255802287, 0.000000000000000000 ) ) ;
#2553 = ORIENTED_EDGE ( 'NONE', *, *, #5567, .F. ) ;
#2554 = AXIS2_PLACEMENT_3D ( 'NONE', #355, #3314, #1623 ) ;
#2555 = CARTESIAN_POINT ( 'NONE',  ( -28.10576211353316012, -14.99999999999999467, 0.000000000000000000 ) ) ;
#2556 = AXIS2_PLACEMENT_3D ( 'NONE', #2655, #1865, #3138 ) ;
#2557 = CIRCLE ( 'NONE', #5541, 8.694264425220762149 ) ;
#2558 = AXIS2_PLACEMENT_3D ( 'NONE', #2786, #4193, #4560 ) ;
#2559 = CIRCLE ( 'NONE', #145, 4.005000000000001670 ) ;
#2560 = AXIS2_PLACEMENT_3D ( 'NONE', #4703, #1341, #4280 ) ;
#2561 = ORIENTED_EDGE ( 'NONE', *, *, #2123, .T. ) ;
#2562 = AXIS2_PLACEMENT_3D ( 'NONE', #3753, #1319, #5228 ) ;
#2563 = CARTESIAN_POINT ( 'NONE',  ( -34.59935313971915605, -20.46393609590036178, 0.000000000000000000 ) ) ;
#2564 = EDGE_CURVE ( 'NONE', #52, #4847, #5372, .T. ) ;
#2565 = CIRCLE ( 'NONE', #4637, 2.125000000000000000 ) ;
#2566 = DIRECTION ( 'NONE',  ( 0.9633688272853686563, 0.2681799817563077504, -0.000000000000000000 ) ) ;
#2567 = CARTESIAN_POINT ( 'NONE',  ( 5.337150639699440369, 42.25426514624478358, 3.000000000000000000 ) ) ;
#2568 = VECTOR ( 'NONE', #1063, 1000.000000000000114 ) ;
#2569 = CARTESIAN_POINT ( 'NONE',  ( -20.76266961515267795, 36.39352824830926636, 3.000000000000000000 ) ) ;
#2570 = DIRECTION ( 'NONE',  ( 0.3513643657326011582, 0.9362387956570304981, -0.000000000000000000 ) ) ;
#2571 = ADVANCED_FACE ( 'NONE', ( #3857 ), #3048, .F. ) ;
#2572 = DIRECTION ( 'NONE',  ( 0.000000000000000000, -0.000000000000000000, 1.000000000000000000 ) ) ;
#2573 = EDGE_CURVE ( 'NONE', #2375, #2922, #3828, .T. ) ;
#2574 = ORIENTED_EDGE ( 'NONE', *, *, #1506, .T. ) ;
#2575 = ORIENTED_EDGE ( 'NONE', *, *, #5110, .T. ) ;
#2576 = CYLINDRICAL_SURFACE ( 'NONE', #184, 4.005000000000001670 ) ;
#2577 = DIRECTION ( 'NONE',  ( 0.000000000000000000, 0.000000000000000000, 1.000000000000000000 ) ) ;
#2578 = FACE_OUTER_BOUND ( 'NONE', #1542, .T. ) ;
#2579 = CARTESIAN_POINT ( 'NONE',  ( -40.94573803496166420, 8.778039249333225769, 3.000000000000000000 ) ) ;
#2580 = EDGE_CURVE ( 'NONE', #3273, #1687, #2104, .T. ) ;
#2581 = EDGE_LOOP ( 'NONE', ( #3844, #487, #1327, #5166 ) ) ;
#2582 = DIRECTION ( 'NONE',  ( -0.3610665997123470583, -0.9325400316191063688, 0.000000000000000000 ) ) ;
#2583 = CARTESIAN_POINT ( 'NONE',  ( 16.49973394995513587, -37.06703595085598835, 0.000000000000000000 ) ) ;
#2584 = EDGE_LOOP ( 'NONE', ( #4563, #1983, #3068, #4256 ) ) ;
#2585 = CARTESIAN_POINT ( 'NONE',  ( 17.21325967034675841, 38.23122844270247356, 0.000000000000000000 ) ) ;
#2586 = FACE_OUTER_BOUND ( 'NONE', #4547, .T. ) ;
#2587 = EDGE_CURVE ( 'NONE', #3813, #2300, #1749, .T. ) ;
#2588 = ORIENTED_EDGE ( 'NONE', *, *, #3427, .T. ) ;
#2589 = CARTESIAN_POINT ( 'NONE',  ( 9.082501176170758583, -40.91370791742376412, 0.000000000000000000 ) ) ;
#2590 = CIRCLE ( 'NONE', #428, 8.694264425220763925 ) ;
#2591 = VECTOR ( 'NONE', #1909, 1000.000000000000000 ) ;
#2592 = CARTESIAN_POINT ( 'NONE',  ( 30.54248530126200833, -26.86437988392668430, 3.000000000000000000 ) ) ;
#2593 = DIRECTION ( 'NONE',  ( -0.6325295778478696729, -0.7745362051883667442, 0.000000000000000000 ) ) ;
#2594 = CIRCLE ( 'NONE', #180, 2.124999999999998224 ) ;
#2595 = ORIENTED_EDGE ( 'NONE', *, *, #3038, .T. ) ;
#2596 = DIRECTION ( 'NONE',  ( -1.000000000000000000, 0.000000000000000000, 0.000000000000000000 ) ) ;
#2597 = LINE ( 'NONE', #908, #3923 ) ;
#2598 = DIRECTION ( 'NONE',  ( -0.000000000000000000, -0.000000000000000000, -1.000000000000000000 ) ) ;
#2599 = ORIENTED_EDGE ( 'NONE', *, *, #62, .F. ) ;
#2600 = EDGE_CURVE ( 'NONE', #4535, #872, #2933, .T. ) ;
#2601 = EDGE_CURVE ( 'NONE', #4863, #4221, #763, .T. ) ;
#2602 = DIRECTION ( 'NONE',  ( -0.9984324169856267917, 0.05597060578767799194, 0.000000000000000000 ) ) ;
#2603 = AXIS2_PLACEMENT_3D ( 'NONE', #857, #4669, #3394 ) ;
#2604 = ORIENTED_EDGE ( 'NONE', *, *, #1958, .F. ) ;
#2605 = EDGE_CURVE ( 'NONE', #5033, #955, #3282, .T. ) ;
#2606 = VERTEX_POINT ( 'NONE', #378 ) ;
#2607 = AXIS2_PLACEMENT_3D ( 'NONE', #4175, #4228, #1097 ) ;
#2608 = LINE ( 'NONE', #2982, #2523 ) ;
#2609 = CYLINDRICAL_SURFACE ( 'NONE', #1846, 4.005000000000003446 ) ;
#2610 = CARTESIAN_POINT ( 'NONE',  ( -32.82325911375684768, 23.94971689001924986, 0.000000000000000000 ) ) ;
#2611 = DIRECTION ( 'NONE',  ( 0.3090169943749447867, 0.9510565162951543083, 0.000000000000000000 ) ) ;
#2612 = EDGE_CURVE ( 'NONE', #2324, #2300, #502, .T. ) ;
#2613 = ORIENTED_EDGE ( 'NONE', *, *, #2657, .T. ) ;
#2614 = CARTESIAN_POINT ( 'NONE',  ( -38.60312425607723696, -12.54291540692518936, 0.000000000000000000 ) ) ;
#2615 = EDGE_LOOP ( 'NONE', ( #2048, #1825, #1238, #3633 ) ) ;
#2616 = EDGE_CURVE ( 'NONE', #2449, #1152, #2124, .T. ) ;
#2617 = CARTESIAN_POINT ( 'NONE',  ( 0.000000000000000000, 0.000000000000000000, 3.000000000000000000 ) ) ;
#2618 = ORIENTED_EDGE ( 'NONE', *, *, #3137, .F. ) ;
#2619 = LINE ( 'NONE', #1632, #1305 ) ;
#2620 = CARTESIAN_POINT ( 'NONE',  ( 41.77658695461929739, 8.284013666281188293, 3.000000000000000000 ) ) ;
#2621 = ORIENTED_EDGE ( 'NONE', *, *, #1953, .T. ) ;
#2622 = DIRECTION ( 'NONE',  ( -0.000000000000000000, -0.000000000000000000, -1.000000000000000000 ) ) ;
#2623 = CARTESIAN_POINT ( 'NONE',  ( 36.33288492289322136, 20.94598947935135413, 0.000000000000000000 ) ) ;
#2624 = CARTESIAN_POINT ( 'NONE',  ( -38.58860451648724421, 12.63458943475418295, 3.000000000000000000 ) ) ;
#2625 = VERTEX_POINT ( 'NONE', #4248 ) ;
#2626 = ORIENTED_EDGE ( 'NONE', *, *, #1953, .F. ) ;
#2627 = DIRECTION ( 'NONE',  ( -0.3090169943749512815, 0.9510565162951521989, 0.000000000000000000 ) ) ;
#2628 = DIRECTION ( 'NONE',  ( 1.000000000000000000, 0.000000000000000000, 0.000000000000000000 ) ) ;
#2629 = CARTESIAN_POINT ( 'NONE',  ( 0.000000000000000000, 0.000000000000000000, 0.000000000000000000 ) ) ;
#2630 = ORIENTED_EDGE ( 'NONE', *, *, #3957, .F. ) ;
#2631 = EDGE_CURVE ( 'NONE', #1797, #4395, #2150, .T. ) ;
#2632 = PRODUCT_CONTEXT ( 'NONE', #3303, 'mechanical' ) ;
#2633 = EDGE_LOOP ( 'NONE', ( #1042, #5242, #3478, #4067 ) ) ;
#2634 = VERTEX_POINT ( 'NONE', #4278 ) ;
#2635 = VERTEX_POINT ( 'NONE', #3793 ) ;
#2636 = ORIENTED_EDGE ( 'NONE', *, *, #2601, .F. ) ;
#2637 = CARTESIAN_POINT ( 'NONE',  ( 24.32908061110023112, 33.07778457408836204, 0.000000000000000000 ) ) ;
#2638 = CYLINDRICAL_SURFACE ( 'NONE', #3189, 8.694264425220762149 ) ;
#2639 = CARTESIAN_POINT ( 'NONE',  ( -8.332926048929298446, 38.88526790231278341, 3.000000000000000000 ) ) ;
#2640 = CARTESIAN_POINT ( 'NONE',  ( 14.99999999999966604, 25.98076211353335196, 10.00000000000000000 ) ) ;
#2641 = VERTEX_POINT ( 'NONE', #858 ) ;
#2642 = CARTESIAN_POINT ( 'NONE',  ( 0.000000000000000000, 0.000000000000000000, 0.000000000000000000 ) ) ;
#2643 = ORIENTED_EDGE ( 'NONE', *, *, #127, .T. ) ;
#2644 = EDGE_CURVE ( 'NONE', #2897, #3628, #5526, .T. ) ;
#2645 = ORIENTED_EDGE ( 'NONE', *, *, #4896, .F. ) ;
#2646 = ORIENTED_EDGE ( 'NONE', *, *, #786, .F. ) ;
#2647 = CARTESIAN_POINT ( 'NONE',  ( 5.337150639700000809, -42.25426514624471963, 0.000000000000000000 ) ) ;
#2648 = CARTESIAN_POINT ( 'NONE',  ( 0.000000000000000000, 0.000000000000000000, 3.000000000000000000 ) ) ;
#2649 = VERTEX_POINT ( 'NONE', #1730 ) ;
#2650 = EDGE_CURVE ( 'NONE', #5365, #2635, #2936, .T. ) ;
#2651 = ORIENTED_EDGE ( 'NONE', *, *, #3648, .T. ) ;
#2652 = ORIENTED_EDGE ( 'NONE', *, *, #276, .F. ) ;
#2653 = AXIS2_PLACEMENT_3D ( 'NONE', #566, #1829, #3545 ) ;
#2654 = CARTESIAN_POINT ( 'NONE',  ( -32.78112118826260257, 24.03241722527427271, 3.000000000000000000 ) ) ;
#2655 = CARTESIAN_POINT ( 'NONE',  ( -15.00000000000002842, 25.98076211353313525, 10.00000000000000000 ) ) ;
#2656 = DIRECTION ( 'NONE',  ( -0.000000000000000000, 0.000000000000000000, 1.000000000000000000 ) ) ;
#2657 = EDGE_CURVE ( 'NONE', #2885, #5222, #1646, .T. ) ;
#2658 = VERTEX_POINT ( 'NONE', #4308 ) ;
#2659 = CIRCLE ( 'NONE', #1658, 42.59000000000001052 ) ;
#2660 = CIRCLE ( 'NONE', #4101, 42.59000000000001052 ) ;
#2661 = AXIS2_PLACEMENT_3D ( 'NONE', #2258, #3553, #3465 ) ;
#2662 = VECTOR ( 'NONE', #1257, 1000.000000000000000 ) ;
#2664 = VERTEX_POINT ( 'NONE', #5159 ) ;
#2663 = AXIS2_PLACEMENT_3D ( 'NONE', #4103, #3195, #4928 ) ;
#2665 = CARTESIAN_POINT ( 'NONE',  ( 38.40817702442010528, 16.83113193255856643, 3.000000000000000000 ) ) ;
#2666 = CYLINDRICAL_SURFACE ( 'NONE', #2114, 42.59000000000001052 ) ;
#2667 = DIRECTION ( 'NONE',  ( 0.2598520581447232303, -0.9656484390698052422, 0.000000000000000000 ) ) ;
#2668 = EDGE_CURVE ( 'NONE', #2952, #3454, #434, .T. ) ;
#2669 = AXIS2_PLACEMENT_3D ( 'NONE', #1329, #3062, #2536 ) ;
#2670 = ORIENTED_EDGE ( 'NONE', *, *, #4027, .T. ) ;
#2671 = ORIENTED_EDGE ( 'NONE', *, *, #2188, .T. ) ;
#2672 = CIRCLE ( 'NONE', #3659, 4.005000000000004334 ) ;
#2673 = ORIENTED_EDGE ( 'NONE', *, *, #3956, .T. ) ;
#2674 = DIRECTION ( 'NONE',  ( -0.000000000000000000, -0.000000000000000000, 1.000000000000000000 ) ) ;
#2675 = CARTESIAN_POINT ( 'NONE',  ( -38.54646659099296357, -12.71728977000985772, 0.000000000000000000 ) ) ;
#2676 = DIRECTION ( 'NONE',  ( -0.000000000000000000, -0.000000000000000000, -1.000000000000000000 ) ) ;
#2677 = CARTESIAN_POINT ( 'NONE',  ( 12.83957879275116731, -38.89978764190303906, 3.000000000000000000 ) ) ;
#2678 = ORIENTED_EDGE ( 'NONE', *, *, #2291, .F. ) ;
#2679 = DIRECTION ( 'NONE',  ( 0.000000000000000000, 0.000000000000000000, 1.000000000000000000 ) ) ;
#2680 = ORIENTED_EDGE ( 'NONE', *, *, #2082, .T. ) ;
#2681 = ADVANCED_FACE ( 'NONE', ( #3419 ), #1279, .F. ) ;
#2682 = EDGE_CURVE ( 'NONE', #3362, #1457, #4923, .T. ) ;
#2683 = VERTEX_POINT ( 'NONE', #5106 ) ;
#2684 = ORIENTED_EDGE ( 'NONE', *, *, #5060, .F. ) ;
#2685 = DIRECTION ( 'NONE',  ( -1.000000000000000000, 0.000000000000000000, 0.000000000000000000 ) ) ;
#2686 = DIRECTION ( 'NONE',  ( -0.3090169943749515036, 0.9510565162951523099, 0.000000000000000000 ) ) ;
#2687 = VERTEX_POINT ( 'NONE', #1198 ) ;
#2688 = VERTEX_POINT ( 'NONE', #884 ) ;
#2689 = ADVANCED_FACE ( 'NONE', ( #1227 ), #2609, .F. ) ;
#2690 = ORIENTED_EDGE ( 'NONE', *, *, #2541, .F. ) ;
#2691 = DIRECTION ( 'NONE',  ( -1.000000000000000000, 0.000000000000000000, 0.000000000000000000 ) ) ;
#2692 = FACE_OUTER_BOUND ( 'NONE', #324, .T. ) ;
#2693 = CARTESIAN_POINT ( 'NONE',  ( -12.42062638418386733, -38.84312997681885093, 0.000000000000000000 ) ) ;
#2694 = ORIENTED_EDGE ( 'NONE', *, *, #4724, .F. ) ;
#2695 = EDGE_CURVE ( 'NONE', #2222, #2683, #3651, .T. ) ;
#2696 = ORIENTED_EDGE ( 'NONE', *, *, #593, .F. ) ;
#2697 = FACE_OUTER_BOUND ( 'NONE', #448, .T. ) ;
#2698 = CARTESIAN_POINT ( 'NONE',  ( 27.00000000000000000, 3.306546357697853733E-15, 0.000000000000000000 ) ) ;
#2699 = CARTESIAN_POINT ( 'NONE',  ( 42.30279717274500939, -4.937757726093670918, 3.000000000000000000 ) ) ;
#2700 = CIRCLE ( 'NONE', #3227, 4.005000000000003446 ) ;
#2701 = ORIENTED_EDGE ( 'NONE', *, *, #2427, .F. ) ;
#2702 = CARTESIAN_POINT ( 'NONE',  ( -20.16727271007489719, 34.89601652554476630, 0.000000000000000000 ) ) ;
#2703 = CARTESIAN_POINT ( 'NONE',  ( -39.21512454897323607, -8.678897630671206898, 0.000000000000000000 ) ) ;
#2704 = CIRCLE ( 'NONE', #2243, 8.694264425220762149 ) ;
#2705 = CARTESIAN_POINT ( 'NONE',  ( -42.27354308904191527, -5.182244175925808882, 3.000000000000000000 ) ) ;
#2706 = DIRECTION ( 'NONE',  ( -0.000000000000000000, -0.000000000000000000, -1.000000000000000000 ) ) ;
#2707 = DIRECTION ( 'NONE',  ( -0.3090169943749381254, -0.9510565162951565288, 0.000000000000000000 ) ) ;
#2708 = AXIS2_PLACEMENT_3D ( 'NONE', #1361, #1812, #2327 ) ;
#2709 = CIRCLE ( 'NONE', #2248, 2.124999999999998224 ) ;
#2710 = ORIENTED_EDGE ( 'NONE', *, *, #5542, .F. ) ;
#2711 = VERTEX_POINT ( 'NONE', #2494 ) ;
#2712 = EDGE_CURVE ( 'NONE', #387, #2634, #2923, .T. ) ;
#2713 = CARTESIAN_POINT ( 'NONE',  ( 9.082601838876325218, -40.87187053907685907, 0.000000000000000000 ) ) ;
#2714 = CARTESIAN_POINT ( 'NONE',  ( -31.05746264471040519, -29.14347463965851759, 3.000000000000000000 ) ) ;
#2715 = VERTEX_POINT ( 'NONE', #1678 ) ;
#2716 = ORIENTED_EDGE ( 'NONE', *, *, #3703, .T. ) ;
#2717 = CARTESIAN_POINT ( 'NONE',  ( -17.12500000000002842, 25.98076211353313525, 10.00000000000000000 ) ) ;
#2718 = EDGE_CURVE ( 'NONE', #381, #1377, #774, .T. ) ;
#2719 = DIRECTION ( 'NONE',  ( 0.000000000000000000, 0.000000000000000000, 1.000000000000000000 ) ) ;
#2720 = DIRECTION ( 'NONE',  ( 0.000000000000000000, 0.000000000000000000, 1.000000000000000000 ) ) ;
#2721 = EDGE_CURVE ( 'NONE', #4847, #177, #354, .T. ) ;
#2722 = EDGE_LOOP ( 'NONE', ( #4374, #4807 ) ) ;
#2723 = LINE ( 'NONE', #1867, #5171 ) ;
#2724 = LINE ( 'NONE', #159, #5593 ) ;
#2725 = CARTESIAN_POINT ( 'NONE',  ( 2.125000000000000444, 30.00000000000000000, 10.00000000000000000 ) ) ;
#2726 = CARTESIAN_POINT ( 'NONE',  ( -38.56881604959922782, 18.06528517716168736, 3.000000000000000000 ) ) ;
#2727 = EDGE_CURVE ( 'NONE', #2441, #1180, #2559, .T. ) ;
#2728 = ORIENTED_EDGE ( 'NONE', *, *, #5331, .T. ) ;
#2729 = ORIENTED_EDGE ( 'NONE', *, *, #4999, .F. ) ;
#2730 = CYLINDRICAL_SURFACE ( 'NONE', #4974, 4.005000000000005222 ) ;
#2731 = DIRECTION ( 'NONE',  ( 1.000000000000000000, 0.000000000000000000, 0.000000000000000000 ) ) ;
#2732 = CARTESIAN_POINT ( 'NONE',  ( 0.000000000000000000, 0.000000000000000000, 3.000000000000000000 ) ) ;
#2733 = CARTESIAN_POINT ( 'NONE',  ( -4.770920966161405374, 42.32193772896797412, 3.000000000000000000 ) ) ;
#2734 = CARTESIAN_POINT ( 'NONE',  ( -28.83146179316188906, 31.34732701315133596, 3.000000000000000000 ) ) ;
#2735 = EDGE_CURVE ( 'NONE', #3775, #3096, #5464, .T. ) ;
#2736 = ORIENTED_EDGE ( 'NONE', *, *, #5231, .F. ) ;
#2737 = ORIENTED_EDGE ( 'NONE', *, *, #4655, .T. ) ;
#2738 = CARTESIAN_POINT ( 'NONE',  ( 30.54248530126161043, 26.86437988392712484, 3.000000000000000000 ) ) ;
#2739 = CARTESIAN_POINT ( 'NONE',  ( -12.33792604892874323, -38.88526790231296104, 0.000000000000000000 ) ) ;
#2740 = ORIENTED_EDGE ( 'NONE', *, *, #4578, .T. ) ;
#2741 = ORIENTED_EDGE ( 'NONE', *, *, #3917, .F. ) ;
#2742 = AXIS2_PLACEMENT_3D ( 'NONE', #969, #1000, #3589 ) ;
#2743 = ORIENTED_EDGE ( 'NONE', *, *, #1223, .T. ) ;
#2744 = CARTESIAN_POINT ( 'NONE',  ( -36.77037256503021467, -16.20307056412915969, 0.000000000000000000 ) ) ;
#2745 = CIRCLE ( 'NONE', #308, 2.124999999999998224 ) ;
#2746 = DIRECTION ( 'NONE',  ( -0.8090169943749223602, -0.5877852522925075540, 0.000000000000000000 ) ) ;
#2747 = CIRCLE ( 'NONE', #4377, 8.694264425220767478 ) ;
#2748 = CARTESIAN_POINT ( 'NONE',  ( 13.01395315583583212, -38.84312997681875146, 0.000000000000000000 ) ) ;
#2749 = CARTESIAN_POINT ( 'NONE',  ( 21.27125075188002157, -36.12149989430897534, 3.000000000000000000 ) ) ;
#2750 = AXIS2_PLACEMENT_3D ( 'NONE', #2911, #788, #2507 ) ;
#2751 = CARTESIAN_POINT ( 'NONE',  ( 25.98076211353298248, 15.00000000000030376, 3.490000000000000213 ) ) ;
#2752 = CIRCLE ( 'NONE', #5002, 2.125000000000001776 ) ;
#2753 = AXIS2_PLACEMENT_3D ( 'NONE', #2677, #4432, #1373 ) ;
#2754 = ORIENTED_EDGE ( 'NONE', *, *, #1475, .F. ) ;
#2755 = VECTOR ( 'NONE', #3366, 1000.000000000000000 ) ;
#2756 = ORIENTED_EDGE ( 'NONE', *, *, #5318, .T. ) ;
#2757 = EDGE_CURVE ( 'NONE', #4890, #2239, #1574, .T. ) ;
#2758 = DIRECTION ( 'NONE',  ( -0.8368276178719317171, -0.5474664720024307041, 0.000000000000000000 ) ) ;
#2759 = EDGE_CURVE ( 'NONE', #2032, #3343, #4738, .T. ) ;
#2760 = DIRECTION ( 'NONE',  ( -0.000000000000000000, -0.000000000000000000, 1.000000000000000000 ) ) ;
#2761 = DIRECTION ( 'NONE',  ( 0.9989412903386064579, 0.04600324397952859634, -0.000000000000000000 ) ) ;
#2762 = DIRECTION ( 'NONE',  ( -1.000000000000000000, 1.416627799323297197E-14, 0.000000000000000000 ) ) ;
#2763 = DIRECTION ( 'NONE',  ( 1.000000000000000000, 0.000000000000000000, 0.000000000000000000 ) ) ;
#2764 = PRESENTATION_LAYER_ASSIGNMENT (  '', '', ( #1307 ) ) ;
#2765 = AXIS2_PLACEMENT_3D ( 'NONE', #2610, #2519, #4309 ) ;
#2766 = ORIENTED_EDGE ( 'NONE', *, *, #206, .T. ) ;
#2767 = ORIENTED_EDGE ( 'NONE', *, *, #2396, .T. ) ;
#2768 = ADVANCED_FACE ( 'NONE', ( #946, #1765, #3151, #130, #1339, #1821, #1403, #915, #4031, #4398, #103, #525, #164, #1459 ), #2242, .F. ) ;
#2769 = CARTESIAN_POINT ( 'NONE',  ( 38.74107973018827522, 17.69284718012328028, 0.000000000000000000 ) ) ;
#2770 = CARTESIAN_POINT ( 'NONE',  ( -16.74447303340661009, -38.39834553817244966, 0.000000000000000000 ) ) ;
#2771 = ORIENTED_EDGE ( 'NONE', *, *, #106, .T. ) ;
#2772 = ORIENTED_EDGE ( 'NONE', *, *, #2668, .F. ) ;
#2773 = CARTESIAN_POINT ( 'NONE',  ( -12.33792604892930278, 38.88526790231278341, 3.000000000000000000 ) ) ;
#2774 = AXIS2_PLACEMENT_3D ( 'NONE', #1526, #632, #4979 ) ;
#2775 = ORIENTED_EDGE ( 'NONE', *, *, #626, .T. ) ;
#2776 = ORIENTED_EDGE ( 'NONE', *, *, #3033, .F. ) ;
#2777 = CYLINDRICAL_SURFACE ( 'NONE', #2951, 4.005000000000001670 ) ;
#2778 = LINE ( 'NONE', #705, #4423 ) ;
#2779 = DIRECTION ( 'NONE',  ( -0.000000000000000000, -0.000000000000000000, 1.000000000000000000 ) ) ;
#2780 = EDGE_CURVE ( 'NONE', #1681, #3967, #1301, .T. ) ;
#2781 = EDGE_CURVE ( 'NONE', #3165, #4499, #3462, .T. ) ;
#2782 = EDGE_LOOP ( 'NONE', ( #622, #5308 ) ) ;
#2783 = CARTESIAN_POINT ( 'NONE',  ( 0.000000000000000000, 0.000000000000000000, 3.000000000000000000 ) ) ;
#2784 = CARTESIAN_POINT ( 'NONE',  ( -12.24625202109975675, 38.89978764190294669, 0.000000000000000000 ) ) ;
#2785 = DIRECTION ( 'NONE',  ( -0.2544461159514481707, 0.9670869526972341035, -0.000000000000000000 ) ) ;
#2786 = CARTESIAN_POINT ( 'NONE',  ( -32.82325911375652083, -23.94971689001971882, 0.000000000000000000 ) ) ;
#2787 = CARTESIAN_POINT ( 'NONE',  ( 41.72493748217466702, 4.224442581619821446, 0.000000000000000000 ) ) ;
#2788 = CIRCLE ( 'NONE', #4950, 42.59000000000001052 ) ;
#2789 = EDGE_CURVE ( 'NONE', #1246, #955, #4366, .T. ) ;
#2790 = ADVANCED_FACE ( 'NONE', ( #3536 ), #977, .T. ) ;
#2791 = ORIENTED_EDGE ( 'NONE', *, *, #98, .F. ) ;
#2792 = CIRCLE ( 'NONE', #3599, 8.694264425220769255 ) ;
#2793 = ORIENTED_EDGE ( 'NONE', *, *, #4468, .F. ) ;
#2794 = DIRECTION ( 'NONE',  ( 0.000000000000000000, -0.000000000000000000, 1.000000000000000000 ) ) ;
#2795 = CARTESIAN_POINT ( 'NONE',  ( -8.487627998526756201, 41.04109639035729629, 0.000000000000000000 ) ) ;
#2796 = ORIENTED_EDGE ( 'NONE', *, *, #5389, .F. ) ;
#2797 = AXIS2_PLACEMENT_3D ( 'NONE', #2455, #4952, #1921 ) ;
#2798 = AXIS2_PLACEMENT_3D ( 'NONE', #22, #2593, #4869 ) ;
#2799 = ADVANCED_FACE ( 'NONE', ( #4791 ), #2638, .T. ) ;
#2800 = ORIENTED_EDGE ( 'NONE', *, *, #2920, .F. ) ;
#2801 = DIRECTION ( 'NONE',  ( 0.000000000000000000, 0.000000000000000000, -1.000000000000000000 ) ) ;
#2802 = VERTEX_POINT ( 'NONE', #3093 ) ;
#2803 = ORIENTED_EDGE ( 'NONE', *, *, #4252, .F. ) ;
#2804 = CYLINDRICAL_SURFACE ( 'NONE', #2774, 42.59000000000001052 ) ;
#2805 = CYLINDRICAL_SURFACE ( 'NONE', #349, 8.694264425220771031 ) ;
#2806 = DIRECTION ( 'NONE',  ( -0.000000000000000000, -0.000000000000000000, 1.000000000000000000 ) ) ;
#2807 = VECTOR ( 'NONE', #68, 1000.000000000000000 ) ;
#2808 = ORIENTED_EDGE ( 'NONE', *, *, #1415, .T. ) ;
#2809 = DIRECTION ( 'NONE',  ( 1.000000000000000000, 0.000000000000000000, 0.000000000000000000 ) ) ;
#2810 = FACE_OUTER_BOUND ( 'NONE', #248, .T. ) ;
#2811 = DIRECTION ( 'NONE',  ( -0.000000000000000000, 0.000000000000000000, 1.000000000000000000 ) ) ;
#2812 = FACE_OUTER_BOUND ( 'NONE', #14, .T. ) ;
#2813 = CARTESIAN_POINT ( 'NONE',  ( 0.3883374136549826994, 40.87187053907685197, 0.000000000000000000 ) ) ;
#2814 = CIRCLE ( 'NONE', #1367, 4.005000000000004334 ) ;
#2815 = ORIENTED_EDGE ( 'NONE', *, *, #256, .F. ) ;
#2816 = CARTESIAN_POINT ( 'NONE',  ( -2.125000000000000444, 30.00000000000000000, 0.000000000000000000 ) ) ;
#2817 = DIRECTION ( 'NONE',  ( 0.000000000000000000, -0.000000000000000000, -1.000000000000000000 ) ) ;
#2818 = CARTESIAN_POINT ( 'NONE',  ( 23.85576211353298248, 15.00000000000030376, 3.490000000000000213 ) ) ;
#2819 = DIRECTION ( 'NONE',  ( -0.000000000000000000, 0.000000000000000000, 1.000000000000000000 ) ) ;
#2820 = VERTEX_POINT ( 'NONE', #2703 ) ;
#2821 = ORIENTED_EDGE ( 'NONE', *, *, #883, .F. ) ;
#2822 = CARTESIAN_POINT ( 'NONE',  ( -25.98076211353315657, 15.00000000000000355, 10.00000000000000000 ) ) ;
#2823 = ADVANCED_FACE ( 'NONE', ( #4815 ), #5312, .T. ) ;
#2824 = VECTOR ( 'NONE', #1188, 1000.000000000000000 ) ;
#2825 = ORIENTED_EDGE ( 'NONE', *, *, #2993, .F. ) ;
#2826 = AXIS2_PLACEMENT_3D ( 'NONE', #418, #2109, #2622 ) ;
#2827 = DIRECTION ( 'NONE',  ( 0.8332812242496550059, 0.5528493477548799273, -0.000000000000000000 ) ) ;
#2828 = EDGE_CURVE ( 'NONE', #2986, #4911, #4816, .T. ) ;
#2829 = CARTESIAN_POINT ( 'NONE',  ( 0.000000000000000000, 30.00000000000000000, 0.000000000000000000 ) ) ;
#2830 = CARTESIAN_POINT ( 'NONE',  ( -38.60312425607723696, 12.54291540692517870, 0.000000000000000000 ) ) ;
#2831 = VECTOR ( 'NONE', #4542, 1000.000000000000000 ) ;
#2832 = FACE_OUTER_BOUND ( 'NONE', #605, .T. ) ;
#2833 = DIRECTION ( 'NONE',  ( 0.8090169943749465631, 0.5877852522924741363, 0.000000000000000000 ) ) ;
#2834 = PLANE ( 'NONE',  #4473 ) ;
#2835 = CIRCLE ( 'NONE', #2653, 2.125000000000000888 ) ;
#2836 = DIRECTION ( 'NONE',  ( -0.000000000000000000, -0.000000000000000000, -1.000000000000000000 ) ) ;
#2837 = DIRECTION ( 'NONE',  ( -0.9325400316191062577, 0.3610665997123470028, -0.000000000000000000 ) ) ;
#2838 = VECTOR ( 'NONE', #5520, 1000.000000000000000 ) ;
#2839 = VECTOR ( 'NONE', #543, 1000.000000000000114 ) ;
#2840 = VECTOR ( 'NONE', #5108, 1000.000000000000000 ) ;
#2841 = ORIENTED_EDGE ( 'NONE', *, *, #2573, .F. ) ;
#2842 = ORIENTED_EDGE ( 'NONE', *, *, #866, .F. ) ;
#2843 = AXIS2_PLACEMENT_3D ( 'NONE', #2647, #2216, #1184 ) ;
#2844 = VERTEX_POINT ( 'NONE', #3480 ) ;
#2845 = CIRCLE ( 'NONE', #5100, 42.59000000000001052 ) ;
#2846 = DIRECTION ( 'NONE',  ( -0.000000000000000000, -0.000000000000000000, -1.000000000000000000 ) ) ;
#2847 = CARTESIAN_POINT ( 'NONE',  ( -20.16727271007438560, -34.89601652554507183, 0.000000000000000000 ) ) ;
#2848 = DIRECTION ( 'NONE',  ( 0.000000000000000000, 0.000000000000000000, 1.000000000000000000 ) ) ;
#2849 = VERTEX_POINT ( 'NONE', #495 ) ;
#2850 = ADVANCED_FACE ( 'NONE', ( #2208 ), #3935, .F. ) ;
#2851 = VERTEX_POINT ( 'NONE', #3202 ) ;
#2852 = CARTESIAN_POINT ( 'NONE',  ( 9.082501176170758583, -40.91370791742376412, 3.000000000000000000 ) ) ;
#2853 = EDGE_CURVE ( 'NONE', #975, #403, #4984, .T. ) ;
#2854 = CIRCLE ( 'NONE', #594, 8.694264425220765702 ) ;
#2855 = EDGE_CURVE ( 'NONE', #218, #3058, #2098, .T. ) ;
#2856 = ORIENTED_EDGE ( 'NONE', *, *, #4235, .F. ) ;
#2857 = ADVANCED_FACE ( 'NONE', ( #2810 ), #1587, .F. ) ;
#2858 = VERTEX_POINT ( 'NONE', #1982 ) ;
#2859 = LINE ( 'NONE', #653, #3936 ) ;
#2860 = ADVANCED_FACE ( 'NONE', ( #4934 ), #1507, .F. ) ;
#2861 = DIRECTION ( 'NONE',  ( -0.000000000000000000, -0.000000000000000000, -1.000000000000000000 ) ) ;
#2862 = CARTESIAN_POINT ( 'NONE',  ( -40.58972689284099999, -6.071532165918824830E-15, 0.000000000000000000 ) ) ;
#2863 = EDGE_CURVE ( 'NONE', #2415, #1381, #3699, .T. ) ;
#2864 = PRODUCT ( '\X2\5927817f4ece52a894fe8f6e\X0\aA', '\X2\5927817f4ece52a894fe8f6e\X0\aA', '', ( #2632 ) ) ;
#2865 = FACE_OUTER_BOUND ( 'NONE', #1768, .T. ) ;
#2866 = CARTESIAN_POINT ( 'NONE',  ( 5.337150639700000809, -42.25426514624471963, 0.000000000000000000 ) ) ;
#2867 = CARTESIAN_POINT ( 'NONE',  ( 0.3883374136555626244, -40.87187053907685907, 0.000000000000000000 ) ) ;
#2868 = CARTESIAN_POINT ( 'NONE',  ( 0.000000000000000000, 0.000000000000000000, 3.000000000000000000 ) ) ;
#2869 = DIRECTION ( 'NONE',  ( 0.8368276178719308289, -0.5474664720024320363, -0.000000000000000000 ) ) ;
#2870 = ORIENTED_EDGE ( 'NONE', *, *, #1026, .F. ) ;
#2871 = ORIENTED_EDGE ( 'NONE', *, *, #4680, .T. ) ;
#2872 = CARTESIAN_POINT ( 'NONE',  ( -32.78112118826224020, -24.03241722527476298, 3.000000000000000000 ) ) ;
#2873 = VECTOR ( 'NONE', #2193, 1000.000000000000000 ) ;
#2874 = CIRCLE ( 'NONE', #3147, 8.694264425220771031 ) ;
#2875 = CARTESIAN_POINT ( 'NONE',  ( 25.98076211353298248, 15.00000000000030376, 0.000000000000000000 ) ) ;
#2876 = FACE_OUTER_BOUND ( 'NONE', #4158, .T. ) ;
#2877 = ORIENTED_EDGE ( 'NONE', *, *, #4468, .T. ) ;
#2878 = CYLINDRICAL_SURFACE ( 'NONE', #3856, 42.59000000000001052 ) ;
#2879 = VERTEX_POINT ( 'NONE', #1556 ) ;
#2880 = VECTOR ( 'NONE', #1435, 1000.000000000000227 ) ;
#2881 = ORIENTED_EDGE ( 'NONE', *, *, #1649, .F. ) ;
#2882 = DIRECTION ( 'NONE',  ( -0.000000000000000000, -0.000000000000000000, -1.000000000000000000 ) ) ;
#2883 = AXIS2_PLACEMENT_3D ( 'NONE', #1584, #4575, #732 ) ;
#2884 = CIRCLE ( 'NONE', #447, 8.694264425220762149 ) ;
#2885 = VERTEX_POINT ( 'NONE', #711 ) ;
#2886 = EDGE_CURVE ( 'NONE', #381, #4938, #2546, .T. ) ;
#2887 = CARTESIAN_POINT ( 'NONE',  ( -27.83620412999733063, -31.29407560814120970, 0.000000000000000000 ) ) ;
#2888 = DIRECTION ( 'NONE',  ( -0.000000000000000000, -0.000000000000000000, -1.000000000000000000 ) ) ;
#2889 = LINE ( 'NONE', #1107, #4107 ) ;
#2890 = PRODUCT_DEFINITION ( 'æ™', '', #3320, #135 ) ;
#2891 = EDGE_LOOP ( 'NONE', ( #568, #4887, #3236, #1369 ) ) ;
#2892 = DIRECTION ( 'NONE',  ( 0.000000000000000000, -0.000000000000000000, 1.000000000000000000 ) ) ;
#2893 = DIRECTION ( 'NONE',  ( 1.000000000000000000, 0.000000000000000000, 0.000000000000000000 ) ) ;
#2894 = DIRECTION ( 'NONE',  ( 1.000000000000000000, 0.000000000000000000, 0.000000000000000000 ) ) ;
#2895 = EDGE_CURVE ( 'NONE', #2050, #1006, #3676, .T. ) ;
#2896 = DIRECTION ( 'NONE',  ( -0.000000000000000000, -0.000000000000000000, 1.000000000000000000 ) ) ;
#2897 = VERTEX_POINT ( 'NONE', #4058 ) ;
#2898 = ORIENTED_EDGE ( 'NONE', *, *, #89, .F. ) ;
#2899 = EDGE_CURVE ( 'NONE', #3326, #31, #4558, .T. ) ;
#2900 = DIRECTION ( 'NONE',  ( 0.000000000000000000, 0.000000000000000000, -1.000000000000000000 ) ) ;
#2901 = FACE_OUTER_BOUND ( 'NONE', #912, .T. ) ;
#2902 = DIRECTION ( 'NONE',  ( 0.2598520581446753797, 0.9656484390698181208, 0.000000000000000000 ) ) ;
#2903 = EDGE_CURVE ( 'NONE', #3939, #504, #4082, .T. ) ;
#2904 = ORIENTED_EDGE ( 'NONE', *, *, #4375, .T. ) ;
#2905 = LINE ( 'NONE', #1651, #4579 ) ;
#2906 = ORIENTED_EDGE ( 'NONE', *, *, #3680, .F. ) ;
#2907 = ORIENTED_EDGE ( 'NONE', *, *, #4964, .F. ) ;
#2908 = DIRECTION ( 'NONE',  ( 0.000000000000000000, -0.000000000000000000, 1.000000000000000000 ) ) ;
#2909 = ORIENTED_EDGE ( 'NONE', *, *, #1809, .T. ) ;
#2910 = DIRECTION ( 'NONE',  ( -1.000000000000000000, 0.000000000000000000, 0.000000000000000000 ) ) ;
#2911 = CARTESIAN_POINT ( 'NONE',  ( -23.73575383944928063, 33.07778457408781492, 0.000000000000000000 ) ) ;
#2912 = CARTESIAN_POINT ( 'NONE',  ( 13.01395315583583212, -38.84312997681875146, 3.000000000000000000 ) ) ;
#2913 = AXIS2_PLACEMENT_3D ( 'NONE', #3034, #4241, #2596 ) ;
#2914 = CARTESIAN_POINT ( 'NONE',  ( -36.58472689284099744, -6.071532165918824830E-15, 3.000000000000000000 ) ) ;
#2915 = FACE_OUTER_BOUND ( 'NONE', #5286, .T. ) ;
#2916 = DIRECTION ( 'NONE',  ( 0.000000000000000000, 0.000000000000000000, 1.000000000000000000 ) ) ;
#2917 = AXIS2_PLACEMENT_3D ( 'NONE', #2162, #5597, #3920 ) ;
#2918 = CARTESIAN_POINT ( 'NONE',  ( 10.74610906459615478, 27.75437244781015522, 3.000000000000000000 ) ) ;
#2919 = ORIENTED_EDGE ( 'NONE', *, *, #684, .F. ) ;
#2920 = EDGE_CURVE ( 'NONE', #3273, #606, #4110, .T. ) ;
#2921 = VERTEX_POINT ( 'NONE', #191 ) ;
#2922 = VERTEX_POINT ( 'NONE', #1088 ) ;
#2923 = LINE ( 'NONE', #2957, #4019 ) ;
#2924 = DIRECTION ( 'NONE',  ( -0.000000000000000000, 0.000000000000000000, 1.000000000000000000 ) ) ;
#2925 = DIRECTION ( 'NONE',  ( -0.000000000000000000, -0.000000000000000000, 1.000000000000000000 ) ) ;
#2926 = ADVANCED_FACE ( 'NONE', ( #3624 ), #1166, .T. ) ;
#2927 = ORIENTED_EDGE ( 'NONE', *, *, #3947, .T. ) ;
#2928 = VECTOR ( 'NONE', #1647, 1000.000000000000000 ) ;
#2929 = DIRECTION ( 'NONE',  ( -0.8090169943749505599, 0.5877852522924685852, 0.000000000000000000 ) ) ;
#2930 = CIRCLE ( 'NONE', #2387, 8.694264425220760373 ) ;
#2931 = AXIS2_PLACEMENT_3D ( 'NONE', #5398, #3768, #4593 ) ;
#2932 = EDGE_CURVE ( 'NONE', #4735, #3165, #5449, .T. ) ;
#2933 = LINE ( 'NONE', #2552, #3916 ) ;
#2934 = CIRCLE ( 'NONE', #951, 8.694264425220762149 ) ;
#2935 = ORIENTED_EDGE ( 'NONE', *, *, #4070, .T. ) ;
#2936 = CIRCLE ( 'NONE', #1755, 4.005000000000001670 ) ;
#2937 = DIRECTION ( 'NONE',  ( -0.000000000000000000, -0.000000000000000000, 1.000000000000000000 ) ) ;
#2938 = VERTEX_POINT ( 'NONE', #1531 ) ;
#2939 = VECTOR ( 'NONE', #3251, 1000.000000000000114 ) ;
#2940 = AXIS2_PLACEMENT_3D ( 'NONE', #2151, #2125, #886 ) ;
#2941 = ORIENTED_EDGE ( 'NONE', *, *, #2191, .F. ) ;
#2942 = DIRECTION ( 'NONE',  ( -0.000000000000000000, -0.000000000000000000, -1.000000000000000000 ) ) ;
#2943 = LINE ( 'NONE', #5515, #4104 ) ;
#2944 = DIRECTION ( 'NONE',  ( 0.000000000000000000, 0.000000000000000000, 1.000000000000000000 ) ) ;
#2945 = CIRCLE ( 'NONE', #5391, 4.005000000000001670 ) ;
#2946 = LINE ( 'NONE', #1721, #4538 ) ;
#2947 = CARTESIAN_POINT ( 'NONE',  ( 0.000000000000000000, 0.000000000000000000, 3.000000000000000000 ) ) ;
#2948 = CARTESIAN_POINT ( 'NONE',  ( 27.00000000000000000, 3.306546357697853733E-15, 10.00000000000000000 ) ) ;
#2949 = ADVANCED_FACE ( 'NONE', ( #1906 ), #4135, .F. ) ;
#2950 = CYLINDRICAL_SURFACE ( 'NONE', #3230, 2.125000000000000000 ) ;
#2951 = AXIS2_PLACEMENT_3D ( 'NONE', #1920, #4099, #3192 ) ;
#2952 = VERTEX_POINT ( 'NONE', #658 ) ;
#2953 = ORIENTED_EDGE ( 'NONE', *, *, #3871, .T. ) ;
#2954 = VERTEX_POINT ( 'NONE', #3729 ) ;
#2955 = ORIENTED_EDGE ( 'NONE', *, *, #4530, .F. ) ;
#2956 = CARTESIAN_POINT ( 'NONE',  ( 5.337150639699440369, 42.25426514624478358, 0.000000000000000000 ) ) ;
#2957 = CARTESIAN_POINT ( 'NONE',  ( 31.36840236821782213, -27.82005574930080627, 0.000000000000000000 ) ) ;
#2958 = LINE ( 'NONE', #4340, #5562 ) ;
#2959 = CARTESIAN_POINT ( 'NONE',  ( -20.16727271007489719, 34.89601652554476630, 0.000000000000000000 ) ) ;
#2960 = ORIENTED_EDGE ( 'NONE', *, *, #4796, .F. ) ;
#2961 = DIRECTION ( 'NONE',  ( 0.000000000000000000, 0.000000000000000000, 1.000000000000000000 ) ) ;
#2962 = DIRECTION ( 'NONE',  ( 0.000000000000000000, 0.000000000000000000, 1.000000000000000000 ) ) ;
#2963 = ORIENTED_EDGE ( 'NONE', *, *, #3164, .F. ) ;
#2964 = CARTESIAN_POINT ( 'NONE',  ( 4.252355189908948674, 40.25987024618078891, 0.000000000000000000 ) ) ;
#2965 = ADVANCED_FACE ( 'NONE', ( #1480 ), #5470, .T. ) ;
#2966 = CIRCLE ( 'NONE', #3055, 34.00000000000000000 ) ;
#2967 = ORIENTED_EDGE ( 'NONE', *, *, #2650, .F. ) ;
#2968 = AXIS2_PLACEMENT_3D ( 'NONE', #2087, #1275, #793 ) ;
#2969 = DIRECTION ( 'NONE',  ( 1.000000000000000000, 0.000000000000000000, 0.000000000000000000 ) ) ;
#2970 = CARTESIAN_POINT ( 'NONE',  ( -20.50176531472101971, -37.33076102867583757, 3.000000000000000000 ) ) ;
#2971 = DIRECTION ( 'NONE',  ( 0.000000000000000000, 0.000000000000000000, 1.000000000000000000 ) ) ;
#2972 = ADVANCED_FACE ( 'NONE', ( #213 ), #1926, .T. ) ;
#2973 = VECTOR ( 'NONE', #4156, 1000.000000000000000 ) ;
#2974 = VECTOR ( 'NONE', #706, 1000.000000000000000 ) ;
#2975 = CYLINDRICAL_SURFACE ( 'NONE', #1918, 8.694264425220769255 ) ;
#2976 = DIRECTION ( 'NONE',  ( -0.000000000000000000, -0.000000000000000000, 1.000000000000000000 ) ) ;
#2977 = FACE_OUTER_BOUND ( 'NONE', #430, .T. ) ;
#2978 = DIRECTION ( 'NONE',  ( -1.000000000000000000, 0.000000000000000000, 0.000000000000000000 ) ) ;
#2979 = EDGE_CURVE ( 'NONE', #5324, #1687, #3430, .T. ) ;
#2980 = ORIENTED_EDGE ( 'NONE', *, *, #2524, .T. ) ;
#2981 = ORIENTED_EDGE ( 'NONE', *, *, #5144, .T. ) ;
#2982 = CARTESIAN_POINT ( 'NONE',  ( 20.76059948172580860, 34.89601652554522815, 0.000000000000000000 ) ) ;
#2983 = DIRECTION ( 'NONE',  ( 0.9510565162951576390, -0.3090169943749347947, 0.000000000000000000 ) ) ;
#2984 = DIRECTION ( 'NONE',  ( 0.000000000000000000, -0.000000000000000000, 1.000000000000000000 ) ) ;
#2985 = CARTESIAN_POINT ( 'NONE',  ( 42.30279717274501650, 4.937757726093640720, 3.000000000000000000 ) ) ;
#2986 = VERTEX_POINT ( 'NONE', #4686 ) ;
#2987 = DIRECTION ( 'NONE',  ( 0.000000000000000000, 0.000000000000000000, 1.000000000000000000 ) ) ;
#2988 = AXIS2_PLACEMENT_3D ( 'NONE', #4790, #163, #3934 ) ;
#2989 = DIRECTION ( 'NONE',  ( -1.000000000000000000, 0.000000000000000000, 0.000000000000000000 ) ) ;
#2990 = EDGE_LOOP ( 'NONE', ( #4614, #2772, #3606, #1980 ) ) ;
#2991 = CARTESIAN_POINT ( 'NONE',  ( 31.36840236821782213, -27.82005574930080982, 0.000000000000000000 ) ) ;
#2992 = AXIS2_PLACEMENT_3D ( 'NONE', #914, #3092, #3535 ) ;
#2993 = EDGE_CURVE ( 'NONE', #2096, #4486, #4803, .T. ) ;
#2994 = ORIENTED_EDGE ( 'NONE', *, *, #402, .T. ) ;
#2995 = CARTESIAN_POINT ( 'NONE',  ( 25.98076211353298248, 15.00000000000030376, 3.490000000000000213 ) ) ;
#2996 = CARTESIAN_POINT ( 'NONE',  ( -36.18304898080749865, 21.08415842533809581, 0.000000000000000000 ) ) ;
#2997 = CARTESIAN_POINT ( 'NONE',  ( 18.08707482534176592, -38.55860246770477318, 3.000000000000000000 ) ) ;
#2998 = ADVANCED_FACE ( 'NONE', ( #4259 ), #5571, .F. ) ;
#2999 = ORIENTED_EDGE ( 'NONE', *, *, #1640, .T. ) ;
#3000 = CARTESIAN_POINT ( 'NONE',  ( 0.000000000000000000, 0.000000000000000000, 3.000000000000000000 ) ) ;
#3001 = SURFACE_SIDE_STYLE ('',( #4332 ) ) ;
#3002 = CARTESIAN_POINT ( 'NONE',  ( -38.56881604959896492, -18.06528517716225224, 0.000000000000000000 ) ) ;
#3003 = PLANE ( 'NONE',  #4320 ) ;
#3004 = AXIS2_PLACEMENT_3D ( 'NONE', #121, #1424, #2627 ) ;
#3005 = ORIENTED_EDGE ( 'NONE', *, *, #4077, .F. ) ;
#3006 = ORIENTED_EDGE ( 'NONE', *, *, #5079, .T. ) ;
#3007 = CARTESIAN_POINT ( 'NONE',  ( 28.10576211353298248, 15.00000000000030376, 10.00000000000000000 ) ) ;
#3008 = CARTESIAN_POINT ( 'NONE',  ( 34.00000000000000000, 4.163799117101000559E-15, 3.490000000000000213 ) ) ;
#3009 = VECTOR ( 'NONE', #4774, 1000.000000000000000 ) ;
#3010 = DIRECTION ( 'NONE',  ( 0.000000000000000000, 0.000000000000000000, 1.000000000000000000 ) ) ;
#3011 = DIRECTION ( 'NONE',  ( 0.5877852522924832401, -0.8090169943749400128, 0.000000000000000000 ) ) ;
#3012 = ORIENTED_EDGE ( 'NONE', *, *, #2010, .F. ) ;
#3013 = FACE_OUTER_BOUND ( 'NONE', #4428, .T. ) ;
#3014 = AXIS2_PLACEMENT_3D ( 'NONE', #445, #3457, #3426 ) ;
#3015 = CARTESIAN_POINT ( 'NONE',  ( -23.65305350419375330, -33.11992249958244372, 0.000000000000000000 ) ) ;
#3016 = ORIENTED_EDGE ( 'NONE', *, *, #2188, .F. ) ;
#3017 = FACE_OUTER_BOUND ( 'NONE', #2413, .T. ) ;
#3018 = VECTOR ( 'NONE', #4748, 1000.000000000000000 ) ;
#3019 = AXIS2_PLACEMENT_3D ( 'NONE', #3946, #3631, #4889 ) ;
#3020 = EDGE_CURVE ( 'NONE', #4509, #5602, #5170, .T. ) ;
#3021 = EDGE_CURVE ( 'NONE', #1642, #1753, #23, .T. ) ;
#3022 = AXIS2_PLACEMENT_3D ( 'NONE', #4752, #5153, #1724 ) ;
#3023 = AXIS2_PLACEMENT_3D ( 'NONE', #4255, #383, #1686 ) ;
#3024 = VECTOR ( 'NONE', #1036, 1000.000000000000000 ) ;
#3025 = ORIENTED_EDGE ( 'NONE', *, *, #3838, .T. ) ;
#3026 = VECTOR ( 'NONE', #4828, 1000.000000000000114 ) ;
#3027 = CARTESIAN_POINT ( 'NONE',  ( 38.74107973018826812, 17.69284718012327318, 3.000000000000000000 ) ) ;
#3028 = DIRECTION ( 'NONE',  ( -1.000000000000000000, 0.000000000000000000, 0.000000000000000000 ) ) ;
#3029 = LINE ( 'NONE', #2567, #5335 ) ;
#3030 = CIRCLE ( 'NONE', #1666, 8.694264425220763925 ) ;
#3031 = ADVANCED_FACE ( 'NONE', ( #3522 ), #53, .F. ) ;
#3032 = CIRCLE ( 'NONE', #767, 8.694264425220763925 ) ;
#3033 = EDGE_CURVE ( 'NONE', #52, #2096, #2190, .T. ) ;
#3034 = CARTESIAN_POINT ( 'NONE',  ( -30.00000000000000000, 1.836970198721062721E-15, 3.490000000000000213 ) ) ;
#3035 = CARTESIAN_POINT ( 'NONE',  ( -23.73575383944879391, -33.07778457408817729, 3.000000000000000000 ) ) ;
#3036 = DIRECTION ( 'NONE',  ( -0.000000000000000000, -0.000000000000000000, -1.000000000000000000 ) ) ;
#3037 = DIRECTION ( 'NONE',  ( -0.000000000000000000, -0.000000000000000000, -1.000000000000000000 ) ) ;
#3038 = EDGE_CURVE ( 'NONE', #2362, #2844, #477, .T. ) ;
#3039 = ORIENTED_EDGE ( 'NONE', *, *, #4872, .T. ) ;
#3040 = ORIENTED_EDGE ( 'NONE', *, *, #4147, .T. ) ;
#3041 = EDGE_LOOP ( 'NONE', ( #1674, #5319, #1318, #3840 ) ) ;
#3042 = CARTESIAN_POINT ( 'NONE',  ( 18.08707482534176592, -38.55860246770477318, 0.000000000000000000 ) ) ;
#3043 = DIRECTION ( 'NONE',  ( 0.000000000000000000, 0.000000000000000000, 1.000000000000000000 ) ) ;
#3044 = DIRECTION ( 'NONE',  ( 0.04344093826449636070, -0.9990559968703957017, -0.000000000000000000 ) ) ;
#3045 = CARTESIAN_POINT ( 'NONE',  ( -23.65305350419375330, -33.11992249958244372, 3.000000000000000000 ) ) ;
#3046 = ORIENTED_EDGE ( 'NONE', *, *, #4298, .T. ) ;
#3047 = CARTESIAN_POINT ( 'NONE',  ( -15.90640717830370932, 37.06703595085587466, 0.000000000000000000 ) ) ;
#3048 = PLANE ( 'NONE',  #754 ) ;
#3049 = EDGE_LOOP ( 'NONE', ( #3739, #3976, #1068, #5422 ) ) ;
#3050 = DIRECTION ( 'NONE',  ( -1.000000000000000000, 0.000000000000000000, 0.000000000000000000 ) ) ;
#3051 = FACE_OUTER_BOUND ( 'NONE', #5566, .T. ) ;
#3052 = ORIENTED_EDGE ( 'NONE', *, *, #5273, .F. ) ;
#3053 = FACE_OUTER_BOUND ( 'NONE', #4, .T. ) ;
#3054 = CIRCLE ( 'NONE', #4313, 2.124999999999998224 ) ;
#3055 = AXIS2_PLACEMENT_3D ( 'NONE', #5343, #3973, #1462 ) ;
#3056 = LINE ( 'NONE', #5299, #589 ) ;
#3057 = CARTESIAN_POINT ( 'NONE',  ( -32.71548983060392146, 24.09804858293307817, 3.000000000000000000 ) ) ;
#3058 = VERTEX_POINT ( 'NONE', #838 ) ;
#3059 = ORIENTED_EDGE ( 'NONE', *, *, #1966, .F. ) ;
#3060 = DIRECTION ( 'NONE',  ( -0.5877852522924653655, -0.8090169943749530024, 0.000000000000000000 ) ) ;
#3061 = EDGE_CURVE ( 'NONE', #4221, #4863, #1741, .T. ) ;
#3062 = DIRECTION ( 'NONE',  ( 0.000000000000000000, 0.000000000000000000, -1.000000000000000000 ) ) ;
#3063 = FACE_OUTER_BOUND ( 'NONE', #3873, .T. ) ;
#3064 = FACE_OUTER_BOUND ( 'NONE', #1713, .T. ) ;
#3065 = AXIS2_PLACEMENT_3D ( 'NONE', #5516, #5540, #2112 ) ;
#3066 = EDGE_LOOP ( 'NONE', ( #1726, #3575, #288, #1911 ) ) ;
#3067 = ORIENTED_EDGE ( 'NONE', *, *, #4606, .F. ) ;
#3068 = ORIENTED_EDGE ( 'NONE', *, *, #79, .F. ) ;
#3069 = CARTESIAN_POINT ( 'NONE',  ( -32.71548983060392146, 24.09804858293307817, 0.000000000000000000 ) ) ;
#3070 = EDGE_CURVE ( 'NONE', #921, #3799, #5274, .T. ) ;
#3071 = DIRECTION ( 'NONE',  ( 0.3090169943749445647, 0.9510565162951545304, 0.000000000000000000 ) ) ;
#3072 = CARTESIAN_POINT ( 'NONE',  ( -34.00000000000000000, 0.000000000000000000, 3.000000000000000000 ) ) ;
#3073 = DIRECTION ( 'NONE',  ( -0.000000000000000000, 0.000000000000000000, -1.000000000000000000 ) ) ;
#3074 = VERTEX_POINT ( 'NONE', #5234 ) ;
#3075 = CARTESIAN_POINT ( 'NONE',  ( 0.000000000000000000, 0.000000000000000000, 3.000000000000000000 ) ) ;
#3076 = ORIENTED_EDGE ( 'NONE', *, *, #2314, .F. ) ;
#3077 = VERTEX_POINT ( 'NONE', #901 ) ;
#3078 = ADVANCED_FACE ( 'NONE', ( #511 ), #5203, .T. ) ;
#3079 = DIRECTION ( 'NONE',  ( -0.000000000000000000, -0.000000000000000000, -1.000000000000000000 ) ) ;
#3080 = DIRECTION ( 'NONE',  ( -0.5877852522924656986, -0.8090169943749528914, 0.000000000000000000 ) ) ;
#3081 = ORIENTED_EDGE ( 'NONE', *, *, #5389, .T. ) ;
#3082 = CARTESIAN_POINT ( 'NONE',  ( -23.73575383944879391, -33.07778457408817729, 0.000000000000000000 ) ) ;
#3083 = DIRECTION ( 'NONE',  ( -0.6294706930507579790, 0.7770242252273724670, -0.000000000000000000 ) ) ;
#3084 = CARTESIAN_POINT ( 'NONE',  ( -26.56771649810094615, -30.24582191543607834, 3.000000000000000000 ) ) ;
#3085 = ORIENTED_EDGE ( 'NONE', *, *, #4455, .T. ) ;
#3086 = CARTESIAN_POINT ( 'NONE',  ( -37.15235299575964945, -20.82332266662719533, 0.000000000000000000 ) ) ;
#3087 = DIRECTION ( 'NONE',  ( 0.9633688272853732082, -0.2681799817562916521, 0.000000000000000000 ) ) ;
#3088 = DIRECTION ( 'NONE',  ( -1.000000000000000000, 0.000000000000000000, 0.000000000000000000 ) ) ;
#3089 = VERTEX_POINT ( 'NONE', #19 ) ;
#3090 = ORIENTED_EDGE ( 'NONE', *, *, #5255, .F. ) ;
#3091 = ORIENTED_EDGE ( 'NONE', *, *, #2587, .F. ) ;
#3092 = DIRECTION ( 'NONE',  ( 0.9362387956570269454, 0.3513643657326107617, 0.000000000000000000 ) ) ;
#3093 = CARTESIAN_POINT ( 'NONE',  ( -40.94573803496158604, -8.778039249333797756, 0.000000000000000000 ) ) ;
#3094 = CARTESIAN_POINT ( 'NONE',  ( 0.2049893579958332324, 40.87187053907685197, 0.000000000000000000 ) ) ;
#3095 = CARTESIAN_POINT ( 'NONE',  ( -12.87500000000002665, 25.98076211353313525, 3.490000000000000213 ) ) ;
#3096 = VERTEX_POINT ( 'NONE', #2563 ) ;
#3097 = LINE ( 'NONE', #4001, #5039 ) ;
#3098 = ORIENTED_EDGE ( 'NONE', *, *, #3365, .F. ) ;
#3099 = EDGE_CURVE ( 'NONE', #4806, #5237, #1717, .T. ) ;
#3100 = VECTOR ( 'NONE', #657, 1000.000000000000000 ) ;
#3101 = ORIENTED_EDGE ( 'NONE', *, *, #2757, .F. ) ;
#3102 = ORIENTED_EDGE ( 'NONE', *, *, #1422, .F. ) ;
#3103 = CARTESIAN_POINT ( 'NONE',  ( -8.487627998526170003, -41.04109639035737445, 0.000000000000000000 ) ) ;
#3104 = CARTESIAN_POINT ( 'NONE',  ( -12.24625202109975675, 38.89978764190294669, 0.000000000000000000 ) ) ;
#3105 = EDGE_LOOP ( 'NONE', ( #3711, #2089, #2808, #2078 ) ) ;
#3106 = AXIS2_PLACEMENT_3D ( 'NONE', #5339, #1431, #583 ) ;
#3107 = ADVANCED_FACE ( 'NONE', ( #3053 ), #2530, .F. ) ;
#3108 = ORIENTED_EDGE ( 'NONE', *, *, #2301, .T. ) ;
#3109 = DIRECTION ( 'NONE',  ( 0.000000000000000000, 0.000000000000000000, -1.000000000000000000 ) ) ;
#3110 = CARTESIAN_POINT ( 'NONE',  ( 12.87499999999966604, 25.98076211353335196, 10.00000000000000000 ) ) ;
#3111 = CARTESIAN_POINT ( 'NONE',  ( 29.06372042894388130, -31.13210970731329752, 3.000000000000000000 ) ) ;
#3112 = AXIS2_PLACEMENT_3D ( 'NONE', #2142, #3357, #2598 ) ;
#3113 = AXIS2_PLACEMENT_3D ( 'NONE', #390, #3835, #4326 ) ;
#3114 = VECTOR ( 'NONE', #887, 1000.000000000000000 ) ;
#3115 = ORIENTED_EDGE ( 'NONE', *, *, #422, .T. ) ;
#3116 = PLANE ( 'NONE',  #1022 ) ;
#3117 = CARTESIAN_POINT ( 'NONE',  ( 0.000000000000000000, 0.000000000000000000, 3.000000000000000000 ) ) ;
#3118 = CARTESIAN_POINT ( 'NONE',  ( 28.14080578438354863, -31.08960764240058339, 3.000000000000000000 ) ) ;
#3119 = AXIS2_PLACEMENT_3D ( 'NONE', #1169, #5068, #1557 ) ;
#3120 = VERTEX_POINT ( 'NONE', #929 ) ;
#3121 = VERTEX_POINT ( 'NONE', #4385 ) ;
#3122 = ORIENTED_EDGE ( 'NONE', *, *, #2601, .T. ) ;
#3123 = CARTESIAN_POINT ( 'NONE',  ( 29.06372042894343011, 31.13210970731372029, 0.000000000000000000 ) ) ;
#3124 = DIRECTION ( 'NONE',  ( -1.000000000000000000, 0.000000000000000000, -0.000000000000000000 ) ) ;
#3125 = CYLINDRICAL_SURFACE ( 'NONE', #959, 42.59000000000001052 ) ;
#3126 = FACE_BOUND ( 'NONE', #4080, .T. ) ;
#3127 = VECTOR ( 'NONE', #1509, 1000.000000000000000 ) ;
#3128 = LINE ( 'NONE', #2787, #4050 ) ;
#3129 = ORIENTED_EDGE ( 'NONE', *, *, #4924, .T. ) ;
#3130 = ORIENTED_EDGE ( 'NONE', *, *, #4426, .T. ) ;
#3131 = DIRECTION ( 'NONE',  ( -1.000000000000000000, 0.000000000000000000, 0.000000000000000000 ) ) ;
#3132 = CARTESIAN_POINT ( 'NONE',  ( -41.64616578940577085, 4.398584119330299913, 0.000000000000000000 ) ) ;
#3133 = EDGE_CURVE ( 'NONE', #579, #3444, #1112, .T. ) ;
#3134 = ORIENTED_EDGE ( 'NONE', *, *, #2314, .T. ) ;
#3135 = VERTEX_POINT ( 'NONE', #5146 ) ;
#3136 = DIRECTION ( 'NONE',  ( 1.000000000000000000, 0.000000000000000000, 0.000000000000000000 ) ) ;
#3137 = EDGE_CURVE ( 'NONE', #5222, #2362, #386, .T. ) ;
#3138 = DIRECTION ( 'NONE',  ( -1.000000000000000000, 0.000000000000000000, 0.000000000000000000 ) ) ;
#3139 = LINE ( 'NONE', #4415, #5233 ) ;
#3140 = EDGE_CURVE ( 'NONE', #5072, #2683, #1896, .T. ) ;
#3141 = ORIENTED_EDGE ( 'NONE', *, *, #3406, .T. ) ;
#3142 = DIRECTION ( 'NONE',  ( 0.04600324397952859634, -0.9989412903386064579, 0.000000000000000000 ) ) ;
#3143 = EDGE_CURVE ( 'NONE', #3362, #2802, #1916, .T. ) ;
#3144 = CARTESIAN_POINT ( 'NONE',  ( -23.80138519710808254, 33.01215321642914091, 3.000000000000000000 ) ) ;
#3145 = DIRECTION ( 'NONE',  ( -3.492186772799750817E-15, 1.000000000000000000, 0.000000000000000000 ) ) ;
#3146 = CARTESIAN_POINT ( 'NONE',  ( 0.000000000000000000, 0.000000000000000000, 0.000000000000000000 ) ) ;
#3147 = AXIS2_PLACEMENT_3D ( 'NONE', #3627, #3156, #4035 ) ;
#3148 = VERTEX_POINT ( 'NONE', #4921 ) ;
#3149 = VERTEX_POINT ( 'NONE', #2744 ) ;
#3150 = CYLINDRICAL_SURFACE ( 'NONE', #4517, 4.005000000000004334 ) ;
#3151 = FACE_BOUND ( 'NONE', #5344, .T. ) ;
#3152 = AXIS2_PLACEMENT_3D ( 'NONE', #3440, #3037, #2978 ) ;
#3153 = DIRECTION ( 'NONE',  ( 0.000000000000000000, 0.000000000000000000, -1.000000000000000000 ) ) ;
#3154 = DIRECTION ( 'NONE',  ( 1.000000000000000000, 0.000000000000000000, 0.000000000000000000 ) ) ;
#3155 = CIRCLE ( 'NONE', #1163, 4.005000000000003446 ) ;
#3156 = DIRECTION ( 'NONE',  ( -0.000000000000000000, -0.000000000000000000, -1.000000000000000000 ) ) ;
#3157 = VECTOR ( 'NONE', #1840, 1000.000000000000000 ) ;
#3158 = CIRCLE ( 'NONE', #1253, 4.005000000000006111 ) ;
#3159 = VERTEX_POINT ( 'NONE', #649 ) ;
#3160 = VERTEX_POINT ( 'NONE', #1864 ) ;
#3161 = DIRECTION ( 'NONE',  ( 0.3090169943749445647, 0.9510565162951545304, 0.000000000000000000 ) ) ;
#3162 = CARTESIAN_POINT ( 'NONE',  ( -26.56771649810094260, -30.24582191543608189, 0.000000000000000000 ) ) ;
#3163 = ORIENTED_EDGE ( 'NONE', *, *, #4265, .F. ) ;
#3164 = EDGE_CURVE ( 'NONE', #3285, #1352, #2462, .T. ) ;
#3165 = VERTEX_POINT ( 'NONE', #2323 ) ;
#3166 = DIRECTION ( 'NONE',  ( 0.3090169943749581649, -0.9510565162951499785, 0.000000000000000000 ) ) ;
#3167 = ORIENTED_EDGE ( 'NONE', *, *, #2433, .T. ) ;
#3168 = EDGE_CURVE ( 'NONE', #730, #3874, #2011, .T. ) ;
#3169 = ORIENTED_EDGE ( 'NONE', *, *, #4293, .T. ) ;
#3170 = DIRECTION ( 'NONE',  ( -0.000000000000000000, -0.000000000000000000, 1.000000000000000000 ) ) ;
#3171 = DIRECTION ( 'NONE',  ( 0.000000000000000000, 0.000000000000000000, 1.000000000000000000 ) ) ;
#3172 = LINE ( 'NONE', #2725, #1854 ) ;
#3173 =( NAMED_UNIT ( * ) PLANE_ANGLE_UNIT ( ) SI_UNIT ( $, .RADIAN. ) );
#3174 = ADVANCED_FACE ( 'NONE', ( #1053 ), #154, .F. ) ;
#3175 = ORIENTED_EDGE ( 'NONE', *, *, #5355, .T. ) ;
#3176 = CARTESIAN_POINT ( 'NONE',  ( 5.337150639699997257, -42.25426514624471963, 3.000000000000000000 ) ) ;
#3177 = CARTESIAN_POINT ( 'NONE',  ( 12.93125282058016090, 38.88526790231303920, 3.000000000000000000 ) ) ;
#3178 = DIRECTION ( 'NONE',  ( 0.000000000000000000, 0.000000000000000000, 1.000000000000000000 ) ) ;
#3179 = DIRECTION ( 'NONE',  ( 0.000000000000000000, -0.000000000000000000, -1.000000000000000000 ) ) ;
#3180 = DIRECTION ( 'NONE',  ( -0.000000000000000000, -0.000000000000000000, -1.000000000000000000 ) ) ;
#3181 = ORIENTED_EDGE ( 'NONE', *, *, #5113, .F. ) ;
#3182 = ORIENTED_EDGE ( 'NONE', *, *, #636, .F. ) ;
#3183 = CARTESIAN_POINT ( 'NONE',  ( -38.58860451648708079, -12.63458943475473362, 0.000000000000000000 ) ) ;
#3184 = CARTESIAN_POINT ( 'NONE',  ( -15.90640717830370932, 37.06703595085587466, 0.000000000000000000 ) ) ;
#3185 = ORIENTED_EDGE ( 'NONE', *, *, #1565, .F. ) ;
#3186 = ORIENTED_EDGE ( 'NONE', *, *, #892, .T. ) ;
#3187 = DIRECTION ( 'NONE',  ( 0.000000000000000000, 0.000000000000000000, -1.000000000000000000 ) ) ;
#3188 = EDGE_CURVE ( 'NONE', #141, #24, #305, .T. ) ;
#3189 = AXIS2_PLACEMENT_3D ( 'NONE', #1789, #1876, #2731 ) ;
#3190 = ORIENTED_EDGE ( 'NONE', *, *, #3532, .T. ) ;
#3191 = ORIENTED_EDGE ( 'NONE', *, *, #398, .F. ) ;
#3192 = DIRECTION ( 'NONE',  ( 1.000000000000000000, 0.000000000000000000, 0.000000000000000000 ) ) ;
#3193 = AXIS2_PLACEMENT_3D ( 'NONE', #4088, #221, #1828 ) ;
#3194 = DIRECTION ( 'NONE',  ( 1.000000000000000000, 0.000000000000000000, 0.000000000000000000 ) ) ;
#3195 = DIRECTION ( 'NONE',  ( 0.000000000000000000, -0.000000000000000000, 1.000000000000000000 ) ) ;
#3196 = ADVANCED_FACE ( 'NONE', ( #4947 ), #3668, .T. ) ;
#3197 = AXIS2_PLACEMENT_3D ( 'NONE', #4202, #3315, #1567 ) ;
#3198 = VECTOR ( 'NONE', #2570, 1000.000000000000227 ) ;
#3199 = ORIENTED_EDGE ( 'NONE', *, *, #3210, .T. ) ;
#3200 = VECTOR ( 'NONE', #2092, 1000.000000000000000 ) ;
#3201 = DIRECTION ( 'NONE',  ( 1.000000000000000000, 0.000000000000000000, 0.000000000000000000 ) ) ;
#3202 = CARTESIAN_POINT ( 'NONE',  ( 41.00932234579957480, 8.784480569375514136, 3.000000000000000000 ) ) ;
#3203 = CARTESIAN_POINT ( 'NONE',  ( -39.21512454897323607, -8.678897630671206898, 0.000000000000000000 ) ) ;
#3204 = FACE_OUTER_BOUND ( 'NONE', #1260, .T. ) ;
#3205 = EDGE_CURVE ( 'NONE', #4059, #5072, #4187, .T. ) ;
#3206 = CARTESIAN_POINT ( 'NONE',  ( 0.2049893579964236490, -40.87187053907685907, 0.000000000000000000 ) ) ;
#3207 = VECTOR ( 'NONE', #2785, 999.9999999999998863 ) ;
#3208 = ORIENTED_EDGE ( 'NONE', *, *, #1882, .F. ) ;
#3209 = ORIENTED_EDGE ( 'NONE', *, *, #5201, .F. ) ;
#3210 = EDGE_CURVE ( 'NONE', #3933, #517, #4014, .T. ) ;
#3211 = ORIENTED_EDGE ( 'NONE', *, *, #3168, .T. ) ;
#3212 = DIRECTION ( 'NONE',  ( 1.000000000000000000, 0.000000000000000000, 0.000000000000000000 ) ) ;
#3213 = LINE ( 'NONE', #5321, #1656 ) ;
#3214 = EDGE_CURVE ( 'NONE', #3944, #4464, #4009, .T. ) ;
#3215 = EDGE_LOOP ( 'NONE', ( #498, #2173, #3006, #5053 ) ) ;
#3216 = LINE ( 'NONE', #205, #1034 ) ;
#3217 = VECTOR ( 'NONE', #731, 1000.000000000000000 ) ;
#3218 = EDGE_LOOP ( 'NONE', ( #4971, #5336, #2728, #1348 ) ) ;
#3219 = CARTESIAN_POINT ( 'NONE',  ( -40.94573803496159314, -8.778039249333794203, 0.000000000000000000 ) ) ;
#3220 = DIRECTION ( 'NONE',  ( 1.000000000000000000, 0.000000000000000000, 0.000000000000000000 ) ) ;
#3221 = DIRECTION ( 'NONE',  ( -1.000000000000000000, 0.000000000000000000, 0.000000000000000000 ) ) ;
#3222 = CARTESIAN_POINT ( 'NONE',  ( -23.65305350419423291, 33.11992249958210266, 3.000000000000000000 ) ) ;
#3223 = CARTESIAN_POINT ( 'NONE',  ( 42.30279717274501650, 4.937757726093640720, 0.000000000000000000 ) ) ;
#3224 = LINE ( 'NONE', #1532, #4926 ) ;
#3225 = DIRECTION ( 'NONE',  ( 0.000000000000000000, 0.000000000000000000, -1.000000000000000000 ) ) ;
#3226 = DIRECTION ( 'NONE',  ( 1.000000000000000000, 0.000000000000000000, 0.000000000000000000 ) ) ;
#3227 = AXIS2_PLACEMENT_3D ( 'NONE', #696, #4149, #1569 ) ;
#3228 = EDGE_CURVE ( 'NONE', #1847, #140, #3216, .T. ) ;
#3229 = VERTEX_POINT ( 'NONE', #5374 ) ;
#3230 = AXIS2_PLACEMENT_3D ( 'NONE', #5154, #4303, #4754 ) ;
#3231 = CARTESIAN_POINT ( 'NONE',  ( -28.83146179316187840, 31.34732701315133596, 0.000000000000000000 ) ) ;
#3232 = CARTESIAN_POINT ( 'NONE',  ( 0.000000000000000000, 0.000000000000000000, 0.000000000000000000 ) ) ;
#3233 = CARTESIAN_POINT ( 'NONE',  ( 9.082601838876325218, -40.87187053907685907, 3.000000000000000000 ) ) ;
#3234 = DIRECTION ( 'NONE',  ( 0.9510565162951574170, -0.3090169943749353498, 0.000000000000000000 ) ) ;
#3235 = EDGE_CURVE ( 'NONE', #4997, #5253, #1076, .T. ) ;
#3236 = ORIENTED_EDGE ( 'NONE', *, *, #4942, .T. ) ;
#3237 = AXIS2_PLACEMENT_3D ( 'NONE', #3117, #3171, #3562 ) ;
#3238 = ADVANCED_FACE ( 'NONE', ( #5350 ), #4467, .F. ) ;
#3239 = ORIENTED_EDGE ( 'NONE', *, *, #281, .T. ) ;
#3240 = LINE ( 'NONE', #1102, #2831 ) ;
#3241 = VERTEX_POINT ( 'NONE', #629 ) ;
#3242 = EDGE_CURVE ( 'NONE', #2938, #2415, #5180, .T. ) ;
#3243 = FACE_OUTER_BOUND ( 'NONE', #651, .T. ) ;
#3244 = EDGE_CURVE ( 'NONE', #4210, #5329, #2745, .T. ) ;
#3245 = DIRECTION ( 'NONE',  ( 0.000000000000000000, 0.000000000000000000, -1.000000000000000000 ) ) ;
#3246 = DIRECTION ( 'NONE',  ( 0.000000000000000000, 0.000000000000000000, 1.000000000000000000 ) ) ;
#3247 = CIRCLE ( 'NONE', #3518, 42.59000000000001052 ) ;
#3248 = EDGE_LOOP ( 'NONE', ( #2516, #1469, #2021, #1818 ) ) ;
#3249 = CARTESIAN_POINT ( 'NONE',  ( 25.98076211353315301, -15.00000000000001421, 3.490000000000000213 ) ) ;
#3250 = CARTESIAN_POINT ( 'NONE',  ( 37.21864685947038964, -20.70459914970670923, 0.000000000000000000 ) ) ;
#3251 = DIRECTION ( 'NONE',  ( 0.6294706930507746323, 0.7770242252273589223, -0.000000000000000000 ) ) ;
#3252 = CARTESIAN_POINT ( 'NONE',  ( 0.3883374136549826994, 40.87187053907685197, 0.000000000000000000 ) ) ;
#3253 = CARTESIAN_POINT ( 'NONE',  ( 12.83957879275061309, 38.89978764190320959, 3.000000000000000000 ) ) ;
#3254 = CIRCLE ( 'NONE', #2077, 4.005000000000003446 ) ;
#3255 = VERTEX_POINT ( 'NONE', #4412 ) ;
#3256 = VERTEX_POINT ( 'NONE', #2256 ) ;
#3257 = ORIENTED_EDGE ( 'NONE', *, *, #373, .F. ) ;
#3258 = CARTESIAN_POINT ( 'NONE',  ( 29.06372042894388485, -31.13210970731329752, 0.000000000000000000 ) ) ;
#3259 = DIRECTION ( 'NONE',  ( 1.000000000000000000, 0.000000000000000000, 0.000000000000000000 ) ) ;
#3260 = DIRECTION ( 'NONE',  ( -0.9510565162951510887, -0.3090169943749550008, 0.000000000000000000 ) ) ;
#3261 = ORIENTED_EDGE ( 'NONE', *, *, #1966, .T. ) ;
#3262 = EDGE_CURVE ( 'NONE', #2283, #4499, #116, .T. ) ;
#3263 = EDGE_LOOP ( 'NONE', ( #3988, #405 ) ) ;
#3264 = CARTESIAN_POINT ( 'NONE',  ( 41.72493748217465992, -4.224442581619818782, 0.000000000000000000 ) ) ;
#3265 = EDGE_CURVE ( 'NONE', #1374, #5058, #1182, .T. ) ;
#3266 = AXIS2_PLACEMENT_3D ( 'NONE', #1360, #4843, #2746 ) ;
#3267 = ORIENTED_EDGE ( 'NONE', *, *, #173, .T. ) ;
#3268 = VECTOR ( 'NONE', #5298, 1000.000000000000000 ) ;
#3269 = DIRECTION ( 'NONE',  ( 0.5474664720024307041, -0.8368276178719317171, 0.000000000000000000 ) ) ;
#3270 = CARTESIAN_POINT ( 'NONE',  ( 8.975561016497188405, -39.51178793479904527, 0.000000000000000000 ) ) ;
#3271 = DIRECTION ( 'NONE',  ( -0.000000000000000000, 0.000000000000000000, 1.000000000000000000 ) ) ;
#3272 = VECTOR ( 'NONE', #4771, 1000.000000000000000 ) ;
#3273 = VERTEX_POINT ( 'NONE', #5426 ) ;
#3274 = DIRECTION ( 'NONE',  ( -0.000000000000000000, -0.000000000000000000, -1.000000000000000000 ) ) ;
#3275 = CARTESIAN_POINT ( 'NONE',  ( -2.125000000000000444, 30.00000000000000000, 10.00000000000000000 ) ) ;
#3276 = AXIS2_PLACEMENT_3D ( 'NONE', #2136, #1718, #760 ) ;
#3277 = CARTESIAN_POINT ( 'NONE',  ( 25.98076211353315301, -15.00000000000001421, 0.000000000000000000 ) ) ;
#3278 = AXIS2_PLACEMENT_3D ( 'NONE', #5506, #723, #3342 ) ;
#3279 = CYLINDRICAL_SURFACE ( 'NONE', #2558, 8.694264425220769255 ) ;
#3280 = CARTESIAN_POINT ( 'NONE',  ( 18.08707482534121525, 38.55860246770502897, 3.000000000000000000 ) ) ;
#3281 = CIRCLE ( 'NONE', #4565, 2.125000000000001776 ) ;
#3282 = CIRCLE ( 'NONE', #5194, 8.694264425220763925 ) ;
#3283 = AXIS2_PLACEMENT_3D ( 'NONE', #1461, #3179, #3626 ) ;
#3284 = EDGE_CURVE ( 'NONE', #1156, #556, #1744, .T. ) ;
#3285 = VERTEX_POINT ( 'NONE', #5031 ) ;
#3286 = ORIENTED_EDGE ( 'NONE', *, *, #3345, .T. ) ;
#3287 = CIRCLE ( 'NONE', #5011, 42.59000000000001052 ) ;
#3288 = LINE ( 'NONE', #220, #1232 ) ;
#3289 = CARTESIAN_POINT ( 'NONE',  ( -30.00000000000000000, 1.836970198721062721E-15, 10.00000000000000000 ) ) ;
#3290 = CARTESIAN_POINT ( 'NONE',  ( -36.18304898080720022, -21.08415842533863227, 0.000000000000000000 ) ) ;
#3291 = ORIENTED_EDGE ( 'NONE', *, *, #926, .T. ) ;
#3292 = CARTESIAN_POINT ( 'NONE',  ( 28.14080578438354863, -31.08960764240058339, 0.000000000000000000 ) ) ;
#3293 = ORIENTED_EDGE ( 'NONE', *, *, #2131, .F. ) ;
#3294 = AXIS2_PLACEMENT_3D ( 'NONE', #3094, #4817, #947 ) ;
#3295 = ORIENTED_EDGE ( 'NONE', *, *, #5459, .F. ) ;
#3296 = FACE_OUTER_BOUND ( 'NONE', #5261, .T. ) ;
#3297 = EDGE_CURVE ( 'NONE', #701, #1643, #2466, .T. ) ;
#3298 = ORIENTED_EDGE ( 'NONE', *, *, #2251, .T. ) ;
#3299 = CARTESIAN_POINT ( 'NONE',  ( 31.42062151282033611, -28.75156767461719554, 3.000000000000000000 ) ) ;
#3300 = LINE ( 'NONE', #4522, #5056 ) ;
#3301 = FACE_OUTER_BOUND ( 'NONE', #663, .T. ) ;
#3302 = ADVANCED_FACE ( 'NONE', ( #3776 ), #5511, .F. ) ;
#3303 = APPLICATION_CONTEXT ( 'automotive_design' ) ;
#3304 = ADVANCED_FACE ( 'NONE', ( #1999 ), #1629, .F. ) ;
#3305 = DIRECTION ( 'NONE',  ( 0.000000000000000000, 0.000000000000000000, 1.000000000000000000 ) ) ;
#3306 = CARTESIAN_POINT ( 'NONE',  ( -28.67190290015351195, 7.981605984022147382, 3.000000000000000000 ) ) ;
#3307 = CARTESIAN_POINT ( 'NONE',  ( 0.2049893579958332324, 40.87187053907685197, 0.000000000000000000 ) ) ;
#3308 = DIRECTION ( 'NONE',  ( -0.000000000000000000, -0.000000000000000000, -1.000000000000000000 ) ) ;
#3309 = DIRECTION ( 'NONE',  ( -0.000000000000000000, 0.000000000000000000, 1.000000000000000000 ) ) ;
#3310 = VERTEX_POINT ( 'NONE', #4600 ) ;
#3311 = ORIENTED_EDGE ( 'NONE', *, *, #3520, .F. ) ;
#3312 = CYLINDRICAL_SURFACE ( 'NONE', #1445, 8.694264425220771031 ) ;
#3313 = AXIS2_PLACEMENT_3D ( 'NONE', #1388, #2656, #4388 ) ;
#3314 = DIRECTION ( 'NONE',  ( -0.000000000000000000, -0.000000000000000000, -1.000000000000000000 ) ) ;
#3315 = DIRECTION ( 'NONE',  ( 0.000000000000000000, 0.000000000000000000, -1.000000000000000000 ) ) ;
#3316 = ORIENTED_EDGE ( 'NONE', *, *, #5588, .F. ) ;
#3317 = DIRECTION ( 'NONE',  ( 1.000000000000000000, 0.000000000000000000, 0.000000000000000000 ) ) ;
#3318 = VERTEX_POINT ( 'NONE', #3264 ) ;
#3319 = EDGE_CURVE ( 'NONE', #1681, #4464, #4153, .T. ) ;
#3320 = PRODUCT_DEFINITION_FORMATION_WITH_SPECIFIED_SOURCE ( 'å¯', '', #2864, .NOT_KNOWN. ) ;
#3321 = ORIENTED_EDGE ( 'NONE', *, *, #1874, .F. ) ;
#3322 = CARTESIAN_POINT ( 'NONE',  ( -16.74447303340662074, -38.39834553817245677, 0.000000000000000000 ) ) ;
#3323 = AXIS2_PLACEMENT_3D ( 'NONE', #3057, #3494, #5205 ) ;
#3324 = CIRCLE ( 'NONE', #2603, 2.125000000000001776 ) ;
#3325 = CIRCLE ( 'NONE', #5038, 2.125000000000001776 ) ;
#3326 = VERTEX_POINT ( 'NONE', #4998 ) ;
#3327 = CARTESIAN_POINT ( 'NONE',  ( 13.01395315583526013, 38.84312997681895041, 3.000000000000000000 ) ) ;
#3328 = CYLINDRICAL_SURFACE ( 'NONE', #4597, 2.125000000000001776 ) ;
#3329 = LINE ( 'NONE', #3782, #3411 ) ;
#3330 = ADVANCED_FACE ( 'NONE', ( #1601 ), #2400, .T. ) ;
#3331 = LINE ( 'NONE', #4631, #4991 ) ;
#3332 = DIRECTION ( 'NONE',  ( -0.000000000000000000, 0.000000000000000000, 1.000000000000000000 ) ) ;
#3333 = CARTESIAN_POINT ( 'NONE',  ( 14.99999999999999112, -25.98076211353316367, 10.00000000000000000 ) ) ;
#3334 = LINE ( 'NONE', #1171, #2144 ) ;
#3335 = EDGE_CURVE ( 'NONE', #3683, #1352, #4208, .T. ) ;
#3336 = EDGE_LOOP ( 'NONE', ( #669, #1414, #5579, #4440, #327, #2278, #2919, #652, #3085, #536, #3360, #3422, #1051, #2574, #2042, #2740, #1817, #169, #2390, #4152, #4199, #5115, #3747, #4931, #2967, #1792, #1478, #4643, #1145, #4394, #4918, #2963, #1337, #2756, #5552, #2145, #960, #1979, #4127, #3983, #2090, #3495, #4472, #5451, #5245, #2529, #481, #4763, #3724, #631, #4564, #3550, #691, #2504, #3512, #4411, #3449, #5055, #4405, #5501, #3665, #1960, #1235, #172, #314, #3473, #3738, #1193, #2613, #1021, #2595, #5227, #108, #2599, #3067, #2643, #3848, #4531, #1262, #4258, #2791, #3681, #1667, #904, #2526, #2319, #3670, #4419, #2549, #823, #1230, #828, #2133, #5327, #5524, #4142, #3790, #554, #1722, #2680, #5216, #3900, #361, #4794, #456, #1368, #1356, #4893, #2467, #648, #591, #1785, #4697, #5020, #1898, #2994, #415, #2775, #1965, #2754, #563, #5066, #1126, #3429, #546, #4520, #4678, #3081, #1893, #5127, #1573 ) ) ;
#3337 = ORIENTED_EDGE ( 'NONE', *, *, #1514, .F. ) ;
#3338 = EDGE_LOOP ( 'NONE', ( #2316, #2651, #3175, #811 ) ) ;
#3339 = DIRECTION ( 'NONE',  ( -1.000000000000000000, 0.000000000000000000, 0.000000000000000000 ) ) ;
#3340 = CARTESIAN_POINT ( 'NONE',  ( -41.64616578940577085, 4.398584119330301689, 0.000000000000000000 ) ) ;
#3341 = FACE_OUTER_BOUND ( 'NONE', #2107, .T. ) ;
#3342 = DIRECTION ( 'NONE',  ( 0.000000000000000000, 0.000000000000000000, -1.000000000000000000 ) ) ;
#3343 = VERTEX_POINT ( 'NONE', #334 ) ;
#3344 = CARTESIAN_POINT ( 'NONE',  ( 24.24638027584568079, -33.11992249958226608, 0.000000000000000000 ) ) ;
#3345 = EDGE_CURVE ( 'NONE', #4072, #5322, #2051, .T. ) ;
#3346 = ORIENTED_EDGE ( 'NONE', *, *, #1418, .T. ) ;
#3347 = DIRECTION ( 'NONE',  ( -0.05342872120054900642, 0.9985716658061524198, 0.000000000000000000 ) ) ;
#3348 = ORIENTED_EDGE ( 'NONE', *, *, #2979, .T. ) ;
#3349 = DIRECTION ( 'NONE',  ( -1.000000000000000000, 0.000000000000000000, 0.000000000000000000 ) ) ;
#3350 = CARTESIAN_POINT ( 'NONE',  ( 8.564230350490200649, 41.72004384589909876, 0.000000000000000000 ) ) ;
#3351 = CARTESIAN_POINT ( 'NONE',  ( -17.12500000000000711, -25.98076211353315301, 10.00000000000000000 ) ) ;
#3352 = VECTOR ( 'NONE', #4719, 1000.000000000000000 ) ;
#3353 = ADVANCED_FACE ( 'NONE', ( #3296 ), #1129, .F. ) ;
#3354 = CARTESIAN_POINT ( 'NONE',  ( -8.382234244845783167, 39.51178793479898133, 0.000000000000000000 ) ) ;
#3355 = ADVANCED_FACE ( 'NONE', ( #5083, #1205 ), #4975, .T. ) ;
#3356 = FILL_AREA_STYLE ('',( #1637 ) ) ;
#3357 = DIRECTION ( 'NONE',  ( -0.05342872120052668400, -0.9985716658061535300, 0.000000000000000000 ) ) ;
#3358 = AXIS2_PLACEMENT_3D ( 'NONE', #3082, #3408, #1805 ) ;
#3359 = DIRECTION ( 'NONE',  ( -0.000000000000000000, -0.000000000000000000, -1.000000000000000000 ) ) ;
#3360 = ORIENTED_EDGE ( 'NONE', *, *, #650, .T. ) ;
#3361 = EDGE_LOOP ( 'NONE', ( #3209, #3291, #621, #3622 ) ) ;
#3362 = VERTEX_POINT ( 'NONE', #2452 ) ;
#3363 = AXIS2_PLACEMENT_3D ( 'NONE', #2470, #5479, #4618 ) ;
#3364 = CARTESIAN_POINT ( 'NONE',  ( 21.03082861136625681, -37.03528517399777087, 3.000000000000000000 ) ) ;
#3365 = EDGE_CURVE ( 'NONE', #219, #3149, #1290, .T. ) ;
#3366 = DIRECTION ( 'NONE',  ( 0.000000000000000000, 0.000000000000000000, 1.000000000000000000 ) ) ;
#3367 = DIRECTION ( 'NONE',  ( 0.05597060578767799194, 0.9984324169856267917, -0.000000000000000000 ) ) ;
#3368 = CARTESIAN_POINT ( 'NONE',  ( -15.90640717830317818, -37.06703595085611624, 0.000000000000000000 ) ) ;
#3369 = VERTEX_POINT ( 'NONE', #1576 ) ;
#3370 = VECTOR ( 'NONE', #2794, 1000.000000000000000 ) ;
#3371 = LINE ( 'NONE', #40, #1695 ) ;
#3372 = AXIS2_PLACEMENT_3D ( 'NONE', #2111, #21, #5063 ) ;
#3373 = DIRECTION ( 'NONE',  ( 0.000000000000000000, 0.000000000000000000, 1.000000000000000000 ) ) ;
#3374 = AXIS2_PLACEMENT_3D ( 'NONE', #2629, #610, #3563 ) ;
#3375 = ORIENTED_EDGE ( 'NONE', *, *, #12, .F. ) ;
#3376 = DIRECTION ( 'NONE',  ( 0.8332812242496664412, -0.5528493477548627189, 0.000000000000000000 ) ) ;
#3377 = VECTOR ( 'NONE', #3620, 1000.000000000000000 ) ;
#3378 = VECTOR ( 'NONE', #3178, 1000.000000000000000 ) ;
#3379 = ORIENTED_EDGE ( 'NONE', *, *, #5595, .F. ) ;
#3380 = LINE ( 'NONE', #5539, #3018 ) ;
#3381 = CARTESIAN_POINT ( 'NONE',  ( 12.93125282058071335, -38.88526790231286867, 3.000000000000000000 ) ) ;
#3382 = ORIENTED_EDGE ( 'NONE', *, *, #3754, .T. ) ;
#3383 = EDGE_CURVE ( 'NONE', #745, #4098, #3240, .T. ) ;
#3384 = ORIENTED_EDGE ( 'NONE', *, *, #547, .T. ) ;
#3385 = DIRECTION ( 'NONE',  ( -0.000000000000000000, -0.000000000000000000, 1.000000000000000000 ) ) ;
#3386 = VERTEX_POINT ( 'NONE', #2852 ) ;
#3387 = DIRECTION ( 'NONE',  ( -0.000000000000000000, -0.000000000000000000, -1.000000000000000000 ) ) ;
#3388 = DIRECTION ( 'NONE',  ( 1.000000000000000000, 0.000000000000000000, 0.000000000000000000 ) ) ;
#3389 = FACE_OUTER_BOUND ( 'NONE', #3727, .T. ) ;
#3390 = ORIENTED_EDGE ( 'NONE', *, *, #926, .F. ) ;
#3391 = ORIENTED_EDGE ( 'NONE', *, *, #4833, .F. ) ;
#3392 = VERTEX_POINT ( 'NONE', #675 ) ;
#3393 = ADVANCED_FACE ( 'NONE', ( #4179 ), #4125, .F. ) ;
#3394 = DIRECTION ( 'NONE',  ( -1.000000000000000000, 0.000000000000000000, 0.000000000000000000 ) ) ;
#3395 = DIRECTION ( 'NONE',  ( -0.000000000000000000, 0.000000000000000000, 1.000000000000000000 ) ) ;
#3396 = DIRECTION ( 'NONE',  ( 0.000000000000000000, 0.000000000000000000, -1.000000000000000000 ) ) ;
#3397 = CARTESIAN_POINT ( 'NONE',  ( -29.94915852961013059, -26.86437988392690457, 0.000000000000000000 ) ) ;
#3398 = ORIENTED_EDGE ( 'NONE', *, *, #2605, .F. ) ;
#3399 = CARTESIAN_POINT ( 'NONE',  ( 0.2966633858259900558, -40.88639027866684472, 3.000000000000000000 ) ) ;
#3400 = VERTEX_POINT ( 'NONE', #5592 ) ;
#3401 = ADVANCED_FACE ( 'NONE', ( #4679 ), #5568, .T. ) ;
#3402 = CARTESIAN_POINT ( 'NONE',  ( 36.33288492289322846, 20.94598947935135413, 3.000000000000000000 ) ) ;
#3403 = ORIENTED_EDGE ( 'NONE', *, *, #2789, .F. ) ;
#3404 = CARTESIAN_POINT ( 'NONE',  ( 18.08707482534121525, 38.55860246770502897, 3.000000000000000000 ) ) ;
#3405 = VECTOR ( 'NONE', #4675, 1000.000000000000000 ) ;
#3406 = EDGE_CURVE ( 'NONE', #5058, #4123, #924, .T. ) ;
#3407 = ORIENTED_EDGE ( 'NONE', *, *, #1751, .F. ) ;
#3408 = DIRECTION ( 'NONE',  ( 0.000000000000000000, 0.000000000000000000, 1.000000000000000000 ) ) ;
#3409 = DIRECTION ( 'NONE',  ( 0.7806504549209037913, 0.6249678929607391797, 0.000000000000000000 ) ) ;
#3410 = CARTESIAN_POINT ( 'NONE',  ( -40.58972689284099999, -6.071532165918824830E-15, 0.000000000000000000 ) ) ;
#3411 = VECTOR ( 'NONE', #1240, 1000.000000000000000 ) ;
#3412 = CYLINDRICAL_SURFACE ( 'NONE', #1384, 42.59000000000001052 ) ;
#3413 = CARTESIAN_POINT ( 'NONE',  ( -7.957593093618509528, -41.83999058504191026, 3.000000000000000000 ) ) ;
#3414 = PLANE ( 'NONE',  #3112 ) ;
#3415 = CYLINDRICAL_SURFACE ( 'NONE', #3958, 8.694264425220762149 ) ;
#3416 = VERTEX_POINT ( 'NONE', #808 ) ;
#3417 = ORIENTED_EDGE ( 'NONE', *, *, #2106, .F. ) ;
#3418 = DIRECTION ( 'NONE',  ( -0.000000000000000000, -0.000000000000000000, 1.000000000000000000 ) ) ;
#3419 = FACE_OUTER_BOUND ( 'NONE', #4848, .T. ) ;
#3420 = DIRECTION ( 'NONE',  ( 0.000000000000000000, -0.000000000000000000, -1.000000000000000000 ) ) ;
#3421 = CYLINDRICAL_SURFACE ( 'NONE', #4020, 8.694264425220772807 ) ;
#3422 = ORIENTED_EDGE ( 'NONE', *, *, #620, .F. ) ;
#3423 = DIRECTION ( 'NONE',  ( -1.000000000000000000, 0.000000000000000000, 0.000000000000000000 ) ) ;
#3424 = DIRECTION ( 'NONE',  ( 0.000000000000000000, 0.000000000000000000, 1.000000000000000000 ) ) ;
#3425 = ORIENTED_EDGE ( 'NONE', *, *, #2600, .F. ) ;
#3426 = DIRECTION ( 'NONE',  ( -1.000000000000000000, 0.000000000000000000, 0.000000000000000000 ) ) ;
#3427 = EDGE_CURVE ( 'NONE', #5253, #3861, #507, .T. ) ;
#3428 = ADVANCED_FACE ( 'NONE', ( #3017 ), #3489, .T. ) ;
#3429 = ORIENTED_EDGE ( 'NONE', *, *, #4724, .T. ) ;
#3430 = LINE ( 'NONE', #2589, #1028 ) ;
#3431 = ADVANCED_FACE ( 'NONE', ( #3051 ), #1287, .F. ) ;
#3432 = CARTESIAN_POINT ( 'NONE',  ( -12.42062638418443399, 38.84312997681865909, 3.000000000000000000 ) ) ;
#3433 = CARTESIAN_POINT ( 'NONE',  ( -12.33792604892930278, 38.88526790231278341, 0.000000000000000000 ) ) ;
#3434 = EDGE_CURVE ( 'NONE', #4221, #4346, #16, .T. ) ;
#3435 = VERTEX_POINT ( 'NONE', #4257 ) ;
#3436 = CARTESIAN_POINT ( 'NONE',  ( -28.77612118826259646, 24.03241722527427271, 3.000000000000000000 ) ) ;
#3437 = VERTEX_POINT ( 'NONE', #1655 ) ;
#3438 = CARTESIAN_POINT ( 'NONE',  ( 33.41658588540802555, 23.94971689001995330, 0.000000000000000000 ) ) ;
#3439 = DIRECTION ( 'NONE',  ( -0.000000000000000000, -0.000000000000000000, -1.000000000000000000 ) ) ;
#3440 = CARTESIAN_POINT ( 'NONE',  ( -15.00000000000001066, -25.98076211353315301, 10.00000000000000000 ) ) ;
#3441 = ORIENTED_EDGE ( 'NONE', *, *, #4680, .F. ) ;
#3442 = VECTOR ( 'NONE', #3470, 1000.000000000000000 ) ;
#3443 = VERTEX_POINT ( 'NONE', #2132 ) ;
#3444 = VERTEX_POINT ( 'NONE', #4744 ) ;
#3445 = DIRECTION ( 'NONE',  ( -0.000000000000000000, -0.000000000000000000, -1.000000000000000000 ) ) ;
#3446 = CARTESIAN_POINT ( 'NONE',  ( 41.77658695461930449, 8.284013666281188293, 3.000000000000000000 ) ) ;
#3447 = CARTESIAN_POINT ( 'NONE',  ( -38.58860451648708079, -12.63458943475473362, 3.000000000000000000 ) ) ;
#3448 = CARTESIAN_POINT ( 'NONE',  ( -20.50176531472157393, 37.33076102867553914, 3.000000000000000000 ) ) ;
#3449 = ORIENTED_EDGE ( 'NONE', *, *, #724, .T. ) ;
#3450 = CARTESIAN_POINT ( 'NONE',  ( -25.98076211353316367, -14.99999999999999467, 3.490000000000000213 ) ) ;
#3451 = EDGE_CURVE ( 'NONE', #4123, #2606, #4709, .T. ) ;
#3452 = VECTOR ( 'NONE', #5059, 1000.000000000000227 ) ;
#3453 = CARTESIAN_POINT ( 'NONE',  ( -12.33792604892874323, -38.88526790231296104, 3.000000000000000000 ) ) ;
#3454 = VERTEX_POINT ( 'NONE', #2620 ) ;
#3455 = AXIS2_PLACEMENT_3D ( 'NONE', #4617, #2924, #4172 ) ;
#3456 = CYLINDRICAL_SURFACE ( 'NONE', #600, 2.125000000000000444 ) ;
#3457 = DIRECTION ( 'NONE',  ( 0.000000000000000000, 0.000000000000000000, -1.000000000000000000 ) ) ;
#3458 = VECTOR ( 'NONE', #2164, 1000.000000000000000 ) ;
#3459 = CIRCLE ( 'NONE', #226, 8.694264425220771031 ) ;
#3460 = AXIS2_PLACEMENT_3D ( 'NONE', #1245, #769, #3842 ) ;
#3461 = EDGE_CURVE ( 'NONE', #3318, #3874, #5116, .T. ) ;
#3462 = CIRCLE ( 'NONE', #5142, 4.005000000000006111 ) ;
#3463 = ORIENTED_EDGE ( 'NONE', *, *, #3996, .T. ) ;
#3464 = DIRECTION ( 'NONE',  ( -0.5406926394229331079, -0.8412202266195588640, 0.000000000000000000 ) ) ;
#3465 = DIRECTION ( 'NONE',  ( -1.000000000000000000, 0.000000000000000000, 0.000000000000000000 ) ) ;
#3466 = CARTESIAN_POINT ( 'NONE',  ( -17.12500000000000711, -25.98076211353315301, 3.490000000000000213 ) ) ;
#3467 = AXIS2_PLACEMENT_3D ( 'NONE', #585, #1010, #5359 ) ;
#3468 = ADVANCED_FACE ( 'NONE', ( #2586 ), #4319, .T. ) ;
#3469 = VERTEX_POINT ( 'NONE', #4379 ) ;
#3470 = DIRECTION ( 'NONE',  ( -0.000000000000000000, -0.000000000000000000, 1.000000000000000000 ) ) ;
#3471 = DIRECTION ( 'NONE',  ( 0.000000000000000000, 0.000000000000000000, -1.000000000000000000 ) ) ;
#3472 = DIRECTION ( 'NONE',  ( -0.000000000000000000, -0.000000000000000000, 1.000000000000000000 ) ) ;
#3473 = ORIENTED_EDGE ( 'NONE', *, *, #310, .F. ) ;
#3474 = CARTESIAN_POINT ( 'NONE',  ( -38.54646659099296357, -12.71728977000985772, 0.000000000000000000 ) ) ;
#3475 = EDGE_CURVE ( 'NONE', #4086, #2375, #3912, .T. ) ;
#3476 = EDGE_LOOP ( 'NONE', ( #1826, #822, #1270, #4801 ) ) ;
#3477 = ORIENTED_EDGE ( 'NONE', *, *, #4872, .F. ) ;
#3478 = ORIENTED_EDGE ( 'NONE', *, *, #4211, .T. ) ;
#3479 = DIRECTION ( 'NONE',  ( 0.000000000000000000, 0.000000000000000000, 1.000000000000000000 ) ) ;
#3480 = CARTESIAN_POINT ( 'NONE',  ( -36.18304898080720022, -21.08415842533863227, 3.000000000000000000 ) ) ;
#3481 = AXIS2_PLACEMENT_3D ( 'NONE', #1105, #2402, #4051 ) ;
#3482 = DIRECTION ( 'NONE',  ( -0.000000000000000000, -0.000000000000000000, -1.000000000000000000 ) ) ;
#3483 = DIRECTION ( 'NONE',  ( 1.000000000000000000, 0.000000000000000000, 0.000000000000000000 ) ) ;
#3484 = ORIENTED_EDGE ( 'NONE', *, *, #1331, .F. ) ;
#3485 = DIRECTION ( 'NONE',  ( -1.000000000000000000, 0.000000000000000000, 0.000000000000000000 ) ) ;
#3486 = CARTESIAN_POINT ( 'NONE',  ( 41.00932234579971691, -8.784480569374922609, 0.000000000000000000 ) ) ;
#3487 = EDGE_LOOP ( 'NONE', ( #2497, #3122 ) ) ;
#3488 = CARTESIAN_POINT ( 'NONE',  ( 21.03082861136571324, 37.03528517399808351, 0.000000000000000000 ) ) ;
#3489 = CYLINDRICAL_SURFACE ( 'NONE', #1395, 8.694264425220762149 ) ;
#3490 = VERTEX_POINT ( 'NONE', #5229 ) ;
#3491 = DIRECTION ( 'NONE',  ( 0.000000000000000000, 0.000000000000000000, 1.000000000000000000 ) ) ;
#3492 = VECTOR ( 'NONE', #2359, 1000.000000000000000 ) ;
#3493 = DIRECTION ( 'NONE',  ( -0.000000000000000000, -0.000000000000000000, 1.000000000000000000 ) ) ;
#3494 = DIRECTION ( 'NONE',  ( -0.000000000000000000, -0.000000000000000000, -1.000000000000000000 ) ) ;
#3495 = ORIENTED_EDGE ( 'NONE', *, *, #4696, .T. ) ;
#3496 = VECTOR ( 'NONE', #3592, 1000.000000000000000 ) ;
#3497 = ORIENTED_EDGE ( 'NONE', *, *, #2502, .T. ) ;
#3498 = CARTESIAN_POINT ( 'NONE',  ( 41.16853392490270380, -0.09167402782926549476, 0.000000000000000000 ) ) ;
#3499 = DIRECTION ( 'NONE',  ( 1.000000000000000000, 0.000000000000000000, 0.000000000000000000 ) ) ;
#3500 = CARTESIAN_POINT ( 'NONE',  ( -38.58860451648708079, -12.63458943475473362, 0.000000000000000000 ) ) ;
#3501 = EDGE_CURVE ( 'NONE', #602, #3416, #4097, .T. ) ;
#3502 = VECTOR ( 'NONE', #1950, 1000.000000000000000 ) ;
#3503 = AXIS2_PLACEMENT_3D ( 'NONE', #871, #4512, #2226 ) ;
#3504 = ORIENTED_EDGE ( 'NONE', *, *, #4386, .F. ) ;
#3505 = EDGE_LOOP ( 'NONE', ( #906, #2293, #1628, #4460 ) ) ;
#3506 = ORIENTED_EDGE ( 'NONE', *, *, #3265, .T. ) ;
#3507 = CARTESIAN_POINT ( 'NONE',  ( 0.000000000000000000, 0.000000000000000000, 3.000000000000000000 ) ) ;
#3508 = DIRECTION ( 'NONE',  ( -0.6325295778478725595, 0.7745362051883644128, 0.000000000000000000 ) ) ;
#3509 = CARTESIAN_POINT ( 'NONE',  ( 37.36369933668201782, -16.20307056412887903, 0.000000000000000000 ) ) ;
#3510 = CARTESIAN_POINT ( 'NONE',  ( -4.770920966161405374, 42.32193772896796702, 3.000000000000000000 ) ) ;
#3511 = EDGE_CURVE ( 'NONE', #303, #1174, #2101, .T. ) ;
#3512 = ORIENTED_EDGE ( 'NONE', *, *, #293, .T. ) ;
#3513 = LINE ( 'NONE', #134, #2591 ) ;
#3514 = VERTEX_POINT ( 'NONE', #2964 ) ;
#3515 = ORIENTED_EDGE ( 'NONE', *, *, #2412, .T. ) ;
#3516 = CARTESIAN_POINT ( 'NONE',  ( 5.337150639699440369, 42.25426514624478358, 3.000000000000000000 ) ) ;
#3517 = CARTESIAN_POINT ( 'NONE',  ( 20.76059948172632375, -34.89601652554492972, 3.000000000000000000 ) ) ;
#3518 = AXIS2_PLACEMENT_3D ( 'NONE', #3507, #129, #4451 ) ;
#3519 = VERTEX_POINT ( 'NONE', #2555 ) ;
#3520 = EDGE_CURVE ( 'NONE', #4075, #5317, #3831, .T. ) ;
#3521 = VERTEX_POINT ( 'NONE', #5141 ) ;
#3522 = FACE_OUTER_BOUND ( 'NONE', #1383, .T. ) ;
#3523 = CARTESIAN_POINT ( 'NONE',  ( 9.082601838875753231, 40.87187053907685197, 0.000000000000000000 ) ) ;
#3524 = CARTESIAN_POINT ( 'NONE',  ( 4.252355189908948674, 40.25987024618078891, 0.000000000000000000 ) ) ;
#3525 = AXIS2_PLACEMENT_3D ( 'NONE', #265, #1981, #1139 ) ;
#3526 = EDGE_CURVE ( 'NONE', #3813, #387, #1263, .T. ) ;
#3527 = ORIENTED_EDGE ( 'NONE', *, *, #3475, .T. ) ;
#3528 = DIRECTION ( 'NONE',  ( 0.000000000000000000, -0.000000000000000000, 1.000000000000000000 ) ) ;
#3529 = DIRECTION ( 'NONE',  ( 0.8090169943749552228, -0.5877852522924625900, 0.000000000000000000 ) ) ;
#3530 = CARTESIAN_POINT ( 'NONE',  ( 25.98076211353315301, -15.00000000000001421, 0.000000000000000000 ) ) ;
#3531 = ORIENTED_EDGE ( 'NONE', *, *, #1376, .T. ) ;
#3532 = EDGE_CURVE ( 'NONE', #2606, #1374, #1714, .T. ) ;
#3533 = VERTEX_POINT ( 'NONE', #3517 ) ;
#3534 = EDGE_LOOP ( 'NONE', ( #3293, #2447 ) ) ;
#3535 = DIRECTION ( 'NONE',  ( 0.000000000000000000, 0.000000000000000000, -1.000000000000000000 ) ) ;
#3536 = FACE_OUTER_BOUND ( 'NONE', #4330, .T. ) ;
#3537 = FACE_OUTER_BOUND ( 'NONE', #2175, .T. ) ;
#3538 = DIRECTION ( 'NONE',  ( -0.2681799817563077504, 0.9633688272853686563, -0.000000000000000000 ) ) ;
#3539 = CARTESIAN_POINT ( 'NONE',  ( -24.80021947308649288, 16.45397107347436005, 3.000000000000000000 ) ) ;
#3540 = ADVANCED_FACE ( 'NONE', ( #4069 ), #4488, .F. ) ;
#3541 = AXIS2_PLACEMENT_3D ( 'NONE', #1266, #2134, #3984 ) ;
#3542 = VERTEX_POINT ( 'NONE', #1413 ) ;
#3543 = VERTEX_POINT ( 'NONE', #143 ) ;
#3544 = CYLINDRICAL_SURFACE ( 'NONE', #2385, 2.124999999999998224 ) ;
#3545 = DIRECTION ( 'NONE',  ( -1.000000000000000000, 0.000000000000000000, 0.000000000000000000 ) ) ;
#3546 = ORIENTED_EDGE ( 'NONE', *, *, #5595, .T. ) ;
#3547 = ORIENTED_EDGE ( 'NONE', *, *, #2275, .T. ) ;
#3548 = AXIS2_PLACEMENT_3D ( 'NONE', #255, #1971, #1773 ) ;
#3549 = EDGE_CURVE ( 'NONE', #750, #417, #3213, .T. ) ;
#3550 = ORIENTED_EDGE ( 'NONE', *, *, #3618, .F. ) ;
#3551 = CIRCLE ( 'NONE', #3197, 2.125000000000000000 ) ;
#3552 = CARTESIAN_POINT ( 'NONE',  ( -16.74447303340662074, -38.39834553817245677, 3.000000000000000000 ) ) ;
#3553 = DIRECTION ( 'NONE',  ( -0.000000000000000000, -0.000000000000000000, -1.000000000000000000 ) ) ;
#3554 = FACE_OUTER_BOUND ( 'NONE', #3632, .T. ) ;
#3555 = AXIS2_PLACEMENT_3D ( 'NONE', #4721, #3870, #1638 ) ;
#3556 = VECTOR ( 'NONE', #2484, 1000.000000000000000 ) ;
#3557 = AXIS2_PLACEMENT_3D ( 'NONE', #3045, #437, #2611 ) ;
#3558 = AXIS2_PLACEMENT_3D ( 'NONE', #5442, #1992, #2817 ) ;
#3560 = ORIENTED_EDGE ( 'NONE', *, *, #4948, .T. ) ;
#3559 = AXIS2_PLACEMENT_3D ( 'NONE', #3991, #1426, #4845 ) ;
#3561 = CARTESIAN_POINT ( 'NONE',  ( 24.32908061110023112, 33.07778457408836204, 3.000000000000000000 ) ) ;
#3562 = DIRECTION ( 'NONE',  ( 1.000000000000000000, 0.000000000000000000, 0.000000000000000000 ) ) ;
#3563 = DIRECTION ( 'NONE',  ( 1.000000000000000000, 0.000000000000000000, 0.000000000000000000 ) ) ;
#3564 = EDGE_CURVE ( 'NONE', #1870, #4652, #3577, .T. ) ;
#3565 =( LENGTH_UNIT ( ) NAMED_UNIT ( * ) SI_UNIT ( .MILLI., .METRE. ) );
#3566 = VERTEX_POINT ( 'NONE', #5290 ) ;
#3567 = ORIENTED_EDGE ( 'NONE', *, *, #4710, .T. ) ;
#3568 = DIRECTION ( 'NONE',  ( 0.9510565162951533091, 0.3090169943749481729, 0.000000000000000000 ) ) ;
#3569 = DIRECTION ( 'NONE',  ( 0.000000000000000000, 0.000000000000000000, -1.000000000000000000 ) ) ;
#3570 = FACE_OUTER_BOUND ( 'NONE', #2633, .T. ) ;
#3571 = FACE_OUTER_BOUND ( 'NONE', #1116, .T. ) ;
#3572 = CIRCLE ( 'NONE', #2753, 8.694264425220769255 ) ;
#3573 = CYLINDRICAL_SURFACE ( 'NONE', #1603, 2.125000000000001776 ) ;
#3574 = ORIENTED_EDGE ( 'NONE', *, *, #3750, .T. ) ;
#3575 = ORIENTED_EDGE ( 'NONE', *, *, #2361, .F. ) ;
#3576 = DIRECTION ( 'NONE',  ( -1.000000000000000000, 0.000000000000000000, 0.000000000000000000 ) ) ;
#3577 = LINE ( 'NONE', #4462, #1928 ) ;
#3578 = EDGE_LOOP ( 'NONE', ( #2018, #5103, #3186, #161 ) ) ;
#3579 = EDGE_CURVE ( 'NONE', #2375, #452, #3459, .T. ) ;
#3580 = EDGE_CURVE ( 'NONE', #177, #1381, #1488, .T. ) ;
#3581 = ORIENTED_EDGE ( 'NONE', *, *, #3613, .T. ) ;
#3582 = DIRECTION ( 'NONE',  ( 1.000000000000000000, 0.000000000000000000, 0.000000000000000000 ) ) ;
#3583 = CYLINDRICAL_SURFACE ( 'NONE', #2556, 2.125000000000000000 ) ;
#3584 = EDGE_CURVE ( 'NONE', #1538, #2153, #1041, .T. ) ;
#3585 = EDGE_LOOP ( 'NONE', ( #2684, #5277, #2339, #5507 ) ) ;
#3586 = AXIS2_PLACEMENT_3D ( 'NONE', #2165, #479, #55 ) ;
#3587 = ORIENTED_EDGE ( 'NONE', *, *, #970, .T. ) ;
#3588 = CIRCLE ( 'NONE', #2138, 42.59000000000001052 ) ;
#3589 = DIRECTION ( 'NONE',  ( 0.5877852522924832401, -0.8090169943749400128, 0.000000000000000000 ) ) ;
#3590 = DIRECTION ( 'NONE',  ( -0.000000000000000000, -0.000000000000000000, 1.000000000000000000 ) ) ;
#3591 = CYLINDRICAL_SURFACE ( 'NONE', #1212, 4.005000000000005222 ) ;
#3592 = DIRECTION ( 'NONE',  ( -0.000000000000000000, 0.000000000000000000, 1.000000000000000000 ) ) ;
#3593 = VECTOR ( 'NONE', #4723, 1000.000000000000000 ) ;
#3594 = EDGE_CURVE ( 'NONE', #3229, #2711, #4466, .T. ) ;
#3595 = VERTEX_POINT ( 'NONE', #4040 ) ;
#3596 = ORIENTED_EDGE ( 'NONE', *, *, #5351, .T. ) ;
#3597 = CARTESIAN_POINT ( 'NONE',  ( 0.2966633858254068001, 40.88639027866684472, 0.000000000000000000 ) ) ;
#3598 = DIRECTION ( 'NONE',  ( 0.000000000000000000, 0.000000000000000000, -1.000000000000000000 ) ) ;
#3599 = AXIS2_PLACEMENT_3D ( 'NONE', #3843, #910, #4244 ) ;
#3600 = LINE ( 'NONE', #1877, #2399 ) ;
#3601 = FACE_BOUND ( 'NONE', #4685, .T. ) ;
#3602 = DIRECTION ( 'NONE',  ( -0.9985716658061535300, 0.05342872120052668400, -0.000000000000000000 ) ) ;
#3603 = CIRCLE ( 'NONE', #4328, 2.125000000000000444 ) ;
#3604 = CIRCLE ( 'NONE', #3777, 42.59000000000001052 ) ;
#3605 = EDGE_CURVE ( 'NONE', #5202, #3830, #596, .T. ) ;
#3606 = ORIENTED_EDGE ( 'NONE', *, *, #920, .F. ) ;
#3607 = VERTEX_POINT ( 'NONE', #1860 ) ;
#3608 = ORIENTED_EDGE ( 'NONE', *, *, #2464, .F. ) ;
#3609 = PLANE ( 'NONE',  #588 ) ;
#3610 = CARTESIAN_POINT ( 'NONE',  ( 12.83957879275116731, -38.89978764190303906, 0.000000000000000000 ) ) ;
#3611 = ORIENTED_EDGE ( 'NONE', *, *, #4514, .T. ) ;
#3612 = VERTEX_POINT ( 'NONE', #3162 ) ;
#3613 = EDGE_CURVE ( 'NONE', #606, #284, #5457, .T. ) ;
#3614 = EDGE_CURVE ( 'NONE', #3386, #3682, #1750, .T. ) ;
#3615 = EDGE_LOOP ( 'NONE', ( #1662, #3574, #204, #3182 ) ) ;
#3616 = CARTESIAN_POINT ( 'NONE',  ( 0.000000000000000000, 0.000000000000000000, 3.000000000000000000 ) ) ;
#3617 = VERTEX_POINT ( 'NONE', #3184 ) ;
#3618 = EDGE_CURVE ( 'NONE', #4098, #955, #5186, .T. ) ;
#3619 = CARTESIAN_POINT ( 'NONE',  ( 0.000000000000000000, 0.000000000000000000, 3.000000000000000000 ) ) ;
#3620 = DIRECTION ( 'NONE',  ( -0.2544461159514273541, -0.9670869526972395436, 0.000000000000000000 ) ) ;
#3621 = DIRECTION ( 'NONE',  ( 1.000000000000000000, 0.000000000000000000, 0.000000000000000000 ) ) ;
#3622 = ORIENTED_EDGE ( 'NONE', *, *, #547, .F. ) ;
#3623 = FACE_OUTER_BOUND ( 'NONE', #772, .T. ) ;
#3624 = FACE_OUTER_BOUND ( 'NONE', #84, .T. ) ;
#3625 = DIRECTION ( 'NONE',  ( -0.000000000000000000, -0.000000000000000000, -1.000000000000000000 ) ) ;
#3626 = DIRECTION ( 'NONE',  ( 1.000000000000000000, 5.387176138271694120E-15, 0.000000000000000000 ) ) ;
#3627 = CARTESIAN_POINT ( 'NONE',  ( -23.80138519710759937, -33.01215321642951039, 0.000000000000000000 ) ) ;
#3628 = VERTEX_POINT ( 'NONE', #3132 ) ;
#3629 = VERTEX_POINT ( 'NONE', #1016 ) ;
#3630 = FACE_OUTER_BOUND ( 'NONE', #4544, .T. ) ;
#3631 = DIRECTION ( 'NONE',  ( 0.000000000000000000, 0.000000000000000000, 1.000000000000000000 ) ) ;
#3632 = EDGE_LOOP ( 'NONE', ( #1400, #179, #4825, #1948 ) ) ;
#3633 = ORIENTED_EDGE ( 'NONE', *, *, #3511, .T. ) ;
#3634 = AXIS2_PLACEMENT_3D ( 'NONE', #5040, #1586, #2809 ) ;
#3635 = ORIENTED_EDGE ( 'NONE', *, *, #4870, .T. ) ;
#3636 = DIRECTION ( 'NONE',  ( 1.000000000000000000, 0.000000000000000000, 0.000000000000000000 ) ) ;
#3637 = AXIS2_PLACEMENT_3D ( 'NONE', #1020, #1946, #3136 ) ;
#3638 = ORIENTED_EDGE ( 'NONE', *, *, #64, .F. ) ;
#3639 = PRODUCT_RELATED_PRODUCT_CATEGORY ( 'part', '', ( #2864 ) ) ;
#3640 = ORIENTED_EDGE ( 'NONE', *, *, #426, .F. ) ;
#3641 = LINE ( 'NONE', #3219, #1504 ) ;
#3642 = EDGE_CURVE ( 'NONE', #5074, #1799, #2752, .T. ) ;
#3643 = VECTOR ( 'NONE', #3742, 1000.000000000000114 ) ;
#3644 = DIRECTION ( 'NONE',  ( 0.000000000000000000, 0.000000000000000000, -1.000000000000000000 ) ) ;
#3645 = DIRECTION ( 'NONE',  ( 0.000000000000000000, 0.000000000000000000, -1.000000000000000000 ) ) ;
#3646 = VECTOR ( 'NONE', #3083, 999.9999999999998863 ) ;
#3647 = AXIS2_PLACEMENT_3D ( 'NONE', #2527, #3376, #4800 ) ;
#3648 = EDGE_CURVE ( 'NONE', #2687, #750, #4944, .T. ) ;
#3649 = VECTOR ( 'NONE', #4783, 1000.000000000000114 ) ;
#3650 = EDGE_LOOP ( 'NONE', ( #3477, #4334, #881, #5268 ) ) ;
#3651 = CIRCLE ( 'NONE', #1048, 2.125000000000000000 ) ;
#3652 = LINE ( 'NONE', #4557, #5258 ) ;
#3653 = DIRECTION ( 'NONE',  ( -0.2681799817562916521, -0.9633688272853732082, 0.000000000000000000 ) ) ;
#3654 = CARTESIAN_POINT ( 'NONE',  ( 16.49973394995513587, -37.06703595085598835, 3.000000000000000000 ) ) ;
#3655 = DIRECTION ( 'NONE',  ( 1.000000000000000000, 0.000000000000000000, 0.000000000000000000 ) ) ;
#3656 = DIRECTION ( 'NONE',  ( 1.000000000000000000, -1.356770286675833648E-14, 0.000000000000000000 ) ) ;
#3657 = EDGE_CURVE ( 'NONE', #3058, #3096, #313, .T. ) ;
#3658 = CIRCLE ( 'NONE', #601, 2.125000000000001776 ) ;
#3659 = AXIS2_PLACEMENT_3D ( 'NONE', #3447, #379, #1228 ) ;
#3660 = ORIENTED_EDGE ( 'NONE', *, *, #3383, .T. ) ;
#3661 = CARTESIAN_POINT ( 'NONE',  ( -38.21857202264936149, -17.13203161488463877, 0.000000000000000000 ) ) ;
#3662 = CYLINDRICAL_SURFACE ( 'NONE', #3726, 34.00000000000000000 ) ;
#3663 = CARTESIAN_POINT ( 'NONE',  ( -27.87499999999999645, 2.097207643539875305E-15, 3.490000000000000213 ) ) ;
#3664 = LINE ( 'NONE', #3524, #1347 ) ;
#3665 = ORIENTED_EDGE ( 'NONE', *, *, #3996, .F. ) ;
#3666 = AXIS2_PLACEMENT_3D ( 'NONE', #2872, #4591, #2443 ) ;
#3667 = ORIENTED_EDGE ( 'NONE', *, *, #3703, .F. ) ;
#3668 = CYLINDRICAL_SURFACE ( 'NONE', #1115, 8.694264425220763925 ) ;
#3669 = EDGE_CURVE ( 'NONE', #141, #4008, #2253, .T. ) ;
#3670 = ORIENTED_EDGE ( 'NONE', *, *, #2502, .F. ) ;
#3671 = FACE_OUTER_BOUND ( 'NONE', #5476, .T. ) ;
#3672 = CARTESIAN_POINT ( 'NONE',  ( 2.125000000000000888, 30.00000000000000000, 3.490000000000000213 ) ) ;
#3673 = CARTESIAN_POINT ( 'NONE',  ( 41.18305366449268945, 6.168419232913219439E-15, 0.000000000000000000 ) ) ;
#3674 = CARTESIAN_POINT ( 'NONE',  ( -12.87500000000001066, -25.98076211353315301, 3.490000000000000213 ) ) ;
#3675 = EDGE_CURVE ( 'NONE', #2239, #4890, #2835, .T. ) ;
#3676 = LINE ( 'NONE', #1062, #1559 ) ;
#3677 = DIRECTION ( 'NONE',  ( 1.000000000000000000, 0.000000000000000000, 0.000000000000000000 ) ) ;
#3678 = FACE_OUTER_BOUND ( 'NONE', #5553, .T. ) ;
#3679 = PLANE ( 'NONE',  #4589 ) ;
#3680 = EDGE_CURVE ( 'NONE', #3369, #1942, #2474, .T. ) ;
#3681 = ORIENTED_EDGE ( 'NONE', *, *, #2458, .F. ) ;
#3682 = VERTEX_POINT ( 'NONE', #3233 ) ;
#3683 = VERTEX_POINT ( 'NONE', #5024 ) ;
#3684 = ADVANCED_FACE ( 'NONE', ( #2876 ), #222, .T. ) ;
#3685 = CARTESIAN_POINT ( 'NONE',  ( -41.64616578940577085, 4.398584119330301689, 0.000000000000000000 ) ) ;
#3686 = CARTESIAN_POINT ( 'NONE',  ( -38.60312425607723696, 12.54291540692517870, 3.000000000000000000 ) ) ;
#3687 = CARTESIAN_POINT ( 'NONE',  ( 16.49973394995460652, 37.06703595085621572, 3.000000000000000000 ) ) ;
#3688 = ORIENTED_EDGE ( 'NONE', *, *, #4785, .T. ) ;
#3689 = CIRCLE ( 'NONE', #2883, 4.005000000000006111 ) ;
#3690 = AXIS2_PLACEMENT_3D ( 'NONE', #2057, #4297, #1269 ) ;
#3691 = ORIENTED_EDGE ( 'NONE', *, *, #3614, .F. ) ;
#3692 = DIRECTION ( 'NONE',  ( 1.000000000000000000, 0.000000000000000000, 0.000000000000000000 ) ) ;
#3693 = EDGE_LOOP ( 'NONE', ( #5157, #2904, #988, #4930 ) ) ;
#3694 = ORIENTED_EDGE ( 'NONE', *, *, #4167, .F. ) ;
#3695 = FACE_OUTER_BOUND ( 'NONE', #4359, .T. ) ;
#3696 = CYLINDRICAL_SURFACE ( 'NONE', #1795, 8.694264425220769255 ) ;
#3697 = DIRECTION ( 'NONE',  ( 0.5877852522924713607, 0.8090169943749487835, 0.000000000000000000 ) ) ;
#3698 = PLANE ( 'NONE',  #112 ) ;
#3699 = LINE ( 'NONE', #4526, #748 ) ;
#3700 = DIRECTION ( 'NONE',  ( -0.000000000000000000, -0.000000000000000000, -1.000000000000000000 ) ) ;
#3701 = DIRECTION ( 'NONE',  ( 1.000000000000000000, 2.777388586842295018E-13, 0.000000000000000000 ) ) ;
#3702 = DIRECTION ( 'NONE',  ( -0.000000000000000000, -0.000000000000000000, -1.000000000000000000 ) ) ;
#3703 = EDGE_CURVE ( 'NONE', #2683, #2222, #3551, .T. ) ;
#3704 = EDGE_CURVE ( 'NONE', #2239, #1346, #1200, .T. ) ;
#3705 = CIRCLE ( 'NONE', #1816, 8.694264425220769255 ) ;
#3706 = ORIENTED_EDGE ( 'NONE', *, *, #233, .F. ) ;
#3707 = ORIENTED_EDGE ( 'NONE', *, *, #3549, .T. ) ;
#3708 = DIRECTION ( 'NONE',  ( 0.000000000000000000, -0.000000000000000000, 1.000000000000000000 ) ) ;
#3709 = CARTESIAN_POINT ( 'NONE',  ( -38.21857202264963860, 17.13203161488413784, 0.000000000000000000 ) ) ;
#3710 = CARTESIAN_POINT ( 'NONE',  ( 31.42062151281991333, 28.75156767461765739, 3.000000000000000000 ) ) ;
#3711 = ORIENTED_EDGE ( 'NONE', *, *, #3579, .F. ) ;
#3712 = DIRECTION ( 'NONE',  ( -0.000000000000000000, -0.000000000000000000, -1.000000000000000000 ) ) ;
#3713 = VERTEX_POINT ( 'NONE', #3663 ) ;
#3714 = EDGE_CURVE ( 'NONE', #3074, #1998, #4646, .T. ) ;
#3715 = ORIENTED_EDGE ( 'NONE', *, *, #310, .T. ) ;
#3716 = CARTESIAN_POINT ( 'NONE',  ( 41.00932234579957480, 8.784480569375514136, 3.000000000000000000 ) ) ;
#3717 = AXIS2_PLACEMENT_3D ( 'NONE', #3561, #4420, #1754 ) ;
#3718 = EDGE_CURVE ( 'NONE', #1998, #1286, #329, .T. ) ;
#3719 = ORIENTED_EDGE ( 'NONE', *, *, #4638, .T. ) ;
#3720 = AXIS2_PLACEMENT_3D ( 'NONE', #2784, #1955, #2969 ) ;
#3721 = CARTESIAN_POINT ( 'NONE',  ( -38.58860451648708079, -12.63458943475473362, 0.000000000000000000 ) ) ;
#3722 = DIRECTION ( 'NONE',  ( -0.5877852522924876810, 0.8090169943749370152, 0.000000000000000000 ) ) ;
#3723 = CARTESIAN_POINT ( 'NONE',  ( -40.58972689284099999, -6.071532165918824830E-15, 3.000000000000000000 ) ) ;
#3724 = ORIENTED_EDGE ( 'NONE', *, *, #4129, .T. ) ;
#3725 = AXIS2_PLACEMENT_3D ( 'NONE', #699, #3347, #5452 ) ;
#3726 = AXIS2_PLACEMENT_3D ( 'NONE', #3977, #1412, #3131 ) ;
#3727 = EDGE_LOOP ( 'NONE', ( #3968, #113, #4537, #3546 ) ) ;
#3728 = DIRECTION ( 'NONE',  ( 0.000000000000000000, 0.000000000000000000, -1.000000000000000000 ) ) ;
#3729 = CARTESIAN_POINT ( 'NONE',  ( -37.15235299575998340, 20.82332266662659848, 3.000000000000000000 ) ) ;
#3730 = AXIS2_PLACEMENT_3D ( 'NONE', #90, #2225, #1387 ) ;
#3731 = DIRECTION ( 'NONE',  ( -0.7770242252273724670, -0.6294706930507579790, -0.000000000000000000 ) ) ;
#3732 = VECTOR ( 'NONE', #1688, 1000.000000000000000 ) ;
#3733 = FACE_OUTER_BOUND ( 'NONE', #797, .T. ) ;
#3734 = CARTESIAN_POINT ( 'NONE',  ( 8.564230350490200649, 41.72004384589909876, 0.000000000000000000 ) ) ;
#3735 = CIRCLE ( 'NONE', #1659, 42.59000000000001052 ) ;
#3736 = AXIS2_PLACEMENT_3D ( 'NONE', #558, #3569, #3124 ) ;
#3737 = CIRCLE ( 'NONE', #396, 8.694264425220769255 ) ;
#3738 = ORIENTED_EDGE ( 'NONE', *, *, #1407, .F. ) ;
#3739 = ORIENTED_EDGE ( 'NONE', *, *, #1366, .T. ) ;
#3740 = CIRCLE ( 'NONE', #2562, 42.59000000000001052 ) ;
#3741 = EDGE_LOOP ( 'NONE', ( #5400, #4174, #5509, #1043 ) ) ;
#3742 = DIRECTION ( 'NONE',  ( -0.9989412903386077902, 0.04600324397949896033, -0.000000000000000000 ) ) ;
#3743 = DIRECTION ( 'NONE',  ( -0.000000000000000000, 0.000000000000000000, -1.000000000000000000 ) ) ;
#3744 = ORIENTED_EDGE ( 'NONE', *, *, #2657, .F. ) ;
#3745 = AXIS2_PLACEMENT_3D ( 'NONE', #5152, #3471, #343 ) ;
#3746 = DIRECTION ( 'NONE',  ( 0.000000000000000000, 0.000000000000000000, -1.000000000000000000 ) ) ;
#3747 = ORIENTED_EDGE ( 'NONE', *, *, #2853, .T. ) ;
#3748 = ORIENTED_EDGE ( 'NONE', *, *, #2343, .F. ) ;
#3749 = DIRECTION ( 'NONE',  ( 0.000000000000000000, -0.000000000000000000, -1.000000000000000000 ) ) ;
#3750 = EDGE_CURVE ( 'NONE', #1753, #3089, #1177, .T. ) ;
#3751 = ORIENTED_EDGE ( 'NONE', *, *, #4375, .F. ) ;
#3752 = AXIS2_PLACEMENT_3D ( 'NONE', #3721, #4951, #5034 ) ;
#3753 = CARTESIAN_POINT ( 'NONE',  ( 0.000000000000000000, 0.000000000000000000, 0.000000000000000000 ) ) ;
#3754 = EDGE_CURVE ( 'NONE', #3058, #5047, #1540, .T. ) ;
#3755 = LINE ( 'NONE', #633, #2973 ) ;
#3756 = FACE_OUTER_BOUND ( 'NONE', #678, .T. ) ;
#3757 = DIRECTION ( 'NONE',  ( 1.000000000000000000, 0.000000000000000000, 0.000000000000000000 ) ) ;
#3758 = CARTESIAN_POINT ( 'NONE',  ( 8.564230350490792176, -41.72004384589897796, 0.000000000000000000 ) ) ;
#3759 = DIRECTION ( 'NONE',  ( 0.000000000000000000, 0.000000000000000000, 1.000000000000000000 ) ) ;
#3760 = DIRECTION ( 'NONE',  ( 1.000000000000000000, 0.000000000000000000, 0.000000000000000000 ) ) ;
#3761 = ORIENTED_EDGE ( 'NONE', *, *, #1897, .F. ) ;
#3762 = ORIENTED_EDGE ( 'NONE', *, *, #2267, .F. ) ;
#3763 = DIRECTION ( 'NONE',  ( 0.000000000000000000, -0.000000000000000000, 1.000000000000000000 ) ) ;
#3764 = DIRECTION ( 'NONE',  ( 1.000000000000000000, 0.000000000000000000, 0.000000000000000000 ) ) ;
#3765 = CIRCLE ( 'NONE', #4766, 27.00000000000000000 ) ;
#3766 = VECTOR ( 'NONE', #4987, 1000.000000000000000 ) ;
#3767 = CYLINDRICAL_SURFACE ( 'NONE', #2554, 42.59000000000001052 ) ;
#3768 = DIRECTION ( 'NONE',  ( 0.000000000000000000, 0.000000000000000000, -1.000000000000000000 ) ) ;
#3769 = VERTEX_POINT ( 'NONE', #1096 ) ;
#3770 = ORIENTED_EDGE ( 'NONE', *, *, #44, .T. ) ;
#3771 = CARTESIAN_POINT ( 'NONE',  ( -27.87499999999999645, 2.097207643539875305E-15, 10.00000000000000000 ) ) ;
#3772 = ORIENTED_EDGE ( 'NONE', *, *, #4096, .F. ) ;
#3773 = ADVANCED_FACE ( 'NONE', ( #5052 ), #1119, .F. ) ;
#3774 = VECTOR ( 'NONE', #28, 1000.000000000000000 ) ;
#3775 = VERTEX_POINT ( 'NONE', #3290 ) ;
#3776 = FACE_OUTER_BOUND ( 'NONE', #2990, .T. ) ;
#3777 = AXIS2_PLACEMENT_3D ( 'NONE', #4749, #2971, #761 ) ;
#3778 = EDGE_CURVE ( 'NONE', #556, #1156, #1122, .T. ) ;
#3779 = ORIENTED_EDGE ( 'NONE', *, *, #1026, .T. ) ;
#3780 = LINE ( 'NONE', #897, #3026 ) ;
#3781 = DIRECTION ( 'NONE',  ( 0.9985716658061524198, 0.05342872120054900642, -0.000000000000000000 ) ) ;
#3782 = CARTESIAN_POINT ( 'NONE',  ( 41.00932234579971691, -8.784480569374920833, 0.000000000000000000 ) ) ;
#3783 = ADVANCED_FACE ( 'NONE', ( #667 ), #2446, .F. ) ;
#3784 = CARTESIAN_POINT ( 'NONE',  ( -15.90640717830317818, -37.06703595085611624, 3.000000000000000000 ) ) ;
#3785 = VECTOR ( 'NONE', #2758, 1000.000000000000000 ) ;
#3786 =( NAMED_UNIT ( * ) SI_UNIT ( $, .STERADIAN. ) SOLID_ANGLE_UNIT ( ) );
#3787 = CARTESIAN_POINT ( 'NONE',  ( 12.87499999999998934, -25.98076211353316367, 0.000000000000000000 ) ) ;
#3788 = DIRECTION ( 'NONE',  ( 1.000000000000000000, 0.000000000000000000, 0.000000000000000000 ) ) ;
#3789 = EDGE_CURVE ( 'NONE', #1642, #1904, #4173, .T. ) ;
#3790 = ORIENTED_EDGE ( 'NONE', *, *, #548, .T. ) ;
#3791 = ORIENTED_EDGE ( 'NONE', *, *, #4126, .F. ) ;
#3792 = DIRECTION ( 'NONE',  ( -1.000000000000000000, 0.000000000000000000, 0.000000000000000000 ) ) ;
#3793 = CARTESIAN_POINT ( 'NONE',  ( 4.252355189908948674, 40.25987024618078891, 3.000000000000000000 ) ) ;
#3794 = DIRECTION ( 'NONE',  ( -0.000000000000000000, -0.000000000000000000, -1.000000000000000000 ) ) ;
#3795 = DIRECTION ( 'NONE',  ( -0.9989412903386064579, -0.04600324397952859634, 0.000000000000000000 ) ) ;
#3796 = ORIENTED_EDGE ( 'NONE', *, *, #2285, .F. ) ;
#3797 = DIRECTION ( 'NONE',  ( -0.000000000000000000, -0.000000000000000000, -1.000000000000000000 ) ) ;
#3798 = CARTESIAN_POINT ( 'NONE',  ( 40.55653363200658390, 3.955691804083540042, 0.000000000000000000 ) ) ;
#3799 = VERTEX_POINT ( 'NONE', #2818 ) ;
#3800 = CARTESIAN_POINT ( 'NONE',  ( -32.82325911375652083, -23.94971689001971882, 0.000000000000000000 ) ) ;
#3801 = VERTEX_POINT ( 'NONE', #5078 ) ;
#3802 = CARTESIAN_POINT ( 'NONE',  ( -41.64616578940577085, 4.398584119330301689, 3.000000000000000000 ) ) ;
#3803 = DIRECTION ( 'NONE',  ( -0.000000000000000000, -0.000000000000000000, 1.000000000000000000 ) ) ;
#3804 = ADVANCED_FACE ( 'NONE', ( #300 ), #4089, .F. ) ;
#3805 = AXIS2_PLACEMENT_3D ( 'NONE', #4134, #1555, #1243 ) ;
#3806 = DIRECTION ( 'NONE',  ( 0.000000000000000000, 0.000000000000000000, 1.000000000000000000 ) ) ;
#3807 = CARTESIAN_POINT ( 'NONE',  ( -41.64616578940574243, -4.398584119330291031, 3.000000000000000000 ) ) ;
#3808 = DIRECTION ( 'NONE',  ( 0.000000000000000000, 0.000000000000000000, 1.000000000000000000 ) ) ;
#3809 = EDGE_CURVE ( 'NONE', #5101, #785, #2365, .T. ) ;
#3810 = AXIS2_PLACEMENT_3D ( 'NONE', #69, #3508, #5248 ) ;
#3811 = CARTESIAN_POINT ( 'NONE',  ( -28.10576211353315301, 15.00000000000000355, 10.00000000000000000 ) ) ;
#3812 = VERTEX_POINT ( 'NONE', #251 ) ;
#3813 = VERTEX_POINT ( 'NONE', #1964 ) ;
#3814 = ORIENTED_EDGE ( 'NONE', *, *, #716, .T. ) ;
#3815 = ORIENTED_EDGE ( 'NONE', *, *, #3669, .F. ) ;
#3816 = VECTOR ( 'NONE', #4348, 1000.000000000000000 ) ;
#3817 = CARTESIAN_POINT ( 'NONE',  ( 21.27125075188002157, -36.12149989430897534, 3.000000000000000000 ) ) ;
#3818 = DIRECTION ( 'NONE',  ( -0.9648138802460276553, 0.2629337872632644957, -0.000000000000000000 ) ) ;
#3819 = DIRECTION ( 'NONE',  ( -9.976252107910544082E-16, -1.000000000000000000, 0.000000000000000000 ) ) ;
#3820 = DIRECTION ( 'NONE',  ( -1.000000000000000000, 0.000000000000000000, 0.000000000000000000 ) ) ;
#3821 = EDGE_CURVE ( 'NONE', #2897, #4154, #2557, .T. ) ;
#3822 = ORIENTED_EDGE ( 'NONE', *, *, #3675, .T. ) ;
#3823 = DIRECTION ( 'NONE',  ( 0.000000000000000000, 0.000000000000000000, -1.000000000000000000 ) ) ;
#3824 = AXIS2_PLACEMENT_3D ( 'NONE', #1908, #2706, #5250 ) ;
#3825 = AXIS2_PLACEMENT_3D ( 'NONE', #3909, #1285, #4677 ) ;
#3826 = CIRCLE ( 'NONE', #4553, 8.694264425220762149 ) ;
#3827 = CIRCLE ( 'NONE', #5294, 8.694264425220762149 ) ;
#3828 = LINE ( 'NONE', #1317, #1040 ) ;
#3829 = CIRCLE ( 'NONE', #5012, 4.005000000000001670 ) ;
#3830 = VERTEX_POINT ( 'NONE', #4993 ) ;
#3831 = LINE ( 'NONE', #3404, #1206 ) ;
#3832 = VERTEX_POINT ( 'NONE', #4568 ) ;
#3833 = CIRCLE ( 'NONE', #2476, 8.694264425220769255 ) ;
#3834 = DIRECTION ( 'NONE',  ( -0.000000000000000000, -0.000000000000000000, -1.000000000000000000 ) ) ;
#3835 = DIRECTION ( 'NONE',  ( 0.000000000000000000, 0.000000000000000000, 1.000000000000000000 ) ) ;
#3836 = CARTESIAN_POINT ( 'NONE',  ( 39.19645102772892642, 12.54291540692518936, 0.000000000000000000 ) ) ;
#3837 = ORIENTED_EDGE ( 'NONE', *, *, #545, .T. ) ;
#3838 = EDGE_CURVE ( 'NONE', #3799, #2139, #694, .T. ) ;
#3839 = DIRECTION ( 'NONE',  ( 0.000000000000000000, 0.000000000000000000, 1.000000000000000000 ) ) ;
#3840 = ORIENTED_EDGE ( 'NONE', *, *, #4147, .F. ) ;
#3841 = DIRECTION ( 'NONE',  ( -0.000000000000000000, -0.000000000000000000, -1.000000000000000000 ) ) ;
#3842 = DIRECTION ( 'NONE',  ( 1.000000000000000000, 0.000000000000000000, 0.000000000000000000 ) ) ;
#3843 = CARTESIAN_POINT ( 'NONE',  ( 39.13979336264473829, -12.71728977000957528, 3.000000000000000000 ) ) ;
#3844 = ORIENTED_EDGE ( 'NONE', *, *, #5310, .T. ) ;
#3845 = EDGE_LOOP ( 'NONE', ( #5215, #3706, #2223, #1378 ) ) ;
#3846 = ADVANCED_FACE ( 'NONE', ( #5133 ), #3421, .T. ) ;
#3847 = ORIENTED_EDGE ( 'NONE', *, *, #3838, .F. ) ;
#3848 = ORIENTED_EDGE ( 'NONE', *, *, #3188, .T. ) ;
#3849 = DIRECTION ( 'NONE',  ( 1.000000000000000000, 1.237055261380907498E-14, 0.000000000000000000 ) ) ;
#3850 = DIRECTION ( 'NONE',  ( 1.047656031839925206E-14, -1.000000000000000000, 0.000000000000000000 ) ) ;
#3851 = LINE ( 'NONE', #1707, #1580 ) ;
#3852 = DIRECTION ( 'NONE',  ( 0.000000000000000000, 0.000000000000000000, -1.000000000000000000 ) ) ;
#3853 = EDGE_LOOP ( 'NONE', ( #4141, #4708, #2315, #273 ) ) ;
#3854 = DIRECTION ( 'NONE',  ( 1.000000000000000000, 0.000000000000000000, 0.000000000000000000 ) ) ;
#3855 = EDGE_CURVE ( 'NONE', #4170, #1592, #4285, .T. ) ;
#3856 = AXIS2_PLACEMENT_3D ( 'NONE', #4536, #668, #2394 ) ;
#3857 = FACE_OUTER_BOUND ( 'NONE', #1561, .T. ) ;
#3858 = ORIENTED_EDGE ( 'NONE', *, *, #2712, .T. ) ;
#3859 = DIRECTION ( 'NONE',  ( -0.000000000000000000, 0.000000000000000000, -1.000000000000000000 ) ) ;
#3860 = CIRCLE ( 'NONE', #1438, 8.694264425220771031 ) ;
#3861 = VERTEX_POINT ( 'NONE', #2579 ) ;
#3862 = AXIS2_PLACEMENT_3D ( 'NONE', #4663, #2602, #5577 ) ;
#3863 = DIRECTION ( 'NONE',  ( -1.000000000000000000, 0.000000000000000000, 0.000000000000000000 ) ) ;
#3864 = LINE ( 'NONE', #1664, #5095 ) ;
#3865 = DIRECTION ( 'NONE',  ( -0.000000000000000000, 0.000000000000000000, 1.000000000000000000 ) ) ;
#3866 = CIRCLE ( 'NONE', #3237, 42.59000000000001052 ) ;
#3867 = CIRCLE ( 'NONE', #5502, 4.005000000000001670 ) ;
#3868 = LINE ( 'NONE', #5601, #5361 ) ;
#3869 = DIRECTION ( 'NONE',  ( 0.000000000000000000, 0.000000000000000000, 1.000000000000000000 ) ) ;
#3870 = DIRECTION ( 'NONE',  ( 0.000000000000000000, 0.000000000000000000, 1.000000000000000000 ) ) ;
#3871 = EDGE_CURVE ( 'NONE', #5013, #4363, #827, .T. ) ;
#3872 = CARTESIAN_POINT ( 'NONE',  ( 41.77658695461942528, -8.284013666280579002, 0.000000000000000000 ) ) ;
#3873 = EDGE_LOOP ( 'NONE', ( #3883, #1919, #4200, #861 ) ) ;
#3874 = VERTEX_POINT ( 'NONE', #1708 ) ;
#3875 = CYLINDRICAL_SURFACE ( 'NONE', #4590, 42.59000000000001052 ) ;
#3876 = DIRECTION ( 'NONE',  ( -0.000000000000000000, 0.000000000000000000, -1.000000000000000000 ) ) ;
#3877 = CARTESIAN_POINT ( 'NONE',  ( 35.19267991137068918, 20.46393609590061757, 3.000000000000000000 ) ) ;
#3878 = CARTESIAN_POINT ( 'NONE',  ( -36.18304898080749865, 21.08415842533809581, 3.000000000000000000 ) ) ;
#3879 = ORIENTED_EDGE ( 'NONE', *, *, #3265, .F. ) ;
#3880 = FACE_OUTER_BOUND ( 'NONE', #3215, .T. ) ;
#3881 = ADVANCED_FACE ( 'NONE', ( #2496 ), #5190, .T. ) ;
#3882 = DIRECTION ( 'NONE',  ( 0.3090169943749445647, 0.9510565162951545304, 0.000000000000000000 ) ) ;
#3883 = ORIENTED_EDGE ( 'NONE', *, *, #5517, .T. ) ;
#3884 = DIRECTION ( 'NONE',  ( -0.000000000000000000, -0.000000000000000000, -1.000000000000000000 ) ) ;
#3885 = CARTESIAN_POINT ( 'NONE',  ( 33.30881660225507090, 24.09804858293381002, 0.000000000000000000 ) ) ;
#3886 = EDGE_CURVE ( 'NONE', #218, #4902, #1732, .T. ) ;
#3887 = ORIENTED_EDGE ( 'NONE', *, *, #654, .T. ) ;
#3888 = CARTESIAN_POINT ( 'NONE',  ( 0.000000000000000000, 0.000000000000000000, 3.000000000000000000 ) ) ;
#3889 = LINE ( 'NONE', #2970, #3556 ) ;
#3890 = CARTESIAN_POINT ( 'NONE',  ( 38.74107973018853102, -17.69284718012271185, 0.000000000000000000 ) ) ;
#3891 = EDGE_CURVE ( 'NONE', #1174, #2050, #2070, .T. ) ;
#3892 = ORIENTED_EDGE ( 'NONE', *, *, #3974, .F. ) ;
#3893 = FACE_OUTER_BOUND ( 'NONE', #1701, .T. ) ;
#3894 = CARTESIAN_POINT ( 'NONE',  ( -20.50176531472157393, 37.33076102867553914, 3.000000000000000000 ) ) ;
#3895 = LINE ( 'NONE', #875, #1136 ) ;
#3896 = LINE ( 'NONE', #3811, #3774 ) ;
#3897 = ORIENTED_EDGE ( 'NONE', *, *, #2718, .F. ) ;
#3898 = EDGE_LOOP ( 'NONE', ( #2428, #2771, #3688, #162 ) ) ;
#3899 = ORIENTED_EDGE ( 'NONE', *, *, #4386, .T. ) ;
#3900 = ORIENTED_EDGE ( 'NONE', *, *, #2321, .F. ) ;
#3901 = CARTESIAN_POINT ( 'NONE',  ( -29.73402888154507551, 1.292894609556130225, 3.000000000000000000 ) ) ;
#3902 = DIRECTION ( 'NONE',  ( -0.3090169943749381254, -0.9510565162951565288, 0.000000000000000000 ) ) ;
#3903 = VECTOR ( 'NONE', #3653, 999.9999999999998863 ) ;
#3904 = FACE_OUTER_BOUND ( 'NONE', #2891, .T. ) ;
#3905 = DIRECTION ( 'NONE',  ( -3.391925716689587670E-15, 1.000000000000000000, 0.000000000000000000 ) ) ;
#3906 = ORIENTED_EDGE ( 'NONE', *, *, #2644, .T. ) ;
#3907 = DIRECTION ( 'NONE',  ( 1.000000000000000000, 0.000000000000000000, 0.000000000000000000 ) ) ;
#3908 = AXIS2_PLACEMENT_3D ( 'NONE', #2479, #2908, #4653 ) ;
#3909 = CARTESIAN_POINT ( 'NONE',  ( -15.00000000000001066, -25.98076211353315301, 3.490000000000000213 ) ) ;
#3910 = ORIENTED_EDGE ( 'NONE', *, *, #1742, .F. ) ;
#3911 = CARTESIAN_POINT ( 'NONE',  ( -34.59935313971915605, -20.46393609590036178, 3.000000000000000000 ) ) ;
#3912 = LINE ( 'NONE', #385, #493 ) ;
#3913 = VECTOR ( 'NONE', #3493, 1000.000000000000000 ) ;
#3914 = VECTOR ( 'NONE', #1493, 1000.000000000000000 ) ;
#3915 = CIRCLE ( 'NONE', #676, 4.005000000000004334 ) ;
#3916 = VECTOR ( 'NONE', #4651, 1000.000000000000000 ) ;
#3917 = EDGE_CURVE ( 'NONE', #1308, #2952, #5548, .T. ) ;
#3918 = EDGE_CURVE ( 'NONE', #4376, #2215, #1281, .T. ) ;
#3919 = EDGE_LOOP ( 'NONE', ( #3926, #2004, #2422, #4596 ) ) ;
#3920 = DIRECTION ( 'NONE',  ( -1.000000000000000000, 0.000000000000000000, 0.000000000000000000 ) ) ;
#3921 = CARTESIAN_POINT ( 'NONE',  ( 0.000000000000000000, 0.000000000000000000, 3.000000000000000000 ) ) ;
#3922 = CARTESIAN_POINT ( 'NONE',  ( 27.00000000000000000, 3.306546357697853733E-15, 3.490000000000000213 ) ) ;
#3923 = VECTOR ( 'NONE', #2976, 1000.000000000000000 ) ;
#3924 = AXIS2_PLACEMENT_3D ( 'NONE', #4249, #3396, #3937 ) ;
#3925 = EDGE_CURVE ( 'NONE', #2606, #517, #1401, .T. ) ;
#3926 = ORIENTED_EDGE ( 'NONE', *, *, #3778, .F. ) ;
#3927 = DIRECTION ( 'NONE',  ( -0.000000000000000000, -0.000000000000000000, -1.000000000000000000 ) ) ;
#3928 = CARTESIAN_POINT ( 'NONE',  ( 0.000000000000000000, 0.000000000000000000, 3.000000000000000000 ) ) ;
#3929 = CARTESIAN_POINT ( 'NONE',  ( -27.00000000000000000, 0.000000000000000000, 0.000000000000000000 ) ) ;
#3930 = VECTOR ( 'NONE', #3763, 1000.000000000000000 ) ;
#3931 = ORIENTED_EDGE ( 'NONE', *, *, #981, .T. ) ;
#3932 = EDGE_LOOP ( 'NONE', ( #2161, #74, #5403, #3115 ) ) ;
#3933 = VERTEX_POINT ( 'NONE', #3368 ) ;
#3934 = DIRECTION ( 'NONE',  ( 1.000000000000000000, 0.000000000000000000, 0.000000000000000000 ) ) ;
#3935 = PLANE ( 'NONE',  #3810 ) ;
#3936 = VECTOR ( 'NONE', #4076, 1000.000000000000114 ) ;
#3937 = DIRECTION ( 'NONE',  ( -1.000000000000000000, 0.000000000000000000, 0.000000000000000000 ) ) ;
#3938 = FACE_BOUND ( 'NONE', #3534, .T. ) ;
#3939 = VERTEX_POINT ( 'NONE', #3448 ) ;
#3940 = EDGE_CURVE ( 'NONE', #756, #301, #4739, .T. ) ;
#3941 = DIRECTION ( 'NONE',  ( -0.000000000000000000, -0.000000000000000000, 1.000000000000000000 ) ) ;
#3942 = VERTEX_POINT ( 'NONE', #2985 ) ;
#3943 = ORIENTED_EDGE ( 'NONE', *, *, #4933, .T. ) ;
#3944 = VERTEX_POINT ( 'NONE', #3878 ) ;
#3945 = DIRECTION ( 'NONE',  ( 0.000000000000000000, 0.000000000000000000, -1.000000000000000000 ) ) ;
#3946 = CARTESIAN_POINT ( 'NONE',  ( -38.58860451648724421, 12.63458943475418295, 3.000000000000000000 ) ) ;
#3947 = EDGE_CURVE ( 'NONE', #3832, #4516, #230, .T. ) ;
#3948 = ORIENTED_EDGE ( 'NONE', *, *, #4964, .T. ) ;
#3949 = EDGE_CURVE ( 'NONE', #301, #4895, #4734, .T. ) ;
#3950 = EDGE_CURVE ( 'NONE', #2802, #2820, #1128, .T. ) ;
#3951 = ORIENTED_EDGE ( 'NONE', *, *, #1685, .T. ) ;
#3952 = DIRECTION ( 'NONE',  ( 0.000000000000000000, 0.000000000000000000, 1.000000000000000000 ) ) ;
#3953 = CIRCLE ( 'NONE', #4413, 8.694264425220769255 ) ;
#3954 = DIRECTION ( 'NONE',  ( 0.000000000000000000, 0.000000000000000000, 1.000000000000000000 ) ) ;
#3955 = CARTESIAN_POINT ( 'NONE',  ( -19.73075383944927452, 33.07778457408781492, 0.000000000000000000 ) ) ;
#3956 = EDGE_CURVE ( 'NONE', #2491, #574, #3737, .T. ) ;
#3957 = EDGE_CURVE ( 'NONE', #1006, #3416, #3826, .T. ) ;
#3958 = AXIS2_PLACEMENT_3D ( 'NONE', #3474, #345, #1641 ) ;
#3959 = ORIENTED_EDGE ( 'NONE', *, *, #4484, .F. ) ;
#3960 = CYLINDRICAL_SURFACE ( 'NONE', #5394, 8.694264425220769255 ) ;
#3961 = DIRECTION ( 'NONE',  ( 0.9364371775568758327, 0.3508353067884020238, -0.000000000000000000 ) ) ;
#3962 = DIRECTION ( 'NONE',  ( 0.000000000000000000, 0.000000000000000000, 1.000000000000000000 ) ) ;
#3963 = AXIS2_PLACEMENT_3D ( 'NONE', #3802, #3409, #839 ) ;
#3964 = SHAPE_DEFINITION_REPRESENTATION ( #5121, #607 ) ;
#3965 = EDGE_CURVE ( 'NONE', #5101, #2473, #2105, .T. ) ;
#3966 = ORIENTED_EDGE ( 'NONE', *, *, #402, .F. ) ;
#3967 = VERTEX_POINT ( 'NONE', #38 ) ;
#3968 = ORIENTED_EDGE ( 'NONE', *, *, #1418, .F. ) ;
#3969 = DIRECTION ( 'NONE',  ( 0.000000000000000000, 0.000000000000000000, 1.000000000000000000 ) ) ;
#3970 = DIRECTION ( 'NONE',  ( 0.000000000000000000, 0.000000000000000000, 1.000000000000000000 ) ) ;
#3971 = DIRECTION ( 'NONE',  ( -0.000000000000000000, 0.000000000000000000, 1.000000000000000000 ) ) ;
#3972 = FACE_OUTER_BOUND ( 'NONE', #4047, .T. ) ;
#3973 = DIRECTION ( 'NONE',  ( 0.000000000000000000, 0.000000000000000000, -1.000000000000000000 ) ) ;
#3974 = EDGE_CURVE ( 'NONE', #3256, #2139, #1848, .T. ) ;
#3975 = VERTEX_POINT ( 'NONE', #409 ) ;
#3976 = ORIENTED_EDGE ( 'NONE', *, *, #740, .F. ) ;
#3977 = CARTESIAN_POINT ( 'NONE',  ( 0.000000000000000000, 0.000000000000000000, 3.490000000000000213 ) ) ;
#3978 = DIRECTION ( 'NONE',  ( -0.000000000000000000, -0.000000000000000000, -1.000000000000000000 ) ) ;
#3979 = ORIENTED_EDGE ( 'NONE', *, *, #1363, .T. ) ;
#3980 = ORIENTED_EDGE ( 'NONE', *, *, #4779, .F. ) ;
#3981 = ADVANCED_FACE ( 'NONE', ( #3938, #71, #618, #4369, #3601, #948, #5342, #1483, #586, #1406, #1878, #2309, #3126, #560 ), #4853, .F. ) ;
#3982 = ORIENTED_EDGE ( 'NONE', *, *, #1604, .F. ) ;
#3983 = ORIENTED_EDGE ( 'NONE', *, *, #4785, .F. ) ;
#3984 = DIRECTION ( 'NONE',  ( 1.000000000000000000, 0.000000000000000000, 0.000000000000000000 ) ) ;
#3985 = LINE ( 'NONE', #3110, #4012 ) ;
#3986 = CARTESIAN_POINT ( 'NONE',  ( 0.000000000000000000, 0.000000000000000000, 3.000000000000000000 ) ) ;
#3987 = VECTOR ( 'NONE', #2892, 1000.000000000000000 ) ;
#3988 = ORIENTED_EDGE ( 'NONE', *, *, #5588, .T. ) ;
#3989 = LINE ( 'NONE', #907, #1553 ) ;
#3990 = CARTESIAN_POINT ( 'NONE',  ( 31.42062151281991333, 28.75156767461765739, 0.000000000000000000 ) ) ;
#3991 = CARTESIAN_POINT ( 'NONE',  ( 33.37444795991373780, 24.03241722527500457, 0.000000000000000000 ) ) ;
#3992 = DIRECTION ( 'NONE',  ( 0.000000000000000000, 0.000000000000000000, 1.000000000000000000 ) ) ;
#3993 = ORIENTED_EDGE ( 'NONE', *, *, #5079, .F. ) ;
#3994 = ORIENTED_EDGE ( 'NONE', *, *, #1917, .F. ) ;
#3995 = LINE ( 'NONE', #4030, #1808 ) ;
#3996 = EDGE_CURVE ( 'NONE', #1804, #1861, #147, .T. ) ;
#3997 = DIRECTION ( 'NONE',  ( -1.000000000000000000, 0.000000000000000000, 0.000000000000000000 ) ) ;
#3998 = DIRECTION ( 'NONE',  ( 1.000000000000000000, 0.000000000000000000, 0.000000000000000000 ) ) ;
#3999 = DIRECTION ( 'NONE',  ( 0.9990559968703950355, -0.04344093826451345813, 0.000000000000000000 ) ) ;
#4000 = AXIS2_PLACEMENT_3D ( 'NONE', #1328, #1023, #3060 ) ;
#4001 = CARTESIAN_POINT ( 'NONE',  ( 27.16104326975284522, -30.24582191543587584, 0.000000000000000000 ) ) ;
#4002 = AXIS2_PLACEMENT_3D ( 'NONE', #4430, #1850, #4480 ) ;
#4003 = ORIENTED_EDGE ( 'NONE', *, *, #4556, .F. ) ;
#4004 = VERTEX_POINT ( 'NONE', #1852 ) ;
#4005 = ADVANCED_FACE ( 'NONE', ( #3571 ), #1791, .F. ) ;
#4006 = LINE ( 'NONE', #957, #939 ) ;
#4007 = DIRECTION ( 'NONE',  ( 0.000000000000000000, 0.000000000000000000, 1.000000000000000000 ) ) ;
#4008 = VERTEX_POINT ( 'NONE', #4034 ) ;
#4009 = CIRCLE ( 'NONE', #584, 8.694264425220771031 ) ;
#4010 = AXIS2_PLACEMENT_3D ( 'NONE', #5023, #4967, #5419 ) ;
#4011 = ORIENTED_EDGE ( 'NONE', *, *, #1086, .F. ) ;
#4012 = VECTOR ( 'NONE', #572, 1000.000000000000000 ) ;
#4013 = VECTOR ( 'NONE', #3859, 1000.000000000000000 ) ;
#4014 = LINE ( 'NONE', #1834, #5453 ) ;
#4015 = ORIENTED_EDGE ( 'NONE', *, *, #20, .F. ) ;
#4016 = DIRECTION ( 'NONE',  ( 0.000000000000000000, -0.000000000000000000, 1.000000000000000000 ) ) ;
#4017 = ORIENTED_EDGE ( 'NONE', *, *, #127, .F. ) ;
#4018 = AXIS2_PLACEMENT_3D ( 'NONE', #1558, #1142, #1170 ) ;
#4019 = VECTOR ( 'NONE', #800, 1000.000000000000000 ) ;
#4020 = AXIS2_PLACEMENT_3D ( 'NONE', #4761, #1648, #3483 ) ;
#4021 = VECTOR ( 'NONE', #48, 1000.000000000000114 ) ;
#4022 = ORIENTED_EDGE ( 'NONE', *, *, #2668, .T. ) ;
#4023 = DIRECTION ( 'NONE',  ( -0.000000000000000000, -0.000000000000000000, -1.000000000000000000 ) ) ;
#4024 = LINE ( 'NONE', #4876, #1250 ) ;
#4025 = PLANE ( 'NONE',  #500 ) ;
#4026 = AXIS2_PLACEMENT_3D ( 'NONE', #2209, #8, #1340 ) ;
#4027 = EDGE_CURVE ( 'NONE', #3392, #3318, #4884, .T. ) ;
#4028 = ORIENTED_EDGE ( 'NONE', *, *, #266, .T. ) ;
#4029 = VERTEX_POINT ( 'NONE', #3510 ) ;
#4030 = CARTESIAN_POINT ( 'NONE',  ( 42.30279717274500939, -4.937757726093671806, 3.000000000000000000 ) ) ;
#4031 = FACE_BOUND ( 'NONE', #63, .T. ) ;
#4032 = ADVANCED_FACE ( 'NONE', ( #979 ), #4482, .F. ) ;
#4033 = LINE ( 'NONE', #2357, #4116 ) ;
#4034 = CARTESIAN_POINT ( 'NONE',  ( -31.05746264471039808, -29.14347463965851404, 0.000000000000000000 ) ) ;
#4035 = DIRECTION ( 'NONE',  ( 1.000000000000000000, 0.000000000000000000, 0.000000000000000000 ) ) ;
#4036 = EDGE_CURVE ( 'NONE', #4541, #2715, #3572, .T. ) ;
#4037 = EDGE_LOOP ( 'NONE', ( #1994, #2793 ) ) ;
#4038 = ORIENTED_EDGE ( 'NONE', *, *, #1242, .F. ) ;
#4039 = LINE ( 'NONE', #5366, #1931 ) ;
#4040 = CARTESIAN_POINT ( 'NONE',  ( -38.56881604959896492, -18.06528517716225579, 0.000000000000000000 ) ) ;
#4041 = VERTEX_POINT ( 'NONE', #4454 ) ;
#4042 = ORIENTED_EDGE ( 'NONE', *, *, #1548, .F. ) ;
#4043 = ORIENTED_EDGE ( 'NONE', *, *, #365, .F. ) ;
#4044 = EDGE_CURVE ( 'NONE', #3159, #78, #3833, .T. ) ;
#4045 = ORIENTED_EDGE ( 'NONE', *, *, #4963, .F. ) ;
#4046 = DIRECTION ( 'NONE',  ( -0.000000000000000000, -0.000000000000000000, -1.000000000000000000 ) ) ;
#4047 = EDGE_LOOP ( 'NONE', ( #4017, #1067, #2646, #3815 ) ) ;
#4048 = ORIENTED_EDGE ( 'NONE', *, *, #5447, .T. ) ;
#4049 = AXIS2_PLACEMENT_3D ( 'NONE', #4595, #4122, #1995 ) ;
#4050 = VECTOR ( 'NONE', #1375, 1000.000000000000000 ) ;
#4051 = DIRECTION ( 'NONE',  ( 1.000000000000000000, 0.000000000000000000, 0.000000000000000000 ) ) ;
#4052 = DIRECTION ( 'NONE',  ( 0.000000000000000000, 0.000000000000000000, 1.000000000000000000 ) ) ;
#4053 = CARTESIAN_POINT ( 'NONE',  ( 38.40817702442010528, 16.83113193255856643, 0.000000000000000000 ) ) ;
#4054 = APPLICATION_PROTOCOL_DEFINITION ( 'draft international standard', 'automotive_design', 1998, #419 ) ;
#4055 = VECTOR ( 'NONE', #2869, 999.9999999999998863 ) ;
#4056 = ADVANCED_FACE ( 'NONE', ( #3972 ), #2274, .F. ) ;
#4057 = DIRECTION ( 'NONE',  ( -0.000000000000000000, -0.000000000000000000, 1.000000000000000000 ) ) ;
#4058 = CARTESIAN_POINT ( 'NONE',  ( -41.64616578940577085, 4.398584119330299913, 3.000000000000000000 ) ) ;
#4059 = VERTEX_POINT ( 'NONE', #3095 ) ;
#4060 = CIRCLE ( 'NONE', #630, 34.00000000000000000 ) ;
#4061 = LINE ( 'NONE', #3203, #1762 ) ;
#4062 = CARTESIAN_POINT ( 'NONE',  ( 39.19645102772892642, 12.54291540692518936, 3.000000000000000000 ) ) ;
#4063 = AXIS2_PLACEMENT_3D ( 'NONE', #2544, #5554, #3849 ) ;
#4064 = FACE_OUTER_BOUND ( 'NONE', #5155, .T. ) ;
#4065 = AXIS2_PLACEMENT_3D ( 'NONE', #5054, #2819, #4649 ) ;
#4066 = ORIENTED_EDGE ( 'NONE', *, *, #202, .T. ) ;
#4067 = ORIENTED_EDGE ( 'NONE', *, *, #4954, .T. ) ;
#4068 = DIRECTION ( 'NONE',  ( -0.000000000000000000, -0.000000000000000000, -1.000000000000000000 ) ) ;
#4069 = FACE_OUTER_BOUND ( 'NONE', #510, .T. ) ;
#4070 = EDGE_CURVE ( 'NONE', #3135, #4587, #193, .T. ) ;
#4071 = ORIENTED_EDGE ( 'NONE', *, *, #1627, .T. ) ;
#4072 = VERTEX_POINT ( 'NONE', #4793 ) ;
#4073 = DIRECTION ( 'NONE',  ( 0.000000000000000000, 0.000000000000000000, 1.000000000000000000 ) ) ;
#4074 = ADVANCED_FACE ( 'NONE', ( #917 ), #133, .F. ) ;
#4075 = VERTEX_POINT ( 'NONE', #4400 ) ;
#4076 = DIRECTION ( 'NONE',  ( 0.04344093826451345813, 0.9990559968703950355, -0.000000000000000000 ) ) ;
#4077 = EDGE_CURVE ( 'NONE', #4029, #4086, #527, .T. ) ;
#4078 = CARTESIAN_POINT ( 'NONE',  ( -27.83620412999734128, -31.29407560814120970, 0.000000000000000000 ) ) ;
#4079 = CARTESIAN_POINT ( 'NONE',  ( 14.99999999999966604, 25.98076211353335196, 0.000000000000000000 ) ) ;
#4080 = EDGE_LOOP ( 'NONE', ( #3321, #2645 ) ) ;
#4081 = DIRECTION ( 'NONE',  ( -0.000000000000000000, -0.000000000000000000, -1.000000000000000000 ) ) ;
#4082 = LINE ( 'NONE', #3306, #3903 ) ;
#4083 = CARTESIAN_POINT ( 'NONE',  ( -28.10576211353316012, -14.99999999999999467, 3.490000000000000213 ) ) ;
#4084 = DIRECTION ( 'NONE',  ( -0.000000000000000000, -0.000000000000000000, 1.000000000000000000 ) ) ;
#4085 = CARTESIAN_POINT ( 'NONE',  ( 0.000000000000000000, 0.000000000000000000, 3.000000000000000000 ) ) ;
#4086 = VERTEX_POINT ( 'NONE', #1823 ) ;
#4087 = CARTESIAN_POINT ( 'NONE',  ( -34.58360451648707823, -12.63458943475473362, 0.000000000000000000 ) ) ;
#4088 = CARTESIAN_POINT ( 'NONE',  ( 14.99999999999999112, -25.98076211353316367, 0.000000000000000000 ) ) ;
#4089 = CYLINDRICAL_SURFACE ( 'NONE', #4276, 4.005000000000001670 ) ;
#4090 = DIRECTION ( 'NONE',  ( 1.000000000000000000, 0.000000000000000000, 0.000000000000000000 ) ) ;
#4091 = ORIENTED_EDGE ( 'NONE', *, *, #398, .T. ) ;
#4092 = CIRCLE ( 'NONE', #4811, 42.59000000000001052 ) ;
#4093 = ORIENTED_EDGE ( 'NONE', *, *, #5168, .F. ) ;
#4094 = CARTESIAN_POINT ( 'NONE',  ( -15.00000000000001066, -25.98076211353315301, 0.000000000000000000 ) ) ;
#4095 = AXIS2_PLACEMENT_3D ( 'NONE', #812, #1353, #449 ) ;
#4096 = EDGE_CURVE ( 'NONE', #2345, #3832, #4610, .T. ) ;
#4097 = CIRCLE ( 'NONE', #4373, 4.005000000000005222 ) ;
#4098 = VERTEX_POINT ( 'NONE', #1589 ) ;
#4099 = DIRECTION ( 'NONE',  ( -0.000000000000000000, -0.000000000000000000, 1.000000000000000000 ) ) ;
#4100 = AXIS2_PLACEMENT_3D ( 'NONE', #4859, #644, #3576 ) ;
#4101 = AXIS2_PLACEMENT_3D ( 'NONE', #4218, #2086, #4635 ) ;
#4102 = CARTESIAN_POINT ( 'NONE',  ( -39.96320686035490155, -3.955691804083540042, 0.000000000000000000 ) ) ;
#4103 = CARTESIAN_POINT ( 'NONE',  ( 24.39471196875951620, -33.01215321642932565, 0.000000000000000000 ) ) ;
#4104 = VECTOR ( 'NONE', #1268, 999.9999999999998863 ) ;
#4105 = VECTOR ( 'NONE', #4310, 1000.000000000000000 ) ;
#4106 = EDGE_CURVE ( 'NONE', #174, #30, #5302, .T. ) ;
#4107 = VECTOR ( 'NONE', #5381, 1000.000000000000000 ) ;
#4108 = ORIENTED_EDGE ( 'NONE', *, *, #43, .T. ) ;
#4109 = DIRECTION ( 'NONE',  ( -0.000000000000000000, 0.000000000000000000, 1.000000000000000000 ) ) ;
#4110 = LINE ( 'NONE', #2866, #1476 ) ;
#4111 = DIRECTION ( 'NONE',  ( 0.000000000000000000, 0.000000000000000000, -1.000000000000000000 ) ) ;
#4112 = DIRECTION ( 'NONE',  ( -0.000000000000000000, -0.000000000000000000, -1.000000000000000000 ) ) ;
#4113 = CARTESIAN_POINT ( 'NONE',  ( -38.56881604959895782, -18.06528517716225224, 3.000000000000000000 ) ) ;
#4114 = ADVANCED_FACE ( 'NONE', ( #3678 ), #2358, .F. ) ;
#4115 = VECTOR ( 'NONE', #3869, 1000.000000000000000 ) ;
#4116 = VECTOR ( 'NONE', #104, 1000.000000000000000 ) ;
#4117 = EDGE_LOOP ( 'NONE', ( #350, #1815, #336, #4716 ) ) ;
#4118 = DIRECTION ( 'NONE',  ( -0.000000000000000000, -0.000000000000000000, 1.000000000000000000 ) ) ;
#4119 = CARTESIAN_POINT ( 'NONE',  ( -37.15235299575964945, -20.82332266662719533, 3.000000000000000000 ) ) ;
#4120 = DIRECTION ( 'NONE',  ( -0.000000000000000000, -0.000000000000000000, 1.000000000000000000 ) ) ;
#4121 = VERTEX_POINT ( 'NONE', #2438 ) ;
#4122 = DIRECTION ( 'NONE',  ( 0.000000000000000000, 0.000000000000000000, -1.000000000000000000 ) ) ;
#4123 = VERTEX_POINT ( 'NONE', #1064 ) ;
#4124 = ORIENTED_EDGE ( 'NONE', *, *, #5484, .F. ) ;
#4125 = CYLINDRICAL_SURFACE ( 'NONE', #3548, 27.00000000000000000 ) ;
#4126 = EDGE_CURVE ( 'NONE', #3437, #2398, #683, .T. ) ;
#4127 = ORIENTED_EDGE ( 'NONE', *, *, #3594, .F. ) ;
#4128 = ADVANCED_FACE ( 'NONE', ( #736 ), #2038, .F. ) ;
#4129 = EDGE_CURVE ( 'NONE', #2954, #5602, #1044, .T. ) ;
#4130 = FACE_OUTER_BOUND ( 'NONE', #4390, .T. ) ;
#4131 = DIRECTION ( 'NONE',  ( -1.000000000000000000, 0.000000000000000000, 0.000000000000000000 ) ) ;
#4132 = DIRECTION ( 'NONE',  ( -0.3090169943749205284, -0.9510565162951623019, 0.000000000000000000 ) ) ;
#4133 = ORIENTED_EDGE ( 'NONE', *, *, #3974, .T. ) ;
#4134 = CARTESIAN_POINT ( 'NONE',  ( 0.000000000000000000, 0.000000000000000000, 3.000000000000000000 ) ) ;
#4135 = CYLINDRICAL_SURFACE ( 'NONE', #4543, 2.125000000000001776 ) ;
#4136 = CARTESIAN_POINT ( 'NONE',  ( 13.01395315583583212, -38.84312997681875146, 0.000000000000000000 ) ) ;
#4137 = DIRECTION ( 'NONE',  ( -1.000000000000000000, 0.000000000000000000, 0.000000000000000000 ) ) ;
#4138 = EDGE_CURVE ( 'NONE', #940, #4075, #3735, .T. ) ;
#4139 = LINE ( 'NONE', #2918, #4224 ) ;
#4140 = AXIS2_PLACEMENT_3D ( 'NONE', #4343, #468, #3907 ) ;
#4141 = ORIENTED_EDGE ( 'NONE', *, *, #3205, .F. ) ;
#4142 = ORIENTED_EDGE ( 'NONE', *, *, #2237, .T. ) ;
#4143 = VECTOR ( 'NONE', #2384, 1000.000000000000000 ) ;
#4144 = CARTESIAN_POINT ( 'NONE',  ( -38.58860451648724421, 12.63458943475418295, 0.000000000000000000 ) ) ;
#4145 = FACE_OUTER_BOUND ( 'NONE', #1774, .T. ) ;
#4146 = CARTESIAN_POINT ( 'NONE',  ( 23.85576211353298248, 15.00000000000030376, 10.00000000000000000 ) ) ;
#4147 = EDGE_CURVE ( 'NONE', #1180, #4154, #4583, .T. ) ;
#4148 = EDGE_LOOP ( 'NONE', ( #1511, #3770, #3715, #3337 ) ) ;
#4149 = DIRECTION ( 'NONE',  ( 0.000000000000000000, 0.000000000000000000, 1.000000000000000000 ) ) ;
#4150 = EDGE_LOOP ( 'NONE', ( #3751, #3185, #5458, #2121 ) ) ;
#4151 = AXIS2_PLACEMENT_3D ( 'NONE', #287, #4551, #682 ) ;
#4152 = ORIENTED_EDGE ( 'NONE', *, *, #1989, .F. ) ;
#4153 = LINE ( 'NONE', #729, #752 ) ;
#4154 = VERTEX_POINT ( 'NONE', #1111 ) ;
#4155 = DIRECTION ( 'NONE',  ( 0.000000000000000000, -0.000000000000000000, 1.000000000000000000 ) ) ;
#4156 = DIRECTION ( 'NONE',  ( -0.000000000000000000, -0.000000000000000000, 1.000000000000000000 ) ) ;
#4157 = DIRECTION ( 'NONE',  ( 0.000000000000000000, 0.000000000000000000, 1.000000000000000000 ) ) ;
#4158 = EDGE_LOOP ( 'NONE', ( #1398, #1703, #4664, #2206 ) ) ;
#4159 = EDGE_CURVE ( 'NONE', #574, #2213, #215, .T. ) ;
#4160 = ADVANCED_FACE ( 'NONE', ( #3204 ), #3279, .T. ) ;
#4161 = DIRECTION ( 'NONE',  ( 0.000000000000000000, 0.000000000000000000, 1.000000000000000000 ) ) ;
#4162 = DIRECTION ( 'NONE',  ( -0.000000000000000000, -0.000000000000000000, -1.000000000000000000 ) ) ;
#4163 = CARTESIAN_POINT ( 'NONE',  ( 36.33288492289322846, 20.94598947935135413, 0.000000000000000000 ) ) ;
#4164 = DIRECTION ( 'NONE',  ( 0.000000000000000000, 0.000000000000000000, 1.000000000000000000 ) ) ;
#4165 = ORIENTED_EDGE ( 'NONE', *, *, #982, .F. ) ;
#4166 = CARTESIAN_POINT ( 'NONE',  ( -26.56771649810138669, 30.24582191543568044, 0.000000000000000000 ) ) ;
#4167 = EDGE_CURVE ( 'NONE', #3121, #4207, #4506, .T. ) ;
#4168 = VERTEX_POINT ( 'NONE', #2009 ) ;
#4169 = ADVANCED_FACE ( 'NONE', ( #3733 ), #640, .T. ) ;
#4170 = VERTEX_POINT ( 'NONE', #5472 ) ;
#4171 = LINE ( 'NONE', #4966, #1610 ) ;
#4172 = DIRECTION ( 'NONE',  ( 1.000000000000000000, 0.000000000000000000, 0.000000000000000000 ) ) ;
#4173 = LINE ( 'NONE', #2847, #4383 ) ;
#4174 = ORIENTED_EDGE ( 'NONE', *, *, #3584, .F. ) ;
#4175 = CARTESIAN_POINT ( 'NONE',  ( 13.01395315583526013, 38.84312997681895041, 0.000000000000000000 ) ) ;
#4176 = ORIENTED_EDGE ( 'NONE', *, *, #1997, .F. ) ;
#4177 = EDGE_CURVE ( 'NONE', #941, #3121, #3281, .T. ) ;
#4178 = ORIENTED_EDGE ( 'NONE', *, *, #359, .T. ) ;
#4179 = FACE_OUTER_BOUND ( 'NONE', #488, .T. ) ;
#4180 = AXIS2_PLACEMENT_3D ( 'NONE', #4808, #4023, #2231 ) ;
#4181 = ORIENTED_EDGE ( 'NONE', *, *, #2506, .T. ) ;
#4182 = AXIS2_PLACEMENT_3D ( 'NONE', #638, #5358, #2833 ) ;
#4183 = FACE_OUTER_BOUND ( 'NONE', #1885, .T. ) ;
#4184 = CARTESIAN_POINT ( 'NONE',  ( -31.05746264471077822, 29.14347463965810903, 3.000000000000000000 ) ) ;
#4185 = DIRECTION ( 'NONE',  ( -0.000000000000000000, -0.000000000000000000, 1.000000000000000000 ) ) ;
#4186 = ORIENTED_EDGE ( 'NONE', *, *, #1189, .T. ) ;
#4187 = CIRCLE ( 'NONE', #837, 2.125000000000000000 ) ;
#4188 = CIRCLE ( 'NONE', #29, 4.005000000000006111 ) ;
#4189 = DIRECTION ( 'NONE',  ( 0.3090169943749581649, -0.9510565162951499785, 0.000000000000000000 ) ) ;
#4190 = AXIS2_PLACEMENT_3D ( 'NONE', #863, #2962, #5565 ) ;
#4191 = FACE_OUTER_BOUND ( 'NONE', #3845, .T. ) ;
#4192 = VECTOR ( 'NONE', #1913, 1000.000000000000227 ) ;
#4193 = DIRECTION ( 'NONE',  ( -0.000000000000000000, -0.000000000000000000, 1.000000000000000000 ) ) ;
#4194 = ADVANCED_FACE ( 'NONE', ( #2812 ), #4528, .F. ) ;
#4195 = LINE ( 'NONE', #1192, #885 ) ;
#4196 = VECTOR ( 'NONE', #715, 1000.000000000000000 ) ;
#4197 = AXIS2_PLACEMENT_3D ( 'NONE', #360, #442, #2525 ) ;
#4198 = ORIENTED_EDGE ( 'NONE', *, *, #3143, .T. ) ;
#4199 = ORIENTED_EDGE ( 'NONE', *, *, #2049, .T. ) ;
#4200 = ORIENTED_EDGE ( 'NONE', *, *, #4840, .F. ) ;
#4201 = FACE_OUTER_BOUND ( 'NONE', #72, .T. ) ;
#4202 = CARTESIAN_POINT ( 'NONE',  ( -15.00000000000002842, 25.98076211353313525, 0.000000000000000000 ) ) ;
#4203 = ADVANCED_FACE ( 'NONE', ( #2410 ), #1957, .F. ) ;
#4204 = ORIENTED_EDGE ( 'NONE', *, *, #3778, .T. ) ;
#4205 = CARTESIAN_POINT ( 'NONE',  ( 41.16853392490268959, 0.09167402782986476539, 3.000000000000000000 ) ) ;
#4206 = EDGE_CURVE ( 'NONE', #1537, #4535, #1986, .T. ) ;
#4207 = VERTEX_POINT ( 'NONE', #5576 ) ;
#4208 = LINE ( 'NONE', #307, #1837 ) ;
#4209 = EDGE_CURVE ( 'NONE', #2313, #140, #2386, .T. ) ;
#4210 = VERTEX_POINT ( 'NONE', #397 ) ;
#4211 = EDGE_CURVE ( 'NONE', #2096, #2420, #4549, .T. ) ;
#4212 = FACE_OUTER_BOUND ( 'NONE', #4789, .T. ) ;
#4213 = CYLINDRICAL_SURFACE ( 'NONE', #3276, 8.694264425220772807 ) ;
#4214 = CARTESIAN_POINT ( 'NONE',  ( 33.37444795991373780, 24.03241722527500457, 0.000000000000000000 ) ) ;
#4215 = VERTEX_POINT ( 'NONE', #5124 ) ;
#4216 = LINE ( 'NONE', #5518, #5272 ) ;
#4217 = DIRECTION ( 'NONE',  ( -0.6294706930507746323, -0.7770242252273589223, 0.000000000000000000 ) ) ;
#4218 = CARTESIAN_POINT ( 'NONE',  ( 0.000000000000000000, 0.000000000000000000, 3.000000000000000000 ) ) ;
#4219 = CARTESIAN_POINT ( 'NONE',  ( 24.32908061110071429, -33.07778457408799966, 3.000000000000000000 ) ) ;
#4220 = ORIENTED_EDGE ( 'NONE', *, *, #4317, .F. ) ;
#4221 = VERTEX_POINT ( 'NONE', #1671 ) ;
#4222 = DIRECTION ( 'NONE',  ( 0.000000000000000000, 0.000000000000000000, -1.000000000000000000 ) ) ;
#4223 = CARTESIAN_POINT ( 'NONE',  ( 17.12499999999966604, 25.98076211353335196, 10.00000000000000000 ) ) ;
#4224 = VECTOR ( 'NONE', #2837, 1000.000000000000114 ) ;
#4225 = CARTESIAN_POINT ( 'NONE',  ( -38.54646659099296357, -12.71728977000985772, 3.000000000000000000 ) ) ;
#4226 = CARTESIAN_POINT ( 'NONE',  ( 33.30881660225507090, 24.09804858293381002, 0.000000000000000000 ) ) ;
#4227 = ORIENTED_EDGE ( 'NONE', *, *, #1197, .T. ) ;
#4228 = DIRECTION ( 'NONE',  ( -0.000000000000000000, -0.000000000000000000, -1.000000000000000000 ) ) ;
#4229 = AXIS2_PLACEMENT_3D ( 'NONE', #4219, #5099, #876 ) ;
#4230 = EDGE_CURVE ( 'NONE', #2921, #3077, #5461, .T. ) ;
#4231 = DIRECTION ( 'NONE',  ( 1.000000000000000000, 0.000000000000000000, 0.000000000000000000 ) ) ;
#4232 = ADVANCED_FACE ( 'NONE', ( #2977 ), #2169, .T. ) ;
#4233 = ORIENTED_EDGE ( 'NONE', *, *, #5037, .T. ) ;
#4234 = DIRECTION ( 'NONE',  ( 0.000000000000000000, 0.000000000000000000, 1.000000000000000000 ) ) ;
#4235 = EDGE_CURVE ( 'NONE', #2398, #2254, #2103, .T. ) ;
#4236 = EDGE_LOOP ( 'NONE', ( #1631, #1181 ) ) ;
#4237 = CARTESIAN_POINT ( 'NONE',  ( 1.590152247979820466, -29.71961416015120960, 3.000000000000000000 ) ) ;
#4238 = DIRECTION ( 'NONE',  ( -0.5877852522924770229, 0.8090169943749447867, 0.000000000000000000 ) ) ;
#4239 = EDGE_CURVE ( 'NONE', #2649, #4911, #2854, .T. ) ;
#4240 = ORIENTED_EDGE ( 'NONE', *, *, #981, .F. ) ;
#4241 = DIRECTION ( 'NONE',  ( 0.000000000000000000, 0.000000000000000000, -1.000000000000000000 ) ) ;
#4242 = AXIS2_PLACEMENT_3D ( 'NONE', #5525, #1645, #581 ) ;
#4243 = CYLINDRICAL_SURFACE ( 'NONE', #4555, 4.005000000000004334 ) ;
#4244 = DIRECTION ( 'NONE',  ( -0.8090169943749384585, 0.5877852522924852385, 0.000000000000000000 ) ) ;
#4245 = EDGE_LOOP ( 'NONE', ( #3796, #2841, #922, #3005 ) ) ;
#4246 = ORIENTED_EDGE ( 'NONE', *, *, #3188, .F. ) ;
#4247 = CARTESIAN_POINT ( 'NONE',  ( 27.87499999999999645, -5.510910596163123477E-15, 0.000000000000000000 ) ) ;
#4248 = CARTESIAN_POINT ( 'NONE',  ( 39.80845132062484737, 8.678897630671487562, 0.000000000000000000 ) ) ;
#4249 = CARTESIAN_POINT ( 'NONE',  ( -15.00000000000001066, -25.98076211353315301, 3.490000000000000213 ) ) ;
#4250 = DIRECTION ( 'NONE',  ( 1.000000000000000000, 0.000000000000000000, 0.000000000000000000 ) ) ;
#4251 = ORIENTED_EDGE ( 'NONE', *, *, #347, .F. ) ;
#4252 = EDGE_CURVE ( 'NONE', #1687, #3769, #3895, .T. ) ;
#4253 = CARTESIAN_POINT ( 'NONE',  ( -28.77612118826223764, -24.03241722527476298, 3.000000000000000000 ) ) ;
#4254 = VECTOR ( 'NONE', #3274, 1000.000000000000000 ) ;
#4255 = CARTESIAN_POINT ( 'NONE',  ( 0.000000000000000000, 0.000000000000000000, 3.490000000000000213 ) ) ;
#4256 = ORIENTED_EDGE ( 'NONE', *, *, #1958, .T. ) ;
#4257 = CARTESIAN_POINT ( 'NONE',  ( -20.76266961515214859, -36.39352824830955768, 3.000000000000000000 ) ) ;
#4258 = ORIENTED_EDGE ( 'NONE', *, *, #1820, .F. ) ;
#4259 = FACE_OUTER_BOUND ( 'NONE', #742, .T. ) ;
#4260 = CARTESIAN_POINT ( 'NONE',  ( -8.332926048928740670, -38.88526790231296104, 0.000000000000000000 ) ) ;
#4261 = LINE ( 'NONE', #2081, #4425 ) ;
#4262 = ADVANCED_FACE ( 'NONE', ( #1616 ), #1697, .F. ) ;
#4263 = ORIENTED_EDGE ( 'NONE', *, *, #2993, .T. ) ;
#4264 = EDGE_CURVE ( 'NONE', #1017, #3160, #1752, .T. ) ;
#4265 = EDGE_CURVE ( 'NONE', #4029, #1497, #2660, .T. ) ;
#4266 = LINE ( 'NONE', #3354, #3352 ) ;
#4267 = SURFACE_STYLE_USAGE ( .BOTH. , #3001 ) ;
#4268 = CARTESIAN_POINT ( 'NONE',  ( 41.77658695461942528, -8.284013666280579002, 0.000000000000000000 ) ) ;
#4269 = AXIS2_PLACEMENT_3D ( 'NONE', #2501, #4234, #2076 ) ;
#4270 = FACE_OUTER_BOUND ( 'NONE', #4698, .T. ) ;
#4271 = EDGE_CURVE ( 'NONE', #387, #4729, #316, .T. ) ;
#4272 = CIRCLE ( 'NONE', #753, 8.694264425220762149 ) ;
#4273 = ORIENTED_EDGE ( 'NONE', *, *, #3605, .T. ) ;
#4274 = ORIENTED_EDGE ( 'NONE', *, *, #4976, .T. ) ;
#4275 = VECTOR ( 'NONE', #831, 1000.000000000000000 ) ;
#4276 = AXIS2_PLACEMENT_3D ( 'NONE', #2417, #2925, #2017 ) ;
#4277 = CYLINDRICAL_SURFACE ( 'NONE', #1892, 8.694264425220763925 ) ;
#4278 = CARTESIAN_POINT ( 'NONE',  ( 31.42062151282033611, -28.75156767461719554, 0.000000000000000000 ) ) ;
#4279 = DIRECTION ( 'NONE',  ( -0.9510565162951556406, 0.3090169943749414561, 0.000000000000000000 ) ) ;
#4280 = DIRECTION ( 'NONE',  ( 1.000000000000000000, 0.000000000000000000, 0.000000000000000000 ) ) ;
#4281 = ORIENTED_EDGE ( 'NONE', *, *, #3714, .F. ) ;
#4282 = CARTESIAN_POINT ( 'NONE',  ( -17.66384276087219263, -38.75431277831131638, 0.000000000000000000 ) ) ;
#4283 = AXIS2_PLACEMENT_3D ( 'NONE', #5498, #1090, #2383 ) ;
#4284 = CIRCLE ( 'NONE', #4728, 42.59000000000001052 ) ;
#4285 = CIRCLE ( 'NONE', #1661, 2.125000000000001776 ) ;
#4286 = CIRCLE ( 'NONE', #400, 2.125000000000001776 ) ;
#4287 = CYLINDRICAL_SURFACE ( 'NONE', #2023, 8.694264425220769255 ) ;
#4288 = AXIS2_PLACEMENT_3D ( 'NONE', #3530, #5271, #972 ) ;
#4289 = ORIENTED_EDGE ( 'NONE', *, *, #5134, .F. ) ;
#4290 = ADVANCED_FACE ( 'NONE', ( #2063 ), #3414, .F. ) ;
#4291 = DIRECTION ( 'NONE',  ( 0.000000000000000000, 0.000000000000000000, 1.000000000000000000 ) ) ;
#4292 = VERTEX_POINT ( 'NONE', #3787 ) ;
#4293 = EDGE_CURVE ( 'NONE', #730, #2491, #1274, .T. ) ;
#4294 = VECTOR ( 'NONE', #105, 1000.000000000000000 ) ;
#4295 = CARTESIAN_POINT ( 'NONE',  ( -7.733749285331634304, -28.73974898971121306, 3.000000000000000000 ) ) ;
#4296 = FACE_OUTER_BOUND ( 'NONE', #3066, .T. ) ;
#4297 = DIRECTION ( 'NONE',  ( -0.000000000000000000, -0.000000000000000000, -1.000000000000000000 ) ) ;
#4298 = EDGE_CURVE ( 'NONE', #4008, #3148, #41, .T. ) ;
#4299 = FACE_OUTER_BOUND ( 'NONE', #2249, .T. ) ;
#4300 = ORIENTED_EDGE ( 'NONE', *, *, #3297, .T. ) ;
#4301 = DIRECTION ( 'NONE',  ( 0.5877852522924711387, 0.8090169943749488946, 0.000000000000000000 ) ) ;
#4302 = LINE ( 'NONE', #2948, #1124 ) ;
#4303 = DIRECTION ( 'NONE',  ( -0.000000000000000000, -0.000000000000000000, -1.000000000000000000 ) ) ;
#4304 = ORIENTED_EDGE ( 'NONE', *, *, #4239, .F. ) ;
#4305 = ORIENTED_EDGE ( 'NONE', *, *, #181, .T. ) ;
#4306 = FACE_OUTER_BOUND ( 'NONE', #2615, .T. ) ;
#4307 = EDGE_CURVE ( 'NONE', #3595, #219, #1220, .T. ) ;
#4308 = CARTESIAN_POINT ( 'NONE',  ( 9.082501176170184820, 40.91370791742391333, 3.000000000000000000 ) ) ;
#4309 = DIRECTION ( 'NONE',  ( 1.000000000000000000, 0.000000000000000000, 0.000000000000000000 ) ) ;
#4310 = DIRECTION ( 'NONE',  ( -0.000000000000000000, -0.000000000000000000, 1.000000000000000000 ) ) ;
#4311 = ORIENTED_EDGE ( 'NONE', *, *, #4655, .F. ) ;
#4312 = LINE ( 'NONE', #1283, #435 ) ;
#4313 = AXIS2_PLACEMENT_3D ( 'NONE', #223, #1355, #1941 ) ;
#4314 = DIRECTION ( 'NONE',  ( 0.000000000000000000, 0.000000000000000000, 1.000000000000000000 ) ) ;
#4315 = AXIS2_PLACEMENT_3D ( 'NONE', #3075, #829, #412 ) ;
#4316 = ORIENTED_EDGE ( 'NONE', *, *, #43, .F. ) ;
#4317 = EDGE_CURVE ( 'NONE', #4863, #2041, #4302, .T. ) ;
#4318 = DIRECTION ( 'NONE',  ( 1.000000000000000000, 0.000000000000000000, 0.000000000000000000 ) ) ;
#4319 = CYLINDRICAL_SURFACE ( 'NONE', #938, 42.59000000000001052 ) ;
#4320 = AXIS2_PLACEMENT_3D ( 'NONE', #3872, #4335, #1725 ) ;
#4321 = ORIENTED_EDGE ( 'NONE', *, *, #1446, .T. ) ;
#4322 = CIRCLE ( 'NONE', #1704, 4.005000000000001670 ) ;
#4323 = CARTESIAN_POINT ( 'NONE',  ( -40.94573803496159314, -8.778039249333794203, 3.000000000000000000 ) ) ;
#4324 = VECTOR ( 'NONE', #3418, 1000.000000000000000 ) ;
#4325 = AXIS2_PLACEMENT_3D ( 'NONE', #3817, #4758, #5581 ) ;
#4326 = DIRECTION ( 'NONE',  ( 1.000000000000000000, 0.000000000000000000, 0.000000000000000000 ) ) ;
#4327 = DIRECTION ( 'NONE',  ( 0.000000000000000000, 0.000000000000000000, 1.000000000000000000 ) ) ;
#4328 = AXIS2_PLACEMENT_3D ( 'NONE', #2829, #237, #4131 ) ;
#4329 = CIRCLE ( 'NONE', #3323, 8.694264425220771031 ) ;
#4330 = EDGE_LOOP ( 'NONE', ( #4699, #3190, #1409, #3199 ) ) ;
#4331 = DIRECTION ( 'NONE',  ( -0.000000000000000000, -0.000000000000000000, -1.000000000000000000 ) ) ;
#4332 = SURFACE_STYLE_FILL_AREA ( #3356 ) ;
#4333 = CARTESIAN_POINT ( 'NONE',  ( 27.76240862414410415, 10.72533064227264177, 3.000000000000000000 ) ) ;
#4334 = ORIENTED_EDGE ( 'NONE', *, *, #4519, .T. ) ;
#4335 = DIRECTION ( 'NONE',  ( -0.5463267067212396189, 0.8375721637704566236, 0.000000000000000000 ) ) ;
#4336 = ORIENTED_EDGE ( 'NONE', *, *, #2412, .F. ) ;
#4337 = EDGE_LOOP ( 'NONE', ( #2815, #3899, #1428, #1936 ) ) ;
#4338 = DIRECTION ( 'NONE',  ( -0.000000000000000000, -0.000000000000000000, 1.000000000000000000 ) ) ;
#4339 = CARTESIAN_POINT ( 'NONE',  ( -12.33792604892874323, -38.88526790231296104, 0.000000000000000000 ) ) ;
#4340 = CARTESIAN_POINT ( 'NONE',  ( -29.73402888154601342, -1.292894609555661267, 3.000000000000000000 ) ) ;
#4341 = DIRECTION ( 'NONE',  ( 0.000000000000000000, 0.000000000000000000, 1.000000000000000000 ) ) ;
#4342 = ORIENTED_EDGE ( 'NONE', *, *, #738, .T. ) ;
#4343 = CARTESIAN_POINT ( 'NONE',  ( -12.42062638418443399, 38.84312997681865909, 0.000000000000000000 ) ) ;
#4344 = ADVANCED_FACE ( 'NONE', ( #2512 ), #4243, .F. ) ;
#4345 = LINE ( 'NONE', #1234, #4275 ) ;
#4346 = VERTEX_POINT ( 'NONE', #3929 ) ;
#4347 = CARTESIAN_POINT ( 'NONE',  ( -32.78112118826260257, 24.03241722527427271, 3.000000000000000000 ) ) ;
#4348 = DIRECTION ( 'NONE',  ( -0.000000000000000000, -0.000000000000000000, 1.000000000000000000 ) ) ;
#4349 = EDGE_CURVE ( 'NONE', #3454, #2851, #1869, .T. ) ;
#4350 = ORIENTED_EDGE ( 'NONE', *, *, #677, .F. ) ;
#4351 = CARTESIAN_POINT ( 'NONE',  ( -38.56881604959922782, 18.06528517716168736, 3.000000000000000000 ) ) ;
#4352 = CARTESIAN_POINT ( 'NONE',  ( 23.12589166868147217, 18.73438508540964875, 3.000000000000000000 ) ) ;
#4353 = DIRECTION ( 'NONE',  ( -0.000000000000000000, -0.000000000000000000, 1.000000000000000000 ) ) ;
#4354 = ADVANCED_FACE ( 'NONE', ( #123 ), #3591, .F. ) ;
#4355 = ORIENTED_EDGE ( 'NONE', *, *, #3957, .T. ) ;
#4356 = CARTESIAN_POINT ( 'NONE',  ( 41.77658695461941818, -8.284013666280584332, 0.000000000000000000 ) ) ;
#4357 = FACE_OUTER_BOUND ( 'NONE', #2279, .T. ) ;
#4358 = DIRECTION ( 'NONE',  ( 0.000000000000000000, 0.000000000000000000, 1.000000000000000000 ) ) ;
#4359 = EDGE_LOOP ( 'NONE', ( #4289, #3390, #4667, #4003 ) ) ;
#4360 = DIRECTION ( 'NONE',  ( 0.000000000000000000, 0.000000000000000000, -1.000000000000000000 ) ) ;
#4361 = AXIS2_PLACEMENT_3D ( 'NONE', #791, #3839, #4691 ) ;
#4362 = VERTEX_POINT ( 'NONE', #5333 ) ;
#4363 = VERTEX_POINT ( 'NONE', #3118 ) ;
#4364 = ORIENTED_EDGE ( 'NONE', *, *, #1640, .F. ) ;
#4365 = CARTESIAN_POINT ( 'NONE',  ( -23.73575383944928063, 33.07778457408781492, 0.000000000000000000 ) ) ;
#4366 = LINE ( 'NONE', #4452, #835 ) ;
#4367 = VECTOR ( 'NONE', #3491, 1000.000000000000000 ) ;
#4368 = DIRECTION ( 'NONE',  ( -0.000000000000000000, -0.000000000000000000, -1.000000000000000000 ) ) ;
#4369 = FACE_BOUND ( 'NONE', #5489, .T. ) ;
#4370 = ORIENTED_EDGE ( 'NONE', *, *, #5313, .F. ) ;
#4371 = CARTESIAN_POINT ( 'NONE',  ( 2.125000000000000444, 30.00000000000000000, 0.000000000000000000 ) ) ;
#4372 = ORIENTED_EDGE ( 'NONE', *, *, #2855, .F. ) ;
#4373 = AXIS2_PLACEMENT_3D ( 'NONE', #1351, #416, #3080 ) ;
#4374 = ORIENTED_EDGE ( 'NONE', *, *, #5310, .F. ) ;
#4375 = EDGE_CURVE ( 'NONE', #2189, #5050, #3172, .T. ) ;
#4376 = VERTEX_POINT ( 'NONE', #2749 ) ;
#4377 = AXIS2_PLACEMENT_3D ( 'NONE', #4225, #4567, #299 ) ;
#4378 = CARTESIAN_POINT ( 'NONE',  ( 28.10576211353298248, 15.00000000000030376, 3.490000000000000213 ) ) ;
#4379 = CARTESIAN_POINT ( 'NONE',  ( 21.03082861136625681, -37.03528517399777797, 0.000000000000000000 ) ) ;
#4380 = EDGE_CURVE ( 'NONE', #3369, #1779, #1782, .T. ) ;
#4381 = VECTOR ( 'NONE', #4016, 1000.000000000000000 ) ;
#4382 = ORIENTED_EDGE ( 'NONE', *, *, #326, .T. ) ;
#4383 = VECTOR ( 'NONE', #4120, 1000.000000000000000 ) ;
#4384 = VERTEX_POINT ( 'NONE', #2699 ) ;
#4385 = CARTESIAN_POINT ( 'NONE',  ( 23.85576211353314946, -15.00000000000001421, 3.490000000000000213 ) ) ;
#4386 = EDGE_CURVE ( 'NONE', #1597, #4997, #1025, .T. ) ;
#4387 = FACE_OUTER_BOUND ( 'NONE', #3853, .T. ) ;
#4388 = DIRECTION ( 'NONE',  ( 1.000000000000000000, 0.000000000000000000, 0.000000000000000000 ) ) ;
#4389 = VECTOR ( 'NONE', #2382, 1000.000000000000000 ) ;
#4390 = EDGE_LOOP ( 'NONE', ( #5392, #2953, #4640, #2185 ) ) ;
#4391 = CYLINDRICAL_SURFACE ( 'NONE', #2220, 8.694264425220763925 ) ;
#4392 = DIRECTION ( 'NONE',  ( -0.000000000000000000, -0.000000000000000000, -1.000000000000000000 ) ) ;
#4393 = CYLINDRICAL_SURFACE ( 'NONE', #3559, 4.005000000000001670 ) ;
#4394 = ORIENTED_EDGE ( 'NONE', *, *, #2759, .T. ) ;
#4395 = VERTEX_POINT ( 'NONE', #5211 ) ;
#4396 = VERTEX_POINT ( 'NONE', #577 ) ;
#4397 = DIRECTION ( 'NONE',  ( 1.000000000000000000, 0.000000000000000000, 0.000000000000000000 ) ) ;
#4398 = FACE_BOUND ( 'NONE', #5164, .T. ) ;
#4399 = CARTESIAN_POINT ( 'NONE',  ( 41.00932234579971691, -8.784480569374922609, 3.000000000000000000 ) ) ;
#4400 = CARTESIAN_POINT ( 'NONE',  ( 18.08707482534121525, 38.55860246770502897, 0.000000000000000000 ) ) ;
#4401 = EDGE_LOOP ( 'NONE', ( #33, #3316, #3025, #120 ) ) ;
#4402 = LINE ( 'NONE', #529, #4768 ) ;
#4403 = EDGE_CURVE ( 'NONE', #4072, #3310, #2110, .T. ) ;
#4404 = EDGE_LOOP ( 'NONE', ( #5396, #3635, #4342, #1605 ) ) ;
#4405 = ORIENTED_EDGE ( 'NONE', *, *, #4586, .F. ) ;
#4406 = DIRECTION ( 'NONE',  ( 0.000000000000000000, 0.000000000000000000, 1.000000000000000000 ) ) ;
#4407 = DIRECTION ( 'NONE',  ( 0.8090169943749465631, 0.5877852522924741363, 0.000000000000000000 ) ) ;
#4408 = ORIENTED_EDGE ( 'NONE', *, *, #3365, .T. ) ;
#4409 = VERTEX_POINT ( 'NONE', #26 ) ;
#4410 = EDGE_CURVE ( 'NONE', #1643, #4409, #401, .T. ) ;
#4411 = ORIENTED_EDGE ( 'NONE', *, *, #256, .T. ) ;
#4412 = CARTESIAN_POINT ( 'NONE',  ( 8.975561016497188405, -39.51178793479904527, 0.000000000000000000 ) ) ;
#4413 = AXIS2_PLACEMENT_3D ( 'NONE', #2614, #439, #2154 ) ;
#4414 = CYLINDRICAL_SURFACE ( 'NONE', #4632, 27.00000000000000000 ) ;
#4415 = CARTESIAN_POINT ( 'NONE',  ( -36.18304898080720022, -21.08415842533863227, 0.000000000000000000 ) ) ;
#4416 = ADVANCED_FACE ( 'NONE', ( #1757 ), #4393, .F. ) ;
#4417 = EDGE_CURVE ( 'NONE', #3149, #4168, #3915, .T. ) ;
#4418 = CIRCLE ( 'NONE', #263, 2.124999999999998224 ) ;
#4419 = ORIENTED_EDGE ( 'NONE', *, *, #2781, .F. ) ;
#4420 = DIRECTION ( 'NONE',  ( 0.000000000000000000, 0.000000000000000000, 1.000000000000000000 ) ) ;
#4421 = LINE ( 'NONE', #550, #1973 ) ;
#4422 = DIRECTION ( 'NONE',  ( 0.000000000000000000, -0.000000000000000000, 1.000000000000000000 ) ) ;
#4423 = VECTOR ( 'NONE', #3644, 1000.000000000000000 ) ;
#4424 = CARTESIAN_POINT ( 'NONE',  ( 9.082601838875753231, 40.87187053907685197, 0.000000000000000000 ) ) ;
#4425 = VECTOR ( 'NONE', #3865, 1000.000000000000000 ) ;
#4426 = EDGE_CURVE ( 'NONE', #284, #777, #3829, .T. ) ;
#4427 = ADVANCED_FACE ( 'NONE', ( #3063 ), #486, .F. ) ;
#4428 = EDGE_LOOP ( 'NONE', ( #564, #65, #985, #483 ) ) ;
#4429 = LINE ( 'NONE', #3176, #2073 ) ;
#4430 = CARTESIAN_POINT ( 'NONE',  ( -23.65305350419375330, -33.11992249958244372, 0.000000000000000000 ) ) ;
#4431 = CARTESIAN_POINT ( 'NONE',  ( -12.24625202109920075, -38.89978764190311722, 0.000000000000000000 ) ) ;
#4432 = DIRECTION ( 'NONE',  ( -0.000000000000000000, -0.000000000000000000, -1.000000000000000000 ) ) ;
#4433 = CARTESIAN_POINT ( 'NONE',  ( 29.06372042894388130, -31.13210970731329752, 0.000000000000000000 ) ) ;
#4434 = ORIENTED_EDGE ( 'NONE', *, *, #1137, .F. ) ;
#4435 = ORIENTED_EDGE ( 'NONE', *, *, #3242, .T. ) ;
#4436 = FACE_OUTER_BOUND ( 'NONE', #4150, .T. ) ;
#4437 = CARTESIAN_POINT ( 'NONE',  ( -30.00000000000000000, 1.836970198721062721E-15, 0.000000000000000000 ) ) ;
#4438 = EDGE_LOOP ( 'NONE', ( #5446, #2468, #1410, #1315 ) ) ;
#4439 = ORIENTED_EDGE ( 'NONE', *, *, #3284, .F. ) ;
#4440 = ORIENTED_EDGE ( 'NONE', *, *, #2721, .T. ) ;
#4441 = CARTESIAN_POINT ( 'NONE',  ( -8.332926048928740670, -38.88526790231296104, 0.000000000000000000 ) ) ;
#4442 = EDGE_CURVE ( 'NONE', #1592, #4170, #5296, .T. ) ;
#4443 = DIRECTION ( 'NONE',  ( 0.3090169943749581649, -0.9510565162951499785, 0.000000000000000000 ) ) ;
#4444 = ORIENTED_EDGE ( 'NONE', *, *, #335, .F. ) ;
#4445 = DIRECTION ( 'NONE',  ( 0.000000000000000000, 0.000000000000000000, 1.000000000000000000 ) ) ;
#4446 = DIRECTION ( 'NONE',  ( -0.000000000000000000, -0.000000000000000000, -1.000000000000000000 ) ) ;
#4447 = CARTESIAN_POINT ( 'NONE',  ( -23.73575383944879391, -33.07778457408817729, 0.000000000000000000 ) ) ;
#4448 = ADVANCED_FACE ( 'NONE', ( #4810 ), #4025, .F. ) ;
#4449 = ORIENTED_EDGE ( 'NONE', *, *, #991, .T. ) ;
#4450 = ORIENTED_EDGE ( 'NONE', *, *, #2631, .F. ) ;
#4451 = DIRECTION ( 'NONE',  ( 1.000000000000000000, 0.000000000000000000, 0.000000000000000000 ) ) ;
#4452 = CARTESIAN_POINT ( 'NONE',  ( -36.77037256503043494, 16.20307056412863744, 0.000000000000000000 ) ) ;
#4453 = DIRECTION ( 'NONE',  ( -1.000000000000000000, 0.000000000000000000, 0.000000000000000000 ) ) ;
#4454 = CARTESIAN_POINT ( 'NONE',  ( 21.03082861136571324, 37.03528517399808351, 3.000000000000000000 ) ) ;
#4455 = EDGE_CURVE ( 'NONE', #3074, #1174, #2845, .T. ) ;
#4456 = CIRCLE ( 'NONE', #2742, 4.005000000000004334 ) ;
#4457 = DIRECTION ( 'NONE',  ( -1.000000000000000000, 0.000000000000000000, 0.000000000000000000 ) ) ;
#4458 = AXIS2_PLACEMENT_3D ( 'NONE', #2773, #2347, #3166 ) ;
#4459 = EDGE_LOOP ( 'NONE', ( #3163, #1183, #4091, #3134 ) ) ;
#4460 = ORIENTED_EDGE ( 'NONE', *, *, #431, .T. ) ;
#4461 = CARTESIAN_POINT ( 'NONE',  ( 12.87499999999998934, -25.98076211353316367, 3.490000000000000213 ) ) ;
#4462 = CARTESIAN_POINT ( 'NONE',  ( -10.44160405161475502, -27.87035979009427678, 3.000000000000000000 ) ) ;
#4463 = ORIENTED_EDGE ( 'NONE', *, *, #5450, .F. ) ;
#4464 = VERTEX_POINT ( 'NONE', #1813 ) ;
#4465 = CIRCLE ( 'NONE', #4552, 8.694264425220763925 ) ;
#4466 = CIRCLE ( 'NONE', #670, 4.005000000000004334 ) ;
#4467 = PLANE ( 'NONE',  #2551 ) ;
#4468 = EDGE_CURVE ( 'NONE', #3490, #4207, #1130, .T. ) ;
#4469 = AXIS2_PLACEMENT_3D ( 'NONE', #5069, #2916, #3388 ) ;
#4470 = VECTOR ( 'NONE', #2518, 1000.000000000000000 ) ;
#4471 = DIRECTION ( 'NONE',  ( 0.6249678929607391797, -0.7806504549209037913, -0.000000000000000000 ) ) ;
#4472 = ORIENTED_EDGE ( 'NONE', *, *, #1422, .T. ) ;
#4473 = AXIS2_PLACEMENT_3D ( 'NONE', #5387, #4559, #5434 ) ;
#4474 = CARTESIAN_POINT ( 'NONE',  ( 21.27125075188002157, -36.12149989430897534, 0.000000000000000000 ) ) ;
#4475 = CARTESIAN_POINT ( 'NONE',  ( 16.25984341948279877, 24.92792694898350092, 3.000000000000000000 ) ) ;
#4476 = AXIS2_PLACEMENT_3D ( 'NONE', #1766, #3482, #1679 ) ;
#4477 = ORIENTED_EDGE ( 'NONE', *, *, #5416, .F. ) ;
#4478 = ORIENTED_EDGE ( 'NONE', *, *, #359, .F. ) ;
#4479 = DIRECTION ( 'NONE',  ( 1.000000000000000000, 0.000000000000000000, 0.000000000000000000 ) ) ;
#4480 = DIRECTION ( 'NONE',  ( 1.000000000000000000, 0.000000000000000000, 0.000000000000000000 ) ) ;
#4481 = CARTESIAN_POINT ( 'NONE',  ( 27.76240862414405086, -10.72533064227232025, 3.000000000000000000 ) ) ;
#4482 = CYLINDRICAL_SURFACE ( 'NONE', #3824, 2.124999999999998224 ) ;
#4483 = CYLINDRICAL_SURFACE ( 'NONE', #1784, 42.59000000000001052 ) ;
#4484 = EDGE_CURVE ( 'NONE', #4880, #1377, #2565, .T. ) ;
#4485 = VERTEX_POINT ( 'NONE', #4981 ) ;
#4486 = VERTEX_POINT ( 'NONE', #4053 ) ;
#4487 = DIRECTION ( 'NONE',  ( 0.000000000000000000, 0.000000000000000000, 1.000000000000000000 ) ) ;
#4488 = CYLINDRICAL_SURFACE ( 'NONE', #1297, 4.005000000000003446 ) ;
#4489 = ORIENTED_EDGE ( 'NONE', *, *, #810, .F. ) ;
#4490 = ADVANCED_FACE ( 'NONE', ( #3301 ), #2352, .F. ) ;
#4491 = ORIENTED_EDGE ( 'NONE', *, *, #3675, .F. ) ;
#4492 = CARTESIAN_POINT ( 'NONE',  ( 0.000000000000000000, 0.000000000000000000, 0.000000000000000000 ) ) ;
#4493 = ORIENTED_EDGE ( 'NONE', *, *, #1407, .T. ) ;
#4494 = CIRCLE ( 'NONE', #4315, 42.59000000000001052 ) ;
#4495 = FACE_OUTER_BOUND ( 'NONE', #2013, .T. ) ;
#4496 = ADVANCED_FACE ( 'NONE', ( #4576 ), #1922, .T. ) ;
#4497 = CARTESIAN_POINT ( 'NONE',  ( 28.14080578438308322, 31.08960764240097774, 3.000000000000000000 ) ) ;
#4498 = DIRECTION ( 'NONE',  ( 0.8090169943749403458, 0.5877852522924826850, 0.000000000000000000 ) ) ;
#4499 = VERTEX_POINT ( 'NONE', #656 ) ;
#4500 = ORIENTED_EDGE ( 'NONE', *, *, #654, .F. ) ;
#4501 = CARTESIAN_POINT ( 'NONE',  ( 12.87499999999998934, -25.98076211353316367, 10.00000000000000000 ) ) ;
#4502 = DIRECTION ( 'NONE',  ( -0.7770242252273589223, 0.6294706930507746323, 0.000000000000000000 ) ) ;
#4503 = CIRCLE ( 'NONE', #712, 8.694264425220762149 ) ;
#4504 = AXIS2_PLACEMENT_3D ( 'NONE', #2624, #5399, #3234 ) ;
#4505 = DIRECTION ( 'NONE',  ( -0.000000000000000000, -0.000000000000000000, -1.000000000000000000 ) ) ;
#4506 = LINE ( 'NONE', #1533, #4196 ) ;
#4507 = CARTESIAN_POINT ( 'NONE',  ( 33.37444795991410018, -24.03241722527452140, 0.000000000000000000 ) ) ;
#4508 = ORIENTED_EDGE ( 'NONE', *, *, #1639, .F. ) ;
#4509 = VERTEX_POINT ( 'NONE', #238 ) ;
#4510 = CARTESIAN_POINT ( 'NONE',  ( 20.76059948172580860, 34.89601652554522815, 3.000000000000000000 ) ) ;
#4511 = CARTESIAN_POINT ( 'NONE',  ( -32.78112118826224020, -24.03241722527476298, 0.000000000000000000 ) ) ;
#4512 = DIRECTION ( 'NONE',  ( 0.000000000000000000, 0.000000000000000000, 1.000000000000000000 ) ) ;
#4513 = ORIENTED_EDGE ( 'NONE', *, *, #3140, .T. ) ;
#4514 = EDGE_CURVE ( 'NONE', #3628, #1180, #2934, .T. ) ;
#4515 = EDGE_CURVE ( 'NONE', #3566, #3369, #2889, .T. ) ;
#4516 = VERTEX_POINT ( 'NONE', #5430 ) ;
#4517 = AXIS2_PLACEMENT_3D ( 'NONE', #3597, #2674, #4479 ) ;
#4518 = CARTESIAN_POINT ( 'NONE',  ( 39.13979336264454645, 12.71728977001014371, 0.000000000000000000 ) ) ;
#4519 = EDGE_CURVE ( 'NONE', #4587, #3435, #187, .T. ) ;
#4520 = ORIENTED_EDGE ( 'NONE', *, *, #4044, .F. ) ;
#4521 = CARTESIAN_POINT ( 'NONE',  ( -32.78112118826260257, 24.03241722527427271, 0.000000000000000000 ) ) ;
#4522 = CARTESIAN_POINT ( 'NONE',  ( 28.78256221127057302, -7.572856961168087153, 3.000000000000000000 ) ) ;
#4523 = DIRECTION ( 'NONE',  ( 1.000000000000000000, 0.000000000000000000, 0.000000000000000000 ) ) ;
#4524 = CIRCLE ( 'NONE', #4982, 8.694264425220762149 ) ;
#4525 = DIRECTION ( 'NONE',  ( -0.000000000000000000, 0.000000000000000000, 1.000000000000000000 ) ) ;
#4526 = CARTESIAN_POINT ( 'NONE',  ( 35.19267991137068918, 20.46393609590061757, 0.000000000000000000 ) ) ;
#4527 = CARTESIAN_POINT ( 'NONE',  ( -38.54646659099314832, 12.71728977000928218, 0.000000000000000000 ) ) ;
#4528 = CYLINDRICAL_SURFACE ( 'NONE', #2299, 2.125000000000000444 ) ;
#4529 = CARTESIAN_POINT ( 'NONE',  ( 0.000000000000000000, 0.000000000000000000, 0.000000000000000000 ) ) ;
#4530 = EDGE_CURVE ( 'NONE', #2367, #4835, #2510, .T. ) ;
#4531 = ORIENTED_EDGE ( 'NONE', *, *, #2267, .T. ) ;
#4532 = ORIENTED_EDGE ( 'NONE', *, *, #4417, .T. ) ;
#4533 = CYLINDRICAL_SURFACE ( 'NONE', #2019, 2.124999999999998224 ) ;
#4534 = CARTESIAN_POINT ( 'NONE',  ( -4.017551685328694333, -41.70669424522102986, 0.000000000000000000 ) ) ;
#4535 = VERTEX_POINT ( 'NONE', #1978 ) ;
#4536 = CARTESIAN_POINT ( 'NONE',  ( 0.000000000000000000, 0.000000000000000000, 3.000000000000000000 ) ) ;
#4537 = ORIENTED_EDGE ( 'NONE', *, *, #4718, .T. ) ;
#4538 = VECTOR ( 'NONE', #4331, 1000.000000000000000 ) ;
#4539 = VECTOR ( 'NONE', #686, 1000.000000000000000 ) ;
#4540 = ADVANCED_FACE ( 'NONE', ( #5463 ), #1902, .T. ) ;
#4541 = VERTEX_POINT ( 'NONE', #210 ) ;
#4542 = DIRECTION ( 'NONE',  ( -0.000000000000000000, -0.000000000000000000, 1.000000000000000000 ) ) ;
#4543 = AXIS2_PLACEMENT_3D ( 'NONE', #290, #243, #2007 ) ;
#4544 = EDGE_LOOP ( 'NONE', ( #3101, #2219, #5439, #4862 ) ) ;
#4545 = AXIS2_PLACEMENT_3D ( 'NONE', #3610, #535, #987 ) ;
#4546 = EDGE_CURVE ( 'NONE', #3607, #2986, #1890, .T. ) ;
#4547 = EDGE_LOOP ( 'NONE', ( #2618, #3596, #100, #2743 ) ) ;
#4548 = DIRECTION ( 'NONE',  ( 1.000000000000000000, 0.000000000000000000, 0.000000000000000000 ) ) ;
#4549 = CIRCLE ( 'NONE', #5543, 42.59000000000001052 ) ;
#4550 = CARTESIAN_POINT ( 'NONE',  ( 39.80845132062497527, -8.678897630670904917, 3.000000000000000000 ) ) ;
#4551 = DIRECTION ( 'NONE',  ( -0.000000000000000000, 0.000000000000000000, 1.000000000000000000 ) ) ;
#4552 = AXIS2_PLACEMENT_3D ( 'NONE', #3015, #3373, #2099 ) ;
#4553 = AXIS2_PLACEMENT_3D ( 'NONE', #4226, #2180, #4250 ) ;
#4554 = AXIS2_PLACEMENT_3D ( 'NONE', #4347, #1379, #1772 ) ;
#4555 = AXIS2_PLACEMENT_3D ( 'NONE', #371, #1841, #1002 ) ;
#4556 = EDGE_CURVE ( 'NONE', #1760, #4072, #2003, .T. ) ;
#4557 = CARTESIAN_POINT ( 'NONE',  ( -1.369154271047996030, -29.73061497147482513, 3.000000000000000000 ) ) ;
#4558 = LINE ( 'NONE', #3275, #4539 ) ;
#4559 = DIRECTION ( 'NONE',  ( 0.04600324397949896033, 0.9989412903386077902, -0.000000000000000000 ) ) ;
#4560 = DIRECTION ( 'NONE',  ( 1.000000000000000000, 0.000000000000000000, 0.000000000000000000 ) ) ;
#4561 = CARTESIAN_POINT ( 'NONE',  ( -3.659028418258120752, 40.25987024618069654, 3.000000000000000000 ) ) ;
#4562 = CIRCLE ( 'NONE', #4878, 8.694264425220762149 ) ;
#4563 = ORIENTED_EDGE ( 'NONE', *, *, #57, .T. ) ;
#4564 = ORIENTED_EDGE ( 'NONE', *, *, #2605, .T. ) ;
#4565 = AXIS2_PLACEMENT_3D ( 'NONE', #5388, #3225, #4961 ) ;
#4566 = DIRECTION ( 'NONE',  ( -0.000000000000000000, -0.000000000000000000, 1.000000000000000000 ) ) ;
#4567 = DIRECTION ( 'NONE',  ( 0.000000000000000000, 0.000000000000000000, 1.000000000000000000 ) ) ;
#4568 = CARTESIAN_POINT ( 'NONE',  ( 36.33288492289351979, -20.94598947935082833, 0.000000000000000000 ) ) ;
#4569 = DIRECTION ( 'NONE',  ( 1.000000000000000000, 0.000000000000000000, 0.000000000000000000 ) ) ;
#4570 = ORIENTED_EDGE ( 'NONE', *, *, #5555, .F. ) ;
#4571 = ORIENTED_EDGE ( 'NONE', *, *, #2155, .F. ) ;
#4572 = CARTESIAN_POINT ( 'NONE',  ( -7.957593093618504199, -41.83999058504191737, 0.000000000000000000 ) ) ;
#4573 = ORIENTED_EDGE ( 'NONE', *, *, #4293, .F. ) ;
#4574 = DIRECTION ( 'NONE',  ( -0.000000000000000000, -0.000000000000000000, -1.000000000000000000 ) ) ;
#4575 = DIRECTION ( 'NONE',  ( 0.000000000000000000, 0.000000000000000000, 1.000000000000000000 ) ) ;
#4576 = FACE_OUTER_BOUND ( 'NONE', #4988, .T. ) ;
#4577 = VERTEX_POINT ( 'NONE', #1552 ) ;
#4578 = EDGE_CURVE ( 'NONE', #5317, #2649, #1585, .T. ) ;
#4579 = VECTOR ( 'NONE', #1202, 1000.000000000000000 ) ;
#4580 = CARTESIAN_POINT ( 'NONE',  ( -32.71548983060356619, -24.09804858293355778, 0.000000000000000000 ) ) ;
#4581 = DIRECTION ( 'NONE',  ( 0.3090169943749329073, 0.9510565162951583051, 0.000000000000000000 ) ) ;
#4582 = CARTESIAN_POINT ( 'NONE',  ( 41.16853392490268959, 0.09167402782986476539, 0.000000000000000000 ) ) ;
#4583 = LINE ( 'NONE', #292, #4922 ) ;
#4584 = FACE_OUTER_BOUND ( 'NONE', #5529, .T. ) ;
#4585 = CIRCLE ( 'NONE', #429, 4.005000000000006111 ) ;
#4586 = EDGE_CURVE ( 'NONE', #461, #4154, #4322, .T. ) ;
#4587 = VERTEX_POINT ( 'NONE', #1057 ) ;
#4588 = ORIENTED_EDGE ( 'NONE', *, *, #2079, .T. ) ;
#4589 = AXIS2_PLACEMENT_3D ( 'NONE', #3734, #1590, #3702 ) ;
#4590 = AXIS2_PLACEMENT_3D ( 'NONE', #433, #3445, #353 ) ;
#4591 = DIRECTION ( 'NONE',  ( 0.000000000000000000, 0.000000000000000000, 1.000000000000000000 ) ) ;
#4592 = DIRECTION ( 'NONE',  ( -0.000000000000000000, -0.000000000000000000, -1.000000000000000000 ) ) ;
#4593 = DIRECTION ( 'NONE',  ( -1.000000000000000000, 0.000000000000000000, 0.000000000000000000 ) ) ;
#4594 = ORIENTED_EDGE ( 'NONE', *, *, #896, .T. ) ;
#4595 = CARTESIAN_POINT ( 'NONE',  ( -25.98076211353315657, 15.00000000000000355, 0.000000000000000000 ) ) ;
#4596 = ORIENTED_EDGE ( 'NONE', *, *, #326, .F. ) ;
#4597 = AXIS2_PLACEMENT_3D ( 'NONE', #1551, #2888, #1083 ) ;
#4598 = AXIS2_PLACEMENT_3D ( 'NONE', #3433, #4185, #5492 ) ;
#4599 = ORIENTED_EDGE ( 'NONE', *, *, #4840, .T. ) ;
#4600 = CARTESIAN_POINT ( 'NONE',  ( -4.770920966160785426, -42.32193772896803807, 0.000000000000000000 ) ) ;
#4601 = ADVANCED_FACE ( 'NONE', ( #2431 ), #5036, .F. ) ;
#4602 = ORIENTED_EDGE ( 'NONE', *, *, #5600, .T. ) ;
#4603 = LINE ( 'NONE', #2376, #3217 ) ;
#4604 = LINE ( 'NONE', #3270, #993 ) ;
#4605 = CARTESIAN_POINT ( 'NONE',  ( -10.44160405161508365, 27.87035979009427678, 3.000000000000000000 ) ) ;
#4606 = EDGE_CURVE ( 'NONE', #1547, #4902, #541, .T. ) ;
#4607 = DIRECTION ( 'NONE',  ( -0.000000000000000000, -0.000000000000000000, 1.000000000000000000 ) ) ;
#4608 = ADVANCED_FACE ( 'NONE', ( #634 ), #4953, .F. ) ;
#4609 = DIRECTION ( 'NONE',  ( 1.000000000000000000, 0.000000000000000000, 0.000000000000000000 ) ) ;
#4610 = LINE ( 'NONE', #322, #3127 ) ;
#4611 = DIRECTION ( 'NONE',  ( -0.000000000000000000, -0.000000000000000000, -1.000000000000000000 ) ) ;
#4612 = ADVANCED_FACE ( 'NONE', ( #3756 ), #1719, .F. ) ;
#4613 = ORIENTED_EDGE ( 'NONE', *, *, #3648, .F. ) ;
#4614 = ORIENTED_EDGE ( 'NONE', *, *, #4349, .F. ) ;
#4615 = ORIENTED_EDGE ( 'NONE', *, *, #2979, .F. ) ;
#4616 = EDGE_CURVE ( 'NONE', #574, #1619, #798, .T. ) ;
#4617 = CARTESIAN_POINT ( 'NONE',  ( 24.24638027584520472, 33.11992249958260004, 0.000000000000000000 ) ) ;
#4618 = DIRECTION ( 'NONE',  ( 1.000000000000000000, 0.000000000000000000, 0.000000000000000000 ) ) ;
#4619 = ORIENTED_EDGE ( 'NONE', *, *, #1698, .F. ) ;
#4620 = CARTESIAN_POINT ( 'NONE',  ( 33.37444795991410018, -24.03241722527452140, 0.000000000000000000 ) ) ;
#4621 = ORIENTED_EDGE ( 'NONE', *, *, #4753, .F. ) ;
#4622 = ORIENTED_EDGE ( 'NONE', *, *, #4209, .T. ) ;
#4623 = DIRECTION ( 'NONE',  ( -0.000000000000000000, -0.000000000000000000, 1.000000000000000000 ) ) ;
#4624 = ORIENTED_EDGE ( 'NONE', *, *, #3526, .F. ) ;
#4625 = AXIS2_PLACEMENT_3D ( 'NONE', #4323, #2224, #1291 ) ;
#4626 = FACE_OUTER_BOUND ( 'NONE', #1650, .T. ) ;
#4627 = CARTESIAN_POINT ( 'NONE',  ( -12.87500000000002665, 25.98076211353313525, 0.000000000000000000 ) ) ;
#4628 = DIRECTION ( 'NONE',  ( 0.000000000000000000, 0.000000000000000000, 1.000000000000000000 ) ) ;
#4629 = EDGE_CURVE ( 'NONE', #635, #2441, #3867, .T. ) ;
#4630 = CIRCLE ( 'NONE', #5370, 2.124999999999998224 ) ;
#4631 = CARTESIAN_POINT ( 'NONE',  ( -41.64616578940574243, -4.398584119330292808, 0.000000000000000000 ) ) ;
#4632 = AXIS2_PLACEMENT_3D ( 'NONE', #1653, #806, #2989 ) ;
#4633 = CARTESIAN_POINT ( 'NONE',  ( 0.000000000000000000, 0.000000000000000000, 3.000000000000000000 ) ) ;
#4634 = VECTOR ( 'NONE', #744, 999.9999999999998863 ) ;
#4635 = DIRECTION ( 'NONE',  ( 1.000000000000000000, 0.000000000000000000, 0.000000000000000000 ) ) ;
#4636 = DIRECTION ( 'NONE',  ( 0.000000000000000000, -0.000000000000000000, 1.000000000000000000 ) ) ;
#4637 = AXIS2_PLACEMENT_3D ( 'NONE', #4079, #3645, #3221 ) ;
#4638 = EDGE_CURVE ( 'NONE', #2449, #2415, #3158, .T. ) ;
#4639 = VECTOR ( 'NONE', #5582, 1000.000000000000227 ) ;
#4640 = ORIENTED_EDGE ( 'NONE', *, *, #2116, .T. ) ;
#4641 = ORIENTED_EDGE ( 'NONE', *, *, #5564, .F. ) ;
#4642 = EDGE_CURVE ( 'NONE', #3543, #3519, #2709, .T. ) ;
#4643 = ORIENTED_EDGE ( 'NONE', *, *, #4265, .T. ) ;
#4644 = DIRECTION ( 'NONE',  ( 0.000000000000000000, 0.000000000000000000, 1.000000000000000000 ) ) ;
#4645 = LINE ( 'NONE', #775, #1207 ) ;
#4646 = LINE ( 'NONE', #3710, #755 ) ;
#4647 = ORIENTED_EDGE ( 'NONE', *, *, #548, .F. ) ;
#4648 = AXIS2_PLACEMENT_3D ( 'NONE', #3438, #3841, #1302 ) ;
#4649 = DIRECTION ( 'NONE',  ( 1.000000000000000000, 0.000000000000000000, 0.000000000000000000 ) ) ;
#4650 = EDGE_CURVE ( 'NONE', #5253, #2849, #1609, .T. ) ;
#4651 = DIRECTION ( 'NONE',  ( -0.000000000000000000, 0.000000000000000000, -1.000000000000000000 ) ) ;
#4652 = VERTEX_POINT ( 'NONE', #2997 ) ;
#4653 = DIRECTION ( 'NONE',  ( 1.000000000000000000, 0.000000000000000000, 0.000000000000000000 ) ) ;
#4654 = EDGE_CURVE ( 'NONE', #417, #2664, #2485, .T. ) ;
#4655 = EDGE_CURVE ( 'NONE', #3437, #2658, #4261, .T. ) ;
#4656 = ORIENTED_EDGE ( 'NONE', *, *, #5120, .F. ) ;
#4657 = ORIENTED_EDGE ( 'NONE', *, *, #650, .F. ) ;
#4658 = CARTESIAN_POINT ( 'NONE',  ( 28.10576211353315301, -15.00000000000001421, 3.490000000000000213 ) ) ;
#4659 = LINE ( 'NONE', #5148, #2297 ) ;
#4660 = DIRECTION ( 'NONE',  ( -1.000000000000000000, 0.000000000000000000, 0.000000000000000000 ) ) ;
#4661 = DIRECTION ( 'NONE',  ( 0.2681799817563077504, -0.9633688272853686563, -0.000000000000000000 ) ) ;
#4662 = DIRECTION ( 'NONE',  ( -0.000000000000000000, -0.000000000000000000, -1.000000000000000000 ) ) ;
#4663 = CARTESIAN_POINT ( 'NONE',  ( 31.42062151281991333, 28.75156767461765384, 0.000000000000000000 ) ) ;
#4664 = ORIENTED_EDGE ( 'NONE', *, *, #5120, .T. ) ;
#4665 = EDGE_LOOP ( 'NONE', ( #821, #4995, #1618, #3425 ) ) ;
#4666 = ORIENTED_EDGE ( 'NONE', *, *, #3244, .F. ) ;
#4667 = ORIENTED_EDGE ( 'NONE', *, *, #3345, .F. ) ;
#4668 = EDGE_CURVE ( 'NONE', #296, #2477, #1796, .T. ) ;
#4669 = DIRECTION ( 'NONE',  ( 0.000000000000000000, 0.000000000000000000, -1.000000000000000000 ) ) ;
#4670 = CARTESIAN_POINT ( 'NONE',  ( -32.82325911375684768, 23.94971689001924986, 3.000000000000000000 ) ) ;
#4671 = AXIS2_PLACEMENT_3D ( 'NONE', #5163, #5136, #3485 ) ;
#4672 = CARTESIAN_POINT ( 'NONE',  ( 37.21864685947038254, -20.70459914970671633, 3.000000000000000000 ) ) ;
#4673 = DIRECTION ( 'NONE',  ( -0.000000000000000000, -0.000000000000000000, -1.000000000000000000 ) ) ;
#4674 = ORIENTED_EDGE ( 'NONE', *, *, #5065, .T. ) ;
#4675 = DIRECTION ( 'NONE',  ( -0.000000000000000000, -0.000000000000000000, 1.000000000000000000 ) ) ;
#4676 = CIRCLE ( 'NONE', #4229, 4.005000000000003446 ) ;
#4677 = DIRECTION ( 'NONE',  ( -1.000000000000000000, 0.000000000000000000, 0.000000000000000000 ) ) ;
#4678 = ORIENTED_EDGE ( 'NONE', *, *, #1649, .T. ) ;
#4679 = FACE_OUTER_BOUND ( 'NONE', #1258, .T. ) ;
#4680 = EDGE_CURVE ( 'NONE', #2491, #1625, #3329, .T. ) ;
#4681 = VECTOR ( 'NONE', #3590, 1000.000000000000000 ) ;
#4682 = AXIS2_PLACEMENT_3D ( 'NONE', #340, #3803, #318 ) ;
#4683 = EDGE_CURVE ( 'NONE', #1733, #741, #1974, .T. ) ;
#4684 = EDGE_CURVE ( 'NONE', #1349, #3533, #840, .T. ) ;
#4685 = EDGE_LOOP ( 'NONE', ( #1599, #900 ) ) ;
#4686 = CARTESIAN_POINT ( 'NONE',  ( 8.975561016496627076, 39.51178793479915186, 3.000000000000000000 ) ) ;
#4687 = ADVANCED_FACE ( 'NONE', ( #1293 ), #5119, .F. ) ;
#4688 = DIRECTION ( 'NONE',  ( 0.000000000000000000, 0.000000000000000000, 1.000000000000000000 ) ) ;
#4689 = DIRECTION ( 'NONE',  ( 0.000000000000000000, 0.000000000000000000, -1.000000000000000000 ) ) ;
#4690 = EDGE_CURVE ( 'NONE', #140, #975, #3029, .T. ) ;
#4691 = DIRECTION ( 'NONE',  ( 0.3090169943749581649, -0.9510565162951499785, 0.000000000000000000 ) ) ;
#4692 = AXIS2_PLACEMENT_3D ( 'NONE', #976, #1819, #4397 ) ;
#4693 = CARTESIAN_POINT ( 'NONE',  ( 32.12500000000000000, -5.250673151344310498E-15, 10.00000000000000000 ) ) ;
#4694 = DIRECTION ( 'NONE',  ( -0.000000000000000000, -0.000000000000000000, -1.000000000000000000 ) ) ;
#4695 = CYLINDRICAL_SURFACE ( 'NONE', #3152, 2.124999999999998224 ) ;
#4696 = EDGE_CURVE ( 'NONE', #3241, #2071, #3604, .T. ) ;
#4697 = ORIENTED_EDGE ( 'NONE', *, *, #2612, .F. ) ;
#4698 = EDGE_LOOP ( 'NONE', ( #2710, #3441, #4573, #3417 ) ) ;
#4699 = ORIENTED_EDGE ( 'NONE', *, *, #3925, .F. ) ;
#4700 = DIRECTION ( 'NONE',  ( -0.000000000000000000, 0.000000000000000000, 1.000000000000000000 ) ) ;
#4701 = CARTESIAN_POINT ( 'NONE',  ( 31.36840236821782213, -27.82005574930080627, 3.000000000000000000 ) ) ;
#4702 = DIRECTION ( 'NONE',  ( 1.000000000000000000, 0.000000000000000000, 0.000000000000000000 ) ) ;
#4703 = CARTESIAN_POINT ( 'NONE',  ( 39.13979336264473829, -12.71728977000957528, 0.000000000000000000 ) ) ;
#4704 = EDGE_LOOP ( 'NONE', ( #3391, #4621 ) ) ;
#4705 = CARTESIAN_POINT ( 'NONE',  ( -4.017551685328694333, -41.70669424522102986, 3.000000000000000000 ) ) ;
#4706 = CIRCLE ( 'NONE', #3634, 42.59000000000001052 ) ;
#4707 = FACE_OUTER_BOUND ( 'NONE', #539, .T. ) ;
#4708 = ORIENTED_EDGE ( 'NONE', *, *, #982, .T. ) ;
#4709 = LINE ( 'NONE', #865, #2102 ) ;
#4710 = EDGE_CURVE ( 'NONE', #1797, #888, #4060, .T. ) ;
#4711 = EDGE_LOOP ( 'NONE', ( #92, #2290, #3814, #2211 ) ) ;
#4712 = DIRECTION ( 'NONE',  ( 0.3508353067883922538, 0.9364371775568796075, -0.000000000000000000 ) ) ;
#4713 = CIRCLE ( 'NONE', #1736, 8.694264425220762149 ) ;
#4714 = DIRECTION ( 'NONE',  ( -0.000000000000000000, -0.000000000000000000, -1.000000000000000000 ) ) ;
#4715 = DIRECTION ( 'NONE',  ( -0.000000000000000000, -0.000000000000000000, -1.000000000000000000 ) ) ;
#4716 = ORIENTED_EDGE ( 'NONE', *, *, #4796, .T. ) ;
#4717 = EDGE_CURVE ( 'NONE', #4376, #3533, #5048, .T. ) ;
#4718 = EDGE_CURVE ( 'NONE', #4769, #5329, #1634, .T. ) ;
#4719 = DIRECTION ( 'NONE',  ( -0.000000000000000000, -0.000000000000000000, 1.000000000000000000 ) ) ;
#4720 = PRESENTATION_STYLE_ASSIGNMENT (( #4267 ) ) ;
#4721 = CARTESIAN_POINT ( 'NONE',  ( 0.000000000000000000, 0.000000000000000000, 0.000000000000000000 ) ) ;
#4722 = AXIS2_PLACEMENT_3D ( 'NONE', #1153, #2882, #2423 ) ;
#4723 = DIRECTION ( 'NONE',  ( 0.8375721637704566236, 0.5463267067212396189, -0.000000000000000000 ) ) ;
#4724 = EDGE_CURVE ( 'NONE', #3392, #3812, #2884, .T. ) ;
#4725 = VECTOR ( 'NONE', #1912, 1000.000000000000000 ) ;
#4726 = ORIENTED_EDGE ( 'NONE', *, *, #3718, .F. ) ;
#4727 = ORIENTED_EDGE ( 'NONE', *, *, #4036, .T. ) ;
#4728 = AXIS2_PLACEMENT_3D ( 'NONE', #3921, #3954, #54 ) ;
#4729 = VERTEX_POINT ( 'NONE', #789 ) ;
#4730 = AXIS2_PLACEMENT_3D ( 'NONE', #958, #1887, #1467 ) ;
#4731 = CARTESIAN_POINT ( 'NONE',  ( -28.10576211353315301, 15.00000000000000355, 0.000000000000000000 ) ) ;
#4732 = CARTESIAN_POINT ( 'NONE',  ( 33.37444795991410018, -24.03241722527452140, 3.000000000000000000 ) ) ;
#4733 = DIRECTION ( 'NONE',  ( -0.9328100451510537017, -0.3603684498749705201, 0.000000000000000000 ) ) ;
#4734 = LINE ( 'NONE', #2959, #3114 ) ;
#4735 = VERTEX_POINT ( 'NONE', #367 ) ;
#4736 = DIRECTION ( 'NONE',  ( -0.000000000000000000, -0.000000000000000000, -1.000000000000000000 ) ) ;
#4737 = AXIS2_PLACEMENT_3D ( 'NONE', #2, #3808, #455 ) ;
#4738 = CIRCLE ( 'NONE', #2027, 8.694264425220765702 ) ;
#4739 = CIRCLE ( 'NONE', #5293, 4.005000000000004334 ) ;
#4740 = AXIS2_PLACEMENT_3D ( 'NONE', #3327, #3884, #1800 ) ;
#4741 = DIRECTION ( 'NONE',  ( -0.000000000000000000, -0.000000000000000000, 1.000000000000000000 ) ) ;
#4742 = ORIENTED_EDGE ( 'NONE', *, *, #1675, .T. ) ;
#4743 = AXIS2_PLACEMENT_3D ( 'NONE', #4633, #4985, #5497 ) ;
#4744 = CARTESIAN_POINT ( 'NONE',  ( -29.94915852961052849, 26.86437988392645337, 3.000000000000000000 ) ) ;
#4745 = VECTOR ( 'NONE', #4935, 1000.000000000000000 ) ;
#4746 = ORIENTED_EDGE ( 'NONE', *, *, #3642, .F. ) ;
#4747 = DIRECTION ( 'NONE',  ( -0.000000000000000000, -0.000000000000000000, -1.000000000000000000 ) ) ;
#4748 = DIRECTION ( 'NONE',  ( 0.000000000000000000, -0.000000000000000000, -1.000000000000000000 ) ) ;
#4749 = CARTESIAN_POINT ( 'NONE',  ( 0.000000000000000000, 0.000000000000000000, 3.000000000000000000 ) ) ;
#4750 = DIRECTION ( 'NONE',  ( 0.6249678929607695999, 0.7806504549208793664, -0.000000000000000000 ) ) ;
#4751 = FACE_OUTER_BOUND ( 'NONE', #3505, .T. ) ;
#4752 = CARTESIAN_POINT ( 'NONE',  ( 0.000000000000000000, 0.000000000000000000, 0.000000000000000000 ) ) ;
#4753 = EDGE_CURVE ( 'NONE', #4395, #1442, #4773, .T. ) ;
#4754 = DIRECTION ( 'NONE',  ( -1.000000000000000000, 0.000000000000000000, 0.000000000000000000 ) ) ;
#4755 = VERTEX_POINT ( 'NONE', #1747 ) ;
#4756 = ORIENTED_EDGE ( 'NONE', *, *, #2301, .F. ) ;
#4757 = EDGE_LOOP ( 'NONE', ( #254, #5415, #4969, #3504 ) ) ;
#4758 = DIRECTION ( 'NONE',  ( -0.9670869526972395436, 0.2544461159514273541, 0.000000000000000000 ) ) ;
#4759 = DIRECTION ( 'NONE',  ( 0.9510565162951533091, 0.3090169943749480619, 0.000000000000000000 ) ) ;
#4760 = DIRECTION ( 'NONE',  ( -0.000000000000000000, 0.000000000000000000, -1.000000000000000000 ) ) ;
#4761 = CARTESIAN_POINT ( 'NONE',  ( 24.24638027584568079, -33.11992249958226608, 0.000000000000000000 ) ) ;
#4762 = EDGE_CURVE ( 'NONE', #3514, #2635, #3664, .T. ) ;
#4763 = ORIENTED_EDGE ( 'NONE', *, *, #2348, .T. ) ;
#4764 = CARTESIAN_POINT ( 'NONE',  ( -27.86445552330837216, -10.45734996973825304, 3.000000000000000000 ) ) ;
#4765 = ORIENTED_EDGE ( 'NONE', *, *, #3335, .F. ) ;
#4766 = AXIS2_PLACEMENT_3D ( 'NONE', #726, #3746, #5081 ) ;
#4767 = CARTESIAN_POINT ( 'NONE',  ( 0.000000000000000000, 30.00000000000000000, 0.000000000000000000 ) ) ;
#4768 = VECTOR ( 'NONE', #3602, 1000.000000000000000 ) ;
#4769 = VERTEX_POINT ( 'NONE', #3466 ) ;
#4770 = DIRECTION ( 'NONE',  ( 0.000000000000000000, 0.000000000000000000, 1.000000000000000000 ) ) ;
#4771 = DIRECTION ( 'NONE',  ( 0.000000000000000000, 0.000000000000000000, 1.000000000000000000 ) ) ;
#4772 = ORIENTED_EDGE ( 'NONE', *, *, #2348, .F. ) ;
#4773 = CIRCLE ( 'NONE', #1168, 34.00000000000000000 ) ;
#4774 = DIRECTION ( 'NONE',  ( 0.9656484390698181208, -0.2598520581446753797, -0.000000000000000000 ) ) ;
#4775 = VECTOR ( 'NONE', #6, 1000.000000000000000 ) ;
#4776 = CARTESIAN_POINT ( 'NONE',  ( -4.017551685329266320, 41.70669424522092328, 0.000000000000000000 ) ) ;
#4777 = CARTESIAN_POINT ( 'NONE',  ( 24.32908061110071429, -33.07778457408799966, 0.000000000000000000 ) ) ;
#4778 = VECTOR ( 'NONE', #1807, 1000.000000000000000 ) ;
#4779 = EDGE_CURVE ( 'NONE', #200, #3443, #5301, .T. ) ;
#4780 = ORIENTED_EDGE ( 'NONE', *, *, #4942, .F. ) ;
#4781 = DIRECTION ( 'NONE',  ( 0.000000000000000000, 0.000000000000000000, 1.000000000000000000 ) ) ;
#4782 = PLANE ( 'NONE',  #1943 ) ;
#4783 = DIRECTION ( 'NONE',  ( -0.8375721637704707234, 0.5463267067212180805, -0.000000000000000000 ) ) ;
#4784 = CARTESIAN_POINT ( 'NONE',  ( 0.000000000000000000, 0.000000000000000000, 3.000000000000000000 ) ) ;
#4785 = EDGE_CURVE ( 'NONE', #4396, #3229, #4329, .T. ) ;
#4786 = ORIENTED_EDGE ( 'NONE', *, *, #537, .F. ) ;
#4787 = EDGE_CURVE ( 'NONE', #1030, #4098, #2344, .T. ) ;
#4788 = EDGE_LOOP ( 'NONE', ( #1132, #3779, #411, #3012 ) ) ;
#4789 = EDGE_LOOP ( 'NONE', ( #5169, #75, #2800, #2652 ) ) ;
#4790 = CARTESIAN_POINT ( 'NONE',  ( 0.3883374136555626244, -40.87187053907685907, 0.000000000000000000 ) ) ;
#4791 = FACE_OUTER_BOUND ( 'NONE', #1477, .T. ) ;
#4792 = DIRECTION ( 'NONE',  ( -0.000000000000000000, -0.000000000000000000, -1.000000000000000000 ) ) ;
#4793 = CARTESIAN_POINT ( 'NONE',  ( -7.957593093618509528, -41.83999058504191026, 0.000000000000000000 ) ) ;
#4794 = ORIENTED_EDGE ( 'NONE', *, *, #4999, .T. ) ;
#4795 = CARTESIAN_POINT ( 'NONE',  ( -24.80021947308628327, -16.45397107347496046, 3.000000000000000000 ) ) ;
#4796 = EDGE_CURVE ( 'NONE', #1779, #2071, #4839, .T. ) ;
#4797 = EDGE_LOOP ( 'NONE', ( #4641, #974 ) ) ;
#4798 = ORIENTED_EDGE ( 'NONE', *, *, #4230, .T. ) ;
#4799 = DIRECTION ( 'NONE',  ( -0.000000000000000000, -0.000000000000000000, -1.000000000000000000 ) ) ;
#4800 = DIRECTION ( 'NONE',  ( 0.000000000000000000, 0.000000000000000000, -1.000000000000000000 ) ) ;
#4801 = ORIENTED_EDGE ( 'NONE', *, *, #3642, .T. ) ;
#4802 = ORIENTED_EDGE ( 'NONE', *, *, #3021, .F. ) ;
#4803 = LINE ( 'NONE', #1775, #1390 ) ;
#4804 = CARTESIAN_POINT ( 'NONE',  ( 35.19267991137068918, 20.46393609590061757, 0.000000000000000000 ) ) ;
#4805 = CYLINDRICAL_SURFACE ( 'NONE', #3313, 8.694264425220769255 ) ;
#4806 = VERTEX_POINT ( 'NONE', #3111 ) ;
#4807 = ORIENTED_EDGE ( 'NONE', *, *, #4710, .F. ) ;
#4808 = CARTESIAN_POINT ( 'NONE',  ( 24.39471196875903303, 33.01215321642968092, 0.000000000000000000 ) ) ;
#4809 = DIRECTION ( 'NONE',  ( -0.3090169943747440029, -0.9510565162952197005, 0.000000000000000000 ) ) ;
#4810 = FACE_OUTER_BOUND ( 'NONE', #1093, .T. ) ;
#4811 = AXIS2_PLACEMENT_3D ( 'NONE', #1217, #394, #847 ) ;
#4812 = ORIENTED_EDGE ( 'NONE', *, *, #1947, .T. ) ;
#4813 = ORIENTED_EDGE ( 'NONE', *, *, #5538, .F. ) ;
#4814 = CARTESIAN_POINT ( 'NONE',  ( -16.29376525559255384, 24.90576768131550978, 3.000000000000000000 ) ) ;
#4815 = FACE_OUTER_BOUND ( 'NONE', #1858, .T. ) ;
#4816 = CIRCLE ( 'NONE', #933, 4.005000000000005222 ) ;
#4817 = DIRECTION ( 'NONE',  ( -0.000000000000000000, -0.000000000000000000, 1.000000000000000000 ) ) ;
#4818 = DIRECTION ( 'NONE',  ( -1.000000000000000000, 0.000000000000000000, 0.000000000000000000 ) ) ;
#4819 = EDGE_CURVE ( 'NONE', #2844, #3775, #3139, .T. ) ;
#4820 = ORIENTED_EDGE ( 'NONE', *, *, #5175, .F. ) ;
#4821 = CARTESIAN_POINT ( 'NONE',  ( -38.56881604959896492, -18.06528517716225579, 3.000000000000000000 ) ) ;
#4822 = ADVANCED_FACE ( 'NONE', ( #1421 ), #118, .F. ) ;
#4823 = VECTOR ( 'NONE', #2045, 1000.000000000000000 ) ;
#4824 = ORIENTED_EDGE ( 'NONE', *, *, #1947, .F. ) ;
#4825 = ORIENTED_EDGE ( 'NONE', *, *, #3228, .F. ) ;
#4826 = ORIENTED_EDGE ( 'NONE', *, *, #347, .T. ) ;
#4827 = VECTOR ( 'NONE', #1191, 1000.000000000000114 ) ;
#4828 = DIRECTION ( 'NONE',  ( 0.5406926394229637500, -0.8412202266195392131, -0.000000000000000000 ) ) ;
#4829 = DIRECTION ( 'NONE',  ( 0.000000000000000000, 0.000000000000000000, -1.000000000000000000 ) ) ;
#4830 = CIRCLE ( 'NONE', #32, 4.005000000000006111 ) ;
#4831 = ORIENTED_EDGE ( 'NONE', *, *, #1720, .F. ) ;
#4832 = AXIS2_PLACEMENT_3D ( 'NONE', #356, #5585, #9 ) ;
#4833 = EDGE_CURVE ( 'NONE', #1442, #4395, #352, .T. ) ;
#4834 = ORIENTED_EDGE ( 'NONE', *, *, #2083, .T. ) ;
#4835 = VERTEX_POINT ( 'NONE', #3084 ) ;
#4836 = ADVANCED_FACE ( 'NONE', ( #1517 ), #646, .F. ) ;
#4837 = DIRECTION ( 'NONE',  ( 0.8368276178719317171, 0.5474664720024307041, -0.000000000000000000 ) ) ;
#4838 = CARTESIAN_POINT ( 'NONE',  ( -36.58472689284099744, -6.071532165918824830E-15, 0.000000000000000000 ) ) ;
#4839 = LINE ( 'NONE', #5265, #2059 ) ;
#4840 = EDGE_CURVE ( 'NONE', #224, #1349, #4959, .T. ) ;
#4841 = AXIS2_PLACEMENT_3D ( 'NONE', #859, #4733, #4760 ) ;
#4842 = ORIENTED_EDGE ( 'NONE', *, *, #5423, .F. ) ;
#4843 = DIRECTION ( 'NONE',  ( -0.000000000000000000, -0.000000000000000000, -1.000000000000000000 ) ) ;
#4844 = CARTESIAN_POINT ( 'NONE',  ( -29.94915852961053204, 26.86437988392644982, 0.000000000000000000 ) ) ;
#4845 = DIRECTION ( 'NONE',  ( 1.000000000000000000, 0.000000000000000000, 0.000000000000000000 ) ) ;
#4846 = ADVANCED_FACE ( 'NONE', ( #3554 ), #451, .F. ) ;
#4847 = VERTEX_POINT ( 'NONE', #1325 ) ;
#4848 = EDGE_LOOP ( 'NONE', ( #4831, #282, #1225, #4624 ) ) ;
#4849 = EDGE_LOOP ( 'NONE', ( #5559, #4434 ) ) ;
#4850 = FACE_OUTER_BOUND ( 'NONE', #4404, .T. ) ;
#4851 = CARTESIAN_POINT ( 'NONE',  ( -32.78112118826260257, 24.03241722527427271, 0.000000000000000000 ) ) ;
#4852 = LINE ( 'NONE', #2705, #153 ) ;
#4853 = PLANE ( 'NONE',  #2304 ) ;
#4854 = DIRECTION ( 'NONE',  ( 0.000000000000000000, 0.000000000000000000, 1.000000000000000000 ) ) ;
#4855 = EDGE_CURVE ( 'NONE', #2254, #2986, #5236, .T. ) ;
#4856 = EDGE_CURVE ( 'NONE', #2457, #4121, #3054, .T. ) ;
#4857 = ORIENTED_EDGE ( 'NONE', *, *, #1446, .F. ) ;
#4858 = VERTEX_POINT ( 'NONE', #3890 ) ;
#4859 = CARTESIAN_POINT ( 'NONE',  ( -3.673940397442076533E-15, -30.00000000000000000, 10.00000000000000000 ) ) ;
#4860 = CARTESIAN_POINT ( 'NONE',  ( -17.66384276087269356, 38.75431277831109611, 3.000000000000000000 ) ) ;
#4861 = ORIENTED_EDGE ( 'NONE', *, *, #1086, .T. ) ;
#4862 = ORIENTED_EDGE ( 'NONE', *, *, #3704, .F. ) ;
#4863 = VERTEX_POINT ( 'NONE', #3922 ) ;
#4864 = ADVANCED_FACE ( 'NONE', ( #1777 ), #4805, .T. ) ;
#4865 = ORIENTED_EDGE ( 'NONE', *, *, #3657, .T. ) ;
#4866 = DIRECTION ( 'NONE',  ( -0.000000000000000000, -0.000000000000000000, 1.000000000000000000 ) ) ;
#4867 = CIRCLE ( 'NONE', #4140, 8.694264425220763925 ) ;
#4868 = DIRECTION ( 'NONE',  ( 1.000000000000000000, 0.000000000000000000, 0.000000000000000000 ) ) ;
#4869 = DIRECTION ( 'NONE',  ( -0.000000000000000000, -0.000000000000000000, -1.000000000000000000 ) ) ;
#4870 = EDGE_CURVE ( 'NONE', #756, #2711, #513, .T. ) ;
#4871 = AXIS2_PLACEMENT_3D ( 'NONE', #3146, #552, #973 ) ;
#4872 = EDGE_CURVE ( 'NONE', #4587, #1642, #1602, .T. ) ;
#4873 = ORIENTED_EDGE ( 'NONE', *, *, #410, .T. ) ;
#4874 = DIRECTION ( 'NONE',  ( 0.000000000000000000, -0.000000000000000000, -1.000000000000000000 ) ) ;
#4875 = ORIENTED_EDGE ( 'NONE', *, *, #2275, .F. ) ;
#4876 = CARTESIAN_POINT ( 'NONE',  ( 17.21325967034675841, 38.23122844270247356, 0.000000000000000000 ) ) ;
#4877 = CARTESIAN_POINT ( 'NONE',  ( 30.00000000000000000, -5.510910596163123477E-15, 3.490000000000000213 ) ) ;
#4878 = AXIS2_PLACEMENT_3D ( 'NONE', #2748, #4898, #3194 ) ;
#4879 = ORIENTED_EDGE ( 'NONE', *, *, #4106, .F. ) ;
#4880 = VERTEX_POINT ( 'NONE', #1598 ) ;
#4881 = CARTESIAN_POINT ( 'NONE',  ( -38.21857202264936149, -17.13203161488463877, 0.000000000000000000 ) ) ;
#4882 = DIRECTION ( 'NONE',  ( 0.000000000000000000, 0.000000000000000000, 1.000000000000000000 ) ) ;
#4883 = LINE ( 'NONE', #978, #3378 ) ;
#4884 = LINE ( 'NONE', #5315, #3024 ) ;
#4885 = DIRECTION ( 'NONE',  ( 0.000000000000000000, 0.000000000000000000, -1.000000000000000000 ) ) ;
#4886 = ORIENTED_EDGE ( 'NONE', *, *, #2682, .F. ) ;
#4887 = ORIENTED_EDGE ( 'NONE', *, *, #4909, .T. ) ;
#4888 = DIRECTION ( 'NONE',  ( 0.9510565162951533091, 0.3090169943749481729, 0.000000000000000000 ) ) ;
#4889 = DIRECTION ( 'NONE',  ( 0.9510565162951574170, -0.3090169943749353498, 0.000000000000000000 ) ) ;
#4890 = VERTEX_POINT ( 'NONE', #279 ) ;
#4891 = ORIENTED_EDGE ( 'NONE', *, *, #4638, .F. ) ;
#4892 = ORIENTED_EDGE ( 'NONE', *, *, #2580, .T. ) ;
#4893 = ORIENTED_EDGE ( 'NONE', *, *, #2116, .F. ) ;
#4894 = DIRECTION ( 'NONE',  ( 0.8090169943749518922, -0.5877852522924666978, 0.000000000000000000 ) ) ;
#4895 = VERTEX_POINT ( 'NONE', #5445 ) ;
#4896 = EDGE_CURVE ( 'NONE', #2041, #4346, #3765, .T. ) ;
#4897 = DIRECTION ( 'NONE',  ( -0.9510565162951555296, 0.3090169943749411230, 0.000000000000000000 ) ) ;
#4898 = DIRECTION ( 'NONE',  ( 0.000000000000000000, 0.000000000000000000, 1.000000000000000000 ) ) ;
#4899 = CARTESIAN_POINT ( 'NONE',  ( -31.01462764118189952, 28.15835394795178814, 0.000000000000000000 ) ) ;
#4900 = ADVANCED_FACE ( 'NONE', ( #5481 ), #746, .T. ) ;
#4901 = EDGE_CURVE ( 'NONE', #2851, #4409, #2590, .T. ) ;
#4902 = VERTEX_POINT ( 'NONE', #1179 ) ;
#4903 = CARTESIAN_POINT ( 'NONE',  ( -36.58472689284099744, -6.071532165918824830E-15, 0.000000000000000000 ) ) ;
#4904 = DIRECTION ( 'NONE',  ( 0.3090169943749581649, -0.9510565162951500895, 0.000000000000000000 ) ) ;
#4905 = CARTESIAN_POINT ( 'NONE',  ( -20.50176531472157393, 37.33076102867553914, 0.000000000000000000 ) ) ;
#4906 = CARTESIAN_POINT ( 'NONE',  ( -12.33792604892930278, 38.88526790231278341, 0.000000000000000000 ) ) ;
#4907 = CIRCLE ( 'NONE', #2284, 8.694264425220763925 ) ;
#4908 = LINE ( 'NONE', #2246, #2336 ) ;
#4909 = EDGE_CURVE ( 'NONE', #3713, #1799, #2047, .T. ) ;
#4910 = AXIS2_PLACEMENT_3D ( 'NONE', #3888, #1323, #869 ) ;
#4911 = VERTEX_POINT ( 'NONE', #3687 ) ;
#4912 = ORIENTED_EDGE ( 'NONE', *, *, #4211, .F. ) ;
#4913 = LINE ( 'NONE', #2713, #3370 ) ;
#4914 = DIRECTION ( 'NONE',  ( -0.000000000000000000, -0.000000000000000000, 1.000000000000000000 ) ) ;
#4915 = ORIENTED_EDGE ( 'NONE', *, *, #1125, .T. ) ;
#4916 = VECTOR ( 'NONE', #4837, 1000.000000000000000 ) ;
#4917 = AXIS2_PLACEMENT_3D ( 'NONE', #3183, #4406, #4888 ) ;
#4918 = ORIENTED_EDGE ( 'NONE', *, *, #480, .F. ) ;
#4919 = CIRCLE ( 'NONE', #2750, 4.005000000000004334 ) ;
#4920 = VECTOR ( 'NONE', #898, 999.9999999999998863 ) ;
#4921 = CARTESIAN_POINT ( 'NONE',  ( -28.83146179316142010, -31.34732701315175873, 0.000000000000000000 ) ) ;
#4922 = VECTOR ( 'NONE', #4084, 1000.000000000000000 ) ;
#4923 = CIRCLE ( 'NONE', #2478, 8.694264425220765702 ) ;
#4924 = EDGE_CURVE ( 'NONE', #4949, #602, #1154, .T. ) ;
#4925 = DIRECTION ( 'NONE',  ( -0.8368276178719308289, 0.5474664720024320363, -0.000000000000000000 ) ) ;
#4926 = VECTOR ( 'NONE', #4217, 1000.000000000000114 ) ;
#4927 = LINE ( 'NONE', #1868, #540 ) ;
#4928 = DIRECTION ( 'NONE',  ( 1.000000000000000000, 0.000000000000000000, 0.000000000000000000 ) ) ;
#4929 = AXIS2_PLACEMENT_3D ( 'NONE', #5281, #3153, #5249 ) ;
#4930 = ORIENTED_EDGE ( 'NONE', *, *, #2899, .F. ) ;
#4931 = ORIENTED_EDGE ( 'NONE', *, *, #5459, .T. ) ;
#4932 = CARTESIAN_POINT ( 'NONE',  ( 31.36840236821782213, -27.82005574930080982, 0.000000000000000000 ) ) ;
#4933 = EDGE_CURVE ( 'NONE', #5013, #224, #188, .T. ) ;
#4934 = FACE_OUTER_BOUND ( 'NONE', #2066, .T. ) ;
#4935 = DIRECTION ( 'NONE',  ( 0.3603684498749616938, 0.9328100451510571434, -0.000000000000000000 ) ) ;
#4936 = CARTESIAN_POINT ( 'NONE',  ( 39.80845132062497527, -8.678897630670904917, 0.000000000000000000 ) ) ;
#4937 = LINE ( 'NONE', #3539, #2880 ) ;
#4938 = VERTEX_POINT ( 'NONE', #302 ) ;
#4939 = EDGE_LOOP ( 'NONE', ( #2842, #438, #5376, #1019 ) ) ;
#4940 = AXIS2_PLACEMENT_3D ( 'NONE', #4521, #679, #1158 ) ;
#4941 = ORIENTED_EDGE ( 'NONE', *, *, #3244, .T. ) ;
#4942 = EDGE_CURVE ( 'NONE', #1799, #5074, #3325, .T. ) ;
#4943 = DIRECTION ( 'NONE',  ( 0.000000000000000000, 0.000000000000000000, 1.000000000000000000 ) ) ;
#4944 = LINE ( 'NONE', #4860, #3914 ) ;
#4945 = ORIENTED_EDGE ( 'NONE', *, *, #2695, .F. ) ;
#4946 = VERTEX_POINT ( 'NONE', #5508 ) ;
#4947 = FACE_OUTER_BOUND ( 'NONE', #1884, .T. ) ;
#4948 = EDGE_CURVE ( 'NONE', #3443, #2471, #877, .T. ) ;
#4949 = VERTEX_POINT ( 'NONE', #2419 ) ;
#4950 = AXIS2_PLACEMENT_3D ( 'NONE', #246, #4962, #2440 ) ;
#4951 = DIRECTION ( 'NONE',  ( -0.000000000000000000, -0.000000000000000000, 1.000000000000000000 ) ) ;
#4952 = DIRECTION ( 'NONE',  ( -0.000000000000000000, -0.000000000000000000, -1.000000000000000000 ) ) ;
#4953 = CYLINDRICAL_SURFACE ( 'NONE', #5411, 4.005000000000005222 ) ;
#4954 = EDGE_CURVE ( 'NONE', #2420, #4847, #2905, .T. ) ;
#4955 = CIRCLE ( 'NONE', #346, 42.59000000000001052 ) ;
#4956 = CARTESIAN_POINT ( 'NONE',  ( -34.58360451648707823, -12.63458943475473362, 3.000000000000000000 ) ) ;
#4957 = DIRECTION ( 'NONE',  ( -0.000000000000000000, -0.000000000000000000, -1.000000000000000000 ) ) ;
#4958 = CIRCLE ( 'NONE', #446, 8.694264425220769255 ) ;
#4959 = CIRCLE ( 'NONE', #5493, 4.005000000000003446 ) ;
#4960 = DIRECTION ( 'NONE',  ( 0.9648138802460276553, -0.2629337872632644957, -0.000000000000000000 ) ) ;
#4961 = DIRECTION ( 'NONE',  ( -1.000000000000000000, 0.000000000000000000, 0.000000000000000000 ) ) ;
#4962 = DIRECTION ( 'NONE',  ( 0.000000000000000000, 0.000000000000000000, 1.000000000000000000 ) ) ;
#4963 = EDGE_CURVE ( 'NONE', #4516, #4729, #1614, .T. ) ;
#4964 = EDGE_CURVE ( 'NONE', #5072, #4059, #175, .T. ) ;
#4965 = ORIENTED_EDGE ( 'NONE', *, *, #2360, .T. ) ;
#4966 = CARTESIAN_POINT ( 'NONE',  ( -37.15235299575998340, 20.82332266662659848, 3.000000000000000000 ) ) ;
#4967 = DIRECTION ( 'NONE',  ( 0.000000000000000000, 0.000000000000000000, 1.000000000000000000 ) ) ;
#4968 = DIRECTION ( 'NONE',  ( -0.000000000000000000, -0.000000000000000000, 1.000000000000000000 ) ) ;
#4969 = ORIENTED_EDGE ( 'NONE', *, *, #3235, .F. ) ;
#4970 = FACE_OUTER_BOUND ( 'NONE', #3578, .T. ) ;
#4971 = ORIENTED_EDGE ( 'NONE', *, *, #2886, .F. ) ;
#4972 = ADVANCED_FACE ( 'NONE', ( #4970 ), #2878, .T. ) ;
#4973 = ORIENTED_EDGE ( 'NONE', *, *, #2524, .F. ) ;
#4974 = AXIS2_PLACEMENT_3D ( 'NONE', #2637, #5278, #2331 ) ;
#4975 = PLANE ( 'NONE',  #4269 ) ;
#4976 = EDGE_CURVE ( 'NONE', #157, #4755, #700, .T. ) ;
#4977 = EDGE_CURVE ( 'NONE', #4362, #2625, #1434, .T. ) ;
#4978 = ORIENTED_EDGE ( 'NONE', *, *, #480, .T. ) ;
#4979 = DIRECTION ( 'NONE',  ( -1.000000000000000000, 0.000000000000000000, 0.000000000000000000 ) ) ;
#4980 = DIRECTION ( 'NONE',  ( -1.000000000000000000, 0.000000000000000000, 0.000000000000000000 ) ) ;
#4981 = CARTESIAN_POINT ( 'NONE',  ( -36.77037256503021467, -16.20307056412915969, 3.000000000000000000 ) ) ;
#4982 = AXIS2_PLACEMENT_3D ( 'NONE', #4580, #4161, #4983 ) ;
#4983 = DIRECTION ( 'NONE',  ( 1.000000000000000000, 0.000000000000000000, 0.000000000000000000 ) ) ;
#4984 = LINE ( 'NONE', #2381, #5087 ) ;
#4985 = DIRECTION ( 'NONE',  ( -0.000000000000000000, -0.000000000000000000, -1.000000000000000000 ) ) ;
#4986 = CARTESIAN_POINT ( 'NONE',  ( -25.98076211353316367, -14.99999999999999467, 10.00000000000000000 ) ) ;
#4987 = DIRECTION ( 'NONE',  ( -0.000000000000000000, -0.000000000000000000, -1.000000000000000000 ) ) ;
#4988 = EDGE_LOOP ( 'NONE', ( #3091, #2342, #389, #4108 ) ) ;
#4989 = ORIENTED_EDGE ( 'NONE', *, *, #4167, .T. ) ;
#4990 = LINE ( 'NONE', #3661, #2405 ) ;
#4991 = VECTOR ( 'NONE', #3170, 1000.000000000000000 ) ;
#4992 = CARTESIAN_POINT ( 'NONE',  ( 42.30279717274501650, 4.937757726093640720, 0.000000000000000000 ) ) ;
#4993 = CARTESIAN_POINT ( 'NONE',  ( -7.957593093619142799, 41.83999058504179658, 0.000000000000000000 ) ) ;
#4994 = DIRECTION ( 'NONE',  ( 1.000000000000000000, 0.000000000000000000, 0.000000000000000000 ) ) ;
#4995 = ORIENTED_EDGE ( 'NONE', *, *, #1529, .F. ) ;
#4996 = AXIS2_PLACEMENT_3D ( 'NONE', #3223, #4502, #4957 ) ;
#4997 = VERTEX_POINT ( 'NONE', #1541 ) ;
#4998 = CARTESIAN_POINT ( 'NONE',  ( -2.125000000000000888, 30.00000000000000000, 3.490000000000000213 ) ) ;
#4999 = EDGE_CURVE ( 'NONE', #4652, #376, #5323, .T. ) ;
#5000 = AXIS2_PLACEMENT_3D ( 'NONE', #3800, #1521, #3692 ) ;
#5001 = AXIS2_PLACEMENT_3D ( 'NONE', #5514, #2942, #3349 ) ;
#5002 = AXIS2_PLACEMENT_3D ( 'NONE', #4437, #2341, #5367 ) ;
#5003 = ORIENTED_EDGE ( 'NONE', *, *, #2506, .F. ) ;
#5004 = CARTESIAN_POINT ( 'NONE',  ( -3.659028418257547877, -40.25987024618076049, 0.000000000000000000 ) ) ;
#5005 = EDGE_CURVE ( 'NONE', #1753, #3612, #2700, .T. ) ;
#5006 = AXIS2_PLACEMENT_3D ( 'NONE', #3252, #3308, #3701 ) ;
#5007 = CARTESIAN_POINT ( 'NONE',  ( 0.3883374136555626244, -40.87187053907685907, 3.000000000000000000 ) ) ;
#5008 = CARTESIAN_POINT ( 'NONE',  ( -20.76266961515214859, -36.39352824830955768, 0.000000000000000000 ) ) ;
#5009 = VECTOR ( 'NONE', #3818, 1000.000000000000114 ) ;
#5010 = AXIS2_PLACEMENT_3D ( 'NONE', #5161, #2548, #1680 ) ;
#5011 = AXIS2_PLACEMENT_3D ( 'NONE', #1472, #4770, #4318 ) ;
#5012 = AXIS2_PLACEMENT_3D ( 'NONE', #5306, #4358, #3145 ) ;
#5013 = VERTEX_POINT ( 'NONE', #3292 ) ;
#5014 = DIRECTION ( 'NONE',  ( 0.9989412903386077902, -0.04600324397949896033, -0.000000000000000000 ) ) ;
#5015 = DIRECTION ( 'NONE',  ( 0.000000000000000000, -0.000000000000000000, -1.000000000000000000 ) ) ;
#5016 = CIRCLE ( 'NONE', #1498, 8.694264425220769255 ) ;
#5017 = DIRECTION ( 'NONE',  ( -1.000000000000000000, 0.000000000000000000, 0.000000000000000000 ) ) ;
#5018 = DIRECTION ( 'NONE',  ( 0.000000000000000000, 0.000000000000000000, -1.000000000000000000 ) ) ;
#5019 = CARTESIAN_POINT ( 'NONE',  ( 9.082501176170758583, -40.91370791742376412, 0.000000000000000000 ) ) ;
#5020 = ORIENTED_EDGE ( 'NONE', *, *, #5535, .F. ) ;
#5021 = EDGE_LOOP ( 'NONE', ( #3608, #2941, #2046, #4274 ) ) ;
#5022 = DIRECTION ( 'NONE',  ( 0.000000000000000000, 0.000000000000000000, 1.000000000000000000 ) ) ;
#5023 = CARTESIAN_POINT ( 'NONE',  ( 0.2966633858254068001, 40.88639027866684472, 0.000000000000000000 ) ) ;
#5024 = CARTESIAN_POINT ( 'NONE',  ( -8.332926048929298446, 38.88526790231278341, 0.000000000000000000 ) ) ;
#5025 = ORIENTED_EDGE ( 'NONE', *, *, #3284, .T. ) ;
#5026 = DIRECTION ( 'NONE',  ( 0.000000000000000000, 0.000000000000000000, 1.000000000000000000 ) ) ;
#5027 = ORIENTED_EDGE ( 'NONE', *, *, #5032, .T. ) ;
#5028 = EDGE_CURVE ( 'NONE', #4755, #157, #1334, .T. ) ;
#5029 = ADVANCED_FACE ( 'NONE', ( #3013 ), #2522, .T. ) ;
#5030 = ORIENTED_EDGE ( 'NONE', *, *, #3168, .F. ) ;
#5031 = CARTESIAN_POINT ( 'NONE',  ( -15.90640717830370932, 37.06703595085587466, 3.000000000000000000 ) ) ;
#5032 = EDGE_CURVE ( 'NONE', #4215, #635, #3953, .T. ) ;
#5033 = VERTEX_POINT ( 'NONE', #1682 ) ;
#5034 = DIRECTION ( 'NONE',  ( 1.000000000000000000, 0.000000000000000000, 0.000000000000000000 ) ) ;
#5035 = DIRECTION ( 'NONE',  ( 0.2544461159514273541, 0.9670869526972395436, -0.000000000000000000 ) ) ;
#5036 = CYLINDRICAL_SURFACE ( 'NONE', #2426, 4.005000000000001670 ) ;
#5037 = EDGE_CURVE ( 'NONE', #2715, #2473, #2421, .T. ) ;
#5038 = AXIS2_PLACEMENT_3D ( 'NONE', #2072, #1150, #252 ) ;
#5039 = VECTOR ( 'NONE', #2310, 1000.000000000000000 ) ;
#5040 = CARTESIAN_POINT ( 'NONE',  ( 0.000000000000000000, 0.000000000000000000, 0.000000000000000000 ) ) ;
#5041 = DIRECTION ( 'NONE',  ( 0.000000000000000000, 0.000000000000000000, -1.000000000000000000 ) ) ;
#5042 = CARTESIAN_POINT ( 'NONE',  ( -20.16727271007438560, -34.89601652554507183, 0.000000000000000000 ) ) ;
#5043 = DIRECTION ( 'NONE',  ( -1.000000000000000000, 0.000000000000000000, 0.000000000000000000 ) ) ;
#5044 = PLANE ( 'NONE',  #5408 ) ;
#5045 = VECTOR ( 'NONE', #5181, 1000.000000000000114 ) ;
#5046 = ORIENTED_EDGE ( 'NONE', *, *, #3549, .F. ) ;
#5047 = VERTEX_POINT ( 'NONE', #4253 ) ;
#5048 = CIRCLE ( 'NONE', #2148, 8.694264425220762149 ) ;
#5049 = CIRCLE ( 'NONE', #4063, 8.694264425220769255 ) ;
#5050 = VERTEX_POINT ( 'NONE', #4371 ) ;
#5051 = DIRECTION ( 'NONE',  ( -1.000000000000000000, 0.000000000000000000, 0.000000000000000000 ) ) ;
#5052 = FACE_OUTER_BOUND ( 'NONE', #2181, .T. ) ;
#5053 = ORIENTED_EDGE ( 'NONE', *, *, #304, .F. ) ;
#5054 = CARTESIAN_POINT ( 'NONE',  ( 0.3883374136549826994, 40.87187053907685197, 0.000000000000000000 ) ) ;
#5055 = ORIENTED_EDGE ( 'NONE', *, *, #3821, .T. ) ;
#5056 = VECTOR ( 'NONE', #5035, 1000.000000000000000 ) ;
#5057 = VECTOR ( 'NONE', #3797, 1000.000000000000000 ) ;
#5058 = VERTEX_POINT ( 'NONE', #4282 ) ;
#5059 = DIRECTION ( 'NONE',  ( -0.9325400316191073680, -0.3610665997123440052, 0.000000000000000000 ) ) ;
#5060 = EDGE_CURVE ( 'NONE', #2153, #1538, #1519, .T. ) ;
#5061 = ORIENTED_EDGE ( 'NONE', *, *, #3434, .T. ) ;
#5062 = DIRECTION ( 'NONE',  ( -0.000000000000000000, -0.000000000000000000, -1.000000000000000000 ) ) ;
#5063 = DIRECTION ( 'NONE',  ( -0.3090169943749576098, 0.9510565162951500895, 0.000000000000000000 ) ) ;
#5064 = CARTESIAN_POINT ( 'NONE',  ( 20.76059948172632375, -34.89601652554492972, 0.000000000000000000 ) ) ;
#5065 = EDGE_CURVE ( 'NONE', #200, #3469, #3588, .T. ) ;
#5066 = ORIENTED_EDGE ( 'NONE', *, *, #5488, .T. ) ;
#5067 = LINE ( 'NONE', #765, #661 ) ;
#5068 = DIRECTION ( 'NONE',  ( 0.000000000000000000, 0.000000000000000000, 1.000000000000000000 ) ) ;
#5069 = CARTESIAN_POINT ( 'NONE',  ( 24.24638027584520472, 33.11992249958260004, 0.000000000000000000 ) ) ;
#5070 = ADVANCED_FACE ( 'NONE', ( #1734 ), #1344, .F. ) ;
#5071 = LINE ( 'NONE', #1560, #4055 ) ;
#5072 = VERTEX_POINT ( 'NONE', #1231 ) ;
#5073 = ORIENTED_EDGE ( 'NONE', *, *, #3605, .F. ) ;
#5074 = VERTEX_POINT ( 'NONE', #382 ) ;
#5075 = DIRECTION ( 'NONE',  ( 1.000000000000000000, 0.000000000000000000, 0.000000000000000000 ) ) ;
#5076 = CARTESIAN_POINT ( 'NONE',  ( -27.86445552330835085, 10.45734996973792086, 3.000000000000000000 ) ) ;
#5077 = LINE ( 'NONE', #3258, #3643 ) ;
#5078 = CARTESIAN_POINT ( 'NONE',  ( -38.21857202264963860, 17.13203161488413784, 0.000000000000000000 ) ) ;
#5079 = EDGE_CURVE ( 'NONE', #30, #174, #1073, .T. ) ;
#5080 = ORIENTED_EDGE ( 'NONE', *, *, #4654, .F. ) ;
#5081 = DIRECTION ( 'NONE',  ( -1.000000000000000000, 0.000000000000000000, 0.000000000000000000 ) ) ;
#5082 = EDGE_LOOP ( 'NONE', ( #2337, #3059, #4826, #1251 ) ) ;
#5083 = FACE_BOUND ( 'NONE', #4704, .T. ) ;
#5084 = VECTOR ( 'NONE', #3385, 1000.000000000000000 ) ;
#5085 = ADVANCED_FACE ( 'NONE', ( #3880 ), #5561, .F. ) ;
#5086 = VERTEX_POINT ( 'NONE', #1259 ) ;
#5087 = VECTOR ( 'NONE', #5386, 1000.000000000000114 ) ;
#5088 = LINE ( 'NONE', #1739, #4021 ) ;
#5089 = DIRECTION ( 'NONE',  ( 0.7829358478692661771, -0.6221024498595335572, -0.000000000000000000 ) ) ;
#5090 = DIRECTION ( 'NONE',  ( -0.000000000000000000, -0.000000000000000000, -1.000000000000000000 ) ) ;
#5091 = VECTOR ( 'NONE', #4829, 1000.000000000000000 ) ;
#5092 = EDGE_CURVE ( 'NONE', #941, #3490, #4312, .T. ) ;
#5093 = AXIS2_PLACEMENT_3D ( 'NONE', #3232, #5289, #3212 ) ;
#5094 = LINE ( 'NONE', #5122, #2824 ) ;
#5095 = VECTOR ( 'NONE', #5089, 1000.000000000000000 ) ;
#5096 = CARTESIAN_POINT ( 'NONE',  ( -19.73075383944878780, -33.07778457408817729, 0.000000000000000000 ) ) ;
#5097 = AXIS2_PLACEMENT_3D ( 'NONE', #1767, #2095, #3820 ) ;
#5098 = DIRECTION ( 'NONE',  ( 1.000000000000000000, 0.000000000000000000, 0.000000000000000000 ) ) ;
#5099 = DIRECTION ( 'NONE',  ( 0.000000000000000000, 0.000000000000000000, 1.000000000000000000 ) ) ;
#5100 = AXIS2_PLACEMENT_3D ( 'NONE', #2234, #3962, #96 ) ;
#5101 = VERTEX_POINT ( 'NONE', #4705 ) ;
#5102 = EDGE_CURVE ( 'NONE', #4806, #762, #4494, .T. ) ;
#5103 = ORIENTED_EDGE ( 'NONE', *, *, #64, .T. ) ;
#5104 = VERTEX_POINT ( 'NONE', #499 ) ;
#5105 = FACE_OUTER_BOUND ( 'NONE', #5082, .T. ) ;
#5106 = CARTESIAN_POINT ( 'NONE',  ( -17.12500000000002842, 25.98076211353313525, 0.000000000000000000 ) ) ;
#5107 = PLANE ( 'NONE',  #4841 ) ;
#5108 = DIRECTION ( 'NONE',  ( 0.000000000000000000, -0.000000000000000000, 1.000000000000000000 ) ) ;
#5109 = ORIENTED_EDGE ( 'NONE', *, *, #2106, .T. ) ;
#5110 = EDGE_CURVE ( 'NONE', #3617, #3285, #1316, .T. ) ;
#5111 = CIRCLE ( 'NONE', #2669, 27.00000000000000000 ) ;
#5112 = CARTESIAN_POINT ( 'NONE',  ( -17.66384276087269001, 38.75431277831108901, 0.000000000000000000 ) ) ;
#5113 = EDGE_CURVE ( 'NONE', #5602, #5033, #2128, .T. ) ;
#5114 = DIRECTION ( 'NONE',  ( 1.000000000000000000, 0.000000000000000000, 0.000000000000000000 ) ) ;
#5115 = ORIENTED_EDGE ( 'NONE', *, *, #5484, .T. ) ;
#5116 = LINE ( 'NONE', #1740, #4920 ) ;
#5117 = ORIENTED_EDGE ( 'NONE', *, *, #2450, .T. ) ;
#5118 = CARTESIAN_POINT ( 'NONE',  ( 37.21864685947038254, -20.70459914970671278, 3.000000000000000000 ) ) ;
#5119 = CYLINDRICAL_SURFACE ( 'NONE', #4598, 4.005000000000003446 ) ;
#5120 = EDGE_CURVE ( 'NONE', #1490, #301, #4867, .T. ) ;
#5121 = PRODUCT_DEFINITION_SHAPE ( 'NONE', 'NONE',  #2890 ) ;
#5122 = CARTESIAN_POINT ( 'NONE',  ( -8.382234244845214732, -39.51178793479910212, 0.000000000000000000 ) ) ;
#5123 = CARTESIAN_POINT ( 'NONE',  ( 17.21325967034728421, -38.23122844270221776, 3.000000000000000000 ) ) ;
#5124 = CARTESIAN_POINT ( 'NONE',  ( -41.64616578940574243, -4.398584119330291031, 0.000000000000000000 ) ) ;
#5125 = EDGE_CURVE ( 'NONE', #452, #5365, #3371, .T. ) ;
#5126 = CARTESIAN_POINT ( 'NONE',  ( 0.000000000000000000, 0.000000000000000000, 0.000000000000000000 ) ) ;
#5127 = ORIENTED_EDGE ( 'NONE', *, *, #4901, .T. ) ;
#5128 = VERTEX_POINT ( 'NONE', #2212 ) ;
#5129 = LINE ( 'NONE', #3901, #1891 ) ;
#5130 = CARTESIAN_POINT ( 'NONE',  ( -15.00000000000002842, 25.98076211353313525, 0.000000000000000000 ) ) ;
#5131 = VECTOR ( 'NONE', #919, 1000.000000000000000 ) ;
#5132 = LINE ( 'NONE', #4672, #1218 ) ;
#5133 = FACE_OUTER_BOUND ( 'NONE', #490, .T. ) ;
#5134 = EDGE_CURVE ( 'NONE', #4735, #1760, #5223, .T. ) ;
#5135 = EDGE_LOOP ( 'NONE', ( #3379, #4666 ) ) ;
#5136 = DIRECTION ( 'NONE',  ( -0.000000000000000000, -0.000000000000000000, -1.000000000000000000 ) ) ;
#5137 = AXIS2_PLACEMENT_3D ( 'NONE', #2813, #5437, #3226 ) ;
#5138 = CARTESIAN_POINT ( 'NONE',  ( -36.18304898080720022, -21.08415842533863227, 0.000000000000000000 ) ) ;
#5139 = EDGE_CURVE ( 'NONE', #2032, #5202, #1880, .T. ) ;
#5140 = EDGE_LOOP ( 'NONE', ( #18, #3239, #796, #1495 ) ) ;
#5141 = CARTESIAN_POINT ( 'NONE',  ( 40.55653363200659101, -3.955691804083528940, 0.000000000000000000 ) ) ;
#5142 = AXIS2_PLACEMENT_3D ( 'NONE', #1033, #4882, #3071 ) ;
#5143 = VECTOR ( 'NONE', #2035, 1000.000000000000000 ) ;
#5144 = EDGE_CURVE ( 'NONE', #2189, #3326, #5583, .T. ) ;
#5145 = EDGE_LOOP ( 'NONE', ( #2796, #1014, #913, #4022 ) ) ;
#5146 = CARTESIAN_POINT ( 'NONE',  ( -20.50176531472102326, -37.33076102867584467, 0.000000000000000000 ) ) ;
#5147 = ORIENTED_EDGE ( 'NONE', *, *, #1237, .T. ) ;
#5148 = CARTESIAN_POINT ( 'NONE',  ( -34.00000000000000000, 0.000000000000000000, 3.490000000000000213 ) ) ;
#5149 = DIRECTION ( 'NONE',  ( -1.000000000000000000, 0.000000000000000000, 0.000000000000000000 ) ) ;
#5150 = ADVANCED_FACE ( 'NONE', ( #587 ), #1012, .F. ) ;
#5151 = CARTESIAN_POINT ( 'NONE',  ( -15.00000000000001066, -25.98076211353315301, 10.00000000000000000 ) ) ;
#5152 = CARTESIAN_POINT ( 'NONE',  ( -3.673940397442076533E-15, -30.00000000000000000, 0.000000000000000000 ) ) ;
#5153 = DIRECTION ( 'NONE',  ( 0.000000000000000000, 0.000000000000000000, 1.000000000000000000 ) ) ;
#5154 = CARTESIAN_POINT ( 'NONE',  ( -15.00000000000002842, 25.98076211353313525, 10.00000000000000000 ) ) ;
#5155 = EDGE_LOOP ( 'NONE', ( #2701, #1277, #5303, #197 ) ) ;
#5156 = ORIENTED_EDGE ( 'NONE', *, *, #304, .T. ) ;
#5157 = ORIENTED_EDGE ( 'NONE', *, *, #5144, .F. ) ;
#5158 = CARTESIAN_POINT ( 'NONE',  ( -38.58860451648724421, 12.63458943475418295, 0.000000000000000000 ) ) ;
#5159 = CARTESIAN_POINT ( 'NONE',  ( -16.74447303340718207, 38.39834553817225071, 3.000000000000000000 ) ) ;
#5160 = CARTESIAN_POINT ( 'NONE',  ( 41.16853392490270380, -0.09167402782926549476, 3.000000000000000000 ) ) ;
#5161 = CARTESIAN_POINT ( 'NONE',  ( 0.000000000000000000, 0.000000000000000000, 0.000000000000000000 ) ) ;
#5162 = ORIENTED_EDGE ( 'NONE', *, *, #4515, .T. ) ;
#5163 = CARTESIAN_POINT ( 'NONE',  ( 30.00000000000000000, -5.510910596163123477E-15, 10.00000000000000000 ) ) ;
#5164 = EDGE_LOOP ( 'NONE', ( #3822, #2130 ) ) ;
#5165 = CARTESIAN_POINT ( 'NONE',  ( -38.54646659099314832, 12.71728977000928218, 0.000000000000000000 ) ) ;
#5166 = ORIENTED_EDGE ( 'NONE', *, *, #2261, .F. ) ;
#5167 = DIRECTION ( 'NONE',  ( 1.000000000000000000, 0.000000000000000000, 0.000000000000000000 ) ) ;
#5168 = EDGE_CURVE ( 'NONE', #2254, #3160, #2052, .T. ) ;
#5169 = ORIENTED_EDGE ( 'NONE', *, *, #2237, .F. ) ;
#5170 = LINE ( 'NONE', #4351, #4367 ) ;
#5171 = VECTOR ( 'NONE', #4471, 1000.000000000000114 ) ;
#5172 = DIRECTION ( 'NONE',  ( 0.000000000000000000, 0.000000000000000000, -1.000000000000000000 ) ) ;
#5173 = DIRECTION ( 'NONE',  ( -0.8090169943749422332, -0.5877852522924802425, 0.000000000000000000 ) ) ;
#5174 = AXIS2_PLACEMENT_3D ( 'NONE', #4492, #5325, #3636 ) ;
#5175 = EDGE_CURVE ( 'NONE', #4004, #218, #2874, .T. ) ;
#5176 = EDGE_LOOP ( 'NONE', ( #1988, #3660, #1489, #3403 ) ) ;
#5177 = CARTESIAN_POINT ( 'NONE',  ( 7.825468090788809228, -28.71491074616223926, 3.000000000000000000 ) ) ;
#5178 = CARTESIAN_POINT ( 'NONE',  ( -31.05746264471077822, 29.14347463965810903, 0.000000000000000000 ) ) ;
#5179 = DIRECTION ( 'NONE',  ( 1.000000000000000000, 0.000000000000000000, 0.000000000000000000 ) ) ;
#5180 = CIRCLE ( 'NONE', #1562, 8.694264425220762149 ) ;
#5181 = DIRECTION ( 'NONE',  ( 0.7745362051883644128, 0.6325295778478725595, -0.000000000000000000 ) ) ;
#5182 = VECTOR ( 'NONE', #722, 1000.000000000000114 ) ;
#5183 = ORIENTED_EDGE ( 'NONE', *, *, #5201, .T. ) ;
#5184 = ORIENTED_EDGE ( 'NONE', *, *, #4271, .F. ) ;
#5185 = CIRCLE ( 'NONE', #3372, 8.694264425220772807 ) ;
#5186 = CIRCLE ( 'NONE', #3019, 4.005000000000001670 ) ;
#5187 = DIRECTION ( 'NONE',  ( -0.000000000000000000, -0.000000000000000000, 1.000000000000000000 ) ) ;
#5188 = DIRECTION ( 'NONE',  ( -0.9984324169856262365, -0.05597060578768664474, 0.000000000000000000 ) ) ;
#5189 = CARTESIAN_POINT ( 'NONE',  ( -12.24625202109975675, 38.89978764190294669, 3.000000000000000000 ) ) ;
#5190 = CYLINDRICAL_SURFACE ( 'NONE', #4832, 8.694264425220771031 ) ;
#5191 = ORIENTED_EDGE ( 'NONE', *, *, #3532, .F. ) ;
#5192 = DIRECTION ( 'NONE',  ( -0.000000000000000000, -0.000000000000000000, -1.000000000000000000 ) ) ;
#5193 = AXIS2_PLACEMENT_3D ( 'NONE', #3333, #3036, #2537 ) ;
#5194 = AXIS2_PLACEMENT_3D ( 'NONE', #4670, #2068, #2983 ) ;
#5195 = DIRECTION ( 'NONE',  ( -0.2629337872632645512, -0.9648138802460277663, 0.000000000000000000 ) ) ;
#5196 = ORIENTED_EDGE ( 'NONE', *, *, #1514, .T. ) ;
#5197 = COLOUR_RGB ( '',0.7921568627450980005, 0.8196078431372548767, 0.9333333333333333481 ) ;
#5198 = DIRECTION ( 'NONE',  ( -0.000000000000000000, -0.000000000000000000, 1.000000000000000000 ) ) ;
#5199 = CARTESIAN_POINT ( 'NONE',  ( -17.66384276087219263, -38.75431277831131638, 3.000000000000000000 ) ) ;
#5200 = AXIS2_PLACEMENT_3D ( 'NONE', #1280, #3010, #4279 ) ;
#5201 = EDGE_CURVE ( 'NONE', #5322, #2858, #3860, .T. ) ;
#5202 = VERTEX_POINT ( 'NONE', #5316 ) ;
#5203 = CYLINDRICAL_SURFACE ( 'NONE', #4910, 42.59000000000001052 ) ;
#5204 = CARTESIAN_POINT ( 'NONE',  ( 41.77658695461941818, -8.284013666280584332, 3.000000000000000000 ) ) ;
#5205 = DIRECTION ( 'NONE',  ( 0.5877852522924743583, -0.8090169943749464521, 0.000000000000000000 ) ) ;
#5206 = ORIENTED_EDGE ( 'NONE', *, *, #1923, .T. ) ;
#5207 = EDGE_CURVE ( 'NONE', #1497, #2032, #4937, .T. ) ;
#5208 = ORIENTED_EDGE ( 'NONE', *, *, #2049, .F. ) ;
#5209 = CARTESIAN_POINT ( 'NONE',  ( 33.41658588540837371, -23.94971689001946658, 3.000000000000000000 ) ) ;
#5210 = DIRECTION ( 'NONE',  ( -0.000000000000000000, -0.000000000000000000, -1.000000000000000000 ) ) ;
#5211 = CARTESIAN_POINT ( 'NONE',  ( 34.00000000000000000, 4.163799117101000559E-15, 3.000000000000000000 ) ) ;
#5212 = ORIENTED_EDGE ( 'NONE', *, *, #4070, .F. ) ;
#5213 = FACE_OUTER_BOUND ( 'NONE', #1612, .T. ) ;
#5214 = EDGE_CURVE ( 'NONE', #5047, #968, #4585, .T. ) ;
#5215 = ORIENTED_EDGE ( 'NONE', *, *, #2374, .F. ) ;
#5216 = ORIENTED_EDGE ( 'NONE', *, *, #4683, .F. ) ;
#5217 = EDGE_LOOP ( 'NONE', ( #3102, #2960, #2451, #2268 ) ) ;
#5218 = DIRECTION ( 'NONE',  ( 0.5877852522924711387, 0.8090169943749488946, 0.000000000000000000 ) ) ;
#5219 = DIRECTION ( 'NONE',  ( 0.000000000000000000, 0.000000000000000000, 1.000000000000000000 ) ) ;
#5220 = FACE_OUTER_BOUND ( 'NONE', #4665, .T. ) ;
#5221 = DIRECTION ( 'NONE',  ( 0.000000000000000000, 0.000000000000000000, 1.000000000000000000 ) ) ;
#5222 = VERTEX_POINT ( 'NONE', #4821 ) ;
#5223 = LINE ( 'NONE', #4795, #5131 ) ;
#5224 = LINE ( 'NONE', #2183, #1296 ) ;
#5225 = ORIENTED_EDGE ( 'NONE', *, *, #51, .F. ) ;
#5226 = AXIS2_PLACEMENT_3D ( 'NONE', #1143, #294, #1617 ) ;
#5227 = ORIENTED_EDGE ( 'NONE', *, *, #1267, .T. ) ;
#5228 = DIRECTION ( 'NONE',  ( 1.000000000000000000, 0.000000000000000000, 0.000000000000000000 ) ) ;
#5229 = CARTESIAN_POINT ( 'NONE',  ( 28.10576211353315301, -15.00000000000001421, 0.000000000000000000 ) ) ;
#5230 = VECTOR ( 'NONE', #3309, 1000.000000000000000 ) ;
#5231 = EDGE_CURVE ( 'NONE', #3241, #522, #5252, .T. ) ;
#5232 = ORIENTED_EDGE ( 'NONE', *, *, #3335, .T. ) ;
#5233 = VECTOR ( 'NONE', #2259, 1000.000000000000000 ) ;
#5234 = CARTESIAN_POINT ( 'NONE',  ( 31.42062151281991333, 28.75156767461765739, 3.000000000000000000 ) ) ;
#5235 = CYLINDRICAL_SURFACE ( 'NONE', #3730, 8.694264425220769255 ) ;
#5236 = LINE ( 'NONE', #903, #2873 ) ;
#5237 = VERTEX_POINT ( 'NONE', #4433 ) ;
#5238 = DIRECTION ( 'NONE',  ( 0.000000000000000000, -0.000000000000000000, 1.000000000000000000 ) ) ;
#5239 = EDGE_CURVE ( 'NONE', #224, #146, #3097, .T. ) ;
#5240 = FACE_OUTER_BOUND ( 'NONE', #4117, .T. ) ;
#5241 = DIRECTION ( 'NONE',  ( 1.000000000000000000, 0.000000000000000000, 0.000000000000000000 ) ) ;
#5242 = ORIENTED_EDGE ( 'NONE', *, *, #3033, .T. ) ;
#5243 = EDGE_LOOP ( 'NONE', ( #471, #5371, #1889, #2604 ) ) ;
#5244 = ORIENTED_EDGE ( 'NONE', *, *, #920, .T. ) ;
#5245 = ORIENTED_EDGE ( 'NONE', *, *, #3133, .F. ) ;
#5246 = CARTESIAN_POINT ( 'NONE',  ( 21.27125075187949577, 36.12149989430928798, 0.000000000000000000 ) ) ;
#5247 = ADVANCED_FACE ( 'NONE', ( #4064 ), #4483, .T. ) ;
#5248 = DIRECTION ( 'NONE',  ( -0.000000000000000000, 0.000000000000000000, -1.000000000000000000 ) ) ;
#5249 = DIRECTION ( 'NONE',  ( -1.000000000000000000, 0.000000000000000000, 0.000000000000000000 ) ) ;
#5250 = DIRECTION ( 'NONE',  ( -1.000000000000000000, 0.000000000000000000, 0.000000000000000000 ) ) ;
#5251 = ORIENTED_EDGE ( 'NONE', *, *, #17, .T. ) ;
#5252 = LINE ( 'NONE', #2734, #3492 ) ;
#5253 = VERTEX_POINT ( 'NONE', #1065 ) ;
#5254 = ORIENTED_EDGE ( 'NONE', *, *, #3235, .T. ) ;
#5255 = EDGE_CURVE ( 'NONE', #504, #1490, #3513, .T. ) ;
#5256 = DIRECTION ( 'NONE',  ( 1.000000000000000000, 0.000000000000000000, 0.000000000000000000 ) ) ;
#5257 = CARTESIAN_POINT ( 'NONE',  ( -23.73575383944928063, 33.07778457408781492, 3.000000000000000000 ) ) ;
#5258 = VECTOR ( 'NONE', #5014, 1000.000000000000114 ) ;
#5259 = ORIENTED_EDGE ( 'NONE', *, *, #233, .T. ) ;
#5260 = ORIENTED_EDGE ( 'NONE', *, *, #2464, .T. ) ;
#5261 = EDGE_LOOP ( 'NONE', ( #3762, #4042, #1335, #598 ) ) ;
#5262 = ORIENTED_EDGE ( 'NONE', *, *, #1611, .T. ) ;
#5263 = DIRECTION ( 'NONE',  ( 0.000000000000000000, 0.000000000000000000, -1.000000000000000000 ) ) ;
#5264 = CARTESIAN_POINT ( 'NONE',  ( -7.733749285333324508, 28.73974898971181702, 3.000000000000000000 ) ) ;
#5265 = CARTESIAN_POINT ( 'NONE',  ( -31.05746264471077822, 29.14347463965810547, 3.000000000000000000 ) ) ;
#5266 = ORIENTED_EDGE ( 'NONE', *, *, #703, .T. ) ;
#5267 = ORIENTED_EDGE ( 'NONE', *, *, #4684, .T. ) ;
#5268 = ORIENTED_EDGE ( 'NONE', *, *, #3789, .F. ) ;
#5269 = CARTESIAN_POINT ( 'NONE',  ( 28.14080578438308677, 31.08960764240097774, 3.000000000000000000 ) ) ;
#5270 = LINE ( 'NONE', #1473, #3157 ) ;
#5271 = DIRECTION ( 'NONE',  ( 0.000000000000000000, 0.000000000000000000, -1.000000000000000000 ) ) ;
#5272 = VECTOR ( 'NONE', #873, 1000.000000000000000 ) ;
#5273 = EDGE_CURVE ( 'NONE', #148, #2255, #5362, .T. ) ;
#5274 = CIRCLE ( 'NONE', #125, 2.124999999999998224 ) ;
#5275 = ORIENTED_EDGE ( 'NONE', *, *, #620, .T. ) ;
#5276 = ORIENTED_EDGE ( 'NONE', *, *, #3038, .F. ) ;
#5277 = ORIENTED_EDGE ( 'NONE', *, *, #954, .T. ) ;
#5278 = DIRECTION ( 'NONE',  ( -0.000000000000000000, 0.000000000000000000, 1.000000000000000000 ) ) ;
#5279 = DIRECTION ( 'NONE',  ( 0.000000000000000000, 0.000000000000000000, 1.000000000000000000 ) ) ;
#5280 = AXIS2_PLACEMENT_3D ( 'NONE', #2822, #1546, #2028 ) ;
#5281 = CARTESIAN_POINT ( 'NONE',  ( 0.000000000000000000, 30.00000000000000000, 3.490000000000000213 ) ) ;
#5282 = DIRECTION ( 'NONE',  ( 0.000000000000000000, 0.000000000000000000, 1.000000000000000000 ) ) ;
#5283 = CARTESIAN_POINT ( 'NONE',  ( -32.78112118826224020, -24.03241722527476298, 3.000000000000000000 ) ) ;
#5284 = EDGE_CURVE ( 'NONE', #296, #3159, #3128, .T. ) ;
#5285 = AXIS2_PLACEMENT_3D ( 'NONE', #4511, #1801, #4407 ) ;
#5286 = EDGE_LOOP ( 'NONE', ( #4124, #4812, #4622, #1178 ) ) ;
#5287 = EDGE_LOOP ( 'NONE', ( #2203, #1194, #1098, #5267 ) ) ;
#5288 = AXIS2_PLACEMENT_3D ( 'NONE', #792, #4694, #5179 ) ;
#5289 = DIRECTION ( 'NONE',  ( 0.000000000000000000, 0.000000000000000000, 1.000000000000000000 ) ) ;
#5290 = CARTESIAN_POINT ( 'NONE',  ( -31.01462764118190307, 28.15835394795178814, 3.000000000000000000 ) ) ;
#5291 = CIRCLE ( 'NONE', #3113, 8.694264425220762149 ) ;
#5292 = ORIENTED_EDGE ( 'NONE', *, *, #1037, .F. ) ;
#5293 = AXIS2_PLACEMENT_3D ( 'NONE', #1229, #5221, #3011 ) ;
#5294 = AXIS2_PLACEMENT_3D ( 'NONE', #337, #2454, #5256 ) ;
#5295 = ADVANCED_FACE ( 'NONE', ( #950 ), #3573, .F. ) ;
#5296 = CIRCLE ( 'NONE', #1491, 2.125000000000001776 ) ;
#5297 = ORIENTED_EDGE ( 'NONE', *, *, #4252, .T. ) ;
#5298 = DIRECTION ( 'NONE',  ( -0.000000000000000000, -0.000000000000000000, -1.000000000000000000 ) ) ;
#5299 = CARTESIAN_POINT ( 'NONE',  ( -42.27354308904191527, 5.182244175925839080, 3.000000000000000000 ) ) ;
#5300 = EDGE_CURVE ( 'NONE', #4396, #3241, #4402, .T. ) ;
#5301 = LINE ( 'NONE', #931, #891 ) ;
#5302 = CIRCLE ( 'NONE', #846, 2.125000000000001776 ) ;
#5303 = ORIENTED_EDGE ( 'NONE', *, *, #4403, .T. ) ;
#5304 = FACE_OUTER_BOUND ( 'NONE', #794, .T. ) ;
#5305 = DIRECTION ( 'NONE',  ( -0.000000000000000000, -0.000000000000000000, 1.000000000000000000 ) ) ;
#5306 = CARTESIAN_POINT ( 'NONE',  ( 0.2966633858259900558, -40.88639027866684472, 0.000000000000000000 ) ) ;
#5307 = DIRECTION ( 'NONE',  ( 0.000000000000000000, 0.000000000000000000, -1.000000000000000000 ) ) ;
#5308 = ORIENTED_EDGE ( 'NONE', *, *, #3855, .T. ) ;
#5309 = ORIENTED_EDGE ( 'NONE', *, *, #2863, .F. ) ;
#5310 = EDGE_CURVE ( 'NONE', #888, #1797, #2966, .T. ) ;
#5311 = LINE ( 'NONE', #1905, #1545 ) ;
#5312 = CYLINDRICAL_SURFACE ( 'NONE', #3106, 8.694264425220763925 ) ;
#5313 = EDGE_CURVE ( 'NONE', #3077, #3542, #4908, .T. ) ;
#5314 = CARTESIAN_POINT ( 'NONE',  ( 38.74107973018853102, -17.69284718012271185, 3.000000000000000000 ) ) ;
#5315 = CARTESIAN_POINT ( 'NONE',  ( 41.72493748217465992, -4.224442581619818782, 0.000000000000000000 ) ) ;
#5316 = CARTESIAN_POINT ( 'NONE',  ( -8.487627998526754425, 41.04109639035729629, 0.000000000000000000 ) ) ;
#5317 = VERTEX_POINT ( 'NONE', #3280 ) ;
#5318 = EDGE_CURVE ( 'NONE', #2664, #2687, #4139, .T. ) ;
#5319 = ORIENTED_EDGE ( 'NONE', *, *, #271, .T. ) ;
#5320 = CYLINDRICAL_SURFACE ( 'NONE', #1748, 2.125000000000000444 ) ;
#5321 = CARTESIAN_POINT ( 'NONE',  ( -17.66384276087269001, 38.75431277831108901, 0.000000000000000000 ) ) ;
#5322 = VERTEX_POINT ( 'NONE', #5473 ) ;
#5323 = CIRCLE ( 'NONE', #77, 42.59000000000001052 ) ;
#5324 = VERTEX_POINT ( 'NONE', #5019 ) ;
#5325 = DIRECTION ( 'NONE',  ( 0.000000000000000000, 0.000000000000000000, 1.000000000000000000 ) ) ;
#5326 = EDGE_CURVE ( 'NONE', #417, #3617, #532, .T. ) ;
#5327 = ORIENTED_EDGE ( 'NONE', *, *, #5037, .F. ) ;
#5328 = CYLINDRICAL_SURFACE ( 'NONE', #2661, 2.124999999999998224 ) ;
#5329 = VERTEX_POINT ( 'NONE', #718 ) ;
#5330 = CARTESIAN_POINT ( 'NONE',  ( 37.36369933668201782, -16.20307056412887903, 0.000000000000000000 ) ) ;
#5331 = EDGE_CURVE ( 'NONE', #1377, #4880, #627, .T. ) ;
#5332 = DIRECTION ( 'NONE',  ( -0.000000000000000000, -0.000000000000000000, -1.000000000000000000 ) ) ;
#5333 = CARTESIAN_POINT ( 'NONE',  ( 37.36369933668176913, 16.20307056412941904, 0.000000000000000000 ) ) ;
#5334 = AXIS2_PLACEMENT_3D ( 'NONE', #5007, #2002, #1056 ) ;
#5335 = VECTOR ( 'NONE', #421, 1000.000000000000000 ) ;
#5336 = ORIENTED_EDGE ( 'NONE', *, *, #2718, .T. ) ;
#5337 = EDGE_LOOP ( 'NONE', ( #1059, #4439, #4382, #1452 ) ) ;
#5338 = LINE ( 'NONE', #4903, #2807 ) ;
#5339 = CARTESIAN_POINT ( 'NONE',  ( -23.80138519710808254, 33.01215321642914091, 0.000000000000000000 ) ) ;
#5340 = EDGE_LOOP ( 'NONE', ( #3398, #5482, #3531, #2166 ) ) ;
#5341 = LINE ( 'NONE', #1482, #3207 ) ;
#5342 = FACE_BOUND ( 'NONE', #4797, .T. ) ;
#5343 = CARTESIAN_POINT ( 'NONE',  ( 0.000000000000000000, 0.000000000000000000, 3.490000000000000213 ) ) ;
#5344 = EDGE_LOOP ( 'NONE', ( #2766, #211 ) ) ;
#5345 = ORIENTED_EDGE ( 'NONE', *, *, #2903, .F. ) ;
#5346 = DIRECTION ( 'NONE',  ( -0.000000000000000000, -0.000000000000000000, -1.000000000000000000 ) ) ;
#5347 = DIRECTION ( 'NONE',  ( 0.9364371775568793854, -0.3508353067883921983, -0.000000000000000000 ) ) ;
#5348 = EDGE_LOOP ( 'NONE', ( #961, #739, #533, #4594 ) ) ;
#5349 = ORIENTED_EDGE ( 'NONE', *, *, #44, .F. ) ;
#5350 = FACE_OUTER_BOUND ( 'NONE', #274, .T. ) ;
#5351 = EDGE_CURVE ( 'NONE', #5222, #3595, #2489, .T. ) ;
#5352 = CARTESIAN_POINT ( 'NONE',  ( -34.00000000000000000, 0.000000000000000000, 3.490000000000000213 ) ) ;
#5353 = CARTESIAN_POINT ( 'NONE',  ( 39.19645102772892642, -12.54291540692517870, 0.000000000000000000 ) ) ;
#5354 = CARTESIAN_POINT ( 'NONE',  ( -23.80138519710759937, -33.01215321642951039, 3.000000000000000000 ) ) ;
#5355 = EDGE_CURVE ( 'NONE', #750, #1593, #2788, .T. ) ;
#5356 = EDGE_LOOP ( 'NONE', ( #725, #2395 ) ) ;
#5357 = LINE ( 'NONE', #5246, #555 ) ;
#5358 = DIRECTION ( 'NONE',  ( 0.000000000000000000, 0.000000000000000000, 1.000000000000000000 ) ) ;
#5359 = DIRECTION ( 'NONE',  ( 1.000000000000000000, 0.000000000000000000, 0.000000000000000000 ) ) ;
#5360 = CARTESIAN_POINT ( 'NONE',  ( 0.000000000000000000, 0.000000000000000000, 0.000000000000000000 ) ) ;
#5361 = VECTOR ( 'NONE', #4661, 1000.000000000000000 ) ;
#5362 = LINE ( 'NONE', #1853, #176 ) ;
#5363 = AXIS2_PLACEMENT_3D ( 'NONE', #3250, #5433, #1109 ) ;
#5364 = ORIENTED_EDGE ( 'NONE', *, *, #3918, .F. ) ;
#5365 = VERTEX_POINT ( 'NONE', #4561 ) ;
#5366 = CARTESIAN_POINT ( 'NONE',  ( -32.12500000000000000, 1.836970198721062721E-15, 10.00000000000000000 ) ) ;
#5367 = DIRECTION ( 'NONE',  ( -1.000000000000000000, 0.000000000000000000, 0.000000000000000000 ) ) ;
#5368 = EDGE_LOOP ( 'NONE', ( #5208, #4311, #4240, #4824 ) ) ;
#5369 = ORIENTED_EDGE ( 'NONE', *, *, #2721, .F. ) ;
#5370 = AXIS2_PLACEMENT_3D ( 'NONE', #2875, #1095, #1118 ) ;
#5371 = ORIENTED_EDGE ( 'NONE', *, *, #5284, .T. ) ;
#5372 = CIRCLE ( 'NONE', #312, 42.59000000000001052 ) ;
#5373 = AXIS2_PLACEMENT_3D ( 'NONE', #2393, #2902, #1624 ) ;
#5374 = CARTESIAN_POINT ( 'NONE',  ( -26.56771649810138669, 30.24582191543568044, 3.000000000000000000 ) ) ;
#5375 = EDGE_CURVE ( 'NONE', #3542, #3362, #5071, .T. ) ;
#5376 = ORIENTED_EDGE ( 'NONE', *, *, #3133, .T. ) ;
#5377 = ADVANCED_FACE ( 'NONE', ( #4584 ), #5044, .F. ) ;
#5378 = FACE_OUTER_BOUND ( 'NONE', #4939, .T. ) ;
#5379 = CIRCLE ( 'NONE', #3745, 2.125000000000000444 ) ;
#5380 = FACE_OUTER_BOUND ( 'NONE', #927, .T. ) ;
#5381 = DIRECTION ( 'NONE',  ( 0.000000000000000000, 0.000000000000000000, -1.000000000000000000 ) ) ;
#5382 = EDGE_CURVE ( 'NONE', #443, #3229, #2411, .T. ) ;
#5383 = CIRCLE ( 'NONE', #5200, 4.005000000000001670 ) ;
#5384 = ORIENTED_EDGE ( 'NONE', *, *, #1037, .T. ) ;
#5385 = CARTESIAN_POINT ( 'NONE',  ( 21.03082861136625681, -37.03528517399777797, 3.000000000000000000 ) ) ;
#5386 = DIRECTION ( 'NONE',  ( -0.7829358478692725054, -0.6221024498595253416, 0.000000000000000000 ) ) ;
#5387 = CARTESIAN_POINT ( 'NONE',  ( 29.06372042894388485, -31.13210970731329752, 0.000000000000000000 ) ) ;
#5388 = CARTESIAN_POINT ( 'NONE',  ( 25.98076211353315301, -15.00000000000001421, 3.490000000000000213 ) ) ;
#5389 = EDGE_CURVE ( 'NONE', #3942, #3454, #1077, .T. ) ;
#5390 = FACE_OUTER_BOUND ( 'NONE', #5368, .T. ) ;
#5391 = AXIS2_PLACEMENT_3D ( 'NONE', #692, #5503, #275 ) ;
#5392 = ORIENTED_EDGE ( 'NONE', *, *, #4933, .F. ) ;
#5393 = ORIENTED_EDGE ( 'NONE', *, *, #4948, .F. ) ;
#5394 = AXIS2_PLACEMENT_3D ( 'NONE', #3498, #5238, #935 ) ;
#5395 = ADVANCED_FACE ( 'NONE', ( #5390 ), #3679, .F. ) ;
#5396 = ORIENTED_EDGE ( 'NONE', *, *, #3940, .F. ) ;
#5397 = DIRECTION ( 'NONE',  ( -0.000000000000000000, -0.000000000000000000, -1.000000000000000000 ) ) ;
#5398 = CARTESIAN_POINT ( 'NONE',  ( 14.99999999999999112, -25.98076211353316367, 3.490000000000000213 ) ) ;
#5399 = DIRECTION ( 'NONE',  ( 0.000000000000000000, 0.000000000000000000, 1.000000000000000000 ) ) ;
#5400 = ORIENTED_EDGE ( 'NONE', *, *, #954, .F. ) ;
#5401 = ORIENTED_EDGE ( 'NONE', *, *, #4177, .F. ) ;
#5402 = DIRECTION ( 'NONE',  ( 1.000000000000000000, 0.000000000000000000, 0.000000000000000000 ) ) ;
#5403 = ORIENTED_EDGE ( 'NONE', *, *, #1630, .T. ) ;
#5404 = AXIS2_PLACEMENT_3D ( 'NONE', #3399, #2987, #2550 ) ;
#5405 = DIRECTION ( 'NONE',  ( -1.000000000000000000, 0.000000000000000000, 0.000000000000000000 ) ) ;
#5406 = CARTESIAN_POINT ( 'NONE',  ( -25.98076211353315657, 15.00000000000000355, 3.490000000000000213 ) ) ;
#5407 = DIRECTION ( 'NONE',  ( -0.000000000000000000, -0.000000000000000000, 1.000000000000000000 ) ) ;
#5408 = AXIS2_PLACEMENT_3D ( 'NONE', #737, #689, #1959 ) ;
#5409 = CARTESIAN_POINT ( 'NONE',  ( -38.56881604959896492, -18.06528517716225224, 0.000000000000000000 ) ) ;
#5410 = CARTESIAN_POINT ( 'NONE',  ( 0.2049893579964236490, -40.87187053907685907, 3.000000000000000000 ) ) ;
#5411 = AXIS2_PLACEMENT_3D ( 'NONE', #1084, #2806, #4523 ) ;
#5412 = CARTESIAN_POINT ( 'NONE',  ( 37.36369933668176913, 16.20307056412941904, 3.000000000000000000 ) ) ;
#5413 = DIRECTION ( 'NONE',  ( 0.000000000000000000, -0.000000000000000000, 1.000000000000000000 ) ) ;
#5414 = CARTESIAN_POINT ( 'NONE',  ( 37.36369933668176913, 16.20307056412941904, 0.000000000000000000 ) ) ;
#5415 = ORIENTED_EDGE ( 'NONE', *, *, #3427, .F. ) ;
#5416 = EDGE_CURVE ( 'NONE', #284, #2715, #3334, .T. ) ;
#5417 = EDGE_LOOP ( 'NONE', ( #647, #2163, #3208, #5364 ) ) ;
#5418 = CARTESIAN_POINT ( 'NONE',  ( 40.55653363200658390, 3.955691804083540042, 3.000000000000000000 ) ) ;
#5419 = DIRECTION ( 'NONE',  ( 1.047656031839925206E-14, -1.000000000000000000, 0.000000000000000000 ) ) ;
#5420 = DIRECTION ( 'NONE',  ( -0.000000000000000000, 0.000000000000000000, 1.000000000000000000 ) ) ;
#5421 = DIRECTION ( 'NONE',  ( 0.000000000000000000, 0.000000000000000000, 1.000000000000000000 ) ) ;
#5422 = ORIENTED_EDGE ( 'NONE', *, *, #4159, .T. ) ;
#5423 = EDGE_CURVE ( 'NONE', #3160, #4911, #1091, .T. ) ;
#5424 = ORIENTED_EDGE ( 'NONE', *, *, #5326, .T. ) ;
#5425 = VECTOR ( 'NONE', #102, 1000.000000000000114 ) ;
#5426 = CARTESIAN_POINT ( 'NONE',  ( 5.337150639699997257, -42.25426514624471963, 0.000000000000000000 ) ) ;
#5427 = ORIENTED_EDGE ( 'NONE', *, *, #3099, .F. ) ;
#5428 = CARTESIAN_POINT ( 'NONE',  ( -4.017551685328694333, -41.70669424522102986, 0.000000000000000000 ) ) ;
#5429 = CARTESIAN_POINT ( 'NONE',  ( 39.13979336264473829, -12.71728977000957528, 0.000000000000000000 ) ) ;
#5430 = CARTESIAN_POINT ( 'NONE',  ( 35.19267991137098051, -20.46393609590010243, 0.000000000000000000 ) ) ;
#5431 = AXIS2_PLACEMENT_3D ( 'NONE', #1505, #4525, #3757 ) ;
#5432 = CARTESIAN_POINT ( 'NONE',  ( 31.42062151282034321, -28.75156767461719909, 3.000000000000000000 ) ) ;
#5433 = DIRECTION ( 'NONE',  ( -0.2629337872632767081, 0.9648138802460244356, 0.000000000000000000 ) ) ;
#5434 = DIRECTION ( 'NONE',  ( -0.000000000000000000, -0.000000000000000000, -1.000000000000000000 ) ) ;
#5435 = CARTESIAN_POINT ( 'NONE',  ( 30.00000000000000000, -5.510910596163123477E-15, 0.000000000000000000 ) ) ;
#5436 = EDGE_CURVE ( 'NONE', #606, #4541, #2463, .T. ) ;
#5437 = DIRECTION ( 'NONE',  ( -0.000000000000000000, 0.000000000000000000, 1.000000000000000000 ) ) ;
#5438 = ORIENTED_EDGE ( 'NONE', *, *, #1506, .F. ) ;
#5439 = ORIENTED_EDGE ( 'NONE', *, *, #1778, .T. ) ;
#5440 = CARTESIAN_POINT ( 'NONE',  ( 32.12500000000000000, -5.250673151344310498E-15, 0.000000000000000000 ) ) ;
#5441 = CIRCLE ( 'NONE', #3717, 4.005000000000005222 ) ;
#5442 = CARTESIAN_POINT ( 'NONE',  ( 17.21325967034675841, 38.23122844270247356, 3.000000000000000000 ) ) ;
#5443 = CARTESIAN_POINT ( 'NONE',  ( 31.42062151281991333, 28.75156767461765384, 0.000000000000000000 ) ) ;
#5444 = ORIENTED_EDGE ( 'NONE', *, *, #1267, .F. ) ;
#5445 = CARTESIAN_POINT ( 'NONE',  ( -20.16727271007489719, 34.89601652554476630, 3.000000000000000000 ) ) ;
#5446 = ORIENTED_EDGE ( 'NONE', *, *, #2759, .F. ) ;
#5447 = EDGE_CURVE ( 'NONE', #3149, #4485, #4195, .T. ) ;
#5448 = ADVANCED_FACE ( 'NONE', ( #1510 ), #1930, .T. ) ;
#5449 = CIRCLE ( 'NONE', #578, 8.694264425220771031 ) ;
#5450 = EDGE_CURVE ( 'NONE', #4997, #3400, #2338, .T. ) ;
#5451 = ORIENTED_EDGE ( 'NONE', *, *, #1997, .T. ) ;
#5452 = DIRECTION ( 'NONE',  ( 0.000000000000000000, 0.000000000000000000, -1.000000000000000000 ) ) ;
#5453 = VECTOR ( 'NONE', #4866, 1000.000000000000000 ) ;
#5454 = EDGE_CURVE ( 'NONE', #4362, #1643, #662, .T. ) ;
#5455 = CIRCLE ( 'NONE', #4010, 4.005000000000001670 ) ;
#5456 = AXIS2_PLACEMENT_3D ( 'NONE', #45, #5590, #2156 ) ;
#5457 = CIRCLE ( 'NONE', #4545, 8.694264425220769255 ) ;
#5458 = ORIENTED_EDGE ( 'NONE', *, *, #2899, .T. ) ;
#5459 = EDGE_CURVE ( 'NONE', #403, #2635, #2704, .T. ) ;
#5460 = DIRECTION ( 'NONE',  ( -0.000000000000000000, -0.000000000000000000, -1.000000000000000000 ) ) ;
#5461 = CIRCLE ( 'NONE', #3022, 42.59000000000001052 ) ;
#5462 = DIRECTION ( 'NONE',  ( -0.000000000000000000, -0.000000000000000000, 1.000000000000000000 ) ) ;
#5463 = FACE_OUTER_BOUND ( 'NONE', #5586, .T. ) ;
#5464 = CIRCLE ( 'NONE', #848, 8.694264425220762149 ) ;
#5465 = AXIS2_PLACEMENT_3D ( 'NONE', #2126, #380, #3905 ) ;
#5466 = ADVANCED_FACE ( 'NONE', ( #820 ), #2950, .F. ) ;
#5467 = AXIS2_PLACEMENT_3D ( 'NONE', #2141, #1, #2062 ) ;
#5468 = ORIENTED_EDGE ( 'NONE', *, *, #4307, .F. ) ;
#5469 = LINE ( 'NONE', #1530, #3987 ) ;
#5470 = CYLINDRICAL_SURFACE ( 'NONE', #3720, 8.694264425220771031 ) ;
#5471 = DIRECTION ( 'NONE',  ( 0.000000000000000000, -0.000000000000000000, 1.000000000000000000 ) ) ;
#5472 = CARTESIAN_POINT ( 'NONE',  ( 32.12500000000000000, -5.250673151344310498E-15, 3.490000000000000213 ) ) ;
#5473 = CARTESIAN_POINT ( 'NONE',  ( -8.487627998526168227, -41.04109639035737445, 0.000000000000000000 ) ) ;
#5474 = ADVANCED_FACE ( 'NONE', ( #3389 ), #4695, .F. ) ;
#5475 = EDGE_LOOP ( 'NONE', ( #4043, #1743, #1085, #5427 ) ) ;
#5476 = EDGE_LOOP ( 'NONE', ( #2729, #2147, #4674, #4305 ) ) ;
#5477 = DIRECTION ( 'NONE',  ( 0.000000000000000000, 0.000000000000000000, 1.000000000000000000 ) ) ;
#5478 = LINE ( 'NONE', #5505, #1039 ) ;
#5479 = DIRECTION ( 'NONE',  ( -0.000000000000000000, -0.000000000000000000, 1.000000000000000000 ) ) ;
#5480 = EDGE_LOOP ( 'NONE', ( #4570, #2678, #2286, #747 ) ) ;
#5481 = FACE_OUTER_BOUND ( 'NONE', #5570, .T. ) ;
#5482 = ORIENTED_EDGE ( 'NONE', *, *, #12, .T. ) ;
#5483 = ADVANCED_FACE ( 'NONE', ( #427 ), #1304, .F. ) ;
#5484 = EDGE_CURVE ( 'NONE', #5086, #975, #83, .T. ) ;
#5485 = ADVANCED_FACE ( 'NONE', ( #3064 ), #3415, .T. ) ;
#5486 = ORIENTED_EDGE ( 'NONE', *, *, #2353, .T. ) ;
#5487 = DIRECTION ( 'NONE',  ( -1.000000000000000000, 0.000000000000000000, 0.000000000000000000 ) ) ;
#5488 = EDGE_CURVE ( 'NONE', #2349, #4384, #990, .T. ) ;
#5489 = EDGE_LOOP ( 'NONE', ( #4746, #4780 ) ) ;
#5490 = LINE ( 'NONE', #923, #1404 ) ;
#5491 = FACE_OUTER_BOUND ( 'NONE', #3919, .T. ) ;
#5492 = DIRECTION ( 'NONE',  ( 1.000000000000000000, 0.000000000000000000, 0.000000000000000000 ) ) ;
#5493 = AXIS2_PLACEMENT_3D ( 'NONE', #4777, #4327, #2366 ) ;
#5494 = AXIS2_PLACEMENT_3D ( 'NONE', #2039, #4611, #3656 ) ;
#5495 = ADVANCED_FACE ( 'NONE', ( #2119 ), #851, .T. ) ;
#5496 = LINE ( 'NONE', #2459, #370 ) ;
#5497 = DIRECTION ( 'NONE',  ( -1.000000000000000000, 0.000000000000000000, 0.000000000000000000 ) ) ;
#5498 = CARTESIAN_POINT ( 'NONE',  ( -40.58972689284099999, -6.071532165918824830E-15, 0.000000000000000000 ) ) ;
#5499 = CARTESIAN_POINT ( 'NONE',  ( 4.597221758082342014, -41.66633502243075071, 0.000000000000000000 ) ) ;
#5500 = ORIENTED_EDGE ( 'NONE', *, *, #1862, .F. ) ;
#5501 = ORIENTED_EDGE ( 'NONE', *, *, #2396, .F. ) ;
#5502 = AXIS2_PLACEMENT_3D ( 'NONE', #3410, #1665, #2532 ) ;
#5503 = DIRECTION ( 'NONE',  ( 0.000000000000000000, 0.000000000000000000, 1.000000000000000000 ) ) ;
#5504 = DIRECTION ( 'NONE',  ( 0.000000000000000000, 0.000000000000000000, -1.000000000000000000 ) ) ;
#5505 = CARTESIAN_POINT ( 'NONE',  ( -36.18304898080749865, 21.08415842533809581, 0.000000000000000000 ) ) ;
#5506 = CARTESIAN_POINT ( 'NONE',  ( -31.01462764118189952, 28.15835394795178814, 3.000000000000000000 ) ) ;
#5507 = ORIENTED_EDGE ( 'NONE', *, *, #467, .F. ) ;
#5508 = CARTESIAN_POINT ( 'NONE',  ( 36.33288492289351979, -20.94598947935082833, 3.000000000000000000 ) ) ;
#5509 = ORIENTED_EDGE ( 'NONE', *, *, #467, .T. ) ;
#5510 = ORIENTED_EDGE ( 'NONE', *, *, #4870, .F. ) ;
#5511 = PLANE ( 'NONE',  #27 ) ;
#5512 = ORIENTED_EDGE ( 'NONE', *, *, #5488, .F. ) ;
#5513 = ORIENTED_EDGE ( 'NONE', *, *, #3580, .F. ) ;
#5514 = CARTESIAN_POINT ( 'NONE',  ( 14.99999999999966604, 25.98076211353335196, 10.00000000000000000 ) ) ;
#5515 = CARTESIAN_POINT ( 'NONE',  ( 18.82542399532793098, 23.05184290672048775, 3.000000000000000000 ) ) ;
#5516 = CARTESIAN_POINT ( 'NONE',  ( 39.18193128813884840, -12.63458943475443519, 0.000000000000000000 ) ) ;
#5517 = EDGE_CURVE ( 'NONE', #146, #3533, #4676, .T. ) ;
#5518 = CARTESIAN_POINT ( 'NONE',  ( -28.10576211353316012, -14.99999999999999467, 10.00000000000000000 ) ) ;
#5519 =( NAMED_UNIT ( * ) PLANE_ANGLE_UNIT ( ) SI_UNIT ( $, .RADIAN. ) );
#5520 = DIRECTION ( 'NONE',  ( -0.8375721637704566236, -0.5463267067212396189, 0.000000000000000000 ) ) ;
#5521 = CARTESIAN_POINT ( 'NONE',  ( 39.18193128813884840, -12.63458943475443519, 0.000000000000000000 ) ) ;
#5522 = ADVANCED_FACE ( 'NONE', ( #5213 ), #1221, .F. ) ;
#5523 = ORIENTED_EDGE ( 'NONE', *, *, #2088, .T. ) ;
#5524 = ORIENTED_EDGE ( 'NONE', *, *, #4036, .F. ) ;
#5525 = CARTESIAN_POINT ( 'NONE',  ( 0.000000000000000000, 0.000000000000000000, 3.000000000000000000 ) ) ;
#5526 = LINE ( 'NONE', #3340, #1494 ) ;
#5527 = DIRECTION ( 'NONE',  ( -1.000000000000000000, 0.000000000000000000, 0.000000000000000000 ) ) ;
#5528 = CARTESIAN_POINT ( 'NONE',  ( -40.57520715325102145, -0.09167402782957295715, 0.000000000000000000 ) ) ;
#5529 = EDGE_LOOP ( 'NONE', ( #3982, #2803, #4615, #3994 ) ) ;
#5530 = DIRECTION ( 'NONE',  ( -1.000000000000000000, 0.000000000000000000, 0.000000000000000000 ) ) ;
#5531 = DIRECTION ( 'NONE',  ( 1.000000000000000000, 0.000000000000000000, 0.000000000000000000 ) ) ;
#5532 = EDGE_LOOP ( 'NONE', ( #207, #2871, #2453, #665 ) ) ;
#5533 = DIRECTION ( 'NONE',  ( 0.000000000000000000, 0.000000000000000000, 1.000000000000000000 ) ) ;
#5534 = CIRCLE ( 'NONE', #4361, 4.005000000000003446 ) ;
#5535 = EDGE_CURVE ( 'NONE', #4946, #2324, #2792, .T. ) ;
#5536 = ORIENTED_EDGE ( 'NONE', *, *, #866, .T. ) ;
#5537 = AXIS2_PLACEMENT_3D ( 'NONE', #2408, #4162, #2332 ) ;
#5538 = EDGE_CURVE ( 'NONE', #2345, #4858, #1162, .T. ) ;
#5539 = CARTESIAN_POINT ( 'NONE',  ( 17.21325967034675841, 38.23122844270247356, 0.000000000000000000 ) ) ;
#5540 = DIRECTION ( 'NONE',  ( 0.000000000000000000, 0.000000000000000000, 1.000000000000000000 ) ) ;
#5541 = AXIS2_PLACEMENT_3D ( 'NONE', #3686, #5420, #3259 ) ;
#5542 = EDGE_CURVE ( 'NONE', #1625, #2349, #372, .T. ) ;
#5543 = AXIS2_PLACEMENT_3D ( 'NONE', #850, #344, #5098 ) ;
#5544 = DIRECTION ( 'NONE',  ( 0.9648138802460244356, 0.2629337872632767081, -0.000000000000000000 ) ) ;
#5545 = ADVANCED_FACE ( 'NONE', ( #4270 ), #3003, .F. ) ;
#5546 = VECTOR ( 'NONE', #2129, 1000.000000000000000 ) ;
#5547 = DIRECTION ( 'NONE',  ( 0.7806504549208794774, -0.6249678929607697109, 0.000000000000000000 ) ) ;
#5548 = CIRCLE ( 'NONE', #5010, 42.59000000000001052 ) ;
#5549 = CARTESIAN_POINT ( 'NONE',  ( 24.24638027584520472, 33.11992249958260004, 3.000000000000000000 ) ) ;
#5550 = CARTESIAN_POINT ( 'NONE',  ( -3.673940397442076533E-15, -30.00000000000000000, 0.000000000000000000 ) ) ;
#5551 = VECTOR ( 'NONE', #2296, 1000.000000000000000 ) ;
#5552 = ORIENTED_EDGE ( 'NONE', *, *, #1066, .T. ) ;
#5553 = EDGE_LOOP ( 'NONE', ( #1716, #4372, #2204, #1047 ) ) ;
#5554 = DIRECTION ( 'NONE',  ( -0.000000000000000000, -0.000000000000000000, -1.000000000000000000 ) ) ;
#5555 = EDGE_CURVE ( 'NONE', #2688, #5101, #399, .T. ) ;
#5556 = CARTESIAN_POINT ( 'NONE',  ( -40.58972689284099999, -6.071532165918824830E-15, 0.000000000000000000 ) ) ;
#5557 = DIRECTION ( 'NONE',  ( -0.000000000000000000, -0.000000000000000000, -1.000000000000000000 ) ) ;
#5558 = CARTESIAN_POINT ( 'NONE',  ( 28.14080578438354863, -31.08960764240058339, 0.000000000000000000 ) ) ;
#5559 = ORIENTED_EDGE ( 'NONE', *, *, #144, .F. ) ;
#5560 = AXIS2_PLACEMENT_3D ( 'NONE', #3035, #849, #4301 ) ;
#5561 = CYLINDRICAL_SURFACE ( 'NONE', #4671, 2.125000000000001776 ) ;
#5562 = VECTOR ( 'NONE', #3044, 1000.000000000000114 ) ;
#5563 = EDGE_CURVE ( 'NONE', #4121, #157, #3896, .T. ) ;
#5564 = EDGE_CURVE ( 'NONE', #1346, #3629, #1444, .T. ) ;
#5565 = DIRECTION ( 'NONE',  ( 1.000000000000000000, 0.000000000000000000, 0.000000000000000000 ) ) ;
#5566 = EDGE_LOOP ( 'NONE', ( #126, #3076, #5073, #503 ) ) ;
#5567 = EDGE_CURVE ( 'NONE', #522, #1779, #4955, .T. ) ;
#5568 = CYLINDRICAL_SURFACE ( 'NONE', #3014, 34.00000000000000000 ) ;
#5569 = CLOSED_SHELL ( 'NONE', ( #1172, #967, #2368, #1131, #1436, #4203, #516, #1123, #2060, #2949, #5085, #1233, #4074, #2444, #784, #3174, #4354, #2689, #3196, #4900, #240, #4687, #843, #3804, #4128, #2926, #3468, #5495, #5247, #457, #1215, #815, #1543, #1803, #4232, #1386, #97, #1635, #834, #1689, #475, #805, #1888, #4972, #3355, #3981, #3078, #469, #257, #4490, #151, #1358, #1783, #4836, #2534, #2823, #1621, #5029, #4005, #3684, #4612, #203, #247, #944, #2965, #338, #5448, #1264, #4540, #2235, #4416, #3428, #225, #2972, #1485, #1694, #4864, #4601, #2435, #2030, #4496, #2053, #5150, #1451, #5483, #757, #4427, #1657, #845, #1900, #3846, #759, #2790, #3881, #3540, #195, #4344, #3330, #4608, #2799, #88, #4114, #2160, #5485, #4160, #4169, #779, #3393, #1005, #2369, #5295, #1187, #4262, #4194, #5474, #4032, #1222, #3304, #5466, #1074, #3431, #2040, #3783, #309, #2229, #2998, #3773, #3353, #3238, #2850, #5377, #201, #2681, #1382, #1715, #3302, #2571, #671, #1342, #4846, #1161, #5522, #3107, #5395, #4822, #5070, #4290, #4448, #867, #1827, #368, #4056, #2221, #853, #999, #3031, #1735, #2857, #5545, #2860, #3401, #2768 ) ) ;
#5570 = EDGE_LOOP ( 'NONE', ( #2856, #4602, #2232, #1709 ) ) ;
#5571 = PLANE ( 'NONE',  #4625 ) ;
#5572 = CARTESIAN_POINT ( 'NONE',  ( 37.21864685947038254, -20.70459914970671278, 0.000000000000000000 ) ) ;
#5573 = DIRECTION ( 'NONE',  ( 0.000000000000000000, 0.000000000000000000, 1.000000000000000000 ) ) ;
#5574 = DIRECTION ( 'NONE',  ( -1.000000000000000000, 0.000000000000000000, 0.000000000000000000 ) ) ;
#5575 = CARTESIAN_POINT ( 'NONE',  ( -27.87499999999999645, 2.097207643539875305E-15, 0.000000000000000000 ) ) ;
#5576 = CARTESIAN_POINT ( 'NONE',  ( 23.85576211353314946, -15.00000000000001421, 0.000000000000000000 ) ) ;
#5577 = DIRECTION ( 'NONE',  ( -0.000000000000000000, -0.000000000000000000, -1.000000000000000000 ) ) ;
#5578 = AXIS2_PLACEMENT_3D ( 'NONE', #778, #2498, #5530 ) ;
#5579 = ORIENTED_EDGE ( 'NONE', *, *, #2564, .T. ) ;
#5580 = ORIENTED_EDGE ( 'NONE', *, *, #3434, .F. ) ;
#5581 = DIRECTION ( 'NONE',  ( -0.000000000000000000, 0.000000000000000000, -1.000000000000000000 ) ) ;
#5582 = DIRECTION ( 'NONE',  ( -0.3513643657326011582, -0.9362387956570304981, 0.000000000000000000 ) ) ;
#5583 = CIRCLE ( 'NONE', #341, 2.125000000000000888 ) ;
#5584 = CYLINDRICAL_SURFACE ( 'NONE', #4026, 8.694264425220769255 ) ;
#5585 = DIRECTION ( 'NONE',  ( -0.000000000000000000, -0.000000000000000000, 1.000000000000000000 ) ) ;
#5586 = EDGE_LOOP ( 'NONE', ( #5513, #3515, #4435, #2054 ) ) ;
#5587 = DIRECTION ( 'NONE',  ( 0.000000000000000000, 0.000000000000000000, -1.000000000000000000 ) ) ;
#5588 = EDGE_CURVE ( 'NONE', #3799, #921, #2594, .T. ) ;
#5589 = VECTOR ( 'NONE', #2896, 1000.000000000000000 ) ;
#5590 = DIRECTION ( 'NONE',  ( -0.000000000000000000, -0.000000000000000000, -1.000000000000000000 ) ) ;
#5591 = EDGE_LOOP ( 'NONE', ( #3948, #2543 ) ) ;
#5592 = CARTESIAN_POINT ( 'NONE',  ( -42.27354308904191527, 5.182244175925839080, 0.000000000000000000 ) ) ;
#5593 = VECTOR ( 'NONE', #4446, 1000.000000000000000 ) ;
#5594 = AXIS2_PLACEMENT_3D ( 'NONE', #5354, #1474, #4498 ) ;
#5595 = EDGE_CURVE ( 'NONE', #5329, #4210, #4418, .T. ) ;
#5596 = ORIENTED_EDGE ( 'NONE', *, *, #3789, .T. ) ;
#5597 = DIRECTION ( 'NONE',  ( 0.000000000000000000, 0.000000000000000000, -1.000000000000000000 ) ) ;
#5598 = CARTESIAN_POINT ( 'NONE',  ( -2.125000000000004441, -30.00000000000000000, 3.490000000000000213 ) ) ;
#5599 = DIRECTION ( 'NONE',  ( 1.000000000000000000, 1.795725379423897777E-15, 0.000000000000000000 ) ) ;
#5600 = EDGE_CURVE ( 'NONE', #2398, #3607, #1871, .T. ) ;
#5601 = CARTESIAN_POINT ( 'NONE',  ( -28.67190290015344090, -7.981605984022645650, 3.000000000000000000 ) ) ;
#5602 = VERTEX_POINT ( 'NONE', #2726 ) ;
ENDSEC;
END-ISO-10303-21;
