ISO-10303-21;
HEADER;
FILE_DESCRIPTION (( 'STEP AP214' ),
    '1' );
FILE_NAME ('Á¬¸Ë4¸ÄA.STEP',
    '2026-08-16T17:26:50',
    ( '' ),
    ( '' ),
    'SwSTEP 2.0',
    'SolidWorks 2025',
    '' );
FILE_SCHEMA (( 'AUTOMOTIVE_DESIGN' ));
ENDSEC;

DATA;
#1 = CARTESIAN_POINT ( 'NONE',  ( 88.22662171127134911, -9.000000000058374638, 11.99999999999999645 ) ) ;
#2 = CYLINDRICAL_SURFACE ( 'NONE', #3906, 2.000000000000001776 ) ;
#3 = ORIENTED_EDGE ( 'NONE', *, *, #1720, .F. ) ;
#4 = ORIENTED_EDGE ( 'NONE', *, *, #4126, .F. ) ;
#5 = CARTESIAN_POINT ( 'NONE',  ( 22.02499999999999858, 0.000000000000000000, -8.000000000000000000 ) ) ;
#6 = EDGE_CURVE ( 'NONE', #1732, #4080, #3835, .T. ) ;
#7 = ORIENTED_EDGE ( 'NONE', *, *, #5203, .T. ) ;
#8 = LINE ( 'NONE', #3587, #2418 ) ;
#9 = ORIENTED_EDGE ( 'NONE', *, *, #3791, .T. ) ;
#10 = DIRECTION ( 'NONE',  ( 1.000000000000000000, 0.000000000000000000, 0.000000000000000000 ) ) ;
#11 = EDGE_CURVE ( 'NONE', #3098, #2814, #2082, .T. ) ;
#12 = DIRECTION ( 'NONE',  ( -0.000000000000000000, -0.000000000000000000, 1.000000000000000000 ) ) ;
#13 = EDGE_CURVE ( 'NONE', #371, #801, #2950, .T. ) ;
#14 = FACE_OUTER_BOUND ( 'NONE', #4167, .T. ) ;
#15 = DIRECTION ( 'NONE',  ( 1.000000000000000000, 0.000000000000000000, 0.000000000000000000 ) ) ;
#16 = EDGE_LOOP ( 'NONE', ( #3395, #3943, #2549, #5515 ) ) ;
#17 = CARTESIAN_POINT ( 'NONE',  ( 139.4266217112700019, -12.99999999999999467, 0.000000000000000000 ) ) ;
#18 = FACE_BOUND ( 'NONE', #3253, .T. ) ;
#19 = EDGE_CURVE ( 'NONE', #3688, #1469, #2052, .T. ) ;
#20 = ADVANCED_FACE ( 'NONE', ( #2558 ), #1603, .F. ) ;
#21 = EDGE_LOOP ( 'NONE', ( #1292, #1101, #3386, #2874 ) ) ;
#22 = AXIS2_PLACEMENT_3D ( 'NONE', #5165, #2958, #738 ) ;
#23 = DIRECTION ( 'NONE',  ( 0.000000000000000000, 0.000000000000000000, 1.000000000000000000 ) ) ;
#24 = DIRECTION ( 'NONE',  ( 1.000000000000000000, 0.000000000000000000, 0.000000000000000000 ) ) ;
#25 = VECTOR ( 'NONE', #5314, 1000.000000000000000 ) ;
#26 = EDGE_CURVE ( 'NONE', #3039, #2657, #544, .T. ) ;
#27 = DIRECTION ( 'NONE',  ( -0.000000000000000000, -0.000000000000000000, 1.000000000000000000 ) ) ;
#28 = DIRECTION ( 'NONE',  ( 0.000000000000000000, 0.000000000000000000, 1.000000000000000000 ) ) ;
#29 = AXIS2_PLACEMENT_3D ( 'NONE', #4296, #4795, #5701 ) ;
#30 = CARTESIAN_POINT ( 'NONE',  ( 261.6866871440604427, 10.52379439003986406, 0.000000000000000000 ) ) ;
#31 = ORIENTED_EDGE ( 'NONE', *, *, #3777, .F. ) ;
#32 = ORIENTED_EDGE ( 'NONE', *, *, #2229, .F. ) ;
#33 = AXIS2_PLACEMENT_3D ( 'NONE', #2239, #3189, #4972 ) ;
#34 = CYLINDRICAL_SURFACE ( 'NONE', #1790, 2.999999999999836131 ) ;
#35 = ORIENTED_EDGE ( 'NONE', *, *, #5442, .F. ) ;
#36 = EDGE_LOOP ( 'NONE', ( #4876, #3304, #4526, #2059 ) ) ;
#37 = CIRCLE ( 'NONE', #3993, 2.799999999999997158 ) ;
#38 = DIRECTION ( 'NONE',  ( 1.000000000000000000, 1.088026939760487788E-16, 0.000000000000000000 ) ) ;
#39 = ORIENTED_EDGE ( 'NONE', *, *, #5441, .T. ) ;
#40 = AXIS2_PLACEMENT_3D ( 'NONE', #1656, #3868, #2468 ) ;
#41 = EDGE_CURVE ( 'NONE', #2045, #905, #2328, .T. ) ;
#42 = DIRECTION ( 'NONE',  ( -0.000000000000000000, -0.000000000000000000, 1.000000000000000000 ) ) ;
#43 = EDGE_CURVE ( 'NONE', #5608, #2347, #2527, .T. ) ;
#44 = DIRECTION ( 'NONE',  ( -0.000000000000000000, -0.000000000000000000, 1.000000000000000000 ) ) ;
#45 = CYLINDRICAL_SURFACE ( 'NONE', #474, 2.124999999999988010 ) ;
#46 = CARTESIAN_POINT ( 'NONE',  ( -0.000000000000000000, -9.000000000057788441, 12.00000000000000000 ) ) ;
#47 = ORIENTED_EDGE ( 'NONE', *, *, #1763, .F. ) ;
#48 = DIRECTION ( 'NONE',  ( 0.000000000000000000, 0.000000000000000000, 1.000000000000000000 ) ) ;
#49 = AXIS2_PLACEMENT_3D ( 'NONE', #2757, #4603, #5017 ) ;
#50 = ADVANCED_FACE ( 'NONE', ( #4313 ), #676, .T. ) ;
#51 = DIRECTION ( 'NONE',  ( 1.000000000000000000, 0.000000000000000000, 0.000000000000000000 ) ) ;
#52 =( NAMED_UNIT ( * ) SI_UNIT ( $, .STERADIAN. ) SOLID_ANGLE_UNIT ( ) );
#53 = ORIENTED_EDGE ( 'NONE', *, *, #4904, .F. ) ;
#54 = CARTESIAN_POINT ( 'NONE',  ( 90.22662171127113595, -11.23606797755836162, 11.99999999999999645 ) ) ;
#55 = EDGE_CURVE ( 'NONE', #2578, #4148, #3462, .T. ) ;
#56 = CLOSED_SHELL ( 'NONE', ( #3472, #3603, #2285, #4537, #3368, #782, #5744, #2370, #3459, #711, #1160, #3107, #3002, #4092, #2268, #4807, #3178, #1903, #4636, #5201, #3544, #4212, #4106, #3591, #1897, #5321, #3699, #3001, #2391, #3940, #4995, #3175, #2477, #2047, #1303, #863, #4575, #2487, #3346, #5227, #1710, #1144, #3707, #540, #2522, #3186, #2163, #1974, #2134, #5431, #5815, #5082, #1049, #4163, #3874, #4676, #3920, #3642, #1552, #5735, #328, #675, #5807, #4344, #4885, #310, #509, #5738, #2383, #2491, #3275, #3720, #4397, #1694, #4046, #4596, #5013, #2924, #2420, #4841, #50, #5771, #1029, #754, #358, #4117, #1432, #399, #2730, #2717, #1902, #507, #2295, #4155, #475, #1455, #5260, #3556, #2728, #624, #199, #5776, #4852, #2043, #1652, #2572, #4668, #1967, #3884, #5400, #464, #2788, #1321, #940, #4392, #3163, #4835, #3814, #5222, #645, #5368, #969, #4172, #1950, #2292, #2554, #2360, #3142, #5406, #2287, #3311, #2853, #5732, #5177, #1184, #5794, #1725, #3560, #2301, #2198, #2169, #4500, #2543, #5549, #5346, #4713, #4717, #3024, #1262, #899, #3843, #3318, #1523, #3750, #5366, #1499, #145, #2626, #2375, #2022, #4089, #664, #20, #3597, #4645, #1646, #5124, #2430, #489, #3091, #1866, #5543, #1912, #369 ) ) ;
#57 = CARTESIAN_POINT ( 'NONE',  ( 132.6266217112717811, -9.000000000057788441, 6.000000000000000000 ) ) ;
#58 = ORIENTED_EDGE ( 'NONE', *, *, #4919, .T. ) ;
#59 = FACE_BOUND ( 'NONE', #3411, .T. ) ;
#60 = DIRECTION ( 'NONE',  ( 1.000000000000000000, 0.000000000000000000, 0.000000000000000000 ) ) ;
#61 = EDGE_CURVE ( 'NONE', #690, #3688, #3872, .T. ) ;
#62 = ORIENTED_EDGE ( 'NONE', *, *, #3205, .F. ) ;
#63 = PLANE ( 'NONE',  #1314 ) ;
#64 = ORIENTED_EDGE ( 'NONE', *, *, #2938, .T. ) ;
#65 = EDGE_LOOP ( 'NONE', ( #3811, #1844, #4678, #4690 ) ) ;
#66 = DIRECTION ( 'NONE',  ( -0.000000000000000000, -0.000000000000000000, 1.000000000000000000 ) ) ;
#67 = ORIENTED_EDGE ( 'NONE', *, *, #4312, .F. ) ;
#68 = ORIENTED_EDGE ( 'NONE', *, *, #4880, .T. ) ;
#69 = CARTESIAN_POINT ( 'NONE',  ( 92.37572918525138732, 20.00000000000000355, 5.000000000000000000 ) ) ;
#70 = ORIENTED_EDGE ( 'NONE', *, *, #2141, .T. ) ;
#71 = VERTEX_POINT ( 'NONE', #5683 ) ;
#72 = VERTEX_POINT ( 'NONE', #4811 ) ;
#73 = AXIS2_PLACEMENT_3D ( 'NONE', #2123, #4411, #319 ) ;
#74 = CARTESIAN_POINT ( 'NONE',  ( 160.4266217112696040, -12.99999999999997691, -28.99999999999999645 ) ) ;
#75 = CIRCLE ( 'NONE', #1775, 2.124999999999988010 ) ;
#76 = CYLINDRICAL_SURFACE ( 'NONE', #2687, 19.99999999999998934 ) ;
#77 = FACE_OUTER_BOUND ( 'NONE', #4189, .T. ) ;
#78 = DIRECTION ( 'NONE',  ( -0.000000000000000000, 0.000000000000000000, 1.000000000000000000 ) ) ;
#79 = VERTEX_POINT ( 'NONE', #1221 ) ;
#80 = EDGE_CURVE ( 'NONE', #5578, #4016, #1629, .T. ) ;
#81 = DIRECTION ( 'NONE',  ( 1.000000000000000000, -4.625929269272123511E-15, 0.000000000000000000 ) ) ;
#82 = ORIENTED_EDGE ( 'NONE', *, *, #1780, .F. ) ;
#83 = CARTESIAN_POINT ( 'NONE',  ( 156.2799999999999727, -17.00000000000000000, 6.000000000000000000 ) ) ;
#84 = CARTESIAN_POINT ( 'NONE',  ( 194.2799999999999727, -15.00000000000000711, 6.000000000000000000 ) ) ;
#85 = DIRECTION ( 'NONE',  ( 1.000000000000000000, -1.858632295689437976E-15, 0.000000000000000000 ) ) ;
#86 = EDGE_LOOP ( 'NONE', ( #345, #3456, #3889, #1085, #124, #133, #2770, #1666, #3192, #3239, #161, #1057, #3769, #321 ) ) ;
#87 = EDGE_CURVE ( 'NONE', #3038, #1623, #1197, .T. ) ;
#88 = EDGE_CURVE ( 'NONE', #300, #4817, #4782, .T. ) ;
#89 = CARTESIAN_POINT ( 'NONE',  ( -16.78642409890099430, 39.04441017574521311, 11.99999999999999645 ) ) ;
#90 = ORIENTED_EDGE ( 'NONE', *, *, #2916, .T. ) ;
#91 = CIRCLE ( 'NONE', #1690, 2.000000000000001776 ) ;
#92 = VECTOR ( 'NONE', #2293, 1000.000000000000000 ) ;
#93 = CARTESIAN_POINT ( 'NONE',  ( 86.22662171127018382, -11.23606797755581965, 0.000000000000000000 ) ) ;
#94 = AXIS2_PLACEMENT_3D ( 'NONE', #4037, #1305, #4459 ) ;
#95 = EDGE_CURVE ( 'NONE', #1871, #2677, #2111, .T. ) ;
#96 = CIRCLE ( 'NONE', #4797, 2.000000000000001776 ) ;
#97 = LINE ( 'NONE', #1428, #3029 ) ;
#98 = DIRECTION ( 'NONE',  ( 0.000000000000000000, 0.000000000000000000, -1.000000000000000000 ) ) ;
#99 = AXIS2_PLACEMENT_3D ( 'NONE', #1616, #3505, #2990 ) ;
#100 = DIRECTION ( 'NONE',  ( 1.000000000000000000, 0.000000000000000000, 0.000000000000000000 ) ) ;
#101 = ORIENTED_EDGE ( 'NONE', *, *, #5487, .F. ) ;
#103 = EDGE_CURVE ( 'NONE', #737, #4917, #4510, .T. ) ;
#102 = ORIENTED_EDGE ( 'NONE', *, *, #5436, .F. ) ;
#104 = DIRECTION ( 'NONE',  ( -0.000000000000000000, -0.000000000000000000, -1.000000000000000000 ) ) ;
#105 = EDGE_LOOP ( 'NONE', ( #2427, #4822, #5288, #906 ) ) ;
#106 = ORIENTED_EDGE ( 'NONE', *, *, #2744, .T. ) ;
#107 = DIRECTION ( 'NONE',  ( 0.8565678208310234520, 0.5160344642722921593, 0.000000000000000000 ) ) ;
#108 = DIRECTION ( 'NONE',  ( 0.000000000000000000, -0.000000000000000000, -1.000000000000000000 ) ) ;
#109 = FACE_OUTER_BOUND ( 'NONE', #5482, .T. ) ;
#110 = CARTESIAN_POINT ( 'NONE',  ( 33.93924083613035947, -15.00000000000000000, -22.99999999999999645 ) ) ;
#111 = CARTESIAN_POINT ( 'NONE',  ( 131.4266217112710819, 2.696524391936013734E-13, -61.90760220690642512 ) ) ;
#112 = ORIENTED_EDGE ( 'NONE', *, *, #656, .F. ) ;
#113 = CARTESIAN_POINT ( 'NONE',  ( -28.17861993560178036, 21.67868488919257786, 12.00000000000000000 ) ) ;
#114 = EDGE_LOOP ( 'NONE', ( #2317, #4480, #5512, #4584 ) ) ;
#115 = VERTEX_POINT ( 'NONE', #5747 ) ;
#116 = DIRECTION ( 'NONE',  ( 0.000000000000000000, 0.000000000000000000, 1.000000000000000000 ) ) ;
#117 = LINE ( 'NONE', #3657, #3254 ) ;
#118 = AXIS2_PLACEMENT_3D ( 'NONE', #1318, #3045, #407 ) ;
#119 = DIRECTION ( 'NONE',  ( 0.000000000000000000, 0.000000000000000000, -1.000000000000000000 ) ) ;
#120 = ORIENTED_EDGE ( 'NONE', *, *, #2380, .F. ) ;
#121 = CARTESIAN_POINT ( 'NONE',  ( 1.631447392267875385, 27.95243065291929696, 0.000000000000000000 ) ) ;
#122 = CARTESIAN_POINT ( 'NONE',  ( 173.2800000000000011, 11.00000000000000355, 6.000000000000000000 ) ) ;
#123 = CIRCLE ( 'NONE', #1350, 1.600000000000004086 ) ;
#124 = ORIENTED_EDGE ( 'NONE', *, *, #5658, .T. ) ;
#125 = CARTESIAN_POINT ( 'NONE',  ( 171.2800000000000011, 17.00000000000000000, 6.000000000000000000 ) ) ;
#126 = DIRECTION ( 'NONE',  ( 0.9276330718713076129, -0.3734928164912965642, 0.000000000000000000 ) ) ;
#127 = STYLED_ITEM ( 'NONE', ( #1592 ), #3558 ) ;
#128 = VECTOR ( 'NONE', #3391, 1000.000000000000000 ) ;
#129 = DIRECTION ( 'NONE',  ( 0.000000000000000000, -0.000000000000000000, -1.000000000000000000 ) ) ;
#130 = ORIENTED_EDGE ( 'NONE', *, *, #5694, .T. ) ;
#131 = CARTESIAN_POINT ( 'NONE',  ( 225.7562056099600625, -25.40668714406038475, 7.000000000000000000 ) ) ;
#132 = EDGE_LOOP ( 'NONE', ( #2519, #5113 ) ) ;
#133 = ORIENTED_EDGE ( 'NONE', *, *, #995, .T. ) ;
#134 = AXIS2_PLACEMENT_3D ( 'NONE', #2573, #3915, #2933 ) ;
#135 = DIRECTION ( 'NONE',  ( 1.000000000000000000, 0.000000000000000000, 0.000000000000000000 ) ) ;
#136 = EDGE_CURVE ( 'NONE', #2733, #5012, #2026, .T. ) ;
#137 = CARTESIAN_POINT ( 'NONE',  ( 25.50000000000000355, 24.00000000000000000, 0.000000000000000000 ) ) ;
#138 = VECTOR ( 'NONE', #1410, 1000.000000000000000 ) ;
#139 = DIRECTION ( 'NONE',  ( -0.000000000000000000, -0.000000000000000000, 1.000000000000000000 ) ) ;
#140 = CARTESIAN_POINT ( 'NONE',  ( 4.188393941217304572, 10.40259026772773332, -61.90760220690642512 ) ) ;
#141 = DIRECTION ( 'NONE',  ( -0.000000000000000000, -0.000000000000000000, 1.000000000000000000 ) ) ;
#142 = AXIS2_PLACEMENT_3D ( 'NONE', #3977, #1367, #423 ) ;
#143 = EDGE_LOOP ( 'NONE', ( #3878, #3827, #193, #2046, #4716, #3759, #2756, #2944, #58 ) ) ;
#144 = CARTESIAN_POINT ( 'NONE',  ( 133.4266217112711104, 8.999999999942206230, 11.99999999999999645 ) ) ;
#145 = ADVANCED_FACE ( 'NONE', ( #4705 ), #2474, .F. ) ;
#146 = AXIS2_PLACEMENT_3D ( 'NONE', #4816, #5808, #4845 ) ;
#147 = ORIENTED_EDGE ( 'NONE', *, *, #5507, .T. ) ;
#148 = ORIENTED_EDGE ( 'NONE', *, *, #4542, .F. ) ;
#149 = EDGE_CURVE ( 'NONE', #3425, #2677, #752, .T. ) ;
#150 = LINE ( 'NONE', #1953, #1733 ) ;
#151 = DIRECTION ( 'NONE',  ( -0.000000000000000000, -0.000000000000000000, -1.000000000000000000 ) ) ;
#152 = FACE_OUTER_BOUND ( 'NONE', #2106, .T. ) ;
#153 = ORIENTED_EDGE ( 'NONE', *, *, #5558, .F. ) ;
#154 = AXIS2_PLACEMENT_3D ( 'NONE', #4512, #2246, #3140 ) ;
#155 = ORIENTED_EDGE ( 'NONE', *, *, #5284, .T. ) ;
#156 = FACE_OUTER_BOUND ( 'NONE', #3185, .T. ) ;
#157 = CARTESIAN_POINT ( 'NONE',  ( 194.2799999999999727, 13.00000000000000533, 6.000000000000000000 ) ) ;
#158 = DIRECTION ( 'NONE',  ( -1.000000000000000000, 0.000000000000000000, 0.000000000000000000 ) ) ;
#159 = DIRECTION ( 'NONE',  ( 1.000000000000000000, 0.000000000000000000, 0.000000000000000000 ) ) ;
#160 = DIRECTION ( 'NONE',  ( 1.000000000000000000, 0.000000000000000000, 0.000000000000000000 ) ) ;
#161 = ORIENTED_EDGE ( 'NONE', *, *, #4039, .T. ) ;
#162 = DIRECTION ( 'NONE',  ( -0.000000000000000000, -0.000000000000000000, -1.000000000000000000 ) ) ;
#163 = ORIENTED_EDGE ( 'NONE', *, *, #2670, .T. ) ;
#164 = ORIENTED_EDGE ( 'NONE', *, *, #1248, .T. ) ;
#165 = DIRECTION ( 'NONE',  ( -1.000000000000000000, -2.081668171172169253E-16, 0.000000000000000000 ) ) ;
#166 = DIRECTION ( 'NONE',  ( -0.000000000000000000, -0.000000000000000000, 1.000000000000000000 ) ) ;
#167 = DIRECTION ( 'NONE',  ( -0.000000000000000000, -0.000000000000000000, 1.000000000000000000 ) ) ;
#168 = CARTESIAN_POINT ( 'NONE',  ( 1.153962787367908920E-14, -17.00000000000005684, 0.000000000000000000 ) ) ;
#169 = CYLINDRICAL_SURFACE ( 'NONE', #5103, 0.7999999999992318811 ) ;
#170 = VERTEX_POINT ( 'NONE', #1750 ) ;
#171 = EDGE_CURVE ( 'NONE', #640, #4936, #367, .T. ) ;
#172 = LINE ( 'NONE', #3801, #3976 ) ;
#173 = ORIENTED_EDGE ( 'NONE', *, *, #5798, .F. ) ;
#174 = VERTEX_POINT ( 'NONE', #5296 ) ;
#175 = AXIS2_PLACEMENT_3D ( 'NONE', #1471, #5603, #2475 ) ;
#176 = CYLINDRICAL_SURFACE ( 'NONE', #2585, 30.02499999999999858 ) ;
#177 = DIRECTION ( 'NONE',  ( 0.000000000000000000, 0.000000000000000000, -1.000000000000000000 ) ) ;
#178 = CARTESIAN_POINT ( 'NONE',  ( 136.4266217112713377, -9.000000000057788441, 11.99999999999999645 ) ) ;
#179 = EDGE_LOOP ( 'NONE', ( #372, #1190, #3851, #5709, #535, #4156, #4519, #9, #735, #3229, #392, #4581, #937, #5587 ) ) ;
#180 = EDGE_CURVE ( 'NONE', #5033, #4327, #5382, .T. ) ;
#181 = ORIENTED_EDGE ( 'NONE', *, *, #4129, .F. ) ;
#182 = ORIENTED_EDGE ( 'NONE', *, *, #19, .F. ) ;
#183 = DIRECTION ( 'NONE',  ( 1.000000000000000000, 0.000000000000000000, 0.000000000000000000 ) ) ;
#184 = EDGE_LOOP ( 'NONE', ( #4907, #1847, #265, #648 ) ) ;
#185 = VECTOR ( 'NONE', #3548, 1000.000000000000000 ) ;
#186 = DIRECTION ( 'NONE',  ( -0.000000000000000000, -0.000000000000000000, -1.000000000000000000 ) ) ;
#187 = VECTOR ( 'NONE', #628, 1000.000000000000227 ) ;
#188 = CARTESIAN_POINT ( 'NONE',  ( 131.4266217112696040, 13.00000000000000533, -61.90760220690642512 ) ) ;
#189 = AXIS2_PLACEMENT_3D ( 'NONE', #4208, #5101, #5008 ) ;
#190 = AXIS2_PLACEMENT_3D ( 'NONE', #3790, #1867, #4227 ) ;
#191 = VECTOR ( 'NONE', #1524, 1000.000000000000000 ) ;
#192 = LINE ( 'NONE', #1548, #191 ) ;
#193 = ORIENTED_EDGE ( 'NONE', *, *, #2915, .T. ) ;
#194 = PRODUCT_DEFINITION_FORMATION_WITH_SPECIFIED_SOURCE ( 'å¯', '', #585, .NOT_KNOWN. ) ;
#195 = VERTEX_POINT ( 'NONE', #4431 ) ;
#196 = CARTESIAN_POINT ( 'NONE',  ( 218.6237247785160207, 27.87931034482758363, 12.00000000000000000 ) ) ;
#197 = CIRCLE ( 'NONE', #2749, 2.799999999999997158 ) ;
#198 = FACE_OUTER_BOUND ( 'NONE', #5304, .T. ) ;
#199 = ADVANCED_FACE ( 'NONE', ( #1249, #1338 ), #2173, .T. ) ;
#200 = CARTESIAN_POINT ( 'NONE',  ( -42.41311132107753679, 12.50207148577076666, 0.000000000000000000 ) ) ;
#201 = CARTESIAN_POINT ( 'NONE',  ( 173.2800000000000011, -13.00000000000001421, -4.000000000000000000 ) ) ;
#202 = AXIS2_PLACEMENT_3D ( 'NONE', #5356, #1284, #2706 ) ;
#203 = ORIENTED_EDGE ( 'NONE', *, *, #465, .F. ) ;
#204 = CARTESIAN_POINT ( 'NONE',  ( 31.44361024119208281, 17.00000000000000000, 0.000000000000000000 ) ) ;
#205 = ORIENTED_EDGE ( 'NONE', *, *, #3414, .T. ) ;
#206 = EDGE_CURVE ( 'NONE', #1759, #300, #4511, .T. ) ;
#207 = DIRECTION ( 'NONE',  ( -0.000000000000000000, -0.000000000000000000, -1.000000000000000000 ) ) ;
#208 = EDGE_CURVE ( 'NONE', #1670, #1863, #5858, .T. ) ;
#209 = DIRECTION ( 'NONE',  ( 1.000000000000000000, 0.000000000000000000, 0.000000000000000000 ) ) ;
#210 = EDGE_CURVE ( 'NONE', #2773, #233, #3957, .T. ) ;
#211 = CARTESIAN_POINT ( 'NONE',  ( -32.53555902978136061, 5.517009934703099638, 12.00000000000000000 ) ) ;
#212 = ORIENTED_EDGE ( 'NONE', *, *, #5487, .T. ) ;
#213 = EDGE_CURVE ( 'NONE', #4016, #2253, #4902, .T. ) ;
#214 = CARTESIAN_POINT ( 'NONE',  ( -31.98579753385002888, -11.09769147721963556, 0.000000000000000000 ) ) ;
#215 = ORIENTED_EDGE ( 'NONE', *, *, #2915, .F. ) ;
#216 = ORIENTED_EDGE ( 'NONE', *, *, #4085, .F. ) ;
#217 = CARTESIAN_POINT ( 'NONE',  ( 33.63610991735736633, -7.922015543138114957, 0.000000000000000000 ) ) ;
#218 = DIRECTION ( 'NONE',  ( 1.000000000000000000, 0.000000000000000000, 0.000000000000000000 ) ) ;
#219 = EDGE_CURVE ( 'NONE', #2329, #3693, #4234, .T. ) ;
#220 = CARTESIAN_POINT ( 'NONE',  ( 93.62490428381995855, 17.40021923747444177, 12.00000000000000000 ) ) ;
#221 = ORIENTED_EDGE ( 'NONE', *, *, #5469, .T. ) ;
#222 = CARTESIAN_POINT ( 'NONE',  ( 80.57028722478011673, 6.199999999941616657, -43.50958291931527810 ) ) ;
#223 = DIRECTION ( 'NONE',  ( 1.088026939760487788E-16, 1.000000000000000000, -0.000000000000000000 ) ) ;
#224 = AXIS2_PLACEMENT_3D ( 'NONE', #598, #2929, #631 ) ;
#225 = EDGE_CURVE ( 'NONE', #4779, #3441, #3479, .T. ) ;
#226 = VECTOR ( 'NONE', #2425, 1000.000000000000000 ) ;
#227 = AXIS2_PLACEMENT_3D ( 'NONE', #5564, #1487, #2016 ) ;
#228 = LINE ( 'NONE', #3439, #3529 ) ;
#229 = ORIENTED_EDGE ( 'NONE', *, *, #5802, .T. ) ;
#230 = VECTOR ( 'NONE', #1132, 1000.000000000000000 ) ;
#231 = EDGE_LOOP ( 'NONE', ( #684, #4906, #1155, #775 ) ) ;
#232 = CARTESIAN_POINT ( 'NONE',  ( 131.4266217112710819, 6.763932022442445735, 11.99999999999999645 ) ) ;
#233 = VERTEX_POINT ( 'NONE', #4457 ) ;
#234 = CARTESIAN_POINT ( 'NONE',  ( -38.23347221900086623, 9.757874521922913047, -2.999999999999999112 ) ) ;
#235 = EDGE_LOOP ( 'NONE', ( #47, #4965 ) ) ;
#236 = EDGE_CURVE ( 'NONE', #3196, #1360, #4983, .T. ) ;
#237 = CARTESIAN_POINT ( 'NONE',  ( 41.53481053043000770, -11.12921893940811913, 0.000000000000000000 ) ) ;
#238 = DIRECTION ( 'NONE',  ( -0.000000000000000000, 0.000000000000000000, 1.000000000000000000 ) ) ;
#239 = CARTESIAN_POINT ( 'NONE',  ( 156.4266217112695472, 17.00000000000000355, 0.000000000000000000 ) ) ;
#240 = ORIENTED_EDGE ( 'NONE', *, *, #4139, .T. ) ;
#241 = AXIS2_PLACEMENT_3D ( 'NONE', #4263, #3008, #2506 ) ;
#242 = AXIS2_PLACEMENT_3D ( 'NONE', #5064, #166, #1275 ) ;
#243 = CARTESIAN_POINT ( 'NONE',  ( 35.93924083613036657, -15.00000000000000000, 12.00000000000000000 ) ) ;
#244 = ORIENTED_EDGE ( 'NONE', *, *, #1507, .F. ) ;
#245 = ORIENTED_EDGE ( 'NONE', *, *, #5477, .F. ) ;
#246 = CARTESIAN_POINT ( 'NONE',  ( 259.5616871440603859, -10.52379439004008610, 7.000000000000000000 ) ) ;
#247 = EDGE_CURVE ( 'NONE', #1308, #1306, #760, .T. ) ;
#248 = DIRECTION ( 'NONE',  ( -0.000000000000000000, 0.000000000000000000, 1.000000000000000000 ) ) ;
#249 = AXIS2_PLACEMENT_3D ( 'NONE', #4634, #4158, #512 ) ;
#250 = DIRECTION ( 'NONE',  ( 0.7012684536631027532, -0.7128972968787022912, 0.000000000000000000 ) ) ;
#251 = EDGE_CURVE ( 'NONE', #2313, #2726, #2550, .T. ) ;
#252 =( NAMED_UNIT ( * ) SI_UNIT ( $, .STERADIAN. ) SOLID_ANGLE_UNIT ( ) );
#253 = CARTESIAN_POINT ( 'NONE',  ( 139.4266217112700019, -16.99999999999999289, -61.90760220690642512 ) ) ;
#254 = EDGE_CURVE ( 'NONE', #3588, #2140, #1518, .T. ) ;
#255 = DIRECTION ( 'NONE',  ( -1.000000000000000000, 0.000000000000000000, 0.000000000000000000 ) ) ;
#256 = CARTESIAN_POINT ( 'NONE',  ( 128.6266217112711274, -5.744235880838478359, 11.99999999999999645 ) ) ;
#257 = VERTEX_POINT ( 'NONE', #3604 ) ;
#258 = DIRECTION ( 'NONE',  ( 0.000000000000000000, 0.000000000000000000, 1.000000000000000000 ) ) ;
#259 = ORIENTED_EDGE ( 'NONE', *, *, #3390, .F. ) ;
#260 = CARTESIAN_POINT ( 'NONE',  ( 94.22662171126960118, -16.99999999999999645, -61.90760220690642512 ) ) ;
#261 = ORIENTED_EDGE ( 'NONE', *, *, #5295, .T. ) ;
#262 = CARTESIAN_POINT ( 'NONE',  ( -37.95640998928968912, -19.11964802827056786, -55.55141653980559369 ) ) ;
#263 = CARTESIAN_POINT ( 'NONE',  ( 223.9224258854298171, 19.98850574712644956, 12.00000000000000000 ) ) ;
#264 = DIRECTION ( 'NONE',  ( -1.000000000000000000, 0.000000000000000000, 0.000000000000000000 ) ) ;
#265 = ORIENTED_EDGE ( 'NONE', *, *, #4318, .T. ) ;
#266 = EDGE_CURVE ( 'NONE', #2045, #2822, #813, .T. ) ;
#267 = FACE_OUTER_BOUND ( 'NONE', #16, .T. ) ;
#268 = VECTOR ( 'NONE', #1876, 1000.000000000000000 ) ;
#269 = EDGE_CURVE ( 'NONE', #3701, #1308, #5410, .T. ) ;
#270 = EDGE_LOOP ( 'NONE', ( #1466, #5389, #1783, #292 ) ) ;
#271 = ORIENTED_EDGE ( 'NONE', *, *, #4561, .T. ) ;
#272 = DIRECTION ( 'NONE',  ( 0.000000000000000000, -0.000000000000000000, -1.000000000000000000 ) ) ;
#273 = CARTESIAN_POINT ( 'NONE',  ( 133.4266217112711104, 8.999999999942206230, 11.99999999999999645 ) ) ;
#274 = CARTESIAN_POINT ( 'NONE',  ( 194.2799999999999727, 15.00000000000000533, 6.000000000000000000 ) ) ;
#275 = EDGE_CURVE ( 'NONE', #3549, #2871, #4516, .T. ) ;
#276 = LINE ( 'NONE', #3434, #4610 ) ;
#277 = CARTESIAN_POINT ( 'NONE',  ( 86.22662171127110753, -6.763932022558808654, -61.90760220690642512 ) ) ;
#278 = LINE ( 'NONE', #5749, #364 ) ;
#279 = EDGE_CURVE ( 'NONE', #1465, #2314, #397, .T. ) ;
#280 = VECTOR ( 'NONE', #4009, 1000.000000000000000 ) ;
#281 = EDGE_CURVE ( 'NONE', #5244, #3227, #479, .T. ) ;
#282 = EDGE_CURVE ( 'NONE', #2404, #2986, #4799, .T. ) ;
#283 = DIRECTION ( 'NONE',  ( -0.000000000000000000, 0.000000000000000000, 1.000000000000000000 ) ) ;
#284 = CIRCLE ( 'NONE', #1046, 9.999999999999998224 ) ;
#285 = ORIENTED_EDGE ( 'NONE', *, *, #2452, .F. ) ;
#286 = VERTEX_POINT ( 'NONE', #1932 ) ;
#287 = CARTESIAN_POINT ( 'NONE',  ( 243.1537943900400478, -25.40668714406034923, 7.000000000000000000 ) ) ;
#288 = AXIS2_PLACEMENT_3D ( 'NONE', #1, #1808, #429 ) ;
#289 = ORIENTED_EDGE ( 'NONE', *, *, #1685, .F. ) ;
#290 = VECTOR ( 'NONE', #740, 1000.000000000000000 ) ;
#291 = CYLINDRICAL_SURFACE ( 'NONE', #2343, 2.799999999999997158 ) ;
#292 = ORIENTED_EDGE ( 'NONE', *, *, #1728, .F. ) ;
#293 = FACE_OUTER_BOUND ( 'NONE', #1444, .T. ) ;
#294 = EDGE_CURVE ( 'NONE', #5446, #1121, #1960, .T. ) ;
#295 = VECTOR ( 'NONE', #2187, 1000.000000000000000 ) ;
#296 = CARTESIAN_POINT ( 'NONE',  ( 46.28887868456263277, -5.346532627159967355, 0.000000000000000000 ) ) ;
#297 = CARTESIAN_POINT ( 'NONE',  ( 223.9224258854298171, -19.98850574712644956, 12.00000000000000000 ) ) ;
#298 = EDGE_LOOP ( 'NONE', ( #4157, #5087, #4336, #331, #212, #5740, #5385, #4379, #1150 ) ) ;
#299 = CARTESIAN_POINT ( 'NONE',  ( 135.4266217112696040, 12.99999999999998224, 11.99999999999999645 ) ) ;
#300 = VERTEX_POINT ( 'NONE', #959 ) ;
#301 = ORIENTED_EDGE ( 'NONE', *, *, #4824, .F. ) ;
#302 = CARTESIAN_POINT ( 'NONE',  ( -38.23347221900086623, 9.757874521922913047, 12.00000000000000000 ) ) ;
#303 = DIRECTION ( 'NONE',  ( -0.000000000000000000, -0.000000000000000000, 1.000000000000000000 ) ) ;
#304 = EDGE_LOOP ( 'NONE', ( #5355, #3477 ) ) ;
#305 = DIRECTION ( 'NONE',  ( 0.000000000000000000, 0.000000000000000000, -1.000000000000000000 ) ) ;
#306 = CARTESIAN_POINT ( 'NONE',  ( -40.52650488936686202, 17.68548005629365960, 12.00000000000000000 ) ) ;
#307 = AXIS2_PLACEMENT_3D ( 'NONE', #3130, #2653, #4945 ) ;
#308 = DIRECTION ( 'NONE',  ( 0.000000000000000000, 1.000000000000000000, -0.000000000000000000 ) ) ;
#309 = DIRECTION ( 'NONE',  ( 1.000000000000000000, 0.000000000000000000, 0.000000000000000000 ) ) ;
#310 = ADVANCED_FACE ( 'NONE', ( #2341 ), #1461, .F. ) ;
#311 = EDGE_CURVE ( 'NONE', #991, #5689, #97, .T. ) ;
#312 = LINE ( 'NONE', #2116, #1366 ) ;
#313 = ORIENTED_EDGE ( 'NONE', *, *, #1728, .T. ) ;
#314 = ORIENTED_EDGE ( 'NONE', *, *, #5050, .F. ) ;
#315 = DIRECTION ( 'NONE',  ( 1.000000000000000000, 0.000000000000000000, 0.000000000000000000 ) ) ;
#316 = ORIENTED_EDGE ( 'NONE', *, *, #4029, .T. ) ;
#317 = AXIS2_PLACEMENT_3D ( 'NONE', #3951, #334, #4563 ) ;
#318 = AXIS2_PLACEMENT_3D ( 'NONE', #2844, #2330, #4629 ) ;
#319 = DIRECTION ( 'NONE',  ( 1.000000000000000000, 0.000000000000000000, 0.000000000000000000 ) ) ;
#320 = EDGE_CURVE ( 'NONE', #3861, #597, #987, .T. ) ;
#321 = ORIENTED_EDGE ( 'NONE', *, *, #566, .T. ) ;
#322 = DIRECTION ( 'NONE',  ( 0.000000000000000000, 0.000000000000000000, -1.000000000000000000 ) ) ;
#323 = AXIS2_PLACEMENT_3D ( 'NONE', #3300, #2867, #4556 ) ;
#324 = CARTESIAN_POINT ( 'NONE',  ( 225.7562056099601193, 25.40668714406043094, 0.000000000000000000 ) ) ;
#325 = CYLINDRICAL_SURFACE ( 'NONE', #766, 4.000000000000003553 ) ;
#326 = ORIENTED_EDGE ( 'NONE', *, *, #5527, .F. ) ;
#327 = AXIS2_PLACEMENT_3D ( 'NONE', #2262, #3072, #4441 ) ;
#328 = ADVANCED_FACE ( 'NONE', ( #1900, #5115, #2794, #3232, #4672, #2376, #643, #3728, #2825, #5473, #3755, #5053, #1019, #4543, #4607, #5020, #2856, #3290, #59, #5537, #5086, #4576 ), #4637, .T. ) ;
#329 = CARTESIAN_POINT ( 'NONE',  ( 236.2800000000000011, 0.000000000000000000, 12.00000000000000000 ) ) ;
#330 = CIRCLE ( 'NONE', #3995, 2.799999999999997158 ) ;
#331 = ORIENTED_EDGE ( 'NONE', *, *, #2694, .F. ) ;
#332 = ORIENTED_EDGE ( 'NONE', *, *, #2220, .T. ) ;
#333 = AXIS2_PLACEMENT_3D ( 'NONE', #1497, #5520, #2745 ) ;
#334 = DIRECTION ( 'NONE',  ( -0.000000000000000000, -0.000000000000000000, -1.000000000000000000 ) ) ;
#335 = AXIS2_PLACEMENT_3D ( 'NONE', #776, #4700, #5232 ) ;
#336 = DIRECTION ( 'NONE',  ( 0.000000000000000000, 0.000000000000000000, -1.000000000000000000 ) ) ;
#337 = VECTOR ( 'NONE', #5384, 1000.000000000000000 ) ;
#338 = AXIS2_PLACEMENT_3D ( 'NONE', #3100, #3649, #4967 ) ;
#339 = CARTESIAN_POINT ( 'NONE',  ( 90.22662171126916064, -6.763932022557188617, 0.000000000000000000 ) ) ;
#340 = CARTESIAN_POINT ( 'NONE',  ( 261.6866871440604427, 10.52379439003986406, 0.000000000000000000 ) ) ;
#341 = ORIENTED_EDGE ( 'NONE', *, *, #1086, .F. ) ;
#342 = AXIS2_PLACEMENT_3D ( 'NONE', #3000, #3869, #5654 ) ;
#343 = CARTESIAN_POINT ( 'NONE',  ( 83.48378909892767297, 14.47797047408065652, 12.00000000000000000 ) ) ;
#344 = CARTESIAN_POINT ( 'NONE',  ( 33.63610991735736633, -7.922015543138114957, -22.99999999999999645 ) ) ;
#345 = ORIENTED_EDGE ( 'NONE', *, *, #5361, .T. ) ;
#346 = ORIENTED_EDGE ( 'NONE', *, *, #1663, .F. ) ;
#347 = CARTESIAN_POINT ( 'NONE',  ( 213.4053415326041829, -17.00000000000000711, 6.000000000000000000 ) ) ;
#348 = EDGE_CURVE ( 'NONE', #2980, #1732, #284, .T. ) ;
#349 = ORIENTED_EDGE ( 'NONE', *, *, #3598, .T. ) ;
#350 = DIRECTION ( 'NONE',  ( 1.000000000000000000, 0.000000000000000000, 0.000000000000000000 ) ) ;
#351 = CARTESIAN_POINT ( 'NONE',  ( -7.795397018252793754E-16, -24.00000000000000000, 0.000000000000000000 ) ) ;
#352 = CARTESIAN_POINT ( 'NONE',  ( 128.6266217112711274, -5.744235880838478359, -61.90760220690642512 ) ) ;
#353 = EDGE_CURVE ( 'NONE', #5729, #834, #2842, .T. ) ;
#354 = DIRECTION ( 'NONE',  ( 1.000000000000000000, 0.000000000000000000, 0.000000000000000000 ) ) ;
#355 = ORIENTED_EDGE ( 'NONE', *, *, #4744, .F. ) ;
#356 = DIRECTION ( 'NONE',  ( 0.8021956551050928308, -0.5970612455439650024, 0.000000000000000000 ) ) ;
#357 = CARTESIAN_POINT ( 'NONE',  ( 93.02662171127103363, 5.744235880722923682, 0.000000000000000000 ) ) ;
#358 = ADVANCED_FACE ( 'NONE', ( #516 ), #5567, .F. ) ;
#359 = VERTEX_POINT ( 'NONE', #547 ) ;
#360 = VERTEX_POINT ( 'NONE', #3639 ) ;
#361 = LINE ( 'NONE', #4976, #1920 ) ;
#362 = DIRECTION ( 'NONE',  ( -1.000000000000000000, 0.000000000000000000, 0.000000000000000000 ) ) ;
#363 = CIRCLE ( 'NONE', #839, 2.799999999999997158 ) ;
#364 = VECTOR ( 'NONE', #3035, 1000.000000000000227 ) ;
#365 = DIRECTION ( 'NONE',  ( -1.000000000000000000, 0.000000000000000000, -0.000000000000000000 ) ) ;
#366 = DIRECTION ( 'NONE',  ( 0.000000000000000000, 0.000000000000000000, -1.000000000000000000 ) ) ;
#367 = LINE ( 'NONE', #1723, #3478 ) ;
#368 = CARTESIAN_POINT ( 'NONE',  ( 90.22662171128094144, -7.879453081082951154E-11, 0.000000000000000000 ) ) ;
#369 = ADVANCED_FACE ( 'NONE', ( #2309 ), #4095, .F. ) ;
#370 = CARTESIAN_POINT ( 'NONE',  ( 194.2799999999999727, -13.00000000000001066, 0.000000000000000000 ) ) ;
#371 = VERTEX_POINT ( 'NONE', #4279 ) ;
#372 = ORIENTED_EDGE ( 'NONE', *, *, #5148, .F. ) ;
#373 = DIRECTION ( 'NONE',  ( 0.000000000000000000, -0.000000000000000000, -1.000000000000000000 ) ) ;
#374 = ORIENTED_EDGE ( 'NONE', *, *, #4214, .F. ) ;
#375 = EDGE_LOOP ( 'NONE', ( #2166, #3, #1832, #2848 ) ) ;
#376 = CARTESIAN_POINT ( 'NONE',  ( 135.4266217112696040, 12.99999999999998224, 0.000000000000000000 ) ) ;
#377 = AXIS2_PLACEMENT_3D ( 'NONE', #2058, #4320, #5609 ) ;
#378 = AXIS2_PLACEMENT_3D ( 'NONE', #5426, #2655, #2712 ) ;
#379 = EDGE_CURVE ( 'NONE', #5754, #5268, #2999, .T. ) ;
#380 = CARTESIAN_POINT ( 'NONE',  ( 38.54530418162234184, 51.24258085321581291, -28.99999999999999645 ) ) ;
#381 = AXIS2_PLACEMENT_3D ( 'NONE', #487, #4403, #28 ) ;
#382 = PLANE ( 'NONE',  #992 ) ;
#383 = CARTESIAN_POINT ( 'NONE',  ( 243.1537943900400478, -25.40668714406034923, 7.000000000000000000 ) ) ;
#384 = CARTESIAN_POINT ( 'NONE',  ( 87.42662171127211934, -9.000000000058374638, -2.999999999999999112 ) ) ;
#385 = AXIS2_PLACEMENT_3D ( 'NONE', #2050, #3792, #3377 ) ;
#386 = ORIENTED_EDGE ( 'NONE', *, *, #2113, .T. ) ;
#387 = EDGE_CURVE ( 'NONE', #195, #1347, #1213, .T. ) ;
#388 = VECTOR ( 'NONE', #3888, 1000.000000000000000 ) ;
#389 = CARTESIAN_POINT ( 'NONE',  ( 35.48917750986707631, -8.674438627307029748, 12.00000000000000000 ) ) ;
#390 = LINE ( 'NONE', #2690, #1079 ) ;
#391 = ORIENTED_EDGE ( 'NONE', *, *, #2992, .T. ) ;
#392 = ORIENTED_EDGE ( 'NONE', *, *, #3414, .F. ) ;
#393 = FACE_OUTER_BOUND ( 'NONE', #2041, .T. ) ;
#394 = EDGE_CURVE ( 'NONE', #257, #2242, #2945, .T. ) ;
#395 = CYLINDRICAL_SURFACE ( 'NONE', #3165, 32.99999999999997158 ) ;
#396 = DIRECTION ( 'NONE',  ( -0.000000000000000000, -0.000000000000000000, -1.000000000000000000 ) ) ;
#397 = LINE ( 'NONE', #4063, #3579 ) ;
#398 = LINE ( 'NONE', #4871, #577 ) ;
#399 = ADVANCED_FACE ( 'NONE', ( #4257 ), #4334, .T. ) ;
#400 = DIRECTION ( 'NONE',  ( 1.000000000000000000, 0.000000000000000000, 0.000000000000000000 ) ) ;
#401 = ORIENTED_EDGE ( 'NONE', *, *, #1336, .T. ) ;
#402 = ORIENTED_EDGE ( 'NONE', *, *, #5040, .F. ) ;
#403 = DIRECTION ( 'NONE',  ( 1.000000000000000000, 0.000000000000000000, 0.000000000000000000 ) ) ;
#404 = ORIENTED_EDGE ( 'NONE', *, *, #3287, .T. ) ;
#405 = ORIENTED_EDGE ( 'NONE', *, *, #1763, .T. ) ;
#406 = CARTESIAN_POINT ( 'NONE',  ( -35.56077977407742452, 17.10103666349701257, -2.999999999999999112 ) ) ;
#407 = DIRECTION ( 'NONE',  ( 1.000000000000000000, 0.000000000000000000, 0.000000000000000000 ) ) ;
#408 = CARTESIAN_POINT ( 'NONE',  ( -52.44424516606153475, 19.08814419900561532, 12.00000000000000000 ) ) ;
#409 = CYLINDRICAL_SURFACE ( 'NONE', #670, 6.525000000000003020 ) ;
#410 = CARTESIAN_POINT ( 'NONE',  ( 83.14725167159187436, 6.199999999941618434, 11.99999999999999645 ) ) ;
#411 = ORIENTED_EDGE ( 'NONE', *, *, #5552, .T. ) ;
#412 = VECTOR ( 'NONE', #4248, 1000.000000000000000 ) ;
#413 = AXIS2_PLACEMENT_3D ( 'NONE', #1411, #2810, #5067 ) ;
#414 = CARTESIAN_POINT ( 'NONE',  ( 88.22662171127112174, 8.999999999941620032, 11.99999999999999645 ) ) ;
#415 = AXIS2_PLACEMENT_3D ( 'NONE', #514, #4484, #2666 ) ;
#416 =( LENGTH_UNIT ( ) NAMED_UNIT ( * ) SI_UNIT ( .MILLI., .METRE. ) );
#417 = ORIENTED_EDGE ( 'NONE', *, *, #1374, .T. ) ;
#418 = ORIENTED_EDGE ( 'NONE', *, *, #6, .T. ) ;
#419 = CIRCLE ( 'NONE', #3900, 30.02499999999999858 ) ;
#420 = ORIENTED_EDGE ( 'NONE', *, *, #2346, .F. ) ;
#421 = CARTESIAN_POINT ( 'NONE',  ( 83.95396287678271108, 13.99999999994161826, 12.00000000000000000 ) ) ;
#422 = EDGE_LOOP ( 'NONE', ( #5686, #4551, #1404, #884 ) ) ;
#423 = DIRECTION ( 'NONE',  ( -8.496932217776058738E-13, 1.000000000000000000, 0.000000000000000000 ) ) ;
#424 = VECTOR ( 'NONE', #1805, 1000.000000000000000 ) ;
#425 = DIRECTION ( 'NONE',  ( -0.000000000000000000, 0.000000000000000000, 1.000000000000000000 ) ) ;
#426 = EDGE_CURVE ( 'NONE', #4925, #5638, #2496, .T. ) ;
#427 = DIRECTION ( 'NONE',  ( -0.000000000000000000, -0.000000000000000000, 1.000000000000000000 ) ) ;
#428 = AXIS2_PLACEMENT_3D ( 'NONE', #4651, #139, #5007 ) ;
#429 = DIRECTION ( 'NONE',  ( 1.000000000000000000, 0.000000000000000000, 0.000000000000000000 ) ) ;
#430 = EDGE_CURVE ( 'NONE', #1376, #4555, #1624, .T. ) ;
#431 = DIRECTION ( 'NONE',  ( 0.000000000000000000, -0.000000000000000000, -1.000000000000000000 ) ) ;
#432 = ORIENTED_EDGE ( 'NONE', *, *, #3838, .F. ) ;
#434 = EDGE_LOOP ( 'NONE', ( #5600, #4151, #1906, #447 ) ) ;
#433 = EDGE_CURVE ( 'NONE', #3553, #4303, #5149, .T. ) ;
#435 = DIRECTION ( 'NONE',  ( -1.000000000000000000, 0.000000000000000000, 0.000000000000000000 ) ) ;
#436 = ORIENTED_EDGE ( 'NONE', *, *, #4339, .T. ) ;
#437 = VERTEX_POINT ( 'NONE', #246 ) ;
#438 = DIRECTION ( 'NONE',  ( 1.000000000000000000, 0.000000000000000000, 0.000000000000000000 ) ) ;
#439 = EDGE_CURVE ( 'NONE', #2490, #4772, #529, .T. ) ;
#440 = DIRECTION ( 'NONE',  ( 1.000000000000000000, -3.248082090938664270E-17, 0.000000000000000000 ) ) ;
#441 = DIRECTION ( 'NONE',  ( 1.000000000000000000, 0.000000000000000000, 0.000000000000000000 ) ) ;
#442 = FACE_OUTER_BOUND ( 'NONE', #519, .T. ) ;
#443 = DIRECTION ( 'NONE',  ( 0.000000000000000000, -0.000000000000000000, -1.000000000000000000 ) ) ;
#444 = VERTEX_POINT ( 'NONE', #5653 ) ;
#445 = CARTESIAN_POINT ( 'NONE',  ( 259.7800000000000296, 2.877919977996286631E-15, 0.000000000000000000 ) ) ;
#446 = DIRECTION ( 'NONE',  ( 1.000000000000000000, 0.000000000000000000, 0.000000000000000000 ) ) ;
#447 = ORIENTED_EDGE ( 'NONE', *, *, #2374, .F. ) ;
#448 = ORIENTED_EDGE ( 'NONE', *, *, #4723, .F. ) ;
#449 = CYLINDRICAL_SURFACE ( 'NONE', #3825, 2.124999999999988010 ) ;
#450 = FACE_OUTER_BOUND ( 'NONE', #2769, .T. ) ;
#451 = EDGE_CURVE ( 'NONE', #1580, #2773, #3818, .T. ) ;
#452 = CARTESIAN_POINT ( 'NONE',  ( 81.87009861938832955, 18.40000000000000213, 12.00000000000000000 ) ) ;
#453 = DIRECTION ( 'NONE',  ( -0.000000000000000000, 0.000000000000000000, 1.000000000000000000 ) ) ;
#454 = DIRECTION ( 'NONE',  ( -0.000000000000000000, -0.000000000000000000, 1.000000000000000000 ) ) ;
#455 = EDGE_CURVE ( 'NONE', #1699, #4774, #3629, .T. ) ;
#456 = EDGE_CURVE ( 'NONE', #5859, #2119, #2969, .T. ) ;
#457 = DIRECTION ( 'NONE',  ( 0.05826597829528126771, 0.9983010947471178120, -0.000000000000000000 ) ) ;
#458 = EDGE_LOOP ( 'NONE', ( #3153, #1212, #5540, #4006 ) ) ;
#459 = EDGE_LOOP ( 'NONE', ( #4595, #3280, #5731, #5464 ) ) ;
#460 = DIRECTION ( 'NONE',  ( 0.000000000000000000, -0.000000000000000000, -1.000000000000000000 ) ) ;
#461 = ORIENTED_EDGE ( 'NONE', *, *, #275, .T. ) ;
#462 = CARTESIAN_POINT ( 'NONE',  ( 133.4266217112711104, 8.999999999942206230, 6.000000000000000000 ) ) ;
#463 = EDGE_LOOP ( 'NONE', ( #1163, #1535, #32, #3445 ) ) ;
#464 = ADVANCED_FACE ( 'NONE', ( #2020 ), #5714, .F. ) ;
#465 = EDGE_CURVE ( 'NONE', #4699, #1871, #4086, .T. ) ;
#466 = CARTESIAN_POINT ( 'NONE',  ( 196.2799999999999727, -11.00000000000001066, -4.000000000000000000 ) ) ;
#467 = CARTESIAN_POINT ( 'NONE',  ( 243.1537943900397920, 25.40668714406047002, 7.000000000000000000 ) ) ;
#468 = VECTOR ( 'NONE', #3435, 1000.000000000000000 ) ;
#469 = CARTESIAN_POINT ( 'NONE',  ( 173.2800000000000011, -11.00000000000001421, 6.000000000000000000 ) ) ;
#470 = DIRECTION ( 'NONE',  ( -1.000000000000000000, 0.000000000000000000, 0.000000000000000000 ) ) ;
#471 = ORIENTED_EDGE ( 'NONE', *, *, #615, .F. ) ;
#472 = CIRCLE ( 'NONE', #4891, 1.600000000000004086 ) ;
#473 = CARTESIAN_POINT ( 'NONE',  ( 90.22662171127105069, 5.744235880723133292, -61.90760220690642512 ) ) ;
#474 = AXIS2_PLACEMENT_3D ( 'NONE', #4415, #3132, #4914 ) ;
#475 = ADVANCED_FACE ( 'NONE', ( #5627, #1135 ), #4727, .T. ) ;
#476 = PLANE ( 'NONE',  #5700 ) ;
#477 = AXIS2_PLACEMENT_3D ( 'NONE', #5629, #4677, #2001 ) ;
#478 = DIRECTION ( 'NONE',  ( -1.000000000000000000, 0.000000000000000000, 0.000000000000000000 ) ) ;
#479 = CIRCLE ( 'NONE', #2078, 2.000000000000001776 ) ;
#480 = ORIENTED_EDGE ( 'NONE', *, *, #2850, .T. ) ;
#481 = ORIENTED_EDGE ( 'NONE', *, *, #3382, .T. ) ;
#482 = AXIS2_PLACEMENT_3D ( 'NONE', #3075, #1386, #470 ) ;
#483 = CARTESIAN_POINT ( 'NONE',  ( 265.3366871440603632, -10.52379439003989248, 7.000000000000000000 ) ) ;
#484 = DIRECTION ( 'NONE',  ( -0.000000000000000000, -0.000000000000000000, -1.000000000000000000 ) ) ;
#485 = VECTOR ( 'NONE', #4408, 1000.000000000000000 ) ;
#486 = DIRECTION ( 'NONE',  ( 0.000000000000000000, 0.000000000000000000, -1.000000000000000000 ) ) ;
#487 = CARTESIAN_POINT ( 'NONE',  ( 0.000000000000000000, 8.999999999941618256, -7.512069096517387301 ) ) ;
#488 = ORIENTED_EDGE ( 'NONE', *, *, #4060, .F. ) ;
#489 = ADVANCED_FACE ( 'NONE', ( #2048 ), #3841, .T. ) ;
#490 = DIRECTION ( 'NONE',  ( 1.000000000000000000, 1.088026939760487788E-16, 0.000000000000000000 ) ) ;
#491 = ORIENTED_EDGE ( 'NONE', *, *, #2398, .T. ) ;
#492 = ORIENTED_EDGE ( 'NONE', *, *, #792, .F. ) ;
#493 = FACE_OUTER_BOUND ( 'NONE', #4184, .T. ) ;
#494 = VERTEX_POINT ( 'NONE', #3789 ) ;
#495 = ORIENTED_EDGE ( 'NONE', *, *, #4129, .T. ) ;
#496 = FACE_OUTER_BOUND ( 'NONE', #3124, .T. ) ;
#497 = ORIENTED_EDGE ( 'NONE', *, *, #171, .F. ) ;
#498 = EDGE_CURVE ( 'NONE', #1613, #2912, #4843, .T. ) ;
#499 = LINE ( 'NONE', #1851, #1080 ) ;
#500 = DIRECTION ( 'NONE',  ( 0.000000000000000000, -0.000000000000000000, -1.000000000000000000 ) ) ;
#501 = LINE ( 'NONE', #383, #575 ) ;
#502 = DIRECTION ( 'NONE',  ( -1.000000000000000000, 0.000000000000000000, -0.000000000000000000 ) ) ;
#503 = VERTEX_POINT ( 'NONE', #4307 ) ;
#504 = EDGE_CURVE ( 'NONE', #4763, #674, #2073, .T. ) ;
#505 = DIRECTION ( 'NONE',  ( 1.000000000000000000, 0.000000000000000000, 0.000000000000000000 ) ) ;
#506 = CARTESIAN_POINT ( 'NONE',  ( 88.22662171127134911, -9.000000000058374638, -2.999999999999999112 ) ) ;
#507 = ADVANCED_FACE ( 'NONE', ( #1388 ), #1682, .F. ) ;
#508 = EDGE_LOOP ( 'NONE', ( #2940, #3094, #1484, #3662 ) ) ;
#509 = ADVANCED_FACE ( 'NONE', ( #3923 ), #3193, .F. ) ;
#510 = CIRCLE ( 'NONE', #700, 2.124999999999988010 ) ;
#511 = VECTOR ( 'NONE', #5341, 1000.000000000000000 ) ;
#512 = DIRECTION ( 'NONE',  ( 1.000000000000000000, 0.000000000000000000, 0.000000000000000000 ) ) ;
#513 = ORIENTED_EDGE ( 'NONE', *, *, #656, .T. ) ;
#514 = CARTESIAN_POINT ( 'NONE',  ( 128.3472516715914082, -6.200000000057787730, 11.99999999999999645 ) ) ;
#515 = CIRCLE ( 'NONE', #3341, 6.525000000000003020 ) ;
#516 = FACE_OUTER_BOUND ( 'NONE', #4523, .T. ) ;
#517 = DIRECTION ( 'NONE',  ( -1.000000000000000000, 0.000000000000000000, -0.000000000000000000 ) ) ;
#518 = EDGE_LOOP ( 'NONE', ( #3863, #1342, #2674, #3199, #1761, #5332, #2318, #1581 ) ) ;
#519 = EDGE_LOOP ( 'NONE', ( #4529, #173, #3373, #1269 ) ) ;
#520 = DIRECTION ( 'NONE',  ( 1.000000000000000000, 4.625929269272252095E-15, 0.000000000000000000 ) ) ;
#521 = EDGE_LOOP ( 'NONE', ( #5513, #2889, #1186, #155, #4681, #2560, #1402, #1908, #768, #5491, #1209, #4627, #550, #3334, #3399 ) ) ;
#522 = ORIENTED_EDGE ( 'NONE', *, *, #5626, .F. ) ;
#523 = FACE_OUTER_BOUND ( 'NONE', #4332, .T. ) ;
#524 = ORIENTED_EDGE ( 'NONE', *, *, #1246, .T. ) ;
#525 = ORIENTED_EDGE ( 'NONE', *, *, #5249, .F. ) ;
#526 = VECTOR ( 'NONE', #3681, 1000.000000000000000 ) ;
#527 = CYLINDRICAL_SURFACE ( 'NONE', #1102, 2.000000000000001776 ) ;
#528 = ORIENTED_EDGE ( 'NONE', *, *, #4448, .F. ) ;
#529 = CIRCLE ( 'NONE', #335, 1.600000000000004086 ) ;
#530 = EDGE_LOOP ( 'NONE', ( #314, #4737 ) ) ;
#531 = DIRECTION ( 'NONE',  ( -0.000000000000000000, -0.000000000000000000, 1.000000000000000000 ) ) ;
#532 = CARTESIAN_POINT ( 'NONE',  ( 89.02662171126992519, 8.999999999941620032, -2.999999999999999112 ) ) ;
#533 = CARTESIAN_POINT ( 'NONE',  ( 139.4266217112700019, -16.99999999999999645, 12.00000000000000000 ) ) ;
#534 = FACE_OUTER_BOUND ( 'NONE', #3482, .T. ) ;
#535 = ORIENTED_EDGE ( 'NONE', *, *, #1439, .T. ) ;
#536 = DIRECTION ( 'NONE',  ( -1.000000000000000000, 0.000000000000000000, 0.000000000000000000 ) ) ;
#537 = AXIS2_PLACEMENT_3D ( 'NONE', #4367, #1193, #5743 ) ;
#538 = VERTEX_POINT ( 'NONE', #2142 ) ;
#539 = FACE_OUTER_BOUND ( 'NONE', #1877, .T. ) ;
#540 = ADVANCED_FACE ( 'NONE', ( #3687 ), #3655, .F. ) ;
#541 = DIRECTION ( 'NONE',  ( -1.000000000000000000, 0.000000000000000000, 0.000000000000000000 ) ) ;
#542 = EDGE_LOOP ( 'NONE', ( #3555, #1148, #3865, #4202 ) ) ;
#543 = DIRECTION ( 'NONE',  ( -0.000000000000000000, 0.000000000000000000, 1.000000000000000000 ) ) ;
#544 = CIRCLE ( 'NONE', #1016, 2.799999999999997158 ) ;
#545 = EDGE_CURVE ( 'NONE', #3441, #4779, #5692, .T. ) ;
#546 = DIRECTION ( 'NONE',  ( 1.000000000000000000, 0.000000000000000000, 0.000000000000000000 ) ) ;
#547 = CARTESIAN_POINT ( 'NONE',  ( 131.4266217112696040, 13.00000000000000533, 0.000000000000000000 ) ) ;
#548 = DIRECTION ( 'NONE',  ( -0.000000000000000000, -0.000000000000000000, -1.000000000000000000 ) ) ;
#549 = CARTESIAN_POINT ( 'NONE',  ( 44.05981053043001339, -11.12921893940811913, 0.000000000000000000 ) ) ;
#550 = ORIENTED_EDGE ( 'NONE', *, *, #692, .F. ) ;
#551 = ORIENTED_EDGE ( 'NONE', *, *, #1973, .F. ) ;
#552 = DIRECTION ( 'NONE',  ( -0.000000000000000000, -0.000000000000000000, 1.000000000000000000 ) ) ;
#553 = VERTEX_POINT ( 'NONE', #1717 ) ;
#554 = ORIENTED_EDGE ( 'NONE', *, *, #2993, .T. ) ;
#555 = DIRECTION ( 'NONE',  ( -6.294023865433832809E-13, -1.000000000000000000, 0.000000000000000000 ) ) ;
#556 = VERTEX_POINT ( 'NONE', #1243 ) ;
#557 = CIRCLE ( 'NONE', #3845, 5.000000000000000888 ) ;
#558 = DIRECTION ( 'NONE',  ( 1.000000000000000000, 0.000000000000000000, 0.000000000000000000 ) ) ;
#559 = CIRCLE ( 'NONE', #3847, 2.000000000000001776 ) ;
#560 = DIRECTION ( 'NONE',  ( 1.000000000000000000, 0.000000000000000000, 0.000000000000000000 ) ) ;
#561 = CARTESIAN_POINT ( 'NONE',  ( 34.38309555033996645, -6.066749399395501285, -22.99999999999999645 ) ) ;
#562 = DIRECTION ( 'NONE',  ( -1.000000000000000000, -2.051733778762085963E-15, 0.000000000000000000 ) ) ;
#563 = ORIENTED_EDGE ( 'NONE', *, *, #1952, .F. ) ;
#564 = DIRECTION ( 'NONE',  ( 1.000000000000000000, 1.776356839400250465E-15, 0.000000000000000000 ) ) ;
#565 = ORIENTED_EDGE ( 'NONE', *, *, #1329, .F. ) ;
#566 = EDGE_CURVE ( 'NONE', #3235, #3236, #1074, .T. ) ;
#567 = DIRECTION ( 'NONE',  ( 3.248082090938664270E-17, 1.000000000000000000, -0.000000000000000000 ) ) ;
#568 = DIRECTION ( 'NONE',  ( -0.000000000000000000, -0.000000000000000000, 1.000000000000000000 ) ) ;
#569 = DIRECTION ( 'NONE',  ( -0.000000000000000000, -0.000000000000000000, 1.000000000000000000 ) ) ;
#570 = EDGE_LOOP ( 'NONE', ( #4592, #4998, #2151, #1097 ) ) ;
#571 = EDGE_CURVE ( 'NONE', #1966, #3400, #361, .T. ) ;
#572 = DIRECTION ( 'NONE',  ( 0.9983010947471178120, -0.05826597829528126771, 0.000000000000000000 ) ) ;
#573 = EDGE_CURVE ( 'NONE', #5190, #1991, #609, .T. ) ;
#574 = AXIS2_PLACEMENT_3D ( 'NONE', #3266, #2312, #3180 ) ;
#575 = VECTOR ( 'NONE', #4886, 1000.000000000000000 ) ;
#576 = LINE ( 'NONE', #1542, #2970 ) ;
#577 = VECTOR ( 'NONE', #4931, 1000.000000000000000 ) ;
#578 = ORIENTED_EDGE ( 'NONE', *, *, #566, .F. ) ;
#579 = AXIS2_PLACEMENT_3D ( 'NONE', #4996, #2280, #2859 ) ;
#580 = EDGE_CURVE ( 'NONE', #3014, #2159, #4648, .T. ) ;
#581 = DIRECTION ( 'NONE',  ( 0.000000000000000000, -1.000000000000000000, 0.000000000000000000 ) ) ;
#582 = EDGE_CURVE ( 'NONE', #4895, #4722, #947, .T. ) ;
#583 = LINE ( 'NONE', #2946, #5470 ) ;
#584 = VECTOR ( 'NONE', #1590, 1000.000000000000000 ) ;
#586 = FACE_OUTER_BOUND ( 'NONE', #4137, .T. ) ;
#585 = PRODUCT ( '\X2\8fde6746\X0\4\X2\6539\X0\A', '\X2\8fde6746\X0\4\X2\6539\X0\A', '', ( #1660 ) ) ;
#587 = VERTEX_POINT ( 'NONE', #1445 ) ;
#588 = CARTESIAN_POINT ( 'NONE',  ( 51.55981053043001339, -13.00000000000002132, 0.000000000000000000 ) ) ;
#589 = ORIENTED_EDGE ( 'NONE', *, *, #4813, .F. ) ;
#590 = VERTEX_POINT ( 'NONE', #5318 ) ;
#591 = EDGE_CURVE ( 'NONE', #3659, #3361, #4055, .T. ) ;
#592 = CARTESIAN_POINT ( 'NONE',  ( 139.4266217112700019, -12.99999999999999467, 11.99999999999999645 ) ) ;
#593 = DIRECTION ( 'NONE',  ( 0.000000000000000000, 0.000000000000000000, -1.000000000000000000 ) ) ;
#594 = DIRECTION ( 'NONE',  ( 1.000000000000000000, 0.000000000000000000, 0.000000000000000000 ) ) ;
#595 = LINE ( 'NONE', #168, #226 ) ;
#596 = CYLINDRICAL_SURFACE ( 'NONE', #5466, 4.000000000000003553 ) ;
#597 = VERTEX_POINT ( 'NONE', #2327 ) ;
#598 = CARTESIAN_POINT ( 'NONE',  ( 246.8037943900397977, 25.40668714406047002, 7.000000000000000000 ) ) ;
#599 = ORIENTED_EDGE ( 'NONE', *, *, #103, .F. ) ;
#600 = ORIENTED_EDGE ( 'NONE', *, *, #3388, .T. ) ;
#601 = CARTESIAN_POINT ( 'NONE',  ( 0.000000000000000000, 0.000000000000000000, -61.90760220690642512 ) ) ;
#602 = DIRECTION ( 'NONE',  ( -0.000000000000000000, 0.000000000000000000, -1.000000000000000000 ) ) ;
#603 = AXIS2_PLACEMENT_3D ( 'NONE', #5362, #3996, #3562 ) ;
#604 = DIRECTION ( 'NONE',  ( 0.000000000000000000, -0.000000000000000000, -1.000000000000000000 ) ) ;
#605 = EDGE_LOOP ( 'NONE', ( #5480, #5561, #1232, #4444, #3752, #4071, #1668, #962, #5315, #1665 ) ) ;
#606 = EDGE_LOOP ( 'NONE', ( #4451, #2429, #4961, #4321 ) ) ;
#607 = FACE_OUTER_BOUND ( 'NONE', #2780, .T. ) ;
#608 = CARTESIAN_POINT ( 'NONE',  ( 73.30825785899646974, 14.19999999999999218, 6.000000000000000000 ) ) ;
#609 = CIRCLE ( 'NONE', #5216, 23.50000000000002132 ) ;
#610 = CIRCLE ( 'NONE', #3891, 6.025000000000002132 ) ;
#611 = DIRECTION ( 'NONE',  ( 1.000000000000000000, 0.000000000000000000, 0.000000000000000000 ) ) ;
#612 = DIRECTION ( 'NONE',  ( 1.000000000000000000, 0.000000000000000000, 0.000000000000000000 ) ) ;
#613 = AXIS2_PLACEMENT_3D ( 'NONE', #2101, #1651, #2577 ) ;
#614 = CIRCLE ( 'NONE', #1620, 3.649999999999986589 ) ;
#615 = EDGE_CURVE ( 'NONE', #3583, #494, #123, .T. ) ;
#616 = DIRECTION ( 'NONE',  ( 1.000000000000000000, 1.088026939760487788E-16, 0.000000000000000000 ) ) ;
#617 = ORIENTED_EDGE ( 'NONE', *, *, #5697, .F. ) ;
#618 = DIRECTION ( 'NONE',  ( -0.000000000000000000, 0.000000000000000000, 1.000000000000000000 ) ) ;
#619 = VERTEX_POINT ( 'NONE', #3224 ) ;
#620 = ORIENTED_EDGE ( 'NONE', *, *, #5253, .F. ) ;
#621 = CIRCLE ( 'NONE', #4460, 3.649999999999986589 ) ;
#622 = LINE ( 'NONE', #1059, #268 ) ;
#623 = DIRECTION ( 'NONE',  ( 0.6248629765784744494, 0.7807344366053600160, 0.000000000000000000 ) ) ;
#624 = ADVANCED_FACE ( 'NONE', ( #5041 ), #3485, .F. ) ;
#625 = AXIS2_PLACEMENT_3D ( 'NONE', #1199, #5606, #4762 ) ;
#626 = DIRECTION ( 'NONE',  ( -0.000000000000000000, -0.000000000000000000, 1.000000000000000000 ) ) ;
#627 = DIRECTION ( 'NONE',  ( 1.000000000000000000, 0.000000000000000000, 0.000000000000000000 ) ) ;
#628 = DIRECTION ( 'NONE',  ( -0.8565678208310235631, -0.5160344642722920483, 0.000000000000000000 ) ) ;
#629 = CIRCLE ( 'NONE', #415, 2.799999999999997158 ) ;
#630 = VERTEX_POINT ( 'NONE', #2580 ) ;
#631 = DIRECTION ( 'NONE',  ( -1.000000000000000000, 0.000000000000000000, 0.000000000000000000 ) ) ;
#632 = CIRCLE ( 'NONE', #1839, 2.999999999999447553 ) ;
#633 = VERTEX_POINT ( 'NONE', #5291 ) ;
#634 = AXIS2_PLACEMENT_3D ( 'NONE', #967, #936, #2651 ) ;
#635 = FACE_OUTER_BOUND ( 'NONE', #2103, .T. ) ;
#636 = DIRECTION ( 'NONE',  ( -0.000000000000000000, -0.000000000000000000, 1.000000000000000000 ) ) ;
#637 = DIRECTION ( 'NONE',  ( -1.000000000000000000, 0.000000000000000000, 0.000000000000000000 ) ) ;
#638 = ORIENTED_EDGE ( 'NONE', *, *, #2015, .T. ) ;
#639 = VECTOR ( 'NONE', #2075, 1000.000000000000000 ) ;
#640 = VERTEX_POINT ( 'NONE', #3084 ) ;
#641 = ORIENTED_EDGE ( 'NONE', *, *, #1639, .T. ) ;
#642 = CARTESIAN_POINT ( 'NONE',  ( -16.78642409890099430, 39.04441017574521311, 0.000000000000000000 ) ) ;
#643 = FACE_BOUND ( 'NONE', #518, .T. ) ;
#644 = CARTESIAN_POINT ( 'NONE',  ( 25.50000000000000355, 24.00000000000000000, 12.00000000000000000 ) ) ;
#645 = ADVANCED_FACE ( 'NONE', ( #2612 ), #2782, .F. ) ;
#646 = DIRECTION ( 'NONE',  ( 1.000000000000000000, 0.000000000000000000, 0.000000000000000000 ) ) ;
#647 = VERTEX_POINT ( 'NONE', #2267 ) ;
#648 = ORIENTED_EDGE ( 'NONE', *, *, #2087, .F. ) ;
#649 = CARTESIAN_POINT ( 'NONE',  ( -0.000000000000000000, 8.999999999941620032, 12.00000000000000000 ) ) ;
#650 = EDGE_CURVE ( 'NONE', #785, #5608, #3423, .T. ) ;
#651 = CARTESIAN_POINT ( 'NONE',  ( 135.4266217112710819, 11.23606797744202268, 11.99999999999999645 ) ) ;
#652 = CYLINDRICAL_SURFACE ( 'NONE', #2736, 2.000000000000001776 ) ;
#653 = DIRECTION ( 'NONE',  ( 0.000000000000000000, 0.000000000000000000, -1.000000000000000000 ) ) ;
#654 = ORIENTED_EDGE ( 'NONE', *, *, #5194, .T. ) ;
#655 = DIRECTION ( 'NONE',  ( -0.000000000000000000, -0.000000000000000000, -1.000000000000000000 ) ) ;
#656 = EDGE_CURVE ( 'NONE', #3973, #4019, #981, .T. ) ;
#657 = ORIENTED_EDGE ( 'NONE', *, *, #4300, .F. ) ;
#658 = EDGE_CURVE ( 'NONE', #2178, #4210, #510, .T. ) ;
#659 = CIRCLE ( 'NONE', #3108, 4.000000000000003553 ) ;
#660 = FACE_BOUND ( 'NONE', #304, .T. ) ;
#661 = CARTESIAN_POINT ( 'NONE',  ( 99.08252272100651226, 11.96237847592013281, 11.99999999999999645 ) ) ;
#662 = DIRECTION ( 'NONE',  ( 0.000000000000000000, 0.000000000000000000, -1.000000000000000000 ) ) ;
#663 = ORIENTED_EDGE ( 'NONE', *, *, #26, .T. ) ;
#664 = ADVANCED_FACE ( 'NONE', ( #5526 ), #3387, .F. ) ;
#665 = CARTESIAN_POINT ( 'NONE',  ( 205.2477587016342113, 24.00000000000000000, 12.00000000000000000 ) ) ;
#666 = ORIENTED_EDGE ( 'NONE', *, *, #3112, .F. ) ;
#667 = CARTESIAN_POINT ( 'NONE',  ( 136.4266217112706272, 8.999999999942206230, -61.90760220690642512 ) ) ;
#668 = AXIS2_PLACEMENT_3D ( 'NONE', #681, #3385, #2480 ) ;
#669 = LINE ( 'NONE', #1165, #2518 ) ;
#670 = AXIS2_PLACEMENT_3D ( 'NONE', #1739, #1823, #4973 ) ;
#671 = VECTOR ( 'NONE', #3265, 1000.000000000000000 ) ;
#672 = AXIS2_PLACEMENT_3D ( 'NONE', #340, #5263, #5830 ) ;
#673 = LINE ( 'NONE', #3323, #3397 ) ;
#674 = VERTEX_POINT ( 'NONE', #113 ) ;
#675 = ADVANCED_FACE ( 'NONE', ( #5611 ), #2904, .F. ) ;
#676 = PLANE ( 'NONE',  #5634 ) ;
#677 = DIRECTION ( 'NONE',  ( -0.000000000000000000, -0.000000000000000000, -1.000000000000000000 ) ) ;
#678 = AXIS2_PLACEMENT_3D ( 'NONE', #2908, #662, #5533 ) ;
#679 = DIRECTION ( 'NONE',  ( -1.000000000000000000, 0.000000000000000000, 0.000000000000000000 ) ) ;
#680 = ORIENTED_EDGE ( 'NONE', *, *, #5618, .F. ) ;
#681 = CARTESIAN_POINT ( 'NONE',  ( 133.4266217112713377, -9.000000000057788441, 6.000000000000000000 ) ) ;
#682 = VERTEX_POINT ( 'NONE', #3774 ) ;
#683 = DIRECTION ( 'NONE',  ( -0.000000000000000000, -0.000000000000000000, 1.000000000000000000 ) ) ;
#684 = ORIENTED_EDGE ( 'NONE', *, *, #5631, .F. ) ;
#685 = LINE ( 'NONE', #4692, #1632 ) ;
#686 = DIRECTION ( 'NONE',  ( 1.000000000000000000, 2.664535259100375697E-15, 0.000000000000000000 ) ) ;
#687 = EDGE_CURVE ( 'NONE', #2119, #4289, #3514, .T. ) ;
#688 = DIRECTION ( 'NONE',  ( 1.000000000000000000, 0.000000000000000000, 0.000000000000000000 ) ) ;
#689 = EDGE_LOOP ( 'NONE', ( #2862, #3934, #4447, #5162, #130, #1468, #3812, #551, #3866 ) ) ;
#690 = VERTEX_POINT ( 'NONE', #204 ) ;
#691 = FILL_AREA_STYLE_COLOUR ( '', #1460 ) ;
#692 = EDGE_CURVE ( 'NONE', #371, #1711, #2453, .T. ) ;
#693 = EDGE_LOOP ( 'NONE', ( #4362, #2236, #3527, #1345 ) ) ;
#694 = ORIENTED_EDGE ( 'NONE', *, *, #3598, .F. ) ;
#695 = DIRECTION ( 'NONE',  ( -1.000000000000000000, 0.000000000000000000, -0.000000000000000000 ) ) ;
#696 = CARTESIAN_POINT ( 'NONE',  ( 0.000000000000000000, 0.000000000000000000, -22.99999999999999645 ) ) ;
#697 = DIRECTION ( 'NONE',  ( 1.000000000000000000, 0.000000000000000000, 0.000000000000000000 ) ) ;
#698 = DIRECTION ( 'NONE',  ( -0.000000000000000000, -0.000000000000000000, -1.000000000000000000 ) ) ;
#699 = CARTESIAN_POINT ( 'NONE',  ( 243.1537943900397920, 25.40668714406047002, 0.000000000000000000 ) ) ;
#700 = AXIS2_PLACEMENT_3D ( 'NONE', #1536, #1561, #3279 ) ;
#701 = AXIS2_PLACEMENT_3D ( 'NONE', #918, #4860, #2632 ) ;
#702 = AXIS2_PLACEMENT_3D ( 'NONE', #5829, #2305, #3143 ) ;
#703 = DIRECTION ( 'NONE',  ( 0.000000000000000000, 0.000000000000000000, 1.000000000000000000 ) ) ;
#704 = VERTEX_POINT ( 'NONE', #2009 ) ;
#705 = VECTOR ( 'NONE', #4662, 1000.000000000000000 ) ;
#706 = ORIENTED_EDGE ( 'NONE', *, *, #1942, .T. ) ;
#707 = CARTESIAN_POINT ( 'NONE',  ( 261.6866871440603290, -10.52379439004008610, 12.00000000000000000 ) ) ;
#708 = VERTEX_POINT ( 'NONE', #5163 ) ;
#709 = PLANE ( 'NONE',  #2630 ) ;
#710 = ORIENTED_EDGE ( 'NONE', *, *, #4889, .T. ) ;
#711 = ADVANCED_FACE ( 'NONE', ( #5588 ), #4267, .F. ) ;
#712 = CARTESIAN_POINT ( 'NONE',  ( 34.38309555033996645, -6.066749399395503062, 12.00000000000000000 ) ) ;
#713 = VECTOR ( 'NONE', #4836, 1000.000000000000000 ) ;
#714 = DIRECTION ( 'NONE',  ( 0.000000000000000000, 0.000000000000000000, -1.000000000000000000 ) ) ;
#715 = PLANE ( 'NONE',  #1326 ) ;
#716 = ORIENTED_EDGE ( 'NONE', *, *, #5552, .F. ) ;
#717 = CIRCLE ( 'NONE', #2977, 2.124999999999988010 ) ;
#718 = CIRCLE ( 'NONE', #3997, 12.00000000000000355 ) ;
#719 = EDGE_CURVE ( 'NONE', #1058, #2801, #172, .T. ) ;
#720 = DIRECTION ( 'NONE',  ( -1.000000000000000000, 0.000000000000000000, 0.000000000000000000 ) ) ;
#721 = VERTEX_POINT ( 'NONE', #1122 ) ;
#722 = VERTEX_POINT ( 'NONE', #2428 ) ;
#723 = DIRECTION ( 'NONE',  ( 1.000000000000000000, 0.000000000000000000, 0.000000000000000000 ) ) ;
#724 = CYLINDRICAL_SURFACE ( 'NONE', #4329, 3.999999999999976019 ) ;
#725 = EDGE_CURVE ( 'NONE', #2061, #553, #1453, .T. ) ;
#726 = FACE_OUTER_BOUND ( 'NONE', #3181, .T. ) ;
#727 = DIRECTION ( 'NONE',  ( 1.000000000000000000, 2.090028284309406735E-16, 0.000000000000000000 ) ) ;
#728 = DIRECTION ( 'NONE',  ( 1.000000000000000000, 0.000000000000000000, 0.000000000000000000 ) ) ;
#729 = DIRECTION ( 'NONE',  ( 0.000000000000000000, -0.000000000000000000, -1.000000000000000000 ) ) ;
#730 = ORIENTED_EDGE ( 'NONE', *, *, #5847, .T. ) ;
#731 = CARTESIAN_POINT ( 'NONE',  ( 86.22662171127018382, -11.23606797755581965, -61.90760220690642512 ) ) ;
#732 = ORIENTED_EDGE ( 'NONE', *, *, #1012, .T. ) ;
#733 = ORIENTED_EDGE ( 'NONE', *, *, #1578, .T. ) ;
#734 = DIRECTION ( 'NONE',  ( -0.000000000000000000, -0.000000000000000000, -1.000000000000000000 ) ) ;
#735 = ORIENTED_EDGE ( 'NONE', *, *, #4783, .T. ) ;
#736 = DIRECTION ( 'NONE',  ( -0.000000000000000000, -0.000000000000000000, 1.000000000000000000 ) ) ;
#737 = VERTEX_POINT ( 'NONE', #1035 ) ;
#738 = DIRECTION ( 'NONE',  ( -1.000000000000000000, 0.000000000000000000, 0.000000000000000000 ) ) ;
#739 = DIRECTION ( 'NONE',  ( 0.000000000000000000, 0.000000000000000000, 1.000000000000000000 ) ) ;
#740 = DIRECTION ( 'NONE',  ( -0.000000000000000000, -0.000000000000000000, 1.000000000000000000 ) ) ;
#741 = ORIENTED_EDGE ( 'NONE', *, *, #348, .F. ) ;
#742 = EDGE_LOOP ( 'NONE', ( #3645, #2278, #1047, #1452 ) ) ;
#743 = CARTESIAN_POINT ( 'NONE',  ( 90.22662171127113595, -11.23606797755836162, 0.000000000000000000 ) ) ;
#744 = ORIENTED_EDGE ( 'NONE', *, *, #2015, .F. ) ;
#745 = VERTEX_POINT ( 'NONE', #2394 ) ;
#746 = PRODUCT_DEFINITION ( 'æ™', '', #194, #1250 ) ;
#747 = EDGE_CURVE ( 'NONE', #5646, #797, #3830, .T. ) ;
#748 = CARTESIAN_POINT ( 'NONE',  ( 90.13474140192322182, 15.59999999994161968, 5.000000000000000000 ) ) ;
#749 = CARTESIAN_POINT ( 'NONE',  ( -17.36908388185381114, 29.06139922827403410, 12.00000000000000000 ) ) ;
#750 = ORIENTED_EDGE ( 'NONE', *, *, #4354, .F. ) ;
#751 = DIRECTION ( 'NONE',  ( -0.000000000000000000, -0.000000000000000000, 1.000000000000000000 ) ) ;
#752 = CIRCLE ( 'NONE', #2455, 1.999999999999994893 ) ;
#753 = CARTESIAN_POINT ( 'NONE',  ( -42.41311132107753679, 12.50207148577076666, 12.00000000000000000 ) ) ;
#754 = ADVANCED_FACE ( 'NONE', ( #5105 ), #5554, .F. ) ;
#755 = DIRECTION ( 'NONE',  ( -0.000000000000000000, -0.000000000000000000, 1.000000000000000000 ) ) ;
#756 = LINE ( 'NONE', #1662, #4224 ) ;
#757 = VERTEX_POINT ( 'NONE', #1065 ) ;
#758 = VECTOR ( 'NONE', #4694, 1000.000000000000000 ) ;
#759 = DIRECTION ( 'NONE',  ( 0.000000000000000000, -0.000000000000000000, -1.000000000000000000 ) ) ;
#760 = CIRCLE ( 'NONE', #4038, 0.7999999999992180033 ) ;
#761 = ORIENTED_EDGE ( 'NONE', *, *, #3123, .F. ) ;
#763 = EDGE_CURVE ( 'NONE', #5449, #4925, #2204, .T. ) ;
#762 = ORIENTED_EDGE ( 'NONE', *, *, #2893, .F. ) ;
#764 = CARTESIAN_POINT ( 'NONE',  ( 99.08252272100655489, 11.96237847592013281, -28.99999999999999645 ) ) ;
#765 = ORIENTED_EDGE ( 'NONE', *, *, #2149, .T. ) ;
#766 = AXIS2_PLACEMENT_3D ( 'NONE', #1158, #5736, #3393 ) ;
#767 = CARTESIAN_POINT ( 'NONE',  ( 90.22662171127009856, -6.763932022556145895, -61.90760220690642512 ) ) ;
#768 = ORIENTED_EDGE ( 'NONE', *, *, #3177, .F. ) ;
#769 = CARTESIAN_POINT ( 'NONE',  ( -52.44424516606153475, 19.08814419900561532, 12.00000000000000000 ) ) ;
#770 = DIRECTION ( 'NONE',  ( -0.000000000000000000, -0.000000000000000000, 1.000000000000000000 ) ) ;
#771 = DIRECTION ( 'NONE',  ( -0.000000000000000000, 0.000000000000000000, 1.000000000000000000 ) ) ;
#772 = EDGE_LOOP ( 'NONE', ( #706, #4818, #1638, #2417 ) ) ;
#773 = DIRECTION ( 'NONE',  ( 1.000000000000000000, 0.000000000000000000, 0.000000000000000000 ) ) ;
#774 = ORIENTED_EDGE ( 'NONE', *, *, #5817, .T. ) ;
#775 = ORIENTED_EDGE ( 'NONE', *, *, #3503, .F. ) ;
#776 = CARTESIAN_POINT ( 'NONE',  ( 92.37572918525138732, 18.40000000000000213, 12.00000000000000000 ) ) ;
#777 = DIRECTION ( 'NONE',  ( -0.000000000000000000, -0.000000000000000000, 1.000000000000000000 ) ) ;
#778 = CARTESIAN_POINT ( 'NONE',  ( 93.76755406845290963, 8.999999999941620032, 12.00000000000000000 ) ) ;
#779 = CYLINDRICAL_SURFACE ( 'NONE', #2839, 2.000000000000001776 ) ;
#780 = CARTESIAN_POINT ( 'NONE',  ( 156.2799999999999727, 17.00000000000000000, 12.00000000000000000 ) ) ;
#781 = CARTESIAN_POINT ( 'NONE',  ( 131.4266217112710819, -5.744235880838472141, 0.000000000000000000 ) ) ;
#782 = ADVANCED_FACE ( 'NONE', ( #5641 ), #1584, .F. ) ;
#783 = EDGE_CURVE ( 'NONE', #647, #3582, #1257, .T. ) ;
#784 = FACE_OUTER_BOUND ( 'NONE', #1939, .T. ) ;
#785 = VERTEX_POINT ( 'NONE', #4149 ) ;
#786 = ORIENTED_EDGE ( 'NONE', *, *, #3429, .F. ) ;
#787 = DIRECTION ( 'NONE',  ( -1.000000000000000000, 0.000000000000000000, 0.000000000000000000 ) ) ;
#788 = VERTEX_POINT ( 'NONE', #4791 ) ;
#789 = AXIS2_PLACEMENT_3D ( 'NONE', #5550, #5036, #1062 ) ;
#790 = DIRECTION ( 'NONE',  ( 1.000000000000000000, 0.000000000000000000, 0.000000000000000000 ) ) ;
#791 = VERTEX_POINT ( 'NONE', #1669 ) ;
#792 = EDGE_CURVE ( 'NONE', #630, #3196, #3855, .T. ) ;
#793 = DIRECTION ( 'NONE',  ( -0.000000000000000000, -0.000000000000000000, -1.000000000000000000 ) ) ;
#794 = AXIS2_PLACEMENT_3D ( 'NONE', #919, #2300, #3167 ) ;
#795 = CARTESIAN_POINT ( 'NONE',  ( 156.4266217112695472, 17.00000000000000355, 6.000000000000000000 ) ) ;
#796 = CARTESIAN_POINT ( 'NONE',  ( 27.41963007517151141, -5.793488719308089507, 0.000000000000000000 ) ) ;
#797 = VERTEX_POINT ( 'NONE', #2956 ) ;
#798 = LINE ( 'NONE', #3424, #3615 ) ;
#799 = AXIS2_PLACEMENT_3D ( 'NONE', #1879, #3682, #5035 ) ;
#800 = EDGE_LOOP ( 'NONE', ( #5256, #53, #301, #617 ) ) ;
#801 = VERTEX_POINT ( 'NONE', #1233 ) ;
#802 = EDGE_CURVE ( 'NONE', #1863, #2329, #363, .T. ) ;
#803 = VECTOR ( 'NONE', #4987, 1000.000000000000114 ) ;
#804 = DIRECTION ( 'NONE',  ( 2.051733778762153016E-15, -1.000000000000000000, 0.000000000000000000 ) ) ;
#805 = EDGE_CURVE ( 'NONE', #5069, #1042, #1299, .T. ) ;
#806 = AXIS2_PLACEMENT_3D ( 'NONE', #748, #4776, #5175 ) ;
#807 = FACE_OUTER_BOUND ( 'NONE', #3249, .T. ) ;
#808 = ORIENTED_EDGE ( 'NONE', *, *, #1774, .F. ) ;
#809 = CIRCLE ( 'NONE', #2605, 1.600000000000004086 ) ;
#810 = CIRCLE ( 'NONE', #634, 3.000000000000002665 ) ;
#811 = DIRECTION ( 'NONE',  ( -0.000000000000000000, -0.000000000000000000, 1.000000000000000000 ) ) ;
#812 = LINE ( 'NONE', #4430, #5191 ) ;
#813 = LINE ( 'NONE', #5323, #5851 ) ;
#814 = ORIENTED_EDGE ( 'NONE', *, *, #3787, .T. ) ;
#815 = CIRCLE ( 'NONE', #2042, 3.000000000000058176 ) ;
#816 = DIRECTION ( 'NONE',  ( -0.000000000000000000, 0.000000000000000000, 1.000000000000000000 ) ) ;
#817 = ORIENTED_EDGE ( 'NONE', *, *, #5089, .F. ) ;
#818 = LINE ( 'NONE', #4015, #4844 ) ;
#819 = ORIENTED_EDGE ( 'NONE', *, *, #2727, .F. ) ;
#820 = ORIENTED_EDGE ( 'NONE', *, *, #4777, .F. ) ;
#821 = CARTESIAN_POINT ( 'NONE',  ( 250.4537943900400023, -25.40668714406034923, 0.000000000000000000 ) ) ;
#822 = EDGE_LOOP ( 'NONE', ( #4881, #1037, #1675, #1309 ) ) ;
#823 = EDGE_CURVE ( 'NONE', #590, #4045, #2596, .T. ) ;
#824 = LINE ( 'NONE', #5217, #1585 ) ;
#825 = CARTESIAN_POINT ( 'NONE',  ( 91.38391650049179304, 14.60021923741605576, 5.000000000000000000 ) ) ;
#826 = DIRECTION ( 'NONE',  ( 0.000000000000000000, -0.000000000000000000, 1.000000000000000000 ) ) ;
#827 = CARTESIAN_POINT ( 'NONE',  ( 1.165319565905628130, 19.96602189494234736, 12.00000000000000000 ) ) ;
#828 = DIRECTION ( 'NONE',  ( 0.000000000000000000, 0.000000000000000000, 1.000000000000000000 ) ) ;
#829 = ORIENTED_EDGE ( 'NONE', *, *, #4477, .T. ) ;
#830 = EDGE_CURVE ( 'NONE', #5826, #5450, #5695, .T. ) ;
#831 = ORIENTED_EDGE ( 'NONE', *, *, #3838, .T. ) ;
#832 = LINE ( 'NONE', #1266, #3056 ) ;
#833 = CARTESIAN_POINT ( 'NONE',  ( 229.4062056099600682, -25.40668714406038475, 7.000000000000000000 ) ) ;
#834 = VERTEX_POINT ( 'NONE', #2183 ) ;
#835 = EDGE_LOOP ( 'NONE', ( #955, #2036 ) ) ;
#836 = EDGE_CURVE ( 'NONE', #4917, #5316, #5305, .T. ) ;
#837 = DIRECTION ( 'NONE',  ( 0.000000000000000000, 0.000000000000000000, -1.000000000000000000 ) ) ;
#838 = CARTESIAN_POINT ( 'NONE',  ( 236.2800000000000011, 0.000000000000000000, 6.000000000000000000 ) ) ;
#839 = AXIS2_PLACEMENT_3D ( 'NONE', #4821, #4351, #1154 ) ;
#840 = CIRCLE ( 'NONE', #4123, 2.124999999999988010 ) ;
#841 = CARTESIAN_POINT ( 'NONE',  ( -48.41924516606152906, 19.08814419900561532, 0.000000000000000000 ) ) ;
#842 = DIRECTION ( 'NONE',  ( 0.000000000000000000, 0.000000000000000000, 1.000000000000000000 ) ) ;
#843 = DIRECTION ( 'NONE',  ( -1.000000000000000000, 0.000000000000000000, 0.000000000000000000 ) ) ;
#844 = CARTESIAN_POINT ( 'NONE',  ( 196.2799999999999727, -15.00000000000000711, -4.000000000000000000 ) ) ;
#845 = DIRECTION ( 'NONE',  ( -0.9983010947471178120, 0.05826597829528126771, 0.000000000000000000 ) ) ;
#846 = ORIENTED_EDGE ( 'NONE', *, *, #2306, .F. ) ;
#847 = ORIENTED_EDGE ( 'NONE', *, *, #1786, .F. ) ;
#848 = LINE ( 'NONE', #4044, #3474 ) ;
#849 = ORIENTED_EDGE ( 'NONE', *, *, #5618, .T. ) ;
#850 = ORIENTED_EDGE ( 'NONE', *, *, #1830, .F. ) ;
#851 = CARTESIAN_POINT ( 'NONE',  ( -52.44424516606153475, 19.08814419900561532, 0.000000000000000000 ) ) ;
#852 = AXIS2_PLACEMENT_3D ( 'NONE', #5551, #653, #1033 ) ;
#853 = DIRECTION ( 'NONE',  ( 1.000000000000000000, 0.000000000000000000, 0.000000000000000000 ) ) ;
#854 = CIRCLE ( 'NONE', #4140, 3.000000000000002665 ) ;
#855 = DIRECTION ( 'NONE',  ( 1.000000000000000000, 0.000000000000000000, 0.000000000000000000 ) ) ;
#856 = EDGE_CURVE ( 'NONE', #1072, #4327, #4599, .T. ) ;
#857 = DIRECTION ( 'NONE',  ( 1.000000000000000000, 8.326672684688676025E-16, 0.000000000000000000 ) ) ;
#858 = DIRECTION ( 'NONE',  ( -0.000000000000000000, -0.000000000000000000, -1.000000000000000000 ) ) ;
#859 = CIRCLE ( 'NONE', #3027, 2.799999999999997158 ) ;
#860 = VERTEX_POINT ( 'NONE', #5755 ) ;
#861 = AXIS2_PLACEMENT_3D ( 'NONE', #1264, #771, #688 ) ;
#862 = CARTESIAN_POINT ( 'NONE',  ( 85.74386309058043310, 7.315984076208753351, 11.99999999999999645 ) ) ;
#863 = ADVANCED_FACE ( 'NONE', ( #1178 ), #709, .T. ) ;
#864 = CARTESIAN_POINT ( 'NONE',  ( 83.14725167159187436, 6.199999999941618434, -61.90760220690642512 ) ) ;
#865 = ORIENTED_EDGE ( 'NONE', *, *, #1985, .F. ) ;
#866 = DIRECTION ( 'NONE',  ( 1.000000000000000000, 0.000000000000000000, 0.000000000000000000 ) ) ;
#867 = EDGE_CURVE ( 'NONE', #3014, #3744, #3965, .T. ) ;
#868 = LINE ( 'NONE', #4452, #5713 ) ;
#869 = PLANE ( 'NONE',  #4242 ) ;
#870 = DIRECTION ( 'NONE',  ( -1.000000000000000000, -2.081668171172169006E-16, 0.000000000000000000 ) ) ;
#871 = DIRECTION ( 'NONE',  ( 0.000000000000000000, -0.000000000000000000, -1.000000000000000000 ) ) ;
#872 = LINE ( 'NONE', #2251, #4088 ) ;
#873 = ORIENTED_EDGE ( 'NONE', *, *, #4757, .F. ) ;
#874 = ORIENTED_EDGE ( 'NONE', *, *, #88, .T. ) ;
#875 = CARTESIAN_POINT ( 'NONE',  ( 47.55981053043001339, 0.000000000000000000, 0.000000000000000000 ) ) ;
#876 = EDGE_LOOP ( 'NONE', ( #4466, #5414 ) ) ;
#877 = EDGE_LOOP ( 'NONE', ( #4768, #346, #341, #2928 ) ) ;
#878 = CARTESIAN_POINT ( 'NONE',  ( 139.4266217112696040, 13.00000000000000888, 11.99999999999999645 ) ) ;
#879 = CARTESIAN_POINT ( 'NONE',  ( -48.41924516606152906, 19.08814419900561532, 12.00000000000000000 ) ) ;
#880 = FACE_OUTER_BOUND ( 'NONE', #4165, .T. ) ;
#881 = AXIS2_PLACEMENT_3D ( 'NONE', #3625, #3052, #536 ) ;
#882 = CARTESIAN_POINT ( 'NONE',  ( 136.4266217112711104, 8.999999999942206230, 11.99999999999999645 ) ) ;
#883 = DIRECTION ( 'NONE',  ( 0.000000000000000000, 0.000000000000000000, 1.000000000000000000 ) ) ;
#884 = ORIENTED_EDGE ( 'NONE', *, *, #5119, .F. ) ;
#885 = EDGE_CURVE ( 'NONE', #1962, #3342, #2569, .T. ) ;
#886 = AXIS2_PLACEMENT_3D ( 'NONE', #2190, #1770, #3137 ) ;
#887 = VECTOR ( 'NONE', #2396, 1000.000000000000000 ) ;
#888 = FACE_BOUND ( 'NONE', #5309, .T. ) ;
#889 = FACE_OUTER_BOUND ( 'NONE', #2483, .T. ) ;
#890 = ORIENTED_EDGE ( 'NONE', *, *, #3981, .T. ) ;
#891 = VECTOR ( 'NONE', #941, 1000.000000000000000 ) ;
#892 = EDGE_CURVE ( 'NONE', #1670, #3039, #824, .T. ) ;
#893 = DIRECTION ( 'NONE',  ( -0.000000000000000000, -0.000000000000000000, 1.000000000000000000 ) ) ;
#894 = ORIENTED_EDGE ( 'NONE', *, *, #658, .T. ) ;
#895 = CIRCLE ( 'NONE', #5228, 2.999999999999877875 ) ;
#896 = DIRECTION ( 'NONE',  ( 1.000000000000000000, 0.000000000000000000, 0.000000000000000000 ) ) ;
#897 = CARTESIAN_POINT ( 'NONE',  ( 84.62442477393359752, 15.59999999994161968, 5.000000000000000000 ) ) ;
#898 = DIRECTION ( 'NONE',  ( 1.000000000000000000, 0.000000000000000000, 0.000000000000000000 ) ) ;
#899 = ADVANCED_FACE ( 'NONE', ( #5730 ), #291, .F. ) ;
#900 = CIRCLE ( 'NONE', #4944, 2.799999999999997158 ) ;
#901 = EDGE_CURVE ( 'NONE', #3342, #1511, #4873, .T. ) ;
#902 = CARTESIAN_POINT ( 'NONE',  ( 173.2800000000000011, 13.00000000000000355, 0.000000000000000000 ) ) ;
#903 = AXIS2_PLACEMENT_3D ( 'NONE', #1313, #3129, #4911 ) ;
#904 = CARTESIAN_POINT ( 'NONE',  ( 24.27709435664887749, -14.00083263946710588, 12.00000000000000000 ) ) ;
#905 = VERTEX_POINT ( 'NONE', #376 ) ;
#906 = ORIENTED_EDGE ( 'NONE', *, *, #1287, .F. ) ;
#907 = DIRECTION ( 'NONE',  ( 1.000000000000000000, 0.000000000000000000, 0.000000000000000000 ) ) ;
#908 = AXIS2_PLACEMENT_3D ( 'NONE', #4483, #3952, #866 ) ;
#909 = VERTEX_POINT ( 'NONE', #5783 ) ;
#910 = EDGE_CURVE ( 'NONE', #2912, #704, #3912, .T. ) ;
#911 = CARTESIAN_POINT ( 'NONE',  ( 86.22662171126961539, -11.23606797755645026, 11.99999999999999645 ) ) ;
#912 = ORIENTED_EDGE ( 'NONE', *, *, #2132, .T. ) ;
#913 = CARTESIAN_POINT ( 'NONE',  ( 139.4266217112700019, 16.99999999999999645, 12.00000000000000000 ) ) ;
#914 = DIRECTION ( 'NONE',  ( -1.000000000000000000, 0.000000000000000000, 0.000000000000000000 ) ) ;
#915 = DIRECTION ( 'NONE',  ( -0.000000000000000000, 0.000000000000000000, 1.000000000000000000 ) ) ;
#916 = CARTESIAN_POINT ( 'NONE',  ( 47.55981053043001339, -12.00013170854912126, 0.000000000000000000 ) ) ;
#917 = ORIENTED_EDGE ( 'NONE', *, *, #3521, .T. ) ;
#918 = CARTESIAN_POINT ( 'NONE',  ( 133.4266217112713377, -9.000000000057788441, 0.000000000000000000 ) ) ;
#919 = CARTESIAN_POINT ( 'NONE',  ( 29.37642793959053478, -6.206940189017855936, -22.99999999999999645 ) ) ;
#920 = EDGE_CURVE ( 'NONE', #1283, #79, #4292, .T. ) ;
#921 = EDGE_CURVE ( 'NONE', #4936, #5174, #557, .T. ) ;
#922 = ORIENTED_EDGE ( 'NONE', *, *, #430, .T. ) ;
#923 = DIRECTION ( 'NONE',  ( 0.7991505443142394860, -0.6011309404133634571, 0.000000000000000000 ) ) ;
#924 = CARTESIAN_POINT ( 'NONE',  ( 83.48378909892767297, 14.47797047408065474, 5.000000000000000000 ) ) ;
#925 = EDGE_CURVE ( 'NONE', #745, #1850, #5352, .T. ) ;
#926 = DIRECTION ( 'NONE',  ( 1.000000000000000000, 0.000000000000000000, 0.000000000000000000 ) ) ;
#927 = PLANE ( 'NONE',  #381 ) ;
#928 = EDGE_CURVE ( 'NONE', #1282, #3688, #2919, .T. ) ;
#929 = CARTESIAN_POINT ( 'NONE',  ( 136.4266217112711672, -9.000000000057788441, -61.90760220690642512 ) ) ;
#930 = ORIENTED_EDGE ( 'NONE', *, *, #5083, .T. ) ;
#931 = VERTEX_POINT ( 'NONE', #911 ) ;
#932 = DIRECTION ( 'NONE',  ( 1.000000000000000000, 0.000000000000000000, 0.000000000000000000 ) ) ;
#933 = ORIENTED_EDGE ( 'NONE', *, *, #836, .F. ) ;
#934 = ORIENTED_EDGE ( 'NONE', *, *, #856, .T. ) ;
#935 = AXIS2_PLACEMENT_3D ( 'NONE', #588, #1845, #3324 ) ;
#936 = DIRECTION ( 'NONE',  ( -0.000000000000000000, 0.000000000000000000, 1.000000000000000000 ) ) ;
#937 = ORIENTED_EDGE ( 'NONE', *, *, #1094, .T. ) ;
#938 = ORIENTED_EDGE ( 'NONE', *, *, #2994, .F. ) ;
#939 = CARTESIAN_POINT ( 'NONE',  ( 171.2800000000000011, 11.00000000000000355, 6.000000000000000000 ) ) ;
#940 = ADVANCED_FACE ( 'NONE', ( #3214 ), #1286, .F. ) ;
#941 = DIRECTION ( 'NONE',  ( -0.000000000000000000, -0.000000000000000000, 1.000000000000000000 ) ) ;
#942 = AXIS2_PLACEMENT_3D ( 'NONE', #5775, #3146, #2668 ) ;
#943 = DIRECTION ( 'NONE',  ( 1.000000000000000000, 0.000000000000000000, 0.000000000000000000 ) ) ;
#944 = CARTESIAN_POINT ( 'NONE',  ( 173.2800000000000011, 13.00000000000000355, -4.000000000000000000 ) ) ;
#945 = ORIENTED_EDGE ( 'NONE', *, *, #387, .F. ) ;
#946 = CIRCLE ( 'NONE', #5184, 2.000000000000001776 ) ;
#947 = LINE ( 'NONE', #5011, #1627 ) ;
#948 = VECTOR ( 'NONE', #548, 1000.000000000000000 ) ;
#949 = DIRECTION ( 'NONE',  ( -1.000000000000000000, 3.248082090938664270E-17, 0.000000000000000000 ) ) ;
#950 = VECTOR ( 'NONE', #3871, 1000.000000000000000 ) ;
#951 = VECTOR ( 'NONE', #3152, 1000.000000000000000 ) ;
#952 = ORIENTED_EDGE ( 'NONE', *, *, #4633, .F. ) ;
#953 = AXIS2_PLACEMENT_3D ( 'NONE', #3314, #119, #637 ) ;
#954 = CARTESIAN_POINT ( 'NONE',  ( 259.5616871440604427, 10.52379439003986406, 12.00099999999999945 ) ) ;
#955 = ORIENTED_EDGE ( 'NONE', *, *, #236, .F. ) ;
#956 = ORIENTED_EDGE ( 'NONE', *, *, #348, .T. ) ;
#957 = DIRECTION ( 'NONE',  ( -0.000000000000000000, 0.000000000000000000, 1.000000000000000000 ) ) ;
#958 = CIRCLE ( 'NONE', #4252, 2.799999999999997158 ) ;
#959 = CARTESIAN_POINT ( 'NONE',  ( 196.2799999999999727, -15.00000000000000711, 0.000000000000000000 ) ) ;
#960 = DIRECTION ( 'NONE',  ( -0.000000000000000000, 0.000000000000000000, 1.000000000000000000 ) ) ;
#961 = CARTESIAN_POINT ( 'NONE',  ( 50.35981053043001054, -12.00013170854912126, 11.99999999999999645 ) ) ;
#962 = ORIENTED_EDGE ( 'NONE', *, *, #5089, .T. ) ;
#963 = ORIENTED_EDGE ( 'NONE', *, *, #3171, .F. ) ;
#964 = CARTESIAN_POINT ( 'NONE',  ( 136.4266217112711104, 8.999999999942206230, 0.000000000000000000 ) ) ;
#965 = VERTEX_POINT ( 'NONE', #3616 ) ;
#966 = VERTEX_POINT ( 'NONE', #2319 ) ;
#967 = CARTESIAN_POINT ( 'NONE',  ( 133.4266217112713377, -9.000000000057788441, 11.99999999999999645 ) ) ;
#968 = ORIENTED_EDGE ( 'NONE', *, *, #830, .F. ) ;
#969 = ADVANCED_FACE ( 'NONE', ( #5419 ), #527, .F. ) ;
#970 = CARTESIAN_POINT ( 'NONE',  ( 86.22662171126970065, 5.744235880725432786, -1.387778780781445676E-14 ) ) ;
#971 = CYLINDRICAL_SURFACE ( 'NONE', #428, 22.02499999999999858 ) ;
#972 = DIRECTION ( 'NONE',  ( 1.000000000000000000, 0.000000000000000000, 0.000000000000000000 ) ) ;
#973 = CARTESIAN_POINT ( 'NONE',  ( 51.55981053043001339, -13.00000000000002132, -61.90760220690642512 ) ) ;
#974 = ORIENTED_EDGE ( 'NONE', *, *, #4487, .T. ) ;
#975 = DIRECTION ( 'NONE',  ( 3.383037827666090910E-13, 1.000000000000000000, 0.000000000000000000 ) ) ;
#976 = EDGE_CURVE ( 'NONE', #2003, #538, #3357, .T. ) ;
#977 = EDGE_LOOP ( 'NONE', ( #5136, #2532, #4798, #3483 ) ) ;
#978 = PLANE ( 'NONE',  #1926 ) ;
#979 = FACE_OUTER_BOUND ( 'NONE', #742, .T. ) ;
#980 = VERTEX_POINT ( 'NONE', #5452 ) ;
#981 = CIRCLE ( 'NONE', #1731, 2.799999999999997158 ) ;
#982 = VECTOR ( 'NONE', #5766, 1000.000000000000000 ) ;
#983 = CARTESIAN_POINT ( 'NONE',  ( 225.7562056099601193, 25.40668714406043094, 12.00000000000000000 ) ) ;
#984 = ORIENTED_EDGE ( 'NONE', *, *, #3171, .T. ) ;
#985 = LINE ( 'NONE', #2696, #4842 ) ;
#986 = AXIS2_PLACEMENT_3D ( 'NONE', #5015, #1011, #1040 ) ;
#987 = LINE ( 'NONE', #125, #3776 ) ;
#988 = DIRECTION ( 'NONE',  ( -0.000000000000000000, -0.000000000000000000, -1.000000000000000000 ) ) ;
#989 = DIRECTION ( 'NONE',  ( 1.088026939760487788E-16, -1.000000000000000000, 0.000000000000000000 ) ) ;
#990 = ORIENTED_EDGE ( 'NONE', *, *, #2898, .T. ) ;
#991 = VERTEX_POINT ( 'NONE', #1381 ) ;
#992 = AXIS2_PLACEMENT_3D ( 'NONE', #3504, #3998, #1738 ) ;
#993 = DIRECTION ( 'NONE',  ( -1.000000000000000000, 0.000000000000000000, 0.000000000000000000 ) ) ;
#994 = ORIENTED_EDGE ( 'NONE', *, *, #213, .T. ) ;
#995 = EDGE_CURVE ( 'NONE', #2733, #5164, #1650, .T. ) ;
#996 = VERTEX_POINT ( 'NONE', #4104 ) ;
#997 = DIRECTION ( 'NONE',  ( 1.000000000000000000, 0.000000000000000000, 0.000000000000000000 ) ) ;
#998 = EDGE_LOOP ( 'NONE', ( #2273, #4323 ) ) ;
#999 = ORIENTED_EDGE ( 'NONE', *, *, #3953, .T. ) ;
#1000 = FACE_OUTER_BOUND ( 'NONE', #3543, .T. ) ;
#1001 = CARTESIAN_POINT ( 'NONE',  ( 91.22662171127093700, -9.000000000058374638, -61.90760220690642512 ) ) ;
#1002 = CARTESIAN_POINT ( 'NONE',  ( 261.6866871440603859, -10.52379439003989248, 7.000000000000000000 ) ) ;
#1003 = PLANE ( 'NONE',  #2460 ) ;
#1004 = EDGE_CURVE ( 'NONE', #801, #2783, #4946, .T. ) ;
#1005 = ORIENTED_EDGE ( 'NONE', *, *, #1639, .F. ) ;
#1006 = DIRECTION ( 'NONE',  ( -1.000000000000000000, 0.000000000000000000, 0.000000000000000000 ) ) ;
#1007 = VECTOR ( 'NONE', #303, 1000.000000000000000 ) ;
#1008 = ORIENTED_EDGE ( 'NONE', *, *, #4458, .T. ) ;
#1009 = ORIENTED_EDGE ( 'NONE', *, *, #4605, .F. ) ;
#1010 = CARTESIAN_POINT ( 'NONE',  ( 85.74386309058084521, 7.315984076209038456, 0.000000000000000000 ) ) ;
#1011 = DIRECTION ( 'NONE',  ( -0.000000000000000000, 0.000000000000000000, 1.000000000000000000 ) ) ;
#1012 = EDGE_CURVE ( 'NONE', #5027, #3553, #810, .T. ) ;
#1013 = CARTESIAN_POINT ( 'NONE',  ( 213.4053415326041829, 17.00000000000000711, 6.000000000000000000 ) ) ;
#1014 = VERTEX_POINT ( 'NONE', #5002 ) ;
#1015 = FACE_OUTER_BOUND ( 'NONE', #422, .T. ) ;
#1016 = AXIS2_PLACEMENT_3D ( 'NONE', #1661, #3846, #2502 ) ;
#1017 = DIRECTION ( 'NONE',  ( -1.000000000000000000, 0.000000000000000000, 0.000000000000000000 ) ) ;
#1018 = EDGE_CURVE ( 'NONE', #3223, #5173, #5424, .T. ) ;
#1019 = FACE_BOUND ( 'NONE', #2266, .T. ) ;
#1020 = CARTESIAN_POINT ( 'NONE',  ( 135.4266217112711104, -11.23606797755777542, 11.99999999999999645 ) ) ;
#1021 = FACE_OUTER_BOUND ( 'NONE', #4168, .T. ) ;
#1022 = VERTEX_POINT ( 'NONE', #69 ) ;
#1023 = CARTESIAN_POINT ( 'NONE',  ( 26.00962562206538209, -15.00000000000000000, -22.99999999999999645 ) ) ;
#1024 = VERTEX_POINT ( 'NONE', #1406 ) ;
#1025 = ORIENTED_EDGE ( 'NONE', *, *, #4439, .T. ) ;
#1026 = DIRECTION ( 'NONE',  ( -0.000000000000000000, 0.000000000000000000, 1.000000000000000000 ) ) ;
#1027 = EDGE_CURVE ( 'NONE', #965, #4688, #4380, .T. ) ;
#1028 = DIRECTION ( 'NONE',  ( 1.000000000000000000, 6.938893903907226800E-15, 0.000000000000000000 ) ) ;
#1029 = ADVANCED_FACE ( 'NONE', ( #496 ), #4438, .F. ) ;
#1030 = CIRCLE ( 'NONE', #2827, 2.799999999999997158 ) ;
#1031 = LINE ( 'NONE', #532, #4564 ) ;
#1032 = FACE_OUTER_BOUND ( 'NONE', #2181, .T. ) ;
#1033 = DIRECTION ( 'NONE',  ( -1.000000000000000000, 0.000000000000000000, -0.000000000000000000 ) ) ;
#1034 = ORIENTED_EDGE ( 'NONE', *, *, #3252, .F. ) ;
#1035 = CARTESIAN_POINT ( 'NONE',  ( 24.27709435664887749, -14.00083263946710588, 0.000000000000000000 ) ) ;
#1036 = ORIENTED_EDGE ( 'NONE', *, *, #103, .T. ) ;
#1037 = ORIENTED_EDGE ( 'NONE', *, *, #2864, .F. ) ;
#1038 = CARTESIAN_POINT ( 'NONE',  ( 92.37572918525138732, 20.00000000000000355, 12.00000000000000000 ) ) ;
#1039 = EDGE_CURVE ( 'NONE', #3496, #2822, #3634, .T. ) ;
#1040 = DIRECTION ( 'NONE',  ( 1.000000000000000000, 0.000000000000000000, 0.000000000000000000 ) ) ;
#1041 = DIRECTION ( 'NONE',  ( -0.000000000000000000, -0.000000000000000000, 1.000000000000000000 ) ) ;
#1042 = VERTEX_POINT ( 'NONE', #4047 ) ;
#1043 = FACE_OUTER_BOUND ( 'NONE', #1807, .T. ) ;
#1044 = EDGE_CURVE ( 'NONE', #3879, #5471, #4074, .T. ) ;
#1045 = CARTESIAN_POINT ( 'NONE',  ( 131.4266217112710819, 11.23606797744196939, 11.99999999999999645 ) ) ;
#1046 = AXIS2_PLACEMENT_3D ( 'NONE', #2408, #1396, #2439 ) ;
#1047 = ORIENTED_EDGE ( 'NONE', *, *, #3340, .F. ) ;
#1048 = VECTOR ( 'NONE', #2685, 1000.000000000000000 ) ;
#1049 = ADVANCED_FACE ( 'NONE', ( #3994 ), #3559, .F. ) ;
#1050 = DIRECTION ( 'NONE',  ( 1.000000000000000000, -1.065925621577892799E-12, 0.000000000000000000 ) ) ;
#1051 = LINE ( 'NONE', #1462, #948 ) ;
#1052 = EDGE_CURVE ( 'NONE', #3231, #3937, #8, .T. ) ;
#1053 = VECTOR ( 'NONE', #1740, 1000.000000000000000 ) ;
#1054 = DIRECTION ( 'NONE',  ( 1.088026939760487788E-16, -1.000000000000000000, 0.000000000000000000 ) ) ;
#1055 = ORIENTED_EDGE ( 'NONE', *, *, #2850, .F. ) ;
#1056 = DIRECTION ( 'NONE',  ( -0.000000000000000000, -0.000000000000000000, -1.000000000000000000 ) ) ;
#1057 = ORIENTED_EDGE ( 'NONE', *, *, #294, .T. ) ;
#1058 = VERTEX_POINT ( 'NONE', #1346 ) ;
#1059 = CARTESIAN_POINT ( 'NONE',  ( 265.3366871440603632, -10.52379439003989248, 7.000000000000000000 ) ) ;
#1060 = DIRECTION ( 'NONE',  ( 1.000000000000000000, 0.000000000000000000, 0.000000000000000000 ) ) ;
#1061 = DIRECTION ( 'NONE',  ( 0.000000000000000000, 0.000000000000000000, -1.000000000000000000 ) ) ;
#1062 = DIRECTION ( 'NONE',  ( 1.000000000000000000, 0.000000000000000000, 0.000000000000000000 ) ) ;
#1063 = PLANE ( 'NONE',  #2470 ) ;
#1064 = VERTEX_POINT ( 'NONE', #3155 ) ;
#1065 = CARTESIAN_POINT ( 'NONE',  ( 229.4062056099601250, 25.40668714406043094, 0.000000000000000000 ) ) ;
#1066 = ORIENTED_EDGE ( 'NONE', *, *, #4306, .F. ) ;
#1067 = CARTESIAN_POINT ( 'NONE',  ( 80.72946294438240500, 17.27797047413903897, 12.00000000000000000 ) ) ;
#1068 = PLANE ( 'NONE',  #4453 ) ;
#1069 = CIRCLE ( 'NONE', #1809, 0.7999999999988155475 ) ;
#1070 = DIRECTION ( 'NONE',  ( -0.000000000000000000, 0.000000000000000000, 1.000000000000000000 ) ) ;
#1071 = ORIENTED_EDGE ( 'NONE', *, *, #5203, .F. ) ;
#1072 = VERTEX_POINT ( 'NONE', #4942 ) ;
#1073 = DIRECTION ( 'NONE',  ( 1.000000000000000000, 0.000000000000000000, 0.000000000000000000 ) ) ;
#1074 = CIRCLE ( 'NONE', #5403, 3.000000000000002665 ) ;
#1075 = AXIS2_PLACEMENT_3D ( 'NONE', #414, #3569, #3194 ) ;
#1076 = EDGE_CURVE ( 'NONE', #5608, #860, #2257, .T. ) ;
#1077 = DIRECTION ( 'NONE',  ( 0.000000000000000000, -1.000000000000000000, 0.000000000000000000 ) ) ;
#1078 = DIRECTION ( 'NONE',  ( -0.000000000000000000, -0.000000000000000000, 1.000000000000000000 ) ) ;
#1079 = VECTOR ( 'NONE', #4953, 1000.000000000000000 ) ;
#1080 = VECTOR ( 'NONE', #623, 999.9999999999998863 ) ;
#1081 = FACE_OUTER_BOUND ( 'NONE', #184, .T. ) ;
#1082 = ORIENTED_EDGE ( 'NONE', *, *, #4022, .T. ) ;
#1083 = EDGE_CURVE ( 'NONE', #4545, #5859, #3170, .T. ) ;
#1084 = DIRECTION ( 'NONE',  ( -0.000000000000000000, -0.000000000000000000, 1.000000000000000000 ) ) ;
#1085 = ORIENTED_EDGE ( 'NONE', *, *, #5117, .T. ) ;
#1086 = EDGE_CURVE ( 'NONE', #170, #4383, #5125, .T. ) ;
#1087 = ORIENTED_EDGE ( 'NONE', *, *, #353, .F. ) ;
#1088 = CIRCLE ( 'NONE', #4472, 3.000000000000002665 ) ;
#1089 = LINE ( 'NONE', #1910, #3568 ) ;
#1090 = DIRECTION ( 'NONE',  ( -0.000000000000000000, -0.000000000000000000, 1.000000000000000000 ) ) ;
#1091 = VECTOR ( 'NONE', #5661, 1000.000000000000000 ) ;
#1092 = FACE_OUTER_BOUND ( 'NONE', #1437, .T. ) ;
#1094 = EDGE_CURVE ( 'NONE', #5646, #4424, #2865, .T. ) ;
#1093 = DIRECTION ( 'NONE',  ( 1.000000000000000000, 0.000000000000000000, 0.000000000000000000 ) ) ;
#1095 = FACE_OUTER_BOUND ( 'NONE', #3238, .T. ) ;
#1096 = CIRCLE ( 'NONE', #3817, 2.799999999999997158 ) ;
#1097 = ORIENTED_EDGE ( 'NONE', *, *, #3691, .T. ) ;
#1098 = AXIS2_PLACEMENT_3D ( 'NONE', #1864, #3666, #2913 ) ;
#1099 = CARTESIAN_POINT ( 'NONE',  ( -52.44424516606153475, 19.08814419900561532, 12.00000000000000000 ) ) ;
#1100 = CIRCLE ( 'NONE', #1562, 2.000000000000001776 ) ;
#1101 = ORIENTED_EDGE ( 'NONE', *, *, #1431, .F. ) ;
#1102 = AXIS2_PLACEMENT_3D ( 'NONE', #4021, #2739, #4497 ) ;
#1103 = DIRECTION ( 'NONE',  ( 0.000000000000000000, 0.000000000000000000, 1.000000000000000000 ) ) ;
#1104 = DIRECTION ( 'NONE',  ( 0.000000000000000000, -1.000000000000000000, 0.000000000000000000 ) ) ;
#1105 = DIRECTION ( 'NONE',  ( 0.000000000000000000, -0.000000000000000000, -1.000000000000000000 ) ) ;
#1106 = EDGE_LOOP ( 'NONE', ( #2879, #4740, #3672, #4017 ) ) ;
#1107 = VECTOR ( 'NONE', #2636, 1000.000000000000000 ) ;
#1108 = DIRECTION ( 'NONE',  ( 0.000000000000000000, -0.000000000000000000, -1.000000000000000000 ) ) ;
#1109 = VERTEX_POINT ( 'NONE', #2922 ) ;
#1110 = CARTESIAN_POINT ( 'NONE',  ( 78.05183540282277477, 20.00000000000000355, 12.00000000000000000 ) ) ;
#1111 = DIRECTION ( 'NONE',  ( -1.000000000000000000, 0.000000000000000000, 0.000000000000000000 ) ) ;
#1112 = EDGE_CURVE ( 'NONE', #5578, #3876, #1438, .T. ) ;
#1113 = LINE ( 'NONE', #2917, #2260 ) ;
#1114 = ORIENTED_EDGE ( 'NONE', *, *, #830, .T. ) ;
#1115 = DIRECTION ( 'NONE',  ( 6.294023865433832809E-13, 1.000000000000000000, 0.000000000000000000 ) ) ;
#1116 = CARTESIAN_POINT ( 'NONE',  ( 35.72119267057016145, -14.09189887141539188, 12.00000000000000000 ) ) ;
#1117 = EDGE_CURVE ( 'NONE', #1850, #4698, #622, .T. ) ;
#1118 = DIRECTION ( 'NONE',  ( -0.000000000000000000, -0.000000000000000000, -1.000000000000000000 ) ) ;
#1119 = ORIENTED_EDGE ( 'NONE', *, *, #1252, .T. ) ;
#1120 = LINE ( 'NONE', #3011, #1220 ) ;
#1121 = VERTEX_POINT ( 'NONE', #1496 ) ;
#1122 = CARTESIAN_POINT ( 'NONE',  ( 248.9287943900400535, 25.40668714406033146, 12.00000000000000000 ) ) ;
#1123 = VECTOR ( 'NONE', #5667, 1000.000000000000000 ) ;
#1124 = ORIENTED_EDGE ( 'NONE', *, *, #5705, .F. ) ;
#1125 = EDGE_CURVE ( 'NONE', #633, #619, #4602, .T. ) ;
#1126 = AXIS2_PLACEMENT_3D ( 'NONE', #5580, #4682, #5546 ) ;
#1127 = ORIENTED_EDGE ( 'NONE', *, *, #5335, .T. ) ;
#1128 = FACE_OUTER_BOUND ( 'NONE', #2165, .T. ) ;
#1129 = PLANE ( 'NONE',  #134 ) ;
#1130 = DIRECTION ( 'NONE',  ( -1.000000000000000000, 0.000000000000000000, 0.000000000000000000 ) ) ;
#1131 = ORIENTED_EDGE ( 'NONE', *, *, #5669, .T. ) ;
#1132 = DIRECTION ( 'NONE',  ( -1.000000000000000000, 1.088026939760487788E-16, -0.000000000000000000 ) ) ;
#1133 = ORIENTED_EDGE ( 'NONE', *, *, #3340, .T. ) ;
#1134 = ORIENTED_EDGE ( 'NONE', *, *, #4691, .F. ) ;
#1135 = FACE_OUTER_BOUND ( 'NONE', #2055, .T. ) ;
#1136 = EDGE_CURVE ( 'NONE', #2957, #5434, #1089, .T. ) ;
#1137 = AXIS2_PLACEMENT_3D ( 'NONE', #1151, #3364, #1667 ) ;
#1138 = DIRECTION ( 'NONE',  ( 0.000000000000000000, 1.000000000000000000, 0.000000000000000000 ) ) ;
#1139 = AXIS2_PLACEMENT_3D ( 'NONE', #1861, #4540, #1423 ) ;
#1140 = AXIS2_PLACEMENT_3D ( 'NONE', #5088, #98, #517 ) ;
#1141 = AXIS2_PLACEMENT_3D ( 'NONE', #2441, #2947, #697 ) ;
#1142 = CARTESIAN_POINT ( 'NONE',  ( 127.8856893542408812, -9.000000000057788441, -7.512069096517387301 ) ) ;
#1143 = ORIENTED_EDGE ( 'NONE', *, *, #2781, .F. ) ;
#1144 = ADVANCED_FACE ( 'NONE', ( #2419 ), #1941, .F. ) ;
#1145 = DIRECTION ( 'NONE',  ( 1.000000000000000000, 0.000000000000000000, 0.000000000000000000 ) ) ;
#1146 = CARTESIAN_POINT ( 'NONE',  ( 100.7656893541639676, 14.20000000000000462, -28.99999999999999645 ) ) ;
#1147 = AXIS2_PLACEMENT_3D ( 'NONE', #4390, #3451, #2158 ) ;
#1148 = ORIENTED_EDGE ( 'NONE', *, *, #1803, .T. ) ;
#1149 = LINE ( 'NONE', #3826, #1091 ) ;
#1150 = ORIENTED_EDGE ( 'NONE', *, *, #921, .T. ) ;
#1151 = CARTESIAN_POINT ( 'NONE',  ( -35.56077977407742452, 17.10103666349701257, 0.000000000000000000 ) ) ;
#1152 = ORIENTED_EDGE ( 'NONE', *, *, #87, .F. ) ;
#1153 = EDGE_CURVE ( 'NONE', #2948, #1843, #2803, .T. ) ;
#1154 = DIRECTION ( 'NONE',  ( 1.000000000000000000, 0.000000000000000000, 0.000000000000000000 ) ) ;
#1155 = ORIENTED_EDGE ( 'NONE', *, *, #1860, .T. ) ;
#1156 = DIRECTION ( 'NONE',  ( -0.000000000000000000, 0.000000000000000000, 1.000000000000000000 ) ) ;
#1157 = DIRECTION ( 'NONE',  ( 0.000000000000000000, 0.000000000000000000, -1.000000000000000000 ) ) ;
#1158 = CARTESIAN_POINT ( 'NONE',  ( 94.22662171126960118, -12.99999999999999822, -61.90760220690642512 ) ) ;
#1159 = EDGE_LOOP ( 'NONE', ( #491, #5501, #4601, #4463, #2595, #4100, #3042, #2611 ) ) ;
#1160 = ADVANCED_FACE ( 'NONE', ( #3240 ), #3763, .F. ) ;
#1161 = CARTESIAN_POINT ( 'NONE',  ( -52.44424516606153475, 19.08814419900561532, -4.000000000000000000 ) ) ;
#1162 = VERTEX_POINT ( 'NONE', #1116 ) ;
#1163 = ORIENTED_EDGE ( 'NONE', *, *, #2694, .T. ) ;
#1164 = CARTESIAN_POINT ( 'NONE',  ( 25.50000000000000355, 34.00000000000000000, 11.99999999999999645 ) ) ;
#1165 = CARTESIAN_POINT ( 'NONE',  ( -17.36908388185380403, 29.06139922827403410, 0.000000000000000000 ) ) ;
#1166 = DIRECTION ( 'NONE',  ( -0.000000000000000000, -0.000000000000000000, 1.000000000000000000 ) ) ;
#1167 = CARTESIAN_POINT ( 'NONE',  ( 0.000000000000000000, 0.000000000000000000, 0.000000000000000000 ) ) ;
#1168 = CARTESIAN_POINT ( 'NONE',  ( 89.02662171127056467, -9.000000000058374638, 11.99999999999999645 ) ) ;
#1169 = AXIS2_PLACEMENT_3D ( 'NONE', #2331, #2907, #209 ) ;
#1170 = AXIS2_PLACEMENT_3D ( 'NONE', #140, #5489, #1442 ) ;
#1171 = VECTOR ( 'NONE', #3753, 1000.000000000000000 ) ;
#1172 = LINE ( 'NONE', #731, #2219 ) ;
#1173 = ORIENTED_EDGE ( 'NONE', *, *, #4750, .F. ) ;
#1174 = AXIS2_PLACEMENT_3D ( 'NONE', #1450, #3256, #5047 ) ;
#1175 = ORIENTED_EDGE ( 'NONE', *, *, #5301, .F. ) ;
#1176 = DIRECTION ( 'NONE',  ( 0.000000000000000000, 0.000000000000000000, -1.000000000000000000 ) ) ;
#1177 = ORIENTED_EDGE ( 'NONE', *, *, #1578, .F. ) ;
#1178 = FACE_OUTER_BOUND ( 'NONE', #4625, .T. ) ;
#1179 = ORIENTED_EDGE ( 'NONE', *, *, #206, .F. ) ;
#1180 = AXIS2_PLACEMENT_3D ( 'NONE', #5583, #4532, #3245 ) ;
#1181 = CARTESIAN_POINT ( 'NONE',  ( 26.00962562206538209, -17.00000000000000000, -22.99999999999999645 ) ) ;
#1182 = AXIS2_PLACEMENT_3D ( 'NONE', #5034, #108, #1028 ) ;
#1183 = CARTESIAN_POINT ( 'NONE',  ( 173.2800000000000011, -11.00000000000001421, 0.000000000000000000 ) ) ;
#1184 = ADVANCED_FACE ( 'NONE', ( #3736 ), #5097, .F. ) ;
#1185 = LINE ( 'NONE', #5645, #5671 ) ;
#1186 = ORIENTED_EDGE ( 'NONE', *, *, #5626, .T. ) ;
#1187 = AXIS2_PLACEMENT_3D ( 'NONE', #3481, #5675, #3398 ) ;
#1188 = EDGE_CURVE ( 'NONE', #2340, #721, #3933, .T. ) ;
#1189 = DIRECTION ( 'NONE',  ( 1.000000000000000000, 0.000000000000000000, 0.000000000000000000 ) ) ;
#1190 = ORIENTED_EDGE ( 'NONE', *, *, #5249, .T. ) ;
#1191 = ORIENTED_EDGE ( 'NONE', *, *, #5442, .T. ) ;
#1192 = DIRECTION ( 'NONE',  ( -0.000000000000000000, -0.000000000000000000, 1.000000000000000000 ) ) ;
#1193 = DIRECTION ( 'NONE',  ( 0.000000000000000000, 0.000000000000000000, -1.000000000000000000 ) ) ;
#1194 = EDGE_CURVE ( 'NONE', #4753, #3039, #1529, .T. ) ;
#1195 = DIRECTION ( 'NONE',  ( 0.000000000000000000, 0.000000000000000000, -1.000000000000000000 ) ) ;
#1196 = CARTESIAN_POINT ( 'NONE',  ( 93.30599175095036912, 8.999999999941620032, 12.00000000000000000 ) ) ;
#1197 = LINE ( 'NONE', #3005, #1981 ) ;
#1198 = PLANE ( 'NONE',  #4878 ) ;
#1199 = CARTESIAN_POINT ( 'NONE',  ( 0.000000000000000000, 0.000000000000000000, 0.000000000000000000 ) ) ;
#1200 = EDGE_LOOP ( 'NONE', ( #3557, #2117 ) ) ;
#1201 = EDGE_LOOP ( 'NONE', ( #4864, #2750, #641, #404, #5374, #513, #4317, #5038, #1413, #4221, #2102, #3212 ) ) ;
#1202 = CARTESIAN_POINT ( 'NONE',  ( 82.22662171126958697, -17.00000000000000000, -61.90760220690642512 ) ) ;
#1203 = ORIENTED_EDGE ( 'NONE', *, *, #4918, .F. ) ;
#1204 = CARTESIAN_POINT ( 'NONE',  ( 156.2799999999999727, -17.00000000000000000, 6.000000000000000000 ) ) ;
#1205 = ORIENTED_EDGE ( 'NONE', *, *, #5284, .F. ) ;
#1206 = DIRECTION ( 'NONE',  ( -0.000000000000000000, 0.000000000000000000, 1.000000000000000000 ) ) ;
#1207 = CARTESIAN_POINT ( 'NONE',  ( 30.12341357257312779, -4.351674045275238711, 0.000000000000000000 ) ) ;
#1208 = LINE ( 'NONE', #3476, #5098 ) ;
#1209 = ORIENTED_EDGE ( 'NONE', *, *, #4849, .T. ) ;
#1210 = DIRECTION ( 'NONE',  ( 1.000000000000000000, 6.938893903907229610E-17, 0.000000000000000000 ) ) ;
#1211 = EDGE_LOOP ( 'NONE', ( #1343, #2902, #4804, #3095 ) ) ;
#1212 = ORIENTED_EDGE ( 'NONE', *, *, #2563, .T. ) ;
#1213 = LINE ( 'NONE', #1110, #4376 ) ;
#1214 = EDGE_CURVE ( 'NONE', #2359, #1670, #1030, .T. ) ;
#1215 = CARTESIAN_POINT ( 'NONE',  ( 225.7562056099600625, -25.40668714406038475, 0.000000000000000000 ) ) ;
#1216 = DIRECTION ( 'NONE',  ( -0.000000000000000000, 0.000000000000000000, 1.000000000000000000 ) ) ;
#1217 = VECTOR ( 'NONE', #5721, 1000.000000000000000 ) ;
#1218 = VECTOR ( 'NONE', #870, 1000.000000000000000 ) ;
#1219 = DIRECTION ( 'NONE',  ( 1.000000000000000000, 0.000000000000000000, 0.000000000000000000 ) ) ;
#1220 = VECTOR ( 'NONE', #3828, 1000.000000000000000 ) ;
#1221 = CARTESIAN_POINT ( 'NONE',  ( 94.22662171126960118, -16.99999999999999289, 12.00000000000000000 ) ) ;
#1222 = EDGE_CURVE ( 'NONE', #3315, #5001, #4233, .T. ) ;
#1223 = AXIS2_PLACEMENT_3D ( 'NONE', #3160, #2747, #857 ) ;
#1224 = DIRECTION ( 'NONE',  ( -0.000000000000000000, 0.000000000000000000, 1.000000000000000000 ) ) ;
#1225 = AXIS2_PLACEMENT_3D ( 'NONE', #2615, #4370, #3490 ) ;
#1226 = DIRECTION ( 'NONE',  ( 1.000000000000000000, 0.000000000000000000, 0.000000000000000000 ) ) ;
#1227 = CIRCLE ( 'NONE', #5576, 1.999999999999994893 ) ;
#1228 = AXIS2_PLACEMENT_3D ( 'NONE', #4991, #1521, #611 ) ;
#1229 = ORIENTED_EDGE ( 'NONE', *, *, #2132, .F. ) ;
#1230 = ORIENTED_EDGE ( 'NONE', *, *, #2670, .F. ) ;
#1231 = CARTESIAN_POINT ( 'NONE',  ( 84.62442477393359752, 15.59999999994161968, 12.00000000000000000 ) ) ;
#1232 = ORIENTED_EDGE ( 'NONE', *, *, #5545, .T. ) ;
#1233 = CARTESIAN_POINT ( 'NONE',  ( -51.74505342651816164, 31.06775733597103084, 0.000000000000000000 ) ) ;
#1234 = ORIENTED_EDGE ( 'NONE', *, *, #892, .T. ) ;
#1235 = DIRECTION ( 'NONE',  ( 0.000000000000000000, 0.000000000000000000, 1.000000000000000000 ) ) ;
#1236 = CARTESIAN_POINT ( 'NONE',  ( 83.14725167159187436, 6.199999999941618434, 0.000000000000000000 ) ) ;
#1237 = CIRCLE ( 'NONE', #4528, 5.000000000000000888 ) ;
#1238 = CARTESIAN_POINT ( 'NONE',  ( 196.2799999999999727, -15.00000000000000711, 6.000000000000000000 ) ) ;
#1239 = ORIENTED_EDGE ( 'NONE', *, *, #281, .F. ) ;
#1240 = DIRECTION ( 'NONE',  ( 1.000000000000000000, 0.000000000000000000, 0.000000000000000000 ) ) ;
#1241 = ORIENTED_EDGE ( 'NONE', *, *, #4691, .T. ) ;
#1242 = ORIENTED_EDGE ( 'NONE', *, *, #4561, .F. ) ;
#1243 = CARTESIAN_POINT ( 'NONE',  ( 82.22662171126958697, -16.99999999999999289, 12.00000000000000000 ) ) ;
#1244 = DIRECTION ( 'NONE',  ( -1.000000000000000000, 0.000000000000000000, 0.000000000000000000 ) ) ;
#1245 = DIRECTION ( 'NONE',  ( 1.000000000000000000, 0.000000000000000000, 0.000000000000000000 ) ) ;
#1246 = EDGE_CURVE ( 'NONE', #1365, #5268, #4501, .T. ) ;
#1247 = DIRECTION ( 'NONE',  ( 1.000000000000000000, 0.000000000000000000, 0.000000000000000000 ) ) ;
#1248 = EDGE_CURVE ( 'NONE', #2347, #3038, #2720, .T. ) ;
#1249 = FACE_BOUND ( 'NONE', #3648, .T. ) ;
#1250 = PRODUCT_DEFINITION_CONTEXT ( 'detailed design', #2984, 'design' ) ;
#1251 = CARTESIAN_POINT ( 'NONE',  ( 171.2800000000000011, -11.00000000000001421, -4.000000000000000000 ) ) ;
#1252 = EDGE_CURVE ( 'NONE', #553, #3633, #5156, .T. ) ;
#1253 = PLANE ( 'NONE',  #5621 ) ;
#1254 = ORIENTED_EDGE ( 'NONE', *, *, #4530, .T. ) ;
#1255 = VERTEX_POINT ( 'NONE', #2588 ) ;
#1256 = FACE_OUTER_BOUND ( 'NONE', #3469, .T. ) ;
#1257 = CIRCLE ( 'NONE', #2776, 30.02500000000000213 ) ;
#1258 = ORIENTED_EDGE ( 'NONE', *, *, #1875, .F. ) ;
#1259 = AXIS2_PLACEMENT_3D ( 'NONE', #3220, #3770, #2390 ) ;
#1260 = CARTESIAN_POINT ( 'NONE',  ( 120.8875540683754082, -14.20000000000000462, 11.99999999999999645 ) ) ;
#1261 = CARTESIAN_POINT ( 'NONE',  ( 135.4266217112711104, -6.763932022557803236, -61.90760220690642512 ) ) ;
#1262 = ADVANCED_FACE ( 'NONE', ( #3928 ), #2027, .F. ) ;
#1263 = LINE ( 'NONE', #3941, #891 ) ;
#1264 = CARTESIAN_POINT ( 'NONE',  ( -52.44424516606153475, 19.08814419900561532, 12.00000000000000000 ) ) ;
#1265 = VERTEX_POINT ( 'NONE', #2559 ) ;
#1266 = CARTESIAN_POINT ( 'NONE',  ( -16.71771487523102806, -22.46147834294259837, 12.00000000000000000 ) ) ;
#1267 = LINE ( 'NONE', #833, #5508 ) ;
#1268 = AXIS2_PLACEMENT_3D ( 'NONE', #4557, #500, #4077 ) ;
#1269 = ORIENTED_EDGE ( 'NONE', *, *, #2781, .T. ) ;
#1270 = AXIS2_PLACEMENT_3D ( 'NONE', #5439, #957, #5855 ) ;
#1271 = CARTESIAN_POINT ( 'NONE',  ( 135.4266217112710819, 2.778593743086588444E-13, -61.90760220690642512 ) ) ;
#1272 = VECTOR ( 'NONE', #1192, 1000.000000000000000 ) ;
#1273 = CARTESIAN_POINT ( 'NONE',  ( 86.22662171126958697, -13.00000000000000178, 0.000000000000000000 ) ) ;
#1274 = EDGE_CURVE ( 'NONE', #3471, #1162, #2921, .T. ) ;
#1275 = DIRECTION ( 'NONE',  ( 1.000000000000000000, 0.000000000000000000, 0.000000000000000000 ) ) ;
#1276 = DIRECTION ( 'NONE',  ( -1.000000000000000000, 0.000000000000000000, 0.000000000000000000 ) ) ;
#1277 = CARTESIAN_POINT ( 'NONE',  ( 130.9438630905816581, -7.315984076323701402, -61.90760220690642512 ) ) ;
#1278 = VECTOR ( 'NONE', #4834, 1000.000000000000000 ) ;
#1279 = CARTESIAN_POINT ( 'NONE',  ( 73.30825785899649816, 16.99999999999998934, 12.00000000000000000 ) ) ;
#1280 = EDGE_CURVE ( 'NONE', #682, #5123, #2064, .T. ) ;
#1281 = DIRECTION ( 'NONE',  ( -0.000000000000000000, 0.000000000000000000, 1.000000000000000000 ) ) ;
#1282 = VERTEX_POINT ( 'NONE', #5297 ) ;
#1283 = VERTEX_POINT ( 'NONE', #2147 ) ;
#1284 = DIRECTION ( 'NONE',  ( -0.000000000000000000, 0.000000000000000000, 1.000000000000000000 ) ) ;
#1285 = ORIENTED_EDGE ( 'NONE', *, *, #1671, .T. ) ;
#1286 = PLANE ( 'NONE',  #4192 ) ;
#1287 = EDGE_CURVE ( 'NONE', #1871, #3852, #278, .T. ) ;
#1288 = DIRECTION ( 'NONE',  ( 0.000000000000000000, 0.000000000000000000, 1.000000000000000000 ) ) ;
#1289 = DIRECTION ( 'NONE',  ( 0.000000000000000000, 0.000000000000000000, -1.000000000000000000 ) ) ;
#1290 = CARTESIAN_POINT ( 'NONE',  ( 133.4266217112711104, 8.999999999942206230, -61.90760220690642512 ) ) ;
#1291 = CARTESIAN_POINT ( 'NONE',  ( -29.02548999180975997, -14.62090731573631786, -55.55141653980559369 ) ) ;
#1292 = ORIENTED_EDGE ( 'NONE', *, *, #254, .F. ) ;
#1293 = EDGE_CURVE ( 'NONE', #721, #2340, #75, .T. ) ;
#1294 = FACE_BOUND ( 'NONE', #4709, .T. ) ;
#1295 = CARTESIAN_POINT ( 'NONE',  ( 90.70938033196041772, 7.315984076208015274, 0.000000000000000000 ) ) ;
#1296 = ORIENTED_EDGE ( 'NONE', *, *, #1574, .T. ) ;
#1297 = EDGE_LOOP ( 'NONE', ( #894, #638 ) ) ;
#1298 = DIRECTION ( 'NONE',  ( -1.000000000000000000, 0.000000000000000000, -0.000000000000000000 ) ) ;
#1299 = CIRCLE ( 'NONE', #5170, 2.799999999999997158 ) ;
#1300 = VECTOR ( 'NONE', #2004, 1000.000000000000000 ) ;
#1301 = DIRECTION ( 'NONE',  ( -1.000000000000000000, 0.000000000000000000, 0.000000000000000000 ) ) ;
#1302 = FACE_OUTER_BOUND ( 'NONE', #977, .T. ) ;
#1303 = ADVANCED_FACE ( 'NONE', ( #4373 ), #1198, .T. ) ;
#1304 = DIRECTION ( 'NONE',  ( -1.000000000000000000, 0.000000000000000000, -0.000000000000000000 ) ) ;
#1305 = DIRECTION ( 'NONE',  ( 0.000000000000000000, 0.000000000000000000, 1.000000000000000000 ) ) ;
#1306 = VERTEX_POINT ( 'NONE', #2112 ) ;
#1307 = CARTESIAN_POINT ( 'NONE',  ( 244.6787943900398545, -25.40668714406043094, 7.000000000000000000 ) ) ;
#1308 = VERTEX_POINT ( 'NONE', #1168 ) ;
#1309 = ORIENTED_EDGE ( 'NONE', *, *, #571, .F. ) ;
#1310 = CARTESIAN_POINT ( 'NONE',  ( 227.8812056099601193, 25.40668714406043094, 7.000000000000000000 ) ) ;
#1311 = ORIENTED_EDGE ( 'NONE', *, *, #3618, .T. ) ;
#1312 = EDGE_LOOP ( 'NONE', ( #4966, #5741, #4847, #1591 ) ) ;
#1313 = CARTESIAN_POINT ( 'NONE',  ( 90.22662171128094144, -7.879453081082949861E-11, -61.90760220690642512 ) ) ;
#1314 = AXIS2_PLACEMENT_3D ( 'NONE', #5090, #1054, #616 ) ;
#1315 = ORIENTED_EDGE ( 'NONE', *, *, #2923, .F. ) ;
#1316 = CIRCLE ( 'NONE', #413, 12.00000000000000355 ) ;
#1317 = VECTOR ( 'NONE', #2884, 1000.000000000000000 ) ;
#1318 = CARTESIAN_POINT ( 'NONE',  ( 236.2800000000000011, 0.000000000000000000, 12.00000000000000000 ) ) ;
#1319 = VECTOR ( 'NONE', #1547, 1000.000000000000000 ) ;
#1320 = DIRECTION ( 'NONE',  ( -0.000000000000000000, -0.000000000000000000, -1.000000000000000000 ) ) ;
#1321 = ADVANCED_FACE ( 'NONE', ( #1693 ), #4761, .F. ) ;
#1322 = CARTESIAN_POINT ( 'NONE',  ( 87.42662171127230408, 8.999999999941620032, 11.99999999999999645 ) ) ;
#1323 = CYLINDRICAL_SURFACE ( 'NONE', #482, 2.124999999999988010 ) ;
#1324 = AXIS2_PLACEMENT_3D ( 'NONE', #4218, #3284, #4121 ) ;
#1325 = ORIENTED_EDGE ( 'NONE', *, *, #2652, .T. ) ;
#1326 = AXIS2_PLACEMENT_3D ( 'NONE', #5761, #2130, #4297 ) ;
#1327 = PLANE ( 'NONE',  #3516 ) ;
#1328 = DIRECTION ( 'NONE',  ( 0.000000000000000000, -0.000000000000000000, -1.000000000000000000 ) ) ;
#1329 = EDGE_CURVE ( 'NONE', #4774, #2313, #1630, .T. ) ;
#1330 = EDGE_CURVE ( 'NONE', #2575, #2404, #756, .T. ) ;
#1331 = ORIENTED_EDGE ( 'NONE', *, *, #719, .F. ) ;
#1332 = ORIENTED_EDGE ( 'NONE', *, *, #1004, .F. ) ;
#1333 = PLANE ( 'NONE',  #4387 ) ;
#1334 = ORIENTED_EDGE ( 'NONE', *, *, #2597, .T. ) ;
#1335 = CARTESIAN_POINT ( 'NONE',  ( 86.22662171126974329, 5.744235880725432786, 0.000000000000000000 ) ) ;
#1336 = EDGE_CURVE ( 'NONE', #4939, #788, #3660, .T. ) ;
#1337 = DIRECTION ( 'NONE',  ( 1.000000000000000000, 0.000000000000000000, 0.000000000000000000 ) ) ;
#1338 = FACE_OUTER_BOUND ( 'NONE', #3511, .T. ) ;
#1339 = DIRECTION ( 'NONE',  ( 0.6248629765784744494, 0.7807344366053600160, 0.000000000000000000 ) ) ;
#1340 = VECTOR ( 'NONE', #3070, 1000.000000000000000 ) ;
#1341 = CARTESIAN_POINT ( 'NONE',  ( 122.5707207015328208, -11.96237847592011860, 0.000000000000000000 ) ) ;
#1342 = ORIENTED_EDGE ( 'NONE', *, *, #5247, .T. ) ;
#1343 = ORIENTED_EDGE ( 'NONE', *, *, #3691, .F. ) ;
#1344 = DIRECTION ( 'NONE',  ( -0.000000000000000000, -0.000000000000000000, 1.000000000000000000 ) ) ;
#1345 = ORIENTED_EDGE ( 'NONE', *, *, #2238, .F. ) ;
#1346 = CARTESIAN_POINT ( 'NONE',  ( 99.08252272100655489, 11.96237847592012571, 0.000000000000000000 ) ) ;
#1347 = VERTEX_POINT ( 'NONE', #343 ) ;
#1348 = LINE ( 'NONE', #3157, #3416 ) ;
#1349 = DIRECTION ( 'NONE',  ( -0.7991505443142394860, 0.6011309404133634571, -0.000000000000000000 ) ) ;
#1350 = AXIS2_PLACEMENT_3D ( 'NONE', #2751, #48, #3251 ) ;
#1351 = CIRCLE ( 'NONE', #4649, 12.00000000000000355 ) ;
#1352 = FACE_OUTER_BOUND ( 'NONE', #1559, .T. ) ;
#1353 = CARTESIAN_POINT ( 'NONE',  ( 250.4537943900397750, 25.40668714406047002, 0.000000000000000000 ) ) ;
#1354 = EDGE_LOOP ( 'NONE', ( #2905, #3911, #994, #1525 ) ) ;
#1355 = AXIS2_PLACEMENT_3D ( 'NONE', #4479, #5401, #446 ) ;
#1356 = VECTOR ( 'NONE', #4854, 1000.000000000000000 ) ;
#1357 = EDGE_CURVE ( 'NONE', #1380, #4764, #4812, .T. ) ;
#1358 = FACE_BOUND ( 'NONE', #298, .T. ) ;
#1359 = FACE_OUTER_BOUND ( 'NONE', #2873, .T. ) ;
#1360 = VERTEX_POINT ( 'NONE', #3463 ) ;
#1361 = ORIENTED_EDGE ( 'NONE', *, *, #2857, .F. ) ;
#1362 = AXIS2_PLACEMENT_3D ( 'NONE', #4050, #3967, #2654 ) ;
#1363 = CARTESIAN_POINT ( 'NONE',  ( 246.8037943900398545, -25.40668714406043094, 12.00099999999999945 ) ) ;
#1364 = EDGE_CURVE ( 'NONE', #4939, #4435, #4784, .T. ) ;
#1365 = VERTEX_POINT ( 'NONE', #699 ) ;
#1366 = VECTOR ( 'NONE', #1118, 1000.000000000000000 ) ;
#1367 = DIRECTION ( 'NONE',  ( 1.000000000000000000, 8.496932217776058738E-13, 0.000000000000000000 ) ) ;
#1368 = AXIS2_PLACEMENT_3D ( 'NONE', #1818, #2807, #558 ) ;
#1369 = AXIS2_PLACEMENT_3D ( 'NONE', #217, #1545, #3813 ) ;
#1370 = CARTESIAN_POINT ( 'NONE',  ( 225.7562056099599204, -25.40668714406035633, 7.000000000000000000 ) ) ;
#1371 = CIRCLE ( 'NONE', #3077, 32.99999999999997158 ) ;
#1372 = CARTESIAN_POINT ( 'NONE',  ( 31.44361024119208281, 13.00000000000000533, 0.000000000000000000 ) ) ;
#1373 = AXIS2_PLACEMENT_3D ( 'NONE', #851, #5390, #5838 ) ;
#1374 = EDGE_CURVE ( 'NONE', #174, #1966, #659, .T. ) ;
#1375 = CARTESIAN_POINT ( 'NONE',  ( 41.53481053043000770, -11.12921893940811913, 12.00000000000000000 ) ) ;
#1376 = VERTEX_POINT ( 'NONE', #781 ) ;
#1377 = ORIENTED_EDGE ( 'NONE', *, *, #1546, .T. ) ;
#1378 = DIRECTION ( 'NONE',  ( 0.000000000000000000, 0.000000000000000000, 1.000000000000000000 ) ) ;
#1379 = CIRCLE ( 'NONE', #1568, 0.7999999999988155475 ) ;
#1380 = VERTEX_POINT ( 'NONE', #3493 ) ;
#1381 = CARTESIAN_POINT ( 'NONE',  ( 171.2800000000000011, -13.00000000000001421, 0.000000000000000000 ) ) ;
#1382 = EDGE_LOOP ( 'NONE', ( #148, #5299, #2353, #2382 ) ) ;
#1383 = DIRECTION ( 'NONE',  ( 1.000000000000000000, 0.000000000000000000, 0.000000000000000000 ) ) ;
#1384 = CYLINDRICAL_SURFACE ( 'NONE', #4282, 12.00000000000000355 ) ;
#1385 = LINE ( 'NONE', #2240, #1989 ) ;
#1386 = DIRECTION ( 'NONE',  ( -0.000000000000000000, -0.000000000000000000, -1.000000000000000000 ) ) ;
#1387 = ORIENTED_EDGE ( 'NONE', *, *, #1194, .F. ) ;
#1388 = FACE_OUTER_BOUND ( 'NONE', #375, .T. ) ;
#1389 = EDGE_CURVE ( 'NONE', #647, #1282, #2951, .T. ) ;
#1390 = FACE_BOUND ( 'NONE', #132, .T. ) ;
#1391 = ORIENTED_EDGE ( 'NONE', *, *, #5183, .T. ) ;
#1392 = CYLINDRICAL_SURFACE ( 'NONE', #5276, 0.7999999999995510702 ) ;
#1393 = ORIENTED_EDGE ( 'NONE', *, *, #3531, .T. ) ;
#1394 = LINE ( 'NONE', #3114, #2886 ) ;
#1395 = EDGE_CURVE ( 'NONE', #5668, #5642, #840, .T. ) ;
#1396 = DIRECTION ( 'NONE',  ( -0.000000000000000000, 0.000000000000000000, 1.000000000000000000 ) ) ;
#1397 = CARTESIAN_POINT ( 'NONE',  ( 133.4266217112711104, 8.999999999942206230, 11.99999999999999645 ) ) ;
#1398 = VECTOR ( 'NONE', #3824, 1000.000000000000000 ) ;
#1399 = CARTESIAN_POINT ( 'NONE',  ( 205.2477587016342113, 49.00000000000000000, 12.00000000000000000 ) ) ;
#1400 = ORIENTED_EDGE ( 'NONE', *, *, #219, .T. ) ;
#1402 = ORIENTED_EDGE ( 'NONE', *, *, #3404, .T. ) ;
#1401 = EDGE_CURVE ( 'NONE', #3918, #4481, #2053, .T. ) ;
#1403 = CARTESIAN_POINT ( 'NONE',  ( 156.4266217112695472, 17.00000000000000355, -28.99999999999999645 ) ) ;
#1404 = ORIENTED_EDGE ( 'NONE', *, *, #3287, .F. ) ;
#1405 = VERTEX_POINT ( 'NONE', #3147 ) ;
#1406 = CARTESIAN_POINT ( 'NONE',  ( 127.4266217112695898, 16.99999999999999645, 12.00000000000000000 ) ) ;
#1407 = EDGE_LOOP ( 'NONE', ( #5529, #5640, #5107, #600 ) ) ;
#1408 = CARTESIAN_POINT ( 'NONE',  ( 25.50000000000000355, -24.00000000000000000, 12.00000000000000000 ) ) ;
#1409 = EDGE_LOOP ( 'NONE', ( #554, #3599, #2644, #2296 ) ) ;
#1410 = DIRECTION ( 'NONE',  ( -1.000000000000000000, -1.387778780781445922E-16, 0.000000000000000000 ) ) ;
#1411 = CARTESIAN_POINT ( 'NONE',  ( -52.44424516606153475, 19.08814419900561532, 0.000000000000000000 ) ) ;
#1412 = CARTESIAN_POINT ( 'NONE',  ( 196.2799999999999727, 11.00000000000000533, -4.000000000000000000 ) ) ;
#1413 = ORIENTED_EDGE ( 'NONE', *, *, #3390, .T. ) ;
#1414 = CIRCLE ( 'NONE', #3394, 2.124999999999988010 ) ;
#1415 = CARTESIAN_POINT ( 'NONE',  ( 133.4266217112713377, -9.000000000057788441, 0.000000000000000000 ) ) ;
#1416 = CIRCLE ( 'NONE', #5372, 2.124999999999988010 ) ;
#1417 = AXIS2_PLACEMENT_3D ( 'NONE', #2409, #3729, #2761 ) ;
#1418 = LINE ( 'NONE', #4216, #1822 ) ;
#1419 = CIRCLE ( 'NONE', #4898, 2.124999999999988010 ) ;
#1420 = CARTESIAN_POINT ( 'NONE',  ( 196.2799999999999727, -13.00000000000001066, 6.000000000000000000 ) ) ;
#1421 = ORIENTED_EDGE ( 'NONE', *, *, #1478, .F. ) ;
#1422 = AXIS2_PLACEMENT_3D ( 'NONE', #211, #5110, #3782 ) ;
#1423 = DIRECTION ( 'NONE',  ( 1.000000000000000000, 0.000000000000000000, 0.000000000000000000 ) ) ;
#1424 = EDGE_LOOP ( 'NONE', ( #1978, #2799, #2389, #5553 ) ) ;
#1425 = DIRECTION ( 'NONE',  ( -0.000000000000000000, -0.000000000000000000, -1.000000000000000000 ) ) ;
#1426 = EDGE_CURVE ( 'NONE', #2570, #3023, #559, .T. ) ;
#1427 = ORIENTED_EDGE ( 'NONE', *, *, #2994, .T. ) ;
#1428 = CARTESIAN_POINT ( 'NONE',  ( 171.2800000000000011, 0.000000000000000000, 0.000000000000000000 ) ) ;
#1429 = CARTESIAN_POINT ( 'NONE',  ( 120.8875540683753940, -16.99999999999999289, 0.000000000000000000 ) ) ;
#1430 = EDGE_CURVE ( 'NONE', #300, #5077, #2725, .T. ) ;
#1431 = EDGE_CURVE ( 'NONE', #3208, #3588, #398, .T. ) ;
#1432 = ADVANCED_FACE ( 'NONE', ( #3090 ), #5777, .T. ) ;
#1433 = LINE ( 'NONE', #4097, #4990 ) ;
#1434 = ORIENTED_EDGE ( 'NONE', *, *, #3040, .T. ) ;
#1435 = VERTEX_POINT ( 'NONE', #1724 ) ;
#1436 = ORIENTED_EDGE ( 'NONE', *, *, #1274, .F. ) ;
#1437 = EDGE_LOOP ( 'NONE', ( #245, #5402, #82, #963 ) ) ;
#1438 = LINE ( 'NONE', #1970, #4697 ) ;
#1439 = EDGE_CURVE ( 'NONE', #2986, #4148, #3958, .T. ) ;
#1440 = CARTESIAN_POINT ( 'NONE',  ( 135.4266217112696040, 12.99999999999998046, -61.90760220690642512 ) ) ;
#1441 = LINE ( 'NONE', #4144, #2304 ) ;
#1442 = DIRECTION ( 'NONE',  ( -0.9276330718713077239, 0.3734928164912965087, 0.000000000000000000 ) ) ;
#1443 = PLANE ( 'NONE',  #852 ) ;
#1444 = EDGE_LOOP ( 'NONE', ( #4278, #2008, #2413, #1055 ) ) ;
#1445 = CARTESIAN_POINT ( 'NONE',  ( 43.78510474979007228, -5.540229681383486593, 0.000000000000000000 ) ) ;
#1446 = ORIENTED_EDGE ( 'NONE', *, *, #1546, .F. ) ;
#1447 = ORIENTED_EDGE ( 'NONE', *, *, #4386, .F. ) ;
#1448 = EDGE_CURVE ( 'NONE', #233, #4772, #3520, .T. ) ;
#1449 = CARTESIAN_POINT ( 'NONE',  ( 3.469446951953635882E-15, 17.00000000000003553, 0.000000000000000000 ) ) ;
#1450 = CARTESIAN_POINT ( 'NONE',  ( 194.2799999999999727, 13.00000000000000533, -4.000000000000000000 ) ) ;
#1451 = CARTESIAN_POINT ( 'NONE',  ( 205.2477587016342113, -49.00000000000000711, 12.00000000000000000 ) ) ;
#1452 = ORIENTED_EDGE ( 'NONE', *, *, #3242, .F. ) ;
#1453 = CIRCLE ( 'NONE', #5506, 12.00000000000000355 ) ;
#1454 = AXIS2_PLACEMENT_3D ( 'NONE', #237, #2988, #1614 ) ;
#1455 = ADVANCED_FACE ( 'NONE', ( #4517 ), #1752, .F. ) ;
#1456 = LINE ( 'NONE', #2852, #3081 ) ;
#1457 = EDGE_LOOP ( 'NONE', ( #1421, #3829 ) ) ;
#1458 = CIRCLE ( 'NONE', #702, 28.02500000000000213 ) ;
#1459 = DIRECTION ( 'NONE',  ( -0.000000000000000000, 0.000000000000000000, 1.000000000000000000 ) ) ;
#1460 = COLOUR_RGB ( '',0.7921568627450980005, 0.8196078431372548767, 0.9333333333333333481 ) ;
#1461 = CYLINDRICAL_SURFACE ( 'NONE', #5577, 2.124999999999988010 ) ;
#1462 = CARTESIAN_POINT ( 'NONE',  ( 93.62490428381995855, 17.40021923747444177, 5.000000000000000000 ) ) ;
#1463 = AXIS2_PLACEMENT_3D ( 'NONE', #4400, #365, #3954 ) ;
#1464 = CARTESIAN_POINT ( 'NONE',  ( 128.3472516715914082, -9.000000000057788441, -1.387778780781445676E-14 ) ) ;
#1465 = VERTEX_POINT ( 'NONE', #2642 ) ;
#1466 = ORIENTED_EDGE ( 'NONE', *, *, #4116, .F. ) ;
#1467 = CARTESIAN_POINT ( 'NONE',  ( 263.8116871440603290, -10.52379439004008610, 12.00099999999999945 ) ) ;
#1468 = ORIENTED_EDGE ( 'NONE', *, *, #4605, .T. ) ;
#1469 = VERTEX_POINT ( 'NONE', #1279 ) ;
#1470 = VECTOR ( 'NONE', #4751, 1000.000000000000000 ) ;
#1471 = CARTESIAN_POINT ( 'NONE',  ( 246.8037943900400819, 25.40668714406033146, 12.00000000000000000 ) ) ;
#1472 = EDGE_CURVE ( 'NONE', #2232, #3098, #5189, .T. ) ;
#1473 = CYLINDRICAL_SURFACE ( 'NONE', #2307, 0.7999999999991069810 ) ;
#1474 = DIRECTION ( 'NONE',  ( 1.000000000000000000, 0.000000000000000000, 0.000000000000000000 ) ) ;
#1475 = PLANE ( 'NONE',  #4136 ) ;
#1476 = CARTESIAN_POINT ( 'NONE',  ( 88.22662171127134911, -9.000000000058374638, -2.999999999999999112 ) ) ;
#1477 = ORIENTED_EDGE ( 'NONE', *, *, #5725, .T. ) ;
#1478 = EDGE_CURVE ( 'NONE', #5763, #4013, #3484, .T. ) ;
#1479 = DIRECTION ( 'NONE',  ( -0.000000000000000000, -0.000000000000000000, 1.000000000000000000 ) ) ;
#1480 = EDGE_LOOP ( 'NONE', ( #5026, #4150, #229, #2393 ) ) ;
#1481 = CYLINDRICAL_SURFACE ( 'NONE', #4454, 2.999999999999503064 ) ;
#1482 = DIRECTION ( 'NONE',  ( 1.000000000000000000, 0.000000000000000000, 0.000000000000000000 ) ) ;
#1483 = CARTESIAN_POINT ( 'NONE',  ( 246.8037943900400251, -25.40668714406034923, 0.000000000000000000 ) ) ;
#1484 = ORIENTED_EDGE ( 'NONE', *, *, #5032, .F. ) ;
#1485 = EDGE_CURVE ( 'NONE', #4704, #2740, #3580, .T. ) ;
#1486 = CARTESIAN_POINT ( 'NONE',  ( 29.37642793959053478, -6.206940189017855936, 0.000000000000000000 ) ) ;
#1487 = DIRECTION ( 'NONE',  ( -0.000000000000000000, 0.000000000000000000, 1.000000000000000000 ) ) ;
#1488 = ORIENTED_EDGE ( 'NONE', *, *, #2345, .T. ) ;
#1489 = CARTESIAN_POINT ( 'NONE',  ( 83.42662171126970350, 5.744235880725120147, 11.99999999999999645 ) ) ;
#1490 = CARTESIAN_POINT ( 'NONE',  ( 133.4266217112713377, -9.000000000057788441, 11.99999999999999645 ) ) ;
#1491 = FACE_OUTER_BOUND ( 'NONE', #2338, .T. ) ;
#1492 = EDGE_LOOP ( 'NONE', ( #3243, #3211, #120, #495 ) ) ;
#1493 = DIRECTION ( 'NONE',  ( -0.000000000000000000, -0.000000000000000000, -1.000000000000000000 ) ) ;
#1494 = VERTEX_POINT ( 'NONE', #4490 ) ;
#1495 = ORIENTED_EDGE ( 'NONE', *, *, #180, .F. ) ;
#1496 = CARTESIAN_POINT ( 'NONE',  ( 135.4266217112711104, -6.763932022557802348, 0.000000000000000000 ) ) ;
#1497 = CARTESIAN_POINT ( 'NONE',  ( 225.7562056099599204, -25.40668714406035633, 12.00000000000000000 ) ) ;
#1498 = CYLINDRICAL_SURFACE ( 'NONE', #4839, 2.999999999999586109 ) ;
#1499 = ADVANCED_FACE ( 'NONE', ( #2199 ), #3983, .F. ) ;
#1500 = FACE_OUTER_BOUND ( 'NONE', #3611, .T. ) ;
#1501 = DIRECTION ( 'NONE',  ( 0.000000000000000000, 0.000000000000000000, 1.000000000000000000 ) ) ;
#1502 = VERTEX_POINT ( 'NONE', #2249 ) ;
#1503 = DIRECTION ( 'NONE',  ( 1.000000000000000000, 0.000000000000000000, 0.000000000000000000 ) ) ;
#1504 = EDGE_LOOP ( 'NONE', ( #4410, #2758, #1977, #3985 ) ) ;
#1505 = AXIS2_PLACEMENT_3D ( 'NONE', #3982, #5349, #1304 ) ;
#1506 = FACE_OUTER_BOUND ( 'NONE', #114, .T. ) ;
#1507 = EDGE_CURVE ( 'NONE', #4423, #590, #2643, .T. ) ;
#1508 = DIRECTION ( 'NONE',  ( 1.000000000000000000, 0.000000000000000000, 0.000000000000000000 ) ) ;
#1509 = CARTESIAN_POINT ( 'NONE',  ( 90.70938033196105721, 7.315984076207587172, 11.99999999999999645 ) ) ;
#1510 = AXIS2_PLACEMENT_3D ( 'NONE', #201, #3799, #4623 ) ;
#1511 = VERTEX_POINT ( 'NONE', #3119 ) ;
#1512 = AXIS2_PLACEMENT_3D ( 'NONE', #4590, #4622, #2006 ) ;
#1513 = AXIS2_PLACEMENT_3D ( 'NONE', #1375, #2797, #3643 ) ;
#1514 = EDGE_CURVE ( 'NONE', #1306, #1308, #1600, .T. ) ;
#1515 = EDGE_CURVE ( 'NONE', #690, #647, #1990, .T. ) ;
#1516 = DIRECTION ( 'NONE',  ( -1.000000000000000000, 0.000000000000000000, 0.000000000000000000 ) ) ;
#1517 = AXIS2_PLACEMENT_3D ( 'NONE', #3294, #1056, #2351 ) ;
#1518 = CIRCLE ( 'NONE', #1791, 2.799999999999997158 ) ;
#1519 = ORIENTED_EDGE ( 'NONE', *, *, #5637, .F. ) ;
#1520 = CIRCLE ( 'NONE', #4800, 2.799999999999997158 ) ;
#1521 = DIRECTION ( 'NONE',  ( -0.000000000000000000, 0.000000000000000000, 1.000000000000000000 ) ) ;
#1522 = PLANE ( 'NONE',  #1417 ) ;
#1523 = ADVANCED_FACE ( 'NONE', ( #4959 ), #927, .F. ) ;
#1524 = DIRECTION ( 'NONE',  ( -1.000000000000000000, 1.088026939760487788E-16, -0.000000000000000000 ) ) ;
#1525 = ORIENTED_EDGE ( 'NONE', *, *, #3757, .T. ) ;
#1526 = CARTESIAN_POINT ( 'NONE',  ( 250.4537943900397750, 25.40668714406047002, 7.000000000000000000 ) ) ;
#1527 = VERTEX_POINT ( 'NONE', #1840 ) ;
#1528 = EDGE_LOOP ( 'NONE', ( #401, #2831 ) ) ;
#1529 = LINE ( 'NONE', #649, #1868 ) ;
#1530 = CARTESIAN_POINT ( 'NONE',  ( 100.7656893541639676, 14.20000000000000462, 0.000000000000000000 ) ) ;
#1531 = LINE ( 'NONE', #5521, #5617 ) ;
#1532 = ORIENTED_EDGE ( 'NONE', *, *, #580, .T. ) ;
#1533 = FACE_OUTER_BOUND ( 'NONE', #693, .T. ) ;
#1534 = CARTESIAN_POINT ( 'NONE',  ( 205.2477587016342113, 24.00000000000000000, 0.000000000000000000 ) ) ;
#1535 = ORIENTED_EDGE ( 'NONE', *, *, #504, .T. ) ;
#1536 = CARTESIAN_POINT ( 'NONE',  ( 225.7562056099601193, 25.40668714406043094, 12.00000000000000000 ) ) ;
#1537 = ORIENTED_EDGE ( 'NONE', *, *, #4008, .T. ) ;
#1538 = DIRECTION ( 'NONE',  ( 0.000000000000000000, 0.000000000000000000, -1.000000000000000000 ) ) ;
#1539 = CARTESIAN_POINT ( 'NONE',  ( 90.22662171126958697, -12.99999999999999822, -61.90760220690642512 ) ) ;
#1540 = CARTESIAN_POINT ( 'NONE',  ( 160.4266217112696040, 12.99999999999997691, 6.000000000000000000 ) ) ;
#1541 = ORIENTED_EDGE ( 'NONE', *, *, #2346, .T. ) ;
#1542 = CARTESIAN_POINT ( 'NONE',  ( 156.2799999999999727, -17.00000000000000000, 12.00000000000000000 ) ) ;
#1543 = EDGE_LOOP ( 'NONE', ( #2737, #3894, #3012, #599 ) ) ;
#1544 = AXIS2_PLACEMENT_3D ( 'NONE', #3745, #1921, #2431 ) ;
#1545 = DIRECTION ( 'NONE',  ( -0.000000000000000000, 0.000000000000000000, 1.000000000000000000 ) ) ;
#1546 = EDGE_CURVE ( 'NONE', #3497, #4437, #5443, .T. ) ;
#1547 = DIRECTION ( 'NONE',  ( -0.000000000000000000, -0.000000000000000000, -1.000000000000000000 ) ) ;
#1548 = CARTESIAN_POINT ( 'NONE',  ( 156.2799999999999727, -17.00000000000000000, 12.00000000000000000 ) ) ;
#1549 = EDGE_LOOP ( 'NONE', ( #1258, #2703, #5242, #374 ) ) ;
#1550 = ORIENTED_EDGE ( 'NONE', *, *, #320, .T. ) ;
#1551 = CIRCLE ( 'NONE', #5225, 3.649999999999986589 ) ;
#1552 = ADVANCED_FACE ( 'NONE', ( #5474 ), #4096, .T. ) ;
#1553 = DIRECTION ( 'NONE',  ( 1.000000000000000000, 0.000000000000000000, 0.000000000000000000 ) ) ;
#1554 = CIRCLE ( 'NONE', #1180, 3.000000000000002665 ) ;
#1555 = CARTESIAN_POINT ( 'NONE',  ( 263.8116871440604427, 10.52379439003986406, 7.000000000000000000 ) ) ;
#1556 = EDGE_LOOP ( 'NONE', ( #4407, #912, #890, #3605 ) ) ;
#1557 = DIRECTION ( 'NONE',  ( 0.000000000000000000, 0.000000000000000000, -1.000000000000000000 ) ) ;
#1558 = VECTOR ( 'NONE', #1425, 1000.000000000000000 ) ;
#1559 = EDGE_LOOP ( 'NONE', ( #1285, #4053, #2620, #5246 ) ) ;
#1560 = AXIS2_PLACEMENT_3D ( 'NONE', #5206, #4805, #4226 ) ;
#1561 = DIRECTION ( 'NONE',  ( 0.000000000000000000, -0.000000000000000000, -1.000000000000000000 ) ) ;
#1562 = AXIS2_PLACEMENT_3D ( 'NONE', #370, #4934, #2230 ) ;
#1563 = ORIENTED_EDGE ( 'NONE', *, *, #379, .F. ) ;
#1564 = DIRECTION ( 'NONE',  ( -1.000000000000000000, 0.000000000000000000, -0.000000000000000000 ) ) ;
#1565 = CARTESIAN_POINT ( 'NONE',  ( 0.000000000000000000, 0.000000000000000000, 0.000000000000000000 ) ) ;
#1566 = CARTESIAN_POINT ( 'NONE',  ( 222.1062056099600852, -25.40668714406038475, 7.000000000000000000 ) ) ;
#1567 = ORIENTED_EDGE ( 'NONE', *, *, #4904, .T. ) ;
#1568 = AXIS2_PLACEMENT_3D ( 'NONE', #3113, #893, #2274 ) ;
#1569 = FACE_OUTER_BOUND ( 'NONE', #3466, .T. ) ;
#1570 = VERTEX_POINT ( 'NONE', #1429 ) ;
#1571 = ORIENTED_EDGE ( 'NONE', *, *, #3953, .F. ) ;
#1572 = CARTESIAN_POINT ( 'NONE',  ( 87.42662171127230408, 8.999999999941620032, -2.999999999999999112 ) ) ;
#1573 = CARTESIAN_POINT ( 'NONE',  ( 19.50000000000000355, -26.00000000000000000, 0.000000000000000000 ) ) ;
#1574 = EDGE_CURVE ( 'NONE', #4437, #1283, #4514, .T. ) ;
#1575 = FACE_OUTER_BOUND ( 'NONE', #5213, .T. ) ;
#1576 = DIRECTION ( 'NONE',  ( 1.000000000000000000, 1.088026939760487788E-16, 0.000000000000000000 ) ) ;
#1577 = DIRECTION ( 'NONE',  ( 0.000000000000000000, 0.000000000000000000, 1.000000000000000000 ) ) ;
#1578 = EDGE_CURVE ( 'NONE', #4772, #3066, #1051, .T. ) ;
#1579 = CARTESIAN_POINT ( 'NONE',  ( -35.26944988260102321, 22.09254213723260563, 0.000000000000000000 ) ) ;
#1580 = VERTEX_POINT ( 'NONE', #4674 ) ;
#1581 = ORIENTED_EDGE ( 'NONE', *, *, #928, .T. ) ;
#1582 = CARTESIAN_POINT ( 'NONE',  ( 139.4266217112700019, -16.99999999999997868, 0.000000000000000000 ) ) ;
#1583 = ORIENTED_EDGE ( 'NONE', *, *, #3768, .F. ) ;
#1584 = CYLINDRICAL_SURFACE ( 'NONE', #5022, 3.649999999999986589 ) ;
#1585 = VECTOR ( 'NONE', #2623, 1000.000000000000000 ) ;
#1586 = ORIENTED_EDGE ( 'NONE', *, *, #3033, .T. ) ;
#1587 = VECTOR ( 'NONE', #4992, 1000.000000000000000 ) ;
#1588 = LINE ( 'NONE', #1181, #5790 ) ;
#1589 = FACE_OUTER_BOUND ( 'NONE', #5782, .T. ) ;
#1590 = DIRECTION ( 'NONE',  ( -0.000000000000000000, -0.000000000000000000, -1.000000000000000000 ) ) ;
#1591 = ORIENTED_EDGE ( 'NONE', *, *, #2823, .T. ) ;
#1592 = PRESENTATION_STYLE_ASSIGNMENT (( #1621 ) ) ;
#1593 = ORIENTED_EDGE ( 'NONE', *, *, #1004, .T. ) ;
#1594 = EDGE_LOOP ( 'NONE', ( #4266, #2131, #3018, #2442 ) ) ;
#1595 = DIRECTION ( 'NONE',  ( 1.000000000000000000, 1.734723475976808080E-15, 0.000000000000000000 ) ) ;
#1596 = CIRCLE ( 'NONE', #3784, 4.025000000000000355 ) ;
#1597 = LINE ( 'NONE', #5628, #1007 ) ;
#1598 = AXIS2_PLACEMENT_3D ( 'NONE', #3302, #4145, #972 ) ;
#1599 = EDGE_CURVE ( 'NONE', #5450, #4555, #5054, .T. ) ;
#1600 = CIRCLE ( 'NONE', #288, 0.7999999999992180033 ) ;
#1601 = CIRCLE ( 'NONE', #3215, 3.650000000000208633 ) ;
#1602 = DIRECTION ( 'NONE',  ( 0.8565678208310234520, 0.5160344642722921593, 0.000000000000000000 ) ) ;
#1603 = CYLINDRICAL_SURFACE ( 'NONE', #4862, 2.799999999999997158 ) ;
#1604 = CARTESIAN_POINT ( 'NONE',  ( 128.3472516715914082, -6.200000000057787730, 0.000000000000000000 ) ) ;
#1605 = CIRCLE ( 'NONE', #678, 2.124999999999988010 ) ;
#1606 = LINE ( 'NONE', #2476, #5804 ) ;
#1607 = EDGE_LOOP ( 'NONE', ( #5812, #4225, #332, #3962 ) ) ;
#1608 = ORIENTED_EDGE ( 'NONE', *, *, #1890, .F. ) ;
#1609 = LINE ( 'NONE', #347, #4420 ) ;
#1610 = ORIENTED_EDGE ( 'NONE', *, *, #5055, .F. ) ;
#1611 = DIRECTION ( 'NONE',  ( 0.000000000000000000, 0.000000000000000000, -1.000000000000000000 ) ) ;
#1612 = EDGE_CURVE ( 'NONE', #834, #633, #2311, .T. ) ;
#1613 = VERTEX_POINT ( 'NONE', #644 ) ;
#1614 = DIRECTION ( 'NONE',  ( 1.000000000000000000, 0.000000000000000000, 0.000000000000000000 ) ) ;
#1615 = LINE ( 'NONE', #4770, #2682 ) ;
#1616 = CARTESIAN_POINT ( 'NONE',  ( 160.4266217112696040, 12.99999999999997691, -28.99999999999999645 ) ) ;
#1617 = ORIENTED_EDGE ( 'NONE', *, *, #1754, .T. ) ;
#1618 = EDGE_CURVE ( 'NONE', #3659, #3014, #1961, .T. ) ;
#1619 = ORIENTED_EDGE ( 'NONE', *, *, #2597, .F. ) ;
#1620 = AXIS2_PLACEMENT_3D ( 'NONE', #4912, #3473, #3966 ) ;
#1621 = SURFACE_STYLE_USAGE ( .BOTH. , #5648 ) ;
#1622 = ORIENTED_EDGE ( 'NONE', *, *, #2485, .T. ) ;
#1623 = VERTEX_POINT ( 'NONE', #1020 ) ;
#1624 = LINE ( 'NONE', #3375, #4667 ) ;
#1625 = CYLINDRICAL_SURFACE ( 'NONE', #4195, 28.02500000000000213 ) ;
#1626 = DIRECTION ( 'NONE',  ( 0.000000000000000000, 0.000000000000000000, -1.000000000000000000 ) ) ;
#1627 = VECTOR ( 'NONE', #5742, 1000.000000000000000 ) ;
#1628 = PLANE ( 'NONE',  #2741 ) ;
#1629 = LINE ( 'NONE', #5155, #468 ) ;
#1630 = LINE ( 'NONE', #5723, #5079 ) ;
#1631 = AXIS2_PLACEMENT_3D ( 'NONE', #4892, #2458, #1482 ) ;
#1632 = VECTOR ( 'NONE', #207, 1000.000000000000000 ) ;
#1633 = CARTESIAN_POINT ( 'NONE',  ( 29.37642793959053478, -6.206940189017855936, 12.00000000000000000 ) ) ;
#1634 = ORIENTED_EDGE ( 'NONE', *, *, #5817, .F. ) ;
#1635 = VECTOR ( 'NONE', #739, 1000.000000000000000 ) ;
#1636 = VERTEX_POINT ( 'NONE', #5538 ) ;
#1637 = CARTESIAN_POINT ( 'NONE',  ( 194.2799999999999727, -11.00000000000001066, 0.000000000000000000 ) ) ;
#1638 = ORIENTED_EDGE ( 'NONE', *, *, #2406, .F. ) ;
#1639 = EDGE_CURVE ( 'NONE', #3549, #722, #4989, .T. ) ;
#1640 = DIRECTION ( 'NONE',  ( 1.000000000000000000, 0.000000000000000000, 0.000000000000000000 ) ) ;
#1641 = EDGE_LOOP ( 'NONE', ( #1680, #716, #3839, #765 ) ) ;
#1642 = AXIS2_PLACEMENT_3D ( 'NONE', #352, #4884, #855 ) ;
#1643 = DIRECTION ( 'NONE',  ( -0.000000000000000000, -0.000000000000000000, 1.000000000000000000 ) ) ;
#1644 = CIRCLE ( 'NONE', #5326, 2.524999999999999467 ) ;
#1645 = DIRECTION ( 'NONE',  ( -1.000000000000000000, 0.000000000000000000, -0.000000000000000000 ) ) ;
#1646 = ADVANCED_FACE ( 'NONE', ( #5569 ), #1522, .F. ) ;
#1647 = LINE ( 'NONE', #4826, #388 ) ;
#1648 = EDGE_LOOP ( 'NONE', ( #3800, #3718 ) ) ;
#1649 = AXIS2_PLACEMENT_3D ( 'NONE', #344, #3495, #100 ) ;
#1650 = CIRCLE ( 'NONE', #2135, 4.000000000000003553 ) ;
#1651 = DIRECTION ( 'NONE',  ( 0.000000000000000000, 0.000000000000000000, -1.000000000000000000 ) ) ;
#1652 = ADVANCED_FACE ( 'NONE', ( #3698, #2885 ), #3291, .T. ) ;
#1653 = AXIS2_PLACEMENT_3D ( 'NONE', #1683, #2021, #4335 ) ;
#1654 = VERTEX_POINT ( 'NONE', #2440 ) ;
#1655 = ORIENTED_EDGE ( 'NONE', *, *, #3823, .T. ) ;
#1656 = CARTESIAN_POINT ( 'NONE',  ( 171.2800000000000011, 11.00000000000000355, -4.000000000000000000 ) ) ;
#1657 = FACE_OUTER_BOUND ( 'NONE', #4748, .T. ) ;
#1658 = FACE_OUTER_BOUND ( 'NONE', #4368, .T. ) ;
#1659 = DIRECTION ( 'NONE',  ( -0.000000000000000000, -0.000000000000000000, -1.000000000000000000 ) ) ;
#1660 = PRODUCT_CONTEXT ( 'NONE', #2069, 'mechanical' ) ;
#1661 = CARTESIAN_POINT ( 'NONE',  ( 93.76755406845290963, 6.199999999941620210, 12.00000000000000000 ) ) ;
#1662 = CARTESIAN_POINT ( 'NONE',  ( 85.74386309058102995, 7.315984076209157472, -61.90760220690642512 ) ) ;
#1663 = EDGE_CURVE ( 'NONE', #4383, #4895, #1695, .T. ) ;
#1664 = CARTESIAN_POINT ( 'NONE',  ( 236.2800000000000011, 0.000000000000000000, 0.000000000000000000 ) ) ;
#1665 = ORIENTED_EDGE ( 'NONE', *, *, #1076, .F. ) ;
#1666 = ORIENTED_EDGE ( 'NONE', *, *, #41, .T. ) ;
#1667 = DIRECTION ( 'NONE',  ( 1.000000000000000000, 0.000000000000000000, 0.000000000000000000 ) ) ;
#1668 = ORIENTED_EDGE ( 'NONE', *, *, #5625, .T. ) ;
#1669 = CARTESIAN_POINT ( 'NONE',  ( -29.02548999180975287, -14.62090731573631430, 12.00000000000000000 ) ) ;
#1670 = VERTEX_POINT ( 'NONE', #3348 ) ;
#1671 = EDGE_CURVE ( 'NONE', #359, #1435, #2344, .T. ) ;
#1672 = CARTESIAN_POINT ( 'NONE',  ( 81.87009861938832955, 20.00000000000000355, 12.00000000000000000 ) ) ;
#1673 = DIRECTION ( 'NONE',  ( -1.000000000000000000, 0.000000000000000000, 0.000000000000000000 ) ) ;
#1674 = DIRECTION ( 'NONE',  ( 1.000000000000000000, 0.000000000000000000, 0.000000000000000000 ) ) ;
#1675 = ORIENTED_EDGE ( 'NONE', *, *, #4384, .F. ) ;
#1676 = AXIS2_PLACEMENT_3D ( 'NONE', #2385, #1026, #4169 ) ;
#1677 = EDGE_CURVE ( 'NONE', #1042, #1570, #3756, .T. ) ;
#1678 = CYLINDRICAL_SURFACE ( 'NONE', #4552, 3.649999999999986589 ) ;
#1679 = ORIENTED_EDGE ( 'NONE', *, *, #1027, .T. ) ;
#1680 = ORIENTED_EDGE ( 'NONE', *, *, #394, .F. ) ;
#1681 = AXIS2_PLACEMENT_3D ( 'NONE', #2768, #3794, #3355 ) ;
#1682 = CYLINDRICAL_SURFACE ( 'NONE', #1821, 10.00000000000000000 ) ;
#1683 = CARTESIAN_POINT ( 'NONE',  ( 213.4053415326041829, -37.00000000000001421, 12.00000000000000000 ) ) ;
#1684 = EDGE_CURVE ( 'NONE', #3582, #587, #5505, .T. ) ;
#1685 = EDGE_CURVE ( 'NONE', #3964, #1360, #1933, .T. ) ;
#1686 = CARTESIAN_POINT ( 'NONE',  ( 261.6866871440603290, -10.52379439004008610, 7.000000000000000000 ) ) ;
#1687 = VECTOR ( 'NONE', #308, 1000.000000000000000 ) ;
#1688 = AXIS2_PLACEMENT_3D ( 'NONE', #3089, #2640, #4488 ) ;
#1689 = LINE ( 'NONE', #1749, #3773 ) ;
#1690 = AXIS2_PLACEMENT_3D ( 'NONE', #3853, #5664, #3412 ) ;
#1691 = DIRECTION ( 'NONE',  ( -0.000000000000000000, -0.000000000000000000, 1.000000000000000000 ) ) ;
#1692 = VECTOR ( 'NONE', #3968, 1000.000000000000227 ) ;
#1693 = FACE_OUTER_BOUND ( 'NONE', #5834, .T. ) ;
#1694 = ADVANCED_FACE ( 'NONE', ( #4544 ), #3233, .T. ) ;
#1695 = CIRCLE ( 'NONE', #2939, 5.000000000000000888 ) ;
#1696 = CIRCLE ( 'NONE', #4515, 3.000000000000002665 ) ;
#1697 = DIRECTION ( 'NONE',  ( -0.000000000000000000, -0.000000000000000000, -1.000000000000000000 ) ) ;
#1698 = AXIS2_PLACEMENT_3D ( 'NONE', #5753, #1701, #3498 ) ;
#1699 = VERTEX_POINT ( 'NONE', #2795 ) ;
#1700 = ORIENTED_EDGE ( 'NONE', *, *, #4809, .T. ) ;
#1701 = DIRECTION ( 'NONE',  ( -1.000000000000000000, -1.118194909425186913E-13, 0.000000000000000000 ) ) ;
#1702 = ORIENTED_EDGE ( 'NONE', *, *, #4815, .F. ) ;
#1703 = EDGE_CURVE ( 'NONE', #2494, #834, #583, .T. ) ;
#1704 = AXIS2_PLACEMENT_3D ( 'NONE', #1893, #4600, #1923 ) ;
#1705 = CARTESIAN_POINT ( 'NONE',  ( 50.35981053043001054, -12.00013170854912126, -61.90760220690642512 ) ) ;
#1706 = DIRECTION ( 'NONE',  ( 1.000000000000000000, 0.000000000000000000, 0.000000000000000000 ) ) ;
#1707 = CARTESIAN_POINT ( 'NONE',  ( 90.22662171127113595, -11.23606797755836162, -61.90760220690642512 ) ) ;
#1708 = AXIS2_PLACEMENT_3D ( 'NONE', #5302, #373, #403 ) ;
#1709 = DIRECTION ( 'NONE',  ( -0.000000000000000000, -0.000000000000000000, -1.000000000000000000 ) ) ;
#1710 = ADVANCED_FACE ( 'NONE', ( #1657 ), #724, .F. ) ;
#1711 = VERTEX_POINT ( 'NONE', #749 ) ;
#1712 = EDGE_CURVE ( 'NONE', #5004, #3693, #2143, .T. ) ;
#1713 = CARTESIAN_POINT ( 'NONE',  ( -11.94122491087930271, -16.04391310210185750, -2.999999999999999112 ) ) ;
#1714 = CYLINDRICAL_SURFACE ( 'NONE', #1187, 3.650000000000208633 ) ;
#1715 = ORIENTED_EDGE ( 'NONE', *, *, #2478, .F. ) ;
#1716 = EDGE_CURVE ( 'NONE', #4303, #2119, #854, .T. ) ;
#1717 = CARTESIAN_POINT ( 'NONE',  ( -59.60898011258912277, 9.461796337744496910, 12.00000000000000000 ) ) ;
#1718 = CYLINDRICAL_SURFACE ( 'NONE', #2422, 9.999999999999998224 ) ;
#1719 = DIRECTION ( 'NONE',  ( 1.000000000000000000, 0.000000000000000000, 0.000000000000000000 ) ) ;
#1720 = EDGE_CURVE ( 'NONE', #1711, #4232, #669, .T. ) ;
#1721 = CARTESIAN_POINT ( 'NONE',  ( 194.2799999999999727, -15.00000000000000711, -4.000000000000000000 ) ) ;
#1722 = EDGE_CURVE ( 'NONE', #4688, #965, #1751, .T. ) ;
#1723 = CARTESIAN_POINT ( 'NONE',  ( -35.52086525750118540, 1.506031659177633930, -2.999999999999999112 ) ) ;
#1724 = CARTESIAN_POINT ( 'NONE',  ( 131.4266217112696040, 13.00000000000000533, 11.99999999999999645 ) ) ;
#1725 = ADVANCED_FACE ( 'NONE', ( #5176 ), #1625, .T. ) ;
#1726 = CARTESIAN_POINT ( 'NONE',  ( 46.28887868456262566, -5.346532627159967355, 11.99999999999999645 ) ) ;
#1727 = ORIENTED_EDGE ( 'NONE', *, *, #439, .F. ) ;
#1729 = ORIENTED_EDGE ( 'NONE', *, *, #591, .T. ) ;
#1728 = EDGE_CURVE ( 'NONE', #538, #3744, #815, .T. ) ;
#1730 = DIRECTION ( 'NONE',  ( 1.000000000000000000, 0.000000000000000000, 0.000000000000000000 ) ) ;
#1731 = AXIS2_PLACEMENT_3D ( 'NONE', #3366, #4626, #3333 ) ;
#1732 = VERTEX_POINT ( 'NONE', #1573 ) ;
#1733 = VECTOR ( 'NONE', #3335, 1000.000000000000000 ) ;
#1734 = CARTESIAN_POINT ( 'NONE',  ( 19.50000000000000355, 26.00000000000000000, -55.55141653980559369 ) ) ;
#1735 = CIRCLE ( 'NONE', #5510, 2.000000000000001776 ) ;
#1736 = DIRECTION ( 'NONE',  ( -0.6011309404133634571, -0.7991505443142394860, 0.000000000000000000 ) ) ;
#1737 = VECTOR ( 'NONE', #5342, 1000.000000000000000 ) ;
#1738 = DIRECTION ( 'NONE',  ( 0.8021956551050927198, -0.5970612455439652244, 0.000000000000000000 ) ) ;
#1739 = CARTESIAN_POINT ( 'NONE',  ( 41.53481053043000770, -11.12921893940811913, -22.99999999999999645 ) ) ;
#1740 = DIRECTION ( 'NONE',  ( -0.000000000000000000, -0.000000000000000000, -1.000000000000000000 ) ) ;
#1741 = ORIENTED_EDGE ( 'NONE', *, *, #4813, .T. ) ;
#1742 = CYLINDRICAL_SURFACE ( 'NONE', #3336, 0.7999999999992318811 ) ;
#1743 = EDGE_CURVE ( 'NONE', #2340, #5187, #3924, .T. ) ;
#1744 = LINE ( 'NONE', #3538, #1737 ) ;
#1745 = VECTOR ( 'NONE', #3383, 1000.000000000000000 ) ;
#1746 = ORIENTED_EDGE ( 'NONE', *, *, #1703, .F. ) ;
#1747 = DIRECTION ( 'NONE',  ( -1.000000000000000000, 0.000000000000000000, 0.000000000000000000 ) ) ;
#1748 = DIRECTION ( 'NONE',  ( -1.000000000000000000, 0.000000000000000000, 0.000000000000000000 ) ) ;
#1749 = CARTESIAN_POINT ( 'NONE',  ( 173.2800000000000011, 17.00000000000000355, 6.000000000000000000 ) ) ;
#1750 = CARTESIAN_POINT ( 'NONE',  ( -24.15632106539967339, 14.15881889796350812, 12.00000000000000000 ) ) ;
#1751 = CIRCLE ( 'NONE', #342, 0.7999999999991069810 ) ;
#1752 = CYLINDRICAL_SURFACE ( 'NONE', #2552, 3.650000000000208633 ) ;
#1753 = VERTEX_POINT ( 'NONE', #3405 ) ;
#1754 = EDGE_CURVE ( 'NONE', #996, #5821, #2610, .T. ) ;
#1755 = CARTESIAN_POINT ( 'NONE',  ( 90.22662171126958697, -12.99999999999999822, 0.000000000000000000 ) ) ;
#1756 = ORIENTED_EDGE ( 'NONE', *, *, #5594, .F. ) ;
#1757 = ORIENTED_EDGE ( 'NONE', *, *, #725, .F. ) ;
#1758 = DIRECTION ( 'NONE',  ( -0.000000000000000000, -0.000000000000000000, 1.000000000000000000 ) ) ;
#1759 = VERTEX_POINT ( 'NONE', #3488 ) ;
#1760 = DIRECTION ( 'NONE',  ( -1.000000000000000000, 0.000000000000000000, 0.000000000000000000 ) ) ;
#1761 = ORIENTED_EDGE ( 'NONE', *, *, #2701, .T. ) ;
#1762 = VECTOR ( 'NONE', #755, 1000.000000000000000 ) ;
#1763 = EDGE_CURVE ( 'NONE', #286, #2541, #3173, .T. ) ;
#1764 = DIRECTION ( 'NONE',  ( 1.000000000000000000, 0.000000000000000000, 0.000000000000000000 ) ) ;
#1765 = FACE_OUTER_BOUND ( 'NONE', #2282, .T. ) ;
#1766 = LINE ( 'NONE', #3622, #2641 ) ;
#1767 = DIRECTION ( 'NONE',  ( -1.000000000000000000, 0.000000000000000000, 0.000000000000000000 ) ) ;
#1768 = ORIENTED_EDGE ( 'NONE', *, *, #451, .F. ) ;
#1769 = CARTESIAN_POINT ( 'NONE',  ( 88.22662171127112174, 8.999999999941620032, -61.90760220690642512 ) ) ;
#1770 = DIRECTION ( 'NONE',  ( -0.000000000000000000, -0.000000000000000000, 1.000000000000000000 ) ) ;
#1771 = EDGE_LOOP ( 'NONE', ( #3675, #5493, #3009, #5825 ) ) ;
#1772 = ORIENTED_EDGE ( 'NONE', *, *, #5032, .T. ) ;
#1773 = DIRECTION ( 'NONE',  ( 0.000000000000000000, 0.000000000000000000, -1.000000000000000000 ) ) ;
#1774 = EDGE_CURVE ( 'NONE', #3371, #5450, #3539, .T. ) ;
#1775 = AXIS2_PLACEMENT_3D ( 'NONE', #3408, #5633, #5210 ) ;
#1776 = CARTESIAN_POINT ( 'NONE',  ( 0.000000000000000000, 24.00000000000000000, 12.00000000000000000 ) ) ;
#1777 = DIRECTION ( 'NONE',  ( -1.000000000000000000, 0.000000000000000000, -0.000000000000000000 ) ) ;
#1778 = CARTESIAN_POINT ( 'NONE',  ( -38.23347221900086623, 9.757874521922913047, 0.000000000000000000 ) ) ;
#1779 = CARTESIAN_POINT ( 'NONE',  ( 90.90352936532367778, 13.99999999994161826, 12.00000000000000000 ) ) ;
#1780 = EDGE_CURVE ( 'NONE', #5190, #5852, #5722, .T. ) ;
#1781 = LINE ( 'NONE', #2200, #2890 ) ;
#1782 = ORIENTED_EDGE ( 'NONE', *, *, #1293, .F. ) ;
#1783 = ORIENTED_EDGE ( 'NONE', *, *, #867, .T. ) ;
#1784 = CARTESIAN_POINT ( 'NONE',  ( -52.44424516606153475, 19.08814419900561532, 12.00000000000000000 ) ) ;
#1785 = ORIENTED_EDGE ( 'NONE', *, *, #465, .T. ) ;
#1786 = EDGE_CURVE ( 'NONE', #5729, #1999, #3028, .T. ) ;
#1787 = CARTESIAN_POINT ( 'NONE',  ( 196.2799999999999727, -11.00000000000001066, -4.000000000000000000 ) ) ;
#1788 = ORIENTED_EDGE ( 'NONE', *, *, #1336, .F. ) ;
#1789 = CIRCLE ( 'NONE', #672, 3.650000000000208633 ) ;
#1790 = AXIS2_PLACEMENT_3D ( 'NONE', #5028, #552, #1907 ) ;
#1791 = AXIS2_PLACEMENT_3D ( 'NONE', #4870, #453, #2616 ) ;
#1792 = CARTESIAN_POINT ( 'NONE',  ( 171.2800000000000011, -13.00000000000001421, 6.000000000000000000 ) ) ;
#1793 = VECTOR ( 'NONE', #5383, 1000.000000000000000 ) ;
#1794 = CARTESIAN_POINT ( 'NONE',  ( 227.8812056099599204, -25.40668714406035633, 12.00000000000000000 ) ) ;
#1795 = DIRECTION ( 'NONE',  ( 1.000000000000000000, 0.000000000000000000, 0.000000000000000000 ) ) ;
#1796 = CARTESIAN_POINT ( 'NONE',  ( 194.2799999999999727, 17.00000000000000355, 6.000000000000000000 ) ) ;
#1797 = CIRCLE ( 'NONE', #5765, 0.7999999999995510702 ) ;
#1798 = ORIENTED_EDGE ( 'NONE', *, *, #4924, .T. ) ;
#1799 = EDGE_CURVE ( 'NONE', #2329, #2099, #1597, .T. ) ;
#1800 = CIRCLE ( 'NONE', #4793, 3.649999999999986589 ) ;
#1801 = DIRECTION ( 'NONE',  ( 0.7012684536631027532, -0.7128972968787022912, 0.000000000000000000 ) ) ;
#1802 = ORIENTED_EDGE ( 'NONE', *, *, #2513, .T. ) ;
#1803 = EDGE_CURVE ( 'NONE', #2140, #4424, #2498, .T. ) ;
#1804 = LINE ( 'NONE', #3600, #5151 ) ;
#1805 = DIRECTION ( 'NONE',  ( 0.000000000000000000, 0.000000000000000000, 1.000000000000000000 ) ) ;
#1806 = DIRECTION ( 'NONE',  ( -0.000000000000000000, 0.000000000000000000, 1.000000000000000000 ) ) ;
#1807 = EDGE_LOOP ( 'NONE', ( #3076, #1948, #4583, #31 ) ) ;
#1808 = DIRECTION ( 'NONE',  ( -0.000000000000000000, 0.000000000000000000, 1.000000000000000000 ) ) ;
#1809 = AXIS2_PLACEMENT_3D ( 'NONE', #2932, #1156, #5733 ) ;
#1810 = DIRECTION ( 'NONE',  ( -0.000000000000000000, -0.000000000000000000, 1.000000000000000000 ) ) ;
#1811 = VERTEX_POINT ( 'NONE', #4258 ) ;
#1812 = ORIENTED_EDGE ( 'NONE', *, *, #2238, .T. ) ;
#1813 = CYLINDRICAL_SURFACE ( 'NONE', #4245, 4.000000000000003553 ) ;
#1814 = ORIENTED_EDGE ( 'NONE', *, *, #4604, .T. ) ;
#1815 = ORIENTED_EDGE ( 'NONE', *, *, #3988, .F. ) ;
#1816 = CARTESIAN_POINT ( 'NONE',  ( -2.081668171172201330E-14, -16.99999999999981171, 0.000000000000000000 ) ) ;
#1817 = ORIENTED_EDGE ( 'NONE', *, *, #1618, .T. ) ;
#1818 = CARTESIAN_POINT ( 'NONE',  ( 133.4266217112713377, -9.000000000057788441, 11.99999999999999645 ) ) ;
#1819 = DIRECTION ( 'NONE',  ( -0.000000000000000000, -0.000000000000000000, 1.000000000000000000 ) ) ;
#1820 = EDGE_CURVE ( 'NONE', #1843, #2092, #1846, .T. ) ;
#1821 = AXIS2_PLACEMENT_3D ( 'NONE', #4113, #5461, #505 ) ;
#1822 = VECTOR ( 'NONE', #4597, 1000.000000000000000 ) ;
#1823 = DIRECTION ( 'NONE',  ( -0.000000000000000000, -0.000000000000000000, 1.000000000000000000 ) ) ;
#1824 = CYLINDRICAL_SURFACE ( 'NONE', #5285, 2.000000000000001776 ) ;
#1825 = ORIENTED_EDGE ( 'NONE', *, *, #1027, .F. ) ;
#1826 = DIRECTION ( 'NONE',  ( 0.000000000000000000, -0.000000000000000000, -1.000000000000000000 ) ) ;
#1827 = AXIS2_PLACEMENT_3D ( 'NONE', #4508, #4087, #478 ) ;
#1828 = CIRCLE ( 'NONE', #603, 5.000000000000000888 ) ;
#1829 = LINE ( 'NONE', #4507, #511 ) ;
#1830 = EDGE_CURVE ( 'NONE', #2726, #1699, #2049, .T. ) ;
#1831 = LINE ( 'NONE', #3596, #5699 ) ;
#1832 = ORIENTED_EDGE ( 'NONE', *, *, #2051, .F. ) ;
#1833 = VECTOR ( 'NONE', #12, 1000.000000000000000 ) ;
#1834 = CARTESIAN_POINT ( 'NONE',  ( 81.87009861938832955, 18.40000000000000213, 5.000000000000000000 ) ) ;
#1835 = EDGE_CURVE ( 'NONE', #2657, #5069, #5715, .T. ) ;
#1836 = AXIS2_PLACEMENT_3D ( 'NONE', #3329, #4173, #1474 ) ;
#1837 = LINE ( 'NONE', #1776, #4468 ) ;
#1838 = DIRECTION ( 'NONE',  ( 1.000000000000000000, 0.000000000000000000, 0.000000000000000000 ) ) ;
#1839 = AXIS2_PLACEMENT_3D ( 'NONE', #3551, #4405, #5833 ) ;
#1840 = CARTESIAN_POINT ( 'NONE',  ( 248.9287943900400535, 25.40668714406033146, 7.000000000000000000 ) ) ;
#1841 = AXIS2_PLACEMENT_3D ( 'NONE', #406, #1849, #2288 ) ;
#1842 = LINE ( 'NONE', #1464, #2074 ) ;
#1843 = VERTEX_POINT ( 'NONE', #2223 ) ;
#1844 = ORIENTED_EDGE ( 'NONE', *, *, #2887, .F. ) ;
#1845 = DIRECTION ( 'NONE',  ( -0.000000000000000000, 0.000000000000000000, 1.000000000000000000 ) ) ;
#1846 = CIRCLE ( 'NONE', #4093, 24.99999999999999289 ) ;
#1847 = ORIENTED_EDGE ( 'NONE', *, *, #180, .T. ) ;
#1848 = ORIENTED_EDGE ( 'NONE', *, *, #4701, .T. ) ;
#1849 = DIRECTION ( 'NONE',  ( -0.000000000000000000, -0.000000000000000000, 1.000000000000000000 ) ) ;
#1850 = VERTEX_POINT ( 'NONE', #483 ) ;
#1851 = CARTESIAN_POINT ( 'NONE',  ( 90.90352936532367778, 13.99999999994161826, 5.000000000000000000 ) ) ;
#1852 = LINE ( 'NONE', #3651, #138 ) ;
#1853 = CARTESIAN_POINT ( 'NONE',  ( 78.05183540282277477, 20.00000000000000355, 5.000000000000000000 ) ) ;
#1854 = FACE_OUTER_BOUND ( 'NONE', #5367, .T. ) ;
#1855 = VERTEX_POINT ( 'NONE', #2695 ) ;
#1856 = DIRECTION ( 'NONE',  ( 0.000000000000000000, 0.000000000000000000, 1.000000000000000000 ) ) ;
#1857 = CARTESIAN_POINT ( 'NONE',  ( 171.2800000000000011, 13.00000000000000355, 0.000000000000000000 ) ) ;
#1858 = DIRECTION ( 'NONE',  ( -3.383037827666091415E-13, -1.000000000000000000, 0.000000000000000000 ) ) ;
#1859 = ORIENTED_EDGE ( 'NONE', *, *, #2087, .T. ) ;
#1860 = EDGE_CURVE ( 'NONE', #5268, #1365, #4287, .T. ) ;
#1861 = CARTESIAN_POINT ( 'NONE',  ( 128.3472516715914082, -6.200000000057787730, -61.90760220690642512 ) ) ;
#1862 = CARTESIAN_POINT ( 'NONE',  ( 80.57028722478011673, 8.999999999941618256, 12.00000000000000000 ) ) ;
#1863 = VERTEX_POINT ( 'NONE', #5405 ) ;
#1864 = CARTESIAN_POINT ( 'NONE',  ( -52.44424516606153475, 19.08814419900561532, -4.000000000000000000 ) ) ;
#1865 = VECTOR ( 'NONE', #736, 1000.000000000000000 ) ;
#1866 = ADVANCED_FACE ( 'NONE', ( #5827 ), #4399, .F. ) ;
#1867 = DIRECTION ( 'NONE',  ( -0.000000000000000000, 0.000000000000000000, 1.000000000000000000 ) ) ;
#1868 = VECTOR ( 'NONE', #997, 1000.000000000000000 ) ;
#1869 = LINE ( 'NONE', #1963, #4377 ) ;
#1870 = ORIENTED_EDGE ( 'NONE', *, *, #1515, .F. ) ;
#1871 = VERTEX_POINT ( 'NONE', #2168 ) ;
#1872 = CARTESIAN_POINT ( 'NONE',  ( 258.0366871440602381, 10.52379439003986406, 7.000000000000000000 ) ) ;
#1873 = EDGE_LOOP ( 'NONE', ( #5636, #3714, #3641, #4396 ) ) ;
#1874 = ORIENTED_EDGE ( 'NONE', *, *, #3779, .T. ) ;
#1875 = EDGE_CURVE ( 'NONE', #257, #72, #1379, .T. ) ;
#1876 = DIRECTION ( 'NONE',  ( -0.000000000000000000, -0.000000000000000000, -1.000000000000000000 ) ) ;
#1877 = EDGE_LOOP ( 'NONE', ( #3913, #4241, #4391, #4268 ) ) ;
#1878 = CARTESIAN_POINT ( 'NONE',  ( 0.000000000000000000, 0.000000000000000000, -2.999999999999999112 ) ) ;
#1879 = CARTESIAN_POINT ( 'NONE',  ( 83.42662171126970350, 5.744235880725120147, 0.000000000000000000 ) ) ;
#1880 = FACE_OUTER_BOUND ( 'NONE', #5061, .T. ) ;
#1881 = CARTESIAN_POINT ( 'NONE',  ( 85.59936134591947621, 7.551724137872479758, 11.99999999999999645 ) ) ;
#1882 = ORIENTED_EDGE ( 'NONE', *, *, #4354, .T. ) ;
#1883 = ORIENTED_EDGE ( 'NONE', *, *, #2658, .F. ) ;
#1884 = AXIS2_PLACEMENT_3D ( 'NONE', #4765, #5639, #787 ) ;
#1885 = DIRECTION ( 'NONE',  ( -1.000000000000000000, 0.000000000000000000, 0.000000000000000000 ) ) ;
#1886 = AXIS2_PLACEMENT_3D ( 'NONE', #1290, #2627, #943 ) ;
#1887 = EDGE_LOOP ( 'NONE', ( #1387, #261, #2805, #1234 ) ) ;
#1888 = VECTOR ( 'NONE', #336, 1000.000000000000000 ) ;
#1889 = LINE ( 'NONE', #1449, #4360 ) ;
#1890 = EDGE_CURVE ( 'NONE', #5780, #2764, #4853, .T. ) ;
#1891 = AXIS2_PLACEMENT_3D ( 'NONE', #4837, #842, #3087 ) ;
#1892 = CARTESIAN_POINT ( 'NONE',  ( 223.9224258854298171, -19.98850574712644246, 6.000000000000000000 ) ) ;
#1893 = CARTESIAN_POINT ( 'NONE',  ( 0.000000000000000000, 0.000000000000000000, 12.00000000000000000 ) ) ;
#1894 = ORIENTED_EDGE ( 'NONE', *, *, #1125, .F. ) ;
#1895 = VECTOR ( 'NONE', #1986, 1000.000000000000000 ) ;
#1896 = CARTESIAN_POINT ( 'NONE',  ( 259.7800000000000296, 2.877919977996286631E-15, 12.00000000000000000 ) ) ;
#1897 = ADVANCED_FACE ( 'NONE', ( #3975 ), #4899, .F. ) ;
#1898 = CARTESIAN_POINT ( 'NONE',  ( 236.2800000000000011, 0.000000000000000000, 12.00000000000000000 ) ) ;
#1899 = ORIENTED_EDGE ( 'NONE', *, *, #269, .T. ) ;
#1900 = FACE_BOUND ( 'NONE', #4969, .T. ) ;
#1901 = DIRECTION ( 'NONE',  ( -0.000000000000000000, -0.000000000000000000, -1.000000000000000000 ) ) ;
#1902 = ADVANCED_FACE ( 'NONE', ( #393 ), #1718, .F. ) ;
#1903 = ADVANCED_FACE ( 'NONE', ( #4955 ), #449, .F. ) ;
#1904 = CARTESIAN_POINT ( 'NONE',  ( 135.4266217112710819, 11.23606797744202268, 0.000000000000000000 ) ) ;
#1905 = ORIENTED_EDGE ( 'NONE', *, *, #433, .F. ) ;
#1906 = ORIENTED_EDGE ( 'NONE', *, *, #2485, .F. ) ;
#1907 = DIRECTION ( 'NONE',  ( 1.000000000000000000, 0.000000000000000000, 0.000000000000000000 ) ) ;
#1908 = ORIENTED_EDGE ( 'NONE', *, *, #2192, .T. ) ;
#1909 = ORIENTED_EDGE ( 'NONE', *, *, #2763, .T. ) ;
#1910 = CARTESIAN_POINT ( 'NONE',  ( -0.000000000000000000, 24.00000000000000000, 0.000000000000000000 ) ) ;
#1911 = LINE ( 'NONE', #939, #5619 ) ;
#1912 = ADVANCED_FACE ( 'NONE', ( #5799 ), #3542, .F. ) ;
#1913 = DIRECTION ( 'NONE',  ( -0.000000000000000000, -0.000000000000000000, 1.000000000000000000 ) ) ;
#1914 = PLANE ( 'NONE',  #189 ) ;
#1915 = DIRECTION ( 'NONE',  ( -0.000000000000000000, -0.000000000000000000, -1.000000000000000000 ) ) ;
#1916 = ORIENTED_EDGE ( 'NONE', *, *, #55, .T. ) ;
#1917 = DIRECTION ( 'NONE',  ( 1.000000000000000000, 0.000000000000000000, 0.000000000000000000 ) ) ;
#1918 = ORIENTED_EDGE ( 'NONE', *, *, #136, .F. ) ;
#1919 = ORIENTED_EDGE ( 'NONE', *, *, #5704, .T. ) ;
#1920 = VECTOR ( 'NONE', #975, 1000.000000000000000 ) ;
#1921 = DIRECTION ( 'NONE',  ( -0.000000000000000000, -0.000000000000000000, -1.000000000000000000 ) ) ;
#1922 = FACE_OUTER_BOUND ( 'NONE', #1887, .T. ) ;
#1923 = DIRECTION ( 'NONE',  ( 1.000000000000000000, 0.000000000000000000, 0.000000000000000000 ) ) ;
#1924 = ORIENTED_EDGE ( 'NONE', *, *, #4893, .F. ) ;
#1925 = AXIS2_PLACEMENT_3D ( 'NONE', #1161, #3946, #5254 ) ;
#1926 = AXIS2_PLACEMENT_3D ( 'NONE', #83, #5046, #2365 ) ;
#1927 = CARTESIAN_POINT ( 'NONE',  ( 218.6237247785160207, -27.87931034482758719, 12.00000000000000000 ) ) ;
#1928 = AXIS2_PLACEMENT_3D ( 'NONE', #4696, #4223, #1017 ) ;
#1929 = DIRECTION ( 'NONE',  ( 0.000000000000000000, 0.000000000000000000, 1.000000000000000000 ) ) ;
#1930 = VECTOR ( 'NONE', #4745, 1000.000000000000000 ) ;
#1931 = ORIENTED_EDGE ( 'NONE', *, *, #1890, .T. ) ;
#1932 = CARTESIAN_POINT ( 'NONE',  ( 222.1062056099600852, -25.40668714406038475, 0.000000000000000000 ) ) ;
#1933 = LINE ( 'NONE', #1998, #1319 ) ;
#1934 = VECTOR ( 'NONE', #1349, 1000.000000000000114 ) ;
#1935 = CYLINDRICAL_SURFACE ( 'NONE', #2176, 24.99999999999999289 ) ;
#1936 = ORIENTED_EDGE ( 'NONE', *, *, #3388, .F. ) ;
#1937 = CARTESIAN_POINT ( 'NONE',  ( 213.4053415326041829, -17.00000000000000711, 12.00000000000000000 ) ) ;
#1938 = ORIENTED_EDGE ( 'NONE', *, *, #5074, .T. ) ;
#1939 = EDGE_LOOP ( 'NONE', ( #203, #70, #5769, #5282 ) ) ;
#1940 = AXIS2_PLACEMENT_3D ( 'NONE', #2792, #1108, #183 ) ;
#1941 = PLANE ( 'NONE',  #5357 ) ;
#1942 = EDGE_CURVE ( 'NONE', #5154, #5494, #3053, .T. ) ;
#1943 = CARTESIAN_POINT ( 'NONE',  ( 156.4266217112695472, -17.00000000000000355, -28.99999999999999645 ) ) ;
#1944 = AXIS2_PLACEMENT_3D ( 'NONE', #4778, #3842, #4702 ) ;
#1945 = CARTESIAN_POINT ( 'NONE',  ( -11.94122491087930094, -16.04391310210185750, 0.000000000000000000 ) ) ;
#1946 = CARTESIAN_POINT ( 'NONE',  ( 30.12341357257312779, -4.351674045275238711, 12.00000000000000000 ) ) ;
#1947 = CARTESIAN_POINT ( 'NONE',  ( 122.5707207015328208, -11.96237847592012571, -28.99999999999999645 ) ) ;
#1948 = ORIENTED_EDGE ( 'NONE', *, *, #3849, .F. ) ;
#1949 = CARTESIAN_POINT ( 'NONE',  ( 1.631447392267875385, 27.95243065291929696, 12.00000000000000000 ) ) ;
#1950 = ADVANCED_FACE ( 'NONE', ( #807 ), #5772, .T. ) ;
#1951 = ORIENTED_EDGE ( 'NONE', *, *, #2898, .F. ) ;
#1952 = EDGE_CURVE ( 'NONE', #2061, #2783, #3085, .T. ) ;
#1953 = CARTESIAN_POINT ( 'NONE',  ( -22.02499999999999858, 2.697284575122045346E-15, -8.000000000000000000 ) ) ;
#1954 = LINE ( 'NONE', #5463, #705 ) ;
#1955 = CYLINDRICAL_SURFACE ( 'NONE', #4619, 24.99999999999999289 ) ;
#1956 = ORIENTED_EDGE ( 'NONE', *, *, #5259, .F. ) ;
#1957 = EDGE_CURVE ( 'NONE', #5272, #1811, #5345, .T. ) ;
#1958 = CYLINDRICAL_SURFACE ( 'NONE', #4236, 3.649999999999986589 ) ;
#1959 = CARTESIAN_POINT ( 'NONE',  ( 156.2799999999999727, 17.00000000000000000, 12.00000000000000000 ) ) ;
#1960 = LINE ( 'NONE', #5440, #1317 ) ;
#1961 = LINE ( 'NONE', #4639, #671 ) ;
#1962 = VERTEX_POINT ( 'NONE', #4426 ) ;
#1963 = CARTESIAN_POINT ( 'NONE',  ( 44.05981053043001339, -11.12921893940811913, -8.000000000000000000 ) ) ;
#1964 = EDGE_LOOP ( 'NONE', ( #2258, #1802, #3127, #3267 ) ) ;
#1965 = CARTESIAN_POINT ( 'NONE',  ( -28.46994982707818167, 16.68717941545698835, -2.999999999999999112 ) ) ;
#1966 = VERTEX_POINT ( 'NONE', #1273 ) ;
#1967 = ADVANCED_FACE ( 'NONE', ( #4867 ), #1333, .F. ) ;
#1968 = EDGE_LOOP ( 'NONE', ( #1782, #4910, #3992, #2598 ) ) ;
#1969 = AXIS2_PLACEMENT_3D ( 'NONE', #5518, #5031, #4585 ) ;
#1970 = CARTESIAN_POINT ( 'NONE',  ( 2.289834988289397198E-15, -11.00000000000005151, 0.000000000000000000 ) ) ;
#1971 = DIRECTION ( 'NONE',  ( -1.000000000000000000, 0.000000000000000000, 0.000000000000000000 ) ) ;
#1972 = FACE_OUTER_BOUND ( 'NONE', #2289, .T. ) ;
#1973 = EDGE_CURVE ( 'NONE', #1699, #640, #1804, .T. ) ;
#1974 = ADVANCED_FACE ( 'NONE', ( #1043 ), #5535, .F. ) ;
#1975 = FACE_OUTER_BOUND ( 'NONE', #5575, .T. ) ;
#1976 = DIRECTION ( 'NONE',  ( -0.000000000000000000, 0.000000000000000000, 1.000000000000000000 ) ) ;
#1977 = ORIENTED_EDGE ( 'NONE', *, *, #26, .F. ) ;
#1978 = ORIENTED_EDGE ( 'NONE', *, *, #2698, .F. ) ;
#1979 = CARTESIAN_POINT ( 'NONE',  ( 48.91491403046759245, -9.601741810222256035, -43.50958291931527810 ) ) ;
#1980 = ORIENTED_EDGE ( 'NONE', *, *, #5169, .F. ) ;
#1981 = VECTOR ( 'NONE', #1115, 1000.000000000000000 ) ;
#1982 = DIRECTION ( 'NONE',  ( -0.000000000000000000, -0.000000000000000000, 1.000000000000000000 ) ) ;
#1983 = AXIS2_PLACEMENT_3D ( 'NONE', #3117, #4010, #898 ) ;
#1984 = LINE ( 'NONE', #3781, #2968 ) ;
#1985 = EDGE_CURVE ( 'NONE', #2957, #1613, #1456, .T. ) ;
#1986 = DIRECTION ( 'NONE',  ( -0.000000000000000000, -0.000000000000000000, -1.000000000000000000 ) ) ;
#1987 = VECTOR ( 'NONE', #4736, 1000.000000000000000 ) ;
#1988 = VERTEX_POINT ( 'NONE', #2403 ) ;
#1989 = VECTOR ( 'NONE', #5786, 1000.000000000000000 ) ;
#1990 = CIRCLE ( 'NONE', #3213, 3.999999999999996447 ) ;
#1991 = VERTEX_POINT ( 'NONE', #1896 ) ;
#1992 = AXIS2_PLACEMENT_3D ( 'NONE', #4869, #3115, #1276 ) ;
#1993 = LINE ( 'NONE', #5595, #4746 ) ;
#1994 = AXIS2_PLACEMENT_3D ( 'NONE', #1965, #66, #4582 ) ;
#1995 = EDGE_CURVE ( 'NONE', #2871, #1376, #4573, .T. ) ;
#1996 = VECTOR ( 'NONE', #2847, 1000.000000000000000 ) ;
#1997 = DIRECTION ( 'NONE',  ( 0.000000000000000000, 0.000000000000000000, 1.000000000000000000 ) ) ;
#1998 = CARTESIAN_POINT ( 'NONE',  ( 227.8812056099599204, -25.40668714406035633, 12.00099999999999945 ) ) ;
#1999 = VERTEX_POINT ( 'NONE', #5562 ) ;
#2000 = VECTOR ( 'NONE', #5387, 1000.000000000000000 ) ;
#2001 = DIRECTION ( 'NONE',  ( -1.000000000000000000, 0.000000000000000000, 0.000000000000000000 ) ) ;
#2002 = VERTEX_POINT ( 'NONE', #4091 ) ;
#2003 = VERTEX_POINT ( 'NONE', #54 ) ;
#2004 = DIRECTION ( 'NONE',  ( 0.000000000000000000, 0.000000000000000000, 1.000000000000000000 ) ) ;
#2005 = CYLINDRICAL_SURFACE ( 'NONE', #3354, 2.000000000000001776 ) ;
#2006 = DIRECTION ( 'NONE',  ( 1.000000000000000000, 0.000000000000000000, 0.000000000000000000 ) ) ;
#2007 = DIRECTION ( 'NONE',  ( -1.000000000000000000, 0.000000000000000000, 0.000000000000000000 ) ) ;
#2008 = ORIENTED_EDGE ( 'NONE', *, *, #5313, .F. ) ;
#2009 = CARTESIAN_POINT ( 'NONE',  ( 19.50000000000000355, 26.00000000000000000, 0.000000000000000000 ) ) ;
#2010 = VERTEX_POINT ( 'NONE', #5051 ) ;
#2011 = FACE_OUTER_BOUND ( 'NONE', #3465, .T. ) ;
#2012 = CARTESIAN_POINT ( 'NONE',  ( 47.52046874783079033, -10.44181752504934657, -43.50958291931527810 ) ) ;
#2013 = CYLINDRICAL_SURFACE ( 'NONE', #1324, 0.7999999999991069810 ) ;
#2014 = ORIENTED_EDGE ( 'NONE', *, *, #2337, .T. ) ;
#2015 = EDGE_CURVE ( 'NONE', #4210, #2178, #1416, .T. ) ;
#2016 = DIRECTION ( 'NONE',  ( 1.000000000000000000, 0.000000000000000000, 0.000000000000000000 ) ) ;
#2017 = ORIENTED_EDGE ( 'NONE', *, *, #4487, .F. ) ;
#2018 = EDGE_LOOP ( 'NONE', ( #1114, #808, #3145, #1242 ) ) ;
#2019 = CIRCLE ( 'NONE', #701, 2.999999999999836131 ) ;
#2020 = FACE_OUTER_BOUND ( 'NONE', #1409, .T. ) ;
#2021 = DIRECTION ( 'NONE',  ( -0.000000000000000000, 0.000000000000000000, 1.000000000000000000 ) ) ;
#2022 = ADVANCED_FACE ( 'NONE', ( #1015 ), #4984, .F. ) ;
#2023 = CIRCLE ( 'NONE', #2206, 2.000000000000001776 ) ;
#2024 = CARTESIAN_POINT ( 'NONE',  ( 14.68960452100336767, -24.38333755705513184, 0.000000000000000000 ) ) ;
#2025 = EDGE_LOOP ( 'NONE', ( #563, #4872, #2619, #1593 ) ) ;
#2026 = LINE ( 'NONE', #3356, #3298 ) ;
#2027 = CYLINDRICAL_SURFACE ( 'NONE', #2161, 2.799999999999997158 ) ;
#2028 = VECTOR ( 'NONE', #703, 1000.000000000000000 ) ;
#2029 = DIRECTION ( 'NONE',  ( 1.000000000000000000, 0.000000000000000000, 0.000000000000000000 ) ) ;
#2030 = ORIENTED_EDGE ( 'NONE', *, *, #2471, .F. ) ;
#2031 = ORIENTED_EDGE ( 'NONE', *, *, #1357, .F. ) ;
#2032 = DIRECTION ( 'NONE',  ( -0.000000000000000000, -0.000000000000000000, 1.000000000000000000 ) ) ;
#2033 = CIRCLE ( 'NONE', #1368, 0.7999999999995510702 ) ;
#2034 = EDGE_LOOP ( 'NONE', ( #1315, #2820 ) ) ;
#2035 = DIRECTION ( 'NONE',  ( -1.000000000000000000, 0.000000000000000000, 0.000000000000000000 ) ) ;
#2036 = ORIENTED_EDGE ( 'NONE', *, *, #3382, .F. ) ;
#2037 = EDGE_LOOP ( 'NONE', ( #1361, #2031, #4997, #2707 ) ) ;
#2038 = CARTESIAN_POINT ( 'NONE',  ( 173.2800000000000011, -17.00000000000000711, 0.000000000000000000 ) ) ;
#2039 = FACE_OUTER_BOUND ( 'NONE', #2037, .T. ) ;
#2040 = LINE ( 'NONE', #4771, #290 ) ;
#2041 = EDGE_LOOP ( 'NONE', ( #528, #3948, #3426, #865 ) ) ;
#2042 = AXIS2_PLACEMENT_3D ( 'NONE', #3431, #248, #218 ) ;
#2043 = ADVANCED_FACE ( 'NONE', ( #156 ), #1958, .F. ) ;
#2044 = DIRECTION ( 'NONE',  ( 0.000000000000000000, 0.000000000000000000, -1.000000000000000000 ) ) ;
#2045 = VERTEX_POINT ( 'NONE', #3286 ) ;
#2046 = ORIENTED_EDGE ( 'NONE', *, *, #5351, .T. ) ;
#2047 = ADVANCED_FACE ( 'NONE', ( #607 ), #1392, .F. ) ;
#2048 = FACE_OUTER_BOUND ( 'NONE', #143, .T. ) ;
#2049 = LINE ( 'NONE', #2971, #639 ) ;
#2050 = CARTESIAN_POINT ( 'NONE',  ( 133.4266217112711104, 8.999999999942206230, 6.000000000000000000 ) ) ;
#2051 = EDGE_CURVE ( 'NONE', #4879, #1711, #3766, .T. ) ;
#2052 = LINE ( 'NONE', #780, #3547 ) ;
#2053 = LINE ( 'NONE', #5657, #1587 ) ;
#2054 = DIRECTION ( 'NONE',  ( 1.000000000000000000, 0.000000000000000000, 0.000000000000000000 ) ) ;
#2055 = EDGE_LOOP ( 'NONE', ( #5104, #3654 ) ) ;
#2057 = EDGE_CURVE ( 'NONE', #801, #4232, #2821, .T. ) ;
#2056 = ORIENTED_EDGE ( 'NONE', *, *, #5247, .F. ) ;
#2058 = CARTESIAN_POINT ( 'NONE',  ( 213.4053415326041829, -37.00000000000001421, 6.000000000000000000 ) ) ;
#2059 = ORIENTED_EDGE ( 'NONE', *, *, #1957, .F. ) ;
#2060 = DIRECTION ( 'NONE',  ( -0.000000000000000000, -0.000000000000000000, 1.000000000000000000 ) ) ;
#2061 = VERTEX_POINT ( 'NONE', #5465 ) ;
#2062 = AXIS2_PLACEMENT_3D ( 'NONE', #2154, #1611, #3013 ) ;
#2063 = ORIENTED_EDGE ( 'NONE', *, *, #3747, .F. ) ;
#2064 = CIRCLE ( 'NONE', #5172, 2.799999999999997158 ) ;
#2065 = CARTESIAN_POINT ( 'NONE',  ( 25.50000000000000355, -34.00000000000000000, -55.55141653980559369 ) ) ;
#2066 = CYLINDRICAL_SURFACE ( 'NONE', #4932, 2.799999999999997158 ) ;
#2067 = LINE ( 'NONE', #5280, #2650 ) ;
#2068 = ORIENTED_EDGE ( 'NONE', *, *, #1703, .T. ) ;
#2069 = APPLICATION_CONTEXT ( 'automotive_design' ) ;
#2070 = CYLINDRICAL_SURFACE ( 'NONE', #794, 2.000000000000001776 ) ;
#2071 = ORIENTED_EDGE ( 'NONE', *, *, #976, .T. ) ;
#2072 = ORIENTED_EDGE ( 'NONE', *, *, #5669, .F. ) ;
#2073 = LINE ( 'NONE', #2715, #4359 ) ;
#2074 = VECTOR ( 'NONE', #4960, 1000.000000000000000 ) ;
#2075 = DIRECTION ( 'NONE',  ( 0.000000000000000000, 0.000000000000000000, 1.000000000000000000 ) ) ;
#2076 = ORIENTED_EDGE ( 'NONE', *, *, #4815, .T. ) ;
#2077 = CIRCLE ( 'NONE', #5758, 2.000000000000001776 ) ;
#2078 = AXIS2_PLACEMENT_3D ( 'NONE', #3491, #5504, #4160 ) ;
#2079 = DIRECTION ( 'NONE',  ( 1.000000000000000000, 0.000000000000000000, 0.000000000000000000 ) ) ;
#2080 = CIRCLE ( 'NONE', #953, 3.649999999999986589 ) ;
#2081 = CARTESIAN_POINT ( 'NONE',  ( 88.22662171127112174, 8.999999999941620032, -61.90760220690642512 ) ) ;
#2082 = LINE ( 'NONE', #5209, #3088 ) ;
#2083 = ORIENTED_EDGE ( 'NONE', *, *, #5335, .F. ) ;
#2084 = ORIENTED_EDGE ( 'NONE', *, *, #2634, .F. ) ;
#2085 = DIRECTION ( 'NONE',  ( 0.000000000000000000, 0.000000000000000000, -1.000000000000000000 ) ) ;
#2086 = AXIS2_PLACEMENT_3D ( 'NONE', #4079, #5365, #502 ) ;
#2087 = EDGE_CURVE ( 'NONE', #5795, #1072, #3228, .T. ) ;
#2088 = LINE ( 'NONE', #5687, #2028 ) ;
#2089 = ORIENTED_EDGE ( 'NONE', *, *, #4116, .T. ) ;
#2090 = ORIENTED_EDGE ( 'NONE', *, *, #311, .T. ) ;
#2091 = DIRECTION ( 'NONE',  ( 0.000000000000000000, -0.000000000000000000, -1.000000000000000000 ) ) ;
#2092 = VERTEX_POINT ( 'NONE', #1927 ) ;
#2093 = CARTESIAN_POINT ( 'NONE',  ( 31.44361024119208281, 13.00000000000000533, 12.00000000000000000 ) ) ;
#2094 = ORIENTED_EDGE ( 'NONE', *, *, #5083, .F. ) ;
#2095 = EDGE_CURVE ( 'NONE', #1265, #3831, #4986, .T. ) ;
#2096 = PLANE ( 'NONE',  #5397 ) ;
#2097 = DIRECTION ( 'NONE',  ( -0.000000000000000000, 0.000000000000000000, 1.000000000000000000 ) ) ;
#2098 = CARTESIAN_POINT ( 'NONE',  ( 156.4266217112695756, -13.00000000000000533, 6.000000000000000000 ) ) ;
#2099 = VERTEX_POINT ( 'NONE', #3725 ) ;
#2100 = VECTOR ( 'NONE', #4024, 1000.000000000000000 ) ;
#2101 = CARTESIAN_POINT ( 'NONE',  ( 261.6866871440603859, -10.52379439003989248, 0.000000000000000000 ) ) ;
#2102 = ORIENTED_EDGE ( 'NONE', *, *, #3849, .T. ) ;
#2103 = EDGE_LOOP ( 'NONE', ( #5555, #2661, #4539, #2593, #3930, #5630, #3702, #3325, #3105, #5542 ) ) ;
#2104 = CARTESIAN_POINT ( 'NONE',  ( 250.4537943900397750, 25.40668714406047002, 7.000000000000000000 ) ) ;
#2105 = CARTESIAN_POINT ( 'NONE',  ( 205.2477587016342113, -49.00000000000000711, 12.00000000000000000 ) ) ;
#2106 = EDGE_LOOP ( 'NONE', ( #488, #3317, #4505, #2798 ) ) ;
#2107 = CARTESIAN_POINT ( 'NONE',  ( -40.52650488936686912, 17.68548005629365960, -2.999999999999999112 ) ) ;
#2108 = AXIS2_PLACEMENT_3D ( 'NONE', #17, #5429, #2482 ) ;
#2109 = AXIS2_PLACEMENT_3D ( 'NONE', #4654, #5132, #1093 ) ;
#2110 = CARTESIAN_POINT ( 'NONE',  ( 33.93924083613035947, -15.00000000000000000, 12.00000000000000000 ) ) ;
#2111 = LINE ( 'NONE', #3903, #1217 ) ;
#2112 = CARTESIAN_POINT ( 'NONE',  ( 87.42662171127213355, -9.000000000058374638, 11.99999999999999645 ) ) ;
#2113 = EDGE_CURVE ( 'NONE', #3852, #5122, #2077, .T. ) ;
#2114 = AXIS2_PLACEMENT_3D ( 'NONE', #357, #2609, #1189 ) ;
#2115 = AXIS2_PLACEMENT_3D ( 'NONE', #3101, #4883, #853 ) ;
#2116 = CARTESIAN_POINT ( 'NONE',  ( 248.9287943900398545, -25.40668714406043094, 12.00099999999999945 ) ) ;
#2117 = ORIENTED_EDGE ( 'NONE', *, *, #3938, .F. ) ;
#2118 = CIRCLE ( 'NONE', #5137, 2.524999999999999467 ) ;
#2119 = VERTEX_POINT ( 'NONE', #882 ) ;
#2120 = LINE ( 'NONE', #3444, #1987 ) ;
#2121 = VERTEX_POINT ( 'NONE', #3103 ) ;
#2122 = EDGE_CURVE ( 'NONE', #2677, #2279, #3073, .T. ) ;
#2123 = CARTESIAN_POINT ( 'NONE',  ( 51.55981053043001339, -13.00000000000002132, 12.00000000000000000 ) ) ;
#2124 = EDGE_LOOP ( 'NONE', ( #4319, #62, #326, #5093 ) ) ;
#2125 = AXIS2_PLACEMENT_3D ( 'NONE', #1664, #283, #2029 ) ;
#2126 = CYLINDRICAL_SURFACE ( 'NONE', #3601, 10.00000000000000178 ) ;
#2127 = AXIS2_PLACEMENT_3D ( 'NONE', #4369, #2144, #5773 ) ;
#2128 = DIRECTION ( 'NONE',  ( -0.000000000000000000, -0.000000000000000000, 1.000000000000000000 ) ) ;
#2129 = VECTOR ( 'NONE', #3026, 1000.000000000000000 ) ;
#2130 = DIRECTION ( 'NONE',  ( 0.000000000000000000, -1.000000000000000000, 0.000000000000000000 ) ) ;
#2131 = ORIENTED_EDGE ( 'NONE', *, *, #1720, .T. ) ;
#2132 = EDGE_CURVE ( 'NONE', #1494, #2790, #1385, .T. ) ;
#2133 = AXIS2_PLACEMENT_3D ( 'NONE', #3669, #5412, #3731 ) ;
#2134 = ADVANCED_FACE ( 'NONE', ( #2263 ), #5338, .T. ) ;
#2135 = AXIS2_PLACEMENT_3D ( 'NONE', #3187, #2708, #4882 ) ;
#2136 = VERTEX_POINT ( 'NONE', #2186 ) ;
#2137 = CARTESIAN_POINT ( 'NONE',  ( 135.4266217112711104, -6.763932022557801460, 11.99999999999999645 ) ) ;
#2138 = AXIS2_PLACEMENT_3D ( 'NONE', #2662, #4449, #362 ) ;
#2139 = EDGE_LOOP ( 'NONE', ( #4489, #2094, #2772, #2076 ) ) ;
#2140 = VERTEX_POINT ( 'NONE', #4856 ) ;
#2141 = EDGE_CURVE ( 'NONE', #4699, #3425, #5457, .T. ) ;
#2142 = CARTESIAN_POINT ( 'NONE',  ( 91.22662171127140596, -9.000000000058374638, 11.99999999999999645 ) ) ;
#2143 = LINE ( 'NONE', #4728, #1888 ) ;
#2144 = DIRECTION ( 'NONE',  ( 0.000000000000000000, 0.000000000000000000, -1.000000000000000000 ) ) ;
#2145 = LINE ( 'NONE', #3461, #3575 ) ;
#2146 = DIRECTION ( 'NONE',  ( -0.000000000000000000, -0.000000000000000000, 1.000000000000000000 ) ) ;
#2147 = CARTESIAN_POINT ( 'NONE',  ( 94.22662171126960118, -16.99999999999999645, 0.000000000000000000 ) ) ;
#2148 = CARTESIAN_POINT ( 'NONE',  ( 33.93924083613035947, -15.00000000000000000, -22.99999999999999645 ) ) ;
#2149 = EDGE_CURVE ( 'NONE', #4562, #2242, #5570, .T. ) ;
#2150 = EDGE_LOOP ( 'NONE', ( #4981, #1772, #3151, #4476, #4256, #663, #3989, #3111, #4381, #1541, #7, #2071, #313 ) ) ;
#2151 = ORIENTED_EDGE ( 'NONE', *, *, #4022, .F. ) ;
#2152 = DIRECTION ( 'NONE',  ( -1.000000000000000000, 0.000000000000000000, 0.000000000000000000 ) ) ;
#2153 = ORIENTED_EDGE ( 'NONE', *, *, #4339, .F. ) ;
#2154 = CARTESIAN_POINT ( 'NONE',  ( 261.6866871440604427, 10.52379439003986406, 7.000000000000000000 ) ) ;
#2155 = ORIENTED_EDGE ( 'NONE', *, *, #4814, .F. ) ;
#2156 = CARTESIAN_POINT ( 'NONE',  ( -64.44424516606153475, 19.08814419900561532, 0.000000000000000000 ) ) ;
#2157 = LINE ( 'NONE', #1945, #4470 ) ;
#2158 = DIRECTION ( 'NONE',  ( 1.000000000000000000, 0.000000000000000000, 0.000000000000000000 ) ) ;
#2159 = VERTEX_POINT ( 'NONE', #4442 ) ;
#2160 = AXIS2_PLACEMENT_3D ( 'NONE', #3446, #2535, #4322 ) ;
#2161 = AXIS2_PLACEMENT_3D ( 'NONE', #1146, #3059, #4342 ) ;
#2162 = FACE_BOUND ( 'NONE', #1200, .T. ) ;
#2163 = ADVANCED_FACE ( 'NONE', ( #1352 ), #3564, .F. ) ;
#2164 = CARTESIAN_POINT ( 'NONE',  ( 243.1537943900397920, 25.40668714406047002, 7.000000000000000000 ) ) ;
#2165 = EDGE_LOOP ( 'NONE', ( #741, #1980, #1205, #2352 ) ) ;
#2166 = ORIENTED_EDGE ( 'NONE', *, *, #3401, .F. ) ;
#2167 = DIRECTION ( 'NONE',  ( -0.000000000000000000, -0.000000000000000000, 1.000000000000000000 ) ) ;
#2168 = CARTESIAN_POINT ( 'NONE',  ( 34.38309555033996645, -6.066749399395503062, 0.000000000000000000 ) ) ;
#2169 = ADVANCED_FACE ( 'NONE', ( #14 ), #409, .T. ) ;
#2170 = CARTESIAN_POINT ( 'NONE',  ( 90.13474140192322182, 15.59999999994161968, 5.000000000000000000 ) ) ;
#2171 = CARTESIAN_POINT ( 'NONE',  ( 225.7562056099600625, -25.40668714406038475, 7.000000000000000000 ) ) ;
#2172 = AXIS2_PLACEMENT_3D ( 'NONE', #4591, #1976, #2426 ) ;
#2173 = PLANE ( 'NONE',  #1505 ) ;
#2174 = CARTESIAN_POINT ( 'NONE',  ( 0.000000000000000000, 0.000000000000000000, -55.55141653980559369 ) ) ;
#2175 = AXIS2_PLACEMENT_3D ( 'NONE', #2174, #5350, #2669 ) ;
#2176 = AXIS2_PLACEMENT_3D ( 'NONE', #1399, #4611, #5511 ) ;
#2177 = CARTESIAN_POINT ( 'NONE',  ( 25.50000000000000355, 34.00000000000000000, 0.000000000000000000 ) ) ;
#2178 = VERTEX_POINT ( 'NONE', #3592 ) ;
#2179 = ORIENTED_EDGE ( 'NONE', *, *, #5519, .T. ) ;
#2180 = FACE_OUTER_BOUND ( 'NONE', #2671, .T. ) ;
#2181 = EDGE_LOOP ( 'NONE', ( #1229, #2084, #3510, #5752 ) ) ;
#2182 = VECTOR ( 'NONE', #1041, 1000.000000000000000 ) ;
#2183 = CARTESIAN_POINT ( 'NONE',  ( 196.2799999999999727, 15.00000000000000533, 6.000000000000000000 ) ) ;
#2184 = PLANE ( 'NONE',  #5116 ) ;
#2185 = CARTESIAN_POINT ( 'NONE',  ( 80.72946294438240500, 17.27797047413903897, 5.000000000000000000 ) ) ;
#2186 = CARTESIAN_POINT ( 'NONE',  ( 35.93924083613036657, -15.00000000000000000, 0.000000000000000000 ) ) ;
#2187 = DIRECTION ( 'NONE',  ( -0.000000000000000000, -0.000000000000000000, 1.000000000000000000 ) ) ;
#2188 = EDGE_LOOP ( 'NONE', ( #68, #5030 ) ) ;
#2189 = FACE_OUTER_BOUND ( 'NONE', #4498, .T. ) ;
#2190 = CARTESIAN_POINT ( 'NONE',  ( 133.4266217112713377, -9.000000000057788441, -61.90760220690642512 ) ) ;
#2191 = ORIENTED_EDGE ( 'NONE', *, *, #5840, .T. ) ;
#2192 = EDGE_CURVE ( 'NONE', #5001, #1636, #4613, .T. ) ;
#2193 = EDGE_CURVE ( 'NONE', #4383, #5174, #3021, .T. ) ;
#2194 = DIRECTION ( 'NONE',  ( 1.000000000000000000, 0.000000000000000000, 0.000000000000000000 ) ) ;
#2195 = CARTESIAN_POINT ( 'NONE',  ( 223.9224258854298171, -19.98850574712645312, 12.00000000000000000 ) ) ;
#2196 = CARTESIAN_POINT ( 'NONE',  ( -12.83667725210075794, 29.85749013439339450, 12.00000000000000000 ) ) ;
#2197 = CARTESIAN_POINT ( 'NONE',  ( 91.38391650049179304, 14.60021923741605576, 11.99999999999999822 ) ) ;
#2198 = ADVANCED_FACE ( 'NONE', ( #442 ), #5395, .F. ) ;
#2199 = FACE_OUTER_BOUND ( 'NONE', #508, .T. ) ;
#2200 = CARTESIAN_POINT ( 'NONE',  ( 127.4266217112695898, 17.00000000000000355, -61.90760220690642512 ) ) ;
#2201 = ORIENTED_EDGE ( 'NONE', *, *, #2809, .T. ) ;
#2202 = ORIENTED_EDGE ( 'NONE', *, *, #2471, .T. ) ;
#2203 = LINE ( 'NONE', #5, #951 ) ;
#2204 = CIRCLE ( 'NONE', #2965, 3.649999999999986589 ) ;
#2205 = ORIENTED_EDGE ( 'NONE', *, *, #2887, .T. ) ;
#2206 = AXIS2_PLACEMENT_3D ( 'NONE', #84, #177, #541 ) ;
#2207 = CIRCLE ( 'NONE', #789, 1.600000000000004086 ) ;
#2208 = DIRECTION ( 'NONE',  ( 0.000000000000000000, -0.000000000000000000, -1.000000000000000000 ) ) ;
#2209 = VECTOR ( 'NONE', #4606, 1000.000000000000000 ) ;
#2210 = LINE ( 'NONE', #1792, #2881 ) ;
#2211 = AXIS2_PLACEMENT_3D ( 'NONE', #5371, #1328, #4921 ) ;
#2212 = CARTESIAN_POINT ( 'NONE',  ( 173.2800000000000011, 15.00000000000000355, 6.000000000000000000 ) ) ;
#2213 = DIRECTION ( 'NONE',  ( 0.9983010947471178120, -0.05826597829528143424, 0.000000000000000000 ) ) ;
#2214 = DIRECTION ( 'NONE',  ( -0.000000000000000000, -0.000000000000000000, 1.000000000000000000 ) ) ;
#2215 = EDGE_LOOP ( 'NONE', ( #5091, #3741, #2837, #694 ) ) ;
#2216 = CIRCLE ( 'NONE', #1182, 10.00000000000000178 ) ;
#2217 = FACE_BOUND ( 'NONE', #1648, .T. ) ;
#2218 = FACE_OUTER_BOUND ( 'NONE', #4680, .T. ) ;
#2219 = VECTOR ( 'NONE', #5267, 1000.000000000000000 ) ;
#2220 = EDGE_CURVE ( 'NONE', #5449, #5043, #501, .T. ) ;
#2221 = ORIENTED_EDGE ( 'NONE', *, *, #4570, .T. ) ;
#2222 = AXIS2_PLACEMENT_3D ( 'NONE', #1898, #1459, #2437 ) ;
#2223 = CARTESIAN_POINT ( 'NONE',  ( 205.2477587016342113, -24.00000000000000711, 12.00000000000000000 ) ) ;
#2224 = EDGE_LOOP ( 'NONE', ( #2892, #4011, #1025, #2979, #3974, #3082, #5428, #5388, #1131, #730, #1488, #417, #5516, #349 ) ) ;
#2225 = CARTESIAN_POINT ( 'NONE',  ( 136.4266217112713377, -9.000000000057788441, 0.000000000000000000 ) ) ;
#2226 = CARTESIAN_POINT ( 'NONE',  ( 132.6266217112717811, -9.000000000057788441, -2.999999999999999112 ) ) ;
#2227 = DIRECTION ( 'NONE',  ( -0.000000000000000000, -0.000000000000000000, -1.000000000000000000 ) ) ;
#2228 = CARTESIAN_POINT ( 'NONE',  ( 93.02662171127103363, 5.744235880722923682, -61.90760220690642512 ) ) ;
#2229 = EDGE_CURVE ( 'NONE', #2740, #674, #4503, .T. ) ;
#2230 = DIRECTION ( 'NONE',  ( 1.000000000000000000, 0.000000000000000000, 0.000000000000000000 ) ) ;
#2231 = ORIENTED_EDGE ( 'NONE', *, *, #2796, .F. ) ;
#2232 = VERTEX_POINT ( 'NONE', #5819 ) ;
#2233 = DIRECTION ( 'NONE',  ( 0.000000000000000000, 1.000000000000000000, -0.000000000000000000 ) ) ;
#2234 = ORIENTED_EDGE ( 'NONE', *, *, #3289, .T. ) ;
#2235 = DIRECTION ( 'NONE',  ( 1.000000000000000000, 0.000000000000000000, 0.000000000000000000 ) ) ;
#2236 = ORIENTED_EDGE ( 'NONE', *, *, #1117, .T. ) ;
#2237 = CARTESIAN_POINT ( 'NONE',  ( 194.2799999999999727, 11.00000000000000533, 0.000000000000000000 ) ) ;
#2238 = EDGE_CURVE ( 'NONE', #745, #5788, #1766, .T. ) ;
#2239 = CARTESIAN_POINT ( 'NONE',  ( 133.4266217112711104, 8.999999999942206230, -61.90760220690642512 ) ) ;
#2240 = CARTESIAN_POINT ( 'NONE',  ( 39.00981053043000912, -11.12921893940811913, -8.000000000000000000 ) ) ;
#2241 = DIRECTION ( 'NONE',  ( 1.000000000000000000, -7.124757133476179433E-15, 0.000000000000000000 ) ) ;
#2242 = VERTEX_POINT ( 'NONE', #1322 ) ;
#2243 = CARTESIAN_POINT ( 'NONE',  ( 78.05183540282277477, 20.00000000000000355, 5.000000000000000000 ) ) ;
#2244 = PLANE ( 'NONE',  #4652 ) ;
#2245 = ORIENTED_EDGE ( 'NONE', *, *, #5169, .T. ) ;
#2246 = DIRECTION ( 'NONE',  ( 0.000000000000000000, 0.000000000000000000, -1.000000000000000000 ) ) ;
#2247 = CARTESIAN_POINT ( 'NONE',  ( 88.22662171127112174, 8.999999999941620032, -2.999999999999999112 ) ) ;
#2248 = DIRECTION ( 'NONE',  ( 1.000000000000000000, 0.000000000000000000, 0.000000000000000000 ) ) ;
#2249 = CARTESIAN_POINT ( 'NONE',  ( 22.02499999999999858, 0.000000000000000000, 0.000000000000000000 ) ) ;
#2250 = AXIS2_PLACEMENT_3D ( 'NONE', #5037, #3277, #2779 ) ;
#2251 = CARTESIAN_POINT ( 'NONE',  ( 248.9287943900400535, 25.40668714406033146, 12.00099999999999945 ) ) ;
#2252 = ORIENTED_EDGE ( 'NONE', *, *, #4734, .T. ) ;
#2253 = VERTEX_POINT ( 'NONE', #469 ) ;
#2254 = DIRECTION ( 'NONE',  ( -0.000000000000000000, 0.000000000000000000, 1.000000000000000000 ) ) ;
#2255 = VECTOR ( 'NONE', #3534, 1000.000000000000000 ) ;
#2256 = ORIENTED_EDGE ( 'NONE', *, *, #1957, .T. ) ;
#2257 = LINE ( 'NONE', #1816, #5717 ) ;
#2258 = ORIENTED_EDGE ( 'NONE', *, *, #4744, .T. ) ;
#2259 = EDGE_CURVE ( 'NONE', #1022, #3583, #3190, .T. ) ;
#2260 = VECTOR ( 'NONE', #727, 1000.000000000000000 ) ;
#2261 = CARTESIAN_POINT ( 'NONE',  ( 33.63610991735736633, -7.922015543138114957, 12.00000000000000000 ) ) ;
#2262 = CARTESIAN_POINT ( 'NONE',  ( 225.7562056099601193, 25.40668714406043094, 0.000000000000000000 ) ) ;
#2263 = FACE_OUTER_BOUND ( 'NONE', #2018, .T. ) ;
#2264 = LINE ( 'NONE', #2748, #1048 ) ;
#2265 = CIRCLE ( 'NONE', #4624, 4.000000000000003553 ) ;
#2266 = EDGE_LOOP ( 'NONE', ( #4462, #1427 ) ) ;
#2267 = CARTESIAN_POINT ( 'NONE',  ( 27.74708001445385364, 11.47171197648788343, 0.000000000000000000 ) ) ;
#2268 = ADVANCED_FACE ( 'NONE', ( #4078 ), #45, .F. ) ;
#2269 = FACE_BOUND ( 'NONE', #3632, .T. ) ;
#2270 = DIRECTION ( 'NONE',  ( -1.000000000000000000, 3.383037827666091415E-13, 0.000000000000000000 ) ) ;
#2271 = ORIENTED_EDGE ( 'NONE', *, *, #1274, .T. ) ;
#2272 = ORIENTED_EDGE ( 'NONE', *, *, #61, .F. ) ;
#2273 = ORIENTED_EDGE ( 'NONE', *, *, #4889, .F. ) ;
#2274 = DIRECTION ( 'NONE',  ( -1.000000000000000000, 0.000000000000000000, 0.000000000000000000 ) ) ;
#2275 = PLANE ( 'NONE',  #142 ) ;
#2276 = DIRECTION ( 'NONE',  ( 0.000000000000000000, 0.000000000000000000, -1.000000000000000000 ) ) ;
#2277 = DIRECTION ( 'NONE',  ( 1.000000000000000000, 0.000000000000000000, 0.000000000000000000 ) ) ;
#2278 = ORIENTED_EDGE ( 'NONE', *, *, #2752, .F. ) ;
#2279 = VERTEX_POINT ( 'NONE', #1946 ) ;
#2280 = DIRECTION ( 'NONE',  ( -0.000000000000000000, 1.000000000000000000, 0.000000000000000000 ) ) ;
#2281 = ORIENTED_EDGE ( 'NONE', *, *, #87, .T. ) ;
#2282 = EDGE_LOOP ( 'NONE', ( #2017, #480, #3195, #1119 ) ) ;
#2283 = DIRECTION ( 'NONE',  ( 1.000000000000000000, 0.000000000000000000, 0.000000000000000000 ) ) ;
#2284 = ORIENTED_EDGE ( 'NONE', *, *, #4345, .T. ) ;
#2285 = ADVANCED_FACE ( 'NONE', ( #1500 ), #652, .F. ) ;
#2286 = ORIENTED_EDGE ( 'NONE', *, *, #1364, .T. ) ;
#2287 = ADVANCED_FACE ( 'NONE', ( #1880 ), #1914, .T. ) ;
#2288 = DIRECTION ( 'NONE',  ( 1.000000000000000000, 0.000000000000000000, 0.000000000000000000 ) ) ;
#2289 = EDGE_LOOP ( 'NONE', ( #2536, #3921, #1477, #4954 ) ) ;
#2290 = DIRECTION ( 'NONE',  ( 1.000000000000000000, 0.000000000000000000, 0.000000000000000000 ) ) ;
#2291 = FACE_OUTER_BOUND ( 'NONE', #5016, .T. ) ;
#2292 = ADVANCED_FACE ( 'NONE', ( #77 ), #3798, .F. ) ;
#2293 = DIRECTION ( 'NONE',  ( -1.000000000000000000, -0.000000000000000000, -0.000000000000000000 ) ) ;
#2294 = FACE_OUTER_BOUND ( 'NONE', #5616, .T. ) ;
#2295 = ADVANCED_FACE ( 'NONE', ( #1032 ), #4686, .F. ) ;
#2296 = ORIENTED_EDGE ( 'NONE', *, *, #3429, .T. ) ;
#2297 = DIRECTION ( 'NONE',  ( 0.000000000000000000, -0.000000000000000000, -1.000000000000000000 ) ) ;
#2298 = AXIS2_PLACEMENT_3D ( 'NONE', #329, #5286, #720 ) ;
#2299 = CARTESIAN_POINT ( 'NONE',  ( 93.30599175095036912, 6.199999999941620210, 11.99999999999999645 ) ) ;
#2300 = DIRECTION ( 'NONE',  ( -0.000000000000000000, -0.000000000000000000, 1.000000000000000000 ) ) ;
#2301 = ADVANCED_FACE ( 'NONE', ( #5584 ), #1475, .F. ) ;
#2302 = ORIENTED_EDGE ( 'NONE', *, *, #1743, .T. ) ;
#2303 = CARTESIAN_POINT ( 'NONE',  ( 133.4266217112713377, -9.000000000057788441, -2.999999999999999112 ) ) ;
#2304 = VECTOR ( 'NONE', #626, 1000.000000000000000 ) ;
#2305 = DIRECTION ( 'NONE',  ( 0.000000000000000000, -0.000000000000000000, -1.000000000000000000 ) ) ;
#2306 = EDGE_CURVE ( 'NONE', #2121, #597, #4894, .T. ) ;
#2307 = AXIS2_PLACEMENT_3D ( 'NONE', #5099, #42, #2290 ) ;
#2308 = AXIS2_PLACEMENT_3D ( 'NONE', #1164, #272, #723 ) ;
#2309 = FACE_OUTER_BOUND ( 'NONE', #2495, .T. ) ;
#2310 = AXIS2_PLACEMENT_3D ( 'NONE', #3522, #4874, #4433 ) ;
#2311 = LINE ( 'NONE', #4194, #3677 ) ;
#2312 = DIRECTION ( 'NONE',  ( -0.000000000000000000, 0.000000000000000000, 1.000000000000000000 ) ) ;
#2313 = VERTEX_POINT ( 'NONE', #200 ) ;
#2314 = VERTEX_POINT ( 'NONE', #4559 ) ;
#2315 = CARTESIAN_POINT ( 'NONE',  ( 225.7562056099601193, 25.40668714406043094, 12.00099999999999945 ) ) ;
#2316 = AXIS2_PLACEMENT_3D ( 'NONE', #5292, #3513, #5319 ) ;
#2317 = ORIENTED_EDGE ( 'NONE', *, *, #456, .F. ) ;
#2318 = ORIENTED_EDGE ( 'NONE', *, *, #3959, .T. ) ;
#2319 = CARTESIAN_POINT ( 'NONE',  ( 74.75315435895893756, 11.80161010167314295, 0.000000000000000000 ) ) ;
#2320 = ORIENTED_EDGE ( 'NONE', *, *, #4039, .F. ) ;
#2321 = VERTEX_POINT ( 'NONE', #5522 ) ;
#2322 = DIRECTION ( 'NONE',  ( -1.000000000000000000, 0.000000000000000000, 0.000000000000000000 ) ) ;
#2323 = CARTESIAN_POINT ( 'NONE',  ( 88.22662171127134911, -9.000000000058374638, -61.90760220690642512 ) ) ;
#2324 = CARTESIAN_POINT ( 'NONE',  ( 95.45072070161033650, 8.437621524021492903, 0.000000000000000000 ) ) ;
#2325 = CARTESIAN_POINT ( 'NONE',  ( 246.8037943900400251, -25.40668714406034923, 0.000000000000000000 ) ) ;
#2326 = ORIENTED_EDGE ( 'NONE', *, *, #3518, .F. ) ;
#2327 = CARTESIAN_POINT ( 'NONE',  ( 171.2800000000000011, 13.00000000000000355, 6.000000000000000000 ) ) ;
#2328 = CIRCLE ( 'NONE', #4298, 4.000000000000003553 ) ;
#2329 = VERTEX_POINT ( 'NONE', #3683 ) ;
#2330 = DIRECTION ( 'NONE',  ( 0.000000000000000000, -1.000000000000000000, 0.000000000000000000 ) ) ;
#2331 = CARTESIAN_POINT ( 'NONE',  ( 82.22662171126958697, -13.00000000000000178, 11.99999999999999645 ) ) ;
#2332 = DIRECTION ( 'NONE',  ( -1.000000000000000000, 0.000000000000000000, 0.000000000000000000 ) ) ;
#2333 = ORIENTED_EDGE ( 'NONE', *, *, #763, .T. ) ;
#2334 = ORIENTED_EDGE ( 'NONE', *, *, #2698, .T. ) ;
#2335 = DIRECTION ( 'NONE',  ( 1.000000000000000000, 0.000000000000000000, 0.000000000000000000 ) ) ;
#2336 = VERTEX_POINT ( 'NONE', #3276 ) ;
#2337 = EDGE_CURVE ( 'NONE', #2783, #3633, #1316, .T. ) ;
#2338 = EDGE_LOOP ( 'NONE', ( #1230, #5354, #182, #2272 ) ) ;
#2339 = CARTESIAN_POINT ( 'NONE',  ( 51.55981053043001339, -17.00000000000002132, 12.00000000000000000 ) ) ;
#2340 = VERTEX_POINT ( 'NONE', #2835 ) ;
#2341 = FACE_OUTER_BOUND ( 'NONE', #3705, .T. ) ;
#2342 = EDGE_LOOP ( 'NONE', ( #4496, #4068, #1812, #1586 ) ) ;
#2343 = AXIS2_PLACEMENT_3D ( 'NONE', #1705, #3470, #5273 ) ;
#2344 = LINE ( 'NONE', #188, #3950 ) ;
#2345 = EDGE_CURVE ( 'NONE', #1962, #174, #595, .T. ) ;
#2346 = EDGE_CURVE ( 'NONE', #79, #3885, #2777, .T. ) ;
#2347 = VERTEX_POINT ( 'NONE', #533 ) ;
#2348 = CARTESIAN_POINT ( 'NONE',  ( 265.3366871440606474, 10.52379439003986406, 0.000000000000000000 ) ) ;
#2349 = EDGE_LOOP ( 'NONE', ( #3410, #956, #418, #2544, #974, #2762, #1332, #4846, #5438, #999, #5534, #3624, #4963, #4222, #3150 ) ) ;
#2350 = EDGE_LOOP ( 'NONE', ( #4333, #3138, #5453, #1008, #4863, #4353, #945, #5329, #831 ) ) ;
#2351 = DIRECTION ( 'NONE',  ( -1.000000000000000000, 0.000000000000000000, 0.000000000000000000 ) ) ;
#2352 = ORIENTED_EDGE ( 'NONE', *, *, #3875, .F. ) ;
#2353 = ORIENTED_EDGE ( 'NONE', *, *, #2849, .T. ) ;
#2354 = DIRECTION ( 'NONE',  ( -1.000000000000000000, 0.000000000000000000, 0.000000000000000000 ) ) ;
#2355 = LINE ( 'NONE', #4620, #4638 ) ;
#2356 = CARTESIAN_POINT ( 'NONE',  ( 227.8812056099601193, 25.40668714406043094, 12.00000000000000000 ) ) ;
#2357 = DIRECTION ( 'NONE',  ( -0.9276330718713077239, 0.3734928164912961757, 0.000000000000000000 ) ) ;
#2358 = CARTESIAN_POINT ( 'NONE',  ( 135.4266217112781874, -8.523783890658646198E-11, 0.000000000000000000 ) ) ;
#2359 = VERTEX_POINT ( 'NONE', #2324 ) ;
#2360 = ADVANCED_FACE ( 'NONE', ( #4110 ), #4175, .T. ) ;
#2361 = VECTOR ( 'NONE', #4265, 1000.000000000000000 ) ;
#2362 = DIRECTION ( 'NONE',  ( -0.000000000000000000, -0.000000000000000000, -1.000000000000000000 ) ) ;
#2363 = AXIS2_PLACEMENT_3D ( 'NONE', #2448, #3712, #4238 ) ;
#2364 = EDGE_LOOP ( 'NONE', ( #4632, #1924, #3561, #4042, #817, #5796, #1619, #2179, #2909, #917, #4395, #1874, #5444, #2565, #2646, #1608, #774, #847, #4614, #1746, #1133, #5666, #2591, #5459, #2507 ) ) ;
#2365 = DIRECTION ( 'NONE',  ( -1.000000000000000000, 1.088026939760487788E-16, 0.000000000000000000 ) ) ;
#2366 = CIRCLE ( 'NONE', #1891, 4.000000000000003553 ) ;
#2367 = CARTESIAN_POINT ( 'NONE',  ( 88.22662171127112174, 8.999999999941620032, -2.999999999999999112 ) ) ;
#2368 = DIRECTION ( 'NONE',  ( 1.000000000000000000, 4.336808689942006692E-15, 0.000000000000000000 ) ) ;
#2369 = ORIENTED_EDGE ( 'NONE', *, *, #3815, .T. ) ;
#2370 = ADVANCED_FACE ( 'NONE', ( #1533 ), #3247, .F. ) ;
#2371 = AXIS2_PLACEMENT_3D ( 'NONE', #2459, #604, #85 ) ;
#2372 = DIRECTION ( 'NONE',  ( 1.000000000000000000, 0.000000000000000000, 0.000000000000000000 ) ) ;
#2373 = CYLINDRICAL_SURFACE ( 'NONE', #3250, 3.649999999999986589 ) ;
#2374 = EDGE_CURVE ( 'NONE', #494, #4069, #2207, .T. ) ;
#2375 = ADVANCED_FACE ( 'NONE', ( #1975 ), #2869, .F. ) ;
#2376 = FACE_BOUND ( 'NONE', #1201, .T. ) ;
#2377 = CARTESIAN_POINT ( 'NONE',  ( 88.22662171127134911, -9.000000000058374638, -61.90760220690642512 ) ) ;
#2378 = DIRECTION ( 'NONE',  ( 0.000000000000000000, 0.000000000000000000, -1.000000000000000000 ) ) ;
#2379 = EDGE_LOOP ( 'NONE', ( #5141, #3499, #5391, #5435 ) ) ;
#2380 = EDGE_CURVE ( 'NONE', #5340, #2404, #3428, .T. ) ;
#2381 = DIRECTION ( 'NONE',  ( -1.000000000000000000, 0.000000000000000000, 0.000000000000000000 ) ) ;
#2382 = ORIENTED_EDGE ( 'NONE', *, *, #1012, .F. ) ;
#2383 = ADVANCED_FACE ( 'NONE', ( #2217, #4002, #4056, #2269, #4890, #3135, #1358, #5312, #5432, #2716, #2162, #2689, #1390, #1294, #3166, #888, #5791, #4978, #4920, #18 ), #3109, .F. ) ;
#2384 = ORIENTED_EDGE ( 'NONE', *, *, #2634, .T. ) ;
#2385 = CARTESIAN_POINT ( 'NONE',  ( 194.2799999999999727, 15.00000000000000533, 0.000000000000000000 ) ) ;
#2386 = AXIS2_PLACEMENT_3D ( 'NONE', #380, #1736, #5336 ) ;
#2387 = CARTESIAN_POINT ( 'NONE',  ( 236.2800000000000011, 0.000000000000000000, 6.000000000000000000 ) ) ;
#2388 = DIRECTION ( 'NONE',  ( 0.8021956551050928308, -0.5970612455439651134, 0.000000000000000000 ) ) ;
#2389 = ORIENTED_EDGE ( 'NONE', *, *, #5063, .T. ) ;
#2391 = ADVANCED_FACE ( 'NONE', ( #3537 ), #4393, .T. ) ;
#2390 = DIRECTION ( 'NONE',  ( 1.000000000000000000, 0.000000000000000000, 0.000000000000000000 ) ) ;
#2392 = CARTESIAN_POINT ( 'NONE',  ( 227.8812056099601193, 25.40668714406043094, 12.00099999999999945 ) ) ;
#2393 = ORIENTED_EDGE ( 'NONE', *, *, #901, .F. ) ;
#2394 = CARTESIAN_POINT ( 'NONE',  ( 258.0366871440604086, -10.52379439003989248, 7.000000000000000000 ) ) ;
#2395 = VERTEX_POINT ( 'NONE', #4478 ) ;
#2396 = DIRECTION ( 'NONE',  ( 0.7991505443142394860, -0.6011309404133634571, 0.000000000000000000 ) ) ;
#2397 = DIRECTION ( 'NONE',  ( 0.000000000000000000, -0.000000000000000000, 1.000000000000000000 ) ) ;
#2398 = EDGE_CURVE ( 'NONE', #5173, #633, #1829, .T. ) ;
#2399 = CARTESIAN_POINT ( 'NONE',  ( 122.5707207015328208, -11.96237847592013281, 11.99999999999999645 ) ) ;
#2400 = ORIENTED_EDGE ( 'NONE', *, *, #1395, .F. ) ;
#2401 = AXIS2_PLACEMENT_3D ( 'NONE', #3837, #2492, #4301 ) ;
#2402 = AXIS2_PLACEMENT_3D ( 'NONE', #4152, #1538, #3310 ) ;
#2403 = CARTESIAN_POINT ( 'NONE',  ( -22.02499999999999858, 2.697284575122045346E-15, 0.000000000000000000 ) ) ;
#2404 = VERTEX_POINT ( 'NONE', #862 ) ;
#2405 = FACE_OUTER_BOUND ( 'NONE', #570, .T. ) ;
#2406 = EDGE_CURVE ( 'NONE', #3064, #1580, #4030, .T. ) ;
#2407 = CIRCLE ( 'NONE', #29, 1.600000000000004086 ) ;
#2408 = CARTESIAN_POINT ( 'NONE',  ( 25.50000000000000355, -34.00000000000000000, 0.000000000000000000 ) ) ;
#2409 = CARTESIAN_POINT ( 'NONE',  ( 90.90352936532367778, 13.99999999994161826, 5.000000000000000000 ) ) ;
#2410 = CIRCLE ( 'NONE', #625, 22.02499999999999858 ) ;
#2411 = CIRCLE ( 'NONE', #1270, 23.50000000000002132 ) ;
#2412 = CARTESIAN_POINT ( 'NONE',  ( 131.4266217112711104, -5.744235880838472141, 11.99999999999999645 ) ) ;
#2413 = ORIENTED_EDGE ( 'NONE', *, *, #2960, .F. ) ;
#2414 = CIRCLE ( 'NONE', #5716, 2.999999999999503064 ) ;
#2415 = CYLINDRICAL_SURFACE ( 'NONE', #4785, 1.999999999999998224 ) ;
#2416 = VERTEX_POINT ( 'NONE', #445 ) ;
#2417 = ORIENTED_EDGE ( 'NONE', *, *, #4491, .T. ) ;
#2418 = VECTOR ( 'NONE', #4469, 1000.000000000000000 ) ;
#2419 = FACE_OUTER_BOUND ( 'NONE', #4830, .T. ) ;
#2420 = ADVANCED_FACE ( 'NONE', ( #5369 ), #476, .F. ) ;
#2421 = CARTESIAN_POINT ( 'NONE',  ( 19.50000000000000355, 26.00000000000000000, 12.00000000000000000 ) ) ;
#2422 = AXIS2_PLACEMENT_3D ( 'NONE', #4061, #23, #2194 ) ;
#2423 = FACE_OUTER_BOUND ( 'NONE', #270, .T. ) ;
#2424 = ORIENTED_EDGE ( 'NONE', *, *, #5719, .F. ) ;
#2425 = DIRECTION ( 'NONE',  ( 1.000000000000000000, 6.788016396281793919E-16, 0.000000000000000000 ) ) ;
#2426 = DIRECTION ( 'NONE',  ( 1.000000000000000000, 0.000000000000000000, 0.000000000000000000 ) ) ;
#2427 = ORIENTED_EDGE ( 'NONE', *, *, #95, .T. ) ;
#2428 = CARTESIAN_POINT ( 'NONE',  ( 130.7993613459195785, -7.551724137988769847, 11.99999999999999645 ) ) ;
#2429 = ORIENTED_EDGE ( 'NONE', *, *, #1430, .T. ) ;
#2430 = ADVANCED_FACE ( 'NONE', ( #3971 ), #1327, .F. ) ;
#2431 = DIRECTION ( 'NONE',  ( 1.000000000000000000, 0.000000000000000000, 0.000000000000000000 ) ) ;
#2432 = CYLINDRICAL_SURFACE ( 'NONE', #5797, 2.999999999999836131 ) ;
#2433 = CARTESIAN_POINT ( 'NONE',  ( 120.8875540683754082, -14.20000000000000462, 0.000000000000000000 ) ) ;
#2434 = ORIENTED_EDGE ( 'NONE', *, *, #1716, .F. ) ;
#2435 = ORIENTED_EDGE ( 'NONE', *, *, #4008, .F. ) ;
#2436 = ORIENTED_EDGE ( 'NONE', *, *, #4929, .F. ) ;
#2437 = DIRECTION ( 'NONE',  ( 1.000000000000000000, 0.000000000000000000, 0.000000000000000000 ) ) ;
#2438 = ORIENTED_EDGE ( 'NONE', *, *, #4254, .T. ) ;
#2439 = DIRECTION ( 'NONE',  ( 1.000000000000000000, 0.000000000000000000, 0.000000000000000000 ) ) ;
#2440 = CARTESIAN_POINT ( 'NONE',  ( -40.52650488936686202, 17.68548005629365960, 0.000000000000000000 ) ) ;
#2441 = CARTESIAN_POINT ( 'NONE',  ( 100.7656893541639676, 14.20000000000000462, 11.99999999999999645 ) ) ;
#2442 = ORIENTED_EDGE ( 'NONE', *, *, #13, .F. ) ;
#2443 = ORIENTED_EDGE ( 'NONE', *, *, #3567, .T. ) ;
#2444 = ORIENTED_EDGE ( 'NONE', *, *, #1153, .F. ) ;
#2445 = VECTOR ( 'NONE', #4204, 1000.000000000000000 ) ;
#2446 = DIRECTION ( 'NONE',  ( 1.000000000000000000, 0.000000000000000000, 0.000000000000000000 ) ) ;
#2447 = LINE ( 'NONE', #4316, #4665 ) ;
#2448 = CARTESIAN_POINT ( 'NONE',  ( 173.2800000000000011, 13.00000000000000355, 6.000000000000000000 ) ) ;
#2449 = DIRECTION ( 'NONE',  ( 1.000000000000000000, 0.000000000000000000, 0.000000000000000000 ) ) ;
#2450 = AXIS2_PLACEMENT_3D ( 'NONE', #3703, #4135, #993 ) ;
#2451 = VERTEX_POINT ( 'NONE', #4445 ) ;
#2452 = EDGE_CURVE ( 'NONE', #115, #2473, #5399, .T. ) ;
#2453 = LINE ( 'NONE', #1949, #2493 ) ;
#2454 = ORIENTED_EDGE ( 'NONE', *, *, #455, .F. ) ;
#2455 = AXIS2_PLACEMENT_3D ( 'NONE', #5803, #4402, #3576 ) ;
#2456 = CARTESIAN_POINT ( 'NONE',  ( 95.45072070161032229, 8.437621524021491126, 11.99999999999999645 ) ) ;
#2457 = AXIS2_PLACEMENT_3D ( 'NONE', #1370, #486, #3519 ) ;
#2458 = DIRECTION ( 'NONE',  ( -0.000000000000000000, 0.000000000000000000, 1.000000000000000000 ) ) ;
#2459 = CARTESIAN_POINT ( 'NONE',  ( 93.02662171127103363, 5.744235880722923682, 11.99999999999999645 ) ) ;
#2460 = AXIS2_PLACEMENT_3D ( 'NONE', #111, #562, #3740 ) ;
#2461 = ORIENTED_EDGE ( 'NONE', *, *, #3492, .T. ) ;
#2462 = EDGE_CURVE ( 'NONE', #1255, #553, #832, .T. ) ;
#2463 = VECTOR ( 'NONE', #4012, 1000.000000000000000 ) ;
#2464 = AXIS2_PLACEMENT_3D ( 'NONE', #2081, #1166, #646 ) ;
#2465 = LINE ( 'NONE', #122, #4456 ) ;
#2466 = ORIENTED_EDGE ( 'NONE', *, *, #4300, .T. ) ;
#2467 = AXIS2_PLACEMENT_3D ( 'NONE', #3692, #4663, #5592 ) ;
#2468 = DIRECTION ( 'NONE',  ( 1.000000000000000000, 6.938893903907229610E-17, 0.000000000000000000 ) ) ;
#2469 = DIRECTION ( 'NONE',  ( 0.000000000000000000, 0.000000000000000000, 1.000000000000000000 ) ) ;
#2470 = AXIS2_PLACEMENT_3D ( 'NONE', #1412, #3248, #3221 ) ;
#2471 = EDGE_CURVE ( 'NONE', #5123, #2871, #2019, .T. ) ;
#2472 = CARTESIAN_POINT ( 'NONE',  ( 265.3366871440603632, -10.52379439003989248, 0.000000000000000000 ) ) ;
#2473 = VERTEX_POINT ( 'NONE', #389 ) ;
#2474 = CYLINDRICAL_SURFACE ( 'NONE', #4982, 2.799999999999997158 ) ;
#2475 = DIRECTION ( 'NONE',  ( 1.000000000000000000, 0.000000000000000000, 0.000000000000000000 ) ) ;
#2476 = CARTESIAN_POINT ( 'NONE',  ( 156.2799999999999727, 17.00000000000000000, 12.00000000000000000 ) ) ;
#2477 = ADVANCED_FACE ( 'NONE', ( #2189 ), #1742, .F. ) ;
#2478 = EDGE_CURVE ( 'NONE', #980, #3854, #4066, .T. ) ;
#2479 = ORIENTED_EDGE ( 'NONE', *, *, #3164, .F. ) ;
#2480 = DIRECTION ( 'NONE',  ( -1.000000000000000000, 0.000000000000000000, -0.000000000000000000 ) ) ;
#2481 = ORIENTED_EDGE ( 'NONE', *, *, #266, .T. ) ;
#2482 = DIRECTION ( 'NONE',  ( 1.000000000000000000, 0.000000000000000000, 0.000000000000000000 ) ) ;
#2483 = EDGE_LOOP ( 'NONE', ( #4134, #181, #525, #4547 ) ) ;
#2484 = DIRECTION ( 'NONE',  ( -0.000000000000000000, 0.000000000000000000, 1.000000000000000000 ) ) ;
#2485 = EDGE_CURVE ( 'NONE', #4069, #195, #3721, .T. ) ;
#2486 = CARTESIAN_POINT ( 'NONE',  ( 0.000000000000000000, 0.000000000000000000, 12.00000000000000000 ) ) ;
#2487 = ADVANCED_FACE ( 'NONE', ( #635 ), #4538, .T. ) ;
#2488 = CARTESIAN_POINT ( 'NONE',  ( 43.78510474979007228, -5.540229681383490146, 12.00000000000000000 ) ) ;
#2489 = EDGE_LOOP ( 'NONE', ( #3571, #3443 ) ) ;
#2490 = VERTEX_POINT ( 'NONE', #1038 ) ;
#2491 = ADVANCED_FACE ( 'NONE', ( #3255 ), #4567, .F. ) ;
#2492 = DIRECTION ( 'NONE',  ( -0.000000000000000000, -0.000000000000000000, 1.000000000000000000 ) ) ;
#2493 = VECTOR ( 'NONE', #4658, 999.9999999999998863 ) ;
#2494 = VERTEX_POINT ( 'NONE', #5590 ) ;
#2495 = EDGE_LOOP ( 'NONE', ( #4294, #4032, #5029, #3612 ) ) ;
#2496 = LINE ( 'NONE', #2546, #5144 ) ;
#2497 = CIRCLE ( 'NONE', #2222, 32.99999999999997158 ) ;
#2498 = LINE ( 'NONE', #2914, #5814 ) ;
#2499 = AXIS2_PLACEMENT_3D ( 'NONE', #2367, #636, #1508 ) ;
#2500 = EDGE_CURVE ( 'NONE', #2099, #4753, #5127, .T. ) ;
#2501 = DIRECTION ( 'NONE',  ( -1.000000000000000000, 0.000000000000000000, -0.000000000000000000 ) ) ;
#2502 = DIRECTION ( 'NONE',  ( 1.000000000000000000, 1.858632295689437976E-15, 0.000000000000000000 ) ) ;
#2503 = CARTESIAN_POINT ( 'NONE',  ( 225.7562056099601193, 25.40668714406043094, 7.000000000000000000 ) ) ;
#2504 = CIRCLE ( 'NONE', #2600, 0.7999999999995510702 ) ;
#2505 = CIRCLE ( 'NONE', #2125, 23.50000000000002132 ) ;
#2506 = DIRECTION ( 'NONE',  ( 1.000000000000000000, 0.000000000000000000, 0.000000000000000000 ) ) ;
#2507 = ORIENTED_EDGE ( 'NONE', *, *, #4085, .T. ) ;
#2508 = CARTESIAN_POINT ( 'NONE',  ( 218.6237247785160207, -27.87931034482758719, 0.000000000000000000 ) ) ;
#2509 = VECTOR ( 'NONE', #531, 1000.000000000000000 ) ;
#2510 = ORIENTED_EDGE ( 'NONE', *, *, #1875, .T. ) ;
#2511 = CARTESIAN_POINT ( 'NONE',  ( 51.55981053043001339, -17.00000000000002132, -61.90760220690642512 ) ) ;
#2512 = ORIENTED_EDGE ( 'NONE', *, *, #2583, .F. ) ;
#2513 = EDGE_CURVE ( 'NONE', #4115, #4423, #3711, .T. ) ;
#2514 = LINE ( 'NONE', #4769, #4174 ) ;
#2515 = CARTESIAN_POINT ( 'NONE',  ( 80.27009861938833524, 18.40000000000000213, 5.000000000000000000 ) ) ;
#2516 = DIRECTION ( 'NONE',  ( -0.000000000000000000, -0.000000000000000000, 1.000000000000000000 ) ) ;
#2517 = ORIENTED_EDGE ( 'NONE', *, *, #294, .F. ) ;
#2518 = VECTOR ( 'NONE', #4280, 1000.000000000000000 ) ;
#2519 = ORIENTED_EDGE ( 'NONE', *, *, #5327, .F. ) ;
#2520 = VERTEX_POINT ( 'NONE', #3778 ) ;
#2521 = DIRECTION ( 'NONE',  ( -2.051733778762153016E-15, 1.000000000000000000, -0.000000000000000000 ) ) ;
#2522 = ADVANCED_FACE ( 'NONE', ( #1506 ), #1481, .T. ) ;
#2523 = DIRECTION ( 'NONE',  ( 0.000000000000000000, 0.000000000000000000, -1.000000000000000000 ) ) ;
#2524 = VECTOR ( 'NONE', #3822, 1000.000000000000000 ) ;
#2525 = CYLINDRICAL_SURFACE ( 'NONE', #5143, 2.000000000000001776 ) ;
#2526 = LINE ( 'NONE', #4284, #4425 ) ;
#2527 = LINE ( 'NONE', #253, #5824 ) ;
#2528 = EDGE_CURVE ( 'NONE', #5164, #2045, #1889, .T. ) ;
#2529 = CARTESIAN_POINT ( 'NONE',  ( 33.93924083613035947, -15.00000000000000000, 12.00000000000000000 ) ) ;
#2530 = CARTESIAN_POINT ( 'NONE',  ( -52.44424516606153475, 19.08814419900561532, 12.00000000000000000 ) ) ;
#2531 = EDGE_LOOP ( 'NONE', ( #5579, #1729, #4417, #3374 ) ) ;
#2532 = ORIENTED_EDGE ( 'NONE', *, *, #3112, .T. ) ;
#2533 = CARTESIAN_POINT ( 'NONE',  ( 126.2025227210834544, -8.437621524137641771, -28.99999999999999645 ) ) ;
#2534 = ORIENTED_EDGE ( 'NONE', *, *, #2893, .T. ) ;
#2535 = DIRECTION ( 'NONE',  ( 0.000000000000000000, 0.000000000000000000, -1.000000000000000000 ) ) ;
#2536 = ORIENTED_EDGE ( 'NONE', *, *, #2563, .F. ) ;
#2537 = AXIS2_PLACEMENT_3D ( 'NONE', #1251, #3904, #816 ) ;
#2538 = DIRECTION ( 'NONE',  ( 0.9983010947471178120, -0.05826597829528143424, 0.000000000000000000 ) ) ;
#2539 = CARTESIAN_POINT ( 'NONE',  ( 222.1062056099600852, -25.40668714406038475, 7.000000000000000000 ) ) ;
#2540 = CARTESIAN_POINT ( 'NONE',  ( 244.6787943900400819, 25.40668714406033146, 7.000000000000000000 ) ) ;
#2541 = VERTEX_POINT ( 'NONE', #5462 ) ;
#2542 = LINE ( 'NONE', #2164, #3060 ) ;
#2543 = ADVANCED_FACE ( 'NONE', ( #5073 ), #4181, .F. ) ;
#2544 = ORIENTED_EDGE ( 'NONE', *, *, #2838, .T. ) ;
#2545 = ORIENTED_EDGE ( 'NONE', *, *, #3768, .T. ) ;
#2546 = CARTESIAN_POINT ( 'NONE',  ( 250.4537943900400023, -25.40668714406034923, 7.000000000000000000 ) ) ;
#2547 = CIRCLE ( 'NONE', #5849, 1.600000000000004086 ) ;
#2548 = DIRECTION ( 'NONE',  ( 1.000000000000000000, 0.000000000000000000, 0.000000000000000000 ) ) ;
#2549 = ORIENTED_EDGE ( 'NONE', *, *, #4655, .T. ) ;
#2550 = CIRCLE ( 'NONE', #3309, 4.999999999999997335 ) ;
#2551 = EDGE_CURVE ( 'NONE', #785, #3038, #1418, .T. ) ;
#2552 = AXIS2_PLACEMENT_3D ( 'NONE', #5325, #3550, #3577 ) ;
#2553 = CARTESIAN_POINT ( 'NONE',  ( 135.4266217112700019, -12.99999999999956124, 11.99999999999999645 ) ) ;
#2554 = ADVANCED_FACE ( 'NONE', ( #539 ), #176, .T. ) ;
#2555 = AXIS2_PLACEMENT_3D ( 'NONE', #452, #1105, #2368 ) ;
#2556 = LINE ( 'NONE', #2024, #5281 ) ;
#2557 = APPLICATION_PROTOCOL_DEFINITION ( 'draft international standard', 'automotive_design', 1998, #2069 ) ;
#2558 = FACE_OUTER_BOUND ( 'NONE', #21, .T. ) ;
#2559 = CARTESIAN_POINT ( 'NONE',  ( 213.4053415326041829, 17.00000000000000711, 12.00000000000000000 ) ) ;
#2560 = ORIENTED_EDGE ( 'NONE', *, *, #1820, .T. ) ;
#2561 = AXIS2_PLACEMENT_3D ( 'NONE', #4534, #2214, #3565 ) ;
#2562 = EDGE_CURVE ( 'NONE', #2359, #4493, #5014, .T. ) ;
#2563 = EDGE_CURVE ( 'NONE', #1988, #1405, #150, .T. ) ;
#2564 = LINE ( 'NONE', #4288, #3436 ) ;
#2565 = ORIENTED_EDGE ( 'NONE', *, *, #5477, .T. ) ;
#2566 = ORIENTED_EDGE ( 'NONE', *, *, #1684, .T. ) ;
#2567 = FACE_OUTER_BOUND ( 'NONE', #2629, .T. ) ;
#2568 = ORIENTED_EDGE ( 'NONE', *, *, #1612, .F. ) ;
#2569 = LINE ( 'NONE', #2511, #4404 ) ;
#2570 = VERTEX_POINT ( 'NONE', #1857 ) ;
#2571 = CARTESIAN_POINT ( 'NONE',  ( -12.83667725210076149, 29.85749013439340160, -55.55141653980559369 ) ) ;
#2572 = ADVANCED_FACE ( 'NONE', ( #2754 ), #978, .T. ) ;
#2573 = CARTESIAN_POINT ( 'NONE',  ( 90.22662171127062436, -6.756916774065320650E-12, -61.90760220690642512 ) ) ;
#2574 = CARTESIAN_POINT ( 'NONE',  ( 0.000000000000000000, 8.999999999941618256, 12.00000000000000000 ) ) ;
#2575 = VERTEX_POINT ( 'NONE', #1010 ) ;
#2576 = AXIS2_PLACEMENT_3D ( 'NONE', #2065, #3857, #5841 ) ;
#2577 = DIRECTION ( 'NONE',  ( -1.000000000000000000, 0.000000000000000000, 0.000000000000000000 ) ) ;
#2578 = VERTEX_POINT ( 'NONE', #2816 ) ;
#2579 = ORIENTED_EDGE ( 'NONE', *, *, #1052, .F. ) ;
#2580 = CARTESIAN_POINT ( 'NONE',  ( 223.6312056099599488, -25.40668714406035633, 12.00000000000000000 ) ) ;
#2581 = DIRECTION ( 'NONE',  ( -0.000000000000000000, 0.000000000000000000, 1.000000000000000000 ) ) ;
#2582 = ORIENTED_EDGE ( 'NONE', *, *, #1389, .F. ) ;
#2583 = EDGE_CURVE ( 'NONE', #2578, #3268, #3886, .T. ) ;
#2584 = CARTESIAN_POINT ( 'NONE',  ( 88.22662171127112174, 8.999999999941620032, 11.99999999999999645 ) ) ;
#2585 = AXIS2_PLACEMENT_3D ( 'NONE', #601, #4084, #5108 ) ;
#2586 = DIRECTION ( 'NONE',  ( 1.000000000000000000, 0.000000000000000000, 0.000000000000000000 ) ) ;
#2587 = CARTESIAN_POINT ( 'NONE',  ( 1.165319565905628130, 19.96602189494234736, -2.999999999999999112 ) ) ;
#2588 = CARTESIAN_POINT ( 'NONE',  ( -31.98579753385002888, -11.09769147721963556, 12.00000000000000000 ) ) ;
#2589 = VECTOR ( 'NONE', #568, 1000.000000000000000 ) ;
#2590 = DIRECTION ( 'NONE',  ( -0.8021956551050926087, 0.5970612455439653354, 0.000000000000000000 ) ) ;
#2591 = ORIENTED_EDGE ( 'NONE', *, *, #2306, .T. ) ;
#2592 = AXIS2_PLACEMENT_3D ( 'NONE', #4913, #3621, #5842 ) ;
#2593 = ORIENTED_EDGE ( 'NONE', *, *, #5857, .T. ) ;
#2594 = LINE ( 'NONE', #764, #2639 ) ;
#2595 = ORIENTED_EDGE ( 'NONE', *, *, #3786, .T. ) ;
#2596 = LINE ( 'NONE', #4385, #3658 ) ;
#2597 = EDGE_CURVE ( 'NONE', #1109, #5195, #5248, .T. ) ;
#2598 = ORIENTED_EDGE ( 'NONE', *, *, #1743, .F. ) ;
#2599 = DIRECTION ( 'NONE',  ( -0.000000000000000000, 0.000000000000000000, 1.000000000000000000 ) ) ;
#2600 = AXIS2_PLACEMENT_3D ( 'NONE', #3460, #1090, #3489 ) ;
#2601 = CYLINDRICAL_SURFACE ( 'NONE', #3719, 4.000000000000003553 ) ;
#2602 = AXIS2_PLACEMENT_3D ( 'NONE', #302, #3430, #1595 ) ;
#2603 = CARTESIAN_POINT ( 'NONE',  ( 261.6866871440604427, 10.52379439003986406, 7.000000000000000000 ) ) ;
#2604 = ORIENTED_EDGE ( 'NONE', *, *, #4683, .F. ) ;
#2605 = AXIS2_PLACEMENT_3D ( 'NONE', #3062, #431, #3122 ) ;
#2606 = VECTOR ( 'NONE', #38, 1000.000000000000000 ) ;
#2607 = EDGE_CURVE ( 'NONE', #4917, #590, #1588, .T. ) ;
#2608 = DIRECTION ( 'NONE',  ( 1.000000000000000000, 0.000000000000000000, 0.000000000000000000 ) ) ;
#2609 = DIRECTION ( 'NONE',  ( -0.000000000000000000, 0.000000000000000000, 1.000000000000000000 ) ) ;
#2610 = CIRCLE ( 'NONE', #537, 3.650000000000208633 ) ;
#2611 = ORIENTED_EDGE ( 'NONE', *, *, #1018, .T. ) ;
#2612 = FACE_OUTER_BOUND ( 'NONE', #4291, .T. ) ;
#2613 = DIRECTION ( 'NONE',  ( -0.000000000000000000, -0.000000000000000000, -1.000000000000000000 ) ) ;
#2614 = CARTESIAN_POINT ( 'NONE',  ( 0.000000000000000000, 0.000000000000000000, -8.000000000000000000 ) ) ;
#2615 = CARTESIAN_POINT ( 'NONE',  ( 0.000000000000000000, 0.000000000000000000, 12.00000000000000000 ) ) ;
#2616 = DIRECTION ( 'NONE',  ( 1.000000000000000000, 0.000000000000000000, 0.000000000000000000 ) ) ;
#2617 = CARTESIAN_POINT ( 'NONE',  ( 27.74708001445385719, 11.47171197648788343, -61.90760220690642512 ) ) ;
#2618 = LINE ( 'NONE', #5328, #5422 ) ;
#2619 = ORIENTED_EDGE ( 'NONE', *, *, #13, .T. ) ;
#2620 = ORIENTED_EDGE ( 'NONE', *, *, #4450, .F. ) ;
#2621 = CARTESIAN_POINT ( 'NONE',  ( 80.27009861938833524, 18.40000000000000213, 12.00000000000000000 ) ) ;
#2622 = ORIENTED_EDGE ( 'NONE', *, *, #925, .T. ) ;
#2623 = DIRECTION ( 'NONE',  ( 0.000000000000000000, 0.000000000000000000, 1.000000000000000000 ) ) ;
#2624 = FACE_OUTER_BOUND ( 'NONE', #5269, .T. ) ;
#2625 = CARTESIAN_POINT ( 'NONE',  ( 33.93924083613035947, -17.00000000000000000, 12.00000000000000000 ) ) ;
#2626 = ADVANCED_FACE ( 'NONE', ( #5219 ), #5670, .F. ) ;
#2627 = DIRECTION ( 'NONE',  ( -0.000000000000000000, -0.000000000000000000, 1.000000000000000000 ) ) ;
#2628 = DIRECTION ( 'NONE',  ( 0.000000000000000000, 0.000000000000000000, -1.000000000000000000 ) ) ;
#2629 = EDGE_LOOP ( 'NONE', ( #4277, #1177, #1727, #3365 ) ) ;
#2630 = AXIS2_PLACEMENT_3D ( 'NONE', #1204, #3882, #4851 ) ;
#2631 = VECTOR ( 'NONE', #677, 1000.000000000000000 ) ;
#2632 = DIRECTION ( 'NONE',  ( 1.000000000000000000, 3.758567531283287352E-14, 0.000000000000000000 ) ) ;
#2633 = DIRECTION ( 'NONE',  ( -0.000000000000000000, -0.000000000000000000, -1.000000000000000000 ) ) ;
#2634 = EDGE_CURVE ( 'NONE', #4641, #1494, #3978, .T. ) ;
#2635 = VERTEX_POINT ( 'NONE', #1672 ) ;
#2636 = DIRECTION ( 'NONE',  ( 0.000000000000000000, 0.000000000000000000, 1.000000000000000000 ) ) ;
#2637 = CARTESIAN_POINT ( 'NONE',  ( 173.2800000000000011, 11.00000000000000355, 0.000000000000000000 ) ) ;
#2638 = FACE_OUTER_BOUND ( 'NONE', #5447, .T. ) ;
#2639 = VECTOR ( 'NONE', #258, 1000.000000000000000 ) ;
#2640 = DIRECTION ( 'NONE',  ( 0.000000000000000000, -0.000000000000000000, -1.000000000000000000 ) ) ;
#2641 = VECTOR ( 'NONE', #5364, 1000.000000000000000 ) ;
#2642 = CARTESIAN_POINT ( 'NONE',  ( 134.2266217112708944, -9.000000000057788441, 6.000000000000000000 ) ) ;
#2643 = CIRCLE ( 'NONE', #94, 1.999999999999998224 ) ;
#2644 = ORIENTED_EDGE ( 'NONE', *, *, #3486, .F. ) ;
#2645 = DIRECTION ( 'NONE',  ( 1.000000000000000000, 0.000000000000000000, 0.000000000000000000 ) ) ;
#2646 = ORIENTED_EDGE ( 'NONE', *, *, #2916, .F. ) ;
#2647 = ORIENTED_EDGE ( 'NONE', *, *, #4254, .F. ) ;
#2648 = CARTESIAN_POINT ( 'NONE',  ( 246.8037943900397977, 25.40668714406047002, 7.000000000000000000 ) ) ;
#2649 = ORIENTED_EDGE ( 'NONE', *, *, #1395, .T. ) ;
#2650 = VECTOR ( 'NONE', #3859, 1000.000000000000000 ) ;
#2651 = DIRECTION ( 'NONE',  ( 1.000000000000000000, 0.000000000000000000, 0.000000000000000000 ) ) ;
#2652 = EDGE_CURVE ( 'NONE', #4122, #4435, #4743, .T. ) ;
#2653 = DIRECTION ( 'NONE',  ( 0.000000000000000000, 0.000000000000000000, 1.000000000000000000 ) ) ;
#2654 = DIRECTION ( 'NONE',  ( -1.000000000000000000, 0.000000000000000000, 0.000000000000000000 ) ) ;
#2655 = DIRECTION ( 'NONE',  ( -0.000000000000000000, -0.000000000000000000, 1.000000000000000000 ) ) ;
#2656 = CARTESIAN_POINT ( 'NONE',  ( 33.93924083613035947, -17.00000000000000000, 0.000000000000000000 ) ) ;
#2657 = VERTEX_POINT ( 'NONE', #2456 ) ;
#2658 = EDGE_CURVE ( 'NONE', #5255, #437, #685, .T. ) ;
#2659 = DIRECTION ( 'NONE',  ( -0.5970612455439651134, -0.8021956551050929418, 0.000000000000000000 ) ) ;
#2660 =( NAMED_UNIT ( * ) PLANE_ANGLE_UNIT ( ) SI_UNIT ( $, .RADIAN. ) );
#2661 = ORIENTED_EDGE ( 'NONE', *, *, #266, .F. ) ;
#2662 = CARTESIAN_POINT ( 'NONE',  ( 213.4053415326041829, 37.00000000000001421, 12.00000000000000000 ) ) ;
#2663 = VECTOR ( 'NONE', #593, 1000.000000000000000 ) ;
#2664 = EDGE_CURVE ( 'NONE', #909, #4879, #4742, .T. ) ;
#2665 = ORIENTED_EDGE ( 'NONE', *, *, #1039, .F. ) ;
#2666 = DIRECTION ( 'NONE',  ( 1.000000000000000000, -3.407492542097303087E-15, 0.000000000000000000 ) ) ;
#2667 = CARTESIAN_POINT ( 'NONE',  ( -23.46994982707818167, 16.68717941545698835, 0.000000000000000000 ) ) ;
#2668 = DIRECTION ( 'NONE',  ( -1.000000000000000000, 0.000000000000000000, 0.000000000000000000 ) ) ;
#2669 = DIRECTION ( 'NONE',  ( 1.000000000000000000, 0.000000000000000000, 0.000000000000000000 ) ) ;
#2670 = EDGE_CURVE ( 'NONE', #5853, #690, #3367, .T. ) ;
#2671 = EDGE_LOOP ( 'NONE', ( #4020, #5224, #3293, #4309 ) ) ;
#2672 = AXIS2_PLACEMENT_3D ( 'NONE', #4081, #1826, #81 ) ;
#2673 = DIRECTION ( 'NONE',  ( -0.000000000000000000, -0.000000000000000000, -1.000000000000000000 ) ) ;
#2674 = ORIENTED_EDGE ( 'NONE', *, *, #3164, .T. ) ;
#2675 = ORIENTED_EDGE ( 'NONE', *, *, #5148, .T. ) ;
#2676 = DIRECTION ( 'NONE',  ( -0.000000000000000000, 0.000000000000000000, 1.000000000000000000 ) ) ;
#2677 = VERTEX_POINT ( 'NONE', #712 ) ;
#2678 = CIRCLE ( 'NONE', #1631, 4.000000000000003553 ) ;
#2679 = AXIS2_PLACEMENT_3D ( 'NONE', #3628, #5822, #2608 ) ;
#2680 = DIRECTION ( 'NONE',  ( 1.000000000000000000, 1.734723475976805517E-15, 0.000000000000000000 ) ) ;
#2681 = CARTESIAN_POINT ( 'NONE',  ( 218.6237247785160207, -27.87931034482758719, 12.00000000000000000 ) ) ;
#2682 = VECTOR ( 'NONE', #5166, 1000.000000000000000 ) ;
#2683 = CARTESIAN_POINT ( 'NONE',  ( 41.53481053043000770, -11.12921893940811913, 12.00000000000000000 ) ) ;
#2684 = DIRECTION ( 'NONE',  ( 1.000000000000000000, 0.000000000000000000, 0.000000000000000000 ) ) ;
#2685 = DIRECTION ( 'NONE',  ( 8.732958113290182355E-13, 1.000000000000000000, 0.000000000000000000 ) ) ;
#2686 = ORIENTED_EDGE ( 'NONE', *, *, #149, .F. ) ;
#2687 = AXIS2_PLACEMENT_3D ( 'NONE', #2868, #5456, #5065 ) ;
#2688 = AXIS2_PLACEMENT_3D ( 'NONE', #4428, #3602, #1301 ) ;
#2689 = FACE_BOUND ( 'NONE', #235, .T. ) ;
#2690 = CARTESIAN_POINT ( 'NONE',  ( 222.1062056099601421, 25.40668714406043094, 7.000000000000000000 ) ) ;
#2691 = VECTOR ( 'NONE', #4041, 1000.000000000000000 ) ;
#2692 = VERTEX_POINT ( 'NONE', #2038 ) ;
#2693 = CIRCLE ( 'NONE', #1940, 2.124999999999988010 ) ;
#2694 = EDGE_CURVE ( 'NONE', #2321, #4763, #2514, .T. ) ;
#2695 = CARTESIAN_POINT ( 'NONE',  ( 263.8116871440603290, -10.52379439004008610, 12.00000000000000000 ) ) ;
#2696 = CARTESIAN_POINT ( 'NONE',  ( 196.2799999999999727, 13.00000000000000533, 6.000000000000000000 ) ) ;
#2697 = DIRECTION ( 'NONE',  ( -0.000000000000000000, -0.000000000000000000, 1.000000000000000000 ) ) ;
#2698 = EDGE_CURVE ( 'NONE', #4925, #5449, #4927, .T. ) ;
#2699 = CARTESIAN_POINT ( 'NONE',  ( 263.8116871440604427, 10.52379439003986406, 12.00099999999999945 ) ) ;
#2700 = DIRECTION ( 'NONE',  ( -0.000000000000000000, 0.000000000000000000, 1.000000000000000000 ) ) ;
#2701 = EDGE_CURVE ( 'NONE', #1380, #5106, #610, .T. ) ;
#2702 = FACE_OUTER_BOUND ( 'NONE', #4725, .T. ) ;
#2703 = ORIENTED_EDGE ( 'NONE', *, *, #394, .T. ) ;
#2705 = EDGE_LOOP ( 'NONE', ( #3051, #5485 ) ) ;
#2704 = EDGE_CURVE ( 'NONE', #4774, #4704, #1351, .T. ) ;
#2706 = DIRECTION ( 'NONE',  ( 1.000000000000000000, 0.000000000000000000, 0.000000000000000000 ) ) ;
#2707 = ORIENTED_EDGE ( 'NONE', *, *, #1401, .F. ) ;
#2708 = DIRECTION ( 'NONE',  ( -0.000000000000000000, 0.000000000000000000, 1.000000000000000000 ) ) ;
#2709 = ORIENTED_EDGE ( 'NONE', *, *, #1280, .T. ) ;
#2710 = DIRECTION ( 'NONE',  ( 0.000000000000000000, 0.000000000000000000, -1.000000000000000000 ) ) ;
#2711 = CYLINDRICAL_SURFACE ( 'NONE', #33, 2.999999999999503064 ) ;
#2712 = DIRECTION ( 'NONE',  ( 1.000000000000000000, 0.000000000000000000, 0.000000000000000000 ) ) ;
#2713 = FACE_OUTER_BOUND ( 'NONE', #2926, .T. ) ;
#2714 = ORIENTED_EDGE ( 'NONE', *, *, #545, .T. ) ;
#2715 = CARTESIAN_POINT ( 'NONE',  ( -28.17861993560177680, 21.67868488919257786, 12.00000000000000000 ) ) ;
#2716 = FACE_BOUND ( 'NONE', #4726, .T. ) ;
#2717 = ADVANCED_FACE ( 'NONE', ( #293 ), #2126, .F. ) ;
#2718 = CYLINDRICAL_SURFACE ( 'NONE', #886, 2.999999999999836131 ) ;
#2719 = ORIENTED_EDGE ( 'NONE', *, *, #1439, .F. ) ;
#2720 = CIRCLE ( 'NONE', #5649, 3.999999999999976019 ) ;
#2721 = DIRECTION ( 'NONE',  ( 0.000000000000000000, 0.000000000000000000, -1.000000000000000000 ) ) ;
#2722 = CARTESIAN_POINT ( 'NONE',  ( 132.6266217112717811, -9.000000000057788441, 11.99999999999999645 ) ) ;
#2723 = CIRCLE ( 'NONE', #935, 4.000000000000003553 ) ;
#2724 = CARTESIAN_POINT ( 'NONE',  ( 196.2799999999999727, -11.00000000000001066, 6.000000000000000000 ) ) ;
#2725 = LINE ( 'NONE', #844, #2463 ) ;
#2726 = VERTEX_POINT ( 'NONE', #5613 ) ;
#2727 = EDGE_CURVE ( 'NONE', #2242, #4562, #1069, .T. ) ;
#2728 = ADVANCED_FACE ( 'NONE', ( #660, #2011 ), #2096, .T. ) ;
#2729 = VECTOR ( 'NONE', #843, 1000.000000000000000 ) ;
#2730 = ADVANCED_FACE ( 'NONE', ( #1128 ), #4269, .F. ) ;
#2731 = CIRCLE ( 'NONE', #5586, 5.000000000000000888 ) ;
#2732 = CARTESIAN_POINT ( 'NONE',  ( 225.7562056099599204, -25.40668714406035633, 12.00099999999999945 ) ) ;
#2733 = VERTEX_POINT ( 'NONE', #5816 ) ;
#2734 = EDGE_LOOP ( 'NONE', ( #2030, #5696, #1005, #461 ) ) ;
#2735 = CARTESIAN_POINT ( 'NONE',  ( 48.91491403046759245, -9.601741810222259588, 11.99999999999999645 ) ) ;
#2736 = AXIS2_PLACEMENT_3D ( 'NONE', #110, #2900, #627 ) ;
#2737 = ORIENTED_EDGE ( 'NONE', *, *, #4482, .T. ) ;
#2738 = AXIS2_PLACEMENT_3D ( 'NONE', #1397, #2700, #2277 ) ;
#2739 = DIRECTION ( 'NONE',  ( 0.000000000000000000, 0.000000000000000000, 1.000000000000000000 ) ) ;
#2740 = VERTEX_POINT ( 'NONE', #3589 ) ;
#2741 = AXIS2_PLACEMENT_3D ( 'NONE', #4340, #4729, #2501 ) ;
#2742 = ORIENTED_EDGE ( 'NONE', *, *, #1112, .T. ) ;
#2743 = EDGE_CURVE ( 'NONE', #1405, #3617, #4916, .T. ) ;
#2744 = EDGE_CURVE ( 'NONE', #991, #1109, #2210, .T. ) ;
#2745 = DIRECTION ( 'NONE',  ( 1.000000000000000000, 0.000000000000000000, 0.000000000000000000 ) ) ;
#2746 = DIRECTION ( 'NONE',  ( -1.000000000000000000, 0.000000000000000000, 0.000000000000000000 ) ) ;
#2747 = DIRECTION ( 'NONE',  ( 0.000000000000000000, -0.000000000000000000, -1.000000000000000000 ) ) ;
#2748 = CARTESIAN_POINT ( 'NONE',  ( 90.22662171126958697, -12.99999999999999822, 11.99999999999999645 ) ) ;
#2749 = AXIS2_PLACEMENT_3D ( 'NONE', #410, #3191, #2241 ) ;
#2750 = ORIENTED_EDGE ( 'NONE', *, *, #4374, .T. ) ;
#2751 = CARTESIAN_POINT ( 'NONE',  ( 81.87009861938832955, 18.40000000000000213, 5.000000000000000000 ) ) ;
#2752 = EDGE_CURVE ( 'NONE', #3421, #3223, #4388, .T. ) ;
#2753 = CIRCLE ( 'NONE', #3206, 3.650000000000014566 ) ;
#2754 = FACE_OUTER_BOUND ( 'NONE', #605, .T. ) ;
#2755 = CARTESIAN_POINT ( 'NONE',  ( 80.57028722478011673, 8.999999999941618256, 0.000000000000000000 ) ) ;
#2756 = ORIENTED_EDGE ( 'NONE', *, *, #2374, .T. ) ;
#2757 = CARTESIAN_POINT ( 'NONE',  ( 131.4266217112806316, 1.116723096291999564E-10, -61.90760220690642512 ) ) ;
#2758 = ORIENTED_EDGE ( 'NONE', *, *, #5157, .F. ) ;
#2759 = CARTESIAN_POINT ( 'NONE',  ( 236.2800000000000011, 0.000000000000000000, 12.00000000000000000 ) ) ;
#2760 = DIRECTION ( 'NONE',  ( 0.000000000000000000, 0.000000000000000000, -1.000000000000000000 ) ) ;
#2761 = DIRECTION ( 'NONE',  ( 0.6248629765784743384, 0.7807344366053601270, 0.000000000000000000 ) ) ;
#2762 = ORIENTED_EDGE ( 'NONE', *, *, #2337, .F. ) ;
#2763 = EDGE_CURVE ( 'NONE', #2980, #5624, #4499, .T. ) ;
#2764 = VERTEX_POINT ( 'NONE', #5393 ) ;
#2765 = FACE_OUTER_BOUND ( 'NONE', #3931, .T. ) ;
#2766 = ORIENTED_EDGE ( 'NONE', *, *, #4918, .T. ) ;
#2767 = VERTEX_POINT ( 'NONE', #5759 ) ;
#2768 = CARTESIAN_POINT ( 'NONE',  ( 0.000000000000000000, 0.000000000000000000, 0.000000000000000000 ) ) ;
#2769 = EDGE_LOOP ( 'NONE', ( #3162, #221, #1331, #5593 ) ) ;
#2770 = ORIENTED_EDGE ( 'NONE', *, *, #2528, .T. ) ;
#2771 = DIRECTION ( 'NONE',  ( 0.000000000000000000, -0.000000000000000000, -1.000000000000000000 ) ) ;
#2772 = ORIENTED_EDGE ( 'NONE', *, *, #3218, .T. ) ;
#2773 = VERTEX_POINT ( 'NONE', #825 ) ;
#2774 = DIRECTION ( 'NONE',  ( -0.000000000000000000, -0.000000000000000000, 1.000000000000000000 ) ) ;
#2775 = CARTESIAN_POINT ( 'NONE',  ( -56.46924516606153333, 19.08814419900561532, -4.000000000000000000 ) ) ;
#2776 = AXIS2_PLACEMENT_3D ( 'NONE', #2813, #4593, #564 ) ;
#2777 = CIRCLE ( 'NONE', #1259, 4.000000000000003553 ) ;
#2778 = DIRECTION ( 'NONE',  ( 0.3734928164912962312, 0.9276330718713078349, 0.000000000000000000 ) ) ;
#2779 = DIRECTION ( 'NONE',  ( 0.000000000000000000, 0.000000000000000000, 1.000000000000000000 ) ) ;
#2780 = EDGE_LOOP ( 'NONE', ( #1203, #4752, #3384, #2943 ) ) ;
#2781 = EDGE_CURVE ( 'NONE', #2473, #3425, #4352, .T. ) ;
#2782 = CYLINDRICAL_SURFACE ( 'NONE', #2875, 2.000000000000001776 ) ;
#2783 = VERTEX_POINT ( 'NONE', #2156 ) ;
#2784 = ORIENTED_EDGE ( 'NONE', *, *, #3875, .T. ) ;
#2785 = DIRECTION ( 'NONE',  ( 1.088026939760487788E-16, -1.000000000000000000, 0.000000000000000000 ) ) ;
#2786 = CYLINDRICAL_SURFACE ( 'NONE', #1174, 2.000000000000001776 ) ;
#2787 = ORIENTED_EDGE ( 'NONE', *, *, #171, .T. ) ;
#2788 = ADVANCED_FACE ( 'NONE', ( #5784 ), #2184, .F. ) ;
#2789 = DIRECTION ( 'NONE',  ( 1.000000000000000000, 0.000000000000000000, 0.000000000000000000 ) ) ;
#2790 = VERTEX_POINT ( 'NONE', #4440 ) ;
#2791 = CIRCLE ( 'NONE', #241, 2.124999999999988010 ) ;
#2792 = CARTESIAN_POINT ( 'NONE',  ( 261.6866871440604427, 10.52379439003986406, 12.00000000000000000 ) ) ;
#2793 = VECTOR ( 'NONE', #5423, 1000.000000000000000 ) ;
#2794 = FACE_BOUND ( 'NONE', #179, .T. ) ;
#2795 = CARTESIAN_POINT ( 'NONE',  ( -41.21877844672069813, 5.746896246397448671, 12.00000000000000000 ) ) ;
#2796 = EDGE_CURVE ( 'NONE', #1991, #3831, #2866, .T. ) ;
#2797 = DIRECTION ( 'NONE',  ( 0.000000000000000000, 0.000000000000000000, 1.000000000000000000 ) ) ;
#2798 = ORIENTED_EDGE ( 'NONE', *, *, #1478, .T. ) ;
#2799 = ORIENTED_EDGE ( 'NONE', *, *, #426, .T. ) ;
#2800 = VECTOR ( 'NONE', #5207, 1000.000000000000000 ) ;
#2801 = VERTEX_POINT ( 'NONE', #3939 ) ;
#2802 = VERTEX_POINT ( 'NONE', #4049 ) ;
#2803 = LINE ( 'NONE', #3706, #2445 ) ;
#2804 = ORIENTED_EDGE ( 'NONE', *, *, #4924, .F. ) ;
#2805 = ORIENTED_EDGE ( 'NONE', *, *, #208, .F. ) ;
#2806 = EDGE_CURVE ( 'NONE', #674, #4722, #1828, .T. ) ;
#2807 = DIRECTION ( 'NONE',  ( -0.000000000000000000, 0.000000000000000000, 1.000000000000000000 ) ) ;
#2808 = CARTESIAN_POINT ( 'NONE',  ( 86.22662171127110753, -6.763932022558808654, 11.99999999999999645 ) ) ;
#2809 = EDGE_CURVE ( 'NONE', #3854, #980, #614, .T. ) ;
#2810 = DIRECTION ( 'NONE',  ( -0.000000000000000000, 0.000000000000000000, 1.000000000000000000 ) ) ;
#2811 = LINE ( 'NONE', #4209, #187 ) ;
#2812 = EDGE_LOOP ( 'NONE', ( #5573, #4571, #2063, #4792 ) ) ;
#2813 = CARTESIAN_POINT ( 'NONE',  ( 0.000000000000000000, 0.000000000000000000, 0.000000000000000000 ) ) ;
#2814 = VERTEX_POINT ( 'NONE', #879 ) ;
#2815 = ORIENTED_EDGE ( 'NONE', *, *, #1248, .F. ) ;
#2816 = CARTESIAN_POINT ( 'NONE',  ( 86.22662171127166175, -6.763932022559430379, 0.000000000000000000 ) ) ;
#2817 = EDGE_CURVE ( 'NONE', #3582, #3295, #1348, .T. ) ;
#2818 = DIRECTION ( 'NONE',  ( 0.000000000000000000, -1.000000000000000000, 0.000000000000000000 ) ) ;
#2819 = LINE ( 'NONE', #3370, #1895 ) ;
#2820 = ORIENTED_EDGE ( 'NONE', *, *, #5081, .F. ) ;
#2821 = LINE ( 'NONE', #121, #4422 ) ;
#2822 = VERTEX_POINT ( 'NONE', #913 ) ;
#2823 = EDGE_CURVE ( 'NONE', #2092, #5544, #4823, .T. ) ;
#2824 = CARTESIAN_POINT ( 'NONE',  ( 47.55981053043001339, 0.000000000000000000, 12.00000000000000000 ) ) ;
#2825 = FACE_BOUND ( 'NONE', #2489, .T. ) ;
#2826 = CARTESIAN_POINT ( 'NONE',  ( 120.8875540683754082, -16.99999999999999645, -28.99999999999999645 ) ) ;
#2827 = AXIS2_PLACEMENT_3D ( 'NONE', #4706, #4618, #2446 ) ;
#2828 = PLANE ( 'NONE',  #579 ) ;
#2829 = LINE ( 'NONE', #5092, #5764 ) ;
#2830 = ORIENTED_EDGE ( 'NONE', *, *, #2964, .T. ) ;
#2831 = ORIENTED_EDGE ( 'NONE', *, *, #4203, .T. ) ;
#2832 = DIRECTION ( 'NONE',  ( 0.000000000000000000, 0.000000000000000000, -1.000000000000000000 ) ) ;
#2833 = CARTESIAN_POINT ( 'NONE',  ( 41.53481053043000770, -11.12921893940811913, 12.00000000000000000 ) ) ;
#2834 = DIRECTION ( 'NONE',  ( -0.000000000000000000, -0.000000000000000000, 1.000000000000000000 ) ) ;
#2835 = CARTESIAN_POINT ( 'NONE',  ( 244.6787943900400819, 25.40668714406033146, 12.00000000000000000 ) ) ;
#2836 = DIRECTION ( 'NONE',  ( 0.000000000000000000, 0.000000000000000000, 1.000000000000000000 ) ) ;
#2837 = ORIENTED_EDGE ( 'NONE', *, *, #55, .F. ) ;
#2838 = EDGE_CURVE ( 'NONE', #4080, #3339, #3883, .T. ) ;
#2839 = AXIS2_PLACEMENT_3D ( 'NONE', #1721, #425, #2586 ) ;
#2840 = CARTESIAN_POINT ( 'NONE',  ( 236.2800000000000011, 0.000000000000000000, 12.00000000000000000 ) ) ;
#2841 = ORIENTED_EDGE ( 'NONE', *, *, #5361, .F. ) ;
#2842 = CIRCLE ( 'NONE', #4615, 2.000000000000001776 ) ;
#2843 = AXIS2_PLACEMENT_3D ( 'NONE', #3606, #4432, #4903 ) ;
#2844 = CARTESIAN_POINT ( 'NONE',  ( 26.00962562206538209, -17.00000000000000000, -22.99999999999999645 ) ) ;
#2845 = CIRCLE ( 'NONE', #5197, 3.650000000000208633 ) ;
#2846 = CARTESIAN_POINT ( 'NONE',  ( 0.000000000000000000, 24.00000000000000000, 12.00000000000000000 ) ) ;
#2847 = DIRECTION ( 'NONE',  ( -0.000000000000000000, 1.000000000000000000, -0.000000000000000000 ) ) ;
#2848 = ORIENTED_EDGE ( 'NONE', *, *, #2664, .F. ) ;
#2849 = EDGE_CURVE ( 'NONE', #1121, #3553, #3502, .T. ) ;
#2850 = EDGE_CURVE ( 'NONE', #3339, #1255, #3530, .T. ) ;
#2851 = VECTOR ( 'NONE', #828, 1000.000000000000000 ) ;
#2852 = CARTESIAN_POINT ( 'NONE',  ( 25.50000000000000355, 24.00000000000000000, 11.99999999999999645 ) ) ;
#2853 = ADVANCED_FACE ( 'NONE', ( #2624 ), #4412, .T. ) ;
#2854 = LINE ( 'NONE', #665, #3263 ) ;
#2855 = ORIENTED_EDGE ( 'NONE', *, *, #1677, .T. ) ;
#2856 = FACE_BOUND ( 'NONE', #530, .T. ) ;
#2857 = EDGE_CURVE ( 'NONE', #4764, #3918, #4653, .T. ) ;
#2858 = DIRECTION ( 'NONE',  ( -8.732958113290183365E-13, -1.000000000000000000, 0.000000000000000000 ) ) ;
#2859 = DIRECTION ( 'NONE',  ( 0.000000000000000000, -0.000000000000000000, 1.000000000000000000 ) ) ;
#2860 = ORIENTED_EDGE ( 'NONE', *, *, #5289, .T. ) ;
#2861 = FACE_OUTER_BOUND ( 'NONE', #1543, .T. ) ;
#2862 = ORIENTED_EDGE ( 'NONE', *, *, #2704, .T. ) ;
#2863 = EDGE_LOOP ( 'NONE', ( #938, #2995, #481, #492 ) ) ;
#2864 = EDGE_CURVE ( 'NONE', #931, #503, #2355, .T. ) ;
#2865 = LINE ( 'NONE', #3297, #3468 ) ;
#2866 = CIRCLE ( 'NONE', #118, 23.50000000000002132 ) ;
#2867 = DIRECTION ( 'NONE',  ( -0.000000000000000000, 0.000000000000000000, 1.000000000000000000 ) ) ;
#2868 = CARTESIAN_POINT ( 'NONE',  ( 213.4053415326041829, -37.00000000000001421, 12.00000000000000000 ) ) ;
#2869 = CYLINDRICAL_SURFACE ( 'NONE', #2109, 2.799999999999997158 ) ;
#2870 = DIRECTION ( 'NONE',  ( -2.051733778762085568E-15, 1.000000000000000000, -0.000000000000000000 ) ) ;
#2871 = VERTEX_POINT ( 'NONE', #5486 ) ;
#2872 = DIRECTION ( 'NONE',  ( 0.000000000000000000, 0.000000000000000000, -1.000000000000000000 ) ) ;
#2873 = EDGE_LOOP ( 'NONE', ( #578, #5193, #4980, #4535 ) ) ;
#2874 = ORIENTED_EDGE ( 'NONE', *, *, #1803, .F. ) ;
#2875 = AXIS2_PLACEMENT_3D ( 'NONE', #4398, #837, #4506 ) ;
#2876 = DIRECTION ( 'NONE',  ( 1.000000000000000000, 1.088026939760487788E-16, 0.000000000000000000 ) ) ;
#2877 = CARTESIAN_POINT ( 'NONE',  ( 0.000000000000000000, 8.999999999941620032, -7.512069096517387301 ) ) ;
#2878 = DIRECTION ( 'NONE',  ( 1.000000000000000000, 0.000000000000000000, 0.000000000000000000 ) ) ;
#2879 = ORIENTED_EDGE ( 'NONE', *, *, #3136, .F. ) ;
#2880 = CIRCLE ( 'NONE', #2211, 2.999999999999169997 ) ;
#2881 = VECTOR ( 'NONE', #1235, 1000.000000000000000 ) ;
#2882 = CARTESIAN_POINT ( 'NONE',  ( 194.2799999999999727, 11.00000000000000533, 6.000000000000000000 ) ) ;
#2883 = CIRCLE ( 'NONE', #1362, 3.650000000000014566 ) ;
#2884 = DIRECTION ( 'NONE',  ( 2.051733778762153016E-15, -1.000000000000000000, 0.000000000000000000 ) ) ;
#2885 = FACE_OUTER_BOUND ( 'NONE', #3125, .T. ) ;
#2886 = VECTOR ( 'NONE', #484, 1000.000000000000000 ) ;
#2887 = EDGE_CURVE ( 'NONE', #2986, #3268, #5006, .T. ) ;
#2888 = CYLINDRICAL_SURFACE ( 'NONE', #477, 2.124999999999988010 ) ;
#2889 = ORIENTED_EDGE ( 'NONE', *, *, #2960, .T. ) ;
#2890 = VECTOR ( 'NONE', #1810, 1000.000000000000000 ) ;
#2891 = CARTESIAN_POINT ( 'NONE',  ( 73.30825785899651237, 17.00000000000000000, 0.000000000000000000 ) ) ;
#2892 = ORIENTED_EDGE ( 'NONE', *, *, #2583, .T. ) ;
#2893 = EDGE_CURVE ( 'NONE', #5689, #2692, #5131, .T. ) ;
#2894 = ORIENTED_EDGE ( 'NONE', *, *, #4701, .F. ) ;
#2895 = AXIS2_PLACEMENT_3D ( 'NONE', #462, #3528, #1760 ) ;
#2896 = DIRECTION ( 'NONE',  ( -1.000000000000000000, 6.294023865433832809E-13, 0.000000000000000000 ) ) ;
#2897 = DIRECTION ( 'NONE',  ( -0.000000000000000000, 0.000000000000000000, 1.000000000000000000 ) ) ;
#2898 = EDGE_CURVE ( 'NONE', #1162, #2473, #4365, .T. ) ;
#2899 = DIRECTION ( 'NONE',  ( 0.000000000000000000, 0.000000000000000000, -1.000000000000000000 ) ) ;
#2900 = DIRECTION ( 'NONE',  ( -0.000000000000000000, -0.000000000000000000, 1.000000000000000000 ) ) ;
#2901 = PLANE ( 'NONE',  #2250 ) ;
#2902 = ORIENTED_EDGE ( 'NONE', *, *, #1684, .F. ) ;
#2904 = CYLINDRICAL_SURFACE ( 'NONE', #5604, 23.50000000000004974 ) ;
#2903 = PRODUCT_DEFINITION_SHAPE ( 'NONE', 'NONE',  #746 ) ;
#2905 = ORIENTED_EDGE ( 'NONE', *, *, #1112, .F. ) ;
#2906 = CARTESIAN_POINT ( 'NONE',  ( 246.8037943900398545, -25.40668714406043094, 7.000000000000000000 ) ) ;
#2907 = DIRECTION ( 'NONE',  ( 0.000000000000000000, -0.000000000000000000, -1.000000000000000000 ) ) ;
#2908 = CARTESIAN_POINT ( 'NONE',  ( 246.8037943900400819, 25.40668714406033146, 7.000000000000000000 ) ) ;
#2909 = ORIENTED_EDGE ( 'NONE', *, *, #213, .F. ) ;
#2910 = ORIENTED_EDGE ( 'NONE', *, *, #5441, .F. ) ;
#2911 = DIRECTION ( 'NONE',  ( 0.000000000000000000, 0.000000000000000000, -1.000000000000000000 ) ) ;
#2912 = VERTEX_POINT ( 'NONE', #2421 ) ;
#2913 = DIRECTION ( 'NONE',  ( 1.000000000000000000, 0.000000000000000000, 0.000000000000000000 ) ) ;
#2914 = CARTESIAN_POINT ( 'NONE',  ( 79.12539072481769153, 8.598389898268480991, -43.50958291931527810 ) ) ;
#2915 = EDGE_CURVE ( 'NONE', #2773, #3066, #499, .T. ) ;
#2916 = EDGE_CURVE ( 'NONE', #2764, #3793, #4283, .T. ) ;
#2917 = CARTESIAN_POINT ( 'NONE',  ( 3.553048083325995320E-15, -17.00000000000001776, 0.000000000000000000 ) ) ;
#2918 = EDGE_LOOP ( 'NONE', ( #1393, #4072 ) ) ;
#2919 = CIRCLE ( 'NONE', #4671, 3.999999999999996447 ) ;
#2920 = DIRECTION ( 'NONE',  ( -0.000000000000000000, -0.000000000000000000, 1.000000000000000000 ) ) ;
#2921 = CIRCLE ( 'NONE', #4314, 2.000000000000001776 ) ;
#2922 = CARTESIAN_POINT ( 'NONE',  ( 171.2800000000000011, -13.00000000000001421, 6.000000000000000000 ) ) ;
#2923 = EDGE_CURVE ( 'NONE', #2314, #3169, #2033, .T. ) ;
#2924 = ADVANCED_FACE ( 'NONE', ( #3188 ), #4108, .T. ) ;
#2925 = CARTESIAN_POINT ( 'NONE',  ( 173.2800000000000011, 15.00000000000000355, -4.000000000000000000 ) ) ;
#2926 = EDGE_LOOP ( 'NONE', ( #744, #3987, #2649, #1583 ) ) ;
#2927 = PLANE ( 'NONE',  #668 ) ;
#2928 = ORIENTED_EDGE ( 'NONE', *, *, #5694, .F. ) ;
#2929 = DIRECTION ( 'NONE',  ( -0.000000000000000000, -0.000000000000000000, -1.000000000000000000 ) ) ;
#2930 = EDGE_CURVE ( 'NONE', #1966, #503, #5454, .T. ) ;
#2931 = ORIENTED_EDGE ( 'NONE', *, *, #2562, .T. ) ;
#2932 = CARTESIAN_POINT ( 'NONE',  ( 88.22662171127112174, 8.999999999941620032, 11.99999999999999645 ) ) ;
#2933 = DIRECTION ( 'NONE',  ( -7.488828292483085482E-14, -1.000000000000000000, 0.000000000000000000 ) ) ;
#2934 = CARTESIAN_POINT ( 'NONE',  ( -35.52086525750119250, 1.506031659177637483, 0.000000000000000000 ) ) ;
#2935 = VECTOR ( 'NONE', #1501, 1000.000000000000000 ) ;
#2936 = ORIENTED_EDGE ( 'NONE', *, *, #805, .F. ) ;
#2937 = AXIS2_PLACEMENT_3D ( 'NONE', #4051, #5843, #2684 ) ;
#2938 = EDGE_CURVE ( 'NONE', #1494, #4641, #1644, .T. ) ;
#2939 = AXIS2_PLACEMENT_3D ( 'NONE', #3321, #5118, #159 ) ;
#2940 = ORIENTED_EDGE ( 'NONE', *, *, #3492, .F. ) ;
#2941 = VECTOR ( 'NONE', #5681, 1000.000000000000000 ) ;
#2942 = CARTESIAN_POINT ( 'NONE',  ( 261.6866871440603859, -10.52379439003989248, 7.000000000000000000 ) ) ;
#2943 = ORIENTED_EDGE ( 'NONE', *, *, #2923, .T. ) ;
#2944 = ORIENTED_EDGE ( 'NONE', *, *, #4683, .T. ) ;
#2945 = LINE ( 'NONE', #1572, #2129 ) ;
#2946 = CARTESIAN_POINT ( 'NONE',  ( 196.2799999999999727, 11.00000000000000533, 6.000000000000000000 ) ) ;
#2947 = DIRECTION ( 'NONE',  ( 0.000000000000000000, -0.000000000000000000, -1.000000000000000000 ) ) ;
#2948 = VERTEX_POINT ( 'NONE', #1408 ) ;
#2949 =( LENGTH_UNIT ( ) NAMED_UNIT ( * ) SI_UNIT ( .MILLI., .METRE. ) );
#2950 = LINE ( 'NONE', #4731, #4579 ) ;
#2951 = LINE ( 'NONE', #2617, #5455 ) ;
#2952 = CARTESIAN_POINT ( 'NONE',  ( 261.6866871440604427, 10.52379439003986406, 7.000000000000000000 ) ) ;
#2953 = ORIENTED_EDGE ( 'NONE', *, *, #4802, .T. ) ;
#2954 = FACE_OUTER_BOUND ( 'NONE', #3258, .T. ) ;
#2955 = ORIENTED_EDGE ( 'NONE', *, *, #1430, .F. ) ;
#2956 = CARTESIAN_POINT ( 'NONE',  ( 48.91491403046759956, -9.601741810222243600, 0.000000000000000000 ) ) ;
#2957 = VERTEX_POINT ( 'NONE', #137 ) ;
#2958 = DIRECTION ( 'NONE',  ( 0.000000000000000000, 0.000000000000000000, -1.000000000000000000 ) ) ;
#2959 = LINE ( 'NONE', #2515, #1930 ) ;
#2960 = EDGE_CURVE ( 'NONE', #1255, #791, #2216, .T. ) ;
#2961 = FACE_OUTER_BOUND ( 'NONE', #772, .T. ) ;
#2962 = ORIENTED_EDGE ( 'NONE', *, *, #5685, .F. ) ;
#2963 = DIRECTION ( 'NONE',  ( -0.000000000000000000, 0.000000000000000000, 1.000000000000000000 ) ) ;
#2964 = EDGE_CURVE ( 'NONE', #860, #3922, #3217, .T. ) ;
#2965 = AXIS2_PLACEMENT_3D ( 'NONE', #4689, #2872, #2035 ) ;
#2966 = ORIENTED_EDGE ( 'NONE', *, *, #2192, .F. ) ;
#2967 = ORIENTED_EDGE ( 'NONE', *, *, #4467, .F. ) ;
#2968 = VECTOR ( 'NONE', #2818, 1000.000000000000000 ) ;
#2969 = LINE ( 'NONE', #667, #1272 ) ;
#2970 = VECTOR ( 'NONE', #4127, 1000.000000000000000 ) ;
#2971 = CARTESIAN_POINT ( 'NONE',  ( -41.21877844672069102, 5.746896246397441566, -2.999999999999999112 ) ) ;
#2972 = CIRCLE ( 'NONE', #2592, 6.025000000000002132 ) ;
#2973 = PLANE ( 'NONE',  #385 ) ;
#2974 = DIRECTION ( 'NONE',  ( 0.000000000000000000, -0.000000000000000000, -1.000000000000000000 ) ) ;
#2975 = CARTESIAN_POINT ( 'NONE',  ( 246.8037943900398545, -25.40668714406043094, 12.00000000000000000 ) ) ;
#2976 = VECTOR ( 'NONE', #5128, 1000.000000000000000 ) ;
#2977 = AXIS2_PLACEMENT_3D ( 'NONE', #2952, #2899, #4786 ) ;
#2978 = CARTESIAN_POINT ( 'NONE',  ( 135.4266217112710819, 6.763932022442391556, 11.99999999999999645 ) ) ;
#2979 = ORIENTED_EDGE ( 'NONE', *, *, #3890, .T. ) ;
#2980 = VERTEX_POINT ( 'NONE', #3737 ) ;
#2981 = CARTESIAN_POINT ( 'NONE',  ( 173.2800000000000011, -15.00000000000000355, 6.000000000000000000 ) ) ;
#2982 = AXIS2_PLACEMENT_3D ( 'NONE', #5707, #4394, #773 ) ;
#2983 = ORIENTED_EDGE ( 'NONE', *, *, #3061, .T. ) ;
#2984 = APPLICATION_CONTEXT ( 'automotive_design' ) ;
#2985 = CARTESIAN_POINT ( 'NONE',  ( -32.53555902978136061, 5.517009934703099638, 0.000000000000000000 ) ) ;
#2986 = VERTEX_POINT ( 'NONE', #5547 ) ;
#2987 = EDGE_CURVE ( 'NONE', #905, #3496, #4970, .T. ) ;
#2988 = DIRECTION ( 'NONE',  ( -0.000000000000000000, 0.000000000000000000, 1.000000000000000000 ) ) ;
#2989 = CARTESIAN_POINT ( 'NONE',  ( -0.000000000000000000, -9.000000000057788441, 0.000000000000000000 ) ) ;
#2990 = DIRECTION ( 'NONE',  ( 0.000000000000000000, 0.000000000000000000, -1.000000000000000000 ) ) ;
#2991 = ORIENTED_EDGE ( 'NONE', *, *, #2513, .F. ) ;
#2992 = EDGE_CURVE ( 'NONE', #1014, #71, #4588, .T. ) ;
#2993 = EDGE_CURVE ( 'NONE', #2121, #3421, #1911, .T. ) ;
#2994 = EDGE_CURVE ( 'NONE', #3964, #630, #4941, .T. ) ;
#2995 = ORIENTED_EDGE ( 'NONE', *, *, #1685, .T. ) ;
#2996 = DIRECTION ( 'NONE',  ( -0.000000000000000000, -0.000000000000000000, -1.000000000000000000 ) ) ;
#2997 = ORIENTED_EDGE ( 'NONE', *, *, #1252, .F. ) ;
#2998 = ORIENTED_EDGE ( 'NONE', *, *, #5313, .T. ) ;
#2999 = LINE ( 'NONE', #2104, #4568 ) ;
#3000 = CARTESIAN_POINT ( 'NONE',  ( 133.4266217112711104, 8.999999999942206230, 6.000000000000000000 ) ) ;
#3001 = ADVANCED_FACE ( 'NONE', ( #1000 ), #1473, .F. ) ;
#3002 = ADVANCED_FACE ( 'NONE', ( #3273 ), #3650, .F. ) ;
#3003 = LINE ( 'NONE', #2107, #5418 ) ;
#3004 = CARTESIAN_POINT ( 'NONE',  ( -28.17861993560178036, 21.67868488919257786, 0.000000000000000000 ) ) ;
#3005 = CARTESIAN_POINT ( 'NONE',  ( 135.4266217112700019, -12.99999999999956124, 11.99999999999999645 ) ) ;
#3006 = CARTESIAN_POINT ( 'NONE',  ( 43.79404670225725482, -5.543838297060866616, -61.90760220690642512 ) ) ;
#3007 = EDGE_CURVE ( 'NONE', #3876, #991, #5524, .T. ) ;
#3008 = DIRECTION ( 'NONE',  ( 0.000000000000000000, -0.000000000000000000, -1.000000000000000000 ) ) ;
#3009 = ORIENTED_EDGE ( 'NONE', *, *, #4374, .F. ) ;
#3010 = EDGE_LOOP ( 'NONE', ( #5674, #240, #3856, #2709, #2202, #4177, #1191, #271, #4260, #5044, #3048, #3749 ) ) ;
#3011 = CARTESIAN_POINT ( 'NONE',  ( 205.2477587016342113, -24.00000000000000711, 12.00000000000000000 ) ) ;
#3012 = ORIENTED_EDGE ( 'NONE', *, *, #2607, .F. ) ;
#3013 = DIRECTION ( 'NONE',  ( -1.000000000000000000, 0.000000000000000000, 0.000000000000000000 ) ) ;
#3014 = VERTEX_POINT ( 'NONE', #339 ) ;
#3015 = CARTESIAN_POINT ( 'NONE',  ( 86.22662171127056752, 1.256089913994016890E-11, 0.000000000000000000 ) ) ;
#3016 = DIRECTION ( 'NONE',  ( 1.000000000000000000, 0.000000000000000000, 0.000000000000000000 ) ) ;
#3017 = LINE ( 'NONE', #3420, #3867 ) ;
#3018 = ORIENTED_EDGE ( 'NONE', *, *, #2057, .F. ) ;
#3019 = VECTOR ( 'NONE', #2870, 1000.000000000000000 ) ;
#3020 = CYLINDRICAL_SURFACE ( 'NONE', #1925, 4.025000000000000355 ) ;
#3021 = CIRCLE ( 'NONE', #5185, 28.00000000000000355 ) ;
#3022 = ORIENTED_EDGE ( 'NONE', *, *, #5658, .F. ) ;
#3023 = VERTEX_POINT ( 'NONE', #2637 ) ;
#3024 = ADVANCED_FACE ( 'NONE', ( #3433 ), #5320, .F. ) ;
#3025 = EDGE_CURVE ( 'NONE', #4481, #1380, #1096, .T. ) ;
#3026 = DIRECTION ( 'NONE',  ( -0.000000000000000000, -0.000000000000000000, 1.000000000000000000 ) ) ;
#3027 = AXIS2_PLACEMENT_3D ( 'NONE', #3207, #4132, #4522 ) ;
#3028 = LINE ( 'NONE', #4308, #2800 ) ;
#3029 = VECTOR ( 'NONE', #1077, 1000.000000000000000 ) ;
#3030 = DIRECTION ( 'NONE',  ( -0.000000000000000000, 0.000000000000000000, 1.000000000000000000 ) ) ;
#3031 = CIRCLE ( 'NONE', #3955, 2.799999999999997158 ) ;
#3032 = CARTESIAN_POINT ( 'NONE',  ( 135.4266217112710819, 11.23606797744202090, -61.90760220690642512 ) ) ;
#3033 = EDGE_CURVE ( 'NONE', #5788, #4698, #4754, .T. ) ;
#3034 = CARTESIAN_POINT ( 'NONE',  ( 26.00962562206538209, -15.00000000000000000, 0.000000000000000000 ) ) ;
#3035 = DIRECTION ( 'NONE',  ( -0.9276330718713077239, 0.3734928164912961757, -0.000000000000000000 ) ) ;
#3036 = VECTOR ( 'NONE', #5416, 1000.000000000000000 ) ;
#3037 = CARTESIAN_POINT ( 'NONE',  ( 259.7800000000000296, 2.877919977996284659E-15, 12.00000000000000000 ) ) ;
#3038 = VERTEX_POINT ( 'NONE', #2553 ) ;
#3040 = EDGE_CURVE ( 'NONE', #437, #2767, #5045, .T. ) ;
#3039 = VERTEX_POINT ( 'NONE', #778 ) ;
#3041 = DIRECTION ( 'NONE',  ( 1.000000000000000000, 0.000000000000000000, 0.000000000000000000 ) ) ;
#3042 = ORIENTED_EDGE ( 'NONE', *, *, #3486, .T. ) ;
#3043 = CARTESIAN_POINT ( 'NONE',  ( 223.6312056099599488, -25.40668714406035633, 12.00099999999999945 ) ) ;
#3044 = ORIENTED_EDGE ( 'NONE', *, *, #2122, .F. ) ;
#3045 = DIRECTION ( 'NONE',  ( -0.000000000000000000, 0.000000000000000000, 1.000000000000000000 ) ) ;
#3046 = PLANE ( 'NONE',  #4660 ) ;
#3047 = DIRECTION ( 'NONE',  ( -0.000000000000000000, -0.000000000000000000, -1.000000000000000000 ) ) ;
#3048 = ORIENTED_EDGE ( 'NONE', *, *, #1052, .T. ) ;
#3049 = CARTESIAN_POINT ( 'NONE',  ( 130.9438630905815160, -7.315984076323603702, 11.99999999999999645 ) ) ;
#3050 = ORIENTED_EDGE ( 'NONE', *, *, #4962, .T. ) ;
#3051 = ORIENTED_EDGE ( 'NONE', *, *, #856, .F. ) ;
#3052 = DIRECTION ( 'NONE',  ( 0.000000000000000000, 0.000000000000000000, -1.000000000000000000 ) ) ;
#3053 = LINE ( 'NONE', #421, #1278 ) ;
#3054 = AXIS2_PLACEMENT_3D ( 'NONE', #144, #3306, #4178 ) ;
#3055 = FACE_OUTER_BOUND ( 'NONE', #4875, .T. ) ;
#3056 = VECTOR ( 'NONE', #3079, 999.9999999999998863 ) ;
#3057 = CYLINDRICAL_SURFACE ( 'NONE', #4714, 2.124999999999988010 ) ;
#3058 = CARTESIAN_POINT ( 'NONE',  ( 89.02662171127057888, -9.000000000058374638, -2.999999999999999112 ) ) ;
#3059 = DIRECTION ( 'NONE',  ( 0.000000000000000000, 0.000000000000000000, 1.000000000000000000 ) ) ;
#3060 = VECTOR ( 'NONE', #2996, 1000.000000000000000 ) ;
#3061 = EDGE_CURVE ( 'NONE', #1465, #3241, #2504, .T. ) ;
#3062 = CARTESIAN_POINT ( 'NONE',  ( 90.13474140192322182, 15.59999999994161968, 12.00000000000000000 ) ) ;
#3063 = ORIENTED_EDGE ( 'NONE', *, *, #836, .T. ) ;
#3064 = VERTEX_POINT ( 'NONE', #3925 ) ;
#3065 = CYLINDRICAL_SURFACE ( 'NONE', #4977, 2.124999999999988010 ) ;
#3066 = VERTEX_POINT ( 'NONE', #4868 ) ;
#3067 = DIRECTION ( 'NONE',  ( -0.000000000000000000, -0.000000000000000000, 1.000000000000000000 ) ) ;
#3068 = EDGE_CURVE ( 'NONE', #2490, #2635, #5745, .T. ) ;
#3069 = CIRCLE ( 'NONE', #1836, 2.799999999999997158 ) ;
#3070 = DIRECTION ( 'NONE',  ( -0.000000000000000000, -0.000000000000000000, 1.000000000000000000 ) ) ;
#3071 = AXIS2_PLACEMENT_3D ( 'NONE', #2584, #2897, #1245 ) ;
#3072 = DIRECTION ( 'NONE',  ( 0.000000000000000000, 0.000000000000000000, -1.000000000000000000 ) ) ;
#3073 = LINE ( 'NONE', #4948, #1692 ) ;
#3074 = AXIS2_PLACEMENT_3D ( 'NONE', #3320, #27, #1838 ) ;
#3075 = CARTESIAN_POINT ( 'NONE',  ( 225.7562056099601193, 25.40668714406043094, 12.00099999999999945 ) ) ;
#3076 = ORIENTED_EDGE ( 'NONE', *, *, #3730, .T. ) ;
#3077 = AXIS2_PLACEMENT_3D ( 'NONE', #3960, #1281, #2645 ) ;
#3078 = ORIENTED_EDGE ( 'NONE', *, *, #4014, .T. ) ;
#3079 = DIRECTION ( 'NONE',  ( -0.8021956551050926087, 0.5970612455439653354, 0.000000000000000000 ) ) ;
#3080 = CARTESIAN_POINT ( 'NONE',  ( 30.02500000000000213, 1.734723475976807489E-15, 0.000000000000000000 ) ) ;
#3081 = VECTOR ( 'NONE', #5500, 1000.000000000000000 ) ;
#3082 = ORIENTED_EDGE ( 'NONE', *, *, #254, .T. ) ;
#3083 = ORIENTED_EDGE ( 'NONE', *, *, #3322, .T. ) ;
#3084 = CARTESIAN_POINT ( 'NONE',  ( -35.52086525750118540, 1.506031659177633930, 12.00000000000000000 ) ) ;
#3085 = LINE ( 'NONE', #4034, #4675 ) ;
#3086 = DIRECTION ( 'NONE',  ( 0.000000000000000000, -0.000000000000000000, -1.000000000000000000 ) ) ;
#3087 = DIRECTION ( 'NONE',  ( 1.000000000000000000, 0.000000000000000000, 0.000000000000000000 ) ) ;
#3088 = VECTOR ( 'NONE', #2146, 1000.000000000000000 ) ;
#3089 = CARTESIAN_POINT ( 'NONE',  ( 88.22662171127112174, 8.999999999941620032, 0.000000000000000000 ) ) ;
#3090 = FACE_OUTER_BOUND ( 'NONE', #3585, .T. ) ;
#3091 = ADVANCED_FACE ( 'NONE', ( #1658 ), #5582, .F. ) ;
#3092 = ORIENTED_EDGE ( 'NONE', *, *, #4338, .T. ) ;
#3093 = DIRECTION ( 'NONE',  ( -0.000000000000000000, 0.000000000000000000, 1.000000000000000000 ) ) ;
#3094 = ORIENTED_EDGE ( 'NONE', *, *, #1712, .F. ) ;
#3095 = ORIENTED_EDGE ( 'NONE', *, *, #4275, .F. ) ;
#3096 = LINE ( 'NONE', #4938, #5290 ) ;
#3097 = ORIENTED_EDGE ( 'NONE', *, *, #4485, .T. ) ;
#3098 = VERTEX_POINT ( 'NONE', #841 ) ;
#3099 = EDGE_CURVE ( 'NONE', #3937, #1058, #37, .T. ) ;
#3100 = CARTESIAN_POINT ( 'NONE',  ( 88.22662171127134911, -9.000000000058374638, 11.99999999999999645 ) ) ;
#3101 = CARTESIAN_POINT ( 'NONE',  ( 44.84398218460020757, -2.948142728833101245, 0.000000000000000000 ) ) ;
#3102 = CARTESIAN_POINT ( 'NONE',  ( 131.4266217112701440, -12.36725350790639233, 11.99999999999999645 ) ) ;
#3103 = CARTESIAN_POINT ( 'NONE',  ( 173.2800000000000011, 11.00000000000000355, 6.000000000000000000 ) ) ;
#3104 = CARTESIAN_POINT ( 'NONE',  ( 73.30825785899646974, 14.19999999999999218, 12.00000000000000000 ) ) ;
#3105 = ORIENTED_EDGE ( 'NONE', *, *, #1786, .T. ) ;
#3106 = VECTOR ( 'NONE', #2060, 1000.000000000000000 ) ;
#3107 = ADVANCED_FACE ( 'NONE', ( #3328 ), #3515, .F. ) ;
#3108 = AXIS2_PLACEMENT_3D ( 'NONE', #3848, #1224, #5181 ) ;
#3109 = PLANE ( 'NONE',  #2679 ) ;
#3110 = FACE_OUTER_BOUND ( 'NONE', #822, .T. ) ;
#3111 = ORIENTED_EDGE ( 'NONE', *, *, #805, .T. ) ;
#3112 = EDGE_CURVE ( 'NONE', #1654, #4704, #3003, .T. ) ;
#3113 = CARTESIAN_POINT ( 'NONE',  ( 88.22662171127112174, 8.999999999941620032, 6.000000000000000000 ) ) ;
#3114 = CARTESIAN_POINT ( 'NONE',  ( 258.0366871440602381, 10.52379439003986406, 7.000000000000000000 ) ) ;
#3115 = DIRECTION ( 'NONE',  ( 0.000000000000000000, 0.000000000000000000, -1.000000000000000000 ) ) ;
#3116 = AXIS2_PLACEMENT_3D ( 'NONE', #4908, #2676, #5331 ) ;
#3117 = CARTESIAN_POINT ( 'NONE',  ( 194.2799999999999727, -15.00000000000000711, 0.000000000000000000 ) ) ;
#3118 = AXIS2_PLACEMENT_3D ( 'NONE', #89, #3694, #3260 ) ;
#3119 = CARTESIAN_POINT ( 'NONE',  ( 47.55981053043001339, -13.00000000000002132, 12.00000000000000000 ) ) ;
#3120 = VECTOR ( 'NONE', #2858, 1000.000000000000000 ) ;
#3121 = CIRCLE ( 'NONE', #1513, 2.524999999999999467 ) ;
#3122 = DIRECTION ( 'NONE',  ( 1.000000000000000000, 1.084202172485501673E-15, 0.000000000000000000 ) ) ;
#3123 = EDGE_CURVE ( 'NONE', #3271, #1759, #5262, .T. ) ;
#3124 = EDGE_LOOP ( 'NONE', ( #101, #67, #4775, #666 ) ) ;
#3125 = EDGE_LOOP ( 'NONE', ( #4350, #2714 ) ) ;
#3126 = CARTESIAN_POINT ( 'NONE',  ( 135.4266217112806316, 1.150710825163149722E-10, 0.000000000000000000 ) ) ;
#3127 = ORIENTED_EDGE ( 'NONE', *, *, #4482, .F. ) ;
#3128 = CIRCLE ( 'NONE', #3780, 4.000000000000003553 ) ;
#3129 = DIRECTION ( 'NONE',  ( -1.000000000000000000, 8.732958113290182355E-13, 0.000000000000000000 ) ) ;
#3130 = CARTESIAN_POINT ( 'NONE',  ( 0.000000000000000000, 0.000000000000000000, 12.00000000000000000 ) ) ;
#3131 = DIRECTION ( 'NONE',  ( 1.000000000000000000, 0.000000000000000000, 0.000000000000000000 ) ) ;
#3132 = DIRECTION ( 'NONE',  ( -0.000000000000000000, -0.000000000000000000, -1.000000000000000000 ) ) ;
#3133 = CARTESIAN_POINT ( 'NONE',  ( 128.3472516715914082, -9.000000000057788441, 12.00000000000000000 ) ) ;
#3134 = ORIENTED_EDGE ( 'NONE', *, *, #5289, .F. ) ;
#3135 = FACE_BOUND ( 'NONE', #86, .T. ) ;
#3136 = EDGE_CURVE ( 'NONE', #5004, #2099, #5231, .T. ) ;
#3137 = DIRECTION ( 'NONE',  ( 1.000000000000000000, 0.000000000000000000, 0.000000000000000000 ) ) ;
#3138 = ORIENTED_EDGE ( 'NONE', *, *, #439, .T. ) ;
#3139 = ORIENTED_EDGE ( 'NONE', *, *, #208, .T. ) ;
#3140 = DIRECTION ( 'NONE',  ( -1.000000000000000000, 0.000000000000000000, 0.000000000000000000 ) ) ;
#3141 = AXIS2_PLACEMENT_3D ( 'NONE', #2261, #1288, #10 ) ;
#3142 = ADVANCED_FACE ( 'NONE', ( #3055 ), #4684, .F. ) ;
#3143 = DIRECTION ( 'NONE',  ( 1.000000000000000000, 0.000000000000000000, 0.000000000000000000 ) ) ;
#3144 = DIRECTION ( 'NONE',  ( 0.000000000000000000, 0.000000000000000000, 1.000000000000000000 ) ) ;
#3145 = ORIENTED_EDGE ( 'NONE', *, *, #3730, .F. ) ;
#3146 = DIRECTION ( 'NONE',  ( 0.000000000000000000, 0.000000000000000000, -1.000000000000000000 ) ) ;
#3147 = CARTESIAN_POINT ( 'NONE',  ( -22.02499999999999858, 2.697284575122045346E-15, 12.00000000000000000 ) ) ;
#3148 = AXIS2_PLACEMENT_3D ( 'NONE', #3418, #322, #3832 ) ;
#3149 = DIRECTION ( 'NONE',  ( 1.000000000000000000, 0.000000000000000000, 0.000000000000000000 ) ) ;
#3150 = ORIENTED_EDGE ( 'NONE', *, *, #3747, .T. ) ;
#3151 = ORIENTED_EDGE ( 'NONE', *, *, #3136, .T. ) ;
#3152 = DIRECTION ( 'NONE',  ( -0.000000000000000000, -0.000000000000000000, 1.000000000000000000 ) ) ;
#3153 = ORIENTED_EDGE ( 'NONE', *, *, #4305, .F. ) ;
#3154 = CIRCLE ( 'NONE', #1355, 4.025000000000000355 ) ;
#3155 = CARTESIAN_POINT ( 'NONE',  ( 87.42662171127211934, -9.000000000058374638, 6.000000000000000000 ) ) ;
#3156 = ORIENTED_EDGE ( 'NONE', *, *, #3449, .F. ) ;
#3157 = CARTESIAN_POINT ( 'NONE',  ( 30.02499999999999503, 1.734723475976807094E-15, -61.90760220690642512 ) ) ;
#3158 = AXIS2_PLACEMENT_3D ( 'NONE', #1236, #2097, #3369 ) ;
#3159 = CARTESIAN_POINT ( 'NONE',  ( 132.6266217112720085, 8.999999999942206230, -2.999999999999999112 ) ) ;
#3160 = CARTESIAN_POINT ( 'NONE',  ( 205.2477587016342113, 49.00000000000000000, 12.00000000000000000 ) ) ;
#3161 = FACE_BOUND ( 'NONE', #2705, .T. ) ;
#3162 = ORIENTED_EDGE ( 'NONE', *, *, #4054, .F. ) ;
#3163 = ADVANCED_FACE ( 'NONE', ( #726 ), #2525, .F. ) ;
#3164 = EDGE_CURVE ( 'NONE', #2520, #4481, #4094, .T. ) ;
#3165 = AXIS2_PLACEMENT_3D ( 'NONE', #2759, #5379, #1748 ) ;
#3166 = FACE_BOUND ( 'NONE', #3717, .T. ) ;
#3167 = DIRECTION ( 'NONE',  ( 1.000000000000000000, 0.000000000000000000, 0.000000000000000000 ) ) ;
#3168 = CIRCLE ( 'NONE', #2133, 2.124999999999988010 ) ;
#3169 = VERTEX_POINT ( 'NONE', #2722 ) ;
#3170 = CIRCLE ( 'NONE', #4409, 3.000000000000002665 ) ;
#3171 = EDGE_CURVE ( 'NONE', #3793, #5190, #5347, .T. ) ;
#3172 = DIRECTION ( 'NONE',  ( 0.8021956551050928308, -0.5970612455439651134, 0.000000000000000000 ) ) ;
#3173 = CIRCLE ( 'NONE', #3637, 3.649999999999986589 ) ;
#3174 = CARTESIAN_POINT ( 'NONE',  ( 223.6312056099599488, -25.40668714406035633, 7.000000000000000000 ) ) ;
#3175 = ADVANCED_FACE ( 'NONE', ( #3663 ), #5407, .F. ) ;
#3176 = DIRECTION ( 'NONE',  ( -0.000000000000000000, -0.000000000000000000, -1.000000000000000000 ) ) ;
#3177 = EDGE_CURVE ( 'NONE', #1613, #1636, #1837, .T. ) ;
#3178 = ADVANCED_FACE ( 'NONE', ( #4513 ), #3230, .F. ) ;
#3179 = DIRECTION ( 'NONE',  ( 1.000000000000000000, 0.000000000000000000, 0.000000000000000000 ) ) ;
#3180 = DIRECTION ( 'NONE',  ( 1.000000000000000000, 0.000000000000000000, 0.000000000000000000 ) ) ;
#3181 = EDGE_LOOP ( 'NONE', ( #1894, #2568, #1087, #3840 ) ) ;
#3182 = ORIENTED_EDGE ( 'NONE', *, *, #456, .T. ) ;
#3183 = CARTESIAN_POINT ( 'NONE',  ( 156.4266217112695756, 13.00000000000000533, -28.99999999999999645 ) ) ;
#3184 = EDGE_LOOP ( 'NONE', ( #2201, #5303 ) ) ;
#3185 = EDGE_LOOP ( 'NONE', ( #3134, #5502, #1311, #5018 ) ) ;
#3186 = ADVANCED_FACE ( 'NONE', ( #5468 ), #2275, .T. ) ;
#3187 = CARTESIAN_POINT ( 'NONE',  ( 156.4266217112695756, 13.00000000000000533, 0.000000000000000000 ) ) ;
#3188 = FACE_OUTER_BOUND ( 'NONE', #5230, .T. ) ;
#3189 = DIRECTION ( 'NONE',  ( -0.000000000000000000, -0.000000000000000000, 1.000000000000000000 ) ) ;
#3190 = LINE ( 'NONE', #1853, #92 ) ;
#3191 = DIRECTION ( 'NONE',  ( 0.000000000000000000, -0.000000000000000000, -1.000000000000000000 ) ) ;
#3192 = ORIENTED_EDGE ( 'NONE', *, *, #5697, .T. ) ;
#3193 = CYLINDRICAL_SURFACE ( 'NONE', #317, 2.124999999999988010 ) ;
#3194 = DIRECTION ( 'NONE',  ( 1.000000000000000000, 0.000000000000000000, 0.000000000000000000 ) ) ;
#3195 = ORIENTED_EDGE ( 'NONE', *, *, #2462, .T. ) ;
#3196 = VERTEX_POINT ( 'NONE', #3174 ) ;
#3197 = VECTOR ( 'NONE', #3381, 1000.000000000000000 ) ;
#3198 = CARTESIAN_POINT ( 'NONE',  ( 213.4053415326041829, 37.00000000000001421, 12.00000000000000000 ) ) ;
#3199 = ORIENTED_EDGE ( 'NONE', *, *, #3025, .T. ) ;
#3200 = CARTESIAN_POINT ( 'NONE',  ( 135.4266217112711104, -11.23606797755777542, 0.000000000000000000 ) ) ;
#3201 = VECTOR ( 'NONE', #4999, 1000.000000000000000 ) ;
#3202 = DIRECTION ( 'NONE',  ( 0.000000000000000000, -0.000000000000000000, -1.000000000000000000 ) ) ;
#3203 = UNCERTAINTY_MEASURE_WITH_UNIT (LENGTH_MEASURE( 1.000000000000000082E-05 ), #416, 'distance_accuracy_value', 'NONE');
#3204 = CARTESIAN_POINT ( 'NONE',  ( -35.56077977407742452, 17.10103666349701257, 12.00000000000000000 ) ) ;
#3205 = EDGE_CURVE ( 'NONE', #1347, #2451, #4035, .T. ) ;
#3206 = AXIS2_PLACEMENT_3D ( 'NONE', #2648, #4964, #435 ) ;
#3207 = CARTESIAN_POINT ( 'NONE',  ( 80.57028722478011673, 6.199999999941616657, 12.00000000000000355 ) ) ;
#3208 = VERTEX_POINT ( 'NONE', #1862 ) ;
#3209 = ORIENTED_EDGE ( 'NONE', *, *, #1612, .T. ) ;
#3210 = FACE_OUTER_BOUND ( 'NONE', #877, .T. ) ;
#3211 = ORIENTED_EDGE ( 'NONE', *, *, #1330, .T. ) ;
#3212 = ORIENTED_EDGE ( 'NONE', *, *, #1774, .T. ) ;
#3213 = AXIS2_PLACEMENT_3D ( 'NONE', #1372, #960, #3179 ) ;
#3214 = FACE_OUTER_BOUND ( 'NONE', #1354, .T. ) ;
#3215 = AXIS2_PLACEMENT_3D ( 'NONE', #30, #2378, #4546 ) ;
#3216 = VECTOR ( 'NONE', #1493, 1000.000000000000000 ) ;
#3217 = LINE ( 'NONE', #1943, #2793 ) ;
#3218 = EDGE_CURVE ( 'NONE', #5821, #3278, #1394, .T. ) ;
#3219 = CYLINDRICAL_SURFACE ( 'NONE', #3626, 2.999999999999586109 ) ;
#3220 = CARTESIAN_POINT ( 'NONE',  ( 94.22662171126960118, -12.99999999999999822, 11.99999999999999645 ) ) ;
#3221 = DIRECTION ( 'NONE',  ( 0.000000000000000000, 0.000000000000000000, -1.000000000000000000 ) ) ;
#3222 = CIRCLE ( 'NONE', #2555, 1.600000000000004086 ) ;
#3223 = VERTEX_POINT ( 'NONE', #4062 ) ;
#3224 = CARTESIAN_POINT ( 'NONE',  ( 194.2799999999999727, 17.00000000000000355, 0.000000000000000000 ) ) ;
#3225 = CARTESIAN_POINT ( 'NONE',  ( 38.54530418162234895, 51.24258085321581291, 0.000000000000000000 ) ) ;
#3226 = LINE ( 'NONE', #5109, #2589 ) ;
#3227 = VERTEX_POINT ( 'NONE', #4900 ) ;
#3228 = LINE ( 'NONE', #954, #3947 ) ;
#3229 = ORIENTED_EDGE ( 'NONE', *, *, #901, .T. ) ;
#3230 = CYLINDRICAL_SURFACE ( 'NONE', #2688, 2.124999999999988010 ) ;
#3231 = VERTEX_POINT ( 'NONE', #5019 ) ;
#3232 = FACE_BOUND ( 'NONE', #2150, .T. ) ;
#3233 = CYLINDRICAL_SURFACE ( 'NONE', #4617, 12.00000000000000355 ) ;
#3234 = CARTESIAN_POINT ( 'NONE',  ( 156.2799999999999727, 17.00000000000000000, 6.000000000000000000 ) ) ;
#3235 = VERTEX_POINT ( 'NONE', #2225 ) ;
#3236 = VERTEX_POINT ( 'NONE', #3200 ) ;
#3237 = CARTESIAN_POINT ( 'NONE',  ( 131.4266217112710819, 11.23606797744196939, 0.000000000000000000 ) ) ;
#3238 = EDGE_LOOP ( 'NONE', ( #5809, #2252, #620, #1814 ) ) ;
#3239 = ORIENTED_EDGE ( 'NONE', *, *, #1083, .T. ) ;
#3240 = FACE_OUTER_BOUND ( 'NONE', #1556, .T. ) ;
#3241 = VERTEX_POINT ( 'NONE', #57 ) ;
#3242 = EDGE_CURVE ( 'NONE', #5173, #2494, #985, .T. ) ;
#3243 = ORIENTED_EDGE ( 'NONE', *, *, #4439, .F. ) ;
#3244 = DIRECTION ( 'NONE',  ( 1.000000000000000000, 0.000000000000000000, 0.000000000000000000 ) ) ;
#3245 = DIRECTION ( 'NONE',  ( 1.000000000000000000, 0.000000000000000000, 0.000000000000000000 ) ) ;
#3246 = AXIS2_PLACEMENT_3D ( 'NONE', #1769, #3507, #5848 ) ;
#3247 = CYLINDRICAL_SURFACE ( 'NONE', #3609, 3.649999999999986589 ) ;
#3248 = DIRECTION ( 'NONE',  ( 1.000000000000000000, -0.000000000000000000, 0.000000000000000000 ) ) ;
#3249 = EDGE_LOOP ( 'NONE', ( #1634, #589, #5566, #5756 ) ) ;
#3250 = AXIS2_PLACEMENT_3D ( 'NONE', #5146, #5052, #3810 ) ;
#3251 = DIRECTION ( 'NONE',  ( 1.000000000000000000, 0.000000000000000000, 0.000000000000000000 ) ) ;
#3252 = EDGE_CURVE ( 'NONE', #2416, #4827, #2411, .T. ) ;
#3253 = EDGE_LOOP ( 'NONE', ( #2566, #1082, #5602, #3500, #5779, #163, #4616, #4888 ) ) ;
#3254 = VECTOR ( 'NONE', #602, 1000.000000000000000 ) ;
#3255 = FACE_OUTER_BOUND ( 'NONE', #3270, .T. ) ;
#3256 = DIRECTION ( 'NONE',  ( 0.000000000000000000, 0.000000000000000000, -1.000000000000000000 ) ) ;
#3257 = FACE_OUTER_BOUND ( 'NONE', #2812, .T. ) ;
#3258 = EDGE_LOOP ( 'NONE', ( #2983, #3050 ) ) ;
#3259 = AXIS2_PLACEMENT_3D ( 'NONE', #1686, #1626, #3901 ) ;
#3260 = DIRECTION ( 'NONE',  ( 1.000000000000000000, 0.000000000000000000, 0.000000000000000000 ) ) ;
#3261 = AXIS2_PLACEMENT_3D ( 'NONE', #1633, #4708, #3877 ) ;
#3262 = FACE_OUTER_BOUND ( 'NONE', #3343, .T. ) ;
#3263 = VECTOR ( 'NONE', #5622, 1000.000000000000000 ) ;
#3264 = DIRECTION ( 'NONE',  ( -1.000000000000000000, 0.000000000000000000, 0.000000000000000000 ) ) ;
#3265 = DIRECTION ( 'NONE',  ( -7.488828292483085482E-14, -1.000000000000000000, 0.000000000000000000 ) ) ;
#3266 = CARTESIAN_POINT ( 'NONE',  ( 0.000000000000000000, 0.000000000000000000, 12.00000000000000000 ) ) ;
#3267 = ORIENTED_EDGE ( 'NONE', *, *, #3289, .F. ) ;
#3268 = VERTEX_POINT ( 'NONE', #1335 ) ;
#3269 = CARTESIAN_POINT ( 'NONE',  ( 134.2266217112702407, 8.999999999942206230, 11.99999999999999645 ) ) ;
#3270 = EDGE_LOOP ( 'NONE', ( #2444, #2245, #1909, #147 ) ) ;
#3271 = VERTEX_POINT ( 'NONE', #5800 ) ;
#3272 = CARTESIAN_POINT ( 'NONE',  ( 246.8037943900397977, 25.40668714406047002, 0.000000000000000000 ) ) ;
#3273 = FACE_OUTER_BOUND ( 'NONE', #459, .T. ) ;
#3274 = CYLINDRICAL_SURFACE ( 'NONE', #5142, 3.650000000000014566 ) ;
#3275 = ADVANCED_FACE ( 'NONE', ( #3573 ), #395, .T. ) ;
#3276 = CARTESIAN_POINT ( 'NONE',  ( 83.14725167159187436, 8.999999999941618256, 12.00000000000000000 ) ) ;
#3277 = DIRECTION ( 'NONE',  ( 0.000000000000000000, 1.000000000000000000, -0.000000000000000000 ) ) ;
#3278 = VERTEX_POINT ( 'NONE', #4541 ) ;
#3279 = DIRECTION ( 'NONE',  ( 1.000000000000000000, 0.000000000000000000, 0.000000000000000000 ) ) ;
#3280 = ORIENTED_EDGE ( 'NONE', *, *, #582, .T. ) ;
#3281 = CARTESIAN_POINT ( 'NONE',  ( 133.4266217112711104, 8.999999999942206230, -61.90760220690642512 ) ) ;
#3282 = LINE ( 'NONE', #5075, #3808 ) ;
#3283 = EDGE_CURVE ( 'NONE', #5853, #1469, #868, .T. ) ;
#3284 = DIRECTION ( 'NONE',  ( -0.000000000000000000, -0.000000000000000000, 1.000000000000000000 ) ) ;
#3285 = ORIENTED_EDGE ( 'NONE', *, *, #5117, .F. ) ;
#3286 = CARTESIAN_POINT ( 'NONE',  ( 139.4266217112696324, 17.00000000000000711, 0.000000000000000000 ) ) ;
#3287 = EDGE_CURVE ( 'NONE', #722, #5205, #629, .T. ) ;
#3288 = DIRECTION ( 'NONE',  ( -1.000000000000000000, 0.000000000000000000, 0.000000000000000000 ) ) ;
#3289 = EDGE_CURVE ( 'NONE', #5122, #737, #1458, .T. ) ;
#3290 = FACE_BOUND ( 'NONE', #689, .T. ) ;
#3291 = PLANE ( 'NONE',  #1140 ) ;
#3292 = DIRECTION ( 'NONE',  ( -1.000000000000000000, 0.000000000000000000, 0.000000000000000000 ) ) ;
#3293 = ORIENTED_EDGE ( 'NONE', *, *, #5857, .F. ) ;
#3294 = CARTESIAN_POINT ( 'NONE',  ( 246.8037943900400251, -25.40668714406034923, 7.000000000000000000 ) ) ;
#3295 = VERTEX_POINT ( 'NONE', #4926 ) ;
#3296 = ORIENTED_EDGE ( 'NONE', *, *, #4750, .T. ) ;
#3297 = CARTESIAN_POINT ( 'NONE',  ( 47.52046874783079744, -10.44181752504934657, 11.99999999999999645 ) ) ;
#3298 = VECTOR ( 'NONE', #2920, 1000.000000000000000 ) ;
#3299 = VECTOR ( 'NONE', #2032, 1000.000000000000000 ) ;
#3300 = CARTESIAN_POINT ( 'NONE',  ( 173.2800000000000011, -15.00000000000000355, 0.000000000000000000 ) ) ;
#3301 = CARTESIAN_POINT ( 'NONE',  ( 27.41963007517151141, -5.793488719308089507, 12.00000000000000000 ) ) ;
#3302 = CARTESIAN_POINT ( 'NONE',  ( 41.53481053043000770, -11.12921893940811913, -8.000000000000000000 ) ) ;
#3303 = LINE ( 'NONE', #2392, #5568 ) ;
#3304 = ORIENTED_EDGE ( 'NONE', *, *, #747, .F. ) ;
#3305 = VECTOR ( 'NONE', #5381, 1000.000000000000000 ) ;
#3306 = DIRECTION ( 'NONE',  ( -0.000000000000000000, 0.000000000000000000, 1.000000000000000000 ) ) ;
#3307 = ORIENTED_EDGE ( 'NONE', *, *, #823, .F. ) ;
#3308 = CIRCLE ( 'NONE', #2450, 19.99999999999998934 ) ;
#3309 = AXIS2_PLACEMENT_3D ( 'NONE', #1778, #4930, #926 ) ;
#3310 = DIRECTION ( 'NONE',  ( -1.000000000000000000, 0.000000000000000000, 0.000000000000000000 ) ) ;
#3311 = ADVANCED_FACE ( 'NONE', ( #450 ), #3788, .F. ) ;
#3312 = AXIS2_PLACEMENT_3D ( 'NONE', #4052, #4915, #5844 ) ;
#3313 = FACE_OUTER_BOUND ( 'NONE', #1549, .T. ) ;
#3314 = CARTESIAN_POINT ( 'NONE',  ( 225.7562056099600625, -25.40668714406038475, 0.000000000000000000 ) ) ;
#3315 = VERTEX_POINT ( 'NONE', #5536 ) ;
#3316 = VECTOR ( 'NONE', #2628, 1000.000000000000000 ) ;
#3317 = ORIENTED_EDGE ( 'NONE', *, *, #1722, .F. ) ;
#3318 = ADVANCED_FACE ( 'NONE', ( #1569 ), #3372, .F. ) ;
#3319 = DIRECTION ( 'NONE',  ( 0.7991505443142394860, -0.6011309404133634571, 0.000000000000000000 ) ) ;
#3320 = CARTESIAN_POINT ( 'NONE',  ( -32.53555902978136061, 5.517009934703099638, -2.999999999999999112 ) ) ;
#3321 = CARTESIAN_POINT ( 'NONE',  ( -28.46994982707818167, 16.68717941545698835, 0.000000000000000000 ) ) ;
#3322 = EDGE_CURVE ( 'NONE', #4013, #5763, #5792, .T. ) ;
#3323 = CARTESIAN_POINT ( 'NONE',  ( -4.718447854656905042E-15, -16.99999999999996092, 0.000000000000000000 ) ) ;
#3324 = DIRECTION ( 'NONE',  ( 1.000000000000000000, 0.000000000000000000, 0.000000000000000000 ) ) ;
#3325 = ORIENTED_EDGE ( 'NONE', *, *, #5266, .T. ) ;
#3326 = ORIENTED_EDGE ( 'NONE', *, *, #4139, .F. ) ;
#3327 = DIRECTION ( 'NONE',  ( 0.000000000000000000, 0.000000000000000000, -1.000000000000000000 ) ) ;
#3328 = FACE_OUTER_BOUND ( 'NONE', #458, .T. ) ;
#3329 = CARTESIAN_POINT ( 'NONE',  ( 127.8856893542408812, -6.200000000057787730, 0.000000000000000000 ) ) ;
#3330 = DIRECTION ( 'NONE',  ( -0.000000000000000000, -0.000000000000000000, -1.000000000000000000 ) ) ;
#3331 = CARTESIAN_POINT ( 'NONE',  ( 131.4266217112710819, 2.696524391936013734E-13, 0.000000000000000000 ) ) ;
#3332 = ORIENTED_EDGE ( 'NONE', *, *, #3007, .F. ) ;
#3333 = DIRECTION ( 'NONE',  ( 1.000000000000000000, -5.266124837786741457E-15, 0.000000000000000000 ) ) ;
#3334 = ORIENTED_EDGE ( 'NONE', *, *, #5182, .T. ) ;
#3335 = DIRECTION ( 'NONE',  ( -0.000000000000000000, -0.000000000000000000, 1.000000000000000000 ) ) ;
#3336 = AXIS2_PLACEMENT_3D ( 'NONE', #506, #1982, #5556 ) ;
#3337 = DIRECTION ( 'NONE',  ( 0.000000000000000000, 1.000000000000000000, 0.000000000000000000 ) ) ;
#3338 = DIRECTION ( 'NONE',  ( -1.000000000000000000, 0.000000000000000000, 0.000000000000000000 ) ) ;
#3339 = VERTEX_POINT ( 'NONE', #214 ) ;
#3340 = EDGE_CURVE ( 'NONE', #2494, #3421, #1735, .T. ) ;
#3341 = AXIS2_PLACEMENT_3D ( 'NONE', #4630, #5139, #5557 ) ;
#3342 = VERTEX_POINT ( 'NONE', #2339 ) ;
#3343 = EDGE_LOOP ( 'NONE', ( #4968, #2860, #5330, #4199 ) ) ;
#3344 = CARTESIAN_POINT ( 'NONE',  ( 35.63610991735736633, -7.922015543138114957, 12.00000000000000000 ) ) ;
#3345 = VECTOR ( 'NONE', #3016, 1000.000000000000000 ) ;
#3346 = ADVANCED_FACE ( 'NONE', ( #2405 ), #4253, .T. ) ;
#3347 = DIRECTION ( 'NONE',  ( -0.000000000000000000, -0.000000000000000000, -1.000000000000000000 ) ) ;
#3348 = CARTESIAN_POINT ( 'NONE',  ( 93.76755406845290963, 8.999999999941620032, 0.000000000000000000 ) ) ;
#3349 = VECTOR ( 'NONE', #2834, 1000.000000000000000 ) ;
#3350 = AXIS2_PLACEMENT_3D ( 'NONE', #4755, #3457, #695 ) ;
#3351 = FACE_OUTER_BOUND ( 'NONE', #1106, .T. ) ;
#3352 = ORIENTED_EDGE ( 'NONE', *, *, #4880, .F. ) ;
#3353 = EDGE_CURVE ( 'NONE', #5033, #5795, #2693, .T. ) ;
#3354 = AXIS2_PLACEMENT_3D ( 'NONE', #2925, #4905, #3149 ) ;
#3355 = DIRECTION ( 'NONE',  ( 1.000000000000000000, 0.000000000000000000, 0.000000000000000000 ) ) ;
#3356 = CARTESIAN_POINT ( 'NONE',  ( 160.4266217112696040, 12.99999999999997691, -28.99999999999999645 ) ) ;
#3357 = CIRCLE ( 'NONE', #338, 3.000000000000058176 ) ;
#3358 = CARTESIAN_POINT ( 'NONE',  ( -59.60898011258912277, 9.461796337744496910, 12.00000000000000000 ) ) ;
#3359 = AXIS2_PLACEMENT_3D ( 'NONE', #4005, #2721, #4923 ) ;
#3360 = LINE ( 'NONE', #1579, #1745 ) ;
#3361 = VERTEX_POINT ( 'NONE', #4574 ) ;
#3363 = EDGE_CURVE ( 'NONE', #5852, #2347, #576, .T. ) ;
#3362 = ORIENTED_EDGE ( 'NONE', *, *, #433, .T. ) ;
#3364 = DIRECTION ( 'NONE',  ( -0.000000000000000000, 0.000000000000000000, 1.000000000000000000 ) ) ;
#3365 = ORIENTED_EDGE ( 'NONE', *, *, #4029, .F. ) ;
#3366 = CARTESIAN_POINT ( 'NONE',  ( 127.8856893542408812, -6.200000000057787730, 12.00000000000000000 ) ) ;
#3367 = LINE ( 'NONE', #3448, #5605 ) ;
#3368 = ADVANCED_FACE ( 'NONE', ( #3262 ), #2373, .F. ) ;
#3369 = DIRECTION ( 'NONE',  ( 1.000000000000000000, 0.000000000000000000, 0.000000000000000000 ) ) ;
#3370 = CARTESIAN_POINT ( 'NONE',  ( 212.7799999999999443, 0.000000000000000000, 12.00000000000000000 ) ) ;
#3371 = VERTEX_POINT ( 'NONE', #1045 ) ;
#3372 = CYLINDRICAL_SURFACE ( 'NONE', #3715, 2.799999999999997158 ) ;
#3373 = ORIENTED_EDGE ( 'NONE', *, *, #2452, .T. ) ;
#3374 = ORIENTED_EDGE ( 'NONE', *, *, #867, .F. ) ;
#3375 = CARTESIAN_POINT ( 'NONE',  ( 131.4266217112710819, -5.744235880838472141, 11.99999999999996980 ) ) ;
#3376 = DIRECTION ( 'NONE',  ( 0.000000000000000000, -0.000000000000000000, -1.000000000000000000 ) ) ;
#3377 = DIRECTION ( 'NONE',  ( -1.000000000000000000, 0.000000000000000000, -0.000000000000000000 ) ) ;
#3378 = VECTOR ( 'NONE', #5192, 1000.000000000000000 ) ;
#3379 = DIRECTION ( 'NONE',  ( 0.9983010947471178120, -0.05826597829528143424, 0.000000000000000000 ) ) ;
#3380 = AXIS2_PLACEMENT_3D ( 'NONE', #2975, #729, #4315 ) ;
#3381 = DIRECTION ( 'NONE',  ( -0.000000000000000000, -0.000000000000000000, -1.000000000000000000 ) ) ;
#3382 = EDGE_CURVE ( 'NONE', #1360, #3196, #5530, .T. ) ;
#3383 = DIRECTION ( 'NONE',  ( 0.000000000000000000, 0.000000000000000000, -1.000000000000000000 ) ) ;
#3384 = ORIENTED_EDGE ( 'NONE', *, *, #279, .T. ) ;
#3385 = DIRECTION ( 'NONE',  ( 0.000000000000000000, 0.000000000000000000, -1.000000000000000000 ) ) ;
#3386 = ORIENTED_EDGE ( 'NONE', *, *, #4642, .F. ) ;
#3387 = CYLINDRICAL_SURFACE ( 'NONE', #5789, 2.799999999999997158 ) ;
#3388 = EDGE_CURVE ( 'NONE', #1636, #5434, #2854, .T. ) ;
#3389 = EDGE_LOOP ( 'NONE', ( #1956, #3523, #3762, #5168 ) ) ;
#3390 = EDGE_CURVE ( 'NONE', #2802, #1024, #4635, .T. ) ;
#3391 = DIRECTION ( 'NONE',  ( 0.000000000000000000, 0.000000000000000000, 1.000000000000000000 ) ) ;
#3392 = DIRECTION ( 'NONE',  ( -0.000000000000000000, 0.000000000000000000, 1.000000000000000000 ) ) ;
#3393 = DIRECTION ( 'NONE',  ( 1.000000000000000000, 0.000000000000000000, 0.000000000000000000 ) ) ;
#3394 = AXIS2_PLACEMENT_3D ( 'NONE', #707, #4349, #315 ) ;
#3395 = ORIENTED_EDGE ( 'NONE', *, *, #1754, .F. ) ;
#3396 = VECTOR ( 'NONE', #126, 1000.000000000000114 ) ;
#3397 = VECTOR ( 'NONE', #5120, 1000.000000000000000 ) ;
#3398 = DIRECTION ( 'NONE',  ( -1.000000000000000000, 0.000000000000000000, 0.000000000000000000 ) ) ;
#3399 = ORIENTED_EDGE ( 'NONE', *, *, #725, .T. ) ;
#3400 = VERTEX_POINT ( 'NONE', #93 ) ;
#3401 = EDGE_CURVE ( 'NONE', #4232, #909, #4272, .T. ) ;
#3402 = CIRCLE ( 'NONE', #861, 12.00000000000000355 ) ;
#3403 = DIRECTION ( 'NONE',  ( 1.000000000000000000, 0.000000000000000000, -0.000000000000000000 ) ) ;
#3404 = EDGE_CURVE ( 'NONE', #2092, #5001, #2497, .T. ) ;
#3405 = CARTESIAN_POINT ( 'NONE',  ( 83.14725167159187436, 8.999999999941618256, 0.000000000000000000 ) ) ;
#3406 = CARTESIAN_POINT ( 'NONE',  ( 222.1062056099601421, 25.40668714406043094, 7.000000000000000000 ) ) ;
#3407 = DIRECTION ( 'NONE',  ( 1.000000000000000000, 0.000000000000000000, 0.000000000000000000 ) ) ;
#3408 = CARTESIAN_POINT ( 'NONE',  ( 246.8037943900400819, 25.40668714406033146, 12.00000000000000000 ) ) ;
#3409 = CARTESIAN_POINT ( 'NONE',  ( -24.15632106539967339, 14.15881889796350812, 0.000000000000000000 ) ) ;
#3410 = ORIENTED_EDGE ( 'NONE', *, *, #2763, .F. ) ;
#3411 = EDGE_LOOP ( 'NONE', ( #5475, #819 ) ) ;
#3412 = DIRECTION ( 'NONE',  ( -1.000000000000000000, 0.000000000000000000, 0.000000000000000000 ) ) ;
#3413 = ORIENTED_EDGE ( 'NONE', *, *, #4809, .F. ) ;
#3414 = EDGE_CURVE ( 'NONE', #1811, #1511, #3695, .T. ) ;
#3415 = DIRECTION ( 'NONE',  ( -0.000000000000000000, -0.000000000000000000, 1.000000000000000000 ) ) ;
#3416 = VECTOR ( 'NONE', #5277, 1000.000000000000000 ) ;
#3417 = ORIENTED_EDGE ( 'NONE', *, *, #247, .T. ) ;
#3418 = CARTESIAN_POINT ( 'NONE',  ( 246.8037943900400251, -25.40668714406034923, 7.000000000000000000 ) ) ;
#3419 = LINE ( 'NONE', #5221, #1635 ) ;
#3420 = CARTESIAN_POINT ( 'NONE',  ( 130.7993613459197491, -7.551724137988855112, -61.90760220690642512 ) ) ;
#3421 = VERTEX_POINT ( 'NONE', #2882 ) ;
#3422 = EDGE_CURVE ( 'NONE', #3588, #1753, #1993, .T. ) ;
#3423 = CIRCLE ( 'NONE', #2108, 3.999999999999976019 ) ;
#3424 = CARTESIAN_POINT ( 'NONE',  ( -7.632783294297946285E-16, 10.99999999999999112, 0.000000000000000000 ) ) ;
#3425 = VERTEX_POINT ( 'NONE', #3344 ) ;
#3426 = ORIENTED_EDGE ( 'NONE', *, *, #498, .F. ) ;
#3427 = CIRCLE ( 'NONE', #5220, 2.000000000000001776 ) ;
#3428 = CIRCLE ( 'NONE', #1075, 2.999999999999960920 ) ;
#3429 = EDGE_CURVE ( 'NONE', #3023, #2121, #2465, .T. ) ;
#3430 = DIRECTION ( 'NONE',  ( 0.000000000000000000, -0.000000000000000000, -1.000000000000000000 ) ) ;
#3431 = CARTESIAN_POINT ( 'NONE',  ( 88.22662171127134911, -9.000000000058374638, 11.99999999999999645 ) ) ;
#3432 = AXIS2_PLACEMENT_3D ( 'NONE', #1565, #4720, #686 ) ;
#3433 = FACE_OUTER_BOUND ( 'NONE', #3754, .T. ) ;
#3434 = CARTESIAN_POINT ( 'NONE',  ( 35.93924083613036657, -15.00000000000000000, -22.99999999999999645 ) ) ;
#3435 = DIRECTION ( 'NONE',  ( 0.000000000000000000, -0.000000000000000000, 1.000000000000000000 ) ) ;
#3436 = VECTOR ( 'NONE', #3850, 1000.000000000000000 ) ;
#3437 = DIRECTION ( 'NONE',  ( -1.000000000000000000, 1.088026939760487788E-16, 0.000000000000000000 ) ) ;
#3438 = CIRCLE ( 'NONE', #2310, 2.799999999999997158 ) ;
#3439 = CARTESIAN_POINT ( 'NONE',  ( 171.2800000000000011, 13.00000000000000355, 0.000000000000000000 ) ) ;
#3440 = EDGE_CURVE ( 'NONE', #2313, #1654, #718, .T. ) ;
#3441 = VERTEX_POINT ( 'NONE', #5226 ) ;
#3442 = AXIS2_PLACEMENT_3D ( 'NONE', #4553, #4527, #438 ) ;
#3443 = ORIENTED_EDGE ( 'NONE', *, *, #1293, .T. ) ;
#3444 = CARTESIAN_POINT ( 'NONE',  ( 134.2266217112702407, 8.999999999942206230, -2.999999999999999112 ) ) ;
#3445 = ORIENTED_EDGE ( 'NONE', *, *, #4312, .T. ) ;
#3446 = CARTESIAN_POINT ( 'NONE',  ( 261.6866871440603859, -10.52379439003989248, 7.000000000000000000 ) ) ;
#3447 = ORIENTED_EDGE ( 'NONE', *, *, #3671, .T. ) ;
#3448 = CARTESIAN_POINT ( 'NONE',  ( 0.000000000000000000, 17.00000000000000000, 0.000000000000000000 ) ) ;
#3449 = EDGE_CURVE ( 'NONE', #2520, #966, #4773, .T. ) ;
#3450 = DIRECTION ( 'NONE',  ( 1.000000000000000000, 0.000000000000000000, 0.000000000000000000 ) ) ;
#3451 = DIRECTION ( 'NONE',  ( 0.000000000000000000, -0.000000000000000000, -1.000000000000000000 ) ) ;
#3452 = ORIENTED_EDGE ( 'NONE', *, *, #3521, .F. ) ;
#3453 = EDGE_CURVE ( 'NONE', #1502, #1988, #4758, .T. ) ;
#3454 = FACE_OUTER_BOUND ( 'NONE', #4548, .T. ) ;
#3455 = EDGE_LOOP ( 'NONE', ( #1757, #4244, #2014, #2997 ) ) ;
#3456 = ORIENTED_EDGE ( 'NONE', *, *, #650, .T. ) ;
#3457 = DIRECTION ( 'NONE',  ( 0.000000000000000000, 0.000000000000000000, -1.000000000000000000 ) ) ;
#3458 = DIRECTION ( 'NONE',  ( 1.000000000000000000, 0.000000000000000000, 0.000000000000000000 ) ) ;
#3459 = ADVANCED_FACE ( 'NONE', ( #267 ), #1714, .F. ) ;
#3460 = CARTESIAN_POINT ( 'NONE',  ( 133.4266217112713377, -9.000000000057788441, 6.000000000000000000 ) ) ;
#3461 = CARTESIAN_POINT ( 'NONE',  ( 223.9224258854298171, 19.98850574712645312, 12.00000000000000000 ) ) ;
#3462 = LINE ( 'NONE', #277, #1762 ) ;
#3463 = CARTESIAN_POINT ( 'NONE',  ( 227.8812056099599204, -25.40668714406035633, 7.000000000000000000 ) ) ;
#3464 = CARTESIAN_POINT ( 'NONE',  ( 225.7562056099599204, -25.40668714406035633, 12.00099999999999945 ) ) ;
#3465 = EDGE_LOOP ( 'NONE', ( #2622, #2369 ) ) ;
#3466 = EDGE_LOOP ( 'NONE', ( #4302, #3156, #2056, #5212 ) ) ;
#3467 = CARTESIAN_POINT ( 'NONE',  ( 173.2800000000000011, -17.00000000000000355, 6.000000000000000000 ) ) ;
#3468 = VECTOR ( 'NONE', #107, 1000.000000000000000 ) ;
#3469 = EDGE_LOOP ( 'NONE', ( #2967, #3775, #2302, #710 ) ) ;
#3470 = DIRECTION ( 'NONE',  ( 0.000000000000000000, 0.000000000000000000, 1.000000000000000000 ) ) ;
#3471 = VERTEX_POINT ( 'NONE', #243 ) ;
#3472 = ADVANCED_FACE ( 'NONE', ( #5739 ), #3020, .F. ) ;
#3473 = DIRECTION ( 'NONE',  ( 0.000000000000000000, 0.000000000000000000, -1.000000000000000000 ) ) ;
#3474 = VECTOR ( 'NONE', #1344, 1000.000000000000000 ) ;
#3475 = FACE_OUTER_BOUND ( 'NONE', #542, .T. ) ;
#3476 = CARTESIAN_POINT ( 'NONE',  ( 265.3366871440606474, 10.52379439003986406, 7.000000000000000000 ) ) ;
#3477 = ORIENTED_EDGE ( 'NONE', *, *, #5712, .F. ) ;
#3478 = VECTOR ( 'NONE', #2227, 1000.000000000000000 ) ;
#3479 = CIRCLE ( 'NONE', #942, 3.649999999999986589 ) ;
#3480 = CIRCLE ( 'NONE', #3668, 1.600000000000004086 ) ;
#3481 = CARTESIAN_POINT ( 'NONE',  ( 261.6866871440604427, 10.52379439003986406, 7.000000000000000000 ) ) ;
#3482 = EDGE_LOOP ( 'NONE', ( #35, #922, #4935, #968 ) ) ;
#3483 = ORIENTED_EDGE ( 'NONE', *, *, #1329, .T. ) ;
#3484 = CIRCLE ( 'NONE', #2738, 0.7999999999991069810 ) ;
#3485 = CYLINDRICAL_SURFACE ( 'NONE', #4170, 3.649999999999986589 ) ;
#3486 = EDGE_CURVE ( 'NONE', #3023, #3223, #798, .T. ) ;
#3487 = CIRCLE ( 'NONE', #5762, 2.000000000000001776 ) ;
#3488 = CARTESIAN_POINT ( 'NONE',  ( 194.2799999999999727, -17.00000000000001421, 0.000000000000000000 ) ) ;
#3489 = DIRECTION ( 'NONE',  ( -1.000000000000000000, 0.000000000000000000, 0.000000000000000000 ) ) ;
#3490 = DIRECTION ( 'NONE',  ( 1.000000000000000000, 0.000000000000000000, 0.000000000000000000 ) ) ;
#3491 = CARTESIAN_POINT ( 'NONE',  ( 173.2800000000000011, 15.00000000000000355, 0.000000000000000000 ) ) ;
#3492 = EDGE_CURVE ( 'NONE', #3693, #3659, #4073, .T. ) ;
#3493 = CARTESIAN_POINT ( 'NONE',  ( 43.79404670225725482, -5.543838297060866616, 12.00000000000000000 ) ) ;
#3494 = CIRCLE ( 'NONE', #1708, 2.124999999999988010 ) ;
#3495 = DIRECTION ( 'NONE',  ( -0.000000000000000000, -0.000000000000000000, 1.000000000000000000 ) ) ;
#3496 = VERTEX_POINT ( 'NONE', #299 ) ;
#3497 = VERTEX_POINT ( 'NONE', #743 ) ;
#3498 = DIRECTION ( 'NONE',  ( 1.118194909425186913E-13, -1.000000000000000000, 0.000000000000000000 ) ) ;
#3499 = ORIENTED_EDGE ( 'NONE', *, *, #5295, .F. ) ;
#3500 = ORIENTED_EDGE ( 'NONE', *, *, #4777, .T. ) ;
#3501 = DIRECTION ( 'NONE',  ( 0.000000000000000000, -0.000000000000000000, -1.000000000000000000 ) ) ;
#3502 = LINE ( 'NONE', #1261, #1340 ) ;
#3503 = EDGE_CURVE ( 'NONE', #3961, #1365, #2542, .T. ) ;
#3504 = CARTESIAN_POINT ( 'NONE',  ( -16.71771487523102806, -22.46147834294259837, 12.00000000000000000 ) ) ;
#3505 = DIRECTION ( 'NONE',  ( 1.000000000000000000, 0.000000000000000000, 0.000000000000000000 ) ) ;
#3506 = ORIENTED_EDGE ( 'NONE', *, *, #3068, .T. ) ;
#3507 = DIRECTION ( 'NONE',  ( -0.000000000000000000, -0.000000000000000000, 1.000000000000000000 ) ) ;
#3508 = CARTESIAN_POINT ( 'NONE',  ( 156.2799999999999727, -17.00000000000000000, 6.000000000000000000 ) ) ;
#3509 = EDGE_CURVE ( 'NONE', #444, #3271, #4331, .T. ) ;
#3510 = ORIENTED_EDGE ( 'NONE', *, *, #4587, .T. ) ;
#3511 = EDGE_LOOP ( 'NONE', ( #2333, #2334 ) ) ;
#3512 = CARTESIAN_POINT ( 'NONE',  ( 236.2800000000000011, 0.000000000000000000, 12.00000000000000000 ) ) ;
#3513 = DIRECTION ( 'NONE',  ( -0.000000000000000000, -0.000000000000000000, 1.000000000000000000 ) ) ;
#3514 = CIRCLE ( 'NONE', #3054, 3.000000000000002665 ) ;
#3515 = CYLINDRICAL_SURFACE ( 'NONE', #4375, 22.02499999999999858 ) ;
#3516 = AXIS2_PLACEMENT_3D ( 'NONE', #2243, #3944, #1801 ) ;
#3517 = FACE_OUTER_BOUND ( 'NONE', #3184, .T. ) ;
#3518 = EDGE_CURVE ( 'NONE', #4698, #5788, #5408, .T. ) ;
#3519 = DIRECTION ( 'NONE',  ( -1.000000000000000000, 0.000000000000000000, 0.000000000000000000 ) ) ;
#3520 = LINE ( 'NONE', #1779, #5096 ) ;
#3521 = EDGE_CURVE ( 'NONE', #4016, #3809, #3427, .T. ) ;
#3522 = CARTESIAN_POINT ( 'NONE',  ( 50.35981053043001054, -12.00013170854912126, 0.000000000000000000 ) ) ;
#3523 = ORIENTED_EDGE ( 'NONE', *, *, #5301, .T. ) ;
#3524 = ORIENTED_EDGE ( 'NONE', *, *, #4849, .F. ) ;
#3525 = DIRECTION ( 'NONE',  ( -0.000000000000000000, -0.000000000000000000, -1.000000000000000000 ) ) ;
#3526 = ORIENTED_EDGE ( 'NONE', *, *, #5081, .T. ) ;
#3527 = ORIENTED_EDGE ( 'NONE', *, *, #3518, .T. ) ;
#3528 = DIRECTION ( 'NONE',  ( -0.000000000000000000, -0.000000000000000000, 1.000000000000000000 ) ) ;
#3529 = VECTOR ( 'NONE', #5240, 1000.000000000000000 ) ;
#3530 = LINE ( 'NONE', #4471, #1356 ) ;
#3531 = EDGE_CURVE ( 'NONE', #3701, #1064, #3984, .T. ) ;
#3532 = AXIS2_PLACEMENT_3D ( 'NONE', #2170, #305, #1971 ) ;
#3533 = DIRECTION ( 'NONE',  ( 0.000000000000000000, 0.000000000000000000, 1.000000000000000000 ) ) ;
#3534 = DIRECTION ( 'NONE',  ( -0.000000000000000000, -0.000000000000000000, 1.000000000000000000 ) ) ;
#3535 = LINE ( 'NONE', #1291, #3586 ) ;
#3536 = ORIENTED_EDGE ( 'NONE', *, *, #3242, .T. ) ;
#3537 = FACE_OUTER_BOUND ( 'NONE', #1492, .T. ) ;
#3538 = CARTESIAN_POINT ( 'NONE',  ( 43.78510474979007228, -5.540229681383490146, -61.90760220690642512 ) ) ;
#3539 = CIRCLE ( 'NONE', #1944, 3.000000000000002665 ) ;
#3540 = ORIENTED_EDGE ( 'NONE', *, *, #1364, .F. ) ;
#3541 = ORIENTED_EDGE ( 'NONE', *, *, #4126, .T. ) ;
#3542 = CYLINDRICAL_SURFACE ( 'NONE', #4951, 1.600000000000004086 ) ;
#3543 = EDGE_LOOP ( 'NONE', ( #1825, #4820, #3083, #1756 ) ) ;
#3544 = ADVANCED_FACE ( 'NONE', ( #3454 ), #4361, .F. ) ;
#3545 = DIRECTION ( 'NONE',  ( 0.000000000000000000, 0.000000000000000000, 1.000000000000000000 ) ) ;
#3546 = FACE_BOUND ( 'NONE', #835, .T. ) ;
#3547 = VECTOR ( 'NONE', #1576, 1000.000000000000000 ) ;
#3548 = DIRECTION ( 'NONE',  ( 0.000000000000000000, 0.000000000000000000, 1.000000000000000000 ) ) ;
#3549 = VERTEX_POINT ( 'NONE', #3049 ) ;
#3550 = DIRECTION ( 'NONE',  ( -0.000000000000000000, -0.000000000000000000, -1.000000000000000000 ) ) ;
#3551 = CARTESIAN_POINT ( 'NONE',  ( 88.22662171127112174, 8.999999999941620032, 0.000000000000000000 ) ) ;
#3552 = EDGE_LOOP ( 'NONE', ( #4950, #1882, #1325, #3540 ) ) ;
#3553 = VERTEX_POINT ( 'NONE', #2137 ) ;
#3554 = CARTESIAN_POINT ( 'NONE',  ( 261.6866871440603290, -10.52379439004008610, 7.000000000000000000 ) ) ;
#3555 = ORIENTED_EDGE ( 'NONE', *, *, #5359, .F. ) ;
#3556 = ADVANCED_FACE ( 'NONE', ( #3919 ), #1678, .F. ) ;
#3557 = ORIENTED_EDGE ( 'NONE', *, *, #4023, .F. ) ;
#3558 = MANIFOLD_SOLID_BREP ( '\X2\52079664\X0\-\X2\62c94f38\X0\19', #56 ) ;
#3559 = PLANE ( 'NONE',  #903 ) ;
#3560 = ADVANCED_FACE ( 'NONE', ( #2218 ), #2070, .F. ) ;
#3561 = ORIENTED_EDGE ( 'NONE', *, *, #3567, .F. ) ;
#3562 = DIRECTION ( 'NONE',  ( 1.000000000000000000, -6.938893903907227392E-16, 0.000000000000000000 ) ) ;
#3563 = LINE ( 'NONE', #3102, #1934 ) ;
#3564 = CYLINDRICAL_SURFACE ( 'NONE', #2937, 4.000000000000003553 ) ;
#3565 = DIRECTION ( 'NONE',  ( -1.000000000000000000, 0.000000000000000000, 0.000000000000000000 ) ) ;
#3566 = ORIENTED_EDGE ( 'NONE', *, *, #1514, .F. ) ;
#3567 = EDGE_CURVE ( 'NONE', #71, #5012, #1831, .T. ) ;
#3568 = VECTOR ( 'NONE', #135, 1000.000000000000000 ) ;
#3569 = DIRECTION ( 'NONE',  ( -0.000000000000000000, 0.000000000000000000, 1.000000000000000000 ) ) ;
#3570 = DIRECTION ( 'NONE',  ( 1.000000000000000000, 0.000000000000000000, 0.000000000000000000 ) ) ;
#3571 = ORIENTED_EDGE ( 'NONE', *, *, #1188, .T. ) ;
#3572 = CARTESIAN_POINT ( 'NONE',  ( 47.55981053043001339, -12.00013170854912126, -61.90760220690642512 ) ) ;
#3573 = FACE_OUTER_BOUND ( 'NONE', #1312, .T. ) ;
#3574 = DIRECTION ( 'NONE',  ( -1.000000000000000000, 0.000000000000000000, 0.000000000000000000 ) ) ;
#3575 = VECTOR ( 'NONE', #396, 1000.000000000000000 ) ;
#3576 = DIRECTION ( 'NONE',  ( 1.000000000000000000, 0.000000000000000000, 0.000000000000000000 ) ) ;
#3577 = DIRECTION ( 'NONE',  ( -1.000000000000000000, 0.000000000000000000, 0.000000000000000000 ) ) ;
#3578 = AXIS2_PLACEMENT_3D ( 'NONE', #2315, #104, #3733 ) ;
#3579 = VECTOR ( 'NONE', #1691, 1000.000000000000000 ) ;
#3580 = CIRCLE ( 'NONE', #4240, 5.000000000000000888 ) ;
#3581 = CARTESIAN_POINT ( 'NONE',  ( 84.62442477393359752, 13.99999999994161826, 12.00000000000000000 ) ) ;
#3582 = VERTEX_POINT ( 'NONE', #3080 ) ;
#3583 = VERTEX_POINT ( 'NONE', #4003 ) ;
#3584 = LINE ( 'NONE', #875, #3036 ) ;
#3585 = EDGE_LOOP ( 'NONE', ( #3524, #4940, #1571, #5839 ) ) ;
#3586 = VECTOR ( 'NONE', #858, 1000.000000000000000 ) ;
#3587 = CARTESIAN_POINT ( 'NONE',  ( 0.000000000000000000, 17.00000000000000355, 0.000000000000000000 ) ) ;
#3588 = VERTEX_POINT ( 'NONE', #2755 ) ;
#3589 = CARTESIAN_POINT ( 'NONE',  ( -35.26944988260102321, 22.09254213723260563, 12.00000000000000000 ) ) ;
#3590 = CARTESIAN_POINT ( 'NONE',  ( 127.8856893542408812, -9.000000000057788441, 12.00000000000000000 ) ) ;
#3591 = ADVANCED_FACE ( 'NONE', ( #1359 ), #2718, .T. ) ;
#3592 = CARTESIAN_POINT ( 'NONE',  ( 223.6312056099601477, 25.40668714406043094, 12.00000000000000000 ) ) ;
#3593 = CYLINDRICAL_SURFACE ( 'NONE', #3312, 4.000000000000003553 ) ;
#3594 = ORIENTED_EDGE ( 'NONE', *, *, #5798, .T. ) ;
#3595 = DIRECTION ( 'NONE',  ( 1.000000000000000000, 0.000000000000000000, 0.000000000000000000 ) ) ;
#3596 = CARTESIAN_POINT ( 'NONE',  ( 160.4266217112696040, 12.99999999999997691, 6.000000000000000000 ) ) ;
#3597 = ADVANCED_FACE ( 'NONE', ( #889 ), #5793, .F. ) ;
#3598 = EDGE_CURVE ( 'NONE', #3400, #2578, #2880, .T. ) ;
#3599 = ORIENTED_EDGE ( 'NONE', *, *, #2752, .T. ) ;
#3600 = CARTESIAN_POINT ( 'NONE',  ( -11.94122491087930271, -16.04391310210185750, 12.00000000000000000 ) ) ;
#3601 = AXIS2_PLACEMENT_3D ( 'NONE', #262, #1103, #3914 ) ;
#3602 = DIRECTION ( 'NONE',  ( -0.000000000000000000, -0.000000000000000000, -1.000000000000000000 ) ) ;
#3603 = ADVANCED_FACE ( 'NONE', ( #4861 ), #4031, .F. ) ;
#3604 = CARTESIAN_POINT ( 'NONE',  ( 87.42662171127230408, 8.999999999941620032, 6.000000000000000000 ) ) ;
#3605 = ORIENTED_EDGE ( 'NONE', *, *, #4587, .F. ) ;
#3606 = CARTESIAN_POINT ( 'NONE',  ( -52.44424516606153475, 19.08814419900561532, 0.000000000000000000 ) ) ;
#3607 = ORIENTED_EDGE ( 'NONE', *, *, #43, .F. ) ;
#3608 = VECTOR ( 'NONE', #1856, 1000.000000000000000 ) ;
#3609 = AXIS2_PLACEMENT_3D ( 'NONE', #1002, #3330, #3739 ) ;
#3610 = DIRECTION ( 'NONE',  ( -0.000000000000000000, -0.000000000000000000, 1.000000000000000000 ) ) ;
#3611 = EDGE_LOOP ( 'NONE', ( #1134, #4831, #2271, #4 ) ) ;
#3612 = ORIENTED_EDGE ( 'NONE', *, *, #4386, .T. ) ;
#3613 = CARTESIAN_POINT ( 'NONE',  ( 160.4266217112696040, 0.000000000000000000, 0.000000000000000000 ) ) ;
#3614 = ORIENTED_EDGE ( 'NONE', *, *, #5055, .T. ) ;
#3615 = VECTOR ( 'NONE', #1210, 1000.000000000000000 ) ;
#3616 = CARTESIAN_POINT ( 'NONE',  ( 132.6266217112720085, 8.999999999942206230, 6.000000000000000000 ) ) ;
#3617 = VERTEX_POINT ( 'NONE', #4979 ) ;
#3618 = EDGE_CURVE ( 'NONE', #4779, #3724, #390, .T. ) ;
#3619 = DIRECTION ( 'NONE',  ( -0.000000000000000000, -0.000000000000000000, 1.000000000000000000 ) ) ;
#3620 = VECTOR ( 'NONE', #826, 1000.000000000000000 ) ;
#3621 = DIRECTION ( 'NONE',  ( 0.000000000000000000, -0.000000000000000000, -1.000000000000000000 ) ) ;
#3622 = CARTESIAN_POINT ( 'NONE',  ( 258.0366871440604086, -10.52379439003989248, 7.000000000000000000 ) ) ;
#3623 = CARTESIAN_POINT ( 'NONE',  ( 173.2800000000000011, 17.00000000000000000, 0.000000000000000000 ) ) ;
#3624 = ORIENTED_EDGE ( 'NONE', *, *, #1136, .T. ) ;
#3625 = CARTESIAN_POINT ( 'NONE',  ( 225.7562056099601193, 25.40668714406043094, 7.000000000000000000 ) ) ;
#3626 = AXIS2_PLACEMENT_3D ( 'NONE', #2323, #1913, #560 ) ;
#3627 = AXIS2_PLACEMENT_3D ( 'NONE', #1878, #2774, #1383 ) ;
#3628 = CARTESIAN_POINT ( 'NONE',  ( 0.000000000000000000, 0.000000000000000000, 0.000000000000000000 ) ) ;
#3629 = CIRCLE ( 'NONE', #2602, 4.999999999999997335 ) ;
#3630 = CARTESIAN_POINT ( 'NONE',  ( 90.22662171126951591, -6.763932022556782719, 11.99999999999999645 ) ) ;
#3631 = AXIS2_PLACEMENT_3D ( 'NONE', #3234, #989, #490 ) ;
#3632 = EDGE_LOOP ( 'NONE', ( #3991, #3670, #3139, #5287, #1400, #2461, #1817, #1532, #3097, #1377, #1296, #1848, #4749 ) ) ;
#3633 = VERTEX_POINT ( 'NONE', #5850 ) ;
#3634 = CIRCLE ( 'NONE', #5147, 4.000000000000003553 ) ;
#3635 = DIRECTION ( 'NONE',  ( -0.000000000000000000, -0.000000000000000000, 1.000000000000000000 ) ) ;
#3636 = EDGE_CURVE ( 'NONE', #3098, #2232, #3154, .T. ) ;
#3637 = AXIS2_PLACEMENT_3D ( 'NONE', #1215, #2523, #1111 ) ;
#3638 = DIRECTION ( 'NONE',  ( -0.000000000000000000, 0.000000000000000000, 1.000000000000000000 ) ) ;
#3639 = CARTESIAN_POINT ( 'NONE',  ( 44.05981053043001339, -11.12921893940811913, 12.00000000000000000 ) ) ;
#3640 = DIRECTION ( 'NONE',  ( -0.000000000000000000, 0.000000000000000000, 1.000000000000000000 ) ) ;
#3641 = ORIENTED_EDGE ( 'NONE', *, *, #5685, .T. ) ;
#3642 = ADVANCED_FACE ( 'NONE', ( #3110 ), #2244, .T. ) ;
#3643 = DIRECTION ( 'NONE',  ( 1.000000000000000000, 0.000000000000000000, 0.000000000000000000 ) ) ;
#3644 = ORIENTED_EDGE ( 'NONE', *, *, #4570, .F. ) ;
#3645 = ORIENTED_EDGE ( 'NONE', *, *, #1018, .F. ) ;
#3646 = FACE_OUTER_BOUND ( 'NONE', #1424, .T. ) ;
#3647 = ORIENTED_EDGE ( 'NONE', *, *, #658, .F. ) ;
#3648 = EDGE_LOOP ( 'NONE', ( #1610, #3949 ) ) ;
#3649 = DIRECTION ( 'NONE',  ( -0.000000000000000000, 0.000000000000000000, 1.000000000000000000 ) ) ;
#3650 = CYLINDRICAL_SURFACE ( 'NONE', #242, 5.000000000000000888 ) ;
#3651 = CARTESIAN_POINT ( 'NONE',  ( -2.359223927328454887E-15, 16.99999999999997868, 0.000000000000000000 ) ) ;
#3652 = CARTESIAN_POINT ( 'NONE',  ( 88.22662171127112174, 8.999999999941620032, 11.99999999999999645 ) ) ;
#3653 = DIRECTION ( 'NONE',  ( 0.000000000000000000, 0.000000000000000000, -1.000000000000000000 ) ) ;
#3654 = ORIENTED_EDGE ( 'NONE', *, *, #5631, .T. ) ;
#3655 = PLANE ( 'NONE',  #5126 ) ;
#3656 = DIRECTION ( 'NONE',  ( 0.000000000000000000, -0.000000000000000000, -1.000000000000000000 ) ) ;
#3657 = CARTESIAN_POINT ( 'NONE',  ( 173.2800000000000011, -11.00000000000001421, 0.000000000000000000 ) ) ;
#3658 = VECTOR ( 'NONE', #350, 1000.000000000000000 ) ;
#3659 = VERTEX_POINT ( 'NONE', #5433 ) ;
#3660 = CIRCLE ( 'NONE', #3380, 2.124999999999988010 ) ;
#3661 = DIRECTION ( 'NONE',  ( -1.000000000000000000, 0.000000000000000000, 0.000000000000000000 ) ) ;
#3662 = ORIENTED_EDGE ( 'NONE', *, *, #591, .F. ) ;
#3663 = FACE_OUTER_BOUND ( 'NONE', #1641, .T. ) ;
#3664 = ORIENTED_EDGE ( 'NONE', *, *, #2259, .F. ) ;
#3665 = EDGE_CURVE ( 'NONE', #3744, #3361, #4057, .T. ) ;
#3666 = DIRECTION ( 'NONE',  ( -0.000000000000000000, -0.000000000000000000, 1.000000000000000000 ) ) ;
#3667 = CARTESIAN_POINT ( 'NONE',  ( 4.188393941217306349, 10.40259026772773687, 0.000000000000000000 ) ) ;
#3668 = AXIS2_PLACEMENT_3D ( 'NONE', #1231, #2091, #3041 ) ;
#3669 = CARTESIAN_POINT ( 'NONE',  ( 225.7562056099601193, 25.40668714406043094, 7.000000000000000000 ) ) ;
#3670 = ORIENTED_EDGE ( 'NONE', *, *, #1214, .T. ) ;
#3672 = ORIENTED_EDGE ( 'NONE', *, *, #219, .F. ) ;
#3671 = EDGE_CURVE ( 'NONE', #980, #2541, #1267, .T. ) ;
#3673 = DIRECTION ( 'NONE',  ( -1.000000000000000000, 0.000000000000000000, 0.000000000000000000 ) ) ;
#3674 = VECTOR ( 'NONE', #2213, 1000.000000000000000 ) ;
#3675 = ORIENTED_EDGE ( 'NONE', *, *, #1995, .F. ) ;
#3676 = EDGE_LOOP ( 'NONE', ( #432, #1655, #471, #1066 ) ) ;
#3677 = VECTOR ( 'NONE', #4162, 1000.000000000000000 ) ;
#3678 = DIRECTION ( 'NONE',  ( 1.000000000000000000, -1.224510688924837931E-15, 0.000000000000000000 ) ) ;
#3679 = EDGE_LOOP ( 'NONE', ( #1537, #1071, #5676, #1446 ) ) ;
#3680 = CIRCLE ( 'NONE', #1141, 2.799999999999997158 ) ;
#3681 = DIRECTION ( 'NONE',  ( -0.000000000000000000, -0.000000000000000000, 1.000000000000000000 ) ) ;
#3682 = DIRECTION ( 'NONE',  ( -0.000000000000000000, 0.000000000000000000, 1.000000000000000000 ) ) ;
#3683 = CARTESIAN_POINT ( 'NONE',  ( 90.85388207662212778, 7.551724137872827924, 0.000000000000000000 ) ) ;
#3684 = LINE ( 'NONE', #2358, #3764 ) ;
#3685 = CIRCLE ( 'NONE', #1147, 4.000000000000003553 ) ;
#3686 = ORIENTED_EDGE ( 'NONE', *, *, #1722, .T. ) ;
#3687 = FACE_OUTER_BOUND ( 'NONE', #3936, .T. ) ;
#3688 = VERTEX_POINT ( 'NONE', #4421 ) ;
#3689 = DIRECTION ( 'NONE',  ( -1.000000000000000000, 2.040851148208016627E-16, -0.000000000000000000 ) ) ;
#3690 = DIRECTION ( 'NONE',  ( 0.000000000000000000, -0.000000000000000000, -1.000000000000000000 ) ) ;
#3691 = EDGE_CURVE ( 'NONE', #587, #5106, #1744, .T. ) ;
#3692 = CARTESIAN_POINT ( 'NONE',  ( 246.8037943900398545, -25.40668714406043094, 7.000000000000000000 ) ) ;
#3693 = VERTEX_POINT ( 'NONE', #1295 ) ;
#3694 = DIRECTION ( 'NONE',  ( 0.000000000000000000, -0.000000000000000000, -1.000000000000000000 ) ) ;
#3695 = LINE ( 'NONE', #2824, #2209 ) ;
#3696 = EDGE_CURVE ( 'NONE', #359, #3231, #2678, .T. ) ;
#3697 = DIRECTION ( 'NONE',  ( -0.000000000000000000, -0.000000000000000000, -1.000000000000000000 ) ) ;
#3698 = FACE_BOUND ( 'NONE', #4664, .T. ) ;
#3699 = ADVANCED_FACE ( 'NONE', ( #3313 ), #3722, .F. ) ;
#3700 = CARTESIAN_POINT ( 'NONE',  ( 89.02662171126992519, 8.999999999941620032, 11.99999999999999645 ) ) ;
#3701 = VERTEX_POINT ( 'NONE', #4153 ) ;
#3702 = ORIENTED_EDGE ( 'NONE', *, *, #4205, .F. ) ;
#3703 = CARTESIAN_POINT ( 'NONE',  ( 213.4053415326041829, 37.00000000000001421, 6.000000000000000000 ) ) ;
#3704 = ORIENTED_EDGE ( 'NONE', *, *, #1973, .T. ) ;
#3705 = EDGE_LOOP ( 'NONE', ( #4255, #680, #3899, #1434 ) ) ;
#3706 = CARTESIAN_POINT ( 'NONE',  ( -7.795397018252793754E-16, -24.00000000000000000, 12.00000000000000000 ) ) ;
#3707 = ADVANCED_FACE ( 'NONE', ( #4693 ), #2432, .T. ) ;
#3708 = DIRECTION ( 'NONE',  ( 1.000000000000000000, 6.938893903907229610E-17, 0.000000000000000000 ) ) ;
#3709 = CARTESIAN_POINT ( 'NONE',  ( 88.22662171127134911, -9.000000000058374638, -61.90760220690642512 ) ) ;
#3710 = CIRCLE ( 'NONE', #1169, 4.000000000000003553 ) ;
#3711 = CIRCLE ( 'NONE', #1544, 28.02500000000000213 ) ;
#3712 = DIRECTION ( 'NONE',  ( 0.000000000000000000, 0.000000000000000000, -1.000000000000000000 ) ) ;
#3713 = CARTESIAN_POINT ( 'NONE',  ( 92.37572918525138732, 18.40000000000000213, 5.000000000000000000 ) ) ;
#3714 = ORIENTED_EDGE ( 'NONE', *, *, #4196, .T. ) ;
#3715 = AXIS2_PLACEMENT_3D ( 'NONE', #608, #5171, #3288 ) ;
#3716 = DIRECTION ( 'NONE',  ( -1.000000000000000000, 0.000000000000000000, 0.000000000000000000 ) ) ;
#3717 = EDGE_LOOP ( 'NONE', ( #1702, #5413 ) ) ;
#3718 = ORIENTED_EDGE ( 'NONE', *, *, #1472, .T. ) ;
#3719 = AXIS2_PLACEMENT_3D ( 'NONE', #5644, #2128, #3450 ) ;
#3720 = ADVANCED_FACE ( 'NONE', ( #5532 ), #4217, .T. ) ;
#3721 = LINE ( 'NONE', #1067, #4270 ) ;
#3722 = CYLINDRICAL_SURFACE ( 'NONE', #2499, 0.7999999999988155475 ) ;
#3723 = DIRECTION ( 'NONE',  ( 1.000000000000000000, 0.000000000000000000, 0.000000000000000000 ) ) ;
#3724 = VERTEX_POINT ( 'NONE', #5496 ) ;
#3725 = CARTESIAN_POINT ( 'NONE',  ( 90.85388207662278148, 7.551724137872459330, 11.99999999999999645 ) ) ;
#3726 = CIRCLE ( 'NONE', #4082, 2.000000000000001776 ) ;
#3727 = CARTESIAN_POINT ( 'NONE',  ( -52.44424516606153475, 19.08814419900561532, 0.000000000000000000 ) ) ;
#3728 = FACE_BOUND ( 'NONE', #4004, .T. ) ;
#3729 = DIRECTION ( 'NONE',  ( 0.7807344366053601270, -0.6248629765784743384, 0.000000000000000000 ) ) ;
#3730 = EDGE_CURVE ( 'NONE', #5810, #3371, #3226, .T. ) ;
#3731 = DIRECTION ( 'NONE',  ( -1.000000000000000000, 0.000000000000000000, 0.000000000000000000 ) ) ;
#3732 = ORIENTED_EDGE ( 'NONE', *, *, #5074, .F. ) ;
#3733 = DIRECTION ( 'NONE',  ( -1.000000000000000000, 0.000000000000000000, 0.000000000000000000 ) ) ;
#3734 = ORIENTED_EDGE ( 'NONE', *, *, #5625, .F. ) ;
#3735 = EDGE_LOOP ( 'NONE', ( #5727, #3566 ) ) ;
#3736 = FACE_OUTER_BOUND ( 'NONE', #3881, .T. ) ;
#3737 = CARTESIAN_POINT ( 'NONE',  ( 25.50000000000000355, -24.00000000000000000, 0.000000000000000000 ) ) ;
#3738 = CARTESIAN_POINT ( 'NONE',  ( 246.8037943900397977, 25.40668714406047002, 7.000000000000000000 ) ) ;
#3739 = DIRECTION ( 'NONE',  ( -1.000000000000000000, 0.000000000000000000, 0.000000000000000000 ) ) ;
#3740 = DIRECTION ( 'NONE',  ( 2.051733778762085963E-15, -1.000000000000000000, 0.000000000000000000 ) ) ;
#3741 = ORIENTED_EDGE ( 'NONE', *, *, #4124, .F. ) ;
#3742 = EDGE_CURVE ( 'NONE', #2010, #115, #515, .T. ) ;
#3743 = DIRECTION ( 'NONE',  ( -0.000000000000000000, 0.000000000000000000, 1.000000000000000000 ) ) ;
#3744 = VERTEX_POINT ( 'NONE', #4119 ) ;
#3745 = CARTESIAN_POINT ( 'NONE',  ( 0.000000000000000000, 0.000000000000000000, 12.00000000000000000 ) ) ;
#3746 = DIRECTION ( 'NONE',  ( -0.000000000000000000, -0.000000000000000000, 1.000000000000000000 ) ) ;
#3747 = EDGE_CURVE ( 'NONE', #5544, #5624, #5607, .T. ) ;
#3748 = CARTESIAN_POINT ( 'NONE',  ( 243.1537943900400478, -25.40668714406034923, 0.000000000000000000 ) ) ;
#3749 = ORIENTED_EDGE ( 'NONE', *, *, #3099, .T. ) ;
#3750 = ADVANCED_FACE ( 'NONE', ( #1922 ), #1068, .T. ) ;
#3751 = CARTESIAN_POINT ( 'NONE',  ( 225.7562056099601193, 25.40668714406043094, 7.000000000000000000 ) ) ;
#3752 = ORIENTED_EDGE ( 'NONE', *, *, #3123, .T. ) ;
#3753 = DIRECTION ( 'NONE',  ( 1.000000000000000000, 1.088026939760487788E-16, 0.000000000000000000 ) ) ;
#3754 = EDGE_LOOP ( 'NONE', ( #4787, #5386, #2936, #2910 ) ) ;
#3755 = FACE_BOUND ( 'NONE', #5662, .T. ) ;
#3756 = LINE ( 'NONE', #2826, #4711 ) ;
#3757 = EDGE_CURVE ( 'NONE', #2253, #3876, #117, .T. ) ;
#3758 = CYLINDRICAL_SURFACE ( 'NONE', #2464, 2.999999999999239275 ) ;
#3759 = ORIENTED_EDGE ( 'NONE', *, *, #615, .T. ) ;
#3760 = CARTESIAN_POINT ( 'NONE',  ( 259.5616871440604427, 10.52379439003986406, 12.00000000000000000 ) ) ;
#3761 = VERTEX_POINT ( 'NONE', #4182 ) ;
#3762 = ORIENTED_EDGE ( 'NONE', *, *, #1514, .T. ) ;
#3763 = CYLINDRICAL_SURFACE ( 'NONE', #1969, 2.524999999999999467 ) ;
#3764 = VECTOR ( 'NONE', #4146, 1000.000000000000000 ) ;
#3765 = DIRECTION ( 'NONE',  ( -1.000000000000000000, 0.000000000000000000, 0.000000000000000000 ) ) ;
#3766 = CIRCLE ( 'NONE', #3118, 10.00000000000000000 ) ;
#3767 = LINE ( 'NONE', #2775, #5708 ) ;
#3768 = EDGE_CURVE ( 'NONE', #2178, #5642, #3282, .T. ) ;
#3769 = ORIENTED_EDGE ( 'NONE', *, *, #4197, .T. ) ;
#3770 = DIRECTION ( 'NONE',  ( 0.000000000000000000, -0.000000000000000000, -1.000000000000000000 ) ) ;
#3771 = DIRECTION ( 'NONE',  ( 1.000000000000000000, 0.000000000000000000, 0.000000000000000000 ) ) ;
#3772 = ORIENTED_EDGE ( 'NONE', *, *, #251, .F. ) ;
#3773 = VECTOR ( 'NONE', #1659, 1000.000000000000000 ) ;
#3774 = CARTESIAN_POINT ( 'NONE',  ( 128.3472516715914082, -9.000000000057788441, 0.000000000000000000 ) ) ;
#3775 = ORIENTED_EDGE ( 'NONE', *, *, #1188, .F. ) ;
#3776 = VECTOR ( 'NONE', #581, 1000.000000000000000 ) ;
#3777 = EDGE_CURVE ( 'NONE', #5810, #359, #1954, .T. ) ;
#3778 = CARTESIAN_POINT ( 'NONE',  ( 74.75315435895890914, 11.80161010167312341, 11.99999999999999645 ) ) ;
#3779 = EDGE_CURVE ( 'NONE', #5077, #3271, #2023, .T. ) ;
#3780 = AXIS2_PLACEMENT_3D ( 'NONE', #3834, #3942, #1674 ) ;
#3781 = CARTESIAN_POINT ( 'NONE',  ( 171.2800000000000011, 0.000000000000000000, 0.000000000000000000 ) ) ;
#3782 = DIRECTION ( 'NONE',  ( 1.000000000000000000, 0.000000000000000000, 0.000000000000000000 ) ) ;
#3783 = EDGE_LOOP ( 'NONE', ( #2481, #2665, #5057, #5010 ) ) ;
#3784 = AXIS2_PLACEMENT_3D ( 'NONE', #1784, #1378, #1730 ) ;
#3785 = ORIENTED_EDGE ( 'NONE', *, *, #3252, .T. ) ;
#3786 = EDGE_CURVE ( 'NONE', #3227, #2570, #1984, .T. ) ;
#3787 = EDGE_CURVE ( 'NONE', #4437, #3885, #5591, .T. ) ;
#3788 = PLANE ( 'NONE',  #5024 ) ;
#3789 = CARTESIAN_POINT ( 'NONE',  ( 80.27009861938833524, 18.40000000000000213, 5.000000000000000000 ) ) ;
#3790 = CARTESIAN_POINT ( 'NONE',  ( 94.22662171126960118, -12.99999999999999822, 0.000000000000000000 ) ) ;
#3791 = EDGE_CURVE ( 'NONE', #503, #556, #3710, .T. ) ;
#3792 = DIRECTION ( 'NONE',  ( 0.000000000000000000, 0.000000000000000000, -1.000000000000000000 ) ) ;
#3793 = VERTEX_POINT ( 'NONE', #1892 ) ;
#3794 = DIRECTION ( 'NONE',  ( 0.000000000000000000, 0.000000000000000000, 1.000000000000000000 ) ) ;
#3795 = ORIENTED_EDGE ( 'NONE', *, *, #1287, .T. ) ;
#3796 = DIRECTION ( 'NONE',  ( 0.000000000000000000, -0.000000000000000000, -1.000000000000000000 ) ) ;
#3797 = CARTESIAN_POINT ( 'NONE',  ( -17.36908388185381114, 29.06139922827403410, 0.000000000000000000 ) ) ;
#3798 = CYLINDRICAL_SURFACE ( 'NONE', #1512, 3.999999999999996447 ) ;
#3799 = DIRECTION ( 'NONE',  ( 0.000000000000000000, 0.000000000000000000, -1.000000000000000000 ) ) ;
#3800 = ORIENTED_EDGE ( 'NONE', *, *, #3636, .T. ) ;
#3801 = CARTESIAN_POINT ( 'NONE',  ( 41.55095888368916235, 55.23833357478700634, 0.000000000000000000 ) ) ;
#3802 = ORIENTED_EDGE ( 'NONE', *, *, #1830, .T. ) ;
#3803 = DIRECTION ( 'NONE',  ( 0.000000000000000000, 0.000000000000000000, -1.000000000000000000 ) ) ;
#3804 = AXIS2_PLACEMENT_3D ( 'NONE', #4661, #567, #949 ) ;
#3805 = DIRECTION ( 'NONE',  ( 0.5160344642722922703, -0.8565678208310235631, 0.000000000000000000 ) ) ;
#3806 = CARTESIAN_POINT ( 'NONE',  ( 133.4266217112713377, -9.000000000057788441, 6.000000000000000000 ) ) ;
#3807 = VERTEX_POINT ( 'NONE', #661 ) ;
#3808 = VECTOR ( 'NONE', #151, 1000.000000000000000 ) ;
#3809 = VERTEX_POINT ( 'NONE', #1420 ) ;
#3810 = DIRECTION ( 'NONE',  ( -1.000000000000000000, 0.000000000000000000, 0.000000000000000000 ) ) ;
#3811 = ORIENTED_EDGE ( 'NONE', *, *, #4220, .F. ) ;
#3812 = ORIENTED_EDGE ( 'NONE', *, *, #5040, .T. ) ;
#3813 = DIRECTION ( 'NONE',  ( 1.000000000000000000, 0.000000000000000000, 0.000000000000000000 ) ) ;
#3814 = ADVANCED_FACE ( 'NONE', ( #979 ), #2786, .F. ) ;
#3815 = EDGE_CURVE ( 'NONE', #1850, #745, #1551, .T. ) ;
#3816 = CARTESIAN_POINT ( 'NONE',  ( 244.6787943900400819, 25.40668714406033146, 12.00099999999999945 ) ) ;
#3817 = AXIS2_PLACEMENT_3D ( 'NONE', #4780, #3086, #4337 ) ;
#3818 = CIRCLE ( 'NONE', #806, 1.600000000000004086 ) ;
#3819 = DIRECTION ( 'NONE',  ( 1.000000000000000000, 0.000000000000000000, 0.000000000000000000 ) ) ;
#3820 = ORIENTED_EDGE ( 'NONE', *, *, #4419, .T. ) ;
#3821 = VECTOR ( 'NONE', #1697, 1000.000000000000000 ) ;
#3822 = DIRECTION ( 'NONE',  ( -0.000000000000000000, -0.000000000000000000, 1.000000000000000000 ) ) ;
#3823 = EDGE_CURVE ( 'NONE', #5691, #494, #2959, .T. ) ;
#3824 = DIRECTION ( 'NONE',  ( 0.000000000000000000, 0.000000000000000000, -1.000000000000000000 ) ) ;
#3825 = AXIS2_PLACEMENT_3D ( 'NONE', #1363, #5378, #1747 ) ;
#3826 = CARTESIAN_POINT ( 'NONE',  ( 81.87009861938832955, 20.00000000000000355, 5.000000000000000000 ) ) ;
#3827 = ORIENTED_EDGE ( 'NONE', *, *, #451, .T. ) ;
#3828 = DIRECTION ( 'NONE',  ( 0.000000000000000000, 0.000000000000000000, 1.000000000000000000 ) ) ;
#3829 = ORIENTED_EDGE ( 'NONE', *, *, #3322, .F. ) ;
#3830 = LINE ( 'NONE', #1979, #4741 ) ;
#3831 = VERTEX_POINT ( 'NONE', #263 ) ;
#3832 = DIRECTION ( 'NONE',  ( -1.000000000000000000, 0.000000000000000000, 0.000000000000000000 ) ) ;
#3833 = CARTESIAN_POINT ( 'NONE',  ( 90.22662171126958697, -12.99999999999999822, 11.99999999999999645 ) ) ;
#3834 = CARTESIAN_POINT ( 'NONE',  ( 156.4266217112695756, -13.00000000000000533, 0.000000000000000000 ) ) ;
#3835 = CIRCLE ( 'NONE', #4098, 32.50000000000000000 ) ;
#3836 = EDGE_LOOP ( 'NONE', ( #5460, #4043, #5563, #933 ) ) ;
#3837 = CARTESIAN_POINT ( 'NONE',  ( 88.22662171127134911, -9.000000000058374638, 6.000000000000000000 ) ) ;
#3838 = EDGE_CURVE ( 'NONE', #5691, #2635, #2407, .T. ) ;
#3839 = ORIENTED_EDGE ( 'NONE', *, *, #4214, .T. ) ;
#3840 = ORIENTED_EDGE ( 'NONE', *, *, #5266, .F. ) ;
#3841 = PLANE ( 'NONE',  #5620 ) ;
#3842 = DIRECTION ( 'NONE',  ( -0.000000000000000000, 0.000000000000000000, 1.000000000000000000 ) ) ;
#3843 = ADVANCED_FACE ( 'NONE', ( #2039 ), #2066, .F. ) ;
#3844 = DIRECTION ( 'NONE',  ( -0.000000000000000000, -0.000000000000000000, 1.000000000000000000 ) ) ;
#3845 = AXIS2_PLACEMENT_3D ( 'NONE', #2985, #4767, #1640 ) ;
#3846 = DIRECTION ( 'NONE',  ( 0.000000000000000000, -0.000000000000000000, -1.000000000000000000 ) ) ;
#3847 = AXIS2_PLACEMENT_3D ( 'NONE', #902, #3640, #4064 ) ;
#3848 = CARTESIAN_POINT ( 'NONE',  ( 82.22662171126958697, -13.00000000000000178, 0.000000000000000000 ) ) ;
#3849 = EDGE_CURVE ( 'NONE', #1435, #3371, #1615, .T. ) ;
#3850 = DIRECTION ( 'NONE',  ( -0.9276330718713077239, 0.3734928164912965642, 0.000000000000000000 ) ) ;
#3851 = ORIENTED_EDGE ( 'NONE', *, *, #2380, .T. ) ;
#3852 = VERTEX_POINT ( 'NONE', #1207 ) ;
#3853 = CARTESIAN_POINT ( 'NONE',  ( 173.2800000000000011, -13.00000000000001421, 6.000000000000000000 ) ) ;
#3854 = VERTEX_POINT ( 'NONE', #2539 ) ;
#3855 = LINE ( 'NONE', #3043, #3378 ) ;
#3856 = ORIENTED_EDGE ( 'NONE', *, *, #3916, .T. ) ;
#3857 = DIRECTION ( 'NONE',  ( 0.000000000000000000, 0.000000000000000000, 1.000000000000000000 ) ) ;
#3858 = CARTESIAN_POINT ( 'NONE',  ( 171.2800000000000011, 15.00000000000000355, 6.000000000000000000 ) ) ;
#3859 = DIRECTION ( 'NONE',  ( -0.000000000000000000, -0.000000000000000000, -1.000000000000000000 ) ) ;
#3860 = CIRCLE ( 'NONE', #1225, 32.50000000000000000 ) ;
#3861 = VERTEX_POINT ( 'NONE', #3858 ) ;
#3862 = VECTOR ( 'NONE', #5597, 1000.000000000000000 ) ;
#3863 = ORIENTED_EDGE ( 'NONE', *, *, #19, .T. ) ;
#3864 = AXIS2_PLACEMENT_3D ( 'NONE', #3926, #2697, #1337 ) ;
#3865 = ORIENTED_EDGE ( 'NONE', *, *, #1094, .F. ) ;
#3866 = ORIENTED_EDGE ( 'NONE', *, *, #455, .T. ) ;
#3867 = VECTOR ( 'NONE', #2516, 1000.000000000000000 ) ;
#3868 = DIRECTION ( 'NONE',  ( 6.938893903907229610E-17, -1.000000000000000000, 0.000000000000000000 ) ) ;
#3869 = DIRECTION ( 'NONE',  ( -0.000000000000000000, -0.000000000000000000, 1.000000000000000000 ) ) ;
#3870 = DIRECTION ( 'NONE',  ( 0.000000000000000000, 0.000000000000000000, 1.000000000000000000 ) ) ;
#3871 = DIRECTION ( 'NONE',  ( -0.000000000000000000, -0.000000000000000000, 1.000000000000000000 ) ) ;
#3872 = LINE ( 'NONE', #5180, #2524 ) ;
#3873 = DIRECTION ( 'NONE',  ( -0.000000000000000000, 0.000000000000000000, 1.000000000000000000 ) ) ;
#3874 = ADVANCED_FACE ( 'NONE', ( #5672 ), #1129, .F. ) ;
#3875 = EDGE_CURVE ( 'NONE', #1732, #3761, #3419, .T. ) ;
#3876 = VERTEX_POINT ( 'NONE', #1183 ) ;
#3877 = DIRECTION ( 'NONE',  ( -1.000000000000000000, 0.000000000000000000, 0.000000000000000000 ) ) ;
#3878 = ORIENTED_EDGE ( 'NONE', *, *, #2406, .T. ) ;
#3879 = VERTEX_POINT ( 'NONE', #795 ) ;
#3880 = CARTESIAN_POINT ( 'NONE',  ( 135.4266217112710819, 6.763932022442391556, 0.000000000000000000 ) ) ;
#3881 = EDGE_LOOP ( 'NONE', ( #2830, #654, #5828, #3285 ) ) ;
#3882 = DIRECTION ( 'NONE',  ( 1.088026939760487788E-16, 1.000000000000000000, -0.000000000000000000 ) ) ;
#3883 = CIRCLE ( 'NONE', #3896, 10.00000000000000178 ) ;
#3884 = ADVANCED_FACE ( 'NONE', ( #1589 ), #4325, .F. ) ;
#3885 = VERTEX_POINT ( 'NONE', #3833 ) ;
#3886 = LINE ( 'NONE', #3015, #5693 ) ;
#3887 = FACE_OUTER_BOUND ( 'NONE', #4494, .T. ) ;
#3888 = DIRECTION ( 'NONE',  ( -1.000000000000000000, 1.088026939760487788E-16, -0.000000000000000000 ) ) ;
#3889 = ORIENTED_EDGE ( 'NONE', *, *, #1076, .T. ) ;
#3890 = EDGE_CURVE ( 'NONE', #5845, #1753, #4076, .T. ) ;
#3891 = AXIS2_PLACEMENT_3D ( 'NONE', #5196, #1206, #4324 ) ;
#3892 = CARTESIAN_POINT ( 'NONE',  ( 74.75315435895889493, 11.80161010167311453, 6.000000000000000000 ) ) ;
#3893 = EDGE_LOOP ( 'NONE', ( #5333, #164, #2281, #4790, #732, #3362, #4766, #5479, #1567, #4739, #2284, #4657, #2231, #5837, #4524 ) ) ;
#3894 = ORIENTED_EDGE ( 'NONE', *, *, #1507, .T. ) ;
#3895 = AXIS2_PLACEMENT_3D ( 'NONE', #864, #5823, #3570 ) ;
#3896 = AXIS2_PLACEMENT_3D ( 'NONE', #5306, #2599, #1706 ) ;
#3897 = DIRECTION ( 'NONE',  ( 0.7012684536631027532, -0.7128972968787022912, 0.000000000000000000 ) ) ;
#3898 = DIRECTION ( 'NONE',  ( 1.000000000000000000, -3.608224830031759545E-15, 0.000000000000000000 ) ) ;
#3899 = ORIENTED_EDGE ( 'NONE', *, *, #2658, .T. ) ;
#3900 = AXIS2_PLACEMENT_3D ( 'NONE', #2486, #238, #441 ) ;
#3901 = DIRECTION ( 'NONE',  ( -1.000000000000000000, 0.000000000000000000, 0.000000000000000000 ) ) ;
#3902 = DIRECTION ( 'NONE',  ( 0.000000000000000000, 0.000000000000000000, 1.000000000000000000 ) ) ;
#3903 = CARTESIAN_POINT ( 'NONE',  ( 34.38309555033996645, -6.066749399395503062, -22.99999999999999645 ) ) ;
#3904 = DIRECTION ( 'NONE',  ( -1.000000000000000000, 0.000000000000000000, -0.000000000000000000 ) ) ;
#3905 = AXIS2_PLACEMENT_3D ( 'NONE', #5718, #1195, #3765 ) ;
#3906 = AXIS2_PLACEMENT_3D ( 'NONE', #2148, #3610, #1226 ) ;
#3907 = DIRECTION ( 'NONE',  ( 1.000000000000000000, 0.000000000000000000, 0.000000000000000000 ) ) ;
#3908 = ORIENTED_EDGE ( 'NONE', *, *, #4962, .F. ) ;
#3909 = EDGE_LOOP ( 'NONE', ( #215, #5078, #4644, #733 ) ) ;
#3910 = DIRECTION ( 'NONE',  ( -1.000000000000000000, 0.000000000000000000, 0.000000000000000000 ) ) ;
#3911 = ORIENTED_EDGE ( 'NONE', *, *, #80, .T. ) ;
#3912 = LINE ( 'NONE', #1734, #5647 ) ;
#3913 = ORIENTED_EDGE ( 'NONE', *, *, #2817, .F. ) ;
#3914 = DIRECTION ( 'NONE',  ( 1.000000000000000000, 0.000000000000000000, 0.000000000000000000 ) ) ;
#3915 = DIRECTION ( 'NONE',  ( -1.000000000000000000, 7.488828292483085482E-14, 0.000000000000000000 ) ) ;
#3916 = EDGE_CURVE ( 'NONE', #708, #682, #5198, .T. ) ;
#3917 = CARTESIAN_POINT ( 'NONE',  ( 133.4266217112713377, -9.000000000057788441, 11.99999999999999645 ) ) ;
#3918 = VERTEX_POINT ( 'NONE', #296 ) ;
#3919 = FACE_OUTER_BOUND ( 'NONE', #2342, .T. ) ;
#3920 = ADVANCED_FACE ( 'NONE', ( #3887 ), #2601, .F. ) ;
#3921 = ORIENTED_EDGE ( 'NONE', *, *, #3453, .F. ) ;
#3922 = VERTEX_POINT ( 'NONE', #4389 ) ;
#3923 = FACE_OUTER_BOUND ( 'NONE', #4231, .T. ) ;
#3924 = LINE ( 'NONE', #3816, #5430 ) ;
#3925 = CARTESIAN_POINT ( 'NONE',  ( 84.62442477393359752, 13.99999999994161826, 5.000000000000000000 ) ) ;
#3926 = CARTESIAN_POINT ( 'NONE',  ( -52.44424516606153475, 19.08814419900561532, -2.999999999999999112 ) ) ;
#3927 = DIRECTION ( 'NONE',  ( -0.05826597829528143424, -0.9983010947471178120, 0.000000000000000000 ) ) ;
#3928 = FACE_OUTER_BOUND ( 'NONE', #5373, .T. ) ;
#3929 = CARTESIAN_POINT ( 'NONE',  ( 24.27709435664887749, -14.00083263946710588, -22.99999999999999645 ) ) ;
#3930 = ORIENTED_EDGE ( 'NONE', *, *, #1044, .T. ) ;
#3931 = EDGE_LOOP ( 'NONE', ( #259, #3296, #2579, #5726 ) ) ;
#3932 = PLANE ( 'NONE',  #1698 ) ;
#3933 = CIRCLE ( 'NONE', #175, 2.124999999999988010 ) ;
#3934 = ORIENTED_EDGE ( 'NONE', *, *, #1485, .T. ) ;
#3935 = CARTESIAN_POINT ( 'NONE',  ( 0.000000000000000000, -17.00000000000000000, 0.000000000000000000 ) ) ;
#3936 = EDGE_LOOP ( 'NONE', ( #1391, #1905, #5703, #2517 ) ) ;
#3937 = VERTEX_POINT ( 'NONE', #5250 ) ;
#3938 = EDGE_CURVE ( 'NONE', #757, #3724, #621, .T. ) ;
#3939 = CARTESIAN_POINT ( 'NONE',  ( 126.2025227210834544, -8.437621524137648876, 0.000000000000000000 ) ) ;
#3940 = ADVANCED_FACE ( 'NONE', ( #3475 ), #3046, .T. ) ;
#3941 = CARTESIAN_POINT ( 'NONE',  ( 33.93924083613035947, -17.00000000000000000, -22.99999999999999645 ) ) ;
#3942 = DIRECTION ( 'NONE',  ( -0.000000000000000000, 0.000000000000000000, 1.000000000000000000 ) ) ;
#3943 = ORIENTED_EDGE ( 'NONE', *, *, #5152, .T. ) ;
#3944 = DIRECTION ( 'NONE',  ( -0.7128972968787022912, -0.7012684536631027532, 0.000000000000000000 ) ) ;
#3945 = VECTOR ( 'NONE', #734, 1000.000000000000000 ) ;
#3946 = DIRECTION ( 'NONE',  ( -0.000000000000000000, -0.000000000000000000, 1.000000000000000000 ) ) ;
#3947 = VECTOR ( 'NONE', #4572, 1000.000000000000000 ) ;
#3948 = ORIENTED_EDGE ( 'NONE', *, *, #910, .F. ) ;
#3949 = ORIENTED_EDGE ( 'NONE', *, *, #2652, .F. ) ;
#3950 = VECTOR ( 'NONE', #5150, 1000.000000000000000 ) ;
#3951 = CARTESIAN_POINT ( 'NONE',  ( 261.6866871440604427, 10.52379439003986406, 12.00099999999999945 ) ) ;
#3952 = DIRECTION ( 'NONE',  ( -0.000000000000000000, -0.000000000000000000, 1.000000000000000000 ) ) ;
#3953 = EDGE_CURVE ( 'NONE', #909, #704, #5517, .T. ) ;
#3954 = DIRECTION ( 'NONE',  ( -0.000000000000000000, 0.000000000000000000, 1.000000000000000000 ) ) ;
#3955 = AXIS2_PLACEMENT_3D ( 'NONE', #2433, #1070, #2878 ) ;
#3956 = CYLINDRICAL_SURFACE ( 'NONE', #3864, 12.00000000000000355 ) ;
#3957 = LINE ( 'NONE', #2197, #185 ) ;
#3958 = LINE ( 'NONE', #5832, #1793 ) ;
#3959 = EDGE_CURVE ( 'NONE', #3295, #1282, #419, .T. ) ;
#3960 = CARTESIAN_POINT ( 'NONE',  ( 236.2800000000000011, 0.000000000000000000, 0.000000000000000000 ) ) ;
#3961 = VERTEX_POINT ( 'NONE', #467 ) ;
#3962 = ORIENTED_EDGE ( 'NONE', *, *, #5327, .T. ) ;
#3963 = LINE ( 'NONE', #3126, #2000 ) ;
#3964 = VERTEX_POINT ( 'NONE', #1794 ) ;
#3965 = LINE ( 'NONE', #767, #4120 ) ;
#3966 = DIRECTION ( 'NONE',  ( -1.000000000000000000, 0.000000000000000000, 0.000000000000000000 ) ) ;
#3967 = DIRECTION ( 'NONE',  ( 0.000000000000000000, 0.000000000000000000, -1.000000000000000000 ) ) ;
#3968 = DIRECTION ( 'NONE',  ( -0.9276330718713077239, 0.3734928164912962312, 0.000000000000000000 ) ) ;
#3969 = CARTESIAN_POINT ( 'NONE',  ( -27.60592887375388216, 4.681099338535963383, 12.00000000000000000 ) ) ;
#3970 = ORIENTED_EDGE ( 'NONE', *, *, #6, .F. ) ;
#3971 = FACE_OUTER_BOUND ( 'NONE', #4215, .T. ) ;
#3972 = CARTESIAN_POINT ( 'NONE',  ( 86.22662171127399233, -2.917079230010941691E-11, -61.90760220690642512 ) ) ;
#3973 = VERTEX_POINT ( 'NONE', #3590 ) ;
#3974 = ORIENTED_EDGE ( 'NONE', *, *, #3422, .F. ) ;
#3975 = FACE_OUTER_BOUND ( 'NONE', #5358, .T. ) ;
#3976 = VECTOR ( 'NONE', #5135, 1000.000000000000000 ) ;
#3977 = CARTESIAN_POINT ( 'NONE',  ( 135.4266217112806316, 1.150710825163150885E-10, -61.90760220690642512 ) ) ;
#3978 = CIRCLE ( 'NONE', #1454, 2.524999999999999467 ) ;
#3979 = DIRECTION ( 'NONE',  ( -0.000000000000000000, -0.000000000000000000, -1.000000000000000000 ) ) ;
#3980 = AXIS2_PLACEMENT_3D ( 'NONE', #642, #5114, #1073 ) ;
#3981 = EDGE_CURVE ( 'NONE', #2790, #360, #2118, .T. ) ;
#3982 = CARTESIAN_POINT ( 'NONE',  ( 246.8037943900400251, -25.40668714406034923, 7.000000000000000000 ) ) ;
#3983 = CYLINDRICAL_SURFACE ( 'NONE', #4897, 2.799999999999997158 ) ;
#3984 = CIRCLE ( 'NONE', #2401, 0.7999999999992318811 ) ;
#3985 = ORIENTED_EDGE ( 'NONE', *, *, #892, .F. ) ;
#3986 = CARTESIAN_POINT ( 'NONE',  ( 79.12539072481770575, 8.598389898268484544, 11.99999999999999645 ) ) ;
#3987 = ORIENTED_EDGE ( 'NONE', *, *, #5436, .T. ) ;
#3989 = ORIENTED_EDGE ( 'NONE', *, *, #1835, .T. ) ;
#3988 = EDGE_CURVE ( 'NONE', #3961, #5754, #2883, .T. ) ;
#3990 = DIRECTION ( 'NONE',  ( 0.000000000000000000, 0.000000000000000000, -1.000000000000000000 ) ) ;
#3991 = ORIENTED_EDGE ( 'NONE', *, *, #2562, .F. ) ;
#3992 = ORIENTED_EDGE ( 'NONE', *, *, #4993, .T. ) ;
#3993 = AXIS2_PLACEMENT_3D ( 'NONE', #1530, #3030, #2079 ) ;
#3994 = FACE_OUTER_BOUND ( 'NONE', #3679, .T. ) ;
#3995 = AXIS2_PLACEMENT_3D ( 'NONE', #256, #4237, #2054 ) ;
#3996 = DIRECTION ( 'NONE',  ( 0.000000000000000000, -0.000000000000000000, -1.000000000000000000 ) ) ;
#3997 = AXIS2_PLACEMENT_3D ( 'NONE', #3727, #2963, #1240 ) ;
#3998 = DIRECTION ( 'NONE',  ( -0.5970612455439652244, -0.8021956551050927198, 0.000000000000000000 ) ) ;
#3999 = CARTESIAN_POINT ( 'NONE',  ( 35.63610991735736633, -7.922015543138114957, -22.99999999999999645 ) ) ;
#4000 = CARTESIAN_POINT ( 'NONE',  ( 171.2800000000000011, -15.00000000000000355, 6.000000000000000000 ) ) ;
#4001 = EDGE_LOOP ( 'NONE', ( #411, #2510 ) ) ;
#4002 = FACE_BOUND ( 'NONE', #876, .T. ) ;
#4003 = CARTESIAN_POINT ( 'NONE',  ( 81.87009861938832955, 20.00000000000000355, 5.000000000000000000 ) ) ;
#4004 = EDGE_LOOP ( 'NONE', ( #244, #2991, #4850, #3044, #2686, #1143, #1951, #1436, #3413, #3307 ) ) ;
#4005 = CARTESIAN_POINT ( 'NONE',  ( 246.8037943900397977, 25.40668714406047002, 0.000000000000000000 ) ) ;
#4006 = ORIENTED_EDGE ( 'NONE', *, *, #5725, .F. ) ;
#4007 = DIRECTION ( 'NONE',  ( -0.000000000000000000, -0.000000000000000000, 1.000000000000000000 ) ) ;
#4008 = EDGE_CURVE ( 'NONE', #3497, #2003, #4413, .T. ) ;
#4009 = DIRECTION ( 'NONE',  ( -0.000000000000000000, -0.000000000000000000, 1.000000000000000000 ) ) ;
#4010 = DIRECTION ( 'NONE',  ( -0.000000000000000000, 0.000000000000000000, 1.000000000000000000 ) ) ;
#4011 = ORIENTED_EDGE ( 'NONE', *, *, #4220, .T. ) ;
#4012 = DIRECTION ( 'NONE',  ( -0.000000000000000000, 0.000000000000000000, 1.000000000000000000 ) ) ;
#4013 = VERTEX_POINT ( 'NONE', #5425 ) ;
#4014 = EDGE_CURVE ( 'NONE', #5316, #4045, #1263, .T. ) ;
#4015 = CARTESIAN_POINT ( 'NONE',  ( -16.71771487523102806, -22.46147834294259837, 0.000000000000000000 ) ) ;
#4016 = VERTEX_POINT ( 'NONE', #5785 ) ;
#4017 = ORIENTED_EDGE ( 'NONE', *, *, #1799, .T. ) ;
#4018 = CARTESIAN_POINT ( 'NONE',  ( 223.6312056099601477, 25.40668714406043094, 7.000000000000000000 ) ) ;
#4019 = VERTEX_POINT ( 'NONE', #4502 ) ;
#4020 = ORIENTED_EDGE ( 'NONE', *, *, #136, .T. ) ;
#4021 = CARTESIAN_POINT ( 'NONE',  ( 173.2800000000000011, -15.00000000000000355, 6.000000000000000000 ) ) ;
#4022 = EDGE_CURVE ( 'NONE', #587, #4764, #2972, .T. ) ;
#4023 = EDGE_CURVE ( 'NONE', #3724, #757, #4180, .T. ) ;
#4024 = DIRECTION ( 'NONE',  ( -0.000000000000000000, -0.000000000000000000, -1.000000000000000000 ) ) ;
#4025 = CARTESIAN_POINT ( 'NONE',  ( 133.4266217112711104, 8.999999999942206230, 0.000000000000000000 ) ) ;
#4026 = DIRECTION ( 'NONE',  ( -0.000000000000000000, 0.000000000000000000, 1.000000000000000000 ) ) ;
#4027 = DIRECTION ( 'NONE',  ( -1.000000000000000000, 0.000000000000000000, 0.000000000000000000 ) ) ;
#4028 = EDGE_LOOP ( 'NONE', ( #762, #3732, #153, #3734 ) ) ;
#4029 = EDGE_CURVE ( 'NONE', #1022, #2490, #5394, .T. ) ;
#4030 = LINE ( 'NONE', #4418, #5509 ) ;
#4031 = CYLINDRICAL_SURFACE ( 'NONE', #1827, 1.600000000000004086 ) ;
#4032 = ORIENTED_EDGE ( 'NONE', *, *, #3636, .F. ) ;
#4033 = EDGE_LOOP ( 'NONE', ( #1179, #761, #4343, #2955 ) ) ;
#4034 = CARTESIAN_POINT ( 'NONE',  ( -64.44424516606153475, 19.08814419900561532, 12.00000000000000000 ) ) ;
#4035 = LINE ( 'NONE', #924, #1558 ) ;
#4036 = DIRECTION ( 'NONE',  ( 1.000000000000000000, 0.000000000000000000, 0.000000000000000000 ) ) ;
#4037 = CARTESIAN_POINT ( 'NONE',  ( 26.00962562206538209, -15.00000000000000000, 12.00000000000000000 ) ) ;
#4038 = AXIS2_PLACEMENT_3D ( 'NONE', #4958, #1806, #2248 ) ;
#4039 = EDGE_CURVE ( 'NONE', #5859, #5446, #1088, .T. ) ;
#4040 = AXIS2_PLACEMENT_3D ( 'NONE', #3806, #569, #1130 ) ;
#4041 = DIRECTION ( 'NONE',  ( -0.000000000000000000, -0.000000000000000000, 1.000000000000000000 ) ) ;
#4042 = ORIENTED_EDGE ( 'NONE', *, *, #5194, .F. ) ;
#4043 = ORIENTED_EDGE ( 'NONE', *, *, #823, .T. ) ;
#4044 = CARTESIAN_POINT ( 'NONE',  ( -27.60592887375388216, 4.681099338535963383, -2.999999999999999112 ) ) ;
#4045 = VERTEX_POINT ( 'NONE', #2625 ) ;
#4046 = ADVANCED_FACE ( 'NONE', ( #1765 ), #382, .T. ) ;
#4047 = CARTESIAN_POINT ( 'NONE',  ( 120.8875540683754082, -16.99999999999999645, 12.00000000000000000 ) ) ;
#4048 = ORIENTED_EDGE ( 'NONE', *, *, #5451, .T. ) ;
#4049 = CARTESIAN_POINT ( 'NONE',  ( 100.7656893541639960, 16.99999999999999289, 12.00000000000000000 ) ) ;
#4050 = CARTESIAN_POINT ( 'NONE',  ( 246.8037943900397977, 25.40668714406047002, 7.000000000000000000 ) ) ;
#4051 = CARTESIAN_POINT ( 'NONE',  ( 127.4266217112695898, 13.00000000000000533, -61.90760220690642512 ) ) ;
#4052 = CARTESIAN_POINT ( 'NONE',  ( 139.4266217112696040, 13.00000000000000888, -61.90760220690642512 ) ) ;
#4053 = ORIENTED_EDGE ( 'NONE', *, *, #5112, .F. ) ;
#4054 = EDGE_CURVE ( 'NONE', #4019, #3807, #3563, .T. ) ;
#4055 = LINE ( 'NONE', #473, #3608 ) ;
#4056 = FACE_BOUND ( 'NONE', #3010, .T. ) ;
#4057 = LINE ( 'NONE', #3630, #25 ) ;
#4058 = ORIENTED_EDGE ( 'NONE', *, *, #1835, .F. ) ;
#4059 = EDGE_LOOP ( 'NONE', ( #289, #1124, #5768, #5610 ) ) ;
#4060 = EDGE_CURVE ( 'NONE', #965, #4013, #5363, .T. ) ;
#4061 = CARTESIAN_POINT ( 'NONE',  ( 25.50000000000000355, 34.00000000000000000, -55.55141653980559369 ) ) ;
#4062 = CARTESIAN_POINT ( 'NONE',  ( 194.2799999999999727, 11.00000000000000533, 0.000000000000000000 ) ) ;
#4063 = CARTESIAN_POINT ( 'NONE',  ( 134.2266217112708944, -9.000000000057788441, -2.999999999999999112 ) ) ;
#4064 = DIRECTION ( 'NONE',  ( 1.000000000000000000, 0.000000000000000000, 0.000000000000000000 ) ) ;
#4065 = ORIENTED_EDGE ( 'NONE', *, *, #206, .T. ) ;
#4066 = CIRCLE ( 'NONE', #2402, 3.649999999999986589 ) ;
#4067 = PLANE ( 'NONE',  #3631 ) ;
#4068 = ORIENTED_EDGE ( 'NONE', *, *, #925, .F. ) ;
#4069 = VERTEX_POINT ( 'NONE', #2185 ) ;
#4070 = CARTESIAN_POINT ( 'NONE',  ( 33.63610991735736633, -7.922015543138114957, 0.000000000000000000 ) ) ;
#4071 = ORIENTED_EDGE ( 'NONE', *, *, #4802, .F. ) ;
#4072 = ORIENTED_EDGE ( 'NONE', *, *, #5259, .T. ) ;
#4073 = CIRCLE ( 'NONE', #2114, 2.799999999999997158 ) ;
#4074 = LINE ( 'NONE', #5360, #2606 ) ;
#4075 = DIRECTION ( 'NONE',  ( -6.294023865427216222E-14, -1.000000000000000000, 0.000000000000000000 ) ) ;
#4076 = CIRCLE ( 'NONE', #3158, 2.799999999999997158 ) ;
#4077 = DIRECTION ( 'NONE',  ( 1.000000000000000000, 0.000000000000000000, 0.000000000000000000 ) ) ;
#4078 = FACE_OUTER_BOUND ( 'NONE', #1968, .T. ) ;
#4079 = CARTESIAN_POINT ( 'NONE',  ( 261.6866871440604427, 10.52379439003986406, 7.000000000000000000 ) ) ;
#4080 = VERTEX_POINT ( 'NONE', #5337 ) ;
#4081 = CARTESIAN_POINT ( 'NONE',  ( 88.22662171127134911, -9.000000000058374638, 0.000000000000000000 ) ) ;
#4082 = AXIS2_PLACEMENT_3D ( 'NONE', #2212, #1289, #2746 ) ;
#4083 = AXIS2_PLACEMENT_3D ( 'NONE', #2247, #4007, #896 ) ;
#4084 = DIRECTION ( 'NONE',  ( -0.000000000000000000, -0.000000000000000000, 1.000000000000000000 ) ) ;
#4085 = EDGE_CURVE ( 'NONE', #3861, #5471, #3726, .T. ) ;
#4086 = CIRCLE ( 'NONE', #1369, 1.999999999999994893 ) ;
#4087 = DIRECTION ( 'NONE',  ( 0.000000000000000000, 0.000000000000000000, -1.000000000000000000 ) ) ;
#4088 = VECTOR ( 'NONE', #2673, 1000.000000000000000 ) ;
#4089 = ADVANCED_FACE ( 'NONE', ( #4473 ), #4947, .F. ) ;
#4090 = ORIENTED_EDGE ( 'NONE', *, *, #4734, .F. ) ;
#4091 = CARTESIAN_POINT ( 'NONE',  ( -56.46924516606153333, 19.08814419900561532, 12.00000000000000000 ) ) ;
#4092 = ADVANCED_FACE ( 'NONE', ( #5818 ), #1384, .T. ) ;
#4093 = AXIS2_PLACEMENT_3D ( 'NONE', #2105, #3376, #3898 ) ;
#4094 = LINE ( 'NONE', #4956, #803 ) ;
#4095 = CYLINDRICAL_SURFACE ( 'NONE', #1098, 4.025000000000000355 ) ;
#4096 = CYLINDRICAL_SURFACE ( 'NONE', #5278, 2.999999999999586109 ) ;
#4097 = CARTESIAN_POINT ( 'NONE',  ( 90.13474140192322182, 13.99999999994161826, 5.000000000000000000 ) ) ;
#4098 = AXIS2_PLACEMENT_3D ( 'NONE', #1167, #2974, #3407 ) ;
#4099 = ORIENTED_EDGE ( 'NONE', *, *, #2551, .F. ) ;
#4100 = ORIENTED_EDGE ( 'NONE', *, *, #1426, .T. ) ;
#4101 = LINE ( 'NONE', #1467, #3216 ) ;
#4102 = ORIENTED_EDGE ( 'NONE', *, *, #2113, .F. ) ;
#4103 = ORIENTED_EDGE ( 'NONE', *, *, #2345, .F. ) ;
#4104 = CARTESIAN_POINT ( 'NONE',  ( 265.3366871440606474, 10.52379439003986406, 7.000000000000000000 ) ) ;
#4105 = ORIENTED_EDGE ( 'NONE', *, *, #4929, .T. ) ;
#4106 = ADVANCED_FACE ( 'NONE', ( #880 ), #2711, .T. ) ;
#4107 = ORIENTED_EDGE ( 'NONE', *, *, #4306, .T. ) ;
#4108 = CYLINDRICAL_SURFACE ( 'NONE', #3627, 28.00000000000000355 ) ;
#4109 = DIRECTION ( 'NONE',  ( -0.000000000000000000, -0.000000000000000000, 1.000000000000000000 ) ) ;
#4110 = FACE_OUTER_BOUND ( 'NONE', #1211, .T. ) ;
#4111 = CARTESIAN_POINT ( 'NONE',  ( -28.46994982707818167, 16.68717941545698835, 0.000000000000000000 ) ) ;
#4112 = ORIENTED_EDGE ( 'NONE', *, *, #3786, .F. ) ;
#4113 = CARTESIAN_POINT ( 'NONE',  ( -16.78642409890099430, 39.04441017574521311, -55.55141653980559369 ) ) ;
#4114 = EDGE_CURVE ( 'NONE', #2726, #4936, #2157, .T. ) ;
#4115 = VERTEX_POINT ( 'NONE', #3301 ) ;
#4116 = EDGE_CURVE ( 'NONE', #2159, #538, #4207, .T. ) ;
#4117 = ADVANCED_FACE ( 'NONE', ( #1972 ), #971, .F. ) ;
#4118 = DIRECTION ( 'NONE',  ( -0.000000000000000000, -0.000000000000000000, 1.000000000000000000 ) ) ;
#4119 = CARTESIAN_POINT ( 'NONE',  ( 90.22662171126948749, -6.763932022556828016, 11.99999999999999645 ) ) ;
#4120 = VECTOR ( 'NONE', #3067, 1000.000000000000000 ) ;
#4121 = DIRECTION ( 'NONE',  ( 1.000000000000000000, 0.000000000000000000, 0.000000000000000000 ) ) ;
#4122 = VERTEX_POINT ( 'NONE', #4589 ) ;
#4123 = AXIS2_PLACEMENT_3D ( 'NONE', #2503, #4286, #255 ) ;
#4124 = EDGE_CURVE ( 'NONE', #4148, #931, #895, .T. ) ;
#4125 = DIRECTION ( 'NONE',  ( -0.000000000000000000, -0.000000000000000000, -1.000000000000000000 ) ) ;
#4126 = EDGE_CURVE ( 'NONE', #2010, #1162, #1441, .T. ) ;
#4127 = DIRECTION ( 'NONE',  ( -1.000000000000000000, 1.088026939760487788E-16, -0.000000000000000000 ) ) ;
#4128 = CARTESIAN_POINT ( 'NONE',  ( 261.6866871440603290, -10.52379439004008610, 12.00099999999999945 ) ) ;
#4129 = EDGE_CURVE ( 'NONE', #5340, #5845, #1531, .T. ) ;
#4130 = CARTESIAN_POINT ( 'NONE',  ( 131.4266217112710819, 6.763932022442445735, 11.99999999999999645 ) ) ;
#4131 = VECTOR ( 'NONE', #2233, 1000.000000000000000 ) ;
#4132 = DIRECTION ( 'NONE',  ( 0.000000000000000000, -0.000000000000000000, -1.000000000000000000 ) ) ;
#4133 = ORIENTED_EDGE ( 'NONE', *, *, #80, .F. ) ;
#4134 = ORIENTED_EDGE ( 'NONE', *, *, #3890, .F. ) ;
#4135 = DIRECTION ( 'NONE',  ( 0.000000000000000000, 0.000000000000000000, -1.000000000000000000 ) ) ;
#4136 = AXIS2_PLACEMENT_3D ( 'NONE', #561, #2778, #2357 ) ;
#4137 = EDGE_LOOP ( 'NONE', ( #2966, #5525, #1519, #1936 ) ) ;
#4138 = ORIENTED_EDGE ( 'NONE', *, *, #210, .F. ) ;
#4139 = EDGE_CURVE ( 'NONE', #2801, #708, #3069, .T. ) ;
#4140 = AXIS2_PLACEMENT_3D ( 'NONE', #273, #2581, #5679 ) ;
#4141 = DIRECTION ( 'NONE',  ( 0.000000000000000000, -0.000000000000000000, -1.000000000000000000 ) ) ;
#4142 = CIRCLE ( 'NONE', #574, 28.00000000000000355 ) ;
#4143 = DIRECTION ( 'NONE',  ( -0.000000000000000000, 0.000000000000000000, 1.000000000000000000 ) ) ;
#4144 = CARTESIAN_POINT ( 'NONE',  ( 35.72119267057016145, -14.09189887141539188, -22.99999999999999645 ) ) ;
#4145 = DIRECTION ( 'NONE',  ( -0.000000000000000000, -0.000000000000000000, 1.000000000000000000 ) ) ;
#4146 = DIRECTION ( 'NONE',  ( -6.294023865433832809E-13, -1.000000000000000000, 0.000000000000000000 ) ) ;
#4147 = CIRCLE ( 'NONE', #2467, 2.124999999999988010 ) ;
#4148 = VERTEX_POINT ( 'NONE', #2808 ) ;
#4149 = CARTESIAN_POINT ( 'NONE',  ( 135.4266217112700019, -12.99999999999956124, 0.000000000000000000 ) ) ;
#4150 = ORIENTED_EDGE ( 'NONE', *, *, #5847, .F. ) ;
#4151 = ORIENTED_EDGE ( 'NONE', *, *, #4988, .F. ) ;
#4152 = CARTESIAN_POINT ( 'NONE',  ( 225.7562056099600625, -25.40668714406038475, 7.000000000000000000 ) ) ;
#4153 = CARTESIAN_POINT ( 'NONE',  ( 89.02662171127057888, -9.000000000058374638, 6.000000000000000000 ) ) ;
#4154 = LINE ( 'NONE', #5167, #1996 ) ;
#4155 = ADVANCED_FACE ( 'NONE', ( #2291 ), #3274, .F. ) ;
#4156 = ORIENTED_EDGE ( 'NONE', *, *, #4124, .T. ) ;
#4157 = ORIENTED_EDGE ( 'NONE', *, *, #2193, .F. ) ;
#4158 = DIRECTION ( 'NONE',  ( -0.000000000000000000, 0.000000000000000000, 1.000000000000000000 ) ) ;
#4159 = DIRECTION ( 'NONE',  ( 1.000000000000000000, 0.000000000000000000, 0.000000000000000000 ) ) ;
#4160 = DIRECTION ( 'NONE',  ( 1.000000000000000000, 0.000000000000000000, 0.000000000000000000 ) ) ;
#4161 = VECTOR ( 'NONE', #793, 1000.000000000000000 ) ;
#4162 = DIRECTION ( 'NONE',  ( -0.000000000000000000, -0.000000000000000000, -1.000000000000000000 ) ) ;
#4163 = ADVANCED_FACE ( 'NONE', ( #2423 ), #1498, .T. ) ;
#4164 = LINE ( 'NONE', #929, #4669 ) ;
#4165 = EDGE_LOOP ( 'NONE', ( #2320, #3182, #2434, #4434 ) ) ;
#4166 = CYLINDRICAL_SURFACE ( 'NONE', #1994, 5.000000000000000888 ) ;
#4167 = EDGE_LOOP ( 'NONE', ( #3541, #990, #285, #4363 ) ) ;
#4168 = EDGE_LOOP ( 'NONE', ( #3664, #316, #3506, #4107 ) ) ;
#4169 = DIRECTION ( 'NONE',  ( 1.000000000000000000, 0.000000000000000000, 0.000000000000000000 ) ) ;
#4170 = AXIS2_PLACEMENT_3D ( 'NONE', #5492, #4536, #1885 ) ;
#4171 = CARTESIAN_POINT ( 'NONE',  ( 86.22662171126958697, -13.00000000000000178, -61.90760220690642512 ) ) ;
#4172 = ADVANCED_FACE ( 'NONE', ( #1092 ), #76, .T. ) ;
#4173 = DIRECTION ( 'NONE',  ( -0.000000000000000000, 0.000000000000000000, 1.000000000000000000 ) ) ;
#4174 = VECTOR ( 'NONE', #2538, 1000.000000000000000 ) ;
#4175 = PLANE ( 'NONE',  #1170 ) ;
#4176 = LINE ( 'NONE', #1947, #2935 ) ;
#4177 = ORIENTED_EDGE ( 'NONE', *, *, #1995, .T. ) ;
#4178 = DIRECTION ( 'NONE',  ( 1.000000000000000000, 0.000000000000000000, 0.000000000000000000 ) ) ;
#4179 = ORIENTED_EDGE ( 'NONE', *, *, #3531, .F. ) ;
#4180 = CIRCLE ( 'NONE', #327, 3.649999999999986589 ) ;
#4181 = PLANE ( 'NONE',  #318 ) ;
#4182 = CARTESIAN_POINT ( 'NONE',  ( 19.50000000000000355, -26.00000000000000000, 12.00000000000000000 ) ) ;
#4183 = DIRECTION ( 'NONE',  ( 0.000000000000000000, 0.000000000000000000, -1.000000000000000000 ) ) ;
#4184 = EDGE_LOOP ( 'NONE', ( #2719, #2205, #2512, #1916 ) ) ;
#4185 = VECTOR ( 'NONE', #1819, 1000.000000000000000 ) ;
#4186 = AXIS2_PLACEMENT_3D ( 'NONE', #2387, #4206, #2322 ) ;
#4187 = ORIENTED_EDGE ( 'NONE', *, *, #5469, .F. ) ;
#4188 = DIRECTION ( 'NONE',  ( 1.000000000000000000, 0.000000000000000000, 0.000000000000000000 ) ) ;
#4189 = EDGE_LOOP ( 'NONE', ( #2582, #1870, #5420, #4865 ) ) ;
#4190 = AXIS2_PLACEMENT_3D ( 'NONE', #2177, #3093, #400 ) ;
#4191 = DIRECTION ( 'NONE',  ( -0.6011309404133634571, -0.7991505443142394860, 0.000000000000000000 ) ) ;
#4192 = AXIS2_PLACEMENT_3D ( 'NONE', #1787, #5813, #5334 ) ;
#4193 = CARTESIAN_POINT ( 'NONE',  ( 194.2799999999999727, 15.00000000000000533, 6.000000000000000000 ) ) ;
#4194 = CARTESIAN_POINT ( 'NONE',  ( 196.2799999999999727, 15.00000000000000533, -4.000000000000000000 ) ) ;
#4195 = AXIS2_PLACEMENT_3D ( 'NONE', #696, #4756, #2548 ) ;
#4196 = EDGE_CURVE ( 'NONE', #2232, #2002, #3767, .T. ) ;
#4197 = EDGE_CURVE ( 'NONE', #1121, #3235, #1554, .T. ) ;
#4198 = DIRECTION ( 'NONE',  ( -0.000000000000000000, -0.000000000000000000, 1.000000000000000000 ) ) ;
#4199 = ORIENTED_EDGE ( 'NONE', *, *, #3618, .F. ) ;
#4200 = CYLINDRICAL_SURFACE ( 'NONE', #1517, 3.649999999999986589 ) ;
#4201 = ORIENTED_EDGE ( 'NONE', *, *, #2398, .F. ) ;
#4202 = ORIENTED_EDGE ( 'NONE', *, *, #747, .T. ) ;
#4203 = EDGE_CURVE ( 'NONE', #788, #4939, #5042, .T. ) ;
#4204 = DIRECTION ( 'NONE',  ( 1.000000000000000000, -3.248082090938664270E-17, 0.000000000000000000 ) ) ;
#4205 = EDGE_CURVE ( 'NONE', #619, #5244, #1852, .T. ) ;
#4206 = DIRECTION ( 'NONE',  ( -0.000000000000000000, -0.000000000000000000, 1.000000000000000000 ) ) ;
#4207 = LINE ( 'NONE', #1001, #3349 ) ;
#4208 = CARTESIAN_POINT ( 'NONE',  ( 44.94029642646934519, -6.158978420894226424, -43.50958291931527810 ) ) ;
#4209 = CARTESIAN_POINT ( 'NONE',  ( 17.26977684236481636, -28.66617666121023689, 0.000000000000000000 ) ) ;
#4210 = VERTEX_POINT ( 'NONE', #2356 ) ;
#4211 = CARTESIAN_POINT ( 'NONE',  ( 225.7562056099600625, -25.40668714406038475, 7.000000000000000000 ) ) ;
#4212 = ADVANCED_FACE ( 'NONE', ( #109 ), #3219, .T. ) ;
#4213 = ORIENTED_EDGE ( 'NONE', *, *, #1574, .F. ) ;
#4214 = EDGE_CURVE ( 'NONE', #72, #4562, #1031, .T. ) ;
#4215 = EDGE_LOOP ( 'NONE', ( #5241, #5215, #2604, #1622 ) ) ;
#4216 = CARTESIAN_POINT ( 'NONE',  ( 135.4266217112700019, -12.99999999999956124, -61.90760220690642512 ) ) ;
#4217 = PLANE ( 'NONE',  #5130 ) ;
#4218 = CARTESIAN_POINT ( 'NONE',  ( 133.4266217112711104, 8.999999999942206230, -2.999999999999999112 ) ) ;
#4219 = ORIENTED_EDGE ( 'NONE', *, *, #3007, .T. ) ;
#4220 = EDGE_CURVE ( 'NONE', #3268, #2575, #4464, .T. ) ;
#4221 = ORIENTED_EDGE ( 'NONE', *, *, #5112, .T. ) ;
#4222 = ORIENTED_EDGE ( 'NONE', *, *, #4414, .F. ) ;
#4223 = DIRECTION ( 'NONE',  ( 0.000000000000000000, 0.000000000000000000, -1.000000000000000000 ) ) ;
#4224 = VECTOR ( 'NONE', #5239, 1000.000000000000000 ) ;
#4225 = ORIENTED_EDGE ( 'NONE', *, *, #763, .F. ) ;
#4226 = DIRECTION ( 'NONE',  ( 1.000000000000000000, 0.000000000000000000, 0.000000000000000000 ) ) ;
#4227 = DIRECTION ( 'NONE',  ( 1.000000000000000000, 0.000000000000000000, 0.000000000000000000 ) ) ;
#4228 =( GEOMETRIC_REPRESENTATION_CONTEXT ( 3 ) GLOBAL_UNCERTAINTY_ASSIGNED_CONTEXT ( ( #5748 ) ) GLOBAL_UNIT_ASSIGNED_CONTEXT ( ( #2949, #5179, #252 ) ) REPRESENTATION_CONTEXT ( 'NONE', 'WORKASPACE' ) );
#4229 = EDGE_CURVE ( 'NONE', #1753, #2336, #2088, .T. ) ;
#4230 = CARTESIAN_POINT ( 'NONE',  ( 134.2266217112702407, 8.999999999942206230, 6.000000000000000000 ) ) ;
#4231 = EDGE_LOOP ( 'NONE', ( #1495, #3352, #1859, #934 ) ) ;
#4232 = VERTEX_POINT ( 'NONE', #3797 ) ;
#4233 = LINE ( 'NONE', #196, #1300 ) ;
#4234 = CIRCLE ( 'NONE', #1688, 2.999999999999239275 ) ;
#4235 = CIRCLE ( 'NONE', #1137, 5.000000000000000888 ) ;
#4236 = AXIS2_PLACEMENT_3D ( 'NONE', #3751, #4125, #3661 ) ;
#4237 = DIRECTION ( 'NONE',  ( 0.000000000000000000, -0.000000000000000000, -1.000000000000000000 ) ) ;
#4238 = DIRECTION ( 'NONE',  ( -1.000000000000000000, 0.000000000000000000, 0.000000000000000000 ) ) ;
#4239 = FACE_OUTER_BOUND ( 'NONE', #5589, .T. ) ;
#4240 = AXIS2_PLACEMENT_3D ( 'NONE', #3204, #871, #5411 ) ;
#4241 = ORIENTED_EDGE ( 'NONE', *, *, #783, .F. ) ;
#4242 = AXIS2_PLACEMENT_3D ( 'NONE', #2171, #366, #1777 ) ;
#4243 = CARTESIAN_POINT ( 'NONE',  ( 83.42662171126970350, 5.744235880725120147, -61.90760220690642512 ) ) ;
#4244 = ORIENTED_EDGE ( 'NONE', *, *, #1952, .T. ) ;
#4245 = AXIS2_PLACEMENT_3D ( 'NONE', #3183, #5781, #932 ) ;
#4246 = DIRECTION ( 'NONE',  ( -1.456730982920829162E-13, 1.000000000000000000, -0.000000000000000000 ) ) ;
#4247 = CIRCLE ( 'NONE', #1422, 5.000000000000000888 ) ;
#4248 = DIRECTION ( 'NONE',  ( -0.000000000000000000, -0.000000000000000000, 1.000000000000000000 ) ) ;
#4249 = EDGE_CURVE ( 'NONE', #3809, #4817, #5724, .T. ) ;
#4250 = CARTESIAN_POINT ( 'NONE',  ( 263.8116871440604427, 10.52379439003986406, 12.00000000000000000 ) ) ;
#4251 = ORIENTED_EDGE ( 'NONE', *, *, #3422, .T. ) ;
#4252 = AXIS2_PLACEMENT_3D ( 'NONE', #4877, #2254, #907 ) ;
#4253 = CYLINDRICAL_SURFACE ( 'NONE', #5806, 6.025000000000002132 ) ;
#4254 = EDGE_CURVE ( 'NONE', #1855, #5255, #2791, .T. ) ;
#4255 = ORIENTED_EDGE ( 'NONE', *, *, #5840, .F. ) ;
#4256 = ORIENTED_EDGE ( 'NONE', *, *, #1194, .T. ) ;
#4257 = FACE_OUTER_BOUND ( 'NONE', #5835, .T. ) ;
#4258 = CARTESIAN_POINT ( 'NONE',  ( 47.55981053043001339, -12.00013170854912126, 12.00000000000000000 ) ) ;
#4259 = DIRECTION ( 'NONE',  ( 0.000000000000000000, 0.000000000000000000, 1.000000000000000000 ) ) ;
#4260 = ORIENTED_EDGE ( 'NONE', *, *, #3777, .T. ) ;
#4261 = CARTESIAN_POINT ( 'NONE',  ( 93.30599175095036912, 6.199999999941620210, -61.90760220690642512 ) ) ;
#4262 = CARTESIAN_POINT ( 'NONE',  ( 135.4266217112781874, -8.523783890658646198E-11, -61.90760220690642512 ) ) ;
#4263 = CARTESIAN_POINT ( 'NONE',  ( 261.6866871440603290, -10.52379439004008610, 12.00000000000000000 ) ) ;
#4264 = EDGE_LOOP ( 'NONE', ( #5751, #4788, #1741, #1931, #4105, #1034 ) ) ;
#4265 = DIRECTION ( 'NONE',  ( -1.000000000000000000, 1.088026939760487788E-16, -0.000000000000000000 ) ) ;
#4266 = ORIENTED_EDGE ( 'NONE', *, *, #692, .T. ) ;
#4267 = CYLINDRICAL_SURFACE ( 'NONE', #224, 3.650000000000014566 ) ;
#4268 = ORIENTED_EDGE ( 'NONE', *, *, #3959, .F. ) ;
#4269 = CYLINDRICAL_SURFACE ( 'NONE', #2576, 9.999999999999998224 ) ;
#4270 = VECTOR ( 'NONE', #116, 1000.000000000000000 ) ;
#4271 = DIRECTION ( 'NONE',  ( -1.000000000000000000, 0.000000000000000000, 0.000000000000000000 ) ) ;
#4272 = CIRCLE ( 'NONE', #3980, 10.00000000000000000 ) ;
#4273 = DIRECTION ( 'NONE',  ( 0.000000000000000000, 0.000000000000000000, -1.000000000000000000 ) ) ;
#4274 = EDGE_LOOP ( 'NONE', ( #1715, #3447, #4695, #2804 ) ) ;
#4275 = EDGE_CURVE ( 'NONE', #5106, #3295, #2564, .T. ) ;
#4276 = SURFACE_STYLE_FILL_AREA ( #5202 ) ;
#4277 = ORIENTED_EDGE ( 'NONE', *, *, #5351, .F. ) ;
#4278 = ORIENTED_EDGE ( 'NONE', *, *, #2838, .F. ) ;
#4279 = CARTESIAN_POINT ( 'NONE',  ( -51.74505342651816164, 31.06775733597103084, 12.00000000000000000 ) ) ;
#4280 = DIRECTION ( 'NONE',  ( 0.000000000000000000, 0.000000000000000000, -1.000000000000000000 ) ) ;
#4281 = EDGE_CURVE ( 'NONE', #2279, #4115, #4937, .T. ) ;
#4282 = AXIS2_PLACEMENT_3D ( 'NONE', #408, #1320, #914 ) ;
#4283 = CIRCLE ( 'NONE', #4186, 23.50000000000002132 ) ;
#4284 = CARTESIAN_POINT ( 'NONE',  ( 78.05183540282277477, 20.00000000000000355, 5.000000000000000000 ) ) ;
#4285 = CARTESIAN_POINT ( 'NONE',  ( 139.4266217112696040, 13.00000000000000888, 0.000000000000000000 ) ) ;
#4286 = DIRECTION ( 'NONE',  ( 0.000000000000000000, 0.000000000000000000, -1.000000000000000000 ) ) ;
#4287 = CIRCLE ( 'NONE', #3359, 3.650000000000014566 ) ;
#4288 = CARTESIAN_POINT ( 'NONE',  ( 4.188393941217304572, 10.40259026772773332, 12.00000000000000000 ) ) ;
#4289 = VERTEX_POINT ( 'NONE', #651 ) ;
#4290 = LINE ( 'NONE', #2533, #3945 ) ;
#4291 = EDGE_LOOP ( 'NONE', ( #4735, #5160, #3452, #4133 ) ) ;
#4292 = LINE ( 'NONE', #260, #3106 ) ;
#4293 = ORIENTED_EDGE ( 'NONE', *, *, #1860, .F. ) ;
#4294 = ORIENTED_EDGE ( 'NONE', *, *, #4196, .F. ) ;
#4295 = DIRECTION ( 'NONE',  ( -1.000000000000000000, 0.000000000000000000, 0.000000000000000000 ) ) ;
#4296 = CARTESIAN_POINT ( 'NONE',  ( 81.87009861938832955, 18.40000000000000213, 12.00000000000000000 ) ) ;
#4297 = DIRECTION ( 'NONE',  ( 0.000000000000000000, -0.000000000000000000, -1.000000000000000000 ) ) ;
#4298 = AXIS2_PLACEMENT_3D ( 'NONE', #4285, #5264, #728 ) ;
#4299 = ORIENTED_EDGE ( 'NONE', *, *, #2551, .T. ) ;
#4300 = EDGE_CURVE ( 'NONE', #597, #2570, #228, .T. ) ;
#4301 = DIRECTION ( 'NONE',  ( -1.000000000000000000, 0.000000000000000000, 0.000000000000000000 ) ) ;
#4302 = ORIENTED_EDGE ( 'NONE', *, *, #5711, .F. ) ;
#4303 = VERTEX_POINT ( 'NONE', #2978 ) ;
#4304 = PRODUCT_RELATED_PRODUCT_CATEGORY ( 'part', '', ( #585 ) ) ;
#4305 = EDGE_CURVE ( 'NONE', #1988, #1502, #2410, .T. ) ;
#4306 = EDGE_CURVE ( 'NONE', #2635, #3583, #1149, .T. ) ;
#4307 = CARTESIAN_POINT ( 'NONE',  ( 86.22662171126958697, -13.00000000000000178, 11.99999999999999645 ) ) ;
#4308 = CARTESIAN_POINT ( 'NONE',  ( 156.2799999999999727, 17.00000000000000000, 6.000000000000000000 ) ) ;
#4309 = ORIENTED_EDGE ( 'NONE', *, *, #995, .F. ) ;
#4310 = CARTESIAN_POINT ( 'NONE',  ( 78.05183540282277477, 20.00000000000000355, 12.00000000000000000 ) ) ;
#4311 = DIRECTION ( 'NONE',  ( -0.000000000000000000, 0.000000000000000000, 1.000000000000000000 ) ) ;
#4312 = EDGE_CURVE ( 'NONE', #2740, #2321, #3360, .T. ) ;
#4313 = FACE_OUTER_BOUND ( 'NONE', #463, .T. ) ;
#4314 = AXIS2_PLACEMENT_3D ( 'NONE', #2529, #1577, #5684 ) ;
#4315 = DIRECTION ( 'NONE',  ( 1.000000000000000000, 0.000000000000000000, 0.000000000000000000 ) ) ;
#4316 = CARTESIAN_POINT ( 'NONE',  ( 135.4266217112711104, -11.23606797755777542, -61.90760220690642512 ) ) ;
#4317 = ORIENTED_EDGE ( 'NONE', *, *, #4054, .T. ) ;
#4319 = ORIENTED_EDGE ( 'NONE', *, *, #4919, .F. ) ;
#4318 = EDGE_CURVE ( 'NONE', #4327, #1072, #717, .T. ) ;
#4320 = DIRECTION ( 'NONE',  ( 0.000000000000000000, 0.000000000000000000, -1.000000000000000000 ) ) ;
#4321 = ORIENTED_EDGE ( 'NONE', *, *, #4249, .T. ) ;
#4322 = DIRECTION ( 'NONE',  ( -1.000000000000000000, 0.000000000000000000, 0.000000000000000000 ) ) ;
#4323 = ORIENTED_EDGE ( 'NONE', *, *, #4993, .F. ) ;
#4324 = DIRECTION ( 'NONE',  ( 1.000000000000000000, 0.000000000000000000, 0.000000000000000000 ) ) ;
#4325 = PLANE ( 'NONE',  #5706 ) ;
#4326 = DIRECTION ( 'NONE',  ( -1.000000000000000000, 0.000000000000000000, 0.000000000000000000 ) ) ;
#4327 = VERTEX_POINT ( 'NONE', #1555 ) ;
#4328 = VECTOR ( 'NONE', #4838, 1000.000000000000000 ) ;
#4329 = AXIS2_PLACEMENT_3D ( 'NONE', #5233, #777, #3458 ) ;
#4330 = AXIS2_PLACEMENT_3D ( 'NONE', #1483, #4183, #3338 ) ;
#4331 = LINE ( 'NONE', #3508, #230 ) ;
#4332 = EDGE_LOOP ( 'NONE', ( #102, #3647, #2545, #2221 ) ) ;
#4333 = ORIENTED_EDGE ( 'NONE', *, *, #3068, .F. ) ;
#4334 = CYLINDRICAL_SURFACE ( 'NONE', #1560, 32.50000000000000000 ) ;
#4335 = DIRECTION ( 'NONE',  ( 1.000000000000000000, 0.000000000000000000, 0.000000000000000000 ) ) ;
#4336 = ORIENTED_EDGE ( 'NONE', *, *, #5375, .T. ) ;
#4337 = DIRECTION ( 'NONE',  ( 1.000000000000000000, -9.293161478447189878E-16, 0.000000000000000000 ) ) ;
#4338 = EDGE_CURVE ( 'NONE', #3236, #1623, #2447, .T. ) ;
#4339 = EDGE_CURVE ( 'NONE', #4827, #2416, #2505, .T. ) ;
#4340 = CARTESIAN_POINT ( 'NONE',  ( 88.22662171127112174, 8.999999999941620032, 6.000000000000000000 ) ) ;
#4341 = CARTESIAN_POINT ( 'NONE',  ( 196.2799999999999727, 0.000000000000000000, 0.000000000000000000 ) ) ;
#4342 = DIRECTION ( 'NONE',  ( 1.000000000000000000, 0.000000000000000000, 0.000000000000000000 ) ) ;
#4343 = ORIENTED_EDGE ( 'NONE', *, *, #3779, .F. ) ;
#4344 = ADVANCED_FACE ( 'NONE', ( #5211 ), #4346, .F. ) ;
#4345 = EDGE_CURVE ( 'NONE', #2822, #1265, #1606, .T. ) ;
#4346 = CYLINDRICAL_SURFACE ( 'NONE', #5415, 2.124999999999988010 ) ;
#4347 = EDGE_LOOP ( 'NONE', ( #391, #2443, #1918, #3022 ) ) ;
#4348 = ORIENTED_EDGE ( 'NONE', *, *, #5451, .F. ) ;
#4349 = DIRECTION ( 'NONE',  ( 0.000000000000000000, -0.000000000000000000, -1.000000000000000000 ) ) ;
#4350 = ORIENTED_EDGE ( 'NONE', *, *, #225, .T. ) ;
#4351 = DIRECTION ( 'NONE',  ( -0.000000000000000000, 0.000000000000000000, 1.000000000000000000 ) ) ;
#4352 = CIRCLE ( 'NONE', #3141, 1.999999999999994893 ) ;
#4353 = ORIENTED_EDGE ( 'NONE', *, *, #5527, .T. ) ;
#4354 = EDGE_CURVE ( 'NONE', #788, #4122, #312, .T. ) ;
#4355 = DIRECTION ( 'NONE',  ( -1.000000000000000000, 0.000000000000000000, -0.000000000000000000 ) ) ;
#4356 = CARTESIAN_POINT ( 'NONE',  ( 261.6866871440603859, -10.52379439003989248, 7.000000000000000000 ) ) ;
#4357 = FACE_OUTER_BOUND ( 'NONE', #4347, .T. ) ;
#4358 = ORIENTED_EDGE ( 'NONE', *, *, #650, .F. ) ;
#4359 = VECTOR ( 'NONE', #2167, 1000.000000000000000 ) ;
#4360 = VECTOR ( 'NONE', #3689, 1000.000000000000000 ) ;
#4361 = CYLINDRICAL_SURFACE ( 'NONE', #2298, 23.50000000000004974 ) ;
#4362 = ORIENTED_EDGE ( 'NONE', *, *, #3815, .F. ) ;
#4363 = ORIENTED_EDGE ( 'NONE', *, *, #3742, .F. ) ;
#4364 =( GEOMETRIC_REPRESENTATION_CONTEXT ( 3 ) GLOBAL_UNCERTAINTY_ASSIGNED_CONTEXT ( ( #3203 ) ) GLOBAL_UNIT_ASSIGNED_CONTEXT ( ( #416, #2660, #52 ) ) REPRESENTATION_CONTEXT ( 'NONE', 'WORKASPACE' ) );
#4365 = CIRCLE ( 'NONE', #5409, 6.525000000000003020 ) ;
#4366 = DIRECTION ( 'NONE',  ( 1.000000000000000000, 0.000000000000000000, 0.000000000000000000 ) ) ;
#4367 = CARTESIAN_POINT ( 'NONE',  ( 261.6866871440604427, 10.52379439003986406, 7.000000000000000000 ) ) ;
#4368 = EDGE_LOOP ( 'NONE', ( #1768, #5252, #4509, #4138 ) ) ;
#4369 = CARTESIAN_POINT ( 'NONE',  ( 261.6866871440603859, -10.52379439003989248, 0.000000000000000000 ) ) ;
#4370 = DIRECTION ( 'NONE',  ( -0.000000000000000000, 0.000000000000000000, 1.000000000000000000 ) ) ;
#4371 = DIRECTION ( 'NONE',  ( -0.000000000000000000, 0.000000000000000000, 1.000000000000000000 ) ) ;
#4372 = CIRCLE ( 'NONE', #5528, 4.025000000000000355 ) ;
#4373 = FACE_OUTER_BOUND ( 'NONE', #5376, .T. ) ;
#4374 = EDGE_CURVE ( 'NONE', #4555, #3549, #330, .T. ) ;
#4375 = AXIS2_PLACEMENT_3D ( 'NONE', #2614, #811, #5235 ) ;
#4376 = VECTOR ( 'NONE', #3897, 999.9999999999998863 ) ;
#4377 = VECTOR ( 'NONE', #5478, 1000.000000000000000 ) ;
#4378 = CYLINDRICAL_SURFACE ( 'NONE', #1649, 1.999999999999994893 ) ;
#4379 = ORIENTED_EDGE ( 'NONE', *, *, #4114, .T. ) ;
#4380 = CIRCLE ( 'NONE', #2895, 0.7999999999991069810 ) ;
#4381 = ORIENTED_EDGE ( 'NONE', *, *, #5598, .T. ) ;
#4382 = CARTESIAN_POINT ( 'NONE',  ( 92.37572918525138732, 18.40000000000000213, 5.000000000000000000 ) ) ;
#4383 = VERTEX_POINT ( 'NONE', #3409 ) ;
#4384 = EDGE_CURVE ( 'NONE', #3400, #931, #1172, .T. ) ;
#4385 = CARTESIAN_POINT ( 'NONE',  ( 26.00962562206538209, -17.00000000000000000, 12.00000000000000000 ) ) ;
#4386 = EDGE_CURVE ( 'NONE', #2814, #2002, #4372, .T. ) ;
#4387 = AXIS2_PLACEMENT_3D ( 'NONE', #838, #5854, #1298 ) ;
#4388 = LINE ( 'NONE', #2237, #2100 ) ;
#4389 = CARTESIAN_POINT ( 'NONE',  ( 156.4266217112695472, -17.00000000000000355, 6.000000000000000000 ) ) ;
#4390 = CARTESIAN_POINT ( 'NONE',  ( 127.4266217112695898, 13.00000000000000533, 11.99999999999999645 ) ) ;
#4391 = ORIENTED_EDGE ( 'NONE', *, *, #1389, .T. ) ;
#4392 = ADVANCED_FACE ( 'NONE', ( #198 ), #2005, .F. ) ;
#4393 = CYLINDRICAL_SURFACE ( 'NONE', #3246, 2.999999999999239275 ) ;
#4394 = DIRECTION ( 'NONE',  ( -0.000000000000000000, 0.000000000000000000, 1.000000000000000000 ) ) ;
#4395 = ORIENTED_EDGE ( 'NONE', *, *, #4957, .F. ) ;
#4396 = ORIENTED_EDGE ( 'NONE', *, *, #11, .F. ) ;
#4397 = ADVANCED_FACE ( 'NONE', ( #5298 ), #1253, .T. ) ;
#4398 = CARTESIAN_POINT ( 'NONE',  ( 194.2799999999999727, -13.00000000000001066, -4.000000000000000000 ) ) ;
#4399 = CYLINDRICAL_SURFACE ( 'NONE', #154, 1.600000000000004086 ) ;
#4400 = CARTESIAN_POINT ( 'NONE',  ( 47.55981053043001339, 0.000000000000000000, -61.90760220690642512 ) ) ;
#4401 = DIRECTION ( 'NONE',  ( 0.000000000000000000, -0.000000000000000000, -1.000000000000000000 ) ) ;
#4402 = DIRECTION ( 'NONE',  ( 0.000000000000000000, 0.000000000000000000, 1.000000000000000000 ) ) ;
#4403 = DIRECTION ( 'NONE',  ( 0.000000000000000000, 1.000000000000000000, -0.000000000000000000 ) ) ;
#4404 = VECTOR ( 'NONE', #3415, 1000.000000000000000 ) ;
#4405 = DIRECTION ( 'NONE',  ( 0.000000000000000000, -0.000000000000000000, -1.000000000000000000 ) ) ;
#4406 = EDGE_LOOP ( 'NONE', ( #436, #3785 ) ) ;
#4407 = ORIENTED_EDGE ( 'NONE', *, *, #2938, .F. ) ;
#4408 = DIRECTION ( 'NONE',  ( 0.000000000000000000, 0.000000000000000000, 1.000000000000000000 ) ) ;
#4409 = AXIS2_PLACEMENT_3D ( 'NONE', #4647, #4141, #5484 ) ;
#4410 = ORIENTED_EDGE ( 'NONE', *, *, #1214, .F. ) ;
#4411 = DIRECTION ( 'NONE',  ( 0.000000000000000000, -0.000000000000000000, -1.000000000000000000 ) ) ;
#4412 = PLANE ( 'NONE',  #2386 ) ;
#4413 = LINE ( 'NONE', #1707, #1833 ) ;
#4414 = EDGE_CURVE ( 'NONE', #5544, #3315, #1371, .T. ) ;
#4415 = CARTESIAN_POINT ( 'NONE',  ( 246.8037943900400819, 25.40668714406033146, 12.00099999999999945 ) ) ;
#4416 = LINE ( 'NONE', #46, #5581 ) ;
#4417 = ORIENTED_EDGE ( 'NONE', *, *, #3665, .F. ) ;
#4418 = CARTESIAN_POINT ( 'NONE',  ( 83.95396287678271108, 13.99999999994161826, 5.000000000000000000 ) ) ;
#4419 = EDGE_CURVE ( 'NONE', #3227, #3861, #2618, .T. ) ;
#4420 = VECTOR ( 'NONE', #1557, 1000.000000000000000 ) ;
#4421 = CARTESIAN_POINT ( 'NONE',  ( 31.44361024119208281, 17.00000000000000000, 12.00000000000000000 ) ) ;
#4422 = VECTOR ( 'NONE', #572, 999.9999999999998863 ) ;
#4423 = VERTEX_POINT ( 'NONE', #904 ) ;
#4424 = VERTEX_POINT ( 'NONE', #3986 ) ;
#4425 = VECTOR ( 'NONE', #250, 999.9999999999998863 ) ;
#4426 = CARTESIAN_POINT ( 'NONE',  ( 51.55981053043001339, -17.00000000000002132, 0.000000000000000000 ) ) ;
#4427 = EDGE_CURVE ( 'NONE', #797, #5272, #3438, .T. ) ;
#4428 = CARTESIAN_POINT ( 'NONE',  ( 261.6866871440603290, -10.52379439004008610, 12.00099999999999945 ) ) ;
#4429 = VECTOR ( 'NONE', #264, 1000.000000000000000 ) ;
#4430 = CARTESIAN_POINT ( 'NONE',  ( 135.4266217112710819, 11.23606797744202268, 11.99999999999999645 ) ) ;
#4431 = CARTESIAN_POINT ( 'NONE',  ( 80.72946294438240500, 17.27797047413903897, 12.00000000000000000 ) ) ;
#4432 = DIRECTION ( 'NONE',  ( -0.000000000000000000, 0.000000000000000000, 1.000000000000000000 ) ) ;
#4433 = DIRECTION ( 'NONE',  ( 1.000000000000000000, 0.000000000000000000, 0.000000000000000000 ) ) ;
#4434 = ORIENTED_EDGE ( 'NONE', *, *, #5183, .F. ) ;
#4435 = VERTEX_POINT ( 'NONE', #1307 ) ;
#4436 = DIRECTION ( 'NONE',  ( 1.000000000000000000, 0.000000000000000000, 0.000000000000000000 ) ) ;
#4437 = VERTEX_POINT ( 'NONE', #1755 ) ;
#4438 = CYLINDRICAL_SURFACE ( 'NONE', #1841, 5.000000000000000888 ) ;
#4439 = EDGE_CURVE ( 'NONE', #2575, #5845, #632, .T. ) ;
#4440 = CARTESIAN_POINT ( 'NONE',  ( 39.00981053043000912, -11.12921893940811913, 12.00000000000000000 ) ) ;
#4441 = DIRECTION ( 'NONE',  ( -1.000000000000000000, 0.000000000000000000, 0.000000000000000000 ) ) ;
#4442 = CARTESIAN_POINT ( 'NONE',  ( 91.22662171127093700, -9.000000000058374638, 0.000000000000000000 ) ) ;
#4443 = DIRECTION ( 'NONE',  ( 1.000000000000000000, 0.000000000000000000, 0.000000000000000000 ) ) ;
#4444 = ORIENTED_EDGE ( 'NONE', *, *, #3509, .T. ) ;
#4445 = CARTESIAN_POINT ( 'NONE',  ( 83.48378909892767297, 14.47797047408065652, 5.000000000000000000 ) ) ;
#4446 = DIRECTION ( 'NONE',  ( -0.000000000000000000, 1.000000000000000000, -0.000000000000000000 ) ) ;
#4447 = ORIENTED_EDGE ( 'NONE', *, *, #2229, .T. ) ;
#4448 = EDGE_CURVE ( 'NONE', #704, #2957, #5234, .T. ) ;
#4449 = DIRECTION ( 'NONE',  ( -0.000000000000000000, -0.000000000000000000, -1.000000000000000000 ) ) ;
#4450 = EDGE_CURVE ( 'NONE', #3231, #1024, #1781, .T. ) ;
#4451 = ORIENTED_EDGE ( 'NONE', *, *, #88, .F. ) ;
#4452 = CARTESIAN_POINT ( 'NONE',  ( 73.30825785899646974, 16.99999999999998934, 6.000000000000000000 ) ) ;
#4453 = AXIS2_PLACEMENT_3D ( 'NONE', #2877, #1104, #3690 ) ;
#4454 = AXIS2_PLACEMENT_3D ( 'NONE', #3281, #4118, #51 ) ;
#4455 = DIRECTION ( 'NONE',  ( -8.496932217776058738E-13, 1.000000000000000000, -0.000000000000000000 ) ) ;
#4456 = VECTOR ( 'NONE', #1929, 1000.000000000000000 ) ;
#4457 = CARTESIAN_POINT ( 'NONE',  ( 91.38391650049179304, 14.60021923741605576, 12.00000000000000000 ) ) ;
#4458 = EDGE_CURVE ( 'NONE', #233, #5494, #809, .T. ) ;
#4459 = DIRECTION ( 'NONE',  ( -1.000000000000000000, 0.000000000000000000, 0.000000000000000000 ) ) ;
#4460 = AXIS2_PLACEMENT_3D ( 'NONE', #324, #1157, #1673 ) ;
#4461 = LINE ( 'NONE', #3581, #337 ) ;
#4462 = ORIENTED_EDGE ( 'NONE', *, *, #5705, .T. ) ;
#4463 = ORIENTED_EDGE ( 'NONE', *, *, #281, .T. ) ;
#4464 = CIRCLE ( 'NONE', #799, 2.799999999999997158 ) ;
#4465 = DIRECTION ( 'NONE',  ( -1.000000000000000000, 0.000000000000000000, 0.000000000000000000 ) ) ;
#4466 = ORIENTED_EDGE ( 'NONE', *, *, #3453, .T. ) ;
#4467 = EDGE_CURVE ( 'NONE', #721, #1527, #872, .T. ) ;
#4468 = VECTOR ( 'NONE', #24, 1000.000000000000000 ) ;
#4469 = DIRECTION ( 'NONE',  ( -1.000000000000000000, 0.000000000000000000, -0.000000000000000000 ) ) ;
#4470 = VECTOR ( 'NONE', #2388, 999.9999999999998863 ) ;
#4471 = CARTESIAN_POINT ( 'NONE',  ( -31.98579753385002888, -11.09769147721963911, 11.99999999999999645 ) ) ;
#4472 = AXIS2_PLACEMENT_3D ( 'NONE', #4025, #5760, #3131 ) ;
#4473 = FACE_OUTER_BOUND ( 'NONE', #1771, .T. ) ;
#4474 = CARTESIAN_POINT ( 'NONE',  ( 0.000000000000000000, 0.000000000000000000, 0.000000000000000000 ) ) ;
#4475 = FACE_OUTER_BOUND ( 'NONE', #3783, .T. ) ;
#4476 = ORIENTED_EDGE ( 'NONE', *, *, #2500, .T. ) ;
#4477 = EDGE_CURVE ( 'NONE', #4817, #5578, #1100, .T. ) ;
#4478 = CARTESIAN_POINT ( 'NONE',  ( 173.2800000000000011, -17.00000000000000355, 6.000000000000000000 ) ) ;
#4479 = CARTESIAN_POINT ( 'NONE',  ( -52.44424516606153475, 19.08814419900561532, 0.000000000000000000 ) ) ;
#4480 = ORIENTED_EDGE ( 'NONE', *, *, #1083, .F. ) ;
#4481 = VERTEX_POINT ( 'NONE', #1726 ) ;
#4482 = EDGE_CURVE ( 'NONE', #737, #4423, #4492, .T. ) ;
#4483 = CARTESIAN_POINT ( 'NONE',  ( 133.4266217112713377, -9.000000000057788441, -2.999999999999999112 ) ) ;
#4484 = DIRECTION ( 'NONE',  ( 0.000000000000000000, -0.000000000000000000, -1.000000000000000000 ) ) ;
#4485 = EDGE_CURVE ( 'NONE', #2159, #3497, #5145, .T. ) ;
#4486 = DIRECTION ( 'NONE',  ( 1.000000000000000000, 0.000000000000000000, 0.000000000000000000 ) ) ;
#4487 = EDGE_CURVE ( 'NONE', #3339, #3633, #818, .T. ) ;
#4488 = DIRECTION ( 'NONE',  ( 1.000000000000000000, 5.204170427931741048E-15, 0.000000000000000000 ) ) ;
#4489 = ORIENTED_EDGE ( 'NONE', *, *, #5152, .F. ) ;
#4490 = CARTESIAN_POINT ( 'NONE',  ( 39.00981053043000912, -11.12921893940811913, 0.000000000000000000 ) ) ;
#4491 = EDGE_CURVE ( 'NONE', #3064, #5154, #4461, .T. ) ;
#4492 = LINE ( 'NONE', #3929, #2691 ) ;
#4493 = VERTEX_POINT ( 'NONE', #1341 ) ;
#4494 = EDGE_LOOP ( 'NONE', ( #4048, #4554, #4594, #5343 ) ) ;
#4495 = CARTESIAN_POINT ( 'NONE',  ( 171.2800000000000011, -15.00000000000000355, 0.000000000000000000 ) ) ;
#4496 = ORIENTED_EDGE ( 'NONE', *, *, #1117, .F. ) ;
#4497 = DIRECTION ( 'NONE',  ( 1.000000000000000000, 0.000000000000000000, 0.000000000000000000 ) ) ;
#4498 = EDGE_LOOP ( 'NONE', ( #1175, #4179, #1899, #3417 ) ) ;
#4499 = LINE ( 'NONE', #351, #5682 ) ;
#4500 = ADVANCED_FACE ( 'NONE', ( #2702 ), #2, .F. ) ;
#4501 = CIRCLE ( 'NONE', #4971, 3.650000000000014566 ) ;
#4502 = CARTESIAN_POINT ( 'NONE',  ( 126.2025227210834544, -8.437621524137663087, 11.99999999999999645 ) ) ;
#4503 = LINE ( 'NONE', #827, #3674 ) ;
#4504 = DIRECTION ( 'NONE',  ( 1.000000000000000000, 3.717264591378875951E-15, 0.000000000000000000 ) ) ;
#4505 = ORIENTED_EDGE ( 'NONE', *, *, #5594, .T. ) ;
#4506 = DIRECTION ( 'NONE',  ( -1.000000000000000000, 0.000000000000000000, 0.000000000000000000 ) ) ;
#4507 = CARTESIAN_POINT ( 'NONE',  ( 196.2799999999999727, 0.000000000000000000, 0.000000000000000000 ) ) ;
#4508 = CARTESIAN_POINT ( 'NONE',  ( 81.87009861938832955, 18.40000000000000213, 5.000000000000000000 ) ) ;
#4509 = ORIENTED_EDGE ( 'NONE', *, *, #4458, .F. ) ;
#4510 = CIRCLE ( 'NONE', #5085, 1.999999999999998224 ) ;
#4511 = CIRCLE ( 'NONE', #1983, 2.000000000000001776 ) ;
#4512 = CARTESIAN_POINT ( 'NONE',  ( 84.62442477393359752, 15.59999999994161968, 5.000000000000000000 ) ) ;
#4513 = FACE_OUTER_BOUND ( 'NONE', #4628, .T. ) ;
#4514 = CIRCLE ( 'NONE', #190, 4.000000000000003553 ) ;
#4515 = AXIS2_PLACEMENT_3D ( 'NONE', #5746, #5348, #4486 ) ;
#4516 = LINE ( 'NONE', #1277, #4520 ) ;
#4517 = FACE_OUTER_BOUND ( 'NONE', #2139, .T. ) ;
#4518 = AXIS2_PLACEMENT_3D ( 'NONE', #3554, #3990, #4465 ) ;
#4519 = ORIENTED_EDGE ( 'NONE', *, *, #2864, .T. ) ;
#4520 = VECTOR ( 'NONE', #2276, 1000.000000000000000 ) ;
#4521 = CIRCLE ( 'NONE', #2561, 0.7999999999992318811 ) ;
#4522 = DIRECTION ( 'NONE',  ( 1.000000000000000000, 0.000000000000000000, 0.000000000000000000 ) ) ;
#4523 = EDGE_LOOP ( 'NONE', ( #5229, #497, #402, #2424 ) ) ;
#4524 = ORIENTED_EDGE ( 'NONE', *, *, #1780, .T. ) ;
#4525 = CARTESIAN_POINT ( 'NONE',  ( -28.46994982707818167, 16.68717941545698835, 12.00000000000000000 ) ) ;
#4526 = ORIENTED_EDGE ( 'NONE', *, *, #4558, .F. ) ;
#4527 = DIRECTION ( 'NONE',  ( -0.000000000000000000, 0.000000000000000000, 1.000000000000000000 ) ) ;
#4528 = AXIS2_PLACEMENT_3D ( 'NONE', #4525, #460, #4436 ) ;
#4529 = ORIENTED_EDGE ( 'NONE', *, *, #2141, .F. ) ;
#4530 = EDGE_CURVE ( 'NONE', #1991, #2416, #5750, .T. ) ;
#4531 = DIRECTION ( 'NONE',  ( -0.000000000000000000, -0.000000000000000000, -1.000000000000000000 ) ) ;
#4532 = DIRECTION ( 'NONE',  ( 0.000000000000000000, -0.000000000000000000, -1.000000000000000000 ) ) ;
#4533 = DIRECTION ( 'NONE',  ( 1.000000000000000000, 0.000000000000000000, 0.000000000000000000 ) ) ;
#4534 = CARTESIAN_POINT ( 'NONE',  ( 88.22662171127134911, -9.000000000058374638, 6.000000000000000000 ) ) ;
#4535 = ORIENTED_EDGE ( 'NONE', *, *, #4338, .F. ) ;
#4536 = DIRECTION ( 'NONE',  ( -0.000000000000000000, -0.000000000000000000, -1.000000000000000000 ) ) ;
#4537 = ADVANCED_FACE ( 'NONE', ( #784 ), #4378, .F. ) ;
#4538 = PLANE ( 'NONE',  #5311 ) ;
#4539 = ORIENTED_EDGE ( 'NONE', *, *, #2528, .F. ) ;
#4540 = DIRECTION ( 'NONE',  ( -0.000000000000000000, -0.000000000000000000, 1.000000000000000000 ) ) ;
#4541 = CARTESIAN_POINT ( 'NONE',  ( 258.0366871440602381, 10.52379439003986406, 0.000000000000000000 ) ) ;
#4542 = EDGE_CURVE ( 'NONE', #3235, #5027, #4164, .T. ) ;
#4543 = FACE_BOUND ( 'NONE', #1297, .T. ) ;
#4544 = FACE_OUTER_BOUND ( 'NONE', #2025, .T. ) ;
#4545 = VERTEX_POINT ( 'NONE', #1904 ) ;
#4546 = DIRECTION ( 'NONE',  ( -1.000000000000000000, 0.000000000000000000, 0.000000000000000000 ) ) ;
#4547 = ORIENTED_EDGE ( 'NONE', *, *, #4229, .F. ) ;
#4548 = EDGE_LOOP ( 'NONE', ( #5663, #1254, #2153, #2436, #90, #984 ) ) ;
#4549 = DIRECTION ( 'NONE',  ( -0.000000000000000000, -0.000000000000000000, 1.000000000000000000 ) ) ;
#4550 = ORIENTED_EDGE ( 'NONE', *, *, #5598, .F. ) ;
#4551 = ORIENTED_EDGE ( 'NONE', *, *, #4604, .F. ) ;
#4552 = AXIS2_PLACEMENT_3D ( 'NONE', #2942, #4829, #4724 ) ;
#4553 = CARTESIAN_POINT ( 'NONE',  ( 194.2799999999999727, 13.00000000000000533, 0.000000000000000000 ) ) ;
#4554 = ORIENTED_EDGE ( 'NONE', *, *, #3791, .F. ) ;
#4555 = VERTEX_POINT ( 'NONE', #2412 ) ;
#4556 = DIRECTION ( 'NONE',  ( 1.000000000000000000, 0.000000000000000000, 0.000000000000000000 ) ) ;
#4557 = CARTESIAN_POINT ( 'NONE',  ( 246.8037943900398545, -25.40668714406043094, 12.00000000000000000 ) ) ;
#4558 = EDGE_CURVE ( 'NONE', #1811, #5646, #900, .T. ) ;
#4559 = CARTESIAN_POINT ( 'NONE',  ( 134.2266217112708944, -9.000000000057788441, 11.99999999999999645 ) ) ;
#4560 = DIRECTION ( 'NONE',  ( 1.000000000000000000, 0.000000000000000000, 0.000000000000000000 ) ) ;
#4561 = EDGE_CURVE ( 'NONE', #5826, #5810, #2414, .T. ) ;
#4562 = VERTEX_POINT ( 'NONE', #3700 ) ;
#4563 = DIRECTION ( 'NONE',  ( -1.000000000000000000, 0.000000000000000000, 0.000000000000000000 ) ) ;
#4564 = VECTOR ( 'NONE', #4109, 1000.000000000000000 ) ;
#4565 = ORIENTED_EDGE ( 'NONE', *, *, #2744, .F. ) ;
#4566 = VECTOR ( 'NONE', #3619, 1000.000000000000000 ) ;
#4567 = PLANE ( 'NONE',  #3804 ) ;
#4568 = VECTOR ( 'NONE', #3347, 1000.000000000000000 ) ;
#4569 = CARTESIAN_POINT ( 'NONE',  ( 133.4266217112713377, -9.000000000057788441, -61.90760220690642512 ) ) ;
#4570 = EDGE_CURVE ( 'NONE', #5642, #5668, #3168, .T. ) ;
#4571 = ORIENTED_EDGE ( 'NONE', *, *, #5507, .F. ) ;
#4572 = DIRECTION ( 'NONE',  ( -0.000000000000000000, -0.000000000000000000, -1.000000000000000000 ) ) ;
#4573 = CIRCLE ( 'NONE', #249, 2.799999999999997158 ) ;
#4574 = CARTESIAN_POINT ( 'NONE',  ( 90.22662171127099384, 5.744235880723133292, 11.99999999999999645 ) ) ;
#4575 = ADVANCED_FACE ( 'NONE', ( #2765 ), #4067, .T. ) ;
#4576 = FACE_BOUND ( 'NONE', #1457, .T. ) ;
#4577 = DIRECTION ( 'NONE',  ( -0.000000000000000000, 0.000000000000000000, 1.000000000000000000 ) ) ;
#4578 = FACE_OUTER_BOUND ( 'NONE', #2863, .T. ) ;
#4579 = VECTOR ( 'NONE', #698, 1000.000000000000000 ) ;
#4580 = VERTEX_POINT ( 'NONE', #2348 ) ;
#4581 = ORIENTED_EDGE ( 'NONE', *, *, #4558, .T. ) ;
#4582 = DIRECTION ( 'NONE',  ( 1.000000000000000000, 0.000000000000000000, 0.000000000000000000 ) ) ;
#4583 = ORIENTED_EDGE ( 'NONE', *, *, #1671, .F. ) ;
#4584 = ORIENTED_EDGE ( 'NONE', *, *, #687, .F. ) ;
#4585 = DIRECTION ( 'NONE',  ( 1.000000000000000000, 0.000000000000000000, 0.000000000000000000 ) ) ;
#4586 = ORIENTED_EDGE ( 'NONE', *, *, #5157, .T. ) ;
#4587 = EDGE_CURVE ( 'NONE', #4641, #360, #1869, .T. ) ;
#4588 = LINE ( 'NONE', #74, #526 ) ;
#4589 = CARTESIAN_POINT ( 'NONE',  ( 248.9287943900398545, -25.40668714406043094, 7.000000000000000000 ) ) ;
#4590 = CARTESIAN_POINT ( 'NONE',  ( 31.44361024119208281, 13.00000000000000533, -61.90760220690642512 ) ) ;
#4591 = CARTESIAN_POINT ( 'NONE',  ( 33.93924083613035947, -15.00000000000000000, 0.000000000000000000 ) ) ;
#4592 = ORIENTED_EDGE ( 'NONE', *, *, #2701, .F. ) ;
#4593 = DIRECTION ( 'NONE',  ( 0.000000000000000000, -0.000000000000000000, -1.000000000000000000 ) ) ;
#4594 = ORIENTED_EDGE ( 'NONE', *, *, #2930, .F. ) ;
#4595 = ORIENTED_EDGE ( 'NONE', *, *, #5375, .F. ) ;
#4596 = ADVANCED_FACE ( 'NONE', ( #586 ), #1935, .F. ) ;
#4597 = DIRECTION ( 'NONE',  ( -0.000000000000000000, -0.000000000000000000, 1.000000000000000000 ) ) ;
#4598 = DIRECTION ( 'NONE',  ( 1.000000000000000000, 0.000000000000000000, 0.000000000000000000 ) ) ;
#4599 = CIRCLE ( 'NONE', #2062, 2.124999999999988010 ) ;
#4600 = DIRECTION ( 'NONE',  ( 0.000000000000000000, 0.000000000000000000, 1.000000000000000000 ) ) ;
#4601 = ORIENTED_EDGE ( 'NONE', *, *, #4205, .T. ) ;
#4602 = CIRCLE ( 'NONE', #1676, 2.000000000000001776 ) ;
#4603 = DIRECTION ( 'NONE',  ( 1.000000000000000000, 8.496932217775699270E-13, 0.000000000000000000 ) ) ;
#4604 = EDGE_CURVE ( 'NONE', #5205, #682, #1842, .T. ) ;
#4605 = EDGE_CURVE ( 'NONE', #170, #5300, #4142, .T. ) ;
#4606 = DIRECTION ( 'NONE',  ( 0.000000000000000000, -1.000000000000000000, 0.000000000000000000 ) ) ;
#4607 = FACE_BOUND ( 'NONE', #4909, .T. ) ;
#4608 = DIRECTION ( 'NONE',  ( -1.000000000000000000, 0.000000000000000000, 0.000000000000000000 ) ) ;
#4609 = EDGE_CURVE ( 'NONE', #5494, #1580, #1433, .T. ) ;
#4610 = VECTOR ( 'NONE', #3844, 1000.000000000000000 ) ;
#4611 = DIRECTION ( 'NONE',  ( -0.000000000000000000, -0.000000000000000000, -1.000000000000000000 ) ) ;
#4612 = CYLINDRICAL_SURFACE ( 'NONE', #3578, 2.124999999999988010 ) ;
#4613 = CIRCLE ( 'NONE', #1223, 24.99999999999999289 ) ;
#4614 = ORIENTED_EDGE ( 'NONE', *, *, #353, .T. ) ;
#4615 = AXIS2_PLACEMENT_3D ( 'NONE', #4193, #2760, #158 ) ;
#4616 = ORIENTED_EDGE ( 'NONE', *, *, #1515, .T. ) ;
#4617 = AXIS2_PLACEMENT_3D ( 'NONE', #5021, #988, #4608 ) ;
#4618 = DIRECTION ( 'NONE',  ( -0.000000000000000000, 0.000000000000000000, 1.000000000000000000 ) ) ;
#4619 = AXIS2_PLACEMENT_3D ( 'NONE', #1451, #5048, #2332 ) ;
#4620 = CARTESIAN_POINT ( 'NONE',  ( 86.22662171126970065, -11.23606797755636144, 11.99999999999999645 ) ) ;
#4621 = CARTESIAN_POINT ( 'NONE',  ( 88.22662171127134911, -9.000000000058374638, 11.99999999999999645 ) ) ;
#4622 = DIRECTION ( 'NONE',  ( -0.000000000000000000, -0.000000000000000000, 1.000000000000000000 ) ) ;
#4623 = DIRECTION ( 'NONE',  ( -1.000000000000000000, 0.000000000000000000, 0.000000000000000000 ) ) ;
#4624 = AXIS2_PLACEMENT_3D ( 'NONE', #2098, #883, #4443 ) ;
#4625 = EDGE_LOOP ( 'NONE', ( #4550, #2855, #2894, #5612 ) ) ;
#4626 = DIRECTION ( 'NONE',  ( 0.000000000000000000, -0.000000000000000000, -1.000000000000000000 ) ) ;
#4627 = ORIENTED_EDGE ( 'NONE', *, *, #2051, .T. ) ;
#4628 = EDGE_LOOP ( 'NONE', ( #2647, #2191, #5651, #1883 ) ) ;
#4629 = DIRECTION ( 'NONE',  ( 0.000000000000000000, -0.000000000000000000, -1.000000000000000000 ) ) ;
#4630 = CARTESIAN_POINT ( 'NONE',  ( 41.53481053043000770, -11.12921893940811913, 0.000000000000000000 ) ) ;
#4631 = CARTESIAN_POINT ( 'NONE',  ( 244.6787943900398545, -25.40668714406043094, 12.00000000000000000 ) ) ;
#4632 = ORIENTED_EDGE ( 'NONE', *, *, #1044, .F. ) ;
#4633 = EDGE_CURVE ( 'NONE', #360, #2790, #3121, .T. ) ;
#4634 = CARTESIAN_POINT ( 'NONE',  ( 128.6266217112711274, -5.744235880838478359, 0.000000000000000000 ) ) ;
#4635 = LINE ( 'NONE', #1959, #1171 ) ;
#4636 = ADVANCED_FACE ( 'NONE', ( #4578 ), #5445, .F. ) ;
#4637 = PLANE ( 'NONE',  #1228 ) ;
#4638 = VECTOR ( 'NONE', #4075, 1000.000000000000000 ) ;
#4639 = CARTESIAN_POINT ( 'NONE',  ( 90.22662171127062436, -6.756916774065320650E-12, 0.000000000000000000 ) ) ;
#4640 = CARTESIAN_POINT ( 'NONE',  ( 133.4266217112711104, 8.999999999942206230, 0.000000000000000000 ) ) ;
#4641 = VERTEX_POINT ( 'NONE', #549 ) ;
#4642 = EDGE_CURVE ( 'NONE', #4424, #3208, #859, .T. ) ;
#4643 = CARTESIAN_POINT ( 'NONE',  ( 223.9224258854298171, 19.98850574712644246, 6.000000000000000000 ) ) ;
#4644 = ORIENTED_EDGE ( 'NONE', *, *, #1448, .T. ) ;
#4645 = ADVANCED_FACE ( 'NONE', ( #1021 ), #2828, .F. ) ;
#4646 = ORIENTED_EDGE ( 'NONE', *, *, #5519, .F. ) ;
#4647 = CARTESIAN_POINT ( 'NONE',  ( 133.4266217112711104, 8.999999999942206230, 0.000000000000000000 ) ) ;
#4648 = CIRCLE ( 'NONE', #2672, 2.999999999999586109 ) ;
#4649 = AXIS2_PLACEMENT_3D ( 'NONE', #769, #2484, #5643 ) ;
#4650 = CARTESIAN_POINT ( 'NONE',  ( 41.53481053043000770, -11.12921893940811913, 0.000000000000000000 ) ) ;
#4651 = CARTESIAN_POINT ( 'NONE',  ( 0.000000000000000000, 0.000000000000000000, -8.000000000000000000 ) ) ;
#4652 = AXIS2_PLACEMENT_3D ( 'NONE', #3972, #2270, #1858 ) ;
#4653 = CIRCLE ( 'NONE', #2115, 2.799999999999997158 ) ;
#4655 = EDGE_CURVE ( 'NONE', #4580, #3278, #1601, .T. ) ;
#4654 = CARTESIAN_POINT ( 'NONE',  ( 127.8856893542408812, -6.200000000057787730, -7.512069096517387301 ) ) ;
#4656 = DIRECTION ( 'NONE',  ( 0.000000000000000000, 0.000000000000000000, -1.000000000000000000 ) ) ;
#4657 = ORIENTED_EDGE ( 'NONE', *, *, #2095, .T. ) ;
#4658 = DIRECTION ( 'NONE',  ( 0.9983010947471178120, -0.05826597829528126771, 0.000000000000000000 ) ) ;
#4659 = EDGE_LOOP ( 'NONE', ( #2090, #2534, #2953, #4065, #874, #829, #2742, #4219 ) ) ;
#4660 = AXIS2_PLACEMENT_3D ( 'NONE', #2012, #3805, #5614 ) ;
#4661 = CARTESIAN_POINT ( 'NONE',  ( -7.795397018252793754E-16, -24.00000000000000000, 12.00000000000000000 ) ) ;
#4662 = DIRECTION ( 'NONE',  ( -8.496932217775699270E-13, 1.000000000000000000, -0.000000000000000000 ) ) ;
#4663 = DIRECTION ( 'NONE',  ( 0.000000000000000000, 0.000000000000000000, -1.000000000000000000 ) ) ;
#4664 = EDGE_LOOP ( 'NONE', ( #3644, #2400 ) ) ;
#4665 = VECTOR ( 'NONE', #5186, 1000.000000000000000 ) ;
#4666 = AXIS2_PLACEMENT_3D ( 'NONE', #5293, #1216, #1719 ) ;
#4667 = VECTOR ( 'NONE', #5678, 1000.000000000000000 ) ;
#4668 = ADVANCED_FACE ( 'NONE', ( #1491 ), #63, .T. ) ;
#4669 = VECTOR ( 'NONE', #4198, 1000.000000000000000 ) ;
#4670 = CARTESIAN_POINT ( 'NONE',  ( 41.53481053043000770, -11.12921893940811913, -61.90760220690642512 ) ) ;
#4671 = AXIS2_PLACEMENT_3D ( 'NONE', #2093, #2771, #2235 ) ;
#4672 = FACE_BOUND ( 'NONE', #3893, .T. ) ;
#4673 = ORIENTED_EDGE ( 'NONE', *, *, #1401, .T. ) ;
#4674 = CARTESIAN_POINT ( 'NONE',  ( 90.13474140192322182, 13.99999999994161826, 5.000000000000000000 ) ) ;
#4675 = VECTOR ( 'NONE', #2613, 1000.000000000000000 ) ;
#4676 = ADVANCED_FACE ( 'NONE', ( #3351 ), #3758, .T. ) ;
#4677 = DIRECTION ( 'NONE',  ( -0.000000000000000000, -0.000000000000000000, -1.000000000000000000 ) ) ;
#4678 = ORIENTED_EDGE ( 'NONE', *, *, #282, .F. ) ;
#4679 = LINE ( 'NONE', #1403, #3201 ) ;
#4680 = EDGE_LOOP ( 'NONE', ( #1919, #5058, #355, #4102 ) ) ;
#4681 = ORIENTED_EDGE ( 'NONE', *, *, #1153, .T. ) ;
#4682 = DIRECTION ( 'NONE',  ( -0.000000000000000000, -0.000000000000000000, 1.000000000000000000 ) ) ;
#4683 = EDGE_CURVE ( 'NONE', #4069, #2451, #2526, .T. ) ;
#4684 = PLANE ( 'NONE',  #1463 ) ;
#4685 = DIRECTION ( 'NONE',  ( 0.000000000000000000, 0.000000000000000000, 1.000000000000000000 ) ) ;
#4686 = CYLINDRICAL_SURFACE ( 'NONE', #1598, 2.524999999999999467 ) ;
#4687 = FACE_OUTER_BOUND ( 'NONE', #5392, .T. ) ;
#4688 = VERTEX_POINT ( 'NONE', #4230 ) ;
#4689 = CARTESIAN_POINT ( 'NONE',  ( 246.8037943900400251, -25.40668714406034923, 7.000000000000000000 ) ) ;
#4690 = ORIENTED_EDGE ( 'NONE', *, *, #1330, .F. ) ;
#4691 = EDGE_CURVE ( 'NONE', #2136, #2010, #96, .T. ) ;
#4692 = CARTESIAN_POINT ( 'NONE',  ( 259.5616871440603859, -10.52379439004008610, 12.00099999999999945 ) ) ;
#4693 = FACE_OUTER_BOUND ( 'NONE', #1382, .T. ) ;
#4694 = DIRECTION ( 'NONE',  ( -0.000000000000000000, -0.000000000000000000, -1.000000000000000000 ) ) ;
#4695 = ORIENTED_EDGE ( 'NONE', *, *, #5005, .T. ) ;
#4696 = CARTESIAN_POINT ( 'NONE',  ( 225.7562056099599204, -25.40668714406035633, 7.000000000000000000 ) ) ;
#4697 = VECTOR ( 'NONE', #165, 1000.000000000000000 ) ;
#4698 = VERTEX_POINT ( 'NONE', #2472 ) ;
#4699 = VERTEX_POINT ( 'NONE', #5236 ) ;
#4700 = DIRECTION ( 'NONE',  ( 0.000000000000000000, -0.000000000000000000, -1.000000000000000000 ) ) ;
#4701 = EDGE_CURVE ( 'NONE', #1283, #1570, #1113, .T. ) ;
#4702 = DIRECTION ( 'NONE',  ( 1.000000000000000000, 0.000000000000000000, 0.000000000000000000 ) ) ;
#4703 = FACE_OUTER_BOUND ( 'NONE', #4001, .T. ) ;
#4704 = VERTEX_POINT ( 'NONE', #306 ) ;
#4705 = FACE_OUTER_BOUND ( 'NONE', #2379, .T. ) ;
#4706 = CARTESIAN_POINT ( 'NONE',  ( 93.76755406845290963, 6.199999999941620210, 0.000000000000000000 ) ) ;
#4707 = CIRCLE ( 'NONE', #202, 24.99999999999999289 ) ;
#4708 = DIRECTION ( 'NONE',  ( 0.000000000000000000, 0.000000000000000000, 1.000000000000000000 ) ) ;
#4709 = EDGE_LOOP ( 'NONE', ( #5204, #2326 ) ) ;
#4710 = CARTESIAN_POINT ( 'NONE',  ( 47.55981053043001339, -13.00000000000002132, 0.000000000000000000 ) ) ;
#4711 = VECTOR ( 'NONE', #1901, 1000.000000000000000 ) ;
#4712 = ORIENTED_EDGE ( 'NONE', *, *, #3503, .T. ) ;
#4713 = ADVANCED_FACE ( 'NONE', ( #4703 ), #1628, .F. ) ;
#4714 = AXIS2_PLACEMENT_3D ( 'NONE', #5322, #3979, #3574 ) ;
#4715 = DIRECTION ( 'NONE',  ( -0.000000000000000000, -0.000000000000000000, -1.000000000000000000 ) ) ;
#4716 = ORIENTED_EDGE ( 'NONE', *, *, #2259, .T. ) ;
#4717 = ADVANCED_FACE ( 'NONE', ( #1575 ), #2973, .F. ) ;
#4718 = DIRECTION ( 'NONE',  ( 0.000000000000000000, 0.000000000000000000, -1.000000000000000000 ) ) ;
#4719 = CIRCLE ( 'NONE', #4330, 3.649999999999986589 ) ;
#4720 = DIRECTION ( 'NONE',  ( 0.000000000000000000, -0.000000000000000000, -1.000000000000000000 ) ) ;
#4721 = CARTESIAN_POINT ( 'NONE',  ( 196.2799999999999727, 13.00000000000000533, 0.000000000000000000 ) ) ;
#4722 = VERTEX_POINT ( 'NONE', #5153 ) ;
#4723 = EDGE_CURVE ( 'NONE', #2136, #3471, #276, .T. ) ;
#4724 = DIRECTION ( 'NONE',  ( -1.000000000000000000, 0.000000000000000000, 0.000000000000000000 ) ) ;
#4725 = EDGE_LOOP ( 'NONE', ( #448, #2083, #3078, #1700 ) ) ;
#4726 = EDGE_LOOP ( 'NONE', ( #2384, #64 ) ) ;
#4727 = PLANE ( 'NONE',  #3350 ) ;
#4728 = CARTESIAN_POINT ( 'NONE',  ( 90.70938033196041772, 7.315984076208016162, -61.90760220690642512 ) ) ;
#4729 = DIRECTION ( 'NONE',  ( 0.000000000000000000, 0.000000000000000000, -1.000000000000000000 ) ) ;
#4730 = APPLICATION_PROTOCOL_DEFINITION ( 'draft international standard', 'automotive_design', 1998, #2984 ) ;
#4731 = CARTESIAN_POINT ( 'NONE',  ( -51.74505342651816164, 31.06775733597103084, 12.00000000000000000 ) ) ;
#4732 = DIRECTION ( 'NONE',  ( -0.000000000000000000, -0.000000000000000000, 1.000000000000000000 ) ) ;
#4733 = DIRECTION ( 'NONE',  ( 1.000000000000000000, 1.088026939760487788E-16, 0.000000000000000000 ) ) ;
#4734 = EDGE_CURVE ( 'NONE', #708, #3973, #5178, .T. ) ;
#4735 = ORIENTED_EDGE ( 'NONE', *, *, #4477, .F. ) ;
#4736 = DIRECTION ( 'NONE',  ( -0.000000000000000000, -0.000000000000000000, 1.000000000000000000 ) ) ;
#4737 = ORIENTED_EDGE ( 'NONE', *, *, #2743, .F. ) ;
#4738 = CARTESIAN_POINT ( 'NONE',  ( 131.4266217112710819, 6.763932022442443959, -61.90760220690642512 ) ) ;
#4739 = ORIENTED_EDGE ( 'NONE', *, *, #1039, .T. ) ;
#4740 = ORIENTED_EDGE ( 'NONE', *, *, #1712, .T. ) ;
#4741 = VECTOR ( 'NONE', #4715, 1000.000000000000000 ) ;
#4742 = LINE ( 'NONE', #2571, #128 ) ;
#4743 = CIRCLE ( 'NONE', #4828, 2.124999999999988010 ) ;
#4744 = EDGE_CURVE ( 'NONE', #5122, #4115, #5572, .T. ) ;
#4745 = DIRECTION ( 'NONE',  ( 0.000000000000000000, 0.000000000000000000, -1.000000000000000000 ) ) ;
#4746 = VECTOR ( 'NONE', #4159, 1000.000000000000000 ) ;
#4747 = CARTESIAN_POINT ( 'NONE',  ( 171.2800000000000011, -15.00000000000000355, -4.000000000000000000 ) ) ;
#4748 = EDGE_LOOP ( 'NONE', ( #4299, #2815, #3607, #4358 ) ) ;
#4749 = ORIENTED_EDGE ( 'NONE', *, *, #4933, .T. ) ;
#4750 = EDGE_CURVE ( 'NONE', #2802, #3937, #5208, .T. ) ;
#4751 = DIRECTION ( 'NONE',  ( -0.000000000000000000, 0.000000000000000000, -1.000000000000000000 ) ) ;
#4752 = ORIENTED_EDGE ( 'NONE', *, *, #3061, .F. ) ;
#4753 = VERTEX_POINT ( 'NONE', #1196 ) ;
#4754 = CIRCLE ( 'NONE', #2127, 3.649999999999986589 ) ;
#4755 = CARTESIAN_POINT ( 'NONE',  ( 246.8037943900397977, 25.40668714406047002, 7.000000000000000000 ) ) ;
#4756 = DIRECTION ( 'NONE',  ( -0.000000000000000000, -0.000000000000000000, 1.000000000000000000 ) ) ;
#4757 = EDGE_CURVE ( 'NONE', #3807, #2802, #3680, .T. ) ;
#4758 = CIRCLE ( 'NONE', #2982, 22.02499999999999858 ) ;
#4759 = CARTESIAN_POINT ( 'NONE',  ( 33.93924083613035947, -15.00000000000000000, 0.000000000000000000 ) ) ;
#4760 = DIRECTION ( 'NONE',  ( 1.000000000000000000, 0.000000000000000000, 0.000000000000000000 ) ) ;
#4761 = PLANE ( 'NONE',  #2537 ) ;
#4762 = DIRECTION ( 'NONE',  ( 1.000000000000000000, 0.000000000000000000, 0.000000000000000000 ) ) ;
#4763 = VERTEX_POINT ( 'NONE', #3004 ) ;
#4764 = VERTEX_POINT ( 'NONE', #4781 ) ;
#4765 = CARTESIAN_POINT ( 'NONE',  ( 88.22662171127112174, 8.999999999941620032, 6.000000000000000000 ) ) ;
#4766 = ORIENTED_EDGE ( 'NONE', *, *, #1716, .T. ) ;
#4767 = DIRECTION ( 'NONE',  ( -0.000000000000000000, 0.000000000000000000, 1.000000000000000000 ) ) ;
#4768 = ORIENTED_EDGE ( 'NONE', *, *, #582, .F. ) ;
#4769 = CARTESIAN_POINT ( 'NONE',  ( 1.165319565905628130, 19.96602189494234736, 0.000000000000000000 ) ) ;
#4770 = CARTESIAN_POINT ( 'NONE',  ( 131.4266217112696040, 13.00000000000000533, 11.99999999999999645 ) ) ;
#4771 = CARTESIAN_POINT ( 'NONE',  ( 135.4266217112710819, 6.763932022442393333, -61.90760220690642512 ) ) ;
#4772 = VERTEX_POINT ( 'NONE', #220 ) ;
#4773 = LINE ( 'NONE', #3892, #1470 ) ;
#4774 = VERTEX_POINT ( 'NONE', #753 ) ;
#4775 = ORIENTED_EDGE ( 'NONE', *, *, #1485, .F. ) ;
#4776 = DIRECTION ( 'NONE',  ( 0.000000000000000000, 0.000000000000000000, 1.000000000000000000 ) ) ;
#4777 = EDGE_CURVE ( 'NONE', #3918, #966, #2556, .T. ) ;
#4778 = CARTESIAN_POINT ( 'NONE',  ( 133.4266217112711104, 8.999999999942206230, 11.99999999999999645 ) ) ;
#4779 = VERTEX_POINT ( 'NONE', #3406 ) ;
#4780 = CARTESIAN_POINT ( 'NONE',  ( 44.84398218460020757, -2.948142728833101245, 11.99999999999999645 ) ) ;
#4781 = CARTESIAN_POINT ( 'NONE',  ( 43.79404670225725482, -5.543838297060863951, 0.000000000000000000 ) ) ;
#4782 = LINE ( 'NONE', #4341, #1687 ) ;
#4783 = EDGE_CURVE ( 'NONE', #556, #3342, #192, .T. ) ;
#4784 = LINE ( 'NONE', #5265, #3197 ) ;
#4785 = AXIS2_PLACEMENT_3D ( 'NONE', #1023, #1084, #2283 ) ;
#4786 = DIRECTION ( 'NONE',  ( -1.000000000000000000, 0.000000000000000000, 0.000000000000000000 ) ) ;
#4787 = ORIENTED_EDGE ( 'NONE', *, *, #4933, .F. ) ;
#4788 = ORIENTED_EDGE ( 'NONE', *, *, #2796, .T. ) ;
#4789 = CARTESIAN_POINT ( 'NONE',  ( 156.2799999999999727, -17.00000000000000000, 12.00000000000000000 ) ) ;
#4790 = ORIENTED_EDGE ( 'NONE', *, *, #4859, .T. ) ;
#4791 = CARTESIAN_POINT ( 'NONE',  ( 248.9287943900398545, -25.40668714406043094, 12.00000000000000000 ) ) ;
#4792 = ORIENTED_EDGE ( 'NONE', *, *, #2823, .F. ) ;
#4793 = AXIS2_PLACEMENT_3D ( 'NONE', #2325, #4656, #2007 ) ;
#4794 = CARTESIAN_POINT ( 'NONE',  ( 171.2800000000000011, -11.00000000000001421, 6.000000000000000000 ) ) ;
#4795 = DIRECTION ( 'NONE',  ( 0.000000000000000000, -0.000000000000000000, -1.000000000000000000 ) ) ;
#4796 = PLANE ( 'NONE',  #99 ) ;
#4797 = AXIS2_PLACEMENT_3D ( 'NONE', #4759, #4311, #3819 ) ;
#4798 = ORIENTED_EDGE ( 'NONE', *, *, #2704, .F. ) ;
#4799 = CIRCLE ( 'NONE', #5094, 2.799999999999997158 ) ;
#4800 = AXIS2_PLACEMENT_3D ( 'NONE', #3104, #443, #4504 ) ;
#4801 = DIRECTION ( 'NONE',  ( -1.000000000000000000, 0.000000000000000000, 0.000000000000000000 ) ) ;
#4802 = EDGE_CURVE ( 'NONE', #2692, #1759, #673, .T. ) ;
#4803 = ORIENTED_EDGE ( 'NONE', *, *, #4229, .T. ) ;
#4804 = ORIENTED_EDGE ( 'NONE', *, *, #2817, .T. ) ;
#4805 = DIRECTION ( 'NONE',  ( 0.000000000000000000, 0.000000000000000000, 1.000000000000000000 ) ) ;
#4806 = DIRECTION ( 'NONE',  ( -0.000000000000000000, -0.000000000000000000, -1.000000000000000000 ) ) ;
#4807 = ADVANCED_FACE ( 'NONE', ( #1081 ), #2888, .F. ) ;
#4808 = CARTESIAN_POINT ( 'NONE',  ( 194.2799999999999727, -17.00000000000000355, 6.000000000000000000 ) ) ;
#4809 = EDGE_CURVE ( 'NONE', #4045, #3471, #3487, .T. ) ;
#4810 = FACE_OUTER_BOUND ( 'NONE', #4033, .T. ) ;
#4811 = CARTESIAN_POINT ( 'NONE',  ( 89.02662171126992519, 8.999999999941620032, 6.000000000000000000 ) ) ;
#4812 = LINE ( 'NONE', #3006, #1398 ) ;
#4813 = EDGE_CURVE ( 'NONE', #3831, #5780, #2145, .T. ) ;
#4814 = EDGE_CURVE ( 'NONE', #5471, #5244, #1689, .T. ) ;
#4815 = EDGE_CURVE ( 'NONE', #3278, #4580, #1789, .T. ) ;
#4816 = CARTESIAN_POINT ( 'NONE',  ( 88.22662171127134911, -9.000000000058374638, 0.000000000000000000 ) ) ;
#4817 = VERTEX_POINT ( 'NONE', #4901 ) ;
#4818 = ORIENTED_EDGE ( 'NONE', *, *, #4609, .T. ) ;
#4819 = CYLINDRICAL_SURFACE ( 'NONE', #5757, 1.600000000000004086 ) ;
#4820 = ORIENTED_EDGE ( 'NONE', *, *, #4060, .T. ) ;
#4821 = CARTESIAN_POINT ( 'NONE',  ( 93.30599175095036912, 6.199999999941620210, 0.000000000000000000 ) ) ;
#4822 = ORIENTED_EDGE ( 'NONE', *, *, #2122, .T. ) ;
#4823 = LINE ( 'NONE', #2681, #4161 ) ;
#4824 = EDGE_CURVE ( 'NONE', #4545, #4289, #5801, .T. ) ;
#4825 = CARTESIAN_POINT ( 'NONE',  ( 44.84398218460020757, -2.948142728833101245, -61.90760220690642512 ) ) ;
#4826 = CARTESIAN_POINT ( 'NONE',  ( 156.2799999999999727, -17.00000000000000000, 6.000000000000000000 ) ) ;
#4827 = VERTEX_POINT ( 'NONE', #5720 ) ;
#4828 = AXIS2_PLACEMENT_3D ( 'NONE', #2906, #4718, #4295 ) ;
#4829 = DIRECTION ( 'NONE',  ( -0.000000000000000000, -0.000000000000000000, -1.000000000000000000 ) ) ;
#4830 = EDGE_LOOP ( 'NONE', ( #3092, #1152, #4099, #2841 ) ) ;
#4831 = ORIENTED_EDGE ( 'NONE', *, *, #4723, .T. ) ;
#4832 = PRESENTATION_LAYER_ASSIGNMENT (  '', '', ( #127 ) ) ;
#4833 = DIRECTION ( 'NONE',  ( -1.000000000000000000, -2.051733778762153016E-15, 0.000000000000000000 ) ) ;
#4834 = DIRECTION ( 'NONE',  ( 1.000000000000000000, 0.000000000000000000, 0.000000000000000000 ) ) ;
#4835 = ADVANCED_FACE ( 'NONE', ( #4810 ), #779, .F. ) ;
#4836 = DIRECTION ( 'NONE',  ( -1.000000000000000000, -0.000000000000000000, -0.000000000000000000 ) ) ;
#4837 = CARTESIAN_POINT ( 'NONE',  ( 156.4266217112695756, 13.00000000000000533, 6.000000000000000000 ) ) ;
#4838 = DIRECTION ( 'NONE',  ( -0.000000000000000000, -0.000000000000000000, 1.000000000000000000 ) ) ;
#4839 = AXIS2_PLACEMENT_3D ( 'NONE', #3709, #167, #5100 ) ;
#4840 = CARTESIAN_POINT ( 'NONE',  ( 156.2799999999999727, -17.00000000000000000, 6.000000000000000000 ) ) ;
#4841 = ADVANCED_FACE ( 'NONE', ( #1302 ), #3956, .T. ) ;
#4842 = VECTOR ( 'NONE', #3638, 1000.000000000000000 ) ;
#4843 = CIRCLE ( 'NONE', #2308, 9.999999999999998224 ) ;
#4844 = VECTOR ( 'NONE', #2590, 999.9999999999998863 ) ;
#4845 = DIRECTION ( 'NONE',  ( 1.000000000000000000, 0.000000000000000000, 0.000000000000000000 ) ) ;
#4846 = ORIENTED_EDGE ( 'NONE', *, *, #2057, .T. ) ;
#4847 = ORIENTED_EDGE ( 'NONE', *, *, #3404, .F. ) ;
#4848 = CARTESIAN_POINT ( 'NONE',  ( 246.8037943900400819, 25.40668714406033146, 12.00099999999999945 ) ) ;
#4849 = EDGE_CURVE ( 'NONE', #2912, #4879, #3860, .T. ) ;
#4850 = ORIENTED_EDGE ( 'NONE', *, *, #4281, .F. ) ;
#4851 = DIRECTION ( 'NONE',  ( -1.000000000000000000, 1.088026939760487788E-16, 0.000000000000000000 ) ) ;
#4852 = ADVANCED_FACE ( 'NONE', ( #3546, #3517 ), #869, .T. ) ;
#4853 = CIRCLE ( 'NONE', #2316, 23.50000000000002132 ) ;
#4854 = DIRECTION ( 'NONE',  ( -0.000000000000000000, -0.000000000000000000, 1.000000000000000000 ) ) ;
#4855 = CARTESIAN_POINT ( 'NONE',  ( 92.37572918525138732, 20.00000000000000355, 11.99999999999999822 ) ) ;
#4856 = CARTESIAN_POINT ( 'NONE',  ( 79.12539072481771996, 8.598389898268495202, 0.000000000000000000 ) ) ;
#4857 = CARTESIAN_POINT ( 'NONE',  ( 229.4062056099601250, 25.40668714406043094, 7.000000000000000000 ) ) ;
#4858 = EDGE_LOOP ( 'NONE', ( #5071, #3802, #3704, #2787 ) ) ;
#4859 = EDGE_CURVE ( 'NONE', #1623, #5027, #1696, .T. ) ;
#4860 = DIRECTION ( 'NONE',  ( 0.000000000000000000, -0.000000000000000000, -1.000000000000000000 ) ) ;
#4861 = FACE_OUTER_BOUND ( 'NONE', #3676, .T. ) ;
#4862 = AXIS2_PLACEMENT_3D ( 'NONE', #222, #5237, #4760 ) ;
#4863 = ORIENTED_EDGE ( 'NONE', *, *, #1942, .F. ) ;
#4864 = ORIENTED_EDGE ( 'NONE', *, *, #1599, .T. ) ;
#4865 = ORIENTED_EDGE ( 'NONE', *, *, #928, .F. ) ;
#4866 = DIRECTION ( 'NONE',  ( -0.000000000000000000, 0.000000000000000000, 1.000000000000000000 ) ) ;
#4867 = FACE_OUTER_BOUND ( 'NONE', #2364, .T. ) ;
#4868 = CARTESIAN_POINT ( 'NONE',  ( 93.62490428381995855, 17.40021923747444177, 5.000000000000000000 ) ) ;
#4869 = CARTESIAN_POINT ( 'NONE',  ( 246.8037943900400819, 25.40668714406033146, 7.000000000000000000 ) ) ;
#4870 = CARTESIAN_POINT ( 'NONE',  ( 80.57028722478011673, 6.199999999941616657, 0.000000000000000000 ) ) ;
#4871 = CARTESIAN_POINT ( 'NONE',  ( 80.57028722478011673, 8.999999999941618256, -7.512069096517387301 ) ) ;
#4872 = ORIENTED_EDGE ( 'NONE', *, *, #5182, .F. ) ;
#4873 = CIRCLE ( 'NONE', #73, 4.000000000000003553 ) ;
#4874 = DIRECTION ( 'NONE',  ( -0.000000000000000000, 0.000000000000000000, 1.000000000000000000 ) ) ;
#4875 = EDGE_LOOP ( 'NONE', ( #2072, #2256, #205, #5737 ) ) ;
#4876 = ORIENTED_EDGE ( 'NONE', *, *, #4427, .F. ) ;
#4877 = CARTESIAN_POINT ( 'NONE',  ( 73.30825785899646974, 14.19999999999999218, 0.000000000000000000 ) ) ;
#4878 = AXIS2_PLACEMENT_3D ( 'NONE', #4840, #223, #3437 ) ;
#4879 = VERTEX_POINT ( 'NONE', #2196 ) ;
#4880 = EDGE_CURVE ( 'NONE', #5795, #5033, #1419, .T. ) ;
#4881 = ORIENTED_EDGE ( 'NONE', *, *, #2930, .T. ) ;
#4882 = DIRECTION ( 'NONE',  ( 1.000000000000000000, 0.000000000000000000, 0.000000000000000000 ) ) ;
#4883 = DIRECTION ( 'NONE',  ( -0.000000000000000000, 0.000000000000000000, 1.000000000000000000 ) ) ;
#4884 = DIRECTION ( 'NONE',  ( -0.000000000000000000, -0.000000000000000000, 1.000000000000000000 ) ) ;
#4885 = ADVANCED_FACE ( 'NONE', ( #2638 ), #3057, .F. ) ;
#4886 = DIRECTION ( 'NONE',  ( -0.000000000000000000, -0.000000000000000000, -1.000000000000000000 ) ) ;
#4887 = CARTESIAN_POINT ( 'NONE',  ( 25.50000000000000355, -34.00000000000000000, 11.99999999999999645 ) ) ;
#4888 = ORIENTED_EDGE ( 'NONE', *, *, #783, .T. ) ;
#4889 = EDGE_CURVE ( 'NONE', #5187, #1527, #5472, .T. ) ;
#4890 = FACE_BOUND ( 'NONE', #5677, .T. ) ;
#4891 = AXIS2_PLACEMENT_3D ( 'NONE', #3713, #2836, #3771 ) ;
#4892 = CARTESIAN_POINT ( 'NONE',  ( 127.4266217112695898, 13.00000000000000533, 0.000000000000000000 ) ) ;
#4893 = EDGE_CURVE ( 'NONE', #5012, #3879, #2366, .T. ) ;
#4894 = CIRCLE ( 'NONE', #2363, 2.000000000000001776 ) ;
#4895 = VERTEX_POINT ( 'NONE', #2667 ) ;
#4896 = EDGE_LOOP ( 'NONE', ( #814, #420, #5710, #4213 ) ) ;
#4897 = AXIS2_PLACEMENT_3D ( 'NONE', #2228, #454, #5805 ) ;
#4898 = AXIS2_PLACEMENT_3D ( 'NONE', #5294, #4401, #1247 ) ;
#4899 = CYLINDRICAL_SURFACE ( 'NONE', #908, 0.7999999999995510702 ) ;
#4900 = CARTESIAN_POINT ( 'NONE',  ( 171.2800000000000011, 15.00000000000000355, 0.000000000000000000 ) ) ;
#4901 = CARTESIAN_POINT ( 'NONE',  ( 196.2799999999999727, -13.00000000000001066, 0.000000000000000000 ) ) ;
#4902 = LINE ( 'NONE', #2724, #1218 ) ;
#4903 = DIRECTION ( 'NONE',  ( 1.000000000000000000, 0.000000000000000000, 0.000000000000000000 ) ) ;
#4904 = EDGE_CURVE ( 'NONE', #4289, #3496, #812, .T. ) ;
#4905 = DIRECTION ( 'NONE',  ( 0.000000000000000000, 0.000000000000000000, 1.000000000000000000 ) ) ;
#4906 = ORIENTED_EDGE ( 'NONE', *, *, #379, .T. ) ;
#4907 = ORIENTED_EDGE ( 'NONE', *, *, #3353, .F. ) ;
#4908 = CARTESIAN_POINT ( 'NONE',  ( 0.000000000000000000, 0.000000000000000000, 12.00000000000000000 ) ) ;
#4909 = EDGE_LOOP ( 'NONE', ( #952, #5498 ) ) ;
#4910 = ORIENTED_EDGE ( 'NONE', *, *, #4467, .T. ) ;
#4911 = DIRECTION ( 'NONE',  ( -8.732958113290182355E-13, -1.000000000000000000, 0.000000000000000000 ) ) ;
#4912 = CARTESIAN_POINT ( 'NONE',  ( 225.7562056099600625, -25.40668714406038475, 7.000000000000000000 ) ) ;
#4913 = CARTESIAN_POINT ( 'NONE',  ( 41.53481053043000770, -11.12921893940811913, 0.000000000000000000 ) ) ;
#4914 = DIRECTION ( 'NONE',  ( -1.000000000000000000, 0.000000000000000000, 0.000000000000000000 ) ) ;
#4915 = DIRECTION ( 'NONE',  ( -0.000000000000000000, -0.000000000000000000, 1.000000000000000000 ) ) ;
#4916 = CIRCLE ( 'NONE', #307, 22.02499999999999858 ) ;
#4917 = VERTEX_POINT ( 'NONE', #4928 ) ;
#4918 = EDGE_CURVE ( 'NONE', #3241, #3169, #5774, .T. ) ;
#4919 = EDGE_CURVE ( 'NONE', #2451, #3064, #2547, .T. ) ;
#4920 = FACE_BOUND ( 'NONE', #2224, .T. ) ;
#4921 = DIRECTION ( 'NONE',  ( 1.000000000000000000, 3.469446951954574233E-15, 0.000000000000000000 ) ) ;
#4922 = ORIENTED_EDGE ( 'NONE', *, *, #3757, .F. ) ;
#4923 = DIRECTION ( 'NONE',  ( -1.000000000000000000, 0.000000000000000000, 0.000000000000000000 ) ) ;
#4924 = EDGE_CURVE ( 'NONE', #3854, #286, #5615, .T. ) ;
#4925 = VERTEX_POINT ( 'NONE', #5140 ) ;
#4926 = CARTESIAN_POINT ( 'NONE',  ( 30.02499999999999503, 1.734723475976807094E-15, 12.00000000000000000 ) ) ;
#4927 = CIRCLE ( 'NONE', #3148, 3.649999999999986589 ) ;
#4928 = CARTESIAN_POINT ( 'NONE',  ( 26.00962562206538209, -17.00000000000000000, 0.000000000000000000 ) ) ;
#4929 = EDGE_CURVE ( 'NONE', #2764, #4827, #2819, .T. ) ;
#4930 = DIRECTION ( 'NONE',  ( -0.000000000000000000, 0.000000000000000000, 1.000000000000000000 ) ) ;
#4931 = DIRECTION ( 'NONE',  ( -0.000000000000000000, -0.000000000000000000, -1.000000000000000000 ) ) ;
#4932 = AXIS2_PLACEMENT_3D ( 'NONE', #4825, #770, #5734 ) ;
#4933 = EDGE_CURVE ( 'NONE', #1570, #4493, #3031, .T. ) ;
#4934 = DIRECTION ( 'NONE',  ( -0.000000000000000000, 0.000000000000000000, 1.000000000000000000 ) ) ;
#4935 = ORIENTED_EDGE ( 'NONE', *, *, #1599, .F. ) ;
#4936 = VERTEX_POINT ( 'NONE', #2934 ) ;
#4937 = CIRCLE ( 'NONE', #3261, 2.000000000000005329 ) ;
#4938 = CARTESIAN_POINT ( 'NONE',  ( 30.12341357257312779, -4.351674045275238711, -22.99999999999999645 ) ) ;
#4939 = VERTEX_POINT ( 'NONE', #4631 ) ;
#4940 = ORIENTED_EDGE ( 'NONE', *, *, #910, .T. ) ;
#4941 = CIRCLE ( 'NONE', #333, 2.124999999999988010 ) ;
#4942 = CARTESIAN_POINT ( 'NONE',  ( 259.5616871440604427, 10.52379439003986406, 7.000000000000000000 ) ) ;
#4943 = ORIENTED_EDGE ( 'NONE', *, *, #2809, .F. ) ;
#4944 = AXIS2_PLACEMENT_3D ( 'NONE', #961, #129, #160 ) ;
#4945 = DIRECTION ( 'NONE',  ( 1.000000000000000000, 0.000000000000000000, 0.000000000000000000 ) ) ;
#4946 = CIRCLE ( 'NONE', #1373, 12.00000000000000355 ) ;
#4947 = CYLINDRICAL_SURFACE ( 'NONE', #1642, 2.799999999999997158 ) ;
#4948 = CARTESIAN_POINT ( 'NONE',  ( 34.38309555033996645, -6.066749399395501285, 12.00000000000000000 ) ) ;
#4949 = LINE ( 'NONE', #1796, #2851 ) ;
#4950 = ORIENTED_EDGE ( 'NONE', *, *, #4203, .F. ) ;
#4951 = AXIS2_PLACEMENT_3D ( 'NONE', #1834, #1773, #1244 ) ;
#4952 = CARTESIAN_POINT ( 'NONE',  ( 35.48917750986707631, -8.674438627307029748, -22.99999999999999645 ) ) ;
#4953 = DIRECTION ( 'NONE',  ( -0.000000000000000000, -0.000000000000000000, -1.000000000000000000 ) ) ;
#4954 = ORIENTED_EDGE ( 'NONE', *, *, #5050, .T. ) ;
#4955 = FACE_OUTER_BOUND ( 'NONE', #3552, .T. ) ;
#4956 = CARTESIAN_POINT ( 'NONE',  ( 83.18754721960839049, 16.88286262536081139, 11.99999999999999645 ) ) ;
#4957 = EDGE_CURVE ( 'NONE', #5077, #3809, #4154, .T. ) ;
#4958 = CARTESIAN_POINT ( 'NONE',  ( 88.22662171127134911, -9.000000000058374638, 11.99999999999999645 ) ) ;
#4959 = FACE_OUTER_BOUND ( 'NONE', #5483, .T. ) ;
#4960 = DIRECTION ( 'NONE',  ( 0.000000000000000000, 0.000000000000000000, -1.000000000000000000 ) ) ;
#4961 = ORIENTED_EDGE ( 'NONE', *, *, #4957, .T. ) ;
#4963 = ORIENTED_EDGE ( 'NONE', *, *, #5637, .T. ) ;
#4962 = EDGE_CURVE ( 'NONE', #3241, #1465, #5476, .T. ) ;
#4964 = DIRECTION ( 'NONE',  ( 0.000000000000000000, 0.000000000000000000, -1.000000000000000000 ) ) ;
#4965 = ORIENTED_EDGE ( 'NONE', *, *, #5005, .F. ) ;
#4966 = ORIENTED_EDGE ( 'NONE', *, *, #4414, .T. ) ;
#4967 = DIRECTION ( 'NONE',  ( 1.000000000000000000, 0.000000000000000000, 0.000000000000000000 ) ) ;
#4968 = ORIENTED_EDGE ( 'NONE', *, *, #545, .F. ) ;
#4969 = EDGE_LOOP ( 'NONE', ( #1447, #2962 ) ) ;
#4970 = LINE ( 'NONE', #1440, #2509 ) ;
#4971 = AXIS2_PLACEMENT_3D ( 'NONE', #3272, #2832, #2354 ) ;
#4972 = DIRECTION ( 'NONE',  ( 1.000000000000000000, 0.000000000000000000, 0.000000000000000000 ) ) ;
#4973 = DIRECTION ( 'NONE',  ( 1.000000000000000000, 0.000000000000000000, 0.000000000000000000 ) ) ;
#4974 = CARTESIAN_POINT ( 'NONE',  ( 93.30599175095036912, 8.999999999941620032, -1.387778780781445676E-14 ) ) ;
#4975 = ORIENTED_EDGE ( 'NONE', *, *, #5565, .F. ) ;
#4976 = CARTESIAN_POINT ( 'NONE',  ( 86.22662171127399233, -2.917079230010941691E-11, 0.000000000000000000 ) ) ;
#4977 = AXIS2_PLACEMENT_3D ( 'NONE', #4848, #3525, #3673 ) ;
#4978 = FACE_BOUND ( 'NONE', #4659, .T. ) ;
#4979 = CARTESIAN_POINT ( 'NONE',  ( 22.02499999999999858, 0.000000000000000000, 12.00000000000000000 ) ) ;
#4980 = ORIENTED_EDGE ( 'NONE', *, *, #4859, .F. ) ;
#4981 = ORIENTED_EDGE ( 'NONE', *, *, #3665, .T. ) ;
#4982 = AXIS2_PLACEMENT_3D ( 'NONE', #4261, #5632, #4036 ) ;
#4983 = CIRCLE ( 'NONE', #2457, 2.124999999999988010 ) ;
#4984 = CYLINDRICAL_SURFACE ( 'NONE', #1139, 2.799999999999997158 ) ;
#4985 = CIRCLE ( 'NONE', #1884, 0.7999999999988155475 ) ;
#4986 = CIRCLE ( 'NONE', #5660, 19.99999999999998934 ) ;
#4987 = DIRECTION ( 'NONE',  ( -0.8565678208310234520, -0.5160344642722921593, 0.000000000000000000 ) ) ;
#4988 = EDGE_CURVE ( 'NONE', #195, #5691, #3222, .T. ) ;
#4989 = CIRCLE ( 'NONE', #5665, 3.000000000000002665 ) ;
#4990 = VECTOR ( 'NONE', #5539, 1000.000000000000000 ) ;
#4991 = CARTESIAN_POINT ( 'NONE',  ( 0.000000000000000000, 0.000000000000000000, 12.00000000000000000 ) ) ;
#4992 = DIRECTION ( 'NONE',  ( -0.000000000000000000, -0.000000000000000000, 1.000000000000000000 ) ) ;
#4993 = EDGE_CURVE ( 'NONE', #1527, #5187, #1605, .T. ) ;
#4994 = CIRCLE ( 'NONE', #1704, 22.02499999999999858 ) ;
#4995 = ADVANCED_FACE ( 'NONE', ( #152 ), #2013, .F. ) ;
#4996 = CARTESIAN_POINT ( 'NONE',  ( 78.05183540282277477, 20.00000000000000355, 5.000000000000000000 ) ) ;
#4997 = ORIENTED_EDGE ( 'NONE', *, *, #3025, .F. ) ;
#4998 = ORIENTED_EDGE ( 'NONE', *, *, #1357, .T. ) ;
#4999 = DIRECTION ( 'NONE',  ( -0.000000000000000000, -0.000000000000000000, 1.000000000000000000 ) ) ;
#5000 = ORIENTED_EDGE ( 'NONE', *, *, #2193, .T. ) ;
#5001 = VERTEX_POINT ( 'NONE', #5076 ) ;
#5002 = CARTESIAN_POINT ( 'NONE',  ( 160.4266217112696040, -12.99999999999997691, 0.000000000000000000 ) ) ;
#5003 = CIRCLE ( 'NONE', #4518, 2.124999999999988010 ) ;
#5004 = VERTEX_POINT ( 'NONE', #1509 ) ;
#5005 = EDGE_CURVE ( 'NONE', #2541, #286, #2080, .T. ) ;
#5006 = LINE ( 'NONE', #970, #2663 ) ;
#5007 = DIRECTION ( 'NONE',  ( 1.000000000000000000, 0.000000000000000000, 0.000000000000000000 ) ) ;
#5008 = DIRECTION ( 'NONE',  ( -0.8565678208310234520, -0.5160344642722921593, 0.000000000000000000 ) ) ;
#5009 = FACE_OUTER_BOUND ( 'NONE', #1480, .T. ) ;
#5010 = ORIENTED_EDGE ( 'NONE', *, *, #41, .F. ) ;
#5011 = CARTESIAN_POINT ( 'NONE',  ( -23.46994982707818167, 16.68717941545698835, -2.999999999999999112 ) ) ;
#5012 = VERTEX_POINT ( 'NONE', #1540 ) ;
#5013 = ADVANCED_FACE ( 'NONE', ( #3257 ), #1955, .F. ) ;
#5014 = LINE ( 'NONE', #3225, #887 ) ;
#5015 = CARTESIAN_POINT ( 'NONE',  ( 205.2477587016342113, -49.00000000000000711, 0.000000000000000000 ) ) ;
#5016 = EDGE_LOOP ( 'NONE', ( #1563, #1815, #4712, #524 ) ) ;
#5017 = DIRECTION ( 'NONE',  ( -8.496932217775699270E-13, 1.000000000000000000, 0.000000000000000000 ) ) ;
#5018 = ORIENTED_EDGE ( 'NONE', *, *, #4023, .T. ) ;
#5019 = CARTESIAN_POINT ( 'NONE',  ( 127.4266217112695898, 17.00000000000000355, 0.000000000000000000 ) ) ;
#5020 = FACE_OUTER_BOUND ( 'NONE', #521, .T. ) ;
#5021 = CARTESIAN_POINT ( 'NONE',  ( -52.44424516606153475, 19.08814419900561532, 12.00000000000000000 ) ) ;
#5022 = AXIS2_PLACEMENT_3D ( 'NONE', #4211, #655, #1006 ) ;
#5023 = VECTOR ( 'NONE', #5138, 1000.000000000000000 ) ;
#5024 = AXIS2_PLACEMENT_3D ( 'NONE', #5503, #4191, #3319 ) ;
#5025 = DIRECTION ( 'NONE',  ( 0.000000000000000000, -0.000000000000000000, -1.000000000000000000 ) ) ;
#5026 = ORIENTED_EDGE ( 'NONE', *, *, #885, .F. ) ;
#5027 = VERTEX_POINT ( 'NONE', #178 ) ;
#5028 = CARTESIAN_POINT ( 'NONE',  ( 133.4266217112713377, -9.000000000057788441, -61.90760220690642512 ) ) ;
#5029 = ORIENTED_EDGE ( 'NONE', *, *, #11, .T. ) ;
#5030 = ORIENTED_EDGE ( 'NONE', *, *, #3353, .T. ) ;
#5031 = DIRECTION ( 'NONE',  ( -0.000000000000000000, -0.000000000000000000, 1.000000000000000000 ) ) ;
#5032 = EDGE_CURVE ( 'NONE', #3361, #5004, #5377, .T. ) ;
#5033 = VERTEX_POINT ( 'NONE', #4250 ) ;
#5034 = CARTESIAN_POINT ( 'NONE',  ( -37.95640998928968912, -19.11964802827056786, 11.99999999999999645 ) ) ;
#5035 = DIRECTION ( 'NONE',  ( 1.000000000000000000, 0.000000000000000000, 0.000000000000000000 ) ) ;
#5036 = DIRECTION ( 'NONE',  ( 0.000000000000000000, 0.000000000000000000, 1.000000000000000000 ) ) ;
#5037 = CARTESIAN_POINT ( 'NONE',  ( 0.000000000000000000, -9.000000000057788441, -7.512069096517387301 ) ) ;
#5038 = ORIENTED_EDGE ( 'NONE', *, *, #4757, .T. ) ;
#5039 = ORIENTED_EDGE ( 'NONE', *, *, #885, .T. ) ;
#5040 = EDGE_CURVE ( 'NONE', #5300, #640, #4247, .T. ) ;
#5041 = FACE_OUTER_BOUND ( 'NONE', #1607, .T. ) ;
#5042 = CIRCLE ( 'NONE', #1268, 2.124999999999988010 ) ;
#5043 = VERTEX_POINT ( 'NONE', #3748 ) ;
#5044 = ORIENTED_EDGE ( 'NONE', *, *, #3696, .T. ) ;
#5045 = CIRCLE ( 'NONE', #3259, 2.124999999999988010 ) ;
#5046 = DIRECTION ( 'NONE',  ( 1.088026939760487788E-16, 1.000000000000000000, -0.000000000000000000 ) ) ;
#5047 = DIRECTION ( 'NONE',  ( -1.000000000000000000, 0.000000000000000000, 0.000000000000000000 ) ) ;
#5048 = DIRECTION ( 'NONE',  ( -0.000000000000000000, -0.000000000000000000, -1.000000000000000000 ) ) ;
#5049 = ORIENTED_EDGE ( 'NONE', *, *, #4485, .F. ) ;
#5050 = EDGE_CURVE ( 'NONE', #3617, #1405, #4994, .T. ) ;
#5051 = CARTESIAN_POINT ( 'NONE',  ( 35.72119267057016145, -14.09189887141539188, 0.000000000000000000 ) ) ;
#5052 = DIRECTION ( 'NONE',  ( -0.000000000000000000, -0.000000000000000000, -1.000000000000000000 ) ) ;
#5053 = FACE_BOUND ( 'NONE', #1528, .T. ) ;
#5054 = LINE ( 'NONE', #4130, #3862 ) ;
#5055 = EDGE_CURVE ( 'NONE', #4435, #4122, #4147, .T. ) ;
#5056 = DIRECTION ( 'NONE',  ( -0.000000000000000000, -0.000000000000000000, -1.000000000000000000 ) ) ;
#5057 = ORIENTED_EDGE ( 'NONE', *, *, #2987, .F. ) ;
#5058 = ORIENTED_EDGE ( 'NONE', *, *, #4281, .T. ) ;
#5059 = FACE_OUTER_BOUND ( 'NONE', #5274, .T. ) ;
#5060 = ORIENTED_EDGE ( 'NONE', *, *, #5719, .T. ) ;
#5061 = EDGE_LOOP ( 'NONE', ( #820, #4673, #2479, #5652 ) ) ;
#5062 = CARTESIAN_POINT ( 'NONE',  ( -24.15632106539966983, 14.15881889796350812, -2.999999999999999112 ) ) ;
#5063 = EDGE_CURVE ( 'NONE', #5638, #5043, #4719, .T. ) ;
#5064 = CARTESIAN_POINT ( 'NONE',  ( -28.46994982707818167, 16.68717941545698835, -2.999999999999999112 ) ) ;
#5065 = DIRECTION ( 'NONE',  ( -1.000000000000000000, 0.000000000000000000, 0.000000000000000000 ) ) ;
#5066 = EDGE_CURVE ( 'NONE', #1999, #1265, #5497, .T. ) ;
#5067 = DIRECTION ( 'NONE',  ( 1.000000000000000000, 0.000000000000000000, 0.000000000000000000 ) ) ;
#5068 = FACE_OUTER_BOUND ( 'NONE', #3389, .T. ) ;
#5069 = VERTEX_POINT ( 'NONE', #2399 ) ;
#5070 = DIRECTION ( 'NONE',  ( 1.000000000000000000, 0.000000000000000000, 0.000000000000000000 ) ) ;
#5071 = ORIENTED_EDGE ( 'NONE', *, *, #4114, .F. ) ;
#5072 = ORIENTED_EDGE ( 'NONE', *, *, #1086, .T. ) ;
#5073 = FACE_OUTER_BOUND ( 'NONE', #3836, .T. ) ;
#5074 = EDGE_CURVE ( 'NONE', #5195, #5689, #5559, .T. ) ;
#5075 = CARTESIAN_POINT ( 'NONE',  ( 223.6312056099601477, 25.40668714406043094, 12.00099999999999945 ) ) ;
#5076 = CARTESIAN_POINT ( 'NONE',  ( 218.6237247785160207, 27.87931034482758008, 12.00000000000000000 ) ) ;
#5077 = VERTEX_POINT ( 'NONE', #1238 ) ;
#5078 = ORIENTED_EDGE ( 'NONE', *, *, #210, .T. ) ;
#5079 = VECTOR ( 'NONE', #2085, 1000.000000000000000 ) ;
#5080 = DIRECTION ( 'NONE',  ( -0.000000000000000000, 0.000000000000000000, 1.000000000000000000 ) ) ;
#5081 = EDGE_CURVE ( 'NONE', #3169, #2314, #1797, .T. ) ;
#5082 = ADVANCED_FACE ( 'NONE', ( #5199 ), #325, .F. ) ;
#5083 = EDGE_CURVE ( 'NONE', #5821, #996, #2845, .T. ) ;
#5084 = DIRECTION ( 'NONE',  ( -0.000000000000000000, -0.000000000000000000, 1.000000000000000000 ) ) ;
#5085 = AXIS2_PLACEMENT_3D ( 'NONE', #3034, #4371, #1145 ) ;
#5086 = FACE_BOUND ( 'NONE', #2034, .T. ) ;
#5087 = ORIENTED_EDGE ( 'NONE', *, *, #1663, .T. ) ;
#5088 = CARTESIAN_POINT ( 'NONE',  ( 225.7562056099601193, 25.40668714406043094, 7.000000000000000000 ) ) ;
#5089 = EDGE_CURVE ( 'NONE', #2395, #3922, #1647, .T. ) ;
#5090 = CARTESIAN_POINT ( 'NONE',  ( 156.2799999999999727, 17.00000000000000000, 6.000000000000000000 ) ) ;
#5091 = ORIENTED_EDGE ( 'NONE', *, *, #4384, .T. ) ;
#5092 = CARTESIAN_POINT ( 'NONE',  ( 47.55981053043001339, -13.00000000000002132, -61.90760220690642512 ) ) ;
#5093 = ORIENTED_EDGE ( 'NONE', *, *, #4491, .F. ) ;
#5094 = AXIS2_PLACEMENT_3D ( 'NONE', #1489, #3202, #1050 ) ;
#5095 = ORIENTED_EDGE ( 'NONE', *, *, #3671, .F. ) ;
#5096 = VECTOR ( 'NONE', #1339, 999.9999999999998863 ) ;
#5097 = CYLINDRICAL_SURFACE ( 'NONE', #1126, 4.000000000000003553 ) ;
#5098 = VECTOR ( 'NONE', #1709, 1000.000000000000000 ) ;
#5099 = CARTESIAN_POINT ( 'NONE',  ( 133.4266217112711104, 8.999999999942206230, -2.999999999999999112 ) ) ;
#5100 = DIRECTION ( 'NONE',  ( 1.000000000000000000, 0.000000000000000000, 0.000000000000000000 ) ) ;
#5101 = DIRECTION ( 'NONE',  ( -0.5160344642722922703, 0.8565678208310235631, 0.000000000000000000 ) ) ;
#5102 = LINE ( 'NONE', #3331, #3019 ) ;
#5103 = AXIS2_PLACEMENT_3D ( 'NONE', #1476, #5523, #5133 ) ;
#5104 = ORIENTED_EDGE ( 'NONE', *, *, #3988, .T. ) ;
#5105 = FACE_OUTER_BOUND ( 'NONE', #5159, .T. ) ;
#5106 = VERTEX_POINT ( 'NONE', #2488 ) ;
#5107 = ORIENTED_EDGE ( 'NONE', *, *, #3177, .T. ) ;
#5108 = DIRECTION ( 'NONE',  ( 1.000000000000000000, 0.000000000000000000, 0.000000000000000000 ) ) ;
#5109 = CARTESIAN_POINT ( 'NONE',  ( 131.4266217112710819, 11.23606797744196939, -61.90760220690642512 ) ) ;
#5110 = DIRECTION ( 'NONE',  ( 0.000000000000000000, -0.000000000000000000, -1.000000000000000000 ) ) ;
#5111 = ORIENTED_EDGE ( 'NONE', *, *, #3099, .F. ) ;
#5112 = EDGE_CURVE ( 'NONE', #1024, #1435, #3685, .T. ) ;
#5113 = ORIENTED_EDGE ( 'NONE', *, *, #5063, .F. ) ;
#5114 = DIRECTION ( 'NONE',  ( -0.000000000000000000, 0.000000000000000000, 1.000000000000000000 ) ) ;
#5115 = FACE_BOUND ( 'NONE', #2350, .T. ) ;
#5116 = AXIS2_PLACEMENT_3D ( 'NONE', #466, #1764, #2710 ) ;
#5117 = EDGE_CURVE ( 'NONE', #860, #1014, #3128, .T. ) ;
#5118 = DIRECTION ( 'NONE',  ( -0.000000000000000000, 0.000000000000000000, 1.000000000000000000 ) ) ;
#5119 = EDGE_CURVE ( 'NONE', #5123, #722, #3017, .T. ) ;
#5120 = DIRECTION ( 'NONE',  ( 1.000000000000000000, -2.775557561562891844E-16, 0.000000000000000000 ) ) ;
#5121 = CYLINDRICAL_SURFACE ( 'NONE', #5283, 3.649999999999986589 ) ;
#5122 = VERTEX_POINT ( 'NONE', #796 ) ;
#5123 = VERTEX_POINT ( 'NONE', #5251 ) ;
#5124 = ADVANCED_FACE ( 'NONE', ( #2961 ), #715, .F. ) ;
#5125 = LINE ( 'NONE', #5062, #5261 ) ;
#5126 = AXIS2_PLACEMENT_3D ( 'NONE', #1271, #4833, #804 ) ;
#5127 = CIRCLE ( 'NONE', #5404, 2.799999999999997158 ) ;
#5128 = DIRECTION ( 'NONE',  ( -0.000000000000000000, -0.000000000000000000, -1.000000000000000000 ) ) ;
#5129 = DIRECTION ( 'NONE',  ( -0.000000000000000000, -0.000000000000000000, -1.000000000000000000 ) ) ;
#5130 = AXIS2_PLACEMENT_3D ( 'NONE', #2846, #3337, #2397 ) ;
#5131 = CIRCLE ( 'NONE', #323, 2.000000000000001776 ) ;
#5132 = DIRECTION ( 'NONE',  ( 0.000000000000000000, 0.000000000000000000, 1.000000000000000000 ) ) ;
#5133 = DIRECTION ( 'NONE',  ( 1.000000000000000000, 0.000000000000000000, 0.000000000000000000 ) ) ;
#5134 = ORIENTED_EDGE ( 'NONE', *, *, #4419, .F. ) ;
#5135 = DIRECTION ( 'NONE',  ( 0.7991505443142394860, -0.6011309404133634571, 0.000000000000000000 ) ) ;
#5136 = ORIENTED_EDGE ( 'NONE', *, *, #3440, .T. ) ;
#5137 = AXIS2_PLACEMENT_3D ( 'NONE', #2683, #3533, #5307 ) ;
#5138 = DIRECTION ( 'NONE',  ( 0.000000000000000000, -1.000000000000000000, 0.000000000000000000 ) ) ;
#5139 = DIRECTION ( 'NONE',  ( 0.000000000000000000, -0.000000000000000000, -1.000000000000000000 ) ) ;
#5140 = CARTESIAN_POINT ( 'NONE',  ( 250.4537943900400023, -25.40668714406034923, 7.000000000000000000 ) ) ;
#5141 = ORIENTED_EDGE ( 'NONE', *, *, #802, .F. ) ;
#5142 = AXIS2_PLACEMENT_3D ( 'NONE', #3738, #5129, #5548 ) ;
#5143 = AXIS2_PLACEMENT_3D ( 'NONE', #274, #3870, #5680 ) ;
#5144 = VECTOR ( 'NONE', #186, 1000.000000000000000 ) ;
#5145 = CIRCLE ( 'NONE', #146, 2.999999999999586109 ) ;
#5146 = CARTESIAN_POINT ( 'NONE',  ( 225.7562056099601193, 25.40668714406043094, 7.000000000000000000 ) ) ;
#5147 = AXIS2_PLACEMENT_3D ( 'NONE', #878, #2208, #2680 ) ;
#5148 = EDGE_CURVE ( 'NONE', #2336, #3208, #5308, .T. ) ;
#5149 = LINE ( 'NONE', #5596, #5421 ) ;
#5150 = DIRECTION ( 'NONE',  ( -0.000000000000000000, -0.000000000000000000, 1.000000000000000000 ) ) ;
#5151 = VECTOR ( 'NONE', #3172, 1000.000000000000114 ) ;
#5152 = EDGE_CURVE ( 'NONE', #996, #4580, #1208, .T. ) ;
#5153 = CARTESIAN_POINT ( 'NONE',  ( -23.46994982707818167, 16.68717941545698835, 12.00000000000000000 ) ) ;
#5154 = VERTEX_POINT ( 'NONE', #5223 ) ;
#5155 = CARTESIAN_POINT ( 'NONE',  ( 194.2799999999999727, -11.00000000000001066, 6.000000000000000000 ) ) ;
#5156 = LINE ( 'NONE', #3358, #2631 ) ;
#5157 = EDGE_CURVE ( 'NONE', #2657, #2359, #2067, .T. ) ;
#5158 = DIRECTION ( 'NONE',  ( -0.000000000000000000, -0.000000000000000000, -1.000000000000000000 ) ) ;
#5159 = EDGE_LOOP ( 'NONE', ( #3772, #565, #2454, #850 ) ) ;
#5160 = ORIENTED_EDGE ( 'NONE', *, *, #4249, .F. ) ;
#5161 = LINE ( 'NONE', #1202, #3299 ) ;
#5162 = ORIENTED_EDGE ( 'NONE', *, *, #2806, .T. ) ;
#5163 = CARTESIAN_POINT ( 'NONE',  ( 127.8856893542408812, -9.000000000057788441, 0.000000000000000000 ) ) ;
#5164 = VERTEX_POINT ( 'NONE', #239 ) ;
#5165 = CARTESIAN_POINT ( 'NONE',  ( 93.76755406845290963, 6.199999999941620210, -7.512069096517387301 ) ) ;
#5166 = DIRECTION ( 'NONE',  ( 8.496932217775698261E-13, -1.000000000000000000, 0.000000000000000000 ) ) ;
#5167 = CARTESIAN_POINT ( 'NONE',  ( 196.2799999999999727, -11.00000000000001066, 6.000000000000000000 ) ) ;
#5168 = ORIENTED_EDGE ( 'NONE', *, *, #269, .F. ) ;
#5169 = EDGE_CURVE ( 'NONE', #2948, #2980, #1185, .T. ) ;
#5170 = AXIS2_PLACEMENT_3D ( 'NONE', #1260, #3501, #790 ) ;
#5171 = DIRECTION ( 'NONE',  ( 0.000000000000000000, 0.000000000000000000, -1.000000000000000000 ) ) ;
#5172 = AXIS2_PLACEMENT_3D ( 'NONE', #1604, #3873, #309 ) ;
#5173 = VERTEX_POINT ( 'NONE', #4721 ) ;
#5174 = VERTEX_POINT ( 'NONE', #5673 ) ;
#5175 = DIRECTION ( 'NONE',  ( 1.000000000000000000, 0.000000000000000000, 0.000000000000000000 ) ) ;
#5176 = FACE_OUTER_BOUND ( 'NONE', #1964, .T. ) ;
#5177 = ADVANCED_FACE ( 'NONE', ( #4357 ), #4796, .F. ) ;
#5178 = LINE ( 'NONE', #1142, #5571 ) ;
#5179 =( NAMED_UNIT ( * ) PLANE_ANGLE_UNIT ( ) SI_UNIT ( $, .RADIAN. ) );
#5180 = CARTESIAN_POINT ( 'NONE',  ( 31.44361024119208281, 17.00000000000000000, -61.90760220690642512 ) ) ;
#5181 = DIRECTION ( 'NONE',  ( 1.000000000000000000, 0.000000000000000000, 0.000000000000000000 ) ) ;
#5182 = EDGE_CURVE ( 'NONE', #371, #2061, #3402, .T. ) ;
#5183 = EDGE_CURVE ( 'NONE', #5446, #4303, #2040, .T. ) ;
#5184 = AXIS2_PLACEMENT_3D ( 'NONE', #2981, #5690, #3910 ) ;
#5185 = AXIS2_PLACEMENT_3D ( 'NONE', #4474, #915, #4533 ) ;
#5186 = DIRECTION ( 'NONE',  ( -0.000000000000000000, -0.000000000000000000, 1.000000000000000000 ) ) ;
#5187 = VERTEX_POINT ( 'NONE', #2540 ) ;
#5188 = CARTESIAN_POINT ( 'NONE',  ( 205.2477587016342113, -24.00000000000000711, 0.000000000000000000 ) ) ;
#5189 = CIRCLE ( 'NONE', #2843, 4.025000000000000355 ) ;
#5190 = VERTEX_POINT ( 'NONE', #297 ) ;
#5191 = VECTOR ( 'NONE', #4455, 1000.000000000000000 ) ;
#5192 = DIRECTION ( 'NONE',  ( -0.000000000000000000, -0.000000000000000000, -1.000000000000000000 ) ) ;
#5193 = ORIENTED_EDGE ( 'NONE', *, *, #4542, .T. ) ;
#5194 = EDGE_CURVE ( 'NONE', #3922, #71, #2265, .T. ) ;
#5195 = VERTEX_POINT ( 'NONE', #4000 ) ;
#5196 = CARTESIAN_POINT ( 'NONE',  ( 41.53481053043000770, -11.12921893940811913, 12.00000000000000000 ) ) ;
#5197 = AXIS2_PLACEMENT_3D ( 'NONE', #2603, #4273, #4326 ) ;
#5198 = LINE ( 'NONE', #2989, #3345 ) ;
#5199 = FACE_OUTER_BOUND ( 'NONE', #4896, .T. ) ;
#5200 = ORIENTED_EDGE ( 'NONE', *, *, #311, .F. ) ;
#5201 = ADVANCED_FACE ( 'NONE', ( #2713 ), #1323, .F. ) ;
#5202 = FILL_AREA_STYLE ('',( #691 ) ) ;
#5203 = EDGE_CURVE ( 'NONE', #3885, #2003, #2264, .T. ) ;
#5204 = ORIENTED_EDGE ( 'NONE', *, *, #3033, .F. ) ;
#5205 = VERTEX_POINT ( 'NONE', #3133 ) ;
#5206 = CARTESIAN_POINT ( 'NONE',  ( 0.000000000000000000, 0.000000000000000000, -55.55141653980559369 ) ) ;
#5207 = DIRECTION ( 'NONE',  ( 1.000000000000000000, 1.088026939760487788E-16, 0.000000000000000000 ) ) ;
#5208 = LINE ( 'NONE', #5599, #2941 ) ;
#5209 = CARTESIAN_POINT ( 'NONE',  ( -48.41924516606152906, 19.08814419900561532, -4.000000000000000000 ) ) ;
#5210 = DIRECTION ( 'NONE',  ( 1.000000000000000000, 0.000000000000000000, 0.000000000000000000 ) ) ;
#5211 = FACE_OUTER_BOUND ( 'NONE', #4059, .T. ) ;
#5212 = ORIENTED_EDGE ( 'NONE', *, *, #3283, .F. ) ;
#5213 = EDGE_LOOP ( 'NONE', ( #3686, #1679 ) ) ;
#5214 = CARTESIAN_POINT ( 'NONE',  ( 173.2800000000000011, 17.00000000000000355, 6.000000000000000000 ) ) ;
#5215 = ORIENTED_EDGE ( 'NONE', *, *, #3205, .T. ) ;
#5216 = AXIS2_PLACEMENT_3D ( 'NONE', #3512, #4866, #5770 ) ;
#5217 = CARTESIAN_POINT ( 'NONE',  ( 93.76755406845290963, 8.999999999941620032, 11.99999999999999645 ) ) ;
#5218 = ORIENTED_EDGE ( 'NONE', *, *, #4783, .F. ) ;
#5219 = FACE_OUTER_BOUND ( 'NONE', #1504, .T. ) ;
#5220 = AXIS2_PLACEMENT_3D ( 'NONE', #5767, #2044, #4801 ) ;
#5221 = CARTESIAN_POINT ( 'NONE',  ( 19.50000000000000355, -26.00000000000000000, -55.55141653980559369 ) ) ;
#5222 = ADVANCED_FACE ( 'NONE', ( #2294 ), #1824, .F. ) ;
#5223 = CARTESIAN_POINT ( 'NONE',  ( 84.62442477393359752, 13.99999999994161826, 12.00000000000000000 ) ) ;
#5224 = ORIENTED_EDGE ( 'NONE', *, *, #4893, .T. ) ;
#5225 = AXIS2_PLACEMENT_3D ( 'NONE', #4356, #714, #4271 ) ;
#5226 = CARTESIAN_POINT ( 'NONE',  ( 229.4062056099601250, 25.40668714406043094, 7.000000000000000000 ) ) ;
#5227 = ADVANCED_FACE ( 'NONE', ( #4475 ), #3593, .F. ) ;
#5228 = AXIS2_PLACEMENT_3D ( 'NONE', #4621, #5488, #594 ) ;
#5229 = ORIENTED_EDGE ( 'NONE', *, *, #921, .F. ) ;
#5230 = EDGE_LOOP ( 'NONE', ( #1009, #5072, #5000, #5060 ) ) ;
#5231 = CIRCLE ( 'NONE', #3071, 3.000000000000002665 ) ;
#5232 = DIRECTION ( 'NONE',  ( 1.000000000000000000, 0.000000000000000000, 0.000000000000000000 ) ) ;
#5233 = CARTESIAN_POINT ( 'NONE',  ( 139.4266217112700019, -12.99999999999999467, -61.90760220690642512 ) ) ;
#5234 = CIRCLE ( 'NONE', #4190, 9.999999999999998224 ) ;
#5235 = DIRECTION ( 'NONE',  ( 1.000000000000000000, 0.000000000000000000, 0.000000000000000000 ) ) ;
#5236 = CARTESIAN_POINT ( 'NONE',  ( 35.63610991735736633, -7.922015543138114957, 0.000000000000000000 ) ) ;
#5237 = DIRECTION ( 'NONE',  ( 0.000000000000000000, 0.000000000000000000, 1.000000000000000000 ) ) ;
#5238 = VECTOR ( 'NONE', #923, 1000.000000000000114 ) ;
#5239 = DIRECTION ( 'NONE',  ( -0.000000000000000000, -0.000000000000000000, 1.000000000000000000 ) ) ;
#5240 = DIRECTION ( 'NONE',  ( -0.000000000000000000, -0.000000000000000000, -1.000000000000000000 ) ) ;
#5241 = ORIENTED_EDGE ( 'NONE', *, *, #387, .T. ) ;
#5242 = ORIENTED_EDGE ( 'NONE', *, *, #2727, .T. ) ;
#5243 = LINE ( 'NONE', #4789, #2361 ) ;
#5244 = VERTEX_POINT ( 'NONE', #3623 ) ;
#5245 = DIRECTION ( 'NONE',  ( -0.000000000000000000, -0.000000000000000000, -1.000000000000000000 ) ) ;
#5246 = ORIENTED_EDGE ( 'NONE', *, *, #3696, .F. ) ;
#5247 = EDGE_CURVE ( 'NONE', #1469, #2520, #1520, .T. ) ;
#5248 = LINE ( 'NONE', #4794, #5023 ) ;
#5249 = EDGE_CURVE ( 'NONE', #2336, #5340, #197, .T. ) ;
#5250 = CARTESIAN_POINT ( 'NONE',  ( 100.7656893541639676, 17.00000000000000355, 0.000000000000000000 ) ) ;
#5251 = CARTESIAN_POINT ( 'NONE',  ( 130.7993613459197491, -7.551724137988850671, 0.000000000000000000 ) ) ;
#5252 = ORIENTED_EDGE ( 'NONE', *, *, #4609, .F. ) ;
#5253 = EDGE_CURVE ( 'NONE', #5205, #3973, #4416, .T. ) ;
#5254 = DIRECTION ( 'NONE',  ( 1.000000000000000000, 0.000000000000000000, 0.000000000000000000 ) ) ;
#5255 = VERTEX_POINT ( 'NONE', #5339 ) ;
#5256 = ORIENTED_EDGE ( 'NONE', *, *, #2987, .T. ) ;
#5257 = CARTESIAN_POINT ( 'NONE',  ( 0.000000000000000000, 0.000000000000000000, 5.000000000000000000 ) ) ;
#5258 = CARTESIAN_POINT ( 'NONE',  ( 90.22662171127012698, 12.36725350790569067, 11.99999999999999645 ) ) ;
#5259 = EDGE_CURVE ( 'NONE', #1064, #3701, #4521, .T. ) ;
#5260 = ADVANCED_FACE ( 'NONE', ( #3161, #1854 ), #5396, .T. ) ;
#5261 = VECTOR ( 'NONE', #3327, 1000.000000000000000 ) ;
#5262 = LINE ( 'NONE', #4808, #2976 ) ;
#5263 = DIRECTION ( 'NONE',  ( 0.000000000000000000, 0.000000000000000000, -1.000000000000000000 ) ) ;
#5264 = DIRECTION ( 'NONE',  ( -0.000000000000000000, 0.000000000000000000, 1.000000000000000000 ) ) ;
#5265 = CARTESIAN_POINT ( 'NONE',  ( 244.6787943900398545, -25.40668714406043094, 12.00099999999999945 ) ) ;
#5266 = EDGE_CURVE ( 'NONE', #619, #5729, #4949, .T. ) ;
#5267 = DIRECTION ( 'NONE',  ( -0.000000000000000000, -0.000000000000000000, 1.000000000000000000 ) ) ;
#5268 = VERTEX_POINT ( 'NONE', #1353 ) ;
#5269 = EDGE_LOOP ( 'NONE', ( #4058, #4586, #2931, #39 ) ) ;
#5270 = CARTESIAN_POINT ( 'NONE',  ( 90.13474140192322182, 13.99999999994161826, 12.00000000000000000 ) ) ;
#5271 = VECTOR ( 'NONE', #3176, 1000.000000000000000 ) ;
#5272 = VERTEX_POINT ( 'NONE', #916 ) ;
#5273 = DIRECTION ( 'NONE',  ( 1.000000000000000000, 0.000000000000000000, 0.000000000000000000 ) ) ;
#5274 = EDGE_LOOP ( 'NONE', ( #5095, #4943, #1798, #405 ) ) ;
#5275 = CIRCLE ( 'NONE', #2172, 2.000000000000001776 ) ;
#5276 = AXIS2_PLACEMENT_3D ( 'NONE', #2303, #3635, #2372 ) ;
#5277 = DIRECTION ( 'NONE',  ( -0.000000000000000000, -0.000000000000000000, 1.000000000000000000 ) ) ;
#5278 = AXIS2_PLACEMENT_3D ( 'NONE', #2377, #1078, #60 ) ;
#5279 = CARTESIAN_POINT ( 'NONE',  ( 171.2800000000000011, 17.00000000000000000, -4.000000000000000000 ) ) ;
#5280 = CARTESIAN_POINT ( 'NONE',  ( 95.45072070161032229, 8.437621524021494679, 0.000000000000000000 ) ) ;
#5281 = VECTOR ( 'NONE', #1602, 1000.000000000000114 ) ;
#5282 = ORIENTED_EDGE ( 'NONE', *, *, #95, .F. ) ;
#5283 = AXIS2_PLACEMENT_3D ( 'NONE', #131, #162, #2381 ) ;
#5284 = EDGE_CURVE ( 'NONE', #3761, #2948, #5380, .T. ) ;
#5285 = AXIS2_PLACEMENT_3D ( 'NONE', #944, #3653, #4027 ) ;
#5286 = DIRECTION ( 'NONE',  ( -0.000000000000000000, -0.000000000000000000, -1.000000000000000000 ) ) ;
#5287 = ORIENTED_EDGE ( 'NONE', *, *, #802, .T. ) ;
#5288 = ORIENTED_EDGE ( 'NONE', *, *, #5704, .F. ) ;
#5289 = EDGE_CURVE ( 'NONE', #3441, #757, #5427, .T. ) ;
#5290 = VECTOR ( 'NONE', #1758, 1000.000000000000000 ) ;
#5291 = CARTESIAN_POINT ( 'NONE',  ( 196.2799999999999727, 15.00000000000000533, 0.000000000000000000 ) ) ;
#5292 = CARTESIAN_POINT ( 'NONE',  ( 236.2800000000000011, 0.000000000000000000, 6.000000000000000000 ) ) ;
#5293 = CARTESIAN_POINT ( 'NONE',  ( 173.2800000000000011, -13.00000000000001421, 0.000000000000000000 ) ) ;
#5294 = CARTESIAN_POINT ( 'NONE',  ( 261.6866871440604427, 10.52379439003986406, 12.00000000000000000 ) ) ;
#5295 = EDGE_CURVE ( 'NONE', #4753, #1863, #5458, .T. ) ;
#5296 = CARTESIAN_POINT ( 'NONE',  ( 82.22662171126958697, -17.00000000000000000, 0.000000000000000000 ) ) ;
#5297 = CARTESIAN_POINT ( 'NONE',  ( 27.74708001445385719, 11.47171197648788343, 12.00000000000000000 ) ) ;
#5298 = FACE_OUTER_BOUND ( 'NONE', #1594, .T. ) ;
#5299 = ORIENTED_EDGE ( 'NONE', *, *, #4197, .F. ) ;
#5301 = EDGE_CURVE ( 'NONE', #1064, #1306, #5820, .T. ) ;
#5300 = VERTEX_POINT ( 'NONE', #3969 ) ;
#5302 = CARTESIAN_POINT ( 'NONE',  ( 225.7562056099599204, -25.40668714406035633, 12.00000000000000000 ) ) ;
#5303 = ORIENTED_EDGE ( 'NONE', *, *, #2478, .T. ) ;
#5304 = EDGE_LOOP ( 'NONE', ( #1239, #2155, #216, #5134 ) ) ;
#5305 = LINE ( 'NONE', #3935, #1123 ) ;
#5306 = CARTESIAN_POINT ( 'NONE',  ( -37.95640998928968912, -19.11964802827056786, 0.000000000000000000 ) ) ;
#5307 = DIRECTION ( 'NONE',  ( 1.000000000000000000, 0.000000000000000000, 0.000000000000000000 ) ) ;
#5308 = LINE ( 'NONE', #2574, #4429 ) ;
#5309 = EDGE_LOOP ( 'NONE', ( #5417, #4293 ) ) ;
#5310 = AXIS2_PLACEMENT_3D ( 'NONE', #234, #683, #1503 ) ;
#5311 = AXIS2_PLACEMENT_3D ( 'NONE', #5531, #2785, #2876 ) ;
#5312 = FACE_BOUND ( 'NONE', #4406, .T. ) ;
#5313 = EDGE_CURVE ( 'NONE', #791, #4080, #3535, .T. ) ;
#5314 = DIRECTION ( 'NONE',  ( 1.179746922788375808E-13, 1.000000000000000000, 0.000000000000000000 ) ) ;
#5315 = ORIENTED_EDGE ( 'NONE', *, *, #2964, .F. ) ;
#5316 = VERTEX_POINT ( 'NONE', #2656 ) ;
#5317 = MECHANICAL_DESIGN_GEOMETRIC_PRESENTATION_REPRESENTATION (  '', ( #127 ), #4364 ) ;
#5318 = CARTESIAN_POINT ( 'NONE',  ( 26.00962562206538209, -17.00000000000000000, 12.00000000000000000 ) ) ;
#5319 = DIRECTION ( 'NONE',  ( -1.000000000000000000, 0.000000000000000000, 0.000000000000000000 ) ) ;
#5320 = CYLINDRICAL_SURFACE ( 'NONE', #3905, 2.799999999999997158 ) ;
#5321 = ADVANCED_FACE ( 'NONE', ( #5068 ), #169, .F. ) ;
#5322 = CARTESIAN_POINT ( 'NONE',  ( 246.8037943900398545, -25.40668714406043094, 12.00099999999999945 ) ) ;
#5323 = CARTESIAN_POINT ( 'NONE',  ( 139.4266217112696324, 17.00000000000000711, -61.90760220690642512 ) ) ;
#5324 = VECTOR ( 'NONE', #759, 1000.000000000000000 ) ;
#5325 = CARTESIAN_POINT ( 'NONE',  ( 261.6866871440604427, 10.52379439003986406, 7.000000000000000000 ) ) ;
#5326 = AXIS2_PLACEMENT_3D ( 'NONE', #4650, #4143, #1060 ) ;
#5327 = EDGE_CURVE ( 'NONE', #5043, #5638, #1800, .T. ) ;
#5328 = CARTESIAN_POINT ( 'NONE',  ( 171.2800000000000011, 15.00000000000000355, -4.000000000000000000 ) ) ;
#5329 = ORIENTED_EDGE ( 'NONE', *, *, #4988, .T. ) ;
#5330 = ORIENTED_EDGE ( 'NONE', *, *, #3938, .T. ) ;
#5331 = DIRECTION ( 'NONE',  ( 1.000000000000000000, 0.000000000000000000, 0.000000000000000000 ) ) ;
#5332 = ORIENTED_EDGE ( 'NONE', *, *, #4275, .T. ) ;
#5333 = ORIENTED_EDGE ( 'NONE', *, *, #3363, .T. ) ;
#5334 = DIRECTION ( 'NONE',  ( -1.000000000000000000, -2.081668171172169253E-16, 0.000000000000000000 ) ) ;
#5335 = EDGE_CURVE ( 'NONE', #5316, #2136, #5275, .T. ) ;
#5336 = DIRECTION ( 'NONE',  ( 0.7991505443142394860, -0.6011309404133634571, 0.000000000000000000 ) ) ;
#5337 = CARTESIAN_POINT ( 'NONE',  ( -29.02548999180975287, -14.62090731573631430, 0.000000000000000000 ) ) ;
#5338 = CYLINDRICAL_SURFACE ( 'NONE', #1886, 2.999999999999503064 ) ;
#5339 = CARTESIAN_POINT ( 'NONE',  ( 259.5616871440603859, -10.52379439004008610, 12.00000000000000000 ) ) ;
#5340 = VERTEX_POINT ( 'NONE', #1881 ) ;
#5341 = DIRECTION ( 'NONE',  ( 0.000000000000000000, 1.000000000000000000, 0.000000000000000000 ) ) ;
#5342 = DIRECTION ( 'NONE',  ( -0.000000000000000000, -0.000000000000000000, 1.000000000000000000 ) ) ;
#5343 = ORIENTED_EDGE ( 'NONE', *, *, #1374, .F. ) ;
#5344 = ORIENTED_EDGE ( 'NONE', *, *, #279, .F. ) ;
#5345 = LINE ( 'NONE', #3572, #1107 ) ;
#5346 = ADVANCED_FACE ( 'NONE', ( #5490 ), #1443, .F. ) ;
#5347 = LINE ( 'NONE', #2195, #424 ) ;
#5348 = DIRECTION ( 'NONE',  ( -0.000000000000000000, 0.000000000000000000, 1.000000000000000000 ) ) ;
#5349 = DIRECTION ( 'NONE',  ( 0.000000000000000000, 0.000000000000000000, -1.000000000000000000 ) ) ;
#5350 = DIRECTION ( 'NONE',  ( 0.000000000000000000, 0.000000000000000000, 1.000000000000000000 ) ) ;
#5351 = EDGE_CURVE ( 'NONE', #3066, #1022, #472, .T. ) ;
#5352 = CIRCLE ( 'NONE', #2160, 3.649999999999986589 ) ;
#5353 = CARTESIAN_POINT ( 'NONE',  ( 1.631447392267875385, 27.95243065291929696, 12.00000000000000000 ) ) ;
#5354 = ORIENTED_EDGE ( 'NONE', *, *, #3283, .T. ) ;
#5355 = ORIENTED_EDGE ( 'NONE', *, *, #3040, .F. ) ;
#5356 = CARTESIAN_POINT ( 'NONE',  ( 205.2477587016342113, 49.00000000000000000, 0.000000000000000000 ) ) ;
#5357 = AXIS2_PLACEMENT_3D ( 'NONE', #4262, #2896, #555 ) ;
#5358 = EDGE_LOOP ( 'NONE', ( #3908, #2766, #3526, #5344 ) ) ;
#5359 = EDGE_CURVE ( 'NONE', #2140, #797, #2811, .T. ) ;
#5360 = CARTESIAN_POINT ( 'NONE',  ( 156.2799999999999727, 17.00000000000000000, 6.000000000000000000 ) ) ;
#5361 = EDGE_CURVE ( 'NONE', #3236, #785, #3684, .T. ) ;
#5362 = CARTESIAN_POINT ( 'NONE',  ( -28.46994982707818167, 16.68717941545698835, 12.00000000000000000 ) ) ;
#5363 = LINE ( 'NONE', #3159, #4185 ) ;
#5364 = DIRECTION ( 'NONE',  ( -0.000000000000000000, -0.000000000000000000, -1.000000000000000000 ) ) ;
#5365 = DIRECTION ( 'NONE',  ( 0.000000000000000000, 0.000000000000000000, -1.000000000000000000 ) ) ;
#5366 = ADVANCED_FACE ( 'NONE', ( #1095 ), #2901, .T. ) ;
#5367 = EDGE_LOOP ( 'NONE', ( #930, #1617 ) ) ;
#5368 = ADVANCED_FACE ( 'NONE', ( #4687 ), #5585, .F. ) ;
#5369 = FACE_OUTER_BOUND ( 'NONE', #4858, .T. ) ;
#5370 = AXIS2_PLACEMENT_3D ( 'NONE', #2732, #5056, #3292 ) ;
#5371 = CARTESIAN_POINT ( 'NONE',  ( 88.22662171127134911, -9.000000000058374638, 0.000000000000000000 ) ) ;
#5372 = AXIS2_PLACEMENT_3D ( 'NONE', #983, #5437, #2789 ) ;
#5373 = EDGE_LOOP ( 'NONE', ( #5111, #1173, #873, #4975 ) ) ;
#5374 = ORIENTED_EDGE ( 'NONE', *, *, #5253, .T. ) ;
#5375 = EDGE_CURVE ( 'NONE', #4895, #4763, #2731, .T. ) ;
#5376 = EDGE_LOOP ( 'NONE', ( #5218, #4348, #4103, #5039 ) ) ;
#5377 = CIRCLE ( 'NONE', #2371, 2.799999999999997158 ) ;
#5378 = DIRECTION ( 'NONE',  ( -0.000000000000000000, -0.000000000000000000, -1.000000000000000000 ) ) ;
#5379 = DIRECTION ( 'NONE',  ( -0.000000000000000000, -0.000000000000000000, -1.000000000000000000 ) ) ;
#5380 = CIRCLE ( 'NONE', #5856, 9.999999999999998224 ) ;
#5381 = DIRECTION ( 'NONE',  ( -0.000000000000000000, -0.000000000000000000, 1.000000000000000000 ) ) ;
#5382 = LINE ( 'NONE', #2699, #5271 ) ;
#5383 = DIRECTION ( 'NONE',  ( 1.241298936150912157E-13, -1.000000000000000000, 0.000000000000000000 ) ) ;
#5384 = DIRECTION ( 'NONE',  ( 0.000000000000000000, 0.000000000000000000, 1.000000000000000000 ) ) ;
#5385 = ORIENTED_EDGE ( 'NONE', *, *, #251, .T. ) ;
#5386 = ORIENTED_EDGE ( 'NONE', *, *, #1677, .F. ) ;
#5387 = DIRECTION ( 'NONE',  ( 8.496932217776047631E-13, -1.000000000000000000, 0.000000000000000000 ) ) ;
#5388 = ORIENTED_EDGE ( 'NONE', *, *, #4427, .T. ) ;
#5389 = ORIENTED_EDGE ( 'NONE', *, *, #580, .F. ) ;
#5390 = DIRECTION ( 'NONE',  ( -0.000000000000000000, 0.000000000000000000, 1.000000000000000000 ) ) ;
#5391 = ORIENTED_EDGE ( 'NONE', *, *, #2500, .F. ) ;
#5392 = EDGE_LOOP ( 'NONE', ( #3332, #4922, #4646, #4565 ) ) ;
#5393 = CARTESIAN_POINT ( 'NONE',  ( 212.7799999999999727, 0.000000000000000000, 6.000000000000000000 ) ) ;
#5394 = LINE ( 'NONE', #4855, #3620 ) ;
#5395 = CYLINDRICAL_SURFACE ( 'NONE', #378, 1.999999999999994893 ) ;
#5396 = PLANE ( 'NONE',  #2086 ) ;
#5397 = AXIS2_PLACEMENT_3D ( 'NONE', #5698, #3803, #1564 ) ;
#5398 = ORIENTED_EDGE ( 'NONE', *, *, #1431, .T. ) ;
#5399 = LINE ( 'NONE', #4952, #982 ) ;
#5400 = ADVANCED_FACE ( 'NONE', ( #4239 ), #1063, .F. ) ;
#5401 = DIRECTION ( 'NONE',  ( -0.000000000000000000, 0.000000000000000000, 1.000000000000000000 ) ) ;
#5402 = ORIENTED_EDGE ( 'NONE', *, *, #5545, .F. ) ;
#5403 = AXIS2_PLACEMENT_3D ( 'NONE', #1415, #2297, #4366 ) ;
#5404 = AXIS2_PLACEMENT_3D ( 'NONE', #2299, #3656, #5495 ) ;
#5405 = CARTESIAN_POINT ( 'NONE',  ( 93.30599175095036912, 8.999999999941620032, 0.000000000000000000 ) ) ;
#5406 = ADVANCED_FACE ( 'NONE', ( #5009 ), #596, .F. ) ;
#5407 = CYLINDRICAL_SURFACE ( 'NONE', #4083, 0.7999999999988155475 ) ;
#5408 = CIRCLE ( 'NONE', #613, 3.649999999999986589 ) ;
#5409 = AXIS2_PLACEMENT_3D ( 'NONE', #2833, #4531, #3244 ) ;
#5410 = LINE ( 'NONE', #3058, #4328 ) ;
#5411 = DIRECTION ( 'NONE',  ( 1.000000000000000000, 0.000000000000000000, 0.000000000000000000 ) ) ;
#5412 = DIRECTION ( 'NONE',  ( 0.000000000000000000, 0.000000000000000000, -1.000000000000000000 ) ) ;
#5413 = ORIENTED_EDGE ( 'NONE', *, *, #4655, .F. ) ;
#5414 = ORIENTED_EDGE ( 'NONE', *, *, #4305, .T. ) ;
#5415 = AXIS2_PLACEMENT_3D ( 'NONE', #3464, #5158, #679 ) ;
#5416 = DIRECTION ( 'NONE',  ( 0.000000000000000000, -1.000000000000000000, 0.000000000000000000 ) ) ;
#5417 = ORIENTED_EDGE ( 'NONE', *, *, #1246, .F. ) ;
#5418 = VECTOR ( 'NONE', #751, 1000.000000000000000 ) ;
#5419 = FACE_OUTER_BOUND ( 'NONE', #4028, .T. ) ;
#5420 = ORIENTED_EDGE ( 'NONE', *, *, #61, .T. ) ;
#5421 = VECTOR ( 'NONE', #2521, 1000.000000000000000 ) ;
#5422 = VECTOR ( 'NONE', #5778, 1000.000000000000000 ) ;
#5423 = DIRECTION ( 'NONE',  ( -0.000000000000000000, -0.000000000000000000, 1.000000000000000000 ) ) ;
#5424 = CIRCLE ( 'NONE', #3442, 2.000000000000001776 ) ;
#5425 = CARTESIAN_POINT ( 'NONE',  ( 132.6266217112720085, 8.999999999942206230, 11.99999999999999645 ) ) ;
#5426 = CARTESIAN_POINT ( 'NONE',  ( 33.63610991735736633, -7.922015543138114957, -22.99999999999999645 ) ) ;
#5427 = LINE ( 'NONE', #4857, #1053 ) ;
#5428 = ORIENTED_EDGE ( 'NONE', *, *, #5359, .T. ) ;
#5429 = DIRECTION ( 'NONE',  ( -0.000000000000000000, 0.000000000000000000, 1.000000000000000000 ) ) ;
#5430 = VECTOR ( 'NONE', #4806, 1000.000000000000000 ) ;
#5431 = ADVANCED_FACE ( 'NONE', ( #534 ), #1003, .T. ) ;
#5432 = FACE_OUTER_BOUND ( 'NONE', #2349, .T. ) ;
#5433 = CARTESIAN_POINT ( 'NONE',  ( 90.22662171127105069, 5.744235880723133292, 0.000000000000000000 ) ) ;
#5434 = VERTEX_POINT ( 'NONE', #1534 ) ;
#5435 = ORIENTED_EDGE ( 'NONE', *, *, #1799, .F. ) ;
#5436 = EDGE_CURVE ( 'NONE', #4210, #5668, #3303, .T. ) ;
#5437 = DIRECTION ( 'NONE',  ( 0.000000000000000000, -0.000000000000000000, -1.000000000000000000 ) ) ;
#5438 = ORIENTED_EDGE ( 'NONE', *, *, #3401, .T. ) ;
#5439 = CARTESIAN_POINT ( 'NONE',  ( 236.2800000000000011, 0.000000000000000000, 0.000000000000000000 ) ) ;
#5440 = CARTESIAN_POINT ( 'NONE',  ( 135.4266217112710819, 2.778593743086588949E-13, 0.000000000000000000 ) ) ;
#5441 = EDGE_CURVE ( 'NONE', #4493, #5069, #4176, .T. ) ;
#5442 = EDGE_CURVE ( 'NONE', #1376, #5826, #5102, .T. ) ;
#5443 = LINE ( 'NONE', #368, #3120 ) ;
#5444 = ORIENTED_EDGE ( 'NONE', *, *, #3509, .F. ) ;
#5445 = CYLINDRICAL_SURFACE ( 'NONE', #5370, 2.124999999999988010 ) ;
#5446 = VERTEX_POINT ( 'NONE', #3880 ) ;
#5447 = EDGE_LOOP ( 'NONE', ( #750, #1788, #2286, #3614 ) ) ;
#5448 = CARTESIAN_POINT ( 'NONE',  ( 258.0366871440604086, -10.52379439003989248, 0.000000000000000000 ) ) ;
#5449 = VERTEX_POINT ( 'NONE', #287 ) ;
#5450 = VERTEX_POINT ( 'NONE', #232 ) ;
#5451 = EDGE_CURVE ( 'NONE', #174, #556, #5161, .T. ) ;
#5452 = CARTESIAN_POINT ( 'NONE',  ( 229.4062056099600682, -25.40668714406038475, 7.000000000000000000 ) ) ;
#5453 = ORIENTED_EDGE ( 'NONE', *, *, #1448, .F. ) ;
#5454 = LINE ( 'NONE', #4171, #4566 ) ;
#5455 = VECTOR ( 'NONE', #4732, 1000.000000000000000 ) ;
#5456 = DIRECTION ( 'NONE',  ( -0.000000000000000000, -0.000000000000000000, -1.000000000000000000 ) ) ;
#5457 = LINE ( 'NONE', #3999, #2255 ) ;
#5458 = LINE ( 'NONE', #4974, #3316 ) ;
#5459 = ORIENTED_EDGE ( 'NONE', *, *, #320, .F. ) ;
#5460 = ORIENTED_EDGE ( 'NONE', *, *, #2607, .T. ) ;
#5461 = DIRECTION ( 'NONE',  ( 0.000000000000000000, 0.000000000000000000, 1.000000000000000000 ) ) ;
#5462 = CARTESIAN_POINT ( 'NONE',  ( 229.4062056099600682, -25.40668714406038475, 0.000000000000000000 ) ) ;
#5463 = CARTESIAN_POINT ( 'NONE',  ( 131.4266217112806316, 1.116723096291999693E-10, 0.000000000000000000 ) ) ;
#5464 = ORIENTED_EDGE ( 'NONE', *, *, #504, .F. ) ;
#5465 = CARTESIAN_POINT ( 'NONE',  ( -64.44424516606153475, 19.08814419900561532, 12.00000000000000000 ) ) ;
#5466 = AXIS2_PLACEMENT_3D ( 'NONE', #973, #141, #4560 ) ;
#5467 = AXIS2_PLACEMENT_3D ( 'NONE', #3652, #4026, #1795 ) ;
#5468 = FACE_OUTER_BOUND ( 'NONE', #800, .T. ) ;
#5469 = EDGE_CURVE ( 'NONE', #4019, #2801, #4290, .T. ) ;
#5470 = VECTOR ( 'NONE', #1138, 1000.000000000000000 ) ;
#5471 = VERTEX_POINT ( 'NONE', #5214 ) ;
#5472 = CIRCLE ( 'NONE', #1992, 2.124999999999988010 ) ;
#5473 = FACE_BOUND ( 'NONE', #2188, .T. ) ;
#5474 = FACE_OUTER_BOUND ( 'NONE', #2215, .T. ) ;
#5475 = ORIENTED_EDGE ( 'NONE', *, *, #2149, .F. ) ;
#5476 = CIRCLE ( 'NONE', #4040, 0.7999999999995510702 ) ;
#5477 = EDGE_CURVE ( 'NONE', #444, #3793, #5846, .T. ) ;
#5478 = DIRECTION ( 'NONE',  ( -0.000000000000000000, -0.000000000000000000, 1.000000000000000000 ) ) ;
#5479 = ORIENTED_EDGE ( 'NONE', *, *, #687, .T. ) ;
#5480 = ORIENTED_EDGE ( 'NONE', *, *, #43, .T. ) ;
#5481 = CARTESIAN_POINT ( 'NONE',  ( 85.59936134591991674, 7.551724137872725784, 0.000000000000000000 ) ) ;
#5482 = EDGE_LOOP ( 'NONE', ( #5049, #2089, #5499, #2435 ) ) ;
#5483 = EDGE_LOOP ( 'NONE', ( #2675, #5398, #4251, #4803 ) ) ;
#5484 = DIRECTION ( 'NONE',  ( 1.000000000000000000, -1.156482317317870344E-15, 0.000000000000000000 ) ) ;
#5485 = ORIENTED_EDGE ( 'NONE', *, *, #4318, .F. ) ;
#5486 = CARTESIAN_POINT ( 'NONE',  ( 130.9438630905816581, -7.315984076323698737, 0.000000000000000000 ) ) ;
#5487 = EDGE_CURVE ( 'NONE', #2321, #1654, #4235, .T. ) ;
#5488 = DIRECTION ( 'NONE',  ( -0.000000000000000000, 0.000000000000000000, 1.000000000000000000 ) ) ;
#5489 = DIRECTION ( 'NONE',  ( 0.3734928164912965087, 0.9276330718713077239, 0.000000000000000000 ) ) ;
#5490 = FACE_OUTER_BOUND ( 'NONE', #2918, .T. ) ;
#5491 = ORIENTED_EDGE ( 'NONE', *, *, #498, .T. ) ;
#5492 = CARTESIAN_POINT ( 'NONE',  ( 246.8037943900400251, -25.40668714406034923, 7.000000000000000000 ) ) ;
#5493 = ORIENTED_EDGE ( 'NONE', *, *, #275, .F. ) ;
#5494 = VERTEX_POINT ( 'NONE', #5270 ) ;
#5495 = DIRECTION ( 'NONE',  ( 1.000000000000000000, -1.858632295689437976E-15, 0.000000000000000000 ) ) ;
#5496 = CARTESIAN_POINT ( 'NONE',  ( 222.1062056099601421, 25.40668714406043094, 0.000000000000000000 ) ) ;
#5497 = LINE ( 'NONE', #1013, #2182 ) ;
#5498 = ORIENTED_EDGE ( 'NONE', *, *, #3981, .F. ) ;
#5499 = ORIENTED_EDGE ( 'NONE', *, *, #976, .F. ) ;
#5500 = DIRECTION ( 'NONE',  ( -0.000000000000000000, -0.000000000000000000, 1.000000000000000000 ) ) ;
#5501 = ORIENTED_EDGE ( 'NONE', *, *, #1125, .T. ) ;
#5502 = ORIENTED_EDGE ( 'NONE', *, *, #225, .F. ) ;
#5503 = CARTESIAN_POINT ( 'NONE',  ( 41.55095888368916235, 55.23833357478701345, -28.99999999999999645 ) ) ;
#5504 = DIRECTION ( 'NONE',  ( -0.000000000000000000, 0.000000000000000000, 1.000000000000000000 ) ) ;
#5505 = LINE ( 'NONE', #3667, #3396 ) ;
#5506 = AXIS2_PLACEMENT_3D ( 'NONE', #1099, #3743, #1917 ) ;
#5507 = EDGE_CURVE ( 'NONE', #5624, #1843, #1120, .T. ) ;
#5508 = VECTOR ( 'NONE', #2633, 1000.000000000000000 ) ;
#5509 = VECTOR ( 'NONE', #3595, 1000.000000000000000 ) ;
#5510 = AXIS2_PLACEMENT_3D ( 'NONE', #157, #2911, #1516 ) ;
#5511 = DIRECTION ( 'NONE',  ( -1.000000000000000000, 0.000000000000000000, 0.000000000000000000 ) ) ;
#5512 = ORIENTED_EDGE ( 'NONE', *, *, #4824, .T. ) ;
#5513 = ORIENTED_EDGE ( 'NONE', *, *, #2462, .F. ) ;
#5514 = CARTESIAN_POINT ( 'NONE',  ( 131.4266217112714230, 6.763932022442827652, 0.000000000000000000 ) ) ;
#5515 = ORIENTED_EDGE ( 'NONE', *, *, #3218, .F. ) ;
#5516 = ORIENTED_EDGE ( 'NONE', *, *, #571, .T. ) ;
#5517 = CIRCLE ( 'NONE', #3432, 32.50000000000000000 ) ;
#5518 = CARTESIAN_POINT ( 'NONE',  ( 41.53481053043000770, -11.12921893940811913, -8.000000000000000000 ) ) ;
#5519 = EDGE_CURVE ( 'NONE', #1109, #2253, #91, .T. ) ;
#5520 = DIRECTION ( 'NONE',  ( 0.000000000000000000, -0.000000000000000000, -1.000000000000000000 ) ) ;
#5521 = CARTESIAN_POINT ( 'NONE',  ( 85.59936134592011570, 7.551724137872829701, -61.90760220690642512 ) ) ;
#5522 = CARTESIAN_POINT ( 'NONE',  ( -35.26944988260102321, 22.09254213723260563, 0.000000000000000000 ) ) ;
#5523 = DIRECTION ( 'NONE',  ( -0.000000000000000000, -0.000000000000000000, 1.000000000000000000 ) ) ;
#5524 = CIRCLE ( 'NONE', #4666, 2.000000000000001776 ) ;
#5525 = ORIENTED_EDGE ( 'NONE', *, *, #1222, .F. ) ;
#5526 = FACE_OUTER_BOUND ( 'NONE', #65, .T. ) ;
#5527 = EDGE_CURVE ( 'NONE', #5154, #1347, #3480, .T. ) ;
#5528 = AXIS2_PLACEMENT_3D ( 'NONE', #2530, #4685, #3907 ) ;
#5529 = ORIENTED_EDGE ( 'NONE', *, *, #1136, .F. ) ;
#5530 = CIRCLE ( 'NONE', #1928, 2.124999999999988010 ) ;
#5531 = CARTESIAN_POINT ( 'NONE',  ( 156.2799999999999727, 17.00000000000000000, 6.000000000000000000 ) ) ;
#5532 = FACE_OUTER_BOUND ( 'NONE', #1407, .T. ) ;
#5533 = DIRECTION ( 'NONE',  ( -1.000000000000000000, 0.000000000000000000, 0.000000000000000000 ) ) ;
#5534 = ORIENTED_EDGE ( 'NONE', *, *, #4448, .T. ) ;
#5535 = PLANE ( 'NONE',  #49 ) ;
#5536 = CARTESIAN_POINT ( 'NONE',  ( 218.6237247785160207, 27.87931034482758008, 0.000000000000000000 ) ) ;
#5537 = FACE_BOUND ( 'NONE', #3735, .T. ) ;
#5538 = CARTESIAN_POINT ( 'NONE',  ( 205.2477587016342113, 24.00000000000000000, 12.00000000000000000 ) ) ;
#5539 = DIRECTION ( 'NONE',  ( -0.000000000000000000, -0.000000000000000000, -1.000000000000000000 ) ) ;
#5540 = ORIENTED_EDGE ( 'NONE', *, *, #2743, .T. ) ;
#5541 = DIRECTION ( 'NONE',  ( 1.000000000000000000, 0.000000000000000000, 0.000000000000000000 ) ) ;
#5542 = ORIENTED_EDGE ( 'NONE', *, *, #5066, .T. ) ;
#5543 = ADVANCED_FACE ( 'NONE', ( #2567 ), #4819, .F. ) ;
#5544 = VERTEX_POINT ( 'NONE', #2508 ) ;
#5545 = EDGE_CURVE ( 'NONE', #5852, #444, #1609, .T. ) ;
#5546 = DIRECTION ( 'NONE',  ( 1.000000000000000000, 0.000000000000000000, 0.000000000000000000 ) ) ;
#5547 = CARTESIAN_POINT ( 'NONE',  ( 86.22662171126954433, 5.744235880725432786, 11.99999999999999645 ) ) ;
#5548 = DIRECTION ( 'NONE',  ( -1.000000000000000000, 0.000000000000000000, 0.000000000000000000 ) ) ;
#5549 = ADVANCED_FACE ( 'NONE', ( #2954 ), #2927, .F. ) ;
#5550 = CARTESIAN_POINT ( 'NONE',  ( 81.87009861938832955, 18.40000000000000213, 5.000000000000000000 ) ) ;
#5551 = CARTESIAN_POINT ( 'NONE',  ( 88.22662171127134911, -9.000000000058374638, 6.000000000000000000 ) ) ;
#5552 = EDGE_CURVE ( 'NONE', #72, #257, #4985, .T. ) ;
#5553 = ORIENTED_EDGE ( 'NONE', *, *, #2220, .F. ) ;
#5554 = CYLINDRICAL_SURFACE ( 'NONE', #5310, 4.999999999999997335 ) ;
#5555 = ORIENTED_EDGE ( 'NONE', *, *, #4345, .F. ) ;
#5556 = DIRECTION ( 'NONE',  ( 1.000000000000000000, 0.000000000000000000, 0.000000000000000000 ) ) ;
#5557 = DIRECTION ( 'NONE',  ( 1.000000000000000000, 0.000000000000000000, 0.000000000000000000 ) ) ;
#5558 = EDGE_CURVE ( 'NONE', #2395, #5195, #946, .T. ) ;
#5559 = LINE ( 'NONE', #4747, #584 ) ;
#5560 = VERTEX_POINT ( 'NONE', #4710 ) ;
#5561 = ORIENTED_EDGE ( 'NONE', *, *, #3363, .F. ) ;
#5562 = CARTESIAN_POINT ( 'NONE',  ( 213.4053415326041829, 17.00000000000000711, 6.000000000000000000 ) ) ;
#5563 = ORIENTED_EDGE ( 'NONE', *, *, #4014, .F. ) ;
#5564 = CARTESIAN_POINT ( 'NONE',  ( 133.4266217112711104, 8.999999999942206230, 11.99999999999999645 ) ) ;
#5565 = EDGE_CURVE ( 'NONE', #1058, #3807, #2594, .T. ) ;
#5566 = ORIENTED_EDGE ( 'NONE', *, *, #2095, .F. ) ;
#5567 = CYLINDRICAL_SURFACE ( 'NONE', #3074, 5.000000000000000888 ) ;
#5568 = VECTOR ( 'NONE', #1915, 1000.000000000000000 ) ;
#5569 = FACE_OUTER_BOUND ( 'NONE', #3909, .T. ) ;
#5570 = CIRCLE ( 'NONE', #5467, 0.7999999999988155475 ) ;
#5571 = VECTOR ( 'NONE', #4259, 1000.000000000000000 ) ;
#5572 = LINE ( 'NONE', #5655, #950 ) ;
#5573 = ORIENTED_EDGE ( 'NONE', *, *, #1820, .F. ) ;
#5574 = FACE_OUTER_BOUND ( 'NONE', #2734, .T. ) ;
#5575 = EDGE_LOOP ( 'NONE', ( #3326, #4187, #112, #4090 ) ) ;
#5576 = AXIS2_PLACEMENT_3D ( 'NONE', #4070, #618, #5541 ) ;
#5577 = AXIS2_PLACEMENT_3D ( 'NONE', #4128, #3697, #3264 ) ;
#5578 = VERTEX_POINT ( 'NONE', #1637 ) ;
#5579 = ORIENTED_EDGE ( 'NONE', *, *, #1618, .F. ) ;
#5580 = CARTESIAN_POINT ( 'NONE',  ( 156.4266217112695756, -13.00000000000000533, -28.99999999999999645 ) ) ;
#5581 = VECTOR ( 'NONE', #1767, 1000.000000000000000 ) ;
#5582 = CYLINDRICAL_SURFACE ( 'NONE', #3532, 1.600000000000004086 ) ;
#5583 = CARTESIAN_POINT ( 'NONE',  ( 133.4266217112713377, -9.000000000057788441, 0.000000000000000000 ) ) ;
#5584 = FACE_OUTER_BOUND ( 'NONE', #105, .T. ) ;
#5585 = CYLINDRICAL_SURFACE ( 'NONE', #1510, 2.000000000000001776 ) ;
#5586 = AXIS2_PLACEMENT_3D ( 'NONE', #4111, #78, #2449 ) ;
#5587 = ORIENTED_EDGE ( 'NONE', *, *, #4642, .T. ) ;
#5588 = FACE_OUTER_BOUND ( 'NONE', #231, .T. ) ;
#5589 = EDGE_LOOP ( 'NONE', ( #2068, #3209, #4201, #3536 ) ) ;
#5590 = CARTESIAN_POINT ( 'NONE',  ( 196.2799999999999727, 13.00000000000000533, 6.000000000000000000 ) ) ;
#5591 = LINE ( 'NONE', #1539, #412 ) ;
#5592 = DIRECTION ( 'NONE',  ( -1.000000000000000000, 0.000000000000000000, 0.000000000000000000 ) ) ;
#5593 = ORIENTED_EDGE ( 'NONE', *, *, #5565, .T. ) ;
#5594 = EDGE_CURVE ( 'NONE', #4688, #5763, #2120, .T. ) ;
#5595 = CARTESIAN_POINT ( 'NONE',  ( 0.000000000000000000, 8.999999999941618256, 0.000000000000000000 ) ) ;
#5596 = CARTESIAN_POINT ( 'NONE',  ( 135.4266217112711104, -6.763932022557802348, 11.99999999999999645 ) ) ;
#5597 = DIRECTION ( 'NONE',  ( 2.051733778762085174E-15, -1.000000000000000000, 0.000000000000000000 ) ) ;
#5598 = EDGE_CURVE ( 'NONE', #1042, #79, #5243, .T. ) ;
#5599 = CARTESIAN_POINT ( 'NONE',  ( 100.7656893541639676, 16.99999999999999289, 6.000000000000000000 ) ) ;
#5600 = ORIENTED_EDGE ( 'NONE', *, *, #3823, .F. ) ;
#5601 = SHAPE_DEFINITION_REPRESENTATION ( #2903, #5650 ) ;
#5602 = ORIENTED_EDGE ( 'NONE', *, *, #2857, .T. ) ;
#5603 = DIRECTION ( 'NONE',  ( 0.000000000000000000, -0.000000000000000000, -1.000000000000000000 ) ) ;
#5604 = AXIS2_PLACEMENT_3D ( 'NONE', #2840, #2362, #3716 ) ;
#5605 = VECTOR ( 'NONE', #4355, 1000.000000000000000 ) ;
#5606 = DIRECTION ( 'NONE',  ( -0.000000000000000000, 0.000000000000000000, 1.000000000000000000 ) ) ;
#5607 = CIRCLE ( 'NONE', #986, 24.99999999999999289 ) ;
#5608 = VERTEX_POINT ( 'NONE', #1582 ) ;
#5609 = DIRECTION ( 'NONE',  ( -1.000000000000000000, 0.000000000000000000, 0.000000000000000000 ) ) ;
#5610 = ORIENTED_EDGE ( 'NONE', *, *, #236, .T. ) ;
#5611 = FACE_OUTER_BOUND ( 'NONE', #4264, .T. ) ;
#5612 = ORIENTED_EDGE ( 'NONE', *, *, #920, .T. ) ;
#5613 = CARTESIAN_POINT ( 'NONE',  ( -41.21877844672069813, 5.746896246397448671, 0.000000000000000000 ) ) ;
#5614 = DIRECTION ( 'NONE',  ( 0.8565678208310234520, 0.5160344642722921593, 0.000000000000000000 ) ) ;
#5615 = LINE ( 'NONE', #1566, #758 ) ;
#5616 = EDGE_LOOP ( 'NONE', ( #5623, #657, #846, #786 ) ) ;
#5617 = VECTOR ( 'NONE', #1061, 1000.000000000000000 ) ;
#5618 = EDGE_CURVE ( 'NONE', #5255, #1855, #1414, .T. ) ;
#5619 = VECTOR ( 'NONE', #3708, 1000.000000000000000 ) ;
#5620 = AXIS2_PLACEMENT_3D ( 'NONE', #5257, #1997, #3403 ) ;
#5621 = AXIS2_PLACEMENT_3D ( 'NONE', #5353, #457, #845 ) ;
#5622 = DIRECTION ( 'NONE',  ( 0.000000000000000000, 0.000000000000000000, -1.000000000000000000 ) ) ;
#5623 = ORIENTED_EDGE ( 'NONE', *, *, #1426, .F. ) ;
#5624 = VERTEX_POINT ( 'NONE', #5188 ) ;
#5625 = EDGE_CURVE ( 'NONE', #2692, #2395, #5728, .T. ) ;
#5626 = EDGE_CURVE ( 'NONE', #791, #3761, #5659, .T. ) ;
#5627 = FACE_BOUND ( 'NONE', #998, .T. ) ;
#5628 = CARTESIAN_POINT ( 'NONE',  ( 90.85388207662212778, 7.551724137872829701, -61.90760220690642512 ) ) ;
#5629 = CARTESIAN_POINT ( 'NONE',  ( 261.6866871440604427, 10.52379439003986406, 12.00099999999999945 ) ) ;
#5630 = ORIENTED_EDGE ( 'NONE', *, *, #4814, .T. ) ;
#5631 = EDGE_CURVE ( 'NONE', #5754, #3961, #2753, .T. ) ;
#5632 = DIRECTION ( 'NONE',  ( -0.000000000000000000, -0.000000000000000000, 1.000000000000000000 ) ) ;
#5633 = DIRECTION ( 'NONE',  ( 0.000000000000000000, -0.000000000000000000, -1.000000000000000000 ) ) ;
#5634 = AXIS2_PLACEMENT_3D ( 'NONE', #2587, #3927, #3379 ) ;
#5635 = CARTESIAN_POINT ( 'NONE',  ( 196.2799999999999727, -13.00000000000001066, 0.000000000000000000 ) ) ;
#5636 = ORIENTED_EDGE ( 'NONE', *, *, #1472, .F. ) ;
#5638 = VERTEX_POINT ( 'NONE', #821 ) ;
#5637 = EDGE_CURVE ( 'NONE', #5434, #3315, #4707, .T. ) ;
#5639 = DIRECTION ( 'NONE',  ( -0.000000000000000000, -0.000000000000000000, 1.000000000000000000 ) ) ;
#5640 = ORIENTED_EDGE ( 'NONE', *, *, #1985, .T. ) ;
#5641 = FACE_OUTER_BOUND ( 'NONE', #4274, .T. ) ;
#5642 = VERTEX_POINT ( 'NONE', #4018 ) ;
#5643 = DIRECTION ( 'NONE',  ( 1.000000000000000000, 0.000000000000000000, 0.000000000000000000 ) ) ;
#5644 = CARTESIAN_POINT ( 'NONE',  ( 82.22662171126958697, -13.00000000000000178, -61.90760220690642512 ) ) ;
#5645 = CARTESIAN_POINT ( 'NONE',  ( 25.50000000000000355, -24.00000000000000000, 12.00000000000000000 ) ) ;
#5646 = VERTEX_POINT ( 'NONE', #2735 ) ;
#5647 = VECTOR ( 'NONE', #5245, 1000.000000000000000 ) ;
#5648 = SURFACE_SIDE_STYLE ('',( #4276 ) ) ;
#5649 = AXIS2_PLACEMENT_3D ( 'NONE', #592, #3796, #1553 ) ;
#5650 = ADVANCED_BREP_SHAPE_REPRESENTATION ( '\X2\8fde6746\X0\4\X2\6539\X0\A', ( #3558, #1681 ), #4228 ) ;
#5651 = ORIENTED_EDGE ( 'NONE', *, *, #5712, .T. ) ;
#5652 = ORIENTED_EDGE ( 'NONE', *, *, #3449, .T. ) ;
#5653 = CARTESIAN_POINT ( 'NONE',  ( 213.4053415326041829, -17.00000000000000711, 6.000000000000000000 ) ) ;
#5654 = DIRECTION ( 'NONE',  ( -1.000000000000000000, 0.000000000000000000, 0.000000000000000000 ) ) ;
#5655 = CARTESIAN_POINT ( 'NONE',  ( 27.41963007517151141, -5.793488719308089507, -22.99999999999999645 ) ) ;
#5656 = DIRECTION ( 'NONE',  ( -0.000000000000000000, -0.000000000000000000, 1.000000000000000000 ) ) ;
#5657 = CARTESIAN_POINT ( 'NONE',  ( 46.28887868456262566, -5.346532627159967355, 11.99999999999996980 ) ) ;
#5658 = EDGE_CURVE ( 'NONE', #1014, #2733, #5836, .T. ) ;
#5659 = CIRCLE ( 'NONE', #3116, 32.50000000000000000 ) ;
#5660 = AXIS2_PLACEMENT_3D ( 'NONE', #3198, #543, #2335 ) ;
#5661 = DIRECTION ( 'NONE',  ( -0.000000000000000000, 0.000000000000000000, -1.000000000000000000 ) ) ;
#5662 = EDGE_LOOP ( 'NONE', ( #849, #2438 ) ) ;
#5663 = ORIENTED_EDGE ( 'NONE', *, *, #573, .T. ) ;
#5664 = DIRECTION ( 'NONE',  ( 0.000000000000000000, 0.000000000000000000, -1.000000000000000000 ) ) ;
#5665 = AXIS2_PLACEMENT_3D ( 'NONE', #1490, #4577, #612 ) ;
#5666 = ORIENTED_EDGE ( 'NONE', *, *, #2993, .F. ) ;
#5667 = DIRECTION ( 'NONE',  ( 1.000000000000000000, 0.000000000000000000, 0.000000000000000000 ) ) ;
#5668 = VERTEX_POINT ( 'NONE', #1310 ) ;
#5669 = EDGE_CURVE ( 'NONE', #5272, #5560, #3584, .T. ) ;
#5670 = CYLINDRICAL_SURFACE ( 'NONE', #22, 2.799999999999997158 ) ;
#5671 = VECTOR ( 'NONE', #3047, 1000.000000000000000 ) ;
#5672 = FACE_OUTER_BOUND ( 'NONE', #2531, .T. ) ;
#5673 = CARTESIAN_POINT ( 'NONE',  ( -27.60592887375388216, 4.681099338535963383, 0.000000000000000000 ) ) ;
#5674 = ORIENTED_EDGE ( 'NONE', *, *, #719, .T. ) ;
#5675 = DIRECTION ( 'NONE',  ( -0.000000000000000000, -0.000000000000000000, -1.000000000000000000 ) ) ;
#5676 = ORIENTED_EDGE ( 'NONE', *, *, #3787, .F. ) ;
#5677 = EDGE_LOOP ( 'NONE', ( #2234, #1036, #3063, #1127, #1241, #5688, #3594, #1785, #3795, #386 ) ) ;
#5678 = DIRECTION ( 'NONE',  ( -0.000000000000000000, -0.000000000000000000, 1.000000000000000000 ) ) ;
#5679 = DIRECTION ( 'NONE',  ( 1.000000000000000000, 0.000000000000000000, 0.000000000000000000 ) ) ;
#5680 = DIRECTION ( 'NONE',  ( 1.000000000000000000, 0.000000000000000000, 0.000000000000000000 ) ) ;
#5681 = DIRECTION ( 'NONE',  ( -0.000000000000000000, -0.000000000000000000, -1.000000000000000000 ) ) ;
#5682 = VECTOR ( 'NONE', #440, 1000.000000000000000 ) ;
#5683 = CARTESIAN_POINT ( 'NONE',  ( 160.4266217112696040, -12.99999999999997691, 6.000000000000000000 ) ) ;
#5684 = DIRECTION ( 'NONE',  ( 1.000000000000000000, 0.000000000000000000, 0.000000000000000000 ) ) ;
#5685 = EDGE_CURVE ( 'NONE', #2002, #2814, #1596, .T. ) ;
#5686 = ORIENTED_EDGE ( 'NONE', *, *, #1280, .F. ) ;
#5687 = CARTESIAN_POINT ( 'NONE',  ( 83.14725167159187436, 8.999999999941618256, -7.512069096517387301 ) ) ;
#5688 = ORIENTED_EDGE ( 'NONE', *, *, #3742, .T. ) ;
#5689 = VERTEX_POINT ( 'NONE', #4495 ) ;
#5690 = DIRECTION ( 'NONE',  ( 0.000000000000000000, 0.000000000000000000, -1.000000000000000000 ) ) ;
#5691 = VERTEX_POINT ( 'NONE', #2621 ) ;
#5692 = CIRCLE ( 'NONE', #881, 3.649999999999986589 ) ;
#5693 = VECTOR ( 'NONE', #4246, 1000.000000000000000 ) ;
#5694 = EDGE_CURVE ( 'NONE', #4722, #170, #1237, .T. ) ;
#5695 = LINE ( 'NONE', #4738, #1865 ) ;
#5696 = ORIENTED_EDGE ( 'NONE', *, *, #5119, .T. ) ;
#5697 = EDGE_CURVE ( 'NONE', #905, #4545, #3963, .T. ) ;
#5698 = CARTESIAN_POINT ( 'NONE',  ( 261.6866871440603859, -10.52379439003989248, 7.000000000000000000 ) ) ;
#5699 = VECTOR ( 'NONE', #4446, 1000.000000000000000 ) ;
#5700 = AXIS2_PLACEMENT_3D ( 'NONE', #1713, #2659, #356 ) ;
#5701 = DIRECTION ( 'NONE',  ( 1.000000000000000000, 0.000000000000000000, 0.000000000000000000 ) ) ;
#5702 = DIRECTION ( 'NONE',  ( -0.000000000000000000, 0.000000000000000000, 1.000000000000000000 ) ) ;
#5703 = ORIENTED_EDGE ( 'NONE', *, *, #2849, .F. ) ;
#5704 = EDGE_CURVE ( 'NONE', #3852, #2279, #3096, .T. ) ;
#5705 = EDGE_CURVE ( 'NONE', #630, #3964, #3494, .T. ) ;
#5706 = AXIS2_PLACEMENT_3D ( 'NONE', #5279, #1645, #3392 ) ;
#5707 = CARTESIAN_POINT ( 'NONE',  ( 0.000000000000000000, 0.000000000000000000, 0.000000000000000000 ) ) ;
#5708 = VECTOR ( 'NONE', #44, 1000.000000000000000 ) ;
#5709 = ORIENTED_EDGE ( 'NONE', *, *, #282, .T. ) ;
#5710 = ORIENTED_EDGE ( 'NONE', *, *, #920, .F. ) ;
#5711 = EDGE_CURVE ( 'NONE', #966, #5853, #958, .T. ) ;
#5712 = EDGE_CURVE ( 'NONE', #2767, #437, #5003, .T. ) ;
#5713 = VECTOR ( 'NONE', #3545, 1000.000000000000000 ) ;
#5714 = PLANE ( 'NONE',  #40 ) ;
#5715 = LINE ( 'NONE', #5258, #5238 ) ;
#5716 = AXIS2_PLACEMENT_3D ( 'NONE', #4640, #5025, #520 ) ;
#5717 = VECTOR ( 'NONE', #3678, 1000.000000000000000 ) ;
#5718 = CARTESIAN_POINT ( 'NONE',  ( 120.8875540683754082, -14.20000000000000462, -28.99999999999999645 ) ) ;
#5719 = EDGE_CURVE ( 'NONE', #5174, #5300, #848, .T. ) ;
#5720 = CARTESIAN_POINT ( 'NONE',  ( 212.7799999999999443, 0.000000000000000000, 0.000000000000000000 ) ) ;
#5721 = DIRECTION ( 'NONE',  ( -0.000000000000000000, -0.000000000000000000, 1.000000000000000000 ) ) ;
#5722 = CIRCLE ( 'NONE', #1653, 19.99999999999998934 ) ;
#5723 = CARTESIAN_POINT ( 'NONE',  ( -42.41311132107752968, 12.50207148577076666, -2.999999999999999112 ) ) ;
#5724 = LINE ( 'NONE', #5635, #5324 ) ;
#5725 = EDGE_CURVE ( 'NONE', #1502, #3617, #2203, .T. ) ;
#5726 = ORIENTED_EDGE ( 'NONE', *, *, #4450, .T. ) ;
#5727 = ORIENTED_EDGE ( 'NONE', *, *, #247, .F. ) ;
#5728 = LINE ( 'NONE', #3467, #485 ) ;
#5729 = VERTEX_POINT ( 'NONE', #5811 ) ;
#5730 = FACE_OUTER_BOUND ( 'NONE', #36, .T. ) ;
#5731 = ORIENTED_EDGE ( 'NONE', *, *, #2806, .F. ) ;
#5732 = ADVANCED_FACE ( 'NONE', ( #2180 ), #1813, .F. ) ;
#5733 = DIRECTION ( 'NONE',  ( 1.000000000000000000, 0.000000000000000000, 0.000000000000000000 ) ) ;
#5734 = DIRECTION ( 'NONE',  ( 1.000000000000000000, 0.000000000000000000, 0.000000000000000000 ) ) ;
#5735 = ADVANCED_FACE ( 'NONE', ( #493 ), #3932, .T. ) ;
#5736 = DIRECTION ( 'NONE',  ( -0.000000000000000000, -0.000000000000000000, 1.000000000000000000 ) ) ;
#5737 = ORIENTED_EDGE ( 'NONE', *, *, #5802, .F. ) ;
#5738 = ADVANCED_FACE ( 'NONE', ( #1256 ), #3065, .F. ) ;
#5739 = FACE_OUTER_BOUND ( 'NONE', #1873, .T. ) ;
#5740 = ORIENTED_EDGE ( 'NONE', *, *, #3440, .F. ) ;
#5741 = ORIENTED_EDGE ( 'NONE', *, *, #1222, .T. ) ;
#5742 = DIRECTION ( 'NONE',  ( -0.000000000000000000, -0.000000000000000000, 1.000000000000000000 ) ) ;
#5743 = DIRECTION ( 'NONE',  ( -1.000000000000000000, 0.000000000000000000, 0.000000000000000000 ) ) ;
#5744 = ADVANCED_FACE ( 'NONE', ( #3646 ), #4200, .F. ) ;
#5745 = LINE ( 'NONE', #4310, #713 ) ;
#5746 = CARTESIAN_POINT ( 'NONE',  ( 133.4266217112713377, -9.000000000057788441, 11.99999999999999645 ) ) ;
#5747 = CARTESIAN_POINT ( 'NONE',  ( 35.48917750986707631, -8.674438627307029748, 0.000000000000000000 ) ) ;
#5748 = UNCERTAINTY_MEASURE_WITH_UNIT (LENGTH_MEASURE( 1.000000000000000082E-05 ), #2949, 'distance_accuracy_value', 'NONE');
#5749 = CARTESIAN_POINT ( 'NONE',  ( 2.694422675252111432, 6.692057980242491766, 0.000000000000000000 ) ) ;
#5750 = LINE ( 'NONE', #3037, #3821 ) ;
#5751 = ORIENTED_EDGE ( 'NONE', *, *, #4530, .F. ) ;
#5752 = ORIENTED_EDGE ( 'NONE', *, *, #4633, .T. ) ;
#5753 = CARTESIAN_POINT ( 'NONE',  ( 86.22662171127034014, 9.641816945447376090E-12, -61.90760220690642512 ) ) ;
#5754 = VERTEX_POINT ( 'NONE', #1526 ) ;
#5755 = CARTESIAN_POINT ( 'NONE',  ( 156.4266217112695472, -17.00000000000000000, 0.000000000000000000 ) ) ;
#5756 = ORIENTED_EDGE ( 'NONE', *, *, #5066, .F. ) ;
#5757 = AXIS2_PLACEMENT_3D ( 'NONE', #4382, #1176, #2152 ) ;
#5758 = AXIS2_PLACEMENT_3D ( 'NONE', #1486, #5080, #4188 ) ;
#5759 = CARTESIAN_POINT ( 'NONE',  ( 263.8116871440603290, -10.52379439004008610, 7.000000000000000000 ) ) ;
#5760 = DIRECTION ( 'NONE',  ( 0.000000000000000000, -0.000000000000000000, -1.000000000000000000 ) ) ;
#5761 = CARTESIAN_POINT ( 'NONE',  ( 83.95396287678271108, 13.99999999994161826, 5.000000000000000000 ) ) ;
#5762 = AXIS2_PLACEMENT_3D ( 'NONE', #2110, #3144, #1219 ) ;
#5763 = VERTEX_POINT ( 'NONE', #3269 ) ;
#5764 = VECTOR ( 'NONE', #4549, 1000.000000000000000 ) ;
#5765 = AXIS2_PLACEMENT_3D ( 'NONE', #3917, #5702, #354 ) ;
#5766 = DIRECTION ( 'NONE',  ( -0.000000000000000000, -0.000000000000000000, 1.000000000000000000 ) ) ;
#5767 = CARTESIAN_POINT ( 'NONE',  ( 194.2799999999999727, -13.00000000000001066, 6.000000000000000000 ) ) ;
#5768 = ORIENTED_EDGE ( 'NONE', *, *, #792, .T. ) ;
#5769 = ORIENTED_EDGE ( 'NONE', *, *, #149, .T. ) ;
#5770 = DIRECTION ( 'NONE',  ( 1.000000000000000000, 0.000000000000000000, 0.000000000000000000 ) ) ;
#5771 = ADVANCED_FACE ( 'NONE', ( #3210 ), #4166, .F. ) ;
#5772 = CYLINDRICAL_SURFACE ( 'NONE', #2138, 19.99999999999998934 ) ;
#5773 = DIRECTION ( 'NONE',  ( -1.000000000000000000, 0.000000000000000000, 0.000000000000000000 ) ) ;
#5774 = LINE ( 'NONE', #2226, #280 ) ;
#5775 = CARTESIAN_POINT ( 'NONE',  ( 225.7562056099601193, 25.40668714406043094, 7.000000000000000000 ) ) ;
#5776 = ADVANCED_FACE ( 'NONE', ( #5059 ), #5121, .F. ) ;
#5777 = CYLINDRICAL_SURFACE ( 'NONE', #2175, 32.50000000000000000 ) ;
#5778 = DIRECTION ( 'NONE',  ( 0.000000000000000000, 0.000000000000000000, 1.000000000000000000 ) ) ;
#5779 = ORIENTED_EDGE ( 'NONE', *, *, #5711, .T. ) ;
#5780 = VERTEX_POINT ( 'NONE', #4643 ) ;
#5781 = DIRECTION ( 'NONE',  ( -0.000000000000000000, -0.000000000000000000, 1.000000000000000000 ) ) ;
#5782 = EDGE_LOOP ( 'NONE', ( #4112, #3820, #1550, #2466 ) ) ;
#5783 = CARTESIAN_POINT ( 'NONE',  ( -12.83667725210075794, 29.85749013439339450, 0.000000000000000000 ) ) ;
#5784 = FACE_OUTER_BOUND ( 'NONE', #606, .T. ) ;
#5785 = CARTESIAN_POINT ( 'NONE',  ( 194.2799999999999727, -11.00000000000001066, 6.000000000000000000 ) ) ;
#5786 = DIRECTION ( 'NONE',  ( -0.000000000000000000, -0.000000000000000000, 1.000000000000000000 ) ) ;
#5787 = DIRECTION ( 'NONE',  ( 0.000000000000000000, -0.000000000000000000, -1.000000000000000000 ) ) ;
#5788 = VERTEX_POINT ( 'NONE', #5448 ) ;
#5789 = AXIS2_PLACEMENT_3D ( 'NONE', #4243, #1479, #5070 ) ;
#5790 = VECTOR ( 'NONE', #1643, 1000.000000000000000 ) ;
#5791 = FACE_BOUND ( 'NONE', #1159, .T. ) ;
#5792 = CIRCLE ( 'NONE', #227, 0.7999999999991069810 ) ;
#5793 = CYLINDRICAL_SURFACE ( 'NONE', #3895, 2.799999999999997158 ) ;
#5794 = ADVANCED_FACE ( 'NONE', ( #2861 ), #2415, .F. ) ;
#5795 = VERTEX_POINT ( 'NONE', #3760 ) ;
#5796 = ORIENTED_EDGE ( 'NONE', *, *, #5558, .T. ) ;
#5797 = AXIS2_PLACEMENT_3D ( 'NONE', #4569, #3746, #4598 ) ;
#5798 = EDGE_CURVE ( 'NONE', #115, #4699, #1227, .T. ) ;
#5799 = FACE_OUTER_BOUND ( 'NONE', #434, .T. ) ;
#5800 = CARTESIAN_POINT ( 'NONE',  ( 194.2799999999999727, -17.00000000000000355, 6.000000000000000000 ) ) ;
#5801 = LINE ( 'NONE', #3032, #3305 ) ;
#5802 = EDGE_CURVE ( 'NONE', #5560, #1511, #2829, .T. ) ;
#5803 = CARTESIAN_POINT ( 'NONE',  ( 33.63610991735736633, -7.922015543138114957, 12.00000000000000000 ) ) ;
#5804 = VECTOR ( 'NONE', #4733, 1000.000000000000000 ) ;
#5805 = DIRECTION ( 'NONE',  ( 1.000000000000000000, 0.000000000000000000, 0.000000000000000000 ) ) ;
#5806 = AXIS2_PLACEMENT_3D ( 'NONE', #4670, #5084, #546 ) ;
#5807 = ADVANCED_FACE ( 'NONE', ( #523 ), #4612, .F. ) ;
#5808 = DIRECTION ( 'NONE',  ( 0.000000000000000000, -0.000000000000000000, -1.000000000000000000 ) ) ;
#5809 = ORIENTED_EDGE ( 'NONE', *, *, #3916, .F. ) ;
#5810 = VERTEX_POINT ( 'NONE', #3237 ) ;
#5811 = CARTESIAN_POINT ( 'NONE',  ( 194.2799999999999727, 17.00000000000000355, 6.000000000000000000 ) ) ;
#5812 = ORIENTED_EDGE ( 'NONE', *, *, #426, .F. ) ;
#5813 = DIRECTION ( 'NONE',  ( -2.081668171172169253E-16, 1.000000000000000000, 0.000000000000000000 ) ) ;
#5814 = VECTOR ( 'NONE', #2469, 1000.000000000000000 ) ;
#5815 = ADVANCED_FACE ( 'NONE', ( #5574 ), #34, .T. ) ;
#5816 = CARTESIAN_POINT ( 'NONE',  ( 160.4266217112696040, 12.99999999999997691, 0.000000000000000000 ) ) ;
#5817 = EDGE_CURVE ( 'NONE', #5780, #1999, #3308, .T. ) ;
#5818 = FACE_OUTER_BOUND ( 'NONE', #3455, .T. ) ;
#5819 = CARTESIAN_POINT ( 'NONE',  ( -56.46924516606153333, 19.08814419900561532, 0.000000000000000000 ) ) ;
#5820 = LINE ( 'NONE', #384, #295 ) ;
#5821 = VERTEX_POINT ( 'NONE', #1872 ) ;
#5822 = DIRECTION ( 'NONE',  ( -0.000000000000000000, 0.000000000000000000, 1.000000000000000000 ) ) ;
#5823 = DIRECTION ( 'NONE',  ( -0.000000000000000000, -0.000000000000000000, 1.000000000000000000 ) ) ;
#5824 = VECTOR ( 'NONE', #5656, 1000.000000000000000 ) ;
#5825 = ORIENTED_EDGE ( 'NONE', *, *, #430, .F. ) ;
#5826 = VERTEX_POINT ( 'NONE', #5514 ) ;
#5827 = FACE_OUTER_BOUND ( 'NONE', #2124, .T. ) ;
#5828 = ORIENTED_EDGE ( 'NONE', *, *, #2992, .F. ) ;
#5829 = CARTESIAN_POINT ( 'NONE',  ( 0.000000000000000000, 0.000000000000000000, 0.000000000000000000 ) ) ;
#5830 = DIRECTION ( 'NONE',  ( -1.000000000000000000, 0.000000000000000000, 0.000000000000000000 ) ) ;
#5831 = CARTESIAN_POINT ( 'NONE',  ( 0.000000000000000000, 8.999999999941620032, 0.000000000000000000 ) ) ;
#5832 = CARTESIAN_POINT ( 'NONE',  ( 86.22662171126941644, 6.763932022443460923, 11.99999999999999645 ) ) ;
#5833 = DIRECTION ( 'NONE',  ( 1.000000000000000000, 1.734723475977126583E-15, 0.000000000000000000 ) ) ;
#5834 = EDGE_LOOP ( 'NONE', ( #5200, #106, #1334, #1938 ) ) ;
#5835 = EDGE_LOOP ( 'NONE', ( #3970, #2784, #522, #2998 ) ) ;
#5836 = LINE ( 'NONE', #3613, #4131 ) ;
#5837 = ORIENTED_EDGE ( 'NONE', *, *, #573, .F. ) ;
#5838 = DIRECTION ( 'NONE',  ( 1.000000000000000000, 0.000000000000000000, 0.000000000000000000 ) ) ;
#5839 = ORIENTED_EDGE ( 'NONE', *, *, #2664, .T. ) ;
#5840 = EDGE_CURVE ( 'NONE', #1855, #2767, #4101, .T. ) ;
#5841 = DIRECTION ( 'NONE',  ( 1.000000000000000000, 0.000000000000000000, 0.000000000000000000 ) ) ;
#5842 = DIRECTION ( 'NONE',  ( 1.000000000000000000, -7.071337521990102627E-13, 0.000000000000000000 ) ) ;
#5843 = DIRECTION ( 'NONE',  ( -0.000000000000000000, -0.000000000000000000, 1.000000000000000000 ) ) ;
#5844 = DIRECTION ( 'NONE',  ( 1.000000000000000000, 0.000000000000000000, 0.000000000000000000 ) ) ;
#5845 = VERTEX_POINT ( 'NONE', #5481 ) ;
#5846 = CIRCLE ( 'NONE', #377, 19.99999999999998934 ) ;
#5847 = EDGE_CURVE ( 'NONE', #5560, #1962, #2723, .T. ) ;
#5848 = DIRECTION ( 'NONE',  ( 1.000000000000000000, 0.000000000000000000, 0.000000000000000000 ) ) ;
#5849 = AXIS2_PLACEMENT_3D ( 'NONE', #897, #3902, #3723 ) ;
#5850 = CARTESIAN_POINT ( 'NONE',  ( -59.60898011258912277, 9.461796337744496910, 0.000000000000000000 ) ) ;
#5851 = VECTOR ( 'NONE', #427, 1000.000000000000000 ) ;
#5852 = VERTEX_POINT ( 'NONE', #1937 ) ;
#5853 = VERTEX_POINT ( 'NONE', #2891 ) ;
#5854 = DIRECTION ( 'NONE',  ( 0.000000000000000000, 0.000000000000000000, -1.000000000000000000 ) ) ;
#5855 = DIRECTION ( 'NONE',  ( 1.000000000000000000, 0.000000000000000000, 0.000000000000000000 ) ) ;
#5856 = AXIS2_PLACEMENT_3D ( 'NONE', #4887, #5787, #15 ) ;
#5857 = EDGE_CURVE ( 'NONE', #5164, #3879, #4679, .T. ) ;
#5858 = LINE ( 'NONE', #5831, #2729 ) ;
#5859 = VERTEX_POINT ( 'NONE', #964 ) ;
ENDSEC;
END-ISO-10303-21;
