ISO-10303-21;
HEADER;
FILE_DESCRIPTION (( 'STEP AP214' ),
    '1' );
FILE_NAME ('Á¬¸Ë2¸ÄA.STEP',
    '2026-08-16T17:26:50',
    ( '' ),
    ( '' ),
    'SwSTEP 2.0',
    'SolidWorks 2025',
    '' );
FILE_SCHEMA (( 'AUTOMOTIVE_DESIGN' ));
ENDSEC;

DATA;
#1 = CYLINDRICAL_SURFACE ( 'NONE', #2443, 4.000000000000003553 ) ;
#2 = ORIENTED_EDGE ( 'NONE', *, *, #9, .F. ) ;
#3 = CARTESIAN_POINT ( 'NONE',  ( -32.14364525455665955, 220.2668445797214076, 12.00000000000000000 ) ) ;
#4 = ADVANCED_FACE ( 'NONE', ( #4068 ), #1270, .T. ) ;
#5 = VERTEX_POINT ( 'NONE', #2795 ) ;
#6 = CIRCLE ( 'NONE', #2087, 3.000000000000000000 ) ;
#7 = DIRECTION ( 'NONE',  ( -0.000000000000000000, 0.000000000000000000, 1.000000000000000000 ) ) ;
#8 = EDGE_CURVE ( 'NONE', #707, #2575, #720, .T. ) ;
#9 = EDGE_CURVE ( 'NONE', #2230, #2380, #3038, .T. ) ;
#10 = LINE ( 'NONE', #2472, #1264 ) ;
#11 = DIRECTION ( 'NONE',  ( 0.000000000000000000, -0.000000000000000000, -1.000000000000000000 ) ) ;
#12 = CARTESIAN_POINT ( 'NONE',  ( 49.87267610670708251, 168.0672713847380919, 42.97303679588030434 ) ) ;
#13 = AXIS2_PLACEMENT_3D ( 'NONE', #719, #1092, #2304 ) ;
#14 = ORIENTED_EDGE ( 'NONE', *, *, #1849, .F. ) ;
#15 = VERTEX_POINT ( 'NONE', #1861 ) ;
#16 = CARTESIAN_POINT ( 'NONE',  ( 35.84233149615536007, 177.1619336869403583, -2.000000000000000000 ) ) ;
#17 = AXIS2_PLACEMENT_3D ( 'NONE', #3700, #1769, #849 ) ;
#18 = DIRECTION ( 'NONE',  ( 1.000000000000000000, -8.326672684688759250E-15, 0.000000000000000000 ) ) ;
#19 = DIRECTION ( 'NONE',  ( 0.000000000000000000, -0.000000000000000000, -1.000000000000000000 ) ) ;
#20 = ORIENTED_EDGE ( 'NONE', *, *, #3612, .T. ) ;
#21 = CARTESIAN_POINT ( 'NONE',  ( -1.161997836346250645, 55.72305129354304398, -0.000000000000000000 ) ) ;
#22 = VERTEX_POINT ( 'NONE', #1251 ) ;
#23 = VECTOR ( 'NONE', #324, 1000.000000000000000 ) ;
#24 = VERTEX_POINT ( 'NONE', #3748 ) ;
#25 = EDGE_CURVE ( 'NONE', #1460, #3881, #1782, .T. ) ;
#26 = CARTESIAN_POINT ( 'NONE',  ( 1.479779633311334441, 237.9706356505418796, 0.000000000000000000 ) ) ;
#27 = CIRCLE ( 'NONE', #1706, 2.150000000000038547 ) ;
#28 = EDGE_CURVE ( 'NONE', #2940, #2193, #3129, .T. ) ;
#29 = CARTESIAN_POINT ( 'NONE',  ( -26.13104821838503256, 157.8630924785232423, -5.999999999999998224 ) ) ;
#30 = DIRECTION ( 'NONE',  ( 1.000000000000000000, 0.000000000000000000, 0.000000000000000000 ) ) ;
#31 = FACE_OUTER_BOUND ( 'NONE', #1081, .T. ) ;
#32 = VECTOR ( 'NONE', #3632, 1000.000000000000000 ) ;
#33 = ORIENTED_EDGE ( 'NONE', *, *, #3989, .F. ) ;
#34 = EDGE_CURVE ( 'NONE', #3629, #315, #3974, .T. ) ;
#35 = FACE_OUTER_BOUND ( 'NONE', #2088, .T. ) ;
#36 = DIRECTION ( 'NONE',  ( 1.000000000000000000, 0.000000000000000000, 0.000000000000000000 ) ) ;
#37 = AXIS2_PLACEMENT_3D ( 'NONE', #2264, #3481, #1292 ) ;
#38 = DIRECTION ( 'NONE',  ( 0.02617694830787369725, -0.9996573249755573709, 0.000000000000000000 ) ) ;
#39 = CIRCLE ( 'NONE', #2777, 2.150000000000037215 ) ;
#40 = ORIENTED_EDGE ( 'NONE', *, *, #2207, .T. ) ;
#41 = ORIENTED_EDGE ( 'NONE', *, *, #1948, .T. ) ;
#42 = DIRECTION ( 'NONE',  ( 0.000000000000000000, 0.000000000000000000, -1.000000000000000000 ) ) ;
#43 = ORIENTED_EDGE ( 'NONE', *, *, #1746, .F. ) ;
#44 = CARTESIAN_POINT ( 'NONE',  ( -21.98218442151411978, -0.5756237571811858578, -5.999999999999998224 ) ) ;
#45 = VERTEX_POINT ( 'NONE', #1229 ) ;
#46 = EDGE_LOOP ( 'NONE', ( #716, #4130 ) ) ;
#47 = ORIENTED_EDGE ( 'NONE', *, *, #1440, .T. ) ;
#48 = VERTEX_POINT ( 'NONE', #3147 ) ;
#49 = CIRCLE ( 'NONE', #2065, 2.150000000000038547 ) ;
#50 = DIRECTION ( 'NONE',  ( -0.000000000000000000, -0.000000000000000000, -1.000000000000000000 ) ) ;
#51 = DIRECTION ( 'NONE',  ( -0.8724862616679766036, 0.4886386427623577999, 0.000000000000000000 ) ) ;
#52 = DIRECTION ( 'NONE',  ( -0.000000000000000000, -0.000000000000000000, 1.000000000000000000 ) ) ;
#53 = CARTESIAN_POINT ( 'NONE',  ( 0.000000000000000000, 200.0000000000000000, 12.00000000000000000 ) ) ;
#54 = ADVANCED_FACE ( 'NONE', ( #943 ), #2200, .F. ) ;
#55 = ORIENTED_EDGE ( 'NONE', *, *, #3967, .F. ) ;
#56 = VERTEX_POINT ( 'NONE', #1880 ) ;
#57 = CARTESIAN_POINT ( 'NONE',  ( -52.84932284540179381, 17.68313606292501916, -5.999999999999998224 ) ) ;
#58 = CARTESIAN_POINT ( 'NONE',  ( -21.68557643954152425, 100.4041488568196172, 0.000000000000000000 ) ) ;
#59 = CARTESIAN_POINT ( 'NONE',  ( -34.29364525455670076, 220.2668445797214076, 12.00000000000000000 ) ) ;
#60 = ADVANCED_FACE ( 'NONE', ( #313 ), #2858, .F. ) ;
#61 = AXIS2_PLACEMENT_3D ( 'NONE', #1509, #4002, #1527 ) ;
#62 = EDGE_CURVE ( 'NONE', #1449, #3335, #3239, .T. ) ;
#63 = EDGE_CURVE ( 'NONE', #1269, #1460, #2281, .T. ) ;
#64 = ORIENTED_EDGE ( 'NONE', *, *, #3449, .F. ) ;
#65 = CARTESIAN_POINT ( 'NONE',  ( 0.000000000000000000, 200.0000000000000000, 0.000000000000000000 ) ) ;
#66 = EDGE_CURVE ( 'NONE', #2824, #3393, #2669, .T. ) ;
#67 = LINE ( 'NONE', #1338, #4006 ) ;
#68 = ORIENTED_EDGE ( 'NONE', *, *, #2365, .F. ) ;
#69 = CARTESIAN_POINT ( 'NONE',  ( 22.41684457972143107, 232.1436452545566738, 0.000000000000000000 ) ) ;
#70 = VERTEX_POINT ( 'NONE', #3540 ) ;
#71 = DIRECTION ( 'NONE',  ( -0.000000000000000000, 0.000000000000000000, 1.000000000000000000 ) ) ;
#72 = DIRECTION ( 'NONE',  ( 0.000000000000000000, 0.000000000000000000, -1.000000000000000000 ) ) ;
#73 = DIRECTION ( 'NONE',  ( 1.000000000000000000, 0.000000000000000000, 0.000000000000000000 ) ) ;
#74 = DIRECTION ( 'NONE',  ( 1.000000000000000000, 0.000000000000000000, 0.000000000000000000 ) ) ;
#75 = ORIENTED_EDGE ( 'NONE', *, *, #403, .F. ) ;
#76 = EDGE_LOOP ( 'NONE', ( #2844, #2704, #1084, #3053 ) ) ;
#77 = ORIENTED_EDGE ( 'NONE', *, *, #1330, .T. ) ;
#78 = DIRECTION ( 'NONE',  ( 0.5292510076846894673, 0.8484653032768875169, 0.000000000000000000 ) ) ;
#79 = CIRCLE ( 'NONE', #1883, 1.650000000000000355 ) ;
#80 = CYLINDRICAL_SURFACE ( 'NONE', #3765, 10.00000000000000178 ) ;
#81 = FACE_OUTER_BOUND ( 'NONE', #3805, .T. ) ;
#82 = EDGE_CURVE ( 'NONE', #3219, #417, #3587, .T. ) ;
#83 = CARTESIAN_POINT ( 'NONE',  ( 6.950846834068205915, 27.13385022972825311, 0.000000000000000000 ) ) ;
#84 = CIRCLE ( 'NONE', #627, 2.150000000000037215 ) ;
#85 = ORIENTED_EDGE ( 'NONE', *, *, #3149, .T. ) ;
#86 = EDGE_CURVE ( 'NONE', #3080, #3583, #862, .T. ) ;
#87 = CIRCLE ( 'NONE', #3286, 2.150000000000047873 ) ;
#88 = DIRECTION ( 'NONE',  ( 1.000000000000000000, 0.000000000000000000, 0.000000000000000000 ) ) ;
#89 = ORIENTED_EDGE ( 'NONE', *, *, #1641, .T. ) ;
#90 = DIRECTION ( 'NONE',  ( 1.000000000000000000, 0.000000000000000000, 0.000000000000000000 ) ) ;
#91 = ORIENTED_EDGE ( 'NONE', *, *, #195, .F. ) ;
#92 = LINE ( 'NONE', #348, #1349 ) ;
#93 = AXIS2_PLACEMENT_3D ( 'NONE', #2312, #1610, #365 ) ;
#94 = CARTESIAN_POINT ( 'NONE',  ( 12.59706829745191570, 96.32336496311654628, 0.000000000000000000 ) ) ;
#95 = DIRECTION ( 'NONE',  ( 1.000000000000000000, 0.000000000000000000, 0.000000000000000000 ) ) ;
#96 = CARTESIAN_POINT ( 'NONE',  ( -24.52482512233140000, 96.57627002127701132, 12.00000000000000000 ) ) ;
#97 = VECTOR ( 'NONE', #3228, 1000.000000000000000 ) ;
#98 = EDGE_CURVE ( 'NONE', #2672, #604, #1393, .T. ) ;
#99 = ORIENTED_EDGE ( 'NONE', *, *, #2429, .T. ) ;
#100 = ORIENTED_EDGE ( 'NONE', *, *, #1188, .T. ) ;
#101 = ORIENTED_EDGE ( 'NONE', *, *, #82, .F. ) ;
#102 = AXIS2_PLACEMENT_3D ( 'NONE', #2910, #710, #2890 ) ;
#103 = FACE_OUTER_BOUND ( 'NONE', #1163, .T. ) ;
#104 = DIRECTION ( 'NONE',  ( 0.9135454576426061957, 0.4067366430757884399, 0.000000000000000000 ) ) ;
#105 = CARTESIAN_POINT ( 'NONE',  ( -22.41684457972143107, 167.8563547454433547, 0.000000000000000000 ) ) ;
#106 = ORIENTED_EDGE ( 'NONE', *, *, #1547, .F. ) ;
#107 = CARTESIAN_POINT ( 'NONE',  ( -15.03098279899320033, 99.03836565331984332, 12.00000000000000000 ) ) ;
#108 = DIRECTION ( 'NONE',  ( 0.000000000000000000, 0.000000000000000000, 1.000000000000000000 ) ) ;
#109 = EDGE_LOOP ( 'NONE', ( #100, #3980 ) ) ;
#110 = CARTESIAN_POINT ( 'NONE',  ( -20.26684457972138631, 167.8563547454433547, 12.00000000000000000 ) ) ;
#111 = ADVANCED_FACE ( 'NONE', ( #1027 ), #2012, .T. ) ;
#112 = ORIENTED_EDGE ( 'NONE', *, *, #928, .F. ) ;
#113 = AXIS2_PLACEMENT_3D ( 'NONE', #1589, #646, #3760 ) ;
#114 = CARTESIAN_POINT ( 'NONE',  ( 21.62110610229875718, 157.1452713121044269, 0.000000000000000000 ) ) ;
#115 = CARTESIAN_POINT ( 'NONE',  ( -22.11237553209567608, 119.0008242124256128, -5.999999999999998224 ) ) ;
#116 = CARTESIAN_POINT ( 'NONE',  ( -16.01000000000000156, 1.960659525434912309E-15, -63.78103166302659588 ) ) ;
#117 = CARTESIAN_POINT ( 'NONE',  ( -36.03323576943832052, 177.4643411459955189, 12.00000000000000000 ) ) ;
#118 = ORIENTED_EDGE ( 'NONE', *, *, #2845, .F. ) ;
#119 = ORIENTED_EDGE ( 'NONE', *, *, #1664, .F. ) ;
#120 = ORIENTED_EDGE ( 'NONE', *, *, #1542, .F. ) ;
#121 = DIRECTION ( 'NONE',  ( 0.000000000000000000, 0.000000000000000000, -1.000000000000000000 ) ) ;
#122 = DIRECTION ( 'NONE',  ( -0.000000000000000000, -0.000000000000000000, 1.000000000000000000 ) ) ;
#123 = DIRECTION ( 'NONE',  ( -1.000000000000000000, 0.000000000000000000, 0.000000000000000000 ) ) ;
#124 = ORIENTED_EDGE ( 'NONE', *, *, #2612, .F. ) ;
#125 = ORIENTED_EDGE ( 'NONE', *, *, #4106, .F. ) ;
#126 = CARTESIAN_POINT ( 'NONE',  ( 11.75987109587911483, 82.02213789543732503, 0.000000000000000000 ) ) ;
#127 = VERTEX_POINT ( 'NONE', #3858 ) ;
#128 = VECTOR ( 'NONE', #381, 1000.000000000000000 ) ;
#129 = CARTESIAN_POINT ( 'NONE',  ( 5.853969548763555686, 88.37943440316534804, 0.000000000000000000 ) ) ;
#130 = ORIENTED_EDGE ( 'NONE', *, *, #2915, .T. ) ;
#131 = PLANE ( 'NONE',  #3025 ) ;
#132 = EDGE_CURVE ( 'NONE', #1173, #1399, #1715, .T. ) ;
#133 =( NAMED_UNIT ( * ) PLANE_ANGLE_UNIT ( ) SI_UNIT ( $, .RADIAN. ) );
#134 = ADVANCED_FACE ( 'NONE', ( #103 ), #3566, .F. ) ;
#135 = DIRECTION ( 'NONE',  ( 0.000000000000000000, 0.000000000000000000, 1.000000000000000000 ) ) ;
#136 = FACE_OUTER_BOUND ( 'NONE', #3701, .T. ) ;
#137 = ORIENTED_EDGE ( 'NONE', *, *, #3145, .T. ) ;
#138 = ORIENTED_EDGE ( 'NONE', *, *, #3400, .T. ) ;
#139 = EDGE_CURVE ( 'NONE', #2835, #2511, #528, .T. ) ;
#140 = EDGE_CURVE ( 'NONE', #2719, #1451, #1004, .T. ) ;
#141 = DIRECTION ( 'NONE',  ( 0.8484653032768875169, -0.5292510076846895783, 0.000000000000000000 ) ) ;
#142 = FACE_OUTER_BOUND ( 'NONE', #2501, .T. ) ;
#143 = EDGE_CURVE ( 'NONE', #2193, #2835, #3254, .T. ) ;
#144 = LINE ( 'NONE', #761, #2288 ) ;
#145 = EDGE_LOOP ( 'NONE', ( #1570, #3354 ) ) ;
#146 = AXIS2_PLACEMENT_3D ( 'NONE', #1154, #1402, #2424 ) ;
#147 = DIRECTION ( 'NONE',  ( -0.1045284632676539704, -0.9945218953682734009, 0.000000000000000000 ) ) ;
#148 = DIRECTION ( 'NONE',  ( -0.6149582602745518045, -0.7885596604697050482, 0.000000000000000000 ) ) ;
#149 = EDGE_LOOP ( 'NONE', ( #3437, #3197, #89, #3076 ) ) ;
#150 = CARTESIAN_POINT ( 'NONE',  ( -34.51507093602120335, 172.4236026634260952, 12.00000000000000000 ) ) ;
#151 = ORIENTED_EDGE ( 'NONE', *, *, #1744, .T. ) ;
#152 = CARTESIAN_POINT ( 'NONE',  ( -20.52482512233140000, 96.57627002127701132, 0.000000000000000000 ) ) ;
#153 = VECTOR ( 'NONE', #2314, 1000.000000000000000 ) ;
#154 = EDGE_CURVE ( 'NONE', #70, #3491, #3193, .T. ) ;
#155 = CIRCLE ( 'NONE', #1486, 2.150000000000047873 ) ;
#156 = DIRECTION ( 'NONE',  ( -0.1045284632676543035, -0.9945218953682732899, 0.000000000000000000 ) ) ;
#157 = EDGE_LOOP ( 'NONE', ( #2480, #2476, #2537, #4028 ) ) ;
#158 = FACE_OUTER_BOUND ( 'NONE', #704, .T. ) ;
#159 = ORIENTED_EDGE ( 'NONE', *, *, #3394, .T. ) ;
#160 = EDGE_LOOP ( 'NONE', ( #3079, #1441 ) ) ;
#161 = ADVANCED_FACE ( 'NONE', ( #2958 ), #2321, .F. ) ;
#162 = CIRCLE ( 'NONE', #1901, 42.50000000000000711 ) ;
#163 = CARTESIAN_POINT ( 'NONE',  ( -23.63789469785928077, 62.65340073869139559, 0.000000000000000000 ) ) ;
#164 = DIRECTION ( 'NONE',  ( -1.000000000000000000, 0.000000000000000000, 0.000000000000000000 ) ) ;
#165 = FACE_OUTER_BOUND ( 'NONE', #76, .T. ) ;
#166 = EDGE_CURVE ( 'NONE', #1222, #24, #671, .T. ) ;
#167 = AXIS2_PLACEMENT_3D ( 'NONE', #3337, #1764, #2717 ) ;
#168 = ORIENTED_EDGE ( 'NONE', *, *, #4120, .F. ) ;
#169 = AXIS2_PLACEMENT_3D ( 'NONE', #479, #4025, #2709 ) ;
#170 = CARTESIAN_POINT ( 'NONE',  ( -13.13156269361432216, 31.37286657672619228, 11.99999999999999645 ) ) ;
#171 = FACE_OUTER_BOUND ( 'NONE', #770, .T. ) ;
#172 = ORIENTED_EDGE ( 'NONE', *, *, #4010, .F. ) ;
#173 = AXIS2_PLACEMENT_3D ( 'NONE', #1774, #817, #797 ) ;
#174 = DIRECTION ( 'NONE',  ( -0.1045284632676536235, -0.9945218953682734009, 0.000000000000000000 ) ) ;
#175 = ADVANCED_FACE ( 'NONE', ( #3902 ), #2895, .F. ) ;
#176 = PLANE ( 'NONE',  #2825 ) ;
#177 = CARTESIAN_POINT ( 'NONE',  ( 37.97063565054185830, 198.5202203666886760, 12.00000000000000000 ) ) ;
#178 = ORIENTED_EDGE ( 'NONE', *, *, #343, .T. ) ;
#179 = EDGE_LOOP ( 'NONE', ( #1652, #3731, #2295, #1957 ) ) ;
#180 = FACE_OUTER_BOUND ( 'NONE', #3539, .T. ) ;
#181 = FACE_BOUND ( 'NONE', #3910, .T. ) ;
#182 = DIRECTION ( 'NONE',  ( 1.000000000000000000, 0.000000000000000000, 0.000000000000000000 ) ) ;
#183 = EDGE_LOOP ( 'NONE', ( #3269, #3682, #2776, #3084, #3341 ) ) ;
#184 = FACE_OUTER_BOUND ( 'NONE', #2343, .T. ) ;
#185 = EDGE_CURVE ( 'NONE', #2217, #458, #1194, .T. ) ;
#186 = ADVANCED_FACE ( 'NONE', ( #35 ), #473, .F. ) ;
#187 = CARTESIAN_POINT ( 'NONE',  ( 14.88744435153407863, 94.38579495641046435, 12.00000000000000000 ) ) ;
#188 = EDGE_CURVE ( 'NONE', #48, #3128, #3073, .T. ) ;
#189 = ORIENTED_EDGE ( 'NONE', *, *, #3046, .T. ) ;
#190 = EDGE_CURVE ( 'NONE', #45, #1834, #1675, .T. ) ;
#191 = CARTESIAN_POINT ( 'NONE',  ( 16.01000000000000156, 0.000000000000000000, -63.78103166302659588 ) ) ;
#192 = DIRECTION ( 'NONE',  ( -0.000000000000000000, -0.000000000000000000, 1.000000000000000000 ) ) ;
#193 = FACE_OUTER_BOUND ( 'NONE', #3649, .T. ) ;
#194 = AXIS2_PLACEMENT_3D ( 'NONE', #3772, #1311, #355 ) ;
#195 = EDGE_CURVE ( 'NONE', #1630, #2319, #3614, .T. ) ;
#196 = CIRCLE ( 'NONE', #3934, 2.150000000000038547 ) ;
#197 = ORIENTED_EDGE ( 'NONE', *, *, #658, .T. ) ;
#198 = DIRECTION ( 'NONE',  ( -0.000000000000000000, -0.000000000000000000, -1.000000000000000000 ) ) ;
#199 = ORIENTED_EDGE ( 'NONE', *, *, #2790, .F. ) ;
#200 = EDGE_LOOP ( 'NONE', ( #3051, #430, #2439, #1347, #893, #2019 ) ) ;
#201 = CARTESIAN_POINT ( 'NONE',  ( -8.306856926960087151, 92.14773355164442137, 36.95100124303210265 ) ) ;
#202 = PLANE ( 'NONE',  #1109 ) ;
#203 = LINE ( 'NONE', #2772, #3477 ) ;
#204 = FACE_OUTER_BOUND ( 'NONE', #623, .T. ) ;
#205 = DIRECTION ( 'NONE',  ( 1.000000000000000000, 0.000000000000000000, 0.000000000000000000 ) ) ;
#206 = EDGE_LOOP ( 'NONE', ( #463, #3469, #1823, #4104 ) ) ;
#207 = VECTOR ( 'NONE', #3346, 1000.000000000000227 ) ;
#208 = AXIS2_PLACEMENT_3D ( 'NONE', #2326, #1299, #3281 ) ;
#209 = ORIENTED_EDGE ( 'NONE', *, *, #501, .T. ) ;
#210 = CARTESIAN_POINT ( 'NONE',  ( -18.56768463405042979, 97.16974580704216180, 36.95100124303210265 ) ) ;
#211 = AXIS2_PLACEMENT_3D ( 'NONE', #1175, #3416, #864 ) ;
#212 = DIRECTION ( 'NONE',  ( -1.000000000000000000, 0.000000000000000000, 0.000000000000000000 ) ) ;
#213 = CIRCLE ( 'NONE', #760, 42.50000000000000711 ) ;
#214 = DIRECTION ( 'NONE',  ( 0.000000000000000000, 0.000000000000000000, -1.000000000000000000 ) ) ;
#215 = EDGE_CURVE ( 'NONE', #2834, #3968, #3704, .T. ) ;
#216 = EDGE_CURVE ( 'NONE', #3200, #3635, #3276, .T. ) ;
#217 = CYLINDRICAL_SURFACE ( 'NONE', #1848, 8.000000000000001776 ) ;
#218 = VERTEX_POINT ( 'NONE', #163 ) ;
#219 = DIRECTION ( 'NONE',  ( -0.000000000000000000, 0.000000000000000000, -1.000000000000000000 ) ) ;
#220 = VECTOR ( 'NONE', #3229, 1000.000000000000000 ) ;
#221 = ORIENTED_EDGE ( 'NONE', *, *, #2506, .F. ) ;
#222 = EDGE_LOOP ( 'NONE', ( #47, #2177 ) ) ;
#223 = CARTESIAN_POINT ( 'NONE',  ( -16.13350922244122287, 36.47621723554309625, 5.000000000000000000 ) ) ;
#224 = AXIS2_PLACEMENT_3D ( 'NONE', #3833, #2215, #3167 ) ;
#225 = DIRECTION ( 'NONE',  ( 1.000000000000000000, 0.000000000000000000, 0.000000000000000000 ) ) ;
#226 = CARTESIAN_POINT ( 'NONE',  ( -8.488557290260139609, 46.27932272965658456, 7.000000000000000000 ) ) ;
#227 = ORIENTED_EDGE ( 'NONE', *, *, #3045, .T. ) ;
#228 = FACE_BOUND ( 'NONE', #1851, .T. ) ;
#229 = CARTESIAN_POINT ( 'NONE',  ( 21.82814405535335567, 20.57989618775425100, 0.000000000000000000 ) ) ;
#230 = VECTOR ( 'NONE', #530, 1000.000000000000000 ) ;
#231 = ORIENTED_EDGE ( 'NONE', *, *, #2790, .T. ) ;
#232 = VECTOR ( 'NONE', #3187, 999.9999999999998863 ) ;
#233 = AXIS2_PLACEMENT_3D ( 'NONE', #2549, #971, #18 ) ;
#234 = VECTOR ( 'NONE', #1579, 1000.000000000000114 ) ;
#235 = DIRECTION ( 'NONE',  ( 1.000000000000000000, 0.000000000000000000, 0.000000000000000000 ) ) ;
#236 = CARTESIAN_POINT ( 'NONE',  ( -10.66923215908001410, 153.2007747378692954, -5.999999999999998224 ) ) ;
#237 = AXIS2_PLACEMENT_3D ( 'NONE', #3348, #1500, #497 ) ;
#238 = DIRECTION ( 'NONE',  ( 1.000000000000000000, 0.000000000000000000, 0.000000000000000000 ) ) ;
#239 = EDGE_CURVE ( 'NONE', #1964, #1722, #1753, .T. ) ;
#240 = DIRECTION ( 'NONE',  ( 1.000000000000000000, 0.000000000000000000, 0.000000000000000000 ) ) ;
#241 = ORIENTED_EDGE ( 'NONE', *, *, #1134, .T. ) ;
#242 = CARTESIAN_POINT ( 'NONE',  ( 0.000000000000000000, 0.000000000000000000, -63.78103166302659588 ) ) ;
#243 = ADVANCED_FACE ( 'NONE', ( #3081 ), #3366, .F. ) ;
#244 = ORIENTED_EDGE ( 'NONE', *, *, #2376, .F. ) ;
#245 = FACE_OUTER_BOUND ( 'NONE', #3763, .T. ) ;
#246 = DIRECTION ( 'NONE',  ( 0.000000000000000000, -0.000000000000000000, -1.000000000000000000 ) ) ;
#247 = FACE_OUTER_BOUND ( 'NONE', #1275, .T. ) ;
#248 = EDGE_LOOP ( 'NONE', ( #4040, #1771, #262, #3118 ) ) ;
#249 = ORIENTED_EDGE ( 'NONE', *, *, #2185, .F. ) ;
#250 = DIRECTION ( 'NONE',  ( 0.000000000000000000, 0.000000000000000000, 1.000000000000000000 ) ) ;
#251 = EDGE_LOOP ( 'NONE', ( #1761, #2525, #1719, #41 ) ) ;
#252 = AXIS2_PLACEMENT_3D ( 'NONE', #4135, #2590, #317 ) ;
#253 = CYLINDRICAL_SURFACE ( 'NONE', #2418, 2.150000000000044320 ) ;
#254 = CARTESIAN_POINT ( 'NONE',  ( 2.937725449060098359, 87.60082904197298603, 0.000000000000000000 ) ) ;
#255 = CARTESIAN_POINT ( 'NONE',  ( -17.70379107082048620, 233.6234248878680546, 12.00000000000000000 ) ) ;
#256 = EDGE_CURVE ( 'NONE', #2575, #3436, #3651, .T. ) ;
#257 = LINE ( 'NONE', #1830, #3508 ) ;
#258 = VERTEX_POINT ( 'NONE', #3687 ) ;
#259 = AXIS2_PLACEMENT_3D ( 'NONE', #4053, #2775, #1172 ) ;
#260 = CYLINDRICAL_SURFACE ( 'NONE', #2628, 2.150000000000037215 ) ;
#261 = VERTEX_POINT ( 'NONE', #3017 ) ;
#262 = ORIENTED_EDGE ( 'NONE', *, *, #3526, .T. ) ;
#263 = PRODUCT_DEFINITION ( 'æ™', '', #1836, #2270 ) ;
#264 = ADVANCED_FACE ( 'NONE', ( #4046 ), #1452, .F. ) ;
#265 = CARTESIAN_POINT ( 'NONE',  ( -10.00240514913751788, 156.1257263167524911, 12.00000000000000000 ) ) ;
#266 = DIRECTION ( 'NONE',  ( -0.000000000000000000, 0.000000000000000000, 1.000000000000000000 ) ) ;
#267 = CARTESIAN_POINT ( 'NONE',  ( 49.87267610670708251, 168.0672713847380919, 8.000000000000000000 ) ) ;
#268 = PLANE ( 'NONE',  #1894 ) ;
#269 = EDGE_LOOP ( 'NONE', ( #2934, #792, #2118, #1129 ) ) ;
#270 = ADVANCED_FACE ( 'NONE', ( #816 ), #4021, .F. ) ;
#271 = CARTESIAN_POINT ( 'NONE',  ( 18.53569108914271624, 115.2326213749040846, 12.00000000000000000 ) ) ;
#272 = DIRECTION ( 'NONE',  ( 1.000000000000000000, 0.000000000000000000, 0.000000000000000000 ) ) ;
#273 = VERTEX_POINT ( 'NONE', #2074 ) ;
#274 = LINE ( 'NONE', #1926, #2387 ) ;
#275 = CARTESIAN_POINT ( 'NONE',  ( 1.830337994859972950, 124.3945027575087607, 12.00000000000000000 ) ) ;
#276 = CARTESIAN_POINT ( 'NONE',  ( 19.85379107082052386, 166.3765751121320307, 12.00000000000000000 ) ) ;
#277 = VECTOR ( 'NONE', #1977, 1000.000000000000000 ) ;
#278 = DIRECTION ( 'NONE',  ( 1.000000000000000000, 0.000000000000000000, 0.000000000000000000 ) ) ;
#279 = ORIENTED_EDGE ( 'NONE', *, *, #3618, .T. ) ;
#280 = DIRECTION ( 'NONE',  ( 0.000000000000000000, 0.000000000000000000, 1.000000000000000000 ) ) ;
#281 = EDGE_LOOP ( 'NONE', ( #1778, #305 ) ) ;
#282 = ORIENTED_EDGE ( 'NONE', *, *, #1009, .F. ) ;
#283 = DIRECTION ( 'NONE',  ( -0.000000000000000000, -0.000000000000000000, -1.000000000000000000 ) ) ;
#284 = DIRECTION ( 'NONE',  ( -0.000000000000000000, -0.000000000000000000, -1.000000000000000000 ) ) ;
#285 = DIRECTION ( 'NONE',  ( 1.000000000000000000, 0.000000000000000000, 0.000000000000000000 ) ) ;
#286 = DIRECTION ( 'NONE',  ( -0.9272643139175935634, -0.3744073879278219663, 0.000000000000000000 ) ) ;
#287 = VERTEX_POINT ( 'NONE', #1791 ) ;
#288 = VECTOR ( 'NONE', #2524, 1000.000000000000114 ) ;
#289 = CARTESIAN_POINT ( 'NONE',  ( 37.77712508579915607, 157.7911683143759376, 42.97303679588030434 ) ) ;
#290 = DIRECTION ( 'NONE',  ( 0.000000000000000000, 0.000000000000000000, -1.000000000000000000 ) ) ;
#291 = EDGE_CURVE ( 'NONE', #3583, #1947, #1165, .T. ) ;
#292 = ORIENTED_EDGE ( 'NONE', *, *, #1440, .F. ) ;
#293 = VERTEX_POINT ( 'NONE', #3034 ) ;
#294 = EDGE_LOOP ( 'NONE', ( #1688, #4076, #3900, #3351 ) ) ;
#295 = AXIS2_PLACEMENT_3D ( 'NONE', #3158, #932, #1577 ) ;
#296 = LINE ( 'NONE', #1234, #793 ) ;
#297 = AXIS2_PLACEMENT_3D ( 'NONE', #3627, #1046, #1406 ) ;
#298 = DIRECTION ( 'NONE',  ( -0.000000000000000000, -0.000000000000000000, 1.000000000000000000 ) ) ;
#299 = CARTESIAN_POINT ( 'NONE',  ( -15.75442617776364607, 50.81158635383113875, 34.68482287106689199 ) ) ;
#300 = CIRCLE ( 'NONE', #2965, 3.000000000000006217 ) ;
#301 = EDGE_CURVE ( 'NONE', #2535, #879, #2218, .T. ) ;
#302 = CARTESIAN_POINT ( 'NONE',  ( 1.139166452566868128E-14, 106.9800000000000040, 12.00000000000000000 ) ) ;
#303 = VERTEX_POINT ( 'NONE', #2132 ) ;
#304 = CARTESIAN_POINT ( 'NONE',  ( -32.14364525455665955, 220.2668445797214076, 0.000000000000000000 ) ) ;
#305 = ORIENTED_EDGE ( 'NONE', *, *, #1069, .T. ) ;
#306 = ORIENTED_EDGE ( 'NONE', *, *, #1061, .T. ) ;
#307 = EDGE_CURVE ( 'NONE', #2597, #1003, #1126, .T. ) ;
#308 = LINE ( 'NONE', #4125, #779 ) ;
#309 = CARTESIAN_POINT ( 'NONE',  ( -37.97063565054187961, 201.4797796333113240, 12.00000000000000000 ) ) ;
#310 = DIRECTION ( 'NONE',  ( -1.000000000000000000, 0.000000000000000000, 0.000000000000000000 ) ) ;
#311 = CARTESIAN_POINT ( 'NONE',  ( 18.11684457972134510, 232.1436452545566738, 0.000000000000000000 ) ) ;
#312 = ORIENTED_EDGE ( 'NONE', *, *, #3124, .T. ) ;
#313 = FACE_OUTER_BOUND ( 'NONE', #1346, .T. ) ;
#314 = LINE ( 'NONE', #16, #401 ) ;
#315 = VERTEX_POINT ( 'NONE', #1184 ) ;
#316 = AXIS2_PLACEMENT_3D ( 'NONE', #2801, #4121, #1575 ) ;
#317 = DIRECTION ( 'NONE',  ( 1.000000000000000000, 0.000000000000000000, 0.000000000000000000 ) ) ;
#318 = EDGE_CURVE ( 'NONE', #1936, #5, #950, .T. ) ;
#319 = CARTESIAN_POINT ( 'NONE',  ( 18.00010904036166437, 93.99346887664898986, 34.28877117602144153 ) ) ;
#320 = ADVANCED_FACE ( 'NONE', ( #180 ), #3631, .F. ) ;
#321 = ADVANCED_FACE ( 'NONE', ( #245 ), #4063, .F. ) ;
#322 = CARTESIAN_POINT ( 'NONE',  ( 1.139166452566868128E-14, 106.9800000000000040, 12.00000000000000000 ) ) ;
#323 = ORIENTED_EDGE ( 'NONE', *, *, #2062, .F. ) ;
#324 = DIRECTION ( 'NONE',  ( 0.000000000000000000, 0.000000000000000000, -1.000000000000000000 ) ) ;
#325 = EDGE_LOOP ( 'NONE', ( #1944, #344, #2603, #871 ) ) ;
#326 = LINE ( 'NONE', #2538, #2570 ) ;
#327 = CARTESIAN_POINT ( 'NONE',  ( -1.479779633311362197, 162.0293643494581488, 0.000000000000000000 ) ) ;
#328 = AXIS2_PLACEMENT_3D ( 'NONE', #1329, #3877, #757 ) ;
#329 = CARTESIAN_POINT ( 'NONE',  ( -23.63789469785928077, 62.65340073869138138, 0.000000000000000000 ) ) ;
#330 = CYLINDRICAL_SURFACE ( 'NONE', #2945, 2.150000000000047873 ) ;
#331 = CIRCLE ( 'NONE', #3194, 3.000000000000006217 ) ;
#332 = ORIENTED_EDGE ( 'NONE', *, *, #728, .F. ) ;
#333 = VERTEX_POINT ( 'NONE', #1202 ) ;
#334 = FACE_OUTER_BOUND ( 'NONE', #2274, .T. ) ;
#335 = VECTOR ( 'NONE', #651, 1000.000000000000227 ) ;
#336 = ORIENTED_EDGE ( 'NONE', *, *, #216, .T. ) ;
#337 = DIRECTION ( 'NONE',  ( -0.000000000000000000, 0.000000000000000000, 1.000000000000000000 ) ) ;
#338 = ORIENTED_EDGE ( 'NONE', *, *, #909, .F. ) ;
#339 = EDGE_CURVE ( 'NONE', #810, #395, #2194, .T. ) ;
#340 = CARTESIAN_POINT ( 'NONE',  ( 24.62110610229875718, 157.1452713121044269, -5.999999999999998224 ) ) ;
#341 = ORIENTED_EDGE ( 'NONE', *, *, #2839, .T. ) ;
#342 = DIRECTION ( 'NONE',  ( -0.000000000000000000, 0.000000000000000000, 1.000000000000000000 ) ) ;
#343 = EDGE_CURVE ( 'NONE', #48, #2140, #2470, .T. ) ;
#344 = ORIENTED_EDGE ( 'NONE', *, *, #2648, .T. ) ;
#345 = EDGE_LOOP ( 'NONE', ( #3921, #1079, #956, #2949 ) ) ;
#346 = EDGE_CURVE ( 'NONE', #2263, #2010, #326, .T. ) ;
#347 = CIRCLE ( 'NONE', #3541, 12.00000000000000355 ) ;
#348 = CARTESIAN_POINT ( 'NONE',  ( 2.887856764342425553, 87.92979571477928857, 34.28877117602144153 ) ) ;
#349 = PLANE ( 'NONE',  #645 ) ;
#350 = CARTESIAN_POINT ( 'NONE',  ( 61.12860222742826721, 201.7537980139415197, 51.03101541156708265 ) ) ;
#351 = CARTESIAN_POINT ( 'NONE',  ( -29.99364525455662189, 220.2668445797214076, 12.00000000000000000 ) ) ;
#352 = AXIS2_PLACEMENT_3D ( 'NONE', #1374, #1029, #3568 ) ;
#353 = ORIENTED_EDGE ( 'NONE', *, *, #2653, .F. ) ;
#354 = DIRECTION ( 'NONE',  ( 1.000000000000000000, 0.000000000000000000, 0.000000000000000000 ) ) ;
#355 = DIRECTION ( 'NONE',  ( -1.000000000000000000, 0.000000000000000000, 0.000000000000000000 ) ) ;
#356 = EDGE_CURVE ( 'NONE', #3393, #3553, #2853, .T. ) ;
#357 = AXIS2_PLACEMENT_3D ( 'NONE', #2929, #1709, #2977 ) ;
#358 = VECTOR ( 'NONE', #3537, 1000.000000000000000 ) ;
#359 = ORIENTED_EDGE ( 'NONE', *, *, #680, .F. ) ;
#360 = LINE ( 'NONE', #2507, #3656 ) ;
#361 = ORIENTED_EDGE ( 'NONE', *, *, #4088, .T. ) ;
#362 = ORIENTED_EDGE ( 'NONE', *, *, #63, .T. ) ;
#363 = LINE ( 'NONE', #722, #2154 ) ;
#364 = EDGE_LOOP ( 'NONE', ( #2721, #684, #1448, #1601 ) ) ;
#365 = DIRECTION ( 'NONE',  ( -1.000000000000000000, 0.000000000000000000, 0.000000000000000000 ) ) ;
#366 = ORIENTED_EDGE ( 'NONE', *, *, #826, .F. ) ;
#367 = VECTOR ( 'NONE', #2927, 1000.000000000000000 ) ;
#368 = CIRCLE ( 'NONE', #3898, 3.000000000000000000 ) ;
#369 = EDGE_LOOP ( 'NONE', ( #3242, #999, #831, #1420 ) ) ;
#370 = AXIS2_PLACEMENT_3D ( 'NONE', #2018, #2325, #3570 ) ;
#371 = ORIENTED_EDGE ( 'NONE', *, *, #630, .T. ) ;
#372 = EDGE_CURVE ( 'NONE', #1895, #1432, #27, .T. ) ;
#373 = DIRECTION ( 'NONE',  ( -0.000000000000000000, -0.000000000000000000, 1.000000000000000000 ) ) ;
#374 = DIRECTION ( 'NONE',  ( -0.000000000000000000, 0.000000000000000000, 1.000000000000000000 ) ) ;
#375 = LINE ( 'NONE', #392, #97 ) ;
#376 = DIRECTION ( 'NONE',  ( 1.000000000000000000, 0.000000000000000000, 0.000000000000000000 ) ) ;
#377 = AXIS2_PLACEMENT_3D ( 'NONE', #967, #2527, #2265 ) ;
#378 = ORIENTED_EDGE ( 'NONE', *, *, #632, .T. ) ;
#379 = VERTEX_POINT ( 'NONE', #3451 ) ;
#380 = EDGE_CURVE ( 'NONE', #2786, #5, #625, .T. ) ;
#381 = DIRECTION ( 'NONE',  ( -0.000000000000000000, -0.000000000000000000, -1.000000000000000000 ) ) ;
#382 = DIRECTION ( 'NONE',  ( -0.000000000000000000, -0.000000000000000000, 1.000000000000000000 ) ) ;
#383 = DIRECTION ( 'NONE',  ( -0.000000000000000000, -0.000000000000000000, 1.000000000000000000 ) ) ;
#384 = DIRECTION ( 'NONE',  ( -0.000000000000000000, -0.000000000000000000, 1.000000000000000000 ) ) ;
#385 = EDGE_LOOP ( 'NONE', ( #3365, #1123, #75, #1770 ) ) ;
#386 = CYLINDRICAL_SURFACE ( 'NONE', #493, 24.00999999999999091 ) ;
#387 = ORIENTED_EDGE ( 'NONE', *, *, #2479, .F. ) ;
#388 = ORIENTED_EDGE ( 'NONE', *, *, #3778, .F. ) ;
#389 = CIRCLE ( 'NONE', #2198, 2.999999999999999112 ) ;
#390 = CARTESIAN_POINT ( 'NONE',  ( -18.49918820385033769, 38.32109201636676232, 12.00000000000000000 ) ) ;
#391 = DIRECTION ( 'NONE',  ( 0.000000000000000000, -0.000000000000000000, -1.000000000000000000 ) ) ;
#392 = CARTESIAN_POINT ( 'NONE',  ( -45.26273360375215304, 15.14469881168431442, 0.000000000000000000 ) ) ;
#393 = CARTESIAN_POINT ( 'NONE',  ( -2.891966150378149969, 85.51446145223596318, 12.00000000000000000 ) ) ;
#394 = EDGE_CURVE ( 'NONE', #127, #315, #4032, .T. ) ;
#395 = VERTEX_POINT ( 'NONE', #2453 ) ;
#396 = EDGE_LOOP ( 'NONE', ( #3169, #3823, #2622, #2804 ) ) ;
#397 = EDGE_CURVE ( 'NONE', #3282, #3054, #1297, .T. ) ;
#398 = DIRECTION ( 'NONE',  ( 1.000000000000000000, 0.000000000000000000, 0.000000000000000000 ) ) ;
#399 = DIRECTION ( 'NONE',  ( 1.000000000000000000, 0.000000000000000000, 0.000000000000000000 ) ) ;
#400 = CYLINDRICAL_SURFACE ( 'NONE', #549, 5.499999999999998224 ) ;
#401 = VECTOR ( 'NONE', #2201, 1000.000000000000000 ) ;
#402 = ADVANCED_FACE ( 'NONE', ( #4107 ), #2805, .T. ) ;
#403 = EDGE_CURVE ( 'NONE', #1006, #3792, #2247, .T. ) ;
#404 = CARTESIAN_POINT ( 'NONE',  ( -20.26684457972138631, 167.8563547454433547, 12.00000000000000000 ) ) ;
#405 = VERTEX_POINT ( 'NONE', #1835 ) ;
#406 = EDGE_CURVE ( 'NONE', #287, #2519, #585, .T. ) ;
#407 = DIRECTION ( 'NONE',  ( -0.000000000000000000, -0.000000000000000000, -1.000000000000000000 ) ) ;
#408 = ORIENTED_EDGE ( 'NONE', *, *, #2888, .F. ) ;
#409 = DIRECTION ( 'NONE',  ( -0.9996573249755572599, -0.02617694830787380481, 0.000000000000000000 ) ) ;
#410 = ORIENTED_EDGE ( 'NONE', *, *, #2211, .F. ) ;
#411 = DIRECTION ( 'NONE',  ( -0.000000000000000000, -0.000000000000000000, 1.000000000000000000 ) ) ;
#412 = DIRECTION ( 'NONE',  ( -0.000000000000000000, -0.000000000000000000, 1.000000000000000000 ) ) ;
#413 = CARTESIAN_POINT ( 'NONE',  ( -21.19646861622848633, 39.63436212453230922, 0.000000000000000000 ) ) ;
#414 = CARTESIAN_POINT ( 'NONE',  ( 12.00000000000001599, 106.9800000000000040, 37.94112549695427816 ) ) ;
#415 = VECTOR ( 'NONE', #495, 999.9999999999998863 ) ;
#416 = VERTEX_POINT ( 'NONE', #265 ) ;
#417 = VERTEX_POINT ( 'NONE', #1896 ) ;
#418 = ORIENTED_EDGE ( 'NONE', *, *, #1200, .F. ) ;
#419 = CARTESIAN_POINT ( 'NONE',  ( 17.31548115991533265, 117.9732577478318944, 0.000000000000000000 ) ) ;
#420 = AXIS2_PLACEMENT_3D ( 'NONE', #2271, #993, #2289 ) ;
#421 = DIRECTION ( 'NONE',  ( 0.4067366430757884399, -0.9135454576426061957, 0.000000000000000000 ) ) ;
#422 = CARTESIAN_POINT ( 'NONE',  ( -10.66923215908001410, 153.2007747378692954, -5.999999999999998224 ) ) ;
#423 = VERTEX_POINT ( 'NONE', #1223 ) ;
#424 = EDGE_CURVE ( 'NONE', #1611, #1947, #3766, .T. ) ;
#425 = CARTESIAN_POINT ( 'NONE',  ( -34.51507093602120335, 172.4236026634261236, 12.00000000000000000 ) ) ;
#426 = CIRCLE ( 'NONE', #2750, 18.65375554904908384 ) ;
#427 = AXIS2_PLACEMENT_3D ( 'NONE', #1122, #3030, #870 ) ;
#428 = AXIS2_PLACEMENT_3D ( 'NONE', #541, #561, #1756 ) ;
#429 = LINE ( 'NONE', #340, #2286 ) ;
#430 = ORIENTED_EDGE ( 'NONE', *, *, #1824, .F. ) ;
#431 = DIRECTION ( 'NONE',  ( 1.000000000000000000, 0.000000000000000000, 0.000000000000000000 ) ) ;
#432 = VERTEX_POINT ( 'NONE', #914 ) ;
#433 = LINE ( 'NONE', #2330, #3952 ) ;
#434 = AXIS2_PLACEMENT_3D ( 'NONE', #4009, #2734, #3716 ) ;
#435 = CARTESIAN_POINT ( 'NONE',  ( -45.26273360375215304, 15.14469881168431442, 12.00000000000000000 ) ) ;
#436 = DIRECTION ( 'NONE',  ( -0.000000000000000000, 0.000000000000000000, 1.000000000000000000 ) ) ;
#437 = ORIENTED_EDGE ( 'NONE', *, *, #1333, .F. ) ;
#438 = ORIENTED_EDGE ( 'NONE', *, *, #2915, .F. ) ;
#439 = AXIS2_PLACEMENT_3D ( 'NONE', #3094, #886, #238 ) ;
#440 = AXIS2_PLACEMENT_3D ( 'NONE', #2004, #412, #3625 ) ;
#441 = DIRECTION ( 'NONE',  ( -1.000000000000000000, 0.000000000000000000, 0.000000000000000000 ) ) ;
#442 = CARTESIAN_POINT ( 'NONE',  ( 15.55379107082044676, 166.3765751121320307, 0.000000000000000000 ) ) ;
#443 = AXIS2_PLACEMENT_3D ( 'NONE', #3001, #3944, #3923 ) ;
#444 = CARTESIAN_POINT ( 'NONE',  ( 17.31548115991533265, 117.9732577478318944, 35.87825762969472265 ) ) ;
#445 = ORIENTED_EDGE ( 'NONE', *, *, #1188, .F. ) ;
#446 = ORIENTED_EDGE ( 'NONE', *, *, #4029, .T. ) ;
#447 = CARTESIAN_POINT ( 'NONE',  ( 49.87267610670708251, 168.0672713847380919, 12.00000000000000000 ) ) ;
#448 = EDGE_CURVE ( 'NONE', #795, #218, #3163, .T. ) ;
#449 = VECTOR ( 'NONE', #1745, 1000.000000000000000 ) ;
#450 = FACE_BOUND ( 'NONE', #3956, .T. ) ;
#451 = CARTESIAN_POINT ( 'NONE',  ( 5.853969548763555686, 88.37943440316534804, 0.000000000000000000 ) ) ;
#452 = ORIENTED_EDGE ( 'NONE', *, *, #3390, .F. ) ;
#453 = EDGE_CURVE ( 'NONE', #2032, #794, #2431, .T. ) ;
#454 = CIRCLE ( 'NONE', #113, 10.00000000000000178 ) ;
#455 = CARTESIAN_POINT ( 'NONE',  ( 0.08990398130177823521, 78.51411844361237513, 5.000000000000000000 ) ) ;
#456 =( NAMED_UNIT ( * ) SI_UNIT ( $, .STERADIAN. ) SOLID_ANGLE_UNIT ( ) );
#457 = LINE ( 'NONE', #3012, #960 ) ;
#458 = VERTEX_POINT ( 'NONE', #3786 ) ;
#459 = EDGE_LOOP ( 'NONE', ( #4061, #2698, #2147, #3223, #1822, #3060 ) ) ;
#460 = DIRECTION ( 'NONE',  ( -0.000000000000000000, -0.000000000000000000, 1.000000000000000000 ) ) ;
#461 = CARTESIAN_POINT ( 'NONE',  ( 43.12860222742862959, 177.3399145239144161, 40.28427124746161780 ) ) ;
#462 = DIRECTION ( 'NONE',  ( 1.000000000000000000, 0.000000000000000000, 0.000000000000000000 ) ) ;
#463 = ORIENTED_EDGE ( 'NONE', *, *, #1069, .F. ) ;
#464 = PLANE ( 'NONE',  #1296 ) ;
#465 = DIRECTION ( 'NONE',  ( -0.000000000000000000, -0.000000000000000000, 1.000000000000000000 ) ) ;
#466 = ORIENTED_EDGE ( 'NONE', *, *, #1365, .T. ) ;
#467 = CARTESIAN_POINT ( 'NONE',  ( -37.97063565054187961, 201.4797796333113240, 12.00000000000000000 ) ) ;
#468 = EDGE_CURVE ( 'NONE', #3968, #458, #308, .T. ) ;
#469 = EDGE_CURVE ( 'NONE', #604, #2374, #1220, .T. ) ;
#470 = DIRECTION ( 'NONE',  ( -0.000000000000000000, 0.000000000000000000, 1.000000000000000000 ) ) ;
#471 = ORIENTED_EDGE ( 'NONE', *, *, #3663, .F. ) ;
#472 = VERTEX_POINT ( 'NONE', #1615 ) ;
#473 = PLANE ( 'NONE',  #3677 ) ;
#474 = FACE_BOUND ( 'NONE', #2166, .T. ) ;
#475 = CARTESIAN_POINT ( 'NONE',  ( 0.000000000000000000, 200.0000000000000000, 12.00000000000000000 ) ) ;
#476 = ORIENTED_EDGE ( 'NONE', *, *, #2376, .T. ) ;
#477 = ORIENTED_EDGE ( 'NONE', *, *, #3096, .F. ) ;
#478 = CIRCLE ( 'NONE', #3074, 16.01000000000000156 ) ;
#479 = CARTESIAN_POINT ( 'NONE',  ( 4.756463149324664741, 75.60323790134660271, 5.000000000000000000 ) ) ;
#480 = DIRECTION ( 'NONE',  ( 1.000000000000000000, 0.000000000000000000, 0.000000000000000000 ) ) ;
#481 = ORIENTED_EDGE ( 'NONE', *, *, #1183, .T. ) ;
#482 = AXIS2_PLACEMENT_3D ( 'NONE', #1110, #3257, #462 ) ;
#483 = CARTESIAN_POINT ( 'NONE',  ( -5.828557004369135264, 58.63393183580883772, 7.000000000000000000 ) ) ;
#484 = DIRECTION ( 'NONE',  ( 0.7947908119745668021, -0.6068834856879934403, 0.000000000000000000 ) ) ;
#485 = AXIS2_PLACEMENT_3D ( 'NONE', #3265, #411, #1660 ) ;
#486 = VECTOR ( 'NONE', #2621, 1000.000000000000000 ) ;
#487 = DIRECTION ( 'NONE',  ( -0.9945218953682732899, 0.1045284632676543035, 0.000000000000000000 ) ) ;
#488 = VERTEX_POINT ( 'NONE', #1985 ) ;
#489 = DIRECTION ( 'NONE',  ( -1.000000000000000000, 0.000000000000000000, 0.000000000000000000 ) ) ;
#490 = ORIENTED_EDGE ( 'NONE', *, *, #3225, .T. ) ;
#491 = ADVANCED_FACE ( 'NONE', ( #1343 ), #3829, .F. ) ;
#492 = ORIENTED_EDGE ( 'NONE', *, *, #881, .T. ) ;
#493 = AXIS2_PLACEMENT_3D ( 'NONE', #1340, #1381, #1080 ) ;
#494 = ADVANCED_FACE ( 'NONE', ( #1044 ), #749, .F. ) ;
#495 = DIRECTION ( 'NONE',  ( 0.1045284632676537206, 0.9945218953682734009, 0.000000000000000000 ) ) ;
#496 = VECTOR ( 'NONE', #3517, 1000.000000000000000 ) ;
#497 = DIRECTION ( 'NONE',  ( 1.000000000000000000, 0.000000000000000000, 0.000000000000000000 ) ) ;
#498 = DIRECTION ( 'NONE',  ( 1.000000000000000000, 0.000000000000000000, 0.000000000000000000 ) ) ;
#499 = AXIS2_PLACEMENT_3D ( 'NONE', #877, #3061, #1438 ) ;
#500 = ORIENTED_EDGE ( 'NONE', *, *, #3065, .T. ) ;
#501 = EDGE_CURVE ( 'NONE', #3120, #2217, #2559, .T. ) ;
#503 = FACE_BOUND ( 'NONE', #4137, .T. ) ;
#502 = PRODUCT ( '\X2\8fde6746\X0\2\X2\6539\X0\A', '\X2\8fde6746\X0\2\X2\6539\X0\A', '', ( #1962 ) ) ;
#504 = CARTESIAN_POINT ( 'NONE',  ( -14.23320517302498800, 26.48327572065629809, 12.00000000000001066 ) ) ;
#505 = ORIENTED_EDGE ( 'NONE', *, *, #3037, .F. ) ;
#506 = AXIS2_PLACEMENT_3D ( 'NONE', #2503, #3505, #3460 ) ;
#507 = DIRECTION ( 'NONE',  ( -0.000000000000000000, -0.000000000000000000, -1.000000000000000000 ) ) ;
#508 = CARTESIAN_POINT ( 'NONE',  ( -11.99999999999999112, 106.9800000000000040, 4.000000000000003553 ) ) ;
#509 = CARTESIAN_POINT ( 'NONE',  ( 8.032265735583811406, -0.8442251475892393886, 12.00000000000000000 ) ) ;
#510 = ORIENTED_EDGE ( 'NONE', *, *, #964, .F. ) ;
#511 = DIRECTION ( 'NONE',  ( -0.000000000000000000, -0.000000000000000000, -1.000000000000000000 ) ) ;
#512 = ORIENTED_EDGE ( 'NONE', *, *, #1879, .F. ) ;
#513 = DIRECTION ( 'NONE',  ( 0.000000000000000000, 0.000000000000000000, -1.000000000000000000 ) ) ;
#514 = VECTOR ( 'NONE', #3423, 1000.000000000000000 ) ;
#515 = ORIENTED_EDGE ( 'NONE', *, *, #2015, .T. ) ;
#516 = ORIENTED_EDGE ( 'NONE', *, *, #2365, .T. ) ;
#517 = DIRECTION ( 'NONE',  ( -1.000000000000000000, 0.000000000000000000, 0.000000000000000000 ) ) ;
#518 = CARTESIAN_POINT ( 'NONE',  ( 1.139166452566868128E-14, 106.9800000000000040, 12.00000000000000000 ) ) ;
#519 = DIRECTION ( 'NONE',  ( -0.000000000000000000, -0.000000000000000000, -1.000000000000000000 ) ) ;
#520 = ORIENTED_EDGE ( 'NONE', *, *, #3072, .F. ) ;
#521 = PLANE ( 'NONE',  #1973 ) ;
#522 = CARTESIAN_POINT ( 'NONE',  ( 4.756463149324664741, 75.60323790134660271, 7.000000000000000000 ) ) ;
#523 = EDGE_CURVE ( 'NONE', #3024, #333, #2889, .T. ) ;
#524 = EDGE_LOOP ( 'NONE', ( #934, #1015, #2860, #1526 ) ) ;
#525 = EDGE_CURVE ( 'NONE', #2981, #3881, #433, .T. ) ;
#526 = ORIENTED_EDGE ( 'NONE', *, *, #3045, .F. ) ;
#527 = CARTESIAN_POINT ( 'NONE',  ( -8.488557290260139609, 46.27932272965659166, 12.00000000000000000 ) ) ;
#528 = CIRCLE ( 'NONE', #1395, 2.999999999999995559 ) ;
#529 = CARTESIAN_POINT ( 'NONE',  ( -5.828557004369135264, 58.63393183580883772, 30.00000000000000355 ) ) ;
#530 = DIRECTION ( 'NONE',  ( -0.000000000000000000, -0.000000000000000000, -1.000000000000000000 ) ) ;
#531 = VECTOR ( 'NONE', #3839, 1000.000000000000114 ) ;
#532 = ORIENTED_EDGE ( 'NONE', *, *, #143, .T. ) ;
#533 = DIRECTION ( 'NONE',  ( 1.000000000000000000, 0.000000000000000000, 0.000000000000000000 ) ) ;
#534 = CIRCLE ( 'NONE', #1076, 8.000000000000001776 ) ;
#535 = ORIENTED_EDGE ( 'NONE', *, *, #1948, .F. ) ;
#536 = DIRECTION ( 'NONE',  ( 0.000000000000000000, 0.000000000000000000, 1.000000000000000000 ) ) ;
#537 = ORIENTED_EDGE ( 'NONE', *, *, #3550, .T. ) ;
#538 = ORIENTED_EDGE ( 'NONE', *, *, #2653, .T. ) ;
#539 = DIRECTION ( 'NONE',  ( 0.02617694830787369378, -0.9996573249755572599, 0.000000000000000000 ) ) ;
#540 = FACE_BOUND ( 'NONE', #1355, .T. ) ;
#541 = CARTESIAN_POINT ( 'NONE',  ( -45.26273360375215304, 15.14469881168431442, -5.999999999999998224 ) ) ;
#542 = ORIENTED_EDGE ( 'NONE', *, *, #307, .F. ) ;
#543 = FACE_BOUND ( 'NONE', #2893, .T. ) ;
#544 = LINE ( 'NONE', #2420, #1132 ) ;
#545 = ORIENTED_EDGE ( 'NONE', *, *, #291, .T. ) ;
#546 = AXIS2_PLACEMENT_3D ( 'NONE', #3218, #1359, #2634 ) ;
#547 = EDGE_CURVE ( 'NONE', #1947, #2263, #2298, .T. ) ;
#548 = CARTESIAN_POINT ( 'NONE',  ( -15.03098279899319856, 99.03836565331984332, 36.95100124303210265 ) ) ;
#549 = AXIS2_PLACEMENT_3D ( 'NONE', #3002, #2938, #2687 ) ;
#550 = FACE_OUTER_BOUND ( 'NONE', #2810, .T. ) ;
#551 = LINE ( 'NONE', #2531, #3162 ) ;
#552 = EDGE_CURVE ( 'NONE', #2597, #2130, #1960, .T. ) ;
#553 = CARTESIAN_POINT ( 'NONE',  ( -18.09352681310194910, 61.14417856056093825, 12.00000000000000000 ) ) ;
#554 = ORIENTED_EDGE ( 'NONE', *, *, #2712, .T. ) ;
#555 = DIRECTION ( 'NONE',  ( 1.000000000000000000, 0.000000000000000000, 0.000000000000000000 ) ) ;
#556 = VECTOR ( 'NONE', #1920, 1000.000000000000000 ) ;
#557 = EDGE_LOOP ( 'NONE', ( #2327, #137 ) ) ;
#558 = ORIENTED_EDGE ( 'NONE', *, *, #1285, .T. ) ;
#559 = DIRECTION ( 'NONE',  ( 1.000000000000000000, 0.000000000000000000, 0.000000000000000000 ) ) ;
#560 = CARTESIAN_POINT ( 'NONE',  ( -33.62342488786801198, 182.2962089291795280, 0.000000000000000000 ) ) ;
#561 = DIRECTION ( 'NONE',  ( -0.9483236552062016544, 0.3173046564050854279, 0.000000000000000000 ) ) ;
#562 = ORIENTED_EDGE ( 'NONE', *, *, #552, .F. ) ;
#563 = FACE_BOUND ( 'NONE', #160, .T. ) ;
#564 = DIRECTION ( 'NONE',  ( 1.000000000000000000, 0.000000000000000000, 0.000000000000000000 ) ) ;
#565 = AXIS2_PLACEMENT_3D ( 'NONE', #824, #865, #3070 ) ;
#566 = ORIENTED_EDGE ( 'NONE', *, *, #2921, .F. ) ;
#567 = ADVANCED_FACE ( 'NONE', ( #998 ), #3534, .F. ) ;
#568 = AXIS2_PLACEMENT_3D ( 'NONE', #1001, #1685, #1368 ) ;
#569 = EDGE_CURVE ( 'NONE', #664, #2044, #1760, .T. ) ;
#570 = CIRCLE ( 'NONE', #1501, 4.000000000000003553 ) ;
#571 = VERTEX_POINT ( 'NONE', #687 ) ;
#572 = VECTOR ( 'NONE', #1854, 1000.000000000000000 ) ;
#573 = LINE ( 'NONE', #4071, #1890 ) ;
#574 = DIRECTION ( 'NONE',  ( -0.000000000000000000, -0.000000000000000000, -1.000000000000000000 ) ) ;
#575 = CIRCLE ( 'NONE', #3569, 12.00000000000000355 ) ;
#576 = CARTESIAN_POINT ( 'NONE',  ( -7.164176142698339689, 129.0092845977345917, 0.000000000000000000 ) ) ;
#577 = EDGE_CURVE ( 'NONE', #3491, #3968, #2096, .T. ) ;
#578 = ORIENTED_EDGE ( 'NONE', *, *, #1849, .T. ) ;
#579 = ORIENTED_EDGE ( 'NONE', *, *, #3250, .T. ) ;
#580 = CARTESIAN_POINT ( 'NONE',  ( -20.52482512233140000, 96.57627002127701132, 36.95100124303210265 ) ) ;
#581 = ORIENTED_EDGE ( 'NONE', *, *, #2518, .T. ) ;
#582 = FACE_OUTER_BOUND ( 'NONE', #269, .T. ) ;
#583 = EDGE_CURVE ( 'NONE', #611, #1182, #2160, .T. ) ;
#584 = ORIENTED_EDGE ( 'NONE', *, *, #1697, .F. ) ;
#585 = LINE ( 'NONE', #2789, #572 ) ;
#586 = AXIS2_PLACEMENT_3D ( 'NONE', #1305, #2581, #1367 ) ;
#587 = CARTESIAN_POINT ( 'NONE',  ( -7.824261193461405917, 152.2488607686540831, 12.00000000000000000 ) ) ;
#588 = CARTESIAN_POINT ( 'NONE',  ( 21.62110610229875718, 157.1452713121044269, 12.00000000000000000 ) ) ;
#589 = CARTESIAN_POINT ( 'NONE',  ( 20.26684457972138631, 232.1436452545566738, 0.000000000000000000 ) ) ;
#590 = VERTEX_POINT ( 'NONE', #1682 ) ;
#591 = ORIENTED_EDGE ( 'NONE', *, *, #1671, .F. ) ;
#592 = ORIENTED_EDGE ( 'NONE', *, *, #2921, .T. ) ;
#593 = DIRECTION ( 'NONE',  ( 1.000000000000000000, 0.000000000000000000, 0.000000000000000000 ) ) ;
#594 = ORIENTED_EDGE ( 'NONE', *, *, #1285, .F. ) ;
#595 = VECTOR ( 'NONE', #2223, 1000.000000000000000 ) ;
#596 = CARTESIAN_POINT ( 'NONE',  ( -35.77342488786806030, 182.2962089291795280, 12.00000000000000000 ) ) ;
#597 = DIRECTION ( 'NONE',  ( 1.000000000000000000, 0.000000000000000000, 0.000000000000000000 ) ) ;
#598 = FACE_OUTER_BOUND ( 'NONE', #3350, .T. ) ;
#599 = CARTESIAN_POINT ( 'NONE',  ( 34.29364525455669366, 179.7331554202786208, 0.000000000000000000 ) ) ;
#600 = ORIENTED_EDGE ( 'NONE', *, *, #1777, .T. ) ;
#601 = VECTOR ( 'NONE', #1759, 1000.000000000000000 ) ;
#602 = CARTESIAN_POINT ( 'NONE',  ( 8.032265735583861144, -0.8442251475892391666, 0.000000000000000000 ) ) ;
#603 = ORIENTED_EDGE ( 'NONE', *, *, #3230, .F. ) ;
#604 = VERTEX_POINT ( 'NONE', #1958 ) ;
#605 = EDGE_CURVE ( 'NONE', #1432, #1895, #2683, .T. ) ;
#606 = CARTESIAN_POINT ( 'NONE',  ( 0.000000000000000000, 0.000000000000000000, 12.00000000000000000 ) ) ;
#607 = LINE ( 'NONE', #1875, #3164 ) ;
#608 = EDGE_CURVE ( 'NONE', #1915, #273, #1419, .T. ) ;
#609 = DIRECTION ( 'NONE',  ( 0.9272643139175935634, 0.3744073879278219108, -0.000000000000000000 ) ) ;
#610 = CARTESIAN_POINT ( 'NONE',  ( 16.44958167964339069, 96.94699135031068238, 12.00000000000000000 ) ) ;
#611 = VERTEX_POINT ( 'NONE', #2639 ) ;
#612 = DIRECTION ( 'NONE',  ( 1.000000000000000000, 0.000000000000000000, 0.000000000000000000 ) ) ;
#613 = CARTESIAN_POINT ( 'NONE',  ( 46.12860222742850880, 177.3399145239144161, 40.28427124746161780 ) ) ;
#614 = CARTESIAN_POINT ( 'NONE',  ( 8.032265735583857591, -0.8442251475892398327, 12.00000000000000000 ) ) ;
#615 = CARTESIAN_POINT ( 'NONE',  ( 20.49678027800836588, 117.7477089539946178, 12.00000000000000000 ) ) ;
#616 = DIRECTION ( 'NONE',  ( 0.000000000000000000, -0.000000000000000000, -1.000000000000000000 ) ) ;
#617 = AXIS2_PLACEMENT_3D ( 'NONE', #1089, #675, #354 ) ;
#618 = CIRCLE ( 'NONE', #1342, 3.000000000000002665 ) ;
#619 = VECTOR ( 'NONE', #3455, 1000.000000000000000 ) ;
#620 = CARTESIAN_POINT ( 'NONE',  ( -21.49918820385034479, 38.32109201636676232, 12.00000000000000000 ) ) ;
#621 = ORIENTED_EDGE ( 'NONE', *, *, #3139, .F. ) ;
#622 = DIRECTION ( 'NONE',  ( -0.9135454576426061957, -0.4067366430757884954, -0.000000000000000000 ) ) ;
#623 = EDGE_LOOP ( 'NONE', ( #1466, #2579, #2926, #3899, #2577, #2208, #1965, #2329, #1812, #189, #3313, #1017 ) ) ;
#624 = ORIENTED_EDGE ( 'NONE', *, *, #1039, .T. ) ;
#625 = LINE ( 'NONE', #3140, #2370 ) ;
#626 = DIRECTION ( 'NONE',  ( -0.000000000000000000, -0.000000000000000000, 1.000000000000000000 ) ) ;
#627 = AXIS2_PLACEMENT_3D ( 'NONE', #2779, #3936, #235 ) ;
#628 = DIRECTION ( 'NONE',  ( -0.000000000000000000, -0.000000000000000000, -1.000000000000000000 ) ) ;
#629 = DIRECTION ( 'NONE',  ( 0.000000000000000000, -0.000000000000000000, -1.000000000000000000 ) ) ;
#630 = EDGE_CURVE ( 'NONE', #3189, #707, #3914, .T. ) ;
#631 = EDGE_LOOP ( 'NONE', ( #1556, #579, #954, #1362 ) ) ;
#632 = EDGE_CURVE ( 'NONE', #1471, #714, #92, .T. ) ;
#633 = AXIS2_PLACEMENT_3D ( 'NONE', #711, #2979, #1989 ) ;
#634 = EDGE_LOOP ( 'NONE', ( #3510, #362, #2176, #1614 ) ) ;
#635 = CARTESIAN_POINT ( 'NONE',  ( 8.000000000000014211, 106.9800000000000040, -26.87005768508879200 ) ) ;
#636 = ADVANCED_FACE ( 'NONE', ( #1635 ), #3554, .F. ) ;
#637 = ORIENTED_EDGE ( 'NONE', *, *, #2139, .F. ) ;
#638 = AXIS2_PLACEMENT_3D ( 'NONE', #2490, #2823, #3119 ) ;
#639 = DIRECTION ( 'NONE',  ( 0.000000000000000000, 0.000000000000000000, 1.000000000000000000 ) ) ;
#640 = VECTOR ( 'NONE', #3581, 1000.000000000000000 ) ;
#641 = CYLINDRICAL_SURFACE ( 'NONE', #4078, 3.000000000000000000 ) ;
#642 = FACE_OUTER_BOUND ( 'NONE', #206, .T. ) ;
#643 = AXIS2_PLACEMENT_3D ( 'NONE', #451, #3359, #1465 ) ;
#644 = VECTOR ( 'NONE', #957, 1000.000000000000000 ) ;
#645 = AXIS2_PLACEMENT_3D ( 'NONE', #3853, #2316, #51 ) ;
#646 = DIRECTION ( 'NONE',  ( -0.000000000000000000, 0.000000000000000000, 1.000000000000000000 ) ) ;
#647 = VERTEX_POINT ( 'NONE', #3870 ) ;
#648 = CYLINDRICAL_SURFACE ( 'NONE', #638, 2.999999999999999112 ) ;
#649 = ORIENTED_EDGE ( 'NONE', *, *, #3480, .T. ) ;
#650 = DIRECTION ( 'NONE',  ( 0.8724862616679766036, -0.4886386427623577999, -0.000000000000000000 ) ) ;
#651 = DIRECTION ( 'NONE',  ( 0.9569697088856485845, 0.2901878293025342836, 0.000000000000000000 ) ) ;
#652 = DIRECTION ( 'NONE',  ( -0.000000000000000000, -0.000000000000000000, -1.000000000000000000 ) ) ;
#653 = LINE ( 'NONE', #3126, #2228 ) ;
#654 = ORIENTED_EDGE ( 'NONE', *, *, #448, .F. ) ;
#655 = ORIENTED_EDGE ( 'NONE', *, *, #3919, .F. ) ;
#656 = EDGE_CURVE ( 'NONE', #3251, #2517, #426, .T. ) ;
#657 = CARTESIAN_POINT ( 'NONE',  ( -1.479779633311362197, 162.0293643494581488, 0.000000000000000000 ) ) ;
#658 = EDGE_CURVE ( 'NONE', #127, #3538, #2950, .T. ) ;
#659 = EDGE_CURVE ( 'NONE', #22, #1936, #2423, .T. ) ;
#660 = VECTOR ( 'NONE', #2165, 999.9999999999998863 ) ;
#661 = EDGE_CURVE ( 'NONE', #2882, #2596, #573, .T. ) ;
#662 = LINE ( 'NONE', #1603, #2366 ) ;
#663 = CARTESIAN_POINT ( 'NONE',  ( 49.12860222742839511, 177.3399145239144161, 40.28427124746161780 ) ) ;
#664 = VERTEX_POINT ( 'NONE', #2444 ) ;
#665 = CARTESIAN_POINT ( 'NONE',  ( 42.48251920655915370, 201.2188362746214523, 51.03101541156708265 ) ) ;
#666 = ORIENTED_EDGE ( 'NONE', *, *, #2429, .F. ) ;
#667 = ORIENTED_EDGE ( 'NONE', *, *, #448, .T. ) ;
#668 = VERTEX_POINT ( 'NONE', #1463 ) ;
#669 = DIRECTION ( 'NONE',  ( 0.000000000000000000, -0.000000000000000000, -1.000000000000000000 ) ) ;
#670 = CARTESIAN_POINT ( 'NONE',  ( -18.09352681310195265, 61.14417856056093825, 12.00000000000000000 ) ) ;
#671 = CIRCLE ( 'NONE', #2994, 4.000000000000002665 ) ;
#672 = CARTESIAN_POINT ( 'NONE',  ( -21.68557643954152425, 100.4041488568196172, 36.95100124303210265 ) ) ;
#673 = CARTESIAN_POINT ( 'NONE',  ( 35.77342488786800345, 217.7037910708205288, 0.000000000000000000 ) ) ;
#674 = ORIENTED_EDGE ( 'NONE', *, *, #28, .T. ) ;
#675 = DIRECTION ( 'NONE',  ( -0.000000000000000000, 0.000000000000000000, 1.000000000000000000 ) ) ;
#676 = DIRECTION ( 'NONE',  ( 0.000000000000000000, 0.000000000000000000, 1.000000000000000000 ) ) ;
#677 = ORIENTED_EDGE ( 'NONE', *, *, #1494, .F. ) ;
#678 = ORIENTED_EDGE ( 'NONE', *, *, #605, .T. ) ;
#679 = CARTESIAN_POINT ( 'NONE',  ( -4.178557004369134908, 58.63393183580883772, 7.000000000000000000 ) ) ;
#680 = EDGE_CURVE ( 'NONE', #432, #1125, #2227, .T. ) ;
#681 = DIRECTION ( 'NONE',  ( 1.000000000000000000, 0.000000000000000000, 0.000000000000000000 ) ) ;
#682 = EDGE_LOOP ( 'NONE', ( #1309, #1437, #3364, #788 ) ) ;
#683 = DIRECTION ( 'NONE',  ( -0.000000000000000000, 0.000000000000000000, 1.000000000000000000 ) ) ;
#684 = ORIENTED_EDGE ( 'NONE', *, *, #990, .T. ) ;
#685 = ORIENTED_EDGE ( 'NONE', *, *, #98, .F. ) ;
#686 = AXIS2_PLACEMENT_3D ( 'NONE', #4056, #3114, #2445 ) ;
#687 = CARTESIAN_POINT ( 'NONE',  ( 35.84233149615536007, 177.1619336869403583, 8.000000000000000000 ) ) ;
#688 = CARTESIAN_POINT ( 'NONE',  ( 4.756463149324664741, 75.60323790134660271, 7.000000000000000000 ) ) ;
#689 = CARTESIAN_POINT ( 'NONE',  ( -11.99999999999999112, 106.9800000000000040, 37.94112549695427816 ) ) ;
#690 = DIRECTION ( 'NONE',  ( 1.000000000000000000, 0.000000000000000000, 0.000000000000000000 ) ) ;
#691 = VECTOR ( 'NONE', #2818, 1000.000000000000000 ) ;
#692 = ORIENTED_EDGE ( 'NONE', *, *, #239, .F. ) ;
#693 = ORIENTED_EDGE ( 'NONE', *, *, #2159, .T. ) ;
#694 = CARTESIAN_POINT ( 'NONE',  ( 0.000000000000000000, 0.000000000000000000, 11.99999999999999645 ) ) ;
#695 = CARTESIAN_POINT ( 'NONE',  ( 33.62342488786795514, 217.7037910708205288, 12.00000000000000000 ) ) ;
#696 = AXIS2_PLACEMENT_3D ( 'NONE', #3245, #2580, #2617 ) ;
#697 = AXIS2_PLACEMENT_3D ( 'NONE', #3939, #1047, #74 ) ;
#698 = ORIENTED_EDGE ( 'NONE', *, *, #1061, .F. ) ;
#699 = CARTESIAN_POINT ( 'NONE',  ( 0.000000000000000000, 200.0000000000000000, -5.999999999999998224 ) ) ;
#700 = VECTOR ( 'NONE', #3867, 999.9999999999998863 ) ;
#701 = CARTESIAN_POINT ( 'NONE',  ( -0.6702203666887041056, 237.9706356505418796, 12.00000000000000000 ) ) ;
#702 = ORIENTED_EDGE ( 'NONE', *, *, #2238, .T. ) ;
#703 = CARTESIAN_POINT ( 'NONE',  ( 13.93638256392578256, 84.03001083808119631, 12.00000000000000000 ) ) ;
#704 = EDGE_LOOP ( 'NONE', ( #1704, #1941, #1446, #4112 ) ) ;
#705 = ADVANCED_FACE ( 'NONE', ( #4034 ), #2124, .F. ) ;
#706 = ORIENTED_EDGE ( 'NONE', *, *, #2111, .T. ) ;
#707 = VERTEX_POINT ( 'NONE', #2483 ) ;
#708 = CARTESIAN_POINT ( 'NONE',  ( 35.90508814616005395, 162.4274898839639150, 8.000000000000000000 ) ) ;
#709 = ADVANCED_FACE ( 'NONE', ( #1845 ), #3714, .F. ) ;
#710 = DIRECTION ( 'NONE',  ( -0.000000000000000000, -0.000000000000000000, -1.000000000000000000 ) ) ;
#711 = CARTESIAN_POINT ( 'NONE',  ( -16.83078164862297754, 1.768986434102107763, 44.10498422959205556 ) ) ;
#712 = EDGE_CURVE ( 'NONE', #2500, #1684, #3754, .T. ) ;
#713 = CIRCLE ( 'NONE', #2532, 3.000000000000000000 ) ;
#714 = VERTEX_POINT ( 'NONE', #3113 ) ;
#715 = ORIENTED_EDGE ( 'NONE', *, *, #826, .T. ) ;
#716 = ORIENTED_EDGE ( 'NONE', *, *, #2888, .T. ) ;
#717 = DIRECTION ( 'NONE',  ( 1.000000000000000000, 0.000000000000000000, 0.000000000000000000 ) ) ;
#718 = CARTESIAN_POINT ( 'NONE',  ( 18.53569108914271624, 115.2326213749040846, 35.87825762969472265 ) ) ;
#719 = CARTESIAN_POINT ( 'NONE',  ( 13.97147360531736382, 84.04915894620282302, 12.00000000000000000 ) ) ;
#720 = CIRCLE ( 'NONE', #37, 4.999999999999997335 ) ;
#721 = CARTESIAN_POINT ( 'NONE',  ( -5.828557004369135264, 58.63393183580883772, 0.000000000000000000 ) ) ;
#722 = CARTESIAN_POINT ( 'NONE',  ( -22.41684457972143107, 167.8563547454433547, 0.000000000000000000 ) ) ;
#723 = ORIENTED_EDGE ( 'NONE', *, *, #1795, .T. ) ;
#724 = LINE ( 'NONE', #3890, #700 ) ;
#725 = VERTEX_POINT ( 'NONE', #3048 ) ;
#726 = EDGE_CURVE ( 'NONE', #1718, #725, #1485, .T. ) ;
#727 = DIRECTION ( 'NONE',  ( -0.000000000000000000, -0.000000000000000000, 1.000000000000000000 ) ) ;
#728 = EDGE_CURVE ( 'NONE', #1040, #3491, #2143, .T. ) ;
#729 = CARTESIAN_POINT ( 'NONE',  ( -22.11237553209567608, 119.0008242124256128, 12.00000000000000000 ) ) ;
#730 = CARTESIAN_POINT ( 'NONE',  ( 22.41684457972143107, 232.1436452545566738, 0.000000000000000000 ) ) ;
#731 = CARTESIAN_POINT ( 'NONE',  ( 12.95153433670192200, 123.2256179207600297, -5.999999999999998224 ) ) ;
#732 = ORIENTED_EDGE ( 'NONE', *, *, #1829, .F. ) ;
#733 = EDGE_CURVE ( 'NONE', #3308, #405, #2181, .T. ) ;
#734 = ORIENTED_EDGE ( 'NONE', *, *, #394, .F. ) ;
#735 = ORIENTED_EDGE ( 'NONE', *, *, #239, .T. ) ;
#736 = DIRECTION ( 'NONE',  ( -0.000000000000000000, 0.000000000000000000, 1.000000000000000000 ) ) ;
#737 = ADVANCED_FACE ( 'NONE', ( #3695 ), #253, .F. ) ;
#738 = DIRECTION ( 'NONE',  ( -0.000000000000000000, -0.000000000000000000, -1.000000000000000000 ) ) ;
#739 = DIRECTION ( 'NONE',  ( -0.000000000000000000, -0.000000000000000000, -1.000000000000000000 ) ) ;
#740 = VECTOR ( 'NONE', #1904, 1000.000000000000114 ) ;
#741 = CARTESIAN_POINT ( 'NONE',  ( 0.000000000000000000, 200.0000000000000000, 12.00000000000000000 ) ) ;
#742 = VECTOR ( 'NONE', #3767, 1000.000000000000000 ) ;
#743 = EDGE_LOOP ( 'NONE', ( #755, #592, #1253, #3184, #3957, #3461, #2272, #244, #3548, #600, #2072, #2414 ) ) ;
#744 = EDGE_CURVE ( 'NONE', #3009, #2652, #84, .T. ) ;
#745 = DIRECTION ( 'NONE',  ( 0.000000000000000000, -0.000000000000000000, -1.000000000000000000 ) ) ;
#746 = EDGE_LOOP ( 'NONE', ( #3270, #481, #4087, #3891 ) ) ;
#747 = CARTESIAN_POINT ( 'NONE',  ( -24.52345442223362681, 96.47156222804549941, 36.95100124303210265 ) ) ;
#748 = ORIENTED_EDGE ( 'NONE', *, *, #726, .T. ) ;
#749 = CYLINDRICAL_SURFACE ( 'NONE', #1030, 3.000000000000001776 ) ;
#750 = DIRECTION ( 'NONE',  ( -0.000000000000000000, -0.000000000000000000, -1.000000000000000000 ) ) ;
#751 = LINE ( 'NONE', #730, #1700 ) ;
#752 = LINE ( 'NONE', #3897, #1353 ) ;
#753 = AXIS2_PLACEMENT_3D ( 'NONE', #853, #2395, #2684 ) ;
#754 = AXIS2_PLACEMENT_3D ( 'NONE', #2386, #3376, #767 ) ;
#755 = ORIENTED_EDGE ( 'NONE', *, *, #1993, .T. ) ;
#756 = ORIENTED_EDGE ( 'NONE', *, *, #1752, .T. ) ;
#757 = DIRECTION ( 'NONE',  ( 1.000000000000000000, 0.000000000000000000, 0.000000000000000000 ) ) ;
#758 = AXIS2_PLACEMENT_3D ( 'NONE', #422, #2960, #1397 ) ;
#759 = FACE_OUTER_BOUND ( 'NONE', #369, .T. ) ;
#760 = AXIS2_PLACEMENT_3D ( 'NONE', #475, #4065, #498 ) ;
#761 = CARTESIAN_POINT ( 'NONE',  ( -32.73402804639043495, 15.93776470399487977, 12.00000000000000000 ) ) ;
#762 = VERTEX_POINT ( 'NONE', #596 ) ;
#763 = CARTESIAN_POINT ( 'NONE',  ( -9.952399445716068271, 28.94533263397420697, 0.000000000000000000 ) ) ;
#764 = EDGE_CURVE ( 'NONE', #3668, #3629, #389, .T. ) ;
#765 = AXIS2_PLACEMENT_3D ( 'NONE', #2702, #1832, #4015 ) ;
#766 = AXIS2_PLACEMENT_3D ( 'NONE', #589, #2808, #4128 ) ;
#767 = DIRECTION ( 'NONE',  ( 1.000000000000000000, 0.000000000000000000, 0.000000000000000000 ) ) ;
#768 = ORIENTED_EDGE ( 'NONE', *, *, #630, .F. ) ;
#769 = CARTESIAN_POINT ( 'NONE',  ( 21.62110610229875718, 157.1452713121044269, 12.00000000000000000 ) ) ;
#770 = EDGE_LOOP ( 'NONE', ( #2956, #3467, #706, #1576 ) ) ;
#771 = DIRECTION ( 'NONE',  ( 0.000000000000000000, -0.000000000000000000, -1.000000000000000000 ) ) ;
#772 = AXIS2_PLACEMENT_3D ( 'NONE', #2636, #3848, #2973 ) ;
#773 = CARTESIAN_POINT ( 'NONE',  ( 18.11684457972134510, 232.1436452545566738, 12.00000000000000000 ) ) ;
#774 = LINE ( 'NONE', #2641, #3026 ) ;
#775 = CARTESIAN_POINT ( 'NONE',  ( -15.55379107082044676, 233.6234248878680546, 0.000000000000000000 ) ) ;
#776 = AXIS2_PLACEMENT_3D ( 'NONE', #721, #3966, #2040 ) ;
#777 = ORIENTED_EDGE ( 'NONE', *, *, #1692, .T. ) ;
#778 = ORIENTED_EDGE ( 'NONE', *, *, #25, .F. ) ;
#779 = VECTOR ( 'NONE', #650, 1000.000000000000000 ) ;
#780 = DIRECTION ( 'NONE',  ( 0.000000000000000000, 0.000000000000000000, -1.000000000000000000 ) ) ;
#781 = FACE_OUTER_BOUND ( 'NONE', #4043, .T. ) ;
#782 = CARTESIAN_POINT ( 'NONE',  ( -31.47342488786796721, 182.2962089291795280, 0.000000000000000000 ) ) ;
#783 = VERTEX_POINT ( 'NONE', #844 ) ;
#784 = DIRECTION ( 'NONE',  ( 1.000000000000000000, 0.000000000000000000, 0.000000000000000000 ) ) ;
#785 = EDGE_CURVE ( 'NONE', #2703, #3926, #3986, .T. ) ;
#786 = MECHANICAL_DESIGN_GEOMETRIC_PRESENTATION_REPRESENTATION (  '', ( #2186 ), #1117 ) ;
#787 = CARTESIAN_POINT ( 'NONE',  ( 34.33060230627389586, 172.8335556577205523, 0.000000000000000000 ) ) ;
#788 = ORIENTED_EDGE ( 'NONE', *, *, #140, .F. ) ;
#789 = DIRECTION ( 'NONE',  ( 1.000000000000000000, 0.000000000000000000, 0.000000000000000000 ) ) ;
#790 = DIRECTION ( 'NONE',  ( 0.000000000000000000, 0.000000000000000000, -1.000000000000000000 ) ) ;
#791 = CARTESIAN_POINT ( 'NONE',  ( -4.319205177079739499, 128.0573706285193225, -5.999999999999998224 ) ) ;
#792 = ORIENTED_EDGE ( 'NONE', *, *, #764, .F. ) ;
#793 = VECTOR ( 'NONE', #2862, 1000.000000000000000 ) ;
#794 = VERTEX_POINT ( 'NONE', #527 ) ;
#795 = VERTEX_POINT ( 'NONE', #3415 ) ;
#796 = CARTESIAN_POINT ( 'NONE',  ( 1.139166452566868128E-14, 106.9800000000000040, 37.94112549695427816 ) ) ;
#797 = DIRECTION ( 'NONE',  ( 1.000000000000000000, 0.000000000000000000, 0.000000000000000000 ) ) ;
#798 = CARTESIAN_POINT ( 'NONE',  ( 11.75987109587911483, 82.02213789543732503, 34.28877117602144153 ) ) ;
#799 = EDGE_LOOP ( 'NONE', ( #1469, #3190 ) ) ;
#800 = CYLINDRICAL_SURFACE ( 'NONE', #2629, 10.00000000000000178 ) ;
#801 = CARTESIAN_POINT ( 'NONE',  ( 15.98844089853004569, -1.680452853730469487, 12.00000000000000000 ) ) ;
#802 = CIRCLE ( 'NONE', #2592, 1.649999999999999467 ) ;
#803 = ORIENTED_EDGE ( 'NONE', *, *, #733, .F. ) ;
#804 = EDGE_CURVE ( 'NONE', #2337, #3282, #1783, .T. ) ;
#805 = DIRECTION ( 'NONE',  ( -1.000000000000000000, 0.000000000000000000, 0.000000000000000000 ) ) ;
#806 = VERTEX_POINT ( 'NONE', #1804 ) ;
#807 = FACE_OUTER_BOUND ( 'NONE', #860, .T. ) ;
#808 = EDGE_CURVE ( 'NONE', #1099, #3013, #296, .T. ) ;
#809 = EDGE_CURVE ( 'NONE', #3984, #458, #360, .T. ) ;
#810 = VERTEX_POINT ( 'NONE', #2816 ) ;
#811 = DIRECTION ( 'NONE',  ( 0.000000000000000000, 0.000000000000000000, 1.000000000000000000 ) ) ;
#812 = CARTESIAN_POINT ( 'NONE',  ( -10.77357109372907651, 61.04159370077901059, 0.000000000000000000 ) ) ;
#813 = EDGE_CURVE ( 'NONE', #725, #2535, #274, .T. ) ;
#814 = EDGE_LOOP ( 'NONE', ( #3293, #3560, #2906, #199, #848, #159 ) ) ;
#815 = ORIENTED_EDGE ( 'NONE', *, *, #86, .T. ) ;
#816 = FACE_OUTER_BOUND ( 'NONE', #2372, .T. ) ;
#817 = DIRECTION ( 'NONE',  ( -0.000000000000000000, -0.000000000000000000, 1.000000000000000000 ) ) ;
#818 = CYLINDRICAL_SURFACE ( 'NONE', #965, 2.999999999999884537 ) ;
#819 = AXIS2_PLACEMENT_3D ( 'NONE', #2593, #1014, #3238 ) ;
#820 = FACE_BOUND ( 'NONE', #3374, .T. ) ;
#821 = FACE_OUTER_BOUND ( 'NONE', #930, .T. ) ;
#822 = VERTEX_POINT ( 'NONE', #1626 ) ;
#823 = CARTESIAN_POINT ( 'NONE',  ( 4.756463149324664741, 75.60323790134660271, 7.000000000000000000 ) ) ;
#824 = CARTESIAN_POINT ( 'NONE',  ( 47.55784597599239305, 77.97328789447568909, 34.28877117602144153 ) ) ;
#825 = VECTOR ( 'NONE', #536, 1000.000000000000000 ) ;
#826 = EDGE_CURVE ( 'NONE', #3926, #4014, #4095, .T. ) ;
#827 = PLANE ( 'NONE',  #3112 ) ;
#828 = VERTEX_POINT ( 'NONE', #1572 ) ;
#829 = CARTESIAN_POINT ( 'NONE',  ( -9.952399445716068271, 28.94533263397420697, 11.99999999999999645 ) ) ;
#830 = ORIENTED_EDGE ( 'NONE', *, *, #990, .F. ) ;
#831 = ORIENTED_EDGE ( 'NONE', *, *, #3605, .F. ) ;
#832 = EDGE_CURVE ( 'NONE', #2500, #3063, #3798, .T. ) ;
#833 = AXIS2_PLACEMENT_3D ( 'NONE', #1893, #2536, #2209 ) ;
#834 = DIRECTION ( 'NONE',  ( -0.000000000000000000, -0.000000000000000000, -1.000000000000000000 ) ) ;
#835 = CIRCLE ( 'NONE', #4030, 2.150000000000040767 ) ;
#836 = FACE_OUTER_BOUND ( 'NONE', #3997, .T. ) ;
#837 = EDGE_CURVE ( 'NONE', #1936, #1451, #2587, .T. ) ;
#838 = FACE_OUTER_BOUND ( 'NONE', #2442, .T. ) ;
#839 = CIRCLE ( 'NONE', #1041, 2.999999999999999112 ) ;
#840 = AXIS2_PLACEMENT_3D ( 'NONE', #2351, #391, #3916 ) ;
#841 = FACE_BOUND ( 'NONE', #1010, .T. ) ;
#842 = FACE_OUTER_BOUND ( 'NONE', #459, .T. ) ;
#843 = ORIENTED_EDGE ( 'NONE', *, *, #3577, .T. ) ;
#844 = CARTESIAN_POINT ( 'NONE',  ( -15.75442617776365317, 50.81158635383113875, 6.999999999999999112 ) ) ;
#845 = CYLINDRICAL_SURFACE ( 'NONE', #3946, 2.150000000000038547 ) ;
#846 = DIRECTION ( 'NONE',  ( 0.000000000000000000, 0.000000000000000000, 1.000000000000000000 ) ) ;
#847 = DIRECTION ( 'NONE',  ( -1.000000000000000000, 0.000000000000000000, 0.000000000000000000 ) ) ;
#848 = ORIENTED_EDGE ( 'NONE', *, *, #3043, .F. ) ;
#849 = DIRECTION ( 'NONE',  ( 1.000000000000000000, 0.000000000000000000, 0.000000000000000000 ) ) ;
#850 = AXIS2_PLACEMENT_3D ( 'NONE', #3135, #1891, #1515 ) ;
#851 = VERTEX_POINT ( 'NONE', #3821 ) ;
#852 = EDGE_LOOP ( 'NONE', ( #1922, #3373, #332, #2292 ) ) ;
#853 = CARTESIAN_POINT ( 'NONE',  ( 0.000000000000000000, 200.0000000000000000, 12.00000000000000000 ) ) ;
#854 = FACE_BOUND ( 'NONE', #1181, .T. ) ;
#855 = CARTESIAN_POINT ( 'NONE',  ( 1.479779633311334441, 237.9706356505418796, 0.000000000000000000 ) ) ;
#856 = EDGE_CURVE ( 'NONE', #571, #3436, #1315, .T. ) ;
#857 = ORIENTED_EDGE ( 'NONE', *, *, #785, .T. ) ;
#858 = FACE_BOUND ( 'NONE', #2964, .T. ) ;
#859 = CARTESIAN_POINT ( 'NONE',  ( 0.000000000000000000, 200.0000000000000000, 11.99999999999999645 ) ) ;
#860 = EDGE_LOOP ( 'NONE', ( #2744, #3908, #2290, #510 ) ) ;
#861 = CARTESIAN_POINT ( 'NONE',  ( 12.59706829745191570, 96.32336496311654628, 34.28877117602144153 ) ) ;
#862 = CIRCLE ( 'NONE', #3523, 2.999999999999999112 ) ;
#863 = AXIS2_PLACEMENT_3D ( 'NONE', #1644, #2625, #1623 ) ;
#864 = DIRECTION ( 'NONE',  ( 1.000000000000000000, 0.000000000000000000, 0.000000000000000000 ) ) ;
#865 = DIRECTION ( 'NONE',  ( -0.5207124427031023517, -0.8537321313000749701, 0.000000000000000000 ) ) ;
#866 = CIRCLE ( 'NONE', #259, 10.00000000000000178 ) ;
#867 = CYLINDRICAL_SURFACE ( 'NONE', #3370, 4.000000000000000000 ) ;
#868 = AXIS2_PLACEMENT_3D ( 'NONE', #309, #266, #1580 ) ;
#869 = EDGE_LOOP ( 'NONE', ( #2189, #3658, #1889, #515, #777, #3864, #3931, #1339, #353, #2520 ) ) ;
#870 = DIRECTION ( 'NONE',  ( 1.000000000000000000, 0.000000000000000000, 0.000000000000000000 ) ) ;
#871 = ORIENTED_EDGE ( 'NONE', *, *, #3618, .F. ) ;
#872 = EDGE_LOOP ( 'NONE', ( #678, #1651 ) ) ;
#873 = CARTESIAN_POINT ( 'NONE',  ( -40.12063565054192793, 201.4797796333113240, 0.000000000000000000 ) ) ;
#874 = DIRECTION ( 'NONE',  ( 1.000000000000000000, 0.000000000000000000, 0.000000000000000000 ) ) ;
#875 = CARTESIAN_POINT ( 'NONE',  ( -21.49918820385034479, 38.32109201636676232, 5.000000000000000000 ) ) ;
#876 = ORIENTED_EDGE ( 'NONE', *, *, #4020, .F. ) ;
#877 = CARTESIAN_POINT ( 'NONE',  ( 44.27582125995662921, 171.7882710250439970, -2.000000000000000000 ) ) ;
#878 = CARTESIAN_POINT ( 'NONE',  ( 3.506936097804212338, 155.1368592360508387, -5.999999999999998224 ) ) ;
#879 = VERTEX_POINT ( 'NONE', #3152 ) ;
#880 = VECTOR ( 'NONE', #4007, 1000.000000000000000 ) ;
#881 = EDGE_CURVE ( 'NONE', #611, #1611, #2572, .T. ) ;
#882 = DIRECTION ( 'NONE',  ( -0.000000000000000000, -0.000000000000000000, -1.000000000000000000 ) ) ;
#883 = CIRCLE ( 'NONE', #1090, 9.500000000000001776 ) ;
#884 = CYLINDRICAL_SURFACE ( 'NONE', #211, 2.150000000000040767 ) ;
#885 = EDGE_CURVE ( 'NONE', #2319, #3882, #2529, .T. ) ;
#886 = DIRECTION ( 'NONE',  ( -0.000000000000000000, 0.000000000000000000, 1.000000000000000000 ) ) ;
#887 = UNCERTAINTY_MEASURE_WITH_UNIT (LENGTH_MEASURE( 1.000000000000000082E-05 ), #1120, 'distance_accuracy_value', 'NONE');
#888 = DIRECTION ( 'NONE',  ( -1.000000000000000000, 0.000000000000000000, 0.000000000000000000 ) ) ;
#889 = VERTEX_POINT ( 'NONE', #3212 ) ;
#890 = DIRECTION ( 'NONE',  ( -0.000000000000000000, -0.000000000000000000, 1.000000000000000000 ) ) ;
#891 = AXIS2_PLACEMENT_3D ( 'NONE', #2002, #3287, #3601 ) ;
#892 = CIRCLE ( 'NONE', #3953, 4.000000000000002665 ) ;
#893 = ORIENTED_EDGE ( 'NONE', *, *, #2668, .F. ) ;
#894 = DIRECTION ( 'NONE',  ( 0.000000000000000000, 0.000000000000000000, -1.000000000000000000 ) ) ;
#895 = CARTESIAN_POINT ( 'NONE',  ( -24.52482512233140000, 96.57627002127701132, 36.95100124303210265 ) ) ;
#896 = CARTESIAN_POINT ( 'NONE',  ( 46.12860222742850880, 177.3399145239144161, 40.28427124746161780 ) ) ;
#897 = EDGE_LOOP ( 'NONE', ( #830, #3972, #2727, #649 ) ) ;
#898 = DIRECTION ( 'NONE',  ( 1.000000000000000000, 0.000000000000000000, 0.000000000000000000 ) ) ;
#899 = DIRECTION ( 'NONE',  ( 1.000000000000000000, 0.000000000000000000, 0.000000000000000000 ) ) ;
#900 = AXIS2_PLACEMENT_3D ( 'NONE', #912, #342, #2255 ) ;
#901 = AXIS2_PLACEMENT_3D ( 'NONE', #1988, #52, #95 ) ;
#902 = VECTOR ( 'NONE', #1114, 1000.000000000000000 ) ;
#903 = EDGE_CURVE ( 'NONE', #2557, #714, #3525, .T. ) ;
#904 = DIRECTION ( 'NONE',  ( -0.000000000000000000, 0.000000000000000000, 1.000000000000000000 ) ) ;
#905 = DIRECTION ( 'NONE',  ( -1.000000000000000000, 0.000000000000000000, 0.000000000000000000 ) ) ;
#906 = CIRCLE ( 'NONE', #1236, 2.150000000000047873 ) ;
#907 = DIRECTION ( 'NONE',  ( -0.000000000000000000, -0.000000000000000000, 1.000000000000000000 ) ) ;
#908 = EDGE_CURVE ( 'NONE', #2986, #3857, #1450, .T. ) ;
#909 = EDGE_CURVE ( 'NONE', #3926, #2703, #3779, .T. ) ;
#910 = CARTESIAN_POINT ( 'NONE',  ( -21.19646861622849343, 39.63436212453230922, 7.000000000000000000 ) ) ;
#911 = ORIENTED_EDGE ( 'NONE', *, *, #1233, .T. ) ;
#912 = CARTESIAN_POINT ( 'NONE',  ( -17.70379107082048620, 233.6234248878680546, 12.00000000000000000 ) ) ;
#913 = ORIENTED_EDGE ( 'NONE', *, *, #1795, .F. ) ;
#914 = CARTESIAN_POINT ( 'NONE',  ( 9.423022317347543364, 72.69235735908080187, -0.000000000000000000 ) ) ;
#915 = LINE ( 'NONE', #3811, #3059 ) ;
#916 = CARTESIAN_POINT ( 'NONE',  ( -29.01999999999999957, 200.0000000000000000, 11.99999999999999645 ) ) ;
#917 = LINE ( 'NONE', #2237, #556 ) ;
#918 = VERTEX_POINT ( 'NONE', #1294 ) ;
#919 = CARTESIAN_POINT ( 'NONE',  ( 8.032265735583862920, -0.8442251475892392776, -5.999999999999998224 ) ) ;
#920 = DIRECTION ( 'NONE',  ( -0.1045284632676537068, -0.9945218953682732899, 0.000000000000000000 ) ) ;
#921 = EDGE_LOOP ( 'NONE', ( #3979, #2469, #408, #677 ) ) ;
#922 = AXIS2_PLACEMENT_3D ( 'NONE', #3843, #639, #1587 ) ;
#923 = CARTESIAN_POINT ( 'NONE',  ( 44.27582125995662921, 171.7882710250439970, 8.000000000000000000 ) ) ;
#924 = CYLINDRICAL_SURFACE ( 'NONE', #2475, 17.51042670715673566 ) ;
#925 = ADVANCED_FACE ( 'NONE', ( #2284 ), #3175, .F. ) ;
#926 = DIRECTION ( 'NONE',  ( -1.000000000000000000, 0.000000000000000000, 0.000000000000000000 ) ) ;
#927 = ORIENTED_EDGE ( 'NONE', *, *, #424, .F. ) ;
#928 = EDGE_CURVE ( 'NONE', #1018, #379, #49, .T. ) ;
#929 = DIRECTION ( 'NONE',  ( 1.000000000000000000, 0.000000000000000000, 0.000000000000000000 ) ) ;
#930 = EDGE_LOOP ( 'NONE', ( #1738, #2267, #538, #209 ) ) ;
#931 = AXIS2_PLACEMENT_3D ( 'NONE', #65, #1481, #1780 ) ;
#932 = DIRECTION ( 'NONE',  ( -0.000000000000000000, 0.000000000000000000, 1.000000000000000000 ) ) ;
#933 = ORIENTED_EDGE ( 'NONE', *, *, #3861, .T. ) ;
#934 = ORIENTED_EDGE ( 'NONE', *, *, #809, .T. ) ;
#935 = ORIENTED_EDGE ( 'NONE', *, *, #2242, .F. ) ;
#936 = VECTOR ( 'NONE', #284, 1000.000000000000000 ) ;
#937 = CARTESIAN_POINT ( 'NONE',  ( -25.11134750702234797, 118.9222933675019789, 0.000000000000000000 ) ) ;
#938 = EDGE_CURVE ( 'NONE', #3251, #1099, #2042, .T. ) ;
#939 = DIRECTION ( 'NONE',  ( -0.02617694830787359317, 0.9996573249755573709, 0.000000000000000000 ) ) ;
#940 = CARTESIAN_POINT ( 'NONE',  ( -18.11684457972134510, 167.8563547454433547, 12.00000000000000000 ) ) ;
#941 = CARTESIAN_POINT ( 'NONE',  ( 49.12860222742804694, 177.3399145239144161, 8.000000000000000000 ) ) ;
#942 = VERTEX_POINT ( 'NONE', #2251 ) ;
#943 = FACE_OUTER_BOUND ( 'NONE', #2838, .T. ) ;
#944 = CARTESIAN_POINT ( 'NONE',  ( 1.139166452566868128E-14, 106.9800000000000040, 12.00000000000000000 ) ) ;
#945 = ORIENTED_EDGE ( 'NONE', *, *, #3258, .T. ) ;
#946 = ORIENTED_EDGE ( 'NONE', *, *, #1879, .T. ) ;
#947 = DIRECTION ( 'NONE',  ( 0.000000000000000000, 0.000000000000000000, -1.000000000000000000 ) ) ;
#948 = CARTESIAN_POINT ( 'NONE',  ( -14.25511759155189573, 26.06516186758568310, 0.000000000000000000 ) ) ;
#949 = LINE ( 'NONE', #2464, #4100 ) ;
#950 = CIRCLE ( 'NONE', #3806, 2.999999999999997335 ) ;
#951 = VECTOR ( 'NONE', #3801, 1000.000000000000114 ) ;
#952 = AXIS2_PLACEMENT_3D ( 'NONE', #855, #2792, #3107 ) ;
#953 = CARTESIAN_POINT ( 'NONE',  ( -21.98218442151411978, -0.5756237571811858578, 12.00000000000000000 ) ) ;
#954 = ORIENTED_EDGE ( 'NONE', *, *, #4020, .T. ) ;
#955 = DIRECTION ( 'NONE',  ( -1.000000000000000000, 0.000000000000000000, 0.000000000000000000 ) ) ;
#956 = ORIENTED_EDGE ( 'NONE', *, *, #809, .F. ) ;
#957 = DIRECTION ( 'NONE',  ( -0.000000000000000000, -0.000000000000000000, -1.000000000000000000 ) ) ;
#958 = CARTESIAN_POINT ( 'NONE',  ( 1.139166452566868128E-14, 106.9800000000000040, 12.00000000000000000 ) ) ;
#959 = VECTOR ( 'NONE', #1366, 1000.000000000000000 ) ;
#960 = VECTOR ( 'NONE', #2390, 1000.000000000000000 ) ;
#961 = CARTESIAN_POINT ( 'NONE',  ( 0.000000000000000000, 200.0000000000000000, 12.00000000000000000 ) ) ;
#962 = DIRECTION ( 'NONE',  ( -0.000000000000000000, -0.000000000000000000, -1.000000000000000000 ) ) ;
#963 = ORIENTED_EDGE ( 'NONE', *, *, #2324, .T. ) ;
#964 = EDGE_CURVE ( 'NONE', #879, #1718, #662, .T. ) ;
#965 = AXIS2_PLACEMENT_3D ( 'NONE', #896, #1502, #3671 ) ;
#966 = ORIENTED_EDGE ( 'NONE', *, *, #3419, .T. ) ;
#967 = CARTESIAN_POINT ( 'NONE',  ( -10.25511759155189218, 26.06516186758568310, 0.000000000000000000 ) ) ;
#968 = ORIENTED_EDGE ( 'NONE', *, *, #525, .T. ) ;
#969 = VERTEX_POINT ( 'NONE', #2269 ) ;
#970 = CIRCLE ( 'NONE', #833, 3.000000000000000000 ) ;
#971 = DIRECTION ( 'NONE',  ( 0.000000000000000000, -0.000000000000000000, -1.000000000000000000 ) ) ;
#972 = AXIS2_PLACEMENT_3D ( 'NONE', #3768, #1267, #285 ) ;
#973 = AXIS2_PLACEMENT_3D ( 'NONE', #699, #3132, #784 ) ;
#974 = AXIS2_PLACEMENT_3D ( 'NONE', #2724, #460, #3105 ) ;
#975 = AXIS2_PLACEMENT_3D ( 'NONE', #688, #2952, #1636 ) ;
#976 = VECTOR ( 'NONE', #122, 1000.000000000000000 ) ;
#977 = DIRECTION ( 'NONE',  ( -0.000000000000000000, -0.000000000000000000, -1.000000000000000000 ) ) ;
#978 = VERTEX_POINT ( 'NONE', #679 ) ;
#979 = CARTESIAN_POINT ( 'NONE',  ( -36.03323576943832762, 177.4643411459955189, 12.00000000000000000 ) ) ;
#980 = ORIENTED_EDGE ( 'NONE', *, *, #397, .F. ) ;
#981 = DIRECTION ( 'NONE',  ( 1.000000000000000000, 0.000000000000000000, 0.000000000000000000 ) ) ;
#982 = CARTESIAN_POINT ( 'NONE',  ( 8.852164071660350686, 60.16334194481437692, 12.00000000000000000 ) ) ;
#983 = DIRECTION ( 'NONE',  ( 0.000000000000000000, -0.000000000000000000, -1.000000000000000000 ) ) ;
#984 = DIRECTION ( 'NONE',  ( 0.000000000000000000, -0.000000000000000000, -1.000000000000000000 ) ) ;
#985 = EDGE_LOOP ( 'NONE', ( #3268, #1927, #685, #3940, #2158, #621, #4084, #1455, #748 ) ) ;
#986 = ADVANCED_FACE ( 'NONE', ( #1008 ), #3545, .T. ) ;
#987 = AXIS2_PLACEMENT_3D ( 'NONE', #3698, #2127, #533 ) ;
#988 = DIRECTION ( 'NONE',  ( -0.9135454576426061957, -0.4067366430757884399, 0.000000000000000000 ) ) ;
#989 = DIRECTION ( 'NONE',  ( 0.000000000000000000, 0.000000000000000000, -1.000000000000000000 ) ) ;
#990 = EDGE_CURVE ( 'NONE', #664, #1243, #1054, .T. ) ;
#991 = ORIENTED_EDGE ( 'NONE', *, *, #964, .T. ) ;
#992 = DIRECTION ( 'NONE',  ( 0.000000000000000000, 0.000000000000000000, 1.000000000000000000 ) ) ;
#993 = DIRECTION ( 'NONE',  ( -0.000000000000000000, -0.000000000000000000, 1.000000000000000000 ) ) ;
#994 = ORIENTED_EDGE ( 'NONE', *, *, #764, .T. ) ;
#995 = DIRECTION ( 'NONE',  ( -0.000000000000000000, 0.000000000000000000, 1.000000000000000000 ) ) ;
#996 = ORIENTED_EDGE ( 'NONE', *, *, #808, .F. ) ;
#997 = ORIENTED_EDGE ( 'NONE', *, *, #3452, .F. ) ;
#998 = FACE_OUTER_BOUND ( 'NONE', #1278, .T. ) ;
#999 = ORIENTED_EDGE ( 'NONE', *, *, #2942, .F. ) ;
#1000 = LINE ( 'NONE', #435, #1364 ) ;
#1001 = CARTESIAN_POINT ( 'NONE',  ( 0.000000000000000000, 200.0000000000000000, 95.43860017999652712 ) ) ;
#1002 = DIRECTION ( 'NONE',  ( -0.9996573249755573709, -0.02617694830787359317, 0.000000000000000000 ) ) ;
#1003 = VERTEX_POINT ( 'NONE', #2609 ) ;
#1004 = LINE ( 'NONE', #2604, #1931 ) ;
#1005 = DIRECTION ( 'NONE',  ( -0.000000000000000000, -0.000000000000000000, -1.000000000000000000 ) ) ;
#1006 = VERTEX_POINT ( 'NONE', #126 ) ;
#1007 = EDGE_CURVE ( 'NONE', #2044, #664, #2696, .T. ) ;
#1008 = FACE_OUTER_BOUND ( 'NONE', #4124, .T. ) ;
#1009 = EDGE_CURVE ( 'NONE', #1173, #3613, #3947, .T. ) ;
#1010 = EDGE_LOOP ( 'NONE', ( #1537, #2505 ) ) ;
#1011 = ADVANCED_FACE ( 'NONE', ( #3005 ), #1739, .T. ) ;
#1012 = ADVANCED_FACE ( 'NONE', ( #3317 ), #1650, .T. ) ;
#1013 = EDGE_CURVE ( 'NONE', #3613, #3172, #3234, .T. ) ;
#1014 = DIRECTION ( 'NONE',  ( -0.000000000000000000, 0.000000000000000000, 1.000000000000000000 ) ) ;
#1015 = ORIENTED_EDGE ( 'NONE', *, *, #185, .F. ) ;
#1016 = DIRECTION ( 'NONE',  ( -0.000000000000000000, -0.000000000000000000, -1.000000000000000000 ) ) ;
#1017 = ORIENTED_EDGE ( 'NONE', *, *, #190, .T. ) ;
#1018 = VERTEX_POINT ( 'NONE', #2943 ) ;
#1019 = CIRCLE ( 'NONE', #546, 2.150000000000047873 ) ;
#1020 = DIRECTION ( 'NONE',  ( -1.000000000000000000, 0.000000000000000000, 0.000000000000000000 ) ) ;
#1021 = DIRECTION ( 'NONE',  ( 1.000000000000000000, 0.000000000000000000, 0.000000000000000000 ) ) ;
#1022 =( LENGTH_UNIT ( ) NAMED_UNIT ( * ) SI_UNIT ( .MILLI., .METRE. ) );
#1023 = CARTESIAN_POINT ( 'NONE',  ( 3.740731837657827352, 152.1459831851208833, 12.00000000000000000 ) ) ;
#1024 = ORIENTED_EDGE ( 'NONE', *, *, #3014, .T. ) ;
#1025 = ORIENTED_EDGE ( 'NONE', *, *, #4016, .F. ) ;
#1026 = EDGE_LOOP ( 'NONE', ( #4054, #1677, #3442, #4091 ) ) ;
#1027 = FACE_OUTER_BOUND ( 'NONE', #1472, .T. ) ;
#1028 = DIRECTION ( 'NONE',  ( 1.000000000000000000, 0.000000000000000000, 0.000000000000000000 ) ) ;
#1029 = DIRECTION ( 'NONE',  ( 0.000000000000000000, -0.000000000000000000, -1.000000000000000000 ) ) ;
#1030 = AXIS2_PLACEMENT_3D ( 'NONE', #1062, #50, #3893 ) ;
#1031 = CIRCLE ( 'NONE', #3486, 2.150000000000047873 ) ;
#1032 = EDGE_CURVE ( 'NONE', #3219, #2847, #3259, .T. ) ;
#1033 = ORIENTED_EDGE ( 'NONE', *, *, #1205, .T. ) ;
#1034 = DIRECTION ( 'NONE',  ( 1.000000000000000000, 0.000000000000000000, 0.000000000000000000 ) ) ;
#1035 = CIRCLE ( 'NONE', #434, 2.999999999999884537 ) ;
#1036 = CARTESIAN_POINT ( 'NONE',  ( -4.632790566882706962, 125.0738049424144833, 12.00000000000000000 ) ) ;
#1037 = ORIENTED_EDGE ( 'NONE', *, *, #2249, .T. ) ;
#1038 = DIRECTION ( 'NONE',  ( 1.000000000000000000, 0.000000000000000000, 0.000000000000000000 ) ) ;
#1039 = EDGE_CURVE ( 'NONE', #3031, #2105, #570, .T. ) ;
#1040 = VERTEX_POINT ( 'NONE', #107 ) ;
#1041 = AXIS2_PLACEMENT_3D ( 'NONE', #3800, #1257, #3441 ) ;
#1042 = CIRCLE ( 'NONE', #3499, 2.150000000000044320 ) ;
#1043 = EDGE_CURVE ( 'NONE', #1722, #2010, #3278, .T. ) ;
#1044 = FACE_OUTER_BOUND ( 'NONE', #2665, .T. ) ;
#1045 = LINE ( 'NONE', #3288, #1907 ) ;
#1046 = DIRECTION ( 'NONE',  ( -0.000000000000000000, 0.000000000000000000, 1.000000000000000000 ) ) ;
#1047 = DIRECTION ( 'NONE',  ( -0.000000000000000000, 0.000000000000000000, 1.000000000000000000 ) ) ;
#1048 = VECTOR ( 'NONE', #1691, 1000.000000000000000 ) ;
#1049 = ORIENTED_EDGE ( 'NONE', *, *, #1157, .F. ) ;
#1050 = ORIENTED_EDGE ( 'NONE', *, *, #2385, .F. ) ;
#1051 = CARTESIAN_POINT ( 'NONE',  ( -10.25511759155189218, 26.06516186758568310, 11.99999999999999645 ) ) ;
#1052 = PLANE ( 'NONE',  #2836 ) ;
#1053 = CARTESIAN_POINT ( 'NONE',  ( -5.828557004369135264, 58.63393183580883772, 30.00000000000000355 ) ) ;
#1054 = LINE ( 'NONE', #2344, #3298 ) ;
#1055 = VECTOR ( 'NONE', #1534, 1000.000000000000000 ) ;
#1056 = ORIENTED_EDGE ( 'NONE', *, *, #1233, .F. ) ;
#1057 = CARTESIAN_POINT ( 'NONE',  ( 0.000000000000000000, 0.000000000000000000, 12.00000000000000000 ) ) ;
#1058 = EDGE_LOOP ( 'NONE', ( #1978, #778 ) ) ;
#1059 = DIRECTION ( 'NONE',  ( -0.000000000000000000, -0.000000000000000000, -1.000000000000000000 ) ) ;
#1060 = ORIENTED_EDGE ( 'NONE', *, *, #3784, .F. ) ;
#1061 = EDGE_CURVE ( 'NONE', #4014, #2384, #2896, .T. ) ;
#1062 = CARTESIAN_POINT ( 'NONE',  ( 5.853969548763555686, 88.37943440316534804, 34.28877117602144153 ) ) ;
#1063 = CYLINDRICAL_SURFACE ( 'NONE', #102, 3.000000000000002665 ) ;
#1064 = ADVANCED_FACE ( 'NONE', ( #3927 ), #464, .T. ) ;
#1065 = CARTESIAN_POINT ( 'NONE',  ( -14.25511759155189573, 26.06516186758568310, 44.10498422959205556 ) ) ;
#1066 = CYLINDRICAL_SURFACE ( 'NONE', #4086, 3.000000000000002665 ) ;
#1067 = ORIENTED_EDGE ( 'NONE', *, *, #2117, .F. ) ;
#1068 = VERTEX_POINT ( 'NONE', #425 ) ;
#1069 = EDGE_CURVE ( 'NONE', #2319, #1630, #3637, .T. ) ;
#1070 = AXIS2_PLACEMENT_3D ( 'NONE', #1667, #2936, #2917 ) ;
#1071 = DIRECTION ( 'NONE',  ( -0.000000000000000000, 0.000000000000000000, 1.000000000000000000 ) ) ;
#1072 = LINE ( 'NONE', #1091, #32 ) ;
#1073 = DIRECTION ( 'NONE',  ( -0.4377567027218491336, -0.8990934707927171754, 0.000000000000000000 ) ) ;
#1074 = AXIS2_PLACEMENT_3D ( 'NONE', #187, #3412, #205 ) ;
#1075 = DIRECTION ( 'NONE',  ( -0.000000000000000000, -0.000000000000000000, 1.000000000000000000 ) ) ;
#1076 = AXIS2_PLACEMENT_3D ( 'NONE', #2195, #246, #3165 ) ;
#1077 = ORIENTED_EDGE ( 'NONE', *, *, #3641, .T. ) ;
#1078 = DIRECTION ( 'NONE',  ( 1.000000000000000000, 0.000000000000000000, 0.000000000000000000 ) ) ;
#1079 = ORIENTED_EDGE ( 'NONE', *, *, #468, .T. ) ;
#1080 = DIRECTION ( 'NONE',  ( -1.000000000000000000, 0.000000000000000000, 0.000000000000000000 ) ) ;
#1081 = EDGE_LOOP ( 'NONE', ( #1750, #2754, #2199, #3976 ) ) ;
#1082 = CARTESIAN_POINT ( 'NONE',  ( -20.26684457972138631, 167.8563547454433547, 0.000000000000000000 ) ) ;
#1083 = DIRECTION ( 'NONE',  ( -0.000000000000000000, -0.000000000000000000, -1.000000000000000000 ) ) ;
#1084 = ORIENTED_EDGE ( 'NONE', *, *, #1494, .T. ) ;
#1085 = CARTESIAN_POINT ( 'NONE',  ( 15.01654335425684295, 94.30705426645195644, 34.28877117602144153 ) ) ;
#1086 = CIRCLE ( 'NONE', #3277, 3.000000000000002665 ) ;
#1087 = VERTEX_POINT ( 'NONE', #1354 ) ;
#1088 = ORIENTED_EDGE ( 'NONE', *, *, #2017, .T. ) ;
#1089 = CARTESIAN_POINT ( 'NONE',  ( -5.437362060208809744, 87.10221447529002603, 0.000000000000000000 ) ) ;
#1090 = AXIS2_PLACEMENT_3D ( 'NONE', #3487, #1256, #3093 ) ;
#1091 = CARTESIAN_POINT ( 'NONE',  ( 49.87267610670708251, 168.0672713847380919, 12.00000000000000000 ) ) ;
#1092 = DIRECTION ( 'NONE',  ( -0.000000000000000000, 0.000000000000000000, 1.000000000000000000 ) ) ;
#1093 = ADVANCED_FACE ( 'NONE', ( #1375 ), #2651, .F. ) ;
#1094 = ORIENTED_EDGE ( 'NONE', *, *, #1383, .T. ) ;
#1095 = DIRECTION ( 'NONE',  ( 0.000000000000000000, 0.000000000000000000, -1.000000000000000000 ) ) ;
#1096 = ORIENTED_EDGE ( 'NONE', *, *, #3392, .T. ) ;
#1097 = AXIS2_PLACEMENT_3D ( 'NONE', #791, #2070, #3325 ) ;
#1098 = DIRECTION ( 'NONE',  ( -1.000000000000000000, 0.000000000000000000, -0.000000000000000000 ) ) ;
#1099 = VERTEX_POINT ( 'NONE', #447 ) ;
#1100 = DIRECTION ( 'NONE',  ( 0.02617694830787369378, -0.9996573249755572599, 0.000000000000000000 ) ) ;
#1101 = VECTOR ( 'NONE', #3991, 1000.000000000000000 ) ;
#1102 = SURFACE_SIDE_STYLE ('',( #2407 ) ) ;
#1103 = CARTESIAN_POINT ( 'NONE',  ( 0.000000000000000000, 0.000000000000000000, -63.78103166302659588 ) ) ;
#1104 = AXIS2_PLACEMENT_3D ( 'NONE', #741, #3300, #2060 ) ;
#1105 = ORIENTED_EDGE ( 'NONE', *, *, #215, .F. ) ;
#1106 = ORIENTED_EDGE ( 'NONE', *, *, #2336, .T. ) ;
#1107 = DIRECTION ( 'NONE',  ( 1.000000000000000000, 0.000000000000000000, 0.000000000000000000 ) ) ;
#1108 = DIRECTION ( 'NONE',  ( 0.000000000000000000, 0.000000000000000000, 1.000000000000000000 ) ) ;
#1109 = AXIS2_PLACEMENT_3D ( 'NONE', #3982, #1474, #2377 ) ;
#1110 = CARTESIAN_POINT ( 'NONE',  ( 37.97063565054185830, 198.5202203666886760, 0.000000000000000000 ) ) ;
#1111 = EDGE_LOOP ( 'NONE', ( #77, #1024, #1871, #221 ) ) ;
#1112 = FACE_OUTER_BOUND ( 'NONE', #2244, .T. ) ;
#1113 = EDGE_CURVE ( 'NONE', #1732, #258, #2331, .T. ) ;
#1114 = DIRECTION ( 'NONE',  ( -0.6149582602745519155, -0.7885596604697050482, 0.000000000000000000 ) ) ;
#1115 = ORIENTED_EDGE ( 'NONE', *, *, #2249, .F. ) ;
#1116 = EDGE_CURVE ( 'NONE', #969, #3889, #802, .T. ) ;
#1117 =( GEOMETRIC_REPRESENTATION_CONTEXT ( 3 ) GLOBAL_UNCERTAINTY_ASSIGNED_CONTEXT ( ( #887 ) ) GLOBAL_UNIT_ASSIGNED_CONTEXT ( ( #1120, #133, #2678 ) ) REPRESENTATION_CONTEXT ( 'NONE', 'WORKASPACE' ) );
#1118 = LINE ( 'NONE', #3336, #1477 ) ;
#1119 = DIRECTION ( 'NONE',  ( 1.000000000000000000, 0.000000000000000000, 0.000000000000000000 ) ) ;
#1120 =( LENGTH_UNIT ( ) NAMED_UNIT ( * ) SI_UNIT ( .MILLI., .METRE. ) );
#1121 = ORIENTED_EDGE ( 'NONE', *, *, #3506, .T. ) ;
#1122 = CARTESIAN_POINT ( 'NONE',  ( 37.97063565054185830, 198.5202203666886760, 0.000000000000000000 ) ) ;
#1123 = ORIENTED_EDGE ( 'NONE', *, *, #3168, .T. ) ;
#1124 = VECTOR ( 'NONE', #4005, 1000.000000000000000 ) ;
#1125 = VERTEX_POINT ( 'NONE', #2923 ) ;
#1126 = LINE ( 'NONE', #223, #2545 ) ;
#1127 = DIRECTION ( 'NONE',  ( -0.000000000000000000, 0.000000000000000000, 1.000000000000000000 ) ) ;
#1128 = LINE ( 'NONE', #3368, #1681 ) ;
#1129 = ORIENTED_EDGE ( 'NONE', *, *, #3577, .F. ) ;
#1130 = FACE_OUTER_BOUND ( 'NONE', #2024, .T. ) ;
#1131 = CARTESIAN_POINT ( 'NONE',  ( -10.49511617239201300, 61.54481237807463145, 7.000000000000000000 ) ) ;
#1132 = VECTOR ( 'NONE', #3391, 1000.000000000000114 ) ;
#1133 = VERTEX_POINT ( 'NONE', #3905 ) ;
#1134 = EDGE_CURVE ( 'NONE', #3080, #3496, #3324, .T. ) ;
#1135 = CARTESIAN_POINT ( 'NONE',  ( 20.26684457972138631, 232.1436452545566738, 0.000000000000000000 ) ) ;
#1136 = CARTESIAN_POINT ( 'NONE',  ( 8.000000000000014211, 106.9800000000000040, 4.000000000000000000 ) ) ;
#1137 = EDGE_CURVE ( 'NONE', #1399, #2824, #3860, .T. ) ;
#1138 = DIRECTION ( 'NONE',  ( 1.000000000000000000, 0.000000000000000000, 0.000000000000000000 ) ) ;
#1139 = ORIENTED_EDGE ( 'NONE', *, *, #3969, .T. ) ;
#1140 = DIRECTION ( 'NONE',  ( -0.000000000000000000, 0.000000000000000000, 1.000000000000000000 ) ) ;
#1141 = EDGE_LOOP ( 'NONE', ( #410, #338, #715, #306 ) ) ;
#1142 = EDGE_LOOP ( 'NONE', ( #2785, #438, #1990, #2294 ) ) ;
#1143 = DIRECTION ( 'NONE',  ( 1.000000000000000000, 0.000000000000000000, 0.000000000000000000 ) ) ;
#1144 = FACE_BOUND ( 'NONE', #281, .T. ) ;
#1145 = CARTESIAN_POINT ( 'NONE',  ( 9.423022317347548693, 72.69235735908080187, 7.000000000000000000 ) ) ;
#1146 = CIRCLE ( 'NONE', #146, 10.00000000000000178 ) ;
#1147 = VERTEX_POINT ( 'NONE', #229 ) ;
#1148 = CIRCLE ( 'NONE', #3289, 2.150000000000047873 ) ;
#1149 = FACE_BOUND ( 'NONE', #3318, .T. ) ;
#1150 = CARTESIAN_POINT ( 'NONE',  ( -32.14364525455665955, 220.2668445797214076, 0.000000000000000000 ) ) ;
#1151 = VERTEX_POINT ( 'NONE', #3334 ) ;
#1152 = DIRECTION ( 'NONE',  ( -0.000000000000000000, -0.000000000000000000, -1.000000000000000000 ) ) ;
#1153 = AXIS2_PLACEMENT_3D ( 'NONE', #4055, #1152, #3092 ) ;
#1154 = CARTESIAN_POINT ( 'NONE',  ( 29.10419207380447659, 27.43986158367233585, 0.000000000000000000 ) ) ;
#1155 = CARTESIAN_POINT ( 'NONE',  ( -21.49918820385034479, 38.32109201636676232, 0.000000000000000000 ) ) ;
#1156 = AXIS2_PLACEMENT_3D ( 'NONE', #1638, #1369, #1389 ) ;
#1157 = EDGE_CURVE ( 'NONE', #2500, #2940, #3127, .T. ) ;
#1158 = CARTESIAN_POINT ( 'NONE',  ( 10.92893441554130085, 26.71573637665763101, 44.10498422959205556 ) ) ;
#1159 = EDGE_LOOP ( 'NONE', ( #3630, #1649, #1077, #1198 ) ) ;
#1160 = CYLINDRICAL_SURFACE ( 'NONE', #3887, 16.01000000000000156 ) ;
#1161 = EDGE_CURVE ( 'NONE', #3111, #1068, #866, .T. ) ;
#1162 = VERTEX_POINT ( 'NONE', #3372 ) ;
#1163 = EDGE_LOOP ( 'NONE', ( #2354, #91, #312, #3738 ) ) ;
#1164 = AXIS2_PLACEMENT_3D ( 'NONE', #1934, #4060, #955 ) ;
#1165 = LINE ( 'NONE', #3329, #1475 ) ;
#1166 = CIRCLE ( 'NONE', #4096, 2.999999999999999112 ) ;
#1167 = DIRECTION ( 'NONE',  ( -0.000000000000000000, -0.000000000000000000, -1.000000000000000000 ) ) ;
#1168 = DIRECTION ( 'NONE',  ( -0.000000000000000000, -0.000000000000000000, -1.000000000000000000 ) ) ;
#1169 = CIRCLE ( 'NONE', #1971, 2.999999999999537703 ) ;
#1170 = FACE_BOUND ( 'NONE', #1058, .T. ) ;
#1171 = AXIS2_PLACEMENT_3D ( 'NONE', #944, #3148, #1545 ) ;
#1172 = DIRECTION ( 'NONE',  ( 1.000000000000000000, -5.551115123125781913E-15, 0.000000000000000000 ) ) ;
#1173 = VERTEX_POINT ( 'NONE', #1131 ) ;
#1174 = CARTESIAN_POINT ( 'NONE',  ( 61.12860222742826721, 201.7537980139415197, 11.99999999999999645 ) ) ;
#1175 = CARTESIAN_POINT ( 'NONE',  ( 32.14364525455665245, 179.7331554202786208, 0.000000000000000000 ) ) ;
#1176 = CARTESIAN_POINT ( 'NONE',  ( -8.488557290260139609, 46.27932272965658456, 34.68482287106689199 ) ) ;
#1177 = ADVANCED_FACE ( 'NONE', ( #171 ), #1190, .F. ) ;
#1178 = CARTESIAN_POINT ( 'NONE',  ( 8.032265735583811406, -0.8442251475892393886, 34.28877117602144153 ) ) ;
#1179 = VERTEX_POINT ( 'NONE', #3712 ) ;
#1180 = DIRECTION ( 'NONE',  ( 0.000000000000000000, 0.000000000000000000, 1.000000000000000000 ) ) ;
#1181 = EDGE_LOOP ( 'NONE', ( #2738, #815, #545, #2097, #3650, #946, #1510 ) ) ;
#1182 = VERTEX_POINT ( 'NONE', #3042 ) ;
#1183 = EDGE_CURVE ( 'NONE', #3200, #127, #3691, .T. ) ;
#1184 = CARTESIAN_POINT ( 'NONE',  ( 20.26978697090508064, 159.8236918550979055, 0.000000000000000000 ) ) ;
#1185 = CARTESIAN_POINT ( 'NONE',  ( -5.828557004369135264, 58.63393183580883772, 0.000000000000000000 ) ) ;
#1186 = LINE ( 'NONE', #1476, #2755 ) ;
#1187 = ORIENTED_EDGE ( 'NONE', *, *, #1752, .F. ) ;
#1188 = EDGE_CURVE ( 'NONE', #3996, #806, #1398, .T. ) ;
#1189 = CARTESIAN_POINT ( 'NONE',  ( 3.106463149324664386, 75.60323790134660271, 12.00000000000000000 ) ) ;
#1190 = CYLINDRICAL_SURFACE ( 'NONE', #3383, 2.150000000000037215 ) ;
#1191 = ORIENTED_EDGE ( 'NONE', *, *, #301, .T. ) ;
#1192 = DIRECTION ( 'NONE',  ( -0.000000000000000000, 0.000000000000000000, 1.000000000000000000 ) ) ;
#1193 = VECTOR ( 'NONE', #1394, 1000.000000000000000 ) ;
#1194 = CIRCLE ( 'NONE', #617, 3.000000000000000000 ) ;
#1195 = CARTESIAN_POINT ( 'NONE',  ( -14.23320517302498800, 26.48327572065629809, 44.10498422959205556 ) ) ;
#1196 = DIRECTION ( 'NONE',  ( -0.000000000000000000, -0.000000000000000000, 1.000000000000000000 ) ) ;
#1197 = CARTESIAN_POINT ( 'NONE',  ( 0.000000000000000000, 200.0000000000000000, 0.000000000000000000 ) ) ;
#1198 = ORIENTED_EDGE ( 'NONE', *, *, #3213, .F. ) ;
#1199 = CARTESIAN_POINT ( 'NONE',  ( -30.00000000000000000, 0.000000000000000000, 12.00000000000000000 ) ) ;
#1200 = EDGE_CURVE ( 'NONE', #22, #3032, #2924, .T. ) ;
#1201 = EDGE_LOOP ( 'NONE', ( #1687, #2187, #124, #3522 ) ) ;
#1202 = CARTESIAN_POINT ( 'NONE',  ( 35.82063565054180998, 198.5202203666886760, 12.00000000000000000 ) ) ;
#1203 = CARTESIAN_POINT ( 'NONE',  ( -19.26740456647706878, 118.0489102432103579, 12.00000000000000000 ) ) ;
#1204 = CARTESIAN_POINT ( 'NONE',  ( 0.000000000000000000, 200.0000000000000000, 95.43860017999652712 ) ) ;
#1205 = EDGE_CURVE ( 'NONE', #3484, #2935, #2073, .T. ) ;
#1206 = ADVANCED_FACE ( 'NONE', ( #821 ), #2137, .F. ) ;
#1207 = EDGE_LOOP ( 'NONE', ( #452, #500, #138, #666 ) ) ;
#1208 = DIRECTION ( 'NONE',  ( 1.000000000000000000, 0.000000000000000000, 0.000000000000000000 ) ) ;
#1209 = DIRECTION ( 'NONE',  ( 1.000000000000000000, 0.000000000000000000, 0.000000000000000000 ) ) ;
#1210 = ADVANCED_FACE ( 'NONE', ( #3110 ), #2729, .F. ) ;
#1211 = AXIS2_PLACEMENT_3D ( 'NONE', #3756, #1846, #2224 ) ;
#1212 = DIRECTION ( 'NONE',  ( -0.000000000000000000, 0.000000000000000000, 1.000000000000000000 ) ) ;
#1213 = EDGE_CURVE ( 'NONE', #2768, #1087, #1439, .T. ) ;
#1214 = DIRECTION ( 'NONE',  ( -0.000000000000000000, 0.000000000000000000, 1.000000000000000000 ) ) ;
#1215 = DIRECTION ( 'NONE',  ( -0.000000000000000000, -0.000000000000000000, 1.000000000000000000 ) ) ;
#1216 = ADVANCED_FACE ( 'NONE', ( #2711, #2399 ), #3987, .F. ) ;
#1217 = DIRECTION ( 'NONE',  ( -1.000000000000000000, 0.000000000000000000, 0.000000000000000000 ) ) ;
#1218 = ORIENTED_EDGE ( 'NONE', *, *, #1330, .F. ) ;
#1219 = DIRECTION ( 'NONE',  ( -0.000000000000000000, -0.000000000000000000, 1.000000000000000000 ) ) ;
#1220 = CIRCLE ( 'NONE', #1555, 4.000000000000004441 ) ;
#1221 = AXIS2_PLACEMENT_3D ( 'NONE', #1023, #2353, #2029 ) ;
#1222 = VERTEX_POINT ( 'NONE', #504 ) ;
#1223 = CARTESIAN_POINT ( 'NONE',  ( -21.19646861622849698, 39.63436212453230922, 12.00000000000000000 ) ) ;
#1224 = LINE ( 'NONE', #2806, #335 ) ;
#1225 = FACE_OUTER_BOUND ( 'NONE', #3405, .T. ) ;
#1226 = DIRECTION ( 'NONE',  ( 1.000000000000000000, 0.000000000000000000, 0.000000000000000000 ) ) ;
#1227 = ORIENTED_EDGE ( 'NONE', *, *, #4092, .F. ) ;
#1228 = CIRCLE ( 'NONE', #3095, 4.000000000000000000 ) ;
#1229 = CARTESIAN_POINT ( 'NONE',  ( 19.10419207380447659, 27.43986158367233585, 12.00000000000000000 ) ) ;
#1230 = EDGE_CURVE ( 'NONE', #2602, #2468, #1863, .T. ) ;
#1231 = CARTESIAN_POINT ( 'NONE',  ( -33.62342488786801198, 182.2962089291795280, 12.00000000000000000 ) ) ;
#1232 = AXIS2_PLACEMENT_3D ( 'NONE', #1533, #616, #2164 ) ;
#1233 = EDGE_CURVE ( 'NONE', #1003, #417, #544, .T. ) ;
#1234 = CARTESIAN_POINT ( 'NONE',  ( 49.87267610670695461, 168.0672713847384330, 51.03101541156708265 ) ) ;
#1235 = CARTESIAN_POINT ( 'NONE',  ( 0.6702203666886763500, 162.0293643494581488, 0.000000000000000000 ) ) ;
#1236 = AXIS2_PLACEMENT_3D ( 'NONE', #695, #3255, #399 ) ;
#1237 = DIRECTION ( 'NONE',  ( 0.000000000000000000, 0.000000000000000000, 1.000000000000000000 ) ) ;
#1238 = ORIENTED_EDGE ( 'NONE', *, *, #66, .F. ) ;
#1239 = ADVANCED_FACE ( 'NONE', ( #842 ), #1821, .F. ) ;
#1240 = CARTESIAN_POINT ( 'NONE',  ( -13.93048702718916232, 29.36344648704481131, 12.00000000000001066 ) ) ;
#1241 = ORIENTED_EDGE ( 'NONE', *, *, #3068, .T. ) ;
#1242 = FACE_OUTER_BOUND ( 'NONE', #222, .T. ) ;
#1243 = VERTEX_POINT ( 'NONE', #1862 ) ;
#1244 = ORIENTED_EDGE ( 'NONE', *, *, #291, .F. ) ;
#1245 = CLOSED_SHELL ( 'NONE', ( #4044, #264, #3328, #1565, #2068, #1612, #1308, #3304, #1674, #3319, #3749, #1670, #4093, #3755, #2405, #2939, #2975, #1436, #636, #3253, #2016, #2661, #2410, #1621, #2268, #2898, #2039, #2315, #2735, #3150, #2456, #2976, #321, #2731, #3571, #1616, #1239, #1012, #3906, #1011, #3102, #111, #3886, #1516, #1930, #1262, #2869, #3591, #4, #1206, #3479, #986, #175, #3675, #3703, #60, #2907, #3344, #3299, #1855, #2588, #243, #3173, #3426, #3177, #3885, #2633, #2710, #925, #3961, #2814, #134, #3395, #2008, #320, #737, #1093, #1177, #2912, #3912, #3841, #1216, #709, #3103, #2061, #3576, #491, #270, #3911, #705, #402, #1908, #1571, #1983, #3067, #3638, #1210, #1613, #494, #2513, #3444, #1928, #161, #3020, #54, #1654, #186, #2714, #567, #1064, #2471, #1872, #1461, #2762, #2558, #3963, #3759, #2794 ) ) ;
#1246 = DIRECTION ( 'NONE',  ( 0.000000000000000000, -0.000000000000000000, -1.000000000000000000 ) ) ;
#1247 = DIRECTION ( 'NONE',  ( 0.000000000000000000, -0.000000000000000000, -1.000000000000000000 ) ) ;
#1248 = CYLINDRICAL_SURFACE ( 'NONE', #3421, 18.65375554904908384 ) ;
#1249 = CARTESIAN_POINT ( 'NONE',  ( 0.8957608720392140622, 153.0978971543361240, -5.999999999999998224 ) ) ;
#1250 = ORIENTED_EDGE ( 'NONE', *, *, #2211, .T. ) ;
#1251 = CARTESIAN_POINT ( 'NONE',  ( 12.59706829745191570, 96.32336496311654628, 12.00000000000000000 ) ) ;
#1252 = DIRECTION ( 'NONE',  ( 0.1045284632676537623, 0.9945218953682734009, 0.000000000000000000 ) ) ;
#1253 = ORIENTED_EDGE ( 'NONE', *, *, #2360, .F. ) ;
#1254 = EDGE_CURVE ( 'NONE', #647, #1151, #3722, .T. ) ;
#1255 = CARTESIAN_POINT ( 'NONE',  ( -21.98218442151412688, -0.5756237571811835263, 12.00000000000000000 ) ) ;
#1256 = DIRECTION ( 'NONE',  ( 0.000000000000000000, 0.000000000000000000, -1.000000000000000000 ) ) ;
#1257 = DIRECTION ( 'NONE',  ( -0.000000000000000000, 0.000000000000000000, 1.000000000000000000 ) ) ;
#1258 = EDGE_CURVE ( 'NONE', #3727, #3797, #2003, .T. ) ;
#1259 = CARTESIAN_POINT ( 'NONE',  ( 51.36351810933545181, 185.8602229519791535, 51.03101541156708265 ) ) ;
#1260 = ORIENTED_EDGE ( 'NONE', *, *, #1798, .F. ) ;
#1261 = CARTESIAN_POINT ( 'NONE',  ( -36.03323576943832052, 177.4643411459955189, 0.000000000000000000 ) ) ;
#1262 = ADVANCED_FACE ( 'NONE', ( #334 ), #4132, .F. ) ;
#1263 = ORIENTED_EDGE ( 'NONE', *, *, #3323, .F. ) ;
#1264 = VECTOR ( 'NONE', #2831, 1000.000000000000000 ) ;
#1265 = CARTESIAN_POINT ( 'NONE',  ( 13.97147360531736382, 84.04915894620282302, 0.000000000000000000 ) ) ;
#1266 = DIRECTION ( 'NONE',  ( 0.000000000000000000, -0.000000000000000000, -1.000000000000000000 ) ) ;
#1267 = DIRECTION ( 'NONE',  ( -0.000000000000000000, 0.000000000000000000, 1.000000000000000000 ) ) ;
#1268 = CARTESIAN_POINT ( 'NONE',  ( 29.10419207380447659, 27.43986158367233585, 12.00000000000000000 ) ) ;
#1269 = VERTEX_POINT ( 'NONE', #2245 ) ;
#1270 = PLANE ( 'NONE',  #2510 ) ;
#1271 = CARTESIAN_POINT ( 'NONE',  ( 2.937725449060098359, 87.60082904197298603, 12.00000000000000000 ) ) ;
#1272 = CARTESIAN_POINT ( 'NONE',  ( -1.479779633311362197, 162.0293643494581488, 12.00000000000000000 ) ) ;
#1273 = AXIS2_PLACEMENT_3D ( 'NONE', #3384, #1412, #1107 ) ;
#1274 = AXIS2_PLACEMENT_3D ( 'NONE', #823, #1723, #1098 ) ;
#1275 = EDGE_LOOP ( 'NONE', ( #3666, #1598, #477, #2852 ) ) ;
#1276 = AXIS2_PLACEMENT_3D ( 'NONE', #4118, #3176, #2530 ) ;
#1277 = LINE ( 'NONE', #2206, #1055 ) ;
#1278 = EDGE_LOOP ( 'NONE', ( #1317, #562, #2430, #1094 ) ) ;
#1279 = LINE ( 'NONE', #602, #3159 ) ;
#1280 = ORIENTED_EDGE ( 'NONE', *, *, #1568, .F. ) ;
#1281 = VERTEX_POINT ( 'NONE', #1600 ) ;
#1282 = EDGE_CURVE ( 'NONE', #2193, #2466, #3456, .T. ) ;
#1283 = DIRECTION ( 'NONE',  ( -0.000000000000000000, -0.000000000000000000, 1.000000000000000000 ) ) ;
#1284 = DIRECTION ( 'NONE',  ( 1.000000000000000000, 0.000000000000000000, 0.000000000000000000 ) ) ;
#1285 = EDGE_CURVE ( 'NONE', #590, #571, #314, .T. ) ;
#1286 = VECTOR ( 'NONE', #882, 1000.000000000000000 ) ;
#1287 = AXIS2_PLACEMENT_3D ( 'NONE', #53, #436, #690 ) ;
#1288 = DIRECTION ( 'NONE',  ( -0.000000000000000000, -0.000000000000000000, 1.000000000000000000 ) ) ;
#1289 = DIRECTION ( 'NONE',  ( -0.3744073879278219663, 0.9272643139175935634, 0.000000000000000000 ) ) ;
#1290 = ORIENTED_EDGE ( 'NONE', *, *, #856, .F. ) ;
#1291 = VECTOR ( 'NONE', #3188, 1000.000000000000000 ) ;
#1292 = DIRECTION ( 'NONE',  ( 1.000000000000000000, 0.000000000000000000, 0.000000000000000000 ) ) ;
#1293 = DIRECTION ( 'NONE',  ( -0.000000000000000000, 0.000000000000000000, 1.000000000000000000 ) ) ;
#1294 = CARTESIAN_POINT ( 'NONE',  ( 34.29364525455669366, 179.7331554202786208, 12.00000000000000000 ) ) ;
#1295 =( GEOMETRIC_REPRESENTATION_CONTEXT ( 3 ) GLOBAL_UNCERTAINTY_ASSIGNED_CONTEXT ( ( #3418 ) ) GLOBAL_UNIT_ASSIGNED_CONTEXT ( ( #1022, #2028, #456 ) ) REPRESENTATION_CONTEXT ( 'NONE', 'WORKASPACE' ) );
#1296 = AXIS2_PLACEMENT_3D ( 'NONE', #2988, #2308, #148 ) ;
#1297 = CIRCLE ( 'NONE', #3100, 16.01000000000000156 ) ;
#1298 = AXIS2_PLACEMENT_3D ( 'NONE', #657, #1566, #272 ) ;
#1299 = DIRECTION ( 'NONE',  ( -0.000000000000000000, -0.000000000000000000, -1.000000000000000000 ) ) ;
#1300 = ORIENTED_EDGE ( 'NONE', *, *, #908, .T. ) ;
#1301 = CARTESIAN_POINT ( 'NONE',  ( -10.00240514913751788, 156.1257263167524911, 0.000000000000000000 ) ) ;
#1302 = ORIENTED_EDGE ( 'NONE', *, *, #1385, .T. ) ;
#1303 = ORIENTED_EDGE ( 'NONE', *, *, #1230, .T. ) ;
#1304 = CARTESIAN_POINT ( 'NONE',  ( 4.756463149324664741, 75.60323790134660271, 12.00000000000000000 ) ) ;
#1305 = CARTESIAN_POINT ( 'NONE',  ( 1.479779633311334441, 237.9706356505418796, 12.00000000000000000 ) ) ;
#1306 = LINE ( 'NONE', #3205, #496 ) ;
#1307 = DIRECTION ( 'NONE',  ( -0.000000000000000000, -0.000000000000000000, -1.000000000000000000 ) ) ;
#1308 = ADVANCED_FACE ( 'NONE', ( #3818 ), #4089, .F. ) ;
#1309 = ORIENTED_EDGE ( 'NONE', *, *, #2115, .F. ) ;
#1310 = CARTESIAN_POINT ( 'NONE',  ( 9.423022317347548693, 72.69235735908080187, 7.000000000000000000 ) ) ;
#1311 = DIRECTION ( 'NONE',  ( 0.000000000000000000, 0.000000000000000000, -1.000000000000000000 ) ) ;
#1312 = EDGE_CURVE ( 'NONE', #2135, #1449, #2861, .T. ) ;
#1313 = DIRECTION ( 'NONE',  ( -0.1498795627953591336, 0.9887042614737088231, 0.000000000000000000 ) ) ;
#1314 = ORIENTED_EDGE ( 'NONE', *, *, #1489, .F. ) ;
#1315 = CIRCLE ( 'NONE', #1653, 10.00000000000000178 ) ;
#1316 = CARTESIAN_POINT ( 'NONE',  ( -19.26740456647706878, 118.0489102432103721, 0.000000000000000000 ) ) ;
#1317 = ORIENTED_EDGE ( 'NONE', *, *, #2788, .F. ) ;
#1318 = DIRECTION ( 'NONE',  ( -1.000000000000000000, 0.000000000000000000, 0.000000000000000000 ) ) ;
#1319 = ORIENTED_EDGE ( 'NONE', *, *, #1824, .T. ) ;
#1320 = EDGE_LOOP ( 'NONE', ( #3751, #1564, #3773, #2773 ) ) ;
#1321 = CARTESIAN_POINT ( 'NONE',  ( 32.14364525455665245, 179.7331554202786208, 0.000000000000000000 ) ) ;
#1322 = AXIS2_PLACEMENT_3D ( 'NONE', #2753, #2460, #2478 ) ;
#1323 = CARTESIAN_POINT ( 'NONE',  ( 20.26684457972138631, 232.1436452545566738, 12.00000000000000000 ) ) ;
#1324 = DIRECTION ( 'NONE',  ( -0.000000000000000000, -0.000000000000000000, -1.000000000000000000 ) ) ;
#1325 = FACE_OUTER_BOUND ( 'NONE', #2822, .T. ) ;
#1326 = ORIENTED_EDGE ( 'NONE', *, *, #2608, .T. ) ;
#1327 = VERTEX_POINT ( 'NONE', #1271 ) ;
#1328 = ORIENTED_EDGE ( 'NONE', *, *, #3068, .F. ) ;
#1329 = CARTESIAN_POINT ( 'NONE',  ( 0.000000000000000000, 200.0000000000000000, 0.000000000000000000 ) ) ;
#1330 = EDGE_CURVE ( 'NONE', #889, #3032, #1943, .T. ) ;
#1331 = DIRECTION ( 'NONE',  ( 0.000000000000000000, -0.000000000000000000, -1.000000000000000000 ) ) ;
#1332 = CARTESIAN_POINT ( 'NONE',  ( -8.790623826246367400, 22.34289669549204049, 12.00000000000001066 ) ) ;
#1333 = EDGE_CURVE ( 'NONE', #2740, #978, #3595, .T. ) ;
#1334 = EDGE_CURVE ( 'NONE', #1520, #293, #2568, .T. ) ;
#1335 = DIRECTION ( 'NONE',  ( 0.000000000000000000, -0.000000000000000000, -1.000000000000000000 ) ) ;
#1336 = ORIENTED_EDGE ( 'NONE', *, *, #3809, .T. ) ;
#1337 = EDGE_CURVE ( 'NONE', #1327, #1471, #1882, .T. ) ;
#1338 = CARTESIAN_POINT ( 'NONE',  ( 18.11684457972134510, 232.1436452545566738, 0.000000000000000000 ) ) ;
#1339 = ORIENTED_EDGE ( 'NONE', *, *, #3458, .T. ) ;
#1340 = CARTESIAN_POINT ( 'NONE',  ( 0.000000000000000000, 0.000000000000000000, 44.10498422959205556 ) ) ;
#1341 = ORIENTED_EDGE ( 'NONE', *, *, #2067, .F. ) ;
#1342 = AXIS2_PLACEMENT_3D ( 'NONE', #2946, #19, #88 ) ;
#1343 = FACE_OUTER_BOUND ( 'NONE', #3764, .T. ) ;
#1344 = FACE_OUTER_BOUND ( 'NONE', #325, .T. ) ;
#1345 = LINE ( 'NONE', #414, #358 ) ;
#1346 = EDGE_LOOP ( 'NONE', ( #2928, #2301, #655, #637 ) ) ;
#1347 = ORIENTED_EDGE ( 'NONE', *, *, #3730, .F. ) ;
#1348 = ORIENTED_EDGE ( 'NONE', *, *, #3414, .F. ) ;
#1349 = VECTOR ( 'NONE', #2296, 1000.000000000000000 ) ;
#1350 = DIRECTION ( 'NONE',  ( -0.000000000000000000, -0.000000000000000000, -1.000000000000000000 ) ) ;
#1351 = CYLINDRICAL_SURFACE ( 'NONE', #3970, 2.150000000000047873 ) ;
#1352 = LINE ( 'NONE', #798, #3404 ) ;
#1353 = VECTOR ( 'NONE', #2052, 1000.000000000000114 ) ;
#1354 = CARTESIAN_POINT ( 'NONE',  ( -31.47342488786796721, 182.2962089291795280, 12.00000000000000000 ) ) ;
#1355 = EDGE_LOOP ( 'NONE', ( #581, #1088 ) ) ;
#1356 = EDGE_CURVE ( 'NONE', #3606, #4062, #331, .T. ) ;
#1357 = AXIS2_PLACEMENT_3D ( 'NONE', #3574, #1361, #1038 ) ;
#1358 = VECTOR ( 'NONE', #609, 1000.000000000000114 ) ;
#1359 = DIRECTION ( 'NONE',  ( 0.000000000000000000, 0.000000000000000000, 1.000000000000000000 ) ) ;
#1360 = ORIENTED_EDGE ( 'NONE', *, *, #1984, .F. ) ;
#1361 = DIRECTION ( 'NONE',  ( -0.000000000000000000, 0.000000000000000000, 1.000000000000000000 ) ) ;
#1362 = ORIENTED_EDGE ( 'NONE', *, *, #1365, .F. ) ;
#1363 = CIRCLE ( 'NONE', #3356, 2.150000000000047873 ) ;
#1364 = VECTOR ( 'NONE', #2297, 1000.000000000000114 ) ;
#1365 = EDGE_CURVE ( 'NONE', #2489, #1867, #2968, .T. ) ;
#1366 = DIRECTION ( 'NONE',  ( 0.000000000000000000, 0.000000000000000000, -1.000000000000000000 ) ) ;
#1367 = DIRECTION ( 'NONE',  ( 1.000000000000000000, 0.000000000000000000, 0.000000000000000000 ) ) ;
#1368 = DIRECTION ( 'NONE',  ( -1.000000000000000000, 0.000000000000000000, 0.000000000000000000 ) ) ;
#1369 = DIRECTION ( 'NONE',  ( -0.000000000000000000, 0.000000000000000000, 1.000000000000000000 ) ) ;
#1370 = ORIENTED_EDGE ( 'NONE', *, *, #2865, .F. ) ;
#1371 = EDGE_LOOP ( 'NONE', ( #3231, #2797 ) ) ;
#1372 = DIRECTION ( 'NONE',  ( 1.000000000000000000, 0.000000000000000000, 0.000000000000000000 ) ) ;
#1373 = FACE_OUTER_BOUND ( 'NONE', #682, .T. ) ;
#1374 = CARTESIAN_POINT ( 'NONE',  ( 0.000000000000000000, 200.0000000000000000, 11.99999999999999645 ) ) ;
#1375 = FACE_OUTER_BOUND ( 'NONE', #3413, .T. ) ;
#1376 = CIRCLE ( 'NONE', #850, 42.50000000000000711 ) ;
#1377 = ORIENTED_EDGE ( 'NONE', *, *, #1740, .F. ) ;
#1378 = EDGE_CURVE ( 'NONE', #762, #1087, #4105, .T. ) ;
#1379 = DIRECTION ( 'NONE',  ( 1.000000000000000000, 0.000000000000000000, 0.000000000000000000 ) ) ;
#1380 = ORIENTED_EDGE ( 'NONE', *, *, #2693, .F. ) ;
#1381 = DIRECTION ( 'NONE',  ( -0.000000000000000000, -0.000000000000000000, -1.000000000000000000 ) ) ;
#1382 = ORIENTED_EDGE ( 'NONE', *, *, #1588, .T. ) ;
#1383 = EDGE_CURVE ( 'NONE', #1003, #3606, #2250, .T. ) ;
#1384 = DIRECTION ( 'NONE',  ( -0.000000000000000000, -0.000000000000000000, -1.000000000000000000 ) ) ;
#1385 = EDGE_CURVE ( 'NONE', #1151, #647, #2700, .T. ) ;
#1386 = CARTESIAN_POINT ( 'NONE',  ( -7.319205177079739499, 128.0573706285193225, 0.000000000000000000 ) ) ;
#1387 = EDGE_CURVE ( 'NONE', #2466, #2543, #2371, .T. ) ;
#1388 = FACE_OUTER_BOUND ( 'NONE', #1207, .T. ) ;
#1389 = DIRECTION ( 'NONE',  ( 1.000000000000000000, 0.000000000000000000, 0.000000000000000000 ) ) ;
#1390 = ORIENTED_EDGE ( 'NONE', *, *, #1873, .F. ) ;
#1391 = ORIENTED_EDGE ( 'NONE', *, *, #3705, .T. ) ;
#1392 = ORIENTED_EDGE ( 'NONE', *, *, #3217, .F. ) ;
#1393 = CIRCLE ( 'NONE', #1733, 24.00999999999999091 ) ;
#1394 = DIRECTION ( 'NONE',  ( -0.000000000000000000, -0.000000000000000000, 1.000000000000000000 ) ) ;
#1395 = AXIS2_PLACEMENT_3D ( 'NONE', #419, #3233, #1372 ) ;
#1396 = DIRECTION ( 'NONE',  ( -1.000000000000000000, 0.000000000000000000, 0.000000000000000000 ) ) ;
#1397 = DIRECTION ( 'NONE',  ( 1.000000000000000000, 0.000000000000000000, 0.000000000000000000 ) ) ;
#1398 = CIRCLE ( 'NONE', #3055, 29.01999999999999957 ) ;
#1399 = VERTEX_POINT ( 'NONE', #2219 ) ;
#1400 = DIRECTION ( 'NONE',  ( 1.000000000000000000, 0.000000000000000000, 0.000000000000000000 ) ) ;
#1401 = ORIENTED_EDGE ( 'NONE', *, *, #2435, .T. ) ;
#1402 = DIRECTION ( 'NONE',  ( -0.000000000000000000, 0.000000000000000000, 1.000000000000000000 ) ) ;
#1403 = ORIENTED_EDGE ( 'NONE', *, *, #3244, .T. ) ;
#1404 = CARTESIAN_POINT ( 'NONE',  ( 0.000000000000000000, 200.0000000000000000, 8.000000000000000000 ) ) ;
#1405 = CARTESIAN_POINT ( 'NONE',  ( 0.000000000000000000, 200.0000000000000000, 12.00000000000000000 ) ) ;
#1406 = DIRECTION ( 'NONE',  ( 1.000000000000000000, 0.000000000000000000, 0.000000000000000000 ) ) ;
#1407 = LINE ( 'NONE', #3248, #2232 ) ;
#1408 = CIRCLE ( 'NONE', #3736, 2.150000000000044320 ) ;
#1409 = EDGE_LOOP ( 'NONE', ( #2361, #178, #723, #2155 ) ) ;
#1410 = EDGE_CURVE ( 'NONE', #3699, #2474, #3482, .T. ) ;
#1411 = EDGE_LOOP ( 'NONE', ( #558, #2692, #3071, #1067 ) ) ;
#1412 = DIRECTION ( 'NONE',  ( 0.000000000000000000, -0.000000000000000000, -1.000000000000000000 ) ) ;
#1413 = VECTOR ( 'NONE', #1646, 1000.000000000000000 ) ;
#1414 = DIRECTION ( 'NONE',  ( -0.000000000000000000, -0.000000000000000000, -1.000000000000000000 ) ) ;
#1415 = DIRECTION ( 'NONE',  ( -0.000000000000000000, -0.000000000000000000, -1.000000000000000000 ) ) ;
#1416 = ORIENTED_EDGE ( 'NONE', *, *, #1356, .F. ) ;
#1417 = DIRECTION ( 'NONE',  ( 1.000000000000000000, 0.000000000000000000, 0.000000000000000000 ) ) ;
#1418 = DIRECTION ( 'NONE',  ( 0.000000000000000000, 0.000000000000000000, 1.000000000000000000 ) ) ;
#1419 = CIRCLE ( 'NONE', #4085, 9.500000000000001776 ) ;
#1420 = ORIENTED_EDGE ( 'NONE', *, *, #2401, .F. ) ;
#1421 = CIRCLE ( 'NONE', #2484, 3.999999999999999112 ) ;
#1422 = DIRECTION ( 'NONE',  ( -0.000000000000000000, 0.000000000000000000, 1.000000000000000000 ) ) ;
#1423 = VERTEX_POINT ( 'NONE', #2626 ) ;
#1424 = CARTESIAN_POINT ( 'NONE',  ( 21.82814405535335567, 20.57989618775425100, 12.00000000000000000 ) ) ;
#1425 = VECTOR ( 'NONE', #3511, 1000.000000000000000 ) ;
#1426 = CIRCLE ( 'NONE', #2103, 2.150000000000037215 ) ;
#1427 = LINE ( 'NONE', #1158, #1643 ) ;
#1428 = ORIENTED_EDGE ( 'NONE', *, *, #1698, .F. ) ;
#1429 = DIRECTION ( 'NONE',  ( 1.000000000000000000, 0.000000000000000000, 0.000000000000000000 ) ) ;
#1430 = ORIENTED_EDGE ( 'NONE', *, *, #2336, .F. ) ;
#1431 = ORIENTED_EDGE ( 'NONE', *, *, #712, .F. ) ;
#1432 = VERTEX_POINT ( 'NONE', #2605 ) ;
#1433 = CARTESIAN_POINT ( 'NONE',  ( -23.13207624345835711, 157.9416233234468621, -5.999999999999998224 ) ) ;
#1434 = FACE_BOUND ( 'NONE', #2589, .T. ) ;
#1435 = CARTESIAN_POINT ( 'NONE',  ( 37.97063565054185830, 198.5202203666886760, 0.000000000000000000 ) ) ;
#1436 = ADVANCED_FACE ( 'NONE', ( #142 ), #1351, .F. ) ;
#1437 = ORIENTED_EDGE ( 'NONE', *, *, #2242, .T. ) ;
#1438 = DIRECTION ( 'NONE',  ( 1.000000000000000000, 0.000000000000000000, 0.000000000000000000 ) ) ;
#1439 = LINE ( 'NONE', #3088, #2138 ) ;
#1440 = EDGE_CURVE ( 'NONE', #2380, #2230, #575, .T. ) ;
#1441 = ORIENTED_EDGE ( 'NONE', *, *, #3274, .F. ) ;
#1442 = AXIS2_PLACEMENT_3D ( 'NONE', #4131, #121, #441 ) ;
#1443 = CARTESIAN_POINT ( 'NONE',  ( -22.41684457972143107, 167.8563547454433547, 12.00000000000000000 ) ) ;
#1444 = CARTESIAN_POINT ( 'NONE',  ( 51.36351810933538786, 185.8602229519790114, 8.000000000000000000 ) ) ;
#1445 = DIRECTION ( 'NONE',  ( -1.000000000000000000, 0.000000000000000000, 0.000000000000000000 ) ) ;
#1446 = ORIENTED_EDGE ( 'NONE', *, *, #1410, .T. ) ;
#1447 = DIRECTION ( 'NONE',  ( 1.000000000000000000, 0.000000000000000000, 0.000000000000000000 ) ) ;
#1448 = ORIENTED_EDGE ( 'NONE', *, *, #4011, .T. ) ;
#1449 = VERTEX_POINT ( 'NONE', #3272 ) ;
#1450 = CIRCLE ( 'NONE', #3443, 29.01999999999999957 ) ;
#1451 = VERTEX_POINT ( 'NONE', #2670 ) ;
#1452 = CYLINDRICAL_SURFACE ( 'NONE', #2941, 12.00000000000000355 ) ;
#1453 = FACE_BOUND ( 'NONE', #1811, .T. ) ;
#1454 = DIRECTION ( 'NONE',  ( -0.000000000000000000, -0.000000000000000000, -1.000000000000000000 ) ) ;
#1455 = ORIENTED_EDGE ( 'NONE', *, *, #2392, .T. ) ;
#1456 = FACE_BOUND ( 'NONE', #1634, .T. ) ;
#1457 = DIRECTION ( 'NONE',  ( -0.000000000000000000, -0.000000000000000000, 1.000000000000000000 ) ) ;
#1458 = AXIS2_PLACEMENT_3D ( 'NONE', #1972, #383, #3884 ) ;
#1459 = ORIENTED_EDGE ( 'NONE', *, *, #712, .T. ) ;
#1460 = VERTEX_POINT ( 'NONE', #3567 ) ;
#1461 = ADVANCED_FACE ( 'NONE', ( #3879 ), #1052, .F. ) ;
#1462 = VECTOR ( 'NONE', #2791, 1000.000000000000000 ) ;
#1463 = CARTESIAN_POINT ( 'NONE',  ( 43.12860222742897065, 177.3399145239144161, 8.000000000000000000 ) ) ;
#1464 = CARTESIAN_POINT ( 'NONE',  ( 10.92893441554130085, 26.71573637665763101, 12.00000000000001066 ) ) ;
#1465 = DIRECTION ( 'NONE',  ( -1.000000000000000000, 0.000000000000000000, 0.000000000000000000 ) ) ;
#1466 = ORIENTED_EDGE ( 'NONE', *, *, #3527, .T. ) ;
#1467 = VERTEX_POINT ( 'NONE', #2322 ) ;
#1468 = FILL_AREA_STYLE_COLOUR ( '', #3438 ) ;
#1469 = ORIENTED_EDGE ( 'NONE', *, *, #3969, .F. ) ;
#1470 = DIRECTION ( 'NONE',  ( 1.000000000000000000, 0.000000000000000000, 0.000000000000000000 ) ) ;
#1471 = VERTEX_POINT ( 'NONE', #3315 ) ;
#1472 = EDGE_LOOP ( 'NONE', ( #227, #2569, #3849, #3108 ) ) ;
#1473 = DIRECTION ( 'NONE',  ( 0.000000000000000000, 0.000000000000000000, 1.000000000000000000 ) ) ;
#1474 = DIRECTION ( 'NONE',  ( 0.8484653032768875169, -0.5292510076846894673, 0.000000000000000000 ) ) ;
#1475 = VECTOR ( 'NONE', #539, 1000.000000000000114 ) ;
#1476 = CARTESIAN_POINT ( 'NONE',  ( 5.958223223348005249, 23.25896979706444156, 44.10498422959205556 ) ) ;
#1477 = VECTOR ( 'NONE', #3305, 1000.000000000000000 ) ;
#1478 = AXIS2_PLACEMENT_3D ( 'NONE', #1053, #739, #2378 ) ;
#1479 = AXIS2_PLACEMENT_3D ( 'NONE', #2417, #1839, #3083 ) ;
#1480 = DIRECTION ( 'NONE',  ( -0.000000000000000000, 0.000000000000000000, 1.000000000000000000 ) ) ;
#1481 = DIRECTION ( 'NONE',  ( -0.000000000000000000, 0.000000000000000000, 1.000000000000000000 ) ) ;
#1482 = VERTEX_POINT ( 'NONE', #58 ) ;
#1483 = ORIENTED_EDGE ( 'NONE', *, *, #188, .T. ) ;
#1484 = DIRECTION ( 'NONE',  ( -0.000000000000000000, -0.000000000000000000, -1.000000000000000000 ) ) ;
#1485 = CIRCLE ( 'NONE', #3819, 2.999999999999999112 ) ;
#1486 = AXIS2_PLACEMENT_3D ( 'NONE', #2449, #3719, #3101 ) ;
#1487 = LINE ( 'NONE', #1865, #1946 ) ;
#1488 = DIRECTION ( 'NONE',  ( -1.000000000000000000, 0.000000000000000000, 0.000000000000000000 ) ) ;
#1489 = EDGE_CURVE ( 'NONE', #1492, #3189, #1508, .T. ) ;
#1490 = AXIS2_PLACEMENT_3D ( 'NONE', #444, #3960, #123 ) ;
#1491 = CARTESIAN_POINT ( 'NONE',  ( 17.70379107082048620, 166.3765751121320307, 0.000000000000000000 ) ) ;
#1492 = VERTEX_POINT ( 'NONE', #2647 ) ;
#1493 = CARTESIAN_POINT ( 'NONE',  ( 51.36351810933545181, 185.8602229519791535, 12.00000000000001066 ) ) ;
#1494 = EDGE_CURVE ( 'NONE', #1281, #668, #2586, .T. ) ;
#1495 = ORIENTED_EDGE ( 'NONE', *, *, #909, .T. ) ;
#1496 = ORIENTED_EDGE ( 'NONE', *, *, #4092, .T. ) ;
#1497 = CIRCLE ( 'NONE', #93, 5.500000000000001776 ) ;
#1498 = CARTESIAN_POINT ( 'NONE',  ( -20.52482512233140000, 96.57627002127701132, 36.95100124303210265 ) ) ;
#1499 = VECTOR ( 'NONE', #1324, 1000.000000000000000 ) ;
#1500 = DIRECTION ( 'NONE',  ( -0.000000000000000000, -0.000000000000000000, 1.000000000000000000 ) ) ;
#1501 = AXIS2_PLACEMENT_3D ( 'NONE', #83, #3639, #2673 ) ;
#1502 = DIRECTION ( 'NONE',  ( 0.000000000000000000, 0.000000000000000000, -1.000000000000000000 ) ) ;
#1503 = ORIENTED_EDGE ( 'NONE', *, *, #3552, .F. ) ;
#1504 = VECTOR ( 'NONE', #1874, 1000.000000000000000 ) ;
#1505 = ORIENTED_EDGE ( 'NONE', *, *, #3730, .T. ) ;
#1507 = FACE_BOUND ( 'NONE', #2998, .T. ) ;
#1506 = PRODUCT_DEFINITION_SHAPE ( 'NONE', 'NONE',  #263 ) ;
#1508 = CIRCLE ( 'NONE', #3834, 4.999999999999997335 ) ;
#1509 = CARTESIAN_POINT ( 'NONE',  ( 14.88744435153407863, 94.38579495641046435, 34.28877117602144153 ) ) ;
#1510 = ORIENTED_EDGE ( 'NONE', *, *, #2533, .T. ) ;
#1511 = DIRECTION ( 'NONE',  ( 1.000000000000000000, 0.000000000000000000, 0.000000000000000000 ) ) ;
#1512 = CARTESIAN_POINT ( 'NONE',  ( -16.13350922244122643, 36.47621723554309625, 12.00000000000000000 ) ) ;
#1513 = CARTESIAN_POINT ( 'NONE',  ( 15.39088866753806784, 81.40619453457314592, 0.000000000000000000 ) ) ;
#1514 = AXIS2_PLACEMENT_3D ( 'NONE', #3361, #1768, #1445 ) ;
#1515 = DIRECTION ( 'NONE',  ( 1.000000000000000000, 0.000000000000000000, 0.000000000000000000 ) ) ;
#1516 = ADVANCED_FACE ( 'NONE', ( #759 ), #80, .F. ) ;
#1517 = ORIENTED_EDGE ( 'NONE', *, *, #3196, .T. ) ;
#1518 = LINE ( 'NONE', #3340, #4017 ) ;
#1519 = VERTEX_POINT ( 'NONE', #1995 ) ;
#1520 = VERTEX_POINT ( 'NONE', #442 ) ;
#1521 = EDGE_CURVE ( 'NONE', #2391, #3436, #2013, .T. ) ;
#1522 = DIRECTION ( 'NONE',  ( -0.000000000000000000, 0.000000000000000000, 1.000000000000000000 ) ) ;
#1523 = LINE ( 'NONE', #4081, #4133 ) ;
#1524 = DIRECTION ( 'NONE',  ( -0.000000000000000000, -0.000000000000000000, -1.000000000000000000 ) ) ;
#1525 = ORIENTED_EDGE ( 'NONE', *, *, #3552, .T. ) ;
#1526 = ORIENTED_EDGE ( 'NONE', *, *, #3458, .F. ) ;
#1527 = DIRECTION ( 'NONE',  ( -1.000000000000000000, 0.000000000000000000, 0.000000000000000000 ) ) ;
#1528 = APPLICATION_CONTEXT ( 'automotive_design' ) ;
#1529 = EDGE_LOOP ( 'NONE', ( #4003, #3608, #99, #2077 ) ) ;
#1530 = AXIS2_PLACEMENT_3D ( 'NONE', #522, #3729, #3022 ) ;
#1531 = DIRECTION ( 'NONE',  ( 1.000000000000000000, 0.000000000000000000, 0.000000000000000000 ) ) ;
#1532 = DIRECTION ( 'NONE',  ( 1.000000000000000000, 0.000000000000000000, 0.000000000000000000 ) ) ;
#1533 = CARTESIAN_POINT ( 'NONE',  ( 5.853969548763555686, 88.37943440316534804, 12.00000000000000000 ) ) ;
#1534 = DIRECTION ( 'NONE',  ( -0.000000000000000000, -0.000000000000000000, -1.000000000000000000 ) ) ;
#1535 = ORIENTED_EDGE ( 'NONE', *, *, #1984, .T. ) ;
#1536 = CARTESIAN_POINT ( 'NONE',  ( -32.14364525455665955, 220.2668445797214076, 0.000000000000000000 ) ) ;
#1537 = ORIENTED_EDGE ( 'NONE', *, *, #3480, .F. ) ;
#1538 = CARTESIAN_POINT ( 'NONE',  ( 12.95153433670192200, 123.2256179207600155, 0.000000000000000000 ) ) ;
#1539 = DIRECTION ( 'NONE',  ( -0.000000000000000000, -0.000000000000000000, -1.000000000000000000 ) ) ;
#1540 = DIRECTION ( 'NONE',  ( -1.000000000000000000, 0.000000000000000000, 0.000000000000000000 ) ) ;
#1541 = CARTESIAN_POINT ( 'NONE',  ( -7.669232159080014100, 153.2007747378692954, -5.999999999999998224 ) ) ;
#1542 = EDGE_CURVE ( 'NONE', #1087, #762, #1843, .T. ) ;
#1543 = ORIENTED_EDGE ( 'NONE', *, *, #577, .F. ) ;
#1544 = CARTESIAN_POINT ( 'NONE',  ( 21.62110610229875718, 157.1452713121044269, 0.000000000000000000 ) ) ;
#1545 = DIRECTION ( 'NONE',  ( 1.000000000000000000, 0.000000000000000000, 0.000000000000000000 ) ) ;
#1546 = EDGE_CURVE ( 'NONE', #2834, #3984, #2303, .T. ) ;
#1547 = EDGE_CURVE ( 'NONE', #315, #3635, #1736, .T. ) ;
#1548 = CIRCLE ( 'NONE', #2877, 2.150000000000047873 ) ;
#1549 = CARTESIAN_POINT ( 'NONE',  ( -18.11684457972134510, 167.8563547454433547, 0.000000000000000000 ) ) ;
#1550 = CARTESIAN_POINT ( 'NONE',  ( 14.78279648097493038, 116.3653061574348015, 0.000000000000000000 ) ) ;
#1551 = CARTESIAN_POINT ( 'NONE',  ( -33.62342488786801198, 182.2962089291795280, 0.000000000000000000 ) ) ;
#1552 = LINE ( 'NONE', #1259, #514 ) ;
#1553 = ORIENTED_EDGE ( 'NONE', *, *, #8, .T. ) ;
#1554 = FACE_OUTER_BOUND ( 'NONE', #1992, .T. ) ;
#1555 = AXIS2_PLACEMENT_3D ( 'NONE', #1916, #7, #2026 ) ;
#1556 = ORIENTED_EDGE ( 'NONE', *, *, #4066, .F. ) ;
#1557 = CARTESIAN_POINT ( 'NONE',  ( -21.98218442151411978, -0.5756237571811858578, 0.000000000000000000 ) ) ;
#1558 = DIRECTION ( 'NONE',  ( -0.000000000000000000, -0.000000000000000000, -1.000000000000000000 ) ) ;
#1559 = DIRECTION ( 'NONE',  ( 0.000000000000000000, -0.000000000000000000, -1.000000000000000000 ) ) ;
#1560 = CARTESIAN_POINT ( 'NONE',  ( 5.958223223348005249, 23.25896979706444156, 0.000000000000000000 ) ) ;
#1561 = ORIENTED_EDGE ( 'NONE', *, *, #1043, .F. ) ;
#1562 = CIRCLE ( 'NONE', #900, 2.150000000000037215 ) ;
#1563 = VECTOR ( 'NONE', #2352, 1000.000000000000000 ) ;
#1564 = ORIENTED_EDGE ( 'NONE', *, *, #2970, .T. ) ;
#1565 = ADVANCED_FACE ( 'NONE', ( #1373 ), #1645, .F. ) ;
#1566 = DIRECTION ( 'NONE',  ( 0.000000000000000000, 0.000000000000000000, 1.000000000000000000 ) ) ;
#1567 = CIRCLE ( 'NONE', #439, 1.650000000000000355 ) ;
#1568 = EDGE_CURVE ( 'NONE', #3189, #1099, #1072, .T. ) ;
#1569 = VECTOR ( 'NONE', #72, 1000.000000000000000 ) ;
#1570 = ORIENTED_EDGE ( 'NONE', *, *, #2688, .F. ) ;
#1571 = ADVANCED_FACE ( 'NONE', ( #781 ), #2056, .F. ) ;
#1572 = CARTESIAN_POINT ( 'NONE',  ( -35.77342488786806030, 182.2962089291795280, 0.000000000000000000 ) ) ;
#1573 = CARTESIAN_POINT ( 'NONE',  ( -29.99364525455662189, 220.2668445797214076, 0.000000000000000000 ) ) ;
#1574 = CYLINDRICAL_SURFACE ( 'NONE', #1705, 2.150000000000037215 ) ;
#1575 = DIRECTION ( 'NONE',  ( -1.000000000000000000, 0.000000000000000000, 0.000000000000000000 ) ) ;
#1576 = ORIENTED_EDGE ( 'NONE', *, *, #2402, .T. ) ;
#1577 = DIRECTION ( 'NONE',  ( 1.000000000000000000, 0.000000000000000000, 0.000000000000000000 ) ) ;
#1578 = ORIENTED_EDGE ( 'NONE', *, *, #2736, .T. ) ;
#1579 = DIRECTION ( 'NONE',  ( 0.02617694830787380481, -0.9996573249755572599, 0.000000000000000000 ) ) ;
#1580 = DIRECTION ( 'NONE',  ( 1.000000000000000000, 0.000000000000000000, 0.000000000000000000 ) ) ;
#1581 = VECTOR ( 'NONE', #2488, 1000.000000000000000 ) ;
#1582 = DIRECTION ( 'NONE',  ( -0.000000000000000000, 0.000000000000000000, 1.000000000000000000 ) ) ;
#1583 = CARTESIAN_POINT ( 'NONE',  ( 29.01999999999999957, 200.0000000000000000, 0.000000000000000000 ) ) ;
#1584 = ORIENTED_EDGE ( 'NONE', *, *, #469, .T. ) ;
#1585 = ORIENTED_EDGE ( 'NONE', *, *, #881, .F. ) ;
#1586 = CARTESIAN_POINT ( 'NONE',  ( 0.000000000000000000, 200.0000000000000000, 0.000000000000000000 ) ) ;
#1587 = DIRECTION ( 'NONE',  ( 1.000000000000000000, 0.000000000000000000, 0.000000000000000000 ) ) ;
#1588 = EDGE_CURVE ( 'NONE', #3881, #1460, #906, .T. ) ;
#1589 = CARTESIAN_POINT ( 'NONE',  ( 44.27582125995662921, 171.7882710250439970, 0.000000000000000000 ) ) ;
#1590 = ORIENTED_EDGE ( 'NONE', *, *, #1673, .F. ) ;
#1591 = AXIS2_PLACEMENT_3D ( 'NONE', #1586, #1293, #899 ) ;
#1592 = CARTESIAN_POINT ( 'NONE',  ( -20.26684457972138631, 167.8563547454433547, 0.000000000000000000 ) ) ;
#1593 = ORIENTED_EDGE ( 'NONE', *, *, #4035, .F. ) ;
#1594 = DIRECTION ( 'NONE',  ( 0.000000000000000000, 0.000000000000000000, 1.000000000000000000 ) ) ;
#1595 = CARTESIAN_POINT ( 'NONE',  ( 20.49678027800836588, 117.7477089539946178, 0.000000000000000000 ) ) ;
#1596 = CYLINDRICAL_SURFACE ( 'NONE', #1627, 2.150000000000044320 ) ;
#1597 = FACE_OUTER_BOUND ( 'NONE', #634, .T. ) ;
#1598 = ORIENTED_EDGE ( 'NONE', *, *, #1183, .F. ) ;
#1599 = DIRECTION ( 'NONE',  ( -0.1045284632676536235, -0.9945218953682734009, 0.000000000000000000 ) ) ;
#1600 = CARTESIAN_POINT ( 'NONE',  ( 43.12860222742862959, 177.3399145239144161, 12.00000000000000000 ) ) ;
#1601 = ORIENTED_EDGE ( 'NONE', *, *, #2610, .F. ) ;
#1602 = ORIENTED_EDGE ( 'NONE', *, *, #2115, .T. ) ;
#1603 = CARTESIAN_POINT ( 'NONE',  ( 8.852164071660341804, 60.16334194481436271, 12.00000000000000000 ) ) ;
#1604 = AXIS2_PLACEMENT_3D ( 'NONE', #1656, #745, #681 ) ;
#1605 = VERTEX_POINT ( 'NONE', #2937 ) ;
#1606 = ORIENTED_EDGE ( 'NONE', *, *, #3039, .F. ) ;
#1607 = CIRCLE ( 'NONE', #352, 29.01999999999999957 ) ;
#1608 = CARTESIAN_POINT ( 'NONE',  ( -19.85379107082052386, 233.6234248878680546, 0.000000000000000000 ) ) ;
#1609 = ORIENTED_EDGE ( 'NONE', *, *, #3014, .F. ) ;
#1610 = DIRECTION ( 'NONE',  ( 0.000000000000000000, 0.000000000000000000, -1.000000000000000000 ) ) ;
#1611 = VERTEX_POINT ( 'NONE', #2152 ) ;
#1612 = ADVANCED_FACE ( 'NONE', ( #2771 ), #3330, .F. ) ;
#1613 = ADVANCED_FACE ( 'NONE', ( #1754 ), #4023, .T. ) ;
#1614 = ORIENTED_EDGE ( 'NONE', *, *, #525, .F. ) ;
#1615 = CARTESIAN_POINT ( 'NONE',  ( 3.629779633311373210, 237.9706356505418796, 12.00000000000000000 ) ) ;
#1616 = ADVANCED_FACE ( 'NONE', ( #2437, #3706, #2075, #854, #2133, #181, #1434, #474, #3082, #2454, #1814, #3999, #2686, #1144, #3688, #3724, #1453, #3035, #1792, #540, #3018, #2725 ), #3385, .F. ) ;
#1617 = DIRECTION ( 'NONE',  ( 0.000000000000000000, 0.000000000000000000, -1.000000000000000000 ) ) ;
#1618 = AXIS2_PLACEMENT_3D ( 'NONE', #2231, #2467, #3492 ) ;
#1619 = CARTESIAN_POINT ( 'NONE',  ( -18.11684457972134510, 167.8563547454433547, 0.000000000000000000 ) ) ;
#1620 = CARTESIAN_POINT ( 'NONE',  ( -7.164176142698340577, 129.0092845977345917, 12.00000000000000000 ) ) ;
#1621 = ADVANCED_FACE ( 'NONE', ( #836 ), #2706, .F. ) ;
#1622 = EDGE_LOOP ( 'NONE', ( #3804, #991, #2226, #1695 ) ) ;
#1623 = DIRECTION ( 'NONE',  ( -1.000000000000000000, 0.000000000000000000, 0.000000000000000000 ) ) ;
#1624 = DIRECTION ( 'NONE',  ( 0.000000000000000000, 0.000000000000000000, -1.000000000000000000 ) ) ;
#1625 = CIRCLE ( 'NONE', #1765, 2.150000000000047873 ) ;
#1626 = CARTESIAN_POINT ( 'NONE',  ( 40.12063565054190661, 198.5202203666886760, 0.000000000000000000 ) ) ;
#1627 = AXIS2_PLACEMENT_3D ( 'NONE', #2541, #1288, #30 ) ;
#1628 = AXIS2_PLACEMENT_3D ( 'NONE', #1185, #1127, #874 ) ;
#1629 = DIRECTION ( 'NONE',  ( -1.000000000000000000, 0.000000000000000000, 0.000000000000000000 ) ) ;
#1630 = VERTEX_POINT ( 'NONE', #3367 ) ;
#1631 = DIRECTION ( 'NONE',  ( 0.000000000000000000, -0.000000000000000000, -1.000000000000000000 ) ) ;
#1632 = VERTEX_POINT ( 'NONE', #3959 ) ;
#1633 = ORIENTED_EDGE ( 'NONE', *, *, #1282, .F. ) ;
#1634 = EDGE_LOOP ( 'NONE', ( #33, #2765 ) ) ;
#1635 = FACE_OUTER_BOUND ( 'NONE', #364, .T. ) ;
#1636 = DIRECTION ( 'NONE',  ( -1.000000000000000000, 0.000000000000000000, 0.000000000000000000 ) ) ;
#1637 = SHAPE_DEFINITION_REPRESENTATION ( #1506, #3182 ) ;
#1638 = CARTESIAN_POINT ( 'NONE',  ( 0.000000000000000000, 0.000000000000000000, 12.00000000000000000 ) ) ;
#1639 = VECTOR ( 'NONE', #988, 999.9999999999998863 ) ;
#1640 = EDGE_LOOP ( 'NONE', ( #20, #945 ) ) ;
#1641 = EDGE_CURVE ( 'NONE', #2596, #2474, #2571, .T. ) ;
#1642 = ORIENTED_EDGE ( 'NONE', *, *, #346, .F. ) ;
#1643 = VECTOR ( 'NONE', #2104, 1000.000000000000000 ) ;
#1644 = CARTESIAN_POINT ( 'NONE',  ( 13.97147360531736382, 84.04915894620282302, 34.28877117602144153 ) ) ;
#1645 = CYLINDRICAL_SURFACE ( 'NONE', #443, 3.000000000000001776 ) ;
#1646 = DIRECTION ( 'NONE',  ( 0.5292510076846894673, 0.8484653032768875169, 0.000000000000000000 ) ) ;
#1647 = ORIENTED_EDGE ( 'NONE', *, *, #3419, .F. ) ;
#1648 = ORIENTED_EDGE ( 'NONE', *, *, #1254, .T. ) ;
#1649 = ORIENTED_EDGE ( 'NONE', *, *, #1803, .T. ) ;
#1650 = CYLINDRICAL_SURFACE ( 'NONE', #3422, 9.999999999999896971 ) ;
#1651 = ORIENTED_EDGE ( 'NONE', *, *, #372, .T. ) ;
#1652 = ORIENTED_EDGE ( 'NONE', *, *, #166, .T. ) ;
#1653 = AXIS2_PLACEMENT_3D ( 'NONE', #923, #2203, #3462 ) ;
#1654 = ADVANCED_FACE ( 'NONE', ( #1837 ), #202, .T. ) ;
#1655 = ORIENTED_EDGE ( 'NONE', *, *, #3580, .F. ) ;
#1656 = CARTESIAN_POINT ( 'NONE',  ( -4.319205177079739499, 128.0573706285193225, 12.00000000000000000 ) ) ;
#1657 = ORIENTED_EDGE ( 'NONE', *, *, #3452, .T. ) ;
#1658 = CARTESIAN_POINT ( 'NONE',  ( 2.853969548763554354, 88.37943440316534804, 12.00000000000000000 ) ) ;
#1659 = ORIENTED_EDGE ( 'NONE', *, *, #3213, .T. ) ;
#1660 = DIRECTION ( 'NONE',  ( -1.000000000000000000, 0.000000000000000000, 0.000000000000000000 ) ) ;
#1661 = AXIS2_PLACEMENT_3D ( 'NONE', #2897, #1924, #36 ) ;
#1662 = DIRECTION ( 'NONE',  ( 0.000000000000000000, -0.000000000000000000, -1.000000000000000000 ) ) ;
#1663 = CARTESIAN_POINT ( 'NONE',  ( 33.62342488786795514, 217.7037910708205288, 0.000000000000000000 ) ) ;
#1664 = EDGE_CURVE ( 'NONE', #417, #3553, #3428, .T. ) ;
#1665 = ORIENTED_EDGE ( 'NONE', *, *, #3072, .T. ) ;
#1666 = ORIENTED_EDGE ( 'NONE', *, *, #1113, .T. ) ;
#1667 = CARTESIAN_POINT ( 'NONE',  ( 0.000000000000000000, 0.000000000000000000, 12.00000000000000000 ) ) ;
#1668 = DIRECTION ( 'NONE',  ( 1.000000000000000000, 0.000000000000000000, 0.000000000000000000 ) ) ;
#1669 = LINE ( 'NONE', #3880, #2349 ) ;
#1670 = ADVANCED_FACE ( 'NONE', ( #3106 ), #3670, .F. ) ;
#1671 = EDGE_CURVE ( 'NONE', #2768, #828, #1976, .T. ) ;
#1672 = DIRECTION ( 'NONE',  ( -0.000000000000000000, 0.000000000000000000, 1.000000000000000000 ) ) ;
#1673 = EDGE_CURVE ( 'NONE', #2046, #2987, #713, .T. ) ;
#1674 = ADVANCED_FACE ( 'NONE', ( #1897 ), #2522, .F. ) ;
#1675 = CIRCLE ( 'NONE', #1273, 10.00000000000000178 ) ;
#1676 = DIRECTION ( 'NONE',  ( -0.000000000000000000, -0.000000000000000000, 1.000000000000000000 ) ) ;
#1677 = ORIENTED_EDGE ( 'NONE', *, *, #2922, .F. ) ;
#1678 = CARTESIAN_POINT ( 'NONE',  ( 0.000000000000000000, 200.0000000000000000, 8.000000000000000000 ) ) ;
#1679 = ORIENTED_EDGE ( 'NONE', *, *, #3121, .T. ) ;
#1680 = CIRCLE ( 'NONE', #4074, 8.000000000000001776 ) ;
#1681 = VECTOR ( 'NONE', #519, 1000.000000000000000 ) ;
#1682 = CARTESIAN_POINT ( 'NONE',  ( 35.84233149615536007, 177.1619336869403583, 0.000000000000000000 ) ) ;
#1683 = FACE_OUTER_BOUND ( 'NONE', #2239, .T. ) ;
#1684 = VERTEX_POINT ( 'NONE', #1595 ) ;
#1685 = DIRECTION ( 'NONE',  ( 0.000000000000000000, 0.000000000000000000, -1.000000000000000000 ) ) ;
#1686 = CARTESIAN_POINT ( 'NONE',  ( -29.97944302131860539, -0.7850393436441706063, 12.00000000000000000 ) ) ;
#1687 = ORIENTED_EDGE ( 'NONE', *, *, #190, .F. ) ;
#1688 = ORIENTED_EDGE ( 'NONE', *, *, #1385, .F. ) ;
#1689 = VECTOR ( 'NONE', #507, 1000.000000000000000 ) ;
#1690 = DIRECTION ( 'NONE',  ( -1.000000000000000000, 0.000000000000000000, 0.000000000000000000 ) ) ;
#1691 = DIRECTION ( 'NONE',  ( -0.000000000000000000, -0.000000000000000000, 1.000000000000000000 ) ) ;
#1692 = EDGE_CURVE ( 'NONE', #2624, #1040, #1801, .T. ) ;
#1693 = DIRECTION ( 'NONE',  ( -0.000000000000000000, 0.000000000000000000, 1.000000000000000000 ) ) ;
#1694 = AXIS2_PLACEMENT_3D ( 'NONE', #2932, #1712, #376 ) ;
#1695 = ORIENTED_EDGE ( 'NONE', *, *, #1747, .T. ) ;
#1696 = CARTESIAN_POINT ( 'NONE',  ( -17.70379107082048620, 233.6234248878680546, 0.000000000000000000 ) ) ;
#1697 = EDGE_CURVE ( 'NONE', #423, #4062, #2540, .T. ) ;
#1698 = EDGE_CURVE ( 'NONE', #405, #3876, #915, .T. ) ;
#1699 = VECTOR ( 'NONE', #2369, 1000.000000000000000 ) ;
#1700 = VECTOR ( 'NONE', #3872, 1000.000000000000000 ) ;
#1701 = CARTESIAN_POINT ( 'NONE',  ( -10.66923215908001410, 153.2007747378692954, 12.00000000000000000 ) ) ;
#1702 = VERTEX_POINT ( 'NONE', #4108 ) ;
#1703 = LINE ( 'NONE', #747, #2492 ) ;
#1704 = ORIENTED_EDGE ( 'NONE', *, *, #661, .F. ) ;
#1705 = AXIS2_PLACEMENT_3D ( 'NONE', #3777, #1196, #3464 ) ;
#1706 = AXIS2_PLACEMENT_3D ( 'NONE', #3429, #1594, #2521 ) ;
#1707 = VECTOR ( 'NONE', #3871, 1000.000000000000000 ) ;
#1708 = AXIS2_PLACEMENT_3D ( 'NONE', #2416, #1167, #2396 ) ;
#1709 = DIRECTION ( 'NONE',  ( 0.000000000000000000, -0.000000000000000000, -1.000000000000000000 ) ) ;
#1710 = DIRECTION ( 'NONE',  ( 1.000000000000000000, 0.000000000000000000, 0.000000000000000000 ) ) ;
#1711 = ORIENTED_EDGE ( 'NONE', *, *, #3752, .T. ) ;
#1712 = DIRECTION ( 'NONE',  ( -0.000000000000000000, 0.000000000000000000, 1.000000000000000000 ) ) ;
#1713 = ORIENTED_EDGE ( 'NONE', *, *, #3274, .T. ) ;
#1714 = EDGE_LOOP ( 'NONE', ( #2614, #3693, #2644, #2787 ) ) ;
#1715 = LINE ( 'NONE', #2585, #3593 ) ;
#1716 = CARTESIAN_POINT ( 'NONE',  ( 1.139166452566868128E-14, 106.9800000000000040, 4.000000000000003553 ) ) ;
#1717 = DIRECTION ( 'NONE',  ( 0.4377567027218494111, 0.8990934707927170644, 0.000000000000000000 ) ) ;
#1718 = VERTEX_POINT ( 'NONE', #982 ) ;
#1719 = ORIENTED_EDGE ( 'NONE', *, *, #3726, .T. ) ;
#1720 = DIRECTION ( 'NONE',  ( -0.000000000000000000, 0.000000000000000000, 1.000000000000000000 ) ) ;
#1721 = CIRCLE ( 'NONE', #3710, 3.000000000000002665 ) ;
#1722 = VERTEX_POINT ( 'NONE', #587 ) ;
#1723 = DIRECTION ( 'NONE',  ( 0.000000000000000000, 0.000000000000000000, -1.000000000000000000 ) ) ;
#1724 = EDGE_LOOP ( 'NONE', ( #2857, #2635 ) ) ;
#1725 = CARTESIAN_POINT ( 'NONE',  ( -18.49918820385033769, 38.32109201636676232, 12.00000000000000000 ) ) ;
#1726 = EDGE_CURVE ( 'NONE', #1151, #1018, #10, .T. ) ;
#1727 = VERTEX_POINT ( 'NONE', #3831 ) ;
#1728 = CARTESIAN_POINT ( 'NONE',  ( -21.68557643954152425, 100.4041488568196172, 12.00000000000000000 ) ) ;
#1729 = CARTESIAN_POINT ( 'NONE',  ( 0.000000000000000000, 0.000000000000000000, 0.000000000000000000 ) ) ;
#1730 = DIRECTION ( 'NONE',  ( -1.000000000000000000, 0.000000000000000000, 0.000000000000000000 ) ) ;
#1731 = ORIENTED_EDGE ( 'NONE', *, *, #1312, .F. ) ;
#1732 = VERTEX_POINT ( 'NONE', #3500 ) ;
#1733 = AXIS2_PLACEMENT_3D ( 'NONE', #694, #2302, #3294 ) ;
#1734 = DIRECTION ( 'NONE',  ( -0.000000000000000000, -0.000000000000000000, -1.000000000000000000 ) ) ;
#1735 = AXIS2_PLACEMENT_3D ( 'NONE', #57, #2339, #2033 ) ;
#1736 = LINE ( 'NONE', #2357, #976 ) ;
#1737 = CYLINDRICAL_SURFACE ( 'NONE', #758, 3.000000000000000000 ) ;
#1738 = ORIENTED_EDGE ( 'NONE', *, *, #2637, .F. ) ;
#1739 = CYLINDRICAL_SURFACE ( 'NONE', #1104, 42.50000000000000711 ) ;
#1740 = EDGE_CURVE ( 'NONE', #22, #2719, #2338, .T. ) ;
#1741 = CARTESIAN_POINT ( 'NONE',  ( -23.42766726487375806, 17.88881320346724735, 12.00000000000000000 ) ) ;
#1742 = ORIENTED_EDGE ( 'NONE', *, *, #3279, .F. ) ;
#1743 = CARTESIAN_POINT ( 'NONE',  ( -26.13104821838503256, 157.8630924785232992, 0.000000000000000000 ) ) ;
#1744 = EDGE_CURVE ( 'NONE', #2543, #395, #3516, .T. ) ;
#1745 = DIRECTION ( 'NONE',  ( -0.000000000000000000, -0.000000000000000000, -1.000000000000000000 ) ) ;
#1746 = EDGE_CURVE ( 'NONE', #379, #1018, #196, .T. ) ;
#1747 = EDGE_CURVE ( 'NONE', #3869, #1732, #1938, .T. ) ;
#1748 = CARTESIAN_POINT ( 'NONE',  ( 1.139166452566868128E-14, 106.9800000000000040, 0.000000000000000000 ) ) ;
#1749 = CIRCLE ( 'NONE', #3814, 3.000000000000000000 ) ;
#1750 = ORIENTED_EDGE ( 'NONE', *, *, #2995, .F. ) ;
#1751 = ORIENTED_EDGE ( 'NONE', *, *, #3654, .T. ) ;
#1752 = EDGE_CURVE ( 'NONE', #1482, #70, #1224, .T. ) ;
#1753 = LINE ( 'NONE', #3314, #207 ) ;
#1754 = FACE_OUTER_BOUND ( 'NONE', #1809, .T. ) ;
#1755 = EDGE_CURVE ( 'NONE', #45, #4116, #1523, .T. ) ;
#1756 = DIRECTION ( 'NONE',  ( -0.3173046564050853724, -0.9483236552062015434, 0.000000000000000000 ) ) ;
#1757 = ORIENTED_EDGE ( 'NONE', *, *, #2533, .F. ) ;
#1758 = CYLINDRICAL_SURFACE ( 'NONE', #499, 10.00000000000000178 ) ;
#1759 = DIRECTION ( 'NONE',  ( 0.000000000000000000, 0.000000000000000000, -1.000000000000000000 ) ) ;
#1760 = CIRCLE ( 'NONE', #891, 2.150000000000040767 ) ;
#1761 = ORIENTED_EDGE ( 'NONE', *, *, #2084, .F. ) ;
#1762 = CIRCLE ( 'NONE', #1156, 30.00000000000000000 ) ;
#1763 = CARTESIAN_POINT ( 'NONE',  ( 8.032265735583862920, -0.8442251475892392776, 12.00000000000000000 ) ) ;
#1764 = DIRECTION ( 'NONE',  ( 0.000000000000000000, 0.000000000000000000, -1.000000000000000000 ) ) ;
#1765 = AXIS2_PLACEMENT_3D ( 'NONE', #467, #2446, #1785 ) ;
#1766 = CIRCLE ( 'NONE', #3495, 2.999999999999999112 ) ;
#1767 = VECTOR ( 'NONE', #1866, 1000.000000000000000 ) ;
#1768 = DIRECTION ( 'NONE',  ( -0.000000000000000000, -0.000000000000000000, 1.000000000000000000 ) ) ;
#1769 = DIRECTION ( 'NONE',  ( 0.000000000000000000, -0.000000000000000000, -1.000000000000000000 ) ) ;
#1770 = ORIENTED_EDGE ( 'NONE', *, *, #2648, .F. ) ;
#1771 = ORIENTED_EDGE ( 'NONE', *, *, #2084, .T. ) ;
#1772 = EDGE_CURVE ( 'NONE', #3699, #2882, #534, .T. ) ;
#1773 = DIRECTION ( 'NONE',  ( -1.000000000000000000, 0.000000000000000000, 0.000000000000000000 ) ) ;
#1774 = CARTESIAN_POINT ( 'NONE',  ( -37.97063565054187961, 201.4797796333113240, 0.000000000000000000 ) ) ;
#1775 = VECTOR ( 'NONE', #3171, 1000.000000000000000 ) ;
#1776 = DIRECTION ( 'NONE',  ( -1.000000000000000000, 0.000000000000000000, 0.000000000000000000 ) ) ;
#1777 = EDGE_CURVE ( 'NONE', #2557, #261, #3387, .T. ) ;
#1778 = ORIENTED_EDGE ( 'NONE', *, *, #195, .T. ) ;
#1779 = LINE ( 'NONE', #2156, #2761 ) ;
#1780 = DIRECTION ( 'NONE',  ( 1.000000000000000000, 0.000000000000000000, 0.000000000000000000 ) ) ;
#1781 = EDGE_LOOP ( 'NONE', ( #3761, #3003, #2031, #2108 ) ) ;
#1782 = CIRCLE ( 'NONE', #2379, 2.150000000000047873 ) ;
#1783 = LINE ( 'NONE', #191, #1124 ) ;
#1784 = CARTESIAN_POINT ( 'NONE',  ( 17.70379107082048620, 166.3765751121320307, 12.00000000000000000 ) ) ;
#1785 = DIRECTION ( 'NONE',  ( 1.000000000000000000, 0.000000000000000000, 0.000000000000000000 ) ) ;
#1786 = CARTESIAN_POINT ( 'NONE',  ( -19.26740456647706878, 118.0489102432103721, 12.00000000000000000 ) ) ;
#1787 = VERTEX_POINT ( 'NONE', #670 ) ;
#1788 = CARTESIAN_POINT ( 'NONE',  ( 14.78279648097493038, 116.3653061574348015, 35.87825762969472265 ) ) ;
#1789 = ORIENTED_EDGE ( 'NONE', *, *, #3784, .T. ) ;
#1790 = ORIENTED_EDGE ( 'NONE', *, *, #2287, .F. ) ;
#1791 = CARTESIAN_POINT ( 'NONE',  ( 16.91994825003060399, 83.71642544827824395, 12.00000000000000000 ) ) ;
#1792 = FACE_BOUND ( 'NONE', #3514, .T. ) ;
#1793 = CARTESIAN_POINT ( 'NONE',  ( 3.740731837657827352, 152.1459831851208833, -5.999999999999998224 ) ) ;
#1794 = DIRECTION ( 'NONE',  ( 1.000000000000000000, 0.000000000000000000, 0.000000000000000000 ) ) ;
#1795 = EDGE_CURVE ( 'NONE', #2140, #2749, #2666, .T. ) ;
#1796 = CARTESIAN_POINT ( 'NONE',  ( 17.70379107082048620, 166.3765751121320307, 0.000000000000000000 ) ) ;
#1797 = AXIS2_PLACEMENT_3D ( 'NONE', #3130, #1624, #2878 ) ;
#1798 = EDGE_CURVE ( 'NONE', #806, #2986, #1917, .T. ) ;
#1799 = ORIENTED_EDGE ( 'NONE', *, *, #1772, .F. ) ;
#1800 = ORIENTED_EDGE ( 'NONE', *, *, #1032, .F. ) ;
#1801 = CIRCLE ( 'NONE', #2011, 4.000000000000007105 ) ;
#1802 = EDGE_CURVE ( 'NONE', #2263, #1964, #4064, .T. ) ;
#1803 = EDGE_CURVE ( 'NONE', #3157, #4115, #3743, .T. ) ;
#1804 = CARTESIAN_POINT ( 'NONE',  ( 29.01999999999999957, 200.0000000000000000, 11.99999999999999645 ) ) ;
#1805 = DIRECTION ( 'NONE',  ( 0.000000000000000000, 0.000000000000000000, -1.000000000000000000 ) ) ;
#1806 = PLANE ( 'NONE',  #565 ) ;
#1807 = ORIENTED_EDGE ( 'NONE', *, *, #3225, .F. ) ;
#1808 = FACE_OUTER_BOUND ( 'NONE', #149, .T. ) ;
#1809 = EDGE_LOOP ( 'NONE', ( #3151, #2421, #2515, #3263 ) ) ;
#1810 = DIRECTION ( 'NONE',  ( -1.000000000000000000, 0.000000000000000000, 0.000000000000000000 ) ) ;
#1811 = EDGE_LOOP ( 'NONE', ( #2093, #1336 ) ) ;
#1812 = ORIENTED_EDGE ( 'NONE', *, *, #4039, .F. ) ;
#1813 = DIRECTION ( 'NONE',  ( -0.000000000000000000, -0.000000000000000000, -1.000000000000000000 ) ) ;
#1814 = FACE_BOUND ( 'NONE', #557, .T. ) ;
#1815 = CYLINDRICAL_SURFACE ( 'NONE', #1479, 42.50000000000000711 ) ;
#1816 = AXIS2_PLACEMENT_3D ( 'NONE', #2043, #2674, #2403 ) ;
#1817 = EDGE_LOOP ( 'NONE', ( #130, #490 ) ) ;
#1818 = CIRCLE ( 'NONE', #2677, 1.649999999999999467 ) ;
#1819 = VECTOR ( 'NONE', #1454, 1000.000000000000000 ) ;
#1820 = DIRECTION ( 'NONE',  ( 0.1045284632676537623, 0.9945218953682734009, 0.000000000000000000 ) ) ;
#1821 = PLANE ( 'NONE',  #3791 ) ;
#1822 = ORIENTED_EDGE ( 'NONE', *, *, #3465, .T. ) ;
#1823 = ORIENTED_EDGE ( 'NONE', *, *, #3369, .T. ) ;
#1824 = EDGE_CURVE ( 'NONE', #2999, #3172, #607, .T. ) ;
#1825 = CARTESIAN_POINT ( 'NONE',  ( -20.26684457972138631, 167.8563547454433547, 0.000000000000000000 ) ) ;
#1826 = VECTOR ( 'NONE', #3052, 1000.000000000000000 ) ;
#1827 = CARTESIAN_POINT ( 'NONE',  ( 1.139166452566868128E-14, 106.9800000000000040, 35.87825762969472265 ) ) ;
#1828 = CYLINDRICAL_SURFACE ( 'NONE', #2246, 4.305309398542336297 ) ;
#1829 = EDGE_CURVE ( 'NONE', #3996, #3857, #1045, .T. ) ;
#1830 = CARTESIAN_POINT ( 'NONE',  ( 19.85379107082052386, 166.3765751121320307, 0.000000000000000000 ) ) ;
#1831 = VERTEX_POINT ( 'NONE', #773 ) ;
#1832 = DIRECTION ( 'NONE',  ( 0.000000000000000000, 0.000000000000000000, 1.000000000000000000 ) ) ;
#1833 = ORIENTED_EDGE ( 'NONE', *, *, #424, .T. ) ;
#1834 = VERTEX_POINT ( 'NONE', #3246 ) ;
#1835 = CARTESIAN_POINT ( 'NONE',  ( -30.00000000000000000, 0.000000000000000000, 0.000000000000000000 ) ) ;
#1836 = PRODUCT_DEFINITION_FORMATION_WITH_SPECIFIED_SOURCE ( 'å¯', '', #502, .NOT_KNOWN. ) ;
#1837 = FACE_OUTER_BOUND ( 'NONE', #3406, .T. ) ;
#1838 = AXIS2_PLACEMENT_3D ( 'NONE', #1696, #1418, #1034 ) ;
#1839 = DIRECTION ( 'NONE',  ( -0.000000000000000000, -0.000000000000000000, -1.000000000000000000 ) ) ;
#1840 = ORIENTED_EDGE ( 'NONE', *, *, #3835, .F. ) ;
#1841 = VECTOR ( 'NONE', #3185, 1000.000000000000000 ) ;
#1842 = ORIENTED_EDGE ( 'NONE', *, *, #3168, .F. ) ;
#1843 = CIRCLE ( 'NONE', #3360, 2.150000000000047873 ) ;
#1844 = DIRECTION ( 'NONE',  ( 0.8484653032768875169, -0.5292510076846895783, 0.000000000000000000 ) ) ;
#1845 = FACE_OUTER_BOUND ( 'NONE', #157, .T. ) ;
#1846 = DIRECTION ( 'NONE',  ( 0.000000000000000000, 0.000000000000000000, 1.000000000000000000 ) ) ;
#1847 = DIRECTION ( 'NONE',  ( 1.000000000000000000, 0.000000000000000000, 0.000000000000000000 ) ) ;
#1848 = AXIS2_PLACEMENT_3D ( 'NONE', #3664, #811, #2718 ) ;
#1849 = EDGE_CURVE ( 'NONE', #1182, #3080, #3266, .T. ) ;
#1850 = DIRECTION ( 'NONE',  ( -0.000000000000000000, -0.000000000000000000, -1.000000000000000000 ) ) ;
#1851 = EDGE_LOOP ( 'NONE', ( #1585, #2233, #3099, #2662, #3146, #692, #1981 ) ) ;
#1852 = CYLINDRICAL_SURFACE ( 'NONE', #1618, 2.150000000000037215 ) ;
#1853 = ORIENTED_EDGE ( 'NONE', *, *, #1383, .F. ) ;
#1854 = DIRECTION ( 'NONE',  ( -0.000000000000000000, -0.000000000000000000, -1.000000000000000000 ) ) ;
#1855 = ADVANCED_FACE ( 'NONE', ( #2640 ), #3895, .F. ) ;
#1856 = CARTESIAN_POINT ( 'NONE',  ( -13.13156269361432393, 31.37286657672619228, 44.10498422959205556 ) ) ;
#1857 = CARTESIAN_POINT ( 'NONE',  ( -8.790623826246367400, 22.34289669549204049, 44.10498422959205556 ) ) ;
#1858 = DIRECTION ( 'NONE',  ( -1.000000000000000000, 0.000000000000000000, 0.000000000000000000 ) ) ;
#1859 = AXIS2_PLACEMENT_3D ( 'NONE', #1082, #2049, #2161 ) ;
#1860 = ORIENTED_EDGE ( 'NONE', *, *, #3323, .T. ) ;
#1861 = CARTESIAN_POINT ( 'NONE',  ( 21.82814405535335567, 20.57989618775425100, 12.00000000000000000 ) ) ;
#1862 = CARTESIAN_POINT ( 'NONE',  ( 29.99364525455661479, 179.7331554202786208, 12.00000000000000000 ) ) ;
#1863 = CIRCLE ( 'NONE', #3260, 2.150000000000037215 ) ;
#1864 = CARTESIAN_POINT ( 'NONE',  ( 3.740731837657827352, 152.1459831851208833, 0.000000000000000000 ) ) ;
#1865 = CARTESIAN_POINT ( 'NONE',  ( 16.57868068236613723, 96.86825066035217446, 34.28877117602144153 ) ) ;
#1866 = DIRECTION ( 'NONE',  ( -0.000000000000000000, 0.000000000000000000, -1.000000000000000000 ) ) ;
#1867 = VERTEX_POINT ( 'NONE', #1986 ) ;
#1868 = CARTESIAN_POINT ( 'NONE',  ( -10.25511759155189218, 26.06516186758568310, 44.10498422959205556 ) ) ;
#1869 = ORIENTED_EDGE ( 'NONE', *, *, #8, .F. ) ;
#1870 = DIRECTION ( 'NONE',  ( 0.000000000000000000, 0.000000000000000000, 1.000000000000000000 ) ) ;
#1871 = ORIENTED_EDGE ( 'NONE', *, *, #380, .F. ) ;
#1872 = ADVANCED_FACE ( 'NONE', ( #1683 ), #1063, .F. ) ;
#1873 = EDGE_CURVE ( 'NONE', #1632, #2987, #1000, .T. ) ;
#1874 = DIRECTION ( 'NONE',  ( -0.000000000000000000, -0.000000000000000000, -1.000000000000000000 ) ) ;
#1875 = CARTESIAN_POINT ( 'NONE',  ( -10.77357109372907651, 61.04159370077901059, 5.000000000000000000 ) ) ;
#1876 = DIRECTION ( 'NONE',  ( -0.000000000000000000, -0.000000000000000000, -1.000000000000000000 ) ) ;
#1877 = DIRECTION ( 'NONE',  ( -0.000000000000000000, -0.000000000000000000, 1.000000000000000000 ) ) ;
#1878 = ORIENTED_EDGE ( 'NONE', *, *, #2435, .F. ) ;
#1879 = EDGE_CURVE ( 'NONE', #2010, #942, #2830, .T. ) ;
#1880 = CARTESIAN_POINT ( 'NONE',  ( 42.50000000000000711, 200.0000000000000000, 8.000000000000000000 ) ) ;
#1881 = AXIS2_PLACEMENT_3D ( 'NONE', #2746, #1473, #1143 ) ;
#1882 = LINE ( 'NONE', #2547, #531 ) ;
#1883 = AXIS2_PLACEMENT_3D ( 'NONE', #3865, #42, #1629 ) ;
#1884 = CIRCLE ( 'NONE', #2222, 16.01000000000000156 ) ;
#1885 = ORIENTED_EDGE ( 'NONE', *, *, #34, .T. ) ;
#1886 = DIRECTION ( 'NONE',  ( 0.1045284632676537623, 0.9945218953682734009, 0.000000000000000000 ) ) ;
#1887 = CARTESIAN_POINT ( 'NONE',  ( -10.66923215908001410, 153.2007747378692954, 0.000000000000000000 ) ) ;
#1888 = DIRECTION ( 'NONE',  ( -0.000000000000000000, -0.000000000000000000, -1.000000000000000000 ) ) ;
#1889 = ORIENTED_EDGE ( 'NONE', *, *, #2452, .T. ) ;
#1890 = VECTOR ( 'NONE', #2798, 1000.000000000000000 ) ;
#1891 = DIRECTION ( 'NONE',  ( -0.000000000000000000, 0.000000000000000000, 1.000000000000000000 ) ) ;
#1892 = ORIENTED_EDGE ( 'NONE', *, *, #4098, .T. ) ;
#1893 = CARTESIAN_POINT ( 'NONE',  ( -4.319205177079739499, 128.0573706285193225, 0.000000000000000000 ) ) ;
#1894 = AXIS2_PLACEMENT_3D ( 'NONE', #12, #1289, #286 ) ;
#1895 = VERTEX_POINT ( 'NONE', #2027 ) ;
#1896 = CARTESIAN_POINT ( 'NONE',  ( -1.491478871785758997, 55.25166140429880102, 0.000000000000000000 ) ) ;
#1897 = FACE_OUTER_BOUND ( 'NONE', #294, .T. ) ;
#1898 = CYLINDRICAL_SURFACE ( 'NONE', #568, 29.01999999999999957 ) ;
#1899 = CARTESIAN_POINT ( 'NONE',  ( 2.853969548763554354, 88.37943440316534804, 0.000000000000000000 ) ) ;
#1900 = ORIENTED_EDGE ( 'NONE', *, *, #3528, .F. ) ;
#1901 = AXIS2_PLACEMENT_3D ( 'NONE', #1678, #2948, #90 ) ;
#1902 = VECTOR ( 'NONE', #1876, 1000.000000000000000 ) ;
#1903 = ORIENTED_EDGE ( 'NONE', *, *, #339, .T. ) ;
#1904 = DIRECTION ( 'NONE',  ( -0.8537321313000749701, 0.5207124427031023517, -0.000000000000000000 ) ) ;
#1905 = EDGE_CURVE ( 'NONE', #3797, #3727, #3901, .T. ) ;
#1906 = VECTOR ( 'NONE', #147, 999.9999999999998863 ) ;
#1907 = VECTOR ( 'NONE', #2618, 1000.000000000000000 ) ;
#1908 = ADVANCED_FACE ( 'NONE', ( #3579 ), #349, .F. ) ;
#1909 = CARTESIAN_POINT ( 'NONE',  ( -19.85379107082052386, 233.6234248878680546, 0.000000000000000000 ) ) ;
#1910 = FACE_OUTER_BOUND ( 'NONE', #396, .T. ) ;
#1911 = EDGE_CURVE ( 'NONE', #1831, #3667, #1042, .T. ) ;
#1912 = CARTESIAN_POINT ( 'NONE',  ( -7.319205177079739499, 128.0573706285193225, 12.00000000000000000 ) ) ;
#1913 = VERTEX_POINT ( 'NONE', #1386 ) ;
#1914 = DIRECTION ( 'NONE',  ( 1.000000000000000000, 0.000000000000000000, 0.000000000000000000 ) ) ;
#1915 = VERTEX_POINT ( 'NONE', #2660 ) ;
#1916 = CARTESIAN_POINT ( 'NONE',  ( 6.950846834068205915, 27.13385022972825311, 11.99999999999999645 ) ) ;
#1917 = LINE ( 'NONE', #3186, #1462 ) ;
#1918 = VECTOR ( 'NONE', #3466, 1000.000000000000000 ) ;
#1919 = CARTESIAN_POINT ( 'NONE',  ( -3.971446131921727130, 89.71967326029397327, 12.00000000000000000 ) ) ;
#1920 = DIRECTION ( 'NONE',  ( -0.000000000000000000, -0.000000000000000000, -1.000000000000000000 ) ) ;
#1921 = ORIENTED_EDGE ( 'NONE', *, *, #63, .F. ) ;
#1922 = ORIENTED_EDGE ( 'NONE', *, *, #4035, .T. ) ;
#1923 = EDGE_CURVE ( 'NONE', #3583, #611, #3937, .T. ) ;
#1924 = DIRECTION ( 'NONE',  ( 0.000000000000000000, -0.000000000000000000, -1.000000000000000000 ) ) ;
#1925 = EDGE_CURVE ( 'NONE', #1964, #1611, #2107, .T. ) ;
#1926 = CARTESIAN_POINT ( 'NONE',  ( 14.22010219368885764, 58.02910609794742669, 0.000000000000000000 ) ) ;
#1927 = ORIENTED_EDGE ( 'NONE', *, *, #469, .F. ) ;
#1928 = ADVANCED_FACE ( 'NONE', ( #1344 ), #2978, .T. ) ;
#1929 = EDGE_CURVE ( 'NONE', #2675, #3157, #2632, .T. ) ;
#1930 = ADVANCED_FACE ( 'NONE', ( #2930 ), #1959, .T. ) ;
#1931 = VECTOR ( 'NONE', #1994, 1000.000000000000000 ) ;
#1932 = DIRECTION ( 'NONE',  ( 0.000000000000000000, 0.000000000000000000, -1.000000000000000000 ) ) ;
#1933 = ORIENTED_EDGE ( 'NONE', *, *, #453, .F. ) ;
#1934 = CARTESIAN_POINT ( 'NONE',  ( -18.49918820385033769, 38.32109201636676232, 5.000000000000000000 ) ) ;
#1935 = ORIENTED_EDGE ( 'NONE', *, *, #2360, .T. ) ;
#1936 = VERTEX_POINT ( 'NONE', #94 ) ;
#1937 = DIRECTION ( 'NONE',  ( 1.000000000000000000, 0.000000000000000000, 0.000000000000000000 ) ) ;
#1938 = LINE ( 'NONE', #1856, #3198 ) ;
#1939 = FACE_OUTER_BOUND ( 'NONE', #3470, .T. ) ;
#1940 = DIRECTION ( 'NONE',  ( 0.000000000000000000, -0.000000000000000000, -1.000000000000000000 ) ) ;
#1941 = ORIENTED_EDGE ( 'NONE', *, *, #2990, .T. ) ;
#1942 = CARTESIAN_POINT ( 'NONE',  ( -1.491478871785758997, 55.25166140429880102, 5.000000000000000000 ) ) ;
#1943 = LINE ( 'NONE', #2859, #740 ) ;
#1944 = ORIENTED_EDGE ( 'NONE', *, *, #608, .T. ) ;
#1945 = DIRECTION ( 'NONE',  ( -0.000000000000000000, -0.000000000000000000, 1.000000000000000000 ) ) ;
#1946 = VECTOR ( 'NONE', #574, 1000.000000000000000 ) ;
#1947 = VERTEX_POINT ( 'NONE', #3204 ) ;
#1948 = EDGE_CURVE ( 'NONE', #472, #2355, #2248, .T. ) ;
#1949 = ORIENTED_EDGE ( 'NONE', *, *, #3217, .T. ) ;
#1950 = CIRCLE ( 'NONE', #13, 2.999999999999995559 ) ;
#1951 = CARTESIAN_POINT ( 'NONE',  ( 2.853969548763554354, 88.37943440316534804, 34.28877117602144153 ) ) ;
#1952 = ORIENTED_EDGE ( 'NONE', *, *, #2241, .F. ) ;
#1953 = CARTESIAN_POINT ( 'NONE',  ( 1.479779633311334441, 237.9706356505418796, 12.00000000000000000 ) ) ;
#1954 = EDGE_CURVE ( 'NONE', #783, #2847, #2381, .T. ) ;
#1955 = VERTEX_POINT ( 'NONE', #3954 ) ;
#1956 = ORIENTED_EDGE ( 'NONE', *, *, #2479, .T. ) ;
#1957 = ORIENTED_EDGE ( 'NONE', *, *, #2606, .F. ) ;
#1958 = CARTESIAN_POINT ( 'NONE',  ( 5.958223223348005249, 23.25896979706444156, 12.00000000000001066 ) ) ;
#1959 = CYLINDRICAL_SURFACE ( 'NONE', #440, 45.00000000000000711 ) ;
#1960 = CIRCLE ( 'NONE', #3016, 3.000000000000006217 ) ;
#1961 = CIRCLE ( 'NONE', #17, 2.999999999999884537 ) ;
#1962 = PRODUCT_CONTEXT ( 'NONE', #1528, 'mechanical' ) ;
#1963 = LINE ( 'NONE', #3311, #486 ) ;
#1964 = VERTEX_POINT ( 'NONE', #1786 ) ;
#1965 = ORIENTED_EDGE ( 'NONE', *, *, #2865, .T. ) ;
#1966 = ORIENTED_EDGE ( 'NONE', *, *, #728, .T. ) ;
#1967 = CARTESIAN_POINT ( 'NONE',  ( -23.13207624345835711, 157.9416233234468621, 0.000000000000000000 ) ) ;
#1968 = CARTESIAN_POINT ( 'NONE',  ( 37.77712508579915607, 157.7911683143759376, 12.00000000000000000 ) ) ;
#1969 = AXIS2_PLACEMENT_3D ( 'NONE', #110, #683, #3932 ) ;
#1970 = EDGE_LOOP ( 'NONE', ( #3312, #1483 ) ) ;
#1971 = AXIS2_PLACEMENT_3D ( 'NONE', #2066, #3661, #1119 ) ;
#1972 = CARTESIAN_POINT ( 'NONE',  ( -1.479779633311362197, 162.0293643494581488, 0.000000000000000000 ) ) ;
#1973 = AXIS2_PLACEMENT_3D ( 'NONE', #672, #3166, #4127 ) ;
#1974 = MANIFOLD_SOLID_BREP ( '\X2\51f853f0\X0\-\X2\62c94f38\X0\8', #1245 ) ;
#1975 = EDGE_CURVE ( 'NONE', #3889, #3797, #3646, .T. ) ;
#1976 = CIRCLE ( 'NONE', #2502, 2.150000000000047873 ) ;
#1977 = DIRECTION ( 'NONE',  ( 0.000000000000000000, 0.000000000000000000, -1.000000000000000000 ) ) ;
#1978 = ORIENTED_EDGE ( 'NONE', *, *, #1588, .F. ) ;
#1979 = FACE_OUTER_BOUND ( 'NONE', #3136, .T. ) ;
#1980 = ORIENTED_EDGE ( 'NONE', *, *, #2116, .F. ) ;
#1981 = ORIENTED_EDGE ( 'NONE', *, *, #1925, .T. ) ;
#1982 = ORIENTED_EDGE ( 'NONE', *, *, #1157, .T. ) ;
#1983 = ADVANCED_FACE ( 'NONE', ( #3011 ), #827, .T. ) ;
#1984 = EDGE_CURVE ( 'NONE', #2374, #2105, #1427, .T. ) ;
#1985 = CARTESIAN_POINT ( 'NONE',  ( -16.01000000000000156, 1.960659525434912309E-15, 0.000000000000000000 ) ) ;
#1986 = CARTESIAN_POINT ( 'NONE',  ( -8.790623826246367400, 22.34289669549204049, 0.000000000000000000 ) ) ;
#1987 = EDGE_CURVE ( 'NONE', #1399, #1125, #3310, .T. ) ;
#1988 = CARTESIAN_POINT ( 'NONE',  ( -32.14364525455665955, 220.2668445797214076, 0.000000000000000000 ) ) ;
#1989 = DIRECTION ( 'NONE',  ( 0.1045284632676539704, 0.9945218953682732899, 0.000000000000000000 ) ) ;
#1990 = ORIENTED_EDGE ( 'NONE', *, *, #2477, .T. ) ;
#1991 = ORIENTED_EDGE ( 'NONE', *, *, #1161, .F. ) ;
#1992 = EDGE_LOOP ( 'NONE', ( #471, #3942, #2584, #584 ) ) ;
#1993 = EDGE_CURVE ( 'NONE', #3792, #2519, #2058, .T. ) ;
#1994 = DIRECTION ( 'NONE',  ( -0.000000000000000000, -0.000000000000000000, -1.000000000000000000 ) ) ;
#1995 = CARTESIAN_POINT ( 'NONE',  ( -21.68557643954152425, 100.4041488568196172, 12.00000000000000000 ) ) ;
#1996 = CARTESIAN_POINT ( 'NONE',  ( -32.73402804639043495, 15.93776470399486911, 5.000000000000000000 ) ) ;
#1997 = ORIENTED_EDGE ( 'NONE', *, *, #1009, .T. ) ;
#1998 = CARTESIAN_POINT ( 'NONE',  ( -1.491478871785756555, 55.25166140429880102, 7.000000000000000000 ) ) ;
#1999 = CARTESIAN_POINT ( 'NONE',  ( 18.53569108914271624, 115.2326213749040846, 12.00000000000000000 ) ) ;
#2000 = DIRECTION ( 'NONE',  ( -1.000000000000000000, 0.000000000000000000, 0.000000000000000000 ) ) ;
#2001 = ORIENTED_EDGE ( 'NONE', *, *, #3892, .T. ) ;
#2002 = CARTESIAN_POINT ( 'NONE',  ( 32.14364525455665245, 179.7331554202786208, 0.000000000000000000 ) ) ;
#2003 = CIRCLE ( 'NONE', #194, 1.649999999999999467 ) ;
#2004 = CARTESIAN_POINT ( 'NONE',  ( 0.000000000000000000, 200.0000000000000000, -5.999999999999998224 ) ) ;
#2005 = LINE ( 'NONE', #689, #1499 ) ;
#2006 = DIRECTION ( 'NONE',  ( -0.1045284632676534986, -0.9945218953682734009, 0.000000000000000000 ) ) ;
#2007 = EDGE_CURVE ( 'NONE', #2046, #1913, #2764, .T. ) ;
#2008 = ADVANCED_FACE ( 'NONE', ( #2447 ), #3338, .F. ) ;
#2009 = EDGE_LOOP ( 'NONE', ( #532, #3292, #1742, #1633 ) ) ;
#2010 = VERTEX_POINT ( 'NONE', #2701 ) ;
#2011 = AXIS2_PLACEMENT_3D ( 'NONE', #2172, #1247, #4126 ) ;
#2012 = CYLINDRICAL_SURFACE ( 'NONE', #1070, 30.00000000000000000 ) ;
#2013 = LINE ( 'NONE', #2959, #1048 ) ;
#2014 = DIRECTION ( 'NONE',  ( -0.8990934707927171754, 0.4377567027218491336, 0.000000000000000000 ) ) ;
#2015 = EDGE_CURVE ( 'NONE', #1519, #2624, #3075, .T. ) ;
#2016 = ADVANCED_FACE ( 'NONE', ( #1808 ), #217, .F. ) ;
#2017 = EDGE_CURVE ( 'NONE', #1520, #2448, #39, .T. ) ;
#2018 = CARTESIAN_POINT ( 'NONE',  ( 32.14364525455665245, 179.7331554202786208, 0.000000000000000000 ) ) ;
#2019 = ORIENTED_EDGE ( 'NONE', *, *, #1697, .T. ) ;
#2020 = VECTOR ( 'NONE', #1734, 1000.000000000000000 ) ;
#2021 = CARTESIAN_POINT ( 'NONE',  ( 40.12063565054190661, 198.5202203666886760, 12.00000000000000000 ) ) ;
#2022 = ORIENTED_EDGE ( 'NONE', *, *, #1137, .F. ) ;
#2023 = CARTESIAN_POINT ( 'NONE',  ( 18.73342452113092449, 115.3206579708697319, 0.000000000000000000 ) ) ;
#2024 = EDGE_LOOP ( 'NONE', ( #3321, #2022, #2054, #359 ) ) ;
#2025 = AXIS2_PLACEMENT_3D ( 'NONE', #1793, #3036, #182 ) ;
#2026 = DIRECTION ( 'NONE',  ( 1.000000000000000000, 0.000000000000000000, 0.000000000000000000 ) ) ;
#2027 = CARTESIAN_POINT ( 'NONE',  ( -0.6702203666887041056, 237.9706356505418796, 0.000000000000000000 ) ) ;
#2028 =( NAMED_UNIT ( * ) PLANE_ANGLE_UNIT ( ) SI_UNIT ( $, .RADIAN. ) );
#2029 = DIRECTION ( 'NONE',  ( 1.000000000000000000, 0.000000000000000000, 0.000000000000000000 ) ) ;
#2030 = ORIENTED_EDGE ( 'NONE', *, *, #4090, .F. ) ;
#2031 = ORIENTED_EDGE ( 'NONE', *, *, #1873, .T. ) ;
#2032 = VERTEX_POINT ( 'NONE', #3717 ) ;
#2033 = DIRECTION ( 'NONE',  ( 0.3173046564050854834, 0.9483236552062014324, 0.000000000000000000 ) ) ;
#2034 = AXIS2_PLACEMENT_3D ( 'NONE', #3077, #219, #1470 ) ;
#2035 = CARTESIAN_POINT ( 'NONE',  ( -3.971446131921727130, 89.71967326029397327, 12.00000000000000000 ) ) ;
#2036 = FACE_OUTER_BOUND ( 'NONE', #1142, .T. ) ;
#2037 = ORIENTED_EDGE ( 'NONE', *, *, #1802, .T. ) ;
#2038 = CIRCLE ( 'NONE', #3815, 2.999999999999537703 ) ;
#2039 = ADVANCED_FACE ( 'NONE', ( #2050 ), #2996, .T. ) ;
#2040 = DIRECTION ( 'NONE',  ( 1.000000000000000000, 0.000000000000000000, 0.000000000000000000 ) ) ;
#2041 = AXIS2_PLACEMENT_3D ( 'NONE', #2903, #1059, #2000 ) ;
#2042 = CIRCLE ( 'NONE', #233, 9.999999999999896971 ) ;
#2043 = CARTESIAN_POINT ( 'NONE',  ( -4.319205177079739499, 128.0573706285193225, -5.999999999999998224 ) ) ;
#2044 = VERTEX_POINT ( 'NONE', #599 ) ;
#2045 = CARTESIAN_POINT ( 'NONE',  ( 0.8957608720392279400, 153.0978971543361808, 0.000000000000000000 ) ) ;
#2046 = VERTEX_POINT ( 'NONE', #1912 ) ;
#2047 = EDGE_CURVE ( 'NONE', #2675, #1133, #2866, .T. ) ;
#2048 = AXIS2_PLACEMENT_3D ( 'NONE', #1265, #2495, #4080 ) ;
#2049 = DIRECTION ( 'NONE',  ( 0.000000000000000000, 0.000000000000000000, 1.000000000000000000 ) ) ;
#2050 = FACE_OUTER_BOUND ( 'NONE', #2089, .T. ) ;
#2051 = CYLINDRICAL_SURFACE ( 'NONE', #901, 2.150000000000037215 ) ;
#2052 = DIRECTION ( 'NONE',  ( -0.1045284632676539704, -0.9945218953682732899, 0.000000000000000000 ) ) ;
#2053 = EDGE_LOOP ( 'NONE', ( #120, #2884 ) ) ;
#2054 = ORIENTED_EDGE ( 'NONE', *, *, #1987, .T. ) ;
#2055 = DIRECTION ( 'NONE',  ( -1.000000000000000000, 0.000000000000000000, 0.000000000000000000 ) ) ;
#2056 = CYLINDRICAL_SURFACE ( 'NONE', #3642, 2.999999999999995559 ) ;
#2057 = CARTESIAN_POINT ( 'NONE',  ( 16.57868068236613723, 96.86825066035217446, 0.000000000000000000 ) ) ;
#2058 = CIRCLE ( 'NONE', #1514, 2.999999999999995559 ) ;
#2059 = ORIENTED_EDGE ( 'NONE', *, *, #1954, .T. ) ;
#2060 = DIRECTION ( 'NONE',  ( -1.000000000000000000, 0.000000000000000000, 0.000000000000000000 ) ) ;
#2061 = ADVANCED_FACE ( 'NONE', ( #2465 ), #1, .F. ) ;
#2062 = EDGE_CURVE ( 'NONE', #3251, #3672, #1552, .T. ) ;
#2063 = LINE ( 'NONE', #3320, #2345 ) ;
#2064 = VERTEX_POINT ( 'NONE', #1240 ) ;
#2065 = AXIS2_PLACEMENT_3D ( 'NONE', #1272, #337, #3862 ) ;
#2066 = CARTESIAN_POINT ( 'NONE',  ( 46.12860222742850880, 177.3399145239144161, 8.000000000000000000 ) ) ;
#2067 = EDGE_CURVE ( 'NONE', #590, #2135, #1376, .T. ) ;
#2068 = ADVANCED_FACE ( 'NONE', ( #2188 ), #867, .F. ) ;
#2069 = CARTESIAN_POINT ( 'NONE',  ( 3.106463149324664830, 75.60323790134660271, 30.00000000000000355 ) ) ;
#2070 = DIRECTION ( 'NONE',  ( 0.000000000000000000, 0.000000000000000000, -1.000000000000000000 ) ) ;
#2071 = ORIENTED_EDGE ( 'NONE', *, *, #3967, .T. ) ;
#2072 = ORIENTED_EDGE ( 'NONE', *, *, #2564, .T. ) ;
#2073 = CIRCLE ( 'NONE', #3929, 2.150000000000044320 ) ;
#2074 = CARTESIAN_POINT ( 'NONE',  ( 11.75987109587911839, 82.02213789543732503, 12.00000000000000000 ) ) ;
#2075 = FACE_BOUND ( 'NONE', #799, .T. ) ;
#2076 = DIRECTION ( 'NONE',  ( -0.000000000000000000, -0.000000000000000000, -1.000000000000000000 ) ) ;
#2077 = ORIENTED_EDGE ( 'NONE', *, *, #744, .T. ) ;
#2078 = DIRECTION ( 'NONE',  ( -0.000000000000000000, -0.000000000000000000, -1.000000000000000000 ) ) ;
#2079 = DIRECTION ( 'NONE',  ( -0.000000000000000000, -0.000000000000000000, 1.000000000000000000 ) ) ;
#2080 = EDGE_LOOP ( 'NONE', ( #1799, #2657 ) ) ;
#2081 = LINE ( 'NONE', #1763, #3209 ) ;
#2082 = ORIENTED_EDGE ( 'NONE', *, *, #132, .F. ) ;
#2083 = CYLINDRICAL_SURFACE ( 'NONE', #167, 2.999999999999999112 ) ;
#2084 = EDGE_CURVE ( 'NONE', #1895, #2355, #2782, .T. ) ;
#2085 = DIRECTION ( 'NONE',  ( 0.000000000000000000, 0.000000000000000000, 1.000000000000000000 ) ) ;
#2086 = FACE_OUTER_BOUND ( 'NONE', #1320, .T. ) ;
#2087 = AXIS2_PLACEMENT_3D ( 'NONE', #1701, #3888, #3529 ) ;
#2088 = EDGE_LOOP ( 'NONE', ( #2433, #2623, #1238, #2783 ) ) ;
#2089 = EDGE_LOOP ( 'NONE', ( #1370, #231, #2793, #1860 ) ) ;
#2090 = CARTESIAN_POINT ( 'NONE',  ( 11.23653650758403622, 58.34269148775038616, 0.000000000000000000 ) ) ;
#2091 = CARTESIAN_POINT ( 'NONE',  ( -4.319205177079739499, 128.0573706285193225, 12.00000000000000000 ) ) ;
#2092 = CYLINDRICAL_SURFACE ( 'NONE', #2743, 29.01999999999999957 ) ;
#2093 = ORIENTED_EDGE ( 'NONE', *, *, #1671, .T. ) ;
#2094 = FACE_BOUND ( 'NONE', #1371, .T. ) ;
#2095 = DIRECTION ( 'NONE',  ( 0.5292510076846895783, 0.8484653032768875169, 0.000000000000000000 ) ) ;
#2096 = CIRCLE ( 'NONE', #485, 16.99999999999999289 ) ;
#2097 = ORIENTED_EDGE ( 'NONE', *, *, #547, .T. ) ;
#2098 = CIRCLE ( 'NONE', #427, 2.150000000000047873 ) ;
#2099 = FACE_BOUND ( 'NONE', #1724, .T. ) ;
#2100 = DIRECTION ( 'NONE',  ( -0.000000000000000000, 0.000000000000000000, 1.000000000000000000 ) ) ;
#2101 = VECTOR ( 'NONE', #622, 1000.000000000000000 ) ;
#2102 = CIRCLE ( 'NONE', #297, 1.650000000000000355 ) ;
#2103 = AXIS2_PLACEMENT_3D ( 'NONE', #255, #1480, #1794 ) ;
#2104 = DIRECTION ( 'NONE',  ( -0.000000000000000000, -0.000000000000000000, -1.000000000000000000 ) ) ;
#2105 = VERTEX_POINT ( 'NONE', #4101 ) ;
#2106 = CARTESIAN_POINT ( 'NONE',  ( -10.25511759155189218, 26.06516186758568310, 11.99999999999999645 ) ) ;
#2107 = CIRCLE ( 'NONE', #3357, 2.999999999999999112 ) ;
#2108 = ORIENTED_EDGE ( 'NONE', *, *, #3778, .T. ) ;
#2109 = EDGE_CURVE ( 'NONE', #3876, #3335, #2778, .T. ) ;
#2110 = ORIENTED_EDGE ( 'NONE', *, *, #1007, .T. ) ;
#2111 = EDGE_CURVE ( 'NONE', #2448, #3781, #257, .T. ) ;
#2112 = CARTESIAN_POINT ( 'NONE',  ( 15.98844089853004213, -1.680452853730469043, 8.000000000000000000 ) ) ;
#2113 = CARTESIAN_POINT ( 'NONE',  ( 1.139166452566868128E-14, 106.9800000000000040, 34.28877117602144153 ) ) ;
#2114 = LINE ( 'NONE', #875, #1819 ) ;
#2115 = EDGE_CURVE ( 'NONE', #3544, #2719, #1721, .T. ) ;
#2116 = EDGE_CURVE ( 'NONE', #1040, #2834, #3179, .T. ) ;
#2117 = EDGE_CURVE ( 'NONE', #590, #2391, #454, .T. ) ;
#2118 = ORIENTED_EDGE ( 'NONE', *, *, #3121, .F. ) ;
#2119 = FACE_BOUND ( 'NONE', #1640, .T. ) ;
#2120 = DIRECTION ( 'NONE',  ( -0.9945218953682732899, 0.1045284632676537068, 0.000000000000000000 ) ) ;
#2121 = EDGE_LOOP ( 'NONE', ( #3718, #2504, #2168, #3530 ) ) ;
#2122 = EDGE_CURVE ( 'NONE', #2824, #432, #1277, .T. ) ;
#2123 = CIRCLE ( 'NONE', #316, 17.51042670715673566 ) ;
#2124 = CYLINDRICAL_SURFACE ( 'NONE', #3285, 4.000000000000007105 ) ;
#2125 = CARTESIAN_POINT ( 'NONE',  ( 19.85379107082052386, 166.3765751121320307, 0.000000000000000000 ) ) ;
#2126 = CARTESIAN_POINT ( 'NONE',  ( 20.26978697090508064, 159.8236918550979055, 12.00000000000000000 ) ) ;
#2127 = DIRECTION ( 'NONE',  ( -0.000000000000000000, -0.000000000000000000, 1.000000000000000000 ) ) ;
#2128 = ORIENTED_EDGE ( 'NONE', *, *, #1282, .T. ) ;
#2129 = LINE ( 'NONE', #3379, #825 ) ;
#2130 = VERTEX_POINT ( 'NONE', #620 ) ;
#2131 = ORIENTED_EDGE ( 'NONE', *, *, #1013, .T. ) ;
#2132 = CARTESIAN_POINT ( 'NONE',  ( -7.478557004369135619, 58.63393183580883772, 12.00000000000000000 ) ) ;
#2133 = FACE_BOUND ( 'NONE', #2638, .T. ) ;
#2134 = DIRECTION ( 'NONE',  ( 1.000000000000000000, 0.000000000000000000, 0.000000000000000000 ) ) ;
#2135 = VERTEX_POINT ( 'NONE', #3156 ) ;
#2136 = FACE_BOUND ( 'NONE', #145, .T. ) ;
#2137 = PLANE ( 'NONE',  #3992 ) ;
#2138 = VECTOR ( 'NONE', #2079, 1000.000000000000000 ) ;
#2139 = EDGE_CURVE ( 'NONE', #1179, #1787, #2554, .T. ) ;
#2140 = VERTEX_POINT ( 'NONE', #3098 ) ;
#2141 = EDGE_CURVE ( 'NONE', #2511, #395, #2123, .T. ) ;
#2142 = AXIS2_PLACEMENT_3D ( 'NONE', #958, #2213, #1284 ) ;
#2143 = LINE ( 'NONE', #548, #3085 ) ;
#2144 = LINE ( 'NONE', #3397, #3211 ) ;
#2145 = FACE_OUTER_BOUND ( 'NONE', #1111, .T. ) ;
#2146 = CARTESIAN_POINT ( 'NONE',  ( -0.6702203666887041056, 237.9706356505418796, 0.000000000000000000 ) ) ;
#2147 = ORIENTED_EDGE ( 'NONE', *, *, #3527, .F. ) ;
#2148 = CYLINDRICAL_SURFACE ( 'NONE', #765, 8.000000000000001776 ) ;
#2149 = ORIENTED_EDGE ( 'NONE', *, *, #4039, .T. ) ;
#2150 = EDGE_LOOP ( 'NONE', ( #2393, #4059, #1609, #418 ) ) ;
#2151 = CARTESIAN_POINT ( 'NONE',  ( 0.000000000000000000, 200.0000000000000000, 0.000000000000000000 ) ) ;
#2152 = CARTESIAN_POINT ( 'NONE',  ( -25.11134750702234797, 118.9222933675019789, 12.00000000000000000 ) ) ;
#2153 = DIRECTION ( 'NONE',  ( -0.000000000000000000, -0.000000000000000000, -1.000000000000000000 ) ) ;
#2154 = VECTOR ( 'NONE', #384, 1000.000000000000000 ) ;
#2155 = ORIENTED_EDGE ( 'NONE', *, *, #2839, .F. ) ;
#2156 = CARTESIAN_POINT ( 'NONE',  ( 8.032265735583857591, -0.8442251475892398327, 0.000000000000000000 ) ) ;
#2157 = DIRECTION ( 'NONE',  ( 1.000000000000000000, 0.000000000000000000, 0.000000000000000000 ) ) ;
#2158 = ORIENTED_EDGE ( 'NONE', *, *, #166, .F. ) ;
#2159 = EDGE_CURVE ( 'NONE', #3857, #2986, #2645, .T. ) ;
#2160 = CIRCLE ( 'NONE', #357, 2.999999999999999112 ) ;
#2161 = DIRECTION ( 'NONE',  ( 1.000000000000000000, 0.000000000000000000, 0.000000000000000000 ) ) ;
#2162 = VECTOR ( 'NONE', #1877, 1000.000000000000000 ) ;
#2163 = DIRECTION ( 'NONE',  ( 1.000000000000000000, 0.000000000000000000, 0.000000000000000000 ) ) ;
#2164 = DIRECTION ( 'NONE',  ( 1.000000000000000000, 0.000000000000000000, 0.000000000000000000 ) ) ;
#2165 = DIRECTION ( 'NONE',  ( 0.02617694830787380827, -0.9996573249755573709, 0.000000000000000000 ) ) ;
#2166 = EDGE_LOOP ( 'NONE', ( #2131, #1606, #1416, #1853, #911, #2933, #3181, #2591, #1789 ) ) ;
#2167 = CYLINDRICAL_SURFACE ( 'NONE', #3894, 2.150000000000044320 ) ;
#2168 = ORIENTED_EDGE ( 'NONE', *, *, #3861, .F. ) ;
#2169 = AXIS2_PLACEMENT_3D ( 'NONE', #1953, #995, #2595 ) ;
#2170 = DIRECTION ( 'NONE',  ( 0.3173046564050854834, 0.9483236552062014324, 0.000000000000000000 ) ) ;
#2171 = AXIS2_PLACEMENT_3D ( 'NONE', #2498, #628, #310 ) ;
#2172 = CARTESIAN_POINT ( 'NONE',  ( -18.56768463405042979, 97.16974580704216180, 12.00000000000000000 ) ) ;
#2173 = DIRECTION ( 'NONE',  ( 0.000000000000000000, 0.000000000000000000, -1.000000000000000000 ) ) ;
#2174 = LINE ( 'NONE', #1541, #2162 ) ;
#2175 = ORIENTED_EDGE ( 'NONE', *, *, #256, .T. ) ;
#2176 = ORIENTED_EDGE ( 'NONE', *, *, #25, .T. ) ;
#2177 = ORIENTED_EDGE ( 'NONE', *, *, #9, .T. ) ;
#2178 = AXIS2_PLACEMENT_3D ( 'NONE', #1231, #3435, #593 ) ;
#2179 = DIRECTION ( 'NONE',  ( -0.000000000000000000, -0.000000000000000000, 1.000000000000000000 ) ) ;
#2180 = ORIENTED_EDGE ( 'NONE', *, *, #2922, .T. ) ;
#2181 = LINE ( 'NONE', #3066, #3684 ) ;
#2182 = CARTESIAN_POINT ( 'NONE',  ( 32.80451560895779295, 158.3138106307142436, 8.000000000000000000 ) ) ;
#2183 = DIRECTION ( 'NONE',  ( 1.000000000000000000, 0.000000000000000000, 0.000000000000000000 ) ) ;
#2184 = AXIS2_PLACEMENT_3D ( 'NONE', #1544, #2812, #3170 ) ;
#2185 = EDGE_CURVE ( 'NONE', #2474, #2596, #1680, .T. ) ;
#2186 = STYLED_ITEM ( 'NONE', ( #3029 ), #1974 ) ;
#2187 = ORIENTED_EDGE ( 'NONE', *, *, #1755, .T. ) ;
#2188 = FACE_OUTER_BOUND ( 'NONE', #1159, .T. ) ;
#2189 = ORIENTED_EDGE ( 'NONE', *, *, #2047, .F. ) ;
#2190 = DIRECTION ( 'NONE',  ( -0.000000000000000000, 0.000000000000000000, 1.000000000000000000 ) ) ;
#2191 = EDGE_CURVE ( 'NONE', #783, #2999, #2534, .T. ) ;
#2192 = ORIENTED_EDGE ( 'NONE', *, *, #1137, .T. ) ;
#2193 = VERTEX_POINT ( 'NONE', #1999 ) ;
#2194 = LINE ( 'NONE', #1538, #3640 ) ;
#2195 = CARTESIAN_POINT ( 'NONE',  ( 1.139166452566868128E-14, 106.9800000000000040, 4.000000000000000000 ) ) ;
#2196 = DIRECTION ( 'NONE',  ( 1.000000000000000000, 0.000000000000000000, 0.000000000000000000 ) ) ;
#2197 = CARTESIAN_POINT ( 'NONE',  ( 18.00010904036166437, 93.99346887664898986, 12.00000000000000000 ) ) ;
#2198 = AXIS2_PLACEMENT_3D ( 'NONE', #114, #1192, #3732 ) ;
#2199 = ORIENTED_EDGE ( 'NONE', *, *, #1975, .T. ) ;
#2200 = CYLINDRICAL_SURFACE ( 'NONE', #2708, 4.999999999999997335 ) ;
#2201 = DIRECTION ( 'NONE',  ( -0.000000000000000000, -0.000000000000000000, 1.000000000000000000 ) ) ;
#2202 = AXIS2_PLACEMENT_3D ( 'NONE', #3674, #4069, #3353 ) ;
#2203 = DIRECTION ( 'NONE',  ( -0.000000000000000000, 0.000000000000000000, 1.000000000000000000 ) ) ;
#2204 = FACE_OUTER_BOUND ( 'NONE', #3573, .T. ) ;
#2205 = CYLINDRICAL_SURFACE ( 'NONE', #2427, 2.150000000000047873 ) ;
#2206 = CARTESIAN_POINT ( 'NONE',  ( 9.423022317347543364, 72.69235735908080187, 5.000000000000000000 ) ) ;
#2207 = EDGE_CURVE ( 'NONE', #1605, #2489, #3878, .T. ) ;
#2208 = ORIENTED_EDGE ( 'NONE', *, *, #3043, .T. ) ;
#2209 = DIRECTION ( 'NONE',  ( 1.000000000000000000, 0.000000000000000000, 0.000000000000000000 ) ) ;
#2210 = EDGE_LOOP ( 'NONE', ( #1303, #3343 ) ) ;
#2211 = EDGE_CURVE ( 'NONE', #2703, #2384, #363, .T. ) ;
#2212 = CARTESIAN_POINT ( 'NONE',  ( -5.828557004369135264, 58.63393183580883772, 5.000000000000000000 ) ) ;
#2213 = DIRECTION ( 'NONE',  ( 0.000000000000000000, -0.000000000000000000, -1.000000000000000000 ) ) ;
#2214 = CARTESIAN_POINT ( 'NONE',  ( -19.72843595126057181, 100.9976246425847535, 36.95100124303210265 ) ) ;
#2215 = DIRECTION ( 'NONE',  ( -0.000000000000000000, 0.000000000000000000, 1.000000000000000000 ) ) ;
#2216 = ORIENTED_EDGE ( 'NONE', *, *, #2712, .F. ) ;
#2217 = VERTEX_POINT ( 'NONE', #2574 ) ;
#2218 = CIRCLE ( 'NONE', #2737, 2.999999999999999112 ) ;
#2219 = CARTESIAN_POINT ( 'NONE',  ( 0.08990398130178084424, 78.51411844361238934, 7.000000000000000000 ) ) ;
#2220 = ORIENTED_EDGE ( 'NONE', *, *, #406, .T. ) ;
#2221 = VECTOR ( 'NONE', #3696, 1000.000000000000114 ) ;
#2222 = AXIS2_PLACEMENT_3D ( 'NONE', #2542, #984, #3855 ) ;
#2223 = DIRECTION ( 'NONE',  ( -0.000000000000000000, -0.000000000000000000, 1.000000000000000000 ) ) ;
#2224 = DIRECTION ( 'NONE',  ( 1.000000000000000000, 0.000000000000000000, 0.000000000000000000 ) ) ;
#2225 = DIRECTION ( 'NONE',  ( 0.6068834856879934403, 0.7947908119745668021, 0.000000000000000000 ) ) ;
#2226 = ORIENTED_EDGE ( 'NONE', *, *, #2392, .F. ) ;
#2227 = CIRCLE ( 'NONE', #3483, 5.500000000000000000 ) ;
#2228 = VECTOR ( 'NONE', #962, 1000.000000000000000 ) ;
#2229 = DIRECTION ( 'NONE',  ( 0.000000000000000000, -0.000000000000000000, -1.000000000000000000 ) ) ;
#2230 = VERTEX_POINT ( 'NONE', #2901 ) ;
#2231 = CARTESIAN_POINT ( 'NONE',  ( 17.70379107082048620, 166.3765751121320307, 0.000000000000000000 ) ) ;
#2232 = VECTOR ( 'NONE', #2642, 1000.000000000000000 ) ;
#2233 = ORIENTED_EDGE ( 'NONE', *, *, #583, .T. ) ;
#2234 = CARTESIAN_POINT ( 'NONE',  ( -1.161997836346250645, 55.72305129354304398, 5.000000000000000000 ) ) ;
#2235 = CARTESIAN_POINT ( 'NONE',  ( -1.479779633311362197, 162.0293643494581488, 12.00000000000000000 ) ) ;
#2236 = LINE ( 'NONE', #329, #3565 ) ;
#2237 = CARTESIAN_POINT ( 'NONE',  ( 16.44958167964339069, 96.94699135031068238, 34.28877117602144153 ) ) ;
#2238 = EDGE_CURVE ( 'NONE', #2258, #2046, #2611, .T. ) ;
#2239 = EDGE_LOOP ( 'NONE', ( #1459, #1949, #3434, #1049 ) ) ;
#2240 = CIRCLE ( 'NONE', #2961, 2.999999999999999112 ) ;
#2241 = EDGE_CURVE ( 'NONE', #416, #1423, #6, .T. ) ;
#2242 = EDGE_CURVE ( 'NONE', #3544, #2989, #3261, .T. ) ;
#2243 = AXIS2_PLACEMENT_3D ( 'NONE', #2523, #1559, #4082 ) ;
#2244 = EDGE_LOOP ( 'NONE', ( #1659, #756, #1593, #3033 ) ) ;
#2245 = CARTESIAN_POINT ( 'NONE',  ( 31.47342488786791037, 217.7037910708205288, 0.000000000000000000 ) ) ;
#2246 = AXIS2_PLACEMENT_3D ( 'NONE', #3155, #2819, #926 ) ;
#2247 = CIRCLE ( 'NONE', #2048, 2.999999999999995559 ) ;
#2248 = CIRCLE ( 'NONE', #586, 2.150000000000038547 ) ;
#2249 = EDGE_CURVE ( 'NONE', #978, #2740, #79, .T. ) ;
#2250 = CIRCLE ( 'NONE', #506, 3.000000000000006217 ) ;
#2251 = CARTESIAN_POINT ( 'NONE',  ( -7.669232159080014100, 153.2007747378692954, 0.000000000000000000 ) ) ;
#2252 = EDGE_CURVE ( 'NONE', #3629, #851, #429, .T. ) ;
#2253 = FACE_OUTER_BOUND ( 'NONE', #1714, .T. ) ;
#2254 = EDGE_LOOP ( 'NONE', ( #1840, #3138 ) ) ;
#2255 = DIRECTION ( 'NONE',  ( 1.000000000000000000, 0.000000000000000000, 0.000000000000000000 ) ) ;
#2256 = EDGE_LOOP ( 'NONE', ( #1391, #279, #4018, #118 ) ) ;
#2257 = PRESENTATION_LAYER_ASSIGNMENT (  '', '', ( #2186 ) ) ;
#2258 = VERTEX_POINT ( 'NONE', #1036 ) ;
#2259 = DIRECTION ( 'NONE',  ( -0.000000000000000000, -0.000000000000000000, -1.000000000000000000 ) ) ;
#2260 = CARTESIAN_POINT ( 'NONE',  ( -21.19646861622848633, 39.63436212453230922, 5.000000000000000000 ) ) ;
#2261 = DIRECTION ( 'NONE',  ( 1.000000000000000000, 0.000000000000000000, 0.000000000000000000 ) ) ;
#2262 = FACE_OUTER_BOUND ( 'NONE', #3621, .T. ) ;
#2263 = VERTEX_POINT ( 'NONE', #1316 ) ;
#2264 = CARTESIAN_POINT ( 'NONE',  ( 37.77712508579915607, 157.7911683143759376, 8.000000000000000000 ) ) ;
#2265 = DIRECTION ( 'NONE',  ( -1.000000000000000000, 0.000000000000000000, 0.000000000000000000 ) ) ;
#2266 = ORIENTED_EDGE ( 'NONE', *, *, #154, .F. ) ;
#2267 = ORIENTED_EDGE ( 'NONE', *, *, #2139, .T. ) ;
#2268 = ADVANCED_FACE ( 'NONE', ( #2883 ), #2310, .F. ) ;
#2269 = CARTESIAN_POINT ( 'NONE',  ( 6.406463149324665096, 75.60323790134660271, 12.00000000000000000 ) ) ;
#2270 = PRODUCT_DEFINITION_CONTEXT ( 'detailed design', #2512, 'design' ) ;
#2271 = CARTESIAN_POINT ( 'NONE',  ( -10.25511759155189218, 26.06516186758568310, 0.000000000000000000 ) ) ;
#2272 = ORIENTED_EDGE ( 'NONE', *, *, #3662, .F. ) ;
#2273 = DIRECTION ( 'NONE',  ( 0.000000000000000000, -0.000000000000000000, -1.000000000000000000 ) ) ;
#2274 = EDGE_LOOP ( 'NONE', ( #3109, #1431, #3702, #1679 ) ) ;
#2275 = VERTEX_POINT ( 'NONE', #2021 ) ;
#2276 = CARTESIAN_POINT ( 'NONE',  ( -22.11237553209567608, 119.0008242124256128, 0.000000000000000000 ) ) ;
#2277 = CARTESIAN_POINT ( 'NONE',  ( 4.756463149324664741, 75.60323790134660271, 34.28877117602144153 ) ) ;
#2278 = DIRECTION ( 'NONE',  ( 1.000000000000000000, 0.000000000000000000, 0.000000000000000000 ) ) ;
#2279 = DIRECTION ( 'NONE',  ( -0.000000000000000000, -0.000000000000000000, -1.000000000000000000 ) ) ;
#2280 = ORIENTED_EDGE ( 'NONE', *, *, #3506, .F. ) ;
#2281 = LINE ( 'NONE', #3208, #1193 ) ;
#2282 = DIRECTION ( 'NONE',  ( -1.000000000000000000, 0.000000000000000000, 0.000000000000000000 ) ) ;
#2283 = ORIENTED_EDGE ( 'NONE', *, *, #1925, .F. ) ;
#2284 = FACE_OUTER_BOUND ( 'NONE', #2902, .T. ) ;
#2285 = ORIENTED_EDGE ( 'NONE', *, *, #1798, .T. ) ;
#2286 = VECTOR ( 'NONE', #1676, 1000.000000000000000 ) ;
#2287 = EDGE_CURVE ( 'NONE', #889, #3015, #618, .T. ) ;
#2288 = VECTOR ( 'NONE', #1717, 1000.000000000000000 ) ;
#2289 = DIRECTION ( 'NONE',  ( -1.000000000000000000, -1.647987302177965162E-14, 0.000000000000000000 ) ) ;
#2290 = ORIENTED_EDGE ( 'NONE', *, *, #726, .F. ) ;
#2291 = DIRECTION ( 'NONE',  ( 1.000000000000000000, 0.000000000000000000, 0.000000000000000000 ) ) ;
#2292 = ORIENTED_EDGE ( 'NONE', *, *, #1692, .F. ) ;
#2293 = EDGE_CURVE ( 'NONE', #2981, #1269, #1019, .T. ) ;
#2294 = ORIENTED_EDGE ( 'NONE', *, *, #3275, .T. ) ;
#2295 = ORIENTED_EDGE ( 'NONE', *, *, #2207, .F. ) ;
#2296 = DIRECTION ( 'NONE',  ( -0.000000000000000000, -0.000000000000000000, -1.000000000000000000 ) ) ;
#2297 = DIRECTION ( 'NONE',  ( -0.3173046564050853724, -0.9483236552062015434, 0.000000000000000000 ) ) ;
#2298 = CIRCLE ( 'NONE', #2482, 2.999999999999999112 ) ;
#2299 = DIRECTION ( 'NONE',  ( 0.9945218953682734009, -0.1045284632676534847, 0.000000000000000000 ) ) ;
#2300 = ORIENTED_EDGE ( 'NONE', *, *, #2841, .F. ) ;
#2301 = ORIENTED_EDGE ( 'NONE', *, *, #3941, .F. ) ;
#2302 = DIRECTION ( 'NONE',  ( 0.000000000000000000, -0.000000000000000000, -1.000000000000000000 ) ) ;
#2303 = LINE ( 'NONE', #2035, #4037 ) ;
#2304 = DIRECTION ( 'NONE',  ( 1.000000000000000000, 0.000000000000000000, 0.000000000000000000 ) ) ;
#2305 = CIRCLE ( 'NONE', #1969, 2.150000000000044320 ) ;
#2306 = CIRCLE ( 'NONE', #972, 2.150000000000044320 ) ;
#2307 = VECTOR ( 'NONE', #2509, 1000.000000000000000 ) ;
#2308 = DIRECTION ( 'NONE',  ( -0.7885596604697051593, 0.6149582602745519155, 0.000000000000000000 ) ) ;
#2309 = VECTOR ( 'NONE', #3295, 1000.000000000000000 ) ;
#2310 = CYLINDRICAL_SURFACE ( 'NONE', #2809, 10.00000000000000178 ) ;
#2311 = ORIENTED_EDGE ( 'NONE', *, *, #4029, .F. ) ;
#2312 = CARTESIAN_POINT ( 'NONE',  ( -5.828557004369135264, 58.63393183580883772, 7.000000000000000000 ) ) ;
#2313 = ORIENTED_EDGE ( 'NONE', *, *, #28, .F. ) ;
#2314 = DIRECTION ( 'NONE',  ( -0.000000000000000000, -0.000000000000000000, -1.000000000000000000 ) ) ;
#2315 = ADVANCED_FACE ( 'NONE', ( #2253 ), #3846, .F. ) ;
#2316 = DIRECTION ( 'NONE',  ( 0.4886386427623577999, 0.8724862616679766036, -0.000000000000000000 ) ) ;
#2317 = LINE ( 'NONE', #2679, #3826 ) ;
#2318 = FACE_OUTER_BOUND ( 'NONE', #3590, .T. ) ;
#2319 = VERTEX_POINT ( 'NONE', #1608 ) ;
#2320 = ORIENTED_EDGE ( 'NONE', *, *, #1993, .F. ) ;
#2321 = CYLINDRICAL_SURFACE ( 'NONE', #863, 2.999999999999995559 ) ;
#2322 = CARTESIAN_POINT ( 'NONE',  ( 19.15897312012174325, 28.48514621634887334, 0.000000000000000000 ) ) ;
#2323 = LINE ( 'NONE', #319, #2548 ) ;
#2324 = EDGE_CURVE ( 'NONE', #3054, #3282, #478, .T. ) ;
#2325 = DIRECTION ( 'NONE',  ( 0.000000000000000000, 0.000000000000000000, 1.000000000000000000 ) ) ;
#2326 = CARTESIAN_POINT ( 'NONE',  ( 4.756463149324664741, 75.60323790134660271, 30.00000000000000355 ) ) ;
#2327 = ORIENTED_EDGE ( 'NONE', *, *, #2293, .T. ) ;
#2328 = FACE_OUTER_BOUND ( 'NONE', #3845, .T. ) ;
#2329 = ORIENTED_EDGE ( 'NONE', *, *, #1161, .T. ) ;
#2330 = CARTESIAN_POINT ( 'NONE',  ( 35.77342488786800345, 217.7037910708205288, 0.000000000000000000 ) ) ;
#2331 = CIRCLE ( 'NONE', #2723, 4.000000000000000000 ) ;
#2332 = DIRECTION ( 'NONE',  ( -1.000000000000000000, 0.000000000000000000, 0.000000000000000000 ) ) ;
#2333 = DIRECTION ( 'NONE',  ( -0.5292510076846895783, -0.8484653032768874059, 0.000000000000000000 ) ) ;
#2334 = LINE ( 'NONE', #775, #220 ) ;
#2335 = ORIENTED_EDGE ( 'NONE', *, *, #1673, .T. ) ;
#2336 = EDGE_CURVE ( 'NONE', #2815, #1913, #3476, .T. ) ;
#2337 = VERTEX_POINT ( 'NONE', #2613 ) ;
#2338 = CIRCLE ( 'NONE', #2142, 16.50000000000000000 ) ;
#2339 = DIRECTION ( 'NONE',  ( 0.9483236552062015434, -0.3173046564050855389, 0.000000000000000000 ) ) ;
#2340 = EDGE_CURVE ( 'NONE', #3128, #48, #1548, .T. ) ;
#2341 = DIRECTION ( 'NONE',  ( 0.000000000000000000, -0.000000000000000000, -1.000000000000000000 ) ) ;
#2342 = FACE_OUTER_BOUND ( 'NONE', #4134, .T. ) ;
#2343 = EDGE_LOOP ( 'NONE', ( #1991, #1263, #2434, #1050 ) ) ;
#2344 = CARTESIAN_POINT ( 'NONE',  ( 29.99364525455661479, 179.7331554202786208, 0.000000000000000000 ) ) ;
#2345 = VECTOR ( 'NONE', #465, 1000.000000000000000 ) ;
#2346 = DIRECTION ( 'NONE',  ( -1.000000000000000000, 0.000000000000000000, 0.000000000000000000 ) ) ;
#2347 = CARTESIAN_POINT ( 'NONE',  ( -5.437362060208809744, 87.10221447529002603, 12.00000000000000000 ) ) ;
#2348 = ORIENTED_EDGE ( 'NONE', *, *, #339, .F. ) ;
#2349 = VECTOR ( 'NONE', #2649, 1000.000000000000000 ) ;
#2350 = CARTESIAN_POINT ( 'NONE',  ( 20.49678027800836588, 117.7477089539946178, 35.87825762969472265 ) ) ;
#2351 = CARTESIAN_POINT ( 'NONE',  ( -20.52482512233140000, 96.57627002127701132, 12.00000000000000000 ) ) ;
#2352 = DIRECTION ( 'NONE',  ( -0.000000000000000000, -0.000000000000000000, -1.000000000000000000 ) ) ;
#2353 = DIRECTION ( 'NONE',  ( 0.000000000000000000, -0.000000000000000000, -1.000000000000000000 ) ) ;
#2354 = ORIENTED_EDGE ( 'NONE', *, *, #885, .F. ) ;
#2355 = VERTEX_POINT ( 'NONE', #701 ) ;
#2356 = CARTESIAN_POINT ( 'NONE',  ( 18.53569108914271624, 115.2326213749040846, 35.87825762969472265 ) ) ;
#2357 = CARTESIAN_POINT ( 'NONE',  ( 20.26978697090507708, 159.8236918550979340, -5.999999999999998224 ) ) ;
#2358 = DIRECTION ( 'NONE',  ( 0.5292510076846895783, 0.8484653032768875169, 0.000000000000000000 ) ) ;
#2359 = EDGE_CURVE ( 'NONE', #3836, #3040, #3509, .T. ) ;
#2360 = EDGE_CURVE ( 'NONE', #2786, #1162, #1086, .T. ) ;
#2361 = ORIENTED_EDGE ( 'NONE', *, *, #188, .F. ) ;
#2362 = ORIENTED_EDGE ( 'NONE', *, *, #3790, .F. ) ;
#2363 = ORIENTED_EDGE ( 'NONE', *, *, #2287, .T. ) ;
#2364 = DIRECTION ( 'NONE',  ( -1.000000000000000000, 0.000000000000000000, 0.000000000000000000 ) ) ;
#2365 = EDGE_CURVE ( 'NONE', #2935, #1831, #67, .T. ) ;
#2366 = VECTOR ( 'NONE', #992, 1000.000000000000000 ) ;
#2367 = CARTESIAN_POINT ( 'NONE',  ( 8.000000000000014211, 106.9800000000000040, 12.00000000000000000 ) ) ;
#2368 = ORIENTED_EDGE ( 'NONE', *, *, #3465, .F. ) ;
#2369 = DIRECTION ( 'NONE',  ( 0.1045284632676543035, 0.9945218953682732899, 0.000000000000000000 ) ) ;
#2370 = VECTOR ( 'NONE', #3497, 1000.000000000000000 ) ;
#2371 = CIRCLE ( 'NONE', #1171, 17.51042670715673566 ) ;
#2372 = EDGE_LOOP ( 'NONE', ( #3875, #3240, #537, #1121 ) ) ;
#2373 = FACE_OUTER_BOUND ( 'NONE', #3607, .T. ) ;
#2374 = VERTEX_POINT ( 'NONE', #1464 ) ;
#2375 = DIRECTION ( 'NONE',  ( 1.000000000000000000, 0.000000000000000000, 0.000000000000000000 ) ) ;
#2376 = EDGE_CURVE ( 'NONE', #714, #2989, #2944, .T. ) ;
#2377 = DIRECTION ( 'NONE',  ( 0.5292510076846894673, 0.8484653032768875169, 0.000000000000000000 ) ) ;
#2378 = DIRECTION ( 'NONE',  ( -1.000000000000000000, 0.000000000000000000, 0.000000000000000000 ) ) ;
#2379 = AXIS2_PLACEMENT_3D ( 'NONE', #2526, #3771, #898 ) ;
#2380 = VERTEX_POINT ( 'NONE', #508 ) ;
#2381 = CIRCLE ( 'NONE', #2905, 4.305309398542336297 ) ;
#2382 = CARTESIAN_POINT ( 'NONE',  ( -34.51507093602120335, 172.4236026634261236, 0.000000000000000000 ) ) ;
#2383 = CARTESIAN_POINT ( 'NONE',  ( -7.824261193461412134, 152.2488607686540547, -5.999999999999998224 ) ) ;
#2384 = VERTEX_POINT ( 'NONE', #1443 ) ;
#2385 = EDGE_CURVE ( 'NONE', #1068, #3876, #2715, .T. ) ;
#2386 = CARTESIAN_POINT ( 'NONE',  ( -20.52482512233140000, 96.57627002127701132, 12.00000000000000000 ) ) ;
#2387 = VECTOR ( 'NONE', #3775, 1000.000000000000000 ) ;
#2388 = CARTESIAN_POINT ( 'NONE',  ( -23.42766726487375806, 17.88881320346724735, -5.999999999999998224 ) ) ;
#2389 = DIRECTION ( 'NONE',  ( 0.000000000000000000, 0.000000000000000000, -1.000000000000000000 ) ) ;
#2390 = DIRECTION ( 'NONE',  ( -0.000000000000000000, -0.000000000000000000, -1.000000000000000000 ) ) ;
#2391 = VERTEX_POINT ( 'NONE', #787 ) ;
#2392 = EDGE_CURVE ( 'NONE', #3869, #1718, #2654, .T. ) ;
#2393 = ORIENTED_EDGE ( 'NONE', *, *, #659, .T. ) ;
#2394 = AXIS2_PLACEMENT_3D ( 'NONE', #2837, #676, #3191 ) ;
#2395 = DIRECTION ( 'NONE',  ( -0.000000000000000000, 0.000000000000000000, 1.000000000000000000 ) ) ;
#2396 = DIRECTION ( 'NONE',  ( -1.000000000000000000, 0.000000000000000000, 0.000000000000000000 ) ) ;
#2397 = LINE ( 'NONE', #3331, #2412 ) ;
#2398 = LINE ( 'NONE', #2752, #1906 ) ;
#2399 = FACE_BOUND ( 'NONE', #46, .T. ) ;
#2400 = EDGE_LOOP ( 'NONE', ( #3381, #2285, #1300, #732 ) ) ;
#2401 = EDGE_CURVE ( 'NONE', #4116, #1147, #1146, .T. ) ;
#2402 = EDGE_CURVE ( 'NONE', #3781, #293, #2742, .T. ) ;
#2403 = DIRECTION ( 'NONE',  ( -1.000000000000000000, 0.000000000000000000, 0.000000000000000000 ) ) ;
#2404 = LINE ( 'NONE', #3050, #230 ) ;
#2405 = ADVANCED_FACE ( 'NONE', ( #3930 ), #845, .F. ) ;
#2406 = AXIS2_PLACEMENT_3D ( 'NONE', #1433, #3958, #2375 ) ;
#2407 = SURFACE_STYLE_FILL_AREA ( #2739 ) ;
#2408 = ORIENTED_EDGE ( 'NONE', *, *, #3989, .T. ) ;
#2409 = CARTESIAN_POINT ( 'NONE',  ( -1.491478871785756555, 55.25166140429880102, 7.000000000000000000 ) ) ;
#2410 = ADVANCED_FACE ( 'NONE', ( #3358 ), #2991, .F. ) ;
#2411 = AXIS2_PLACEMENT_3D ( 'NONE', #1197, #4075, #1217 ) ;
#2412 = VECTOR ( 'NONE', #2153, 1000.000000000000000 ) ;
#2413 = EDGE_LOOP ( 'NONE', ( #1590, #3988, #1430, #388 ) ) ;
#2414 = ORIENTED_EDGE ( 'NONE', *, *, #403, .T. ) ;
#2415 = CARTESIAN_POINT ( 'NONE',  ( -25.85901295113747267, 16.13019248903180625, 5.000000000000000000 ) ) ;
#2416 = CARTESIAN_POINT ( 'NONE',  ( -10.25511759155189218, 26.06516186758568310, 44.10498422959205556 ) ) ;
#2417 = CARTESIAN_POINT ( 'NONE',  ( 0.000000000000000000, 200.0000000000000000, 12.00000000000000000 ) ) ;
#2418 = AXIS2_PLACEMENT_3D ( 'NONE', #1825, #3439, #2757 ) ;
#2419 = FACE_OUTER_BOUND ( 'NONE', #1411, .T. ) ;
#2420 = CARTESIAN_POINT ( 'NONE',  ( -27.72069956224818554, 21.61798787201414740, 0.000000000000000000 ) ) ;
#2421 = ORIENTED_EDGE ( 'NONE', *, *, #140, .T. ) ;
#2422 = AXIS2_PLACEMENT_3D ( 'NONE', #1103, #1180, #4041 ) ;
#2423 = LINE ( 'NONE', #861, #1286 ) ;
#2424 = DIRECTION ( 'NONE',  ( 1.000000000000000000, 0.000000000000000000, 0.000000000000000000 ) ) ;
#2425 = CARTESIAN_POINT ( 'NONE',  ( -10.49511617239201300, 61.54481237807463145, -0.000000000000000000 ) ) ;
#2426 = AXIS2_PLACEMENT_3D ( 'NONE', #703, #3620, #2291 ) ;
#2427 = AXIS2_PLACEMENT_3D ( 'NONE', #4057, #907, #2183 ) ;
#2428 = CARTESIAN_POINT ( 'NONE',  ( -7.319205177079739499, 128.0573706285193225, -5.999999999999998224 ) ) ;
#2429 = EDGE_CURVE ( 'NONE', #2602, #3009, #1118, .T. ) ;
#2430 = ORIENTED_EDGE ( 'NONE', *, *, #307, .T. ) ;
#2431 = CIRCLE ( 'NONE', #2967, 4.305309398542336297 ) ;
#2432 = DIRECTION ( 'NONE',  ( 0.000000000000000000, 0.000000000000000000, 1.000000000000000000 ) ) ;
#2433 = ORIENTED_EDGE ( 'NONE', *, *, #4045, .T. ) ;
#2434 = ORIENTED_EDGE ( 'NONE', *, *, #2109, .F. ) ;
#2435 = EDGE_CURVE ( 'NONE', #2999, #1173, #3280, .T. ) ;
#2436 = CARTESIAN_POINT ( 'NONE',  ( -37.97063565054187961, 201.4797796333113240, 0.000000000000000000 ) ) ;
#2437 = FACE_BOUND ( 'NONE', #3561, .T. ) ;
#2438 = CARTESIAN_POINT ( 'NONE',  ( -7.164176142698333472, 129.0092845977346485, 0.000000000000000000 ) ) ;
#2439 = ORIENTED_EDGE ( 'NONE', *, *, #2191, .F. ) ;
#2440 = DIRECTION ( 'NONE',  ( -0.000000000000000000, -0.000000000000000000, -1.000000000000000000 ) ) ;
#2441 = CARTESIAN_POINT ( 'NONE',  ( 20.26684457972138631, 232.1436452545566738, 0.000000000000000000 ) ) ;
#2442 = EDGE_LOOP ( 'NONE', ( #1260, #445, #2993, #693 ) ) ;
#2443 = AXIS2_PLACEMENT_3D ( 'NONE', #1868, #3737, #888 ) ;
#2444 = CARTESIAN_POINT ( 'NONE',  ( 29.99364525455661479, 179.7331554202786208, 0.000000000000000000 ) ) ;
#2445 = DIRECTION ( 'NONE',  ( 0.1498795627953591059, -0.9887042614737088231, 0.000000000000000000 ) ) ;
#2446 = DIRECTION ( 'NONE',  ( -0.000000000000000000, 0.000000000000000000, 1.000000000000000000 ) ) ;
#2447 = FACE_OUTER_BOUND ( 'NONE', #3513, .T. ) ;
#2448 = VERTEX_POINT ( 'NONE', #2125 ) ;
#2449 = CARTESIAN_POINT ( 'NONE',  ( 37.97063565054185830, 198.5202203666886760, 12.00000000000000000 ) ) ;
#2450 = EDGE_LOOP ( 'NONE', ( #1280, #371, #446, #996 ) ) ;
#2451 = ORIENTED_EDGE ( 'NONE', *, *, #98, .T. ) ;
#2452 = EDGE_CURVE ( 'NONE', #3157, #1519, #2546, .T. ) ;
#2453 = CARTESIAN_POINT ( 'NONE',  ( 1.830337994859972506, 124.3945027575087607, 0.000000000000000000 ) ) ;
#2454 = FACE_BOUND ( 'NONE', #1817, .T. ) ;
#2455 = DIRECTION ( 'NONE',  ( -0.000000000000000000, -0.000000000000000000, 1.000000000000000000 ) ) ;
#2456 = ADVANCED_FACE ( 'NONE', ( #3027 ), #3990, .F. ) ;
#2457 = EDGE_LOOP ( 'NONE', ( #3770, #927, #2283, #2664 ) ) ;
#2458 = VECTOR ( 'NONE', #1350, 1000.000000000000000 ) ;
#2459 = FACE_BOUND ( 'NONE', #2053, .T. ) ;
#2460 = DIRECTION ( 'NONE',  ( 0.000000000000000000, -0.000000000000000000, -1.000000000000000000 ) ) ;
#2461 = ORIENTED_EDGE ( 'NONE', *, *, #577, .T. ) ;
#2462 = DIRECTION ( 'NONE',  ( -1.000000000000000000, 0.000000000000000000, 0.000000000000000000 ) ) ;
#2463 = DIRECTION ( 'NONE',  ( -0.000000000000000000, -0.000000000000000000, 1.000000000000000000 ) ) ;
#2464 = CARTESIAN_POINT ( 'NONE',  ( -23.42766726487375806, 17.88881320346724735, 0.000000000000000000 ) ) ;
#2465 = FACE_OUTER_BOUND ( 'NONE', #631, .T. ) ;
#2466 = VERTEX_POINT ( 'NONE', #3643 ) ;
#2467 = DIRECTION ( 'NONE',  ( -0.000000000000000000, -0.000000000000000000, 1.000000000000000000 ) ) ;
#2468 = VERTEX_POINT ( 'NONE', #3619 ) ;
#2469 = ORIENTED_EDGE ( 'NONE', *, *, #2359, .T. ) ;
#2470 = LINE ( 'NONE', #873, #1841 ) ;
#2471 = ADVANCED_FACE ( 'NONE', ( #3949, #2099, #450 ), #3660, .T. ) ;
#2472 = CARTESIAN_POINT ( 'NONE',  ( -3.629779633311400744, 162.0293643494581488, 0.000000000000000000 ) ) ;
#2473 = CYLINDRICAL_SURFACE ( 'NONE', #2025, 3.000000000000000000 ) ;
#2474 = VERTEX_POINT ( 'NONE', #2367 ) ;
#2475 = AXIS2_PLACEMENT_3D ( 'NONE', #1827, #4072, #905 ) ;
#2476 = ORIENTED_EDGE ( 'NONE', *, *, #3774, .T. ) ;
#2477 = EDGE_CURVE ( 'NONE', #822, #2275, #2063, .T. ) ;
#2478 = DIRECTION ( 'NONE',  ( 1.000000000000000000, 0.000000000000000000, 0.000000000000000000 ) ) ;
#2479 = EDGE_CURVE ( 'NONE', #3720, #3647, #347, .T. ) ;
#2480 = ORIENTED_EDGE ( 'NONE', *, *, #3174, .T. ) ;
#2481 = EDGE_CURVE ( 'NONE', #725, #2374, #2081, .T. ) ;
#2482 = AXIS2_PLACEMENT_3D ( 'NONE', #2276, #71, #1937 ) ;
#2483 = CARTESIAN_POINT ( 'NONE',  ( 35.90508814616004685, 162.4274898839639150, 8.000000000000000000 ) ) ;
#2484 = AXIS2_PLACEMENT_3D ( 'NONE', #829, #470, #1429 ) ;
#2485 = CARTESIAN_POINT ( 'NONE',  ( 42.48251920655915370, 201.2188362746214523, 12.00000000000000000 ) ) ;
#2486 = EDGE_CURVE ( 'NONE', #2935, #3484, #1408, .T. ) ;
#2487 = LINE ( 'NONE', #299, #2630 ) ;
#2488 = DIRECTION ( 'NONE',  ( 0.000000000000000000, 0.000000000000000000, 1.000000000000000000 ) ) ;
#2489 = VERTEX_POINT ( 'NONE', #948 ) ;
#2490 = CARTESIAN_POINT ( 'NONE',  ( 21.62110610229875718, 157.1452713121044269, -5.999999999999998224 ) ) ;
#2491 = ORIENTED_EDGE ( 'NONE', *, *, #132, .T. ) ;
#2492 = VECTOR ( 'NONE', #1016, 1000.000000000000000 ) ;
#2493 = EDGE_LOOP ( 'NONE', ( #2655, #14, #3450, #3410 ) ) ;
#2494 = CIRCLE ( 'NONE', #4031, 3.000000000000000888 ) ;
#2495 = DIRECTION ( 'NONE',  ( -0.000000000000000000, -0.000000000000000000, 1.000000000000000000 ) ) ;
#2496 = CIRCLE ( 'NONE', #2566, 45.00000000000000711 ) ;
#2497 = DIRECTION ( 'NONE',  ( 0.000000000000000000, 0.000000000000000000, 1.000000000000000000 ) ) ;
#2498 = CARTESIAN_POINT ( 'NONE',  ( 1.139166452566868128E-14, 106.9800000000000040, 37.94112549695427816 ) ) ;
#2499 = CARTESIAN_POINT ( 'NONE',  ( -42.50000000000000711, 200.0000000000000000, 12.00000000000000000 ) ) ;
#2500 = VERTEX_POINT ( 'NONE', #615 ) ;
#2501 = EDGE_LOOP ( 'NONE', ( #1807, #3221, #1713, #4050 ) ) ;
#2502 = AXIS2_PLACEMENT_3D ( 'NONE', #560, #1108, #3652 ) ;
#2503 = CARTESIAN_POINT ( 'NONE',  ( -18.49918820385033769, 38.32109201636676232, 0.000000000000000000 ) ) ;
#2504 = ORIENTED_EDGE ( 'NONE', *, *, #2606, .T. ) ;
#2505 = ORIENTED_EDGE ( 'NONE', *, *, #4011, .F. ) ;
#2506 = EDGE_CURVE ( 'NONE', #889, #2786, #1487, .T. ) ;
#2507 = CARTESIAN_POINT ( 'NONE',  ( -3.971446131921727130, 89.71967326029397327, 36.95100124303210265 ) ) ;
#2508 = DIRECTION ( 'NONE',  ( -0.000000000000000000, -0.000000000000000000, 1.000000000000000000 ) ) ;
#2509 = DIRECTION ( 'NONE',  ( -0.5292510076846894673, -0.8484653032768875169, 0.000000000000000000 ) ) ;
#2510 = AXIS2_PLACEMENT_3D ( 'NONE', #919, #2876, #1599 ) ;
#2511 = VERTEX_POINT ( 'NONE', #1550 ) ;
#2512 = APPLICATION_CONTEXT ( 'automotive_design' ) ;
#2513 = ADVANCED_FACE ( 'NONE', ( #1910 ), #3133, .F. ) ;
#2514 = CARTESIAN_POINT ( 'NONE',  ( 5.853969548763555686, 88.37943440316534804, 12.00000000000000000 ) ) ;
#2515 = ORIENTED_EDGE ( 'NONE', *, *, #837, .F. ) ;
#2516 = PLANE ( 'NONE',  #295 ) ;
#2517 = VERTEX_POINT ( 'NONE', #2485 ) ;
#2518 = EDGE_CURVE ( 'NONE', #2448, #1520, #3007, .T. ) ;
#2519 = VERTEX_POINT ( 'NONE', #3154 ) ;
#2520 = ORIENTED_EDGE ( 'NONE', *, *, #3919, .T. ) ;
#2521 = DIRECTION ( 'NONE',  ( 1.000000000000000000, 0.000000000000000000, 0.000000000000000000 ) ) ;
#2522 = CYLINDRICAL_SURFACE ( 'NONE', #3600, 2.150000000000038547 ) ;
#2523 = CARTESIAN_POINT ( 'NONE',  ( 0.000000000000000000, 0.000000000000000000, 0.000000000000000000 ) ) ;
#2524 = DIRECTION ( 'NONE',  ( 0.4377567027218491336, 0.8990934707927171754, 0.000000000000000000 ) ) ;
#2525 = ORIENTED_EDGE ( 'NONE', *, *, #605, .F. ) ;
#2526 = CARTESIAN_POINT ( 'NONE',  ( 33.62342488786795514, 217.7037910708205288, 12.00000000000000000 ) ) ;
#2527 = DIRECTION ( 'NONE',  ( -0.000000000000000000, -0.000000000000000000, 1.000000000000000000 ) ) ;
#2528 = AXIS2_PLACEMENT_3D ( 'NONE', #3750, #3210, #1252 ) ;
#2529 = LINE ( 'NONE', #1909, #595 ) ;
#2530 = DIRECTION ( 'NONE',  ( 1.000000000000000000, 0.000000000000000000, 0.000000000000000000 ) ) ;
#2531 = CARTESIAN_POINT ( 'NONE',  ( 3.629779633311373210, 237.9706356505418796, 0.000000000000000000 ) ) ;
#2532 = AXIS2_PLACEMENT_3D ( 'NONE', #2091, #1266, #2872 ) ;
#2533 = EDGE_CURVE ( 'NONE', #942, #3496, #1749, .T. ) ;
#2534 = LINE ( 'NONE', #910, #951 ) ;
#2535 = VERTEX_POINT ( 'NONE', #2799 ) ;
#2536 = DIRECTION ( 'NONE',  ( -0.000000000000000000, 0.000000000000000000, 1.000000000000000000 ) ) ;
#2537 = ORIENTED_EDGE ( 'NONE', *, *, #1113, .F. ) ;
#2538 = CARTESIAN_POINT ( 'NONE',  ( -52.84932284540179381, 17.68313606292501916, 0.000000000000000000 ) ) ;
#2539 = EDGE_CURVE ( 'NONE', #1702, #978, #4097, .T. ) ;
#2540 = LINE ( 'NONE', #2260, #2864 ) ;
#2541 = CARTESIAN_POINT ( 'NONE',  ( 20.26684457972138631, 232.1436452545566738, 0.000000000000000000 ) ) ;
#2542 = CARTESIAN_POINT ( 'NONE',  ( 0.000000000000000000, 0.000000000000000000, 0.000000000000000000 ) ) ;
#2543 = VERTEX_POINT ( 'NONE', #275 ) ;
#2544 = ORIENTED_EDGE ( 'NONE', *, *, #2506, .T. ) ;
#2545 = VECTOR ( 'NONE', #2770, 1000.000000000000000 ) ;
#2546 = CIRCLE ( 'NONE', #754, 4.000000000000000000 ) ;
#2547 = CARTESIAN_POINT ( 'NONE',  ( 15.85299845021491016, 2.403186240112002547, 12.00000000000000000 ) ) ;
#2548 = VECTOR ( 'NONE', #1415, 1000.000000000000000 ) ;
#2549 = CARTESIAN_POINT ( 'NONE',  ( 46.12860222742850880, 177.3399145239144161, 12.00000000000000000 ) ) ;
#2550 = ORIENTED_EDGE ( 'NONE', *, *, #2159, .F. ) ;
#2551 = ORIENTED_EDGE ( 'NONE', *, *, #1205, .F. ) ;
#2552 = AXIS2_PLACEMENT_3D ( 'NONE', #1864, #904, #1531 ) ;
#2553 = CIRCLE ( 'NONE', #2685, 24.00999999999999091 ) ;
#2554 = LINE ( 'NONE', #553, #1581 ) ;
#2555 = ORIENTED_EDGE ( 'NONE', *, *, #2111, .F. ) ;
#2556 = FACE_OUTER_BOUND ( 'NONE', #2256, .T. ) ;
#2557 = VERTEX_POINT ( 'NONE', #254 ) ;
#2558 = ADVANCED_FACE ( 'NONE', ( #550 ), #924, .T. ) ;
#2559 = LINE ( 'NONE', #3852, #153 ) ;
#2560 = DIRECTION ( 'NONE',  ( -1.000000000000000000, 0.000000000000000000, 0.000000000000000000 ) ) ;
#2561 = FACE_OUTER_BOUND ( 'NONE', #1026, .T. ) ;
#2562 = CARTESIAN_POINT ( 'NONE',  ( 35.82063565054180998, 198.5202203666886760, 0.000000000000000000 ) ) ;
#2563 = ORIENTED_EDGE ( 'NONE', *, *, #908, .F. ) ;
#2564 = EDGE_CURVE ( 'NONE', #261, #1006, #883, .T. ) ;
#2565 = CIRCLE ( 'NONE', #2894, 4.000000000000000000 ) ;
#2566 = AXIS2_PLACEMENT_3D ( 'NONE', #961, #1582, #3854 ) ;
#2567 = CARTESIAN_POINT ( 'NONE',  ( 1.139166452566868128E-14, 106.9800000000000040, 4.000000000000003553 ) ) ;
#2568 = LINE ( 'NONE', #3521, #4129 ) ;
#2569 = ORIENTED_EDGE ( 'NONE', *, *, #3605, .T. ) ;
#2570 = VECTOR ( 'NONE', #2170, 1000.000000000000227 ) ;
#2571 = CIRCLE ( 'NONE', #2899, 8.000000000000001776 ) ;
#2572 = LINE ( 'NONE', #1255, #2716 ) ;
#2573 = ORIENTED_EDGE ( 'NONE', *, *, #3809, .F. ) ;
#2574 = CARTESIAN_POINT ( 'NONE',  ( -2.891966150378136202, 85.51446145223597739, 0.000000000000000000 ) ) ;
#2575 = VERTEX_POINT ( 'NONE', #2182 ) ;
#2576 = CARTESIAN_POINT ( 'NONE',  ( -20.52482512233140000, 96.57627002127701132, 0.000000000000000000 ) ) ;
#2577 = ORIENTED_EDGE ( 'NONE', *, *, #656, .T. ) ;
#2578 = VECTOR ( 'NONE', #511, 1000.000000000000000 ) ;
#2579 = ORIENTED_EDGE ( 'NONE', *, *, #1489, .T. ) ;
#2580 = DIRECTION ( 'NONE',  ( -0.000000000000000000, -0.000000000000000000, -1.000000000000000000 ) ) ;
#2581 = DIRECTION ( 'NONE',  ( -0.000000000000000000, 0.000000000000000000, 1.000000000000000000 ) ) ;
#2582 = DIRECTION ( 'NONE',  ( 1.000000000000000000, 0.000000000000000000, 0.000000000000000000 ) ) ;
#2583 = CARTESIAN_POINT ( 'NONE',  ( 49.87267610670708251, 168.0672713847380919, 8.000000000000000000 ) ) ;
#2584 = ORIENTED_EDGE ( 'NONE', *, *, #1356, .T. ) ;
#2585 = CARTESIAN_POINT ( 'NONE',  ( -10.49511617239201300, 61.54481237807463145, 7.000000000000000000 ) ) ;
#2586 = LINE ( 'NONE', #461, #2309 ) ;
#2587 = CIRCLE ( 'NONE', #3116, 16.50000000000000000 ) ;
#2588 = ADVANCED_FACE ( 'NONE', ( #2204 ), #641, .F. ) ;
#2589 = EDGE_LOOP ( 'NONE', ( #624, #1348, #1191, #3433, #1666, #933, #40, #466, #1517 ) ) ;
#2590 = DIRECTION ( 'NONE',  ( -0.000000000000000000, -0.000000000000000000, 1.000000000000000000 ) ) ;
#2591 = ORIENTED_EDGE ( 'NONE', *, *, #680, .T. ) ;
#2592 = AXIS2_PLACEMENT_3D ( 'NONE', #3237, #1720, #1400 ) ;
#2593 = CARTESIAN_POINT ( 'NONE',  ( -4.319205177079739499, 128.0573706285193225, 0.000000000000000000 ) ) ;
#2594 = ORIENTED_EDGE ( 'NONE', *, *, #3339, .T. ) ;
#2595 = DIRECTION ( 'NONE',  ( 1.000000000000000000, 0.000000000000000000, 0.000000000000000000 ) ) ;
#2596 = VERTEX_POINT ( 'NONE', #4036 ) ;
#2597 = VERTEX_POINT ( 'NONE', #1512 ) ;
#2598 = DIRECTION ( 'NONE',  ( 1.000000000000000000, 0.000000000000000000, 0.000000000000000000 ) ) ;
#2599 = DIRECTION ( 'NONE',  ( -1.000000000000000000, 0.000000000000000000, 0.000000000000000000 ) ) ;
#2600 = APPLICATION_PROTOCOL_DEFINITION ( 'draft international standard', 'automotive_design', 1998, #1528 ) ;
#2601 = CARTESIAN_POINT ( 'NONE',  ( -16.01000000000000156, 1.960659525434912309E-15, 12.00000000000000000 ) ) ;
#2602 = VERTEX_POINT ( 'NONE', #1573 ) ;
#2603 = ORIENTED_EDGE ( 'NONE', *, *, #2564, .F. ) ;
#2604 = CARTESIAN_POINT ( 'NONE',  ( 4.953358848953788751, 91.24105987960145114, 34.28877117602144153 ) ) ;
#2605 = CARTESIAN_POINT ( 'NONE',  ( 3.629779633311373210, 237.9706356505418796, 0.000000000000000000 ) ) ;
#2606 = EDGE_CURVE ( 'NONE', #1222, #1605, #2780, .T. ) ;
#2607 = FACE_OUTER_BOUND ( 'NONE', #3584, .T. ) ;
#2608 = EDGE_CURVE ( 'NONE', #647, #379, #3799, .T. ) ;
#2609 = CARTESIAN_POINT ( 'NONE',  ( -16.13350922244122287, 36.47621723554309625, 0.000000000000000000 ) ) ;
#2610 = EDGE_CURVE ( 'NONE', #2044, #918, #3776, .T. ) ;
#2611 = CIRCLE ( 'NONE', #1604, 3.000000000000000000 ) ;
#2612 = EDGE_CURVE ( 'NONE', #1467, #4116, #3617, .T. ) ;
#2613 = CARTESIAN_POINT ( 'NONE',  ( 16.01000000000000156, 0.000000000000000000, 0.000000000000000000 ) ) ;
#2614 = ORIENTED_EDGE ( 'NONE', *, *, #2688, .T. ) ;
#2615 = CARTESIAN_POINT ( 'NONE',  ( 15.98844089853004569, -1.680452853730469487, 0.000000000000000000 ) ) ;
#2616 = ORIENTED_EDGE ( 'NONE', *, *, #2067, .T. ) ;
#2617 = DIRECTION ( 'NONE',  ( -1.000000000000000000, 0.000000000000000000, 0.000000000000000000 ) ) ;
#2618 = DIRECTION ( 'NONE',  ( 0.000000000000000000, 0.000000000000000000, -1.000000000000000000 ) ) ;
#2619 = CIRCLE ( 'NONE', #1221, 3.000000000000000000 ) ;
#2620 = APPLICATION_PROTOCOL_DEFINITION ( 'draft international standard', 'automotive_design', 1998, #2512 ) ;
#2621 = DIRECTION ( 'NONE',  ( 0.000000000000000000, -0.000000000000000000, -1.000000000000000000 ) ) ;
#2622 = ORIENTED_EDGE ( 'NONE', *, *, #632, .F. ) ;
#2623 = ORIENTED_EDGE ( 'NONE', *, *, #356, .F. ) ;
#2624 = VERTEX_POINT ( 'NONE', #3733 ) ;
#2625 = DIRECTION ( 'NONE',  ( -0.000000000000000000, -0.000000000000000000, -1.000000000000000000 ) ) ;
#2626 = CARTESIAN_POINT ( 'NONE',  ( -7.669232159080014100, 153.2007747378692954, 12.00000000000000000 ) ) ;
#2627 = CYLINDRICAL_SURFACE ( 'NONE', #1478, 1.650000000000000355 ) ;
#2628 = AXIS2_PLACEMENT_3D ( 'NONE', #1536, #1219, #3762 ) ;
#2629 = AXIS2_PLACEMENT_3D ( 'NONE', #3333, #2440, #2690 ) ;
#2630 = VECTOR ( 'NONE', #1888, 1000.000000000000000 ) ;
#2631 = DIRECTION ( 'NONE',  ( -1.000000000000000000, -8.673617379884035472E-16, 0.000000000000000000 ) ) ;
#2632 = CIRCLE ( 'NONE', #840, 4.000000000000000000 ) ;
#2633 = ADVANCED_FACE ( 'NONE', ( #2758 ), #884, .F. ) ;
#2634 = DIRECTION ( 'NONE',  ( 1.000000000000000000, 0.000000000000000000, 0.000000000000000000 ) ) ;
#2635 = ORIENTED_EDGE ( 'NONE', *, *, #1258, .F. ) ;
#2636 = CARTESIAN_POINT ( 'NONE',  ( -5.437362060208809744, 87.10221447529002603, -5.999999999999998224 ) ) ;
#2637 = EDGE_CURVE ( 'NONE', #1179, #2217, #2144, .T. ) ;
#2638 = EDGE_LOOP ( 'NONE', ( #2280, #667, #1711, #2913, #3866, #3868, #1543, #2266, #1187, #3207 ) ) ;
#2639 = CARTESIAN_POINT ( 'NONE',  ( -26.13104821838503256, 157.8630924785232423, 12.00000000000000000 ) ) ;
#2640 = FACE_OUTER_BOUND ( 'NONE', #2457, .T. ) ;
#2641 = CARTESIAN_POINT ( 'NONE',  ( -25.85901295113747267, 16.13019248903180625, -0.000000000000000000 ) ) ;
#2642 = DIRECTION ( 'NONE',  ( -0.000000000000000000, -0.000000000000000000, 1.000000000000000000 ) ) ;
#2643 = ORIENTED_EDGE ( 'NONE', *, *, #1334, .T. ) ;
#2644 = ORIENTED_EDGE ( 'NONE', *, *, #1258, .T. ) ;
#2645 = CIRCLE ( 'NONE', #2411, 29.01999999999999957 ) ;
#2646 = DIRECTION ( 'NONE',  ( -0.5292510076846895783, -0.8484653032768874059, 0.000000000000000000 ) ) ;
#2647 = CARTESIAN_POINT ( 'NONE',  ( 32.80451560895778584, 158.3138106307142152, 12.00000000000000000 ) ) ;
#2648 = EDGE_CURVE ( 'NONE', #273, #1006, #1352, .T. ) ;
#2649 = DIRECTION ( 'NONE',  ( -0.000000000000000000, -0.000000000000000000, 1.000000000000000000 ) ) ;
#2650 = ORIENTED_EDGE ( 'NONE', *, *, #82, .T. ) ;
#2651 = CYLINDRICAL_SURFACE ( 'NONE', #1458, 2.150000000000038547 ) ;
#2652 = VERTEX_POINT ( 'NONE', #59 ) ;
#2653 = EDGE_CURVE ( 'NONE', #1787, #3120, #3904, .T. ) ;
#2654 = LINE ( 'NONE', #1741, #2221 ) ;
#2655 = ORIENTED_EDGE ( 'NONE', *, *, #86, .F. ) ;
#2656 = CARTESIAN_POINT ( 'NONE',  ( 15.39088866753806784, 81.40619453457314592, 12.00000000000000000 ) ) ;
#2657 = ORIENTED_EDGE ( 'NONE', *, *, #2990, .F. ) ;
#2658 = DIRECTION ( 'NONE',  ( 1.000000000000000000, 2.312964634635743450E-15, 0.000000000000000000 ) ) ;
#2659 = AXIS2_PLACEMENT_3D ( 'NONE', #613, #290, #4113 ) ;
#2660 = CARTESIAN_POINT ( 'NONE',  ( 5.628468213283653654, 85.06313257139603934, 12.00000000000000000 ) ) ;
#2661 = ADVANCED_FACE ( 'NONE', ( #2607 ), #1737, .F. ) ;
#2662 = ORIENTED_EDGE ( 'NONE', *, *, #2241, .T. ) ;
#2663 = DIRECTION ( 'NONE',  ( 1.000000000000000000, 0.000000000000000000, 0.000000000000000000 ) ) ;
#2664 = ORIENTED_EDGE ( 'NONE', *, *, #1802, .F. ) ;
#2665 = EDGE_LOOP ( 'NONE', ( #935, #3232, #378, #476 ) ) ;
#2666 = CIRCLE ( 'NONE', #868, 2.150000000000047873 ) ;
#2667 = EDGE_CURVE ( 'NONE', #806, #3996, #1607, .T. ) ;
#2668 = EDGE_CURVE ( 'NONE', #423, #2032, #144, .T. ) ;
#2669 = LINE ( 'NONE', #1310, #3192 ) ;
#2670 = CARTESIAN_POINT ( 'NONE',  ( 4.953358848953788751, 91.24105987960145114, 0.000000000000000000 ) ) ;
#2671 = CARTESIAN_POINT ( 'NONE',  ( -24.52345442223362681, 96.47156222804549941, 12.00000000000000000 ) ) ;
#2672 = VERTEX_POINT ( 'NONE', #1332 ) ;
#2673 = DIRECTION ( 'NONE',  ( -1.000000000000000000, 8.673617379884027583E-16, 0.000000000000000000 ) ) ;
#2674 = DIRECTION ( 'NONE',  ( 0.000000000000000000, 0.000000000000000000, -1.000000000000000000 ) ) ;
#2675 = VERTEX_POINT ( 'NONE', #2671 ) ;
#2676 = LINE ( 'NONE', #509, #1699 ) ;
#2677 = AXIS2_PLACEMENT_3D ( 'NONE', #3316, #1693, #3589 ) ;
#2678 =( NAMED_UNIT ( * ) SI_UNIT ( $, .STERADIAN. ) SOLID_ANGLE_UNIT ( ) );
#2679 = CARTESIAN_POINT ( 'NONE',  ( -27.72069956224818199, 21.61798787201414740, 12.00000000000000000 ) ) ;
#2680 = PLANE ( 'NONE',  #633 ) ;
#2681 = ORIENTED_EDGE ( 'NONE', *, *, #2191, .T. ) ;
#2682 = ORIENTED_EDGE ( 'NONE', *, *, #3580, .T. ) ;
#2683 = CIRCLE ( 'NONE', #3215, 2.150000000000038547 ) ;
#2684 = DIRECTION ( 'NONE',  ( 1.000000000000000000, 0.000000000000000000, 0.000000000000000000 ) ) ;
#2685 = AXIS2_PLACEMENT_3D ( 'NONE', #3363, #3977, #1810 ) ;
#2686 = FACE_BOUND ( 'NONE', #872, .T. ) ;
#2687 = DIRECTION ( 'NONE',  ( -1.000000000000000000, 0.000000000000000000, 0.000000000000000000 ) ) ;
#2688 = EDGE_CURVE ( 'NONE', #3889, #969, #1818, .T. ) ;
#2689 = ORIENTED_EDGE ( 'NONE', *, *, #3709, .T. ) ;
#2690 = DIRECTION ( 'NONE',  ( -1.000000000000000000, 0.000000000000000000, 0.000000000000000000 ) ) ;
#2691 = CARTESIAN_POINT ( 'NONE',  ( 46.12860222742850880, 177.3399145239144161, 40.28427124746161780 ) ) ;
#2692 = ORIENTED_EDGE ( 'NONE', *, *, #856, .T. ) ;
#2693 = EDGE_CURVE ( 'NONE', #273, #3564, #1950, .T. ) ;
#2694 = AXIS2_PLACEMENT_3D ( 'NONE', #1404, #2100, #3028 ) ;
#2695 = VECTOR ( 'NONE', #3247, 1000.000000000000000 ) ;
#2696 = CIRCLE ( 'NONE', #370, 2.150000000000040767 ) ;
#2697 = DIRECTION ( 'NONE',  ( 1.000000000000000000, 0.000000000000000000, 0.000000000000000000 ) ) ;
#2698 = ORIENTED_EDGE ( 'NONE', *, *, #3449, .T. ) ;
#2699 = CARTESIAN_POINT ( 'NONE',  ( 22.41684457972143107, 232.1436452545566738, 12.00000000000000000 ) ) ;
#2700 = CIRCLE ( 'NONE', #1298, 2.150000000000038547 ) ;
#2701 = CARTESIAN_POINT ( 'NONE',  ( -7.824261193461405917, 152.2488607686540831, 0.000000000000000000 ) ) ;
#2702 = CARTESIAN_POINT ( 'NONE',  ( 1.139166452566868128E-14, 106.9800000000000040, -26.87005768508879200 ) ) ;
#2703 = VERTEX_POINT ( 'NONE', #105 ) ;
#2704 = ORIENTED_EDGE ( 'NONE', *, *, #3612, .F. ) ;
#2705 = DIRECTION ( 'NONE',  ( -0.000000000000000000, 0.000000000000000000, 1.000000000000000000 ) ) ;
#2706 = CYLINDRICAL_SURFACE ( 'NONE', #237, 2.999999999999999112 ) ;
#2707 = DIRECTION ( 'NONE',  ( 1.000000000000000000, 0.000000000000000000, 0.000000000000000000 ) ) ;
#2708 = AXIS2_PLACEMENT_3D ( 'NONE', #289, #3459, #612 ) ;
#2709 = DIRECTION ( 'NONE',  ( -1.000000000000000000, 0.000000000000000000, 0.000000000000000000 ) ) ;
#2710 = ADVANCED_FACE ( 'NONE', ( #2036 ), #2920, .F. ) ;
#2711 = FACE_OUTER_BOUND ( 'NONE', #2713, .T. ) ;
#2712 = EDGE_CURVE ( 'NONE', #828, #762, #1669, .T. ) ;
#2713 = EDGE_LOOP ( 'NONE', ( #2980, #2311, #1553, #2175, #1290, #3202, #3935, #2180 ) ) ;
#2714 = ADVANCED_FACE ( 'NONE', ( #3633 ), #3924, .F. ) ;
#2715 = LINE ( 'NONE', #150, #880 ) ;
#2716 = VECTOR ( 'NONE', #38, 999.9999999999998863 ) ;
#2717 = DIRECTION ( 'NONE',  ( -1.000000000000000000, 0.000000000000000000, 0.000000000000000000 ) ) ;
#2718 = DIRECTION ( 'NONE',  ( 1.000000000000000000, 0.000000000000000000, 0.000000000000000000 ) ) ;
#2719 = VERTEX_POINT ( 'NONE', #3296 ) ;
#2720 = CARTESIAN_POINT ( 'NONE',  ( 35.90508814616005395, 162.4274898839639150, 12.00000000000000000 ) ) ;
#2721 = ORIENTED_EDGE ( 'NONE', *, *, #569, .F. ) ;
#2722 = EDGE_LOOP ( 'NONE', ( #3597, #1250, #3735, #366 ) ) ;
#2723 = AXIS2_PLACEMENT_3D ( 'NONE', #763, #1075, #2631 ) ;
#2724 = CARTESIAN_POINT ( 'NONE',  ( -33.62342488786801198, 182.2962089291795280, 0.000000000000000000 ) ) ;
#2725 = FACE_BOUND ( 'NONE', #3424, .T. ) ;
#2726 = DIRECTION ( 'NONE',  ( 0.000000000000000000, 0.000000000000000000, 1.000000000000000000 ) ) ;
#2727 = ORIENTED_EDGE ( 'NONE', *, *, #2610, .T. ) ;
#2728 = CARTESIAN_POINT ( 'NONE',  ( 35.77342488786800345, 217.7037910708205288, 12.00000000000000000 ) ) ;
#2729 = CYLINDRICAL_SURFACE ( 'NONE', #61, 2.999999999999997335 ) ;
#2730 = ORIENTED_EDGE ( 'NONE', *, *, #3230, .T. ) ;
#2731 = ADVANCED_FACE ( 'NONE', ( #2342 ), #400, .F. ) ;
#2732 = DIRECTION ( 'NONE',  ( -0.000000000000000000, -0.000000000000000000, -1.000000000000000000 ) ) ;
#2733 = DIRECTION ( 'NONE',  ( 0.000000000000000000, 0.000000000000000000, -1.000000000000000000 ) ) ;
#2734 = DIRECTION ( 'NONE',  ( 0.000000000000000000, -0.000000000000000000, -1.000000000000000000 ) ) ;
#2735 = ADVANCED_FACE ( 'NONE', ( #81 ), #2627, .F. ) ;
#2736 = EDGE_CURVE ( 'NONE', #3015, #1162, #2323, .T. ) ;
#2737 = AXIS2_PLACEMENT_3D ( 'NONE', #2090, #2705, #3981 ) ;
#2738 = ORIENTED_EDGE ( 'NONE', *, *, #1134, .F. ) ;
#2739 = FILL_AREA_STYLE ('',( #1468 ) ) ;
#2740 = VERTEX_POINT ( 'NONE', #3653 ) ;
#2741 = CYLINDRICAL_SURFACE ( 'NONE', #2422, 16.01000000000000156 ) ;
#2742 = CIRCLE ( 'NONE', #3399, 2.150000000000037215 ) ;
#2743 = AXIS2_PLACEMENT_3D ( 'NONE', #1204, #3386, #1776 ) ;
#2744 = ORIENTED_EDGE ( 'NONE', *, *, #301, .F. ) ;
#2745 = ORIENTED_EDGE ( 'NONE', *, *, #3279, .T. ) ;
#2746 = CARTESIAN_POINT ( 'NONE',  ( -17.70379107082048620, 233.6234248878680546, 0.000000000000000000 ) ) ;
#2747 = DIRECTION ( 'NONE',  ( 0.000000000000000000, 0.000000000000000000, 1.000000000000000000 ) ) ;
#2748 = CARTESIAN_POINT ( 'NONE',  ( 46.12860222742850880, 177.3399145239144161, 8.000000000000000000 ) ) ;
#2749 = VERTEX_POINT ( 'NONE', #3945 ) ;
#2750 = AXIS2_PLACEMENT_3D ( 'NONE', #1174, #771, #3309 ) ;
#2751 = CIRCLE ( 'NONE', #3747, 12.00000000000000355 ) ;
#2752 = CARTESIAN_POINT ( 'NONE',  ( -16.83078164862297754, 1.768986434102107763, -0.000000000000000000 ) ) ;
#2753 = CARTESIAN_POINT ( 'NONE',  ( 17.51321459190354446, 118.0612943437975559, 12.00000000000000000 ) ) ;
#2754 = ORIENTED_EDGE ( 'NONE', *, *, #1116, .T. ) ;
#2755 = VECTOR ( 'NONE', #1524, 1000.000000000000000 ) ;
#2756 = EDGE_LOOP ( 'NONE', ( #1033, #3842 ) ) ;
#2757 = DIRECTION ( 'NONE',  ( 1.000000000000000000, 0.000000000000000000, 0.000000000000000000 ) ) ;
#2758 = FACE_OUTER_BOUND ( 'NONE', #897, .T. ) ;
#2759 = LINE ( 'NONE', #1424, #4027 ) ;
#2760 = VECTOR ( 'NONE', #280, 1000.000000000000000 ) ;
#2761 = VECTOR ( 'NONE', #1820, 999.9999999999998863 ) ;
#2762 = ADVANCED_FACE ( 'NONE', ( #3273 ), #3611, .F. ) ;
#2763 = VECTOR ( 'NONE', #2078, 1000.000000000000000 ) ;
#2764 = LINE ( 'NONE', #2428, #3844 ) ;
#2765 = ORIENTED_EDGE ( 'NONE', *, *, #1911, .F. ) ;
#2766 = DIRECTION ( 'NONE',  ( 1.000000000000000000, 0.000000000000000000, 0.000000000000000000 ) ) ;
#2767 = AXIS2_PLACEMENT_3D ( 'NONE', #115, #1617, #2599 ) ;
#2768 = VERTEX_POINT ( 'NONE', #782 ) ;
#2769 = ORIENTED_EDGE ( 'NONE', *, *, #2736, .F. ) ;
#2770 = DIRECTION ( 'NONE',  ( -0.000000000000000000, -0.000000000000000000, -1.000000000000000000 ) ) ;
#2771 = FACE_OUTER_BOUND ( 'NONE', #179, .T. ) ;
#2772 = CARTESIAN_POINT ( 'NONE',  ( -35.82063565054183130, 201.4797796333113240, 0.000000000000000000 ) ) ;
#2773 = ORIENTED_EDGE ( 'NONE', *, *, #397, .T. ) ;
#2774 = FACE_BOUND ( 'NONE', #109, .T. ) ;
#2775 = DIRECTION ( 'NONE',  ( 0.000000000000000000, -0.000000000000000000, -1.000000000000000000 ) ) ;
#2776 = ORIENTED_EDGE ( 'NONE', *, *, #3663, .T. ) ;
#2777 = AXIS2_PLACEMENT_3D ( 'NONE', #1491, #2085, #1138 ) ;
#2778 = CIRCLE ( 'NONE', #2846, 10.00000000000000178 ) ;
#2779 = CARTESIAN_POINT ( 'NONE',  ( -32.14364525455665955, 220.2668445797214076, 12.00000000000000000 ) ) ;
#2780 = LINE ( 'NONE', #1195, #691 ) ;
#2781 = CARTESIAN_POINT ( 'NONE',  ( 3.106463149324664830, 75.60323790134660271, 7.000000000000000000 ) ) ;
#2782 = LINE ( 'NONE', #2146, #1918 ) ;
#2783 = ORIENTED_EDGE ( 'NONE', *, *, #2122, .T. ) ;
#2784 = LINE ( 'NONE', #665, #23 ) ;
#2785 = ORIENTED_EDGE ( 'NONE', *, *, #523, .F. ) ;
#2786 = VERTEX_POINT ( 'NONE', #2057 ) ;
#2787 = ORIENTED_EDGE ( 'NONE', *, *, #1975, .F. ) ;
#2788 = EDGE_CURVE ( 'NONE', #2130, #3606, #2114, .T. ) ;
#2789 = CARTESIAN_POINT ( 'NONE',  ( 16.91994825003060399, 83.71642544827824395, 34.28877117602144153 ) ) ;
#2790 = EDGE_CURVE ( 'NONE', #3006, #1449, #4000, .T. ) ;
#2791 = DIRECTION ( 'NONE',  ( 0.000000000000000000, 0.000000000000000000, -1.000000000000000000 ) ) ;
#2792 = DIRECTION ( 'NONE',  ( -0.000000000000000000, -0.000000000000000000, 1.000000000000000000 ) ) ;
#2793 = ORIENTED_EDGE ( 'NONE', *, *, #62, .T. ) ;
#2794 = ADVANCED_FACE ( 'NONE', ( #838 ), #2092, .F. ) ;
#2795 = CARTESIAN_POINT ( 'NONE',  ( 16.44958167964339069, 96.94699135031068238, 0.000000000000000000 ) ) ;
#2796 = CARTESIAN_POINT ( 'NONE',  ( -40.48227167337817178, 25.25180816911831627, -5.999999999999998224 ) ) ;
#2797 = ORIENTED_EDGE ( 'NONE', *, *, #3400, .F. ) ;
#2798 = DIRECTION ( 'NONE',  ( 0.000000000000000000, 0.000000000000000000, 1.000000000000000000 ) ) ;
#2799 = CARTESIAN_POINT ( 'NONE',  ( 14.22010219368885764, 58.02910609794744090, 0.000000000000000000 ) ) ;
#2800 = DIRECTION ( 'NONE',  ( 1.000000000000000000, 0.000000000000000000, 0.000000000000000000 ) ) ;
#2801 = CARTESIAN_POINT ( 'NONE',  ( 1.139166452566868128E-14, 106.9800000000000040, 0.000000000000000000 ) ) ;
#2802 = ORIENTED_EDGE ( 'NONE', *, *, #813, .T. ) ;
#2803 = FACE_OUTER_BOUND ( 'NONE', #2722, .T. ) ;
#2804 = ORIENTED_EDGE ( 'NONE', *, *, #1337, .F. ) ;
#2805 = CYLINDRICAL_SURFACE ( 'NONE', #3830, 16.99999999999999289 ) ;
#2806 = CARTESIAN_POINT ( 'NONE',  ( -21.68557643954152425, 100.4041488568196172, 0.000000000000000000 ) ) ;
#2807 = DIRECTION ( 'NONE',  ( 1.000000000000000000, 0.000000000000000000, 0.000000000000000000 ) ) ;
#2808 = DIRECTION ( 'NONE',  ( -0.000000000000000000, -0.000000000000000000, 1.000000000000000000 ) ) ;
#2809 = AXIS2_PLACEMENT_3D ( 'NONE', #3907, #977, #2971 ) ;
#2810 = EDGE_LOOP ( 'NONE', ( #2745, #3378, #3874, #4070 ) ) ;
#2811 = VECTOR ( 'NONE', #2463, 1000.000000000000000 ) ;
#2812 = DIRECTION ( 'NONE',  ( -0.000000000000000000, 0.000000000000000000, 1.000000000000000000 ) ) ;
#2813 = CARTESIAN_POINT ( 'NONE',  ( -18.49918820385033769, 38.32109201636676232, 0.000000000000000000 ) ) ;
#2814 = ADVANCED_FACE ( 'NONE', ( #4049 ), #3744, .F. ) ;
#2815 = VERTEX_POINT ( 'NONE', #2438 ) ;
#2816 = CARTESIAN_POINT ( 'NONE',  ( -4.632790566882714067, 125.0738049424144691, 0.000000000000000000 ) ) ;
#2817 = AXIS2_PLACEMENT_3D ( 'NONE', #3813, #1307, #1858 ) ;
#2818 = DIRECTION ( 'NONE',  ( -0.000000000000000000, -0.000000000000000000, -1.000000000000000000 ) ) ;
#2819 = DIRECTION ( 'NONE',  ( -0.000000000000000000, -0.000000000000000000, -1.000000000000000000 ) ) ;
#2820 = EDGE_LOOP ( 'NONE', ( #3745, #1360, #3920, #2802 ) ) ;
#2821 = DIRECTION ( 'NONE',  ( -0.000000000000000000, -0.000000000000000000, -1.000000000000000000 ) ) ;
#2822 = EDGE_LOOP ( 'NONE', ( #2544, #1935, #2769, #1790 ) ) ;
#2823 = DIRECTION ( 'NONE',  ( -0.000000000000000000, -0.000000000000000000, 1.000000000000000000 ) ) ;
#2824 = VERTEX_POINT ( 'NONE', #1145 ) ;
#2825 = AXIS2_PLACEMENT_3D ( 'NONE', #2388, #484, #3010 ) ;
#2826 = CIRCLE ( 'NONE', #2243, 16.01000000000000156 ) ;
#2827 = EDGE_LOOP ( 'NONE', ( #1966, #2461, #1105, #1980 ) ) ;
#2828 = CIRCLE ( 'NONE', #1232, 3.000000000000002665 ) ;
#2829 = CARTESIAN_POINT ( 'NONE',  ( -11.88355060779171701, 48.92690830732785656, 12.00000000000000000 ) ) ;
#2830 = CIRCLE ( 'NONE', #3694, 3.000000000000000000 ) ;
#2831 = DIRECTION ( 'NONE',  ( -0.000000000000000000, -0.000000000000000000, 1.000000000000000000 ) ) ;
#2832 = CARTESIAN_POINT ( 'NONE',  ( -29.97944302131860539, -0.7850393436441706063, 12.00000000000000000 ) ) ;
#2833 = LINE ( 'NONE', #4110, #288 ) ;
#2834 = VERTEX_POINT ( 'NONE', #3349 ) ;
#2835 = VERTEX_POINT ( 'NONE', #3707 ) ;
#2836 = AXIS2_PLACEMENT_3D ( 'NONE', #718, #421, #104 ) ;
#2837 = CARTESIAN_POINT ( 'NONE',  ( -1.479779633311362197, 162.0293643494581488, 0.000000000000000000 ) ) ;
#2838 = EDGE_LOOP ( 'NONE', ( #1314, #64, #1869, #768 ) ) ;
#2839 = EDGE_CURVE ( 'NONE', #3128, #2749, #203, .T. ) ;
#2840 = DIRECTION ( 'NONE',  ( 0.000000000000000000, 0.000000000000000000, -1.000000000000000000 ) ) ;
#2841 = EDGE_CURVE ( 'NONE', #604, #3031, #1186, .T. ) ;
#2842 = DIRECTION ( 'NONE',  ( 0.000000000000000000, 0.000000000000000000, 1.000000000000000000 ) ) ;
#2843 = CARTESIAN_POINT ( 'NONE',  ( -13.93048702718916232, 29.36344648704481131, 44.10498422959205556 ) ) ;
#2844 = ORIENTED_EDGE ( 'NONE', *, *, #2359, .F. ) ;
#2845 = EDGE_CURVE ( 'NONE', #1327, #2557, #2397, .T. ) ;
#2846 = AXIS2_PLACEMENT_3D ( 'NONE', #3180, #3780, #278 ) ;
#2847 = VERTEX_POINT ( 'NONE', #226 ) ;
#2848 = DIRECTION ( 'NONE',  ( 0.000000000000000000, 0.000000000000000000, 1.000000000000000000 ) ) ;
#2849 = EDGE_LOOP ( 'NONE', ( #1642, #2037, #735, #3161 ) ) ;
#2850 = CARTESIAN_POINT ( 'NONE',  ( -1.161997836346250645, 55.72305129354304398, 7.000000000000000000 ) ) ;
#2851 = ORIENTED_EDGE ( 'NONE', *, *, #2612, .T. ) ;
#2852 = ORIENTED_EDGE ( 'NONE', *, *, #2969, .F. ) ;
#2853 = LINE ( 'NONE', #2234, #644 ) ;
#2854 = DIRECTION ( 'NONE',  ( -0.000000000000000000, -0.000000000000000000, -1.000000000000000000 ) ) ;
#2855 = CARTESIAN_POINT ( 'NONE',  ( 46.12860222742850880, 177.3399145239144161, 8.000000000000000000 ) ) ;
#2856 = CARTESIAN_POINT ( 'NONE',  ( 8.032265735583811406, -0.8442251475892393886, -0.000000000000000000 ) ) ;
#2857 = ORIENTED_EDGE ( 'NONE', *, *, #1905, .F. ) ;
#2858 = CYLINDRICAL_SURFACE ( 'NONE', #1442, 2.999999999999999112 ) ;
#2859 = CARTESIAN_POINT ( 'NONE',  ( 47.55784597599239305, 77.97328789447568909, 12.00000000000000000 ) ) ;
#2860 = ORIENTED_EDGE ( 'NONE', *, *, #501, .F. ) ;
#2861 = CIRCLE ( 'NONE', #1591, 42.50000000000000711 ) ;
#2862 = DIRECTION ( 'NONE',  ( 0.000000000000000000, 0.000000000000000000, -1.000000000000000000 ) ) ;
#2863 = PRODUCT_RELATED_PRODUCT_CATEGORY ( 'part', '', ( #502 ) ) ;
#2864 = VECTOR ( 'NONE', #1539, 1000.000000000000000 ) ;
#2865 = EDGE_CURVE ( 'NONE', #3006, #3111, #213, .T. ) ;
#2866 = LINE ( 'NONE', #953, #660 ) ;
#2867 = ORIENTED_EDGE ( 'NONE', *, *, #808, .T. ) ;
#2868 = FACE_OUTER_BOUND ( 'NONE', #1529, .T. ) ;
#2869 = ADVANCED_FACE ( 'NONE', ( #3983 ), #3409, .F. ) ;
#2870 = ORIENTED_EDGE ( 'NONE', *, *, #1387, .T. ) ;
#2871 = DIRECTION ( 'NONE',  ( -1.000000000000000000, 0.000000000000000000, 0.000000000000000000 ) ) ;
#2872 = DIRECTION ( 'NONE',  ( 1.000000000000000000, 0.000000000000000000, 0.000000000000000000 ) ) ;
#2873 = CARTESIAN_POINT ( 'NONE',  ( -20.63892272293261243, 62.73193158361500821, 12.00000000000000000 ) ) ;
#2874 = FACE_OUTER_BOUND ( 'NONE', #2450, .T. ) ;
#2875 = ORIENTED_EDGE ( 'NONE', *, *, #2539, .F. ) ;
#2876 = DIRECTION ( 'NONE',  ( -0.9945218953682734009, 0.1045284632676536235, 0.000000000000000000 ) ) ;
#2877 = AXIS2_PLACEMENT_3D ( 'NONE', #3547, #3596, #3822 ) ;
#2878 = DIRECTION ( 'NONE',  ( -1.000000000000000000, 0.000000000000000000, 0.000000000000000000 ) ) ;
#2879 = ORIENTED_EDGE ( 'NONE', *, *, #3586, .T. ) ;
#2880 = VECTOR ( 'NONE', #2508, 1000.000000000000000 ) ;
#2881 = CARTESIAN_POINT ( 'NONE',  ( 1.139166452566868128E-14, 106.9800000000000040, 0.000000000000000000 ) ) ;
#2882 = VERTEX_POINT ( 'NONE', #3689 ) ;
#2883 = FACE_OUTER_BOUND ( 'NONE', #1201, .T. ) ;
#2884 = ORIENTED_EDGE ( 'NONE', *, *, #1378, .F. ) ;
#2885 = DIRECTION ( 'NONE',  ( 0.000000000000000000, 0.000000000000000000, -1.000000000000000000 ) ) ;
#2886 = ORIENTED_EDGE ( 'NONE', *, *, #2486, .F. ) ;
#2887 = ORIENTED_EDGE ( 'NONE', *, *, #804, .F. ) ;
#2888 = EDGE_CURVE ( 'NONE', #668, #3040, #2038, .T. ) ;
#2889 = LINE ( 'NONE', #3578, #3746 ) ;
#2890 = DIRECTION ( 'NONE',  ( -1.000000000000000000, 0.000000000000000000, 0.000000000000000000 ) ) ;
#2891 = CARTESIAN_POINT ( 'NONE',  ( 32.14364525455665245, 179.7331554202786208, 12.00000000000000000 ) ) ;
#2892 = DIRECTION ( 'NONE',  ( -0.000000000000000000, -0.000000000000000000, 1.000000000000000000 ) ) ;
#2893 = EDGE_LOOP ( 'NONE', ( #3519, #2362 ) ) ;
#2894 = AXIS2_PLACEMENT_3D ( 'NONE', #152, #214, #1488 ) ;
#2895 = PLANE ( 'NONE',  #1735 ) ;
#2896 = CIRCLE ( 'NONE', #3828, 2.150000000000044320 ) ;
#2897 = CARTESIAN_POINT ( 'NONE',  ( 17.31548115991533265, 117.9732577478318944, 12.00000000000000000 ) ) ;
#2898 = ADVANCED_FACE ( 'NONE', ( #3725 ), #1815, .T. ) ;
#2899 = AXIS2_PLACEMENT_3D ( 'NONE', #518, #2747, #4047 ) ;
#2900 = CARTESIAN_POINT ( 'NONE',  ( 15.85299845021491016, 2.403186240112002547, 0.000000000000000000 ) ) ;
#2901 = CARTESIAN_POINT ( 'NONE',  ( 12.00000000000001599, 106.9800000000000040, 4.000000000000003553 ) ) ;
#2902 = EDGE_LOOP ( 'NONE', ( #1921, #3533, #968, #1382 ) ) ;
#2903 = CARTESIAN_POINT ( 'NONE',  ( 5.903838233481227604, 88.05046773035903129, 34.28877117602144153 ) ) ;
#2904 = ORIENTED_EDGE ( 'NONE', *, *, #343, .F. ) ;
#2905 = AXIS2_PLACEMENT_3D ( 'NONE', #3993, #790, #847 ) ;
#2906 = ORIENTED_EDGE ( 'NONE', *, *, #1312, .T. ) ;
#2907 = ADVANCED_FACE ( 'NONE', ( #247 ), #2473, .F. ) ;
#2908 = ORIENTED_EDGE ( 'NONE', *, *, #1333, .T. ) ;
#2909 = CARTESIAN_POINT ( 'NONE',  ( -18.49918820385033769, 38.32109201636676232, 5.000000000000000000 ) ) ;
#2910 = CARTESIAN_POINT ( 'NONE',  ( 17.51321459190354446, 118.0612943437975559, 35.87825762969472265 ) ) ;
#2911 = LINE ( 'NONE', #3873, #3153 ) ;
#2912 = ADVANCED_FACE ( 'NONE', ( #165 ), #818, .F. ) ;
#2913 = ORIENTED_EDGE ( 'NONE', *, *, #2637, .T. ) ;
#2914 = ORIENTED_EDGE ( 'NONE', *, *, #2007, .F. ) ;
#2915 = EDGE_CURVE ( 'NONE', #822, #3024, #1148, .T. ) ;
#2916 = EDGE_CURVE ( 'NONE', #1834, #1467, #1128, .T. ) ;
#2917 = DIRECTION ( 'NONE',  ( -1.000000000000000000, 0.000000000000000000, 0.000000000000000000 ) ) ;
#2918 = CARTESIAN_POINT ( 'NONE',  ( -33.62342488786801198, 182.2962089291795280, 12.00000000000000000 ) ) ;
#2919 = VECTOR ( 'NONE', #1945, 1000.000000000000000 ) ;
#2920 = CYLINDRICAL_SURFACE ( 'NONE', #482, 2.150000000000047873 ) ;
#2921 = EDGE_CURVE ( 'NONE', #2519, #1162, #3058, .T. ) ;
#2922 = EDGE_CURVE ( 'NONE', #1955, #3672, #3078, .T. ) ;
#2923 = CARTESIAN_POINT ( 'NONE',  ( 0.08990398130177823521, 78.51411844361237513, -0.000000000000000000 ) ) ;
#2924 = CIRCLE ( 'NONE', #1074, 2.999999999999995559 ) ;
#2925 = CARTESIAN_POINT ( 'NONE',  ( 15.01654335425684295, 94.30705426645195644, 0.000000000000000000 ) ) ;
#2926 = ORIENTED_EDGE ( 'NONE', *, *, #1568, .T. ) ;
#2927 = DIRECTION ( 'NONE',  ( -0.000000000000000000, -0.000000000000000000, 1.000000000000000000 ) ) ;
#2928 = ORIENTED_EDGE ( 'NONE', *, *, #3752, .F. ) ;
#2929 = CARTESIAN_POINT ( 'NONE',  ( -23.13207624345835711, 157.9416233234468621, 12.00000000000000000 ) ) ;
#2930 = FACE_OUTER_BOUND ( 'NONE', #746, .T. ) ;
#2931 = DIRECTION ( 'NONE',  ( -0.6149582602745519155, -0.7885596604697050482, 0.000000000000000000 ) ) ;
#2932 = CARTESIAN_POINT ( 'NONE',  ( 17.70379107082048620, 166.3765751121320307, 12.00000000000000000 ) ) ;
#2933 = ORIENTED_EDGE ( 'NONE', *, *, #1664, .T. ) ;
#2934 = ORIENTED_EDGE ( 'NONE', *, *, #2252, .F. ) ;
#2935 = VERTEX_POINT ( 'NONE', #311 ) ;
#2936 = DIRECTION ( 'NONE',  ( -0.000000000000000000, -0.000000000000000000, -1.000000000000000000 ) ) ;
#2937 = CARTESIAN_POINT ( 'NONE',  ( -14.23320517302498800, 26.48327572065629809, -0.000000000000000000 ) ) ;
#2938 = DIRECTION ( 'NONE',  ( 0.000000000000000000, 0.000000000000000000, -1.000000000000000000 ) ) ;
#2939 = ADVANCED_FACE ( 'NONE', ( #2262 ), #3432, .F. ) ;
#2940 = VERTEX_POINT ( 'NONE', #3502 ) ;
#2941 = AXIS2_PLACEMENT_3D ( 'NONE', #796, #834, #1773 ) ;
#2942 = EDGE_CURVE ( 'NONE', #15, #45, #3626, .T. ) ;
#2943 = CARTESIAN_POINT ( 'NONE',  ( -3.629779633311400744, 162.0293643494581488, 12.00000000000000000 ) ) ;
#2944 = CIRCLE ( 'NONE', #3144, 3.000000000000001776 ) ;
#2945 = AXIS2_PLACEMENT_3D ( 'NONE', #4083, #2892, #3769 ) ;
#2946 = CARTESIAN_POINT ( 'NONE',  ( 15.01654335425684295, 94.30705426645195644, 12.00000000000000000 ) ) ;
#2947 = ORIENTED_EDGE ( 'NONE', *, *, #3941, .T. ) ;
#2948 = DIRECTION ( 'NONE',  ( -0.000000000000000000, 0.000000000000000000, 1.000000000000000000 ) ) ;
#2949 = ORIENTED_EDGE ( 'NONE', *, *, #1546, .F. ) ;
#2950 = CIRCLE ( 'NONE', #2552, 3.000000000000000000 ) ;
#2951 = DIRECTION ( 'NONE',  ( 0.000000000000000000, -0.000000000000000000, -1.000000000000000000 ) ) ;
#2952 = DIRECTION ( 'NONE',  ( 0.000000000000000000, 0.000000000000000000, -1.000000000000000000 ) ) ;
#2953 = CIRCLE ( 'NONE', #3086, 8.000000000000001776 ) ;
#2954 = DIRECTION ( 'NONE',  ( 0.000000000000000000, -0.000000000000000000, -1.000000000000000000 ) ) ;
#2955 = CARTESIAN_POINT ( 'NONE',  ( -35.82063565054183130, 201.4797796333113240, 0.000000000000000000 ) ) ;
#2956 = ORIENTED_EDGE ( 'NONE', *, *, #1334, .F. ) ;
#2957 = ORIENTED_EDGE ( 'NONE', *, *, #62, .F. ) ;
#2958 = FACE_OUTER_BOUND ( 'NONE', #385, .T. ) ;
#2959 = CARTESIAN_POINT ( 'NONE',  ( 34.33060230627389586, 172.8335556577205523, -2.000000000000000000 ) ) ;
#2960 = DIRECTION ( 'NONE',  ( -0.000000000000000000, -0.000000000000000000, 1.000000000000000000 ) ) ;
#2961 = AXIS2_PLACEMENT_3D ( 'NONE', #769, #2273, #3322 ) ;
#2962 = AXIS2_PLACEMENT_3D ( 'NONE', #2855, #3142, #2196 ) ;
#2963 = ORIENTED_EDGE ( 'NONE', *, *, #3037, .T. ) ;
#2964 = EDGE_LOOP ( 'NONE', ( #2972, #1982, #674, #2128, #2870, #1328, #702, #2335, #1390, #4102, #336, #2071, #843 ) ) ;
#2965 = AXIS2_PLACEMENT_3D ( 'NONE', #1725, #2992, #789 ) ;
#2966 = CARTESIAN_POINT ( 'NONE',  ( -10.49511617239201300, 61.54481237807463145, 5.000000000000000000 ) ) ;
#2967 = AXIS2_PLACEMENT_3D ( 'NONE', #2829, #1246, #3723 ) ;
#2968 = CIRCLE ( 'NONE', #377, 4.000000000000003553 ) ;
#2969 = EDGE_CURVE ( 'NONE', #3538, #1632, #3475, .T. ) ;
#2970 = EDGE_CURVE ( 'NONE', #488, #2337, #1884, .T. ) ;
#2971 = DIRECTION ( 'NONE',  ( -1.000000000000000000, 0.000000000000000000, 0.000000000000000000 ) ) ;
#2972 = ORIENTED_EDGE ( 'NONE', *, *, #832, .F. ) ;
#2973 = DIRECTION ( 'NONE',  ( -1.000000000000000000, 0.000000000000000000, 0.000000000000000000 ) ) ;
#2974 = ORIENTED_EDGE ( 'NONE', *, *, #34, .F. ) ;
#2975 = ADVANCED_FACE ( 'NONE', ( #1597 ), #330, .F. ) ;
#2976 = ADVANCED_FACE ( 'NONE', ( #31 ), #3518, .F. ) ;
#2977 = DIRECTION ( 'NONE',  ( 1.000000000000000000, 0.000000000000000000, 0.000000000000000000 ) ) ;
#2978 = CYLINDRICAL_SURFACE ( 'NONE', #4033, 9.500000000000001776 ) ;
#2979 = DIRECTION ( 'NONE',  ( 0.9945218953682732899, -0.1045284632676539704, 0.000000000000000000 ) ) ;
#2980 = ORIENTED_EDGE ( 'NONE', *, *, #3915, .F. ) ;
#2981 = VERTEX_POINT ( 'NONE', #673 ) ;
#2982 = ORIENTED_EDGE ( 'NONE', *, *, #1641, .F. ) ;
#2983 = CARTESIAN_POINT ( 'NONE',  ( -18.56768463405042979, 97.16974580704216180, 0.000000000000000000 ) ) ;
#2984 = DIRECTION ( 'NONE',  ( 0.8724862616679766036, -0.4886386427623577999, 0.000000000000000000 ) ) ;
#2985 = CARTESIAN_POINT ( 'NONE',  ( -40.48227167337817178, 25.25180816911831627, 12.00000000000000000 ) ) ;
#2986 = VERTEX_POINT ( 'NONE', #1583 ) ;
#2987 = VERTEX_POINT ( 'NONE', #1620 ) ;
#2988 = CARTESIAN_POINT ( 'NONE',  ( -27.72069956224818554, 21.61798787201414740, 5.000000000000000000 ) ) ;
#2989 = VERTEX_POINT ( 'NONE', #1899 ) ;
#2990 = EDGE_CURVE ( 'NONE', #2882, #3699, #2953, .T. ) ;
#2991 = CYLINDRICAL_SURFACE ( 'NONE', #1816, 3.000000000000000000 ) ;
#2992 = DIRECTION ( 'NONE',  ( 0.000000000000000000, -0.000000000000000000, -1.000000000000000000 ) ) ;
#2993 = ORIENTED_EDGE ( 'NONE', *, *, #1829, .T. ) ;
#2994 = AXIS2_PLACEMENT_3D ( 'NONE', #1051, #1071, #3943 ) ;
#2995 = EDGE_CURVE ( 'NONE', #969, #3727, #653, .T. ) ;
#2996 = CYLINDRICAL_SURFACE ( 'NONE', #3913, 42.50000000000000711 ) ;
#2997 = CARTESIAN_POINT ( 'NONE',  ( 24.60467178840357150, 156.8316859223014319, 12.00000000000000000 ) ) ;
#2998 = EDGE_LOOP ( 'NONE', ( #980, #3847 ) ) ;
#2999 = VERTEX_POINT ( 'NONE', #3206 ) ;
#3000 = DIRECTION ( 'NONE',  ( 1.000000000000000000, 0.000000000000000000, 0.000000000000000000 ) ) ;
#3001 = CARTESIAN_POINT ( 'NONE',  ( 5.853969548763555686, 88.37943440316534804, 34.28877117602144153 ) ) ;
#3002 = CARTESIAN_POINT ( 'NONE',  ( -5.828557004369135264, 58.63393183580883772, 5.000000000000000000 ) ) ;
#3003 = ORIENTED_EDGE ( 'NONE', *, *, #2969, .T. ) ;
#3004 = CARTESIAN_POINT ( 'NONE',  ( 0.000000000000000000, 0.000000000000000000, 12.00000000000000000 ) ) ;
#3005 = FACE_OUTER_BOUND ( 'NONE', #3362, .T. ) ;
#3006 = VERTEX_POINT ( 'NONE', #2499 ) ;
#3007 = CIRCLE ( 'NONE', #1211, 2.150000000000037215 ) ;
#3008 = DIRECTION ( 'NONE',  ( 0.000000000000000000, 0.000000000000000000, -1.000000000000000000 ) ) ;
#3009 = VERTEX_POINT ( 'NONE', #351 ) ;
#3010 = DIRECTION ( 'NONE',  ( 0.6068834856879934403, 0.7947908119745668021, 0.000000000000000000 ) ) ;
#3011 = FACE_OUTER_BOUND ( 'NONE', #3796, .T. ) ;
#3012 = CARTESIAN_POINT ( 'NONE',  ( 15.39088866753806961, 81.40619453457314592, 34.28877117602144153 ) ) ;
#3013 = VERTEX_POINT ( 'NONE', #2583 ) ;
#3014 = EDGE_CURVE ( 'NONE', #3032, #5, #917, .T. ) ;
#3015 = VERTEX_POINT ( 'NONE', #2197 ) ;
#3016 = AXIS2_PLACEMENT_3D ( 'NONE', #390, #669, #981 ) ;
#3017 = CARTESIAN_POINT ( 'NONE',  ( 5.628468213283653654, 85.06313257139603934, 0.000000000000000000 ) ) ;
#3018 = FACE_OUTER_BOUND ( 'NONE', #3644, .T. ) ;
#3019 = DIRECTION ( 'NONE',  ( -0.000000000000000000, 0.000000000000000000, 1.000000000000000000 ) ) ;
#3020 = ADVANCED_FACE ( 'NONE', ( #2874 ), #268, .F. ) ;
#3021 = LINE ( 'NONE', #3965, #2763 ) ;
#3022 = DIRECTION ( 'NONE',  ( -1.000000000000000000, 0.000000000000000000, 0.000000000000000000 ) ) ;
#3023 = AXIS2_PLACEMENT_3D ( 'NONE', #3, #2190, #4103 ) ;
#3024 = VERTEX_POINT ( 'NONE', #2562 ) ;
#3025 = AXIS2_PLACEMENT_3D ( 'NONE', #3973, #3951, #1100 ) ;
#3026 = VECTOR ( 'NONE', #2333, 1000.000000000000114 ) ;
#3027 = FACE_OUTER_BOUND ( 'NONE', #3306, .T. ) ;
#3028 = DIRECTION ( 'NONE',  ( 1.000000000000000000, 0.000000000000000000, 0.000000000000000000 ) ) ;
#3029 = PRESENTATION_STYLE_ASSIGNMENT (( #4013 ) ) ;
#3030 = DIRECTION ( 'NONE',  ( 0.000000000000000000, 0.000000000000000000, 1.000000000000000000 ) ) ;
#3031 = VERTEX_POINT ( 'NONE', #1560 ) ;
#3032 = VERTEX_POINT ( 'NONE', #610 ) ;
#3033 = ORIENTED_EDGE ( 'NONE', *, *, #2015, .F. ) ;
#3034 = CARTESIAN_POINT ( 'NONE',  ( 15.55379107082044676, 166.3765751121320307, 12.00000000000000000 ) ) ;
#3035 = FACE_BOUND ( 'NONE', #3740, .T. ) ;
#3036 = DIRECTION ( 'NONE',  ( -0.000000000000000000, -0.000000000000000000, 1.000000000000000000 ) ) ;
#3037 = EDGE_CURVE ( 'NONE', #942, #1423, #2174, .T. ) ;
#3038 = CIRCLE ( 'NONE', #4114, 12.00000000000000355 ) ;
#3039 = EDGE_CURVE ( 'NONE', #4062, #3172, #2833, .T. ) ;
#3040 = VERTEX_POINT ( 'NONE', #941 ) ;
#3041 = FACE_BOUND ( 'NONE', #869, .T. ) ;
#3042 = CARTESIAN_POINT ( 'NONE',  ( -21.68632147824219558, 160.5702718657314279, 12.00000000000000000 ) ) ;
#3043 = EDGE_CURVE ( 'NONE', #2517, #3006, #3820, .T. ) ;
#3044 = ORIENTED_EDGE ( 'NONE', *, *, #1032, .T. ) ;
#3045 = EDGE_CURVE ( 'NONE', #405, #1147, #3623, .T. ) ;
#3046 = EDGE_CURVE ( 'NONE', #3308, #15, #1762, .T. ) ;
#3047 = EDGE_LOOP ( 'NONE', ( #2, #1665, #1403, #125 ) ) ;
#3048 = CARTESIAN_POINT ( 'NONE',  ( 14.22010219368886119, 58.02910609794745511, 12.00000000000000000 ) ) ;
#3049 = CARTESIAN_POINT ( 'NONE',  ( 1.479779633311334441, 237.9706356505418796, 0.000000000000000000 ) ) ;
#3050 = CARTESIAN_POINT ( 'NONE',  ( 5.628468213283653654, 85.06313257139603934, 34.28877117602144153 ) ) ;
#3051 = ORIENTED_EDGE ( 'NONE', *, *, #3039, .T. ) ;
#3052 = DIRECTION ( 'NONE',  ( -0.000000000000000000, -0.000000000000000000, -1.000000000000000000 ) ) ;
#3053 = ORIENTED_EDGE ( 'NONE', *, *, #3681, .F. ) ;
#3054 = VERTEX_POINT ( 'NONE', #2601 ) ;
#3055 = AXIS2_PLACEMENT_3D ( 'NONE', #859, #3062, #2157 ) ;
#3056 = DIRECTION ( 'NONE',  ( 0.000000000000000000, 0.000000000000000000, 1.000000000000000000 ) ) ;
#3057 = CARTESIAN_POINT ( 'NONE',  ( 0.000000000000000000, 0.000000000000000000, 0.000000000000000000 ) ) ;
#3058 = LINE ( 'NONE', #2856, #619 ) ;
#3059 = VECTOR ( 'NONE', #939, 999.9999999999998863 ) ;
#3060 = ORIENTED_EDGE ( 'NONE', *, *, #1521, .T. ) ;
#3061 = DIRECTION ( 'NONE',  ( -0.000000000000000000, -0.000000000000000000, 1.000000000000000000 ) ) ;
#3062 = DIRECTION ( 'NONE',  ( 0.000000000000000000, -0.000000000000000000, -1.000000000000000000 ) ) ;
#3063 = VERTEX_POINT ( 'NONE', #2997 ) ;
#3064 = ORIENTED_EDGE ( 'NONE', *, *, #1213, .F. ) ;
#3065 = EDGE_CURVE ( 'NONE', #2468, #2652, #1407, .T. ) ;
#3066 = CARTESIAN_POINT ( 'NONE',  ( -30.00000000000000000, 0.000000000000000000, 12.00000000000000000 ) ) ;
#3067 = ADVANCED_FACE ( 'NONE', ( #1325 ), #1066, .F. ) ;
#3068 = EDGE_CURVE ( 'NONE', #2258, #2543, #2911, .T. ) ;
#3069 = DIRECTION ( 'NONE',  ( -0.000000000000000000, -0.000000000000000000, -1.000000000000000000 ) ) ;
#3070 = DIRECTION ( 'NONE',  ( 0.8537321313000749701, -0.5207124427031023517, 0.000000000000000000 ) ) ;
#3071 = ORIENTED_EDGE ( 'NONE', *, *, #1521, .F. ) ;
#3072 = EDGE_CURVE ( 'NONE', #2230, #3647, #1345, .T. ) ;
#3073 = CIRCLE ( 'NONE', #3471, 2.150000000000047873 ) ;
#3074 = AXIS2_PLACEMENT_3D ( 'NONE', #1057, #108, #1379 ) ;
#3075 = LINE ( 'NONE', #1728, #3978 ) ;
#3076 = ORIENTED_EDGE ( 'NONE', *, *, #1410, .F. ) ;
#3077 = CARTESIAN_POINT ( 'NONE',  ( 17.51321459190354446, 118.0612943437975559, 0.000000000000000000 ) ) ;
#3078 = CIRCLE ( 'NONE', #224, 18.65375554904909805 ) ;
#3079 = ORIENTED_EDGE ( 'NONE', *, *, #3275, .F. ) ;
#3080 = VERTEX_POINT ( 'NONE', #3628 ) ;
#3081 = FACE_OUTER_BOUND ( 'NONE', #2493, .T. ) ;
#3082 = FACE_BOUND ( 'NONE', #3817, .T. ) ;
#3083 = DIRECTION ( 'NONE',  ( -1.000000000000000000, 0.000000000000000000, 0.000000000000000000 ) ) ;
#3084 = ORIENTED_EDGE ( 'NONE', *, *, #2668, .T. ) ;
#3085 = VECTOR ( 'NONE', #1384, 1000.000000000000000 ) ;
#3086 = AXIS2_PLACEMENT_3D ( 'NONE', #3789, #1940, #1226 ) ;
#3087 = CARTESIAN_POINT ( 'NONE',  ( 49.12860222742839511, 177.3399145239144161, 12.00000000000000000 ) ) ;
#3088 = CARTESIAN_POINT ( 'NONE',  ( -31.47342488786796721, 182.2962089291795280, 0.000000000000000000 ) ) ;
#3089 = ORIENTED_EDGE ( 'NONE', *, *, #1337, .T. ) ;
#3090 = AXIS2_PLACEMENT_3D ( 'NONE', #1268, #629, #3143 ) ;
#3091 = ORIENTED_EDGE ( 'NONE', *, *, #1923, .T. ) ;
#3092 = DIRECTION ( 'NONE',  ( -1.000000000000000000, 0.000000000000000000, 0.000000000000000000 ) ) ;
#3093 = DIRECTION ( 'NONE',  ( -1.000000000000000000, 0.000000000000000000, 0.000000000000000000 ) ) ;
#3094 = CARTESIAN_POINT ( 'NONE',  ( -5.828557004369135264, 58.63393183580883772, 12.00000000000000000 ) ) ;
#3095 = AXIS2_PLACEMENT_3D ( 'NONE', #2576, #2885, #1318 ) ;
#3096 = EDGE_CURVE ( 'NONE', #1632, #3200, #2619, .T. ) ;
#3097 = VECTOR ( 'NONE', #1335, 1000.000000000000000 ) ;
#3098 = CARTESIAN_POINT ( 'NONE',  ( -40.12063565054192793, 201.4797796333113240, 12.00000000000000000 ) ) ;
#3099 = ORIENTED_EDGE ( 'NONE', *, *, #4016, .T. ) ;
#3100 = AXIS2_PLACEMENT_3D ( 'NONE', #606, #3122, #3407 ) ;
#3101 = DIRECTION ( 'NONE',  ( 1.000000000000000000, 0.000000000000000000, 0.000000000000000000 ) ) ;
#3102 = ADVANCED_FACE ( 'NONE', ( #136 ), #3604, .T. ) ;
#3103 = ADVANCED_FACE ( 'NONE', ( #3918 ), #2680, .T. ) ;
#3104 = ORIENTED_EDGE ( 'NONE', *, *, #569, .T. ) ;
#3105 = DIRECTION ( 'NONE',  ( 1.000000000000000000, 0.000000000000000000, 0.000000000000000000 ) ) ;
#3106 = FACE_OUTER_BOUND ( 'NONE', #1409, .T. ) ;
#3107 = DIRECTION ( 'NONE',  ( 1.000000000000000000, 0.000000000000000000, 0.000000000000000000 ) ) ;
#3108 = ORIENTED_EDGE ( 'NONE', *, *, #733, .T. ) ;
#3109 = ORIENTED_EDGE ( 'NONE', *, *, #3892, .F. ) ;
#3110 = FACE_OUTER_BOUND ( 'NONE', #2150, .T. ) ;
#3111 = VERTEX_POINT ( 'NONE', #117 ) ;
#3112 = AXIS2_PLACEMENT_3D ( 'NONE', #1178, #487, #156 ) ;
#3113 = CARTESIAN_POINT ( 'NONE',  ( 2.887856764342425553, 87.92979571477928857, 0.000000000000000000 ) ) ;
#3114 = DIRECTION ( 'NONE',  ( -0.9887042614737089341, -0.1498795627953591336, 0.000000000000000000 ) ) ;
#3115 = LINE ( 'NONE', #3398, #2307 ) ;
#3116 = AXIS2_PLACEMENT_3D ( 'NONE', #2881, #2840, #4117 ) ;
#3117 = DIRECTION ( 'NONE',  ( -1.000000000000000000, 0.000000000000000000, 0.000000000000000000 ) ) ;
#3118 = ORIENTED_EDGE ( 'NONE', *, *, #3726, .F. ) ;
#3119 = DIRECTION ( 'NONE',  ( 1.000000000000000000, 0.000000000000000000, 0.000000000000000000 ) ) ;
#3120 = VERTEX_POINT ( 'NONE', #393 ) ;
#3121 = EDGE_CURVE ( 'NONE', #3063, #3668, #1963, .T. ) ;
#3122 = DIRECTION ( 'NONE',  ( 0.000000000000000000, 0.000000000000000000, 1.000000000000000000 ) ) ;
#3123 = DIRECTION ( 'NONE',  ( -0.000000000000000000, -0.000000000000000000, 1.000000000000000000 ) ) ;
#3124 = EDGE_CURVE ( 'NONE', #1630, #1727, #2334, .T. ) ;
#3125 = LINE ( 'NONE', #267, #1358 ) ;
#3126 = CARTESIAN_POINT ( 'NONE',  ( 6.406463149324664208, 75.60323790134660271, 30.00000000000000355 ) ) ;
#3127 = CIRCLE ( 'NONE', #1322, 3.000000000000002665 ) ;
#3128 = VERTEX_POINT ( 'NONE', #2955 ) ;
#3129 = LINE ( 'NONE', #271, #1639 ) ;
#3130 = CARTESIAN_POINT ( 'NONE',  ( -5.828557004369135264, 58.63393183580883772, 7.000000000000000000 ) ) ;
#3131 = ORIENTED_EDGE ( 'NONE', *, *, #3837, .F. ) ;
#3132 = DIRECTION ( 'NONE',  ( -0.000000000000000000, -0.000000000000000000, 1.000000000000000000 ) ) ;
#3133 = PLANE ( 'NONE',  #686 ) ;
#3134 = CARTESIAN_POINT ( 'NONE',  ( 5.903838233481227604, 88.05046773035903129, 12.00000000000000000 ) ) ;
#3135 = CARTESIAN_POINT ( 'NONE',  ( 0.000000000000000000, 200.0000000000000000, 0.000000000000000000 ) ) ;
#3136 = EDGE_LOOP ( 'NONE', ( #2451, #3446, #3478, #876 ) ) ;
#3137 = FACE_BOUND ( 'NONE', #2080, .T. ) ;
#3138 = ORIENTED_EDGE ( 'NONE', *, *, #3369, .F. ) ;
#3139 = EDGE_CURVE ( 'NONE', #2064, #1222, #752, .T. ) ;
#3140 = CARTESIAN_POINT ( 'NONE',  ( 47.55784597599239305, 77.97328789447568909, 0.000000000000000000 ) ) ;
#3141 = CARTESIAN_POINT ( 'NONE',  ( 1.830337994859972506, 124.3945027575087607, 35.87825762969472265 ) ) ;
#3142 = DIRECTION ( 'NONE',  ( -0.000000000000000000, 0.000000000000000000, 1.000000000000000000 ) ) ;
#3143 = DIRECTION ( 'NONE',  ( 1.000000000000000000, 1.734723475976806700E-15, 0.000000000000000000 ) ) ;
#3144 = AXIS2_PLACEMENT_3D ( 'NONE', #129, #2733, #3679 ) ;
#3145 = EDGE_CURVE ( 'NONE', #1269, #2981, #1031, .T. ) ;
#3146 = ORIENTED_EDGE ( 'NONE', *, *, #4090, .T. ) ;
#3147 = CARTESIAN_POINT ( 'NONE',  ( -40.12063565054192793, 201.4797796333113240, 0.000000000000000000 ) ) ;
#3148 = DIRECTION ( 'NONE',  ( -0.000000000000000000, 0.000000000000000000, 1.000000000000000000 ) ) ;
#3149 = EDGE_CURVE ( 'NONE', #293, #3781, #3546, .T. ) ;
#3150 = ADVANCED_FACE ( 'NONE', ( #2318 ), #3582, .F. ) ;
#3151 = ORIENTED_EDGE ( 'NONE', *, *, #1740, .T. ) ;
#3152 = CARTESIAN_POINT ( 'NONE',  ( 8.852164071660350686, 60.16334194481437692, 0.000000000000000000 ) ) ;
#3153 = VECTOR ( 'NONE', #2299, 1000.000000000000000 ) ;
#3154 = CARTESIAN_POINT ( 'NONE',  ( 16.91994825003060399, 83.71642544827824395, 0.000000000000000000 ) ) ;
#3155 = CARTESIAN_POINT ( 'NONE',  ( -11.88355060779171701, 48.92690830732785656, 34.68482287106689199 ) ) ;
#3156 = CARTESIAN_POINT ( 'NONE',  ( 42.50000000000000711, 200.0000000000000000, 0.000000000000000000 ) ) ;
#3157 = VERTEX_POINT ( 'NONE', #96 ) ;
#3158 = CARTESIAN_POINT ( 'NONE',  ( 0.000000000000000000, 0.000000000000000000, 4.000000000000000000 ) ) ;
#3159 = VECTOR ( 'NONE', #3201, 1000.000000000000000 ) ;
#3160 = AXIS2_PLACEMENT_3D ( 'NONE', #3004, #3371, #1417 ) ;
#3161 = ORIENTED_EDGE ( 'NONE', *, *, #1043, .T. ) ;
#3162 = VECTOR ( 'NONE', #1215, 1000.000000000000000 ) ;
#3163 = LINE ( 'NONE', #1557, #234 ) ;
#3164 = VECTOR ( 'NONE', #750, 1000.000000000000000 ) ;
#3165 = DIRECTION ( 'NONE',  ( 1.000000000000000000, 0.000000000000000000, 0.000000000000000000 ) ) ;
#3166 = DIRECTION ( 'NONE',  ( -0.2901878293025342836, 0.9569697088856486955, 0.000000000000000000 ) ) ;
#3167 = DIRECTION ( 'NONE',  ( 1.000000000000000000, 0.000000000000000000, 0.000000000000000000 ) ) ;
#3168 = EDGE_CURVE ( 'NONE', #3564, #3792, #457, .T. ) ;
#3169 = ORIENTED_EDGE ( 'NONE', *, *, #2845, .T. ) ;
#3170 = DIRECTION ( 'NONE',  ( 1.000000000000000000, 0.000000000000000000, 0.000000000000000000 ) ) ;
#3171 = DIRECTION ( 'NONE',  ( 0.000000000000000000, 0.000000000000000000, 1.000000000000000000 ) ) ;
#3172 = VERTEX_POINT ( 'NONE', #812 ) ;
#3173 = ADVANCED_FACE ( 'NONE', ( #158 ), #2148, .F. ) ;
#3174 = EDGE_CURVE ( 'NONE', #3869, #2064, #1421, .T. ) ;
#3175 = CYLINDRICAL_SURFACE ( 'NONE', #252, 2.150000000000047873 ) ;
#3176 = DIRECTION ( 'NONE',  ( -0.000000000000000000, 0.000000000000000000, 1.000000000000000000 ) ) ;
#3177 = ADVANCED_FACE ( 'NONE', ( #2086 ), #1160, .F. ) ;
#3178 = ORIENTED_EDGE ( 'NONE', *, *, #1911, .T. ) ;
#3179 = CIRCLE ( 'NONE', #4051, 16.99999999999999289 ) ;
#3180 = CARTESIAN_POINT ( 'NONE',  ( -44.51164418577675264, 172.1618331803474007, 0.000000000000000000 ) ) ;
#3181 = ORIENTED_EDGE ( 'NONE', *, *, #4045, .F. ) ;
#3182 = ADVANCED_BREP_SHAPE_REPRESENTATION ( '\X2\8fde6746\X0\2\X2\6539\X0\A', ( #1974, #3636 ), #1295 ) ;
#3183 = LINE ( 'NONE', #3782, #1425 ) ;
#3184 = ORIENTED_EDGE ( 'NONE', *, *, #380, .T. ) ;
#3185 = DIRECTION ( 'NONE',  ( -0.000000000000000000, -0.000000000000000000, 1.000000000000000000 ) ) ;
#3186 = CARTESIAN_POINT ( 'NONE',  ( 29.01999999999999957, 200.0000000000000000, 95.43860017999652712 ) ) ;
#3187 = DIRECTION ( 'NONE',  ( -0.02617694830787359317, 0.9996573249755573709, 0.000000000000000000 ) ) ;
#3188 = DIRECTION ( 'NONE',  ( 0.000000000000000000, 0.000000000000000000, 1.000000000000000000 ) ) ;
#3189 = VERTEX_POINT ( 'NONE', #2720 ) ;
#3190 = ORIENTED_EDGE ( 'NONE', *, *, #2970, .F. ) ;
#3191 = DIRECTION ( 'NONE',  ( 1.000000000000000000, 0.000000000000000000, 0.000000000000000000 ) ) ;
#3192 = VECTOR ( 'NONE', #2646, 1000.000000000000227 ) ;
#3193 = CIRCLE ( 'NONE', #3524, 4.000000000000007105 ) ;
#3194 = AXIS2_PLACEMENT_3D ( 'NONE', #2813, #989, #3794 ) ;
#3195 = CARTESIAN_POINT ( 'NONE',  ( 0.000000000000000000, 200.0000000000000000, 0.000000000000000000 ) ) ;
#3196 = EDGE_CURVE ( 'NONE', #1867, #3031, #2553, .T. ) ;
#3197 = ORIENTED_EDGE ( 'NONE', *, *, #661, .T. ) ;
#3198 = VECTOR ( 'NONE', #1558, 1000.000000000000000 ) ;
#3199 = DIRECTION ( 'NONE',  ( -1.000000000000000000, 0.000000000000000000, 0.000000000000000000 ) ) ;
#3200 = VERTEX_POINT ( 'NONE', #3995 ) ;
#3201 = DIRECTION ( 'NONE',  ( -0.1045284632676536235, -0.9945218953682734009, 0.000000000000000000 ) ) ;
#3202 = ORIENTED_EDGE ( 'NONE', *, *, #3528, .T. ) ;
#3203 = DIRECTION ( 'NONE',  ( 1.000000000000000000, 0.000000000000000000, 0.000000000000000000 ) ) ;
#3204 = CARTESIAN_POINT ( 'NONE',  ( -25.11134750702234797, 118.9222933675020073, 0.000000000000000000 ) ) ;
#3205 = CARTESIAN_POINT ( 'NONE',  ( -7.478557004369135619, 58.63393183580883772, 30.00000000000000355 ) ) ;
#3206 = CARTESIAN_POINT ( 'NONE',  ( -10.77357109372907829, 61.04159370077901059, 7.000000000000000000 ) ) ;
#3207 = ORIENTED_EDGE ( 'NONE', *, *, #3641, .F. ) ;
#3208 = CARTESIAN_POINT ( 'NONE',  ( 31.47342488786791037, 217.7037910708205288, 0.000000000000000000 ) ) ;
#3209 = VECTOR ( 'NONE', #174, 999.9999999999998863 ) ;
#3210 = DIRECTION ( 'NONE',  ( 0.9945218953682734009, -0.1045284632676537623, 0.000000000000000000 ) ) ;
#3211 = VECTOR ( 'NONE', #2358, 1000.000000000000114 ) ;
#3212 = CARTESIAN_POINT ( 'NONE',  ( 16.57868068236613723, 96.86825066035217446, 12.00000000000000000 ) ) ;
#3213 = EDGE_CURVE ( 'NONE', #1519, #1482, #1518, .T. ) ;
#3214 = ORIENTED_EDGE ( 'NONE', *, *, #3149, .F. ) ;
#3215 = AXIS2_PLACEMENT_3D ( 'NONE', #26, #3515, #3203 ) ;
#3216 = AXIS2_PLACEMENT_3D ( 'NONE', #1686, #1002, #3558 ) ;
#3217 = EDGE_CURVE ( 'NONE', #1684, #3551, #4022, .T. ) ;
#3218 = CARTESIAN_POINT ( 'NONE',  ( 33.62342488786795514, 217.7037910708205288, 0.000000000000000000 ) ) ;
#3219 = VERTEX_POINT ( 'NONE', #2409 ) ;
#3220 = LINE ( 'NONE', #3909, #367 ) ;
#3221 = ORIENTED_EDGE ( 'NONE', *, *, #523, .T. ) ;
#3222 = ORIENTED_EDGE ( 'NONE', *, *, #1200, .T. ) ;
#3223 = ORIENTED_EDGE ( 'NONE', *, *, #2916, .T. ) ;
#3224 = DIRECTION ( 'NONE',  ( 1.000000000000000000, -1.460819769243626736E-15, 0.000000000000000000 ) ) ;
#3225 = EDGE_CURVE ( 'NONE', #3024, #822, #2098, .T. ) ;
#3226 = CIRCLE ( 'NONE', #3753, 3.000000000000000000 ) ;
#3227 = CARTESIAN_POINT ( 'NONE',  ( -21.68632147824219913, 160.5702718657314279, -5.999999999999998224 ) ) ;
#3228 = DIRECTION ( 'NONE',  ( -0.3173046564050853724, -0.9483236552062015434, 0.000000000000000000 ) ) ;
#3229 = DIRECTION ( 'NONE',  ( -0.000000000000000000, -0.000000000000000000, 1.000000000000000000 ) ) ;
#3230 = EDGE_CURVE ( 'NONE', #810, #2258, #2129, .T. ) ;
#3231 = ORIENTED_EDGE ( 'NONE', *, *, #744, .F. ) ;
#3232 = ORIENTED_EDGE ( 'NONE', *, *, #3709, .F. ) ;
#3233 = DIRECTION ( 'NONE',  ( -0.000000000000000000, 0.000000000000000000, -1.000000000000000000 ) ) ;
#3234 = CIRCLE ( 'NONE', #776, 5.499999999999999112 ) ;
#3235 = DIRECTION ( 'NONE',  ( -0.000000000000000000, 0.000000000000000000, 1.000000000000000000 ) ) ;
#3236 = AXIS2_PLACEMENT_3D ( 'NONE', #2113, #1414, #164 ) ;
#3237 = CARTESIAN_POINT ( 'NONE',  ( 4.756463149324664741, 75.60323790134660271, 12.00000000000000000 ) ) ;
#3238 = DIRECTION ( 'NONE',  ( 1.000000000000000000, 0.000000000000000000, 0.000000000000000000 ) ) ;
#3239 = CIRCLE ( 'NONE', #328, 42.50000000000000711 ) ;
#3240 = ORIENTED_EDGE ( 'NONE', *, *, #1929, .F. ) ;
#3241 = DIRECTION ( 'NONE',  ( 0.1045284632676537206, 0.9945218953682734009, 0.000000000000000000 ) ) ;
#3242 = ORIENTED_EDGE ( 'NONE', *, *, #1755, .F. ) ;
#3243 = ORIENTED_EDGE ( 'NONE', *, *, #3526, .F. ) ;
#3244 = EDGE_CURVE ( 'NONE', #3647, #3720, #2751, .T. ) ;
#3245 = CARTESIAN_POINT ( 'NONE',  ( 6.950846834068205915, 27.13385022972825311, 44.10498422959205556 ) ) ;
#3246 = CARTESIAN_POINT ( 'NONE',  ( 19.15897312012174325, 28.48514621634887334, 12.00000000000000000 ) ) ;
#3247 = DIRECTION ( 'NONE',  ( 0.000000000000000000, 0.000000000000000000, 1.000000000000000000 ) ) ;
#3248 = CARTESIAN_POINT ( 'NONE',  ( -34.29364525455670076, 220.2668445797214076, 0.000000000000000000 ) ) ;
#3249 = ORIENTED_EDGE ( 'NONE', *, *, #3915, .T. ) ;
#3250 = EDGE_CURVE ( 'NONE', #24, #2672, #892, .T. ) ;
#3251 = VERTEX_POINT ( 'NONE', #1493 ) ;
#3252 = ORIENTED_EDGE ( 'NONE', *, *, #139, .F. ) ;
#3253 = ADVANCED_FACE ( 'NONE', ( #3403 ), #2741, .F. ) ;
#3254 = LINE ( 'NONE', #2356, #128 ) ;
#3255 = DIRECTION ( 'NONE',  ( -0.000000000000000000, 0.000000000000000000, 1.000000000000000000 ) ) ;
#3256 = VECTOR ( 'NONE', #1886, 999.9999999999998863 ) ;
#3257 = DIRECTION ( 'NONE',  ( -0.000000000000000000, -0.000000000000000000, 1.000000000000000000 ) ) ;
#3258 = EDGE_CURVE ( 'NONE', #3836, #1281, #1961, .T. ) ;
#3259 = LINE ( 'NONE', #1998, #902 ) ;
#3260 = AXIS2_PLACEMENT_3D ( 'NONE', #1150, #4026, #1209 ) ;
#3261 = LINE ( 'NONE', #1951, #3678 ) ;
#3262 = PLANE ( 'NONE',  #3962 ) ;
#3263 = ORIENTED_EDGE ( 'NONE', *, *, #659, .F. ) ;
#3264 = AXIS2_PLACEMENT_3D ( 'NONE', #3453, #3123, #2560 ) ;
#3265 = CARTESIAN_POINT ( 'NONE',  ( 1.139166452566868128E-14, 106.9800000000000040, 0.000000000000000000 ) ) ;
#3266 = LINE ( 'NONE', #3227, #1569 ) ;
#3267 = DIRECTION ( 'NONE',  ( 0.9945218953682734009, -0.1045284632676534986, 0.000000000000000000 ) ) ;
#3268 = ORIENTED_EDGE ( 'NONE', *, *, #2481, .T. ) ;
#3269 = ORIENTED_EDGE ( 'NONE', *, *, #4120, .T. ) ;
#3270 = ORIENTED_EDGE ( 'NONE', *, *, #216, .F. ) ;
#3271 = CARTESIAN_POINT ( 'NONE',  ( -17.70379107082048620, 233.6234248878680546, 0.000000000000000000 ) ) ;
#3272 = CARTESIAN_POINT ( 'NONE',  ( -42.50000000000000711, 200.0000000000000000, 0.000000000000000000 ) ) ;
#3273 = FACE_OUTER_BOUND ( 'NONE', #2009, .T. ) ;
#3274 = EDGE_CURVE ( 'NONE', #333, #2275, #87, .T. ) ;
#3275 = EDGE_CURVE ( 'NONE', #2275, #333, #155, .T. ) ;
#3276 = CIRCLE ( 'NONE', #753, 45.00000000000000711 ) ;
#3277 = AXIS2_PLACEMENT_3D ( 'NONE', #2925, #1932, #3199 ) ;
#3278 = LINE ( 'NONE', #2383, #3097 ) ;
#3279 = EDGE_CURVE ( 'NONE', #2466, #2511, #3683, .T. ) ;
#3280 = CIRCLE ( 'NONE', #3807, 5.499999999999998224 ) ;
#3281 = DIRECTION ( 'NONE',  ( -1.000000000000000000, 0.000000000000000000, 0.000000000000000000 ) ) ;
#3282 = VERTEX_POINT ( 'NONE', #3955 ) ;
#3283 = FACE_OUTER_BOUND ( 'NONE', #524, .T. ) ;
#3284 = ORIENTED_EDGE ( 'NONE', *, *, #3392, .F. ) ;
#3285 = AXIS2_PLACEMENT_3D ( 'NONE', #210, #2732, #2462 ) ;
#3286 = AXIS2_PLACEMENT_3D ( 'NONE', #177, #1140, #555 ) ;
#3287 = DIRECTION ( 'NONE',  ( 0.000000000000000000, 0.000000000000000000, 1.000000000000000000 ) ) ;
#3288 = CARTESIAN_POINT ( 'NONE',  ( -29.01999999999999957, 200.0000000000000000, 95.43860017999652712 ) ) ;
#3289 = AXIS2_PLACEMENT_3D ( 'NONE', #1435, #2726, #2707 ) ;
#3290 = CARTESIAN_POINT ( 'NONE',  ( -24.52482512233140000, 96.57627002127701132, 0.000000000000000000 ) ) ;
#3291 = DIRECTION ( 'NONE',  ( 0.000000000000000000, 0.000000000000000000, 1.000000000000000000 ) ) ;
#3292 = ORIENTED_EDGE ( 'NONE', *, *, #139, .T. ) ;
#3293 = ORIENTED_EDGE ( 'NONE', *, *, #3659, .F. ) ;
#3294 = DIRECTION ( 'NONE',  ( 1.000000000000000000, -5.329070518200751394E-15, 0.000000000000000000 ) ) ;
#3295 = DIRECTION ( 'NONE',  ( 0.000000000000000000, 0.000000000000000000, -1.000000000000000000 ) ) ;
#3296 = CARTESIAN_POINT ( 'NONE',  ( 4.953358848953788751, 91.24105987960145114, 12.00000000000000000 ) ) ;
#3297 = CIRCLE ( 'NONE', #1357, 2.150000000000040767 ) ;
#3298 = VECTOR ( 'NONE', #3616, 1000.000000000000000 ) ;
#3299 = ADVANCED_FACE ( 'NONE', ( #2373 ), #3648, .F. ) ;
#3300 = DIRECTION ( 'NONE',  ( -0.000000000000000000, -0.000000000000000000, -1.000000000000000000 ) ) ;
#3301 = AXIS2_PLACEMENT_3D ( 'NONE', #2151, #1522, #559 ) ;
#3302 = EDGE_LOOP ( 'NONE', ( #3327, #2681, #1401, #2491, #2192, #3594, #1657, #3044 ) ) ;
#3303 = AXIS2_PLACEMENT_3D ( 'NONE', #3057, #3408, #225 ) ;
#3304 = ADVANCED_FACE ( 'NONE', ( #3425 ), #1852, .F. ) ;
#3305 = DIRECTION ( 'NONE',  ( -0.000000000000000000, -0.000000000000000000, 1.000000000000000000 ) ) ;
#3306 = EDGE_LOOP ( 'NONE', ( #2875, #3840, #3827, #2908 ) ) ;
#3307 = DIRECTION ( 'NONE',  ( 0.02617694830787380481, -0.9996573249755572599, 0.000000000000000000 ) ) ;
#3308 = VERTEX_POINT ( 'NONE', #1199 ) ;
#3309 = DIRECTION ( 'NONE',  ( 1.000000000000000000, 2.975869984212783850E-15, 0.000000000000000000 ) ) ;
#3310 = LINE ( 'NONE', #455, #2578 ) ;
#3311 = CARTESIAN_POINT ( 'NONE',  ( 24.60467178840357150, 156.8316859223014319, -5.999999999999998224 ) ) ;
#3312 = ORIENTED_EDGE ( 'NONE', *, *, #2340, .T. ) ;
#3313 = ORIENTED_EDGE ( 'NONE', *, *, #2942, .T. ) ;
#3314 = CARTESIAN_POINT ( 'NONE',  ( -52.84932284540179381, 17.68313606292501916, 12.00000000000000000 ) ) ;
#3315 = CARTESIAN_POINT ( 'NONE',  ( 2.887856764342425553, 87.92979571477928857, 12.00000000000000000 ) ) ;
#3316 = CARTESIAN_POINT ( 'NONE',  ( 4.756463149324664741, 75.60323790134660271, 12.00000000000000000 ) ) ;
#3317 = FACE_OUTER_BOUND ( 'NONE', #3685, .T. ) ;
#3318 = EDGE_LOOP ( 'NONE', ( #249, #2982 ) ) ;
#3319 = ADVANCED_FACE ( 'NONE', ( #2803 ), #2167, .F. ) ;
#3320 = CARTESIAN_POINT ( 'NONE',  ( 40.12063565054190661, 198.5202203666886760, 0.000000000000000000 ) ) ;
#3321 = ORIENTED_EDGE ( 'NONE', *, *, #2122, .F. ) ;
#3322 = DIRECTION ( 'NONE',  ( 1.000000000000000000, 0.000000000000000000, 0.000000000000000000 ) ) ;
#3323 = EDGE_CURVE ( 'NONE', #3335, #3111, #3739, .T. ) ;
#3324 = CIRCLE ( 'NONE', #931, 45.00000000000000711 ) ;
#3325 = DIRECTION ( 'NONE',  ( -1.000000000000000000, 0.000000000000000000, 0.000000000000000000 ) ) ;
#3326 = ORIENTED_EDGE ( 'NONE', *, *, #1039, .F. ) ;
#3327 = ORIENTED_EDGE ( 'NONE', *, *, #1954, .F. ) ;
#3328 = ADVANCED_FACE ( 'NONE', ( #1554 ), #3468, .F. ) ;
#3329 = CARTESIAN_POINT ( 'NONE',  ( -21.98218442151412688, -0.5756237571811836373, 0.000000000000000000 ) ) ;
#3330 = CYLINDRICAL_SURFACE ( 'NONE', #1708, 4.000000000000003553 ) ;
#3331 = CARTESIAN_POINT ( 'NONE',  ( 2.937725449060098359, 87.60082904197298603, 34.28877117602144153 ) ) ;
#3332 = EDGE_LOOP ( 'NONE', ( #1655, #1503, #1380, #3457, #3402, #3089, #2689, #1602, #1377, #3222, #1218, #2363 ) ) ;
#3333 = CARTESIAN_POINT ( 'NONE',  ( -44.51164418577675264, 172.1618331803474007, 12.00000000000000000 ) ) ;
#3334 = CARTESIAN_POINT ( 'NONE',  ( -3.629779633311400744, 162.0293643494581488, 0.000000000000000000 ) ) ;
#3335 = VERTEX_POINT ( 'NONE', #1261 ) ;
#3336 = CARTESIAN_POINT ( 'NONE',  ( -29.99364525455662189, 220.2668445797214076, 0.000000000000000000 ) ) ;
#3337 = CARTESIAN_POINT ( 'NONE',  ( 11.23653650758403622, 58.34269148775038616, -5.999999999999998224 ) ) ;
#3338 = CYLINDRICAL_SURFACE ( 'NONE', #987, 2.150000000000047873 ) ;
#3339 = EDGE_CURVE ( 'NONE', #3551, #2835, #3447, .T. ) ;
#3340 = CARTESIAN_POINT ( 'NONE',  ( -21.68557643954152425, 100.4041488568196172, 36.95100124303210265 ) ) ;
#3341 = ORIENTED_EDGE ( 'NONE', *, *, #453, .T. ) ;
#3342 = ORIENTED_EDGE ( 'NONE', *, *, #2047, .T. ) ;
#3343 = ORIENTED_EDGE ( 'NONE', *, *, #3390, .T. ) ;
#3344 = ADVANCED_FACE ( 'NONE', ( #582 ), #648, .F. ) ;
#3345 = AXIS2_PLACEMENT_3D ( 'NONE', #2909, #2259, #1020 ) ;
#3346 = DIRECTION ( 'NONE',  ( 0.3173046564050854834, 0.9483236552062014324, 0.000000000000000000 ) ) ;
#3347 = AXIS2_PLACEMENT_3D ( 'NONE', #731, #2006, #3267 ) ;
#3348 = CARTESIAN_POINT ( 'NONE',  ( 21.62110610229875718, 157.1452713121044269, -5.999999999999998224 ) ) ;
#3349 = CARTESIAN_POINT ( 'NONE',  ( -8.306856926960087151, 92.14773355164442137, 12.00000000000000000 ) ) ;
#3350 = EDGE_LOOP ( 'NONE', ( #1505, #2059, #3388, #1933 ) ) ;
#3351 = ORIENTED_EDGE ( 'NONE', *, *, #2608, .F. ) ;
#3352 = FACE_BOUND ( 'NONE', #2254, .T. ) ;
#3353 = DIRECTION ( 'NONE',  ( 1.000000000000000000, 0.000000000000000000, 0.000000000000000000 ) ) ;
#3354 = ORIENTED_EDGE ( 'NONE', *, *, #1116, .F. ) ;
#3355 = CIRCLE ( 'NONE', #2962, 9.999999999999550582 ) ;
#3356 = AXIS2_PLACEMENT_3D ( 'NONE', #1551, #1237, #1847 ) ;
#3357 = AXIS2_PLACEMENT_3D ( 'NONE', #729, #1662, #1021 ) ;
#3358 = FACE_OUTER_BOUND ( 'NONE', #2413, .T. ) ;
#3359 = DIRECTION ( 'NONE',  ( 0.000000000000000000, 0.000000000000000000, -1.000000000000000000 ) ) ;
#3360 = AXIS2_PLACEMENT_3D ( 'NONE', #2918, #3235, #1028 ) ;
#3361 = CARTESIAN_POINT ( 'NONE',  ( 13.93638256392578256, 84.03001083808119631, 0.000000000000000000 ) ) ;
#3362 = EDGE_LOOP ( 'NONE', ( #3131, #1900, #594, #2616 ) ) ;
#3363 = CARTESIAN_POINT ( 'NONE',  ( 0.000000000000000000, 0.000000000000000000, 0.000000000000000000 ) ) ;
#3364 = ORIENTED_EDGE ( 'NONE', *, *, #3662, .T. ) ;
#3365 = ORIENTED_EDGE ( 'NONE', *, *, #2693, .T. ) ;
#3366 = CYLINDRICAL_SURFACE ( 'NONE', #2406, 2.999999999999999112 ) ;
#3367 = CARTESIAN_POINT ( 'NONE',  ( -15.55379107082044676, 233.6234248878680546, 0.000000000000000000 ) ) ;
#3368 = CARTESIAN_POINT ( 'NONE',  ( 19.15897312012174325, 28.48514621634887334, 0.000000000000000000 ) ) ;
#3369 = EDGE_CURVE ( 'NONE', #3882, #1727, #1562, .T. ) ;
#3370 = AXIS2_PLACEMENT_3D ( 'NONE', #580, #1850, #3117 ) ;
#3371 = DIRECTION ( 'NONE',  ( -0.000000000000000000, 0.000000000000000000, 1.000000000000000000 ) ) ;
#3372 = CARTESIAN_POINT ( 'NONE',  ( 18.00010904036166437, 93.99346887664898986, 0.000000000000000000 ) ) ;
#3373 = ORIENTED_EDGE ( 'NONE', *, *, #154, .T. ) ;
#3374 = EDGE_LOOP ( 'NONE', ( #3816, #3214 ) ) ;
#3375 = CARTESIAN_POINT ( 'NONE',  ( 4.756463149324664741, 75.60323790134660271, 0.000000000000000000 ) ) ;
#3376 = DIRECTION ( 'NONE',  ( 0.000000000000000000, -0.000000000000000000, -1.000000000000000000 ) ) ;
#3377 = CARTESIAN_POINT ( 'NONE',  ( 24.62110610229875718, 157.1452713121044269, 0.000000000000000000 ) ) ;
#3378 = ORIENTED_EDGE ( 'NONE', *, *, #2141, .T. ) ;
#3379 = CARTESIAN_POINT ( 'NONE',  ( -4.632790566882702521, 125.0738049424144833, 12.00000000000000000 ) ) ;
#3380 = AXIS2_PLACEMENT_3D ( 'NONE', #3271, #3609, #717 ) ;
#3381 = ORIENTED_EDGE ( 'NONE', *, *, #2667, .F. ) ;
#3382 = ORIENTED_EDGE ( 'NONE', *, *, #1378, .T. ) ;
#3383 = AXIS2_PLACEMENT_3D ( 'NONE', #1796, #1457, #480 ) ;
#3384 = CARTESIAN_POINT ( 'NONE',  ( 29.10419207380447659, 27.43986158367233585, 12.00000000000000000 ) ) ;
#3385 = PLANE ( 'NONE',  #3303 ) ;
#3386 = DIRECTION ( 'NONE',  ( 0.000000000000000000, 0.000000000000000000, -1.000000000000000000 ) ) ;
#3387 = CIRCLE ( 'NONE', #3264, 3.000000000000001776 ) ;
#3388 = ORIENTED_EDGE ( 'NONE', *, *, #3654, .F. ) ;
#3389 = FACE_BOUND ( 'NONE', #183, .T. ) ;
#3390 = EDGE_CURVE ( 'NONE', #2468, #2602, #3494, .T. ) ;
#3391 = DIRECTION ( 'NONE',  ( 0.6149582602745518045, 0.7885596604697050482, 0.000000000000000000 ) ) ;
#3392 = EDGE_CURVE ( 'NONE', #3496, #416, #3183, .T. ) ;
#3393 = VERTEX_POINT ( 'NONE', #2850 ) ;
#3394 = EDGE_CURVE ( 'NONE', #2517, #1955, #2784, .T. ) ;
#3395 = ADVANCED_FACE ( 'NONE', ( #2868 ), #260, .F. ) ;
#3396 = CARTESIAN_POINT ( 'NONE',  ( 11.23653650758403622, 58.34269148775038616, 12.00000000000000000 ) ) ;
#3397 = CARTESIAN_POINT ( 'NONE',  ( -40.48227167337816468, 25.25180816911831272, 0.000000000000000000 ) ) ;
#3398 = CARTESIAN_POINT ( 'NONE',  ( -35.19213128718322992, 21.95195357356338306, -0.000000000000000000 ) ) ;
#3399 = AXIS2_PLACEMENT_3D ( 'NONE', #1784, #1422, #2697 ) ;
#3400 = EDGE_CURVE ( 'NONE', #2652, #3009, #4094, .T. ) ;
#3401 = DIRECTION ( 'NONE',  ( -0.000000000000000000, 0.000000000000000000, 1.000000000000000000 ) ) ;
#3402 = ORIENTED_EDGE ( 'NONE', *, *, #3705, .F. ) ;
#3403 = FACE_OUTER_BOUND ( 'NONE', #3427, .T. ) ;
#3404 = VECTOR ( 'NONE', #2076, 1000.000000000000000 ) ;
#3405 = EDGE_LOOP ( 'NONE', ( #520, #292, #3676, #1956 ) ) ;
#3406 = EDGE_LOOP ( 'NONE', ( #1060, #3928, #2082, #1997 ) ) ;
#3407 = DIRECTION ( 'NONE',  ( 1.000000000000000000, 0.000000000000000000, 0.000000000000000000 ) ) ;
#3408 = DIRECTION ( 'NONE',  ( -0.000000000000000000, 0.000000000000000000, 1.000000000000000000 ) ) ;
#3409 = PLANE ( 'NONE',  #428 ) ;
#3410 = ORIENTED_EDGE ( 'NONE', *, *, #1923, .F. ) ;
#3411 = FACE_BOUND ( 'NONE', #3708, .T. ) ;
#3412 = DIRECTION ( 'NONE',  ( 0.000000000000000000, -0.000000000000000000, -1.000000000000000000 ) ) ;
#3413 = EDGE_LOOP ( 'NONE', ( #3520, #3785, #1326, #3925 ) ) ;
#3414 = EDGE_CURVE ( 'NONE', #2535, #2105, #1279, .T. ) ;
#3415 = CARTESIAN_POINT ( 'NONE',  ( -24.52345442223362681, 96.47156222804549941, 0.000000000000000000 ) ) ;
#3416 = DIRECTION ( 'NONE',  ( -0.000000000000000000, -0.000000000000000000, 1.000000000000000000 ) ) ;
#3417 = CARTESIAN_POINT ( 'NONE',  ( 6.406463149324664208, 75.60323790134660271, 7.000000000000000000 ) ) ;
#3418 = UNCERTAINTY_MEASURE_WITH_UNIT (LENGTH_MEASURE( 1.000000000000000082E-05 ), #1022, 'distance_accuracy_value', 'NONE');
#3419 = EDGE_CURVE ( 'NONE', #1913, #810, #970, .T. ) ;
#3420 = CIRCLE ( 'NONE', #2694, 42.50000000000000711 ) ;
#3421 = AXIS2_PLACEMENT_3D ( 'NONE', #350, #2173, #1540 ) ;
#3422 = AXIS2_PLACEMENT_3D ( 'NONE', #2691, #1095, #2364 ) ;
#3423 = DIRECTION ( 'NONE',  ( 0.000000000000000000, 0.000000000000000000, -1.000000000000000000 ) ) ;
#3424 = EDGE_LOOP ( 'NONE', ( #2550, #2563 ) ) ;
#3425 = FACE_OUTER_BOUND ( 'NONE', #4012, .T. ) ;
#3426 = ADVANCED_FACE ( 'NONE', ( #3137, #1242 ), #2516, .F. ) ;
#3427 = EDGE_LOOP ( 'NONE', ( #1139, #4111, #963, #2887 ) ) ;
#3428 = CIRCLE ( 'NONE', #1628, 5.499999999999999112 ) ;
#3429 = CARTESIAN_POINT ( 'NONE',  ( 1.479779633311334441, 237.9706356505418796, 0.000000000000000000 ) ) ;
#3430 = DIRECTION ( 'NONE',  ( -0.000000000000000000, 0.000000000000000000, 1.000000000000000000 ) ) ;
#3431 = LINE ( 'NONE', #1857, #3559 ) ;
#3432 = CYLINDRICAL_SURFACE ( 'NONE', #766, 2.150000000000044320 ) ;
#3433 = ORIENTED_EDGE ( 'NONE', *, *, #3783, .F. ) ;
#3434 = ORIENTED_EDGE ( 'NONE', *, *, #4088, .F. ) ;
#3435 = DIRECTION ( 'NONE',  ( -0.000000000000000000, 0.000000000000000000, 1.000000000000000000 ) ) ;
#3436 = VERTEX_POINT ( 'NONE', #4123 ) ;
#3437 = ORIENTED_EDGE ( 'NONE', *, *, #1772, .T. ) ;
#3438 = COLOUR_RGB ( '',0.7921568627450980005, 0.8196078431372548767, 0.9333333333333333481 ) ;
#3439 = DIRECTION ( 'NONE',  ( -0.000000000000000000, -0.000000000000000000, 1.000000000000000000 ) ) ;
#3440 = DIRECTION ( 'NONE',  ( -0.000000000000000000, -0.000000000000000000, -1.000000000000000000 ) ) ;
#3441 = DIRECTION ( 'NONE',  ( 1.000000000000000000, 0.000000000000000000, 0.000000000000000000 ) ) ;
#3442 = ORIENTED_EDGE ( 'NONE', *, *, #3394, .F. ) ;
#3443 = AXIS2_PLACEMENT_3D ( 'NONE', #3195, #947, #3485 ) ;
#3444 = ADVANCED_FACE ( 'NONE', ( #2556 ), #3824, .F. ) ;
#3445 = DIRECTION ( 'NONE',  ( -1.000000000000000000, 0.000000000000000000, 0.000000000000000000 ) ) ;
#3446 = ORIENTED_EDGE ( 'NONE', *, *, #2841, .T. ) ;
#3447 = LINE ( 'NONE', #3803, #2101 ) ;
#3448 = EDGE_LOOP ( 'NONE', ( #698, #3741 ) ) ;
#3449 = EDGE_CURVE ( 'NONE', #2575, #1492, #3220, .T. ) ;
#3450 = ORIENTED_EDGE ( 'NONE', *, *, #583, .F. ) ;
#3451 = CARTESIAN_POINT ( 'NONE',  ( 0.6702203666886763500, 162.0293643494581488, 12.00000000000000000 ) ) ;
#3452 = EDGE_CURVE ( 'NONE', #3393, #3219, #1497, .T. ) ;
#3453 = CARTESIAN_POINT ( 'NONE',  ( 5.903838233481227604, 88.05046773035903129, 0.000000000000000000 ) ) ;
#3454 = DIRECTION ( 'NONE',  ( -0.000000000000000000, 0.000000000000000000, 1.000000000000000000 ) ) ;
#3455 = DIRECTION ( 'NONE',  ( 0.1045284632676543035, 0.9945218953682732899, 0.000000000000000000 ) ) ;
#3456 = CIRCLE ( 'NONE', #1661, 2.999999999999995559 ) ;
#3457 = ORIENTED_EDGE ( 'NONE', *, *, #608, .F. ) ;
#3458 = EDGE_CURVE ( 'NONE', #3984, #3120, #3226, .T. ) ;
#3459 = DIRECTION ( 'NONE',  ( 0.000000000000000000, 0.000000000000000000, 1.000000000000000000 ) ) ;
#3460 = DIRECTION ( 'NONE',  ( -1.000000000000000000, 0.000000000000000000, 0.000000000000000000 ) ) ;
#3461 = ORIENTED_EDGE ( 'NONE', *, *, #837, .T. ) ;
#3462 = DIRECTION ( 'NONE',  ( 1.000000000000000000, 0.000000000000000000, 0.000000000000000000 ) ) ;
#3463 = CARTESIAN_POINT ( 'NONE',  ( 34.29364525455669366, 179.7331554202786208, 0.000000000000000000 ) ) ;
#3464 = DIRECTION ( 'NONE',  ( 1.000000000000000000, 0.000000000000000000, 0.000000000000000000 ) ) ;
#3465 = EDGE_CURVE ( 'NONE', #1467, #2391, #3598, .T. ) ;
#3466 = DIRECTION ( 'NONE',  ( -0.000000000000000000, -0.000000000000000000, 1.000000000000000000 ) ) ;
#3467 = ORIENTED_EDGE ( 'NONE', *, *, #2518, .F. ) ;
#3468 = CYLINDRICAL_SURFACE ( 'NONE', #1164, 3.000000000000006217 ) ;
#3469 = ORIENTED_EDGE ( 'NONE', *, *, #885, .T. ) ;
#3470 = EDGE_LOOP ( 'NONE', ( #68, #2551, #1496, #2408 ) ) ;
#3471 = AXIS2_PLACEMENT_3D ( 'NONE', #2436, #3056, #3000 ) ;
#3472 = DIRECTION ( 'NONE',  ( 0.9945218953682734009, -0.1045284632676534847, 0.000000000000000000 ) ) ;
#3473 = DIRECTION ( 'NONE',  ( 1.000000000000000000, 0.000000000000000000, 0.000000000000000000 ) ) ;
#3474 = LINE ( 'NONE', #2214, #1902 ) ;
#3475 = LINE ( 'NONE', #1249, #1291 ) ;
#3476 = CIRCLE ( 'NONE', #819, 3.000000000000000000 ) ;
#3477 = VECTOR ( 'NONE', #2455, 1000.000000000000000 ) ;
#3478 = ORIENTED_EDGE ( 'NONE', *, *, #3196, .F. ) ;
#3479 = ADVANCED_FACE ( 'NONE', ( #2328 ), #3262, .F. ) ;
#3480 = EDGE_CURVE ( 'NONE', #918, #1243, #3297, .T. ) ;
#3481 = DIRECTION ( 'NONE',  ( -0.000000000000000000, 0.000000000000000000, 1.000000000000000000 ) ) ;
#3482 = LINE ( 'NONE', #635, #1775 ) ;
#3483 = AXIS2_PLACEMENT_3D ( 'NONE', #3375, #1212, #1511 ) ;
#3484 = VERTEX_POINT ( 'NONE', #69 ) ;
#3485 = DIRECTION ( 'NONE',  ( -1.000000000000000000, 0.000000000000000000, 0.000000000000000000 ) ) ;
#3486 = AXIS2_PLACEMENT_3D ( 'NONE', #1663, #3291, #2663 ) ;
#3487 = CARTESIAN_POINT ( 'NONE',  ( 4.756463149324664741, 75.60323790134660271, 0.000000000000000000 ) ) ;
#3488 = DIRECTION ( 'NONE',  ( -0.000000000000000000, -0.000000000000000000, -1.000000000000000000 ) ) ;
#3489 = EDGE_CURVE ( 'NONE', #2384, #4014, #2305, .T. ) ;
#3490 = DIRECTION ( 'NONE',  ( 1.000000000000000000, 0.000000000000000000, 0.000000000000000000 ) ) ;
#3491 = VERTEX_POINT ( 'NONE', #3531 ) ;
#3492 = DIRECTION ( 'NONE',  ( 1.000000000000000000, 0.000000000000000000, 0.000000000000000000 ) ) ;
#3493 = EDGE_LOOP ( 'NONE', ( #1056, #542, #168, #1751, #1800, #2650 ) ) ;
#3494 = CIRCLE ( 'NONE', #3634, 2.150000000000037215 ) ;
#3495 = AXIS2_PLACEMENT_3D ( 'NONE', #588, #983, #2261 ) ;
#3496 = VERTEX_POINT ( 'NONE', #1301 ) ;
#3497 = DIRECTION ( 'NONE',  ( -0.8537321313000748590, 0.5207124427031023517, 0.000000000000000000 ) ) ;
#3498 = AXIS2_PLACEMENT_3D ( 'NONE', #2212, #894, #3742 ) ;
#3499 = AXIS2_PLACEMENT_3D ( 'NONE', #1323, #3556, #3535 ) ;
#3500 = CARTESIAN_POINT ( 'NONE',  ( -13.13156269361432393, 31.37286657672619228, -0.000000000000000000 ) ) ;
#3501 = LINE ( 'NONE', #2832, #232 ) ;
#3502 = CARTESIAN_POINT ( 'NONE',  ( 18.73342452113092449, 115.3206579708697319, 12.00000000000000000 ) ) ;
#3503 = ORIENTED_EDGE ( 'NONE', *, *, #1013, .F. ) ;
#3504 = ORIENTED_EDGE ( 'NONE', *, *, #2539, .T. ) ;
#3505 = DIRECTION ( 'NONE',  ( 0.000000000000000000, 0.000000000000000000, -1.000000000000000000 ) ) ;
#3506 = EDGE_CURVE ( 'NONE', #795, #4115, #1228, .T. ) ;
#3507 = DIRECTION ( 'NONE',  ( -0.000000000000000000, -0.000000000000000000, -1.000000000000000000 ) ) ;
#3508 = VECTOR ( 'NONE', #4058, 1000.000000000000000 ) ;
#3509 = LINE ( 'NONE', #663, #277 ) ;
#3510 = ORIENTED_EDGE ( 'NONE', *, *, #3145, .F. ) ;
#3511 = DIRECTION ( 'NONE',  ( -0.000000000000000000, -0.000000000000000000, 1.000000000000000000 ) ) ;
#3512 = ORIENTED_EDGE ( 'NONE', *, *, #938, .T. ) ;
#3513 = EDGE_LOOP ( 'NONE', ( #2904, #3713, #341, #2879 ) ) ;
#3514 = EDGE_LOOP ( 'NONE', ( #1648, #1302 ) ) ;
#3515 = DIRECTION ( 'NONE',  ( 0.000000000000000000, 0.000000000000000000, 1.000000000000000000 ) ) ;
#3516 = LINE ( 'NONE', #3141, #936 ) ;
#3517 = DIRECTION ( 'NONE',  ( -0.000000000000000000, -0.000000000000000000, -1.000000000000000000 ) ) ;
#3518 = CYLINDRICAL_SURFACE ( 'NONE', #2817, 1.649999999999999467 ) ;
#3519 = ORIENTED_EDGE ( 'NONE', *, *, #4098, .F. ) ;
#3520 = ORIENTED_EDGE ( 'NONE', *, *, #1726, .F. ) ;
#3521 = CARTESIAN_POINT ( 'NONE',  ( 15.55379107082044676, 166.3765751121320307, 0.000000000000000000 ) ) ;
#3522 = ORIENTED_EDGE ( 'NONE', *, *, #2916, .F. ) ;
#3523 = AXIS2_PLACEMENT_3D ( 'NONE', #1967, #736, #398 ) ;
#3524 = AXIS2_PLACEMENT_3D ( 'NONE', #2983, #3922, #1690 ) ;
#3525 = LINE ( 'NONE', #2900, #3851 ) ;
#3526 = EDGE_CURVE ( 'NONE', #2355, #472, #3692, .T. ) ;
#3527 = EDGE_CURVE ( 'NONE', #1834, #1492, #724, .T. ) ;
#3528 = EDGE_CURVE ( 'NONE', #571, #56, #162, .T. ) ;
#3529 = DIRECTION ( 'NONE',  ( 1.000000000000000000, 0.000000000000000000, 0.000000000000000000 ) ) ;
#3530 = ORIENTED_EDGE ( 'NONE', *, *, #3774, .F. ) ;
#3531 = CARTESIAN_POINT ( 'NONE',  ( -15.03098279899319856, 99.03836565331984332, 0.000000000000000000 ) ) ;
#3532 = ORIENTED_EDGE ( 'NONE', *, *, #3586, .F. ) ;
#3533 = ORIENTED_EDGE ( 'NONE', *, *, #2293, .F. ) ;
#3534 = CYLINDRICAL_SURFACE ( 'NONE', #3345, 3.000000000000006217 ) ;
#3535 = DIRECTION ( 'NONE',  ( 1.000000000000000000, 0.000000000000000000, 0.000000000000000000 ) ) ;
#3536 = CARTESIAN_POINT ( 'NONE',  ( 18.73342452113092449, 115.3206579708697319, 35.87825762969472265 ) ) ;
#3537 = DIRECTION ( 'NONE',  ( -0.000000000000000000, -0.000000000000000000, -1.000000000000000000 ) ) ;
#3538 = VERTEX_POINT ( 'NONE', #2045 ) ;
#3539 = EDGE_LOOP ( 'NONE', ( #2216, #591, #3802, #3575 ) ) ;
#3540 = CARTESIAN_POINT ( 'NONE',  ( -19.72843595126057181, 100.9976246425847535, 0.000000000000000000 ) ) ;
#3541 = AXIS2_PLACEMENT_3D ( 'NONE', #3971, #3008, #805 ) ;
#3542 = CARTESIAN_POINT ( 'NONE',  ( 29.10419207380447659, 27.43986158367233585, 12.00000000000000000 ) ) ;
#3543 = AXIS2_PLACEMENT_3D ( 'NONE', #1996, #2014, #1073 ) ;
#3544 = VERTEX_POINT ( 'NONE', #1658 ) ;
#3545 = CYLINDRICAL_SURFACE ( 'NONE', #973, 45.00000000000000711 ) ;
#3546 = CIRCLE ( 'NONE', #1694, 2.150000000000037215 ) ;
#3547 = CARTESIAN_POINT ( 'NONE',  ( -37.97063565054187961, 201.4797796333113240, 0.000000000000000000 ) ) ;
#3548 = ORIENTED_EDGE ( 'NONE', *, *, #903, .F. ) ;
#3549 = CYLINDRICAL_SURFACE ( 'NONE', #772, 3.000000000000000888 ) ;
#3550 = EDGE_CURVE ( 'NONE', #2675, #795, #1703, .T. ) ;
#3551 = VERTEX_POINT ( 'NONE', #2023 ) ;
#3552 = EDGE_CURVE ( 'NONE', #3564, #287, #3555, .T. ) ;
#3553 = VERTEX_POINT ( 'NONE', #21 ) ;
#3554 = CYLINDRICAL_SURFACE ( 'NONE', #3622, 2.150000000000040767 ) ;
#3555 = CIRCLE ( 'NONE', #2426, 2.999999999999995559 ) ;
#3556 = DIRECTION ( 'NONE',  ( -0.000000000000000000, 0.000000000000000000, 1.000000000000000000 ) ) ;
#3557 = LINE ( 'NONE', #1065, #640 ) ;
#3558 = DIRECTION ( 'NONE',  ( 0.02617694830787359317, -0.9996573249755573709, 0.000000000000000000 ) ) ;
#3559 = VECTOR ( 'NONE', #3788, 1000.000000000000000 ) ;
#3560 = ORIENTED_EDGE ( 'NONE', *, *, #3837, .T. ) ;
#3561 = EDGE_LOOP ( 'NONE', ( #387, #4042 ) ) ;
#3562 = ORIENTED_EDGE ( 'NONE', *, *, #2401, .T. ) ;
#3563 = VECTOR ( 'NONE', #3488, 1000.000000000000000 ) ;
#3564 = VERTEX_POINT ( 'NONE', #2656 ) ;
#3565 = VECTOR ( 'NONE', #652, 1000.000000000000000 ) ;
#3566 = CYLINDRICAL_SURFACE ( 'NONE', #3380, 2.150000000000037215 ) ;
#3567 = CARTESIAN_POINT ( 'NONE',  ( 31.47342488786791037, 217.7037910708205288, 12.00000000000000000 ) ) ;
#3568 = DIRECTION ( 'NONE',  ( 1.000000000000000000, 0.000000000000000000, 0.000000000000000000 ) ) ;
#3569 = AXIS2_PLACEMENT_3D ( 'NONE', #1716, #2341, #1668 ) ;
#3570 = DIRECTION ( 'NONE',  ( 1.000000000000000000, 0.000000000000000000, 0.000000000000000000 ) ) ;
#3571 = ADVANCED_FACE ( 'NONE', ( #3283 ), #3549, .F. ) ;
#3572 = DIRECTION ( 'NONE',  ( -0.000000000000000000, -0.000000000000000000, 1.000000000000000000 ) ) ;
#3573 = EDGE_LOOP ( 'NONE', ( #505, #512, #1561, #2030 ) ) ;
#3574 = CARTESIAN_POINT ( 'NONE',  ( 32.14364525455665245, 179.7331554202786208, 12.00000000000000000 ) ) ;
#3575 = ORIENTED_EDGE ( 'NONE', *, *, #1542, .T. ) ;
#3576 = ADVANCED_FACE ( 'NONE', ( #1979 ), #386, .T. ) ;
#3577 = EDGE_CURVE ( 'NONE', #851, #3063, #2240, .T. ) ;
#3578 = CARTESIAN_POINT ( 'NONE',  ( 35.82063565054180998, 198.5202203666886760, 0.000000000000000000 ) ) ;
#3579 = FACE_OUTER_BOUND ( 'NONE', #345, .T. ) ;
#3580 = EDGE_CURVE ( 'NONE', #287, #3015, #2676, .T. ) ;
#3581 = DIRECTION ( 'NONE',  ( -0.000000000000000000, -0.000000000000000000, -1.000000000000000000 ) ) ;
#3582 = PLANE ( 'NONE',  #3347 ) ;
#3583 = VERTEX_POINT ( 'NONE', #1743 ) ;
#3584 = EDGE_LOOP ( 'NONE', ( #1757, #2963, #1952, #3284 ) ) ;
#3585 = ORIENTED_EDGE ( 'NONE', *, *, #2117, .T. ) ;
#3586 = EDGE_CURVE ( 'NONE', #2749, #2140, #1625, .T. ) ;
#3587 = LINE ( 'NONE', #1942, #2458 ) ;
#3588 = DIRECTION ( 'NONE',  ( 1.000000000000000000, 0.000000000000000000, 0.000000000000000000 ) ) ;
#3589 = DIRECTION ( 'NONE',  ( 1.000000000000000000, 0.000000000000000000, 0.000000000000000000 ) ) ;
#3590 = EDGE_LOOP ( 'NONE', ( #151, #2348, #2730, #1241 ) ) ;
#3591 = ADVANCED_FACE ( 'NONE', ( #3697 ), #176, .T. ) ;
#3592 = DIRECTION ( 'NONE',  ( -0.000000000000000000, -0.000000000000000000, -1.000000000000000000 ) ) ;
#3593 = VECTOR ( 'NONE', #78, 1000.000000000000000 ) ;
#3594 = ORIENTED_EDGE ( 'NONE', *, *, #66, .T. ) ;
#3595 = CIRCLE ( 'NONE', #1797, 1.650000000000000355 ) ;
#3596 = DIRECTION ( 'NONE',  ( 0.000000000000000000, 0.000000000000000000, 1.000000000000000000 ) ) ;
#3597 = ORIENTED_EDGE ( 'NONE', *, *, #785, .F. ) ;
#3598 = LINE ( 'NONE', #2615, #3825 ) ;
#3599 = ORIENTED_EDGE ( 'NONE', *, *, #2238, .F. ) ;
#3600 = AXIS2_PLACEMENT_3D ( 'NONE', #327, #626, #3787 ) ;
#3601 = DIRECTION ( 'NONE',  ( 1.000000000000000000, 0.000000000000000000, 0.000000000000000000 ) ) ;
#3602 = CARTESIAN_POINT ( 'NONE',  ( -10.66923215908001410, 153.2007747378692954, 0.000000000000000000 ) ) ;
#3603 = CARTESIAN_POINT ( 'NONE',  ( -10.66923215908001410, 153.2007747378692954, 12.00000000000000000 ) ) ;
#3604 = PLANE ( 'NONE',  #3216 ) ;
#3605 = EDGE_CURVE ( 'NONE', #1147, #15, #2759, .T. ) ;
#3606 = VERTEX_POINT ( 'NONE', #1155 ) ;
#3607 = EDGE_LOOP ( 'NONE', ( #2914, #3599, #603, #1647 ) ) ;
#3608 = ORIENTED_EDGE ( 'NONE', *, *, #1230, .F. ) ;
#3609 = DIRECTION ( 'NONE',  ( -0.000000000000000000, -0.000000000000000000, 1.000000000000000000 ) ) ;
#3610 = DIRECTION ( 'NONE',  ( 1.000000000000000000, 5.551115123125785858E-15, 0.000000000000000000 ) ) ;
#3611 = CYLINDRICAL_SURFACE ( 'NONE', #1490, 2.999999999999993783 ) ;
#3612 = EDGE_CURVE ( 'NONE', #1281, #3836, #1035, .T. ) ;
#3613 = VERTEX_POINT ( 'NONE', #2425 ) ;
#3614 = CIRCLE ( 'NONE', #1881, 2.150000000000037215 ) ;
#3615 = AXIS2_PLACEMENT_3D ( 'NONE', #529, #3069, #212 ) ;
#3616 = DIRECTION ( 'NONE',  ( -0.000000000000000000, -0.000000000000000000, 1.000000000000000000 ) ) ;
#3617 = CIRCLE ( 'NONE', #1276, 10.00000000000000178 ) ;
#3618 = EDGE_CURVE ( 'NONE', #1915, #261, #2404, .T. ) ;
#3619 = CARTESIAN_POINT ( 'NONE',  ( -34.29364525455670076, 220.2668445797214076, 0.000000000000000000 ) ) ;
#3620 = DIRECTION ( 'NONE',  ( -0.000000000000000000, 0.000000000000000000, 1.000000000000000000 ) ) ;
#3621 = EDGE_LOOP ( 'NONE', ( #2886, #516, #3178, #1227 ) ) ;
#3622 = AXIS2_PLACEMENT_3D ( 'NONE', #1321, #1283, #2598 ) ;
#3623 = CIRCLE ( 'NONE', #697, 30.00000000000000000 ) ;
#3624 = DIRECTION ( 'NONE',  ( 0.000000000000000000, -0.000000000000000000, -1.000000000000000000 ) ) ;
#3625 = DIRECTION ( 'NONE',  ( 1.000000000000000000, 0.000000000000000000, 0.000000000000000000 ) ) ;
#3626 = CIRCLE ( 'NONE', #3090, 10.00000000000000178 ) ;
#3627 = CARTESIAN_POINT ( 'NONE',  ( -5.828557004369135264, 58.63393183580883772, 12.00000000000000000 ) ) ;
#3628 = CARTESIAN_POINT ( 'NONE',  ( -21.68632147824219558, 160.5702718657314279, 0.000000000000000000 ) ) ;
#3629 = VERTEX_POINT ( 'NONE', #3377 ) ;
#3630 = ORIENTED_EDGE ( 'NONE', *, *, #2452, .F. ) ;
#3631 = CYLINDRICAL_SURFACE ( 'NONE', #974, 2.150000000000047873 ) ;
#3632 = DIRECTION ( 'NONE',  ( 0.9272643139175935634, 0.3744073879278219663, 0.000000000000000000 ) ) ;
#3633 = FACE_OUTER_BOUND ( 'NONE', #200, .T. ) ;
#3634 = AXIS2_PLACEMENT_3D ( 'NONE', #304, #1870, #1914 ) ;
#3635 = VERTEX_POINT ( 'NONE', #2126 ) ;
#3636 = AXIS2_PLACEMENT_3D ( 'NONE', #1729, #135, #73 ) ;
#3637 = CIRCLE ( 'NONE', #1838, 2.150000000000037215 ) ;
#3638 = ADVANCED_FACE ( 'NONE', ( #2145 ), #1806, .T. ) ;
#3639 = DIRECTION ( 'NONE',  ( -0.000000000000000000, -0.000000000000000000, 1.000000000000000000 ) ) ;
#3640 = VECTOR ( 'NONE', #3472, 999.9999999999998863 ) ;
#3641 = EDGE_CURVE ( 'NONE', #4115, #1482, #2565, .T. ) ;
#3642 = AXIS2_PLACEMENT_3D ( 'NONE', #3859, #1005, #2282 ) ;
#3643 = CARTESIAN_POINT ( 'NONE',  ( 14.78279648097493038, 116.3653061574348015, 12.00000000000000000 ) ) ;
#3644 = EDGE_LOOP ( 'NONE', ( #3585, #2368, #2851, #3562, #526, #3686, #4079, #2957, #1731, #1341 ) ) ;
#3645 = CARTESIAN_POINT ( 'NONE',  ( 24.60467178840357150, 156.8316859223014319, 0.000000000000000000 ) ) ;
#3646 = LINE ( 'NONE', #2069, #449 ) ;
#3647 = VERTEX_POINT ( 'NONE', #4038 ) ;
#3648 = CYLINDRICAL_SURFACE ( 'NONE', #1097, 3.000000000000000000 ) ;
#3649 = EDGE_LOOP ( 'NONE', ( #492, #1833, #1244, #3091 ) ) ;
#3650 = ORIENTED_EDGE ( 'NONE', *, *, #346, .T. ) ;
#3651 = LINE ( 'NONE', #2112, #415 ) ;
#3652 = DIRECTION ( 'NONE',  ( 1.000000000000000000, 0.000000000000000000, 0.000000000000000000 ) ) ;
#3653 = CARTESIAN_POINT ( 'NONE',  ( -7.478557004369135619, 58.63393183580883772, 7.000000000000000000 ) ) ;
#3654 = EDGE_CURVE ( 'NONE', #794, #2847, #3680, .T. ) ;
#3655 = CYLINDRICAL_SURFACE ( 'NONE', #169, 5.500000000000000888 ) ;
#3656 = VECTOR ( 'NONE', #3507, 1000.000000000000000 ) ;
#3657 = DIRECTION ( 'NONE',  ( 1.000000000000000000, 0.000000000000000000, 0.000000000000000000 ) ) ;
#3658 = ORIENTED_EDGE ( 'NONE', *, *, #1929, .T. ) ;
#3659 = EDGE_CURVE ( 'NONE', #56, #1955, #3420, .T. ) ;
#3660 = PLANE ( 'NONE',  #1274 ) ;
#3661 = DIRECTION ( 'NONE',  ( -0.000000000000000000, 0.000000000000000000, 1.000000000000000000 ) ) ;
#3662 = EDGE_CURVE ( 'NONE', #2989, #1451, #3758, .T. ) ;
#3663 = EDGE_CURVE ( 'NONE', #2130, #423, #300, .T. ) ;
#3664 = CARTESIAN_POINT ( 'NONE',  ( 1.139166452566868128E-14, 106.9800000000000040, -26.87005768508879200 ) ) ;
#3665 = DIRECTION ( 'NONE',  ( -0.000000000000000000, 0.000000000000000000, 1.000000000000000000 ) ) ;
#3666 = ORIENTED_EDGE ( 'NONE', *, *, #658, .F. ) ;
#3667 = VERTEX_POINT ( 'NONE', #2699 ) ;
#3668 = VERTEX_POINT ( 'NONE', #3645 ) ;
#3669 = CARTESIAN_POINT ( 'NONE',  ( 14.88744435153407863, 94.38579495641046435, 0.000000000000000000 ) ) ;
#3670 = CYLINDRICAL_SURFACE ( 'NONE', #173, 2.150000000000047873 ) ;
#3671 = DIRECTION ( 'NONE',  ( -1.000000000000000000, 0.000000000000000000, 0.000000000000000000 ) ) ;
#3672 = VERTEX_POINT ( 'NONE', #1444 ) ;
#3673 = FACE_BOUND ( 'NONE', #985, .T. ) ;
#3674 = CARTESIAN_POINT ( 'NONE',  ( 0.000000000000000000, 0.000000000000000000, 8.000000000000000000 ) ) ;
#3675 = ADVANCED_FACE ( 'NONE', ( #193 ), #131, .F. ) ;
#3676 = ORIENTED_EDGE ( 'NONE', *, *, #4106, .T. ) ;
#3677 = AXIS2_PLACEMENT_3D ( 'NONE', #2415, #141, #3998 ) ;
#3678 = VECTOR ( 'NONE', #407, 1000.000000000000000 ) ;
#3679 = DIRECTION ( 'NONE',  ( -1.000000000000000000, 0.000000000000000000, 0.000000000000000000 ) ) ;
#3680 = LINE ( 'NONE', #1176, #1101 ) ;
#3681 = EDGE_CURVE ( 'NONE', #3040, #668, #1169, .T. ) ;
#3682 = ORIENTED_EDGE ( 'NONE', *, *, #552, .T. ) ;
#3683 = LINE ( 'NONE', #1788, #1826 ) ;
#3684 = VECTOR ( 'NONE', #1484, 1000.000000000000000 ) ;
#3685 = EDGE_LOOP ( 'NONE', ( #3249, #323, #3512, #2867 ) ) ;
#3686 = ORIENTED_EDGE ( 'NONE', *, *, #1698, .T. ) ;
#3687 = CARTESIAN_POINT ( 'NONE',  ( -13.93048702718916232, 29.36344648704481131, -0.000000000000000000 ) ) ;
#3688 = FACE_BOUND ( 'NONE', #2210, .T. ) ;
#3689 = CARTESIAN_POINT ( 'NONE',  ( -7.999999999999989342, 106.9800000000000040, 4.000000000000000000 ) ) ;
#3690 = FACE_BOUND ( 'NONE', #3332, .T. ) ;
#3691 = LINE ( 'NONE', #878, #601 ) ;
#3692 = CIRCLE ( 'NONE', #2169, 2.150000000000038547 ) ;
#3693 = ORIENTED_EDGE ( 'NONE', *, *, #2995, .T. ) ;
#3694 = AXIS2_PLACEMENT_3D ( 'NONE', #3602, #374, #1710 ) ;
#3695 = FACE_OUTER_BOUND ( 'NONE', #1141, .T. ) ;
#3696 = DIRECTION ( 'NONE',  ( 0.6068834856879934403, 0.7947908119745668021, 0.000000000000000000 ) ) ;
#3697 = FACE_OUTER_BOUND ( 'NONE', #1622, .T. ) ;
#3698 = CARTESIAN_POINT ( 'NONE',  ( -37.97063565054187961, 201.4797796333113240, 0.000000000000000000 ) ) ;
#3699 = VERTEX_POINT ( 'NONE', #1136 ) ;
#3700 = CARTESIAN_POINT ( 'NONE',  ( 46.12860222742850880, 177.3399145239144161, 12.00000000000000000 ) ) ;
#3701 = EDGE_LOOP ( 'NONE', ( #2149, #3721, #1428, #803 ) ) ;
#3702 = ORIENTED_EDGE ( 'NONE', *, *, #832, .T. ) ;
#3703 = ADVANCED_FACE ( 'NONE', ( #807 ), #2083, .F. ) ;
#3704 = LINE ( 'NONE', #201, #2020 ) ;
#3705 = EDGE_CURVE ( 'NONE', #1327, #1915, #2494, .T. ) ;
#3706 = FACE_BOUND ( 'NONE', #743, .T. ) ;
#3707 = CARTESIAN_POINT ( 'NONE',  ( 18.53569108914271624, 115.2326213749040846, 0.000000000000000000 ) ) ;
#3708 = EDGE_LOOP ( 'NONE', ( #43, #112 ) ) ;
#3709 = EDGE_CURVE ( 'NONE', #1471, #3544, #2828, .T. ) ;
#3710 = AXIS2_PLACEMENT_3D ( 'NONE', #2514, #2229, #929 ) ;
#3711 = FACE_BOUND ( 'NONE', #3448, .T. ) ;
#3712 = CARTESIAN_POINT ( 'NONE',  ( -18.09352681310193844, 61.14417856056093825, 0.000000000000000000 ) ) ;
#3713 = ORIENTED_EDGE ( 'NONE', *, *, #2340, .F. ) ;
#3714 = CYLINDRICAL_SURFACE ( 'NONE', #1153, 4.000000000000000000 ) ;
#3715 = CARTESIAN_POINT ( 'NONE',  ( -4.178557004369134908, 58.63393183580883772, 30.00000000000000355 ) ) ;
#3716 = DIRECTION ( 'NONE',  ( 1.000000000000000000, 0.000000000000000000, 0.000000000000000000 ) ) ;
#3717 = CARTESIAN_POINT ( 'NONE',  ( -15.75442617776364962, 50.81158635383113875, 12.00000000000000000 ) ) ;
#3718 = ORIENTED_EDGE ( 'NONE', *, *, #3139, .T. ) ;
#3719 = DIRECTION ( 'NONE',  ( -0.000000000000000000, 0.000000000000000000, 1.000000000000000000 ) ) ;
#3720 = VERTEX_POINT ( 'NONE', #3734 ) ;
#3721 = ORIENTED_EDGE ( 'NONE', *, *, #2385, .T. ) ;
#3722 = CIRCLE ( 'NONE', #2394, 2.150000000000038547 ) ;
#3723 = DIRECTION ( 'NONE',  ( 1.000000000000000000, 0.000000000000000000, 0.000000000000000000 ) ) ;
#3724 = FACE_BOUND ( 'NONE', #1970, .T. ) ;
#3725 = FACE_OUTER_BOUND ( 'NONE', #814, .T. ) ;
#3726 = EDGE_CURVE ( 'NONE', #1432, #472, #551, .T. ) ;
#3727 = VERTEX_POINT ( 'NONE', #3417 ) ;
#3728 = PLANE ( 'NONE',  #3160 ) ;
#3729 = DIRECTION ( 'NONE',  ( 0.000000000000000000, 0.000000000000000000, -1.000000000000000000 ) ) ;
#3730 = EDGE_CURVE ( 'NONE', #2032, #783, #2487, .T. ) ;
#3731 = ORIENTED_EDGE ( 'NONE', *, *, #4066, .T. ) ;
#3732 = DIRECTION ( 'NONE',  ( 1.000000000000000000, 0.000000000000000000, 0.000000000000000000 ) ) ;
#3733 = CARTESIAN_POINT ( 'NONE',  ( -19.72843595126057181, 100.9976246425847535, 12.00000000000000000 ) ) ;
#3734 = CARTESIAN_POINT ( 'NONE',  ( -11.99999999999999112, 106.9800000000000040, 0.000000000000000000 ) ) ;
#3735 = ORIENTED_EDGE ( 'NONE', *, *, #3489, .T. ) ;
#3736 = AXIS2_PLACEMENT_3D ( 'NONE', #1135, #2842, #1532 ) ;
#3737 = DIRECTION ( 'NONE',  ( -0.000000000000000000, -0.000000000000000000, -1.000000000000000000 ) ) ;
#3738 = ORIENTED_EDGE ( 'NONE', *, *, #3835, .T. ) ;
#3739 = LINE ( 'NONE', #979, #2760 ) ;
#3740 = EDGE_LOOP ( 'NONE', ( #1495, #857 ) ) ;
#3741 = ORIENTED_EDGE ( 'NONE', *, *, #3489, .F. ) ;
#3742 = DIRECTION ( 'NONE',  ( -1.000000000000000000, 0.000000000000000000, 0.000000000000000000 ) ) ;
#3743 = LINE ( 'NONE', #895, #742 ) ;
#3744 = CYLINDRICAL_SURFACE ( 'NONE', #952, 2.150000000000038547 ) ;
#3745 = ORIENTED_EDGE ( 'NONE', *, *, #3414, .T. ) ;
#3746 = VECTOR ( 'NONE', #373, 1000.000000000000000 ) ;
#3747 = AXIS2_PLACEMENT_3D ( 'NONE', #1748, #513, #489 ) ;
#3748 = CARTESIAN_POINT ( 'NONE',  ( -14.25511759155189573, 26.06516186758568310, 11.99999999999999645 ) ) ;
#3749 = ADVANCED_FACE ( 'NONE', ( #3757 ), #2205, .F. ) ;
#3750 = CARTESIAN_POINT ( 'NONE',  ( 8.032265735583857591, -0.8442251475892398327, -5.999999999999998224 ) ) ;
#3751 = ORIENTED_EDGE ( 'NONE', *, *, #4136, .F. ) ;
#3752 = EDGE_CURVE ( 'NONE', #218, #1179, #839, .T. ) ;
#3753 = AXIS2_PLACEMENT_3D ( 'NONE', #2347, #1631, #431 ) ;
#3754 = LINE ( 'NONE', #2350, #1689 ) ;
#3755 = ADVANCED_FACE ( 'NONE', ( #642 ), #1574, .F. ) ;
#3756 = CARTESIAN_POINT ( 'NONE',  ( 17.70379107082048620, 166.3765751121320307, 0.000000000000000000 ) ) ;
#3757 = FACE_OUTER_BOUND ( 'NONE', #3950, .T. ) ;
#3758 = CIRCLE ( 'NONE', #643, 3.000000000000001776 ) ;
#3759 = ADVANCED_FACE ( 'NONE', ( #598 ), #1828, .F. ) ;
#3760 = DIRECTION ( 'NONE',  ( 1.000000000000000000, 0.000000000000000000, 0.000000000000000000 ) ) ;
#3761 = ORIENTED_EDGE ( 'NONE', *, *, #4048, .F. ) ;
#3762 = DIRECTION ( 'NONE',  ( 1.000000000000000000, 0.000000000000000000, 0.000000000000000000 ) ) ;
#3763 = EDGE_LOOP ( 'NONE', ( #282, #1878, #1319, #3503 ) ) ;
#3764 = EDGE_LOOP ( 'NONE', ( #1584, #1535, #3326, #2300 ) ) ;
#3765 = AXIS2_PLACEMENT_3D ( 'NONE', #3542, #738, #1396 ) ;
#3766 = LINE ( 'NONE', #937, #1504 ) ;
#3767 = DIRECTION ( 'NONE',  ( -0.000000000000000000, -0.000000000000000000, -1.000000000000000000 ) ) ;
#3768 = CARTESIAN_POINT ( 'NONE',  ( 20.26684457972138631, 232.1436452545566738, 12.00000000000000000 ) ) ;
#3769 = DIRECTION ( 'NONE',  ( 1.000000000000000000, 0.000000000000000000, 0.000000000000000000 ) ) ;
#3770 = ORIENTED_EDGE ( 'NONE', *, *, #547, .F. ) ;
#3771 = DIRECTION ( 'NONE',  ( -0.000000000000000000, 0.000000000000000000, 1.000000000000000000 ) ) ;
#3772 = CARTESIAN_POINT ( 'NONE',  ( 4.756463149324664741, 75.60323790134660271, 7.000000000000000000 ) ) ;
#3773 = ORIENTED_EDGE ( 'NONE', *, *, #804, .T. ) ;
#3774 = EDGE_CURVE ( 'NONE', #2064, #258, #4099, .T. ) ;
#3775 = DIRECTION ( 'NONE',  ( -0.000000000000000000, 0.000000000000000000, -1.000000000000000000 ) ) ;
#3776 = LINE ( 'NONE', #3463, #2811 ) ;
#3777 = CARTESIAN_POINT ( 'NONE',  ( -17.70379107082048620, 233.6234248878680546, 0.000000000000000000 ) ) ;
#3778 = EDGE_CURVE ( 'NONE', #2987, #2815, #4119, .T. ) ;
#3779 = CIRCLE ( 'NONE', #922, 2.150000000000044320 ) ;
#3780 = DIRECTION ( 'NONE',  ( -0.000000000000000000, 0.000000000000000000, 1.000000000000000000 ) ) ;
#3781 = VERTEX_POINT ( 'NONE', #276 ) ;
#3782 = CARTESIAN_POINT ( 'NONE',  ( -10.00240514913751788, 156.1257263167524911, -5.999999999999998224 ) ) ;
#3783 = EDGE_CURVE ( 'NONE', #1732, #879, #949, .T. ) ;
#3784 = EDGE_CURVE ( 'NONE', #1125, #3613, #3115, .T. ) ;
#3785 = ORIENTED_EDGE ( 'NONE', *, *, #1254, .F. ) ;
#3786 = CARTESIAN_POINT ( 'NONE',  ( -3.971446131921737344, 89.71967326029395906, 0.000000000000000000 ) ) ;
#3787 = DIRECTION ( 'NONE',  ( 1.000000000000000000, 0.000000000000000000, 0.000000000000000000 ) ) ;
#3788 = DIRECTION ( 'NONE',  ( -0.000000000000000000, -0.000000000000000000, -1.000000000000000000 ) ) ;
#3789 = CARTESIAN_POINT ( 'NONE',  ( 1.139166452566868128E-14, 106.9800000000000040, 4.000000000000000000 ) ) ;
#3790 = EDGE_CURVE ( 'NONE', #1702, #303, #1567, .T. ) ;
#3791 = AXIS2_PLACEMENT_3D ( 'NONE', #801, #2120, #920 ) ;
#3792 = VERTEX_POINT ( 'NONE', #1513 ) ;
#3793 = ORIENTED_EDGE ( 'NONE', *, *, #406, .F. ) ;
#3794 = DIRECTION ( 'NONE',  ( -1.000000000000000000, 0.000000000000000000, 0.000000000000000000 ) ) ;
#3795 = VECTOR ( 'NONE', #2497, 1000.000000000000000 ) ;
#3796 = EDGE_LOOP ( 'NONE', ( #2682, #1578, #566, #3793 ) ) ;
#3797 = VERTEX_POINT ( 'NONE', #2781 ) ;
#3798 = LINE ( 'NONE', #614, #3256 ) ;
#3799 = LINE ( 'NONE', #1235, #2880 ) ;
#3800 = CARTESIAN_POINT ( 'NONE',  ( -20.63892272293261243, 62.73193158361500821, 0.000000000000000000 ) ) ;
#3801 = DIRECTION ( 'NONE',  ( 0.4377567027218492446, 0.8990934707927170644, 0.000000000000000000 ) ) ;
#3802 = ORIENTED_EDGE ( 'NONE', *, *, #1213, .T. ) ;
#3803 = CARTESIAN_POINT ( 'NONE',  ( 18.53569108914271624, 115.2326213749040846, 0.000000000000000000 ) ) ;
#3804 = ORIENTED_EDGE ( 'NONE', *, *, #3783, .T. ) ;
#3805 = EDGE_LOOP ( 'NONE', ( #1892, #3504, #1037, #172 ) ) ;
#3806 = AXIS2_PLACEMENT_3D ( 'NONE', #3669, #780, #2055 ) ;
#3807 = AXIS2_PLACEMENT_3D ( 'NONE', #483, #1805, #2346 ) ;
#3808 = ORIENTED_EDGE ( 'NONE', *, *, #2252, .T. ) ;
#3809 = EDGE_CURVE ( 'NONE', #828, #2768, #1363, .T. ) ;
#3810 = CARTESIAN_POINT ( 'NONE',  ( 1.139166452566868128E-14, 106.9800000000000040, 36.95100124303210265 ) ) ;
#3811 = CARTESIAN_POINT ( 'NONE',  ( -29.97944302131860539, -0.7850393436441706063, 0.000000000000000000 ) ) ;
#3812 = CARTESIAN_POINT ( 'NONE',  ( -8.306856926960087151, 92.14773355164442137, 0.000000000000000000 ) ) ;
#3813 = CARTESIAN_POINT ( 'NONE',  ( 4.756463149324664741, 75.60323790134660271, 30.00000000000000355 ) ) ;
#3814 = AXIS2_PLACEMENT_3D ( 'NONE', #1887, #1214, #2163 ) ;
#3815 = AXIS2_PLACEMENT_3D ( 'NONE', #2748, #3019, #2134 ) ;
#3816 = ORIENTED_EDGE ( 'NONE', *, *, #2402, .F. ) ;
#3817 = EDGE_LOOP ( 'NONE', ( #2110, #3104 ) ) ;
#3818 = FACE_OUTER_BOUND ( 'NONE', #921, .T. ) ;
#3819 = AXIS2_PLACEMENT_3D ( 'NONE', #3396, #3624, #2658 ) ;
#3820 = CIRCLE ( 'NONE', #1287, 42.50000000000000711 ) ;
#3821 = CARTESIAN_POINT ( 'NONE',  ( 24.62110610229875718, 157.1452713121044269, 12.00000000000000000 ) ) ;
#3822 = DIRECTION ( 'NONE',  ( 1.000000000000000000, 0.000000000000000000, 0.000000000000000000 ) ) ;
#3823 = ORIENTED_EDGE ( 'NONE', *, *, #903, .T. ) ;
#3824 = CYLINDRICAL_SURFACE ( 'NONE', #2041, 3.000000000000001776 ) ;
#3825 = VECTOR ( 'NONE', #3241, 999.9999999999998863 ) ;
#3826 = VECTOR ( 'NONE', #2931, 1000.000000000000000 ) ;
#3827 = ORIENTED_EDGE ( 'NONE', *, *, #4010, .T. ) ;
#3828 = AXIS2_PLACEMENT_3D ( 'NONE', #404, #1672, #3657 ) ;
#3829 = CYLINDRICAL_SURFACE ( 'NONE', #696, 4.000000000000003553 ) ;
#3830 = AXIS2_PLACEMENT_3D ( 'NONE', #3810, #283, #2871 ) ;
#3831 = CARTESIAN_POINT ( 'NONE',  ( -15.55379107082044676, 233.6234248878680546, 12.00000000000000000 ) ) ;
#3832 = CYLINDRICAL_SURFACE ( 'NONE', #2171, 12.00000000000000355 ) ;
#3833 = CARTESIAN_POINT ( 'NONE',  ( 61.12860222742826721, 201.7537980139415197, 8.000000000000000000 ) ) ;
#3834 = AXIS2_PLACEMENT_3D ( 'NONE', #1968, #1331, #3610 ) ;
#3835 = EDGE_CURVE ( 'NONE', #1727, #3882, #1426, .T. ) ;
#3836 = VERTEX_POINT ( 'NONE', #3087 ) ;
#3837 = EDGE_CURVE ( 'NONE', #56, #2135, #3021, .T. ) ;
#3838 = DIRECTION ( 'NONE',  ( 0.000000000000000000, -0.000000000000000000, -1.000000000000000000 ) ) ;
#3839 = DIRECTION ( 'NONE',  ( -0.1498795627953591059, 0.9887042614737088231, -0.000000000000000000 ) ) ;
#3840 = ORIENTED_EDGE ( 'NONE', *, *, #3790, .T. ) ;
#3841 = ADVANCED_FACE ( 'NONE', ( #2419 ), #1758, .F. ) ;
#3842 = ORIENTED_EDGE ( 'NONE', *, *, #2486, .T. ) ;
#3843 = CARTESIAN_POINT ( 'NONE',  ( -20.26684457972138631, 167.8563547454433547, 0.000000000000000000 ) ) ;
#3844 = VECTOR ( 'NONE', #2389, 1000.000000000000000 ) ;
#3845 = EDGE_LOOP ( 'NONE', ( #3342, #2947, #654, #4122 ) ) ;
#3846 = CYLINDRICAL_SURFACE ( 'NONE', #208, 1.649999999999999467 ) ;
#3847 = ORIENTED_EDGE ( 'NONE', *, *, #2324, .F. ) ;
#3848 = DIRECTION ( 'NONE',  ( 0.000000000000000000, 0.000000000000000000, -1.000000000000000000 ) ) ;
#3849 = ORIENTED_EDGE ( 'NONE', *, *, #3046, .F. ) ;
#3850 = ORIENTED_EDGE ( 'NONE', *, *, #2141, .F. ) ;
#3851 = VECTOR ( 'NONE', #1313, 1000.000000000000000 ) ;
#3852 = CARTESIAN_POINT ( 'NONE',  ( -2.891966150378148193, 85.51446145223596318, 0.000000000000000000 ) ) ;
#3853 = CARTESIAN_POINT ( 'NONE',  ( -3.971446131921727130, 89.71967326029397327, 36.95100124303210265 ) ) ;
#3854 = DIRECTION ( 'NONE',  ( 1.000000000000000000, 0.000000000000000000, 0.000000000000000000 ) ) ;
#3855 = DIRECTION ( 'NONE',  ( 1.000000000000000000, 0.000000000000000000, 0.000000000000000000 ) ) ;
#3856 = ORIENTED_EDGE ( 'NONE', *, *, #143, .F. ) ;
#3857 = VERTEX_POINT ( 'NONE', #3985 ) ;
#3858 = CARTESIAN_POINT ( 'NONE',  ( 3.506936097804211894, 155.1368592360508387, 0.000000000000000000 ) ) ;
#3859 = CARTESIAN_POINT ( 'NONE',  ( 13.93638256392578256, 84.03001083808119631, 34.28877117602144153 ) ) ;
#3860 = CIRCLE ( 'NONE', #1530, 5.500000000000003553 ) ;
#3861 = EDGE_CURVE ( 'NONE', #258, #1605, #2398, .T. ) ;
#3862 = DIRECTION ( 'NONE',  ( 1.000000000000000000, 0.000000000000000000, 0.000000000000000000 ) ) ;
#3863 = ORIENTED_EDGE ( 'NONE', *, *, #2017, .F. ) ;
#3864 = ORIENTED_EDGE ( 'NONE', *, *, #2116, .T. ) ;
#3865 = CARTESIAN_POINT ( 'NONE',  ( -5.828557004369135264, 58.63393183580883772, 7.000000000000000000 ) ) ;
#3866 = ORIENTED_EDGE ( 'NONE', *, *, #185, .T. ) ;
#3867 = DIRECTION ( 'NONE',  ( 0.1045284632676537206, 0.9945218953682734009, 0.000000000000000000 ) ) ;
#3868 = ORIENTED_EDGE ( 'NONE', *, *, #468, .F. ) ;
#3869 = VERTEX_POINT ( 'NONE', #170 ) ;
#3870 = CARTESIAN_POINT ( 'NONE',  ( 0.6702203666886763500, 162.0293643494581488, 0.000000000000000000 ) ) ;
#3871 = DIRECTION ( 'NONE',  ( 0.000000000000000000, 0.000000000000000000, 1.000000000000000000 ) ) ;
#3872 = DIRECTION ( 'NONE',  ( -0.000000000000000000, -0.000000000000000000, 1.000000000000000000 ) ) ;
#3873 = CARTESIAN_POINT ( 'NONE',  ( 12.95153433670192200, 123.2256179207600297, 12.00000000000000000 ) ) ;
#3874 = ORIENTED_EDGE ( 'NONE', *, *, #1744, .F. ) ;
#3875 = ORIENTED_EDGE ( 'NONE', *, *, #1803, .F. ) ;
#3876 = VERTEX_POINT ( 'NONE', #2382 ) ;
#3877 = DIRECTION ( 'NONE',  ( -0.000000000000000000, 0.000000000000000000, 1.000000000000000000 ) ) ;
#3878 = CIRCLE ( 'NONE', #420, 4.000000000000003553 ) ;
#3879 = FACE_OUTER_BOUND ( 'NONE', #3994, .T. ) ;
#3880 = CARTESIAN_POINT ( 'NONE',  ( -35.77342488786806030, 182.2962089291795280, 0.000000000000000000 ) ) ;
#3881 = VERTEX_POINT ( 'NONE', #2728 ) ;
#3882 = VERTEX_POINT ( 'NONE', #4052 ) ;
#3883 = EDGE_LOOP ( 'NONE', ( #3532, #913 ) ) ;
#3884 = DIRECTION ( 'NONE',  ( 1.000000000000000000, 0.000000000000000000, 0.000000000000000000 ) ) ;
#3885 = ADVANCED_FACE ( 'NONE', ( #1130 ), #3655, .F. ) ;
#3886 = ADVANCED_FACE ( 'NONE', ( #184 ), #800, .F. ) ;
#3887 = AXIS2_PLACEMENT_3D ( 'NONE', #242, #2432, #1447 ) ;
#3888 = DIRECTION ( 'NONE',  ( 0.000000000000000000, -0.000000000000000000, -1.000000000000000000 ) ) ;
#3889 = VERTEX_POINT ( 'NONE', #1189 ) ;
#3890 = CARTESIAN_POINT ( 'NONE',  ( 15.98844089853004569, -1.680452853730469487, 12.00000000000000000 ) ) ;
#3891 = ORIENTED_EDGE ( 'NONE', *, *, #1547, .T. ) ;
#3892 = EDGE_CURVE ( 'NONE', #1684, #3668, #1779, .T. ) ;
#3893 = DIRECTION ( 'NONE',  ( -1.000000000000000000, 0.000000000000000000, 0.000000000000000000 ) ) ;
#3894 = AXIS2_PLACEMENT_3D ( 'NONE', #1592, #890, #4077 ) ;
#3895 = CYLINDRICAL_SURFACE ( 'NONE', #2767, 2.999999999999999112 ) ;
#3896 = LINE ( 'NONE', #3536, #1563 ) ;
#3897 = CARTESIAN_POINT ( 'NONE',  ( -16.83078164862297754, 1.768986434102107763, 11.99999999999999645 ) ) ;
#3898 = AXIS2_PLACEMENT_3D ( 'NONE', #3603, #2954, #2278 ) ;
#3899 = ORIENTED_EDGE ( 'NONE', *, *, #938, .F. ) ;
#3900 = ORIENTED_EDGE ( 'NONE', *, *, #928, .T. ) ;
#3901 = CIRCLE ( 'NONE', #975, 1.649999999999999467 ) ;
#3902 = FACE_OUTER_BOUND ( 'NONE', #2849, .T. ) ;
#3903 = CARTESIAN_POINT ( 'NONE',  ( 37.97063565054185830, 198.5202203666886760, 0.000000000000000000 ) ) ;
#3904 = LINE ( 'NONE', #2985, #1413 ) ;
#3905 = CARTESIAN_POINT ( 'NONE',  ( -23.63789469785928077, 62.65340073869138138, 12.00000000000000000 ) ) ;
#3906 = ADVANCED_FACE ( 'NONE', ( #3389, #858, #204, #3690, #3041, #3673, #820, #3411, #3711, #2459, #4001, #2094, #3352, #503, #1456, #1170, #563, #841, #2136, #543, #228, #1149, #1507, #2119, #2774 ), #3728, .T. ) ;
#3907 = CARTESIAN_POINT ( 'NONE',  ( 29.10419207380447659, 27.43986158367233585, 12.00000000000000000 ) ) ;
#3908 = ORIENTED_EDGE ( 'NONE', *, *, #813, .F. ) ;
#3909 = CARTESIAN_POINT ( 'NONE',  ( 32.80451560895779295, 158.3138106307142436, 12.00000000000000000 ) ) ;
#3910 = EDGE_LOOP ( 'NONE', ( #1392, #2001, #994, #1885, #734, #197, #3933, #1106, #966, #1903, #3850, #3252, #4019 ) ) ;
#3911 = ADVANCED_FACE ( 'NONE', ( #1112 ), #521, .F. ) ;
#3912 = ADVANCED_FACE ( 'NONE', ( #2561 ), #1248, .F. ) ;
#3913 = AXIS2_PLACEMENT_3D ( 'NONE', #1405, #2821, #3445 ) ;
#3914 = LINE ( 'NONE', #708, #959 ) ;
#3915 = EDGE_CURVE ( 'NONE', #3013, #3672, #3355, .T. ) ;
#3916 = DIRECTION ( 'NONE',  ( 1.000000000000000000, 0.000000000000000000, 0.000000000000000000 ) ) ;
#3917 = LINE ( 'NONE', #116, #2695 ) ;
#3918 = FACE_OUTER_BOUND ( 'NONE', #2121, .T. ) ;
#3919 = EDGE_CURVE ( 'NONE', #1787, #1133, #1166, .T. ) ;
#3920 = ORIENTED_EDGE ( 'NONE', *, *, #2481, .F. ) ;
#3921 = ORIENTED_EDGE ( 'NONE', *, *, #215, .T. ) ;
#3922 = DIRECTION ( 'NONE',  ( 0.000000000000000000, 0.000000000000000000, -1.000000000000000000 ) ) ;
#3923 = DIRECTION ( 'NONE',  ( -1.000000000000000000, 0.000000000000000000, 0.000000000000000000 ) ) ;
#3924 = PLANE ( 'NONE',  #3543 ) ;
#3925 = ORIENTED_EDGE ( 'NONE', *, *, #1746, .T. ) ;
#3926 = VERTEX_POINT ( 'NONE', #1619 ) ;
#3927 = FACE_OUTER_BOUND ( 'NONE', #3493, .T. ) ;
#3928 = ORIENTED_EDGE ( 'NONE', *, *, #1987, .F. ) ;
#3929 = AXIS2_PLACEMENT_3D ( 'NONE', #2441, #250, #564 ) ;
#3930 = FACE_OUTER_BOUND ( 'NONE', #248, .T. ) ;
#3931 = ORIENTED_EDGE ( 'NONE', *, *, #1546, .T. ) ;
#3932 = DIRECTION ( 'NONE',  ( 1.000000000000000000, 0.000000000000000000, 0.000000000000000000 ) ) ;
#3933 = ORIENTED_EDGE ( 'NONE', *, *, #4048, .T. ) ;
#3934 = AXIS2_PLACEMENT_3D ( 'NONE', #2235, #3430, #3473 ) ;
#3935 = ORIENTED_EDGE ( 'NONE', *, *, #3659, .T. ) ;
#3936 = DIRECTION ( 'NONE',  ( -0.000000000000000000, 0.000000000000000000, 1.000000000000000000 ) ) ;
#3937 = LINE ( 'NONE', #29, #1707 ) ;
#3938 = CARTESIAN_POINT ( 'NONE',  ( 19.10419207380447659, 27.43986158367233585, 0.000000000000000000 ) ) ;
#3939 = CARTESIAN_POINT ( 'NONE',  ( 0.000000000000000000, 0.000000000000000000, 0.000000000000000000 ) ) ;
#3940 = ORIENTED_EDGE ( 'NONE', *, *, #3250, .F. ) ;
#3941 = EDGE_CURVE ( 'NONE', #1133, #218, #2236, .T. ) ;
#3942 = ORIENTED_EDGE ( 'NONE', *, *, #2788, .T. ) ;
#3943 = DIRECTION ( 'NONE',  ( 1.000000000000000000, 0.000000000000000000, 0.000000000000000000 ) ) ;
#3944 = DIRECTION ( 'NONE',  ( -0.000000000000000000, -0.000000000000000000, -1.000000000000000000 ) ) ;
#3945 = CARTESIAN_POINT ( 'NONE',  ( -35.82063565054183130, 201.4797796333113240, 12.00000000000000000 ) ) ;
#3946 = AXIS2_PLACEMENT_3D ( 'NONE', #3049, #192, #1078 ) ;
#3947 = LINE ( 'NONE', #2966, #3964 ) ;
#3948 = VECTOR ( 'NONE', #3440, 1000.000000000000000 ) ;
#3949 = FACE_OUTER_BOUND ( 'NONE', #3302, .T. ) ;
#3950 = EDGE_LOOP ( 'NONE', ( #2573, #554, #3382, #3064 ) ) ;
#3951 = DIRECTION ( 'NONE',  ( -0.9996573249755572599, -0.02617694830787369378, 0.000000000000000000 ) ) ;
#3952 = VECTOR ( 'NONE', #727, 1000.000000000000000 ) ;
#3953 = AXIS2_PLACEMENT_3D ( 'NONE', #2106, #3665, #2766 ) ;
#3954 = CARTESIAN_POINT ( 'NONE',  ( 42.48251920655914660, 201.2188362746214807, 8.000000000000000000 ) ) ;
#3955 = CARTESIAN_POINT ( 'NONE',  ( 16.01000000000000156, 0.000000000000000000, 12.00000000000000000 ) ) ;
#3956 = EDGE_LOOP ( 'NONE', ( #437, #1115 ) ) ;
#3957 = ORIENTED_EDGE ( 'NONE', *, *, #318, .F. ) ;
#3958 = DIRECTION ( 'NONE',  ( -0.000000000000000000, -0.000000000000000000, 1.000000000000000000 ) ) ;
#3959 = CARTESIAN_POINT ( 'NONE',  ( 0.8957608720392209456, 153.0978971543361524, 12.00000000000000000 ) ) ;
#3960 = DIRECTION ( 'NONE',  ( -0.000000000000000000, -0.000000000000000000, -1.000000000000000000 ) ) ;
#3961 = ADVANCED_FACE ( 'NONE', ( #1939 ), #1596, .F. ) ;
#3962 = AXIS2_PLACEMENT_3D ( 'NONE', #44, #409, #3307 ) ;
#3963 = ADVANCED_FACE ( 'NONE', ( #1225 ), #3832, .F. ) ;
#3964 = VECTOR ( 'NONE', #3592, 1000.000000000000000 ) ;
#3965 = CARTESIAN_POINT ( 'NONE',  ( 42.50000000000000711, 200.0000000000000000, 12.00000000000000000 ) ) ;
#3966 = DIRECTION ( 'NONE',  ( -0.000000000000000000, 0.000000000000000000, 1.000000000000000000 ) ) ;
#3967 = EDGE_CURVE ( 'NONE', #3635, #851, #1766, .T. ) ;
#3968 = VERTEX_POINT ( 'NONE', #3812 ) ;
#3969 = EDGE_CURVE ( 'NONE', #2337, #488, #2826, .T. ) ;
#3970 = AXIS2_PLACEMENT_3D ( 'NONE', #3903, #382, #3588 ) ;
#3971 = CARTESIAN_POINT ( 'NONE',  ( 1.139166452566868128E-14, 106.9800000000000040, 0.000000000000000000 ) ) ;
#3972 = ORIENTED_EDGE ( 'NONE', *, *, #1007, .F. ) ;
#3973 = CARTESIAN_POINT ( 'NONE',  ( -21.98218442151412688, -0.5756237571811835263, -5.999999999999998224 ) ) ;
#3974 = CIRCLE ( 'NONE', #2184, 2.999999999999999112 ) ;
#3975 = DIRECTION ( 'NONE',  ( 0.9569697088856485845, 0.2901878293025342281, 0.000000000000000000 ) ) ;
#3976 = ORIENTED_EDGE ( 'NONE', *, *, #1905, .T. ) ;
#3977 = DIRECTION ( 'NONE',  ( 0.000000000000000000, 0.000000000000000000, -1.000000000000000000 ) ) ;
#3978 = VECTOR ( 'NONE', #3975, 1000.000000000000114 ) ;
#3979 = ORIENTED_EDGE ( 'NONE', *, *, #3258, .F. ) ;
#3980 = ORIENTED_EDGE ( 'NONE', *, *, #2667, .T. ) ;
#3981 = DIRECTION ( 'NONE',  ( 1.000000000000000000, 0.000000000000000000, 0.000000000000000000 ) ) ;
#3982 = CARTESIAN_POINT ( 'NONE',  ( -35.19213128718322992, 21.95195357356338306, 5.000000000000000000 ) ) ;
#3983 = FACE_OUTER_BOUND ( 'NONE', #1781, .T. ) ;
#3984 = VERTEX_POINT ( 'NONE', #1919 ) ;
#3985 = CARTESIAN_POINT ( 'NONE',  ( -29.01999999999999957, 200.0000000000000000, 0.000000000000000000 ) ) ;
#3986 = CIRCLE ( 'NONE', #1859, 2.150000000000044320 ) ;
#3987 = PLANE ( 'NONE',  #2202 ) ;
#3988 = ORIENTED_EDGE ( 'NONE', *, *, #2007, .T. ) ;
#3989 = EDGE_CURVE ( 'NONE', #3667, #1831, #2306, .T. ) ;
#3990 = CYLINDRICAL_SURFACE ( 'NONE', #3615, 1.650000000000000355 ) ;
#3991 = DIRECTION ( 'NONE',  ( -0.000000000000000000, -0.000000000000000000, -1.000000000000000000 ) ) ;
#3992 = AXIS2_PLACEMENT_3D ( 'NONE', #2796, #1844, #2095 ) ;
#3993 = CARTESIAN_POINT ( 'NONE',  ( -11.88355060779171701, 48.92690830732785656, 7.000000000000000000 ) ) ;
#3994 = EDGE_LOOP ( 'NONE', ( #361, #2594, #3856, #2313 ) ) ;
#3995 = CARTESIAN_POINT ( 'NONE',  ( 3.506936097804211894, 155.1368592360508387, 12.00000000000000000 ) ) ;
#3996 = VERTEX_POINT ( 'NONE', #916 ) ;
#3997 = EDGE_LOOP ( 'NONE', ( #2974, #3808, #55, #106 ) ) ;
#3998 = DIRECTION ( 'NONE',  ( 0.5292510076846895783, 0.8484653032768875169, 0.000000000000000000 ) ) ;
#3999 = FACE_BOUND ( 'NONE', #2756, .T. ) ;
#4000 = LINE ( 'NONE', #4024, #4008 ) ;
#4001 = FACE_BOUND ( 'NONE', #3883, .T. ) ;
#4002 = DIRECTION ( 'NONE',  ( -0.000000000000000000, -0.000000000000000000, -1.000000000000000000 ) ) ;
#4003 = ORIENTED_EDGE ( 'NONE', *, *, #3065, .F. ) ;
#4004 = AXIS2_PLACEMENT_3D ( 'NONE', #1498, #1813, #517 ) ;
#4005 = DIRECTION ( 'NONE',  ( 0.000000000000000000, 0.000000000000000000, 1.000000000000000000 ) ) ;
#4006 = VECTOR ( 'NONE', #3572, 1000.000000000000000 ) ;
#4007 = DIRECTION ( 'NONE',  ( 0.000000000000000000, 0.000000000000000000, -1.000000000000000000 ) ) ;
#4008 = VECTOR ( 'NONE', #1168, 1000.000000000000000 ) ;
#4009 = CARTESIAN_POINT ( 'NONE',  ( 46.12860222742850880, 177.3399145239144161, 12.00000000000000000 ) ) ;
#4010 = EDGE_CURVE ( 'NONE', #303, #2740, #1306, .T. ) ;
#4011 = EDGE_CURVE ( 'NONE', #1243, #918, #835, .T. ) ;
#4012 = EDGE_LOOP ( 'NONE', ( #3863, #2643, #85, #2555 ) ) ;
#4013 = SURFACE_STYLE_USAGE ( .BOTH. , #1102 ) ;
#4014 = VERTEX_POINT ( 'NONE', #940 ) ;
#4015 = DIRECTION ( 'NONE',  ( 1.000000000000000000, 0.000000000000000000, 0.000000000000000000 ) ) ;
#4016 = EDGE_CURVE ( 'NONE', #1182, #416, #2496, .T. ) ;
#4017 = VECTOR ( 'NONE', #198, 1000.000000000000000 ) ;
#4018 = ORIENTED_EDGE ( 'NONE', *, *, #1777, .F. ) ;
#4019 = ORIENTED_EDGE ( 'NONE', *, *, #3339, .F. ) ;
#4020 = EDGE_CURVE ( 'NONE', #2672, #1867, #3431, .T. ) ;
#4021 = CYLINDRICAL_SURFACE ( 'NONE', #4004, 4.000000000000000000 ) ;
#4022 = CIRCLE ( 'NONE', #2034, 3.000000000000002665 ) ;
#4023 = CYLINDRICAL_SURFACE ( 'NONE', #3236, 16.50000000000000000 ) ;
#4024 = CARTESIAN_POINT ( 'NONE',  ( -42.50000000000000711, 200.0000000000000000, 12.00000000000000000 ) ) ;
#4025 = DIRECTION ( 'NONE',  ( 0.000000000000000000, 0.000000000000000000, -1.000000000000000000 ) ) ;
#4026 = DIRECTION ( 'NONE',  ( 0.000000000000000000, 0.000000000000000000, 1.000000000000000000 ) ) ;
#4027 = VECTOR ( 'NONE', #846, 1000.000000000000000 ) ;
#4028 = ORIENTED_EDGE ( 'NONE', *, *, #1747, .F. ) ;
#4029 = EDGE_CURVE ( 'NONE', #707, #3013, #3125, .T. ) ;
#4030 = AXIS2_PLACEMENT_3D ( 'NONE', #2891, #3454, #2582 ) ;
#4031 = AXIS2_PLACEMENT_3D ( 'NONE', #3134, #4073, #2800 ) ;
#4032 = CIRCLE ( 'NONE', #3301, 45.00000000000000711 ) ;
#4033 = AXIS2_PLACEMENT_3D ( 'NONE', #2277, #1083, #2332 ) ;
#4034 = FACE_OUTER_BOUND ( 'NONE', #852, .T. ) ;
#4035 = EDGE_CURVE ( 'NONE', #2624, #70, #3474, .T. ) ;
#4036 = CARTESIAN_POINT ( 'NONE',  ( -7.999999999999989342, 106.9800000000000040, 12.00000000000000000 ) ) ;
#4037 = VECTOR ( 'NONE', #2984, 1000.000000000000000 ) ;
#4038 = CARTESIAN_POINT ( 'NONE',  ( 12.00000000000001599, 106.9800000000000040, 0.000000000000000000 ) ) ;
#4039 = EDGE_CURVE ( 'NONE', #3308, #1068, #3501, .T. ) ;
#4040 = ORIENTED_EDGE ( 'NONE', *, *, #372, .F. ) ;
#4041 = DIRECTION ( 'NONE',  ( 1.000000000000000000, 0.000000000000000000, 0.000000000000000000 ) ) ;
#4042 = ORIENTED_EDGE ( 'NONE', *, *, #3244, .F. ) ;
#4043 = EDGE_LOOP ( 'NONE', ( #1525, #2220, #2320, #1842 ) ) ;
#4044 = ADVANCED_FACE ( 'NONE', ( #4109 ), #1898, .F. ) ;
#4045 = EDGE_CURVE ( 'NONE', #432, #3553, #774, .T. ) ;
#4046 = FACE_OUTER_BOUND ( 'NONE', #3047, .T. ) ;
#4047 = DIRECTION ( 'NONE',  ( 1.000000000000000000, 0.000000000000000000, 0.000000000000000000 ) ) ;
#4048 = EDGE_CURVE ( 'NONE', #3538, #2815, #375, .T. ) ;
#4049 = FACE_OUTER_BOUND ( 'NONE', #251, .T. ) ;
#4050 = ORIENTED_EDGE ( 'NONE', *, *, #2477, .F. ) ;
#4051 = AXIS2_PLACEMENT_3D ( 'NONE', #322, #3401, #240 ) ;
#4052 = CARTESIAN_POINT ( 'NONE',  ( -19.85379107082052386, 233.6234248878680546, 12.00000000000000000 ) ) ;
#4053 = CARTESIAN_POINT ( 'NONE',  ( -44.51164418577675264, 172.1618331803474007, 12.00000000000000000 ) ) ;
#4054 = ORIENTED_EDGE ( 'NONE', *, *, #2062, .T. ) ;
#4055 = CARTESIAN_POINT ( 'NONE',  ( -9.952399445716068271, 28.94533263397420697, 44.10498422959205556 ) ) ;
#4056 = CARTESIAN_POINT ( 'NONE',  ( 15.85299845021491016, 2.403186240112002547, 34.28877117602144153 ) ) ;
#4057 = CARTESIAN_POINT ( 'NONE',  ( -33.62342488786801198, 182.2962089291795280, 0.000000000000000000 ) ) ;
#4058 = DIRECTION ( 'NONE',  ( -0.000000000000000000, -0.000000000000000000, 1.000000000000000000 ) ) ;
#4059 = ORIENTED_EDGE ( 'NONE', *, *, #318, .T. ) ;
#4060 = DIRECTION ( 'NONE',  ( -0.000000000000000000, -0.000000000000000000, -1.000000000000000000 ) ) ;
#4061 = ORIENTED_EDGE ( 'NONE', *, *, #256, .F. ) ;
#4062 = VERTEX_POINT ( 'NONE', #413 ) ;
#4063 = CYLINDRICAL_SURFACE ( 'NONE', #3498, 5.499999999999998224 ) ;
#4064 = LINE ( 'NONE', #1203, #3795 ) ;
#4065 = DIRECTION ( 'NONE',  ( -0.000000000000000000, 0.000000000000000000, 1.000000000000000000 ) ) ;
#4066 = EDGE_CURVE ( 'NONE', #24, #2489, #3557, .T. ) ;
#4067 = ORIENTED_EDGE ( 'NONE', *, *, #356, .T. ) ;
#4068 = FACE_OUTER_BOUND ( 'NONE', #2820, .T. ) ;
#4069 = DIRECTION ( 'NONE',  ( -0.000000000000000000, 0.000000000000000000, 1.000000000000000000 ) ) ;
#4070 = ORIENTED_EDGE ( 'NONE', *, *, #1387, .F. ) ;
#4071 = CARTESIAN_POINT ( 'NONE',  ( -7.999999999999989342, 106.9800000000000040, -26.87005768508879200 ) ) ;
#4072 = DIRECTION ( 'NONE',  ( -0.000000000000000000, -0.000000000000000000, -1.000000000000000000 ) ) ;
#4073 = DIRECTION ( 'NONE',  ( -0.000000000000000000, 0.000000000000000000, 1.000000000000000000 ) ) ;
#4074 = AXIS2_PLACEMENT_3D ( 'NONE', #302, #2848, #3490 ) ;
#4075 = DIRECTION ( 'NONE',  ( 0.000000000000000000, 0.000000000000000000, -1.000000000000000000 ) ) ;
#4076 = ORIENTED_EDGE ( 'NONE', *, *, #1726, .T. ) ;
#4077 = DIRECTION ( 'NONE',  ( 1.000000000000000000, 0.000000000000000000, 0.000000000000000000 ) ) ;
#4078 = AXIS2_PLACEMENT_3D ( 'NONE', #236, #298, #597 ) ;
#4079 = ORIENTED_EDGE ( 'NONE', *, *, #2109, .T. ) ;
#4080 = DIRECTION ( 'NONE',  ( -1.000000000000000000, 0.000000000000000000, 0.000000000000000000 ) ) ;
#4081 = CARTESIAN_POINT ( 'NONE',  ( 19.10419207380447659, 27.43986158367233585, 12.00000000000000000 ) ) ;
#4082 = DIRECTION ( 'NONE',  ( 1.000000000000000000, 0.000000000000000000, 0.000000000000000000 ) ) ;
#4083 = CARTESIAN_POINT ( 'NONE',  ( 33.62342488786795514, 217.7037910708205288, 0.000000000000000000 ) ) ;
#4084 = ORIENTED_EDGE ( 'NONE', *, *, #3174, .F. ) ;
#4085 = AXIS2_PLACEMENT_3D ( 'NONE', #1304, #2951, #3224 ) ;
#4086 = AXIS2_PLACEMENT_3D ( 'NONE', #1085, #2279, #1730 ) ;
#4087 = ORIENTED_EDGE ( 'NONE', *, *, #394, .T. ) ;
#4088 = EDGE_CURVE ( 'NONE', #2940, #3551, #3896, .T. ) ;
#4089 = CYLINDRICAL_SURFACE ( 'NONE', #2659, 2.999999999999884537 ) ;
#4090 = EDGE_CURVE ( 'NONE', #1423, #1722, #368, .T. ) ;
#4091 = ORIENTED_EDGE ( 'NONE', *, *, #656, .F. ) ;
#4092 = EDGE_CURVE ( 'NONE', #3484, #3667, #751, .T. ) ;
#4093 = ADVANCED_FACE ( 'NONE', ( #1388 ), #2051, .F. ) ;
#4094 = CIRCLE ( 'NONE', #3023, 2.150000000000037215 ) ;
#4095 = LINE ( 'NONE', #1549, #2919 ) ;
#4096 = AXIS2_PLACEMENT_3D ( 'NONE', #2873, #11, #2807 ) ;
#4097 = LINE ( 'NONE', #3715, #3948 ) ;
#4098 = EDGE_CURVE ( 'NONE', #303, #1702, #2102, .T. ) ;
#4099 = LINE ( 'NONE', #2843, #3563 ) ;
#4100 = VECTOR ( 'NONE', #2225, 1000.000000000000114 ) ;
#4101 = CARTESIAN_POINT ( 'NONE',  ( 10.92893441554130085, 26.71573637665763101, 0.000000000000000000 ) ) ;
#4102 = ORIENTED_EDGE ( 'NONE', *, *, #3096, .T. ) ;
#4103 = DIRECTION ( 'NONE',  ( 1.000000000000000000, 0.000000000000000000, 0.000000000000000000 ) ) ;
#4104 = ORIENTED_EDGE ( 'NONE', *, *, #3124, .F. ) ;
#4105 = CIRCLE ( 'NONE', #2178, 2.150000000000047873 ) ;
#4106 = EDGE_CURVE ( 'NONE', #2380, #3720, #2005, .T. ) ;
#4107 = FACE_OUTER_BOUND ( 'NONE', #2827, .T. ) ;
#4108 = CARTESIAN_POINT ( 'NONE',  ( -4.178557004369134908, 58.63393183580883772, 12.00000000000000000 ) ) ;
#4109 = FACE_OUTER_BOUND ( 'NONE', #2400, .T. ) ;
#4110 = CARTESIAN_POINT ( 'NONE',  ( -32.73402804639043495, 15.93776470399486911, 0.000000000000000000 ) ) ;
#4111 = ORIENTED_EDGE ( 'NONE', *, *, #4136, .T. ) ;
#4112 = ORIENTED_EDGE ( 'NONE', *, *, #2185, .T. ) ;
#4113 = DIRECTION ( 'NONE',  ( -1.000000000000000000, 0.000000000000000000, 0.000000000000000000 ) ) ;
#4114 = AXIS2_PLACEMENT_3D ( 'NONE', #2567, #3838, #1208 ) ;
#4115 = VERTEX_POINT ( 'NONE', #3290 ) ;
#4116 = VERTEX_POINT ( 'NONE', #3938 ) ;
#4117 = DIRECTION ( 'NONE',  ( -1.000000000000000000, 0.000000000000000000, 0.000000000000000000 ) ) ;
#4118 = CARTESIAN_POINT ( 'NONE',  ( 29.10419207380447659, 27.43986158367233585, 0.000000000000000000 ) ) ;
#4119 = LINE ( 'NONE', #576, #1767 ) ;
#4120 = EDGE_CURVE ( 'NONE', #794, #2597, #2317, .T. ) ;
#4121 = DIRECTION ( 'NONE',  ( -0.000000000000000000, -0.000000000000000000, 1.000000000000000000 ) ) ;
#4122 = ORIENTED_EDGE ( 'NONE', *, *, #3550, .F. ) ;
#4123 = CARTESIAN_POINT ( 'NONE',  ( 34.33060230627389586, 172.8335556577205523, 8.000000000000000000 ) ) ;
#4124 = EDGE_LOOP ( 'NONE', ( #241, #1096, #1025, #578 ) ) ;
#4125 = CARTESIAN_POINT ( 'NONE',  ( -3.971446131921727130, 89.71967326029397327, 0.000000000000000000 ) ) ;
#4126 = DIRECTION ( 'NONE',  ( 1.000000000000000000, 0.000000000000000000, 0.000000000000000000 ) ) ;
#4127 = DIRECTION ( 'NONE',  ( -0.9569697088856485845, -0.2901878293025342281, 0.000000000000000000 ) ) ;
#4128 = DIRECTION ( 'NONE',  ( 1.000000000000000000, 0.000000000000000000, 0.000000000000000000 ) ) ;
#4129 = VECTOR ( 'NONE', #2179, 1000.000000000000000 ) ;
#4130 = ORIENTED_EDGE ( 'NONE', *, *, #3681, .T. ) ;
#4131 = CARTESIAN_POINT ( 'NONE',  ( -20.63892272293261243, 62.73193158361500821, -5.999999999999998224 ) ) ;
#4132 = PLANE ( 'NONE',  #2528 ) ;
#4133 = VECTOR ( 'NONE', #2854, 1000.000000000000000 ) ;
#4134 = EDGE_LOOP ( 'NONE', ( #101, #997, #4067, #119 ) ) ;
#4135 = CARTESIAN_POINT ( 'NONE',  ( 33.62342488786795514, 217.7037910708205288, 0.000000000000000000 ) ) ;
#4136 = EDGE_CURVE ( 'NONE', #488, #3054, #3917, .T. ) ;
#4137 = EDGE_LOOP ( 'NONE', ( #535, #3243 ) ) ;
ENDSEC;
END-ISO-10303-21;
